--------- beginning of system
08-30 11:17:14.069 W/ActivityTaskManager( 1388): callingPackage for (uid=2000, pid=12784) has no WPC
08-30 11:17:14.087 I/ActivityTaskManager( 1388): START u0 {act=android.intent.action.MAIN cat=[android.intent.category.LAUNCHER] flg=0x10200000 cmp=com.andrerinas.headunitrevived/com.andrerinas.openheadunit.main.MainActivity} with LAUNCH_SINGLE_TASK from uid 2000 (BAL_ALLOW_PERMISSION) result code=0
--------- beginning of main
08-30 11:17:14.629 D/OPENHU  (12797): [2] App.onCreate | native library dir /data/app/~~OPfAMlSCPjbRz6qBAnR4Iw==/com.andrerinas.headunitrevived-tOxcKjRa0BHVFAFjYp3eyw==/lib/arm64
08-30 11:17:14.630 D/OPENHU  (12797): [2] App.onCreate |    libusb1.0.so
08-30 11:17:14.630 D/OPENHU  (12797): [2] App.onCreate |    libavutil.so
08-30 11:17:14.630 D/OPENHU  (12797): [2] App.onCreate |    libconscrypt_jni.so
08-30 11:17:14.630 D/OPENHU  (12797): [2] App.onCreate |    libswscale.so
08-30 11:17:14.631 D/OPENHU  (12797): [2] App.onCreate |    libusbhelper.so
08-30 11:17:14.631 D/OPENHU  (12797): [2] App.onCreate |    libavcodec.so
08-30 11:17:14.631 D/OPENHU  (12797): [2] App.onCreate |    libhur_soft_hevc.so
08-30 11:17:14.664 I/OPENHU  (12797): [2] BootCompleteReceiver.onReceive | Boot auto-start: received action=android.intent.action.LOCKED_BOOT_COMPLETED
08-30 11:17:14.665 I/OPENHU  (12797): [2] BootCompleteReceiver.onReceive | Boot auto-start: disabled, skipping
08-30 11:17:14.721 I/ActivityTaskManager( 1388): Config changes=20000480 {1.0 732mcc123mnc [en_AU_#u-mu-celsius,es_CO_#u-mu-celsius] ldltr sw393dp w873dp h393dp 440dpi nrml long hdr widecg land car night finger -keyb/v/h -nav/h winConfig={ mBounds=Rect(0, 0 - 2400, 1080) mAppBounds=Rect(0, 0 - 2400, 1080) mMaxBounds=Rect(0, 0 - 2400, 1080) mDisplayRotation=ROTATION_270 mWindowingMode=fullscreen mActivityType=undefined mAlwaysOnTop=undefined mRotation=ROTATION_270} as.3 s.1002 fontWeightAdjustment=0}
08-30 11:17:14.851 I/OPENHU  (12797): [2] MainActivity.logLaunchSource | App launched by user tap (referrer: android-app://com.android.shell)
08-30 11:17:15.039 D/OPENHU  (12797): [2] UsbReceiver.<init> | UsbReceiver registered
08-30 11:17:15.048 V/OPENHU  (12797): [2] UsbDeviceDiagnostics.logDeviceList | UsbDiagnostics: USB list sees 2 USB device(s), 1 usable for Android Auto
08-30 11:17:15.049 V/OPENHU  (12797): [2] UsbDeviceDiagnostics.logDeviceList | UsbDiagnostics:   ASIX AX88179A (VID: 0B95 PID: 1790) [class FF/FF/00, no permission] accepted: AOAP | if0 FF/FF/00 (bulkIn+bulkOut+1 other)
08-30 11:17:15.049 V/OPENHU  (12797): [2] UsbDeviceDiagnostics.logDeviceList | UsbDiagnostics:   General USB Flash Disk (VID: 090C PID: 1000) [class 00/00/00, no permission] rejected: no Android interface | if0 08/06/50 (bulkIn+bulkOut)
08-30 11:17:15.157 D/OPENHU  (12797): [2] MainActivity.requestPermissions | All required permissions already granted.
08-30 11:17:15.163 I/OPENHU  (12797): [2] HomeFragment.onResume | HomeFragment: onResume. isConnected=false
08-30 11:17:15.189 I/OPENHU  (12797): [2] BootCompleteReceiver.onReceive | Boot auto-start: received action=android.intent.action.BOOT_COMPLETED
08-30 11:17:15.190 I/OPENHU  (12797): [2] BootCompleteReceiver.onReceive | Boot auto-start: disabled, skipping
08-30 11:17:15.242 I/OPENHU  (12797): [2] MainActivity.logLaunchSource | App launched by user tap (referrer: android-app://com.android.shell)
08-30 11:17:15.323 D/OPENHU  (12797): [2] MainActivity.requestPermissions | All required permissions already granted.
08-30 11:17:15.326 I/OPENHU  (12797): [2] HomeFragment.onResume | HomeFragment: onResume. isConnected=false
08-30 11:17:15.343 I/OPENHU  (12797): [2] AapService.onCreate | AapService creating...
08-30 11:17:15.377 D/OPENHU  (12797): [2] UsbReceiver.<init> | UsbReceiver registered
08-30 11:17:15.382 I/OPENHU  (12797): [2] AapService.registerReceivers | Registered runtime MEDIA_BUTTON receiver
08-30 11:17:15.384 I/OPENHU  (12797): [2] AapService.registerReceivers | Registered dynamic WiFi Auto-start receiver
08-30 11:17:15.386 I/OPENHU  (12797): [2] AapService.registerReceivers | Registered wake detection receiver (18 actions)
08-30 11:17:15.404 D/OPENHU  (12797): [2] AapService.updateMediaSessionState | MediaSession: State updated to STOPPED, positionMs=0
08-30 11:17:15.407 I/OPENHU  (12797): [2] WifiLauncherManager.setActive | WifiLauncher: Initializing WiFi Mode: AUTO
08-30 11:17:15.408 D/OPENHU  (12797): [2] WifiLauncherSharedServices.startWirelessServer | AapService: Starting the wireless server on 5288 - no server yet.
08-30 11:17:15.412 I/OPENHU  (12797): [2] WirelessServer.start | WirelessServer: binding port 5288...
08-30 11:17:15.415 I/OPENHU  (12797): [2] NetworkDiscovery.startScan | NetworkDiscovery: Starting scan...
08-30 11:17:15.415 I/OPENHU  (12797): [35] 1.invokeSuspend | Wireless Server listening on port 5288
08-30 11:17:15.417 I/OPENHU  (12797): [37] 1.invokeSuspend | NetworkDiscovery: Step 1 - Quick Gateway Scan
08-30 11:17:15.419 I/OPENHU  (12797): [2] AapService.registerNetworkMonitor | NetworkMonitor: Registered network change listener
08-30 11:17:15.426 I/OPENHU  (12797): [35] WirelessServer.logLocalNetworkInterfaces | Interface: wlan0, IP: 192.168.1.189
08-30 11:17:15.426 I/OPENHU  (12797): [35] WirelessServer.logLocalNetworkInterfaces | Interface: rmnet_data1, IP: 9.3.231.241
08-30 11:17:15.426 D/OPENHU  (12797): [35] 1.invokeSuspend | WirelessServer: Waiting for TCP connection on port 5288...
08-30 11:17:15.427 I/OPENHU  (12797): [38] 1.onAvailable | NetworkMonitor: Network available: 106
08-30 11:17:15.430 D/OPENHU  (12797): [38] 1.onCapabilitiesChanged | NetworkMonitor: Capabilities changed: 106 → [ Transports: WIFI Capabilities: NOT_METERED&INTERNET&NOT_RESTRICTED&TRUSTED&NOT_VPN&VALIDATED&NOT_ROAMING&FOREGROUND&NOT_CONGESTED&NOT_SUSPENDED&NOT_VCN_MANAGED&NOT_BANDWIDTH_CONSTRAINED LinkUpBandwidth>=1140Kbps LinkDnBandwidth>=29987Kbps TransportInfo: <SSID: <unknown ssid>, BSSID: 02:00:00:00:00:00, MAC: 02:00:00:00:00:00, IP: /192.168.1.189, Security type: 2, Supplicant state: COMPLETED, Wi-Fi standard: 11ac, RSSI: -41, Link speed: 433Mbps, Tx Link speed: 433Mbps, Max Supported Tx Link speed: 433Mbps, Rx Link speed: 433Mbps, Max Supported Rx Link speed: 433Mbps, Frequency: 5785MHz, Net ID: -1, Metered hint: false, score: 60, isUsable: true, CarrierMerged: false, SubscriptionId: -1, IsPrimary: -1, Trusted: true, Restricted: false, Ephemeral: false, OEM paid: false, OEM private: false, OSU AP: false, FQDN: <none>, Provider friendly name: <none>, Requesting package name: <none><none>MLO Information: , Is TID-To-Link negotiation supported by the AP: false, AP MLD Address: <none>, AP MLO Link Id: <none>, AP MLO Affiliated links: <none>, Vendor Data: <none>> SignalStrength: -41 UnderlyingNetworks: Null]
08-30 11:17:15.432 I/OPENHU  (12797): [37] NetworkDiscovery.scanGateways | NetworkDiscovery: Checking suspects: [192.168.1.254, 192.168.1.1, 9.3.231.1]
08-30 11:17:15.848 I/ActivityTaskManager( 1388): Displayed com.andrerinas.headunitrevived/com.andrerinas.openheadunit.main.MainActivity for user 0: +1s768ms
08-30 11:17:15.866 W/ActivityTaskManager( 1388): Request to remove task ignored for non-existent task 106
08-30 11:17:16.053 I/OPENHU  (12797): [37] NetworkDiscovery.reportProbeTally | NetworkDiscovery: Gateway scan — 3 probed, 0 responded, 3 silent on 5289 (last: SocketTimeoutException)
08-30 11:17:16.054 I/OPENHU  (12797): [37] 1.invokeSuspend | NetworkDiscovery: Step 2 - Full Subnet Scan
08-30 11:17:16.062 I/OPENHU  (12797): [37] 2.invokeSuspend | NetworkDiscovery: Scanning subnet: 192.168.1.*
08-30 11:17:16.193 I/OPENHU  (12797): [38] 1.onServiceRegistered | NSD Registered: AAWireless
08-30 11:17:16.342 I/OPENHU  (12797): [2] 1.invokeSuspend | NetworkMonitor: a scan was already in flight; the next one will not wait
08-30 11:17:18.540 I/OPENHU  (12797): [103] NetworkDiscovery.reportProbeTally | NetworkDiscovery: Swept 192.168.1.* — 253 probed, 0 responded, 253 silent on 5289 (last: SocketTimeoutException)
08-30 11:17:18.543 I/OPENHU  (12797): [2] 1.onScanFinished | AapService: network changed during the last scan; rescanning immediately
08-30 11:17:18.546 I/OPENHU  (12797): [2] NetworkDiscovery.startScan | NetworkDiscovery: Starting scan...
08-30 11:17:18.547 I/OPENHU  (12797): [103] 1.invokeSuspend | NetworkDiscovery: Step 1 - Quick Gateway Scan
08-30 11:17:18.551 I/OPENHU  (12797): [103] NetworkDiscovery.scanGateways | NetworkDiscovery: Checking suspects: [192.168.1.254, 192.168.1.1, 9.3.231.1]
08-30 11:17:19.170 I/OPENHU  (12797): [103] NetworkDiscovery.reportProbeTally | NetworkDiscovery: Gateway scan — 3 probed, 0 responded, 3 silent on 5289 (last: SocketTimeoutException)
08-30 11:17:19.170 I/OPENHU  (12797): [103] 1.invokeSuspend | NetworkDiscovery: Step 2 - Full Subnet Scan
08-30 11:17:19.175 I/OPENHU  (12797): [103] 2.invokeSuspend | NetworkDiscovery: Scanning subnet: 192.168.1.*
08-30 11:17:21.647 I/OPENHU  (12797): [110] NetworkDiscovery.reportProbeTally | NetworkDiscovery: Swept 192.168.1.* — 253 probed, 0 responded, 253 silent on 5289 (last: SocketTimeoutException)
08-30 11:17:31.665 I/OPENHU  (12797): [2] NetworkDiscovery.startScan | NetworkDiscovery: Starting scan...
08-30 11:17:31.668 I/OPENHU  (12797): [110] 1.invokeSuspend | NetworkDiscovery: Step 1 - Quick Gateway Scan
08-30 11:17:31.676 I/OPENHU  (12797): [110] NetworkDiscovery.scanGateways | NetworkDiscovery: Checking suspects: [192.168.1.254, 192.168.1.1, 9.3.231.1]
08-30 11:17:31.982 V/OPENHU  (12797): [2] UsbDeviceDiagnostics.logDeviceList | UsbDiagnostics: USB button sees 2 USB device(s), 1 usable for Android Auto
08-30 11:17:31.982 V/OPENHU  (12797): [2] UsbDeviceDiagnostics.logDeviceList | UsbDiagnostics:   ASIX AX88179A (VID: 0B95 PID: 1790) [class FF/FF/00, no permission] accepted: AOAP | if0 FF/FF/00 (bulkIn+bulkOut+1 other)
08-30 11:17:31.982 V/OPENHU  (12797): [2] UsbDeviceDiagnostics.logDeviceList | UsbDiagnostics:   General USB Flash Disk (VID: 090C PID: 1000) [class 00/00/00, no permission] rejected: no Android interface | if0 08/06/50 (bulkIn+bulkOut)
08-30 11:17:31.983 I/OPENHU  (12797): [2] HomeFragment.setupListeners$lambda$16 | USB button: Single device found - ASIX AX88179A (VID: 0B95 PID: 1790), auto-connecting
08-30 11:17:31.983 I/OPENHU  (12797): [2] MainActivity.beginAutoConnect | Auto-connect: begin (USB button auto-connect, mode=OVERLAY)
08-30 11:17:32.002 W/ActivityTaskManager( 1388): callingPackage for (uid=1000, pid=1388) is ambiguous: [android, com.android.providers.settings, org.lineageos.lineagesettings, com.android.server.telecom, com.android.location.fused, com.dsi.ant.server]
08-30 11:17:32.019 I/ActivityTaskManager( 1388): START u0 {flg=0x10000000 cmp=com.android.systemui/.usb.UsbPermissionActivity (has extras)} with LAUNCH_MULTIPLE from uid 1000 (BAL_ALLOW_ALLOWLISTED_UID) result code=0
08-30 11:17:32.105 I/ActivityTaskManager( 1388): Displayed com.android.systemui/.usb.UsbPermissionActivity for user 0: +90ms
08-30 11:17:32.302 I/OPENHU  (12797): [110] NetworkDiscovery.reportProbeTally | NetworkDiscovery: Gateway scan — 3 probed, 0 responded, 3 silent on 5289 (last: SocketTimeoutException)
08-30 11:17:32.302 I/OPENHU  (12797): [110] 1.invokeSuspend | NetworkDiscovery: Step 2 - Full Subnet Scan
08-30 11:17:32.311 I/OPENHU  (12797): [110] 2.invokeSuspend | NetworkDiscovery: Scanning subnet: 192.168.1.*
08-30 11:17:34.767 I/OPENHU  (12797): [65] NetworkDiscovery.reportProbeTally | NetworkDiscovery: Swept 192.168.1.* — 253 probed, 0 responded, 253 silent on 5289 (last: SocketTimeoutException)
08-30 11:17:35.019 W/ActivityTaskManager( 1388): callingPackage for (uid=2000, pid=12922) has no WPC
08-30 11:17:35.033 I/ActivityTaskManager( 1388): START u0 {act=android.intent.action.VIEW dat=headunit://connect/... flg=0x10000000 cmp=com.andrerinas.headunitrevived/com.andrerinas.openheadunit.main.AutomationActivity} with LAUNCH_MULTIPLE from uid 2000 (BAL_ALLOW_PERMISSION) result code=0
08-30 11:17:35.057 I/OPENHU  (12797): [2] AutomationActivity.onCreate | AutomationActivity: Received intent. Action: android.intent.action.VIEW, Data: headunit://connect
08-30 11:17:35.076 I/OPENHU  (12797): [2] AapService.acquireBootWakeLock | Boot WakeLock acquired (10min timeout)
08-30 11:17:35.077 I/OPENHU  (12797): [2] AapService.acquireBootWakeLock | Battery optimization exempt: false
08-30 11:17:35.080 V/OPENHU  (12797): [2] UsbDeviceDiagnostics.logDeviceList | UsbDiagnostics: service scan (force=true) sees 2 USB device(s), 1 usable for Android Auto
08-30 11:17:35.081 V/OPENHU  (12797): [2] UsbDeviceDiagnostics.logDeviceList | UsbDiagnostics:   ASIX AX88179A (VID: 0B95 PID: 1790) [class FF/FF/00, no permission] accepted: AOAP | if0 FF/FF/00 (bulkIn+bulkOut+1 other)
08-30 11:17:35.081 V/OPENHU  (12797): [2] UsbDeviceDiagnostics.logDeviceList | UsbDiagnostics:   General USB Flash Disk (VID: 090C PID: 1000) [class 00/00/00, no permission] rejected: no Android interface | if0 08/06/50 (bulkIn+bulkOut)
08-30 11:17:44.781 I/OPENHU  (12797): [2] NetworkDiscovery.startScan | NetworkDiscovery: Starting scan...
08-30 11:17:44.783 I/OPENHU  (12797): [65] 1.invokeSuspend | NetworkDiscovery: Step 1 - Quick Gateway Scan
08-30 11:17:44.792 I/OPENHU  (12797): [65] NetworkDiscovery.scanGateways | NetworkDiscovery: Checking suspects: [192.168.1.254, 192.168.1.1, 9.3.231.1]
08-30 11:17:45.426 I/OPENHU  (12797): [65] NetworkDiscovery.reportProbeTally | NetworkDiscovery: Gateway scan — 3 probed, 0 responded, 3 silent on 5289 (last: SocketTimeoutException)
08-30 11:17:45.427 I/OPENHU  (12797): [65] 1.invokeSuspend | NetworkDiscovery: Step 2 - Full Subnet Scan
08-30 11:17:45.436 I/OPENHU  (12797): [65] 2.invokeSuspend | NetworkDiscovery: Scanning subnet: 192.168.1.*
08-30 11:17:47.905 I/OPENHU  (12797): [90] NetworkDiscovery.reportProbeTally | NetworkDiscovery: Swept 192.168.1.* — 253 probed, 0 responded, 253 silent on 5289 (last: SocketTimeoutException)
08-30 11:17:57.911 I/OPENHU  (12797): [2] NetworkDiscovery.startScan | NetworkDiscovery: Starting scan...
08-30 11:17:57.913 I/OPENHU  (12797): [90] 1.invokeSuspend | NetworkDiscovery: Step 1 - Quick Gateway Scan
08-30 11:17:57.924 I/OPENHU  (12797): [90] NetworkDiscovery.scanGateways | NetworkDiscovery: Checking suspects: [192.168.1.254, 192.168.1.1, 9.3.231.1]
08-30 11:17:58.550 I/OPENHU  (12797): [90] NetworkDiscovery.reportProbeTally | NetworkDiscovery: Gateway scan — 3 probed, 0 responded, 3 silent on 5289 (last: SocketTimeoutException)
08-30 11:17:58.550 I/OPENHU  (12797): [90] 1.invokeSuspend | NetworkDiscovery: Step 2 - Full Subnet Scan
08-30 11:17:58.558 I/OPENHU  (12797): [90] 2.invokeSuspend | NetworkDiscovery: Scanning subnet: 192.168.1.*
08-30 11:18:01.009 I/OPENHU  (12797): [86] NetworkDiscovery.reportProbeTally | NetworkDiscovery: Swept 192.168.1.* — 253 probed, 0 responded, 253 silent on 5289 (last: SocketTimeoutException)
08-30 11:18:01.993 W/OPENHU  (12797): [2] 1.invokeSuspend | Auto-connect overlay: watchdog timeout, hiding
08-30 11:18:11.029 I/OPENHU  (12797): [2] NetworkDiscovery.startScan | NetworkDiscovery: Starting scan...
08-30 11:18:11.032 I/OPENHU  (12797): [86] 1.invokeSuspend | NetworkDiscovery: Step 1 - Quick Gateway Scan
08-30 11:18:11.044 I/OPENHU  (12797): [86] NetworkDiscovery.scanGateways | NetworkDiscovery: Checking suspects: [192.168.1.254, 192.168.1.1, 9.3.231.1]
08-30 11:18:11.671 I/OPENHU  (12797): [86] NetworkDiscovery.reportProbeTally | NetworkDiscovery: Gateway scan — 3 probed, 0 responded, 3 silent on 5289 (last: SocketTimeoutException)
08-30 11:18:11.672 I/OPENHU  (12797): [86] 1.invokeSuspend | NetworkDiscovery: Step 2 - Full Subnet Scan
08-30 11:18:11.681 I/OPENHU  (12797): [86] 2.invokeSuspend | NetworkDiscovery: Scanning subnet: 192.168.1.*
08-30 11:18:14.136 I/OPENHU  (12797): [77] NetworkDiscovery.reportProbeTally | NetworkDiscovery: Swept 192.168.1.* — 253 probed, 0 responded, 253 silent on 5289 (last: SocketTimeoutException)
08-30 11:18:24.151 I/OPENHU  (12797): [2] NetworkDiscovery.startScan | NetworkDiscovery: Starting scan...
08-30 11:18:24.154 I/OPENHU  (12797): [77] 1.invokeSuspend | NetworkDiscovery: Step 1 - Quick Gateway Scan
08-30 11:18:24.166 I/OPENHU  (12797): [77] NetworkDiscovery.scanGateways | NetworkDiscovery: Checking suspects: [192.168.1.254, 192.168.1.1, 9.3.231.1]
08-30 11:18:24.798 I/OPENHU  (12797): [77] NetworkDiscovery.reportProbeTally | NetworkDiscovery: Gateway scan — 3 probed, 0 responded, 3 silent on 5289 (last: SocketTimeoutException)
08-30 11:18:24.799 I/OPENHU  (12797): [77] 1.invokeSuspend | NetworkDiscovery: Step 2 - Full Subnet Scan
08-30 11:18:24.812 I/OPENHU  (12797): [77] 2.invokeSuspend | NetworkDiscovery: Scanning subnet: 192.168.1.*
08-30 11:18:27.283 I/OPENHU  (12797): [59] NetworkDiscovery.reportProbeTally | NetworkDiscovery: Swept 192.168.1.* — 253 probed, 0 responded, 253 silent on 5289 (last: SocketTimeoutException)
08-30 11:18:34.573 I/OPENHU  (12797): [2] UsbReceiver.onReceive | USB Intent: Intent { act=com.andrerinas.openheadunit.ACTION_USB_DEVICE_PERMISSION flg=0x10 pkg=com.andrerinas.headunitrevived (has extras) }
08-30 11:18:34.586 I/OPENHU  (12797): [2] UsbReceiver.onReceive | USB Intent: Intent { act=com.andrerinas.openheadunit.ACTION_USB_DEVICE_PERMISSION flg=0x10 pkg=com.andrerinas.headunitrevived (has extras) }
08-30 11:18:34.588 W/OPENHU  (12797): [2] UsbLauncherListener.onUsbPermission | USB permission denied for ASIX AX88179A (VID: 0B95 PID: 1790)
08-30 11:18:34.624 D/OPENHU  (12797): [2] MainActivity.requestPermissions | All required permissions already granted.
08-30 11:18:34.627 I/OPENHU  (12797): [2] HomeFragment.onResume | HomeFragment: onResume. isConnected=false
08-30 11:18:36.667 D/UsbHostManager( 1388): Removed device at /dev/bus/usb/001/005: AX88179A
08-30 11:18:36.674 I/OPENHU  (12797): [2] UsbReceiver.onReceive | USB Intent: Intent { act=android.hardware.usb.action.USB_DEVICE_DETACHED flg=0x1000010 (has extras) }
08-30 11:18:36.676 I/OPENHU  (12797): [2] UsbDeviceDiagnostics.logDeviceList | UsbDiagnostics: USB list sees 1 USB device(s), 0 usable for Android Auto
08-30 11:18:36.676 I/OPENHU  (12797): [2] UsbDeviceDiagnostics.logDeviceList | UsbDiagnostics:   General USB Flash Disk (VID: 090C PID: 1000) [class 00/00/00, no permission] rejected: no Android interface | if0 08/06/50 (bulkIn+bulkOut)
08-30 11:18:36.677 I/OPENHU  (12797): [2] UsbReceiver.onReceive | USB Intent: Intent { act=android.hardware.usb.action.USB_DEVICE_DETACHED flg=0x1000010 (has extras) }
08-30 11:18:36.729 D/UsbHostManager( 1388): Removed device at /dev/bus/usb/001/004: USB Flash Disk
08-30 11:18:36.733 D/UsbHostManager( 1388): Removed device at /dev/bus/usb/001/002 was already gone
08-30 11:18:36.735 I/OPENHU  (12797): [2] UsbReceiver.onReceive | USB Intent: Intent { act=android.hardware.usb.action.USB_DEVICE_DETACHED flg=0x1000010 (has extras) }
08-30 11:18:36.736 I/OPENHU  (12797): [2] UsbDeviceDiagnostics.logDeviceList | UsbDiagnostics: USB list sees 0 USB device(s), 0 usable for Android Auto
08-30 11:18:36.737 I/OPENHU  (12797): [2] UsbDeviceDiagnostics.logDeviceList | UsbDiagnostics: nothing is on the bus. Either the port carries no data, the unit is not in USB host mode, or a wireless adapter is waiting for its phone before it presents itself.
08-30 11:18:36.739 I/OPENHU  (12797): [2] UsbReceiver.onReceive | USB Intent: Intent { act=android.hardware.usb.action.USB_DEVICE_DETACHED flg=0x1000010 (has extras) }
08-30 11:18:36.857 D/UsbHostManager( 1388): Removed device at /dev/bus/usb/002/001 was already gone
08-30 11:18:36.861 D/UsbHostManager( 1388): Removed device at /dev/bus/usb/001/001 was already gone
08-30 11:18:37.295 I/OPENHU  (12797): [2] NetworkDiscovery.startScan | NetworkDiscovery: Starting scan...
08-30 11:18:37.297 I/OPENHU  (12797): [59] 1.invokeSuspend | NetworkDiscovery: Step 1 - Quick Gateway Scan
08-30 11:18:37.305 I/OPENHU  (12797): [59] NetworkDiscovery.scanGateways | NetworkDiscovery: Checking suspects: [192.168.1.254, 192.168.1.1, 9.3.231.1]
08-30 11:18:37.932 I/OPENHU  (12797): [59] NetworkDiscovery.reportProbeTally | NetworkDiscovery: Gateway scan — 3 probed, 0 responded, 3 silent on 5289 (last: SocketTimeoutException)
08-30 11:18:37.932 I/OPENHU  (12797): [59] 1.invokeSuspend | NetworkDiscovery: Step 2 - Full Subnet Scan
08-30 11:18:37.940 I/OPENHU  (12797): [59] 2.invokeSuspend | NetworkDiscovery: Scanning subnet: 192.168.1.*
08-30 11:18:40.401 I/OPENHU  (12797): [75] NetworkDiscovery.reportProbeTally | NetworkDiscovery: Swept 192.168.1.* — 253 probed, 0 responded, 253 silent on 5289 (last: SocketTimeoutException)
08-30 11:18:50.418 I/OPENHU  (12797): [2] NetworkDiscovery.startScan | NetworkDiscovery: Starting scan...
08-30 11:18:50.419 I/OPENHU  (12797): [89] 1.invokeSuspend | NetworkDiscovery: Step 1 - Quick Gateway Scan
08-30 11:18:50.427 I/OPENHU  (12797): [89] NetworkDiscovery.scanGateways | NetworkDiscovery: Checking suspects: [192.168.1.254, 192.168.1.1, 9.3.231.1]
08-30 11:18:51.051 I/OPENHU  (12797): [89] NetworkDiscovery.reportProbeTally | NetworkDiscovery: Gateway scan — 3 probed, 0 responded, 3 silent on 5289 (last: SocketTimeoutException)
08-30 11:18:51.052 I/OPENHU  (12797): [89] 1.invokeSuspend | NetworkDiscovery: Step 2 - Full Subnet Scan
08-30 11:18:51.059 I/OPENHU  (12797): [89] 2.invokeSuspend | NetworkDiscovery: Scanning subnet: 192.168.1.*
08-30 11:18:53.521 I/OPENHU  (12797): [58] NetworkDiscovery.reportProbeTally | NetworkDiscovery: Swept 192.168.1.* — 253 probed, 0 responded, 253 silent on 5289 (last: SocketTimeoutException)
08-30 11:18:54.243 D/UsbHostManager( 1388): USB device attached: vidpid 0b95:1790 mfg/product/ver/serial ASIX/AX88179A/2.00/008151BD hasAudio/HID/Storage: false/false/false
08-30 11:18:54.361 D/UsbHostManager( 1388): Added device UsbDevice[mName=/dev/bus/usb/001/003,mVendorId=2965,mProductId=6032,mClass=0,mSubclass=0,mProtocol=0,mManufacturerName=ASIX,mProductName=AX88179A,mVersion=2.00,mSerialNumberReader=com.android.server.usb.UsbSerialReader@5e3c14, mHasAudioPlayback=false, mHasAudioCapture=false, mHasMidi=false, mHasVideoCapture=false, mHasVideoPlayback=false, mConfigurations=[
08-30 11:18:54.361 D/UsbHostManager( 1388): UsbConfiguration[mId=1,mName=null,mAttributes=160,mMaxPower=50,mInterfaces=[
08-30 11:18:54.361 D/UsbHostManager( 1388): UsbInterface[mId=0,mAlternateSetting=0,mName=Network_Interface,mClass=255,mSubclass=255,mProtocol=0,mEndpoints=[
08-30 11:18:54.361 D/UsbHostManager( 1388): UsbEndpoint[mAddress=129,mAttributes=3,mMaxPacketSize=16,mInterval=11]
08-30 11:18:54.361 D/UsbHostManager( 1388): UsbEndpoint[mAddress=130,mAttributes=2,mMaxPacketSize=512,mInterval=0]
08-30 11:18:54.361 D/UsbHostManager( 1388): UsbEndpoint[mAddress=3,mAttributes=2,mMaxPacketSize=512,mInterval=0]
08-30 11:18:54.361 D/UsbHostManager( 1388): UsbEndpoint[mAddress=5,mAttributes=2,mMaxPacketSize=512,mInterval=0]]]
08-30 11:18:54.361 D/UsbHostManager( 1388): UsbConfiguration[mId=2,mName=null,mAttributes=160,mMaxPower=50,mInterfaces=[
08-30 11:18:54.361 D/UsbHostManager( 1388): UsbInterface[mId=0,mAlternateSetting=0,mName=null,mClass=2,mSubclass=13,mProtocol=0,mEndpoints=[
08-30 11:18:54.361 D/UsbHostManager( 1388): UsbEndpoint[mAddress=129,mAttributes=3,mMaxPacketSize=16,mInterval=11]]
08-30 11:18:54.361 D/UsbHostManager( 1388): UsbInterface[mId=1,mAlternateSetting=0,mName=null,mClass=10,mSubclass=0,mProtocol=1,mEndpoints=[]
08-30 11:18:54.361 D/UsbHostManager( 1388): UsbInterface[mId=1,mAlternateSetting=1,mName=null,mClass=10,mSubclass=0,mProtocol=1,mEndpoints=[
08-30 11:18:54.361 D/UsbHostManager( 1388): UsbEndpoint[mAddress=130,mAttributes=2,mMaxPacketSize=512,mInterval=0]
08-30 11:18:54.361 D/UsbHostManager( 1388): UsbEndpoint[mAddress=3,mAttributes=2,mMaxPacketSize=512,mInterval=0]]]
08-30 11:18:54.361 D/UsbHostManager( 1388): UsbConfiguration[mId=3,mName=null,mAttributes=160,mMaxPower=50,mInterfaces=[
08-30 11:18:54.361 D/UsbHostManager( 1388): UsbInterface[mId=0,mAlternateSetting=0,mName=null,mClass=2,mSubclass=6,mProtocol=0,mEndpoints=[
08-30 11:18:54.361 D/UsbHostManager( 1388): UsbEndpoint[mAddress=129,mAttributes=3,mMaxPacketSize=16,mInterval=11]]
08-30 11:18:54.361 D/UsbHostManager( 1388): UsbInterface[mId=1,mAlternateSetting=0,mName=null,mClass=10,mSubclass=0,mProtocol=0,mEndpoints=[]
08-30 11:18:54.361 D/UsbHostManager( 1388): UsbInterface[mId=1,mAlternateSetting=1,mName=null,mClass=10,mSubclass=0,mProtocol=0,mEndpoints=[
08-30 11:18:54.361 D/UsbHostManager( 1388): UsbEndpoint[mAddress=130,mAttributes=2,mMaxPacketSize=512,mInterval=0]
08-30 11:18:54.361 D/UsbHostManager( 1388): UsbEndpoint[mAddress=3,mAttributes=2,mMaxPacketSize=512,mInterval=0]]]]
08-30 11:18:54.373 I/OPENHU  (12797): [2] UsbReceiver.onReceive | USB Intent: Intent { act=android.hardware.usb.action.USB_DEVICE_ATTACHED flg=0x11000010 (has extras) }
08-30 11:18:54.384 W/ActivityTaskManager( 1388): callingPackage for (uid=1000, pid=1388) is ambiguous: [android, com.android.providers.settings, org.lineageos.lineagesettings, com.android.server.telecom, com.android.location.fused, com.dsi.ant.server]
08-30 11:18:54.412 I/ActivityTaskManager( 1388): START u0 {flg=0x10000000 cmp=com.android.systemui/.usb.UsbConfirmActivity (has extras)} with LAUNCH_MULTIPLE from uid 1000 (BAL_ALLOW_ALLOWLISTED_UID) result code=0
08-30 11:18:54.416 V/OPENHU  (12797): [2] UsbDeviceDiagnostics.logDeviceList | UsbDiagnostics: USB list sees 1 USB device(s), 1 usable for Android Auto
08-30 11:18:54.416 V/OPENHU  (12797): [2] UsbDeviceDiagnostics.logDeviceList | UsbDiagnostics:   ASIX AX88179A (VID: 0B95 PID: 1790) [class 00/00/00, no permission] accepted: AOAP | if0 FF/FF/00 (bulkIn+bulkOut+1 other) | if1 02/0D/00 (1 other) | if2 0A/00/01 (no endpoints) | if3 0A/00/01 (bulkIn+bulkOut) | if4 02/06/00 (1 other) | if5 0A/00/00 (no endpoints) | if6 0A/00/00 (bulkIn+bulkOut)
08-30 11:18:54.417 I/OPENHU  (12797): [2] UsbReceiver.onReceive | USB Intent: Intent { act=android.hardware.usb.action.USB_DEVICE_ATTACHED flg=0x11000010 (has extras) }
08-30 11:18:54.418 I/OPENHU  (12797): [2] UsbLauncherListener.onUsbAttach | Normal USB device attached: ASIX AX88179A (VID: 0B95 PID: 1790). Will check auto-connect in 2000ms...
08-30 11:18:54.418 D/UsbHostManager( 1388): USB device attached: vidpid 090c:1000 mfg/product/ver/serial General/USB Flash Disk/11.00/1305120000004129 hasAudio/HID/Storage: false/false/true
08-30 11:18:54.420 D/UsbHostManager( 1388): Added device UsbDevice[mName=/dev/bus/usb/001/004,mVendorId=2316,mProductId=4096,mClass=0,mSubclass=0,mProtocol=0,mManufacturerName=General,mProductName=USB Flash Disk,mVersion=11.00,mSerialNumberReader=com.android.server.usb.UsbSerialReader@9b674f1, mHasAudioPlayback=false, mHasAudioCapture=false, mHasMidi=false, mHasVideoCapture=false, mHasVideoPlayback=false, mConfigurations=[
08-30 11:18:54.420 D/UsbHostManager( 1388): UsbConfiguration[mId=1,mName=null,mAttributes=128,mMaxPower=250,mInterfaces=[
08-30 11:18:54.420 D/UsbHostManager( 1388): UsbInterface[mId=0,mAlternateSetting=0,mName=null,mClass=8,mSubclass=6,mProtocol=80,mEndpoints=[
08-30 11:18:54.420 D/UsbHostManager( 1388): UsbEndpoint[mAddress=129,mAttributes=2,mMaxPacketSize=512,mInterval=255]
08-30 11:18:54.420 D/UsbHostManager( 1388): UsbEndpoint[mAddress=2,mAttributes=2,mMaxPacketSize=512,mInterval=255]]]]
08-30 11:18:54.434 I/OPENHU  (12797): [2] UsbReceiver.onReceive | USB Intent: Intent { act=android.hardware.usb.action.USB_DEVICE_ATTACHED flg=0x11000010 (has extras) }
08-30 11:18:54.437 W/ActivityTaskManager( 1388): callingPackage for (uid=1000, pid=1388) is ambiguous: [android, com.android.providers.settings, org.lineageos.lineagesettings, com.android.server.telecom, com.android.location.fused, com.dsi.ant.server]
08-30 11:18:54.445 I/ActivityTaskManager( 1388): START u0 {flg=0x10000000 cmp=com.android.systemui/.usb.UsbConfirmActivity (has extras)} with LAUNCH_MULTIPLE from uid 1000 (BAL_ALLOW_ALLOWLISTED_UID) result code=3
08-30 11:18:54.450 V/OPENHU  (12797): [2] UsbDeviceDiagnostics.logDeviceList | UsbDiagnostics: USB list sees 2 USB device(s), 1 usable for Android Auto
08-30 11:18:54.450 V/OPENHU  (12797): [2] UsbDeviceDiagnostics.logDeviceList | UsbDiagnostics:   General USB Flash Disk (VID: 090C PID: 1000) [class 00/00/00, no permission] rejected: no Android interface | if0 08/06/50 (bulkIn+bulkOut)
08-30 11:18:54.450 V/OPENHU  (12797): [2] UsbDeviceDiagnostics.logDeviceList | UsbDiagnostics:   ASIX AX88179A (VID: 0B95 PID: 1790) [class 00/00/00, no permission] accepted: AOAP | if0 FF/FF/00 (bulkIn+bulkOut+1 other) | if1 02/0D/00 (1 other) | if2 0A/00/01 (no endpoints) | if3 0A/00/01 (bulkIn+bulkOut) | if4 02/06/00 (1 other) | if5 0A/00/00 (no endpoints) | if6 0A/00/00 (bulkIn+bulkOut)
08-30 11:18:54.453 I/OPENHU  (12797): [2] UsbReceiver.onReceive | USB Intent: Intent { act=android.hardware.usb.action.USB_DEVICE_ATTACHED flg=0x11000010 (has extras) }
08-30 11:18:54.454 I/OPENHU  (12797): [2] UsbLauncherListener.onUsbAttach | Ignoring non-Android USB device attached in service (VID: 2316): /dev/bus/usb/001/004
08-30 11:18:54.482 I/ActivityTaskManager( 1388): Displayed com.android.systemui/.usb.UsbConfirmActivity for user 0: +87ms
08-30 11:18:56.437 I/OPENHU  (12797): [2] 1.invokeSuspend | UsbAttachedActivity didn't handle ASIX AX88179A (VID: 0B95 PID: 1790). Trying from service...
08-30 11:18:56.450 V/OPENHU  (12797): [2] UsbDeviceDiagnostics.logDeviceList | UsbDiagnostics: service scan (force=true) sees 2 USB device(s), 1 usable for Android Auto
08-30 11:18:56.450 V/OPENHU  (12797): [2] UsbDeviceDiagnostics.logDeviceList | UsbDiagnostics:   General USB Flash Disk (VID: 090C PID: 1000) [class 00/00/00, no permission] rejected: no Android interface | if0 08/06/50 (bulkIn+bulkOut)
08-30 11:18:56.451 V/OPENHU  (12797): [2] UsbDeviceDiagnostics.logDeviceList | UsbDiagnostics:   ASIX AX88179A (VID: 0B95 PID: 1790) [class 00/00/00, no permission] accepted: AOAP | if0 FF/FF/00 (bulkIn+bulkOut+1 other) | if1 02/0D/00 (1 other) | if2 0A/00/01 (no endpoints) | if3 0A/00/01 (bulkIn+bulkOut) | if4 02/06/00 (1 other) | if5 0A/00/00 (no endpoints) | if6 0A/00/00 (bulkIn+bulkOut)
08-30 11:18:56.587 D/UsbHostManager( 1388): Removed device at /dev/bus/usb/001/003: AX88179A
08-30 11:18:56.591 I/OPENHU  (12797): [2] UsbReceiver.onReceive | USB Intent: Intent { act=android.hardware.usb.action.USB_DEVICE_DETACHED flg=0x1000010 (has extras) }
08-30 11:18:56.597 I/OPENHU  (12797): [2] UsbDeviceDiagnostics.logDeviceList | UsbDiagnostics: USB list sees 1 USB device(s), 0 usable for Android Auto
08-30 11:18:56.598 I/OPENHU  (12797): [2] UsbDeviceDiagnostics.logDeviceList | UsbDiagnostics:   General USB Flash Disk (VID: 090C PID: 1000) [class 00/00/00, no permission] rejected: no Android interface | if0 08/06/50 (bulkIn+bulkOut)
08-30 11:18:56.602 I/OPENHU  (12797): [2] UsbReceiver.onReceive | USB Intent: Intent { act=android.hardware.usb.action.USB_DEVICE_DETACHED flg=0x1000010 (has extras) }
08-30 11:18:56.620 D/OPENHU  (12797): [2] MainActivity.requestPermissions | All required permissions already granted.
08-30 11:18:56.632 I/OPENHU  (12797): [2] HomeFragment.onResume | HomeFragment: onResume. isConnected=false
08-30 11:18:58.632 D/UsbHostManager( 1388): USB device attached: vidpid 0b95:1790 mfg/product/ver/serial ASIX/AX88179A/2.00/008151BD hasAudio/HID/Storage: false/false/false
08-30 11:18:58.736 D/UsbHostManager( 1388): Added device UsbDevice[mName=/dev/bus/usb/001/005,mVendorId=2965,mProductId=6032,mClass=255,mSubclass=255,mProtocol=0,mManufacturerName=ASIX,mProductName=AX88179A,mVersion=2.00,mSerialNumberReader=com.android.server.usb.UsbSerialReader@aa50e9c, mHasAudioPlayback=false, mHasAudioCapture=false, mHasMidi=false, mHasVideoCapture=false, mHasVideoPlayback=false, mConfigurations=[
08-30 11:18:58.736 D/UsbHostManager( 1388): UsbConfiguration[mId=1,mName=null,mAttributes=160,mMaxPower=50,mInterfaces=[
08-30 11:18:58.736 D/UsbHostManager( 1388): UsbInterface[mId=0,mAlternateSetting=0,mName=Network_Interface,mClass=255,mSubclass=255,mProtocol=0,mEndpoints=[
08-30 11:18:58.736 D/UsbHostManager( 1388): UsbEndpoint[mAddress=129,mAttributes=3,mMaxPacketSize=16,mInterval=11]
08-30 11:18:58.736 D/UsbHostManager( 1388): UsbEndpoint[mAddress=130,mAttributes=2,mMaxPacketSize=512,mInterval=0]
08-30 11:18:58.736 D/UsbHostManager( 1388): UsbEndpoint[mAddress=3,mAttributes=2,mMaxPacketSize=512,mInterval=0]
08-30 11:18:58.736 D/UsbHostManager( 1388): UsbEndpoint[mAddress=5,mAttributes=2,mMaxPacketSize=512,mInterval=0]]]]
08-30 11:18:58.747 I/OPENHU  (12797): [2] UsbReceiver.onReceive | USB Intent: Intent { act=android.hardware.usb.action.USB_DEVICE_ATTACHED flg=0x11000010 (has extras) }
08-30 11:18:58.758 W/ActivityTaskManager( 1388): callingPackage for (uid=1000, pid=1388) is ambiguous: [android, com.android.providers.settings, org.lineageos.lineagesettings, com.android.server.telecom, com.android.location.fused, com.dsi.ant.server]
08-30 11:18:58.783 I/ActivityTaskManager( 1388): START u0 {flg=0x10000000 cmp=com.android.systemui/.usb.UsbResolverActivity (has extras)} with LAUNCH_MULTIPLE from uid 1000 (BAL_ALLOW_ALLOWLISTED_UID) result code=0
08-30 11:18:58.788 V/OPENHU  (12797): [2] UsbDeviceDiagnostics.logDeviceList | UsbDiagnostics: USB list sees 2 USB device(s), 1 usable for Android Auto
08-30 11:18:58.788 V/OPENHU  (12797): [2] UsbDeviceDiagnostics.logDeviceList | UsbDiagnostics:   ASIX AX88179A (VID: 0B95 PID: 1790) [class FF/FF/00, no permission] accepted: AOAP | if0 FF/FF/00 (bulkIn+bulkOut+1 other)
08-30 11:18:58.788 V/OPENHU  (12797): [2] UsbDeviceDiagnostics.logDeviceList | UsbDiagnostics:   General USB Flash Disk (VID: 090C PID: 1000) [class 00/00/00, no permission] rejected: no Android interface | if0 08/06/50 (bulkIn+bulkOut)
08-30 11:18:58.790 I/OPENHU  (12797): [2] UsbReceiver.onReceive | USB Intent: Intent { act=android.hardware.usb.action.USB_DEVICE_ATTACHED flg=0x11000010 (has extras) }
08-30 11:18:58.790 I/OPENHU  (12797): [2] UsbLauncherListener.onUsbAttach | Normal USB device attached: ASIX AX88179A (VID: 0B95 PID: 1790). Will check auto-connect in 2000ms...
08-30 11:18:58.869 I/ActivityTaskManager( 1388): Displayed com.android.systemui/.usb.UsbResolverActivity for user 0: +99ms
08-30 11:18:59.705 D/UsbHostManager( 1388): Removed device at /dev/bus/usb/001/005: AX88179A
08-30 11:18:59.711 I/OPENHU  (12797): [2] UsbReceiver.onReceive | USB Intent: Intent { act=android.hardware.usb.action.USB_DEVICE_DETACHED flg=0x1000010 (has extras) }
08-30 11:18:59.712 D/UsbHostManager( 1388): Removed device at /dev/bus/usb/001/004: USB Flash Disk
08-30 11:18:59.716 I/OPENHU  (12797): [2] UsbDeviceDiagnostics.logDeviceList | UsbDiagnostics: USB list sees 1 USB device(s), 0 usable for Android Auto
08-30 11:18:59.716 I/OPENHU  (12797): [2] UsbDeviceDiagnostics.logDeviceList | UsbDiagnostics:   General USB Flash Disk (VID: 090C PID: 1000) [class 00/00/00, no permission] rejected: no Android interface | if0 08/06/50 (bulkIn+bulkOut)
08-30 11:18:59.717 D/UsbHostManager( 1388): Removed device at /dev/bus/usb/001/002 was already gone
08-30 11:18:59.720 I/OPENHU  (12797): [2] UsbReceiver.onReceive | USB Intent: Intent { act=android.hardware.usb.action.USB_DEVICE_DETACHED flg=0x1000010 (has extras) }
08-30 11:18:59.723 I/OPENHU  (12797): [2] UsbReceiver.onReceive | USB Intent: Intent { act=android.hardware.usb.action.USB_DEVICE_DETACHED flg=0x1000010 (has extras) }
08-30 11:18:59.726 I/OPENHU  (12797): [2] UsbDeviceDiagnostics.logDeviceList | UsbDiagnostics: USB list sees 0 USB device(s), 0 usable for Android Auto
08-30 11:18:59.727 I/OPENHU  (12797): [2] UsbDeviceDiagnostics.logDeviceList | UsbDiagnostics: nothing is on the bus. Either the port carries no data, the unit is not in USB host mode, or a wireless adapter is waiting for its phone before it presents itself.
08-30 11:18:59.730 I/OPENHU  (12797): [2] UsbReceiver.onReceive | USB Intent: Intent { act=android.hardware.usb.action.USB_DEVICE_DETACHED flg=0x1000010 (has extras) }
08-30 11:18:59.734 D/OPENHU  (12797): [2] MainActivity.requestPermissions | All required permissions already granted.
08-30 11:18:59.740 I/OPENHU  (12797): [2] HomeFragment.onResume | HomeFragment: onResume. isConnected=false
08-30 11:18:59.825 D/UsbHostManager( 1388): Removed device at /dev/bus/usb/002/001 was already gone
08-30 11:18:59.828 D/UsbHostManager( 1388): Removed device at /dev/bus/usb/001/001 was already gone
08-30 11:19:00.121 W/ActivityTaskManager( 1388): Finishing task with all activities already finished
08-30 11:19:00.121 W/ActivityTaskManager( 1388): Duplicate finish request for r=ActivityRecord{112285254 u0 com.android.systemui/.usb.UsbResolverActivity t112 f}}
08-30 11:19:00.803 I/OPENHU  (12797): [2] 1.invokeSuspend | UsbAttachedActivity didn't handle ASIX AX88179A (VID: 0B95 PID: 1790). Trying from service...
08-30 11:19:00.807 I/OPENHU  (12797): [2] UsbDeviceDiagnostics.logDeviceList | UsbDiagnostics: service scan (force=true) sees 0 USB device(s), 0 usable for Android Auto
08-30 11:19:00.807 I/OPENHU  (12797): [2] UsbDeviceDiagnostics.logDeviceList | UsbDiagnostics: nothing is on the bus. Either the port carries no data, the unit is not in USB host mode, or a wireless adapter is waiting for its phone before it presents itself.
08-30 11:19:03.534 I/OPENHU  (12797): [2] NetworkDiscovery.startScan | NetworkDiscovery: Starting scan...
08-30 11:19:03.537 I/OPENHU  (12797): [58] 1.invokeSuspend | NetworkDiscovery: Step 1 - Quick Gateway Scan
08-30 11:19:03.545 I/OPENHU  (12797): [58] NetworkDiscovery.scanGateways | NetworkDiscovery: Checking suspects: [192.168.1.254, 192.168.1.1, 9.3.231.1]
08-30 11:19:04.170 I/OPENHU  (12797): [58] NetworkDiscovery.reportProbeTally | NetworkDiscovery: Gateway scan — 3 probed, 0 responded, 3 silent on 5289 (last: SocketTimeoutException)
08-30 11:19:04.171 I/OPENHU  (12797): [58] 1.invokeSuspend | NetworkDiscovery: Step 2 - Full Subnet Scan
08-30 11:19:04.178 I/OPENHU  (12797): [58] 2.invokeSuspend | NetworkDiscovery: Scanning subnet: 192.168.1.*
08-30 11:19:06.643 I/OPENHU  (12797): [36] NetworkDiscovery.reportProbeTally | NetworkDiscovery: Swept 192.168.1.* — 253 probed, 0 responded, 253 silent on 5289 (last: SocketTimeoutException)
08-30 11:19:13.873 I/OPENHU  (12797): [2] 1.onReceive | WakeDetect: POWER_CONNECTED
08-30 11:19:16.652 I/OPENHU  (12797): [2] NetworkDiscovery.startScan | NetworkDiscovery: Starting scan...
08-30 11:19:16.653 I/OPENHU  (12797): [55] 1.invokeSuspend | NetworkDiscovery: Step 1 - Quick Gateway Scan
08-30 11:19:16.661 I/OPENHU  (12797): [55] NetworkDiscovery.scanGateways | NetworkDiscovery: Checking suspects: [192.168.1.254, 192.168.1.1, 9.3.231.1]
08-30 11:19:17.280 I/OPENHU  (12797): [55] NetworkDiscovery.reportProbeTally | NetworkDiscovery: Gateway scan — 3 probed, 0 responded, 3 silent on 5289 (last: SocketTimeoutException)
08-30 11:19:17.280 I/OPENHU  (12797): [55] 1.invokeSuspend | NetworkDiscovery: Step 2 - Full Subnet Scan
08-30 11:19:17.288 I/OPENHU  (12797): [55] 2.invokeSuspend | NetworkDiscovery: Scanning subnet: 192.168.1.*
08-30 11:19:19.747 I/OPENHU  (12797): [84] NetworkDiscovery.reportProbeTally | NetworkDiscovery: Swept 192.168.1.* — 253 probed, 0 responded, 253 silent on 5289 (last: SocketTimeoutException)
08-30 11:19:29.762 I/OPENHU  (12797): [2] NetworkDiscovery.startScan | NetworkDiscovery: Starting scan...
08-30 11:19:29.764 I/OPENHU  (12797): [84] 1.invokeSuspend | NetworkDiscovery: Step 1 - Quick Gateway Scan
08-30 11:19:29.771 I/OPENHU  (12797): [84] NetworkDiscovery.scanGateways | NetworkDiscovery: Checking suspects: [192.168.1.254, 192.168.1.1, 9.3.231.1]
08-30 11:19:30.394 I/OPENHU  (12797): [84] NetworkDiscovery.reportProbeTally | NetworkDiscovery: Gateway scan — 3 probed, 0 responded, 3 silent on 5289 (last: SocketTimeoutException)
08-30 11:19:30.394 I/OPENHU  (12797): [84] 1.invokeSuspend | NetworkDiscovery: Step 2 - Full Subnet Scan
08-30 11:19:30.400 I/OPENHU  (12797): [84] 2.invokeSuspend | NetworkDiscovery: Scanning subnet: 192.168.1.*
08-30 11:19:32.863 I/OPENHU  (12797): [69] NetworkDiscovery.reportProbeTally | NetworkDiscovery: Swept 192.168.1.* — 253 probed, 0 responded, 253 silent on 5289 (last: SocketTimeoutException)
08-30 11:19:38.726 D/UsbHostManager( 1388): USB device attached: vidpid 22b8:2e81 mfg/product/ver/serial motorola/motorola edge 30 neo/5.04/ZY22GC3BM4 hasAudio/HID/Storage: false/false/false
08-30 11:19:38.731 D/UsbHostManager( 1388): Added device UsbDevice[mName=/dev/bus/usb/001/002,mVendorId=8888,mProductId=11905,mClass=0,mSubclass=0,mProtocol=0,mManufacturerName=motorola,mProductName=motorola edge 30 neo,mVersion=5.04,mSerialNumberReader=com.android.server.usb.UsbSerialReader@a5537d6, mHasAudioPlayback=false, mHasAudioCapture=false, mHasMidi=false, mHasVideoCapture=false, mHasVideoPlayback=false, mConfigurations=[
08-30 11:19:38.731 D/UsbHostManager( 1388): UsbConfiguration[mId=1,mName=adb,mAttributes=192,mMaxPower=0,mInterfaces=[
08-30 11:19:38.731 D/UsbHostManager( 1388): UsbInterface[mId=0,mAlternateSetting=0,mName=ADB Interface,mClass=255,mSubclass=66,mProtocol=1,mEndpoints=[
08-30 11:19:38.731 D/UsbHostManager( 1388): UsbEndpoint[mAddress=1,mAttributes=2,mMaxPacketSize=512,mInterval=0]
08-30 11:19:38.731 D/UsbHostManager( 1388): UsbEndpoint[mAddress=129,mAttributes=2,mMaxPacketSize=512,mInterval=0]]]]
08-30 11:19:38.739 I/OPENHU  (12797): [2] UsbReceiver.onReceive | USB Intent: Intent { act=android.hardware.usb.action.USB_DEVICE_ATTACHED flg=0x11000010 (has extras) }
08-30 11:19:38.755 W/ActivityTaskManager( 1388): callingPackage for (uid=1000, pid=1388) is ambiguous: [android, com.android.providers.settings, org.lineageos.lineagesettings, com.android.server.telecom, com.android.location.fused, com.dsi.ant.server]
08-30 11:19:38.783 I/ActivityTaskManager( 1388): START u0 {flg=0x10000000 cmp=com.android.systemui/.usb.UsbConfirmActivity (has extras)} with LAUNCH_MULTIPLE from uid 1000 (BAL_ALLOW_ALLOWLISTED_UID) result code=0
08-30 11:19:38.790 V/OPENHU  (12797): [2] UsbDeviceDiagnostics.logDeviceList | UsbDiagnostics: USB list sees 1 USB device(s), 1 usable for Android Auto
08-30 11:19:38.790 V/OPENHU  (12797): [2] UsbDeviceDiagnostics.logDeviceList | UsbDiagnostics:   motorola motorola edge 30 neo (VID: 22B8 PID: 2E81) [class 00/00/00, no permission] accepted: ADB | if0 FF/42/01 (bulkIn+bulkOut)
08-30 11:19:38.792 I/OPENHU  (12797): [2] UsbReceiver.onReceive | USB Intent: Intent { act=android.hardware.usb.action.USB_DEVICE_ATTACHED flg=0x11000010 (has extras) }
08-30 11:19:38.792 I/OPENHU  (12797): [2] UsbLauncherListener.onUsbAttach | Normal USB device attached: motorola motorola edge 30 neo (VID: 22B8 PID: 2E81). Will check auto-connect in 2000ms...
08-30 11:19:38.853 I/ActivityTaskManager( 1388): Displayed com.android.systemui/.usb.UsbConfirmActivity for user 0: +87ms
08-30 11:19:42.877 I/OPENHU  (12797): [2] NetworkDiscovery.startScan | NetworkDiscovery: Starting scan...
08-30 11:19:42.880 I/OPENHU  (12797): [69] 1.invokeSuspend | NetworkDiscovery: Step 1 - Quick Gateway Scan
08-30 11:19:42.893 I/OPENHU  (12797): [69] NetworkDiscovery.scanGateways | NetworkDiscovery: Checking suspects: [192.168.1.254, 192.168.1.1, 9.3.231.1]
08-30 11:19:43.523 I/OPENHU  (12797): [69] NetworkDiscovery.reportProbeTally | NetworkDiscovery: Gateway scan — 3 probed, 0 responded, 3 silent on 5289 (last: SocketTimeoutException)
08-30 11:19:43.523 I/OPENHU  (12797): [69] 1.invokeSuspend | NetworkDiscovery: Step 2 - Full Subnet Scan
08-30 11:19:43.533 I/OPENHU  (12797): [69] 2.invokeSuspend | NetworkDiscovery: Scanning subnet: 192.168.1.*
08-30 11:19:45.978 I/OPENHU  (12797): [79] NetworkDiscovery.reportProbeTally | NetworkDiscovery: Swept 192.168.1.* — 253 probed, 0 responded, 253 silent on 5289 (last: SocketTimeoutException)
08-30 11:19:46.423 W/ActivityTaskManager( 1388): callingPackage for (uid=2000, pid=13261) has no WPC
08-30 11:19:46.438 I/ActivityTaskManager( 1388): START u0 {act=android.hardware.usb.action.USB_DEVICE_ATTACHED flg=0x10000000 cmp=com.andrerinas.headunitrevived/com.andrerinas.openheadunit.app.UsbAttachedActivity} with LAUNCH_SINGLE_TOP from uid 2000 (BAL_ALLOW_PERMISSION) result code=0
08-30 11:19:46.457 I/OPENHU  (12797): [2] UsbAttachedActivity.onCreate | USB Intent: Intent { act=android.hardware.usb.action.USB_DEVICE_ATTACHED flg=0x10400000 cmp=com.andrerinas.headunitrevived/com.andrerinas.openheadunit.app.UsbAttachedActivity }
08-30 11:19:46.460 V/OPENHU  (12797): [2] UsbDeviceDiagnostics.logDeviceList | UsbDiagnostics: USB attach sees 1 USB device(s), 1 usable for Android Auto
08-30 11:19:46.460 V/OPENHU  (12797): [2] UsbDeviceDiagnostics.logDeviceList | UsbDiagnostics:   motorola motorola edge 30 neo (VID: 22B8 PID: 2E81) [class 00/00/00, no permission] accepted: ADB | if0 FF/42/01 (bulkIn+bulkOut)
08-30 11:19:46.461 I/OPENHU  (12797): [2] Companion.resolveDevice$com_andrerinas_headunitrevived_3_3_0_beta3_githubDebug | No USB device in intent extras, falling back to single device: motorola motorola edge 30 neo (VID: 22B8 PID: 2E81)
08-30 11:19:46.462 I/OPENHU  (12797): [2] UsbAttachedActivity.onCreate | Skipping device motorola motorola edge 30 neo (VID: 22B8 PID: 2E81) (not allowed and USB auto-start disabled)
08-30 11:19:46.498 D/OPENHU  (12797): [2] MainActivity.requestPermissions | All required permissions already granted.
08-30 11:19:46.503 I/OPENHU  (12797): [2] HomeFragment.onResume | HomeFragment: onResume. isConnected=false
08-30 11:19:54.284 D/UsbHostManager( 1388): Removed device at /dev/bus/usb/001/002: motorola edge 30 neo
08-30 11:19:54.291 I/OPENHU  (12797): [2] UsbReceiver.onReceive | USB Intent: Intent { act=android.hardware.usb.action.USB_DEVICE_DETACHED flg=0x1000010 (has extras) }
08-30 11:19:54.300 I/OPENHU  (12797): [2] UsbDeviceDiagnostics.logDeviceList | UsbDiagnostics: USB list sees 0 USB device(s), 0 usable for Android Auto
08-30 11:19:54.300 I/OPENHU  (12797): [2] UsbDeviceDiagnostics.logDeviceList | UsbDiagnostics: nothing is on the bus. Either the port carries no data, the unit is not in USB host mode, or a wireless adapter is waiting for its phone before it presents itself.
08-30 11:19:54.301 I/OPENHU  (12797): [2] UsbReceiver.onReceive | USB Intent: Intent { act=android.hardware.usb.action.USB_DEVICE_DETACHED flg=0x1000010 (has extras) }
08-30 11:19:55.006 D/UsbHostManager( 1388): USB device attached: vidpid 22b8:2e84 mfg/product/ver/serial motorola/motorola edge 30 neo/5.04/ZY22GC3BM4 hasAudio/HID/Storage: false/false/false
08-30 11:19:55.009 D/UsbHostManager( 1388): Added device UsbDevice[mName=/dev/bus/usb/001/003,mVendorId=8888,mProductId=11908,mClass=0,mSubclass=0,mProtocol=0,mManufacturerName=motorola,mProductName=motorola edge 30 neo,mVersion=5.04,mSerialNumberReader=com.android.server.usb.UsbSerialReader@c82c9d8, mHasAudioPlayback=false, mHasAudioCapture=false, mHasMidi=false, mHasVideoCapture=false, mHasVideoPlayback=false, mConfigurations=[
08-30 11:19:55.009 D/UsbHostManager( 1388): UsbConfiguration[mId=1,mName=ptp_adb,mAttributes=192,mMaxPower=0,mInterfaces=[
08-30 11:19:55.009 D/UsbHostManager( 1388): UsbInterface[mId=0,mAlternateSetting=0,mName=null,mClass=6,mSubclass=1,mProtocol=1,mEndpoints=[
08-30 11:19:55.009 D/UsbHostManager( 1388): UsbEndpoint[mAddress=129,mAttributes=2,mMaxPacketSize=512,mInterval=0]
08-30 11:19:55.009 D/UsbHostManager( 1388): UsbEndpoint[mAddress=1,mAttributes=2,mMaxPacketSize=512,mInterval=0]
08-30 11:19:55.009 D/UsbHostManager( 1388): UsbEndpoint[mAddress=130,mAttributes=3,mMaxPacketSize=28,mInterval=6]]
08-30 11:19:55.009 D/UsbHostManager( 1388): UsbInterface[mId=1,mAlternateSetting=0,mName=ADB Interface,mClass=255,mSubclass=66,mProtocol=1,mEndpoints=[
08-30 11:19:55.009 D/UsbHostManager( 1388): UsbEndpoint[mAddress=2,mAttributes=2,mMaxPacketSize=512,mInterval=0]
08-30 11:19:55.009 D/UsbHostManager( 1388): UsbEndpoint[mAddress=131,mAttributes=2,mMaxPacketSize=512,mInterval=0]]]]
08-30 11:19:55.014 I/OPENHU  (12797): [2] UsbReceiver.onReceive | USB Intent: Intent { act=android.hardware.usb.action.USB_DEVICE_ATTACHED flg=0x11000010 (has extras) }
08-30 11:19:55.026 V/OPENHU  (12797): [2] UsbDeviceDiagnostics.logDeviceList | UsbDiagnostics: USB list sees 1 USB device(s), 1 usable for Android Auto
08-30 11:19:55.026 V/OPENHU  (12797): [2] UsbDeviceDiagnostics.logDeviceList | UsbDiagnostics:   motorola motorola edge 30 neo (VID: 22B8 PID: 2E84) [class 00/00/00, no permission] accepted: PTP | if0 06/01/01 (bulkIn+bulkOut+1 other) | if1 FF/42/01 (bulkIn+bulkOut)
08-30 11:19:55.028 I/OPENHU  (12797): [2] UsbReceiver.onReceive | USB Intent: Intent { act=android.hardware.usb.action.USB_DEVICE_ATTACHED flg=0x11000010 (has extras) }
08-30 11:19:55.029 I/OPENHU  (12797): [2] UsbLauncherListener.onUsbAttach | Normal USB device attached: motorola motorola edge 30 neo (VID: 22B8 PID: 2E84). Will check auto-connect in 2000ms...
08-30 11:19:55.989 I/OPENHU  (12797): [2] NetworkDiscovery.startScan | NetworkDiscovery: Starting scan...
08-30 11:19:55.991 I/OPENHU  (12797): [79] 1.invokeSuspend | NetworkDiscovery: Step 1 - Quick Gateway Scan
08-30 11:19:55.998 I/OPENHU  (12797): [79] NetworkDiscovery.scanGateways | NetworkDiscovery: Checking suspects: [192.168.1.254, 192.168.1.1, 9.3.231.1]
08-30 11:19:56.627 I/OPENHU  (12797): [79] NetworkDiscovery.reportProbeTally | NetworkDiscovery: Gateway scan — 3 probed, 0 responded, 3 silent on 5289 (last: SocketTimeoutException)
08-30 11:19:56.627 I/OPENHU  (12797): [79] 1.invokeSuspend | NetworkDiscovery: Step 2 - Full Subnet Scan
08-30 11:19:56.634 I/OPENHU  (12797): [79] 2.invokeSuspend | NetworkDiscovery: Scanning subnet: 192.168.1.*
08-30 11:19:57.031 I/OPENHU  (12797): [2] 1.invokeSuspend | UsbAttachedActivity didn't handle motorola motorola edge 30 neo (VID: 22B8 PID: 2E84). Trying from service...
08-30 11:19:57.036 V/OPENHU  (12797): [2] UsbDeviceDiagnostics.logDeviceList | UsbDiagnostics: service scan (force=true) sees 1 USB device(s), 1 usable for Android Auto
08-30 11:19:57.036 V/OPENHU  (12797): [2] UsbDeviceDiagnostics.logDeviceList | UsbDiagnostics:   motorola motorola edge 30 neo (VID: 22B8 PID: 2E84) [class 00/00/00, no permission] accepted: PTP | if0 06/01/01 (bulkIn+bulkOut+1 other) | if1 FF/42/01 (bulkIn+bulkOut)
08-30 11:19:57.792 D/UsbHostManager( 1388): Removed device at /dev/bus/usb/001/003: motorola edge 30 neo
08-30 11:19:57.797 I/OPENHU  (12797): [2] UsbReceiver.onReceive | USB Intent: Intent { act=android.hardware.usb.action.USB_DEVICE_DETACHED flg=0x1000010 (has extras) }
08-30 11:19:57.800 I/OPENHU  (12797): [2] UsbDeviceDiagnostics.logDeviceList | UsbDiagnostics: USB list sees 0 USB device(s), 0 usable for Android Auto
08-30 11:19:57.800 I/OPENHU  (12797): [2] UsbDeviceDiagnostics.logDeviceList | UsbDiagnostics: nothing is on the bus. Either the port carries no data, the unit is not in USB host mode, or a wireless adapter is waiting for its phone before it presents itself.
08-30 11:19:57.802 I/OPENHU  (12797): [2] UsbReceiver.onReceive | USB Intent: Intent { act=android.hardware.usb.action.USB_DEVICE_DETACHED flg=0x1000010 (has extras) }
08-30 11:19:58.442 D/UsbHostManager( 1388): USB device attached: vidpid 18d1:4ee9 mfg/product/ver/serial motorola/motorola edge 30 neo/5.04/ZY22GC3BM4 hasAudio/HID/Storage: true/false/false
08-30 11:19:58.447 D/UsbHostManager( 1388): Added device UsbDevice[mName=/dev/bus/usb/001/004,mVendorId=6353,mProductId=20201,mClass=0,mSubclass=0,mProtocol=0,mManufacturerName=motorola,mProductName=motorola edge 30 neo,mVersion=5.04,mSerialNumberReader=com.android.server.usb.UsbSerialReader@6da0ddd, mHasAudioPlayback=false, mHasAudioCapture=false, mHasMidi=true, mHasVideoCapture=false, mHasVideoPlayback=false, mConfigurations=[
08-30 11:19:58.447 D/UsbHostManager( 1388): UsbConfiguration[mId=1,mName=midi_adb,mAttributes=192,mMaxPower=0,mInterfaces=[
08-30 11:19:58.447 D/UsbHostManager( 1388): UsbInterface[mId=0,mAlternateSetting=0,mName=MIDI function,mClass=1,mSubclass=1,mProtocol=0,mEndpoints=[]
08-30 11:19:58.447 D/UsbHostManager( 1388): UsbInterface[mId=1,mAlternateSetting=0,mName=null,mClass=1,mSubclass=3,mProtocol=0,mEndpoints=[
08-30 11:19:58.447 D/UsbHostManager( 1388): UsbEndpoint[mAddress=1,mAttributes=2,mMaxPacketSize=512,mInterval=0]
08-30 11:19:58.447 D/UsbHostManager( 1388): UsbEndpoint[mAddress=129,mAttributes=2,mMaxPacketSize=512,mInterval=0]]
08-30 11:19:58.447 D/UsbHostManager( 1388): UsbInterface[mId=2,mAlternateSetting=0,mName=ADB Interface,mClass=255,mSubclass=66,mProtocol=1,mEndpoints=[
08-30 11:19:58.447 D/UsbHostManager( 1388): UsbEndpoint[mAddress=2,mAttributes=2,mMaxPacketSize=512,mInterval=0]
08-30 11:19:58.447 D/UsbHostManager( 1388): UsbEndpoint[mAddress=130,mAttributes=2,mMaxPacketSize=512,mInterval=0]]]]
08-30 11:19:58.457 I/OPENHU  (12797): [2] UsbReceiver.onReceive | USB Intent: Intent { act=android.hardware.usb.action.USB_DEVICE_ATTACHED flg=0x11000010 (has extras) }
08-30 11:19:58.466 W/ActivityTaskManager( 1388): callingPackage for (uid=1000, pid=1388) is ambiguous: [android, com.android.providers.settings, org.lineageos.lineagesettings, com.android.server.telecom, com.android.location.fused, com.dsi.ant.server]
08-30 11:19:58.482 I/ActivityTaskManager( 1388): START u0 {flg=0x10000000 cmp=com.android.systemui/.usb.UsbConfirmActivity (has extras)} with LAUNCH_MULTIPLE from uid 1000 (BAL_ALLOW_ALLOWLISTED_UID) result code=2
08-30 11:19:58.490 V/OPENHU  (12797): [2] UsbDeviceDiagnostics.logDeviceList | UsbDiagnostics: USB list sees 1 USB device(s), 1 usable for Android Auto
08-30 11:19:58.490 V/OPENHU  (12797): [2] UsbDeviceDiagnostics.logDeviceList | UsbDiagnostics:   motorola motorola edge 30 neo (VID: 18D1 PID: 4EE9) [class 00/00/00, no permission] accepted: ADB | if0 01/01/00 (no endpoints) | if1 01/03/00 (bulkIn+bulkOut) | if2 FF/42/01 (bulkIn+bulkOut)
08-30 11:19:58.492 I/OPENHU  (12797): [2] UsbReceiver.onReceive | USB Intent: Intent { act=android.hardware.usb.action.USB_DEVICE_ATTACHED flg=0x11000010 (has extras) }
08-30 11:19:58.492 I/OPENHU  (12797): [2] UsbLauncherListener.onUsbAttach | Normal USB device attached: motorola motorola edge 30 neo (VID: 18D1 PID: 4EE9). Will check auto-connect in 2000ms...
08-30 11:19:59.091 I/OPENHU  (12797): [52] NetworkDiscovery.reportProbeTally | NetworkDiscovery: Swept 192.168.1.* — 253 probed, 0 responded, 253 silent on 5289 (last: SocketTimeoutException)
08-30 11:20:00.510 I/OPENHU  (12797): [2] 1.invokeSuspend | UsbAttachedActivity didn't handle motorola motorola edge 30 neo (VID: 18D1 PID: 4EE9). Trying from service...
08-30 11:20:00.521 V/OPENHU  (12797): [2] UsbDeviceDiagnostics.logDeviceList | UsbDiagnostics: service scan (force=true) sees 1 USB device(s), 1 usable for Android Auto
08-30 11:20:00.521 V/OPENHU  (12797): [2] UsbDeviceDiagnostics.logDeviceList | UsbDiagnostics:   motorola motorola edge 30 neo (VID: 18D1 PID: 4EE9) [class 00/00/00, no permission] accepted: ADB | if0 01/01/00 (no endpoints) | if1 01/03/00 (bulkIn+bulkOut) | if2 FF/42/01 (bulkIn+bulkOut)
08-30 11:20:00.526 I/OPENHU  (12797): [2] UsbLauncherManager.checkAlreadyConnected | Fallback: force=true and found single Google normal-mode device motorola motorola edge 30 neo (VID: 18D1 PID: 4EE9). Switching to accessory mode.
08-30 11:20:00.528 I/OPENHU  (12797): [2] UsbLauncherManager.performSingleConnect | Single USB auto-connect: device found but no permission, requesting...
08-30 11:20:00.531 I/OPENHU  (12797): [2] UsbLauncherManager.requestPermission | Requesting USB permission for motorola motorola edge 30 neo (VID: 18D1 PID: 4EE9)
08-30 11:20:00.554 W/ActivityTaskManager( 1388): callingPackage for (uid=1000, pid=1388) is ambiguous: [android, com.android.providers.settings, org.lineageos.lineagesettings, com.android.server.telecom, com.android.location.fused, com.dsi.ant.server]
08-30 11:20:00.574 I/ActivityTaskManager( 1388): START u0 {flg=0x10000000 cmp=com.android.systemui/.usb.UsbPermissionActivity (has extras)} with LAUNCH_MULTIPLE from uid 1000 (BAL_ALLOW_ALLOWLISTED_UID) result code=0
08-30 11:20:00.642 I/ActivityTaskManager( 1388): Displayed com.android.systemui/.usb.UsbPermissionActivity for user 0: +86ms
08-30 11:20:09.106 I/OPENHU  (12797): [2] NetworkDiscovery.startScan | NetworkDiscovery: Starting scan...
08-30 11:20:09.108 I/OPENHU  (12797): [52] 1.invokeSuspend | NetworkDiscovery: Step 1 - Quick Gateway Scan
08-30 11:20:09.118 I/OPENHU  (12797): [52] NetworkDiscovery.scanGateways | NetworkDiscovery: Checking suspects: [192.168.1.254, 192.168.1.1, 9.3.231.1]
08-30 11:20:09.748 I/OPENHU  (12797): [52] NetworkDiscovery.reportProbeTally | NetworkDiscovery: Gateway scan — 3 probed, 0 responded, 3 silent on 5289 (last: SocketTimeoutException)
08-30 11:20:09.748 I/OPENHU  (12797): [52] 1.invokeSuspend | NetworkDiscovery: Step 2 - Full Subnet Scan
08-30 11:20:09.758 I/OPENHU  (12797): [52] 2.invokeSuspend | NetworkDiscovery: Scanning subnet: 192.168.1.*
08-30 11:20:12.208 I/OPENHU  (12797): [90] NetworkDiscovery.reportProbeTally | NetworkDiscovery: Swept 192.168.1.* — 253 probed, 0 responded, 253 silent on 5289 (last: SocketTimeoutException)
08-30 11:20:15.107 D/UsbHostManager( 1388): Removed device at /dev/bus/usb/001/004: motorola edge 30 neo
08-30 11:20:15.113 I/OPENHU  (12797): [2] UsbReceiver.onReceive | USB Intent: Intent { act=android.hardware.usb.action.USB_DEVICE_DETACHED flg=0x1000010 (has extras) }
08-30 11:20:15.115 I/OPENHU  (12797): [2] UsbDeviceDiagnostics.logDeviceList | UsbDiagnostics: USB list sees 0 USB device(s), 0 usable for Android Auto
08-30 11:20:15.115 I/OPENHU  (12797): [2] UsbDeviceDiagnostics.logDeviceList | UsbDiagnostics: nothing is on the bus. Either the port carries no data, the unit is not in USB host mode, or a wireless adapter is waiting for its phone before it presents itself.
08-30 11:20:15.117 I/OPENHU  (12797): [2] UsbReceiver.onReceive | USB Intent: Intent { act=android.hardware.usb.action.USB_DEVICE_DETACHED flg=0x1000010 (has extras) }
08-30 11:20:15.128 I/OPENHU  (12797): [2] UsbReceiver.onReceive | USB Intent: Intent { act=com.andrerinas.openheadunit.ACTION_USB_DEVICE_PERMISSION flg=0x10 pkg=com.andrerinas.headunitrevived (has extras) }
08-30 11:20:15.130 I/OPENHU  (12797): [2] UsbReceiver.onReceive | USB Intent: Intent { act=com.andrerinas.openheadunit.ACTION_USB_DEVICE_PERMISSION flg=0x10 pkg=com.andrerinas.headunitrevived (has extras) }
08-30 11:20:15.131 W/OPENHU  (12797): [2] UsbLauncherListener.onUsbPermission | USB permission denied for motorola motorola edge 30 neo (VID: 18D1 PID: 4EE9)
08-30 11:20:15.697 D/UsbHostManager( 1388): USB device attached: vidpid 22b8:2e81 mfg/product/ver/serial motorola/motorola edge 30 neo/5.04/ZY22GC3BM4 hasAudio/HID/Storage: false/false/false
08-30 11:20:15.704 D/UsbHostManager( 1388): Added device UsbDevice[mName=/dev/bus/usb/001/005,mVendorId=8888,mProductId=11905,mClass=0,mSubclass=0,mProtocol=0,mManufacturerName=motorola,mProductName=motorola edge 30 neo,mVersion=5.04,mSerialNumberReader=com.android.server.usb.UsbSerialReader@8f39c6c, mHasAudioPlayback=false, mHasAudioCapture=false, mHasMidi=false, mHasVideoCapture=false, mHasVideoPlayback=false, mConfigurations=[
08-30 11:20:15.704 D/UsbHostManager( 1388): UsbConfiguration[mId=1,mName=adb,mAttributes=192,mMaxPower=0,mInterfaces=[
08-30 11:20:15.704 D/UsbHostManager( 1388): UsbInterface[mId=0,mAlternateSetting=0,mName=ADB Interface,mClass=255,mSubclass=66,mProtocol=1,mEndpoints=[
08-30 11:20:15.704 D/UsbHostManager( 1388): UsbEndpoint[mAddress=1,mAttributes=2,mMaxPacketSize=512,mInterval=0]
08-30 11:20:15.704 D/UsbHostManager( 1388): UsbEndpoint[mAddress=129,mAttributes=2,mMaxPacketSize=512,mInterval=0]]]]
08-30 11:20:15.710 I/OPENHU  (12797): [2] UsbReceiver.onReceive | USB Intent: Intent { act=android.hardware.usb.action.USB_DEVICE_ATTACHED flg=0x11000010 (has extras) }
08-30 11:20:15.721 W/ActivityTaskManager( 1388): callingPackage for (uid=1000, pid=1388) is ambiguous: [android, com.android.providers.settings, org.lineageos.lineagesettings, com.android.server.telecom, com.android.location.fused, com.dsi.ant.server]
08-30 11:20:15.734 I/ActivityTaskManager( 1388): START u0 {flg=0x10000000 cmp=com.android.systemui/.usb.UsbConfirmActivity (has extras)} with LAUNCH_MULTIPLE from uid 1000 (BAL_ALLOW_ALLOWLISTED_UID) result code=3
08-30 11:20:15.740 V/OPENHU  (12797): [2] UsbDeviceDiagnostics.logDeviceList | UsbDiagnostics: USB list sees 1 USB device(s), 1 usable for Android Auto
08-30 11:20:15.740 V/OPENHU  (12797): [2] UsbDeviceDiagnostics.logDeviceList | UsbDiagnostics:   motorola motorola edge 30 neo (VID: 22B8 PID: 2E81) [class 00/00/00, no permission] accepted: ADB | if0 FF/42/01 (bulkIn+bulkOut)
08-30 11:20:15.743 I/OPENHU  (12797): [2] UsbReceiver.onReceive | USB Intent: Intent { act=android.hardware.usb.action.USB_DEVICE_ATTACHED flg=0x11000010 (has extras) }
08-30 11:20:15.744 I/OPENHU  (12797): [2] UsbLauncherListener.onUsbAttach | Normal USB device attached: motorola motorola edge 30 neo (VID: 22B8 PID: 2E81). Will check auto-connect in 2000ms...
08-30 11:20:16.929 D/OPENHU  (12797): [2] MainActivity.requestPermissions | All required permissions already granted.
08-30 11:20:16.937 I/OPENHU  (12797): [2] HomeFragment.onResume | HomeFragment: onResume. isConnected=false
08-30 11:20:17.746 I/OPENHU  (12797): [2] 1.invokeSuspend | UsbAttachedActivity didn't handle motorola motorola edge 30 neo (VID: 22B8 PID: 2E81). Trying from service...
08-30 11:20:17.753 V/OPENHU  (12797): [2] UsbDeviceDiagnostics.logDeviceList | UsbDiagnostics: service scan (force=true) sees 1 USB device(s), 1 usable for Android Auto
08-30 11:20:17.753 V/OPENHU  (12797): [2] UsbDeviceDiagnostics.logDeviceList | UsbDiagnostics:   motorola motorola edge 30 neo (VID: 22B8 PID: 2E81) [class 00/00/00, no permission] accepted: ADB | if0 FF/42/01 (bulkIn+bulkOut)
08-30 11:20:22.222 I/OPENHU  (12797): [2] NetworkDiscovery.startScan | NetworkDiscovery: Starting scan...
08-30 11:20:22.224 I/OPENHU  (12797): [90] 1.invokeSuspend | NetworkDiscovery: Step 1 - Quick Gateway Scan
08-30 11:20:22.234 I/OPENHU  (12797): [90] NetworkDiscovery.scanGateways | NetworkDiscovery: Checking suspects: [192.168.1.254, 192.168.1.1, 9.3.231.1]
08-30 11:20:22.855 I/OPENHU  (12797): [90] NetworkDiscovery.reportProbeTally | NetworkDiscovery: Gateway scan — 3 probed, 0 responded, 3 silent on 5289 (last: SocketTimeoutException)
08-30 11:20:22.855 I/OPENHU  (12797): [90] 1.invokeSuspend | NetworkDiscovery: Step 2 - Full Subnet Scan
08-30 11:20:22.862 I/OPENHU  (12797): [90] 2.invokeSuspend | NetworkDiscovery: Scanning subnet: 192.168.1.*
08-30 11:20:25.327 I/OPENHU  (12797): [101] NetworkDiscovery.reportProbeTally | NetworkDiscovery: Swept 192.168.1.* — 253 probed, 0 responded, 253 silent on 5289 (last: SocketTimeoutException)
08-30 11:20:28.964 D/UsbHostManager( 1388): Removed device at /dev/bus/usb/001/005: motorola edge 30 neo
08-30 11:20:28.969 I/OPENHU  (12797): [2] UsbReceiver.onReceive | USB Intent: Intent { act=android.hardware.usb.action.USB_DEVICE_DETACHED flg=0x1000010 (has extras) }
08-30 11:20:28.971 I/OPENHU  (12797): [2] UsbDeviceDiagnostics.logDeviceList | UsbDiagnostics: USB list sees 0 USB device(s), 0 usable for Android Auto
08-30 11:20:28.972 I/OPENHU  (12797): [2] UsbDeviceDiagnostics.logDeviceList | UsbDiagnostics: nothing is on the bus. Either the port carries no data, the unit is not in USB host mode, or a wireless adapter is waiting for its phone before it presents itself.
08-30 11:20:28.973 I/OPENHU  (12797): [2] UsbReceiver.onReceive | USB Intent: Intent { act=android.hardware.usb.action.USB_DEVICE_DETACHED flg=0x1000010 (has extras) }
08-30 11:20:29.578 D/UsbHostManager( 1388): USB device attached: vidpid 22b8:2e82 mfg/product/ver/serial motorola/motorola edge 30 neo/5.04/ZY22GC3BM4 hasAudio/HID/Storage: false/false/false
08-30 11:20:29.582 D/UsbHostManager( 1388): Added device UsbDevice[mName=/dev/bus/usb/001/006,mVendorId=8888,mProductId=11906,mClass=0,mSubclass=0,mProtocol=0,mManufacturerName=motorola,mProductName=motorola edge 30 neo,mVersion=5.04,mSerialNumberReader=com.android.server.usb.UsbSerialReader@3d7198c, mHasAudioPlayback=false, mHasAudioCapture=false, mHasMidi=false, mHasVideoCapture=false, mHasVideoPlayback=false, mConfigurations=[
08-30 11:20:29.582 D/UsbHostManager( 1388): UsbConfiguration[mId=1,mName=mtp,mAttributes=192,mMaxPower=0,mInterfaces=[
08-30 11:20:29.582 D/UsbHostManager( 1388): UsbInterface[mId=0,mAlternateSetting=0,mName=MTP,mClass=255,mSubclass=255,mProtocol=0,mEndpoints=[
08-30 11:20:29.582 D/UsbHostManager( 1388): UsbEndpoint[mAddress=129,mAttributes=2,mMaxPacketSize=512,mInterval=0]
08-30 11:20:29.582 D/UsbHostManager( 1388): UsbEndpoint[mAddress=1,mAttributes=2,mMaxPacketSize=512,mInterval=0]
08-30 11:20:29.582 D/UsbHostManager( 1388): UsbEndpoint[mAddress=130,mAttributes=3,mMaxPacketSize=28,mInterval=6]]]]
08-30 11:20:29.587 I/OPENHU  (12797): [2] UsbReceiver.onReceive | USB Intent: Intent { act=android.hardware.usb.action.USB_DEVICE_ATTACHED flg=0x11000010 (has extras) }
08-30 11:20:29.603 V/OPENHU  (12797): [2] UsbDeviceDiagnostics.logDeviceList | UsbDiagnostics: USB list sees 1 USB device(s), 1 usable for Android Auto
08-30 11:20:29.604 V/OPENHU  (12797): [2] UsbDeviceDiagnostics.logDeviceList | UsbDiagnostics:   motorola motorola edge 30 neo (VID: 22B8 PID: 2E82) [class 00/00/00, no permission] accepted: AOAP | if0 FF/FF/00 (bulkIn+bulkOut+1 other)
08-30 11:20:29.607 I/OPENHU  (12797): [2] UsbReceiver.onReceive | USB Intent: Intent { act=android.hardware.usb.action.USB_DEVICE_ATTACHED flg=0x11000010 (has extras) }
08-30 11:20:29.607 I/OPENHU  (12797): [2] UsbLauncherListener.onUsbAttach | Normal USB device attached: motorola motorola edge 30 neo (VID: 22B8 PID: 2E82). Will check auto-connect in 2000ms...
08-30 11:20:31.612 I/OPENHU  (12797): [2] 1.invokeSuspend | UsbAttachedActivity didn't handle motorola motorola edge 30 neo (VID: 22B8 PID: 2E82). Trying from service...
08-30 11:20:31.619 V/OPENHU  (12797): [2] UsbDeviceDiagnostics.logDeviceList | UsbDiagnostics: service scan (force=true) sees 1 USB device(s), 1 usable for Android Auto
08-30 11:20:31.619 V/OPENHU  (12797): [2] UsbDeviceDiagnostics.logDeviceList | UsbDiagnostics:   motorola motorola edge 30 neo (VID: 22B8 PID: 2E82) [class 00/00/00, no permission] accepted: AOAP | if0 FF/FF/00 (bulkIn+bulkOut+1 other)
08-30 11:20:35.337 I/OPENHU  (12797): [2] NetworkDiscovery.startScan | NetworkDiscovery: Starting scan...
08-30 11:20:35.340 I/OPENHU  (12797): [101] 1.invokeSuspend | NetworkDiscovery: Step 1 - Quick Gateway Scan
08-30 11:20:35.347 I/OPENHU  (12797): [101] NetworkDiscovery.scanGateways | NetworkDiscovery: Checking suspects: [192.168.1.254, 192.168.1.1, 9.3.231.1]
08-30 11:20:35.970 I/OPENHU  (12797): [101] NetworkDiscovery.reportProbeTally | NetworkDiscovery: Gateway scan — 3 probed, 0 responded, 3 silent on 5289 (last: SocketTimeoutException)
08-30 11:20:35.971 I/OPENHU  (12797): [101] 1.invokeSuspend | NetworkDiscovery: Step 2 - Full Subnet Scan
08-30 11:20:35.977 I/OPENHU  (12797): [101] 2.invokeSuspend | NetworkDiscovery: Scanning subnet: 192.168.1.*
08-30 11:20:38.443 I/OPENHU  (12797): [102] NetworkDiscovery.reportProbeTally | NetworkDiscovery: Swept 192.168.1.* — 253 probed, 0 responded, 253 silent on 5289 (last: SocketTimeoutException)
08-30 11:20:48.460 I/OPENHU  (12797): [2] NetworkDiscovery.startScan | NetworkDiscovery: Starting scan...
08-30 11:20:48.462 I/OPENHU  (12797): [102] 1.invokeSuspend | NetworkDiscovery: Step 1 - Quick Gateway Scan
08-30 11:20:48.469 I/OPENHU  (12797): [102] NetworkDiscovery.scanGateways | NetworkDiscovery: Checking suspects: [192.168.1.254, 192.168.1.1, 9.3.231.1]
08-30 11:20:49.096 I/OPENHU  (12797): [102] NetworkDiscovery.reportProbeTally | NetworkDiscovery: Gateway scan — 3 probed, 0 responded, 3 silent on 5289 (last: SocketTimeoutException)
08-30 11:20:49.096 I/OPENHU  (12797): [102] 1.invokeSuspend | NetworkDiscovery: Step 2 - Full Subnet Scan
08-30 11:20:49.103 I/OPENHU  (12797): [102] 2.invokeSuspend | NetworkDiscovery: Scanning subnet: 192.168.1.*
08-30 11:20:50.507 W/ActivityTaskManager( 1388): callingPackage for (uid=2000, pid=13292) has no WPC
08-30 11:20:50.521 I/ActivityTaskManager( 1388): START u0 {act=android.hardware.usb.action.USB_DEVICE_ATTACHED flg=0x10000000 cmp=com.andrerinas.headunitrevived/com.andrerinas.openheadunit.app.UsbAttachedActivity} with LAUNCH_SINGLE_TOP from uid 2000 (BAL_ALLOW_PERMISSION) result code=0
08-30 11:20:50.536 I/OPENHU  (12797): [2] UsbAttachedActivity.onCreate | USB Intent: Intent { act=android.hardware.usb.action.USB_DEVICE_ATTACHED flg=0x10000000 cmp=com.andrerinas.headunitrevived/com.andrerinas.openheadunit.app.UsbAttachedActivity }
08-30 11:20:50.539 V/OPENHU  (12797): [2] UsbDeviceDiagnostics.logDeviceList | UsbDiagnostics: USB attach sees 1 USB device(s), 1 usable for Android Auto
08-30 11:20:50.539 V/OPENHU  (12797): [2] UsbDeviceDiagnostics.logDeviceList | UsbDiagnostics:   motorola motorola edge 30 neo (VID: 22B8 PID: 2E82) [class 00/00/00, no permission] accepted: AOAP | if0 FF/FF/00 (bulkIn+bulkOut+1 other)
08-30 11:20:50.539 I/OPENHU  (12797): [2] Companion.resolveDevice$com_andrerinas_headunitrevived_3_3_0_beta3_githubDebug | No USB device in intent extras, falling back to single device: motorola motorola edge 30 neo (VID: 22B8 PID: 2E82)
08-30 11:20:50.540 I/OPENHU  (12797): [2] UsbAttachedActivity.onCreate | Skipping device motorola motorola edge 30 neo (VID: 22B8 PID: 2E82) (not allowed and USB auto-start disabled)
08-30 11:20:50.556 D/OPENHU  (12797): [2] MainActivity.requestPermissions | All required permissions already granted.
08-30 11:20:50.559 I/OPENHU  (12797): [2] HomeFragment.onResume | HomeFragment: onResume. isConnected=false
08-30 11:20:51.571 I/OPENHU  (12797): [76] NetworkDiscovery.reportProbeTally | NetworkDiscovery: Swept 192.168.1.* — 253 probed, 0 responded, 253 silent on 5289 (last: SocketTimeoutException)
08-30 11:20:52.610 V/OPENHU  (12797): [2] UsbDeviceDiagnostics.logDeviceList | UsbDiagnostics: USB button sees 1 USB device(s), 1 usable for Android Auto
08-30 11:20:52.610 V/OPENHU  (12797): [2] UsbDeviceDiagnostics.logDeviceList | UsbDiagnostics:   motorola motorola edge 30 neo (VID: 22B8 PID: 2E82) [class 00/00/00, no permission] accepted: AOAP | if0 FF/FF/00 (bulkIn+bulkOut+1 other)
08-30 11:20:52.612 I/OPENHU  (12797): [2] HomeFragment.setupListeners$lambda$16 | USB button: Single device found - motorola motorola edge 30 neo (VID: 22B8 PID: 2E82), auto-connecting
08-30 11:20:52.612 I/OPENHU  (12797): [2] MainActivity.beginAutoConnect | Auto-connect: begin (USB button auto-connect, mode=OVERLAY)
08-30 11:20:52.626 W/ActivityTaskManager( 1388): callingPackage for (uid=1000, pid=1388) is ambiguous: [android, com.android.providers.settings, org.lineageos.lineagesettings, com.android.server.telecom, com.android.location.fused, com.dsi.ant.server]
08-30 11:20:52.647 I/ActivityTaskManager( 1388): START u0 {flg=0x10000000 cmp=com.android.systemui/.usb.UsbPermissionActivity (has extras)} with LAUNCH_MULTIPLE from uid 1000 (BAL_ALLOW_ALLOWLISTED_UID) result code=0
08-30 11:20:52.727 I/ActivityTaskManager( 1388): Displayed com.android.systemui/.usb.UsbPermissionActivity for user 0: +92ms
08-30 11:20:55.648 W/ActivityTaskManager( 1388): callingPackage for (uid=2000, pid=13309) has no WPC
08-30 11:20:55.670 I/ActivityTaskManager( 1388): START u0 {act=android.intent.action.VIEW dat=headunit://connect/... flg=0x10000000 cmp=com.andrerinas.headunitrevived/com.andrerinas.openheadunit.main.AutomationActivity} with LAUNCH_MULTIPLE from uid 2000 (BAL_ALLOW_PERMISSION) result code=0
08-30 11:20:55.689 I/OPENHU  (12797): [2] AutomationActivity.onCreate | AutomationActivity: Received intent. Action: android.intent.action.VIEW, Data: headunit://connect
08-30 11:21:01.580 I/OPENHU  (12797): [2] NetworkDiscovery.startScan | NetworkDiscovery: Starting scan...
08-30 11:21:01.583 I/OPENHU  (12797): [76] 1.invokeSuspend | NetworkDiscovery: Step 1 - Quick Gateway Scan
08-30 11:21:01.594 I/OPENHU  (12797): [76] NetworkDiscovery.scanGateways | NetworkDiscovery: Checking suspects: [192.168.1.254, 192.168.1.1, 9.3.231.1]
08-30 11:21:02.222 I/OPENHU  (12797): [76] NetworkDiscovery.reportProbeTally | NetworkDiscovery: Gateway scan — 3 probed, 0 responded, 3 silent on 5289 (last: SocketTimeoutException)
08-30 11:21:02.222 I/OPENHU  (12797): [76] 1.invokeSuspend | NetworkDiscovery: Step 2 - Full Subnet Scan
08-30 11:21:02.231 I/OPENHU  (12797): [76] 2.invokeSuspend | NetworkDiscovery: Scanning subnet: 192.168.1.*
08-30 11:21:04.687 I/OPENHU  (12797): [102] NetworkDiscovery.reportProbeTally | NetworkDiscovery: Swept 192.168.1.* — 253 probed, 0 responded, 253 silent on 5289 (last: SocketTimeoutException)
08-30 11:21:14.696 I/OPENHU  (12797): [2] NetworkDiscovery.startScan | NetworkDiscovery: Starting scan...
08-30 11:21:14.698 I/OPENHU  (12797): [102] 1.invokeSuspend | NetworkDiscovery: Step 1 - Quick Gateway Scan
08-30 11:21:14.707 I/OPENHU  (12797): [102] NetworkDiscovery.scanGateways | NetworkDiscovery: Checking suspects: [192.168.1.254, 192.168.1.1, 9.3.231.1]
08-30 11:21:15.336 I/OPENHU  (12797): [102] NetworkDiscovery.reportProbeTally | NetworkDiscovery: Gateway scan — 3 probed, 0 responded, 3 silent on 5289 (last: SocketTimeoutException)
08-30 11:21:15.337 I/OPENHU  (12797): [102] 1.invokeSuspend | NetworkDiscovery: Step 2 - Full Subnet Scan
08-30 11:21:15.345 I/OPENHU  (12797): [102] 2.invokeSuspend | NetworkDiscovery: Scanning subnet: 192.168.1.*
08-30 11:21:17.809 I/OPENHU  (12797): [102] NetworkDiscovery.reportProbeTally | NetworkDiscovery: Swept 192.168.1.* — 253 probed, 0 responded, 253 silent on 5289 (last: SocketTimeoutException)
08-30 11:21:22.614 W/OPENHU  (12797): [2] 1.invokeSuspend | Auto-connect overlay: watchdog timeout, hiding
08-30 11:21:27.824 I/OPENHU  (12797): [2] NetworkDiscovery.startScan | NetworkDiscovery: Starting scan...
08-30 11:21:27.826 I/OPENHU  (12797): [107] 1.invokeSuspend | NetworkDiscovery: Step 1 - Quick Gateway Scan
08-30 11:21:27.837 I/OPENHU  (12797): [107] NetworkDiscovery.scanGateways | NetworkDiscovery: Checking suspects: [192.168.1.254, 192.168.1.1, 9.3.231.1]
08-30 11:21:28.471 I/OPENHU  (12797): [107] NetworkDiscovery.reportProbeTally | NetworkDiscovery: Gateway scan — 3 probed, 0 responded, 3 silent on 5289 (last: SocketTimeoutException)
08-30 11:21:28.472 I/OPENHU  (12797): [107] 1.invokeSuspend | NetworkDiscovery: Step 2 - Full Subnet Scan
08-30 11:21:28.480 I/OPENHU  (12797): [107] 2.invokeSuspend | NetworkDiscovery: Scanning subnet: 192.168.1.*
08-30 11:21:30.936 I/OPENHU  (12797): [102] NetworkDiscovery.reportProbeTally | NetworkDiscovery: Swept 192.168.1.* — 253 probed, 0 responded, 253 silent on 5289 (last: SocketTimeoutException)
08-30 11:21:38.389 D/UsbHostManager( 1388): Removed device at /dev/bus/usb/001/006: motorola edge 30 neo
08-30 11:21:38.396 I/OPENHU  (12797): [2] UsbReceiver.onReceive | USB Intent: Intent { act=android.hardware.usb.action.USB_DEVICE_DETACHED flg=0x1000010 (has extras) }
08-30 11:21:38.399 I/OPENHU  (12797): [2] UsbDeviceDiagnostics.logDeviceList | UsbDiagnostics: USB list sees 0 USB device(s), 0 usable for Android Auto
08-30 11:21:38.400 I/OPENHU  (12797): [2] UsbDeviceDiagnostics.logDeviceList | UsbDiagnostics: nothing is on the bus. Either the port carries no data, the unit is not in USB host mode, or a wireless adapter is waiting for its phone before it presents itself.
08-30 11:21:38.403 I/OPENHU  (12797): [2] UsbReceiver.onReceive | USB Intent: Intent { act=android.hardware.usb.action.USB_DEVICE_DETACHED flg=0x1000010 (has extras) }
08-30 11:21:38.415 I/OPENHU  (12797): [2] UsbReceiver.onReceive | USB Intent: Intent { act=com.andrerinas.openheadunit.ACTION_USB_DEVICE_PERMISSION flg=0x10 pkg=com.andrerinas.headunitrevived (has extras) }
08-30 11:21:38.418 I/OPENHU  (12797): [2] UsbReceiver.onReceive | USB Intent: Intent { act=com.andrerinas.openheadunit.ACTION_USB_DEVICE_PERMISSION flg=0x10 pkg=com.andrerinas.headunitrevived (has extras) }
08-30 11:21:38.419 W/OPENHU  (12797): [2] UsbLauncherListener.onUsbPermission | USB permission denied for motorola motorola edge 30 neo (VID: 22B8 PID: 2E82)
08-30 11:21:38.463 D/OPENHU  (12797): [2] MainActivity.requestPermissions | All required permissions already granted.
08-30 11:21:38.468 I/OPENHU  (12797): [2] HomeFragment.onResume | HomeFragment: onResume. isConnected=false
08-30 11:21:38.950 D/UsbHostManager( 1388): USB device attached: vidpid 22b8:2e82 mfg/product/ver/serial motorola/motorola edge 30 neo/5.04/ZY22GC3BM4 hasAudio/HID/Storage: false/false/false
08-30 11:21:38.954 D/UsbHostManager( 1388): Added device UsbDevice[mName=/dev/bus/usb/001/007,mVendorId=8888,mProductId=11906,mClass=0,mSubclass=0,mProtocol=0,mManufacturerName=motorola,mProductName=motorola edge 30 neo,mVersion=5.04,mSerialNumberReader=com.android.server.usb.UsbSerialReader@b3e9981, mHasAudioPlayback=false, mHasAudioCapture=false, mHasMidi=false, mHasVideoCapture=false, mHasVideoPlayback=false, mConfigurations=[
08-30 11:21:38.954 D/UsbHostManager( 1388): UsbConfiguration[mId=1,mName=mtp,mAttributes=192,mMaxPower=0,mInterfaces=[
08-30 11:21:38.954 D/UsbHostManager( 1388): UsbInterface[mId=0,mAlternateSetting=0,mName=MTP,mClass=255,mSubclass=255,mProtocol=0,mEndpoints=[
08-30 11:21:38.954 D/UsbHostManager( 1388): UsbEndpoint[mAddress=129,mAttributes=2,mMaxPacketSize=512,mInterval=0]
08-30 11:21:38.954 D/UsbHostManager( 1388): UsbEndpoint[mAddress=1,mAttributes=2,mMaxPacketSize=512,mInterval=0]
08-30 11:21:38.954 D/UsbHostManager( 1388): UsbEndpoint[mAddress=130,mAttributes=3,mMaxPacketSize=28,mInterval=6]]]]
08-30 11:21:38.959 I/OPENHU  (12797): [2] UsbReceiver.onReceive | USB Intent: Intent { act=android.hardware.usb.action.USB_DEVICE_ATTACHED flg=0x11000010 (has extras) }
08-30 11:21:38.975 V/OPENHU  (12797): [2] UsbDeviceDiagnostics.logDeviceList | UsbDiagnostics: USB list sees 1 USB device(s), 1 usable for Android Auto
08-30 11:21:38.975 V/OPENHU  (12797): [2] UsbDeviceDiagnostics.logDeviceList | UsbDiagnostics:   motorola motorola edge 30 neo (VID: 22B8 PID: 2E82) [class 00/00/00, no permission] accepted: AOAP | if0 FF/FF/00 (bulkIn+bulkOut+1 other)
08-30 11:21:38.977 I/OPENHU  (12797): [2] UsbReceiver.onReceive | USB Intent: Intent { act=android.hardware.usb.action.USB_DEVICE_ATTACHED flg=0x11000010 (has extras) }
08-30 11:21:38.978 I/OPENHU  (12797): [2] UsbLauncherListener.onUsbAttach | Normal USB device attached: motorola motorola edge 30 neo (VID: 22B8 PID: 2E82). Will check auto-connect in 2000ms...
08-30 11:21:40.949 I/OPENHU  (12797): [2] NetworkDiscovery.startScan | NetworkDiscovery: Starting scan...
08-30 11:21:40.951 I/OPENHU  (12797): [102] 1.invokeSuspend | NetworkDiscovery: Step 1 - Quick Gateway Scan
08-30 11:21:40.966 I/OPENHU  (12797): [102] NetworkDiscovery.scanGateways | NetworkDiscovery: Checking suspects: [192.168.1.254, 192.168.1.1, 9.3.231.1]
08-30 11:21:40.980 I/OPENHU  (12797): [2] 1.invokeSuspend | UsbAttachedActivity didn't handle motorola motorola edge 30 neo (VID: 22B8 PID: 2E82). Trying from service...
08-30 11:21:41.588 I/OPENHU  (12797): [102] NetworkDiscovery.reportProbeTally | NetworkDiscovery: Gateway scan — 3 probed, 0 responded, 3 silent on 5289 (last: SocketTimeoutException)
08-30 11:21:41.589 I/OPENHU  (12797): [102] 1.invokeSuspend | NetworkDiscovery: Step 2 - Full Subnet Scan
08-30 11:21:41.596 I/OPENHU  (12797): [102] 2.invokeSuspend | NetworkDiscovery: Scanning subnet: 192.168.1.*
08-30 11:21:44.055 I/OPENHU  (12797): [36] NetworkDiscovery.reportProbeTally | NetworkDiscovery: Swept 192.168.1.* — 253 probed, 0 responded, 253 silent on 5289 (last: SocketTimeoutException)
08-30 11:21:54.071 I/OPENHU  (12797): [2] NetworkDiscovery.startScan | NetworkDiscovery: Starting scan...
08-30 11:21:54.073 I/OPENHU  (12797): [36] 1.invokeSuspend | NetworkDiscovery: Step 1 - Quick Gateway Scan
08-30 11:21:54.080 I/OPENHU  (12797): [36] NetworkDiscovery.scanGateways | NetworkDiscovery: Checking suspects: [192.168.1.254, 192.168.1.1, 9.3.231.1]
08-30 11:21:54.708 I/OPENHU  (12797): [36] NetworkDiscovery.reportProbeTally | NetworkDiscovery: Gateway scan — 3 probed, 0 responded, 3 silent on 5289 (last: SocketTimeoutException)
08-30 11:21:54.709 I/OPENHU  (12797): [36] 1.invokeSuspend | NetworkDiscovery: Step 2 - Full Subnet Scan
08-30 11:21:54.715 I/OPENHU  (12797): [36] 2.invokeSuspend | NetworkDiscovery: Scanning subnet: 192.168.1.*
08-30 11:21:55.782 W/ActivityTaskManager( 1388): callingPackage for (uid=2000, pid=13324) has no WPC
08-30 11:21:55.801 I/ActivityTaskManager( 1388): START u0 {act=android.hardware.usb.action.USB_DEVICE_ATTACHED flg=0x10000000 cmp=com.andrerinas.headunitrevived/com.andrerinas.openheadunit.app.UsbAttachedActivity} with LAUNCH_SINGLE_TOP from uid 2000 (BAL_ALLOW_PERMISSION) result code=0
08-30 11:21:55.816 I/OPENHU  (12797): [2] UsbAttachedActivity.onCreate | USB Intent: Intent { act=android.hardware.usb.action.USB_DEVICE_ATTACHED flg=0x10000000 cmp=com.andrerinas.headunitrevived/com.andrerinas.openheadunit.app.UsbAttachedActivity }
08-30 11:21:55.819 I/OPENHU  (12797): [2] Companion.resolveDevice$com_andrerinas_headunitrevived_3_3_0_beta3_githubDebug | No USB device in intent extras, falling back to single device: motorola motorola edge 30 neo (VID: 22B8 PID: 2E82)
08-30 11:21:55.820 I/OPENHU  (12797): [2] UsbAttachedActivity.onCreate | Skipping device motorola motorola edge 30 neo (VID: 22B8 PID: 2E82) (not allowed and USB auto-start disabled)
08-30 11:21:55.835 D/OPENHU  (12797): [2] MainActivity.requestPermissions | All required permissions already granted.
08-30 11:21:55.838 I/OPENHU  (12797): [2] HomeFragment.onResume | HomeFragment: onResume. isConnected=false
08-30 11:21:57.175 I/OPENHU  (12797): [54] NetworkDiscovery.reportProbeTally | NetworkDiscovery: Swept 192.168.1.* — 253 probed, 0 responded, 253 silent on 5289 (last: SocketTimeoutException)
08-30 11:21:57.873 I/OPENHU  (12797): [2] MainActivity.dispatchKeyEvent | dispatchKeyEvent: keyCode=4, action=0
08-30 11:21:57.876 I/OPENHU  (12797): [2] MainActivity.dispatchKeyEvent | dispatchKeyEvent: keyCode=4, action=1
08-30 11:21:59.026 I/OPENHU  (12797): [2] HomeFragment.setupListeners$lambda$16 | USB button: Single device found - motorola motorola edge 30 neo (VID: 22B8 PID: 2E82), auto-connecting
08-30 11:21:59.026 I/OPENHU  (12797): [2] MainActivity.beginAutoConnect | Auto-connect: begin (USB button auto-connect, mode=OVERLAY)
08-30 11:21:59.036 W/ActivityTaskManager( 1388): callingPackage for (uid=1000, pid=1388) is ambiguous: [android, com.android.providers.settings, org.lineageos.lineagesettings, com.android.server.telecom, com.android.location.fused, com.dsi.ant.server]
08-30 11:21:59.051 I/ActivityTaskManager( 1388): START u0 {flg=0x10000000 cmp=com.android.systemui/.usb.UsbPermissionActivity (has extras)} with LAUNCH_MULTIPLE from uid 1000 (BAL_ALLOW_ALLOWLISTED_UID) result code=0
08-30 11:21:59.124 I/ActivityTaskManager( 1388): Displayed com.android.systemui/.usb.UsbPermissionActivity for user 0: +74ms
08-30 11:22:07.183 I/OPENHU  (12797): [2] NetworkDiscovery.startScan | NetworkDiscovery: Starting scan...
08-30 11:22:07.187 I/OPENHU  (12797): [53] 1.invokeSuspend | NetworkDiscovery: Step 1 - Quick Gateway Scan
08-30 11:22:07.198 I/OPENHU  (12797): [53] NetworkDiscovery.scanGateways | NetworkDiscovery: Checking suspects: [192.168.1.254, 192.168.1.1, 9.3.231.1]
08-30 11:22:07.825 I/OPENHU  (12797): [53] NetworkDiscovery.reportProbeTally | NetworkDiscovery: Gateway scan — 3 probed, 0 responded, 3 silent on 5289 (last: SocketTimeoutException)
08-30 11:22:07.826 I/OPENHU  (12797): [53] 1.invokeSuspend | NetworkDiscovery: Step 2 - Full Subnet Scan
08-30 11:22:07.835 I/OPENHU  (12797): [53] 2.invokeSuspend | NetworkDiscovery: Scanning subnet: 192.168.1.*
08-30 11:22:08.963 I/OPENHU  (12797): [2] UsbReceiver.onReceive | USB Intent: Intent { act=com.andrerinas.openheadunit.ACTION_USB_DEVICE_PERMISSION flg=0x10 pkg=com.andrerinas.headunitrevived (has extras) }
08-30 11:22:08.970 I/OPENHU  (12797): [2] UsbReceiver.onReceive | USB Intent: Intent { act=com.andrerinas.openheadunit.ACTION_USB_DEVICE_PERMISSION flg=0x10 pkg=com.andrerinas.headunitrevived (has extras) }
08-30 11:22:08.971 W/OPENHU  (12797): [2] UsbLauncherListener.onUsbPermission | USB permission denied for motorola motorola edge 30 neo (VID: 22B8 PID: 2E82)
08-30 11:22:09.018 D/OPENHU  (12797): [2] MainActivity.requestPermissions | All required permissions already granted.
08-30 11:22:09.025 I/OPENHU  (12797): [2] HomeFragment.onResume | HomeFragment: onResume. isConnected=false
08-30 11:22:10.286 I/OPENHU  (12797): [54] NetworkDiscovery.reportProbeTally | NetworkDiscovery: Swept 192.168.1.* — 253 probed, 0 responded, 253 silent on 5289 (last: SocketTimeoutException)
08-30 11:22:11.526 I/OPENHU  (12797): [2] MainActivity.cancelAutoConnect | Auto-connect: cancelled by user
08-30 11:22:18.187 D/UsbHostManager( 1388): Removed device at /dev/bus/usb/001/007: motorola edge 30 neo
08-30 11:22:18.194 I/OPENHU  (12797): [2] UsbReceiver.onReceive | USB Intent: Intent { act=android.hardware.usb.action.USB_DEVICE_DETACHED flg=0x1000010 (has extras) }
08-30 11:22:18.196 I/OPENHU  (12797): [2] UsbDeviceDiagnostics.logDeviceList | UsbDiagnostics: USB list sees 0 USB device(s), 0 usable for Android Auto
08-30 11:22:18.196 I/OPENHU  (12797): [2] UsbDeviceDiagnostics.logDeviceList | UsbDiagnostics: nothing is on the bus. Either the port carries no data, the unit is not in USB host mode, or a wireless adapter is waiting for its phone before it presents itself.
08-30 11:22:18.198 I/OPENHU  (12797): [2] UsbReceiver.onReceive | USB Intent: Intent { act=android.hardware.usb.action.USB_DEVICE_DETACHED flg=0x1000010 (has extras) }
08-30 11:22:18.762 D/UsbHostManager( 1388): USB device attached: vidpid 22b8:2e83 mfg/product/ver/serial motorola/motorola edge 30 neo/5.04/ZY22GC3BM4 hasAudio/HID/Storage: false/false/false
08-30 11:22:18.767 D/UsbHostManager( 1388): Added device UsbDevice[mName=/dev/bus/usb/001/008,mVendorId=8888,mProductId=11907,mClass=0,mSubclass=0,mProtocol=0,mManufacturerName=motorola,mProductName=motorola edge 30 neo,mVersion=5.04,mSerialNumberReader=com.android.server.usb.UsbSerialReader@49da165, mHasAudioPlayback=false, mHasAudioCapture=false, mHasMidi=false, mHasVideoCapture=false, mHasVideoPlayback=false, mConfigurations=[
08-30 11:22:18.767 D/UsbHostManager( 1388): UsbConfiguration[mId=1,mName=ptp,mAttributes=192,mMaxPower=0,mInterfaces=[
08-30 11:22:18.767 D/UsbHostManager( 1388): UsbInterface[mId=0,mAlternateSetting=0,mName=null,mClass=6,mSubclass=1,mProtocol=1,mEndpoints=[
08-30 11:22:18.767 D/UsbHostManager( 1388): UsbEndpoint[mAddress=129,mAttributes=2,mMaxPacketSize=512,mInterval=0]
08-30 11:22:18.767 D/UsbHostManager( 1388): UsbEndpoint[mAddress=1,mAttributes=2,mMaxPacketSize=512,mInterval=0]
08-30 11:22:18.767 D/UsbHostManager( 1388): UsbEndpoint[mAddress=130,mAttributes=3,mMaxPacketSize=28,mInterval=6]]]]
08-30 11:22:18.774 I/OPENHU  (12797): [2] UsbReceiver.onReceive | USB Intent: Intent { act=android.hardware.usb.action.USB_DEVICE_ATTACHED flg=0x11000010 (has extras) }
08-30 11:22:18.799 V/OPENHU  (12797): [2] UsbDeviceDiagnostics.logDeviceList | UsbDiagnostics: USB list sees 1 USB device(s), 1 usable for Android Auto
08-30 11:22:18.800 V/OPENHU  (12797): [2] UsbDeviceDiagnostics.logDeviceList | UsbDiagnostics:   motorola motorola edge 30 neo (VID: 22B8 PID: 2E83) [class 00/00/00, no permission] accepted: PTP | if0 06/01/01 (bulkIn+bulkOut+1 other)
08-30 11:22:18.802 I/OPENHU  (12797): [2] UsbReceiver.onReceive | USB Intent: Intent { act=android.hardware.usb.action.USB_DEVICE_ATTACHED flg=0x11000010 (has extras) }
08-30 11:22:18.802 I/OPENHU  (12797): [2] UsbLauncherListener.onUsbAttach | Normal USB device attached: motorola motorola edge 30 neo (VID: 22B8 PID: 2E83). Will check auto-connect in 2000ms...
08-30 11:22:20.296 I/OPENHU  (12797): [2] NetworkDiscovery.startScan | NetworkDiscovery: Starting scan...
08-30 11:22:20.298 I/OPENHU  (12797): [54] 1.invokeSuspend | NetworkDiscovery: Step 1 - Quick Gateway Scan
08-30 11:22:20.304 I/OPENHU  (12797): [54] NetworkDiscovery.scanGateways | NetworkDiscovery: Checking suspects: [192.168.1.254, 192.168.1.1, 9.3.231.1]
08-30 11:22:20.805 I/OPENHU  (12797): [2] 1.invokeSuspend | UsbAttachedActivity didn't handle motorola motorola edge 30 neo (VID: 22B8 PID: 2E83). Trying from service...
08-30 11:22:20.812 V/OPENHU  (12797): [2] UsbDeviceDiagnostics.logDeviceList | UsbDiagnostics: service scan (force=true) sees 1 USB device(s), 1 usable for Android Auto
08-30 11:22:20.812 V/OPENHU  (12797): [2] UsbDeviceDiagnostics.logDeviceList | UsbDiagnostics:   motorola motorola edge 30 neo (VID: 22B8 PID: 2E83) [class 00/00/00, no permission] accepted: PTP | if0 06/01/01 (bulkIn+bulkOut+1 other)
08-30 11:22:20.930 I/OPENHU  (12797): [54] NetworkDiscovery.reportProbeTally | NetworkDiscovery: Gateway scan — 3 probed, 0 responded, 3 silent on 5289 (last: SocketTimeoutException)
08-30 11:22:20.931 I/OPENHU  (12797): [54] 1.invokeSuspend | NetworkDiscovery: Step 2 - Full Subnet Scan
08-30 11:22:20.937 I/OPENHU  (12797): [54] 2.invokeSuspend | NetworkDiscovery: Scanning subnet: 192.168.1.*
08-30 11:22:23.401 I/OPENHU  (12797): [62] NetworkDiscovery.reportProbeTally | NetworkDiscovery: Swept 192.168.1.* — 253 probed, 0 responded, 253 silent on 5289 (last: SocketTimeoutException)
08-30 11:22:33.418 I/OPENHU  (12797): [2] NetworkDiscovery.startScan | NetworkDiscovery: Starting scan...
08-30 11:22:33.420 I/OPENHU  (12797): [89] 1.invokeSuspend | NetworkDiscovery: Step 1 - Quick Gateway Scan
08-30 11:22:33.428 I/OPENHU  (12797): [89] NetworkDiscovery.scanGateways | NetworkDiscovery: Checking suspects: [192.168.1.254, 192.168.1.1, 9.3.231.1]
08-30 11:22:34.053 I/OPENHU  (12797): [89] NetworkDiscovery.reportProbeTally | NetworkDiscovery: Gateway scan — 3 probed, 0 responded, 3 silent on 5289 (last: SocketTimeoutException)
08-30 11:22:34.053 I/OPENHU  (12797): [89] 1.invokeSuspend | NetworkDiscovery: Step 2 - Full Subnet Scan
08-30 11:22:34.059 I/OPENHU  (12797): [89] 2.invokeSuspend | NetworkDiscovery: Scanning subnet: 192.168.1.*
08-30 11:22:36.530 I/OPENHU  (12797): [66] NetworkDiscovery.reportProbeTally | NetworkDiscovery: Swept 192.168.1.* — 253 probed, 0 responded, 253 silent on 5289 (last: SocketTimeoutException)
08-30 11:22:46.545 I/OPENHU  (12797): [2] NetworkDiscovery.startScan | NetworkDiscovery: Starting scan...
08-30 11:22:46.547 I/OPENHU  (12797): [62] 1.invokeSuspend | NetworkDiscovery: Step 1 - Quick Gateway Scan
08-30 11:22:46.555 I/OPENHU  (12797): [62] NetworkDiscovery.scanGateways | NetworkDiscovery: Checking suspects: [192.168.1.254, 192.168.1.1, 9.3.231.1]
08-30 11:22:47.179 I/OPENHU  (12797): [62] NetworkDiscovery.reportProbeTally | NetworkDiscovery: Gateway scan — 3 probed, 0 responded, 3 silent on 5289 (last: SocketTimeoutException)
08-30 11:22:47.179 I/OPENHU  (12797): [62] 1.invokeSuspend | NetworkDiscovery: Step 2 - Full Subnet Scan
08-30 11:22:47.186 I/OPENHU  (12797): [62] 2.invokeSuspend | NetworkDiscovery: Scanning subnet: 192.168.1.*
08-30 11:22:49.653 I/OPENHU  (12797): [47] NetworkDiscovery.reportProbeTally | NetworkDiscovery: Swept 192.168.1.* — 253 probed, 0 responded, 253 silent on 5289 (last: SocketTimeoutException)
08-30 11:22:59.667 I/OPENHU  (12797): [2] NetworkDiscovery.startScan | NetworkDiscovery: Starting scan...
08-30 11:22:59.670 I/OPENHU  (12797): [89] 1.invokeSuspend | NetworkDiscovery: Step 1 - Quick Gateway Scan
08-30 11:22:59.685 I/OPENHU  (12797): [89] NetworkDiscovery.scanGateways | NetworkDiscovery: Checking suspects: [192.168.1.254, 192.168.1.1, 9.3.231.1]
08-30 11:23:00.305 I/OPENHU  (12797): [89] NetworkDiscovery.reportProbeTally | NetworkDiscovery: Gateway scan — 3 probed, 0 responded, 3 silent on 5289 (last: SocketTimeoutException)
08-30 11:23:00.305 I/OPENHU  (12797): [89] 1.invokeSuspend | NetworkDiscovery: Step 2 - Full Subnet Scan
08-30 11:23:00.312 I/OPENHU  (12797): [89] 2.invokeSuspend | NetworkDiscovery: Scanning subnet: 192.168.1.*
08-30 11:23:02.775 I/OPENHU  (12797): [58] NetworkDiscovery.reportProbeTally | NetworkDiscovery: Swept 192.168.1.* — 253 probed, 0 responded, 253 silent on 5289 (last: SocketTimeoutException)
08-30 11:23:12.788 I/OPENHU  (12797): [2] NetworkDiscovery.startScan | NetworkDiscovery: Starting scan...
08-30 11:23:12.791 I/OPENHU  (12797): [39] 1.invokeSuspend | NetworkDiscovery: Step 1 - Quick Gateway Scan
08-30 11:23:12.798 I/OPENHU  (12797): [39] NetworkDiscovery.scanGateways | NetworkDiscovery: Checking suspects: [192.168.1.254, 192.168.1.1, 9.3.231.1]
08-30 11:23:13.430 I/OPENHU  (12797): [39] NetworkDiscovery.reportProbeTally | NetworkDiscovery: Gateway scan — 3 probed, 0 responded, 3 silent on 5289 (last: SocketTimeoutException)
08-30 11:23:13.430 I/OPENHU  (12797): [39] 1.invokeSuspend | NetworkDiscovery: Step 2 - Full Subnet Scan
08-30 11:23:13.436 I/OPENHU  (12797): [39] 2.invokeSuspend | NetworkDiscovery: Scanning subnet: 192.168.1.*
08-30 11:23:15.896 I/OPENHU  (12797): [52] NetworkDiscovery.reportProbeTally | NetworkDiscovery: Swept 192.168.1.* — 253 probed, 0 responded, 253 silent on 5289 (last: SocketTimeoutException)
08-30 11:23:25.914 I/OPENHU  (12797): [2] NetworkDiscovery.startScan | NetworkDiscovery: Starting scan...
08-30 11:23:25.916 I/OPENHU  (12797): [52] 1.invokeSuspend | NetworkDiscovery: Step 1 - Quick Gateway Scan
08-30 11:23:25.924 I/OPENHU  (12797): [52] NetworkDiscovery.scanGateways | NetworkDiscovery: Checking suspects: [192.168.1.254, 192.168.1.1, 9.3.231.1]
08-30 11:23:26.548 I/OPENHU  (12797): [52] NetworkDiscovery.reportProbeTally | NetworkDiscovery: Gateway scan — 3 probed, 0 responded, 3 silent on 5289 (last: SocketTimeoutException)
08-30 11:23:26.548 I/OPENHU  (12797): [52] 1.invokeSuspend | NetworkDiscovery: Step 2 - Full Subnet Scan
08-30 11:23:26.554 I/OPENHU  (12797): [52] 2.invokeSuspend | NetworkDiscovery: Scanning subnet: 192.168.1.*
08-30 11:23:29.021 I/OPENHU  (12797): [88] NetworkDiscovery.reportProbeTally | NetworkDiscovery: Swept 192.168.1.* — 253 probed, 0 responded, 253 silent on 5289 (last: SocketTimeoutException)
08-30 11:23:39.036 I/OPENHU  (12797): [2] NetworkDiscovery.startScan | NetworkDiscovery: Starting scan...
08-30 11:23:39.038 I/OPENHU  (12797): [88] 1.invokeSuspend | NetworkDiscovery: Step 1 - Quick Gateway Scan
08-30 11:23:39.045 I/OPENHU  (12797): [88] NetworkDiscovery.scanGateways | NetworkDiscovery: Checking suspects: [192.168.1.254, 192.168.1.1, 9.3.231.1]
08-30 11:23:39.667 I/OPENHU  (12797): [88] NetworkDiscovery.reportProbeTally | NetworkDiscovery: Gateway scan — 3 probed, 0 responded, 3 silent on 5289 (last: SocketTimeoutException)
08-30 11:23:39.667 I/OPENHU  (12797): [88] 1.invokeSuspend | NetworkDiscovery: Step 2 - Full Subnet Scan
08-30 11:23:39.670 I/OPENHU  (12797): [88] 2.invokeSuspend | NetworkDiscovery: Scanning subnet: 192.168.1.*
08-30 11:23:42.132 I/OPENHU  (12797): [81] NetworkDiscovery.reportProbeTally | NetworkDiscovery: Swept 192.168.1.* — 253 probed, 0 responded, 253 silent on 5289 (last: SocketTimeoutException)
08-30 11:23:48.386 W/ActivityTaskManager( 1388): callingPackage for (uid=2000, pid=13612) has no WPC
08-30 11:23:48.405 I/ActivityTaskManager( 1388): START u0 {act=android.hardware.usb.action.USB_DEVICE_ATTACHED flg=0x10000000 cmp=com.andrerinas.headunitrevived/com.andrerinas.openheadunit.app.UsbAttachedActivity} with LAUNCH_SINGLE_TOP from uid 2000 (BAL_ALLOW_PERMISSION) result code=0
08-30 11:23:48.419 I/OPENHU  (12797): [2] UsbAttachedActivity.onCreate | USB Intent: Intent { act=android.hardware.usb.action.USB_DEVICE_ATTACHED flg=0x10000000 cmp=com.andrerinas.headunitrevived/com.andrerinas.openheadunit.app.UsbAttachedActivity }
08-30 11:23:48.423 V/OPENHU  (12797): [2] UsbDeviceDiagnostics.logDeviceList | UsbDiagnostics: USB attach sees 1 USB device(s), 1 usable for Android Auto
08-30 11:23:48.423 V/OPENHU  (12797): [2] UsbDeviceDiagnostics.logDeviceList | UsbDiagnostics:   motorola motorola edge 30 neo (VID: 22B8 PID: 2E83) [class 00/00/00, no permission] accepted: PTP | if0 06/01/01 (bulkIn+bulkOut+1 other)
08-30 11:23:48.424 I/OPENHU  (12797): [2] Companion.resolveDevice$com_andrerinas_headunitrevived_3_3_0_beta3_githubDebug | No USB device in intent extras, falling back to single device: motorola motorola edge 30 neo (VID: 22B8 PID: 2E83)
08-30 11:23:48.424 I/OPENHU  (12797): [2] UsbAttachedActivity.onCreate | Skipping device motorola motorola edge 30 neo (VID: 22B8 PID: 2E83) (not allowed and USB auto-start disabled)
08-30 11:23:48.438 D/OPENHU  (12797): [2] MainActivity.requestPermissions | All required permissions already granted.
08-30 11:23:48.440 I/OPENHU  (12797): [2] HomeFragment.onResume | HomeFragment: onResume. isConnected=false
08-30 11:23:50.495 I/OPENHU  (12797): [2] MainActivity.dispatchKeyEvent | dispatchKeyEvent: keyCode=4, action=0
08-30 11:23:50.500 I/OPENHU  (12797): [2] MainActivity.dispatchKeyEvent | dispatchKeyEvent: keyCode=4, action=1
08-30 11:23:51.685 V/OPENHU  (12797): [2] UsbDeviceDiagnostics.logDeviceList | UsbDiagnostics: USB button sees 1 USB device(s), 1 usable for Android Auto
08-30 11:23:51.686 V/OPENHU  (12797): [2] UsbDeviceDiagnostics.logDeviceList | UsbDiagnostics:   motorola motorola edge 30 neo (VID: 22B8 PID: 2E83) [class 00/00/00, no permission] accepted: PTP | if0 06/01/01 (bulkIn+bulkOut+1 other)
08-30 11:23:51.687 I/OPENHU  (12797): [2] HomeFragment.setupListeners$lambda$16 | USB button: Single device found - motorola motorola edge 30 neo (VID: 22B8 PID: 2E83), auto-connecting
08-30 11:23:51.687 I/OPENHU  (12797): [2] MainActivity.beginAutoConnect | Auto-connect: begin (USB button auto-connect, mode=OVERLAY)
08-30 11:23:51.699 W/ActivityTaskManager( 1388): callingPackage for (uid=1000, pid=1388) is ambiguous: [android, com.android.providers.settings, org.lineageos.lineagesettings, com.android.server.telecom, com.android.location.fused, com.dsi.ant.server]
08-30 11:23:51.718 I/ActivityTaskManager( 1388): START u0 {flg=0x10000000 cmp=com.android.systemui/.usb.UsbPermissionActivity (has extras)} with LAUNCH_MULTIPLE from uid 1000 (BAL_ALLOW_ALLOWLISTED_UID) result code=0
08-30 11:23:51.782 I/ActivityTaskManager( 1388): Displayed com.android.systemui/.usb.UsbPermissionActivity for user 0: +70ms
08-30 11:23:52.140 I/OPENHU  (12797): [2] NetworkDiscovery.startScan | NetworkDiscovery: Starting scan...
08-30 11:23:52.142 I/OPENHU  (12797): [117] 1.invokeSuspend | NetworkDiscovery: Step 1 - Quick Gateway Scan
08-30 11:23:52.151 I/OPENHU  (12797): [117] NetworkDiscovery.scanGateways | NetworkDiscovery: Checking suspects: [192.168.1.254, 192.168.1.1, 9.3.231.1]
08-30 11:23:52.776 I/OPENHU  (12797): [117] NetworkDiscovery.reportProbeTally | NetworkDiscovery: Gateway scan — 3 probed, 0 responded, 3 silent on 5289 (last: SocketTimeoutException)
08-30 11:23:52.776 I/OPENHU  (12797): [117] 1.invokeSuspend | NetworkDiscovery: Step 2 - Full Subnet Scan
08-30 11:23:52.783 I/OPENHU  (12797): [117] 2.invokeSuspend | NetworkDiscovery: Scanning subnet: 192.168.1.*
08-30 11:23:55.237 I/OPENHU  (12797): [117] NetworkDiscovery.reportProbeTally | NetworkDiscovery: Swept 192.168.1.* — 253 probed, 0 responded, 253 silent on 5289 (last: SocketTimeoutException)
08-30 11:24:02.907 D/UsbHostManager( 1388): Removed device at /dev/bus/usb/001/008: motorola edge 30 neo
08-30 11:24:02.914 I/OPENHU  (12797): [2] UsbReceiver.onReceive | USB Intent: Intent { act=android.hardware.usb.action.USB_DEVICE_DETACHED flg=0x1000010 (has extras) }
08-30 11:24:02.917 I/OPENHU  (12797): [2] UsbDeviceDiagnostics.logDeviceList | UsbDiagnostics: USB list sees 0 USB device(s), 0 usable for Android Auto
08-30 11:24:02.918 I/OPENHU  (12797): [2] UsbDeviceDiagnostics.logDeviceList | UsbDiagnostics: nothing is on the bus. Either the port carries no data, the unit is not in USB host mode, or a wireless adapter is waiting for its phone before it presents itself.
08-30 11:24:02.920 I/OPENHU  (12797): [2] UsbReceiver.onReceive | USB Intent: Intent { act=android.hardware.usb.action.USB_DEVICE_DETACHED flg=0x1000010 (has extras) }
08-30 11:24:02.934 I/OPENHU  (12797): [2] UsbReceiver.onReceive | USB Intent: Intent { act=com.andrerinas.openheadunit.ACTION_USB_DEVICE_PERMISSION flg=0x10 pkg=com.andrerinas.headunitrevived (has extras) }
08-30 11:24:02.941 I/OPENHU  (12797): [2] UsbReceiver.onReceive | USB Intent: Intent { act=com.andrerinas.openheadunit.ACTION_USB_DEVICE_PERMISSION flg=0x10 pkg=com.andrerinas.headunitrevived (has extras) }
08-30 11:24:02.942 W/OPENHU  (12797): [2] UsbLauncherListener.onUsbPermission | USB permission denied for motorola motorola edge 30 neo (VID: 22B8 PID: 2E83)
08-30 11:24:02.979 D/OPENHU  (12797): [2] MainActivity.requestPermissions | All required permissions already granted.
08-30 11:24:02.982 I/OPENHU  (12797): [2] HomeFragment.onResume | HomeFragment: onResume. isConnected=false
08-30 11:24:03.492 D/UsbHostManager( 1388): USB device attached: vidpid 22b8:2e83 mfg/product/ver/serial motorola/motorola edge 30 neo/5.04/ZY22GC3BM4 hasAudio/HID/Storage: false/false/false
08-30 11:24:03.497 D/UsbHostManager( 1388): Added device UsbDevice[mName=/dev/bus/usb/001/009,mVendorId=8888,mProductId=11907,mClass=0,mSubclass=0,mProtocol=0,mManufacturerName=motorola,mProductName=motorola edge 30 neo,mVersion=5.04,mSerialNumberReader=com.android.server.usb.UsbSerialReader@9a3b935, mHasAudioPlayback=false, mHasAudioCapture=false, mHasMidi=false, mHasVideoCapture=false, mHasVideoPlayback=false, mConfigurations=[
08-30 11:24:03.497 D/UsbHostManager( 1388): UsbConfiguration[mId=1,mName=ptp,mAttributes=192,mMaxPower=0,mInterfaces=[
08-30 11:24:03.497 D/UsbHostManager( 1388): UsbInterface[mId=0,mAlternateSetting=0,mName=null,mClass=6,mSubclass=1,mProtocol=1,mEndpoints=[
08-30 11:24:03.497 D/UsbHostManager( 1388): UsbEndpoint[mAddress=129,mAttributes=2,mMaxPacketSize=512,mInterval=0]
08-30 11:24:03.497 D/UsbHostManager( 1388): UsbEndpoint[mAddress=1,mAttributes=2,mMaxPacketSize=512,mInterval=0]
08-30 11:24:03.497 D/UsbHostManager( 1388): UsbEndpoint[mAddress=130,mAttributes=3,mMaxPacketSize=28,mInterval=6]]]]
08-30 11:24:03.501 I/OPENHU  (12797): [2] UsbReceiver.onReceive | USB Intent: Intent { act=android.hardware.usb.action.USB_DEVICE_ATTACHED flg=0x11000010 (has extras) }
08-30 11:24:03.514 V/OPENHU  (12797): [2] UsbDeviceDiagnostics.logDeviceList | UsbDiagnostics: USB list sees 1 USB device(s), 1 usable for Android Auto
08-30 11:24:03.514 V/OPENHU  (12797): [2] UsbDeviceDiagnostics.logDeviceList | UsbDiagnostics:   motorola motorola edge 30 neo (VID: 22B8 PID: 2E83) [class 00/00/00, no permission] accepted: PTP | if0 06/01/01 (bulkIn+bulkOut+1 other)
08-30 11:24:03.515 I/OPENHU  (12797): [2] UsbReceiver.onReceive | USB Intent: Intent { act=android.hardware.usb.action.USB_DEVICE_ATTACHED flg=0x11000010 (has extras) }
08-30 11:24:03.517 I/OPENHU  (12797): [2] UsbLauncherListener.onUsbAttach | Normal USB device attached: motorola motorola edge 30 neo (VID: 22B8 PID: 2E83). Will check auto-connect in 2000ms...
08-30 11:24:04.135 W/ActivityTaskManager( 1388): Force removing ActivityRecord{267852429 u0 com.andrerinas.headunitrevived/com.andrerinas.openheadunit.main.MainActivity t108 f}}: app died, no saved state
08-30 11:24:04.207 W/ActivityTaskManager( 1388): Unable to send transaction to client proc com.andrerinas.headunitrevived: no app thread
08-30 11:24:04.264 W/ActivityTaskManager( 1388): setRunningRemoteTransition: no process for null
08-30 11:24:04.292 W/ActivityTaskManager( 1388): Unable to send transaction to client proc com.andrerinas.headunitrevived: no app thread
08-30 11:24:05.256 I/ActivityTaskManager( 1388): Config changes=20000480 {1.0 732mcc123mnc [en_AU_#u-mu-celsius,es_CO_#u-mu-celsius] ldltr sw393dp w393dp h873dp 440dpi nrml long hdr widecg port car night finger -keyb/v/h -nav/h winConfig={ mBounds=Rect(0, 0 - 1080, 2400) mAppBounds=Rect(0, 0 - 1080, 2400) mMaxBounds=Rect(0, 0 - 1080, 2400) mDisplayRotation=ROTATION_0 mWindowingMode=fullscreen mActivityType=undefined mAlwaysOnTop=undefined mRotation=ROTATION_0} as.3 s.1090 fontWeightAdjustment=0}
08-30 11:24:05.575 W/ActivityTaskManager( 1388): callingPackage for (uid=2000, pid=13652) has no WPC
08-30 11:24:05.594 I/ActivityTaskManager( 1388): START u0 {act=android.intent.action.MAIN cat=[android.intent.category.LAUNCHER] flg=0x10200000 cmp=com.andrerinas.headunitrevived/com.andrerinas.openheadunit.main.MainActivity} with LAUNCH_SINGLE_TASK from uid 2000 (BAL_ALLOW_PERMISSION) result code=0
08-30 11:24:06.181 D/OPENHU  (13669): [2] App.onCreate | native library dir /data/app/~~OPfAMlSCPjbRz6qBAnR4Iw==/com.andrerinas.headunitrevived-tOxcKjRa0BHVFAFjYp3eyw==/lib/arm64
08-30 11:24:06.181 D/OPENHU  (13669): [2] App.onCreate |    libusb1.0.so
08-30 11:24:06.181 D/OPENHU  (13669): [2] App.onCreate |    libavutil.so
08-30 11:24:06.182 D/OPENHU  (13669): [2] App.onCreate |    libconscrypt_jni.so
08-30 11:24:06.182 D/OPENHU  (13669): [2] App.onCreate |    libswscale.so
08-30 11:24:06.182 D/OPENHU  (13669): [2] App.onCreate |    libusbhelper.so
08-30 11:24:06.182 D/OPENHU  (13669): [2] App.onCreate |    libavcodec.so
08-30 11:24:06.182 D/OPENHU  (13669): [2] App.onCreate |    libhur_soft_hevc.so
08-30 11:24:06.216 I/OPENHU  (13669): [2] BootCompleteReceiver.onReceive | Boot auto-start: received action=android.intent.action.LOCKED_BOOT_COMPLETED
08-30 11:24:06.217 I/OPENHU  (13669): [2] BootCompleteReceiver.onReceive | Boot auto-start: disabled, skipping
08-30 11:24:06.280 I/ActivityTaskManager( 1388): Config changes=20000480 {1.0 732mcc123mnc [en_AU_#u-mu-celsius,es_CO_#u-mu-celsius] ldltr sw393dp w873dp h393dp 440dpi nrml long hdr widecg land car night finger -keyb/v/h -nav/h winConfig={ mBounds=Rect(0, 0 - 2400, 1080) mAppBounds=Rect(0, 0 - 2400, 1080) mMaxBounds=Rect(0, 0 - 2400, 1080) mDisplayRotation=ROTATION_270 mWindowingMode=fullscreen mActivityType=undefined mAlwaysOnTop=undefined mRotation=ROTATION_270} as.3 s.1175 fontWeightAdjustment=0}
08-30 11:24:06.372 I/OPENHU  (13669): [2] MainActivity.logLaunchSource | App launched by user tap (referrer: android-app://com.android.shell)
08-30 11:24:06.570 D/OPENHU  (13669): [2] UsbReceiver.<init> | UsbReceiver registered
08-30 11:24:06.580 V/OPENHU  (13669): [2] UsbDeviceDiagnostics.logDeviceList | UsbDiagnostics: USB list sees 1 USB device(s), 1 usable for Android Auto
08-30 11:24:06.580 V/OPENHU  (13669): [2] UsbDeviceDiagnostics.logDeviceList | UsbDiagnostics:   motorola motorola edge 30 neo (VID: 22B8 PID: 2E83) [class 00/00/00, no permission] accepted: PTP | if0 06/01/01 (bulkIn+bulkOut+1 other)
08-30 11:24:06.687 D/OPENHU  (13669): [2] MainActivity.requestPermissions | All required permissions already granted.
08-30 11:24:06.693 I/OPENHU  (13669): [2] HomeFragment.onResume | HomeFragment: onResume. isConnected=false
08-30 11:24:06.721 I/OPENHU  (13669): [2] BootCompleteReceiver.onReceive | Boot auto-start: received action=android.intent.action.BOOT_COMPLETED
08-30 11:24:06.723 I/OPENHU  (13669): [2] BootCompleteReceiver.onReceive | Boot auto-start: disabled, skipping
08-30 11:24:06.775 I/OPENHU  (13669): [2] MainActivity.logLaunchSource | App launched by user tap (referrer: android-app://com.android.shell)
08-30 11:24:06.857 D/OPENHU  (13669): [2] MainActivity.requestPermissions | All required permissions already granted.
08-30 11:24:06.860 I/OPENHU  (13669): [2] HomeFragment.onResume | HomeFragment: onResume. isConnected=false
08-30 11:24:06.879 I/OPENHU  (13669): [2] AapService.onCreate | AapService creating...
08-30 11:24:06.913 D/OPENHU  (13669): [2] UsbReceiver.<init> | UsbReceiver registered
08-30 11:24:06.918 I/OPENHU  (13669): [2] AapService.registerReceivers | Registered runtime MEDIA_BUTTON receiver
08-30 11:24:06.920 I/OPENHU  (13669): [2] AapService.registerReceivers | Registered dynamic WiFi Auto-start receiver
08-30 11:24:06.922 I/OPENHU  (13669): [2] AapService.registerReceivers | Registered wake detection receiver (18 actions)
08-30 11:24:06.943 D/OPENHU  (13669): [2] AapService.updateMediaSessionState | MediaSession: State updated to STOPPED, positionMs=0
08-30 11:24:06.946 I/OPENHU  (13669): [2] WifiLauncherManager.setActive | WifiLauncher: Initializing WiFi Mode: AUTO
08-30 11:24:06.946 D/OPENHU  (13669): [2] WifiLauncherSharedServices.startWirelessServer | AapService: Starting the wireless server on 5288 - no server yet.
08-30 11:24:06.951 I/OPENHU  (13669): [2] WirelessServer.start | WirelessServer: binding port 5288...
08-30 11:24:06.954 I/OPENHU  (13669): [2] NetworkDiscovery.startScan | NetworkDiscovery: Starting scan...
08-30 11:24:06.956 I/OPENHU  (13669): [38] 1.invokeSuspend | NetworkDiscovery: Step 1 - Quick Gateway Scan
08-30 11:24:06.958 I/OPENHU  (13669): [36] 1.invokeSuspend | Wireless Server listening on port 5288
08-30 11:24:06.960 I/OPENHU  (13669): [2] AapService.registerNetworkMonitor | NetworkMonitor: Registered network change listener
08-30 11:24:06.966 I/OPENHU  (13669): [39] 1.onAvailable | NetworkMonitor: Network available: 106
08-30 11:24:06.967 I/OPENHU  (13669): [38] NetworkDiscovery.scanGateways | NetworkDiscovery: Checking suspects: [192.168.1.254, 192.168.1.1, 9.3.231.1]
08-30 11:24:06.967 D/OPENHU  (13669): [39] 1.onCapabilitiesChanged | NetworkMonitor: Capabilities changed: 106 → [ Transports: WIFI Capabilities: NOT_METERED&INTERNET&NOT_RESTRICTED&TRUSTED&NOT_VPN&VALIDATED&NOT_ROAMING&FOREGROUND&NOT_CONGESTED&NOT_SUSPENDED&NOT_VCN_MANAGED&NOT_BANDWIDTH_CONSTRAINED LinkUpBandwidth>=1140Kbps LinkDnBandwidth>=29987Kbps TransportInfo: <SSID: <unknown ssid>, BSSID: 02:00:00:00:00:00, MAC: 02:00:00:00:00:00, IP: /192.168.1.189, Security type: 2, Supplicant state: COMPLETED, Wi-Fi standard: 11ac, RSSI: -41, Link speed: 433Mbps, Tx Link speed: 433Mbps, Max Supported Tx Link speed: 433Mbps, Rx Link speed: 433Mbps, Max Supported Rx Link speed: 433Mbps, Frequency: 5785MHz, Net ID: -1, Metered hint: false, score: 60, isUsable: true, CarrierMerged: false, SubscriptionId: -1, IsPrimary: -1, Trusted: true, Restricted: false, Ephemeral: false, OEM paid: false, OEM private: false, OSU AP: false, FQDN: <none>, Provider friendly name: <none>, Requesting package name: <none><none>MLO Information: , Is TID-To-Link negotiation supported by the AP: false, AP MLD Address: <none>, AP MLO Link Id: <none>, AP MLO Affiliated links: <none>, Vendor Data: <none>> SignalStrength: -41 UnderlyingNetworks: Null]
08-30 11:24:06.968 I/OPENHU  (13669): [36] WirelessServer.logLocalNetworkInterfaces | Interface: wlan0, IP: 192.168.1.189
08-30 11:24:06.968 I/OPENHU  (13669): [36] WirelessServer.logLocalNetworkInterfaces | Interface: rmnet_data1, IP: 9.3.231.241
08-30 11:24:06.968 D/OPENHU  (13669): [36] 1.invokeSuspend | WirelessServer: Waiting for TCP connection on port 5288...
08-30 11:24:07.393 I/ActivityTaskManager( 1388): Displayed com.andrerinas.headunitrevived/com.andrerinas.openheadunit.main.MainActivity for user 0: +1s813ms
08-30 11:24:07.452 W/ActivityTaskManager( 1388): Request to remove task ignored for non-existent task 117
08-30 11:24:07.591 I/OPENHU  (13669): [38] NetworkDiscovery.reportProbeTally | NetworkDiscovery: Gateway scan — 3 probed, 0 responded, 3 silent on 5289 (last: SocketTimeoutException)
08-30 11:24:07.591 I/OPENHU  (13669): [38] 1.invokeSuspend | NetworkDiscovery: Step 2 - Full Subnet Scan
08-30 11:24:07.598 I/OPENHU  (13669): [38] 2.invokeSuspend | NetworkDiscovery: Scanning subnet: 192.168.1.*
08-30 11:24:07.728 I/OPENHU  (13669): [39] 1.onServiceRegistered | NSD Registered: AAWireless
08-30 11:24:07.896 I/OPENHU  (13669): [2] 1.invokeSuspend | NetworkMonitor: a scan was already in flight; the next one will not wait
08-30 11:24:10.078 I/OPENHU  (13669): [102] NetworkDiscovery.reportProbeTally | NetworkDiscovery: Swept 192.168.1.* — 253 probed, 0 responded, 253 silent on 5289 (last: SocketTimeoutException)
08-30 11:24:10.082 I/OPENHU  (13669): [2] 1.onScanFinished | AapService: network changed during the last scan; rescanning immediately
08-30 11:24:10.693 W/ActivityTaskManager( 1388): callingPackage for (uid=2000, pid=13784) has no WPC
08-30 11:24:10.705 I/ActivityTaskManager( 1388): START u0 {act=android.hardware.usb.action.USB_DEVICE_ATTACHED flg=0x10000000 cmp=com.andrerinas.headunitrevived/com.andrerinas.openheadunit.app.UsbAttachedActivity} with LAUNCH_SINGLE_TOP from uid 2000 (BAL_ALLOW_PERMISSION) result code=0
08-30 11:24:10.722 I/OPENHU  (13669): [2] UsbAttachedActivity.onCreate | USB Intent: Intent { act=android.hardware.usb.action.USB_DEVICE_ATTACHED flg=0x10000000 cmp=com.andrerinas.headunitrevived/com.andrerinas.openheadunit.app.UsbAttachedActivity }
08-30 11:24:10.724 V/OPENHU  (13669): [2] UsbDeviceDiagnostics.logDeviceList | UsbDiagnostics: USB attach sees 1 USB device(s), 1 usable for Android Auto
08-30 11:24:10.724 V/OPENHU  (13669): [2] UsbDeviceDiagnostics.logDeviceList | UsbDiagnostics:   motorola motorola edge 30 neo (VID: 22B8 PID: 2E83) [class 00/00/00, no permission] accepted: PTP | if0 06/01/01 (bulkIn+bulkOut+1 other)
08-30 11:24:10.725 I/OPENHU  (13669): [2] Companion.resolveDevice$com_andrerinas_headunitrevived_3_3_0_beta3_githubDebug | No USB device in intent extras, falling back to single device: motorola motorola edge 30 neo (VID: 22B8 PID: 2E83)
08-30 11:24:10.726 I/OPENHU  (13669): [2] UsbAttachedActivity.onCreate | Skipping device motorola motorola edge 30 neo (VID: 22B8 PID: 2E83) (not allowed and USB auto-start disabled)
08-30 11:24:10.742 D/OPENHU  (13669): [2] MainActivity.requestPermissions | All required permissions already granted.
08-30 11:24:10.744 I/OPENHU  (13669): [2] HomeFragment.onResume | HomeFragment: onResume. isConnected=false
