path	bytes	sha256	archive	added_commit	added_date
evidence/aa-numeric-keyboard-round1/aa-kb-probe-validator-evidence.txt	2300	70fd133b614573da2412e1dbb40321901a686dd6c0b3480bd954c3244257bf12	evidence-aa-numeric-keyboard-round1.zip	a6b939a964bf66449909febd53ebff19fb3ec8bf	2026-09-03T18:29:47-05:00
evidence/aa-numeric-keyboard-round1/aa-keyboard-probe-debug.apk	2603009	8fcb75716dfa09927e6a0e07d6e502294037d65b8f6e8b6fb0cff2e02f0e20c5	evidence-aa-numeric-keyboard-round1.zip	a6b939a964bf66449909febd53ebff19fb3ec8bf	2026-09-03T18:29:47-05:00
evidence/aa-numeric-keyboard-round1/aa-keyboard-probe-src.zip	56923	69d0e3918fa404b7f88a7e03896a328d13439168f3e896412a068ccd42a48890	evidence-aa-numeric-keyboard-round1.zip	a6b939a964bf66449909febd53ebff19fb3ec8bf	2026-09-03T18:29:47-05:00
evidence/aa-numeric-keyboard-round1/rebuild/aa-keyboard-probe-r1rebuild-src.zip	60782	4529f6520a0f8b8d88a5698134b76a2c64fb0be1f04901d748ac161bbc773d6d	evidence-aa-numeric-keyboard-round1.zip	a6b939a964bf66449909febd53ebff19fb3ec8bf	2026-09-03T18:29:47-05:00
evidence/aa-numeric-keyboard-round1/rebuild/aa-keyboard-probe-r1rebuild.apk	2629716	5d38dfd7bae07f6eb85f632b5e3ffcb321340a0fd143c32e87f1093c97436f14	evidence-aa-numeric-keyboard-round1.zip	a6b939a964bf66449909febd53ebff19fb3ec8bf	2026-09-03T18:29:47-05:00
evidence/aa-numeric-keyboard-round1/screens/A-signin-no-keyboard-autoshow.png	119641	a6cebf37aaccd02a84f4c1e5f79ad8e0a80c758bb4e5f4f43e475c18a6144019	evidence-aa-numeric-keyboard-round1.zip	a6b939a964bf66449909febd53ebff19fb3ec8bf	2026-09-03T18:29:47-05:00
evidence/aa-numeric-keyboard-round1/screens/kb-A.png	128337	61e2fa56b0c5c74cbed8ea037f508651a255622d18f521a88bf208e1fbe1e302	evidence-aa-numeric-keyboard-round1.zip	a6b939a964bf66449909febd53ebff19fb3ec8bf	2026-09-03T18:29:47-05:00
evidence/aa-numeric-keyboard-round1/screens/kb-B.png	143703	9c67ccf56cc58d8f7266645ac84f281256df9545fa366b3663ce30267dcc3ea9	evidence-aa-numeric-keyboard-round1.zip	a6b939a964bf66449909febd53ebff19fb3ec8bf	2026-09-03T18:29:47-05:00
evidence/aa-numeric-keyboard-round1/screens/kb-C.png	137114	a3a65a1fa820978cb7cdc7b0e026302ff2c09f734e90702c4f554d4331c1e6bf	evidence-aa-numeric-keyboard-round1.zip	a6b939a964bf66449909febd53ebff19fb3ec8bf	2026-09-03T18:29:47-05:00
evidence/aa-numeric-keyboard-round1/screens/kb-D.png	150612	b6ec559c9a9cbb19a30ed11a983eee0831307dc9c9c6a575b5dbaac36360772d	evidence-aa-numeric-keyboard-round1.zip	a6b939a964bf66449909febd53ebff19fb3ec8bf	2026-09-03T18:29:47-05:00
evidence/aa-numeric-keyboard-round1/screens/menu.png	249757	a3ce519de168d26b1df9a9fb6bdaf9fb1aefcce6bcdd9257826b8a079c35a46b	evidence-aa-numeric-keyboard-round1.zip	a6b939a964bf66449909febd53ebff19fb3ec8bf	2026-09-03T18:29:47-05:00
evidence/aa-numeric-keyboard-round2/aa-keyboard-probe-r2-src.zip	58460	0e3c054741ac4070d4e3e0fd2e5a196603e6d208e79a9eecf1106534ce39c761	evidence-aa-numeric-keyboard-round2.zip	a6b939a964bf66449909febd53ebff19fb3ec8bf	2026-09-03T18:29:47-05:00
evidence/aa-numeric-keyboard-round2/aa-keyboard-probe-r2.apk	5309681	8d9d8fcbb84901036e937b411337ef223c8e914d300426f939dead29601ee70d	evidence-aa-numeric-keyboard-round2.zip	a6b939a964bf66449909febd53ebff19fb3ec8bf	2026-09-03T18:29:47-05:00
evidence/aa-numeric-keyboard-round2/dpoco-carapp-filtered.txt	487873	1166d086198472c50ef307b827f176cadb9dca56c754ac2587f210356c74d99c	evidence-aa-numeric-keyboard-round2.zip	a6b939a964bf66449909febd53ebff19fb3ec8bf	2026-09-03T18:29:47-05:00
evidence/aa-numeric-keyboard-round2/kb-A-r2-nokbd.png	267392	1f969bc9a5d557f8b8192f86aa746f21a5fce0f30ee71e5326b5a3f83ebe47ee	evidence-aa-numeric-keyboard-round2.zip	a6b939a964bf66449909febd53ebff19fb3ec8bf	2026-09-03T18:29:47-05:00
evidence/aa-numeric-keyboard-round2/kb-A-r2-try2.png	79915	ca688ff21c75a176607001b8d0609b2610e954684d004d47bcce37aca9c8f2ec	evidence-aa-numeric-keyboard-round2.zip	a6b939a964bf66449909febd53ebff19fb3ec8bf	2026-09-03T18:29:47-05:00
evidence/aa-numeric-keyboard-round2/kb-E.png	301103	e98e7ae4bce567994f2513d11534b5ac5c5297db211627fee1c90f14a1c014c2	evidence-aa-numeric-keyboard-round2.zip	a6b939a964bf66449909febd53ebff19fb3ec8bf	2026-09-03T18:29:47-05:00
evidence/aa-numeric-keyboard-round2/kb-list.png	252454	f62a3045d71548466c5e048cbec9413393585c8ae0a70abb7be8acccfd0cb8be	evidence-aa-numeric-keyboard-round2.zip	a6b939a964bf66449909febd53ebff19fb3ec8bf	2026-09-03T18:29:47-05:00
evidence/aa-numeric-keyboard-round2/kb-list2.png	311992	e512f9ebe06952f0602a210c173341e9ef207e7bb4353abbfe1e89e4637a8c10	evidence-aa-numeric-keyboard-round2.zip	a6b939a964bf66449909febd53ebff19fb3ec8bf	2026-09-03T18:29:47-05:00
evidence/aa-numeric-keyboard-round2b/aa-keyboard-probe-r2b-src.zip	61512	01c756a1892d7c6a5a8422b10e1c891146d60732aa07f5371a54b72811f53fd6	evidence-aa-numeric-keyboard-round2b.zip	a6b939a964bf66449909febd53ebff19fb3ec8bf	2026-09-03T18:29:47-05:00
evidence/aa-numeric-keyboard-round2b/aa-keyboard-probe-r2b.apk	2798966	de27a325e1fdd0dd7e31eb9565b12ac00c169b67c8ef5a8851e644f6461e7bee	evidence-aa-numeric-keyboard-round2b.zip	a6b939a964bf66449909febd53ebff19fb3ec8bf	2026-09-03T18:29:47-05:00
evidence/aa-numeric-keyboard-round2b/dhu-settings-after.xml	6054	b1aea6fab5f4673b6e8d3218c9f121f086d2c93d1258730fd42f29eea802faf9	evidence-aa-numeric-keyboard-round2b.zip	a6b939a964bf66449909febd53ebff19fb3ec8bf	2026-09-03T18:29:47-05:00
evidence/aa-numeric-keyboard-round2b/dpoco-carapp.txt	17956	ee70a3df4823e7c4bd2296a3046d84cb3346bb08255893b56d64a3e27ea93a43	evidence-aa-numeric-keyboard-round2b.zip	a6b939a964bf66449909febd53ebff19fb3ec8bf	2026-09-03T18:29:47-05:00
evidence/aa-numeric-keyboard-round2b/hu-input-config.txt	2814	79211e8ed7f70e4104d2148f52aa88a087c3b44373e44e30c7ce77c44c606bc9	evidence-aa-numeric-keyboard-round2b.zip	a6b939a964bf66449909febd53ebff19fb3ec8bf	2026-09-03T18:29:47-05:00
evidence/aa-numeric-keyboard-round2b/kb-A-r2b.png	146471	65d7ebb029f330a355249571938b86945534cd3c5fd0e3d01e76b8a69621dd16	evidence-aa-numeric-keyboard-round2b.zip	a6b939a964bf66449909febd53ebff19fb3ec8bf	2026-09-03T18:29:47-05:00
evidence/aa-numeric-keyboard-round2b/kb-C-rotary.png	168911	c1e58cbff84736e487cc70320d5cfa97724a518bcc099e5f645bb895311ee818	evidence-aa-numeric-keyboard-round2b.zip	a6b939a964bf66449909febd53ebff19fb3ec8bf	2026-09-03T18:29:47-05:00
evidence/aa-numeric-keyboard-round2b/kb-D-r2b.png	152911	ec90757c21121220db1a7b4ed25cdd0f6764ddc0496f91d19864d8255c06aca7	evidence-aa-numeric-keyboard-round2b.zip	a6b939a964bf66449909febd53ebff19fb3ec8bf	2026-09-03T18:29:47-05:00
evidence/aa-numeric-keyboard-round2b/kb-E-checkmark.png	141501	272453330e24b91b74ddd928e7515add3a2867d2f9b6d25475e0f9e4d4fc09e5	evidence-aa-numeric-keyboard-round2b.zip	a6b939a964bf66449909febd53ebff19fb3ec8bf	2026-09-03T18:29:47-05:00
evidence/aa-numeric-keyboard-round2b/kb-E-digits.png	117169	3878c20dd2c88b63e09e624140e1e2ecc3b084295e4aad4e7cf09f138a84e430	evidence-aa-numeric-keyboard-round2b.zip	a6b939a964bf66449909febd53ebff19fb3ec8bf	2026-09-03T18:29:47-05:00
evidence/aa-numeric-keyboard-round2b/kb-E-starhash.png	119640	0514ac2b8162f77d3842f2151b6f528b5bbc624e33ca288298986d50d17b7f15	evidence-aa-numeric-keyboard-round2b.zip	a6b939a964bf66449909febd53ebff19fb3ec8bf	2026-09-03T18:29:47-05:00
evidence/aa-numeric-keyboard-round2b/kb-E.png	113973	f47671852a22f76183eb472a43ffe68233e0389a47e5d953387ee665f89e2677	evidence-aa-numeric-keyboard-round2b.zip	a6b939a964bf66449909febd53ebff19fb3ec8bf	2026-09-03T18:29:47-05:00
evidence/aa-numeric-keyboard-round2b/preflight-dpoco.png	132941	86de038f4d2f0de695e0969165204361e6b3f6a0d62731ec0b12e412f2a11826	evidence-aa-numeric-keyboard-round2b.zip	a6b939a964bf66449909febd53ebff19fb3ec8bf	2026-09-03T18:29:47-05:00
evidence/audio-sink-jitter-round1/hu_capture.log	13215850	99c2d73b337ca50701c49eff36dd9063c9fbc8f9d550f1f6e8bdd22153fafe77	evidence-audio-sink-jitter-round1.zip	bd763af45cc94e60fde702fce9e76c0322455c30	2026-09-15T09:51:34-05:00
evidence/audio-sink-jitter-round1/vlc_keepalive.log	432	dc9103b7511a7f64f12edc2ad33e0fcf509c04e8069664e444c389b74ae3a3a7	evidence-audio-sink-jitter-round1.zip	bd763af45cc94e60fde702fce9e76c0322455c30	2026-09-15T09:51:34-05:00
evidence/audio-sink-jitter-round1/vlc_keepalive2.log	240	6e5a8483009d886180845df8c0f8c25ba544f5f2fb79150528b3ddba6add6b0e	evidence-audio-sink-jitter-round1.zip	bd763af45cc94e60fde702fce9e76c0322455c30	2026-09-15T09:51:34-05:00
evidence/audio-sink-jitter-round2/A2b_mult16_capture.log	356355	a2f1c03771a38f0561a0ff0d773062a7bed64f96d046bba565ed7e3bf10f0214	evidence-audio-sink-jitter-round2.zip	6fa2d3b1db8953913d90f459b3d6e8a82844ebf6	2026-09-15T14:09:20-05:00
evidence/audio-sink-jitter-round2/A2b_mult2_capture.log	408893	4de8c14199c54ce351e899178716eeada39be25c94bb777cd5859ffbb5731c76	evidence-audio-sink-jitter-round2.zip	6fa2d3b1db8953913d90f459b3d6e8a82844ebf6	2026-09-15T14:09:20-05:00
evidence/audio-sink-jitter-round2/A2b_mult2_capture2.log	363920	d53393041092ee049c72a8861df3333a3d3e6aedd9567feb9761bb0a84e37e8e	evidence-audio-sink-jitter-round2.zip	6fa2d3b1db8953913d90f459b3d6e8a82844ebf6	2026-09-15T14:09:20-05:00
evidence/audio-sink-jitter-round2/A2c_mult16_capture.log	360903	d3e3869ae5439ef825617ffd4577e2e1e17d88ee76c2a07e4990ec1c387935ea	evidence-audio-sink-jitter-round2.zip	6fa2d3b1db8953913d90f459b3d6e8a82844ebf6	2026-09-15T14:09:20-05:00
evidence/audio-sink-jitter-round2/A2c_mult2_capture.log	345175	cec1265f637fdb0b4ff8f1eff0998e522ce011db5d47881940d73a770e9d51b3	evidence-audio-sink-jitter-round2.zip	6fa2d3b1db8953913d90f459b3d6e8a82844ebf6	2026-09-15T14:09:20-05:00
evidence/audio-sink-jitter-round2/B2b_rebank_capture.log	461032	2b45e0cee8a63b1535ab613171448e14918b9a23f18b865a054971b4bfabd95e	evidence-audio-sink-jitter-round2.zip	6fa2d3b1db8953913d90f459b3d6e8a82844ebf6	2026-09-15T14:09:20-05:00
evidence/audio-sink-jitter-round2/D1b_aac_capture.log	2399309	714baf2000b0330e69b1551511f65ecd3b54183b0e90d91ad7bbdd2bb3072931	evidence-audio-sink-jitter-round2.zip	6fa2d3b1db8953913d90f459b3d6e8a82844ebf6	2026-09-15T14:09:20-05:00
evidence/audio-sink-jitter-round2/E2_demux_capture.log	900304	45c57b7cea133045ad683ec39b6d9c814c0a6c65cc496cfbfeb1bad0c0e1b09e	evidence-audio-sink-jitter-round2.zip	6fa2d3b1db8953913d90f459b3d6e8a82844ebf6	2026-09-15T14:09:20-05:00
evidence/audio-sink-jitter-round2/G1_baseline_focus.txt	163565	9966028764e66480319b558b18a2184f4fcb019038f4f35d118f97dcbe0f2c21	evidence-audio-sink-jitter-round2.zip	6fa2d3b1db8953913d90f459b3d6e8a82844ebf6	2026-09-15T14:09:20-05:00
evidence/audio-sink-jitter-round2/G1_candidate_focus.txt	163565	f08f8ef17d70aa42fce31f42899d7da56dd854d32f4d7277c54619b575f263c0	evidence-audio-sink-jitter-round2.zip	6fa2d3b1db8953913d90f459b3d6e8a82844ebf6	2026-09-15T14:09:20-05:00
evidence/audio-sink-jitter-round2/G6_candidate_capture.log	1514586	dc8b3a1ba69187e403e37946f56e32af6e753785d277374b7bea73c16b05682e	evidence-audio-sink-jitter-round2.zip	6fa2d3b1db8953913d90f459b3d6e8a82844ebf6	2026-09-15T14:09:20-05:00
evidence/audio-sink-jitter-round2/G6_candidate_cycles.txt	2814	c0557ab39a084fe726077ce25bd92310c29c263efbaf897ad4f5af2b92825e8b	evidence-audio-sink-jitter-round2.zip	6fa2d3b1db8953913d90f459b3d6e8a82844ebf6	2026-09-15T14:09:20-05:00
evidence/audio-sink-jitter-round2/G_focus_baseline_capture.log	2097949	66c3c9971f65c0363e0c505bb14610cba3050405fb1d42702e4d590ac0bec14c	evidence-audio-sink-jitter-round2.zip	6fa2d3b1db8953913d90f459b3d6e8a82844ebf6	2026-09-15T14:09:20-05:00
evidence/audio-sink-jitter-round2/G_focus_capture.log	2941304	4e2cef8c89013a63cc6a8fa0efd5872ec1ef41a654dcfb58ac7246db7bb3463f	evidence-audio-sink-jitter-round2.zip	6fa2d3b1db8953913d90f459b3d6e8a82844ebf6	2026-09-15T14:09:20-05:00
evidence/audio-sink-jitter-round2/H1_baseline_capture.log	35605	a7f5903382c4b84f18dc1402c829fb5595842ca7c260e861f73b928158a78ed2	evidence-audio-sink-jitter-round2.zip	6fa2d3b1db8953913d90f459b3d6e8a82844ebf6	2026-09-15T14:09:20-05:00
evidence/audio-sink-jitter-round2/H2_candidate_capture.log	1288950	ad3c24c6abf11f54934eda18ae72795a549b6e8e9d6236f92075c855795a66f9	evidence-audio-sink-jitter-round2.zip	6fa2d3b1db8953913d90f459b3d6e8a82844ebf6	2026-09-15T14:09:20-05:00
evidence/audio-sink-jitter-round2/H2b_mixer_capture.log	1276360	7ae8b877af3877dc001563db597a2a4f66acebd476ac84043664876229b95118	evidence-audio-sink-jitter-round2.zip	6fa2d3b1db8953913d90f459b3d6e8a82844ebf6	2026-09-15T14:09:20-05:00
evidence/audio-sink-jitter-round2/P1_candidate_capture.log	17123963	e4eab03fb517d3dcecc5e5899e030f35096d6e0692b993c4294ceb22bdda8631	evidence-audio-sink-jitter-round2.zip	6fa2d3b1db8953913d90f459b3d6e8a82844ebf6	2026-09-15T14:09:20-05:00
evidence/audio-sink-jitter-round2/P2_baseline_capture.log	8064887	86126507b95b8f0451119bcf364fb87e0ed19ee9996288c491f15137b0824430	evidence-audio-sink-jitter-round2.zip	6fa2d3b1db8953913d90f459b3d6e8a82844ebf6	2026-09-15T14:09:20-05:00
evidence/audio-sink-jitter-round2/P3_mult16_capture.log	5742423	7721b2e81b456b9bb67667a124a21884422b88cda39cf218c9af0d38d1e4a65f	evidence-audio-sink-jitter-round2.zip	6fa2d3b1db8953913d90f459b3d6e8a82844ebf6	2026-09-15T14:09:20-05:00
evidence/audio-sink-jitter-round2/P3_mult16_mockdrive_gps.log	11	b4a6c06672677cf0e25ec72bec83beae33305cee4b8087f168962014373b02bb	evidence-audio-sink-jitter-round2.zip	6fa2d3b1db8953913d90f459b3d6e8a82844ebf6	2026-09-15T14:09:20-05:00
evidence/audio-sink-jitter-round2/P3_mult16_mockdrive_net.log	11	b4a6c06672677cf0e25ec72bec83beae33305cee4b8087f168962014373b02bb	evidence-audio-sink-jitter-round2.zip	6fa2d3b1db8953913d90f459b3d6e8a82844ebf6	2026-09-15T14:09:20-05:00
evidence/audio-sink-jitter-round2/P3_mult2_capture.log	7738085	e8ef626553c5ed4b39011aa52f189dbb2b32777311b9068bccf81e91852b9d27	evidence-audio-sink-jitter-round2.zip	6fa2d3b1db8953913d90f459b3d6e8a82844ebf6	2026-09-15T14:09:20-05:00
evidence/audio-sink-jitter-round2/P3_mult2_mockdrive_gps.log	11	b4a6c06672677cf0e25ec72bec83beae33305cee4b8087f168962014373b02bb	evidence-audio-sink-jitter-round2.zip	6fa2d3b1db8953913d90f459b3d6e8a82844ebf6	2026-09-15T14:09:20-05:00
evidence/audio-sink-jitter-round2/P3_mult2_mockdrive_net.log	11	b4a6c06672677cf0e25ec72bec83beae33305cee4b8087f168962014373b02bb	evidence-audio-sink-jitter-round2.zip	6fa2d3b1db8953913d90f459b3d6e8a82844ebf6	2026-09-15T14:09:20-05:00
evidence/audio-sink-jitter-round2/P3_mult8_capture.log	5631969	96206c5b7af27074127d70f52fd8a11e26a76271bc6013c6d8ed0d2aca98d46d	evidence-audio-sink-jitter-round2.zip	6fa2d3b1db8953913d90f459b3d6e8a82844ebf6	2026-09-15T14:09:20-05:00
evidence/audio-sink-jitter-round2/P3_mult8_mockdrive_gps.log	11	b4a6c06672677cf0e25ec72bec83beae33305cee4b8087f168962014373b02bb	evidence-audio-sink-jitter-round2.zip	6fa2d3b1db8953913d90f459b3d6e8a82844ebf6	2026-09-15T14:09:20-05:00
evidence/audio-sink-jitter-round2/P3_mult8_mockdrive_net.log	11	b4a6c06672677cf0e25ec72bec83beae33305cee4b8087f168962014373b02bb	evidence-audio-sink-jitter-round2.zip	6fa2d3b1db8953913d90f459b3d6e8a82844ebf6	2026-09-15T14:09:20-05:00
evidence/audio-sink-jitter-round2/guidance_lever_capture.log	86862	23c82a61bbc9fdaa9b83455b40ada0de188865869035c5ed8a2945936162306c	evidence-audio-sink-jitter-round2.zip	6fa2d3b1db8953913d90f459b3d6e8a82844ebf6	2026-09-15T14:09:20-05:00
evidence/audio-sink-jitter-round4/m2-overlay-position0.png	25812	1d7b3e38c57a817c7a3ab7401473b856c97725a8b6bd837decead0a0b5aa9b9c	evidence-audio-sink-jitter-round4.zip	e4d83a69ea17d8df5df4b64105084f1944d7de74	2026-09-16T13:20:28-05:00
evidence/audio-sink-jitter-round4/m2-overlay-position1.png	23370	544dee6f65f66eb3937ae2bb2687684a267acf35ea1629a5970c51af4b48fa2f	evidence-audio-sink-jitter-round4.zip	e4d83a69ea17d8df5df4b64105084f1944d7de74	2026-09-16T13:20:28-05:00
evidence/audio-sink-jitter-round4/t2-videoqueue-picture.png	1200524	25b317ef73e44b283c5efdcb8b9d6b4d6e44dc65c33b21931541f68b98749133	evidence-audio-sink-jitter-round4.zip	e4d83a69ea17d8df5df4b64105084f1944d7de74	2026-09-16T13:20:28-05:00
evidence/audio-sink-jitter-round5/n4r-gearhead-welcome-dialog.png	653435	308c7cb71f848b7836bccd9230c1abae1a80fc525c0c81000ee2b0266a76cfe3	evidence-audio-sink-jitter-round5.zip	c5bb2638001d30fb1f838208ce27d6401bcbe0e6	2026-09-16T15:02:02-05:00
evidence/audio-sink-jitter-round5/t1r-dispatch-windows-full.txt	19487	b6635bb7db05c34e86c92e83a7d8d0ed1ac3128eef514ddd7d0ee10ee9b3cd6e	evidence-audio-sink-jitter-round5.zip	c5bb2638001d30fb1f838208ce27d6401bcbe0e6	2026-09-16T15:02:02-05:00
evidence/audio-sink-jitter-round5/t2r_first_half_ceiling.png	1384317	d47b5738b30fdeefa19df47ad10f460268baeb8972e051673837c7bfff7aea7d	evidence-audio-sink-jitter-round5.zip	c5bb2638001d30fb1f838208ce27d6401bcbe0e6	2026-09-16T15:02:02-05:00
evidence/audio-sink-jitter-round5/t2r_second_half_holdoff.png	1158908	2eabf952a7aa074d36b552c3af240b1a72e442b10d425f77a3dafd65f169297e	evidence-audio-sink-jitter-round5.zip	c5bb2638001d30fb1f838208ce27d6401bcbe0e6	2026-09-16T15:02:02-05:00
evidence/auto-start-loading-screen-round1/a1r2-arm1-usb.png	29938	50b91b9c8334a7a96443e05c0eae66322fce6c6a69bbbe1a7073f4b887a2c14e	evidence-auto-start-loading-screen-round1.zip	06fcefa1109091410e445638699e9fefc4a80a63	2026-09-18T11:42:18-05:00
evidence/auto-start-loading-screen-round1/a1r2-arm2-bt.png	29706	71ba5f0002f465b194d63d56b017577748f2a5e0cac2c353be67a8c9d5132f7c	evidence-auto-start-loading-screen-round1.zip	06fcefa1109091410e445638699e9fefc4a80a63	2026-09-18T11:42:18-05:00
evidence/auto-start-loading-screen-round1/a1r2-arm3-wifi.png	30020	c548d35732e0e498dd78d9696807622b9dbd720ae204aa8600ed9629b7b6d721	evidence-auto-start-loading-screen-round1.zip	06fcefa1109091410e445638699e9fefc4a80a63	2026-09-18T11:42:18-05:00
evidence/auto-start-loading-screen-round1/a2r3-after.png	33974	76517b8501dcc7651235e9cab6fb8db440a58ee5bb5befdcd27d01993ddc4780	evidence-auto-start-loading-screen-round1.zip	06fcefa1109091410e445638699e9fefc4a80a63	2026-09-18T11:42:18-05:00
evidence/auto-start-loading-screen-round1/a2r3-before-settled.png	156396	7efdf46ebc6677f60044f551aaf63f6a02dd15cf0c49032fa9fad27570f6b9d6	evidence-auto-start-loading-screen-round1.zip	06fcefa1109091410e445638699e9fefc4a80a63	2026-09-18T11:42:18-05:00
evidence/auto-start-loading-screen-round1/a3-arm1-at45s.png	34657	bfceca0492ba6d6c301608a9799912f26f537e914f313e29358e26f9d558c495	evidence-auto-start-loading-screen-round1.zip	06fcefa1109091410e445638699e9fefc4a80a63	2026-09-18T11:42:18-05:00
evidence/auto-start-loading-screen-round1/a3-arm2-at45s.png	155895	abb521a933d0647bf08bfa26a0e0e00911a393d7c81399286525457f9d421f63	evidence-auto-start-loading-screen-round1.zip	06fcefa1109091410e445638699e9fefc4a80a63	2026-09-18T11:42:18-05:00
evidence/auto-start-loading-screen-round1/a4.png	153552	5b922f896a95ac7d47a0c1a32da1a29bf4488a6632d0ef3c8d3568e0d06db492	evidence-auto-start-loading-screen-round1.zip	06fcefa1109091410e445638699e9fefc4a80a63	2026-09-18T11:42:18-05:00
evidence/auto-start-loading-screen-round1/a5.png	157609	06f169b6f37870867df5cb3c42f37feb868b3cfa306d3a4c209ca581485b420b	evidence-auto-start-loading-screen-round1.zip	06fcefa1109091410e445638699e9fefc4a80a63	2026-09-18T11:42:18-05:00
evidence/auto-start-loading-screen-round1/b1r2-handoff.mp4.gz	16714313	f17de439d321d7b6214a41462092453f32af18c205919dcd87fbae173726dbd1	evidence-auto-start-loading-screen-round1.zip	06fcefa1109091410e445638699e9fefc4a80a63	2026-09-18T11:42:18-05:00
evidence/auto-start-loading-screen-round1/b1r2-log.txt.gz	547528	8a321689cdf3243b446c0d603cdef155f6387cd45dfab51be5386e0051025d34	evidence-auto-start-loading-screen-round1.zip	06fcefa1109091410e445638699e9fefc4a80a63	2026-09-18T11:42:18-05:00
evidence/auto-start-loading-screen-round1/b2arm1-window1.png	33704	00eb0dcd7b863a0f5da3612ac8dded620e4b7967acbc3edda278da26c92640bc	evidence-auto-start-loading-screen-round1.zip	06fcefa1109091410e445638699e9fefc4a80a63	2026-09-18T11:42:18-05:00
evidence/auto-start-loading-screen-round1/b2arm1-window2-f15.png	54457	dadd496ba887c84ab506e39853dd43c6721ea22fbbde57baa02c1f0ff60f94e5	evidence-auto-start-loading-screen-round1.zip	06fcefa1109091410e445638699e9fefc4a80a63	2026-09-18T11:42:18-05:00
evidence/auto-start-loading-screen-round1/b2arm2-burst/f01.png	22832	95c148fe6c39fa47952bbe63995d0434054b429299034ecec0340041f2f3bc9e	evidence-auto-start-loading-screen-round1.zip	06fcefa1109091410e445638699e9fefc4a80a63	2026-09-18T11:42:18-05:00
evidence/auto-start-loading-screen-round1/b2arm2-burst/f02.png	21883	a47a7ba85459cffadb28b9335793a5ea75f1dc21cd86b5a9a3d836f54dd7095c	evidence-auto-start-loading-screen-round1.zip	06fcefa1109091410e445638699e9fefc4a80a63	2026-09-18T11:42:18-05:00
evidence/auto-start-loading-screen-round1/b2arm2-burst/f03.png	23013	d8774814de136850b23560873d710c45919dfd63c264841529a41f7c68914b06	evidence-auto-start-loading-screen-round1.zip	06fcefa1109091410e445638699e9fefc4a80a63	2026-09-18T11:42:18-05:00
evidence/auto-start-loading-screen-round1/b2arm2-burst/f04.png	21986	ffd7d42674bccdb704f08e4e350afdd3356e8c7345249fd1fb94a9911310fe24	evidence-auto-start-loading-screen-round1.zip	06fcefa1109091410e445638699e9fefc4a80a63	2026-09-18T11:42:18-05:00
evidence/auto-start-loading-screen-round1/b2arm2-burst/f05.png	22941	2297fce40e1dde8f74c38a31256ded3757c354a8824a0e6e39f838941578a4ae	evidence-auto-start-loading-screen-round1.zip	06fcefa1109091410e445638699e9fefc4a80a63	2026-09-18T11:42:18-05:00
evidence/auto-start-loading-screen-round1/b2arm2-burst/f06.png	20805	add69670bc1b2b617c51a0bb5966519684af2add9d42f9bf5b7ba1c546a7019d	evidence-auto-start-loading-screen-round1.zip	06fcefa1109091410e445638699e9fefc4a80a63	2026-09-18T11:42:18-05:00
evidence/auto-start-loading-screen-round1/b2arm2-burst/f07.png	20023	a097b4c69b097b7ef27f1caf55a0133437fe595e515c9533fa0b18b3dd404da5	evidence-auto-start-loading-screen-round1.zip	06fcefa1109091410e445638699e9fefc4a80a63	2026-09-18T11:42:18-05:00
evidence/auto-start-loading-screen-round1/b2arm2-burst/f08.png	24191	519a18767ac2e95021aa5b482aef6a88470261a8beb5350446ea70d85a2d6269	evidence-auto-start-loading-screen-round1.zip	06fcefa1109091410e445638699e9fefc4a80a63	2026-09-18T11:42:18-05:00
evidence/auto-start-loading-screen-round1/b2arm2-burst/f09.png	24191	519a18767ac2e95021aa5b482aef6a88470261a8beb5350446ea70d85a2d6269	evidence-auto-start-loading-screen-round1.zip	06fcefa1109091410e445638699e9fefc4a80a63	2026-09-18T11:42:18-05:00
evidence/auto-start-loading-screen-round1/b2arm2-burst/f10.png	22038	683fdf3d69c2d72b9a6051c4cfaede2e31b5158efda1556e161696a1deb5bfaa	evidence-auto-start-loading-screen-round1.zip	06fcefa1109091410e445638699e9fefc4a80a63	2026-09-18T11:42:18-05:00
evidence/auto-start-loading-screen-round1/b2arm2-burst/f11.png	740461	46bbcdaf7e2f6b046edc65de1cef0cf18853bb32d3c8b82d99f50f20f57bb680	evidence-auto-start-loading-screen-round1.zip	06fcefa1109091410e445638699e9fefc4a80a63	2026-09-18T11:42:18-05:00
evidence/auto-start-loading-screen-round1/b2arm2-burst/f12.png	1160945	75ed03da5741382fcfa63f32414b3f02e80203f0967138e06511720bd3f48e99	evidence-auto-start-loading-screen-round1.zip	06fcefa1109091410e445638699e9fefc4a80a63	2026-09-18T11:42:18-05:00
evidence/auto-start-loading-screen-round1/b2arm2-burst/f13.png	1140655	187e56f8d176eafcbd248189579b0a3637400e512b3894c87a17ef290c654fba	evidence-auto-start-loading-screen-round1.zip	06fcefa1109091410e445638699e9fefc4a80a63	2026-09-18T11:42:18-05:00
evidence/auto-start-loading-screen-round1/b2arm2-burst/f14.png	1183131	ef2b83f00ae340610ce10227922d956d2d67d940b43d069b071352189b710e15	evidence-auto-start-loading-screen-round1.zip	06fcefa1109091410e445638699e9fefc4a80a63	2026-09-18T11:42:18-05:00
evidence/auto-start-loading-screen-round1/b2arm2-burst/f15.png	1183683	2476e4f02a033e2a40dca54542cf9011c5e666c583978c6cabcb74d34ab484c7	evidence-auto-start-loading-screen-round1.zip	06fcefa1109091410e445638699e9fefc4a80a63	2026-09-18T11:42:18-05:00
evidence/auto-start-loading-screen-round1/b2arm2-burst/f16.png	1182885	54a1dd65d3170d15142e4800da0bbc672728fe4f716fcd6718266d2d0d9d2167	evidence-auto-start-loading-screen-round1.zip	06fcefa1109091410e445638699e9fefc4a80a63	2026-09-18T11:42:18-05:00
evidence/auto-start-loading-screen-round1/b2arm2-burst/f17.png	1183027	7877f11d79c0f4813254701acd17f455cee656316c539b62bbd0e5e955e71dfe	evidence-auto-start-loading-screen-round1.zip	06fcefa1109091410e445638699e9fefc4a80a63	2026-09-18T11:42:18-05:00
evidence/auto-start-loading-screen-round1/b2arm2-burst/f18.png	1181809	23de428b57c72a3e51544570e2219be7cfe993b9bde753f4055d701822c63917	evidence-auto-start-loading-screen-round1.zip	06fcefa1109091410e445638699e9fefc4a80a63	2026-09-18T11:42:18-05:00
evidence/auto-start-loading-screen-round1/b2arm2-burst/f19.png	1158425	0a68d1053bc659fb5e50622dbd748731e21d787b07bd35148d8365527e32725c	evidence-auto-start-loading-screen-round1.zip	06fcefa1109091410e445638699e9fefc4a80a63	2026-09-18T11:42:18-05:00
evidence/auto-start-loading-screen-round1/b2arm2-burst/f20.png	1153191	1d0587f1acab3887239483d89fffcd2d6c3a60c371f82e9f457ead9422c215aa	evidence-auto-start-loading-screen-round1.zip	06fcefa1109091410e445638699e9fefc4a80a63	2026-09-18T11:42:18-05:00
evidence/auto-start-loading-screen-round1/b2arm2-log2.txt.gz	130142	54c2a104889b99138389a4e32c1ec7c065d1fedf0d46694f5fe8544c77618bf3	evidence-auto-start-loading-screen-round1.zip	06fcefa1109091410e445638699e9fefc4a80a63	2026-09-18T11:42:18-05:00
evidence/auto-start-loading-screen-round1/b2arm2-window1.png	22026	a3abb2884d9086d65ea8ea7ccf8a65fb91bf50553a0665199d48440660d1fa47	evidence-auto-start-loading-screen-round1.zip	06fcefa1109091410e445638699e9fefc4a80a63	2026-09-18T11:42:18-05:00
evidence/auto-start-loading-screen-round2/v1-arm1-attempt1-log.txt.gz	843587	5f59c45fdccea3c776619e6ea3b97f863370a673bbc3f6d0f76549cd1a4be000	evidence-auto-start-loading-screen-round2.zip	efd4d73df0c93e4a61c6bfafa23ef83c665e6c74	2026-09-18T13:18:00-05:00
evidence/auto-start-loading-screen-round2/v1-arm1-handoff.mp4.gz	29440304	b09c7c96a890d359215bdc22f6e4aa2cf47899785ac702d0b342ca396b3e90c5	evidence-auto-start-loading-screen-round2.zip	efd4d73df0c93e4a61c6bfafa23ef83c665e6c74	2026-09-18T13:18:00-05:00
evidence/auto-start-loading-screen-round2/v1-arm1-log.txt.gz	801670	180aad60af7fbefdd453176dd24a222cfe9f8e7b086c1df6962a27f4a24edd69	evidence-auto-start-loading-screen-round2.zip	efd4d73df0c93e4a61c6bfafa23ef83c665e6c74	2026-09-18T13:18:00-05:00
evidence/auto-start-loading-screen-round2/v1-arm1-mainactivity-overlay.png	76165	da388fa7e78cbdbb40e9913c158fe02dbc13173b46a93b55517771bd046a3e1c	evidence-auto-start-loading-screen-round2.zip	efd4d73df0c93e4a61c6bfafa23ef83c665e6c74	2026-09-18T13:18:00-05:00
evidence/auto-start-loading-screen-round2/v1-arm1-projection-loading-screen.png	56762	8053cddc3c210fd5c36fd074cd1d5495f0875ce884e20903cb2619f0cd19c96c	evidence-auto-start-loading-screen-round2.zip	efd4d73df0c93e4a61c6bfafa23ef83c665e6c74	2026-09-18T13:18:00-05:00
evidence/auto-start-loading-screen-round2/v1-arm2-handoff.mp4.gz	25874362	a9c863c7f215175d283e222b329b5316a4ef6f665aeb7a0d032ec6f2da0ffd72	evidence-auto-start-loading-screen-round2.zip	efd4d73df0c93e4a61c6bfafa23ef83c665e6c74	2026-09-18T13:18:00-05:00
evidence/auto-start-loading-screen-round2/v1-arm2-log.txt.gz	768859	072d8f01e220ae503dc4df706567ef3312f2ae262300cc1e17d84579910bfbbe	evidence-auto-start-loading-screen-round2.zip	efd4d73df0c93e4a61c6bfafa23ef83c665e6c74	2026-09-18T13:18:00-05:00
evidence/auto-start-loading-screen-round2/v1-arm2-mainactivity-cancel-button.png	37512	b58828b4252108b1959e616e25a55458a2a64df0278cd045d411615a57ab1e95	evidence-auto-start-loading-screen-round2.zip	efd4d73df0c93e4a61c6bfafa23ef83c665e6c74	2026-09-18T13:18:00-05:00
evidence/auto-start-loading-screen-round2/v1-arm2-projection-loading-screen-no-pill.png	44346	4ed0326ef144fb79a12ef3978462c4944bd7ec87c2553417057694d3cde9875b	evidence-auto-start-loading-screen-round2.zip	efd4d73df0c93e4a61c6bfafa23ef83c665e6c74	2026-09-18T13:18:00-05:00
evidence/auto-start-loading-screen-round2/v2-arm1-log.txt.gz	163951	9c489aa368d488a08c852f40700752c6f006b4a88a5fffad8851d033868614ef	evidence-auto-start-loading-screen-round2.zip	efd4d73df0c93e4a61c6bfafa23ef83c665e6c74	2026-09-18T13:18:00-05:00
evidence/auto-start-loading-screen-round2/v2-arm2-log.txt.gz	157031	59c9533ffc81c463f052e56fb93693f4229c3e245795603f77158adbd2aa799a	evidence-auto-start-loading-screen-round2.zip	efd4d73df0c93e4a61c6bfafa23ef83c665e6c74	2026-09-18T13:18:00-05:00
evidence/bring-up-status-pill-and-poke-readiness-round1/d1-precond-dpoco-ag.txt	518	252c62f33c0eb0bf700f2446b16215d0116509b06933d1f14d885da9d79e06ff	evidence-bring-up-status-pill-and-poke-readiness-round1.zip	a2ca4a41e213ce5b84d9ac0b64639216b5355a0a	2026-09-10T17:49:11-05:00
evidence/bring-up-status-pill-and-poke-readiness-round1/d1.txt.gz	240801	1085467ee153cb115f3653ba1604c1e3d02deecec41dba369e5e1720ba89fd87	evidence-bring-up-status-pill-and-poke-readiness-round1.zip	a2ca4a41e213ce5b84d9ac0b64639216b5355a0a	2026-09-10T17:49:11-05:00
evidence/bring-up-status-pill-and-poke-readiness-round1/d2-precond-dhu.txt	182	438344cc3d5d29eb1d17a71d04c9806327c516824ccccb8d18f723fba7850787	evidence-bring-up-status-pill-and-poke-readiness-round1.zip	a2ca4a41e213ce5b84d9ac0b64639216b5355a0a	2026-09-10T17:49:11-05:00
evidence/bring-up-status-pill-and-poke-readiness-round1/d2.txt.gz	2014278	b01328c576df74d2b0e08fb903f5cad81ec9d3f6fb2bc3fb27603897c72b20b1	evidence-bring-up-status-pill-and-poke-readiness-round1.zip	a2ca4a41e213ce5b84d9ac0b64639216b5355a0a	2026-09-10T17:49:11-05:00
evidence/bring-up-status-pill-and-poke-readiness-round1/d3.txt.gz	561740	9e7ab1be66e48259abdf19440a89fa82608165473065a999d0721a48b6a1b309	evidence-bring-up-status-pill-and-poke-readiness-round1.zip	a2ca4a41e213ce5b84d9ac0b64639216b5355a0a	2026-09-10T17:49:11-05:00
evidence/bring-up-status-pill-and-poke-readiness-round1/dhu-settings-backup.xml	7114	406f08b4ef29dbb4189dc1dfe207d7a146fb58286165e56ee06f864749e30bf6	evidence-bring-up-status-pill-and-poke-readiness-round1.zip	a2ca4a41e213ce5b84d9ac0b64639216b5355a0a	2026-09-10T17:49:11-05:00
evidence/bring-up-status-pill-and-poke-readiness-round1/dpoco-settings-backup.xml	6287	28f8f6ca2e6d486c770ab9acadd4bf76f3957083bdcaa104fbacabf10fecca5e	evidence-bring-up-status-pill-and-poke-readiness-round1.zip	a2ca4a41e213ce5b84d9ac0b64639216b5355a0a	2026-09-10T17:49:11-05:00
evidence/bring-up-status-pill-and-poke-readiness-round1/p1.txt.gz	1241064	4935ab83297ecdaf8141be31cde551e2152ade70d928900ca2762f2df86b32b9	evidence-bring-up-status-pill-and-poke-readiness-round1.zip	a2ca4a41e213ce5b84d9ac0b64639216b5355a0a	2026-09-10T17:49:11-05:00
evidence/bring-up-status-pill-and-poke-readiness-round1/p2-screen.png	149497	063fc9158a534edbd29dddf97c4e06b30fc6d711fdb13cfa06b84f3defdb151f	evidence-bring-up-status-pill-and-poke-readiness-round1.zip	a2ca4a41e213ce5b84d9ac0b64639216b5355a0a	2026-09-10T17:49:11-05:00
evidence/bring-up-status-pill-and-poke-readiness-round1/p2-ui.xml	9186	06743957408178496c80faa3f485d599c7924dceef8a05274b1ad916227d19e4	evidence-bring-up-status-pill-and-poke-readiness-round1.zip	a2ca4a41e213ce5b84d9ac0b64639216b5355a0a	2026-09-10T17:49:11-05:00
evidence/bring-up-status-pill-and-poke-readiness-round1/p2.txt.gz	369555	83a0049e6d79a5174fd06f0b6abdd76d605a6aa864517b8dd027009bbec4df26	evidence-bring-up-status-pill-and-poke-readiness-round1.zip	a2ca4a41e213ce5b84d9ac0b64639216b5355a0a	2026-09-10T17:49:11-05:00
evidence/bring-up-status-pill-and-poke-readiness-round1/p3.txt.gz	1161468	969866f0e806b34e56a44072ec6a5f1abda835477b3b6edda0ed7c1e9f59913b	evidence-bring-up-status-pill-and-poke-readiness-round1.zip	a2ca4a41e213ce5b84d9ac0b64639216b5355a0a	2026-09-10T17:49:11-05:00
evidence/bring-up-status-pill-and-poke-readiness-round1/p4.txt.gz	823888	f34f3407a6f6440e038e847651b25fa7c73913e64ed8d67f0474d12c436b370f	evidence-bring-up-status-pill-and-poke-readiness-round1.zip	a2ca4a41e213ce5b84d9ac0b64639216b5355a0a	2026-09-10T17:49:11-05:00
evidence/bring-up-status-pill-and-poke-readiness-round1/p5-pill.png	148412	cfdcecdb37e00e705ca368ee2d64b0d29c50c4d136a0fa20e1d35d721b3983f8	evidence-bring-up-status-pill-and-poke-readiness-round1.zip	a2ca4a41e213ce5b84d9ac0b64639216b5355a0a	2026-09-10T17:49:11-05:00
evidence/bring-up-status-pill-and-poke-readiness-round1/p5.txt.gz	183117	9026f5c1a63a0d5b2e75789c82401c1af5ffd599d6c5c8efd53861454ebc874c	evidence-bring-up-status-pill-and-poke-readiness-round1.zip	a2ca4a41e213ce5b84d9ac0b64639216b5355a0a	2026-09-10T17:49:11-05:00
evidence/bring-up-status-pill-and-poke-readiness-round1/w1-precond-dhu.txt	215	7a08766a46d42c508db4afd972de37db5a074709769478025bf2bcca04637d52	evidence-bring-up-status-pill-and-poke-readiness-round1.zip	a2ca4a41e213ce5b84d9ac0b64639216b5355a0a	2026-09-10T17:49:11-05:00
evidence/bring-up-status-pill-and-poke-readiness-round1/w1-precond-dpoco-ag.txt	517	1c0f4911a44b26bfb688c2ee0ac821aa7427daa3e78b1531cde59eeba410aa8b	evidence-bring-up-status-pill-and-poke-readiness-round1.zip	a2ca4a41e213ce5b84d9ac0b64639216b5355a0a	2026-09-10T17:49:11-05:00
evidence/bring-up-status-pill-and-poke-readiness-round1/w1.txt.gz	225254	b1251f11cfbc8173bfba92bb44daa52ec2a276257c45732cc065126832071246	evidence-bring-up-status-pill-and-poke-readiness-round1.zip	a2ca4a41e213ce5b84d9ac0b64639216b5355a0a	2026-09-10T17:49:11-05:00
evidence/bring-up-status-pill-and-poke-readiness-round1/w1b-precond-dpoco-ag.txt	517	1c0f4911a44b26bfb688c2ee0ac821aa7427daa3e78b1531cde59eeba410aa8b	evidence-bring-up-status-pill-and-poke-readiness-round1.zip	a2ca4a41e213ce5b84d9ac0b64639216b5355a0a	2026-09-10T17:49:11-05:00
evidence/bring-up-status-pill-and-poke-readiness-round1/w1b.txt.gz	307665	30b05e04cacd5efb2135cc7b139b89668ae68bf1e5c15b1fcbef222d38c70a99	evidence-bring-up-status-pill-and-poke-readiness-round1.zip	a2ca4a41e213ce5b84d9ac0b64639216b5355a0a	2026-09-10T17:49:11-05:00
evidence/bring-up-status-pill-and-poke-readiness-round1/w2-precond-dpoco-ag.txt	518	252c62f33c0eb0bf700f2446b16215d0116509b06933d1f14d885da9d79e06ff	evidence-bring-up-status-pill-and-poke-readiness-round1.zip	a2ca4a41e213ce5b84d9ac0b64639216b5355a0a	2026-09-10T17:49:11-05:00
evidence/bring-up-status-pill-and-poke-readiness-round1/w2.txt.gz	239424	cab9215ea4015f6dec5cd728d9296cdcf3b26308b09bef5cfa8935b576d9f6b2	evidence-bring-up-status-pill-and-poke-readiness-round1.zip	a2ca4a41e213ce5b84d9ac0b64639216b5355a0a	2026-09-10T17:49:11-05:00
evidence/bring-up-status-pill-and-poke-readiness-round1/w2b-precond-dpoco-ag.txt	518	252c62f33c0eb0bf700f2446b16215d0116509b06933d1f14d885da9d79e06ff	evidence-bring-up-status-pill-and-poke-readiness-round1.zip	a2ca4a41e213ce5b84d9ac0b64639216b5355a0a	2026-09-10T17:49:11-05:00
evidence/bring-up-status-pill-and-poke-readiness-round1/w2b.txt.gz	152568	6a5e6c679904a7cf4ed51fc64c1c6020a6856c01258df7ed7ad2ee1d70700208	evidence-bring-up-status-pill-and-poke-readiness-round1.zip	a2ca4a41e213ce5b84d9ac0b64639216b5355a0a	2026-09-10T17:49:11-05:00
evidence/bring-up-status-pill-and-poke-readiness-round1/w3-precond-dpoco-ag.txt	518	252c62f33c0eb0bf700f2446b16215d0116509b06933d1f14d885da9d79e06ff	evidence-bring-up-status-pill-and-poke-readiness-round1.zip	a2ca4a41e213ce5b84d9ac0b64639216b5355a0a	2026-09-10T17:49:11-05:00
evidence/bring-up-status-pill-and-poke-readiness-round1/w3.txt.gz	496828	b638bf21f016957cb8002ffeb57d63c78b94a5007a318a9af0a8b9d399d5fc45	evidence-bring-up-status-pill-and-poke-readiness-round1.zip	a2ca4a41e213ce5b84d9ac0b64639216b5355a0a	2026-09-10T17:49:11-05:00
evidence/bring-up-status-pill-and-poke-readiness-round2/d1-dpoco.txt.gz	286997	1897e61e09081a3c887d48eff9182e06ac62893ef681b7a3bb0da0d8ed56b945	evidence-bring-up-status-pill-and-poke-readiness-round2.zip	aff5de7546a4112b6c4250106f74dd6faebb59c9	2026-09-10T22:23:58-05:00
evidence/bring-up-status-pill-and-poke-readiness-round2/d2-dhu-retry.txt.gz	763636	da92849ec0b6a7803085c2f2bb34de55106ab88e1cb1be12115fad710c1ff7e3	evidence-bring-up-status-pill-and-poke-readiness-round2.zip	aff5de7546a4112b6c4250106f74dd6faebb59c9	2026-09-10T22:23:58-05:00
evidence/bring-up-status-pill-and-poke-readiness-round2/d2-dhu.txt.gz	1690318	2f1809725f2dc49c720d31daa89a955d6a9033049ae537171c4877a681e7179d	evidence-bring-up-status-pill-and-poke-readiness-round2.zip	aff5de7546a4112b6c4250106f74dd6faebb59c9	2026-09-10T22:23:58-05:00
evidence/bring-up-status-pill-and-poke-readiness-round2/d2-precond-dhu-before.txt	80116	3ee3ff4bdab4ff16e9cd9412a7d03d1d0796acd2e627854946bc4b967d8a4bb9	evidence-bring-up-status-pill-and-poke-readiness-round2.zip	aff5de7546a4112b6c4250106f74dd6faebb59c9	2026-09-10T22:23:58-05:00
evidence/bring-up-status-pill-and-poke-readiness-round2/d2-untestable-tcp4.txt	1200	f3cd27e0b6530f910da6394b60496a80a0d13bc538c4eee97c42a262e077d512	evidence-bring-up-status-pill-and-poke-readiness-round2.zip	aff5de7546a4112b6c4250106f74dd6faebb59c9	2026-09-10T22:23:58-05:00
evidence/bring-up-status-pill-and-poke-readiness-round2/d2-untestable-tcp6.txt	1387	54169dadd9a9e1ac5757ec334aef5dac00a1762c062c6a2ca594914e9ad3f099	evidence-bring-up-status-pill-and-poke-readiness-round2.zip	aff5de7546a4112b6c4250106f74dd6faebb59c9	2026-09-10T22:23:58-05:00
evidence/bring-up-status-pill-and-poke-readiness-round2/d2-untestable-wifi-state.txt	505644	43991ebf6094ff587005d6943c9349b8d6ec0d458ba305e5fb334d0290c6e99d	evidence-bring-up-status-pill-and-poke-readiness-round2.zip	aff5de7546a4112b6c4250106f74dd6faebb59c9	2026-09-10T22:23:58-05:00
evidence/bring-up-status-pill-and-poke-readiness-round2/dhu-settings-backup.xml	7425	e58dfbf9ade13b0583a062b2a64edb461943e414c6d48c60a11f52eb7d2bcdbc	evidence-bring-up-status-pill-and-poke-readiness-round2.zip	aff5de7546a4112b6c4250106f74dd6faebb59c9	2026-09-10T22:23:58-05:00
evidence/bring-up-status-pill-and-poke-readiness-round2/dpoco-settings-backup.xml	6462	2c7564d6dea1904263be9d8464524832876ff871d066e2c67ac4f45a91402806	evidence-bring-up-status-pill-and-poke-readiness-round2.zip	aff5de7546a4112b6c4250106f74dd6faebb59c9	2026-09-10T22:23:58-05:00
evidence/bring-up-status-pill-and-poke-readiness-round2/p1-dhu.txt.gz	1145871	05523eb87f127a92569c9966e0b10329ffc4f4edebbe6eacde89748f2f14abdf	evidence-bring-up-status-pill-and-poke-readiness-round2.zip	aff5de7546a4112b6c4250106f74dd6faebb59c9	2026-09-10T22:23:58-05:00
evidence/bring-up-status-pill-and-poke-readiness-round2/p2-screen.png	149821	1c5ff7850416eb8ed327bb3dedf3904f76930090f4b47ec899162907c6d2318b	evidence-bring-up-status-pill-and-poke-readiness-round2.zip	aff5de7546a4112b6c4250106f74dd6faebb59c9	2026-09-10T22:23:58-05:00
evidence/bring-up-status-pill-and-poke-readiness-round2/p2-ui.xml	9186	06743957408178496c80faa3f485d599c7924dceef8a05274b1ad916227d19e4	evidence-bring-up-status-pill-and-poke-readiness-round2.zip	aff5de7546a4112b6c4250106f74dd6faebb59c9	2026-09-10T22:23:58-05:00
evidence/bring-up-status-pill-and-poke-readiness-round2/p3-dhu.txt.gz	1068230	30bc5572440d830fb0f62fda68b0be07f16815b48c4d47ad97089038b80812bd	evidence-bring-up-status-pill-and-poke-readiness-round2.zip	aff5de7546a4112b6c4250106f74dd6faebb59c9	2026-09-10T22:23:58-05:00
evidence/bring-up-status-pill-and-poke-readiness-round2/p4-dhu.txt.gz	187299	85c046bbcc4e9a7f1c79da3ce4e414561bca2c906dae830dc31ea656db7481fb	evidence-bring-up-status-pill-and-poke-readiness-round2.zip	aff5de7546a4112b6c4250106f74dd6faebb59c9	2026-09-10T22:23:58-05:00
evidence/bring-up-status-pill-and-poke-readiness-round2/p5-pill.png	146190	dcde45620be92c175e44752f6c2c69030bb10dd29b94f1ed20c8a26b82be4230	evidence-bring-up-status-pill-and-poke-readiness-round2.zip	aff5de7546a4112b6c4250106f74dd6faebb59c9	2026-09-10T22:23:58-05:00
evidence/bring-up-status-pill-and-poke-readiness-round2/p5-try3.png	149947	5a88525a686cf874a2932b5a2d7ee3f9c3348ddab4fc0935e41c60dbe62a0376	evidence-bring-up-status-pill-and-poke-readiness-round2.zip	aff5de7546a4112b6c4250106f74dd6faebb59c9	2026-09-10T22:23:58-05:00
evidence/bring-up-status-pill-and-poke-readiness-round2/w1-dpoco.txt.gz	374211	c6458e0183e83aca1d41a6dc3a0d8ec0ee1a9d9566f16e17e7494bc125e0bbd8	evidence-bring-up-status-pill-and-poke-readiness-round2.zip	aff5de7546a4112b6c4250106f74dd6faebb59c9	2026-09-10T22:23:58-05:00
evidence/bring-up-status-pill-and-poke-readiness-round2/w1-precond-dhu-before.txt	215	7a08766a46d42c508db4afd972de37db5a074709769478025bf2bcca04637d52	evidence-bring-up-status-pill-and-poke-readiness-round2.zip	aff5de7546a4112b6c4250106f74dd6faebb59c9	2026-09-10T22:23:58-05:00
evidence/bring-up-status-pill-and-poke-readiness-round2/w1-precond-dpoco-ag.txt	103986	d5126dfd8ba09694c551ac0c3c89ea6313d78c513fa2e084ee77f274e05a44a5	evidence-bring-up-status-pill-and-poke-readiness-round2.zip	aff5de7546a4112b6c4250106f74dd6faebb59c9	2026-09-10T22:23:58-05:00
evidence/bring-up-status-pill-and-poke-readiness-round2/w1b-dpoco.txt.gz	439245	ef6a71099f14eef5dba0b4fdc582136fa18cffa817053ac5b794552f7596b3d5	evidence-bring-up-status-pill-and-poke-readiness-round2.zip	aff5de7546a4112b6c4250106f74dd6faebb59c9	2026-09-10T22:23:58-05:00
evidence/bring-up-status-pill-and-poke-readiness-round2/w2-dpoco.txt.gz	175491	4d4a3279856315d07317054ccb8ab15519aadce4d488dee51e4da3bb74b441d3	evidence-bring-up-status-pill-and-poke-readiness-round2.zip	aff5de7546a4112b6c4250106f74dd6faebb59c9	2026-09-10T22:23:58-05:00
evidence/bring-up-status-pill-and-poke-readiness-round2/w2b-dpoco.txt.gz	64653	448a5654bd2b7b8b9c684fc68f5a6e922f25ed849ec34c130040ddd89d89c067	evidence-bring-up-status-pill-and-poke-readiness-round2.zip	aff5de7546a4112b6c4250106f74dd6faebb59c9	2026-09-10T22:23:58-05:00
evidence/bring-up-status-pill-and-poke-readiness-round2/w3-dpoco.txt.gz	118198	11c7f2f798932d1173f5a3d08848d78d6ba547f8ebcaa87cda4e4bf9af4499d9	evidence-bring-up-status-pill-and-poke-readiness-round2.zip	aff5de7546a4112b6c4250106f74dd6faebb59c9	2026-09-10T22:23:58-05:00
evidence/bring-up-status-pill-and-poke-readiness-round3/d1-dpoco-round3.txt.gz	213234	3dbee01b75f232218bd3bf90c8a8ddb4099e1470df377dfd2f6c00684049bdba	evidence-bring-up-status-pill-and-poke-readiness-round3.zip	b9ff82b2bda18907afb9500dabef9f20f48437a3	2026-09-10T23:25:00-05:00
evidence/bring-up-status-pill-and-poke-readiness-round3/d2-dhu-round3-attempt1-stale-group-discard.txt.gz	1203412	d2ba2263a2baa99a98198af825052d1f3854a26ccc477f93390b19bf03687597	evidence-bring-up-status-pill-and-poke-readiness-round3.zip	b9ff82b2bda18907afb9500dabef9f20f48437a3	2026-09-10T23:25:00-05:00
evidence/bring-up-status-pill-and-poke-readiness-round3/d2-dhu-round3.txt.gz	2479826	8dc1e2129bba3db9ce2e9bcd6acaca0b6713789927f92c6b1a22353153124bae	evidence-bring-up-status-pill-and-poke-readiness-round3.zip	b9ff82b2bda18907afb9500dabef9f20f48437a3	2026-09-10T23:25:00-05:00
evidence/bring-up-status-pill-and-poke-readiness-round3/d3-dhu-round3.txt.gz	784980	0aa9ebb26a4527042b14c0cb9424ccf3cc20baff018b5f7f9f7bfb57078a2da9	evidence-bring-up-status-pill-and-poke-readiness-round3.zip	b9ff82b2bda18907afb9500dabef9f20f48437a3	2026-09-10T23:25:00-05:00
evidence/bring-up-status-pill-and-poke-readiness-round3/p2-screen-round3.png	154488	c653ca6a7d590e169a0b0f576311dcda74192f0c45c33a42f102c9cbb58ebeae	evidence-bring-up-status-pill-and-poke-readiness-round3.zip	e484174793fc39cdb3d6650a2311b42a9e44b065	2026-09-10T23:04:33-05:00
evidence/bring-up-status-pill-and-poke-readiness-round3/p2-ui-round3.xml	9616	2f9980769c186a28b8021a9f2326e4167c7e83f99cd552dcc2c2b080eb36feb4	evidence-bring-up-status-pill-and-poke-readiness-round3.zip	e484174793fc39cdb3d6650a2311b42a9e44b065	2026-09-10T23:04:33-05:00
evidence/bring-up-status-pill-and-poke-readiness-round3/r1-p1-dhu.txt.gz	1656022	4347408b128ac578b983da69f5eb0eed1338b66771ecde3dd6bd8bfbb0217978	evidence-bring-up-status-pill-and-poke-readiness-round3.zip	e484174793fc39cdb3d6650a2311b42a9e44b065	2026-09-10T23:04:33-05:00
evidence/bring-up-status-pill-and-poke-readiness-round3/r1-p2-dhu.txt.gz	644364	4d7a0319eef754df928f286531243079a363c38a586af1681962a66561310d5a	evidence-bring-up-status-pill-and-poke-readiness-round3.zip	e484174793fc39cdb3d6650a2311b42a9e44b065	2026-09-10T23:04:33-05:00
evidence/bring-up-status-pill-and-poke-readiness-round3/r1-p3-dhu.txt.gz	1577465	bdcd3070ec613e9ede6af4a68c9d731e4a6ab598ec5f8d30e5f4b79b1c8258e9	evidence-bring-up-status-pill-and-poke-readiness-round3.zip	e484174793fc39cdb3d6650a2311b42a9e44b065	2026-09-10T23:04:33-05:00
evidence/bring-up-status-pill-and-poke-readiness-round3/r1-p4-dhu.txt.gz	178231	b3bba7979d22b4571a86a81cb17e994e88584a9c28eb152de8e632872d9ae1c2	evidence-bring-up-status-pill-and-poke-readiness-round3.zip	e484174793fc39cdb3d6650a2311b42a9e44b065	2026-09-10T23:04:33-05:00
evidence/bring-up-status-pill-and-poke-readiness-round3/r2-p1-dhu.txt.gz	4668513	e4197f60b1e15dae31978cb3a6d802fa8ed48ec37fecfe18992cdf0384ad8e48	evidence-bring-up-status-pill-and-poke-readiness-round3.zip	e484174793fc39cdb3d6650a2311b42a9e44b065	2026-09-10T23:04:33-05:00
evidence/bring-up-status-pill-and-poke-readiness-round3/wb1-dhu.txt.gz	2511214	162ee3d3906c28e2bc159e5b4db707c66d47dd1e7fc1728d4c2ecd467ce753ff	evidence-bring-up-status-pill-and-poke-readiness-round3.zip	e484174793fc39cdb3d6650a2311b42a9e44b065	2026-09-10T23:04:33-05:00
evidence/bring-up-status-pill-and-poke-readiness-round4/d2-dhu.txt.gz	3428513	824c3acacc646ef5514e9752161472dc026a2a58bf02058f184fcc9dfc37a38a	evidence-bring-up-status-pill-and-poke-readiness-round4.zip	5b3cd4fad1963be0970b2104f80305e6d8eee716	2026-09-11T00:50:08-05:00
evidence/bring-up-status-pill-and-poke-readiness-round4/d3-dhu.txt.gz	530378	8e0aea68322f7b76bac6a424f7fa4a177132a68d7ad6f607109b4764d9c218e3	evidence-bring-up-status-pill-and-poke-readiness-round4.zip	5b3cd4fad1963be0970b2104f80305e6d8eee716	2026-09-11T00:50:08-05:00
evidence/bring-up-status-pill-and-poke-readiness-round4/p1-dhu.txt.gz	1960527	9748b5049e3b3c8413d5a3950f7f69f3d5a2f9f54c67c7b625d58ecd2e84225e	evidence-bring-up-status-pill-and-poke-readiness-round4.zip	5b3cd4fad1963be0970b2104f80305e6d8eee716	2026-09-11T00:50:08-05:00
evidence/bring-up-status-pill-and-poke-readiness-round4/p2-ui.xml	9616	e4fc496996b6efba49cbc11f8f68aff48b58c33829108411f902132ed5d7b2ed	evidence-bring-up-status-pill-and-poke-readiness-round4.zip	5b3cd4fad1963be0970b2104f80305e6d8eee716	2026-09-11T00:50:08-05:00
evidence/bring-up-status-pill-and-poke-readiness-round4/p3-dhu.txt.gz	1039880	9077aca994770c6aa6d18d56436ee1067517f1e7919ce069e1f291eb3b6d7b1f	evidence-bring-up-status-pill-and-poke-readiness-round4.zip	5b3cd4fad1963be0970b2104f80305e6d8eee716	2026-09-11T00:50:08-05:00
evidence/bring-up-status-pill-and-poke-readiness-round4/p4-dhu.txt.gz	425118	3b8f89d72de70a8f2270e3d8b6a00007b90a1f6d30206228c581882cbd3eb881	evidence-bring-up-status-pill-and-poke-readiness-round4.zip	5b3cd4fad1963be0970b2104f80305e6d8eee716	2026-09-11T00:50:08-05:00
evidence/bring-up-status-pill-and-poke-readiness-round4/p5-pill.png	154854	36f67c925f03b4e3835d086918823572859ad6348727702aee63aa9f07e68752	evidence-bring-up-status-pill-and-poke-readiness-round4.zip	5b3cd4fad1963be0970b2104f80305e6d8eee716	2026-09-11T00:50:08-05:00
evidence/bring-up-status-pill-and-poke-readiness-round4/w2-d1-dpoco.txt.gz	270175	dfae7666e3c50613e3d68384a92e3ba0c63f8e329473c9fe96424080d28aae42	evidence-bring-up-status-pill-and-poke-readiness-round4.zip	5b3cd4fad1963be0970b2104f80305e6d8eee716	2026-09-11T00:50:08-05:00
evidence/bring-up-status-pill-and-poke-readiness-round4/wb1-dhu.txt.gz	832203	2d245195a848e4ba6d82744439b631de9b0f26791348e69170383830229c7b1b	evidence-bring-up-status-pill-and-poke-readiness-round4.zip	5b3cd4fad1963be0970b2104f80305e6d8eee716	2026-09-11T00:50:08-05:00
evidence/bring-up-status-pill-and-poke-readiness-round4/wb1-screenshot.png	149613	90ee1be109c9ebaa6529dc45e50016db661903f9bcc17ebeafe362cacd028a0f	evidence-bring-up-status-pill-and-poke-readiness-round4.zip	5b3cd4fad1963be0970b2104f80305e6d8eee716	2026-09-11T00:50:08-05:00
evidence/bring-up-status-pill-and-poke-readiness-round4/wb1b-dhu.txt.gz	905307	f9a39296d6502bb5649a9eb8c824d74be550ca2a9aafe57995f6cb54a94e52a5	evidence-bring-up-status-pill-and-poke-readiness-round4.zip	5b3cd4fad1963be0970b2104f80305e6d8eee716	2026-09-11T00:50:08-05:00
evidence/bring-up-status-pill-and-poke-readiness-round4/wb1b-screenshot.png	149750	04f901eb9ec738f27aa3ac4cbac90b8b64f1eb1e42d2bb5977a87e91ae4b694d	evidence-bring-up-status-pill-and-poke-readiness-round4.zip	5b3cd4fad1963be0970b2104f80305e6d8eee716	2026-09-11T00:50:08-05:00
evidence/bring-up-status-pill-and-poke-readiness-round5-photos/c1-screenshot.png	154916	843634d0a12ba9d609e6d229ab18e95a8390db51066a3be82e0d0f06fc508414	evidence-bring-up-status-pill-and-poke-readiness-round5-photos.zip	5d0808a0b31e519e377fff4826a9dff68a25abb0	2026-09-11T08:23:30-05:00
evidence/bring-up-status-pill-and-poke-readiness-round5-photos/c1b-screenshot.png	235735	ba9b40e2a984a1fa72b37d3d0e94ebf7b334279de81b755e0b0af59226568548	evidence-bring-up-status-pill-and-poke-readiness-round5-photos.zip	5d0808a0b31e519e377fff4826a9dff68a25abb0	2026-09-11T08:23:30-05:00
evidence/bring-up-status-pill-and-poke-readiness-round5-photos/c2-screenshot.png	227938	7eef680596fffee193317cce5f55fbfd086695de72f6c6ec5183758ca45ac47b	evidence-bring-up-status-pill-and-poke-readiness-round5-photos.zip	5d0808a0b31e519e377fff4826a9dff68a25abb0	2026-09-11T08:23:30-05:00
evidence/bring-up-status-pill-and-poke-readiness-round5-photos/c2b-screenshot.png	220686	658d3f4a1766aaa05296baf406f18d3057a0735283cda273ff85b40f1a8784f3	evidence-bring-up-status-pill-and-poke-readiness-round5-photos.zip	5d0808a0b31e519e377fff4826a9dff68a25abb0	2026-09-11T08:23:30-05:00
evidence/bring-up-status-pill-and-poke-readiness-round5/a1-dhu.txt.gz	4312888	54d7299476860106eed2d1b2a1cc50e4ab43d17a554da38be3f957ac8b4b3f23	evidence-bring-up-status-pill-and-poke-readiness-round5.zip	5d0808a0b31e519e377fff4826a9dff68a25abb0	2026-09-11T08:23:30-05:00
evidence/bring-up-status-pill-and-poke-readiness-round5/a2-dhu.txt.gz	616878	2b00399d700ea8c97b002d1a9556a2ac14896d2b2ab1112231606302b0f16fac	evidence-bring-up-status-pill-and-poke-readiness-round5.zip	5d0808a0b31e519e377fff4826a9dff68a25abb0	2026-09-11T08:23:30-05:00
evidence/bring-up-status-pill-and-poke-readiness-round5/a2b-dhu.txt.gz	275539	b1d478e5a29ab5d66344f5ac24b71ec303982d1830a04e86724b1d0d9a9bbb15	evidence-bring-up-status-pill-and-poke-readiness-round5.zip	5d0808a0b31e519e377fff4826a9dff68a25abb0	2026-09-11T08:23:30-05:00
evidence/bring-up-status-pill-and-poke-readiness-round5/aac1-dhu.txt.gz	4122837	1cea191d4a3acf42df27e5109ffad73e1f57286e3044a1eca75deca722031ec5	evidence-bring-up-status-pill-and-poke-readiness-round5.zip	5d0808a0b31e519e377fff4826a9dff68a25abb0	2026-09-11T08:23:30-05:00
evidence/bring-up-status-pill-and-poke-readiness-round5/aac1b-dhu.txt.gz	2959216	335a230f1bc82e5f4fbdd8623bd2f632d0e6ddfa7256e4cc6f20ac6336bd1c81	evidence-bring-up-status-pill-and-poke-readiness-round5.zip	5d0808a0b31e519e377fff4826a9dff68a25abb0	2026-09-11T08:23:30-05:00
evidence/bring-up-status-pill-and-poke-readiness-round5/aac1c-dhu.txt.gz	3604529	2d6412bc057ff715bd06c136de3e89883b7b6d9cafec9e6b788ab76f6ec7ba64	evidence-bring-up-status-pill-and-poke-readiness-round5.zip	5d0808a0b31e519e377fff4826a9dff68a25abb0	2026-09-11T08:23:30-05:00
evidence/bring-up-status-pill-and-poke-readiness-round5/aac2-dhu.txt.gz	3064319	2a29500767068ae3183544490a61ea4b415e768e40717b4186444cde3241948f	evidence-bring-up-status-pill-and-poke-readiness-round5.zip	5d0808a0b31e519e377fff4826a9dff68a25abb0	2026-09-11T08:23:30-05:00
evidence/bring-up-status-pill-and-poke-readiness-round5/aac3-dpoco.txt.gz	179055	be20f72d6a9dc3cedb7fa6ad772970f1b4190507c9ff0a9356fc386065eacb90	evidence-bring-up-status-pill-and-poke-readiness-round5.zip	5d0808a0b31e519e377fff4826a9dff68a25abb0	2026-09-11T08:23:30-05:00
evidence/bring-up-status-pill-and-poke-readiness-round5/b1-dhu.txt.gz	1578675	29d97aa9f11a6f8d60eff7b8dcc6cea6e4a35314c4aa161bf1f67a7556127dbc	evidence-bring-up-status-pill-and-poke-readiness-round5.zip	5d0808a0b31e519e377fff4826a9dff68a25abb0	2026-09-11T08:23:30-05:00
evidence/bring-up-status-pill-and-poke-readiness-round5/b1b-dhu.txt.gz	281303	68c1955f08396558e8ed74dbb185169fb0ab1bcd1adf8745d08ce2d0662c20cd	evidence-bring-up-status-pill-and-poke-readiness-round5.zip	5d0808a0b31e519e377fff4826a9dff68a25abb0	2026-09-11T08:23:30-05:00
evidence/bring-up-status-pill-and-poke-readiness-round5/c1-dhu.txt.gz	425569	bd1cb989f1bf7b6d7aa672e162c5a81ae9ca45fa34732a7ecdc33ff73141d551	evidence-bring-up-status-pill-and-poke-readiness-round5.zip	5d0808a0b31e519e377fff4826a9dff68a25abb0	2026-09-11T08:23:30-05:00
evidence/bring-up-status-pill-and-poke-readiness-round5/c1b-dhu.txt.gz	1228085	1948d40ca279b4f6839f3ab31ad6d9523c051d1b9b72929597eb8aa2dbf957eb	evidence-bring-up-status-pill-and-poke-readiness-round5.zip	5d0808a0b31e519e377fff4826a9dff68a25abb0	2026-09-11T08:23:30-05:00
evidence/bring-up-status-pill-and-poke-readiness-round5/c2-dpoco.txt.gz	191538	4a459927fe0c490f042907c1fd53cc56f35f522586407cae4279bf13277ea30b	evidence-bring-up-status-pill-and-poke-readiness-round5.zip	5d0808a0b31e519e377fff4826a9dff68a25abb0	2026-09-11T08:23:30-05:00
evidence/bring-up-status-pill-and-poke-readiness-round5/c2b-dpoco.txt.gz	129004	7a84e2cf81c9669dbcc79811fdb7b0a7783b2d9f5e518d91865485d78cda3a5f	evidence-bring-up-status-pill-and-poke-readiness-round5.zip	5d0808a0b31e519e377fff4826a9dff68a25abb0	2026-09-11T08:23:30-05:00
evidence/bring-up-status-pill-and-poke-readiness-round5/dhu-settings-backup.xml	7421	15571cc1d29e15fc3c25a34dbf6bac14d742ef6493851cfb51741f6399513d01	evidence-bring-up-status-pill-and-poke-readiness-round5.zip	5d0808a0b31e519e377fff4826a9dff68a25abb0	2026-09-11T08:23:30-05:00
evidence/bring-up-status-pill-and-poke-readiness-round5/dpoco-settings-backup.xml	6461	21a5f77f23ade8220ef620eda2768d35ef6c8af558c0ab6a28dcaf6faa566c83	evidence-bring-up-status-pill-and-poke-readiness-round5.zip	5d0808a0b31e519e377fff4826a9dff68a25abb0	2026-09-11T08:23:30-05:00
evidence/bring-up-status-pill-and-poke-readiness-round5/p1-dhu.txt.gz	3361838	024315bdadd165fcd303df996dd290bf2d9a28508dd25c5e32531245a3e7de8b	evidence-bring-up-status-pill-and-poke-readiness-round5.zip	5d0808a0b31e519e377fff4826a9dff68a25abb0	2026-09-11T08:23:30-05:00
evidence/bring-up-status-pill-and-poke-readiness-round6/a2-stuck-pill-3min.png	228026	f729221085a6f501959fcb936bb7e5664f35a2089e805c0c78e3bdd2d25b92a6	evidence-bring-up-status-pill-and-poke-readiness-round6.zip	c82f8dc63fc4ad8b99b41d6b03f82d6ca434c032	2026-09-11T11:50:42-05:00
evidence/bring-up-status-pill-and-poke-readiness-round6/a3-stuck-pill-after-relaunch.png	224489	6e556daee4cc9bcea2ef2b3255f4f0d6ea37690c774c661efa16f822f6ade84f	evidence-bring-up-status-pill-and-poke-readiness-round6.zip	c82f8dc63fc4ad8b99b41d6b03f82d6ca434c032	2026-09-11T11:50:42-05:00
evidence/bring-up-status-pill-and-poke-readiness-round6/e1-probe-row.png	102333	1098686b9925b3230b2dd24fc6df4390d5ddef60a4ce9e06e93d4d21d4157298	evidence-bring-up-status-pill-and-poke-readiness-round6.zip	c82f8dc63fc4ad8b99b41d6b03f82d6ca434c032	2026-09-11T11:50:42-05:00
evidence/bring-up-status-pill-and-poke-readiness-round6/e1-wireless-connection-rows.png	104116	c0538964ff45a4a6b7d778ff1ed6d530726e5bcd3bee9f8ffbe195a47b990a0b	evidence-bring-up-status-pill-and-poke-readiness-round6.zip	c82f8dc63fc4ad8b99b41d6b03f82d6ca434c032	2026-09-11T11:50:42-05:00
evidence/bring-up-status-pill-and-poke-readiness-round6/e2-refusal-dialog.png	127672	5aa1e2d3e75a1cbc380367ba17cddecb65543b7064a85d14aef31d08dea30aad	evidence-bring-up-status-pill-and-poke-readiness-round6.zip	c82f8dc63fc4ad8b99b41d6b03f82d6ca434c032	2026-09-11T11:50:42-05:00
evidence/bring-up-status-pill-and-poke-readiness-round6/f1-connection-lost-retrying.png	29974	c8df84056249d6f4cacdec19c5dfa3ca806e26bcb83d3334ad3dd34108ea8fa4	evidence-bring-up-status-pill-and-poke-readiness-round6.zip	c82f8dc63fc4ad8b99b41d6b03f82d6ca434c032	2026-09-11T11:50:42-05:00
evidence/bring-up-status-pill-and-poke-readiness-round6/f2-aac-playing-on-dmoto.png	718693	133f2111a010375d505ba9452dd98280d0e639916909b97741b045e754f4f151	evidence-bring-up-status-pill-and-poke-readiness-round6.zip	c82f8dc63fc4ad8b99b41d6b03f82d6ca434c032	2026-09-11T11:50:42-05:00
evidence/bring-up-status-pill-and-poke-readiness-round6/f4-video-and-aac-rows.png	94699	5f5397d554f188c2c852da54e21a814f92b6f1a0dae248bd6b6a73943d001458	evidence-bring-up-status-pill-and-poke-readiness-round6.zip	c82f8dc63fc4ad8b99b41d6b03f82d6ca434c032	2026-09-11T11:50:42-05:00
evidence/bring-up-status-pill-and-poke-readiness-round7/a2-offer-dialog-first-reopen.png	154814	d5cbf09c9bef2fde0ae3f468424caebe808ff70370762e6c8c7a2bcab1cac53c	evidence-bring-up-status-pill-and-poke-readiness-round7.zip	03188bc0600c88506097530f3c336f5de576f1c9	2026-09-11T15:00:28-05:00
evidence/bring-up-status-pill-and-poke-readiness-round7/a2-relaunch-no-dialog.png	224124	2318b78e3602a245fbae4ff424c3437995881ce5745536e882da757ab13e45e1	evidence-bring-up-status-pill-and-poke-readiness-round7.zip	03188bc0600c88506097530f3c336f5de576f1c9	2026-09-11T15:00:28-05:00
evidence/bring-up-status-pill-and-poke-readiness-round7/a3-dialog-persists.png	158834	71b6b4f85cea2fba4640d955a9dd364bdc27b8fa4f0218aa64e171b942243d80	evidence-bring-up-status-pill-and-poke-readiness-round7.zip	03188bc0600c88506097530f3c336f5de576f1c9	2026-09-11T15:00:28-05:00
evidence/bring-up-status-pill-and-poke-readiness-round7/a3-relaunch-no-dialog.png	225041	aa277b75f8e2ae4fc016acff02b42b94433c7bdf057b73362e5eb009fd383ab8	evidence-bring-up-status-pill-and-poke-readiness-round7.zip	03188bc0600c88506097530f3c336f5de576f1c9	2026-09-11T15:00:28-05:00
evidence/bring-up-status-pill-and-poke-readiness-round7/e5-dialog1-no-module.png	106522	237b9af532441868cf5e76627ff6aabb2f59c397057ab94950e7fcd4fc0fceea	evidence-bring-up-status-pill-and-poke-readiness-round7.zip	03188bc0600c88506097530f3c336f5de576f1c9	2026-09-11T15:00:28-05:00
evidence/bring-up-status-pill-and-poke-readiness-round7/e5-dialog2-via-module.png	109346	89cb7d97f9b6cf1e3ed9e071fae750054c3b85faa0e42da6f0fe7f2283611730	evidence-bring-up-status-pill-and-poke-readiness-round7.zip	03188bc0600c88506097530f3c336f5de576f1c9	2026-09-11T15:00:28-05:00
evidence/bring-up-status-pill-and-poke-readiness-round9/a2-dpoco.txt.gz	57039	7abf14aace06b08394f522a81dc6a3cf7aaf63749320e35f40a639da5cb6e176	evidence-bring-up-status-pill-and-poke-readiness-round9.zip	d1d86ec6e193dc47fdbedc910fe80a1268521ad3	2026-09-11T21:43:05-05:00
evidence/bring-up-status-pill-and-poke-readiness-round9/a2b-dpoco-DISCARDED-strayinput.txt.gz	165235	b49c77ad25b4bf2f39b50ccb6099b1fe02cc01b434f4be43324060427e8fe20a	evidence-bring-up-status-pill-and-poke-readiness-round9.zip	d1d86ec6e193dc47fdbedc910fe80a1268521ad3	2026-09-11T21:43:05-05:00
evidence/bring-up-status-pill-and-poke-readiness-round9/a2b-dpoco.txt.gz	66711	7c53352b7758ec8f8fc909935b46d85768735325d97d56b4864ead8c5f44b312	evidence-bring-up-status-pill-and-poke-readiness-round9.zip	d1d86ec6e193dc47fdbedc910fe80a1268521ad3	2026-09-11T21:43:05-05:00
evidence/bring-up-status-pill-and-poke-readiness-round9/a2e-dpoco.txt.gz	46521	88f79652f0854cca67cd5a23dcea59c78c1eea58dac1f1af5a8dd0b125c9861e	evidence-bring-up-status-pill-and-poke-readiness-round9.zip	d1d86ec6e193dc47fdbedc910fe80a1268521ad3	2026-09-11T21:43:05-05:00
evidence/bring-up-status-pill-and-poke-readiness-round9/o1-after-tap.png	28942	9291509f6e227dd9ec39329f660d62b2cd101840cb1e90961f5d24b05de432d0	evidence-bring-up-status-pill-and-poke-readiness-round9.zip	d1d86ec6e193dc47fdbedc910fe80a1268521ad3	2026-09-11T21:43:05-05:00
evidence/bring-up-status-pill-and-poke-readiness-round9/o1-bar-before-tap.png	45013	7cf2b868aa4051edadd9df812dce86c53f41feae679c865da51f7c5a3fb64663	evidence-bring-up-status-pill-and-poke-readiness-round9.zip	d1d86ec6e193dc47fdbedc910fe80a1268521ad3	2026-09-11T21:43:05-05:00
evidence/bring-up-status-pill-and-poke-readiness-round9/o1-dhu.txt.gz	1751406	4f984d7f3f29e7efc4fa0288604272298925efb4003982621711ab1431700075	evidence-bring-up-status-pill-and-poke-readiness-round9.zip	d1d86ec6e193dc47fdbedc910fe80a1268521ad3	2026-09-11T21:43:05-05:00
evidence/bring-up-status-pill-and-poke-readiness-round9/o2-dhu.txt.gz	1199992	0009130e3ec956530b1b196031fe5bd93d29457f818055f317e2b33f0b6848b0	evidence-bring-up-status-pill-and-poke-readiness-round9.zip	d1d86ec6e193dc47fdbedc910fe80a1268521ad3	2026-09-11T21:43:05-05:00
evidence/bring-up-status-pill-and-poke-readiness-round9/o2-shots/o2-01.png	133666	8453b9fa667dc9ef9e214b53aa7ba135605738f57f286c3a1df9f58199224516	evidence-bring-up-status-pill-and-poke-readiness-round9.zip	d1d86ec6e193dc47fdbedc910fe80a1268521ad3	2026-09-11T21:43:05-05:00
evidence/bring-up-status-pill-and-poke-readiness-round9/o2-shots/o2-02.png	159362	6f16bfe3e118a9ba753676aa592c01b9afb737b1a05248afe5163f16c349322e	evidence-bring-up-status-pill-and-poke-readiness-round9.zip	d1d86ec6e193dc47fdbedc910fe80a1268521ad3	2026-09-11T21:43:05-05:00
evidence/bring-up-status-pill-and-poke-readiness-round9/o2-shots/o2-03.png	22196	0322954807c8c5f1a874a48f6f1802af1564487c22f081a93cddf2f52faee31a	evidence-bring-up-status-pill-and-poke-readiness-round9.zip	d1d86ec6e193dc47fdbedc910fe80a1268521ad3	2026-09-11T21:43:05-05:00
evidence/bring-up-status-pill-and-poke-readiness-round9/o2-shots/o2-04.png	41785	632470a71581e2478304be09d0fd71670cdf8c3f5a92109f926bc28826a57b52	evidence-bring-up-status-pill-and-poke-readiness-round9.zip	d1d86ec6e193dc47fdbedc910fe80a1268521ad3	2026-09-11T21:43:05-05:00
evidence/bring-up-status-pill-and-poke-readiness-round9/o2-shots/o2-05.png	1156547	8e6e437393e61549812ebf26b7ddfeebd5c234cd1fb6cf423648ad4b1aeeb376	evidence-bring-up-status-pill-and-poke-readiness-round9.zip	d1d86ec6e193dc47fdbedc910fe80a1268521ad3	2026-09-11T21:43:05-05:00
evidence/bring-up-status-pill-and-poke-readiness-round9/o2-shots/o2-06.png	1169565	10945c73b01e6cf439697bdfbc2fba43f65cf0e2d6777040076a667614f9c587	evidence-bring-up-status-pill-and-poke-readiness-round9.zip	d1d86ec6e193dc47fdbedc910fe80a1268521ad3	2026-09-11T21:43:05-05:00
evidence/bring-up-status-pill-and-poke-readiness-round9/o2-shots/o2-07.png	1168037	aba6f00ab65d6730eba15ab7904242acfeda76fcb6bbadb125cf1cfa3643ab45	evidence-bring-up-status-pill-and-poke-readiness-round9.zip	d1d86ec6e193dc47fdbedc910fe80a1268521ad3	2026-09-11T21:43:05-05:00
evidence/bring-up-status-pill-and-poke-readiness-round9/o2-shots/o2-08.png	1168128	48cbe92f530bba0d99ebc711adddcf76006e2220990cb7e248693698284c7b9c	evidence-bring-up-status-pill-and-poke-readiness-round9.zip	d1d86ec6e193dc47fdbedc910fe80a1268521ad3	2026-09-11T21:43:05-05:00
evidence/bring-up-status-pill-and-poke-readiness-round9/o2-shots/o2-09.png	1239962	ebc983382993ba4cd5766a91e62fea9f9746171c4accba8382df3e9746aeae30	evidence-bring-up-status-pill-and-poke-readiness-round9.zip	d1d86ec6e193dc47fdbedc910fe80a1268521ad3	2026-09-11T21:43:05-05:00
evidence/bring-up-status-pill-and-poke-readiness-round9/o2-shots/o2-10.png	1240600	900b3400fc393c0a0939e3813d0cc69c862e8820565b9382fbcf7dea0f283bac	evidence-bring-up-status-pill-and-poke-readiness-round9.zip	d1d86ec6e193dc47fdbedc910fe80a1268521ad3	2026-09-11T21:43:05-05:00
evidence/bring-up-status-pill-and-poke-readiness-round9/o2-shots/o2-11.png	1239513	c0abfd8fd0b80bdf6037098df2e71b6a5c5f9e61d28892752f3cc384fdcc0cd4	evidence-bring-up-status-pill-and-poke-readiness-round9.zip	d1d86ec6e193dc47fdbedc910fe80a1268521ad3	2026-09-11T21:43:05-05:00
evidence/bring-up-status-pill-and-poke-readiness-round9/o2-shots/o2-12.png	1240129	77fc8e984feb12906b1cb6918f7c32c5f0641ebd51be2351a16b6eac6c4ac504	evidence-bring-up-status-pill-and-poke-readiness-round9.zip	d1d86ec6e193dc47fdbedc910fe80a1268521ad3	2026-09-11T21:43:05-05:00
evidence/bring-up-status-pill-and-poke-readiness-round9/o2-shots/o2-13.png	1240532	5f0a2a34824e7190d8663f8fd07f8d53fb72c5abef1bb2e329eda7dfffd49efe	evidence-bring-up-status-pill-and-poke-readiness-round9.zip	d1d86ec6e193dc47fdbedc910fe80a1268521ad3	2026-09-11T21:43:05-05:00
evidence/bring-up-status-pill-and-poke-readiness-round9/o3-dhu.txt.gz	910239	cf6e6af7d30ef36ec75b88899a906fa7268b44543fe1e1e11dc6039914fdc693	evidence-bring-up-status-pill-and-poke-readiness-round9.zip	d1d86ec6e193dc47fdbedc910fe80a1268521ad3	2026-09-11T21:43:05-05:00
evidence/bring-up-status-pill-and-poke-readiness-round9/o3-picture-check.png	1227674	91e38bc5170bebf8ab0d73df8adb2f5adc460993b4f4cb16f6e2f41df50b36d4	evidence-bring-up-status-pill-and-poke-readiness-round9.zip	d1d86ec6e193dc47fdbedc910fe80a1268521ad3	2026-09-11T21:43:05-05:00
evidence/bring-up-status-pill-and-poke-readiness-round9/o4-at60s.png	158217	f1a4792862f6092c10bbe678bda4ac8c64dd61d81c09b85c3128280e6a180256	evidence-bring-up-status-pill-and-poke-readiness-round9.zip	d1d86ec6e193dc47fdbedc910fe80a1268521ad3	2026-09-11T21:43:05-05:00
evidence/bring-up-status-pill-and-poke-readiness-round9/o4-dhu.txt.gz	904787	4ba73aa75196ea06ab80ff79c3c9826f1289c717c6a79f2d8cdcc95fb84da4ff	evidence-bring-up-status-pill-and-poke-readiness-round9.zip	d1d86ec6e193dc47fdbedc910fe80a1268521ad3	2026-09-11T21:43:05-05:00
evidence/bring-up-status-pill-and-poke-readiness-round9/o5-dhu.txt.gz	563896	bb5e5be8acd4100651f1e6a7239d89f82f4ed82de0219d275f459fd91fdfd939	evidence-bring-up-status-pill-and-poke-readiness-round9.zip	d1d86ec6e193dc47fdbedc910fe80a1268521ad3	2026-09-11T21:43:05-05:00
evidence/bssid-round1/r1-interface-and-dumps.txt	12321	48e2c1086fb01051d9d76d467e29642bd0fe8463c4fde43bff51f462c366d8a2	evidence-bssid-round1.zip	a6b939a964bf66449909febd53ebff19fb3ec8bf	2026-09-03T18:29:47-05:00
evidence/bssid-round1/r2-candidate-bssid-and-nohfp.txt	6298	25117f8ebb3aa51c0b73865e91019764a94979ed1585886729ea06ef69c6604b	evidence-bssid-round1.zip	a6b939a964bf66449909febd53ebff19fb3ec8bf	2026-09-03T18:29:47-05:00
evidence/bssid-round1/r3-baseline-control.txt	2672	f921a4a2dddbd1a0fa9e4e0104521aee17725e29961619110ebcf504f02e37d2	evidence-bssid-round1.zip	a6b939a964bf66449909febd53ebff19fb3ec8bf	2026-09-03T18:29:47-05:00
evidence/bssid-round1/r4-dhu-regression.txt	10821	b1711e092c449880b70fae1d660ee06fff26faed3d3a0826a9634c116cd29131	evidence-bssid-round1.zip	a6b939a964bf66449909febd53ebff19fb3ec8bf	2026-09-03T18:29:47-05:00
evidence/bssid-round1/r6-insecure.txt	286	335ab0723e63c53c5633c9b77a760cd517635b596711e6f99d97c199debd2681	evidence-bssid-round1.zip	a6b939a964bf66449909febd53ebff19fb3ec8bf	2026-09-03T18:29:47-05:00
evidence/bssid-round1/reloaded-successful-run.txt	5233	186c7b0a14e25a102a89c85820c7ffd58ed16065ab0787c65aaebc966830d914	evidence-bssid-round1.zip	a6b939a964bf66449909febd53ebff19fb3ec8bf	2026-09-03T18:29:47-05:00
evidence/driver-selection-native-round1/r1_baseline_decisive.txt	1114	c6deee3a908215178886b8c3b48acf84b3632496fb9e2df8adba1adbc143a845	evidence-driver-selection-native-round1.zip	7a65bdfce269998d7602ee3b4c05c1d6b650f73e	2026-09-04T11:26:59-05:00
evidence/driver-selection-native-round1/r1_candidate_decisive.txt	2319	9429cec4e1790d3925075eda2b7ee9291e25773d1fb650d2063d5fffd01f96ba	evidence-driver-selection-native-round1.zip	7a65bdfce269998d7602ee3b4c05c1d6b650f73e	2026-09-04T11:26:59-05:00
evidence/driver-selection-native-round1/r1_candidate_final_dialog_no_resolve.png	160145	90b72d011cb5ac7f7c2b63d825b7596436b778bebee2b52ff5fb2250b6fb91f3	evidence-driver-selection-native-round1.zip	7a65bdfce269998d7602ee3b4c05c1d6b650f73e	2026-09-04T11:26:59-05:00
evidence/driver-selection-native-round1/r1_dialog_open_no_countdown_v2.png	78968	fd52bdf190934707ef484742c2e2ae30b1e08612ac5ec300ce7adf790a3544f9	evidence-driver-selection-native-round1.zip	7a65bdfce269998d7602ee3b4c05c1d6b650f73e	2026-09-04T11:26:59-05:00
evidence/driver-selection-native-round1/r2_candidate_decisive.txt	6465	89407f57f7d573659598b57a24d7792ca56a0951f13f82c3926cc039925c8d41	evidence-driver-selection-native-round1.zip	7a65bdfce269998d7602ee3b4c05c1d6b650f73e	2026-09-04T11:26:59-05:00
evidence/driver-selection-native-round1/r3_candidate_decisive.txt	79247	c43e5ece4997704efd266f67376b574858ec88c53f6cc568f23a2efa4cf48b54	evidence-driver-selection-native-round1.zip	7a65bdfce269998d7602ee3b4c05c1d6b650f73e	2026-09-04T11:26:59-05:00
evidence/driver-selection-native-round1/r3_exit_dialog_switch_phone_entry.png	140631	8ee5edac5e68cf77ad58dbeb99cffbb6e701cd42a820037b6458181cbefb3d5f	evidence-driver-selection-native-round1.zip	7a65bdfce269998d7602ee3b4c05c1d6b650f73e	2026-09-04T11:26:59-05:00
evidence/driver-selection-native-round1/r4_candidate_decisive.txt	24606	bf6d1b5aa8675eaa3a6b41690aaf0c6f34393981fe96da612d5d2e433aabe665	evidence-driver-selection-native-round1.zip	7a65bdfce269998d7602ee3b4c05c1d6b650f73e	2026-09-04T11:26:59-05:00
evidence/driver-selection-native-round1/r4_exit_dialog.png	405431	35973504b6da04589f0bb45b255a88cb32f38d1f32063cd89fc419353f526894	evidence-driver-selection-native-round1.zip	7a65bdfce269998d7602ee3b4c05c1d6b650f73e	2026-09-04T11:26:59-05:00
evidence/driver-selection-native-round1/r4_switch_selector_moto_connected.png	80380	c534e1467eda2f9b3ed241bbe72a84c5b3ba9c49aeaa0ba85fd9d72ecc1701f9	evidence-driver-selection-native-round1.zip	7a65bdfce269998d7602ee3b4c05c1d6b650f73e	2026-09-04T11:26:59-05:00
evidence/driver-selection-native-round1/r5_app_closed_launcher.png	586361	a9d885b0a7e3cdf99c47a293ba58fe46fe3dda055079f8fa7c922f8785b42da7	evidence-driver-selection-native-round1.zip	7a65bdfce269998d7602ee3b4c05c1d6b650f73e	2026-09-04T11:26:59-05:00
evidence/driver-selection-native-round1/r5_candidate_decisive.txt	812	dcf31ad16368730363ee5f66fe03222b1af81dfecb19267c2ea8398c53d116f8	evidence-driver-selection-native-round1.zip	7a65bdfce269998d7602ee3b4c05c1d6b650f73e	2026-09-04T11:26:59-05:00
evidence/driver-selection-native-round1/r6_baseline_bt_device_list.png	82239	cf6fc8e212f97df1df55e3e8b0ff11d71e2f9180b839a698f4cb1067bc76487d	evidence-driver-selection-native-round1.zip	7a65bdfce269998d7602ee3b4c05c1d6b650f73e	2026-09-04T11:26:59-05:00
evidence/driver-selection-native-round1/r6_baseline_decisive.txt	455	54aeeaa96bea47c1385acfb9a89a4c19b781a87975d2b7de166c0a3c06e29472	evidence-driver-selection-native-round1.zip	7a65bdfce269998d7602ee3b4c05c1d6b650f73e	2026-09-04T11:26:59-05:00
evidence/driver-selection-native-round1/r6_candidate_decisive.txt	10462	808dd965abb675e80a66ec331c404603e03c404ae8c4bcecdb0e5a05ead3520a	evidence-driver-selection-native-round1.zip	7a65bdfce269998d7602ee3b4c05c1d6b650f73e	2026-09-04T11:26:59-05:00
evidence/driver-selection-native-round1/r7_baseline_decisive.txt	430	6c560b9598845b133c5baa3467b76b33fab3f5ef09b8dc1ff51c6c7b6ec568a4	evidence-driver-selection-native-round1.zip	7a65bdfce269998d7602ee3b4c05c1d6b650f73e	2026-09-04T11:26:59-05:00
evidence/driver-selection-native-round1/r7_candidate_decisive.txt	430	357c38cab14962c5acab37578d1c52474d84846654222d7350854235794e9e67	evidence-driver-selection-native-round1.zip	7a65bdfce269998d7602ee3b4c05c1d6b650f73e	2026-09-04T11:26:59-05:00
evidence/driver-selection-native-round4/r1_candidate.txt	39072	53ed0c45ade3ad8f33464a263f955d25c15d2ca40cd4fda9329b440bce252e10	evidence-driver-selection-native-round4.zip	99528bc5b32cb38d7b42ebfa04dabb71f898d8a3	2026-09-05T12:18:57-05:00
evidence/driver-selection-native-round4/r2_candidate.txt	17453	f162c251679c75668c66ad3fd1f8c353d9efe1b9dc307143eeb771b485970c6f	evidence-driver-selection-native-round4.zip	99528bc5b32cb38d7b42ebfa04dabb71f898d8a3	2026-09-05T12:18:57-05:00
evidence/driver-selection-native-round4/r4_candidate.txt	57565	7411c77277b57f515cd38d21e09d340541ad4f72264833405efe429665e8a180	evidence-driver-selection-native-round4.zip	99528bc5b32cb38d7b42ebfa04dabb71f898d8a3	2026-09-05T12:18:57-05:00
evidence/driver-selection-native-round4/r5_candidate.txt	89013	5597c211694cea7707715188eb525c0b5df593cf45141346eab16babae241eba	evidence-driver-selection-native-round4.zip	99528bc5b32cb38d7b42ebfa04dabb71f898d8a3	2026-09-05T12:18:57-05:00
evidence/driver-selection-native-round4/r5_exitdialog_uidump.xml	11251	205e1a34133e0e3bdd29567bc03ac9c4d724070ef65cd8c843bf6682a76ac160	evidence-driver-selection-native-round4.zip	99528bc5b32cb38d7b42ebfa04dabb71f898d8a3	2026-09-05T12:18:57-05:00
evidence/driver-selection-native-round4/r5_selector.png	78428	9f9bd995ae642bfe61ced1a0bc0bb377177760ec76374ce106887191f5f87100	evidence-driver-selection-native-round4.zip	99528bc5b32cb38d7b42ebfa04dabb71f898d8a3	2026-09-05T12:18:57-05:00
evidence/driver-selection-native-round4/r5b_candidate.txt	86390	e6a873937317d497f2733716161bf37310d2fa89bbf2e006f144ba6351cb413a	evidence-driver-selection-native-round4.zip	99528bc5b32cb38d7b42ebfa04dabb71f898d8a3	2026-09-05T12:18:57-05:00
evidence/driver-selection-native-round4/r9_candidate.txt	60986	1a09d9e6279990badf60e454b397e6c6b4e20e3657a98a40995331be20a502c1	evidence-driver-selection-native-round4.zip	99528bc5b32cb38d7b42ebfa04dabb71f898d8a3	2026-09-05T12:18:57-05:00
evidence/driver-selection-native-round5/r10.png	145618	a1187236d6a92fa5679764f397eae4dbb5e0e792185b605f9aa2bb20878793f6	evidence-driver-selection-native-round5.zip	fc402e05fa626082fa882b32995fcb46df81b0d5	2026-09-05T14:28:37-05:00
evidence/driver-selection-native-round5/r10_candidate.txt	39950	e6120a4b49f0f6cc72fe43a9bcd797fc6e9a76c16700e64142150cdc191cd292	evidence-driver-selection-native-round5.zip	fc402e05fa626082fa882b32995fcb46df81b0d5	2026-09-05T14:28:37-05:00
evidence/driver-selection-native-round5/r10_dump.xml	8428	d2420bdd43943e5e5eddde78400fb43ee6c5b4fdd411c19b94b9bf04408c9d8f	evidence-driver-selection-native-round5.zip	fc402e05fa626082fa882b32995fcb46df81b0d5	2026-09-05T14:28:37-05:00
evidence/driver-selection-native-round5/r11_candidate.txt	113971	7124fde9f2e387bae1789f0d0bd942d1f6e3063a009e3def3e350917987d9312	evidence-driver-selection-native-round5.zip	fc402e05fa626082fa882b32995fcb46df81b0d5	2026-09-05T14:28:37-05:00
evidence/driver-selection-native-round5/r11_dump.xml	3300	9b23be08fa519d761c64367bddbf219aacad2e9f7379e89d308e86f517776026	evidence-driver-selection-native-round5.zip	fc402e05fa626082fa882b32995fcb46df81b0d5	2026-09-05T14:28:37-05:00
evidence/driver-selection-native-round5/r11b_candidate.txt	57947	12a1cb2a18dd89ba61ac535dc5ade73d244e06d957d8eaf7639f89ea5072ace8	evidence-driver-selection-native-round5.zip	fc402e05fa626082fa882b32995fcb46df81b0d5	2026-09-05T14:28:37-05:00
evidence/driver-selection-native-round5/r12_candidate.txt	105663	4f433bb40f3ae6007975ec7b4c34b7dd19aa135e41068545ac2b7263ed99f60f	evidence-driver-selection-native-round5.zip	fc402e05fa626082fa882b32995fcb46df81b0d5	2026-09-05T14:28:37-05:00
evidence/driver-selection-native-round5/r12b.png	22276	deacfe08662bb05007803c4b073dda92f57cea3b585343164c5f067ec90c72e7	evidence-driver-selection-native-round5.zip	fc402e05fa626082fa882b32995fcb46df81b0d5	2026-09-05T14:28:37-05:00
evidence/driver-selection-native-round5/r12b_candidate.txt	49666	b1e7533c48900e287373fcda3e089bc396f26bb52adafe714252a0175879e305	evidence-driver-selection-native-round5.zip	fc402e05fa626082fa882b32995fcb46df81b0d5	2026-09-05T14:28:37-05:00
evidence/driver-selection-native-round5/r12b_dump.xml	9601	ff5aa20d33c163e3746880aab99bde0d6bf1a1e5df13cc7092d7d20de07114dd	evidence-driver-selection-native-round5.zip	fc402e05fa626082fa882b32995fcb46df81b0d5	2026-09-05T14:28:37-05:00
evidence/driver-selection-native-round5/r13_autodisconnect_picker.png	98037	6e1f9e188a5678b686b19a13034fb2da8622417fbf6fe02f574fe8c48c6234be	evidence-driver-selection-native-round5.zip	fc402e05fa626082fa882b32995fcb46df81b0d5	2026-09-05T14:28:37-05:00
evidence/driver-selection-native-round5/r13_autostart_picker.png	96537	078c81d3b1115660a881fac6b930573830e6adcc47b4a02e90162ecab657eeec	evidence-driver-selection-native-round5.zip	fc402e05fa626082fa882b32995fcb46df81b0d5	2026-09-05T14:28:37-05:00
evidence/driver-selection-native-round5/r13_bringup_candidate.txt	42755	688b9c8bd6926c0746a5d715e9b11d4036bc69ce0c8c20766bb6c194a29bf918	evidence-driver-selection-native-round5.zip	fc402e05fa626082fa882b32995fcb46df81b0d5	2026-09-05T14:28:37-05:00
evidence/driver-selection-native-round5/r13_wake_picker.png	96646	c8c7db6a36890805ccfdcf86bb3228f224e8c20f56490cf6ca6e7efc9b45428b	evidence-driver-selection-native-round5.zip	fc402e05fa626082fa882b32995fcb46df81b0d5	2026-09-05T14:28:37-05:00
evidence/driver-selection-native-round5/r1_candidate.txt	41398	757fba41d5633c3445b810bb2ea83eb71feae16433702f5c05c84fb646f3da02	evidence-driver-selection-native-round5.zip	fc402e05fa626082fa882b32995fcb46df81b0d5	2026-09-05T14:28:37-05:00
evidence/driver-selection-native-round5/r2_candidate.txt	17241	f206d094319c708e4030a57fa0318d087a95e8c8a53a5cb6b9add93ef354c50a	evidence-driver-selection-native-round5.zip	fc402e05fa626082fa882b32995fcb46df81b0d5	2026-09-05T14:28:37-05:00
evidence/driver-selection-native-round5/r5_attempt3_candidate.txt	81079	b0a8b9579bc8e9cbce1427b8fb76a9f6cc6b437283e49dca716a2a7597e95564	evidence-driver-selection-native-round5.zip	fc402e05fa626082fa882b32995fcb46df81b0d5	2026-09-05T14:28:37-05:00
evidence/driver-selection-native-round5/r5_candidate.txt	564877	18f14b8f49813e92688e7184a1c28f24b766ea68cbe6a6caaab6ca486214f972	evidence-driver-selection-native-round5.zip	fc402e05fa626082fa882b32995fcb46df81b0d5	2026-09-05T14:28:37-05:00
evidence/driver-selection-native-round5/r5_retry_candidate.txt	378923	f3d8870181627c9759e76493825ff7ffe4c5f1d73937ec5c9fddd373a00b08a3	evidence-driver-selection-native-round5.zip	fc402e05fa626082fa882b32995fcb46df81b0d5	2026-09-05T14:28:37-05:00
evidence/driver-selection-native-round5/r5_selector.png	78428	9f9bd995ae642bfe61ced1a0bc0bb377177760ec76374ce106887191f5f87100	evidence-driver-selection-native-round5.zip	fc402e05fa626082fa882b32995fcb46df81b0d5	2026-09-05T14:28:37-05:00
evidence/driver-selection-native-round5/r5b_candidate.txt	58312	5063456370dcb984f653fbd2fd209ff5207426d08af4bdc83019a636b2b789bc	evidence-driver-selection-native-round5.zip	fc402e05fa626082fa882b32995fcb46df81b0d5	2026-09-05T14:28:37-05:00
evidence/driver-selection-native-round5/r5b_selector.xml	10162	53426ab86c04af2db7e556fd7d6db6e823ed060c08f198dc43ee89e4759a2575	evidence-driver-selection-native-round5.zip	fc402e05fa626082fa882b32995fcb46df81b0d5	2026-09-05T14:28:37-05:00
evidence/driver-selection-native-round6/r10_dump.png	150089	f161e90985ac58fe18bad5b84e53a0827090c8b8fb23366966fcd66c2703ab7e	evidence-driver-selection-native-round6.zip	98c01a4832bded171a8306d8034cb210afbaf350	2026-09-05T15:44:57-05:00
evidence/driver-selection-native-round6/r10_dump.xml	8451	ce78c735ca06667cac376e45a9dc265f73b35a9e6bad087f50015fc1c248ffc2	evidence-driver-selection-native-round6.zip	98c01a4832bded171a8306d8034cb210afbaf350	2026-09-05T15:44:57-05:00
evidence/driver-selection-native-round6/r10_dump_after30s.xml	7279	2aa068e0b97f3c29d145f85e9aec0273d67a3b742bc338dd36f9e9a5fd731996	evidence-driver-selection-native-round6.zip	98c01a4832bded171a8306d8034cb210afbaf350	2026-09-05T15:44:57-05:00
evidence/driver-selection-native-round6/r10_openhu.txt	29183	2f421a5245c5253a740537065717246b1ee631b4a49aac1dd87c19d8021040f2	evidence-driver-selection-native-round6.zip	98c01a4832bded171a8306d8034cb210afbaf350	2026-09-05T15:44:57-05:00
evidence/driver-selection-native-round6/r10_prompt.xml	8451	ce78c735ca06667cac376e45a9dc265f73b35a9e6bad087f50015fc1c248ffc2	evidence-driver-selection-native-round6.zip	98c01a4832bded171a8306d8034cb210afbaf350	2026-09-05T15:44:57-05:00
evidence/driver-selection-native-round6/r12_dump.png	36879	e069df8df7827e41097ac6fd6ba4fb91c8d0c6d56f713429f217d8f6c70a600a	evidence-driver-selection-native-round6.zip	98c01a4832bded171a8306d8034cb210afbaf350	2026-09-05T15:44:57-05:00
evidence/driver-selection-native-round6/r12_dump.xml	9614	b7d6ffad791d339fe6cbf1b4eb85ce2b8b7b2bcab465d45775bec1e8f6718306	evidence-driver-selection-native-round6.zip	98c01a4832bded171a8306d8034cb210afbaf350	2026-09-05T15:44:57-05:00
evidence/driver-selection-native-round6/r12_openhu.txt	50162	033a1b291f129610c56e323254250ebe08be22e96ab07da1e295ce9c620ce87e	evidence-driver-selection-native-round6.zip	98c01a4832bded171a8306d8034cb210afbaf350	2026-09-05T15:44:57-05:00
evidence/driver-selection-native-round6/r14_precond_a2dpsink.txt	399	c58d807255f2c1354619d6cf1157a2d136cf07f1dd052e7d546bd99770e752b1	evidence-driver-selection-native-round6.zip	98c01a4832bded171a8306d8034cb210afbaf350	2026-09-05T15:44:57-05:00
evidence/driver-selection-native-round6/r14_precond_hfpclient.txt	4656	a2f91ec9859b3d60fafe0a03dc942bbbce1140b7be59f5d30c840430be35a392	evidence-driver-selection-native-round6.zip	98c01a4832bded171a8306d8034cb210afbaf350	2026-09-05T15:44:57-05:00
evidence/driver-selection-native-round6/r14b.txt.gz	2644593	353cda53a807dcf7d638bdc01898d5ff79b0fa1627ec107b6e5ac0b0bacc79ad	evidence-driver-selection-native-round6.zip	98c01a4832bded171a8306d8034cb210afbaf350	2026-09-05T15:44:57-05:00
evidence/driver-selection-native-round6/r14b_exit.xml	11251	205e1a34133e0e3bdd29567bc03ac9c4d724070ef65cd8c843bf6682a76ac160	evidence-driver-selection-native-round6.zip	98c01a4832bded171a8306d8034cb210afbaf350	2026-09-05T15:44:57-05:00
evidence/driver-selection-native-round6/r14b_openhu.txt	396771	8a4f5fefb6c7a84ececd05228e274a4859245dc56b0a9e71886856735d5e2ded	evidence-driver-selection-native-round6.zip	98c01a4832bded171a8306d8034cb210afbaf350	2026-09-05T15:44:57-05:00
evidence/driver-selection-native-round6/r14b_sel.png	82786	866662fbcb3dd87941d23664e5ccaf0a0f35fbec9a2c06597837dfef310ca6e0	evidence-driver-selection-native-round6.zip	98c01a4832bded171a8306d8034cb210afbaf350	2026-09-05T15:44:57-05:00
evidence/driver-selection-native-round6/r14b_sel.xml	10209	21af14fc4879b882722799796c1695ac227328711558bf48d57d0dbc9821f98c	evidence-driver-selection-native-round6.zip	98c01a4832bded171a8306d8034cb210afbaf350	2026-09-05T15:44:57-05:00
evidence/driver-selection-native-round6/r15_switchphone-attempt.txt.gz	1315021	d6d9bdf0164c6d648d5643d3fffcf21a8a1647379cee25fc8f312f83893e583f	evidence-driver-selection-native-round6.zip	98c01a4832bded171a8306d8034cb210afbaf350	2026-09-05T15:44:57-05:00
evidence/driver-selection-native-round6/r15c.txt.gz	1218554	009c652c604b77a836c10da2fa7704e0ac388e045627a57bc1ffe537b62907c1	evidence-driver-selection-native-round6.zip	98c01a4832bded171a8306d8034cb210afbaf350	2026-09-05T15:44:57-05:00
evidence/driver-selection-native-round6/r15c_exit.xml	11251	205e1a34133e0e3bdd29567bc03ac9c4d724070ef65cd8c843bf6682a76ac160	evidence-driver-selection-native-round6.zip	98c01a4832bded171a8306d8034cb210afbaf350	2026-09-05T15:44:57-05:00
evidence/driver-selection-native-round6/r15c_openhu.txt	65340	7e928d2370375fa5a80f2b627f17ac4dc455f12b0ad7db3d1552d4fbc4856c2e	evidence-driver-selection-native-round6.zip	98c01a4832bded171a8306d8034cb210afbaf350	2026-09-05T15:44:57-05:00
evidence/driver-selection-native-round6/r15c_pill.png	149145	cdf45e10428a0dece9c37907167c0d275f384871e8113fabbf513787c4083e82	evidence-driver-selection-native-round6.zip	98c01a4832bded171a8306d8034cb210afbaf350	2026-09-05T15:44:57-05:00
evidence/driver-selection-native-round6/r15c_pill.xml	8442	5c1039a3f4830561787f3454988d7bdabd6f5fd93d20ac4353956cd24a49133e	evidence-driver-selection-native-round6.zip	98c01a4832bded171a8306d8034cb210afbaf350	2026-09-05T15:44:57-05:00
evidence/driver-selection-native-round6/r15c_selector.png	82786	866662fbcb3dd87941d23664e5ccaf0a0f35fbec9a2c06597837dfef310ca6e0	evidence-driver-selection-native-round6.zip	98c01a4832bded171a8306d8034cb210afbaf350	2026-09-05T15:44:57-05:00
evidence/driver-selection-native-round6/r15c_selector.xml	10209	21af14fc4879b882722799796c1695ac227328711558bf48d57d0dbc9821f98c	evidence-driver-selection-native-round6.zip	98c01a4832bded171a8306d8034cb210afbaf350	2026-09-05T15:44:57-05:00
evidence/driver-selection-native-round6/r1_openhu.txt	38664	1272293d5e8081577761bd891939f62cee797970dfb03b9c2080706c34c6d73b	evidence-driver-selection-native-round6.zip	98c01a4832bded171a8306d8034cb210afbaf350	2026-09-05T15:44:57-05:00
evidence/field-ride-automation-btautostart-round2/r1-decision.txt	3481	0378b6622aae089ac97baf4c9a515d8025b999fb5f13cfa6bb20511ec980921d	evidence-field-ride-automation-btautostart-round2.zip	a6b939a964bf66449909febd53ebff19fb3ec8bf	2026-09-03T18:29:47-05:00
evidence/field-ride-automation-btautostart-round2/r1-first-attempt-inconclusive.txt	920	8225256d09d8ec14d1344accb492d0f7c1965b34794e717cc4f14242916cba0c	evidence-field-ride-automation-btautostart-round2.zip	a6b939a964bf66449909febd53ebff19fb3ec8bf	2026-09-03T18:29:47-05:00
evidence/field-ride-automation-btautostart-round2/r1.txt.gz	3178752	73a9eb6fc0a2f804c6162de91a2b91222a6a0307c5c5334ead9db36c0c167237	evidence-field-ride-automation-btautostart-round2.zip	a6b939a964bf66449909febd53ebff19fb3ec8bf	2026-09-03T18:29:47-05:00
evidence/field-ride-automation-btautostart-round2/r1b.txt.gz	1515124	27908b57d8ab5b18b9b70cc90abafa1b894fd993bf13127bf15a97997099cefe	evidence-field-ride-automation-btautostart-round2.zip	a6b939a964bf66449909febd53ebff19fb3ec8bf	2026-09-03T18:29:47-05:00
evidence/field-ride-automation-btautostart-round2/r2-decision.txt	2325	d8051cc13a44d11f51fc08f909baf09d1a674539779c742412af2eedfedfb862	evidence-field-ride-automation-btautostart-round2.zip	a6b939a964bf66449909febd53ebff19fb3ec8bf	2026-09-03T18:29:47-05:00
evidence/field-ride-automation-btautostart-round2/r2.txt.gz	1841198	935b37d69cb866f44e106c01312dbe8c50e78c2084006d7ada85df96ffdec0e2	evidence-field-ride-automation-btautostart-round2.zip	a6b939a964bf66449909febd53ebff19fb3ec8bf	2026-09-03T18:29:47-05:00
evidence/field-ride-automation-btautostart-round2/r3-audio-sinks.txt	1656	563d086fa8907d016ab3aa03a3fc9056ab1c448409b8cc2c8e96747598c6f942	evidence-field-ride-automation-btautostart-round2.zip	a6b939a964bf66449909febd53ebff19fb3ec8bf	2026-09-03T18:29:47-05:00
evidence/field-ride-automation-btautostart-round2/r3.txt.gz	1480714	e55e7ba49267e9f513ea7619ac113a49e2007235aa2cb094874339124cdf7d22	evidence-field-ride-automation-btautostart-round2.zip	a6b939a964bf66449909febd53ebff19fb3ec8bf	2026-09-03T18:29:47-05:00
evidence/field-ride-automation-btautostart-round2/r4-poke-target.txt	1358	73e886865408d7ca78198f3c0b3f06c3ae06c3ac8ed4bb0ebfc2d1226ab2e131	evidence-field-ride-automation-btautostart-round2.zip	a6b939a964bf66449909febd53ebff19fb3ec8bf	2026-09-03T18:29:47-05:00
evidence/field-ride-automation-btautostart-round2/r4.txt.gz	1636193	9907c6246b1cb83b2e86f617bbfb0be8779d4f777bfd15537624079d9a895d35	evidence-field-ride-automation-btautostart-round2.zip	a6b939a964bf66449909febd53ebff19fb3ec8bf	2026-09-03T18:29:47-05:00
evidence/field-ride-automation-btautostart-round2/r5-5299-bind.txt	904	18ce4e45751011d9d28f3ae5680e052c289d9ac47fe10287fb30edf9ed278d8b	evidence-field-ride-automation-btautostart-round2.zip	a6b939a964bf66449909febd53ebff19fb3ec8bf	2026-09-03T18:29:47-05:00
evidence/field-ride-automation-btautostart-round2/r5.txt.gz	1113358	b9c401485103eb0837d72d9f3911fe8fb1d7d0cc698c0da971cd93db25f6ebf4	evidence-field-ride-automation-btautostart-round2.zip	a6b939a964bf66449909febd53ebff19fb3ec8bf	2026-09-03T18:29:47-05:00
evidence/field-ride-automation-btautostart-round2/settings-r4-baseline.xml	6194	8309ab295a5b38e829cfe0ed91a287329558597cf0246fd46856fbfd3a57035c	evidence-field-ride-automation-btautostart-round2.zip	a6b939a964bf66449909febd53ebff19fb3ec8bf	2026-09-03T18:29:47-05:00
evidence/field-ride-automation-btautostart-round3/r1-decision.txt	1196	d5249df780f5af284142ce12887425f8fd6a2f2c823579db440d9293d109fc6f	evidence-field-ride-automation-btautostart-round3.zip	a6b939a964bf66449909febd53ebff19fb3ec8bf	2026-09-03T18:29:47-05:00
evidence/field-ride-automation-btautostart-round3/r1.txt.gz	127678	a11a73bd90157ce2fa293beace4e534a411cc7abcb08f415850d891fd26695aa	evidence-field-ride-automation-btautostart-round3.zip	a6b939a964bf66449909febd53ebff19fb3ec8bf	2026-09-03T18:29:47-05:00
evidence/field-ride-automation-btautostart-round3/r2-decision.txt	1748	5ade4d73779a1a0d62a2418f3d3a634d1c009ec4cb20b7cffdb23ff2d5d2bb18	evidence-field-ride-automation-btautostart-round3.zip	a6b939a964bf66449909febd53ebff19fb3ec8bf	2026-09-03T18:29:47-05:00
evidence/field-ride-automation-btautostart-round3/r2.txt.gz	76238	4bb4efbfdfed7133ec210627c2658eb81b79add952b262a10d9aaa97d038818a	evidence-field-ride-automation-btautostart-round3.zip	a6b939a964bf66449909febd53ebff19fb3ec8bf	2026-09-03T18:29:47-05:00
evidence/field-ride-automation-btautostart-round3/r3-audio-sinks.txt	1772	adc90b4190cc6f886f31376cb0b7a316192f3870d6803a4c4b211bb4de1656e0	evidence-field-ride-automation-btautostart-round3.zip	a6b939a964bf66449909febd53ebff19fb3ec8bf	2026-09-03T18:29:47-05:00
evidence/field-ride-automation-btautostart-round3/r3.txt.gz	134452	973ba4b06f5acee317607bf4d26b2fc9c0831775db7c0313c6f4c933500b1e23	evidence-field-ride-automation-btautostart-round3.zip	a6b939a964bf66449909febd53ebff19fb3ec8bf	2026-09-03T18:29:47-05:00
evidence/field-ride-automation-btautostart-round3/r4-poke-target.txt	2232	63203fff50aee02a7591b60d376b699ed7db92df82859011e3553b4c84850a49	evidence-field-ride-automation-btautostart-round3.zip	a6b939a964bf66449909febd53ebff19fb3ec8bf	2026-09-03T18:29:47-05:00
evidence/field-ride-automation-btautostart-round3/r4.txt.gz	182637	0869fa1f5644f7773f8f998807b567e00c3be578e4eaaac243d5c79ebb756551	evidence-field-ride-automation-btautostart-round3.zip	a6b939a964bf66449909febd53ebff19fb3ec8bf	2026-09-03T18:29:47-05:00
evidence/field-ride-automation-btautostart-round3/r4b-poke-target.txt	4003	852f07bb85a482a73e1c11f7a263fe5332d02010289ef046111fc1ff2ba70063	evidence-field-ride-automation-btautostart-round3.zip	a6b939a964bf66449909febd53ebff19fb3ec8bf	2026-09-03T18:29:47-05:00
evidence/field-ride-automation-btautostart-round3/r4b.txt.gz	176228	d5e2cc441a9c60a45b183f666f2075041c861a3a9905646c73d1d8be8c20c850	evidence-field-ride-automation-btautostart-round3.zip	a6b939a964bf66449909febd53ebff19fb3ec8bf	2026-09-03T18:29:47-05:00
evidence/field-ride-automation-btautostart-round3/r5-5299-bind.txt	893	5eb8fac90c9b243b23209fa74ad8a862e6f1bbe2016217cd3ccd332f29a3eb06	evidence-field-ride-automation-btautostart-round3.zip	a6b939a964bf66449909febd53ebff19fb3ec8bf	2026-09-03T18:29:47-05:00
evidence/field-ride-automation-btautostart-round3/r5.txt.gz	257058	8d502bf199e8013bbe50f556f7272f30599a5f5356bae74a2febf8ee44650872	evidence-field-ride-automation-btautostart-round3.zip	a6b939a964bf66449909febd53ebff19fb3ec8bf	2026-09-03T18:29:47-05:00
evidence/field-ride-automation-btautostart/poco-HUR_Log_20260902_181842_429.txt	130640	5633e2d9d73c1802bfd0d9986797a9ac7ba042fda194e68d7d9424c58dd402e0	evidence-field-ride-automation-btautostart.zip	a6b939a964bf66449909febd53ebff19fb3ec8bf	2026-09-03T18:29:47-05:00
evidence/field-ride-automation-btautostart/poco-HUR_Log_20260902_181846_442.txt	134657	74f24cb6fe8efac6253a5e54a9540f22d12d4565bd27d9e079afb3dd9d53b101	evidence-field-ride-automation-btautostart.zip	a6b939a964bf66449909febd53ebff19fb3ec8bf	2026-09-03T18:29:47-05:00
evidence/field-ride-automation-btautostart/poco-settings.xml	5291	467b48989c8f9ebbede4f4b62a79048576a3856c20e141d5d66a9c3805fe7456	evidence-field-ride-automation-btautostart.zip	a6b939a964bf66449909febd53ebff19fb3ec8bf	2026-09-03T18:29:47-05:00
evidence/field-ride-automation-btautostart/poco-settings_device_protected.xml	410	d60a026824ba2c2a933218b72dacea9206092d64e087296a91589cd2adde7330	evidence-field-ride-automation-btautostart.zip	a6b939a964bf66449909febd53ebff19fb3ec8bf	2026-09-03T18:29:47-05:00
evidence/five-ghz-channel-round1/matrix-summary.txt	8551	94851843e67512a436269b499ef6ec2fd252490bfab3ca841232064aba7bd952	evidence-five-ghz-channel-round1.zip	a6b939a964bf66449909febd53ebff19fb3ec8bf	2026-09-03T18:29:47-05:00
evidence/five-ghz-channel-round1/r1-ch0-excerpt.txt	2548	bc274648791473905343b79386551be7d2fb312ad8e9c3b375d519118a657754	evidence-five-ghz-channel-round1.zip	a6b939a964bf66449909febd53ebff19fb3ec8bf	2026-09-03T18:29:47-05:00
evidence/five-ghz-channel-round1/r1-ch149-excerpt.txt	2631	30a7151134423069efcfd4e3d8798efdcb6ecc8aa019e4100b1cd9fa2cc9f332	evidence-five-ghz-channel-round1.zip	a6b939a964bf66449909febd53ebff19fb3ec8bf	2026-09-03T18:29:47-05:00
evidence/five-ghz-channel-round1/r1-ch36-excerpt.txt	2628	3ddafc8f9be3eeb821450ca28394c8780d2fe20fcdaec20bf4cd35a4a5fb00f6	evidence-five-ghz-channel-round1.zip	a6b939a964bf66449909febd53ebff19fb3ec8bf	2026-09-03T18:29:47-05:00
evidence/five-ghz-channel-round1/r1-ch40-excerpt.txt	2628	b0b18074083845e747b382fcd3f79d80048afa4f36969f19eec02956015d10b3	evidence-five-ghz-channel-round1.zip	a6b939a964bf66449909febd53ebff19fb3ec8bf	2026-09-03T18:29:47-05:00
evidence/five-ghz-channel-round1/r1-ch44-excerpt.txt	2628	9e624662d893a6a63ad78654e19aa449f027bb83a10403cc7eeea27cf2eb2a2e	evidence-five-ghz-channel-round1.zip	a6b939a964bf66449909febd53ebff19fb3ec8bf	2026-09-03T18:29:47-05:00
evidence/five-ghz-channel-round1/r1-ch48-excerpt.txt	2628	ff3a9ec156beadbe916ca45c2dda5a48666d0678e9220d93874b461b5040a529	evidence-five-ghz-channel-round1.zip	a6b939a964bf66449909febd53ebff19fb3ec8bf	2026-09-03T18:29:47-05:00
evidence/five-ghz-channel-round1/r2-ch149-excerpt.txt	2243	a4e910b73e15cbb1d676e72d55e55d6877affaffc2a900c9a4c2a56701764f3e	evidence-five-ghz-channel-round1.zip	a6b939a964bf66449909febd53ebff19fb3ec8bf	2026-09-03T18:29:47-05:00
evidence/five-ghz-channel-round1/r2-ch36-excerpt.txt	2242	e01edf3b1b8e9516b3fe4fc169c917952800364c3d09250e79d54ed25dfcba17	evidence-five-ghz-channel-round1.zip	a6b939a964bf66449909febd53ebff19fb3ec8bf	2026-09-03T18:29:47-05:00
evidence/five-ghz-channel-round1/r2-summary.txt	10980	47ffde68fca53a877f5e6481340c8367c76a95ba9114631c2b8f5acf7698511b	evidence-five-ghz-channel-round1.zip	a6b939a964bf66449909febd53ebff19fb3ec8bf	2026-09-03T18:29:47-05:00
evidence/five-ghz-channel-round1/r3-hotspot-excerpt.txt	1763	efdf6f92f465b1bb4ffc10201d13ad82ba9c6e3d33a2d5efccf0ec17a58ee8c7	evidence-five-ghz-channel-round1.zip	a6b939a964bf66449909febd53ebff19fb3ec8bf	2026-09-03T18:29:47-05:00
evidence/five-ghz-channel-round1/r4-phone-deeplink-excerpt.txt	755	1a52c6e6186fafcfdc1018ffde224277106197152bcce9448ee44165eafa9a0c	evidence-five-ghz-channel-round1.zip	a6b939a964bf66449909febd53ebff19fb3ec8bf	2026-09-03T18:29:47-05:00
evidence/five-ghz-channel-round1/scan_r2_ch149.txt	247	69cba2b8958e2c53508b0a33079d100beac18c7ae3e9c59ec54d83d1a3cae69c	evidence-five-ghz-channel-round1.zip	a6b939a964bf66449909febd53ebff19fb3ec8bf	2026-09-03T18:29:47-05:00
evidence/five-ghz-channel-round1/scan_r2_ch36.txt	247	b44d13c62585b2edfcd70faa71896a75a044ea212de2f645089a45d407f0db71	evidence-five-ghz-channel-round1.zip	a6b939a964bf66449909febd53ebff19fb3ec8bf	2026-09-03T18:29:47-05:00
evidence/five-ghz-channel-round2/matrix-summary.txt	5322	96a300fc0a543174a9a7d2c289b994245a24ac6f62cc80b98c121f7c62b4051c	evidence-five-ghz-channel-round2.zip	a6b939a964bf66449909febd53ebff19fb3ec8bf	2026-09-03T18:29:47-05:00
evidence/five-ghz-channel-round2/r1-ch0-excerpt.txt	1198	b8373a9b603ca54e753a050b4eb95f52e7047e3a385bc8382405163d7e4dbb94	evidence-five-ghz-channel-round2.zip	a6b939a964bf66449909febd53ebff19fb3ec8bf	2026-09-03T18:29:47-05:00
evidence/five-ghz-channel-round2/r1-ch149-excerpt.txt	1277	5cdc7cd029ca174953859c193bf706a1e67f9ef14ecbc7154d477f5337735d71	evidence-five-ghz-channel-round2.zip	a6b939a964bf66449909febd53ebff19fb3ec8bf	2026-09-03T18:29:47-05:00
evidence/five-ghz-channel-round2/r1-ch36-excerpt.txt	1276	c5eb112727179011315b4b60096cae49d029bc2c73c42d21f9c6253b8ccc90c3	evidence-five-ghz-channel-round2.zip	a6b939a964bf66449909febd53ebff19fb3ec8bf	2026-09-03T18:29:47-05:00
evidence/five-ghz-channel-round2/r2-summary.txt	5858	7ce81e1e0b9152dec6f4be4792db2cf08f09f58cb234334cb99ffe929af12a6b	evidence-five-ghz-channel-round2.zip	a6b939a964bf66449909febd53ebff19fb3ec8bf	2026-09-03T18:29:47-05:00
evidence/five-ghz-channel-round2/r3-ch36-session-excerpt.txt	2241	b553df80e720439b0557ea56aea37cfb588d60bf196abc84b8f11e3ed02d8a7f	evidence-five-ghz-channel-round2.zip	a6b939a964bf66449909febd53ebff19fb3ec8bf	2026-09-03T18:29:47-05:00
evidence/five-ghz-channel-round2/scan_r2_ch36.txt	247	1966127edc14f63070cb055f9b3dc95c274d1c0bca7794ad3339607ad84e9464	evidence-five-ghz-channel-round2.zip	a6b939a964bf66449909febd53ebff19fb3ec8bf	2026-09-03T18:29:47-05:00
evidence/five-ghz-channel-round2/station-reads.txt	1828	83786565d2de8ec87c16bb5fc9514308800ebd1d13d2fbb3945ad0366f3a4d02	evidence-five-ghz-channel-round2.zip	a6b939a964bf66449909febd53ebff19fb3ec8bf	2026-09-03T18:29:47-05:00
evidence/five-ghz-channel-round2/wifip2p_r2_ch36.txt	17	d3c57fd3890d9548eb632580bd24d39450e0653752aa231fdca7e4f5a9d7bc5f	evidence-five-ghz-channel-round2.zip	a6b939a964bf66449909febd53ebff19fb3ec8bf	2026-09-03T18:29:47-05:00
evidence/gemini-research-video-optimization.pdf	112496	49692900c48f259b5bdbde1cb71afe63a1b91f305f691a97230c2bd978a0be6c	evidence-loose.zip	a6b939a964bf66449909febd53ebff19fb3ec8bf	2026-09-03T18:29:47-05:00
evidence/hands-free-wake-and-proto-schema-round1/g1-widening-finding.txt	227312	0a0f917696be249e5a69e380e4986abc4ba3b1decd89586b6322554ab580e7b7	evidence-hands-free-wake-and-proto-schema-round1.zip	498d0cc37698fbcd10d59942b0714b1a3eb77eae	2026-09-17T00:57:39-05:00
evidence/hands-free-wake-and-proto-schema-round1/h0-baseline.txt	15077	9042311b5f34fbc7d3ab6e5ea1dbfd647ca880045149dcbbaa81ea8dcd52a52c	evidence-hands-free-wake-and-proto-schema-round1.zip	498d0cc37698fbcd10d59942b0714b1a3eb77eae	2026-09-17T00:57:39-05:00
evidence/hands-free-wake-and-proto-schema-round1/h2-candidate-fail.txt	103488	f67f2db8bd953f14739409fd744e17a16d2d995aa3ebcc5bceff51996df7b293	evidence-hands-free-wake-and-proto-schema-round1.zip	498d0cc37698fbcd10d59942b0714b1a3eb77eae	2026-09-17T00:57:39-05:00
evidence/hands-free-wake-and-proto-schema-round1/s1-inconclusive.txt	192931	6f7feaf12f36831cc34affe2c511a91f0857293d8f5fe6f0508cc46229cf60b4	evidence-hands-free-wake-and-proto-schema-round1.zip	498d0cc37698fbcd10d59942b0714b1a3eb77eae	2026-09-17T00:57:39-05:00
evidence/hands-free-wake-and-proto-schema-round1/w1-serve-path.txt	27792	cd285afcb86aab67d187d8c7875bd160d72ccc6f112f9ab82705b287d8a322cb	evidence-hands-free-wake-and-proto-schema-round1.zip	498d0cc37698fbcd10d59942b0714b1a3eb77eae	2026-09-17T00:57:39-05:00
evidence/hands-free-wake-and-proto-schema-round1/w2-stale-endpoint-refused.txt	199888	fda2f657b3b657e1558abc4b96e01e43fe07016606e77e6ee859b58859745b70	evidence-hands-free-wake-and-proto-schema-round1.zip	498d0cc37698fbcd10d59942b0714b1a3eb77eae	2026-09-17T00:57:39-05:00
evidence/hands-free-wake-round2/C1-attempt1.txt.gz	3717295	1843c00b423f3c1bb0d040997a45d71c245caf42d711cca968983fab2aee1ff1	evidence-hands-free-wake-round2.zip	4822722849ce8ed0b9cc55638ab197ab4943500e	2026-09-17T11:35:13-05:00
evidence/hands-free-wake-round2/C1-attempt2-notes.txt	153	7c101af425cfb1cd81a920e93f19d1aefeef64bc2d2a72ad7a022d9d56887c5d	evidence-hands-free-wake-round2.zip	4822722849ce8ed0b9cc55638ab197ab4943500e	2026-09-17T11:35:13-05:00
evidence/hands-free-wake-round2/C1-attempt2.txt.gz	3604397	66a516ca956eff39f0869df8c2f3b1c4fada7a3c01f27131a30c662c3e6c082a	evidence-hands-free-wake-round2.zip	4822722849ce8ed0b9cc55638ab197ab4943500e	2026-09-17T11:35:13-05:00
evidence/hands-free-wake-round2/C1-dual-hfp-poll.txt	9648	d2f61178a209ef58f773de44c83e384be99dfa62d8184a29436a0d53406bb635	evidence-hands-free-wake-round2.zip	4822722849ce8ed0b9cc55638ab197ab4943500e	2026-09-17T11:35:13-05:00
evidence/hands-free-wake-round2/C1-notes.txt	2332	3fec8572e38cc9a95d91515f317c4e95b841eb389abc68e52107db066b032641	evidence-hands-free-wake-round2.zip	4822722849ce8ed0b9cc55638ab197ab4943500e	2026-09-17T11:35:13-05:00
evidence/hands-free-wake-round2/H2r-attempt2-dual-hfp-poll.txt	11817	0f17ff04ae577464f622a653a3f8b62f02c2effecd67e5a5e660df50c51d0e7b	evidence-hands-free-wake-round2.zip	4822722849ce8ed0b9cc55638ab197ab4943500e	2026-09-17T11:35:13-05:00
evidence/hands-free-wake-round2/H2r-attempt2-phone.txt.gz	1519317	eb9fef4909dba3f8ac0ca547ca5330590d8b842479c3f518cf8dcf9171a6350f	evidence-hands-free-wake-round2.zip	4822722849ce8ed0b9cc55638ab197ab4943500e	2026-09-17T11:35:13-05:00
evidence/hands-free-wake-round2/H2r-attempt2.txt.gz	6675335	96f7e96aef7d0ab100e947e21ed5a704d293ac73747aa7ef95d59a3d42360153	evidence-hands-free-wake-round2.zip	4822722849ce8ed0b9cc55638ab197ab4943500e	2026-09-17T11:35:13-05:00
evidence/hands-free-wake-round2/H2r-notes.txt	3154	e0754ea321fa96199505e74454dfa8fff3d9f2c3b253da41697a20e6aff9da80	evidence-hands-free-wake-round2.zip	4822722849ce8ed0b9cc55638ab197ab4943500e	2026-09-17T11:35:13-05:00
evidence/hands-free-wake-round2/H5-notes.txt	1833	11a62b91cbf92904481a6346568721340a2a18d2387249b9ad967c961880e85d	evidence-hands-free-wake-round2.zip	4822722849ce8ed0b9cc55638ab197ab4943500e	2026-09-17T11:35:13-05:00
evidence/hands-free-wake-round2/H5-watch.txt	1756	1bb6e485f396e4be8c8255202dd98912ce09d6d9aa18e555ffb2199242e25b89	evidence-hands-free-wake-round2.zip	4822722849ce8ed0b9cc55638ab197ab4943500e	2026-09-17T11:35:13-05:00
evidence/hands-free-wake-round2/H5.txt.gz	44836634	00d65115aad4515badaa0f5e488432a384ffc671184adb7ed3bc87714aba47e6	evidence-hands-free-wake-round2.zip	4822722849ce8ed0b9cc55638ab197ab4943500e	2026-09-17T11:35:13-05:00
evidence/hands-free-wake-round2/O1-notes.txt	2681	2974c3654930bf81b9b53c605d5196118cd3df98fcd94a1cccea60ced2719a20	evidence-hands-free-wake-round2.zip	4822722849ce8ed0b9cc55638ab197ab4943500e	2026-09-17T11:35:13-05:00
evidence/hands-free-wake-round2/O1-pill.png	157739	e5b210a201e3efd3b4f12694718c023ef2950e65a9c9abfcddb570551842584a	evidence-hands-free-wake-round2.zip	4822722849ce8ed0b9cc55638ab197ab4943500e	2026-09-17T11:35:13-05:00
evidence/hands-free-wake-round2/O1.txt.gz	6973979	a96b01d19080736a0dc80b18eff85543148a55e8a652d1d7a48159e4249017d4	evidence-hands-free-wake-round2.zip	4822722849ce8ed0b9cc55638ab197ab4943500e	2026-09-17T11:35:13-05:00
evidence/hands-free-wake-round2/O2-notes.txt	546	94d968a6411278cc6e9498ee743c8da640a29ebb077a365d1fb69925ac78081a	evidence-hands-free-wake-round2.zip	4822722849ce8ed0b9cc55638ab197ab4943500e	2026-09-17T11:35:13-05:00
evidence/hands-free-wake-round2/O3-notes.txt	1828	2051730adaaf989a5c7a51d7bb7d16960e5f2c60eb6f7be0a964c88564d0e9ab	evidence-hands-free-wake-round2.zip	4822722849ce8ed0b9cc55638ab197ab4943500e	2026-09-17T11:35:13-05:00
evidence/hands-free-wake-round2/O4-reopened-scrolled.png	96208	1224dc96436fb125841567dbcef6b2fce9ad5e2cd2d6bf9ab3136c15ffdc3af3	evidence-hands-free-wake-round2.zip	31f127b25b32a4c3c843c2eff6a4a68a334e209c	2026-09-17T12:30:46-05:00
evidence/hands-free-wake-round2/O4-reopened.png	96283	b683f505f67060955713df59524468cb1b52deba4920f3cb5728c47083cb12e2	evidence-hands-free-wake-round2.zip	31f127b25b32a4c3c843c2eff6a4a68a334e209c	2026-09-17T12:30:46-05:00
evidence/hands-free-wake-round2/O4.txt.gz	1985442	b0fae847ce02a99f63006810dd89b36e250b6aed0d6d5b68d8a30b0cec59ed08	evidence-hands-free-wake-round2.zip	31f127b25b32a4c3c843c2eff6a4a68a334e209c	2026-09-17T12:30:46-05:00
evidence/hands-free-wake-round2/O5-1-selfonly.png	94237	0a004edf5eab4d672a4ef5dab5bc103dcc7e2301ca4758666a205208ed6f4de3	evidence-hands-free-wake-round2.zip	4822722849ce8ed0b9cc55638ab197ab4943500e	2026-09-17T11:35:13-05:00
evidence/hands-free-wake-round2/O5-2-selfonly-scrolled.png	89207	e6ccb5572a8099d8d5da9f0fa615c3d75505a4e0d0cc643b75e1ee123eaf3f2c	evidence-hands-free-wake-round2.zip	4822722849ce8ed0b9cc55638ab197ab4943500e	2026-09-17T11:35:13-05:00
evidence/hands-free-wake-round2/O5-3-withwifi-native.png	102386	7a07960945b70d5cf2b7a0099f31bad0546470225e6ad3af7434c0dee1a238da	evidence-hands-free-wake-round2.zip	4822722849ce8ed0b9cc55638ab197ab4943500e	2026-09-17T11:35:13-05:00
evidence/hands-free-wake-round2/O5-4-withwifi-native-scrolled.png	87885	45ef0a1319f7fce76a1b120aa8257c8d5fa597be6df39577141df4fd498136bf	evidence-hands-free-wake-round2.zip	4822722849ce8ed0b9cc55638ab197ab4943500e	2026-09-17T11:35:13-05:00
evidence/hands-free-wake-round2/O5-notes.txt	1638	755f4d9b0dd30bef6994a7ca46d621813a9ed0e57c9a58d289931876f54af174	evidence-hands-free-wake-round2.zip	4822722849ce8ed0b9cc55638ab197ab4943500e	2026-09-17T11:35:13-05:00
evidence/hands-free-wake-round2/O6-attemptA-accoff-cont.txt.gz	333094	e2e38d8960a913b7d55c536d5499da088eb102615d422ddba9123d40aa40ce18	evidence-hands-free-wake-round2.zip	31f127b25b32a4c3c843c2eff6a4a68a334e209c	2026-09-17T12:30:46-05:00
evidence/hands-free-wake-round2/O6-attemptA-accoff.txt.gz	1527981	ac2e6af4ec218b10fb9186853fc83ba07d7378266433ac8f61dfb8d41c9305b5	evidence-hands-free-wake-round2.zip	31f127b25b32a4c3c843c2eff6a4a68a334e209c	2026-09-17T12:30:46-05:00
evidence/hands-free-wake-round2/O6-attemptB-deafserver.txt.gz	3254036	3a47ed289a7a972954c0f51cbef701c1e01a9340c70662e9c5a0430b224ffe19	evidence-hands-free-wake-round2.zip	31f127b25b32a4c3c843c2eff6a4a68a334e209c	2026-09-17T12:30:46-05:00
evidence/hands-free-wake-round2/O6-attemptC-connection-lost.png	30060	94466adf08b43e70fd2221897a06bd566d18038df717114136ec1bbbe2cf84d4	evidence-hands-free-wake-round2.zip	31f127b25b32a4c3c843c2eff6a4a68a334e209c	2026-09-17T12:30:46-05:00
evidence/hands-free-wake-round2/O6-attemptC-retry.txt	32190	79a37cbd3ac7d0e896255e27f4c21e5ee62077dbc0424dfc8b99d7b121447232	evidence-hands-free-wake-round2.zip	31f127b25b32a4c3c843c2eff6a4a68a334e209c	2026-09-17T12:30:46-05:00
evidence/hands-free-wake-round2/O6-attemptD-retry.txt	8866	5cb0577c2930fe75c0dd9712822809ce13a6a1f636bbc731ca76748f4dc6df9c	evidence-hands-free-wake-round2.zip	31f127b25b32a4c3c843c2eff6a4a68a334e209c	2026-09-17T12:30:46-05:00
evidence/hands-free-wake-round2/O6-attemptD-stuck.png	150947	fb6a023c7998fec2e3e2b8e746aaa756d55cbd787f653c8b3187b9cf34455ed8	evidence-hands-free-wake-round2.zip	31f127b25b32a4c3c843c2eff6a4a68a334e209c	2026-09-17T12:30:46-05:00
evidence/hands-free-wake-round2/O6-byebye-reconnect-repro.png	156239	ee06b009e4b73ad0b150cd752a4bbe4edc268f311cca5f0d7b9b55a06cef101d	evidence-hands-free-wake-round2.zip	d3ef780b06bda9deb426b4f32da4c303208201d0	2026-09-17T13:01:52-05:00
evidence/hands-free-wake-round2/O6-byebye-reconnect-repro.txt.gz	44641	6bd6e105a912430db1378be3386f25ac7db2a86f7799908207dcf53e88fe191c	evidence-hands-free-wake-round2.zip	d3ef780b06bda9deb426b4f32da4c303208201d0	2026-09-17T13:01:52-05:00
evidence/hands-free-wake-round2/O6-deaf-banner.png	151751	11faa597ecbd7a0ab968623a11065a583fce6691df4414090413af18925a2256	evidence-hands-free-wake-round2.zip	31f127b25b32a4c3c843c2eff6a4a68a334e209c	2026-09-17T12:30:46-05:00
evidence/hands-free-wake-round2/O6-deaf-banner2.png	151352	2faf17bd1b88a9ccae39e30faf8801c98a7e371d24addcf187605e21aac58b69	evidence-hands-free-wake-round2.zip	31f127b25b32a4c3c843c2eff6a4a68a334e209c	2026-09-17T12:30:46-05:00
evidence/hands-free-wake-round2/O6-discovery-retry.txt.gz	215763	769a2f80892721e0150000e8570cc0f0747c04ddf3432dae333400aa75b4187f	evidence-hands-free-wake-round2.zip	31f127b25b32a4c3c843c2eff6a4a68a334e209c	2026-09-17T12:30:46-05:00
evidence/hands-free-wake-round2/O6-native-stall-cont.txt	16127	80b7b5d9bd8137d6d795b771b57be1151f8ce6f449d884e6638b26a5a422218c	evidence-hands-free-wake-round2.zip	5b631cf345f6c39521f27c375c0eaa43e3aae2e7	2026-09-17T12:43:37-05:00
evidence/hands-free-wake-round2/O6-native-stall-final.png	156677	b3aecf387fb2358ad93f602725d685d815c3a059ca53cb367c6824ca0db8dae8	evidence-hands-free-wake-round2.zip	5b631cf345f6c39521f27c375c0eaa43e3aae2e7	2026-09-17T12:43:37-05:00
evidence/hands-free-wake-round2/O6-native-stall.png	156047	f119200d2aa4d1e786a5c7bc1689e18742cbd8ed1e9779d1a5817fa317d46f9d	evidence-hands-free-wake-round2.zip	5b631cf345f6c39521f27c375c0eaa43e3aae2e7	2026-09-17T12:43:37-05:00
evidence/hands-free-wake-round2/O6-native-stall.txt	5127	bbc35956ce36ceda24400e41d46b7662dc4571015b187dc6fbcbc2d70d66528c	evidence-hands-free-wake-round2.zip	5b631cf345f6c39521f27c375c0eaa43e3aae2e7	2026-09-17T12:43:37-05:00
evidence/hands-free-wake-round2/O6-state-attemptA.png	151755	5c53d6473f8307b4f43d4f4baec6dacea909fde46bba4766dcc22acb852e698e	evidence-hands-free-wake-round2.zip	31f127b25b32a4c3c843c2eff6a4a68a334e209c	2026-09-17T12:30:46-05:00
evidence/hands-free-wake-round2/O6-state-attemptB.png	151432	49a2b8cc648896af68a395e6da501fc71438514c21b7cbbc9c1450b5f95986f4	evidence-hands-free-wake-round2.zip	31f127b25b32a4c3c843c2eff6a4a68a334e209c	2026-09-17T12:30:46-05:00
evidence/hands-free-wake-round2/O6.txt.gz	236921	566d52651da3c719ffb94567c493ce01f525a88a9813de4a51948017b8e256e4	evidence-hands-free-wake-round2.zip	4822722849ce8ed0b9cc55638ab197ab4943500e	2026-09-17T11:35:13-05:00
evidence/hands-free-wake-round2/dhu-settings-backup.xml	2709	d733f96c549eda2f848df8648f31f8a4d91ecb72babbb3605990195cdab956ab	evidence-hands-free-wake-round2.zip	4822722849ce8ed0b9cc55638ab197ab4943500e	2026-09-17T11:35:13-05:00
evidence/headunit-reloaded-decompile/Player.java	10792	19dc01345f1d9245afda317dde23043d7fbac02f3fdd4ef5e8f25167e1fb1643	evidence-headunit-reloaded-decompile.zip	a6b939a964bf66449909febd53ebff19fb3ec8bf	2026-09-03T18:29:47-05:00
evidence/headunit-reloaded-decompile/bluetooth-recovered.proto	3138	94071d3d9d200a6ff321e8e35394622f5fe0870016a0f5247cfc52672c56016b	evidence-headunit-reloaded-decompile.zip	a6b939a964bf66449909febd53ebff19fb3ec8bf	2026-09-03T18:29:47-05:00
evidence/headunit-reloaded-decompile/c-k-AutoPokeWalk.java	10812	4c7e54123129f06d05b23c81308a511741a4d771359e7a9186fe3c07d0e36ab2	evidence-headunit-reloaded-decompile.zip	a6b939a964bf66449909febd53ebff19fb3ec8bf	2026-09-03T18:29:47-05:00
evidence/headunit-reloaded-decompile/c-n-HfpSlcInitiator.java	7024	b46bde7a0240e4a246f4cd0275ff74381c5a755bb22b16e69233a992965c036c	evidence-headunit-reloaded-decompile.zip	a6b939a964bf66449909febd53ebff19fb3ec8bf	2026-09-03T18:29:47-05:00
evidence/headunit-reloaded-decompile/g4-m-ManualPokeAndHfpKeepalive.java	7622	d3e366f18a855096a568fe8ba442abe582a2b8640115f71fd8aeb0a1b15e3a64	evidence-headunit-reloaded-decompile.zip	a6b939a964bf66449909febd53ebff19fb3ec8bf	2026-09-03T18:29:47-05:00
evidence/headunit-reloaded-decompile/headunit-reloaded-v8.2.0-vc820.apk	6656605	7ddcb31d76477efa7d35ff66a4cd175e6d7cf15630498aff7e0661c9179e35d2	evidence-headunit-reloaded-decompile.zip	a6b939a964bf66449909febd53ebff19fb3ec8bf	2026-09-03T18:29:47-05:00
evidence/headunit-reloaded-decompile/t-ListenerBringUp.java	62444	e8d768508497483283f84071ac4bd573c57422a8b0eaebe8016310661a242d8c	evidence-headunit-reloaded-decompile.zip	a6b939a964bf66449909febd53ebff19fb3ec8bf	2026-09-03T18:29:47-05:00
evidence/headunit-reloaded-decompile/y7-b-ScaleResult.java	1326	170dab3493847fc5085fb01cfb41361cb9a6f2aefb425da320b31a0f091b2658	evidence-headunit-reloaded-decompile.zip	a6b939a964bf66449909febd53ebff19fb3ec8bf	2026-09-03T18:29:47-05:00
evidence/headunit-reloaded-decompile/y7-c-ScreenCalc.java	6004	7d7ccb950a25f5ee7ccfc72e0b61ba07384a06c6f0e0a55fe405892e176be316	evidence-headunit-reloaded-decompile.zip	a6b939a964bf66449909febd53ebff19fb3ec8bf	2026-09-03T18:29:47-05:00
evidence/headunit-reloaded-decompile/y7-d-SurfaceViewPlayer.java	1628	674dee1bf6b9e9be59b81c2d53dc8426b5c17a4b26a4f6e1a2d88fd02b51f17f	evidence-headunit-reloaded-decompile.zip	a6b939a964bf66449909febd53ebff19fb3ec8bf	2026-09-03T18:29:47-05:00
evidence/headunit-reloaded-decompile/y7-e-TextureViewPlayer.java	2074	885a41c9728a284ea80b83303019adf4bd46e4f5e5eba265f853cf0f6211bb38	evidence-headunit-reloaded-decompile.zip	a6b939a964bf66449909febd53ebff19fb3ec8bf	2026-09-03T18:29:47-05:00
evidence/headunit-reloaded-decompile/y7-f-TouchListener.java	2688	8388a79c3868b402e77139088b20a77c329a0edfa1362b57bf395d528eba804c	evidence-headunit-reloaded-decompile.zip	a6b939a964bf66449909febd53ebff19fb3ec8bf	2026-09-03T18:29:47-05:00
evidence/headunit-reloaded-decompile/y7-g-OutputBufferRelease.java	1695	c501113a3614c63ccb17570b1882f82790b2363cad014622cc4e64d6a6fb840e	evidence-headunit-reloaded-decompile.zip	a6b939a964bf66449909febd53ebff19fb3ec8bf	2026-09-03T18:29:47-05:00
evidence/headunit-reloaded-decompile/y7-h-MediaCodecCallback.java	1716	d05d71137ad936b400e172d03e4ab35cf56e3680f72339ede6bb8c38438abb4e	evidence-headunit-reloaded-decompile.zip	a6b939a964bf66449909febd53ebff19fb3ec8bf	2026-09-03T18:29:47-05:00
evidence/headunit-reloaded-decompile/y7-i-VideoDecoderCore.java	7085	98231cd126d5a60cb039458be20f3078e484fb603c302a167f2775691094607d	evidence-headunit-reloaded-decompile.zip	a6b939a964bf66449909febd53ebff19fb3ec8bf	2026-09-03T18:29:47-05:00
evidence/headunit-reloaded-decompile/z7-d-DummyA2dpSink.java	2304	733e66393cc4b7f150e9766211a0a30abe7415fad3059c9deec87a2095dc4b5c	evidence-headunit-reloaded-decompile.zip	a6b939a964bf66449909febd53ebff19fb3ec8bf	2026-09-03T18:29:47-05:00
evidence/headunit-reloaded-decompile/z7-f-BssidChain.java	20205	8445dc8bf09e36056f6735bb395f16c0655199bf714b1154f6e1df4fd0333509	evidence-headunit-reloaded-decompile.zip	a6b939a964bf66449909febd53ebff19fb3ec8bf	2026-09-03T18:29:47-05:00
evidence/headunit-reloaded-decompile/z7-h-LocalOnlyHotspot.java	12199	29dff3c64811e43526dee5bd2bb1407f39f73ec3198b4270f75073e51a98e183	evidence-headunit-reloaded-decompile.zip	a6b939a964bf66449909febd53ebff19fb3ec8bf	2026-09-03T18:29:47-05:00
evidence/headunit-reloaded-decompile/z7-i-P2pCallbacks.java	2791	7d3e79286c5b138f910e553ff650c74ab98f8b938aa61025c2cb9202ae3fa67e	evidence-headunit-reloaded-decompile.zip	a6b939a964bf66449909febd53ebff19fb3ec8bf	2026-09-03T18:29:47-05:00
evidence/headunit-reloaded-decompile/z7-j-Hotspot-network.java	13055	f1282b0eecaddbff954816f84a38d0c2c4bd70facb56db30d930e73bcf5b0792	evidence-headunit-reloaded-decompile.zip	a6b939a964bf66449909febd53ebff19fb3ec8bf	2026-09-03T18:29:47-05:00
evidence/headunit-reloaded-decompile/z7-n-PokeUuidAndBondedList.java	2716	d08a8d7a4384c69c34b3278e2bbce3002f2de9910ccd7fb9b7f9e0f0529d3e00	evidence-headunit-reloaded-decompile.zip	a6b939a964bf66449909febd53ebff19fb3ec8bf	2026-09-03T18:29:47-05:00
evidence/headunit-reloaded-decompile/z7-p-WirelessBT-handshake.java	28586	d6cbb16b483dfd05e7596609974e986bc90ab4f7f2c4a2a414774a8d9dea25fb	evidence-headunit-reloaded-decompile.zip	a6b939a964bf66449909febd53ebff19fb3ec8bf	2026-09-03T18:29:47-05:00
evidence/hp-slate-bringup-round1/HUR_Log_20260915_142710_600.txt	124818	cdef7efc92d9136773ad55c5597c0f2b7aa7c7dd36d4c53b7188de5436ef2d6f	evidence-hp-slate-bringup-round1.zip	33db368b7dfc3225d02c91fbb9d973a4e0771b70	2026-09-15T14:51:41-05:00
evidence/hp-slate-bringup-round1/HUR_Log_20260915_143300_723_r2r3.txt	2526010	b3b2dd2b041662a1f769df5ed33fc54a331cff061c2f34b9e1c9888ecf4bc0c7	evidence-hp-slate-bringup-round1.zip	33db368b7dfc3225d02c91fbb9d973a4e0771b70	2026-09-15T14:51:41-05:00
evidence/hp-slate-bringup-round1/r1_launch_logcat.txt	160207	d1c94a782ed00ec11a5bef83a3b6555534a40f6151609d7a63bb4d35a673e9d6	evidence-hp-slate-bringup-round1.zip	33db368b7dfc3225d02c91fbb9d973a4e0771b70	2026-09-15T14:51:41-05:00
evidence/narrow-band-and-disconnect-scope-round1/r1_candidate.log	1126631	5905e8b88af5aaf469db570b0e6d063bc4d9733a65230339d9807dec32351f75	evidence-narrow-band-and-disconnect-scope-round1.zip	ff30fd266a2e4bc85738be3c2c72cc672bc5f463	2026-09-03T21:52:01-05:00
evidence/narrow-band-and-disconnect-scope-round1/r1_control.log	1135005	49aa89d3ffb8f31ba5add586eb7588ff3cdb6d42c291cccb537267b819ee80dc	evidence-narrow-band-and-disconnect-scope-round1.zip	ff30fd266a2e4bc85738be3c2c72cc672bc5f463	2026-09-03T21:52:01-05:00
evidence/narrow-band-and-disconnect-scope-round1/r2.log	431651	2c1a8cfe972d0e6f636c0203f1bc106a7459033a7b0f8f979bd369c2df8a5e35	evidence-narrow-band-and-disconnect-scope-round1.zip	ff30fd266a2e4bc85738be3c2c72cc672bc5f463	2026-09-03T21:52:01-05:00
evidence/narrow-band-and-disconnect-scope-round1/r2_banner.png	149514	c4a2dfc8f0057b1f8b37d07af1e1bf4a041114ce6578941f1cfb834edaf2b5ad	evidence-narrow-band-and-disconnect-scope-round1.zip	ff30fd266a2e4bc85738be3c2c72cc672bc5f463	2026-09-03T21:52:01-05:00
evidence/narrow-band-and-disconnect-scope-round1/r3.log	1518321	d8723053fc919109ba81061944414b888633869f2b0d58a9b2e5bfe24d0d8fa0	evidence-narrow-band-and-disconnect-scope-round1.zip	ff30fd266a2e4bc85738be3c2c72cc672bc5f463	2026-09-03T21:52:01-05:00
evidence/narrow-band-and-disconnect-scope-round1/r3_no_banner.png	140631	8ee5edac5e68cf77ad58dbeb99cffbb6e701cd42a820037b6458181cbefb3d5f	evidence-narrow-band-and-disconnect-scope-round1.zip	ff30fd266a2e4bc85738be3c2c72cc672bc5f463	2026-09-03T21:52:01-05:00
evidence/narrow-band-and-disconnect-scope-round1/r3_relaunch.log	23858	e208a0da4a6f638305f0f4db63337715c105e9bf53622d31efd4e52cbf29d206	evidence-narrow-band-and-disconnect-scope-round1.zip	ff30fd266a2e4bc85738be3c2c72cc672bc5f463	2026-09-03T21:52:01-05:00
evidence/narrow-band-and-disconnect-scope-round1/r4.log	3463196	1504bd87c6f79fcfceb8cb7bb1b34077bb61746334613fefb35e976dcd5bbc61	evidence-narrow-band-and-disconnect-scope-round1.zip	ff30fd266a2e4bc85738be3c2c72cc672bc5f463	2026-09-03T21:52:01-05:00
evidence/narrow-band-and-disconnect-scope-round1/r5.log	1061318	d07d60aba23bb68cb3377beb830248bfc4debcc90d359725c9a935737dbdc24b	evidence-narrow-band-and-disconnect-scope-round1.zip	ff30fd266a2e4bc85738be3c2c72cc672bc5f463	2026-09-03T21:52:01-05:00
evidence/narrow-band-and-disconnect-scope-round1/settings_before.xml	6369	f309fabf2546b17a21d85438659f14ee8fc403d1fc75aa1bf204a43ff5af88d0	evidence-narrow-band-and-disconnect-scope-round1.zip	ff30fd266a2e4bc85738be3c2c72cc672bc5f463	2026-09-03T21:52:01-05:00
evidence/native-aa-recovery-identity-and-speed-round3/R1a.txt.gz	260075	8ea7ba596c6c94740b3d547c0203b52ed666424539af864e1850bf8d8683f853	evidence-native-aa-recovery-identity-and-speed-round3.zip	24c5702ab109ead1ed9d5ec2d529b40a428109da	2026-09-09T12:03:10-05:00
evidence/native-aa-recovery-identity-and-speed-round3/R1b.txt.gz	220723	237d9985f131e1085906040b99870d23330396e6881fb69f3bfc3f486ecbbf09	evidence-native-aa-recovery-identity-and-speed-round3.zip	24c5702ab109ead1ed9d5ec2d529b40a428109da	2026-09-09T12:03:10-05:00
evidence/native-aa-recovery-identity-and-speed-round3/R2_baseline.txt.gz	167613	2b60799ecfdf8106934d6e8d3738bdc00a08490741237aacf0e0aab3c854434e	evidence-native-aa-recovery-identity-and-speed-round3.zip	24c5702ab109ead1ed9d5ec2d529b40a428109da	2026-09-09T12:03:10-05:00
evidence/native-aa-recovery-identity-and-speed-round3/R2_candidate.txt.gz	237649	962c7e1c4327ddfe15477d62746c178ecf545602779dd023039412018ef919be	evidence-native-aa-recovery-identity-and-speed-round3.zip	24c5702ab109ead1ed9d5ec2d529b40a428109da	2026-09-09T12:03:10-05:00
evidence/native-aa-recovery-identity-and-speed-round3/r2b.png	96439	16c1a44ea5baac6e2542661f02fa3d3c32229be8c52b427f69fd6165315df5fe	evidence-native-aa-recovery-identity-and-speed-round3.zip	24c5702ab109ead1ed9d5ec2d529b40a428109da	2026-09-09T12:03:10-05:00
evidence/native-aa-recovery-identity-and-speed-round3/r2c.png	69406	4ef1ea8ffd084e9edf9b943802d996212805ae98ea2b21fab7662560f64dbaf9	evidence-native-aa-recovery-identity-and-speed-round3.zip	24c5702ab109ead1ed9d5ec2d529b40a428109da	2026-09-09T12:03:10-05:00
evidence/native-gps-r8-after-spoof.png	1170352	480b7062b2c331e902084be42a90fcc4eb5cf63c79253fb2f9bd09a84f739474	evidence-loose.zip	a6b939a964bf66449909febd53ebff19fb3ec8bf	2026-09-03T18:29:47-05:00
evidence/native-gps-r8-baseline.png	1215117	c6cc54d04543dd24d79e3889827fa16f71160ea42146dfc947497aa733edb574	evidence-loose.zip	a6b939a964bf66449909febd53ebff19fb3ec8bf	2026-09-03T18:29:47-05:00
evidence/pr-readiness-round1/s4_iter1_decisive.txt	2126	3fd8a1b32a6ba52955f42ab222b2f22cddfd91356a605c0b91767580a11ce77d	evidence-pr-readiness-round1.zip	a6b939a964bf66449909febd53ebff19fb3ec8bf	2026-09-03T18:29:47-05:00
evidence/pr-readiness-round1/s4_iter2_decisive.txt	2253	af4631ffb413e04d11c1bdeb5ee2ec613c83f7229aa18892dbf2ab963db50483	evidence-pr-readiness-round1.zip	a6b939a964bf66449909febd53ebff19fb3ec8bf	2026-09-03T18:29:47-05:00
evidence/pr-readiness-round1/s4_iter3_decisive.txt	2126	b1e2052bd1d4c3fa7074931275e0d6d7b702b76bb556e8f722322a020cb577fa	evidence-pr-readiness-round1.zip	a6b939a964bf66449909febd53ebff19fb3ec8bf	2026-09-03T18:29:47-05:00
evidence/pr-readiness-round1/s5_decisive.txt	3130	8a9fc03ec62b74d9f51f2ce47bc11bb3958680f6471f06c6dbb6b9c770d3c0ef	evidence-pr-readiness-round1.zip	a6b939a964bf66449909febd53ebff19fb3ec8bf	2026-09-03T18:29:47-05:00
evidence/pr-readiness-round1/s6_1-5_capture.txt	123361	e06ca34c9a03ebfbf5e1a2815a862acb3f95b375395dd75b1a2efcb3be533b71	evidence-pr-readiness-round1.zip	a6b939a964bf66449909febd53ebff19fb3ec8bf	2026-09-03T18:29:47-05:00
evidence/pr-readiness-round1/s6_6_session.txt	79692	f7870ee698fc640f30ac1bce91fd978f357bbd4bda4faf7cebde23abd01dfb65	evidence-pr-readiness-round1.zip	a6b939a964bf66449909febd53ebff19fb3ec8bf	2026-09-03T18:29:47-05:00
evidence/pr-readiness-round1/s6_6b_session.txt	70833	aaf76efce17178023c9ec3d5fc9667029e44acf6e2594118c1aebaa14b68d7b4	evidence-pr-readiness-round1.zip	a6b939a964bf66449909febd53ebff19fb3ec8bf	2026-09-03T18:29:47-05:00
evidence/pr-readiness-round1/wifip2p_s4_iter1.txt	33862	74eb608bab1e70d76e6403d0f39d4625149f5ad729f0bea2156acd6f612809cf	evidence-pr-readiness-round1.zip	a6b939a964bf66449909febd53ebff19fb3ec8bf	2026-09-03T18:29:47-05:00
evidence/projection-raise-round2/dhp/README.md	2096	ef8e36fb3e5b15e2e78eb43500dce887a2d92080cadd0f9c8e4e391ef7531909	evidence-projection-raise-round2.zip	bf627e65e8a007bfc361e745b20707cd984423db	2026-09-17T20:23:46-05:00
evidence/projection-raise-round2/dhp/dhp-l1-capture-1830-1836.log.gz	123084	c610b6cfa2586fa2a3c4193d5a62ebc205f883bbb48f7add48d6c58224f01027	evidence-projection-raise-round2.zip	bf627e65e8a007bfc361e745b20707cd984423db	2026-09-17T20:23:46-05:00
evidence/projection-raise-round2/dhp/dhp-l1-capture-2008-2012.log.gz	280784	26411b2cf0624219f5ff44a021d436da3f95e5d498e35582e88bb75d53dde242	evidence-projection-raise-round2.zip	bf627e65e8a007bfc361e745b20707cd984423db	2026-09-17T20:23:46-05:00
evidence/projection-raise-round2/dhp/dhp-l1-capture-audio-queue-fix-2012-2021.log.gz	620327	417f72c43e9d57a8b51bacb4693d03c1cfdcdbb9fc758483cbd0bfccec053a92	evidence-projection-raise-round2.zip	bf627e65e8a007bfc361e745b20707cd984423db	2026-09-17T20:23:46-05:00
evidence/projection-raise-round2/dhp/dhp_audio_watch.txt	405	c989fdec1e2c24726c1b563e490c10fc6040daeb2ece0eaf8db2070dce8927ac	evidence-projection-raise-round2.zip	bf627e65e8a007bfc361e745b20707cd984423db	2026-09-17T20:23:46-05:00
evidence/projection-raise-round2/dhp/l1-picture-after-touch-drag-stall.png	1267588	572859b292537ac0e160fd61ce5ca50fff4aabe077e4adadc94ddac6be43045b	evidence-projection-raise-round2.zip	bf627e65e8a007bfc361e745b20707cd984423db	2026-09-17T20:23:46-05:00
evidence/projection-raise-round2/dhp/l1-picture-maps-live.png	115430	dedc743ffc2998359e34c8fb714dc289c325d6b0407085108af03bf0bcbda202	evidence-projection-raise-round2.zip	bf627e65e8a007bfc361e745b20707cd984423db	2026-09-17T20:23:46-05:00
evidence/projection-raise-round2/dsam/b1-picture-marvell-decode.png	76781	d6c982c3c97863df58aeff88ac607e1ef73e28936eb8bacb0f2bd90add26130a	evidence-projection-raise-round2.zip	bf627e65e8a007bfc361e745b20707cd984423db	2026-09-17T20:23:46-05:00
evidence/r2-artifact-live-2.png	615993	a660393f5829f1c2158857c7175e2642addf9d7b9de9168fc628fe3caced0eb3	evidence-loose.zip	a6b939a964bf66449909febd53ebff19fb3ec8bf	2026-09-03T18:29:47-05:00
evidence/r2-artifact-live.png	740220	4375efd16f3f20a64a817e23d94033e13bac7955ef3ab86e9074eadcfc526cee	evidence-loose.zip	a6b939a964bf66449909febd53ebff19fb3ec8bf	2026-09-03T18:29:47-05:00
evidence/r4-decoder-wedged.png	50080	553a0b9b81dd90481e86bbf2e146bfcf50d75c6eafc9626bf4e1f2ec2ead9b20	evidence-loose.zip	a6b939a964bf66449909febd53ebff19fb3ec8bf	2026-09-03T18:29:47-05:00
evidence/r8-artifact-live-2.png	911129	0aa8a51a08dfc9f3244d8186f744a641057743506e156a29cb2c3e7df66b42b4	evidence-loose.zip	a6b939a964bf66449909febd53ebff19fb3ec8bf	2026-09-03T18:29:47-05:00
evidence/r8-artifact-live.png	709859	fc299b6a4677d5895a636cc8ce5a16b2c19b7a66e87ae51e8b1361d67f0b2f9e	evidence-loose.zip	a6b939a964bf66449909febd53ebff19fb3ec8bf	2026-09-03T18:29:47-05:00
evidence/r8-stall-cycle.png	1119438	f7e4675e17e0f47f2964e97ab118c745f8c11be54f6e2de43b95e343ee6cb7c8	evidence-loose.zip	a6b939a964bf66449909febd53ebff19fb3ec8bf	2026-09-03T18:29:47-05:00
evidence/rotation-geometry-round1/a0.png	2110389	6d561b30042168068ab9a6d194067980f18eb7855f268b8e1904e60941e5690e	evidence-rotation-geometry-round1.zip	c249c589533c6f8d199e42021755daecf2e98ed9	2026-09-18T14:47:18-05:00
evidence/rotation-geometry-round1/a1-after.png	2625323	98c28f0511534b494c055c7afdd7ca7e62bd27ab6cf062f54dfb6ffb0aeeae53	evidence-rotation-geometry-round1.zip	c249c589533c6f8d199e42021755daecf2e98ed9	2026-09-18T14:47:18-05:00
evidence/rotation-geometry-round1/a1-before.png	2201304	4c58c9fb4c25314cb1d208e545dc5b68f66a7c8136e5719d953716fb803ca069	evidence-rotation-geometry-round1.zip	c249c589533c6f8d199e42021755daecf2e98ed9	2026-09-18T14:47:18-05:00
evidence/rotation-geometry-round1/a1-recover.png	2195291	b3eb31e0259c52783c37c0226416c0cfc86854ff90490237ed6917febca73fc0	evidence-rotation-geometry-round1.zip	c249c589533c6f8d199e42021755daecf2e98ed9	2026-09-18T14:47:18-05:00
evidence/rotation-geometry-round1/a2-after.png	2265550	90ea8d9e08a7343a0ef5ca9e0948bef2f2c53125c65ea7d1f59bc80bd20f2e41	evidence-rotation-geometry-round1.zip	c249c589533c6f8d199e42021755daecf2e98ed9	2026-09-18T14:47:18-05:00
evidence/rotation-geometry-round1/a2-before.png	2259390	e47febe00db50a5a8156bd4cbf7a7cfca61e90d8791874a8d744a6660256bcd6	evidence-rotation-geometry-round1.zip	c249c589533c6f8d199e42021755daecf2e98ed9	2026-09-18T14:47:18-05:00
evidence/rotation-geometry-round1/a2-recover.png	2276070	e723747ccb3c71368d7d1244e5063ee70562d394efdb71195a9e3d8b27affcc0	evidence-rotation-geometry-round1.zip	c249c589533c6f8d199e42021755daecf2e98ed9	2026-09-18T14:47:18-05:00
evidence/rotation-geometry-round1/a3-after.png	1837959	c07a0719d097bd3d806be64ed7e4ade98075930939491fa2ecd6adeee44f7ba6	evidence-rotation-geometry-round1.zip	c249c589533c6f8d199e42021755daecf2e98ed9	2026-09-18T14:47:18-05:00
evidence/rotation-geometry-round1/a3-before.png	2214171	356d03f36839e5aeb1b453eb81d5d963a2b3b50f17bbfbd22c4d0335ea3adf08	evidence-rotation-geometry-round1.zip	c249c589533c6f8d199e42021755daecf2e98ed9	2026-09-18T14:47:18-05:00
evidence/rotation-geometry-round1/a4-nobars.png	2231511	5da5e4a2ceb9d2df19c0443f1d1e5c03592c751aad0adb65df1bde04e64e6ff6	evidence-rotation-geometry-round1.zip	c249c589533c6f8d199e42021755daecf2e98ed9	2026-09-18T14:47:18-05:00
evidence/rotation-geometry-round1/a5.png	1532812	ade687bab7f1f14c5acf9bf7d07d630862017c39cf6a981a10632891a739d880	evidence-rotation-geometry-round1.zip	c249c589533c6f8d199e42021755daecf2e98ed9	2026-09-18T14:47:18-05:00
evidence/rotation-geometry-round1/b1-after.png	2777344	710580cc94d7df032a04e780b64054afb408805fa9d3a35f532d25b0f4361aa9	evidence-rotation-geometry-round1.zip	c249c589533c6f8d199e42021755daecf2e98ed9	2026-09-18T14:47:18-05:00
evidence/rotation-geometry-round1/b1-before.png	2157192	e00f34b062e2882a346d9bf124512457bf091e4ca875e6b345ab62ecd02dba2c	evidence-rotation-geometry-round1.zip	c249c589533c6f8d199e42021755daecf2e98ed9	2026-09-18T14:47:18-05:00
evidence/rotation-geometry-round1/b3-stalled.png	2713951	ba425ff0f2ab5c03341d54cace2a99aa1f75fe63ff0848e2addeabf2763fec52	evidence-rotation-geometry-round1.zip	c249c589533c6f8d199e42021755daecf2e98ed9	2026-09-18T14:47:18-05:00
evidence/rotation-geometry-round1/b5-false-pan.png	2441266	8c8757490785f8a68c7af0adbda81a6b56827cb551ee6673e7cdca1742ee592a	evidence-rotation-geometry-round1.zip	c249c589533c6f8d199e42021755daecf2e98ed9	2026-09-18T14:47:18-05:00
evidence/rotation-geometry-round1/b5-true-maps.png	2173512	edc184d2c8068089eddd4dee65cff4dc27ccc16b3a358c65dfd84b240e28ccf3	evidence-rotation-geometry-round1.zip	c249c589533c6f8d199e42021755daecf2e98ed9	2026-09-18T14:47:18-05:00
evidence/rotation-geometry-round1/b5-true-pan.png	2423945	777c84c417d27934f0d9e697bd212a18a364ae0c8510aadb6a4a9803e20b2a06	evidence-rotation-geometry-round1.zip	c249c589533c6f8d199e42021755daecf2e98ed9	2026-09-18T14:47:18-05:00
evidence/rotation-geometry-round1/b6-stalled.png	2696898	a4c316fba47bfcf4d54467a3ca07c67a0be123b55d74668d600ec713d4ec8da6	evidence-rotation-geometry-round1.zip	c249c589533c6f8d199e42021755daecf2e98ed9	2026-09-18T14:47:18-05:00
evidence/rotation-geometry-round1/gearhead-permission-dialog.png	105377	8ffa4bec2094f02c0d0a57f217524cb0db499d93b8f37aa4afca35e81e835cec	evidence-rotation-geometry-round1.zip	c249c589533c6f8d199e42021755daecf2e98ed9	2026-09-18T14:47:18-05:00
evidence/rotation-geometry-round2/a2r-after.png	2264234	d34af272144f5ca63f54205afe94ddfb789a488797c34307e8913c8e332c5db2	evidence-rotation-geometry-round2.zip	c3f4e649fcb25ffb6891fd4a42c443160ab3dc73	2026-09-18T18:35:57-05:00
evidence/rotation-geometry-round2/a2r-before.png	2209937	b60524b9e56112929e8c695be37a9a36b01366f9b2ef0a3752c5f13a4f19b6f0	evidence-rotation-geometry-round2.zip	c3f4e649fcb25ffb6891fd4a42c443160ab3dc73	2026-09-18T18:35:57-05:00
evidence/rotation-geometry-round2/b1r-after.png	2804442	0f67f6b60ec01d3676af5b598f65611c2aa4d82919ad81038196c1ffaf35ddd0	evidence-rotation-geometry-round2.zip	c3f4e649fcb25ffb6891fd4a42c443160ab3dc73	2026-09-18T18:35:57-05:00
evidence/rotation-geometry-round2/b1r-before.png	2269952	a2944d44a510b145aff163647ab65e76366552aec603375cf702f3763c95e3e5	evidence-rotation-geometry-round2.zip	c3f4e649fcb25ffb6891fd4a42c443160ab3dc73	2026-09-18T18:35:57-05:00
evidence/rotation-geometry-round2/b2r-after.png	2455121	fa84240c0d703ee38992c180e5533192a289533a52a7059c55216bf780602c26	evidence-rotation-geometry-round2.zip	c3f4e649fcb25ffb6891fd4a42c443160ab3dc73	2026-09-18T18:35:57-05:00
evidence/rotation-geometry-round2/b2r-before.png	2275261	6b70b33f2a8533a4eb57c713a0d0d07d1fdfb5d547a90d82d7ef809b9c27dc6b	evidence-rotation-geometry-round2.zip	c3f4e649fcb25ffb6891fd4a42c443160ab3dc73	2026-09-18T18:35:57-05:00
evidence/rotation-geometry-round2/b3r-after.png	2453522	10a46c04241076ee36dcb367af2cfa578ae1b0c7e7eecb52a9f5566386a180e8	evidence-rotation-geometry-round2.zip	c3f4e649fcb25ffb6891fd4a42c443160ab3dc73	2026-09-18T18:35:57-05:00
evidence/rotation-geometry-round2/b3r-before.png	2240737	23203a45422386c56964e3f84a5a3bb7f2bc85370c93399cf4c4e7747adfe084	evidence-rotation-geometry-round2.zip	c3f4e649fcb25ffb6891fd4a42c443160ab3dc73	2026-09-18T18:35:57-05:00
evidence/rotation-geometry-round2/b4r-after.png	2456088	57a20d034761f19184b1285bacccb5032d207ca9cbecb6c3066696f8464308b5	evidence-rotation-geometry-round2.zip	c3f4e649fcb25ffb6891fd4a42c443160ab3dc73	2026-09-18T18:35:57-05:00
evidence/rotation-geometry-round2/b4r-before.png	2319267	1c897a44042d31be64f6f923cae34f8ec945eb713c36b9786833c911a5fa8b1c	evidence-rotation-geometry-round2.zip	c3f4e649fcb25ffb6891fd4a42c443160ab3dc73	2026-09-18T18:35:57-05:00
evidence/rotation-geometry-round2/b5ra-after-pan.png	2260053	99227265ba71cfee605ff182186e1a304d2eaad69f26fb12e988329d816d1920	evidence-rotation-geometry-round2.zip	c3f4e649fcb25ffb6891fd4a42c443160ab3dc73	2026-09-18T18:35:57-05:00
evidence/rotation-geometry-round2/b5ra-before-pan.png	2292017	5801f4a14f85d88a50aec2ff8155f48f0df9628c49644749bb969158ecdc22be	evidence-rotation-geometry-round2.zip	c3f4e649fcb25ffb6891fd4a42c443160ab3dc73	2026-09-18T18:35:57-05:00
evidence/rotation-geometry-round2/b5rb-maps.png	2333094	f3834447b4de9df5d60c43511be6881f6dbb9bd0c491d3d4221486f47491d5a8	evidence-rotation-geometry-round2.zip	c3f4e649fcb25ffb6891fd4a42c443160ab3dc73	2026-09-18T18:35:57-05:00
evidence/rotation-geometry-round2/b5rc-after-pan.png	3402811	a1eab26184cf36423bfec1f2b0318111e62ef9697b2590c0a0eb5ef92bb5633a	evidence-rotation-geometry-round2.zip	c3f4e649fcb25ffb6891fd4a42c443160ab3dc73	2026-09-18T18:35:57-05:00
evidence/rotation-geometry-round2/b5rc-maps.png	3216994	13791ebc961b04935a06452e7e945f42283555aae44bfa76c9883aaae487924d	evidence-rotation-geometry-round2.zip	c3f4e649fcb25ffb6891fd4a42c443160ab3dc73	2026-09-18T18:35:57-05:00
evidence/rotation-geometry-round2/b5rd-after-pan.png	3363656	7f929d655e6c46a90aa0646f7893988271c3c644b7a2f1f39ab9f83e546a7627	evidence-rotation-geometry-round2.zip	c3f4e649fcb25ffb6891fd4a42c443160ab3dc73	2026-09-18T18:35:57-05:00
evidence/rotation-geometry-round2/b5rd-maps.png	3223375	8a0c966ca683c949a40849e329ba16beebd74418d5cd13bc14778f793e3af0d3	evidence-rotation-geometry-round2.zip	c3f4e649fcb25ffb6891fd4a42c443160ab3dc73	2026-09-18T18:35:57-05:00
evidence/rotation-geometry-round2/b6r-after.png	79831	191458b47f6e5508db1993b7a7f6960b954d4fd8c4e764e87f3ac84f9ce491a3	evidence-rotation-geometry-round2.zip	c3f4e649fcb25ffb6891fd4a42c443160ab3dc73	2026-09-18T18:35:57-05:00
evidence/rotation-geometry-round2/b6r-before.png	2286765	423aa6cd798268ed96499575480192ef2ae71cbd88e44842a8d734fccbc07226	evidence-rotation-geometry-round2.zip	c3f4e649fcb25ffb6891fd4a42c443160ab3dc73	2026-09-18T18:35:57-05:00
evidence/self-mode-media-session-round1/r1-baseline-poco.txt	827848	34192c0d6a890f65d5b66c764e097c4ee4bdf2d38a48d4c55675e22762ead72f	evidence-self-mode-media-session-round1.zip	6065e0a6266c32eb24ad8e376b7871296361bd7f	2026-09-18T15:46:42-05:00
evidence/self-mode-media-session-round1/r4-hu.txt	1251172	2c8060a7b756e4a1c71490486701c4ba20e535cd64325046fc9296764445f918	evidence-self-mode-media-session-round1.zip	6065e0a6266c32eb24ad8e376b7871296361bd7f	2026-09-18T15:46:42-05:00
evidence/self-mode-media-session-round1/r5-hu.txt	1868952	e128a42e12c08f9cd924e46e4dec5ecf8227922ec25acf0877d07f44b9f147db	evidence-self-mode-media-session-round1.zip	6065e0a6266c32eb24ad8e376b7871296361bd7f	2026-09-18T15:46:42-05:00
evidence/self-mode-media-session-round1/r6a-session1.txt	353541	fd44934fccf57724a77a550681e48bed09159e24059e20c7e577f46fac5f88d3	evidence-self-mode-media-session-round1.zip	6065e0a6266c32eb24ad8e376b7871296361bd7f	2026-09-18T15:46:42-05:00
evidence/self-mode-media-session-round1/r6a-session2.txt	323079	1f0c2c43c52ef3837f6cfd4635e5a360df5fd58d05be8408f477e2ed0779e5a3	evidence-self-mode-media-session-round1.zip	6065e0a6266c32eb24ad8e376b7871296361bd7f	2026-09-18T15:46:42-05:00
evidence/self-mode-media-session-round1/r6b-hu.txt	343984	a9ea4f2a80f1abab2b3d809e45728981a3917050153b537efb20f1fbc734949d	evidence-self-mode-media-session-round1.zip	6065e0a6266c32eb24ad8e376b7871296361bd7f	2026-09-18T15:46:42-05:00
evidence/self-mode-media-session-round2/a1-poco.txt	2302498	174a56c6e75d2bc9d661070e8e3b4cb0dabd1c15e87c1da14b4f9c50ac0098fd	evidence-self-mode-media-session-round2.zip	73006045e3794fedf1590cb3efbb6888971d8112	2026-09-18T17:50:21-05:00
evidence/self-mode-media-session-round2/a1c-poco.txt	1256373	fdb20af244aef5e87276ff864664c23e788acb31845f6255fd73a0935cda8306	evidence-self-mode-media-session-round2.zip	73006045e3794fedf1590cb3efbb6888971d8112	2026-09-18T17:50:21-05:00
evidence/self-mode-media-session-round2/a2-poco.txt	558514	acf7a92ea79980a3e2c7aa6838b6defe2cf54dce2728f93b8779cad5d8375e54	evidence-self-mode-media-session-round2.zip	73006045e3794fedf1590cb3efbb6888971d8112	2026-09-18T17:50:21-05:00
evidence/self-mode-media-session-round2/a3b2-hu.txt	1993514	0626287cce9ae873215eb2184fd99b6b3f2b735dd12c0d2b2505c1d5a2a9b97c	evidence-self-mode-media-session-round2.zip	73006045e3794fedf1590cb3efbb6888971d8112	2026-09-18T17:50:21-05:00
evidence/self-mode-media-session-round2/b1-poco.txt	532339	873d1207ad6922285d888458fecd2498419f4f9416207e58cb2d1e4e90ea0e85	evidence-self-mode-media-session-round2.zip	73006045e3794fedf1590cb3efbb6888971d8112	2026-09-18T17:50:21-05:00
evidence/self-mode-media-session-round2/b1c-poco.txt	538687	ae47bfa95d92faaab8705cbfbae7b3391f33ebfb7168d6868fa90dcab61bd996	evidence-self-mode-media-session-round2.zip	73006045e3794fedf1590cb3efbb6888971d8112	2026-09-18T17:50:21-05:00
evidence/self-mode-media-session-round2/c1-poco.txt	2538000	47eeeaa67b2140a777563f951efed58d46cdc7d0767f1c4fba11afb80d861504	evidence-self-mode-media-session-round2.zip	73006045e3794fedf1590cb3efbb6888971d8112	2026-09-18T17:50:21-05:00
evidence/self-mode-media-session-round2/c1c-poco.txt	514055	70c5d37f3cc17bbdc4a7da874a8bfef2996342b3c2caf4783194f1533fbdd60a	evidence-self-mode-media-session-round2.zip	73006045e3794fedf1590cb3efbb6888971d8112	2026-09-18T17:50:21-05:00
evidence/self-mode-media-session-round2/c2-poco.txt	414696	3372af00f4b469ec4197627b3b8a127b171a5b9dcfaa8d37b882f029e415068f	evidence-self-mode-media-session-round2.zip	73006045e3794fedf1590cb3efbb6888971d8112	2026-09-18T17:50:21-05:00
evidence/self-mode-media-session-round2/c3-hu.txt	80570	006d15da54c111ed6c3661dcfe500bbfdbdc1e5a214f027820ef2a48455b4ebd	evidence-self-mode-media-session-round2.zip	73006045e3794fedf1590cb3efbb6888971d8112	2026-09-18T17:50:21-05:00
evidence/self-mode-media-session-round2/d1-combined.txt	1082525	61843c95afa8eb09fc179dd685539029195b78249aa461f0ba7cb2845ec5036a	evidence-self-mode-media-session-round2.zip	73006045e3794fedf1590cb3efbb6888971d8112	2026-09-18T17:50:21-05:00
evidence/self-mode-media-session-round2/d1-hu.txt	693875	e47ccb4dc526dcd01577bc05954798838a22203afd9e45e91f9e7c6673256e71	evidence-self-mode-media-session-round2.zip	73006045e3794fedf1590cb3efbb6888971d8112	2026-09-18T17:50:21-05:00
evidence/self-mode-media-session-round2/d1-session1.txt	527970	14004c8de29fcb8fcd81a733672fdfa97620440afee574069f68a27883e00fd6	evidence-self-mode-media-session-round2.zip	73006045e3794fedf1590cb3efbb6888971d8112	2026-09-18T17:50:21-05:00
evidence/status-pill-stuck-after-disconnect/00_pre_disconnect.png	1186095	cfc940e5f663b072139adde5e75fa4d070061ce3a562074f7d372e423ac3dd83	evidence-status-pill-stuck-after-disconnect.zip	9d9db38eb98fb8e0f8613186fdf78868e3c5ab51	2026-09-16T08:24:56-05:00
evidence/status-pill-stuck-after-disconnect/01_after_disconnect_10s.png	326485	8a3c33cdd1c8fb9494adb15d218be18c5e3f636c2de266178938d527c9dfcec8	evidence-status-pill-stuck-after-disconnect.zip	9d9db38eb98fb8e0f8613186fdf78868e3c5ab51	2026-09-16T08:24:56-05:00
evidence/status-pill-stuck-after-disconnect/02_after_disconnect_30s.png	326485	8a3c33cdd1c8fb9494adb15d218be18c5e3f636c2de266178938d527c9dfcec8	evidence-status-pill-stuck-after-disconnect.zip	9d9db38eb98fb8e0f8613186fdf78868e3c5ab51	2026-09-16T08:24:56-05:00
evidence/status-pill-stuck-after-disconnect/02_ui_30s.xml	7267	2cece2170a2f4620514a2ac480d41330f67035dba72b38a3ac2e50933c454bfa	evidence-status-pill-stuck-after-disconnect.zip	9d9db38eb98fb8e0f8613186fdf78868e3c5ab51	2026-09-16T08:24:56-05:00
evidence/status-pill-stuck-after-disconnect/03_after_bt_cycle.png	326485	8a3c33cdd1c8fb9494adb15d218be18c5e3f636c2de266178938d527c9dfcec8	evidence-status-pill-stuck-after-disconnect.zip	9d9db38eb98fb8e0f8613186fdf78868e3c5ab51	2026-09-16T08:24:56-05:00
evidence/status-pill-stuck-after-disconnect/04_live_bug_state.png	339796	bb58e3e9a159f19f2080174f62914b85240830d24af33e70a5fac01d8d5e52a5	evidence-status-pill-stuck-after-disconnect.zip	b08c3aac8ed7f9d0b2fd782bb28fa54deff8d780	2026-09-16T08:32:59-05:00
evidence/status-pill-stuck-after-disconnect/04_ui_live.xml	9178	f8fc0f9f4b9ba37dc12e481fc6b1d28742b93d14f2b3e543d1a6d161c3577a86	evidence-status-pill-stuck-after-disconnect.zip	b08c3aac8ed7f9d0b2fd782bb28fa54deff8d780	2026-09-16T08:32:59-05:00
evidence/status-pill-stuck-after-disconnect/dpoco.log	1122478	f539e225807d689f70c0f6f7de8dcc93be035a1d5f7ef74b27415536df8080c2	evidence-status-pill-stuck-after-disconnect.zip	9d9db38eb98fb8e0f8613186fdf78868e3c5ab51	2026-09-16T08:24:56-05:00
evidence/status-pill-stuck-after-disconnect/dpoco_live.log	1385619	f240cf7f5d441c44bff3f9185f3f23c4cc2bd239f82836bca0021aa1bf539b2f	evidence-status-pill-stuck-after-disconnect.zip	b08c3aac8ed7f9d0b2fd782bb28fa54deff8d780	2026-09-16T08:32:59-05:00
evidence/status-pill-stuck-after-disconnect/dsam.log	13579	38b3992af08bc5ed969ae3301ebd523798dafce5d82bb97127f8b8fc1c71d255	evidence-status-pill-stuck-after-disconnect.zip	9d9db38eb98fb8e0f8613186fdf78868e3c5ab51	2026-09-16T08:24:56-05:00
evidence/status-pill-stuck-after-disconnect/dsam_live.log	65055	d34320a72ec1b3e683ef00a0c5a45fc622590d85ba48c16980f01b79ae2523e3	evidence-status-pill-stuck-after-disconnect.zip	b08c3aac8ed7f9d0b2fd782bb28fa54deff8d780	2026-09-16T08:32:59-05:00
evidence/t230-native-aa-bringup-round1/hu_native_aa_attempt1_logcat.txt	706767	91da013906556d5d5625548a680021e735f74b8192880ec53bf5d0d7cbd00ced	evidence-t230-native-aa-bringup-round1.zip	982d4728bd73f58599520e175ff8e0432072b597	2026-09-15T23:40:33-05:00
evidence/t230-native-aa-bringup-round2/hu_native_aa_attempt2_logcat.txt	1362327	fca81f16a09e23e064b8f43c53d685249c686e345449eb0209956db4676cc873	evidence-t230-native-aa-bringup-round2.zip	9a75bb42be3577cb28213eac67a745fe2951a263	2026-09-15T23:49:14-05:00
evidence/t230-native-aa-bringup-round3/hu_native_aa_attempt3_logcat.txt	1309842	10f151ea85f5df636506ffd614abfcc9cf2c69abe2ac49e2f37f6c0374cb0afb	evidence-t230-native-aa-bringup-round3.zip	2085e02bdeec3fb279a02ad0441273960ad67268	2026-09-15T23:55:20-05:00
evidence/t230-native-aa-bringup-round3/phone_wifi_gearhead_attempt3_logcat.txt	543742	9a340d5bcb28f4a8a782cd0278e499e95317c7043f0c24582e52f2635d6f1793	evidence-t230-native-aa-bringup-round3.zip	2085e02bdeec3fb279a02ad0441273960ad67268	2026-09-15T23:55:20-05:00
evidence/t230-native-aa-bringup-round4-orientation/screen-orientation-2-landscape-portrait-mount.png	1113892	5f3e3296417fc322d0abe41a79f397f87ccc504e4faa636d731ea9db446a76a6	evidence-t230-native-aa-bringup-round4-orientation.zip	b65a9caced9ca8a11e6d8795de02a1570a3e93c6	2026-09-16T00:29:24-05:00
evidence/t230-native-aa-bringup-round4-orientation/screen-orientation-3-reverse-landscape-worse.png	1135683	229ee83055af4678301febde6be81038d650dc89926bdd12b4b01f64058e6f31	evidence-t230-native-aa-bringup-round4-orientation.zip	b65a9caced9ca8a11e6d8795de02a1570a3e93c6	2026-09-16T00:29:24-05:00
evidence/t230-native-aa-bringup-round4/hu_native_aa_attempt4_720p30_success.txt	34366	586238ef466146011c5424cfb63ec02b76d8bc0b5ffc1a274cc7c6f06fdaed0a	evidence-t230-native-aa-bringup-round4.zip	48b92ee1b722bbfae5da870ca2fdfe83928c3f09	2026-09-16T00:03:46-05:00
evidence/usb-aoa-handoff-round1/r1-cand-ohu-excerpt.txt	2647	02f7081ba83a41c778511f784070b368cfe4da09483f721c6cc46fe540027ee4	evidence-usb-aoa-handoff-round1.zip	86870f6384273e4b9f95d2158bbbbfc9d0b6a9e8	2026-09-03T23:49:05-05:00
evidence/usb-aoa-handoff-round1/r1-cand-usb.txt	2738	caa2445247f58c4313134cfd4a32d06548a4a413b597faa47ba46271a9c9584d	evidence-usb-aoa-handoff-round1.zip	86870f6384273e4b9f95d2158bbbbfc9d0b6a9e8	2026-09-03T23:49:05-05:00
evidence/usb-aoa-handoff-round1/r1-cand2-ohu-excerpt.txt	12783	7236b65b5ed140cdd6c40229d72f64fbc1b78adba332a805be9a77e723d42a20	evidence-usb-aoa-handoff-round1.zip	86870f6384273e4b9f95d2158bbbbfc9d0b6a9e8	2026-09-03T23:49:05-05:00
evidence/usb-aoa-handoff-round1/r1-cand2-usb.txt	20001	985810026dca539d2e6b808767bb5a3ebc6ea7136701b25416fa775ce29cbc4d	evidence-usb-aoa-handoff-round1.zip	86870f6384273e4b9f95d2158bbbbfc9d0b6a9e8	2026-09-03T23:49:05-05:00
evidence/usb-aoa-handoff-round1/r1-cand3-ohu-excerpt.txt	2051	be51ae26e1ded86e1a7c1e61294ee914e181a01bc19761d4e84f2b04aae6d1d9	evidence-usb-aoa-handoff-round1.zip	86870f6384273e4b9f95d2158bbbbfc9d0b6a9e8	2026-09-03T23:49:05-05:00
evidence/usb-aoa-handoff-round1/r1-cand3-usb.txt	2738	3ab792f4aae23581b9f32f825d1f38a58e9a239161d8871c88ac39ddbd499a20	evidence-usb-aoa-handoff-round1.zip	86870f6384273e4b9f95d2158bbbbfc9d0b6a9e8	2026-09-03T23:49:05-05:00
evidence/usb-aoa-handoff-round1/r2-cand-ohu-excerpt.txt	11966	26c36ae444f22125373ef536e317a18812efbc098b9d3e9696610dd1db1dc25c	evidence-usb-aoa-handoff-round1.zip	86870f6384273e4b9f95d2158bbbbfc9d0b6a9e8	2026-09-03T23:49:05-05:00
evidence/usb-aoa-handoff-round1/r2-cand-usb.txt	2737	6d708e18a033dbba9914b50cb8c2bf81eca513946cb8bbe237bb7e4e80edd848	evidence-usb-aoa-handoff-round1.zip	86870f6384273e4b9f95d2158bbbbfc9d0b6a9e8	2026-09-03T23:49:05-05:00
evidence/usb-aoa-handoff-round1/r3-libusb-ohu-excerpt.txt	5019	5a733eb569cb8410284e233338c10103928d039db6543ef49462327e1a728485	evidence-usb-aoa-handoff-round1.zip	86870f6384273e4b9f95d2158bbbbfc9d0b6a9e8	2026-09-03T23:49:05-05:00
evidence/usb-aoa-handoff-round1/r3-std-ohu-excerpt.txt	4609	ac866dba8dd66e6f13828c353992a29ff19eb60228a668c30fcec4e90b285d95	evidence-usb-aoa-handoff-round1.zip	86870f6384273e4b9f95d2158bbbbfc9d0b6a9e8	2026-09-03T23:49:05-05:00
evidence/usb-aoa-handoff-round1/r3-std-usb.txt	4080	ab21b46f25584614e2087a8d902036870a4d689622f080af2c2b9813bad31d53	evidence-usb-aoa-handoff-round1.zip	86870f6384273e4b9f95d2158bbbbfc9d0b6a9e8	2026-09-03T23:49:05-05:00
evidence/usb-aoa-handoff-round1/r4-cand-ohu-excerpt.txt	1030	364f79b4172bca64b307b1c713b55a9d3eef1f90611e9312dd2ef296778c2527	evidence-usb-aoa-handoff-round1.zip	86870f6384273e4b9f95d2158bbbbfc9d0b6a9e8	2026-09-03T23:49:05-05:00
evidence/usb-aoa-handoff-round1/r5-base-ohu.txt	12788	f23199f264c31759421dd8f384d28f8fce8ffa36e114585a928e8fd54b9fbb2c	evidence-usb-aoa-handoff-round1.zip	86870f6384273e4b9f95d2158bbbbfc9d0b6a9e8	2026-09-03T23:49:05-05:00
evidence/usb-aoa-handoff-round1/r5-cand-ohu.txt	8555	acf5bfbe591547eff73c79bd53887af8d04deebd1b2368dd7d2dcd7a646cd9bd	evidence-usb-aoa-handoff-round1.zip	86870f6384273e4b9f95d2158bbbbfc9d0b6a9e8	2026-09-03T23:49:05-05:00
evidence/usb-aoa-handoff-round1/r6-base-ohu.txt	9894	1a35ef867d753375e10168caedef27c9ec8d31aa760525ade8be10b80f173d42	evidence-usb-aoa-handoff-round1.zip	86870f6384273e4b9f95d2158bbbbfc9d0b6a9e8	2026-09-03T23:49:05-05:00
evidence/usb-aoa-handoff-round1/r6-cand-ohu.txt	8658	28132e4e96b197a15c0dca49e30fbbe78146aceff4b0edd31d9e63c8c3a8cf41	evidence-usb-aoa-handoff-round1.zip	86870f6384273e4b9f95d2158bbbbfc9d0b6a9e8	2026-09-03T23:49:05-05:00
evidence/usb-aoa-handoff-round2/descriptors.txt	4911	04a83be047d45bd6865211380c6c3578a54626dc22b9c09f1f6c4fed3764ae19	evidence-usb-aoa-handoff-round2.zip	b46921eb0c9ee4e2bc5e26593c557b1869e29f94	2026-09-05T23:48:24-05:00
evidence/usb-aoa-handoff-round2/dumpsys-usb-after.txt	41028	b001e08d6acd0c8447eb6d1101a63fb9aa9bdf1b56d9ba9e08516efcaeb0dbe7	evidence-usb-aoa-handoff-round2.zip	b46921eb0c9ee4e2bc5e26593c557b1869e29f94	2026-09-05T23:48:24-05:00
evidence/usb-aoa-handoff-round2/dumpsys-usb-before.txt	39906	486d7771130e2d875f0d3c4ae6cb160235fc6d82502fc22dcdbeab74edcb2aed	evidence-usb-aoa-handoff-round2.zip	b46921eb0c9ee4e2bc5e26593c557b1869e29f94	2026-09-05T23:48:24-05:00
evidence/usb-aoa-handoff-round2/r10-ohu.txt.gz	73279	185fa40654df3c90750aa9ace3195dc16e2d45d49e6bf80814e75174cc26a564	evidence-usb-aoa-handoff-round2.zip	b46921eb0c9ee4e2bc5e26593c557b1869e29f94	2026-09-05T23:48:24-05:00
evidence/usb-aoa-handoff-round2/r10-usb.txt.gz	706	a3d8ed581a1a4f49df374a634dfaab3de73d49c98b81e59af2b01af16f3f7518	evidence-usb-aoa-handoff-round2.zip	b46921eb0c9ee4e2bc5e26593c557b1869e29f94	2026-09-05T23:48:24-05:00
evidence/usb-aoa-handoff-round2/r10_console.txt	2240	0707a8dd0fddfd52577a8136a6c310d564389692fe5e9cf24f52240a3af91a6c	evidence-usb-aoa-handoff-round2.zip	b46921eb0c9ee4e2bc5e26593c557b1869e29f94	2026-09-05T23:48:24-05:00
evidence/usb-aoa-handoff-round2/r11-ohu.txt.gz	94833	eadc6ccf6d7efff8ff674459e9e26bebfc160c0791ed9a9d93f70b5868ec0bd7	evidence-usb-aoa-handoff-round2.zip	b46921eb0c9ee4e2bc5e26593c557b1869e29f94	2026-09-05T23:48:24-05:00
evidence/usb-aoa-handoff-round2/r11-usb.txt.gz	700	68099da20638bd425edb7535a5bd76f542597c39cdf918424a67354881332432	evidence-usb-aoa-handoff-round2.zip	b46921eb0c9ee4e2bc5e26593c557b1869e29f94	2026-09-05T23:48:24-05:00
evidence/usb-aoa-handoff-round2/r11_console.txt	1246	139a845215e0956c394d80bc4e87499c2277a0a3051b31bb2f75d7daf592c532	evidence-usb-aoa-handoff-round2.zip	b46921eb0c9ee4e2bc5e26593c557b1869e29f94	2026-09-05T23:48:24-05:00
evidence/usb-aoa-handoff-round2/r2-ohu.txt.gz	136460	eed2ea655b32684e2027d86567a9566dd34f7645c8ccb1052879d2840d319ed5	evidence-usb-aoa-handoff-round2.zip	b46921eb0c9ee4e2bc5e26593c557b1869e29f94	2026-09-05T23:48:24-05:00
evidence/usb-aoa-handoff-round2/r2-usb.txt.gz	711	bb2bf9f15ad0bf8393c04fd23cea663a6730a438301bd970d0e69d8693f56177	evidence-usb-aoa-handoff-round2.zip	b46921eb0c9ee4e2bc5e26593c557b1869e29f94	2026-09-05T23:48:24-05:00
evidence/usb-aoa-handoff-round2/r2_console.txt	3985	ba20da01604f035586ce23e58af3c06768b4ef31645ae25cab8d9aacc365b99f	evidence-usb-aoa-handoff-round2.zip	b46921eb0c9ee4e2bc5e26593c557b1869e29f94	2026-09-05T23:48:24-05:00
evidence/usb-aoa-handoff-round2/r3b-ohu.txt.gz	255175	3b8c14a378414b6defa98ae633e54c798d98046023654ba63f06cd55d8b5d5d2	evidence-usb-aoa-handoff-round2.zip	b46921eb0c9ee4e2bc5e26593c557b1869e29f94	2026-09-05T23:48:24-05:00
evidence/usb-aoa-handoff-round2/r3b-usb.txt.gz	1214	923858719faafe4cfe1d0ab5cbf771d2897e910e99ad39a57b372dc9a91b3ede	evidence-usb-aoa-handoff-round2.zip	b46921eb0c9ee4e2bc5e26593c557b1869e29f94	2026-09-05T23:48:24-05:00
evidence/usb-aoa-handoff-round2/r3b_console.txt	8048	a49cc6a5e4e48a26b9e9b5212854ae12750b00242ecbbfd5d63b2e2d0cccbbac	evidence-usb-aoa-handoff-round2.zip	b46921eb0c9ee4e2bc5e26593c557b1869e29f94	2026-09-05T23:48:24-05:00
evidence/usb-aoa-handoff-round2/r7-confirm-fulllog.txt.gz	12673	c8d341ba42da09573107360ead12c5cf51dd7a88b183f51cdd99daf1a1cbec0f	evidence-usb-aoa-handoff-round2.zip	b46921eb0c9ee4e2bc5e26593c557b1869e29f94	2026-09-05T23:48:24-05:00
evidence/usb-aoa-handoff-round2/r7-ohu.txt.gz	31	c982f62ce1abd3fa61592712ed7b402fc8142e2bd55e32ea16b92f70c52b1ba0	evidence-usb-aoa-handoff-round2.zip	b46921eb0c9ee4e2bc5e26593c557b1869e29f94	2026-09-05T23:48:24-05:00
evidence/usb-aoa-handoff-round2/r7-usb.txt.gz	655	df5a0807fb7de8b3d162c7e2e9e78eb0d3532f516971dddd4592e4cf23ca904b	evidence-usb-aoa-handoff-round2.zip	b46921eb0c9ee4e2bc5e26593c557b1869e29f94	2026-09-05T23:48:24-05:00
evidence/usb-aoa-handoff-round2/settings-backup-poco.xml	5146	dfddf56a062b72f0599b26c894942d013b99774106acf97e4652f2df6bb800cf	evidence-usb-aoa-handoff-round2.zip	b46921eb0c9ee4e2bc5e26593c557b1869e29f94	2026-09-05T23:48:24-05:00
evidence/usb-device-diagnostics-round1/all-usbdiagnostics-lines.txt	17060	0c58cbf28fd04773e498acc078c9809b16a6e2a08a1d19d1e9451eba8e0958f1	evidence-usb-device-diagnostics-round1.zip	a6b939a964bf66449909febd53ebff19fb3ec8bf	2026-09-03T18:29:47-05:00
evidence/usb-device-diagnostics-round1/asix_raw.txt	7438	c9a3487ffb793af2ee3076572b1a68bc7645b5bd41840f4cda400116f6babfbb	evidence-usb-device-diagnostics-round1.zip	a6b939a964bf66449909febd53ebff19fb3ec8bf	2026-09-03T18:29:47-05:00
evidence/usb-device-diagnostics-round1/moto_raw.txt	8912	a2d973bc73f6bf08a52a97b11cbc9852adedb8eeb719fc18563649490c9a4568	evidence-usb-device-diagnostics-round1.zip	a6b939a964bf66449909febd53ebff19fb3ec8bf	2026-09-03T18:29:47-05:00
evidence/usb-device-diagnostics-round1/u1.log	37314	41f7ebb9bcdfdae63c239e635be827ad45c297dcdd41d2fe6ace4ef980fdae04	evidence-usb-device-diagnostics-round1.zip	a6b939a964bf66449909febd53ebff19fb3ec8bf	2026-09-03T18:29:47-05:00
evidence/usb-device-diagnostics-round1/u1_bt.log	18985	72158614c17865d680f2b51917e7e187851607b6dc2d748441fc3c422256b24d	evidence-usb-device-diagnostics-round1.zip	a6b939a964bf66449909febd53ebff19fb3ec8bf	2026-09-03T18:29:47-05:00
evidence/usb-device-diagnostics-round1/u1_bt_dialog.png	44372	cbb1693cd5fa6ebb435a8f5abaa3eaff1c4ee006abcbd3f5fb5f09871772b90a	evidence-usb-device-diagnostics-round1.zip	a6b939a964bf66449909febd53ebff19fb3ec8bf	2026-09-03T18:29:47-05:00
evidence/usb-device-diagnostics-round1/u1_screen.png	270829	b48e7e2bfdae7442c3186452568bcd7129d68c589c1b5ecbce983fed598a88f1	evidence-usb-device-diagnostics-round1.zip	a6b939a964bf66449909febd53ebff19fb3ec8bf	2026-09-03T18:29:47-05:00
evidence/usb-device-diagnostics-round1/u1b.log	113930	aadee112f9bfa3b1ed80af8a7d39e3321f280f3741a01de8c41fd77690660d4e	evidence-usb-device-diagnostics-round1.zip	a6b939a964bf66449909febd53ebff19fb3ec8bf	2026-09-03T18:29:47-05:00
evidence/usb-device-diagnostics-round2/asix-ax88179b-descriptors.txt	2561	541cdfc0641419404ee68051399152bdad458fad4bf7e23b3d4e3491f0cffaa7	evidence-usb-device-diagnostics-round2.zip	a6b939a964bf66449909febd53ebff19fb3ec8bf	2026-09-03T18:29:47-05:00
evidence/usb-device-diagnostics-round2/r1_asix-accepted-replug.log	7612	a62aeefdee452ebc059c69a6a80f04e36f5a6cf423b98063242ebeda7b95df0d	evidence-usb-device-diagnostics-round2.zip	a6b939a964bf66449909febd53ebff19fb3ec8bf	2026-09-03T18:29:47-05:00
evidence/usb-device-diagnostics-round2/r1_asix-accepted.log	7800	a0c416a06db74823df35a2dad40e2cf7d1f2ceb832a46b9df9d7cd0f86af351c	evidence-usb-device-diagnostics-round2.zip	a6b939a964bf66449909febd53ebff19fb3ec8bf	2026-09-03T18:29:47-05:00
evidence/usb-device-diagnostics-round2/r2_poco-modes.log	11916	b1b5198c30f52c15859364de39f48390f59eda6db52f23a0db596cdb22ad3bea	evidence-usb-device-diagnostics-round2.zip	a6b939a964bf66449909febd53ebff19fb3ec8bf	2026-09-03T18:29:47-05:00
evidence/usb-device-diagnostics-round2/r3_bt-dongle.log	1715	96b349249b1439867bafa3905fea285aa5f9255c78b4c3a7ac5a0e032a7bfe4d	evidence-usb-device-diagnostics-round2.zip	a6b939a964bf66449909febd53ebff19fb3ec8bf	2026-09-03T18:29:47-05:00
evidence/usb-device-diagnostics-round2/r4_usb-attach.log	1845	b91be052153a4734e3e8cb5a2113858071a635e5cbb3b254701007f75535eea6	evidence-usb-device-diagnostics-round2.zip	a6b939a964bf66449909febd53ebff19fb3ec8bf	2026-09-03T18:29:47-05:00
evidence/usb-device-diagnostics-round2/r5_empty-bus-default.log	200696	6cfc25747e1c00c5829c1bd6e4c09d9011907c69d1b4be4ea66badf532d709ed	evidence-usb-device-diagnostics-round2.zip	a6b939a964bf66449909febd53ebff19fb3ec8bf	2026-09-03T18:29:47-05:00
evidence/usb-device-diagnostics-round2/r5_empty-bus-verbose.log	5153	d655472ba3371077940423188a3705b4f127ede7a03a319685e070a1227619de	evidence-usb-device-diagnostics-round2.zip	a6b939a964bf66449909febd53ebff19fb3ec8bf	2026-09-03T18:29:47-05:00
evidence/usb-device-diagnostics-round2/settings-backup.xml	4742	77b6fccdd739efe3018169cc3ff1ec1a94f568b6a16aeff49b871bb9f2069579	evidence-usb-device-diagnostics-round2.zip	a6b939a964bf66449909febd53ebff19fb3ec8bf	2026-09-03T18:29:47-05:00
evidence/usb-device-diagnostics-round3/r1_plug1_ohu.log	948	b81fa6c0f75435a3a2f0272662d9a743ab772e6018fbcd25023bdbcec0c6bb4e	evidence-usb-device-diagnostics-round3.zip	a6b939a964bf66449909febd53ebff19fb3ec8bf	2026-09-03T18:29:47-05:00
evidence/usb-device-diagnostics-round3/r1_replug1_ohu_filtered.log	43446	1a0b7f749b006052aeb329decf08b7db38009f36ca64b136a26520e2d14ecf0f	evidence-usb-device-diagnostics-round3.zip	a6b939a964bf66449909febd53ebff19fb3ec8bf	2026-09-03T18:29:47-05:00
evidence/usb-device-diagnostics-round3/r1_replug1_usbhost.log	15810	2def71934e642b419211dd4494f47515c7e9a395fd04b9c8bbb4575661970ebe	evidence-usb-device-diagnostics-round3.zip	a6b939a964bf66449909febd53ebff19fb3ec8bf	2026-09-03T18:29:47-05:00
evidence/usb-device-diagnostics-round3/r2_ft_filtered.log	16314	6165024c45e2a012ef4affc01071675f55cf5217499fe65b15aa82160d9b32d2	evidence-usb-device-diagnostics-round3.zip	a6b939a964bf66449909febd53ebff19fb3ec8bf	2026-09-03T18:29:47-05:00
evidence/usb-device-diagnostics-round3/r2_sweep_filtered.log	11051	c1166e40dd6c1c06d7319e9e19e28e25b33c2a3791eec3c31f1f4b2188b5cb34	evidence-usb-device-diagnostics-round3.zip	a6b939a964bf66449909febd53ebff19fb3ec8bf	2026-09-03T18:29:47-05:00
evidence/usb-device-diagnostics-round3/r3_btdongle.log	6933	5f080f105d4aaffacf2e53fc20cdbbcdba1e7e00759e0d1bcbd67997d6b6445b	evidence-usb-device-diagnostics-round3.zip	a6b939a964bf66449909febd53ebff19fb3ec8bf	2026-09-03T18:29:47-05:00
evidence/usb-device-diagnostics-round3/r3_dock_usbhost_ata.log	25493	5b7c1d21f1029c6540d21f182533c3ac1bef6374e06a95768d67ab52f3ef6fc5	evidence-usb-device-diagnostics-round3.zip	a6b939a964bf66449909febd53ebff19fb3ec8bf	2026-09-03T18:29:47-05:00
evidence/usb-device-diagnostics-round3/r4_poco_base.log	2842	d5bbb77f824c930fc61b1924c991a26a47522a16598ca2dd6aa8c719749b71f0	evidence-usb-device-diagnostics-round3.zip	a6b939a964bf66449909febd53ebff19fb3ec8bf	2026-09-03T18:29:47-05:00
evidence/usb-device-diagnostics-round3/r4_poco_cand.log	5654	44358ba80e8c0882c78709e159e0c040349cb934990710b4df8441a1ed2e0e84	evidence-usb-device-diagnostics-round3.zip	a6b939a964bf66449909febd53ebff19fb3ec8bf	2026-09-03T18:29:47-05:00
evidence/usb-device-diagnostics-round3/r4_samsung_base.log	4194	d69988a105b0fb45e271d0f749b834e83d0e95cc4845022b97bc31e03c30bc2d	evidence-usb-device-diagnostics-round3.zip	a6b939a964bf66449909febd53ebff19fb3ec8bf	2026-09-03T18:29:47-05:00
evidence/usb-device-diagnostics-round3/r4_samsung_cand.log	4323	bdaa15285d9226d6d2c72b595431ff4c4239a7c5bec43babcf6e84991cc185bc	evidence-usb-device-diagnostics-round3.zip	a6b939a964bf66449909febd53ebff19fb3ec8bf	2026-09-03T18:29:47-05:00
evidence/usb-device-diagnostics-round3/r5a_default.log	7877	15be5e033a079898a01b41f93e7d3b6de653080beb95ccccfa4c559f81ad6c47	evidence-usb-device-diagnostics-round3.zip	a6b939a964bf66449909febd53ebff19fb3ec8bf	2026-09-03T18:29:47-05:00
evidence/usb-device-diagnostics-round3/r5b_verbose.log	5444	e48906492dab42c044de5b22e4207b2144e37d6d62524b877668ad5d059082be	evidence-usb-device-diagnostics-round3.zip	a6b939a964bf66449909febd53ebff19fb3ec8bf	2026-09-03T18:29:47-05:00
evidence/usb-device-diagnostics-round4/moto-settings-backup.xml	4966	07bb86db9067b93fc9c34e1b2ebf74e77eeea9f9e765ea229b10279fa3deccf8	evidence-usb-device-diagnostics-round4.zip	a6b939a964bf66449909febd53ebff19fb3ec8bf	2026-09-03T18:29:47-05:00
evidence/usb-device-diagnostics-round4/r1_all_paths_filtered.log	8036	65373b282e0237d350e7fcb22acb24e2fc333dac4e4d794b3534b4674ac85877	evidence-usb-device-diagnostics-round4.zip	a6b939a964bf66449909febd53ebff19fb3ec8bf	2026-09-03T18:29:47-05:00
evidence/usb-device-diagnostics-round4/r2_start_blacklisted_toast.png	65137	b2b913eea288fff72a088088515e93b5f8bc772dd89308efba15cf3978c1e6a0	evidence-usb-device-diagnostics-round4.zip	a6b939a964bf66449909febd53ebff19fb3ec8bf	2026-09-03T18:29:47-05:00
evidence/usb-device-diagnostics-round4/r3_mode_sweep_filtered.log	6175	ad573dfe8eef72484b376f7c260fc680c3da6f6aeb4d92ab4fb00cba0ccbac6e	evidence-usb-device-diagnostics-round4.zip	a6b939a964bf66449909febd53ebff19fb3ec8bf	2026-09-03T18:29:47-05:00
evidence/usb-device-diagnostics-round4/r4_bare_entry_filtered.log	1795	ee927a6d2d78af7c2da2e9ebfed10889842059cf17519d803129607037354e3b	evidence-usb-device-diagnostics-round4.zip	a6b939a964bf66449909febd53ebff19fb3ec8bf	2026-09-03T18:29:47-05:00
evidence/usb-device-diagnostics-round4/r5_bfu_crash.log	9899	8b89ceb73ac7f164cf9715eb9db776ec4697799a6915e5c0c70964c0b68b8518	evidence-usb-device-diagnostics-round4.zip	a6b939a964bf66449909febd53ebff19fb3ec8bf	2026-09-03T18:29:47-05:00
evidence/usb-device-diagnostics-round4/r5_bfu_events_filtered.log	4751	2df3afd1cbdebdaf8cdc2484c0fa36e24dc3e4324cfd6084821c1aa6068452c2	evidence-usb-device-diagnostics-round4.zip	a6b939a964bf66449909febd53ebff19fb3ec8bf	2026-09-03T18:29:47-05:00
evidence/usb-device-diagnostics-round4/r6_btdongle_filtered.log	4219	4f234bd5f7a8a49b5a629456f140c378dd75aada08a06767ce253842427ee419	evidence-usb-device-diagnostics-round4.zip	a6b939a964bf66449909febd53ebff19fb3ec8bf	2026-09-03T18:29:47-05:00
evidence/usb-device-diagnostics-round4/r6_emptybus_filtered.log	2772	0d10136d7e6e052735cd6399edeb3d16b0d8ea6df2b8996a7667a9dc913c4cb4	evidence-usb-device-diagnostics-round4.zip	a6b939a964bf66449909febd53ebff19fb3ec8bf	2026-09-03T18:29:47-05:00
evidence/usb-device-diagnostics-round4/r6_ethadapter_filtered.log	15137	8b42a0f94aa706be28aa74782af3701a458dae3643d8e713cef9f8d7cf25402c	evidence-usb-device-diagnostics-round4.zip	a6b939a964bf66449909febd53ebff19fb3ec8bf	2026-09-03T18:29:47-05:00
evidence/usb-device-diagnostics-round4/r6_ethadapter_systemui.log	22558	24482f0c1083fbd104426955308cbd77c4e9287db84a82846762c96d7473139f	evidence-usb-device-diagnostics-round4.zip	a6b939a964bf66449909febd53ebff19fb3ec8bf	2026-09-03T18:29:47-05:00
evidence/usb-device-diagnostics-round4/r6_ethadapter_usbhost.log	12991	d8c28fd35b8956580c511ed6cea0248652356cbb0cd20401ffc9d9c5544196d7	evidence-usb-device-diagnostics-round4.zip	a6b939a964bf66449909febd53ebff19fb3ec8bf	2026-09-03T18:29:47-05:00
evidence/usb-device-diagnostics-round4/r6_samsung_filtered.log	18771	4db089f79d92d818df7323992bdba0ff86f00c7e31086d951848595d4fc1ac25	evidence-usb-device-diagnostics-round4.zip	a6b939a964bf66449909febd53ebff19fb3ec8bf	2026-09-03T18:29:47-05:00
evidence/usb-device-diagnostics-round5/candidate-manifest-filter-xmltree.txt	896	88f7be00b8e76b72bf2843cd8cdd5b481836bcfb9d3c10c0029b0dda5d011447	evidence-usb-device-diagnostics-round5.zip	a6b939a964bf66449909febd53ebff19fb3ec8bf	2026-09-03T18:29:47-05:00
evidence/usb-device-diagnostics-round5/moto-settings-backup.xml	4966	07bb86db9067b93fc9c34e1b2ebf74e77eeea9f9e765ea229b10279fa3deccf8	evidence-usb-device-diagnostics-round5.zip	a6b939a964bf66449909febd53ebff19fb3ec8bf	2026-09-03T18:29:47-05:00
evidence/usb-device-diagnostics-round5/prefix-build-3-crashes-attempt2.log	18481	0db2f8b55a92261f03240f925403fc69537de7b1bfff05f968581683458e6672	evidence-usb-device-diagnostics-round5.zip	a6b939a964bf66449909febd53ebff19fb3ec8bf	2026-09-03T18:29:47-05:00
evidence/usb-device-diagnostics-round5/r1r2-directboot-pass-attempt4.log	2795	4ec2ff55cdedfb9a000ccb01464316befb27f6076c1550185bf9d5e0395d7642	evidence-usb-device-diagnostics-round5.zip	a6b939a964bf66449909febd53ebff19fb3ec8bf	2026-09-03T18:29:47-05:00
evidence/usb-device-diagnostics-round5/r2-mirror-post-unlock.xml	432	5b4d7a401f7a605c4ba21bc2f0ae081c26001c53dee850f25c196f622650de5b	evidence-usb-device-diagnostics-round5.zip	a6b939a964bf66449909febd53ebff19fb3ec8bf	2026-09-03T18:29:47-05:00
evidence/usb-device-diagnostics-round5/r2-mirror-pre-reboot.xml	416	a1d43e1c06aad9ecd4751be2c257751ce5ea6fb2dc5cbdca07b093b26b9e6779	evidence-usb-device-diagnostics-round5.zip	a6b939a964bf66449909febd53ebff19fb3ec8bf	2026-09-03T18:29:47-05:00
evidence/usb-device-diagnostics-round5/r3-locked-accessory-switch-pass.log	4005	6d71a874345b0e2f648ce9483bf5b347e461a59356883c44a1e78a3c1f249b15	evidence-usb-device-diagnostics-round5.zip	a6b939a964bf66449909febd53ebff19fb3ec8bf	2026-09-03T18:29:47-05:00
evidence/usb-device-diagnostics-round5/r4-unlocked-session-pass.log	13079	43decc84e7c9e00a549fbcfebc61dba9d0934e53b7eee63b316addd9aa68c5be	evidence-usb-device-diagnostics-round5.zip	a6b939a964bf66449909febd53ebff19fb3ec8bf	2026-09-03T18:29:47-05:00
evidence/usb-device-diagnostics-round5/r5-attach-path-verdict-pass.log	5625	31adb06ba62ba53c46fcf287a58edfea37b1193ed5c45fa6c10255b1ff09be99	evidence-usb-device-diagnostics-round5.zip	a6b939a964bf66449909febd53ebff19fb3ec8bf	2026-09-03T18:29:47-05:00
evidence/video-black-round3-clean-51fps.png	858178	33d203604cf4c84a851e28856611041929e43a7a111145c626dfb0d9a2f00bc8	evidence-loose.zip	a6b939a964bf66449909febd53ebff19fb3ec8bf	2026-09-03T18:29:47-05:00
evidence/video-black-round3-r1redo-fail.png	28317	edd5d8d73bf6e8ea2539eeb0e7be45cc3da801a352bd8bd13ece5d1fda4ce536	evidence-loose.zip	a6b939a964bf66449909febd53ebff19fb3ec8bf	2026-09-03T18:29:47-05:00
evidence/video-black-round3-r1redo2-fail.png	28286	62004992ec82788836d7ebe8a6aae05acfd30c78b620309bf2f65b2fd9b10f01	evidence-loose.zip	a6b939a964bf66449909febd53ebff19fb3ec8bf	2026-09-03T18:29:47-05:00
evidence/wifi-direct-and-bt-auto-start-round1/b1_r1_hu_base_i1.txt	9723	ee2d54e7991cd86cc74434a1bd7858656080f2f0eeeda72c208710bec65db5da	evidence-wifi-direct-and-bt-auto-start-round1.zip	a6b939a964bf66449909febd53ebff19fb3ec8bf	2026-09-03T18:29:47-05:00
evidence/wifi-direct-and-bt-auto-start-round1/b1_r1_hu_base_i2.txt	9734	97ca94b09c890f19d020c265448077a5d184a0f425ef60cb58b56cea9c09e5aa	evidence-wifi-direct-and-bt-auto-start-round1.zip	a6b939a964bf66449909febd53ebff19fb3ec8bf	2026-09-03T18:29:47-05:00
evidence/wifi-direct-and-bt-auto-start-round1/b1_r1_hu_base_i3.txt	9734	3113aff14a9602d1a300f84364ce2147cc76845f9eeda24c8d198fb6cebecba4	evidence-wifi-direct-and-bt-auto-start-round1.zip	a6b939a964bf66449909febd53ebff19fb3ec8bf	2026-09-03T18:29:47-05:00
evidence/wifi-direct-and-bt-auto-start-round1/b1_r1_hu_cand_i1.txt	11414	90c582a19f9fcbbfd7bfedd58d86719ba998385a616cb2bbdf3ab1aa4061c168	evidence-wifi-direct-and-bt-auto-start-round1.zip	a6b939a964bf66449909febd53ebff19fb3ec8bf	2026-09-03T18:29:47-05:00
evidence/wifi-direct-and-bt-auto-start-round1/b1_r1_hu_cand_i2.txt	10887	353fdf1495bc1e7da701841e006130b5626f0441538ad41bc50d28fa6883ce9f	evidence-wifi-direct-and-bt-auto-start-round1.zip	a6b939a964bf66449909febd53ebff19fb3ec8bf	2026-09-03T18:29:47-05:00
evidence/wifi-direct-and-bt-auto-start-round1/b1_r1_hu_cand_i3.txt	10129	a62bbb67ddb74618b91238047daade9a312c7302d703a08280a1da231976d9d3	evidence-wifi-direct-and-bt-auto-start-round1.zip	a6b939a964bf66449909febd53ebff19fb3ec8bf	2026-09-03T18:29:47-05:00
evidence/wifi-direct-and-bt-auto-start-round1/b1_r1_phone_base_i1.txt	4951	932274562eccf70243a0144b125451f27c9ee44f0689723ca8a1633c2c5643a0	evidence-wifi-direct-and-bt-auto-start-round1.zip	a6b939a964bf66449909febd53ebff19fb3ec8bf	2026-09-03T18:29:47-05:00
evidence/wifi-direct-and-bt-auto-start-round1/b1_r1_phone_base_i2.txt	4951	20eaa71fc287293925d61b8a14ef827fa5a4ca1b82a40b5b101e358340997f28	evidence-wifi-direct-and-bt-auto-start-round1.zip	a6b939a964bf66449909febd53ebff19fb3ec8bf	2026-09-03T18:29:47-05:00
evidence/wifi-direct-and-bt-auto-start-round1/b1_r1_phone_base_i3.txt	4951	254066f29f439802c1c4d6664b0f8fd223fd1185048ac043751d0450c0411cb9	evidence-wifi-direct-and-bt-auto-start-round1.zip	a6b939a964bf66449909febd53ebff19fb3ec8bf	2026-09-03T18:29:47-05:00
evidence/wifi-direct-and-bt-auto-start-round1/b1_r1_phone_cand_i1.txt	2004	a37365f700399e929bb64b9cb35b27c74c6112c483120152734659b384bc00a7	evidence-wifi-direct-and-bt-auto-start-round1.zip	a6b939a964bf66449909febd53ebff19fb3ec8bf	2026-09-03T18:29:47-05:00
evidence/wifi-direct-and-bt-auto-start-round1/b1_r1_phone_cand_i2.txt	2577	242bdfa3d803cc284568e7c35bc66d5bda22a7f5377ce64637129058e70446c3	evidence-wifi-direct-and-bt-auto-start-round1.zip	a6b939a964bf66449909febd53ebff19fb3ec8bf	2026-09-03T18:29:47-05:00
evidence/wifi-direct-and-bt-auto-start-round1/b1_r1_phone_cand_i3.txt	2577	aeab8e53b61ba4ff56aca78f3682fde0c598485ecd4c60da92de39cce20b0f07	evidence-wifi-direct-and-bt-auto-start-round1.zip	a6b939a964bf66449909febd53ebff19fb3ec8bf	2026-09-03T18:29:47-05:00
evidence/wifi-direct-and-bt-auto-start-round1/b1_r3_hu.txt	16038	4fa94444c4d04f8539b8e79e4a75b498e066759e7eed3a7c9a9f286b61075325	evidence-wifi-direct-and-bt-auto-start-round1.zip	a6b939a964bf66449909febd53ebff19fb3ec8bf	2026-09-03T18:29:47-05:00
evidence/wifi-direct-and-bt-auto-start-round1/b1_r4_hu.txt	7136	85a3694a7f64dc93009dc1fb3cb04f93ebd43aad783981e988b67ed2a307adc9	evidence-wifi-direct-and-bt-auto-start-round1.zip	a6b939a964bf66449909febd53ebff19fb3ec8bf	2026-09-03T18:29:47-05:00
evidence/wifi-direct-and-bt-auto-start-round1/b1_r5_hu.txt	9472	c4b4b054eae0b5501c66558266742db8f199af8acf90762eacad4ba3aee333b5	evidence-wifi-direct-and-bt-auto-start-round1.zip	a6b939a964bf66449909febd53ebff19fb3ec8bf	2026-09-03T18:29:47-05:00
evidence/wifi-direct-and-bt-auto-start-round1/b1_r6_hu.txt	5506	90e3b424f711f3579efc632ffd9016878798b62ec938f4fc930f582f4b1e8c89	evidence-wifi-direct-and-bt-auto-start-round1.zip	a6b939a964bf66449909febd53ebff19fb3ec8bf	2026-09-03T18:29:47-05:00
evidence/wifi-direct-and-bt-auto-start-round1/b2_R1_hu.txt	940	46713d872ca180dba6b5a1ef51797912f4257d602e47618882e0fe31076fef61	evidence-wifi-direct-and-bt-auto-start-round1.zip	a6b939a964bf66449909febd53ebff19fb3ec8bf	2026-09-03T18:29:47-05:00
evidence/wifi-direct-and-bt-auto-start-round1/b2_R1b_hu.txt	940	94df56c8b32ea83f99f10fb4b9d42f630e95e47bd514435c3ef1520c94eca4fa	evidence-wifi-direct-and-bt-auto-start-round1.zip	a6b939a964bf66449909febd53ebff19fb3ec8bf	2026-09-03T18:29:47-05:00
evidence/wifi-direct-and-bt-auto-start-round1/b2_R1retry_hu.txt	940	d049712611100102f2d90115de979449b22f7b68f5154069f68eb09803d1295a	evidence-wifi-direct-and-bt-auto-start-round1.zip	a6b939a964bf66449909febd53ebff19fb3ec8bf	2026-09-03T18:29:47-05:00
evidence/wifi-direct-and-bt-auto-start-round1/b2_R2_hu.txt	1608	0f42c15b593ffaaa5a51723c3f2ba39c8e0f49ae717c51fe3ed8e66f2413c615	evidence-wifi-direct-and-bt-auto-start-round1.zip	a6b939a964bf66449909febd53ebff19fb3ec8bf	2026-09-03T18:29:47-05:00
evidence/wifi-direct-and-bt-auto-start-round1/b2_R8b_hu.txt	680	5f4ea56a10fc352fbfd0a1affa1caf642db22ee5a0c9af556fb38e36e8c8038c	evidence-wifi-direct-and-bt-auto-start-round1.zip	a6b939a964bf66449909febd53ebff19fb3ec8bf	2026-09-03T18:29:47-05:00
evidence/wifi-direct-and-bt-auto-start-round1/b2_R9_hu.txt	622	80a91a55b77096b684dc4b9df159bb852020e98cd6c4dc66da29417c39c3a10d	evidence-wifi-direct-and-bt-auto-start-round1.zip	a6b939a964bf66449909febd53ebff19fb3ec8bf	2026-09-03T18:29:47-05:00
evidence/wifi-direct-and-bt-auto-start-round1/b2_r6_phone.txt	3989	e1446568f4203c0356193c6f95fb424bfafb590674bae25fa057a539d0a22e18	evidence-wifi-direct-and-bt-auto-start-round1.zip	a6b939a964bf66449909febd53ebff19fb3ec8bf	2026-09-03T18:29:47-05:00
evidence/wifi-direct-and-bt-auto-start-round1/b2_r7_phone.txt	4188	23ed00b11e9937e83a06075a99288a0919a23e1f304760f3420ad1259224f9a2	evidence-wifi-direct-and-bt-auto-start-round1.zip	a6b939a964bf66449909febd53ebff19fb3ec8bf	2026-09-03T18:29:47-05:00
evidence/wifi-direct-stable-identity-round3/repro-hu.log	167991	5867cb71e493457894df4bbdf4e4d0785d454693a9c936a96e6679489c7fa37c	evidence-wifi-direct-stable-identity-round3.zip	a6b939a964bf66449909febd53ebff19fb3ec8bf	2026-09-03T18:29:47-05:00
evidence/wifi-direct-stable-identity-round3/repro-phone-filtered.log	264045	266d04ea4853ec50782aefd3afde492a3e50571b89e49a5642716987cb50372a	evidence-wifi-direct-stable-identity-round3.zip	a6b939a964bf66449909febd53ebff19fb3ec8bf	2026-09-03T18:29:47-05:00
evidence/wireless-bring-up-and-5ghz-round1/hu_r1.txt.gz	812103	85866708f62550192e7826ceaaf31deb558ee5fc16ff7a5d5ea13b79f92af81b	evidence-wireless-bring-up-and-5ghz-round1.zip	0004d57467a85f95b9829d5c96ce20b46d554c90	2026-09-05T19:38:22-05:00
evidence/wireless-bring-up-and-5ghz-round1/hu_r1b.txt.gz	506294	ddc0329f9121d34ede93f52226dcc1ea8e16a4987c262dbe30eb044cfaf450b2	evidence-wireless-bring-up-and-5ghz-round1.zip	0004d57467a85f95b9829d5c96ce20b46d554c90	2026-09-05T19:38:22-05:00
evidence/wireless-bring-up-and-5ghz-round1/hu_r2.txt.gz	560183	30f901082c2466f1a22ca4e81733a4b0558c40f289df21c6389db35d678189b5	evidence-wireless-bring-up-and-5ghz-round1.zip	0004d57467a85f95b9829d5c96ce20b46d554c90	2026-09-05T19:38:22-05:00
evidence/wireless-bring-up-and-5ghz-round1/hu_r3.txt.gz	544135	a10eca6606584aeec040033d0081fb8f939c58f4aa3cef8e613dc7611098927c	evidence-wireless-bring-up-and-5ghz-round1.zip	0004d57467a85f95b9829d5c96ce20b46d554c90	2026-09-05T19:38:22-05:00
evidence/wireless-bring-up-and-5ghz-round1/hu_r4_live_ch149.txt.gz	554000	f3a188bea47c06412071b12dd0919a1b2c0d48c7b008839ae048178848b776d7	evidence-wireless-bring-up-and-5ghz-round1.zip	0004d57467a85f95b9829d5c96ce20b46d554c90	2026-09-05T19:38:22-05:00
evidence/wireless-bring-up-and-5ghz-round1/hu_r4_seeded2.txt.gz	495160	35f0e23a84e4fadf23743d20414aeed91dd570bcba5717ac4edbf4a675f3fba3	evidence-wireless-bring-up-and-5ghz-round1.zip	0004d57467a85f95b9829d5c96ce20b46d554c90	2026-09-05T19:38:22-05:00
evidence/wireless-bring-up-and-5ghz-round1/poco_r5b.txt.gz	62707	f0d95428c474da69e8f081fee6eaeee2c8313ee3da928faa875d5a399db1fcb8	evidence-wireless-bring-up-and-5ghz-round1.zip	0004d57467a85f95b9829d5c96ce20b46d554c90	2026-09-05T19:38:22-05:00
evidence/wireless-bring-up-and-5ghz-round1/poco_r5c.txt.gz	156017	c7c0b94189fe3b7a11956e28d6ca683199bcda5c2b8a42c8848e5fed07ae0fb6	evidence-wireless-bring-up-and-5ghz-round1.zip	0004d57467a85f95b9829d5c96ce20b46d554c90	2026-09-05T19:38:22-05:00
evidence/wireless-bring-up-and-5ghz-round1/poco_r5d.txt.gz	36011	ef2ba9a7e012e65834071062b9b993b90bcd256ae9253c889ad884ae1221c43f	evidence-wireless-bring-up-and-5ghz-round1.zip	0004d57467a85f95b9829d5c96ce20b46d554c90	2026-09-05T19:38:22-05:00
evidence/wireless-bring-up-and-5ghz-round1/poco_r5e.txt.gz	23363	42365b48dbec4612f34c07787630d9bf4d2a34e93cfdd943403dde7ce1b32e3b	evidence-wireless-bring-up-and-5ghz-round1.zip	0004d57467a85f95b9829d5c96ce20b46d554c90	2026-09-05T19:38:22-05:00
evidence/wireless-bring-up-and-5ghz-round1/r1b_console.txt	3731	5614b0bc65a807092c136ea694439cb7f2d2f1316f6816ea2a4dc1bb103ebf36	evidence-wireless-bring-up-and-5ghz-round1.zip	0004d57467a85f95b9829d5c96ce20b46d554c90	2026-09-05T19:38:22-05:00
evidence/wireless-bring-up-and-5ghz-round1/r2_console.txt	3831	005e305966565bffeaee0a0ef4df68d6be9a1bf7b9ca52c23713430edf9af5cc	evidence-wireless-bring-up-and-5ghz-round1.zip	0004d57467a85f95b9829d5c96ce20b46d554c90	2026-09-05T19:38:22-05:00
evidence/wireless-bring-up-and-5ghz-round1/r3_console.txt	3839	3edff2039795deb7b37cc1e4725c22dd850bdbb9113ac190c6b6aaf41050c07f	evidence-wireless-bring-up-and-5ghz-round1.zip	0004d57467a85f95b9829d5c96ce20b46d554c90	2026-09-05T19:38:22-05:00
evidence/wireless-bring-up-and-5ghz-round1/r4_seeded2.png	148731	3302630e509eeb0db68745b0f271f524d5b46221a65b65af40f53cc7fef0203b	evidence-wireless-bring-up-and-5ghz-round1.zip	0004d57467a85f95b9829d5c96ce20b46d554c90	2026-09-05T19:38:22-05:00
evidence/wireless-bring-up-and-5ghz-round1/r4_tap.png	50373	5d7dff8d25c71a079e45623e4a5a8b1fd761f26eeed5080c92321932659dc6b0	evidence-wireless-bring-up-and-5ghz-round1.zip	0004d57467a85f95b9829d5c96ce20b46d554c90	2026-09-05T19:38:22-05:00
evidence/wireless-bring-up-and-5ghz-round1/r4live_console.txt	3961	84a0668953d1adddec5b40c0b4542b11ed0b38092d1ace6f5e8a55e1373f6295	evidence-wireless-bring-up-and-5ghz-round1.zip	0004d57467a85f95b9829d5c96ce20b46d554c90	2026-09-05T19:38:22-05:00
evidence/wireless-bring-up-and-5ghz-round1/settings-backup.xml	6099	d481ee4da13454c1d789b250aea366dce131d14f283754bcdfb623c8acae750e	evidence-wireless-bring-up-and-5ghz-round1.zip	0004d57467a85f95b9829d5c96ce20b46d554c90	2026-09-05T19:38:22-05:00
evidence/wireless-bring-up-and-5ghz-round2/hu_r1.txt.gz	546976	4e42e1cd460fd7c4f10b6b199faca9544d299b8eca105a3b736be0a9bc604443	evidence-wireless-bring-up-and-5ghz-round2.zip	690b5a4bf041606d69501ec5870337418f7df73f	2026-09-05T21:35:53-05:00
evidence/wireless-bring-up-and-5ghz-round2/hu_r6b.txt.gz	471624	e2438a503d7f7ae011586199a8eb6d2e1e8dcb304fcc84839981ff0e6b221b32	evidence-wireless-bring-up-and-5ghz-round2.zip	690b5a4bf041606d69501ec5870337418f7df73f	2026-09-05T21:35:53-05:00
evidence/wireless-bring-up-and-5ghz-round2/hu_r6c.txt.gz	442973	36ba1c85972b3b35b98baaef236666abc9c2977274c74265b63c3a4070ab04f3	evidence-wireless-bring-up-and-5ghz-round2.zip	690b5a4bf041606d69501ec5870337418f7df73f	2026-09-05T21:35:53-05:00
evidence/wireless-bring-up-and-5ghz-round2/hu_r6d.txt.gz	435388	232925d102d137f0f90a1d2b46119160a66d8c004ab904135cc3c436dc1a6f80	evidence-wireless-bring-up-and-5ghz-round2.zip	690b5a4bf041606d69501ec5870337418f7df73f	2026-09-05T21:35:53-05:00
evidence/wireless-bring-up-and-5ghz-round2/hu_station_after_r1.txt	341	43829560f62c20d4458d74ce398d6efdd73a3501687eb7e2a3d4641f4b665d75	evidence-wireless-bring-up-and-5ghz-round2.zip	690b5a4bf041606d69501ec5870337418f7df73f	2026-09-05T21:35:53-05:00
evidence/wireless-bring-up-and-5ghz-round2/hu_station_teardown_r1.txt	21	1f4b5d56e85605324acc7953418f3df6541efe593c504b8eb05aeac377823da5	evidence-wireless-bring-up-and-5ghz-round2.zip	690b5a4bf041606d69501ec5870337418f7df73f	2026-09-05T21:35:53-05:00
evidence/wireless-bring-up-and-5ghz-round2/phone_r1.txt.gz	292139	b2d0043516836ea0f058657d035e87c868622ffa173e018bbbe43ec942c20228	evidence-wireless-bring-up-and-5ghz-round2.zip	690b5a4bf041606d69501ec5870337418f7df73f	2026-09-05T21:35:53-05:00
evidence/wireless-bring-up-and-5ghz-round2/poco_r5.txt.gz	82728	80c28d562a2bcbb6a440af0bdcd4e660b3e01a6d60b61fde05dbe327b53bfc17	evidence-wireless-bring-up-and-5ghz-round2.zip	690b5a4bf041606d69501ec5870337418f7df73f	2026-09-05T21:35:53-05:00
evidence/wireless-bring-up-and-5ghz-round2/r1_console.txt	2106	bd4b4a2dfe5924c354c9a59601dc3ea1ab782a3efa37689ae6a978945a0ae4a2	evidence-wireless-bring-up-and-5ghz-round2.zip	690b5a4bf041606d69501ec5870337418f7df73f	2026-09-05T21:35:53-05:00
evidence/wireless-bring-up-and-5ghz-round2/r5_console.txt	1900	fadba181555308efa2c8b72ddc083c4c73522ea4425c12ebd079aa3845c79f8e	evidence-wireless-bring-up-and-5ghz-round2.zip	690b5a4bf041606d69501ec5870337418f7df73f	2026-09-05T21:35:53-05:00
evidence/wireless-bring-up-and-5ghz-round2/r6b_console.txt	3223	652fd17d04eec0ca03466ac5b9ecaa3bf81508426dfce9e025c9bd1c055c4912	evidence-wireless-bring-up-and-5ghz-round2.zip	690b5a4bf041606d69501ec5870337418f7df73f	2026-09-05T21:35:53-05:00
evidence/wireless-bring-up-and-5ghz-round2/r6c_console.txt	2582	51b1cae3eece548e7e0a7851a4f8a70440a0be849d84a04973859203e93a3eba	evidence-wireless-bring-up-and-5ghz-round2.zip	690b5a4bf041606d69501ec5870337418f7df73f	2026-09-05T21:35:53-05:00
evidence/wireless-bring-up-and-5ghz-round2/r6d_console.txt	2582	6def2ee46788f721e5dec0c063956f9c78e524b7c350d1799f08cc36954f12f7	evidence-wireless-bring-up-and-5ghz-round2.zip	690b5a4bf041606d69501ec5870337418f7df73f	2026-09-05T21:35:53-05:00
evidence/wireless-bring-up-and-5ghz-round2/settings-backup-mt50.xml	6158	fe0bf31d5547e5c1c99450e47d37b273f7a698948872f4e3525d6df9d5a74843	evidence-wireless-bring-up-and-5ghz-round2.zip	690b5a4bf041606d69501ec5870337418f7df73f	2026-09-05T21:35:53-05:00
evidence/wireless-bring-up-and-5ghz-round2/settings-backup-poco.xml	5146	3522e1906b8db07d6018cea3d18d4bdc8b184c310c84b50536b271a5ad903785	evidence-wireless-bring-up-and-5ghz-round2.zip	690b5a4bf041606d69501ec5870337418f7df73f	2026-09-05T21:35:53-05:00
evidence/wireless-bring-up-and-5ghz-round2/wifip2p_r1.txt	180	8da4dd5a71903ec624242a82a2c83f55d193aa2888504bf6a0fa111f0ad4f27a	evidence-wireless-bring-up-and-5ghz-round2.zip	690b5a4bf041606d69501ec5870337418f7df73f	2026-09-05T21:35:53-05:00
evidence/wireless-bring-up-and-5ghz-round3/hu_r1.txt.gz	522231	939056ccd39429cfa00d76dfe673033f7075734729b05f9e8eb96213b80f1ad5	evidence-wireless-bring-up-and-5ghz-round3.zip	eeb13e32a9026293ad105a26e526fb2eb732ceb7	2026-09-05T22:43:50-05:00
evidence/wireless-bring-up-and-5ghz-round3/hu_r1_btonly.txt.gz	487550	dade74e53f747f22451ba3d072837e5dc58e08b8f1561164ff74a4c6143dcbca	evidence-wireless-bring-up-and-5ghz-round3.zip	eeb13e32a9026293ad105a26e526fb2eb732ceb7	2026-09-05T22:43:50-05:00
evidence/wireless-bring-up-and-5ghz-round3/hu_r6b.txt.gz	556119	fd29f03d5f8a382761c908fa18b94a7cc06b934ed63f45f9f97d2781f729681d	evidence-wireless-bring-up-and-5ghz-round3.zip	eeb13e32a9026293ad105a26e526fb2eb732ceb7	2026-09-05T22:43:50-05:00
evidence/wireless-bring-up-and-5ghz-round3/hu_r6c.txt.gz	377854	541d0f32288cc4309c48cfbbe2f3c55cc1316ba5e913eaf3402c7cf3661bbbb1	evidence-wireless-bring-up-and-5ghz-round3.zip	eeb13e32a9026293ad105a26e526fb2eb732ceb7	2026-09-05T22:43:50-05:00
evidence/wireless-bring-up-and-5ghz-round3/hu_r6d.txt.gz	371650	0dbe98e9098c1ae6a26aaf54cf8ca3a6d914c648e6b3e907b1f899aa60e13e45	evidence-wireless-bring-up-and-5ghz-round3.zip	eeb13e32a9026293ad105a26e526fb2eb732ceb7	2026-09-05T22:43:50-05:00
evidence/wireless-bring-up-and-5ghz-round3/hu_station_after_r1.txt	341	bce136c3178beb139c0765ebeecb61ad895abf2b9d494b865f072086463cb740	evidence-wireless-bring-up-and-5ghz-round3.zip	eeb13e32a9026293ad105a26e526fb2eb732ceb7	2026-09-05T22:43:50-05:00
evidence/wireless-bring-up-and-5ghz-round3/hu_station_teardown_r1.txt	21	1f4b5d56e85605324acc7953418f3df6541efe593c504b8eb05aeac377823da5	evidence-wireless-bring-up-and-5ghz-round3.zip	eeb13e32a9026293ad105a26e526fb2eb732ceb7	2026-09-05T22:43:50-05:00
evidence/wireless-bring-up-and-5ghz-round3/phone_r1.txt.gz	292141	780088c3af7a9617f59df18cd82d4c0d7a8759b1db8d85a17b392b0a91f0e97d	evidence-wireless-bring-up-and-5ghz-round3.zip	eeb13e32a9026293ad105a26e526fb2eb732ceb7	2026-09-05T22:43:50-05:00
evidence/wireless-bring-up-and-5ghz-round3/r1_console.txt	1466	5b680777e0b8392f8c0322553d7042310db4c053872f5635bc2a77c5750d9375	evidence-wireless-bring-up-and-5ghz-round3.zip	eeb13e32a9026293ad105a26e526fb2eb732ceb7	2026-09-05T22:43:50-05:00
evidence/wireless-bring-up-and-5ghz-round3/r6b_console.txt	3754	70417864522871352a71f7e7dfafa92b4c07cee4dc309978ccaab4b79e2d3abb	evidence-wireless-bring-up-and-5ghz-round3.zip	eeb13e32a9026293ad105a26e526fb2eb732ceb7	2026-09-05T22:43:50-05:00
evidence/wireless-bring-up-and-5ghz-round3/r6c_console.txt	2375	c647573e644edfe14f5c2e0e2f2551c8bcfdb979d305c9088b747725b4fd00ea	evidence-wireless-bring-up-and-5ghz-round3.zip	eeb13e32a9026293ad105a26e526fb2eb732ceb7	2026-09-05T22:43:50-05:00
evidence/wireless-bring-up-and-5ghz-round3/r6d_console.txt	2375	3aac3aab54eb3fe172a87c2a43fe48cd6b32883b51db36f35e8ca27697c6fea1	evidence-wireless-bring-up-and-5ghz-round3.zip	eeb13e32a9026293ad105a26e526fb2eb732ceb7	2026-09-05T22:43:50-05:00
evidence/wireless-bring-up-and-5ghz-round3/settings-backup-mt50.xml	6158	fe0bf31d5547e5c1c99450e47d37b273f7a698948872f4e3525d6df9d5a74843	evidence-wireless-bring-up-and-5ghz-round3.zip	eeb13e32a9026293ad105a26e526fb2eb732ceb7	2026-09-05T22:43:50-05:00
evidence/wireless-bring-up-and-5ghz-round3/wifip2p_r1.txt	180	8719b7009da9a1feb11c1befd1d2005f8e6d80232c76d1dea36f48b55b98913d	evidence-wireless-bring-up-and-5ghz-round3.zip	eeb13e32a9026293ad105a26e526fb2eb732ceb7	2026-09-05T22:43:50-05:00
hp-slate-bringup-round1-photos/r1_settings_advanced.png	65120	6b3f1bbbf8ed268286940bbe3bd6620c4bf4ef1e69af873fdb15873e91a4cf92	photos-hp-slate-bringup-round1.zip	33db368b7dfc3225d02c91fbb9d973a4e0771b70	2026-09-15T14:51:41-05:00
hp-slate-bringup-round1-photos/r3_maps_session.jpg	1533224	9217ec5903e2e2c1d39c7244e4c6ff83848a73c40bd68ddb5af599c65df0f829	photos-hp-slate-bringup-round1.zip	33db368b7dfc3225d02c91fbb9d973a4e0771b70	2026-09-15T14:51:41-05:00
hp-slate-bringup-round1-photos/r3_starting.jpg	969249	3f21a77f6f5fd17eb6dceaed4737f0b1d10c981f26a96543396f7330e2f078a7	photos-hp-slate-bringup-round1.zip	33db368b7dfc3225d02c91fbb9d973a4e0771b70	2026-09-15T14:51:41-05:00
ultrawide-touch-alignment-round3-photos/R1.jpg	150110	81c532296450187b098c5d7737e28804e9d92a91e399d4a92b361b91601b6cf3	photos-ultrawide-touch-alignment-round3.zip	d1ecadd5741e85c24384bf3ab86c0af1b2da2cea	2026-09-07T14:17:35-05:00
ultrawide-touch-alignment-round3-photos/R2.jpg	170781	05f98a385ef55cc948c6183c7d9d0192b11b79245563166a5de5b5073482cfc3	photos-ultrawide-touch-alignment-round3.zip	d1ecadd5741e85c24384bf3ab86c0af1b2da2cea	2026-09-07T14:17:35-05:00
ultrawide-touch-alignment-round3-photos/R3.jpg	164198	28c8b1a4a2a17a59ad933a99884a8dcfe4fd51bf1dfa03850eb6bdf0fcc56bc8	photos-ultrawide-touch-alignment-round3.zip	d1ecadd5741e85c24384bf3ab86c0af1b2da2cea	2026-09-07T14:17:35-05:00
ultrawide-touch-alignment-round3-photos/R4.jpg	161397	4c7f00b373a15adb1487b1684273ca5f17ccfa63a3d74bd69d42da374fec9c61	photos-ultrawide-touch-alignment-round3.zip	d1ecadd5741e85c24384bf3ab86c0af1b2da2cea	2026-09-07T14:17:35-05:00
ultrawide-touch-alignment-round3-photos/R5.jpg	108776	82eb3dca10f9e8568db193b0513004e56fda2488ebbf4f71bda10e56cc23faaf	photos-ultrawide-touch-alignment-round3.zip	d1ecadd5741e85c24384bf3ab86c0af1b2da2cea	2026-09-07T14:17:35-05:00
ultrawide-touch-alignment-round3-photos/R6.jpg	166535	e52a03a1ee2cae419439ee375fee8e6c46f563eaa3668f0360b8841c8c93ec4a	photos-ultrawide-touch-alignment-round3.zip	d1ecadd5741e85c24384bf3ab86c0af1b2da2cea	2026-09-07T14:17:35-05:00
ultrawide-touch-alignment-round3-photos/R7-CONTAIN.jpg	97609	92fc0f263d7742e64e8ef4cc50f35b12b9b2535a9f6444c796a511facd74905e	photos-ultrawide-touch-alignment-round3.zip	d1ecadd5741e85c24384bf3ab86c0af1b2da2cea	2026-09-07T14:17:35-05:00
ultrawide-touch-alignment-round3-photos/R7-COVER.jpg	107884	57720de3036c878380d622ade55f9ff25c8a940451bde6e0a65d5126223472e8	photos-ultrawide-touch-alignment-round3.zip	d1ecadd5741e85c24384bf3ab86c0af1b2da2cea	2026-09-07T14:17:35-05:00
ultrawide-touch-alignment-round3-photos/R8-R5b.jpg	111273	ad1152aa47018784efe6c595683f43274de54d679c07cdab89b12e574e2becaa	photos-ultrawide-touch-alignment-round3.zip	d1ecadd5741e85c24384bf3ab86c0af1b2da2cea	2026-09-07T14:17:35-05:00
ultrawide-touch-alignment-round3-photos/R8-R7-CONTAIN.jpg	128901	ef24ff7419c5fc800b098b45fca4f0f0fe7dc579a2fe71d1b5531930f4001cb3	photos-ultrawide-touch-alignment-round3.zip	d1ecadd5741e85c24384bf3ab86c0af1b2da2cea	2026-09-07T14:17:35-05:00
ultrawide-touch-alignment-round3-photos/R8-R7-COVER.jpg	121304	389457e238e2ab75f844f2246933f460bfba0d57c465718abb9ccdb40bab4895	photos-ultrawide-touch-alignment-round3.zip	d1ecadd5741e85c24384bf3ab86c0af1b2da2cea	2026-09-07T14:17:35-05:00
ultrawide-touch-alignment-round4-photos/R1.jpg	151699	9909e3b9ff77e0c1b04e4612b5dda5b910fe61fac6c5332243bde4310d7fdab4	photos-ultrawide-touch-alignment-round4.zip	f6b2ec60ebfa9d22be02af2cfaf137409aad2ebd	2026-09-07T21:32:41-05:00
ultrawide-touch-alignment-round4-photos/R2.jpg	162704	7f269223615c00e3a9eee80855c30ff1cf45b58ef85c32a20e879b6590e1fe5f	photos-ultrawide-touch-alignment-round4.zip	f6b2ec60ebfa9d22be02af2cfaf137409aad2ebd	2026-09-07T21:32:41-05:00
ultrawide-touch-alignment-round4-photos/R4.jpg	148206	3a5d897623b811158423cc8c40f8d71c70e0ccbf5f181088068ca5b5b48a7ed0	photos-ultrawide-touch-alignment-round4.zip	f6b2ec60ebfa9d22be02af2cfaf137409aad2ebd	2026-09-07T21:32:41-05:00
ultrawide-touch-alignment-round4-photos/R5base.jpg	122386	2bb4f36f817784f52339c17a7a173e922fe161bf272a8eac592bcbf6e9b4f074	photos-ultrawide-touch-alignment-round4.zip	f6b2ec60ebfa9d22be02af2cfaf137409aad2ebd	2026-09-07T21:32:41-05:00
ultrawide-touch-alignment-round4-photos/R5baseTap.jpg	50469	e894c2bae9f518fbe64661ae9b930760efea17e0658d8ec8772175443e05eb0a	photos-ultrawide-touch-alignment-round4.zip	f6b2ec60ebfa9d22be02af2cfaf137409aad2ebd	2026-09-07T21:32:41-05:00
ultrawide-touch-alignment-round4-photos/R5cand.jpg	128067	dab2333d79385283fe6d98045d3ecf875a79879956677dc0a99f02421ba1b7f3	photos-ultrawide-touch-alignment-round4.zip	f6b2ec60ebfa9d22be02af2cfaf137409aad2ebd	2026-09-07T21:32:41-05:00
ultrawide-touch-alignment-round4-photos/R5candConfirm.jpg	79764	8d413f7601f5380727e8011f9e4f6906fa4ae39da6c4f158ca75fca15a948584	photos-ultrawide-touch-alignment-round4.zip	f6b2ec60ebfa9d22be02af2cfaf137409aad2ebd	2026-09-07T21:32:41-05:00
ultrawide-touch-alignment-round4-photos/R5candTap.jpg	109161	790375d86298fc93812b404cec5642a9c0f28d0a09d0c4c861947c24b708427a	photos-ultrawide-touch-alignment-round4.zip	f6b2ec60ebfa9d22be02af2cfaf137409aad2ebd	2026-09-07T21:32:41-05:00
ultrawide-touch-alignment-round4-photos/R8cand.jpg	111590	b3bde3fda67c1515837f8bf9705d230fa83600d699ed4bb2b59e87c925efac6a	photos-ultrawide-touch-alignment-round4.zip	f6b2ec60ebfa9d22be02af2cfaf137409aad2ebd	2026-09-07T21:32:41-05:00
ultrawide-touch-alignment-round4-photos/R9-dpi2.jpg	52866	89111cae140516aea921cd4fcbe279594289cb65552228f01ea66e5dade3126f	photos-ultrawide-touch-alignment-round4.zip	f6b2ec60ebfa9d22be02af2cfaf137409aad2ebd	2026-09-07T21:32:41-05:00
ultrawide-touch-alignment-round4-photos/R9-res.jpg	49939	63c8c58bc2590258d5e29d7e4efb5169a4487d7b3d8e0248b6c10d5450d53c38	photos-ultrawide-touch-alignment-round4.zip	f6b2ec60ebfa9d22be02af2cfaf137409aad2ebd	2026-09-07T21:32:41-05:00
ultrawide-touch-alignment-round5-photos/R0.jpg	75042	26bb05945aa0efef0eec732035ef9b9ac210d48498b3917be9077b01c051dfae	photos-ultrawide-touch-alignment-round5.zip	0c578fd8250047839eb27b83d050f1eb76b0decb	2026-09-07T22:46:17-05:00
ultrawide-touch-alignment-round5-photos/R1.jpg	84187	b4200241ec6afa402a52bc944e2c4ecd4522cd1698db10837e1020bd0d8d9f24	photos-ultrawide-touch-alignment-round5.zip	0c578fd8250047839eb27b83d050f1eb76b0decb	2026-09-07T22:46:17-05:00
ultrawide-touch-alignment-round5-photos/R2a2.jpg	73458	15da5590c64a24b6288f5e3a1210bfbb778eed83b1a51802f46459b9740d0110	photos-ultrawide-touch-alignment-round5.zip	0c578fd8250047839eb27b83d050f1eb76b0decb	2026-09-07T22:46:17-05:00
ultrawide-touch-alignment-round5-photos/R2b.jpg	72736	2a42a4b94f245e642873ad73a101530adf839e8530d9aa11a36a7f9fdb960e70	photos-ultrawide-touch-alignment-round5.zip	0c578fd8250047839eb27b83d050f1eb76b0decb	2026-09-07T22:46:17-05:00
ultrawide-touch-alignment-round5-photos/R2c.jpg	71844	939e5b71bd88824d0a1c4e479641db1e6598ec7a56d0322dc6962f0aa5e8478b	photos-ultrawide-touch-alignment-round5.zip	0c578fd8250047839eb27b83d050f1eb76b0decb	2026-09-07T22:46:17-05:00
ultrawide-touch-alignment-round5-photos/R3a.jpg	73544	063aa30c16fc8cf4a0d8907d86da6d6f33bb048c47eb8705aa4b66f24f4e73b4	photos-ultrawide-touch-alignment-round5.zip	0c578fd8250047839eb27b83d050f1eb76b0decb	2026-09-07T22:46:17-05:00
ultrawide-touch-alignment-round5-photos/R3b.jpg	68764	d25f07f653d0b89eec7528a9cb35a59531b7669df65266de87b68593d9c3ed15	photos-ultrawide-touch-alignment-round5.zip	0c578fd8250047839eb27b83d050f1eb76b0decb	2026-09-07T22:46:17-05:00
ultrawide-touch-alignment-round5-photos/R3c.jpg	74956	f2cc22d9eccff33572ed500d1bfefe30b68d00b89e0849698ed63969e4d5c90d	photos-ultrawide-touch-alignment-round5.zip	0c578fd8250047839eb27b83d050f1eb76b0decb	2026-09-07T22:46:17-05:00
ultrawide-touch-alignment-round5-photos/rail_R0_R1_montage.jpg	45126	896101655b2fc0567237f8c58372b0ec88f646ba3c53535d206cf4b352407ff3	photos-ultrawide-touch-alignment-round5.zip	0c578fd8250047839eb27b83d050f1eb76b0decb	2026-09-07T22:46:17-05:00
ultrawide-touch-alignment-round5-photos/rail_R2_montage.jpg	88144	fc2c25e972a598e5ee3e4f95c6b64e49297c1c10021f368ed5d31375dab8a7e4	photos-ultrawide-touch-alignment-round5.zip	0c578fd8250047839eb27b83d050f1eb76b0decb	2026-09-07T22:46:17-05:00
ultrawide-touch-alignment-round6-photos/R1.jpg	118720	67fb1a78d5950a7ecaa4a5a49a8bbd9d1b1c92441c9de7ff5b5696c240182cd8	photos-ultrawide-touch-alignment-round6.zip	a6c31062ada7522b9862806ac5090d960cc28a9c	2026-09-08T16:15:12-05:00
ultrawide-touch-alignment-round6-photos/R2-base.jpg	109954	64d0847a73377fb791ba2fd7b02caa19b39b94d5bf2a0b9f1b4c57d71c057e6e	photos-ultrawide-touch-alignment-round6.zip	a6c31062ada7522b9862806ac5090d960cc28a9c	2026-09-08T16:15:12-05:00
ultrawide-touch-alignment-round6-photos/R2-cand2.jpg	126706	eb959de349385fdf563d809cb5a62774bc7bbe44a2e2b562b89ff8b3c24ebef6	photos-ultrawide-touch-alignment-round6.zip	a6c31062ada7522b9862806ac5090d960cc28a9c	2026-09-08T16:15:12-05:00
ultrawide-touch-alignment-round6-photos/R3-base.jpg	93979	494acdbbdba64421bd71f6c75c5042c366ae9093d0eab5fb1ff0ae3690129da0	photos-ultrawide-touch-alignment-round6.zip	a6c31062ada7522b9862806ac5090d960cc28a9c	2026-09-08T16:15:12-05:00
ultrawide-touch-alignment-round6-photos/R3-cand-v2_phone.jpg	22847	ac3d1ec76ee60622c7d2bbb667e684027d5c2bacde37daef358c1353ea04c6ca	photos-ultrawide-touch-alignment-round6.zip	a6c31062ada7522b9862806ac5090d960cc28a9c	2026-09-08T16:15:12-05:00
ultrawide-touch-alignment-round6-photos/R3-cand-v2_spotify.jpg	64955	4787c3fced97c263ba297524054760a64df25dcdcf9fe1a8311ad31adbdac4e3	photos-ultrawide-touch-alignment-round6.zip	a6c31062ada7522b9862806ac5090d960cc28a9c	2026-09-08T16:15:12-05:00
ultrawide-touch-alignment-round6-photos/R3-cand.jpg	103116	281993a2fbc8b8219dafa69ffb04c1d195b8fcdc1b81b2e9efa8f3584b18daa7	photos-ultrawide-touch-alignment-round6.zip	a6c31062ada7522b9862806ac5090d960cc28a9c	2026-09-08T16:15:12-05:00
ultrawide-touch-alignment-round6-photos/R4-cand.jpg	74885	f7aeff647daa163deea139547da61839e70256d370b8309ca646403ada710237	photos-ultrawide-touch-alignment-round6.zip	a6c31062ada7522b9862806ac5090d960cc28a9c	2026-09-08T16:15:12-05:00
ultrawide-touch-alignment-round6-photos/R5a-contain-dhu2.jpg	115863	8242e0c7454498574911ab1c63f8f43dfd30a2ecf036c87bb3dbc536cf5ddfa6	photos-ultrawide-touch-alignment-round6.zip	a6c31062ada7522b9862806ac5090d960cc28a9c	2026-09-08T16:15:12-05:00
ultrawide-touch-alignment-round6-photos/R5a-contain-poco.jpg	97463	2c74157aeb3109991daa47c82a124a497caed04a5918552b27494dc8dfa5477b	photos-ultrawide-touch-alignment-round6.zip	a6c31062ada7522b9862806ac5090d960cc28a9c	2026-09-08T16:15:12-05:00
ultrawide-touch-alignment-round6-photos/R5b-cover-dhu.jpg	111361	102d6b82eea28f6d1a0088f1f8abab1a5e1714e0080fa709f91259cf2500e00e	photos-ultrawide-touch-alignment-round6.zip	a6c31062ada7522b9862806ac5090d960cc28a9c	2026-09-08T16:15:12-05:00
ultrawide-touch-alignment-round6-photos/RMOTO-cand-contain.jpg	109521	fb93c518eebbe9ca57693f2cf9abee10149e2863253c76e33fc18371cfeb1410	photos-ultrawide-touch-alignment-round6.zip	1668dee5c5c051d814ff68d62368f301d4dca11b	2026-09-08T16:50:01-05:00
ultrawide-touch-alignment-round6-photos/RMOTO-candsettled.jpg	117330	f5fb16da5ef4142ea67bf75f4c8e9cebb93e68c2bf0b0f3edbb168247971e29a	photos-ultrawide-touch-alignment-round6.zip	1668dee5c5c051d814ff68d62368f301d4dca11b	2026-09-08T16:50:01-05:00
ultrawide-touch-alignment-round6-photos/RMOTO-preexisting.jpg	92771	f5e8638f4376bcd08c29a9fccefb5b95f77a5df02c1e62c8c2624a37b9a7c95b	photos-ultrawide-touch-alignment-round6.zip	1668dee5c5c051d814ff68d62368f301d4dca11b	2026-09-08T16:50:01-05:00
ultrawide-touch-alignment-round6-photos/rail_compare.jpg	34298	d38177b510b532e15a6d421ee3f96bd4b45f2f273c16661a38bd5dff6243bb25	photos-ultrawide-touch-alignment-round6.zip	a6c31062ada7522b9862806ac5090d960cc28a9c	2026-09-08T16:15:12-05:00
ultrawide-touch-alignment-round6-photos/shape_compare.jpg	40338	9bb8df9d465dad99f061603b7636309d6897a2cccf9c06ced74a94499f2b1386	photos-ultrawide-touch-alignment-round6.zip	a6c31062ada7522b9862806ac5090d960cc28a9c	2026-09-08T16:15:12-05:00
ultrawide-touch-alignment-round7-photos/R1-base-normal.jpg	231425	18940baa598bb1134b781260baeabfdaf9f25b8062c47d9e40cc8c216a955a97	photos-ultrawide-touch-alignment-round7.zip	e3c1db2b6d4bbf0c8facbfce64bf259df09b17de	2026-09-10T00:11:19-05:00
ultrawide-touch-alignment-round7-photos/R2-cand-normal.jpg	226316	106098466a5f6a458b04a6a48116783338ff8248a25c25e62e90c4f067f3f585	photos-ultrawide-touch-alignment-round7.zip	e3c1db2b6d4bbf0c8facbfce64bf259df09b17de	2026-09-10T00:11:19-05:00
ultrawide-touch-alignment-round7-photos/R3-base-tap-bottom-rail.jpg	185725	fe82a1eac437ac4407be415213fc46ce850003b238e467431defd372448ca87e	photos-ultrawide-touch-alignment-round7.zip	e3c1db2b6d4bbf0c8facbfce64bf259df09b17de	2026-09-10T00:11:19-05:00
ultrawide-touch-alignment-round7-photos/R3-cand-tap-bottom-rail.jpg	187604	bd494d672b87261564c6534bc2210ff4f652a7e12216ef2653dc0642d538e3f5	photos-ultrawide-touch-alignment-round7.zip	e3c1db2b6d4bbf0c8facbfce64bf259df09b17de	2026-09-10T00:11:19-05:00
ultrawide-touch-alignment-round7-photos/R3-cand-tap-top-rail.jpg	223746	df2947ef841e0bb6d1401e4e8206a6b3ca836147b6ea8d3edd9178d2f9f627a5	photos-ultrawide-touch-alignment-round7.zip	e3c1db2b6d4bbf0c8facbfce64bf259df09b17de	2026-09-10T00:11:19-05:00
ultrawide-touch-alignment-round7-photos/R4-cand-immersive.jpg	224253	b1b9d384fcea2bdffe61b055dddcc976c99c7d864e8a8795129723710ab4b8a9	photos-ultrawide-touch-alignment-round7.zip	e3c1db2b6d4bbf0c8facbfce64bf259df09b17de	2026-09-10T00:11:19-05:00
ultrawide-touch-alignment-round7-photos/R5a-cand-statusonly.jpg	233855	e79629f4baf4f1d927e0f6330af2eb8150611d3379aa664b9cddae7b1226163a	photos-ultrawide-touch-alignment-round7.zip	e3c1db2b6d4bbf0c8facbfce64bf259df09b17de	2026-09-10T00:11:19-05:00
ultrawide-touch-alignment-round7-photos/R5b-cand-immersive-notch.jpg	223949	13e75d3a615e11449f3722dfabc9c994a682d87ed89ff437620498f0d97ea36f	photos-ultrawide-touch-alignment-round7.zip	e3c1db2b6d4bbf0c8facbfce64bf259df09b17de	2026-09-10T00:11:19-05:00
ultrawide-touch-alignment-round7-photos/R6-live-mode-change.jpg	228285	dcafd0570f6081f9d57d90f9da97679d919d0a542ebfac4cab656825fd8fbefa	photos-ultrawide-touch-alignment-round7.zip	e3c1db2b6d4bbf0c8facbfce64bf259df09b17de	2026-09-10T00:11:19-05:00
ultrawide-touch-alignment-round7-photos/R7-moto-contain-connect.jpg	342728	d1a762b6f66c0b45ff5c3d49710546acee78ec586f3d50e8cc2b3ad6884a0b33	photos-ultrawide-touch-alignment-round7.zip	e3c1db2b6d4bbf0c8facbfce64bf259df09b17de	2026-09-10T00:11:19-05:00
ultrawide-touch-alignment-round7-photos/R7-moto-tap-bottom-rail.jpg	267185	589ed39263a7c9b2f833271c93c787d504b3306fed3ee55c7709ee0b941d40e0	photos-ultrawide-touch-alignment-round7.zip	e3c1db2b6d4bbf0c8facbfce64bf259df09b17de	2026-09-10T00:11:19-05:00
ultrawide-touch-alignment-round7-photos/R7-moto-tap-top-rail.jpg	435823	eb62ef522acbc8189c56eb9ff0a924d78747124089ae63f54d45eb17a45d8116	photos-ultrawide-touch-alignment-round7.zip	e3c1db2b6d4bbf0c8facbfce64bf259df09b17de	2026-09-10T00:11:19-05:00
ultrawide-touch-alignment-round8-photos/R1b.jpg	204474	a542a057a921f92f11f0fa573e1e5bae8e8d5c544b88169fa1e2de344f2e8010	photos-ultrawide-touch-alignment-round8.zip	c7e31f693777f602c6d6089b552e7ee69ce127c5	2026-09-10T01:14:00-05:00
ultrawide-touch-alignment-round8-photos/R1c.jpg	207302	f6c6a13c721f0d4a1ad1f076ae125310f1f114d1a8562ffdc1aa9f50a9d3fce0	photos-ultrawide-touch-alignment-round8.zip	c7e31f693777f602c6d6089b552e7ee69ce127c5	2026-09-10T01:14:00-05:00
ultrawide-touch-alignment-round8-photos/R2.jpg	204231	4a6e007ff71e7d3351aebe6ce1a2912ed8553f6ee4bd1fb1fae7803803320485	photos-ultrawide-touch-alignment-round8.zip	c7e31f693777f602c6d6089b552e7ee69ce127c5	2026-09-10T01:14:00-05:00
ultrawide-touch-alignment-round8-photos/R3.jpg	204181	adc22f26a4f200f50a0b8ced1b2e7ff5f20c053b44718844223a6d61b41072f2	photos-ultrawide-touch-alignment-round8.zip	c7e31f693777f602c6d6089b552e7ee69ce127c5	2026-09-10T01:14:00-05:00
ultrawide-touch-alignment-round8-photos/R4.jpg	189613	4ccbfa7e7e9d4e3f260fcd441347024df62f9a1f287057c5b260e9c9f13e60ad	photos-ultrawide-touch-alignment-round8.zip	c7e31f693777f602c6d6089b552e7ee69ce127c5	2026-09-10T01:14:00-05:00
ultrawide-touch-alignment-round8-photos/R5.jpg	347784	fc2b04d4f250ab148be142f305a838f08f6a6841d8471542b4c7ad73cb627e6b	photos-ultrawide-touch-alignment-round8.zip	c7e31f693777f602c6d6089b552e7ee69ce127c5	2026-09-10T01:14:00-05:00
ultrawide-touch-alignment-round8-photos/R5_t1.jpg	414454	4afc7992175e0921cb983dc552c7186a7f4cf47a9d538ac279f9646407af7b25	photos-ultrawide-touch-alignment-round8.zip	c7e31f693777f602c6d6089b552e7ee69ce127c5	2026-09-10T01:14:00-05:00
ultrawide-touch-alignment-round8-photos/R5_t2.jpg	351882	38f8af50d3c72842a4811b6d40e7f5b0729367865136d778c6a0a525b54d4231	photos-ultrawide-touch-alignment-round8.zip	c7e31f693777f602c6d6089b552e7ee69ce127c5	2026-09-10T01:14:00-05:00
ultrawide-touch-alignment-round8-photos/R6.jpg	363535	4edcd55754865e9db201b64e1cb1528c389d858683b7b87bf29f3d0f05aabbf0	photos-ultrawide-touch-alignment-round8.zip	c7e31f693777f602c6d6089b552e7ee69ce127c5	2026-09-10T01:14:00-05:00
ultrawide-touch-alignment-round8-photos/R7.jpg	191153	65e5c80ab794ea18c73a65cecc4c44663664ecc4602657554414d41dce2fe04f	photos-ultrawide-touch-alignment-round8.zip	c7e31f693777f602c6d6089b552e7ee69ce127c5	2026-09-10T01:14:00-05:00
ultrawide-touch-alignment-round8-photos/R7_t1.jpg	137204	38d7a135fb98d4d546cc3ed4a9670c9256f82e7c14126780cedce614c5f142f5	photos-ultrawide-touch-alignment-round8.zip	c7e31f693777f602c6d6089b552e7ee69ce127c5	2026-09-10T01:14:00-05:00
ultrawide-touch-alignment-round8-photos/R7_t2.jpg	56989	507b214acebfa084fe01052e382e6b9ca316f42685fa52649cf36b2778effaea	photos-ultrawide-touch-alignment-round8.zip	c7e31f693777f602c6d6089b552e7ee69ce127c5	2026-09-10T01:14:00-05:00
