--------- beginning of main
08-31 17:28:57.687 I/adbd    (15414): adbd service requested 'shell,v2,TERM=xterm-256color:export ANDROID_LOG_TAGS="''"; exec logcat '-v' 'time''
08-31 17:28:57.972 W/adbd    (15414): timed out while waiting for FUNCTIONFS_BIND, trying again
08-31 17:28:57.973 I/adbd    (15414): UsbFfs: connection terminated: monitor thread finished
08-31 17:28:57.983 I/adbd    (15414): opening control endpoint /dev/usb-ffs/adb/ep0
08-31 17:28:59.812 I/adbd    (15414): adbd service requested 'shell,v2,TERM=xterm-256color,raw:monkey -p com.andrerinas.headunitrevived -c android.intent.category.LAUNCHER 1'
08-31 17:29:01.045 D/DeviceStatisticsService( 2823): onReceive: action= android.intent.action.BATTERY_CHANGED
--------- beginning of system
08-31 17:29:01.047 V/UiModeManager( 1809): updateLocked: null action, mDockState=0, category=null
08-31 17:29:01.047 D/UiModeManager( 1809): updateConfigurationLocked: mDockState=0; mCarMode=false; mNightMode=2; mNightModeCustomType=-1; uiMode=33
08-31 17:29:01.050 V/DeviceStatisticsService( 2823): chargerType=0 batteryLevel=33 totalBatteryCapacity=3615100
08-31 17:29:01.140 D/AndroidRuntime(24074): >>>>>> START com.android.internal.os.RuntimeInit uid 2000 <<<<<<
08-31 17:29:01.146 I/AndroidRuntime(24074): Using default boot image
08-31 17:29:01.146 I/AndroidRuntime(24074): Leaving lock profiling enabled
08-31 17:29:01.161 I/app_process(24074): Using generational CollectorTypeCC GC.
08-31 17:29:02.383 V/UiModeManager( 1809): updateLocked: null action, mDockState=0, category=null
08-31 17:29:02.383 D/UiModeManager( 1809): updateConfigurationLocked: mDockState=0; mCarMode=false; mNightMode=2; mNightModeCustomType=-1; uiMode=33
08-31 17:29:02.385 D/DeviceStatisticsService( 2823): onReceive: action= android.intent.action.BATTERY_CHANGED
08-31 17:29:02.390 V/DeviceStatisticsService( 2823): chargerType=0 batteryLevel=33 totalBatteryCapacity=3615100
08-31 17:29:02.458 D/nativeloader(24074): InitDefaultPublicLibraries for_preload=1: libandroid.so:libaaudio.so:libamidi.so:libbinder_ndk.so:libc.so:libcamera2ndk.so:libdl.so:libEGL.so:libGLESv1_CM.so:libGLESv2.so:libGLESv3.so:libicu.so:libicui18n.so:libicuuc.so:libjnigraphics.so:liblog.so:libmediandk.so:libm.so:libnativehelper.so:libnativewindow.so:libOpenMAXAL.so:libOpenSLES.so:libRS.so:libstdc++.so:libsync.so:libvulkan.so:libwebviewchromium_plat_support.so:libz.so
08-31 17:29:02.480 D/nativeloader(24074): Load libicu_jni.so using APEX ns com_android_art for caller /apex/com.android.art/javalib/core-oj.jar: ok
08-31 17:29:02.480 D/app_process(24074): Time zone APEX ICU file found: /apex/com.android.tzdata/etc/icu/icu_tzdata.dat
08-31 17:29:02.480 D/app_process(24074): I18n APEX ICU file found: /apex/com.android.i18n/etc/icu/icudt72l.dat
08-31 17:29:02.485 D/nativeloader(24074): Load libjavacore.so using APEX ns com_android_art for caller /apex/com.android.art/javalib/core-oj.jar: ok
08-31 17:29:02.487 D/nativeloader(24074): Load libopenjdk.so using APEX ns com_android_art for caller /apex/com.android.art/javalib/core-oj.jar: ok
08-31 17:29:02.493 I/app_process(24074): Priority-to-niceness mapping: 19, 16, 13, 10, 0, -2, -4, -5, -6, -8
08-31 17:29:02.506 W/libc    (24074): Access denied finding property "ro.product.name_for_attestation"
08-31 17:29:02.507 W/libc    (24074): Access denied finding property "ro.product.brand_for_attestation"
08-31 17:29:02.507 W/libc    (24074): Access denied finding property "ro.product.model_for_attestation"
08-31 17:29:02.503 W/main    (24074): type=1400 audit(0.0:161429): avc:  denied  { read } for  name="u:object_r:build_attestation_prop:s0" dev="tmpfs" ino=11024 scontext=u:r:shell:s0 tcontext=u:object_r:build_attestation_prop:s0 tclass=file permissive=0 app=com.facebook.katana
08-31 17:29:02.503 W/main    (24074): type=1400 audit(0.0:161430): avc:  denied  { read } for  name="u:object_r:build_attestation_prop:s0" dev="tmpfs" ino=11024 scontext=u:r:shell:s0 tcontext=u:object_r:build_attestation_prop:s0 tclass=file permissive=0 app=com.facebook.katana
08-31 17:29:02.503 W/main    (24074): type=1400 audit(0.0:161431): avc:  denied  { read } for  name="u:object_r:build_attestation_prop:s0" dev="tmpfs" ino=11024 scontext=u:r:shell:s0 tcontext=u:object_r:build_attestation_prop:s0 tclass=file permissive=0 app=com.facebook.katana
08-31 17:29:02.541 D/nativeloader(24074): Load libframework-connectivity-tiramisu-jni.so using APEX ns com_android_tethering for caller /apex/com.android.tethering/javalib/framework-connectivity-t.jar: ok
08-31 17:29:02.541 D/AndroidRuntime(24074): Calling main entry com.android.commands.monkey.Monkey
08-31 17:29:02.543 W/Monkey  (24074): args: [-p, com.andrerinas.headunitrevived, -c, android.intent.category.LAUNCHER, 1]
08-31 17:29:02.543 W/Monkey  (24074):  arg: "-p"
08-31 17:29:02.543 W/Monkey  (24074):  arg: "com.andrerinas.headunitrevived"
08-31 17:29:02.543 W/Monkey  (24074):  arg: "-c"
08-31 17:29:02.544 W/Monkey  (24074):  arg: "android.intent.category.LAUNCHER"
08-31 17:29:02.544 W/Monkey  (24074):  arg: "1"
08-31 17:29:02.544 W/Monkey  (24074): data="com.andrerinas.headunitrevived"
08-31 17:29:02.544 W/Monkey  (24074): data="android.intent.category.LAUNCHER"
08-31 17:29:02.572 D/ActivityTaskManager( 1809): setActivityController: android.app.IActivityController$Stub$Proxy@2ede4f4,imAMonkey=true
08-31 17:29:02.573 W/ActivityManager( 1809): registerReceiverWithFeature: no app for null
08-31 17:29:02.590 W/ActivityTaskManager( 1809): callingPackage for (uid=2000, pid=24074) has no WPC
08-31 17:29:02.591 D/CompatibilityChangeReporter( 1809): Compat change id reported: 265464455; UID 10491; state: DISABLED
08-31 17:29:02.591 D/CompatibilityChangeReporter( 1809): Compat change id reported: 265452344; UID 10491; state: DISABLED
08-31 17:29:02.591 D/CompatibilityChangeReporter( 1809): Compat change id reported: 266124927; UID 10491; state: DISABLED
08-31 17:29:02.591 D/CompatibilityChangeReporter( 1809): Compat change id reported: 265451093; UID 10491; state: DISABLED
08-31 17:29:02.591 D/CompatibilityChangeReporter( 1809): Compat change id reported: 265456536; UID 10491; state: DISABLED
08-31 17:29:02.591 D/CompatibilityChangeReporter( 1809): Compat change id reported: 255940284; UID 10491; state: DISABLED
08-31 17:29:02.592 D/CompatibilityChangeReporter( 1809): Compat change id reported: 236283604; UID 10491; state: DISABLED
08-31 17:29:02.592 D/CompatibilityChangeReporter( 1809): Compat change id reported: 263959004; UID 10491; state: DISABLED
08-31 17:29:02.592 D/CompatibilityChangeReporter( 1809): Compat change id reported: 264304459; UID 10491; state: DISABLED
08-31 17:29:02.592 D/CompatibilityChangeReporter( 1809): Compat change id reported: 264301586; UID 10491; state: DISABLED
08-31 17:29:02.592 D/CompatibilityChangeReporter( 1809): Compat change id reported: 254631730; UID 10491; state: DISABLED
08-31 17:29:02.592 D/CompatibilityChangeReporter( 1809): Compat change id reported: 273509367; UID 10491; state: DISABLED
08-31 17:29:02.592 D/CompatibilityChangeReporter( 1809): Compat change id reported: 263259275; UID 10491; state: DISABLED
08-31 17:29:02.592 D/CompatibilityChangeReporter( 1809): Compat change id reported: 174042980; UID 10491; state: DISABLED
08-31 17:29:02.592 D/CompatibilityChangeReporter( 1809): Compat change id reported: 174042936; UID 10491; state: DISABLED
08-31 17:29:02.592 D/CompatibilityChangeReporter( 1809): Compat change id reported: 181136395; UID 10491; state: DISABLED
08-31 17:29:02.594 D/CompatibilityChangeReporter( 1809): Compat change id reported: 194480991; UID 10491; state: ENABLED
08-31 17:29:02.594 D/ActivityTaskManager( 1809): getPreferredLaunchDisplay userset_displayid false user set display id -1, current focus display 0
08-31 17:29:02.594 D/ActivityTaskManager( 1809): getPreferredLaunchDisplay userset_displayid false user set display id -1, current focus display 0
08-31 17:29:02.597 D/ActivityTaskManager( 1809): getPreferredLaunchDisplay userset_displayid false user set display id -1, current focus display 0
08-31 17:29:02.597 D/ActivityTaskManager( 1809): getPreferredLaunchDisplay userset_displayid false user set display id -1, current focus display 0
08-31 17:29:02.597 E/ANDR-PERF-LM( 1129): MetaMeter: handleAsync() 166: AdaptLaunch Invalid Async
08-31 17:29:02.598 E/ANDR-PERF-LM( 1129): MetaMeter: handleAsync() 166: AdaptLaunch Invalid Async
08-31 17:29:02.601 D/ActivityTaskManager( 1809): getPreferredLaunchDisplay userset_displayid false user set display id 0, current focus display 0
08-31 17:29:02.601 D/ActivityTaskManager( 1809): getPreferredLaunchDisplay userset_displayid false user set display id 0, current focus display 0
08-31 17:29:02.602 D/CompatibilityChangeReporter( 1809): Compat change id reported: 184838306; UID 10491; state: DISABLED
08-31 17:29:02.602 D/CompatibilityChangeReporter( 1809): Compat change id reported: 185004937; UID 10491; state: DISABLED
08-31 17:29:02.603 D/CompatibilityChangeReporter( 1809): Compat change id reported: 197654537; UID 10491; state: ENABLED
08-31 17:29:02.604 D/PowerManagerService( 1809): nativeSetPowerMode ret:true mode:5 enabled:true duration ms: 0
08-31 17:29:02.604 D/ActivityTaskManager( 1809): Temporarily retain top process state for launching app
08-31 17:29:02.604 I/QTI PowerHAL( 1097): Power setMode: 5 to: 1
08-31 17:29:02.609 D/CompatibilityChangeReporter( 1809): Compat change id reported: 194833441; UID 10491; state: ENABLED
08-31 17:29:02.609 I/ActivityTaskManager( 1809): START u0 {act=android.intent.action.MAIN cat=[android.intent.category.LAUNCHER] flg=0x10200000 cmp=com.andrerinas.headunitrevived/com.andrerinas.openheadunit.main.MainActivity} with LAUNCH_SINGLE_TASK from uid 2000 (startActivityAsUser) (BAL_ALLOW_PERMISSION) result code=0
08-31 17:29:02.610 I/Monkey  (24074): Events injected: 1
08-31 17:29:02.609 V/WindowManagerShell( 2649): Transition requested: android.os.BinderProxy@9e363ff TransitionRequestInfo { type = 1, triggerTask = TaskInfo{userId=0 taskId=2847 displayId=0 isRunning=true baseIntent=Intent { act=android.intent.action.MAIN cat=[android.intent.category.LAUNCHER] flg=0x10200000 cmp=com.andrerinas.headunitrevived/com.andrerinas.openheadunit.main.MainActivity } baseActivity=ComponentInfo{com.andrerinas.headunitrevived/com.andrerinas.openheadunit.main.MainActivity} topActivity=ComponentInfo{com.andrerinas.headunitrevived/com.andrerinas.openheadunit.main.MainActivity} origActivity=null realActivity=ComponentInfo{com.andrerinas.headunitrevived/com.andrerinas.openheadunit.main.MainActivity} numActivities=1 lastActiveTime=2479632701 supportsMultiWindow=true supportsGlobalFreeform=true resizeMode=1 isResizeable=true isAppLocked=false canKillAndRestart=false isShowDecorCaptionWindowRequest=false minWidth=-1 minHeight=-1 defaultMinSize=220 token=WCT{android.window.IWindowContainerToken$Stub$Proxy@48375cc} topActivityType=1 pictureInPictureParams=null shouldDockBigOverlays=false launchIntoPipHostTaskId=-1 lastParentTaskIdBeforePip=-1 displayCutoutSafeInsets=Rect(0, 100 - 0, 0) topActivityInfo=ActivityInfo{1a58015 com.andrerinas.openheadunit.main.MainActivity} launchCookies=[] positionInParent=Point(0, 0) parentTaskId=-1 isFocused=false isVisible=false isVisibleRequested=false isSleeping=true topActivityInSizeCompat=false topActivityEligibleForLetterboxEducation= false topActivityLetterboxed= false isFromDoubleTap= false topActivityLetterboxVerticalPosition= -1 topActivityLetterboxHorizontalPosition= -1 topActivityLetterboxWidth=-1 topActivityLetterboxHeight=-1 locusId=null displayAreaFeatureId=1 cameraCompatControlState=hidden}, remoteTransition = null, displayChange = null, flags = 0 }
08-31 17:29:02.617 D/CompatibilityChangeReporter( 1809): Compat change id reported: 135634846; UID 10491; state: DISABLED
08-31 17:29:02.617 D/CompatibilityChangeReporter( 1809): Compat change id reported: 177438394; UID 10491; state: DISABLED
08-31 17:29:02.618 D/ActivityTaskManager( 1809): setActivityController: null,imAMonkey=true
08-31 17:29:02.618 D/CompatibilityChangeReporter( 1809): Compat change id reported: 135772972; UID 10491; state: DISABLED
08-31 17:29:02.618 D/CompatibilityChangeReporter( 1809): Compat change id reported: 135754954; UID 10491; state: ENABLED
08-31 17:29:02.618 I/MediaSyncManager_19740_24337(19740): SettingsContentObserver onChange onSync true
08-31 17:29:02.621 D/CompatibilityChangeReporter( 1809): Compat change id reported: 143937733; UID 10491; state: ENABLED
08-31 17:29:02.626 I/MediaSyncManager_19740_24337(19740): SettingsContentObserver onChange volume not changed, skip. mCurrentVolume:15
08-31 17:29:02.627 I/MediaSyncManager_19740_24337(19740): SettingsContentObserver onChange onSync true
08-31 17:29:02.633 D/CompatibilityChangeReporter( 1809): Compat change id reported: 170503758; UID 10169; state: ENABLED
08-31 17:29:02.634 D/DisplayManagerService( 1809): Ignore redundant display event 0/2 to 10342/21940
08-31 17:29:02.634 D/DisplayManagerService( 1809): Ignore redundant display event 0/2 to 10383/22256
08-31 17:29:02.634 I/MediaSyncManager_19740_24337(19740): SettingsContentObserver onChange volume not changed, skip. mCurrentVolume:15
08-31 17:29:02.635 I/Monkey  (24074): ## Network stats: elapsed time=28ms (0ms mobile, 0ms wifi, 28ms not connected)
08-31 17:29:02.635 D/DisplayManagerService( 1809): Ignore redundant display event 0/2 to 10355/29589
08-31 17:29:02.637 I/app_process(24074): System.exit called, status: 0
08-31 17:29:02.637 I/AndroidRuntime(24074): VM exiting with result code 0.
08-31 17:29:02.642 D/Zygote  (  973): Forked child process 24106
08-31 17:29:02.643 I/ActivityManager( 1809): Start proc 24106:com.andrerinas.headunitrevived/u0a491 for top-activity {com.andrerinas.headunitrevived/com.andrerinas.openheadunit.main.MainActivity}
08-31 17:29:02.647 I/BpBinder( 1161): onLastStrongRef automatically unlinking death recipients: 
08-31 17:29:02.667 W/AccessibilityWindowsPopulator( 1809): The displayInfo of this displayId (0) called back from the surface fligner is null
08-31 17:29:02.670 I/headunitrevived(24106): Late-enabling -Xcheck:jni
08-31 17:29:02.703 I/headunitrevived(24106): Using generational CollectorTypeCC GC.
08-31 17:29:02.714 I/adbd    (15414): jdwp connection from 24106
08-31 17:29:02.737 W/adbd    (15414): timed out while waiting for FUNCTIONFS_BIND, trying again
08-31 17:29:02.737 I/adbd    (15414): UsbFfs: connection terminated: monitor thread finished
08-31 17:29:02.747 D/nativeloader(24106): Load libframework-connectivity-tiramisu-jni.so using APEX ns com_android_tethering for caller /apex/com.android.tethering/javalib/framework-connectivity-t.jar: ok
08-31 17:29:02.762 E/ANDR-PERF-LM( 1129): MetaMeter: handleAsync() 166: AdaptLaunch Invalid Async
08-31 17:29:02.766 D/ActivityTrigger( 1809): ActivityTrigger activityPauseTrigger 
08-31 17:29:02.771 D/CompatibilityChangeReporter( 1809): Compat change id reported: 265195908; UID 10491; state: ENABLED
08-31 17:29:02.771 W/DynamicVolume( 4693): DynamicVolumeService: onForegroundActivitiesChanged, record latest volume: AppStartVolume(packageUid=10491, packageName=com.andrerinas.headunitrevived, timeInMillis=1788215342769, date=Mon Aug 31 17:29:02 GMT-05:00 2026, startVolume=15, deviceType=2)
08-31 17:29:02.774 I/evkx    (16978): (REDACTED) HDM. appOpsListener %s %s
08-31 17:29:02.774 I/evkx    (16978): (REDACTED) HDM. Ignoring irrelevant audio permission changes for package %s
08-31 17:29:02.776 D/ActivityManager( 1809): unfreezing ProcessRecord{9735e23 14642:com.payjoy.access/u0a156}, reason = unfreezeTemporarily, adj = 915, adjType = cch-empty, adjSource = null
08-31 17:29:02.777 D/ActivityManager( 1809): sync unfroze 14642 com.payjoy.access for 3
08-31 17:29:02.778 I/adbd    (15414): opening control endpoint /dev/usb-ffs/adb/ep0
08-31 17:29:02.779 D/CompatibilityChangeReporter(24106): Compat change id reported: 171979766; UID 10491; state: ENABLED
08-31 17:29:02.780 W/BatteryExternalStatsWorker( 1809): error reading Bluetooth stats: 9
08-31 17:29:02.780 D/CompatibilityChangeReporter(24106): Compat change id reported: 242716250; UID 10491; state: ENABLED
08-31 17:29:02.784 D/PayJoyAccess( 1809):  Going to read data from PayJoy Data Block
08-31 17:29:02.785 D/CompatibilityChangeReporter( 1809): Compat change id reported: 170503758; UID 10491; state: ENABLED
08-31 17:29:02.787 D/PowerManagerService( 1809): nativeAcquireSuspendBlocker name:PowerManagerService.WakeLocks duration ms: 2
08-31 17:29:02.790 D/WifiStaIfaceHidlImpl( 1809): getCachedScanData is not implemented by HIDL
08-31 17:29:02.796 D/TelephonyManager( 1809): requestModemActivityInfo: Sending result to app: ModemActivityInfo{ mTimestamp=2479632891 mSleepTimeMs=1941654175 mIdleTimeMs=282720799 mActivityStatsTechSpecificInfo=[{mRat=UNKNOWN,mFrequencyRange=UNKNOWN,mTxTimeMs[]=[4750490, 1954915, 2042044, 1710670, 4121391],mRxTimeMs=240259109}]}
08-31 17:29:02.804 I/Wearable.KeepAlive_19740_19740(19740): KeepAliveJobSchedulerService.onStartJob
08-31 17:29:02.804 I/KeepAliveHelper_19740_19740(19740): startConnect() called 
08-31 17:29:02.805 I/DeviceManagerImpl_19740_19740(19740): needKeepAliveDeviceModel = [DeviceModelClient(mRemote=com.xiaomi.fitness.device.manager.remote.DeviceManagerRemoteImpl@42282c2, did='855082173')]
08-31 17:29:02.809 E/BluetoothDevice(19740): BT not enabled. Cannot get bond state
08-31 17:29:02.809 I/Wearable.KeepAlive_19740_19740(19740): KeepAliveHelper.startService
08-31 17:29:02.810 I/Wearable.KeepAlive_19740_19740(19740): KeepAliveHelper.startService  KeepAliveService
08-31 17:29:02.810 I/DeviceManagerImpl_19740_19740(19740): needKeepAliveDeviceModel = [DeviceModelClient(mRemote=com.xiaomi.fitness.device.manager.remote.DeviceManagerRemoteImpl@42282c2, did='855082173')]
08-31 17:29:02.810 I/Wearable.KeepAlive_19740_19740(19740): KeepAliveHelper.startService  containsShowNotificationDevice = true
08-31 17:29:02.810 I/KeepAliveService_19740_19740(19740): needStart: showConnectionNotification true, 
08-31 17:29:02.810 I/Wearable.KeepAlive_19740_19740(19740): KeepAliveHelper.startService the service has started
08-31 17:29:02.812 D/PowerManagerService( 1809): nativeReleaseSuspendBlocker name:PowerManagerService.WakeLocks duration ms: 1
08-31 17:29:02.813 I/PayJoyAccessService( 1809): flag in block -1
08-31 17:29:02.830 D/BoundBrokerSvc(23622): onUnbind: Intent { act=com.google.android.gms.safetynet.service.START pkg=com.google.android.gms }
08-31 17:29:04.125 D/DeviceStatisticsService( 2823): onReceive: action= android.intent.action.BATTERY_CHANGED
08-31 17:29:04.127 V/UiModeManager( 1809): updateLocked: null action, mDockState=0, category=null
08-31 17:29:04.127 D/UiModeManager( 1809): updateConfigurationLocked: mDockState=0; mCarMode=false; mNightMode=2; mNightModeCustomType=-1; uiMode=33
08-31 17:29:04.137 V/DeviceStatisticsService( 2823): chargerType=0 batteryLevel=33 totalBatteryCapacity=3615100
08-31 17:29:04.175 W/System  (23622): A resource failed to call close. 
08-31 17:29:04.194 W/ActivityTaskManager( 1809): Activity top resumed state loss timeout for ActivityRecord{d91c692 u0 com.andrerinas.headunitrevived/com.andrerinas.openheadunit.main.MainActivity t2847}
08-31 17:29:04.194 W/ActivityTaskManager( 1809): Activity pause timeout for ActivityRecord{d91c692 u0 com.andrerinas.headunitrevived/com.andrerinas.openheadunit.main.MainActivity t2847}
08-31 17:29:04.212 D/nativeloader(24106): Configuring clns-4 for other apk /data/app/~~P_mPv6ix-Km1-qDlVd6Ytg==/com.andrerinas.headunitrevived-W0fbQWyeKGvBzSVN6jlo3Q==/base.apk. target_sdk_version=36, uses_libraries=, library_path=/data/app/~~P_mPv6ix-Km1-qDlVd6Ytg==/com.andrerinas.headunitrevived-W0fbQWyeKGvBzSVN6jlo3Q==/lib/arm64:/data/app/~~P_mPv6ix-Km1-qDlVd6Ytg==/com.andrerinas.headunitrevived-W0fbQWyeKGvBzSVN6jlo3Q==/base.apk!/lib/arm64-v8a, permitted_path=/data:/mnt/expand:/data/user/0/com.andrerinas.headunitrevived
08-31 17:29:04.220 D/nativeloader(24106): Load libframework-connectivity-jni.so using APEX ns com_android_tethering for caller /apex/com.android.tethering/javalib/framework-connectivity.jar: ok
08-31 17:29:04.224 V/GraphicsEnvironment(24106): Currently set values for:
08-31 17:29:04.224 V/GraphicsEnvironment(24106):   angle_gl_driver_selection_pkgs=[]
08-31 17:29:04.224 V/GraphicsEnvironment(24106):   angle_gl_driver_selection_values=[]
08-31 17:29:04.224 V/GraphicsEnvironment(24106): ANGLE GameManagerService for com.andrerinas.headunitrevived: false
08-31 17:29:04.224 V/GraphicsEnvironment(24106): com.andrerinas.headunitrevived is not listed in per-application setting
08-31 17:29:04.225 V/GraphicsEnvironment(24106): Neither updatable production driver nor prerelease driver is supported.
08-31 17:29:04.238 I/MultiDex(24106): VM with version 2.1.0 has multidex support
08-31 17:29:04.238 I/MultiDex(24106): Installing application
08-31 17:29:04.238 I/MultiDex(24106): VM has multidex support, MultiDex support library is disabled.
08-31 17:29:05.455 D/PowerManagerService( 1809): nativeSetPowerMode ret:true mode:5 enabled:false duration ms: 2
08-31 17:29:05.457 I/QTI PowerHAL( 1097): Power setMode: 5 to: 0
08-31 17:29:05.476 V/UiModeManager( 1809): updateLocked: null action, mDockState=0, category=null
08-31 17:29:05.477 D/UiModeManager( 1809): updateConfigurationLocked: mDockState=0; mCarMode=false; mNightMode=2; mNightModeCustomType=-1; uiMode=33
08-31 17:29:05.478 D/DeviceStatisticsService( 2823): onReceive: action= android.intent.action.BATTERY_CHANGED
08-31 17:29:05.485 V/DeviceStatisticsService( 2823): chargerType=0 batteryLevel=33 totalBatteryCapacity=3615100
08-31 17:29:06.665 E/ANDR-PERF-OPTSHANDLER( 1129): perf_lock_rel: failed for /sys/class/devfreq/soc:qcom,cpu-cpu-ddr-bw/min_freq as previous value is not stored
08-31 17:29:06.665 E/ANDR-PERF-OPTSHANDLER( 1129): perf_lock_rel: failed for /sys/class/scsi_host/host0/../../../clkscale_enable as previous value is not stored
08-31 17:29:06.686 V/UiModeManager( 1809): updateLocked: null action, mDockState=0, category=null
08-31 17:29:06.686 D/UiModeManager( 1809): updateConfigurationLocked: mDockState=0; mCarMode=false; mNightMode=2; mNightModeCustomType=-1; uiMode=33
08-31 17:29:06.686 D/DeviceStatisticsService( 2823): onReceive: action= android.intent.action.BATTERY_CHANGED
08-31 17:29:06.692 I/slpi    ( 1079): STK3ACX ALS_OC: lux:56.639999, last_ps:0[1069], CH0:60, CH2:27, CH4:49, AWAIT:32, ACRL:36, AGAIN:32, INT1:9, INT2:0, PS:52, LED:92, flag:65, state:7, scale:118.169,als_sel:1(0)
08-31 17:29:06.697 V/DeviceStatisticsService( 2823): chargerType=0 batteryLevel=33 totalBatteryCapacity=3615100
08-31 17:29:06.820 D/CompatibilityChangeReporter(24106): Compat change id reported: 183155436; UID 10491; state: ENABLED
08-31 17:29:07.901 E/ANDR-PERF-OPTSHANDLER( 1129): Unable to find the correct node storage pointers for                   resource index=16, node path=/proc/sys/kernel/sched_upmigrate
08-31 17:29:07.901 E/ANDR-PERF-RESOURCEQS( 1129): Failed to reset optimization [3, 7]
08-31 17:29:07.901 E/ANDR-PERF-OPTSHANDLER( 1129): Unable to find the correct node storage pointers for                   resource index=17, node path=/proc/sys/kernel/sched_downmigrate
08-31 17:29:07.901 E/ANDR-PERF-RESOURCEQS( 1129): Failed to reset optimization [3, 8]
08-31 17:29:07.915 E/ANDR-PERF-LM( 1129): VmRssMeter:: start() 453: Could not find pid, can not collect vmrss data
08-31 17:29:07.915 E/ANDR-PERF-LM( 1129): AdaptiveLaunch: writeToDataBase() 64: Meter aborted or could not get meter data for this run
08-31 17:29:07.917 E/ANDR-PERF-LM( 1129): VmRssMeter:: start() 453: Could not find pid, can not collect vmrss data
08-31 17:29:07.926 D/DeviceStatisticsService( 2823): onReceive: action= android.intent.action.BATTERY_CHANGED
08-31 17:29:07.927 V/UiModeManager( 1809): updateLocked: null action, mDockState=0, category=null
08-31 17:29:07.927 D/UiModeManager( 1809): updateConfigurationLocked: mDockState=0; mCarMode=false; mNightMode=2; mNightModeCustomType=-1; uiMode=33
08-31 17:29:07.928 I/slpi    ( 1079): STK3ACX ALS_OC: lux:48.000000, last_ps:0[1073], CH0:69, CH2:30, CH4:60, AWAIT:32, ACRL:36, AGAIN:32, INT1:9, INT2:0, PS:52, LED:92, flag:65, state:7, scale:118.169,als_sel:5(0)
08-31 17:29:07.933 V/DeviceStatisticsService( 2823): chargerType=0 batteryLevel=33 totalBatteryCapacity=3615100
08-31 17:29:07.964 D/CompatibilityChangeReporter( 1809): Compat change id reported: 161145287; UID 10491; state: ENABLED
08-31 17:29:07.966 I/Typeface(24106): updateThemeFont new=Rookery-Regular;old=sans-serif;new=Rookery-Stacked;old=
08-31 17:29:07.968 I/ActivityManager( 1809): Flag disabled. Ignoring finishAttachApplication from uid: 10491. pid: 24106
08-31 17:29:08.029 I/slpi    ( 1079): STK3ACX ALS_OC: lux:62.000000, last_ps:0[1096], CH0:88, CH2:37, CH4:80, AWAIT:32, ACRL:36, AGAIN:32, INT1:9, INT2:0, PS:52, LED:92, flag:65, state:7, scale:118.169,als_sel:5(0)
08-31 17:29:08.113 D/AppCompatDelegate(24106): Checking for metadata for AppLocalesMetadataHolderService : Service not found
08-31 17:29:09.365 V/UiModeManager( 1809): updateLocked: null action, mDockState=0, category=null
08-31 17:29:09.365 D/UiModeManager( 1809): updateConfigurationLocked: mDockState=0; mCarMode=false; mNightMode=2; mNightModeCustomType=-1; uiMode=33
08-31 17:29:09.366 I/OPENHU  (24106): [2] MainActivity.logLaunchSource | App launched by user tap (referrer: android-app://com.android.shell)
08-31 17:29:09.368 D/DeviceStatisticsService( 2823): onReceive: action= android.intent.action.BATTERY_CHANGED
08-31 17:29:09.373 V/DeviceStatisticsService( 2823): chargerType=0 batteryLevel=33 totalBatteryCapacity=3615100
08-31 17:29:09.410 W/adbd    (15414): timed out while waiting for FUNCTIONFS_BIND, trying again
08-31 17:29:09.410 I/adbd    (15414): UsbFfs: connection terminated: monitor thread finished
08-31 17:29:09.433 I/adbd    (15414): opening control endpoint /dev/usb-ffs/adb/ep0
08-31 17:29:09.451 I/headunitrevived(24106): hiddenapi: Accessing hidden method Landroid/view/View;->computeFitSystemWindows(Landroid/graphics/Rect;Landroid/graphics/Rect;)Z (runtime_flags=0, domain=platform, api=unsupported) from Landroidx/appcompat/widget/ViewUtils; (domain=app, TargetSdkVersion=36) using reflection: allowed
08-31 17:29:09.451 I/headunitrevived(24106): hiddenapi: Accessing hidden method Landroid/view/ViewGroup;->makeOptionalFitsSystemWindows()V (runtime_flags=0, domain=platform, api=unsupported) from Landroidx/appcompat/widget/ViewUtils; (domain=app, TargetSdkVersion=36) using reflection: allowed
08-31 17:29:09.475 D/CompatibilityChangeReporter(24106): Compat change id reported: 210923482; UID 10491; state: ENABLED
08-31 17:29:10.662 W/headunitrevived(24106): Verification of void androidx.navigation.NavType.<clinit>() took 252.524ms (316.80 bytecodes/s) (0B arena alloc)
08-31 17:29:10.670 V/UiModeManager( 1809): updateLocked: null action, mDockState=0, category=null
08-31 17:29:10.670 D/UiModeManager( 1809): updateConfigurationLocked: mDockState=0; mCarMode=false; mNightMode=2; mNightModeCustomType=-1; uiMode=33
08-31 17:29:10.671 D/DeviceStatisticsService( 2823): onReceive: action= android.intent.action.BATTERY_CHANGED
08-31 17:29:10.677 V/DeviceStatisticsService( 2823): chargerType=0 batteryLevel=33 totalBatteryCapacity=3615100
08-31 17:29:11.905 V/UiModeManager( 1809): updateLocked: null action, mDockState=0, category=null
08-31 17:29:11.906 D/UiModeManager( 1809): updateConfigurationLocked: mDockState=0; mCarMode=false; mNightMode=2; mNightModeCustomType=-1; uiMode=33
08-31 17:29:11.906 D/DeviceStatisticsService( 2823): onReceive: action= android.intent.action.BATTERY_CHANGED
08-31 17:29:11.914 V/DeviceStatisticsService( 2823): chargerType=0 batteryLevel=33 totalBatteryCapacity=3615100
08-31 17:29:11.936 W/Glide   (24106): Failed to find GeneratedAppGlideModule. You should include an annotationProcessor compile dependency on com.github.bumptech.glide:compiler in your application and a @GlideModule annotated AppGlideModule implementation or LibraryGlideModules will be silently ignored
08-31 17:29:12.012 I/ActivityManager( 1809): Background started FGS: Allowed [callingPackage: com.andrerinas.headunitrevived; callingUid: 10491; uidState: TPSL; uidBFSL: n/a; intent: Intent { cmp=com.andrerinas.headunitrevived/com.andrerinas.openheadunit.aap.AapService }; code:ACTIVITY_STARTER; tempAllowListReason:<null>; targetSdkVersion:36; callerTargetSdkVersion:36; startForegroundCount:0; bindFromPackage:null: isBindService:false]
08-31 17:29:12.017 I/evkx    (16978): (REDACTED) HDM. appOpsListener %s %s
08-31 17:29:12.017 I/evkx    (16978): (REDACTED) HDM. Ignoring irrelevant audio permission changes for package %s
08-31 17:29:12.017 I/evkx    (16978): (REDACTED) HDM. appOpsListener %s %s
08-31 17:29:12.017 I/evkx    (16978): (REDACTED) HDM. Ignoring irrelevant audio permission changes for package %s
08-31 17:29:12.036 I/OPENHU  (24106): [2] UsbDeviceDiagnostics.logDeviceList | UsbDiagnostics: USB list sees 0 USB device(s), 0 usable for Android Auto
08-31 17:29:12.037 I/OPENHU  (24106): [2] UsbDeviceDiagnostics.logDeviceList | UsbDiagnostics: nothing is on the bus. Either the port carries no data, the unit is not in USB host mode, or a wireless adapter is waiting for its phone before it presents itself.
08-31 17:29:12.170 D/ConnectivityService( 1809): requestNetwork for uid/pid:10491/24106 activeRequest: null callbackRequest: 148775 [NetworkRequest [ REQUEST id=148776, [ Capabilities: INTERNET&NOT_RESTRICTED&TRUSTED&NOT_VCN_MANAGED Uid: 10491 RequestorUid: 10491 RequestorPkg: com.andrerinas.headunitrevived UnderlyingNetworks: Null] ]] callback flags: 0 order: 2147483647 isUidTracked: false declaredMethods: AVAIL|LOST
08-31 17:29:12.171 W/WindowOnBackDispatcher(24106): OnBackInvokedCallback is not enabled for the application.
08-31 17:29:12.171 W/WindowOnBackDispatcher(24106): Set 'android:enableOnBackInvokedCallback="true"' in the application manifest.
08-31 17:29:12.178 I/ImeTracker(24106): com.andrerinas.headunitrevived:6e0bf1bb: onRequestHide at ORIGIN_CLIENT_HIDE_SOFT_INPUT reason HIDE_SOFT_INPUT
08-31 17:29:12.179 I/ImeTracker(24106): com.andrerinas.headunitrevived:6e0bf1bb: onFailed at PHASE_CLIENT_VIEW_SERVED
08-31 17:29:12.181 D/WifiNetworkFactory( 1809): got request NetworkRequest [ REQUEST id=148776, [ Capabilities: INTERNET&NOT_RESTRICTED&TRUSTED&NOT_VCN_MANAGED Uid: 10491 RequestorUid: 10491 RequestorPkg: com.andrerinas.headunitrevived UnderlyingNetworks: Null] ]
08-31 17:29:12.182 D/UntrustedWifiNetworkFactory( 1809): got request NetworkRequest [ REQUEST id=148776, [ Capabilities: INTERNET&NOT_RESTRICTED&TRUSTED&NOT_VCN_MANAGED Uid: 10491 RequestorUid: 10491 RequestorPkg: com.andrerinas.headunitrevived UnderlyingNetworks: Null] ]
08-31 17:29:12.183 D/OemPaidWifiNetworkFactory( 1809): got request NetworkRequest [ REQUEST id=148776, [ Capabilities: INTERNET&NOT_RESTRICTED&TRUSTED&NOT_VCN_MANAGED Uid: 10491 RequestorUid: 10491 RequestorPkg: com.andrerinas.headunitrevived UnderlyingNetworks: Null] ]
08-31 17:29:12.185 D/ConnectivityService( 1809): NetReassign [148776 : null → 408] [c 1] [a 3] [i 10]
08-31 17:29:12.185 D/MultiInternetWifiNetworkFactory( 1809): got request NetworkRequest [ REQUEST id=148776, [ Capabilities: INTERNET&NOT_RESTRICTED&TRUSTED&NOT_VCN_MANAGED Uid: 10491 RequestorUid: 10491 RequestorPkg: com.andrerinas.headunitrevived UnderlyingNetworks: Null] ]
08-31 17:29:12.188 I/OPENHU  (24106): [2] HomeFragment.onResume | HomeFragment: onResume. isConnected=false
08-31 17:29:12.226 D/CompatibilityChangeReporter(24106): Compat change id reported: 171228096; UID 10491; state: ENABLED
08-31 17:29:12.257 D/CompatibilityChangeReporter(24106): Compat change id reported: 237531167; UID 10491; state: DISABLED
08-31 17:29:12.262 D/ViewRootImpl(24106): update {(0,0)(wrapxwrap) gr=CENTER sim={adjust=pan forwardNavigation} ty=APPLICATION fmt=TRANSLUCENT wanim=0x7f140002
08-31 17:29:12.262 D/ViewRootImpl(24106):   fl=DIM_BEHIND ALT_FOCUSABLE_IM SPLIT_TOUCH HARDWARE_ACCELERATED
08-31 17:29:12.262 D/ViewRootImpl(24106):   bhv=DEFAULT
08-31 17:29:12.262 D/ViewRootImpl(24106):   fitTypes=STATUS_BARS NAVIGATION_BARS CAPTION_BAR} by setView
08-31 17:29:12.274 W/AccessibilityWindowsPopulator( 1809): The displayInfo of this displayId (0) called back from the surface fligner is null
08-31 17:29:12.282 D/ViewRootImpl(24106): update {(0,0)(fillxfill) sim={state=always_hidden adjust=pan forwardNavigation} layoutInDisplayCutoutMode=shortEdges ty=BASE_APPLICATION wanim=0x10302fe
08-31 17:29:12.282 D/ViewRootImpl(24106):   fl=KEEP_SCREEN_ON LAYOUT_IN_SCREEN LAYOUT_INSET_DECOR SPLIT_TOUCH HARDWARE_ACCELERATED DRAWS_SYSTEM_BAR_BACKGROUNDS
08-31 17:29:12.282 D/ViewRootImpl(24106):   pfl=NO_MOVE_ANIMATION FORCE_DRAW_STATUS_BAR_BACKGROUND FIT_INSETS_CONTROLLED
08-31 17:29:12.282 D/ViewRootImpl(24106):   bhv=DEFAULT
08-31 17:29:12.282 D/ViewRootImpl(24106):   fitSides=} by setView
08-31 17:29:12.285 W/WindowManager( 1809): Failed looking up window session=Session{4a1b04d 24106:u0a10491} callers=com.android.server.wm.WindowManagerService.windowForClientLocked:6543 com.android.server.wm.Session.updateRequestedVisibleTypes:735 android.view.IWindowSession$Stub.onTransact:1093 
08-31 17:29:12.285 W/WindowManager( 1809): win is null client=android.os.BinderProxy@f79c26f
08-31 17:29:12.288 W/AccessibilityWindowsPopulator( 1809): The displayInfo of this displayId (0) called back from the surface fligner is null
08-31 17:29:12.296 W/InputManager-JNI( 1809): Input channel object '675a50 com.andrerinas.headunitrevived/com.andrerinas.openheadunit.main.MainActivity (client)' was disposed without first being removed with the input manager!
08-31 17:29:12.302 I/Choreographer(24106): Skipped 381 frames!  The application may be doing too much work on its main thread.
08-31 17:29:12.314 D/CoreBackPreview( 1809): Window{efcb7c u0 com.andrerinas.headunitrevived/com.andrerinas.openheadunit.main.MainActivity}: Setting back callback OnBackInvokedCallbackInfo{mCallback=android.window.IOnBackInvokedCallback$Stub$Proxy@504f381, mPriority=0, mIsAnimationCallback=false}
08-31 17:29:12.314 I/adbd    (15414): adbd service requested 'shell,v2,TERM=xterm-256color,raw:dumpsys activity activities'
08-31 17:29:12.335 W/AccessibilityWindowsPopulator( 1809): The displayInfo of this displayId (0) called back from the surface fligner is null
08-31 17:29:12.377 D/CompatibilityChangeReporter( 1809): Compat change id reported: 168419799; UID 1000; state: DISABLED
08-31 17:29:12.378 D/CompatibilityChangeReporter( 1809): Compat change id reported: 273564678; UID 1000; state: DISABLED
08-31 17:29:12.379 D/CompatibilityChangeReporter( 1809): Compat change id reported: 184838306; UID 1000; state: DISABLED
08-31 17:29:12.379 D/CompatibilityChangeReporter( 1809): Compat change id reported: 185004937; UID 1000; state: DISABLED
08-31 17:29:12.382 D/CompatibilityChangeReporter( 1809): Compat change id reported: 168419799; UID 10169; state: DISABLED
08-31 17:29:12.382 D/CompatibilityChangeReporter( 1809): Compat change id reported: 273564678; UID 10169; state: DISABLED
08-31 17:29:12.383 D/CompatibilityChangeReporter( 1809): Compat change id reported: 184838306; UID 10169; state: DISABLED
08-31 17:29:12.384 D/CompatibilityChangeReporter( 1809): Compat change id reported: 185004937; UID 10169; state: DISABLED
08-31 17:29:12.386 D/CompatibilityChangeReporter( 1809): Compat change id reported: 168419799; UID 10334; state: DISABLED
08-31 17:29:12.386 D/CompatibilityChangeReporter( 1809): Compat change id reported: 273564678; UID 10334; state: DISABLED
08-31 17:29:12.391 D/CompatibilityChangeReporter( 1809): Compat change id reported: 168419799; UID 10184; state: DISABLED
08-31 17:29:12.391 D/CompatibilityChangeReporter( 1809): Compat change id reported: 273564678; UID 10184; state: DISABLED
08-31 17:29:12.392 D/CompatibilityChangeReporter( 1809): Compat change id reported: 184838306; UID 10184; state: DISABLED
08-31 17:29:12.393 D/CompatibilityChangeReporter( 1809): Compat change id reported: 185004937; UID 10184; state: DISABLED
08-31 17:29:12.393 D/CompatibilityChangeReporter( 1809): Compat change id reported: 168419799; UID 10219; state: DISABLED
08-31 17:29:12.394 D/CompatibilityChangeReporter( 1809): Compat change id reported: 273564678; UID 10219; state: DISABLED
08-31 17:29:12.395 D/CompatibilityChangeReporter( 1809): Compat change id reported: 184838306; UID 10219; state: DISABLED
08-31 17:29:12.395 D/CompatibilityChangeReporter( 1809): Compat change id reported: 185004937; UID 10219; state: DISABLED
08-31 17:29:12.395 D/CompatibilityChangeReporter( 1809): Compat change id reported: 168419799; UID 10231; state: DISABLED
08-31 17:29:12.396 D/CompatibilityChangeReporter( 1809): Compat change id reported: 273564678; UID 10231; state: DISABLED
08-31 17:29:12.397 D/CompatibilityChangeReporter( 1809): Compat change id reported: 184838306; UID 10231; state: DISABLED
08-31 17:29:12.397 D/CompatibilityChangeReporter( 1809): Compat change id reported: 185004937; UID 10231; state: DISABLED
08-31 17:29:12.398 D/CompatibilityChangeReporter( 1809): Compat change id reported: 168419799; UID 10429; state: DISABLED
08-31 17:29:12.398 D/CompatibilityChangeReporter( 1809): Compat change id reported: 273564678; UID 10429; state: DISABLED
08-31 17:29:12.399 D/CompatibilityChangeReporter( 1809): Compat change id reported: 184838306; UID 10429; state: DISABLED
08-31 17:29:12.399 D/CompatibilityChangeReporter( 1809): Compat change id reported: 185004937; UID 10429; state: DISABLED
08-31 17:29:12.403 D/CompatibilityChangeReporter( 1809): Compat change id reported: 168419799; UID 10216; state: DISABLED
08-31 17:29:12.404 D/CompatibilityChangeReporter( 1809): Compat change id reported: 273564678; UID 10216; state: DISABLED
08-31 17:29:12.404 D/CompatibilityChangeReporter( 1809): Compat change id reported: 184838306; UID 10216; state: DISABLED
08-31 17:29:12.405 D/CompatibilityChangeReporter( 1809): Compat change id reported: 185004937; UID 10216; state: DISABLED
08-31 17:29:12.468 V/WindowManager( 1809): Sent Transition #17704 createdAt=08-31 17:29:02.594 via request=TransitionRequestInfo { type = 1, triggerTask = TaskInfo{userId=0 taskId=2847 displayId=0 isRunning=true baseIntent=Intent { act=android.intent.action.MAIN cat=[android.intent.category.LAUNCHER] flg=0x10200000 cmp=com.andrerinas.headunitrevived/com.andrerinas.openheadunit.main.MainActivity } baseActivity=ComponentInfo{com.andrerinas.headunitrevived/com.andrerinas.openheadunit.main.MainActivity} topActivity=ComponentInfo{com.andrerinas.headunitrevived/com.andrerinas.openheadunit.main.MainActivity} origActivity=null realActivity=ComponentInfo{com.andrerinas.headunitrevived/com.andrerinas.openheadunit.main.MainActivity} numActivities=1 lastActiveTime=2479632701 supportsMultiWindow=true supportsGlobalFreeform=true resizeMode=1 isResizeable=true isAppLocked=false canKillAndRestart=true isShowDecorCaptionWindowRequest=false minWidth=-1 minHeight=-1 defaultMinSize=220 token=WCT{RemoteToken{76df780 Task{27e5c60 #2847 type=standard A=10491:com.andrerinas.headunitrevived}}} topActivityType=1 pictureInPictureParams=null shouldDockBigOverlays=false launchIntoPipHostTaskId=-1 lastParentTaskIdBeforePip=-1 displayCutoutSafeInsets=Rect(0, 100 - 0, 0) topActivityInfo=ActivityInfo{83b91b9 com.andrerinas.openheadunit.main.MainActivity} launchCookies=[] positionInParent=Point(0, 0) parentTaskId=-1 isFocused=false isVisible=false isVisibleRequested=false isSleeping=true topActivityInSizeCompat=false topActivityEligibleForLetterboxEducation= false topActivityLetterboxed= false isFromDoubleTap= false topActivityLetterboxVerticalPosition= -1 topActivityLetterboxHorizontalPosition= -1 topActivityLetterboxWidth=-1 topActivityLetterboxHeight=-1 locusId=null displayAreaFeatureId=1 cameraCompatControlState=hidden}, remoteTransition = null, displayChange = null, flags = 0 }
08-31 17:29:12.469 V/WindowManager( 1809):     startWCT=WindowContainerTransaction { changes = {} hops = [] errorCallbackToken=null taskFragmentOrganizer=null }
08-31 17:29:12.469 V/WindowManager( 1809):     info={id=17704 t=OPEN f=0x40 trk=0 r=[] c=[]}
08-31 17:29:12.471 V/WindowManagerShell( 2649): onTransitionReady android.os.BinderProxy@9e363ff: {id=17704 t=OPEN f=0x40 trk=0 r=[] c=[]}
08-31 17:29:12.471 V/WindowManagerShell( 2649): No transition roots in (#17704)android.os.BinderProxy@9e363ff@0 so abort
08-31 17:29:12.474 V/WindowManagerShell( 2649): Transition animation finished (aborted=true), notifying core (#17704)android.os.BinderProxy@9e363ff@0
08-31 17:29:12.481 V/WindowManager( 1809): Finish Transition #17704: created at 08-31 17:29:02.594 collect-started=0.051ms request-sent=11.523ms started=20.322ms ready=172.337ms sent=9872.599ms finished=9881.077ms
08-31 17:29:12.483 V/WindowManagerShell( 2649): Track 0 became idle
08-31 17:29:12.483 V/WindowManagerShell( 2649): All active transition animations finished
08-31 17:29:12.495 I/AdrenoGLES-0(24106): QUALCOMM build                   : 82d27a90b3, I4ee8f6bced
08-31 17:29:12.495 I/AdrenoGLES-0(24106): Build Date                       : 07/12/23
08-31 17:29:12.495 I/AdrenoGLES-0(24106): OpenGL ES Shader Compiler Version: EV031.35.01.12
08-31 17:29:12.495 I/AdrenoGLES-0(24106): Local Branch                     : 
08-31 17:29:12.495 I/AdrenoGLES-0(24106): Remote Branch                    : refs/tags/AU_LINUX_ANDROID_LA.UM.9.14.11.00.00.571.148
08-31 17:29:12.495 I/AdrenoGLES-0(24106): Remote Branch                    : NONE
08-31 17:29:12.495 I/AdrenoGLES-0(24106): Reconstruct Branch               : NOTHING
08-31 17:29:12.496 I/AdrenoGLES-0(24106): Build Config                     : S P 10.0.7 AArch64
08-31 17:29:12.496 I/AdrenoGLES-0(24106): Driver Path                      : /vendor/lib64/egl/libGLESv2_adreno.so
08-31 17:29:12.513 I/AdrenoGLES-0(24106): PFP: 0x016ee201, ME: 0x00000000
08-31 17:29:12.514 W/AccessibilityWindowsPopulator( 1809): The displayInfo of this displayId (0) called back from the surface fligner is null
08-31 17:29:12.545 I/OpenGLRenderer(24106): setGrContext nullptr-->validptr
08-31 17:29:12.547 E/OpenGLRenderer(24106): Unable to match the desired swap behavior.
08-31 17:29:12.552 W/AccessibilityWindowsPopulator( 1809): The displayInfo of this displayId (0) called back from the surface fligner is null
08-31 17:29:12.620 I/LaunchCheckinHandler( 1809): MotoDisplayed com.andrerinas.headunitrevived/com.andrerinas.openheadunit.main.MainActivity,cp,ca,4233
08-31 17:29:12.620 W/ActivityTaskManager( 1809): activity boost didn't release as expected
08-31 17:29:12.626 I/OPENHU  (24106): [2] AapService.onCreate | AapService creating...
08-31 17:29:12.628 D/CompatibilityChangeReporter(24106): Compat change id reported: 160794467; UID 10491; state: ENABLED
08-31 17:29:12.634 I/OpenGLRenderer(24106): Davey! duration=3501ms; Flags=1, FrameTimelineVsyncId=284569783, IntendedVsync=1163209592921425, Vsync=1163212767921298, InputEventId=0, HandleInputStart=1163212774071476, AnimationStart=1163212774079757, PerformTraversalsStart=1163212774236997, DrawStart=1163213019266371, FrameDeadline=1163209608921425, FrameInterval=1163212773681319, FrameStartTime=8333333, SyncQueued=1163213035177882, SyncStart=1163213035882048, IssueDrawCommandsStart=1163213036887205, SwapBuffers=1163213088444861, FrameCompleted=1163213094710173, DequeueBufferDuration=20946927, QueueBufferDuration=343386, GpuCompleted=1163213094710173, SwapBuffersCompleted=1163213089322257, DisplayPresentTime=0, CommandSubmissionCompleted=1163213088444861, 
08-31 17:29:12.638 D/CompatibilityChangeReporter( 1809): Compat change id reported: 170668199; UID 10491; state: ENABLED
08-31 17:29:12.641 D/CompatibilityChangeReporter(24106): Compat change id reported: 263076149; UID 10491; state: ENABLED
08-31 17:29:12.650 W/libc    (24106): Access denied finding property "persist.vendor.bt.mac"
08-31 17:29:12.650 W/libc    (24106): Access denied finding property "ro.boot.btmacaddr"
08-31 17:29:12.650 W/libc    (24106): Access denied finding property "vendor.bt.bdaddr"
08-31 17:29:12.646 W/headunitrevived(24106): type=1400 audit(0.0:161432): avc:  denied  { read } for  name="u:object_r:bluetooth_prop:s0" dev="tmpfs" ino=11014 scontext=u:r:untrusted_app:s0:c235,c257,c512,c768 tcontext=u:object_r:bluetooth_prop:s0 tclass=file permissive=0 app=com.andrerinas.headunitrevived
08-31 17:29:12.651 W/adbd    (15414): timed out while waiting for FUNCTIONFS_BIND, trying again
08-31 17:29:12.651 I/adbd    (15414): UsbFfs: connection terminated: monitor thread finished
08-31 17:29:12.653 D/UiModeManager( 1809): enableCarMode: enabled at priority=0, packageName=com.andrerinas.headunitrevived
08-31 17:29:12.654 D/CentralSurfaces( 2649): Received new disable state: Old: enaihbcRso.qingr | New: enaihbcRso.qingr (changed: .)
08-31 17:29:12.655 I/Telecom ( 1809): SystemStateHelper: ENTER_CAR_MODE_PRIORITIZED; priority=0, pkg=com.andrerinas.headunitrevived: SSH.oR@Huo
08-31 17:29:12.655 I/Telecom ( 1809): SystemStateHelper: Entering carmode: SSH.oR@Huo
08-31 17:29:12.655 V/UiModeManager( 1809): updateLocked: preparing broadcast: action=android.app.action.ENTER_CAR_MODE enable=0x00000000 disable=0x00000000
08-31 17:29:12.656 D/UiModeManager( 1809): updateConfigurationLocked: mDockState=0; mCarMode=true; mNightMode=2; mNightModeCustomType=-1; uiMode=35
08-31 17:29:12.657 I/Telecom ( 1809): InCallController: handleCarModeChange: packageName=com.andrerinas.headunitrevived, priority=0, isCarMode=true: SSH.oR@Huo
08-31 17:29:12.657 I/Telecom ( 1809): InCallController: getComponents, pkgname: com.andrerinas.headunitrevived comp: null userid: 0 requestedType: 3: SSH.oR@Huo
08-31 17:29:12.658 I/Telecom ( 1809): InCallController: handleCarModeChange: not a valid InCallService; packageName=com.andrerinas.headunitrevived: SSH.oR@Huo
08-31 17:29:12.661 I/headunitrevived(24106): Compiler allocated 4592KB to compile void android.view.ViewRootImpl.performTraversals()
08-31 17:29:12.662 V/UiModeManager( 1809): Handling broadcast result for action android.app.action.ENTER_CAR_MODE: enable=0x00000000, disable=0x00000000, category=null
08-31 17:29:12.662 D/UiModeManager( 1809): updateConfigurationLocked: mDockState=0; mCarMode=true; mNightMode=2; mNightModeCustomType=-1; uiMode=35
08-31 17:29:12.663 I/ActivityTaskManager( 1809): Config changes=200 {1.0 732mcc111mnc [en_US] ldltr sw411dp w411dp h852dp 420dpi nrml long layoutCompatNeeded widecg port car night finger -keyb/v/h -nav/h winConfig={ mBounds=Rect(0, 0 - 1080, 2400) mAppBounds=Rect(0, 100 - 1080, 2337) mMaxBounds=Rect(0, 0 - 1080, 2400) mDisplayRotation=ROTATION_0 mWindowingMode=fullscreen mDisplayWindowingMode=fullscreen mActivityType=undefined mAlwaysOnTop=undefined mRotation=ROTATION_0} as.2 s.38428 fontWeightAdjustment=0 spntigo gidnull}
08-31 17:29:12.664 I/AppsFilter( 1809): interaction: PackageSetting{7d7d7ba com.andrerinas.headunitrevived/10491} -> PackageSetting{e7db66b com.motorola.motosignature.app/10124} BLOCKED
08-31 17:29:12.684 I/adbd    (15414): opening control endpoint /dev/usb-ffs/adb/ep0
08-31 17:29:12.687 I/OPENHU  (24106): [2] AapService.registerReceivers | Registered runtime MEDIA_BUTTON receiver
08-31 17:29:12.688 I/OPENHU  (24106): [2] AapService.registerReceivers | Registered dynamic WiFi Auto-start receiver
08-31 17:29:12.690 I/OPENHU  (24106): [2] AapService.registerReceivers | Registered wake detection receiver (18 actions)
08-31 17:29:12.697 I/MediaSessionStack( 1809): addSession to bottom of stack | record: com.andrerinas.headunitrevived/HeadunitRevived (userId=0)
08-31 17:29:12.713 I/WindowManager( 1809): Override config changes=200 {1.0 732mcc111mnc [en_US] ldltr sw411dp w411dp h852dp 420dpi nrml long layoutCompatNeeded widecg port car night finger -keyb/v/h -nav/h winConfig={ mBounds=Rect(0, 0 - 1080, 2400) mAppBounds=Rect(0, 100 - 1080, 2337) mMaxBounds=Rect(0, 0 - 1080, 2400) mDisplayRotation=ROTATION_0 mWindowingMode=fullscreen mDisplayWindowingMode=fullscreen mActivityType=undefined mAlwaysOnTop=undefined mRotation=ROTATION_0} as.2 s.38428 fontWeightAdjustment=0 spntigo gidnull} for displayId=0
08-31 17:29:12.715 D/PowerManagerService( 1809): nativeSetPowerMode ret:true mode:5 enabled:true duration ms: 0
08-31 17:29:12.715 V/WindowManagerShell( 2649): Transition requested: android.os.BinderProxy@55822b8 TransitionRequestInfo { type = 6, triggerTask = null, remoteTransition = null, displayChange = null, flags = 0 }
08-31 17:29:12.715 I/QTI PowerHAL( 1097): Power setMode: 5 to: 1
08-31 17:29:12.717 D/CompatibilityChangeReporter( 1809): Compat change id reported: 184838306; UID 10491; state: DISABLED
08-31 17:29:12.717 D/CompatibilityChangeReporter( 1809): Compat change id reported: 185004937; UID 10491; state: DISABLED
08-31 17:29:12.730 D/CompatibilityChangeReporter( 1809): Compat change id reported: 197654537; UID 1000; state: ENABLED
08-31 17:29:12.730 D/CompatibilityChangeReporter( 1809): Compat change id reported: 197654537; UID 10169; state: ENABLED
08-31 17:29:12.745 I/BpBinder( 1161): onLastStrongRef automatically unlinking death recipients: 
08-31 17:29:12.756 W/AccessibilityWindowsPopulator( 1809): The displayInfo of this displayId (0) called back from the surface fligner is null
08-31 17:29:12.757 I/AppBase (20765): AppBase.onConfigurationChanged():283 onConfigurationChanged() : NewConfig = {1.0 732mcc111mnc [en_US] ldltr sw411dp w411dp h852dp 420dpi nrml long layoutCompatNeeded widecg port car night finger -keyb/v/h -nav/h winConfig={ mBounds=Rect(0, 0 - 1080, 2400) mAppBounds=Rect(0, 100 - 1080, 2337) mMaxBounds=Rect(0, 0 - 1080, 2400) mDisplayRotation=ROTATION_0 mWindowingMode=fullscreen mDisplayWindowingMode=fullscreen mActivityType=undefined mAlwaysOnTop=undefined mRotation=ROTATION_0} as.2 s.38527 fontWeightAdjustment=0 spntigo gidnull}
08-31 17:29:12.768 I/ProviderWidgetComponent_19740_19740(19740): onConfigurationChanged newConfig: {1.0 732mcc111mnc [en_US] ldltr sw411dp w411dp h852dp 420dpi nrml long layoutCompatNeeded widecg port car night finger -keyb/v/h -nav/h winConfig={ mBounds=Rect(0, 0 - 1080, 2400) mAppBounds=Rect(0, 100 - 1080, 2337) mMaxBounds=Rect(0, 0 - 1080, 2400) mDisplayRotation=ROTATION_0 mWindowingMode=fullscreen mDisplayWindowingMode=fullscreen mActivityType=undefined mAlwaysOnTop=undefined mRotation=ROTATION_0} as.2 s.38473 fontWeightAdjustment=0 spntigo gidnull}
08-31 17:29:12.773 I/GoogleInputMethodService(20765): GoogleInputMethodService.onConfigurationChanged():1207 onConfigurationChanged() : NewConfig = {1.0 732mcc111mnc [en_US] ldltr sw411dp w411dp h852dp 420dpi nrml long layoutCompatNeeded widecg port car night finger -keyb/v/h -nav/h winConfig={ mBounds=Rect(0, 0 - 1080, 2400) mAppBounds=Rect(0, 100 - 1080, 2337) mMaxBounds=Rect(0, 0 - 1080, 2400) mDisplayRotation=ROTATION_0 mWindowingMode=fullscreen mDisplayWindowingMode=fullscreen mActivityType=undefined mAlwaysOnTop=undefined mRotation=ROTATION_0} as.2 s.38428 fontWeightAdjustment=0 spntigo gidnull}
08-31 17:29:12.774 E/MediaSyncManager_19740_19740(19740): onActiveSessionsChanged controllerSize=0 controllerAndCaback.size=0
08-31 17:29:12.774 I/GoogleInputMethodService(20765): GoogleInputMethodService.onConfigurationChanged():1208 device real metrics: DisplayMetrics{density=2.625, width=1080, height=2400, scaledDensity=2.625, xdpi=422.03, ydpi=420.413}
08-31 17:29:12.781 I/GoogleInputMethodService(20765): GoogleInputMethodService.onConfigurationChanged():1232 Maybe update OEM conditional config because of configuration change
08-31 17:29:12.783 E/MediaSyncManager_19740_19740(19740): onActiveSessionsChanged controllerSize=1 controllerAndCaback.size=0
08-31 17:29:12.783 I/InputMethodEntryManager(20765): InputMethodEntryManager.notifyCurrentInputMethodEntryOnContextChanged():607 notifyCurrentInputMethodEntryOnContextChanged()
08-31 17:29:12.783 I/InputMethodEntryManager(20765): InputMethodEntryManager.notifyCurrentInputMethodEntryOnContextChanged():624 Notify current input method entry changed on context change
08-31 17:29:12.784 I/MediaSyncManager_19740_19740(19740): onActiveSessionsChanged packageName:com.andrerinas.headunitrevived isInBlackList:false
08-31 17:29:12.789 I/KeyboardContextProvider(20765): KeyboardContextProvider$KeyboardContextCache.createKeyboardContext():173 createKeyboardContext(): es-419, nka@aa96fdb(com.android.inputmethod.latin.LatinIME@b95ee2d), {1.0 732mcc111mnc [es_419] ldltr sw411dp w411dp h852dp 420dpi nrml long layoutCompatNeeded widecg port car night finger -keyb/v/h -nav/h winConfig={ mBounds=Rect(0, 0 - 1080, 2400) mAppBounds=Rect(0, 100 - 1080, 2337) mMaxBounds=Rect(0, 0 - 1080, 2400) mDisplayRotation=ROTATION_0 mWindowingMode=fullscreen mDisplayWindowingMode=fullscreen mActivityType=undefined mAlwaysOnTop=undefined mRotation=ROTATION_0} as.2 s.38428 fontWeightAdjustment=0 spntigo gidnull}
08-31 17:29:12.789 I/GoogleInputMethodService(20765): GoogleInputMethodService.onCurrentInputMethodEntryChanged():2618 onCurrentInputMethodEntryChanged(): imeDefsChanged=false, entryLanguageVariantChanged=false, keyboardContextChanged=true
08-31 17:29:12.791 E/MediaSyncManager_19740_19740(19740): updateController packageName:com.andrerinas.headunitrevived playbackState:1 playbackState?.actions:565 playbackState:PlaybackState {state=STOPPED(1), position=0, buffered position=0, speed=0.0, updated=2479642878, actions=565, custom actions=[], active item id=-1, error=null}
08-31 17:29:12.794 I/OPENHU  (24106): [2] WifiLauncherManager.setActive | WifiLauncher: Initializing WiFi Mode: HELPER
08-31 17:29:12.796 I/SystemSubtypesReportModule2(20765): SystemSubtypesReportModule2$1.onCurrentInputMethodEntryChanged():115 entry: es-419, source: UNSPECIFIED
08-31 17:29:12.801 D/CompatibilityChangeReporter(24106): Compat change id reported: 270306772; UID 10491; state: ENABLED
08-31 17:29:12.803 I/KeyboardContextProvider(20765): KeyboardContextProvider.setBaseContextAndInvalidKeyboardContextCache():88 setBaseContextAndInvalidKeyboardContextCache(): com.android.inputmethod.latin.LatinIME@b95ee2d
08-31 17:29:12.805 W/AccessibilityWindowsPopulator( 1809): The displayInfo of this displayId (0) called back from the surface fligner is null
08-31 17:29:12.807 I/DeviceModeModule(20765): DeviceModeModule$2.onConfigurationChanged():85 Device mode 'car' by uiMode '3'
08-31 17:29:12.808 D/CompatibilityChangeReporter(24106): Compat change id reported: 235355681; UID 10491; state: ENABLED
08-31 17:29:12.809 I/OPENHU  (24106): [2] WirelessServer.start | WirelessServer: binding port 5288...
08-31 17:29:12.810 I/OPENHU  (24106): [2] WifiLauncherHelper.start | WifiLauncher: Using strategy NEARBY_DEVICES.
08-31 17:29:12.816 I/OPENHU  (24106): [2748] 1.invokeSuspend | Wireless Server listening on port 5288
08-31 17:29:12.825 I/OPENHU  (24106): [2748] WirelessServer.logLocalNetworkInterfaces | Interface: wlan0, IP: 192.168.1.5
08-31 17:29:12.840 I/OPENHU  (24106): [2] NearbyManager.start | NearbyManager: Starting Nearby (Discoverer only)...
08-31 17:29:12.843 I/OPENHU  (24106): [2] NearbyManager.startDiscovery | NearbyManager: Requesting Discovery with SERVICE_ID: com.andrerinas.openhu (Strategy: P2P_POINT_TO_POINT)
08-31 17:29:12.844 V/WindowManagerShell( 2649): Display changed: 0
08-31 17:29:12.857 D/CompatibilityChangeReporter( 1809): Compat change id reported: 319212206; UID 10491; state: ENABLED
08-31 17:29:12.859 I/OPENHU  (24106): [2] AapService.registerNetworkMonitor | NetworkMonitor: Registered network change listener
08-31 17:29:12.863 I/NotifySyncService_19740_20766(19740): MSG_NOTIFY_POSTED 
08-31 17:29:12.863 I/NotifySyncService_19740_20766(19740): onNotificationPosted Id:1 key:0|com.andrerinas.headunitrevived|1|null|10491 PackageName:com.andrerinas.headunitrevived IsOngoing:true PostTime:1788215352640 currentDeviceModel.connected: false
08-31 17:29:12.864 I/OPENHU  (24106): [2751] 1.onAvailable | NetworkMonitor: Network available: 408
08-31 17:29:12.864 I/NotifyLogUtils_19740_25229(19740): isIgnoringBatteryOptimizations true
08-31 17:29:12.865 D/ConnectivityService( 1809): NetReassign [no changes] [c 0] [a 3] [i 4]
08-31 17:29:12.866 I/InputMethodEntryManager(20765): InputMethodEntryManager.resetLanguages():2905 resetLanguages() debounced: languages=null, conditionName=device
08-31 17:29:12.867 I/ImeDefCache(20765): ImeDefCache.clearCacheForLanguages():340 clearCacheForLanguages: languagesToClear=null, conditionName=device
08-31 17:29:12.868 I/AdditionalImeDefCache(20765): AdditionalImeDefCache.clearAdditionalImeDefsForCondition():303 clearAdditionalImeDefsForCondition() clear additional ImeDefs: [ose{languageTag=es-419, variant=spanish, hasLocalizedResources=true, conditionCacheKey=_android_software_xr_api_spatial=false_device=phone_device_size=default_enable_free_cursor_by_long_press_space=true_enable_number_row=false_enable_number_row_in_password=true_enable_pk_simulator=false_enable_pk_simulator_setting=false_enable_scrub_move=true_enable_secondary_digits=true_enable_secondary_symbols=false_enable_simplified_expression_keyboard=false_expressions=normal_four_or_more_letter_rows=false_free_cursor=false_free_cursor_in_split_keyboard_gap=false_keyboard_font_size_setting=_keyboard_mode=normal_language=es-419_layout_9key_split=false_orientation=portrait_physical_keyboard=nokeys_pk_simulator_vk_ready=false_pref_enable_flick_symbols=false_rtl_layout=false_show_comma_key=true_show_period_key=true_show_secondary_digits=true_show_suggestion_strip=true_show_suggestions=true_split_with_duplicate_keys=true_true=true_variant=spanish_writing_helper_enable_by_word_revert=false, imeDef.stringId=ime_spanish_latin_america, imeDef.className=com.google.android.apps.inputmethod.libs.latin5.LatinIme, imeDef.languageTag=es-419}]
08-31 17:29:12.868 I/InputMethodEntryManager(20765): InputMethodEntryManager.startLoadingInputMethodEntrySettings():814 Start loading input method entry settings: [LanguageTagVariantTuple{languageTag=es-419, variant=spanish}, LanguageTagVariantTuple{languageTag=en-US, variant=qwerty}]
08-31 17:29:12.869 I/MotoDesktopLog(20909): [ NotificationMonitorService ] - onNotificationPosted: Notification(channel=headunit_service_v2 shortcut=null contentView=null vibrate=null sound=null defaults=0x0 flags=0x62 color=0x00000000 actions=1 vis=PRIVATE)
08-31 17:29:12.870 I/InputMethodEntryManager(20765): InputMethodEntryManager.updateInputMethodEntrySettingsLoadingTask():944 update loading task with resetImplicitlyEnabledEntries is false
08-31 17:29:12.871 I/GoogleInputMethodService(20765): GoogleInputMethodService.onConfigurationChanged():1250 changedMask : 200
08-31 17:29:12.871 I/GoogleInputMethodService(20765): GoogleInputMethodService.clearInputMethodServiceData():1193 clearInputMethodServiceData for configurationChange
08-31 17:29:12.871 I/NotifySyncService_19740_20766(19740): onNotificationPosted Id:1 , appName : Open Headunit
08-31 17:29:12.871 I/NotifySyncService_19740_20766(19740): isFlagNoClearNotification flag = 98
08-31 17:29:12.872 I/NoBackGesture( 2649): NavbarController: newConfig={1.0 732mcc111mnc [en_US] ldltr sw411dp w411dp h852dp 420dpi nrml long layoutCompatNeeded widecg port car night finger -keyb/v/h -nav/h winConfig={ mBounds=Rect(0, 0 - 1080, 2400) mAppBounds=Rect(0, 100 - 1080, 2337) mMaxBounds=Rect(0, 0 - 1080, 2400) mDisplayRotation=ROTATION_0 mWindowingMode=fullscreen mDisplayWindowingMode=fullscreen mActivityType=undefined mAlwaysOnTop=undefined mRotation=ROTATION_0} as.2 s.38525 fontWeightAdjustment=0 spntigo gidnull} mTaskbarDelegate initialized=false willApplyConfigToNavbars=true navBarCount=1
08-31 17:29:12.872 W/WindowOnBackDispatcher( 2649): sendCancelIfRunning: isInProgress=falsecallback=android.view.ViewRootImpl$$ExternalSyntheticLambda17@f34b504
08-31 17:29:12.872 D/CoreBackPreview( 1809): Window{4260f61 u0 NavigationBar0}: Setting back callback null
08-31 17:29:12.872 I/NotifySyncService_19740_20766(19740):  isOngoing = true isIncomingCall = false
08-31 17:29:12.873 I/GoogleInputMethodService(20765): GoogleInputMethodService.discardAllKeyboardViewAndInputView():1447 discardAllKeyboardViewAndInputView()
08-31 17:29:12.873 I/AbstractOpenableExtension(20765): AbstractOpenableExtension.maybeDestroyExistingKeyboardGroupManager():552 Destroy existing keyboard group manager in ixy
08-31 17:29:12.874 I/AbstractOpenableExtension(20765): AbstractOpenableExtension$3.onSuccess():572 KeyboardGroupManager destroyed in ixy.
08-31 17:29:12.874 I/AbstractOpenableExtension(20765): AbstractOpenableExtension.createKeyboardGroupManagerListenableFuture():122 Create keyboard group manager listenable future in ixy
08-31 17:29:12.874 I/Choreographer(24106): Skipped 66 frames!  The application may be doing too much work on its main thread.
08-31 17:29:12.875 I/AbstractOpenableExtension(20765): AbstractOpenableExtension.maybeDestroyExistingKeyboardGroupManager():552 Destroy existing keyboard group manager in ggk
08-31 17:29:12.875 I/AbstractOpenableExtension(20765): AbstractOpenableExtension$3.onSuccess():572 KeyboardGroupManager destroyed in ggk.
08-31 17:29:12.875 I/AbstractOpenableExtension(20765): AbstractOpenableExtension.createKeyboardGroupManagerListenableFuture():122 Create keyboard group manager listenable future in ggk
08-31 17:29:12.875 I/AbstractOpenableExtension(20765): AbstractOpenableExtension.maybeDestroyExistingKeyboardGroupManager():552 Destroy existing keyboard group manager in jbu
08-31 17:29:12.875 I/AbstractOpenableExtension(20765): AbstractOpenableExtension$3.onSuccess():572 KeyboardGroupManager destroyed in jbu.
08-31 17:29:12.875 I/AbstractOpenableExtension(20765): AbstractOpenableExtension.createKeyboardGroupManagerListenableFuture():122 Create keyboard group manager listenable future in jbu
08-31 17:29:12.877 I/WindowMetricsHelper(20765): WindowMetricsHelper.predictAndNotify():121 Window metrics predicted by cache.
08-31 17:29:12.878 I/GoogleInputMethodService(20765): GoogleInputMethodService.initializeInputMethodServiceData():914 initializeInputMethodServiceData for ose{languageTag=es-419, variant=spanish, hasLocalizedResources=true, conditionCacheKey=_android_software_xr_api_spatial=false_device=phone_device_size=default_enable_free_cursor_by_long_press_space=true_enable_number_row=false_enable_number_row_in_password=true_enable_pk_simulator=false_enable_pk_simulator_setting=false_enable_scrub_move=true_enable_secondary_digits=true_enable_secondary_symbols=false_enable_simplified_expression_keyboard=false_expressions=normal_four_or_more_letter_rows=false_free_cursor=false_free_cursor_in_split_keyboard_gap=false_keyboard_font_size_setting=_keyboard_mode=normal_language=es-419_layout_9key_split=false_orientation=portrait_physical_keyboard=nokeys_pk_simulator_vk_ready=false_pref_enable_flick_symbols=false_rtl_layout=false_show_comma_key=true_show_period_key=true_show_secondary_digits=true_show_suggestion_strip=true_show_suggestions=true_split_with_duplicate_keys=true_true=true_variant=spanish_writing_helper_enable_by_word_revert=false, imeDef.stringId=ime_spanish_latin_america, imeDef.className=com.google.android.apps.inputmethod.libs.latin5.LatinIme, imeDef.languageTag=es-419}
08-31 17:29:12.883 I/NotifySyncService_19740_20766(19740): MSG_NOTIFY_POSTED 
08-31 17:29:12.883 D/NavigationModeController( 2649): getCurrentUserContext: contextUser=0 currentUser=0
08-31 17:29:12.883 I/NotifySyncService_19740_20766(19740): onNotificationPosted Id:10 key:-1|android|10|null|1000 PackageName:android IsOngoing:true PostTime:1788215352655 currentDeviceModel.connected: false
08-31 17:29:12.886 I/MotoDesktopLog(20909): [ NotificationMonitorService ] - onNotificationPosted: Notification(channel=CAR_MODE shortcut=null contentView=null vibrate=null sound=null defaults=0x4 flags=0x803 color=0x00000000 vis=PRIVATE)
08-31 17:29:12.886 I/NotifyLogUtils_19740_25229(19740): isIgnoringBatteryOptimizations true
08-31 17:29:12.888 I/NotifySyncService_19740_20766(19740): onNotificationPosted Id:10 , appName : Android System
08-31 17:29:12.888 I/NotifySyncService_19740_20766(19740): isFlagNoClearNotification flag = 2051
08-31 17:29:12.888 I/NotifySyncService_19740_20766(19740):  isOngoing = true isIncomingCall = false
08-31 17:29:12.896 I/KeyboardGroupDefParser(20765): KeyboardGroupDefParser.parseKeyboardGroupDef():72 parseKeyboardGroupDef() 2132213855 -> 0_resource_name_obfuscated : WaitTime = 2 ms : RunTime = 17 ms
08-31 17:29:12.897 I/KeyboardGroupDefParser(20765): KeyboardGroupDefParser.parseKeyboardGroupDef():72 parseKeyboardGroupDef() 2132213854 -> 0_resource_name_obfuscated : WaitTime = 13 ms : RunTime = 5 ms
08-31 17:29:12.897 I/KeyboardThemeProvider(20765): KeyboardThemeProvider.applyKeyboardTheme():27 Apply keyboard theme: theme,!gsf,!pgsans,!pgsf,!use_system_font,BORDERLESS,FLAVOR_DPI=XXHDPI,KEYBOARD_WIDTH_CATEGORY=NORMAL,KEY_BORDER_SHAPE=0,LIGHT_THEME=false,PHYSICAL_DIAGONAL=6.0498686,POPUP,SCREEN_SHORTEST_WIDTH=411,SCREEN_SHORTEST_WIDTH_NO_SCALE=411,SW400DP,XXHDPI,bottom4dp,builtin_google_blue_dark.binarypb,enable_popup_on_keypress=true,keyboard_redesign_google_sans=true,non_linear_scale,noshadow,silkpopup
08-31 17:29:12.897 I/InputMethodEntryManager(20765): InputMethodEntryManager.getAdditionalImeDefs():2571 getAdditionalImeDefs() called, flag enabled: false, isUserUnlocked: true
08-31 17:29:12.897 I/InputMethodEntryManager(20765): InputMethodEntryManager.getAdditionalImeDefs():2579 OptimizeAdditionalImeDefLoadingFlag disabled, retrieving additional ImeDefs synchronously for entry: ose{languageTag=es-419, variant=spanish, hasLocalizedResources=true, conditionCacheKey=_android_software_xr_api_spatial=false_device=phone_device_size=default_enable_free_cursor_by_long_press_space=true_enable_number_row=false_enable_number_row_in_password=true_enable_pk_simulator=false_enable_pk_simulator_setting=false_enable_scrub_move=true_enable_secondary_digits=true_enable_secondary_symbols=false_enable_simplified_expression_keyboard=false_expressions=normal_four_or_more_letter_rows=false_free_cursor=false_free_cursor_in_split_keyboard_gap=false_keyboard_font_size_setting=_keyboard_mode=normal_language=es-419_layout_9key_split=false_orientation=portrait_physical_keyboard=nokeys_pk_simulator_vk_ready=false_pref_enable_flick_symbols=false_rtl_layout=false_show_comma_key=true_show_period_key=true_show_secondary_digits=true_show_suggestion_strip=true_show_suggestions=true_split_with_duplicate_keys=true_true=true_variant=spanish_writing_helper_enable_by_word_revert=false, imeDef.stringId=ime_spanish_latin_america, imeDef.className=com.google.android.apps.inputmethod.libs.latin5.LatinIme, imeDef.languageTag=es-419}
08-31 17:29:12.897 E/GoogleInputMethodService(20765): GoogleInputMethodService.initializeInputBundles():1043 No additional ImeDefs found for entry: ose{languageTag=es-419, variant=spanish, hasLocalizedResources=true, conditionCacheKey=_android_software_xr_api_spatial=false_device=phone_device_size=default_enable_free_cursor_by_long_press_space=true_enable_number_row=false_enable_number_row_in_password=true_enable_pk_simulator=false_enable_pk_simulator_setting=false_enable_scrub_move=true_enable_secondary_digits=true_enable_secondary_symbols=false_enable_simplified_expression_keyboard=false_expressions=normal_four_or_more_letter_rows=false_free_cursor=false_free_cursor_in_split_keyboard_gap=false_keyboard_font_size_setting=_keyboard_mode=normal_language=es-419_layout_9key_split=false_orientation=portrait_physical_keyboard=nokeys_pk_simulator_vk_ready=false_pref_enable_flick_symbols=false_rtl_layout=false_show_comma_key=true_show_period_key=true_show_secondary_digits=true_show_suggestion_strip=true_show_suggestions=true_split_with_duplicate_keys=true_true=true_variant=spanish_writing_helper_enable_by_word_revert=false, imeDef.stringId=ime_spanish_latin_america, imeDef.className=com.google.android.apps.inputmethod.libs.latin5.LatinIme, imeDef.languageTag=es-419}
08-31 17:29:12.897 I/InputBundle(20765): InputBundle.prefetchKeyboard():679 prefetchKeyboard: prime
08-31 17:29:12.899 I/KeyboardDefManager(20765): KeyboardDefManager.requestKeyboardDef():127 requestKeyboardDef(): type=prime, info=pot{defIds=[#0x7f170573, #0x7f17081f], defIdsCacheKey=2132215155,2132215839}
08-31 17:29:12.899 I/KeyboardDefManager(20765): KeyboardDefManager.requestKeyboardDef():194 requestKeyboardDef(): getOrCreate from cache, info=pot{defIds=[#0x7f170573, #0x7f17081f], defIdsCacheKey=2132215155,2132215839}
08-31 17:29:12.899 D/CompatibilityChangeReporter( 1809): Compat change id reported: 261072174; UID 10491; state: ENABLED
08-31 17:29:12.900 D/Surface ( 2649): Surface::disconnect
08-31 17:29:12.900 D/BufferQueueProducer( 2649): [VRI[NavigationBar0]#23269(BLAST Consumer)23269](id:a5900005b06,api:1,p:2649,c:2649) disconnect: api 1
08-31 17:29:12.903 I/KeyboardDefManager(20765): KeyboardDefManager$Companion$addFutureCallbackForKeyboardDefReceiver$<anonymous>.onSuccess():445 requestKeyboardDef onSuccess(): info=pot{defIds=[#0x7f170573, #0x7f17081f], defIdsCacheKey=2132215155,2132215839}
08-31 17:29:12.903 I/KeyboardGroupDefParser(20765): KeyboardGroupDefParser.parseKeyboardGroupDef():72 parseKeyboardGroupDef() 2132213851 -> 0_resource_name_obfuscated : WaitTime = 1 ms : RunTime = 22 ms
08-31 17:29:12.903 W/InputManager-JNI( 1809): Input channel object '4260f61 NavigationBar0 (client)' was disposed without first being removed with the input manager!
08-31 17:29:12.911 I/KeyboardInterfacePrivate(20765): IKeyboard.createKeyboard():71 Keyboard created from HiltKeyboardFactory: com.google.android.apps.inputmethod.latin.keyboard.LatinPrimeKeyboard
08-31 17:29:12.912 I/InputBundleManager(20765): InputBundleManager.loadActiveInputBundleId():552 loadActiveInputBundleId: es-419, ime_spanish_latin_america
08-31 17:29:12.915 D/DisplayManagerService( 1809): Ignore redundant display event 0/2 to 10356/10489
08-31 17:29:12.916 D/DisplayManagerService( 1809): Ignore redundant display event 0/2 to 10342/21940
08-31 17:29:12.916 I/ActivityTaskManager( 1809): Config changes=20000400 {1.0 732mcc111mnc [en_US] ldltr sw411dp w411dp h876dp 420dpi nrml long layoutCompatNeeded widecg port car night finger -keyb/v/h -nav/h winConfig={ mBounds=Rect(0, 0 - 1080, 2400) mAppBounds=Rect(0, 100 - 1080, 2400) mMaxBounds=Rect(0, 0 - 1080, 2400) mDisplayRotation=ROTATION_0 mWindowingMode=fullscreen mDisplayWindowingMode=fullscreen mActivityType=undefined mAlwaysOnTop=undefined mRotation=ROTATION_0} as.2 s.38533 fontWeightAdjustment=0 spntigo gidnull}
08-31 17:29:12.916 D/DisplayManagerService( 1809): Ignore redundant display event 0/2 to 10383/22256
08-31 17:29:12.916 D/DisplayManagerService( 1809): Ignore redundant display event 0/2 to 10326/22382
08-31 17:29:12.917 D/DisplayManagerService( 1809): Ignore redundant display event 0/2 to 10355/29589
08-31 17:29:12.923 W/PrimesLoggerHolder(20765): FrameMetricServiceImpl.start():170 measurement already started: MeasurementKey{rawStringEventName=null, noPiiEventName=OnConfigurationChanged, isActivity=false}
08-31 17:29:12.924 I/PhenotypeModule(20765): PhenotypeModule$2.onDeviceModeChanged():202 onDeviceModeChanged(): car
08-31 17:29:12.924 W/PhenotypeModule(20765): PhenotypeModule.isFormFactorMatched():457 Unmatched form factor: fetched=foldable, expected=phone
08-31 17:29:12.924 I/PhenotypeModule(20765): PhenotypeModule.maybeFetchAndUpdate():264 maybeFetchAndUpdate: start new task to fetch
08-31 17:29:12.938 D/Surface (24106): Surface::disconnect
08-31 17:29:12.938 D/BufferQueueProducer(24106): [VRI[MainActivity]#0(BLAST Consumer)0](id:5e2a00000000,api:1,p:24106,c:24106) disconnect: api 1
08-31 17:29:12.955 I/InputMethodEntryManager(20765): InputMethodEntryManager$4.onSuccess():966 Success load entries: [LanguageTagVariantTuple{languageTag=es-419, variant=spanish}, LanguageTagVariantTuple{languageTag=en-US, variant=qwerty}], resetImplicitlyEnabledEntries=false, initialized=true
08-31 17:29:12.959 I/ProviderWidgetComponent_19740_19740(19740): onConfigurationChanged newConfig: {1.0 732mcc111mnc [en_US] ldltr sw411dp w411dp h876dp 420dpi nrml long layoutCompatNeeded widecg port car night finger -keyb/v/h -nav/h winConfig={ mBounds=Rect(0, 0 - 1080, 2400) mAppBounds=Rect(0, 100 - 1080, 2400) mMaxBounds=Rect(0, 0 - 1080, 2400) mDisplayRotation=ROTATION_0 mWindowingMode=fullscreen mDisplayWindowingMode=fullscreen mActivityType=undefined mAlwaysOnTop=undefined mRotation=ROTATION_0} as.2 s.38578 fontWeightAdjustment=0 spntigo gidnull}
08-31 17:29:12.965 I/FontLog (10829): (REDACTED) Received query %s, URI %s
08-31 17:29:12.965 I/FontLog (10829): (REDACTED) Query [%s] resolved to %s
08-31 17:29:12.966 I/KeyboardContextProvider(20765): KeyboardContextProvider$KeyboardContextCache.createKeyboardContext():173 createKeyboardContext(): en-US, nka@8b7f58b(com.android.inputmethod.latin.LatinIME@b95ee2d), {1.0 732mcc111mnc [en_US] ldltr sw411dp w411dp h852dp 420dpi nrml long layoutCompatNeeded widecg port car night finger -keyb/v/h -nav/h winConfig={ mBounds=Rect(0, 0 - 1080, 2400) mAppBounds=Rect(0, 100 - 1080, 2337) mMaxBounds=Rect(0, 0 - 1080, 2400) mDisplayRotation=ROTATION_0 mWindowingMode=fullscreen mDisplayWindowingMode=fullscreen mActivityType=undefined mAlwaysOnTop=undefined mRotation=ROTATION_0} as.2 s.38428 fontWeightAdjustment=0 spntigo gidnull}
08-31 17:29:12.967 I/InputMethodEntryManager(20765): InputMethodEntryManager.changeCurrentInputMethodEntry():3177 Set current input method entry: source=UNSPECIFIED, entryChanged=true, enablePersist=true, ose{languageTag=es-419, variant=spanish, hasLocalizedResources=true, conditionCacheKey=_android_software_xr_api_spatial=false_device=car_device_size=default_enable_free_cursor_by_long_press_space=true_enable_number_row=false_enable_number_row_in_password=true_enable_pk_simulator=false_enable_pk_simulator_setting=false_enable_scrub_move=true_enable_secondary_digits=true_enable_secondary_symbols=false_enable_simplified_expression_keyboard=false_expressions=normal_four_or_more_letter_rows=false_free_cursor=false_free_cursor_in_split_keyboard_gap=false_keyboard_font_size_setting=_keyboard_mode=normal_language=es-419_layout_9key_split=false_orientation=portrait_physical_keyboard=nokeys_pk_simulator_vk_ready=false_pref_enable_flick_symbols=false_rtl_layout=false_show_comma_key=true_show_period_key=true_show_secondary_digits=true_show_suggestion_strip=true_show_suggestions=true_split_with_duplicate_keys=true_true=true_variant=spanish_writing_helper_enable_by_word_revert=false, imeDef.stringId=ime_spanish_latin_america, imeDef.className=com.google.android.apps.inputmethod.libs.latin5.LatinIme, imeDef.languageTag=es-419}
08-31 17:29:12.967 I/InputMethodEntryManager(20765): InputMethodEntryManager.loadAdditionalImeDefsForCurrentEntry():3210 loadAdditionalImeDefsForCurrentEntry(): ose{languageTag=es-419, variant=spanish, hasLocalizedResources=true, conditionCacheKey=_android_software_xr_api_spatial=false_device=car_device_size=default_enable_free_cursor_by_long_press_space=true_enable_number_row=false_enable_number_row_in_password=true_enable_pk_simulator=false_enable_pk_simulator_setting=false_enable_scrub_move=true_enable_secondary_digits=true_enable_secondary_symbols=false_enable_simplified_expression_keyboard=false_expressions=normal_four_or_more_letter_rows=false_free_cursor=false_free_cursor_in_split_keyboard_gap=false_keyboard_font_size_setting=_keyboard_mode=normal_language=es-419_layout_9key_split=false_orientation=portrait_physical_keyboard=nokeys_pk_simulator_vk_ready=false_pref_enable_flick_symbols=false_rtl_layout=false_show_comma_key=true_show_period_key=true_show_secondary_digits=true_show_suggestion_strip=true_show_suggestions=true_split_with_duplicate_keys=true_true=true_variant=spanish_writing_helper_enable_by_word_revert=false, imeDef.stringId=ime_spanish_latin_america, imeDef.className=com.google.android.apps.inputmethod.libs.latin5.LatinIme, imeDef.languageTag=es-419}
08-31 17:29:12.967 I/FontLog (10829): (REDACTED) Fetch %s end status %s
08-31 17:29:12.968 I/AdditionalImeDefCache(20765): AdditionalImeDefCache.loadAdditionalImeDefsForEntry():149 Start loading additional ime defs for entry: ose{languageTag=es-419, variant=spanish, hasLocalizedResources=true, conditionCacheKey=_android_software_xr_api_spatial=false_device=car_device_size=default_enable_free_cursor_by_long_press_space=true_enable_number_row=false_enable_number_row_in_password=true_enable_pk_simulator=false_enable_pk_simulator_setting=false_enable_scrub_move=true_enable_secondary_digits=true_enable_secondary_symbols=false_enable_simplified_expression_keyboard=false_expressions=normal_four_or_more_letter_rows=false_free_cursor=false_free_cursor_in_split_keyboard_gap=false_keyboard_font_size_setting=_keyboard_mode=normal_language=es-419_layout_9key_split=false_orientation=portrait_physical_keyboard=nokeys_pk_simulator_vk_ready=false_pref_enable_flick_symbols=false_rtl_layout=false_show_comma_key=true_show_period_key=true_show_secondary_digits=true_show_suggestion_strip=true_show_suggestions=true_split_with_duplicate_keys=true_true=true_variant=spanish_writing_helper_enable_by_word_revert=false, imeDef.stringId=ime_spanish_latin_america, imeDef.className=com.google.android.apps.inputmethod.libs.latin5.LatinIme, imeDef.languageTag=es-419}
08-31 17:29:12.971 I/FontLog (10829): (REDACTED) Pulling font file for id = %d, cache size = %d
08-31 17:29:12.975 I/FontLog (10829): (REDACTED) Pulling font file for id = %d, cache size = %d
08-31 17:29:12.976 I/WindowManager( 1809): Override config changes=20000400 {1.0 732mcc111mnc [en_US] ldltr sw411dp w411dp h876dp 420dpi nrml long layoutCompatNeeded widecg port car night finger -keyb/v/h -nav/h winConfig={ mBounds=Rect(0, 0 - 1080, 2400) mAppBounds=Rect(0, 100 - 1080, 2400) mMaxBounds=Rect(0, 0 - 1080, 2400) mDisplayRotation=ROTATION_0 mWindowingMode=fullscreen mDisplayWindowingMode=fullscreen mActivityType=undefined mAlwaysOnTop=undefined mRotation=ROTATION_0} as.2 s.38533 fontWeightAdjustment=0 spntigo gidnull} for displayId=0
08-31 17:29:12.977 E/PhenotypeModule(20765): PhenotypeModule.handlePhenotypeConfigurationUpdates():483 Get empty configurations.
08-31 17:29:12.981 D/CompatibilityChangeReporter( 1809): Compat change id reported: 197654537; UID 10491; state: ENABLED
08-31 17:29:12.995 V/WindowManagerShell( 2649): Display changed: 0
08-31 17:29:12.998 I/PerLanguageDataDownloader(20765): PerLanguageDataDownloader.downloadDataInternal():168 downloading Data for en
08-31 17:29:12.998 I/SP      (20765): Registering emoticon_content_description.2022081613, url: https://www.gstatic.com/android/keyboard/emoticon_content_desc/202208161305/superpacks_manifest.json, constraints: W:*:*:*, flags: bg, requested: 2022081613, current: 2022081613
08-31 17:29:13.000 I/ManifestedDataDownloader(20765): ManifestedDataDownloader.download():67 downloading manifest https://www.gstatic.com/android/keyboard/modelpack/proactiveek/embedding_gemma/2025120304/en_manifest.json
08-31 17:29:13.002 I/AppBase (20765): AppBase.onConfigurationChanged():283 onConfigurationChanged() : NewConfig = {1.0 732mcc111mnc [en_US] ldltr sw411dp w411dp h876dp 420dpi nrml long layoutCompatNeeded widecg port car night finger -keyb/v/h -nav/h winConfig={ mBounds=Rect(0, 0 - 1080, 2400) mAppBounds=Rect(0, 100 - 1080, 2400) mMaxBounds=Rect(0, 0 - 1080, 2400) mDisplayRotation=ROTATION_0 mWindowingMode=fullscreen mDisplayWindowingMode=fullscreen mActivityType=undefined mAlwaysOnTop=undefined mRotation=ROTATION_0} as.2 s.38632 fontWeightAdjustment=0 spntigo gidnull}
08-31 17:29:13.006 I/SP      (20765): Registering content_cache.2024032915, url: https://www.gstatic.com/android/keyboard/modelpack/contentcache/202403291544/superpacks_manifest.json, constraints: W:*:*:*, flags: bg, requested: 2024032915, current: 2024032915
08-31 17:29:13.011 I/QTI PowerHAL( 1097): Power setBoost: 0, duration: 0
08-31 17:29:13.014 W/AccessibilityWindowsPopulator( 1809): The displayInfo of this displayId (0) called back from the surface fligner is null
08-31 17:29:13.017 W/AccessibilityManagerService( 1809):  wait for adding window timeout: 16768
08-31 17:29:13.019 E/PhenotypeModule(20765): PhenotypeModule.commitConfigurationInternal():556 Failed to update configurations.
08-31 17:29:13.019 E/PhenotypeModule(20765): java.lang.IllegalStateException: Get empty configurations.
08-31 17:29:13.019 E/PhenotypeModule(20765): 	at qdk.a(PG:406)
08-31 17:29:13.019 E/PhenotypeModule(20765): 	at lsn.run(PG:712)
08-31 17:29:13.019 E/PhenotypeModule(20765): 	at java.util.concurrent.ThreadPoolExecutor.runWorker(ThreadPoolExecutor.java:1100)
08-31 17:29:13.019 E/PhenotypeModule(20765): 	at java.util.concurrent.ThreadPoolExecutor$Worker.run(ThreadPoolExecutor.java:624)
08-31 17:29:13.019 E/PhenotypeModule(20765): 	at java.lang.Thread.run(Thread.java:1572)
08-31 17:29:13.019 E/PhenotypeModule(20765): 	at ncl.run(PG:8)
08-31 17:29:13.020 E/PhenotypeModule(20765): PhenotypeModule.fetchAndUpdate():308 
08-31 17:29:13.020 E/PhenotypeModule(20765): java.lang.IllegalStateException: Get empty configurations.
08-31 17:29:13.020 E/PhenotypeModule(20765): 	at qdk.a(PG:406)
08-31 17:29:13.020 E/PhenotypeModule(20765): 	at lsn.run(PG:712)
08-31 17:29:13.020 E/PhenotypeModule(20765): 	at java.util.concurrent.ThreadPoolExecutor.runWorker(ThreadPoolExecutor.java:1100)
08-31 17:29:13.020 E/PhenotypeModule(20765): 	at java.util.concurrent.ThreadPoolExecutor$Worker.run(ThreadPoolExecutor.java:624)
08-31 17:29:13.020 E/PhenotypeModule(20765): 	at java.lang.Thread.run(Thread.java:1572)
08-31 17:29:13.020 E/PhenotypeModule(20765): 	at ncl.run(PG:8)
08-31 17:29:13.020 I/PhenotypeModule(20765): PhenotypeModule.handleResult():362 fetchAndUpdate() : Failure, hasFlags=false, fetchStatus=qdh[reason=DEVICE_FORM_FACTOR_CHANGED, timestamp=1788215352924, isFullFetch=false, success=false, fetchedFlagsCount=-1, deletedFlagsCount=-1, isEmpty=false, isDelta=true, totalTime=96, failureMessage=Unknown, registeredFormFactor=foldable, fetchedFormFactor=foldable, serverToken=CAMSZg1j15vyAAPvD7gZtByFPpYiyhMFBwf9BQfCAwefFg-9BgCyAweHAw8zDaQDD54FAEsEnQUOGg7tBeEFEh0G99ndAwS0DAQBBLsXBCkEAQS5H_YD0hcEIA9zA50DA7EADpAGDqQEDg==]
08-31 17:29:13.021 W/InputManager-JNI( 1809): Input channel object '[Gesture Monitor] sysui_input_dispatcher (client)' was disposed without first being removed with the input manager!
08-31 17:29:13.025 D/PowerManagerService( 1809): nativeSetPowerMode ret:true mode:5 enabled:false duration ms: 0
08-31 17:29:13.027 I/QTI PowerHAL( 1097): Power setMode: 5 to: 0
08-31 17:29:13.027 I/DownloadManager(20765): DownloadManager.completeDownload():434 Download for __PEKB_manifest_pek_blocklist__en scheduled with params plj[allowMetered=true, requireCharging=false, foreground=false, immediately=true, priority=0]
08-31 17:29:13.028 I/DownloadManager(20765): DownloadManager.startDownload():518 start download of __PEKB_manifest_pek_blocklist__en
08-31 17:29:13.031 I/DownloadManager(20765): DownloadManager$4.onSuccess():587 download for __PEKB_manifest_pek_blocklist__en is finished with files # tah@3e1ecb62
08-31 17:29:13.039 D/NavigationModeController( 2649): getCurrentInteractionMode: mode=2 contextUser=0
08-31 17:29:13.042 I/GoogleInputMethodService(20765): GoogleInputMethodService.onConfigurationChanged():1207 onConfigurationChanged() : NewConfig = {1.0 732mcc111mnc [en_US] ldltr sw411dp w411dp h876dp 420dpi nrml long layoutCompatNeeded widecg port car night finger -keyb/v/h -nav/h winConfig={ mBounds=Rect(0, 0 - 1080, 2400) mAppBounds=Rect(0, 100 - 1080, 2400) mMaxBounds=Rect(0, 0 - 1080, 2400) mDisplayRotation=ROTATION_0 mWindowingMode=fullscreen mDisplayWindowingMode=fullscreen mActivityType=undefined mAlwaysOnTop=undefined mRotation=ROTATION_0} as.2 s.38533 fontWeightAdjustment=0 spntigo gidnull}
08-31 17:29:13.042 I/SuperpacksManagerImpl(20765): SuperpacksManagerImpl$3$1.onSuccess():552 emoticon_content_description.registerManifest() succeeded
08-31 17:29:13.042 I/SuperpacksManagerImpl(20765): SuperpacksManagerImpl$3$1.onSuccess():552 content_cache.registerManifest() succeeded
08-31 17:29:13.042 I/GoogleInputMethodService(20765): GoogleInputMethodService.onConfigurationChanged():1208 device real metrics: DisplayMetrics{density=2.625, width=1080, height=2400, scaledDensity=2.625, xdpi=422.03, ydpi=420.413}
08-31 17:29:13.043 I/GoogleInputMethodService(20765): GoogleInputMethodService.onConfigurationChanged():1232 Maybe update OEM conditional config because of configuration change
08-31 17:29:13.043 I/InputMethodEntryManager(20765): InputMethodEntryManager.notifyCurrentInputMethodEntryOnContextChanged():607 notifyCurrentInputMethodEntryOnContextChanged()
08-31 17:29:13.044 I/InputMethodEntryManager(20765): InputMethodEntryManager.notifyCurrentInputMethodEntryOnContextChanged():616 Pending current entry is not null, current entry is notified after loading addition ime defs
08-31 17:29:13.044 I/KeyboardContextProvider(20765): KeyboardContextProvider.setBaseContextAndInvalidKeyboardContextCache():88 setBaseContextAndInvalidKeyboardContextCache(): com.android.inputmethod.latin.LatinIME@b95ee2d
08-31 17:29:13.045 I/DeviceModeModule(20765): DeviceModeModule$2.onConfigurationChanged():85 Device mode 'car' by uiMode '3'
08-31 17:29:13.045 I/GoogleInputMethodService(20765): GoogleInputMethodService.onConfigurationChanged():1250 changedMask : 20000400
08-31 17:29:13.045 I/GoogleInputMethodService(20765): GoogleInputMethodService.clearInputMethodServiceData():1193 clearInputMethodServiceData for configurationChange
08-31 17:29:13.045 I/GoogleInputMethodService(20765): GoogleInputMethodService.discardAllKeyboardViewAndInputView():1447 discardAllKeyboardViewAndInputView()
08-31 17:29:13.045 I/AbstractOpenableExtension(20765): AbstractOpenableExtension.maybeDestroyExistingKeyboardGroupManager():552 Destroy existing keyboard group manager in ixy
08-31 17:29:13.045 I/AbstractOpenableExtension(20765): AbstractOpenableExtension$3.onSuccess():572 KeyboardGroupManager destroyed in ixy.
08-31 17:29:13.045 I/AbstractOpenableExtension(20765): AbstractOpenableExtension.createKeyboardGroupManagerListenableFuture():122 Create keyboard group manager listenable future in ixy
08-31 17:29:13.045 I/AbstractOpenableExtension(20765): AbstractOpenableExtension.maybeDestroyExistingKeyboardGroupManager():552 Destroy existing keyboard group manager in ggk
08-31 17:29:13.045 I/AbstractOpenableExtension(20765): AbstractOpenableExtension$3.onSuccess():572 KeyboardGroupManager destroyed in ggk.
08-31 17:29:13.045 I/AbstractOpenableExtension(20765): AbstractOpenableExtension.createKeyboardGroupManagerListenableFuture():122 Create keyboard group manager listenable future in ggk
08-31 17:29:13.045 I/AbstractOpenableExtension(20765): AbstractOpenableExtension.maybeDestroyExistingKeyboardGroupManager():552 Destroy existing keyboard group manager in jbu
08-31 17:29:13.045 I/AbstractOpenableExtension(20765): AbstractOpenableExtension$3.onSuccess():572 KeyboardGroupManager destroyed in jbu.
08-31 17:29:13.045 I/AbstractOpenableExtension(20765): AbstractOpenableExtension.createKeyboardGroupManagerListenableFuture():122 Create keyboard group manager listenable future in jbu
08-31 17:29:13.046 I/WindowMetricsHelper(20765): WindowMetricsHelper.predictAndNotify():121 Window metrics predicted by cache.
08-31 17:29:13.046 I/GoogleInputMethodService(20765): GoogleInputMethodService.initializeInputMethodServiceData():914 initializeInputMethodServiceData for ose{languageTag=es-419, variant=spanish, hasLocalizedResources=true, conditionCacheKey=_android_software_xr_api_spatial=false_device=phone_device_size=default_enable_free_cursor_by_long_press_space=true_enable_number_row=false_enable_number_row_in_password=true_enable_pk_simulator=false_enable_pk_simulator_setting=false_enable_scrub_move=true_enable_secondary_digits=true_enable_secondary_symbols=false_enable_simplified_expression_keyboard=false_expressions=normal_four_or_more_letter_rows=false_free_cursor=false_free_cursor_in_split_keyboard_gap=false_keyboard_font_size_setting=_keyboard_mode=normal_language=es-419_layout_9key_split=false_orientation=portrait_physical_keyboard=nokeys_pk_simulator_vk_ready=false_pref_enable_flick_symbols=false_rtl_layout=false_show_comma_key=true_show_period_key=true_show_secondary_digits=true_show_suggestion_strip=true_show_suggestions=true_split_with_duplicate_keys=true_true=true_variant=spanish_writing_helper_enable_by_word_revert=false, imeDef.stringId=ime_spanish_latin_america, imeDef.className=com.google.android.apps.inputmethod.libs.latin5.LatinIme, imeDef.languageTag=es-419}
08-31 17:29:13.046 I/KeyboardGroupDefParser(20765): KeyboardGroupDefParser.parseKeyboardGroupDef():72 parseKeyboardGroupDef() 2132213851 -> 0_resource_name_obfuscated : WaitTime = 0 ms : RunTime = 1 ms
08-31 17:29:13.046 I/KeyboardGroupDefParser(20765): KeyboardGroupDefParser.parseKeyboardGroupDef():72 parseKeyboardGroupDef() 2132213855 -> 0_resource_name_obfuscated : WaitTime = 0 ms : RunTime = 1 ms
08-31 17:29:13.046 I/KeyboardGroupDefParser(20765): KeyboardGroupDefParser.parseKeyboardGroupDef():72 parseKeyboardGroupDef() 2132213854 -> 0_resource_name_obfuscated : WaitTime = 0 ms : RunTime = 1 ms
08-31 17:29:13.048 I/KeyboardContextProvider(20765): KeyboardContextProvider$KeyboardContextCache.createKeyboardContext():173 createKeyboardContext(): es-419, nka@45c7a5e(com.android.inputmethod.latin.LatinIME@b95ee2d), {1.0 732mcc111mnc [es_419] ldltr sw411dp w411dp h876dp 420dpi nrml long layoutCompatNeeded widecg port car night finger -keyb/v/h -nav/h winConfig={ mBounds=Rect(0, 0 - 1080, 2400) mAppBounds=Rect(0, 100 - 1080, 2400) mMaxBounds=Rect(0, 0 - 1080, 2400) mDisplayRotation=ROTATION_0 mWindowingMode=fullscreen mDisplayWindowingMode=fullscreen mActivityType=undefined mAlwaysOnTop=undefined mRotation=ROTATION_0} as.2 s.38533 fontWeightAdjustment=0 spntigo gidnull}
08-31 17:29:13.048 I/KeyboardThemeProvider(20765): KeyboardThemeProvider.applyKeyboardTheme():27 Apply keyboard theme: theme,!gsf,!pgsans,!pgsf,!use_system_font,BORDERLESS,FLAVOR_DPI=XXHDPI,KEYBOARD_WIDTH_CATEGORY=NORMAL,KEY_BORDER_SHAPE=0,LIGHT_THEME=false,PHYSICAL_DIAGONAL=6.0498686,POPUP,SCREEN_SHORTEST_WIDTH=411,SCREEN_SHORTEST_WIDTH_NO_SCALE=411,SW400DP,XXHDPI,bottom4dp,builtin_google_blue_dark.binarypb,enable_popup_on_keypress=true,keyboard_redesign_google_sans=true,non_linear_scale,noshadow,silkpopup
08-31 17:29:13.048 I/InputMethodEntryManager(20765): InputMethodEntryManager.getAdditionalImeDefs():2571 getAdditionalImeDefs() called, flag enabled: false, isUserUnlocked: true
08-31 17:29:13.048 I/InputMethodEntryManager(20765): InputMethodEntryManager.getAdditionalImeDefs():2579 OptimizeAdditionalImeDefLoadingFlag disabled, retrieving additional ImeDefs synchronously for entry: ose{languageTag=es-419, variant=spanish, hasLocalizedResources=true, conditionCacheKey=_android_software_xr_api_spatial=false_device=phone_device_size=default_enable_free_cursor_by_long_press_space=true_enable_number_row=false_enable_number_row_in_password=true_enable_pk_simulator=false_enable_pk_simulator_setting=false_enable_scrub_move=true_enable_secondary_digits=true_enable_secondary_symbols=false_enable_simplified_expression_keyboard=false_expressions=normal_four_or_more_letter_rows=false_free_cursor=false_free_cursor_in_split_keyboard_gap=false_keyboard_font_size_setting=_keyboard_mode=normal_language=es-419_layout_9key_split=false_orientation=portrait_physical_keyboard=nokeys_pk_simulator_vk_ready=false_pref_enable_flick_symbols=false_rtl_layout=false_show_comma_key=true_show_period_key=true_show_secondary_digits=true_show_suggestion_strip=true_show_suggestions=true_split_with_duplicate_keys=true_true=true_variant=spanish_writing_helper_enable_by_word_revert=false, imeDef.stringId=ime_spanish_latin_america, imeDef.className=com.google.android.apps.inputmethod.libs.latin5.LatinIme, imeDef.languageTag=es-419}
08-31 17:29:13.049 E/GoogleInputMethodService(20765): GoogleInputMethodService.initializeInputBundles():1043 No additional ImeDefs found for entry: ose{languageTag=es-419, variant=spanish, hasLocalizedResources=true, conditionCacheKey=_android_software_xr_api_spatial=false_device=phone_device_size=default_enable_free_cursor_by_long_press_space=true_enable_number_row=false_enable_number_row_in_password=true_enable_pk_simulator=false_enable_pk_simulator_setting=false_enable_scrub_move=true_enable_secondary_digits=true_enable_secondary_symbols=false_enable_simplified_expression_keyboard=false_expressions=normal_four_or_more_letter_rows=false_free_cursor=false_free_cursor_in_split_keyboard_gap=false_keyboard_font_size_setting=_keyboard_mode=normal_language=es-419_layout_9key_split=false_orientation=portrait_physical_keyboard=nokeys_pk_simulator_vk_ready=false_pref_enable_flick_symbols=false_rtl_layout=false_show_comma_key=true_show_period_key=true_show_secondary_digits=true_show_suggestion_strip=true_show_suggestions=true_split_with_duplicate_keys=true_true=true_variant=spanish_writing_helper_enable_by_word_revert=false, imeDef.stringId=ime_spanish_latin_america, imeDef.className=com.google.android.apps.inputmethod.libs.latin5.LatinIme, imeDef.languageTag=es-419}
08-31 17:29:13.049 I/InputBundle(20765): InputBundle.prefetchKeyboard():679 prefetchKeyboard: prime
08-31 17:29:13.049 I/KeyboardDefManager(20765): KeyboardDefManager.requestKeyboardDef():127 requestKeyboardDef(): type=prime, info=pot{defIds=[#0x7f170573, #0x7f17081f], defIdsCacheKey=2132215155,2132215839}
08-31 17:29:13.049 I/KeyboardDefManager(20765): KeyboardDefManager.requestKeyboardDef():194 requestKeyboardDef(): getOrCreate from cache, info=pot{defIds=[#0x7f170573, #0x7f17081f], defIdsCacheKey=2132215155,2132215839}
08-31 17:29:13.049 I/KeyboardDefManager(20765): KeyboardDefManager$Companion$addFutureCallbackForKeyboardDefReceiver$<anonymous>.onSuccess():445 requestKeyboardDef onSuccess(): info=pot{defIds=[#0x7f170573, #0x7f17081f], defIdsCacheKey=2132215155,2132215839}
08-31 17:29:13.050 I/KeyboardInterfacePrivate(20765): IKeyboard.createKeyboard():71 Keyboard created from HiltKeyboardFactory: com.google.android.apps.inputmethod.latin.keyboard.LatinPrimeKeyboard
08-31 17:29:13.050 I/InputBundleManager(20765): InputBundleManager.loadActiveInputBundleId():552 loadActiveInputBundleId: es-419, ime_spanish_latin_america
08-31 17:29:13.051 W/PrimesLoggerHolder(20765): FrameMetricServiceImpl.start():170 measurement already started: MeasurementKey{rawStringEventName=null, noPiiEventName=OnConfigurationChanged, isActivity=false}
08-31 17:29:13.052 I/NearbyConnections(10829): Client 263691661 requested setting downloads directory to null.
08-31 17:29:13.053 I/InputMethodEntryManager(20765): InputMethodEntryManager$6.onSuccess():3257 Success load additional ImeDefs, entryChanged=true, additionalImeDefsChanged=true, [ImeDef{stringId=password, language=und-Latn-x-password, languageTag=und-Latn-x-password, processedConditions={language=es-419, variant=spanish, enable_number_row=true, enable_pk_simulator=false, device=car, true=true, enable_number_row_in_password=true}, className=com.google.android.libraries.inputmethod.ime.password.PasswordIme, label=2132019491, keyEventInterpreter=null, inlineComposing=true, autoCapital=true, announceAutoSelectedCandidate=true, statusIcon=0, indicatorIcon=0, indicatorLabel=null, displayAppCompletions=false, extraValues=png{}, processors=com.google.android.libraries.inputmethod.metadata.ProcessorsDef@f0f938, unacceptableMetaKeys=4098, languageSpecificSettings=0, asciiCapable=false, alwaysShowSuggestions=false, useAsciiPasswordKeyboard=false, keyboardGroupDef=KeyboardGroupDef(variant=spanish, variantLabel=2132022988, pkLanguageTag=es-Latn-419, pkLayoutType=qwerty, dynamicLayout=, layoutSpecificSettings=[], layoutSpecificTheme=2132083615, order=0, supportsSplitMode=true, supportsOneHandedMode=true, isVariantNameMandatory=false, keyboardDefInfos={prime=KeyboardDefInfo(kbType=prime, initialStates=0, keyboardSources=[Xml(resId=2132215155), Xml(resId=2132215839), Xml(resId=2132215341)], extraValues=png{}), digit=KeyboardDefInfo(kbType=digit, initialStates=0, keyboardSources=[Xml(resId=2132215773)], extraValues=png{}), symbol=KeyboardDefInfo(kbType=symbol, initialStates=0, keyboardSources=[Xml(resId=2132215954)], extraValues=png{})}, overrideKeyboardXmlConditions=com.google.android.libraries.inputmethod.metadata.OverrideKeyboardXmlConditionsDef@22e58d1), phenotypeFlagId=0, localizationLanguageTag=null, supportsInlineSuggestion=false}, ImeDef{stringId=number, language=und-Latn-x-number, languageTag=und-Latn-x-number, processedConditions={}, className=com.google.android.libraries.inputmethod.ime.DummyIme, label=2132019428, keyEventInterpreter=null, inlineComposing=true, autoCapital=false, announceAutoSelectedCandidate=false, statusIcon=0, indicatorIcon=0, indicatorLabel=null, displayAppCompletions=false, extraValues=png{}, processors=com.google.android.libraries.inputmethod.metadata.ProcessorsDef@f0f938, unacceptableMetaKeys=4098, languageSpecificSettings=0, asciiCapable=false, alwaysShowSuggestions=false, useAsciiPasswordKeyboard=false, keyboardGroupDef=KeyboardGroupDef(variant=, variantLabel=0, pkLanguageTag=, pkLayoutType=, dynamicLayout=null, layoutSpecificSettings=[], layoutSpecificTheme=0, order=0, supportsSplitMode=false, supportsOneHandedMode=true, isVariantNameMandatory=false, keyboardDefInfos={prime=KeyboardDefInfo(kbType=prime, initialStates=0, keyboardSources=[Xml(resId=2132215778)], extraValues=png{})}, overrideKeyboardXmlConditions=com.google.android.libraries.inputmethod.metadata.OverrideKeyboardXmlConditionsDef@1), phenotypeFlagId=0, localizationLanguageTag=null, supportsInlineSuggestion=false}, ImeDef{stringId=number_password, language=und-Latn-x-number-password, languageTag=und-Latn-x-number-password, processedConditions={}, className=com.google.android.libraries.inputmethod.ime.DummyIme, label=2132019429, keyEventInterpreter=null, inlineComposing=true, autoCapital=false, announceAutoSelectedCandidate=false, statusIcon=0, indicatorIcon=0, indicatorLabel=null, displayAppCompletions=false, extraValues=png{}, processors=com.google.android.libraries.inputmethod.metadata.ProcessorsDef@f0f938, unacceptableMetaKeys=4098, languageSpecificSettings=0, asciiCapable=false, alwaysShowSuggestions=false, useAsciiPasswordKeyboard=false, keyboardGroupDef=KeyboardGroupDef(variant=, variantLabel=0, pkLanguageTag=, pkLayoutType=, dynamicLayout=null, layoutSpecificSettings=[], layoutSpecificTheme=0, order=0, supportsSplitMode=false, supportsOneHandedMode=true, isVariantNameMandatory=false, keyboardDefInfos={prime=KeyboardDefInfo(kbType=prime, initialStates=0, keyboardSources=[Xml(resId=2132215779)], extraV
08-31 17:29:13.053 I/InputMethodEntryManager(20765): alues=png{})}, overrideKeyboardXmlConditions=com.google.android.libraries.inputmethod.metadata.OverrideKeyboardXmlConditionsDef@1), phenotypeFlagId=0, localizationLanguageTag=null, supportsInlineSuggestion=false}, ImeDef{stringId=phone_number, language=und-Latn-x-phone-number, languageTag=und-Latn-x-phone-number, processedConditions={}, className=com.google.android.libraries.inputmethod.ime.DummyIme, label=2132019527, keyEventInterpreter=null, inlineComposing=true, autoCapital=false, announceAutoSelectedCandidate=false, statusIcon=0, indicatorIcon=0, indicatorLabel=null, displayAppCompletions=false, extraValues=png{}, processors=com.google.android.libraries.inputmethod.metadata.ProcessorsDef@f0f938, unacceptableMetaKeys=4098, languageSpecificSettings=0, asciiCapable=false, alwaysShowSuggestions=false, useAsciiPasswordKeyboard=false, keyboardGroupDef=KeyboardGroupDef(variant=, variantLabel=0, pkLanguageTag=, pkLayoutType=, dynamicLayout=null, layoutSpecificSettings=[], layoutSpecificTheme=0, order=0, supportsSplitMode=false, supportsOneHandedMode=true, isVariantNameMandatory=false, keyboardDefInfos={prime=KeyboardDefInfo(kbType=prime, initialStates=0, keyboardSources=[Xml(resId=2132215804)], extraValues=png{})}, overrideKeyboardXmlConditions=com.google.android.libraries.inputmethod.metadata.OverrideKeyboardXmlConditionsDef@1), phenotypeFlagId=0, localizationLanguageTag=null, supportsInlineSuggestion=false}, ImeDef{stringId=date_time, language=und-Latn-x-date-time, languageTag=und-Latn-x-date-time, processedConditions={}, className=com.google.android.libraries.inputmethod.ime.DummyIme, label=2132017848, keyEventInterpreter=null, inlineComposing=true, autoCapital=false, announceAutoSelectedCandidate=false, statusIcon=0, indicatorIcon=0, indicatorLabel=null, displayAppCompletions=false, extraValues=png{}, processors=com.google.android.libraries.inputmethod.metadata.ProcessorsDef@f0f938, unacceptableMetaKeys=4098, languageSpecificSettings=0, asciiCapable=false, alwaysShowSuggestions=false, useAsciiPasswordKeyboard=false, keyboardGroupDef=KeyboardGroupDef(variant=, variantLabel=0, pkLanguageTag=, pkLayoutType=, dynamicLayout=null, layoutSpecificSettings=[], layoutSpecificTheme=0, order=0, supportsSplitMode=false, supportsOneHandedMode=true, isVariantNameMandatory=false, keyboardDefInfos={prime=KeyboardDefInfo(kbType=prime, initialStates=0, keyboardSources=[Xml(resId=2132215644)], extraValues=png{})}, overrideKeyboardXmlConditions=com.google.android.libraries.inputmethod.metadata.OverrideKeyboardXmlConditionsDef@1), phenotypeFlagId=0, localizationLanguageTag=null, supportsInlineSuggestion=false}]
08-31 17:29:13.053 I/InputMethodEntryManager(20765): InputMethodEntryManager.onSuccessLoadingAdditionalImeDefs():3333 Additional ImeDefs have been loaded, maybe notify entry change: true
08-31 17:29:13.053 I/GoogleInputMethodService(20765): GoogleInputMethodService.onCurrentInputMethodEntryChanged():2618 onCurrentInputMethodEntryChanged(): imeDefsChanged=true, entryLanguageVariantChanged=false, keyboardContextChanged=true
08-31 17:29:13.053 I/GoogleInputMethodService(20765): GoogleInputMethodService.clearInputMethodServiceData():1193 clearInputMethodServiceData for entryChange
08-31 17:29:13.053 I/AbstractOpenableExtension(20765): AbstractOpenableExtension.maybeDestroyExistingKeyboardGroupManager():552 Destroy existing keyboard group manager in ixy
08-31 17:29:13.056 I/NearbyConnections(10829): Client 263691661 with package name com.andrerinas.headunitrevived and sdk version 12451000 has connected, downloads dir is set to null.
08-31 17:29:13.058 I/ManifestedDataDownloader(20765): ManifestedDataDownloader.checkVersionAndDownload():98 filegroup __PEKB_pek_blocklist__en with version 2025120304 is already downloaded
08-31 17:29:13.059 I/PerLanguageDataDownloader(20765): PerLanguageDataDownloader$2.onSuccess():188 Data en downloaded with version 2025120304
08-31 17:29:13.064 I/AbstractOpenableExtension(20765): AbstractOpenableExtension$3.onFailure():580 Failed to load KeyboardGroupManager in ixy.
08-31 17:29:13.064 I/AbstractOpenableExtension(20765): AbstractOpenableExtension.createKeyboardGroupManagerListenableFuture():122 Create keyboard group manager listenable future in ixy
08-31 17:29:13.065 I/AbstractOpenableExtension(20765): AbstractOpenableExtension.maybeDestroyExistingKeyboardGroupManager():552 Destroy existing keyboard group manager in ggk
08-31 17:29:13.065 I/AbstractOpenableExtension(20765): AbstractOpenableExtension$3.onFailure():580 Failed to load KeyboardGroupManager in ggk.
08-31 17:29:13.065 I/AbstractOpenableExtension(20765): AbstractOpenableExtension.createKeyboardGroupManagerListenableFuture():122 Create keyboard group manager listenable future in ggk
08-31 17:29:13.065 I/AbstractOpenableExtension(20765): AbstractOpenableExtension.maybeDestroyExistingKeyboardGroupManager():552 Destroy existing keyboard group manager in jbu
08-31 17:29:13.065 I/AbstractOpenableExtension(20765): AbstractOpenableExtension$3.onFailure():580 Failed to load KeyboardGroupManager in jbu.
08-31 17:29:13.065 I/KeyboardGroupDefParser(20765): KeyboardGroupDefParser.parseKeyboardGroupDef():72 parseKeyboardGroupDef() 2132213851 -> 0_resource_name_obfuscated : WaitTime = 0 ms : RunTime = 0 ms
08-31 17:29:13.065 I/AbstractOpenableExtension(20765): AbstractOpenableExtension.createKeyboardGroupManagerListenableFuture():122 Create keyboard group manager listenable future in jbu
08-31 17:29:13.065 I/KeyboardGroupDefParser(20765): KeyboardGroupDefParser.parseKeyboardGroupDef():72 parseKeyboardGroupDef() 2132213855 -> 0_resource_name_obfuscated : WaitTime = 0 ms : RunTime = 0 ms
08-31 17:29:13.065 I/GoogleInputMethodService(20765): GoogleInputMethodService.initializeInputMethodServiceData():914 initializeInputMethodServiceData for ose{languageTag=es-419, variant=spanish, hasLocalizedResources=true, conditionCacheKey=_android_software_xr_api_spatial=false_device=car_device_size=default_enable_free_cursor_by_long_press_space=true_enable_number_row=false_enable_number_row_in_password=true_enable_pk_simulator=false_enable_pk_simulator_setting=false_enable_scrub_move=true_enable_secondary_digits=true_enable_secondary_symbols=false_enable_simplified_expression_keyboard=false_expressions=normal_four_or_more_letter_rows=false_free_cursor=false_free_cursor_in_split_keyboard_gap=false_keyboard_font_size_setting=_keyboard_mode=normal_language=es-419_layout_9key_split=false_orientation=portrait_physical_keyboard=nokeys_pk_simulator_vk_ready=false_pref_enable_flick_symbols=false_rtl_layout=false_show_comma_key=true_show_period_key=true_show_secondary_digits=true_show_suggestion_strip=true_show_suggestions=true_split_with_duplicate_keys=true_true=true_variant=spanish_writing_helper_enable_by_word_revert=false, imeDef.stringId=ime_spanish_latin_america, imeDef.className=com.google.android.apps.inputmethod.libs.latin5.LatinIme, imeDef.languageTag=es-419}
08-31 17:29:13.066 I/KeyboardGroupDefParser(20765): KeyboardGroupDefParser.parseKeyboardGroupDef():72 parseKeyboardGroupDef() 2132213854 -> 0_resource_name_obfuscated : WaitTime = 1 ms : RunTime = 0 ms
08-31 17:29:13.067 I/SP      (20765): Syncing emoticon_content_description (2022081613) with slices: [7a635888cb828dfa2fc744b7b9b50f04, efff71931341cd297eae433fc4d2434b], metadata: false
08-31 17:29:13.069 D/NavigationModeController( 2649): getCurrentInteractionMode: mode=2 contextUser=0
08-31 17:29:13.070 D/NavigationModeController( 2649): getCurrentUserContext: contextUser=0 currentUser=0
08-31 17:29:13.070 I/KeyboardThemeProvider(20765): KeyboardThemeProvider.applyKeyboardTheme():27 Apply keyboard theme: theme,!gsf,!pgsans,!pgsf,!use_system_font,BORDERLESS,FLAVOR_DPI=XXHDPI,KEYBOARD_WIDTH_CATEGORY=NORMAL,KEY_BORDER_SHAPE=0,LIGHT_THEME=false,PHYSICAL_DIAGONAL=6.0498686,POPUP,SCREEN_SHORTEST_WIDTH=411,SCREEN_SHORTEST_WIDTH_NO_SCALE=411,SW400DP,XXHDPI,bottom4dp,builtin_google_blue_dark.binarypb,enable_popup_on_keypress=true,keyboard_redesign_google_sans=true,non_linear_scale,noshadow,silkpopup
08-31 17:29:13.071 I/InputMethodEntryManager(20765): InputMethodEntryManager.getAdditionalImeDefs():2571 getAdditionalImeDefs() called, flag enabled: false, isUserUnlocked: true
08-31 17:29:13.071 I/InputMethodEntryManager(20765): InputMethodEntryManager.getAdditionalImeDefs():2579 OptimizeAdditionalImeDefLoadingFlag disabled, retrieving additional ImeDefs synchronously for entry: ose{languageTag=es-419, variant=spanish, hasLocalizedResources=true, conditionCacheKey=_android_software_xr_api_spatial=false_device=car_device_size=default_enable_free_cursor_by_long_press_space=true_enable_number_row=false_enable_number_row_in_password=true_enable_pk_simulator=false_enable_pk_simulator_setting=false_enable_scrub_move=true_enable_secondary_digits=true_enable_secondary_symbols=false_enable_simplified_expression_keyboard=false_expressions=normal_four_or_more_letter_rows=false_free_cursor=false_free_cursor_in_split_keyboard_gap=false_keyboard_font_size_setting=_keyboard_mode=normal_language=es-419_layout_9key_split=false_orientation=portrait_physical_keyboard=nokeys_pk_simulator_vk_ready=false_pref_enable_flick_symbols=false_rtl_layout=false_show_comma_key=true_show_period_key=true_show_secondary_digits=true_show_suggestion_strip=true_show_suggestions=true_split_with_duplicate_keys=true_true=true_variant=spanish_writing_helper_enable_by_word_revert=false, imeDef.stringId=ime_spanish_latin_america, imeDef.className=com.google.android.apps.inputmethod.libs.latin5.LatinIme, imeDef.languageTag=es-419}
08-31 17:29:13.071 I/InputBundle(20765): InputBundle.prefetchKeyboard():679 prefetchKeyboard: prime
08-31 17:29:13.072 I/KeyboardDefManager(20765): KeyboardDefManager.requestKeyboardDef():127 requestKeyboardDef(): type=prime, info=pot{defIds=[#0x7f170573, #0x7f17081f], defIdsCacheKey=2132215155,2132215839}
08-31 17:29:13.072 I/KeyboardDefManager(20765): KeyboardDefManager.requestKeyboardDef():194 requestKeyboardDef(): getOrCreate from cache, info=pot{defIds=[#0x7f170573, #0x7f17081f], defIdsCacheKey=2132215155,2132215839}
08-31 17:29:13.073 I/InputBundleManager(20765): InputBundleManager.loadActiveInputBundleId():552 loadActiveInputBundleId: es-419, ime_spanish_latin_america
08-31 17:29:13.073 I/SP      (20765): Syncing content_cache (2024032915) with slices: [74ed8b2e38ec1bc8af70aa63d8ec49de, 8722425f4121ffdea802b1066df73991, fa1da98da1212aad6fb9a8efaff48148], metadata: true
08-31 17:29:13.074 I/SystemSubtypesReportModule2(20765): SystemSubtypesReportModule2$1.onCurrentInputMethodEntryChanged():115 entry: es-419, source: UNSPECIFIED
08-31 17:29:13.077 W/AccessibilityWindowsPopulator( 1809): The displayInfo of this displayId (0) called back from the surface fligner is null
08-31 17:29:13.080 I/NearbyConnections(10829): Client 263691661 requested discovery to start.
08-31 17:29:13.084 I/NearbyConnections(10829): 263691661 com.andrerinas.headunitrevived startDiscovery in nc mode.
08-31 17:29:13.084 I/NearbyConnections(10829): ServiceController is null - creating a new one.
08-31 17:29:13.086 I/KeyboardDefManager(20765): KeyboardDefManager$Companion$addFutureCallbackForKeyboardDefReceiver$<anonymous>.onSuccess():445 requestKeyboardDef onSuccess(): info=pot{defIds=[#0x7f170573, #0x7f17081f], defIdsCacheKey=2132215155,2132215839}
08-31 17:29:13.088 I/KeyboardInterfacePrivate(20765): IKeyboard.createKeyboard():71 Keyboard created from HiltKeyboardFactory: com.google.android.apps.inputmethod.latin.keyboard.LatinPrimeKeyboard
08-31 17:29:13.094 I/NotifySyncService_19740_20766(19740): MSG_NOTIFY_POSTED 
08-31 17:29:13.095 I/NotifySyncService_19740_20766(19740): onNotificationPosted Id:1 key:0|com.andrerinas.headunitrevived|1|null|10491 PackageName:com.andrerinas.headunitrevived IsOngoing:true PostTime:1788215352873 currentDeviceModel.connected: false
08-31 17:29:13.095 I/MotoDesktopLog(20909): [ NotificationMonitorService ] - onNotificationPosted: Notification(channel=headunit_service_v2 shortcut=null contentView=null vibrate=null sound=null defaults=0x0 flags=0x62 color=0x00000000 actions=1 vis=PRIVATE)
08-31 17:29:13.095 I/NotifySyncService_19740_20766(19740): onNotificationPosted Id:1 , appName : Open Headunit
08-31 17:29:13.096 I/NotifySyncService_19740_20766(19740): isFlagNoClearNotification flag = 98
08-31 17:29:13.096 I/NotifyLogUtils_19740_25229(19740): isIgnoringBatteryOptimizations true
08-31 17:29:13.096 I/NotifySyncService_19740_20766(19740):  isOngoing = true isIncomingCall = false
08-31 17:29:13.104 D/ViewRootImpl( 2649): update {(0,0)(fillx126) gr=BOTTOM CENTER_VERTICAL layoutInDisplayCutoutMode=always ty=NAVIGATION_BAR fmt=TRANSLUCENT
08-31 17:29:13.104 D/ViewRootImpl( 2649):   fl=NOT_FOCUSABLE NOT_TOUCH_MODAL WATCH_OUTSIDE_TOUCH SPLIT_TOUCH HARDWARE_ACCELERATED FLAG_SLIPPERY
08-31 17:29:13.104 D/ViewRootImpl( 2649):   pfl=LAYOUT_SIZE_EXTENDED_BY_CUTOUT COLOR_SPACE_AGNOSTIC FIT_INSETS_CONTROLLED TRUSTED_OVERLAY
08-31 17:29:13.104 D/ViewRootImpl( 2649):   bhv=DEFAULT
08-31 17:29:13.104 D/ViewRootImpl( 2649):   providedInsets:
08-31 17:29:13.104 D/ViewRootImpl( 2649):     InsetsFrameProvider: {id=#7f1c0001, index=0, type=navigationBars, source=FRAME, flags=[SUPPRESS_SCRIM], insetsSize=Insets{left=0, top=0, right=0, bottom=63}, insetsSizeOverrides=[TypedInsetsSize: {windowType=INPUT_METHOD, insetsSize=null}]}
08-31 17:29:13.104 D/ViewRootImpl( 2649):     InsetsFrameProvider: {id=#7f1c0006, index=0, type=tappableElement, source=FRAME, flags=[], insetsSize=Insets{left=0, top=0, right=0, bottom=0}}
08-31 17:29:13.104 D/ViewRootImpl( 2649):     InsetsFrameProvider: {id=#7f1c0005, index=0, type=mandatorySystemGestures, source=FRAME, flags=[]}
08-31 17:29:13.104 D/ViewRootImpl( 2649):     InsetsFrameProvider: {id=#7f1c0004, index=0, type=systemGestures, source=DISPLAY, flags=[], insetsSize=Insets{left=0, top=0, right=0, bottom=0}, mMinimalInsetsSizeInDisplayCutoutSafe=Insets{left=0, top=0, right=0, bottom=0}}
08-31 17:29:13.104 D/ViewRootImpl( 2649):     InsetsFrameProvider: {id=#7f1c0024, index=1, type=systemGestures, source=DISPLAY, flags=[], insetsSize=Insets{left=0, top=0, right=0, bottom=0}, mMinimalInsetsSizeInDisplayCutoutSafe=Insets{left=0, top=0, right=0, bottom=0}}
08-31 17:29:13.104 D/ViewRootImpl( 2649):   paramsForRotation:
08-31 17:29:13.104 D/ViewRootImpl( 2649):     ROTATION_0={(0,0)(fillx126) gr=BOTTOM CENTER_VERTICAL layoutInDisplayCutoutMode=always ty=NAVIGATION_BAR fmt=TRANSLUCENT
08-31 17:29:13.104 D/ViewRootImpl( 2649):       fl=NOT_FOCUSABLE NOT_TOUCH_MODAL WATCH_OUTSIDE_TOUCH SPLIT_TOUCH FLAG_SLIPPERY
08-31 17:29:13.104 D/ViewRootImpl( 2649):       pfl=LAYOUT_SIZE_EXTENDED_BY_CUTOUT COLOR_SPACE_AGNOSTIC FIT_INSETS_CONTROLLED TRUSTED_OVERLAY
08-31 17:29:13.104 D/ViewRootImpl( 2649):       bhv=DEFAULT
08-31 17:29:13.104 D/ViewRootImpl( 2649):       providedInsets:
08-31 17:29:13.104 D/ViewRootImpl( 2649):         InsetsFrameProvider: {id=#7f1c0001, index=0, type=navigationBars, source=FRAME, flags=[SUPPRESS_SCRIM], insetsSize=Insets{left=0, top=0, right=0, bottom=63}, insetsSizeOverrides=[TypedInsetsSize: {windowType=INPUT_METHOD, insetsSize=null}]}
08-31 17:29:13.104 D/ViewRootImpl( 2649):         InsetsFrameProvider: {id=#7f1c0006, index=0, type=tappableElement, source=FRAME, flags=[], insetsSize=Insets{left=0, top=0, right=0, bottom=0}}
08-31 17:29:13.104 D/ViewRootImpl( 2649):         InsetsFrameProvider: {id=#7f1c0005, index=0, type=mandatorySystemGestures, source=FRAME, flags=[]}
08-31 17:29:13.104 D/ViewRootImpl( 2649):         InsetsFrameProvider: {id=#7f1c0004, index=0, type=systemGestures, source=DISPLAY, flags=[], insetsSize=Insets{left=0, top=0, right=0, bottom=0}, mMinimalInsetsSizeInDisplayCutoutSafe=Insets{left=0, top=0, right=0, bottom=0}}
08-31 17:29:13.104 D/ViewRootImpl( 2649):         InsetsFrameProvider: {id=#7f1c0024, index=1, type=systemGestures, source=DISPLAY, flags=[], insetsSize=Insets{left=0, top=0, right=0, bottom=0}, mMinimalInsetsSizeInDisplayCutoutSafe=Insets{left=0, top=0, right=0, bottom=0}}}
08-31 17:29:13.104 D/ViewRootImpl( 2649):     ROTATION_90={(0,0)(fillx126) gr=BOTTOM CENTER_VERTICAL layoutInDisplayCutoutMode=always ty=NAVIGATION_BAR fmt=TRANSLUCENT
08-31 17:29:13.104 D/ViewRootImpl( 2649):       fl=NOT_FOCUSABLE NOT_TOUCH_MODAL WATCH_OUTSIDE_TOUCH SPLIT_TOUCH FLAG_SLIPPERY
08-31 17:29:13.104 D/ViewRootImpl( 2649):       pfl=LAYOUT_SIZE_EXTENDED_BY_CUTOUT COLOR_SPACE_AGNOSTIC FIT_INSETS_CONTROLLED TRUSTED_OVERLAY
08-31 17:29:13.104 D/ViewRootImpl( 2649):       bhv=DEFAULT
08-31 17:29:13.104 D/ViewRootImpl( 2649):       providedInsets:
08-31 17:29:13.104 D/ViewRootImpl( 2649):         InsetsFrameProvider: {id=#7f1c0001, index=0, type=navigationBars, source=FRAME, flags=[SUPPRESS_SCRIM], insetsSize=Insets{left=0, top=0, right=0, bottom=63}, insetsSizeOverrides=[TypedInsetsSize: {windowType=INPUT_METHOD, insetsSize=null}]}
08-31 17:29:13.104 D/ViewRootImpl( 2649):         InsetsFrameProvider: {id=#7f1c0006, index=0, type=tappableElement, source=FRAME, flags=[], insetsSize=Insets{left=0, top=0, right=0, bottom=0}}
08-31 17:29:13.104 D/ViewRootImpl( 2649):         InsetsFrameProvider: {id=#7f1c0005, index=0, type=mandatorySystemGestures, source=FRAME, flags=[]}
08-31 17:29:13.104 D/ViewRootImpl( 2649):         InsetsFrameProvider: {id=#7f1c0004, index=0, type=systemGestures, source=DISPLAY, flags=[], insetsSize=Insets{left=0, top=0, right=0, bottom=0}, mMinimalInsetsSizeInDisplayCutoutSafe=Insets{left=0, top=0, right=0, bottom=0}}
08-31 17:29:13.104 D/ViewRootImpl( 2649):         InsetsFrameProvider: {id=#7f1c0024, index=1, type=systemGestures, source=DISPLAY, flags=[], insetsSize=Insets{left=0, top=0, right=0, bottom=0}, mMinimalInsetsSizeInDisplayCutoutSafe=Insets{left=0, top=0, right=0, bottom=0}}}
08-31 17:29:13.104 D/ViewRootImpl( 2649):     ROTATION_180={(0,0)(fillx126) gr=BOTTOM CENTER_VERTICAL layoutInDisplayCutoutMode=always ty=NAVIGATION_BAR fmt=TRANSLUCENT
08-31 17:29:13.104 D/ViewRootImpl( 2649):       fl=NOT_FOCUSABLE NOT_TOUCH_MODAL WATCH_OUTSIDE_TOUCH SPLIT_TOUCH FLAG_SLIPPERY
08-31 17:29:13.104 D/ViewRootImpl( 2649):       pfl=LAYOUT_SIZE_EXTENDED_BY_CUTOUT COLOR_SPACE_AGNOSTIC FIT_INSETS_CONTROLLED TRUSTED_OVERLAY
08-31 17:29:13.104 D/ViewRootImpl( 2649):       bhv=DEFAULT
08-31 17:29:13.104 D/ViewRootImpl( 2649):       providedInsets:
08-31 17:29:13.104 D/ViewRootImpl( 2649):         InsetsFrameProvider: {id=#7f1c0001, index=0, type=navigationBars, source=FRAME, flags=[SUPPRESS_SCRIM], insetsSize=Insets{left=0, top=0, right=0, bottom=63}, insetsSizeOverrides=[TypedInsetsSize: {windowType=INPUT_METHOD, insetsSize=null}]}
08-31 17:29:13.104 D/ViewRootImpl( 2649):         InsetsFrameProvider: {id=#7f1c0006, index=0, type=tappableElement, source=FRAME, flags=[], insetsSize=Insets{left=0, top=0, right=0, bottom=0}}
08-31 17:29:13.104 D/ViewRootImpl( 2649):         InsetsFrameProvider: {id=#7f1c0005, index=0, type=mandatorySystemGestures, source=FRAME, flags=[]}
08-31 17:29:13.104 D/ViewRootImpl( 2649):         InsetsFrameProvider: {id=#7f1c0004, index=0, type=systemGestures, source=DISPLAY, flags=[], insetsSize=Insets{left=0, top=0, right=0, bottom=0}, mMinimalInsetsSizeInDisplayCutoutSafe=Insets{left=0, top=0, right=0, bottom=0}}
08-31 17:29:13.104 D/ViewRootImpl( 2649):         InsetsFrameProvider: {id=#7f1c0024, index=1, type=systemGestures, source=DISPLAY, flags=[], insetsSize=Insets{left=0, top=0, right=0, bottom=0}, mMinimalInsetsSizeInDisplayCutoutSafe=Insets{left=0, top=0, right=0, bottom=0}}}
08-31 17:29:13.104 D/ViewRootImpl( 2649):     ROTATION_270={(0,0)(fillx126) gr=BOTTOM CENTER_VERTICAL layoutInDisplayCutoutMode=always ty=NAVIGATION_BAR fmt=TRANSLUCENT
08-31 17:29:13.104 D/ViewRootImpl( 2649):       fl=NOT_FOCUSABLE NOT_TOUCH_MODAL WATCH_OUTSIDE_TOUCH SPLIT_TOUCH FLAG_SLIPPERY
08-31 17:29:13.104 D/ViewRootImpl( 2649):       pfl=LAYOUT_SIZE_EXTENDED_BY_CUTOUT COLOR_SPACE_AGNOSTIC FIT_INSETS_CONTROLLED TRUSTED_OVERLAY
08-31 17:29:13.104 D/ViewRootImpl( 2649):       bhv=DEFAULT
08-31 17:29:13.104 D/ViewRootImpl( 2649):       providedInsets:
08-31 17:29:13.104 D/ViewRootImpl( 2649):         InsetsFrameProvider: {id=#7f1c0001, index=0, type=navigationBars, source=FRAME, flags=[SUPPRESS_SCRIM], insetsSize=Insets{left=0, top=0, right=0, bottom=63}, insetsSizeOverrides=[TypedInsetsSize: {windowType=INPUT_METHOD, insetsSize=null}]}
08-31 17:29:13.104 D/ViewRootImpl( 2649):         InsetsFrameProvider: {id=#7f1c0006, index=0, type=tappableElement, source=FRAME, flags=[], insetsSize=Insets{left=0, top=0, right=0, bottom=0}}
08-31 17:29:13.104 D/ViewRootImpl( 2649):         InsetsFrameProvider: {id=#7f1c0005, index=0, type=mandatorySystemGestures, source=FRAME, flags=[]}
08-31 17:29:13.104 D/ViewRootImpl( 2649):         InsetsFrameProvider: {id=#7f1c0004, index=0, type=systemGestures, source=DISPLAY, flags=[], insetsSize=Insets{left=0, top=0, right=0, bottom=0}, mMinimalInsetsSizeInDisplayCutoutSafe=Insets{left=0, top=0, right=0, bottom=0}}
08-31 17:29:13.104 D/ViewRootImpl( 2649):         InsetsFrameProvider: {id=#7f1c0024, index=1, type=systemGestures, source=DISPLAY, flags=[], insetsSize=Insets{left=0, top=0, right=0, bottom=0}, mMinimalInsetsSizeInDisplayCutoutSafe=Insets{left=0, top=0, right=0, bottom=0}}}} by setView
08-31 17:29:13.112 I/NearbyConnections(10829): In OfflineServiceControllerFactory create(), pcpManager:PcpManager isSupportInstantConnection:true isDisableInstantConnectionsOnLegacyDevices:true shouldEnableInstantConnections:false isEnableRefactorWifiNetwork:true
08-31 17:29:13.121 D/DisplayManagerService( 1809): Ignore redundant display event 0/2 to 10356/10489
08-31 17:29:13.121 D/DisplayManagerService( 1809): Ignore redundant display event 0/2 to 10342/21940
08-31 17:29:13.121 D/DisplayManagerService( 1809): Ignore redundant display event 0/2 to 10383/22256
08-31 17:29:13.121 D/DisplayManagerService( 1809): Ignore redundant display event 0/2 to 10326/22382
08-31 17:29:13.122 D/DisplayManagerService( 1809): Ignore redundant display event 0/2 to 10355/29589
08-31 17:29:13.129 I/ActivityTaskManager( 1809): Config changes=20000400 {1.0 732mcc111mnc [en_US] ldltr sw411dp w411dp h852dp 420dpi nrml long layoutCompatNeeded widecg port car night finger -keyb/v/h -nav/h winConfig={ mBounds=Rect(0, 0 - 1080, 2400) mAppBounds=Rect(0, 100 - 1080, 2337) mMaxBounds=Rect(0, 0 - 1080, 2400) mDisplayRotation=ROTATION_0 mWindowingMode=fullscreen mDisplayWindowingMode=fullscreen mActivityType=undefined mAlwaysOnTop=undefined mRotation=ROTATION_0} as.2 s.38638 fontWeightAdjustment=0 spntigo gidnull}
08-31 17:29:13.144 W/NearbyConnections(10829): Missing permission: com.andrerinas.headunitrevived does not have required permission android.permission.ACCESS_COARSE_LOCATION
08-31 17:29:13.144 W/NearbyConnections(10829): Missing required permissions, aborting call to startDiscovery() for serviceId com.andrerinas.openhu
08-31 17:29:13.149 W/NearbyConnections(24106): Failed to start discovery.
08-31 17:29:13.149 W/NearbyConnections(24106): com.google.android.gms.common.api.ApiException: 8034: MISSING_PERMISSION_ACCESS_COARSE_LOCATION
08-31 17:29:13.149 W/NearbyConnections(24106): 	at com.google.android.gms.internal.nearby.zzdo.setFailedResult(com.google.android.gms:play-services-nearby@@19.2.0:1)
08-31 17:29:13.149 W/NearbyConnections(24106): 	at com.google.android.gms.internal.nearby.zzce.zzb(com.google.android.gms:play-services-nearby@@19.2.0:4)
08-31 17:29:13.149 W/NearbyConnections(24106): 	at com.google.android.gms.internal.nearby.zzfr.zza(com.google.android.gms:play-services-nearby@@19.2.0:3)
08-31 17:29:13.149 W/NearbyConnections(24106): 	at com.google.android.gms.internal.nearby.zzb.onTransact(com.google.android.gms:play-services-nearby@@19.2.0:3)
08-31 17:29:13.149 W/NearbyConnections(24106): 	at android.os.Binder.execTransactInternal(Binder.java:1359)
08-31 17:29:13.149 W/NearbyConnections(24106): 	at android.os.Binder.execTransact(Binder.java:1284)
08-31 17:29:13.149 I/NearbyConnections(10829): Client 263691661 requested discovery to stop.
08-31 17:29:13.150 E/OPENHU  (24106): [2] NearbyManager.startDiscovery$lambda$5 | NearbyManager: [ERROR] Discovery failed: 8034: MISSING_PERMISSION_ACCESS_COARSE_LOCATION
08-31 17:29:13.155 D/CompatibilityChangeReporter( 1809): Compat change id reported: 261072174; UID 1000; state: ENABLED
08-31 17:29:13.157 D/BoundBrokerSvc(10829): onUnbind: Intent { act=com.google.android.gms.time.trustedtime.singleuserapi.service.START dat=chimera-action:/... cmp=com.google.android.gms/.chimera.PersistentSingleUserInternalApiService }
08-31 17:29:13.198 I/putmethod.latin(20765): Background young concurrent copying GC freed 11MB AllocSpace bytes, 15(684KB) LOS objects, 27% free, 28MB/39MB, paused 190us,74us total 132.375ms
08-31 17:29:13.198 W/putmethod.latin(20765): Reducing the number of considered missed Gc histogram windows from 180 to 100
08-31 17:29:13.200 I/ProviderWidgetComponent_19740_19740(19740): onConfigurationChanged newConfig: {1.0 732mcc111mnc [en_US] ldltr sw411dp w411dp h852dp 420dpi nrml long layoutCompatNeeded widecg port car night finger -keyb/v/h -nav/h winConfig={ mBounds=Rect(0, 0 - 1080, 2400) mAppBounds=Rect(0, 100 - 1080, 2337) mMaxBounds=Rect(0, 0 - 1080, 2400) mDisplayRotation=ROTATION_0 mWindowingMode=fullscreen mDisplayWindowingMode=fullscreen mActivityType=undefined mAlwaysOnTop=undefined mRotation=ROTATION_0} as.2 s.38683 fontWeightAdjustment=0 spntigo gidnull}
08-31 17:29:13.201 I/WindowManager( 1809): Override config changes=20000400 {1.0 732mcc111mnc [en_US] ldltr sw411dp w411dp h852dp 420dpi nrml long layoutCompatNeeded widecg port car night finger -keyb/v/h -nav/h winConfig={ mBounds=Rect(0, 0 - 1080, 2400) mAppBounds=Rect(0, 100 - 1080, 2337) mMaxBounds=Rect(0, 0 - 1080, 2400) mDisplayRotation=ROTATION_0 mWindowingMode=fullscreen mDisplayWindowingMode=fullscreen mActivityType=undefined mAlwaysOnTop=undefined mRotation=ROTATION_0} as.2 s.38638 fontWeightAdjustment=0 spntigo gidnull} for displayId=0
08-31 17:29:13.211 I/AppBase (20765): AppBase.onConfigurationChanged():283 onConfigurationChanged() : NewConfig = {1.0 732mcc111mnc [en_US] ldltr sw411dp w411dp h852dp 420dpi nrml long layoutCompatNeeded widecg port car night finger -keyb/v/h -nav/h winConfig={ mBounds=Rect(0, 0 - 1080, 2400) mAppBounds=Rect(0, 100 - 1080, 2337) mMaxBounds=Rect(0, 0 - 1080, 2400) mDisplayRotation=ROTATION_0 mWindowingMode=fullscreen mDisplayWindowingMode=fullscreen mActivityType=undefined mAlwaysOnTop=undefined mRotation=ROTATION_0} as.2 s.38737 fontWeightAdjustment=0 spntigo gidnull}
08-31 17:29:13.218 D/BoundBrokerSvc(10829): onUnbind: Intent { act=com.google.android.gms.time.trustedtime.service.START dat=chimera-action:/... cmp=com.google.android.gms/.chimera.PersistentDirectBootAwareApiService }
08-31 17:29:13.221 V/WindowManagerShell( 2649): Display changed: 0
08-31 17:29:13.226 I/GoogleInputMethodService(20765): GoogleInputMethodService.onConfigurationChanged():1207 onConfigurationChanged() : NewConfig = {1.0 732mcc111mnc [en_US] ldltr sw411dp w411dp h852dp 420dpi nrml long layoutCompatNeeded widecg port car night finger -keyb/v/h -nav/h winConfig={ mBounds=Rect(0, 0 - 1080, 2400) mAppBounds=Rect(0, 100 - 1080, 2337) mMaxBounds=Rect(0, 0 - 1080, 2400) mDisplayRotation=ROTATION_0 mWindowingMode=fullscreen mDisplayWindowingMode=fullscreen mActivityType=undefined mAlwaysOnTop=undefined mRotation=ROTATION_0} as.2 s.38638 fontWeightAdjustment=0 spntigo gidnull}
08-31 17:29:13.226 I/GoogleInputMethodService(20765): GoogleInputMethodService.onConfigurationChanged():1208 device real metrics: DisplayMetrics{density=2.625, width=1080, height=2400, scaledDensity=2.625, xdpi=422.03, ydpi=420.413}
08-31 17:29:13.226 I/GoogleInputMethodService(20765): GoogleInputMethodService.onConfigurationChanged():1232 Maybe update OEM conditional config because of configuration change
08-31 17:29:13.226 I/InputMethodEntryManager(20765): InputMethodEntryManager.notifyCurrentInputMethodEntryOnContextChanged():607 notifyCurrentInputMethodEntryOnContextChanged()
08-31 17:29:13.226 I/InputMethodEntryManager(20765): InputMethodEntryManager.notifyCurrentInputMethodEntryOnContextChanged():624 Notify current input method entry changed on context change
08-31 17:29:13.229 I/KeyboardContextProvider(20765): KeyboardContextProvider$KeyboardContextCache.createKeyboardContext():173 createKeyboardContext(): es-419, nka@9977740(com.android.inputmethod.latin.LatinIME@b95ee2d), {1.0 732mcc111mnc [es_419] ldltr sw411dp w411dp h852dp 420dpi nrml long layoutCompatNeeded widecg port car night finger -keyb/v/h -nav/h winConfig={ mBounds=Rect(0, 0 - 1080, 2400) mAppBounds=Rect(0, 100 - 1080, 2337) mMaxBounds=Rect(0, 0 - 1080, 2400) mDisplayRotation=ROTATION_0 mWindowingMode=fullscreen mDisplayWindowingMode=fullscreen mActivityType=undefined mAlwaysOnTop=undefined mRotation=ROTATION_0} as.2 s.38638 fontWeightAdjustment=0 spntigo gidnull}
08-31 17:29:13.230 I/GoogleInputMethodService(20765): GoogleInputMethodService.onCurrentInputMethodEntryChanged():2618 onCurrentInputMethodEntryChanged(): imeDefsChanged=false, entryLanguageVariantChanged=false, keyboardContextChanged=true
08-31 17:29:13.230 I/SystemSubtypesReportModule2(20765): SystemSubtypesReportModule2$1.onCurrentInputMethodEntryChanged():115 entry: es-419, source: UNSPECIFIED
08-31 17:29:13.231 I/KeyboardContextProvider(20765): KeyboardContextProvider.setBaseContextAndInvalidKeyboardContextCache():88 setBaseContextAndInvalidKeyboardContextCache(): com.android.inputmethod.latin.LatinIME@b95ee2d
08-31 17:29:13.231 I/DeviceModeModule(20765): DeviceModeModule$2.onConfigurationChanged():85 Device mode 'car' by uiMode '3'
08-31 17:29:13.231 I/GoogleInputMethodService(20765): GoogleInputMethodService.onConfigurationChanged():1250 changedMask : 20000400
08-31 17:29:13.231 I/GoogleInputMethodService(20765): GoogleInputMethodService.clearInputMethodServiceData():1193 clearInputMethodServiceData for configurationChange
08-31 17:29:13.232 I/GoogleInputMethodService(20765): GoogleInputMethodService.discardAllKeyboardViewAndInputView():1447 discardAllKeyboardViewAndInputView()
08-31 17:29:13.232 I/AbstractOpenableExtension(20765): AbstractOpenableExtension.maybeDestroyExistingKeyboardGroupManager():552 Destroy existing keyboard group manager in ixy
08-31 17:29:13.232 I/AbstractOpenableExtension(20765): AbstractOpenableExtension$3.onSuccess():572 KeyboardGroupManager destroyed in ixy.
08-31 17:29:13.232 I/AbstractOpenableExtension(20765): AbstractOpenableExtension.createKeyboardGroupManagerListenableFuture():122 Create keyboard group manager listenable future in ixy
08-31 17:29:13.232 I/AbstractOpenableExtension(20765): AbstractOpenableExtension.maybeDestroyExistingKeyboardGroupManager():552 Destroy existing keyboard group manager in ggk
08-31 17:29:13.232 I/AbstractOpenableExtension(20765): AbstractOpenableExtension$3.onSuccess():572 KeyboardGroupManager destroyed in ggk.
08-31 17:29:13.233 I/AbstractOpenableExtension(20765): AbstractOpenableExtension.createKeyboardGroupManagerListenableFuture():122 Create keyboard group manager listenable future in ggk
08-31 17:29:13.233 I/AbstractOpenableExtension(20765): AbstractOpenableExtension.maybeDestroyExistingKeyboardGroupManager():552 Destroy existing keyboard group manager in jbu
08-31 17:29:13.233 I/AbstractOpenableExtension(20765): AbstractOpenableExtension$3.onSuccess():572 KeyboardGroupManager destroyed in jbu.
08-31 17:29:13.233 I/AbstractOpenableExtension(20765): AbstractOpenableExtension.createKeyboardGroupManagerListenableFuture():122 Create keyboard group manager listenable future in jbu
08-31 17:29:13.233 I/WindowMetricsHelper(20765): WindowMetricsHelper.predictAndNotify():121 Window metrics predicted by cache.
08-31 17:29:13.233 I/GoogleInputMethodService(20765): GoogleInputMethodService.initializeInputMethodServiceData():914 initializeInputMethodServiceData for ose{languageTag=es-419, variant=spanish, hasLocalizedResources=true, conditionCacheKey=_android_software_xr_api_spatial=false_device=car_device_size=default_enable_free_cursor_by_long_press_space=true_enable_number_row=false_enable_number_row_in_password=true_enable_pk_simulator=false_enable_pk_simulator_setting=false_enable_scrub_move=true_enable_secondary_digits=true_enable_secondary_symbols=false_enable_simplified_expression_keyboard=false_expressions=normal_four_or_more_letter_rows=false_free_cursor=false_free_cursor_in_split_keyboard_gap=false_keyboard_font_size_setting=_keyboard_mode=normal_language=es-419_layout_9key_split=false_orientation=portrait_physical_keyboard=nokeys_pk_simulator_vk_ready=false_pref_enable_flick_symbols=false_rtl_layout=false_show_comma_key=true_show_period_key=true_show_secondary_digits=true_show_suggestion_strip=true_show_suggestions=true_split_with_duplicate_keys=true_true=true_variant=spanish_writing_helper_enable_by_word_revert=false, imeDef.stringId=ime_spanish_latin_america, imeDef.className=com.google.android.apps.inputmethod.libs.latin5.LatinIme, imeDef.languageTag=es-419}
08-31 17:29:13.235 I/KeyboardGroupDefParser(20765): KeyboardGroupDefParser.parseKeyboardGroupDef():72 parseKeyboardGroupDef() 2132213851 -> 0_resource_name_obfuscated : WaitTime = 2 ms : RunTime = 0 ms
08-31 17:29:13.235 I/KeyboardGroupDefParser(20765): KeyboardGroupDefParser.parseKeyboardGroupDef():72 parseKeyboardGroupDef() 2132213854 -> 0_resource_name_obfuscated : WaitTime = 2 ms : RunTime = 1 ms
08-31 17:29:13.235 I/KeyboardGroupDefParser(20765): KeyboardGroupDefParser.parseKeyboardGroupDef():72 parseKeyboardGroupDef() 2132213855 -> 0_resource_name_obfuscated : WaitTime = 2 ms : RunTime = 1 ms
08-31 17:29:13.235 I/KeyboardThemeProvider(20765): KeyboardThemeProvider.applyKeyboardTheme():27 Apply keyboard theme: theme,!gsf,!pgsans,!pgsf,!use_system_font,BORDERLESS,FLAVOR_DPI=XXHDPI,KEYBOARD_WIDTH_CATEGORY=NORMAL,KEY_BORDER_SHAPE=0,LIGHT_THEME=false,PHYSICAL_DIAGONAL=6.0498686,POPUP,SCREEN_SHORTEST_WIDTH=411,SCREEN_SHORTEST_WIDTH_NO_SCALE=411,SW400DP,XXHDPI,bottom4dp,builtin_google_blue_dark.binarypb,enable_popup_on_keypress=true,keyboard_redesign_google_sans=true,non_linear_scale,noshadow,silkpopup
08-31 17:29:13.236 I/InputMethodEntryManager(20765): InputMethodEntryManager.getAdditionalImeDefs():2571 getAdditionalImeDefs() called, flag enabled: false, isUserUnlocked: true
08-31 17:29:13.236 I/InputMethodEntryManager(20765): InputMethodEntryManager.getAdditionalImeDefs():2579 OptimizeAdditionalImeDefLoadingFlag disabled, retrieving additional ImeDefs synchronously for entry: ose{languageTag=es-419, variant=spanish, hasLocalizedResources=true, conditionCacheKey=_android_software_xr_api_spatial=false_device=car_device_size=default_enable_free_cursor_by_long_press_space=true_enable_number_row=false_enable_number_row_in_password=true_enable_pk_simulator=false_enable_pk_simulator_setting=false_enable_scrub_move=true_enable_secondary_digits=true_enable_secondary_symbols=false_enable_simplified_expression_keyboard=false_expressions=normal_four_or_more_letter_rows=false_free_cursor=false_free_cursor_in_split_keyboard_gap=false_keyboard_font_size_setting=_keyboard_mode=normal_language=es-419_layout_9key_split=false_orientation=portrait_physical_keyboard=nokeys_pk_simulator_vk_ready=false_pref_enable_flick_symbols=false_rtl_layout=false_show_comma_key=true_show_period_key=true_show_secondary_digits=true_show_suggestion_strip=true_show_suggestions=true_split_with_duplicate_keys=true_true=true_variant=spanish_writing_helper_enable_by_word_revert=false, imeDef.stringId=ime_spanish_latin_america, imeDef.className=com.google.android.apps.inputmethod.libs.latin5.LatinIme, imeDef.languageTag=es-419}
08-31 17:29:13.236 I/InputBundle(20765): InputBundle.prefetchKeyboard():679 prefetchKeyboard: prime
08-31 17:29:13.237 I/KeyboardDefManager(20765): KeyboardDefManager.requestKeyboardDef():127 requestKeyboardDef(): type=prime, info=pot{defIds=[#0x7f170573, #0x7f17081f], defIdsCacheKey=2132215155,2132215839}
08-31 17:29:13.237 I/KeyboardDefManager(20765): KeyboardDefManager.requestKeyboardDef():194 requestKeyboardDef(): getOrCreate from cache, info=pot{defIds=[#0x7f170573, #0x7f17081f], defIdsCacheKey=2132215155,2132215839}
08-31 17:29:13.237 I/KeyboardDefManager(20765): KeyboardDefManager$Companion$addFutureCallbackForKeyboardDefReceiver$<anonymous>.onSuccess():445 requestKeyboardDef onSuccess(): info=pot{defIds=[#0x7f170573, #0x7f17081f], defIdsCacheKey=2132215155,2132215839}
08-31 17:29:13.238 I/KeyboardInterfacePrivate(20765): IKeyboard.createKeyboard():71 Keyboard created from HiltKeyboardFactory: com.google.android.apps.inputmethod.latin.keyboard.LatinPrimeKeyboard
08-31 17:29:13.239 I/InputBundleManager(20765): InputBundleManager.loadActiveInputBundleId():552 loadActiveInputBundleId: es-419, ime_spanish_latin_america
08-31 17:29:13.247 W/PrimesLoggerHolder(20765): FrameMetricServiceImpl.start():170 measurement already started: MeasurementKey{rawStringEventName=null, noPiiEventName=OnConfigurationChanged, isActivity=false}
08-31 17:29:13.248 W/Looper  ( 1809): Slow dispatch took 128ms android.ui h=android.os.Handler c=android.hardware.display.DisplayManagerGlobal$DisplayListenerDelegate$$ExternalSyntheticLambda0@9f1ca2a m=0
08-31 17:29:13.251 W/AccessibilityWindowsPopulator( 1809): The displayInfo of this displayId (0) called back from the surface fligner is null
08-31 17:29:13.259 D/CentralSurfaces( 2649): Received new disable state: enaihbcRso.qingr (unchanged)
08-31 17:29:13.271 D/ViewRootImpl( 2649): update {(0,0)(276x704) ty=NAVIGATION_BAR_PANEL fmt=TRANSLUCENT
08-31 17:29:13.271 D/ViewRootImpl( 2649):   fl=NOT_FOCUSABLE NOT_TOUCHABLE LAYOUT_IN_SCREEN HARDWARE_ACCELERATED
08-31 17:29:13.271 D/ViewRootImpl( 2649):   pfl=SHOW_FOR_ALL_USERS EXCLUDE_FROM_SCREEN_MAGNIFICATION FIT_INSETS_CONTROLLED TRUSTED_OVERLAY
08-31 17:29:13.271 D/ViewRootImpl( 2649):   bhv=DEFAULT} by setView
08-31 17:29:13.289 W/AccessibilityWindowsPopulator( 1809): The displayInfo of this displayId (0) called back from the surface fligner is null
08-31 17:29:13.291 D/CentralSurfaces( 2649): Received new disable state: enaihbcRso.qingr (unchanged)
08-31 17:29:13.311 I/CarrierNetworkType( 2649): loadMotoRatMap carrierId 624 show5gUCFor5gPlus false
08-31 17:29:13.316 W/ModuleManager(20765): ModuleManager.loadModule():641 Module roj is not available
08-31 17:29:13.325 D/VRI[ScreenDecorOverlay]( 2649): update {(0,0)(fillxwrap) gr=TOP CENTER_VERTICAL layoutInDisplayCutoutMode=always ty=NAVIGATION_BAR_PANEL fmt=TRANSLUCENT
08-31 17:29:13.325 D/VRI[ScreenDecorOverlay]( 2649):   fl=NOT_FOCUSABLE NOT_TOUCHABLE NOT_TOUCH_MODAL LAYOUT_IN_SCREEN SPLIT_TOUCH FLAG_SLIPPERY
08-31 17:29:13.325 D/VRI[ScreenDecorOverlay]( 2649):   pfl=SHOW_FOR_ALL_USERS NO_MOVE_ANIMATION IS_ROUNDED_CORNERS_OVERLAY COLOR_SPACE_AGNOSTIC FIT_INSETS_CONTROLLED TRUSTED_OVERLAY
08-31 17:29:13.325 D/VRI[ScreenDecorOverlay]( 2649):   bhv=DEFAULT} by setLayoutParams
08-31 17:29:13.328 D/VRI[ScreenDecorOverlayBottom]( 2649): update {(0,0)(fillxwrap) gr=BOTTOM CENTER_VERTICAL layoutInDisplayCutoutMode=always ty=NAVIGATION_BAR_PANEL fmt=TRANSLUCENT
08-31 17:29:13.328 D/VRI[ScreenDecorOverlayBottom]( 2649):   fl=NOT_FOCUSABLE NOT_TOUCHABLE NOT_TOUCH_MODAL LAYOUT_IN_SCREEN SPLIT_TOUCH FLAG_SLIPPERY
08-31 17:29:13.328 D/VRI[ScreenDecorOverlayBottom]( 2649):   pfl=SHOW_FOR_ALL_USERS NO_MOVE_ANIMATION IS_ROUNDED_CORNERS_OVERLAY COLOR_SPACE_AGNOSTIC FIT_INSETS_CONTROLLED TRUSTED_OVERLAY
08-31 17:29:13.328 D/VRI[ScreenDecorOverlayBottom]( 2649):   bhv=DEFAULT} by setLayoutParams
08-31 17:29:13.335 W/AccessibilityWindowsPopulator( 1809): The displayInfo of this displayId (0) called back from the surface fligner is null
08-31 17:29:13.339 D/MotoMediaSessionUtils( 2649): onActiveSessionsChanged - controllers size: 0 mActiveControllers size: 0
08-31 17:29:13.339 D/MotoMediaSessionUtils( 2649): Final controllers count: 0
08-31 17:29:13.342 D/MotoMediaSessionUtils( 2649): onActiveSessionsChanged - controllers size: 1 mActiveControllers size: 0
08-31 17:29:13.343 D/MotoMediaSessionUtils( 2649): Final controllers count: 1
08-31 17:29:13.344 W/WindowOnBackDispatcher( 2649): sendCancelIfRunning: isInProgress=falsecallback=android.view.ViewRootImpl$$ExternalSyntheticLambda17@77e3d2c
08-31 17:29:13.344 D/CoreBackPreview( 1809): Window{865b4c3 u0 SecondaryHomeHandle0}: Setting back callback null
08-31 17:29:13.350 W/InputManager-JNI( 1809): Input channel object '865b4c3 SecondaryHomeHandle0 (client)' was disposed without first being removed with the input manager!
08-31 17:29:13.355 I/Choreographer( 2649): Skipped 54 frames!  The application may be doing too much work on its main thread.
08-31 17:29:13.361 D/NavigationModeController( 2649): getCurrentUserContext: contextUser=0 currentUser=0
08-31 17:29:13.368 D/VRI[NavigationBar0]( 2649): update {(0,0)(fillx126) gr=BOTTOM CENTER_VERTICAL layoutInDisplayCutoutMode=always ty=NAVIGATION_BAR fmt=TRANSLUCENT
08-31 17:29:13.368 D/VRI[NavigationBar0]( 2649):   fl=NOT_FOCUSABLE NOT_TOUCH_MODAL WATCH_OUTSIDE_TOUCH SPLIT_TOUCH FLAG_SLIPPERY
08-31 17:29:13.368 D/VRI[NavigationBar0]( 2649):   pfl=LAYOUT_SIZE_EXTENDED_BY_CUTOUT COLOR_SPACE_AGNOSTIC FIT_INSETS_CONTROLLED TRUSTED_OVERLAY
08-31 17:29:13.368 D/VRI[NavigationBar0]( 2649):   bhv=DEFAULT
08-31 17:29:13.368 D/VRI[NavigationBar0]( 2649):   providedInsets:
08-31 17:29:13.368 D/VRI[NavigationBar0]( 2649):     InsetsFrameProvider: {id=#7f1c0001, index=0, type=navigationBars, source=FRAME, flags=[SUPPRESS_SCRIM], insetsSize=Insets{left=0, top=0, right=0, bottom=63}, insetsSizeOverrides=[TypedInsetsSize: {windowType=INPUT_METHOD, insetsSize=null}]}
08-31 17:29:13.368 D/VRI[NavigationBar0]( 2649):     InsetsFrameProvider: {id=#7f1c0006, index=0, type=tappableElement, source=FRAME, flags=[], insetsSize=Insets{left=0, top=0, right=0, bottom=0}}
08-31 17:29:13.368 D/VRI[NavigationBar0]( 2649):     InsetsFrameProvider: {id=#7f1c0005, index=0, type=mandatorySystemGestures, source=FRAME, flags=[], insetsSize=Insets{left=0, top=0, right=0, bottom=84}}
08-31 17:29:13.368 D/VRI[NavigationBar0]( 2649):     InsetsFrameProvider: {id=#7f1c0004, index=0, type=systemGestures, source=DISPLAY, flags=[], insetsSize=Insets{left=78, top=0, right=0, bottom=0}, mMinimalInsetsSizeInDisplayCutoutSafe=Insets{left=78, top=0, right=0, bottom=0}}
08-31 17:29:13.368 D/VRI[NavigationBar0]( 2649):     InsetsFrameProvider: {id=#7f1c0024, index=1, type=systemGestures, source=DISPLAY, flags=[], insetsSize=Insets{left=0, top=0, right=78, bottom=0}, mMinimalInsetsSizeInDisplayCutoutSafe=Insets{left=0, top=0, right=78, bottom=0}}
08-31 17:29:13.368 D/VRI[NavigationBar0]( 2649):   paramsForRotation:
08-31 17:29:13.368 D/VRI[NavigationBar0]( 2649):     ROTATION_0={(0,0)(fillx126) gr=BOTTOM CENTER_VERTICAL layoutInDisplayCutoutMode=always ty=NAVIGATION_BAR fmt=TRANSLUCENT
08-31 17:29:13.368 D/VRI[NavigationBar0]( 2649):       fl=NOT_FOCUSABLE NOT_TOUCH_MODAL WATCH_OUTSIDE_TOUCH SPLIT_TOUCH FLAG_SLIPPERY
08-31 17:29:13.368 D/VRI[NavigationBar0]( 2649):       pfl=LAYOUT_SIZE_EXTENDED_BY_CUTOUT COLOR_SPACE_AGNOSTIC FIT_INSETS_CONTROLLED TRUSTED_OVERLAY
08-31 17:29:13.368 D/VRI[NavigationBar0]( 2649):       bhv=DEFAULT
08-31 17:29:13.368 D/VRI[NavigationBar0]( 2649):       providedInsets:
08-31 17:29:13.368 D/VRI[NavigationBar0]( 2649):         InsetsFrameProvider: {id=#7f1c0001, index=0, type=navigationBars, source=FRAME, flags=[SUPPRESS_SCRIM], insetsSize=Insets{left=0, top=0, right=0, bottom=63}, insetsSizeOverrides=[TypedInsetsSize: {windowType=INPUT_METHOD, insetsSize=null}]}
08-31 17:29:13.368 D/VRI[NavigationBar0]( 2649):         InsetsFrameProvider: {id=#7f1c0006, index=0, type=tappableElement, source=FRAME, flags=[], insetsSize=Insets{left=0, top=0, right=0, bottom=0}}
08-31 17:29:13.368 D/VRI[NavigationBar0]( 2649):         InsetsFrameProvider: {id=#7f1c0005, index=0, type=mandatorySystemGestures, source=FRAME, flags=[], insetsSize=Insets{left=0, top=0, right=0, bottom=84}}
08-31 17:29:13.368 D/VRI[NavigationBar0]( 2649):         InsetsFrameProvider: {id=#7f1c0004, index=0, type=systemGestures, source=DISPLAY, flags=[], insetsSize=Insets{left=78, top=0, right=0, bottom=0}, mMinimalInsetsSizeInDisplayCutoutSafe=Insets{left=78, top=0, right=0, bottom=0}}
08-31 17:29:13.368 D/VRI[NavigationBar0]( 2649):         InsetsFrameProvider: {id=#7f1c0024, index=1, type=systemGestures, source=DISPLAY, flags=[], insetsSize=Insets{left=0, top=0, right=78, bottom=0}, mMinimalInsetsSizeInDisplayCutoutSafe=Insets{left=0, top=0, right=78, bottom=0}}}
08-31 17:29:13.368 D/VRI[NavigationBar0]( 2649):     ROTATION_90={(0,0)(fillx126) gr=BOTTOM CENTER_VERTICAL layoutInDisplayCutoutMode=always ty=NAVIGATION_BAR fmt=TRANSLUCENT
08-31 17:29:13.368 D/VRI[NavigationBar0]( 2649):       fl=NOT_FOCUSABLE NOT_TOUCH_MODAL WATCH_OUTSIDE_TOUCH SPLIT_TOUCH FLAG_SLIPPERY
08-31 17:29:13.368 D/VRI[NavigationBar0]( 2649):       pfl=LAYOUT_SIZE_EXTENDED_BY_CUTOUT COLOR_SPACE_AGNOSTIC FIT_INSETS_CONTROLLED TRUSTED_OVERLAY
08-31 17:29:13.368 D/VRI[NavigationBar0]( 2649):       bhv=DEFAULT
08-31 17:29:13.368 D/VRI[NavigationBar0]( 2649):       providedInsets:
08-31 17:29:13.368 D/VRI[NavigationBar0]( 2649):         InsetsFrameProvider: {id=#7f1c0001, index=0, type=navigationBars, source=FRAME, flags=[SUPPRESS_SCRIM], insetsSize=Insets{left=0, top=0, right=0, bottom=63}, insetsSizeOverrides=[TypedInsetsSize: {windowType=INPUT_METHOD, insetsSize=null}]}
08-31 17:29:13.368 D/VRI[NavigationBar0]( 2649):         InsetsFrameProvider: {id=#7f1c0006, index=0, type=tappableElement, source=FRAME, flags=[], insetsSize=Insets{left=0, top=0, right=0, bottom=0}}
08-31 17:29:13.368 D/VRI[NavigationBar0]( 2649):         InsetsFrameProvider: {id=#7f1c0005, index=0, type=mandatorySystemGestures, source=FRAME, flags=[], insetsSize=Insets{left=0, top=0, right=0, bottom=84}}
08-31 17:29:13.368 D/VRI[NavigationBar0]( 2649):         InsetsFrameProvider: {id=#7f1c0004, index=0, type=systemGestures, source=DISPLAY, flags=[], insetsSize=Insets{left=78, top=0, right=0, bottom=0}, mMinimalInsetsSizeInDisplayCutoutSafe=Insets{left=78, top=0, right=0, bottom=0}}
08-31 17:29:13.368 D/VRI[NavigationBar0]( 2649):         InsetsFrameProvider: {id=#7f1c0024, index=1, type=systemGestures, source=DISPLAY, flags=[], insetsSize=Insets{left=0, top=0, right=78, bottom=0}, mMinimalInsetsSizeInDisplayCutoutSafe=Insets{left=0, top=0, right=78, bottom=0}}}
08-31 17:29:13.368 D/VRI[NavigationBar0]( 2649):     ROTATION_180={(0,0)(fillx126) gr=BOTTOM CENTER_VERTICAL layoutInDisplayCutoutMode=always ty=NAVIGATION_BAR fmt=TRANSLUCENT
08-31 17:29:13.368 D/VRI[NavigationBar0]( 2649):       fl=NOT_FOCUSABLE NOT_TOUCH_MODAL WATCH_OUTSIDE_TOUCH SPLIT_TOUCH FLAG_SLIPPERY
08-31 17:29:13.368 D/VRI[NavigationBar0]( 2649):       pfl=LAYOUT_SIZE_EXTENDED_BY_CUTOUT COLOR_SPACE_AGNOSTIC FIT_INSETS_CONTROLLED TRUSTED_OVERLAY
08-31 17:29:13.368 D/VRI[NavigationBar0]( 2649):       bhv=DEFAULT
08-31 17:29:13.368 D/VRI[NavigationBar0]( 2649):       providedInsets:
08-31 17:29:13.368 D/VRI[NavigationBar0]( 2649):         InsetsFrameProvider: {id=#7f1c0001, index=0, type=navigationBars, source=FRAME, flags=[SUPPRESS_SCRIM], insetsSize=Insets{left=0, top=0, right=0, bottom=63}, insetsSizeOverrides=[TypedInsetsSize: {windowType=INPUT_METHOD, insetsSize=null}]}
08-31 17:29:13.368 D/VRI[NavigationBar0]( 2649):         InsetsFrameProvider: {id=#7f1c0006, index=0, type=tappableElement, source=FRAME, flags=[], insetsSize=Insets{left=0, top=0, right=0, bottom=0}}
08-31 17:29:13.368 D/VRI[NavigationBar0]( 2649):         InsetsFrameProvider: {id=#7f1c0005, index=0, type=mandatorySystemGestures, source=FRAME, flags=[], insetsSize=Insets{left=0, top=0, right=0, bottom=84}}
08-31 17:29:13.368 D/VRI[NavigationBar0]( 2649):         InsetsFrameProvider: {id=#7f1c0004, index=0, type=systemGestures, source=DISPLAY, flags=[], insetsSize=Insets{left=78, top=0, right=0, bottom=0}, mMinimalInsetsSizeInDisplayCutoutSafe=Insets{left=78, top=0, right=0, bottom=0}}
08-31 17:29:13.368 D/VRI[NavigationBar0]( 2649):         InsetsFrameProvider: {id=#7f1c0024, index=1, type=systemGestures, source=DISPLAY, flags=[], insetsSize=Insets{left=0, top=0, right=78, bottom=0}, mMinimalInsetsSizeInDisplayCutoutSafe=Insets{left=0, top=0, right=78, bottom=0}}}
08-31 17:29:13.368 D/VRI[NavigationBar0]( 2649):     ROTATION_270={(0,0)(fillx126) gr=BOTTOM CENTER_VERTICAL layoutInDisplayCutoutMode=always ty=NAVIGATION_BAR fmt=TRANSLUCENT
08-31 17:29:13.368 D/VRI[NavigationBar0]( 2649):       fl=NOT_FOCUSABLE NOT_TOUCH_MODAL WATCH_OUTSIDE_TOUCH SPLIT_TOUCH FLAG_SLIPPERY
08-31 17:29:13.368 D/VRI[NavigationBar0]( 2649):       pfl=LAYOUT_SIZE_EXTENDED_BY_CUTOUT COLOR_SPACE_AGNOSTIC FIT_INSETS_CONTROLLED TRUSTED_OVERLAY
08-31 17:29:13.368 D/VRI[NavigationBar0]( 2649):       bhv=DEFAULT
08-31 17:29:13.368 D/VRI[NavigationBar0]( 2649):       providedInsets:
08-31 17:29:13.368 D/VRI[NavigationBar0]( 2649):         InsetsFrameProvider: {id=#7f1c0001, index=0, type=navigationBars, source=FRAME, flags=[SUPPRESS_SCRIM], insetsSize=Insets{left=0, top=0, right=0, bottom=63}, insetsSizeOverrides=[TypedInsetsSize: {windowType=INPUT_METHOD, insetsSize=null}]}
08-31 17:29:13.368 D/VRI[NavigationBar0]( 2649):         InsetsFrameProvider: {id=#7f1c0006, index=0, type=tappableElement, source=FRAME, flags=[], insetsSize=Insets{left=0, top=0, right=0, bottom=0}}
08-31 17:29:13.368 D/VRI[NavigationBar0]( 2649):         InsetsFrameProvider: {id=#7f1c0005, index=0, type=mandatorySystemGestures, source=FRAME, flags=[], insetsSize=Insets{left=0, top=0, right=0, bottom=84}}
08-31 17:29:13.368 D/VRI[NavigationBar0]( 2649):         InsetsFrameProvider: {id=#7f1c0004, index=0, type=systemGestures, source=DISPLAY, flags=[], insetsSize=Insets{left=78, top=0, right=0, bottom=0}, mMinimalInsetsSizeInDisplayCutoutSafe=Insets{left=78, top=0, right=0, bottom=0}}
08-31 17:29:13.368 D/VRI[NavigationBar0]( 2649):         InsetsFrameProvider: {id=#7f1c0024, index=1, type=systemGestures, source=DISPLAY, flags=[], insetsSize=Insets{left=0, top=0, right=78, bottom=0}, mMinimalInsetsSizeInDisplayCutoutSafe=Insets{left=0, top=0, right=78, bottom=0}}}} by setLayoutParams
08-31 17:29:13.381 D/ViewRootImpl( 2649): update {(0,0)(0x0) ty=NAVIGATION_BAR_PANEL fmt=TRANSLUCENT
08-31 17:29:13.381 D/ViewRootImpl( 2649):   fl=NOT_FOCUSABLE NOT_TOUCHABLE NOT_TOUCH_MODAL LAYOUT_IN_SCREEN HARDWARE_ACCELERATED FLAG_SLIPPERY
08-31 17:29:13.381 D/ViewRootImpl( 2649):   pfl=NO_MOVE_ANIMATION LAYOUT_SIZE_EXTENDED_BY_CUTOUT
08-31 17:29:13.381 D/ViewRootImpl( 2649):   bhv=DEFAULT
08-31 17:29:13.381 D/ViewRootImpl( 2649):   fitTypes=STATUS_BARS NAVIGATION_BARS CAPTION_BAR} by setView
08-31 17:29:13.391 W/AccessibilityWindowsPopulator( 1809): The displayInfo of this displayId (0) called back from the surface fligner is null
08-31 17:29:13.396 D/CoreBackPreview( 1809): Window{4c55846 u0 NavigationBar0}: Setting back callback OnBackInvokedCallbackInfo{mCallback=android.window.IOnBackInvokedCallback$Stub$Proxy@78a0018, mPriority=0, mIsAnimationCallback=false}
08-31 17:29:13.412 E/OpenGLRenderer( 2649): Unable to match the desired swap behavior.
08-31 17:29:13.414 D/NavigationModeController( 2649): getCurrentUserContext: contextUser=0 currentUser=0
08-31 17:29:13.418 I/SP      (20765): Sync for emoticon_content_description succeeded in 375 ms: no changes
08-31 17:29:13.418 I/SP      (20765): Sync for content_cache succeeded in 375 ms: no changes
08-31 17:29:13.419 I/SP      (20765): GC for 'emoticon_content_description' (10) with ttl of 0 ms took 0 ms (0/0/0)
08-31 17:29:13.419 I/SP      (20765): GC for 'content_cache' (10) with ttl of 0 ms took 0 ms (0/0/0)
08-31 17:29:13.428 I/SuperpacksManagerImpl(20765): SuperpacksManagerImpl$19.onSyncSuccess():947 emoticon_content_description.sync() succeeded
08-31 17:29:13.428 I/SuperpacksManagerImpl(20765): SuperpacksManagerImpl$19.onSyncSuccess():947 content_cache.sync() succeeded
08-31 17:29:13.440 W/AccessibilityWindowsPopulator( 1809): The displayInfo of this displayId (0) called back from the surface fligner is null
08-31 17:29:13.440 D/CoreBackPreview( 1809): Window{52911da u0 EdgeBackGestureHandler0}: Setting back callback OnBackInvokedCallbackInfo{mCallback=android.window.IOnBackInvokedCallback$Stub$Proxy@c598a71, mPriority=0, mIsAnimationCallback=false}
08-31 17:29:13.442 I/system_server( 1809): Background young concurrent copying GC freed 21MB AllocSpace bytes, 28(1276KB) LOS objects, 18% free, 104MB/128MB, paused 508us,691us total 143.238ms
08-31 17:29:13.448 W/System  ( 1809): A resource failed to call release. 
08-31 17:29:13.484 W/AccessibilityWindowsPopulator( 1809): The displayInfo of this displayId (0) called back from the surface fligner is null
08-31 17:29:13.532 D/StatusBarIconController( 2649): ignoring old pipeline callbacks, because the new mobile icons are enabled
08-31 17:29:13.532 D/CBR_SystemUI( 2649): CarrierLabel - : updateLabel cellMsg:  cellEnabled: true
08-31 17:29:13.532 D/CBR_SystemUI( 2649): CarrierLabel - : updateLabel mCellBroadcastMessage Visibility: 8
08-31 17:29:13.532 D/CBR_SystemUI( 2649): CarrierLabel - : updateLabel cellMsg:  cellEnabled: true
08-31 17:29:13.533 D/CBR_SystemUI( 2649): CarrierLabel - : updateLabel mCellBroadcastMessage Visibility: 8
08-31 17:29:13.533 D/StatusBarIconController( 2649): ignoring old pipeline callbacks, because the new mobile icons are enabled
08-31 17:29:13.535 W/WindowOnBackDispatcher( 2649): sendCancelIfRunning: isInProgress=falsecallback=android.view.ViewRootImpl$$ExternalSyntheticLambda17@6885ef6
08-31 17:29:13.536 D/BoundBrokerSvc(10829): onUnbind: Intent { act=com.google.android.gms.libs.gmscorelogger.service.START dat=chimera-action:/... cmp=com.google.android.gms/.chimera.PersistentDirectBootAwareApiService }
08-31 17:29:13.539 V/WindowManager( 1809): Sent Transition #17705 createdAt=08-31 17:29:12.714 via request=TransitionRequestInfo { type = 6, triggerTask = null, remoteTransition = null, displayChange = null, flags = 0 }
08-31 17:29:13.539 V/WindowManager( 1809):     startWCT=WindowContainerTransaction { changes = {} hops = [] errorCallbackToken=null taskFragmentOrganizer=null }
08-31 17:29:13.539 V/WindowManager( 1809):     info={id=17705 t=CHANGE f=0x440 trk=0 r=[0@Point(0, 0)] c=[{WCT{RemoteToken{42a5076 Display{#0 state=OFF size=1080x2400 ROTATION_0}}} m=CHANGE f=IS_DISPLAY leash=Surface(name=WindowedMagnification:0:31)/@0x3e7f97a sb=Rect(0, 0 - 1080, 2400) eb=Rect(0, 0 - 1080, 2400) d=0}]}
08-31 17:29:13.546 W/InputManager-JNI( 1809): Input channel object '4c8513c EdgeBackGestureHandler0 (client)' was disposed without first being removed with the input manager!
08-31 17:29:13.549 W/WindowManager( 1809): Failed looking up window session=Session{22e720d 2649:u0a10279} callers=com.android.server.wm.WindowManagerService.windowForClientLocked:6543 com.android.server.wm.Session.setOnBackInvokedCallbackInfo:989 android.view.IWindowSession$Stub.onTransact:1204 
08-31 17:29:13.549 W/WindowManager( 1809): win is null client=android.os.BinderProxy@696610e
08-31 17:29:13.549 I/WindowManager( 1809): setOnBackInvokedCallback(): No window state for package:com.android.systemui
08-31 17:29:13.553 V/WindowManagerShell( 2649): onTransitionReady android.os.BinderProxy@55822b8: {id=17705 t=CHANGE f=0x440 trk=0 r=[0@Point(0, 0)] c=[{WCT{android.window.IWindowContainerToken$Stub$Proxy@3cfcef6} m=CHANGE f=IS_DISPLAY leash=Surface(name=WindowedMagnification:0:31)/@0x29535b8 sb=Rect(0, 0 - 1080, 2400) eb=Rect(0, 0 - 1080, 2400) d=0}]}
08-31 17:29:13.553 V/WindowManagerShell( 2649): Playing animation for (#17705)android.os.BinderProxy@55822b8@0
08-31 17:29:13.553 V/WindowManagerShell( 2649):  try handler com.android.wm.shell.transition.DefaultMixedHandler@c07f964
08-31 17:29:13.553 V/WindowManagerShell( 2649):  try handler com.android.wm.shell.keyguard.KeyguardTransitionHandler@4b9d7cd
08-31 17:29:13.553 V/WindowManagerShell( 2649):  try handler com.android.wm.shell.activityembedding.ActivityEmbeddingController@86f8882
08-31 17:29:13.553 V/WindowManagerShell( 2649):  try handler com.android.wm.shell.recents.RecentsTransitionHandler@9a0eb93
08-31 17:29:13.553 V/ShellRecents( 2649): RecentsTransitionHandler.startAnimation: no controller found
08-31 17:29:13.553 V/WindowManagerShell( 2649):  try handler com.android.wm.shell.pip.PipTransition@7fd47d0
08-31 17:29:13.553 V/WindowManagerShell( 2649):  try handler com.android.wm.shell.splitscreen.StageCoordinator@d9923c9
08-31 17:29:13.553 V/WindowManagerShell( 2649):  try handler com.android.wm.shell.transition.RemoteTransitionHandler@991aace
08-31 17:29:13.553 V/WindowManagerShell( 2649):  try handler com.android.wm.shell.transition.DefaultTransitionHandler@e64adef
08-31 17:29:13.553 V/WindowManagerShell( 2649): start default transition animation, info = {id=17705 t=CHANGE f=0x440 trk=0 r=[0@Point(0, 0)] c=[{WCT{android.window.IWindowContainerToken$Stub$Proxy@3cfcef6} m=CHANGE f=IS_DISPLAY leash=Surface(name=WindowedMagnification:0:31)/@0x29535b8 sb=Rect(0, 0 - 1080, 2400) eb=Rect(0, 0 - 1080, 2400) d=0}]}
08-31 17:29:13.556 V/WindowManagerShell( 2649): Transition animation finished (aborted=false), notifying core (#17705)android.os.BinderProxy@55822b8@0
08-31 17:29:13.557 V/WindowManager( 1809): Finish Transition #17705: created at 08-31 17:29:12.714 collect-started=0.013ms request-sent=0.052ms started=20.664ms ready=22.964ms sent=822.959ms finished=842.483ms
08-31 17:29:13.559 V/WindowManagerShell( 2649): Track 0 became idle
08-31 17:29:13.559 V/WindowManagerShell( 2649): All active transition animations finished
08-31 17:29:13.559 V/WindowManagerShell( 2649):  animated by com.android.wm.shell.transition.DefaultTransitionHandler@e64adef
08-31 17:29:13.559 V/WindowManagerShell( 2649): Track 0 became idle
08-31 17:29:13.559 V/WindowManagerShell( 2649): All active transition animations finished
08-31 17:29:13.597 D/CoreBackPreview( 1809): Window{8432cdf u0 SecondaryHomeHandle0}: Setting back callback OnBackInvokedCallbackInfo{mCallback=android.window.IOnBackInvokedCallback$Stub$Proxy@f5f2b73, mPriority=0, mIsAnimationCallback=false}
08-31 17:29:13.649 W/AccessibilityWindowsPopulator( 1809): The displayInfo of this displayId (0) called back from the surface fligner is null
08-31 17:29:13.687 W/adbd    (15414): timed out while waiting for FUNCTIONFS_BIND, trying again
08-31 17:29:13.688 I/adbd    (15414): UsbFfs: connection terminated: monitor thread finished
08-31 17:29:13.746 I/adbd    (15414): opening control endpoint /dev/usb-ffs/adb/ep0
08-31 17:29:13.755 D/LocalImageResolver( 2649): Couldn't use ImageDecoder for drawable, falling back to non-resized load.
08-31 17:29:13.763 D/LocalImageResolver( 2649): Couldn't use ImageDecoder for drawable, falling back to non-resized load.
08-31 17:29:13.941 W/AccessibilityManagerService( 1809):  wait for adding window timeout: 16769
08-31 17:29:15.177 D/DeviceStatisticsService( 2823): onReceive: action= android.intent.action.BATTERY_CHANGED
08-31 17:29:15.181 V/UiModeManager( 1809): updateLocked: null action, mDockState=0, category=null
08-31 17:29:15.181 V/DeviceStatisticsService( 2823): chargerType=0 batteryLevel=33 totalBatteryCapacity=3612100
08-31 17:29:15.181 D/DeviceInfoHidlClient( 2823): isRadioOn()=true
08-31 17:29:15.181 I/DeviceInfoHidlClient( 2823): isPowerInfoNeverSent=false batteryLevel=33 batteryLevelIndex=1 chargingMode=0 totalCapacity=3612100 powerSaveMode=false
08-31 17:29:15.181 D/UiModeManager( 1809): updateConfigurationLocked: mDockState=0; mCarMode=true; mNightMode=2; mNightModeCustomType=-1; uiMode=35
08-31 17:29:16.400 W/Looper  ( 1809): Slow delivery took 212ms main h=com.android.server.notification.NotificationManagerService$WorkerHandler c=com.android.server.notification.NotificationManagerService$PostNotificationRunnable@fc2ce72 m=0
08-31 17:29:16.402 W/Looper  ( 1809): Drained
08-31 17:29:16.403 W/adbd    (15414): timed out while waiting for FUNCTIONFS_BIND, trying again
08-31 17:29:16.403 I/adbd    (15414): UsbFfs: connection terminated: monitor thread finished
08-31 17:29:16.404 I/NotifySyncService_19740_20766(19740): MSG_NOTIFY_POSTED 
08-31 17:29:16.404 I/NotifySyncService_19740_20766(19740): onNotificationPosted Id:10 key:-1|android|10|null|1000 PackageName:android IsOngoing:true PostTime:1788215355180 currentDeviceModel.connected: false
08-31 17:29:16.405 I/NotifySyncService_19740_20766(19740): onNotificationPosted Id:10 , appName : Android System
08-31 17:29:16.405 I/NotifyLogUtils_19740_25228(19740): isIgnoringBatteryOptimizations true
08-31 17:29:16.405 I/NotifySyncService_19740_20766(19740): isFlagNoClearNotification flag = 2051
08-31 17:29:16.406 I/NotifySyncService_19740_20766(19740):  isOngoing = true isIncomingCall = false
08-31 17:29:16.407 I/MotoDesktopLog(20909): [ NotificationMonitorService ] - onNotificationPosted: Notification(channel=CAR_MODE shortcut=null contentView=null vibrate=null sound=null defaults=0x4 flags=0x803 color=0x00000000 vis=PRIVATE)
08-31 17:29:16.414 D/DeviceStatisticsService( 2823): onReceive: action= android.intent.action.BATTERY_CHANGED
08-31 17:29:16.416 V/UiModeManager( 1809): updateLocked: null action, mDockState=0, category=null
08-31 17:29:16.416 D/UiModeManager( 1809): updateConfigurationLocked: mDockState=0; mCarMode=true; mNightMode=2; mNightModeCustomType=-1; uiMode=35
08-31 17:29:16.419 V/DeviceStatisticsService( 2823): chargerType=0 batteryLevel=33 totalBatteryCapacity=3612100
08-31 17:29:16.445 I/adbd    (15414): opening control endpoint /dev/usb-ffs/adb/ep0
08-31 17:29:17.634 W/Looper  ( 1809): Slow delivery took 264ms main h=com.android.server.notification.NotificationManagerService$WorkerHandler c=com.android.server.notification.NotificationManagerService$PostNotificationRunnable@abaa76c m=0
08-31 17:29:17.641 I/NotifySyncService_19740_20766(19740): MSG_NOTIFY_POSTED 
08-31 17:29:17.642 I/NotifySyncService_19740_20766(19740): onNotificationPosted Id:10 key:-1|android|10|null|1000 PackageName:android IsOngoing:true PostTime:1788215356415 currentDeviceModel.connected: false
08-31 17:29:17.642 W/Looper  ( 1809): Drained
08-31 17:29:17.642 I/NotifySyncService_19740_20766(19740): onNotificationPosted Id:10 , appName : Android System
08-31 17:29:17.642 I/NotifySyncService_19740_20766(19740): isFlagNoClearNotification flag = 2051
08-31 17:29:17.643 I/NotifySyncService_19740_20766(19740):  isOngoing = true isIncomingCall = false
08-31 17:29:17.643 I/MotoDesktopLog(20909): [ NotificationMonitorService ] - onNotificationPosted: Notification(channel=CAR_MODE shortcut=null contentView=null vibrate=null sound=null defaults=0x4 flags=0x803 color=0x00000000 vis=PRIVATE)
08-31 17:29:17.646 I/NotifyLogUtils_19740_25229(19740): isIgnoringBatteryOptimizations true
08-31 17:29:17.653 D/DeviceStatisticsService( 2823): onReceive: action= android.intent.action.BATTERY_CHANGED
08-31 17:29:17.654 V/UiModeManager( 1809): updateLocked: null action, mDockState=0, category=null
08-31 17:29:17.654 D/UiModeManager( 1809): updateConfigurationLocked: mDockState=0; mCarMode=true; mNightMode=2; mNightModeCustomType=-1; uiMode=35
08-31 17:29:17.662 V/DeviceStatisticsService( 2823): chargerType=0 batteryLevel=33 totalBatteryCapacity=3612100
08-31 17:29:17.709 W/a.mobiledesktop(20909): Reducing the number of considered missed Gc histogram windows from 246 to 100
08-31 17:29:18.862 W/Looper  ( 1809): Slow delivery took 307ms main h=android.app.PropertyInvalidatedCache$AutoCorker$1 c=null m=0
08-31 17:29:18.869 W/Looper  ( 1809): Drained
08-31 17:29:18.870 I/NotifySyncService_19740_20766(19740): MSG_NOTIFY_POSTED 
08-31 17:29:18.871 I/NotifySyncService_19740_20766(19740): onNotificationPosted Id:10 key:-1|android|10|null|1000 PackageName:android IsOngoing:true PostTime:1788215357653 currentDeviceModel.connected: false
08-31 17:29:18.871 I/MotoDesktopLog(20909): [ NotificationMonitorService ] - onNotificationPosted: Notification(channel=CAR_MODE shortcut=null contentView=null vibrate=null sound=null defaults=0x4 flags=0x803 color=0x00000000 vis=PRIVATE)
08-31 17:29:18.872 I/NotifySyncService_19740_20766(19740): onNotificationPosted Id:10 , appName : Android System
08-31 17:29:18.872 I/NotifySyncService_19740_20766(19740): isFlagNoClearNotification flag = 2051
08-31 17:29:18.872 I/NotifySyncService_19740_20766(19740):  isOngoing = true isIncomingCall = false
08-31 17:29:18.875 I/NotifyLogUtils_19740_25229(19740): isIgnoringBatteryOptimizations true
08-31 17:29:18.891 D/DeviceStatisticsService( 2823): onReceive: action= android.intent.action.BATTERY_CHANGED
08-31 17:29:18.893 V/UiModeManager( 1809): updateLocked: null action, mDockState=0, category=null
08-31 17:29:18.893 D/UiModeManager( 1809): updateConfigurationLocked: mDockState=0; mCarMode=true; mNightMode=2; mNightModeCustomType=-1; uiMode=35
08-31 17:29:18.896 V/DeviceStatisticsService( 2823): chargerType=0 batteryLevel=33 totalBatteryCapacity=3612100
08-31 17:29:19.082 I/QcrilOemhookMsgTunnel( 2823): [1]processOemHookIndication length=21
08-31 17:29:19.083 D/QcrilMsgTunnelIfaceManager( 2823): handleMessage what = 0
08-31 17:29:19.085 D/QC_RIL_OEM_HOOK( 2862): Received Broadcast Intent ACTION_UNSOL_RESPONSE_OEM_HOOK_RAW
08-31 17:29:19.085 D/QC_RIL_OEM_HOOK( 2862): Oem ID in QCRILHOOK UNSOL RESP is QOEMHOOK
08-31 17:29:19.086 D/QC_RIL_OEM_HOOK( 2862): Received Broadcast Intent ACTION_UNSOL_RESPONSE_OEM_HOOK_RAW
08-31 17:29:19.086 D/QC_RIL_OEM_HOOK( 2862): Oem ID in QCRILHOOK UNSOL RESP is QOEMHOOK
08-31 17:29:19.086 D/QC_RIL_OEM_HOOK( 2823): Received Broadcast Intent ACTION_UNSOL_RESPONSE_OEM_HOOK_RAW
08-31 17:29:19.086 D/QC_RIL_OEM_HOOK( 2823): Oem ID in QCRILHOOK UNSOL RESP is QOEMHOOK
08-31 17:29:19.106 I/MotoDesktopLog(20909): [ NotificationMonitorService ] - onNotificationPosted: Notification(channel=CAR_MODE shortcut=null contentView=null vibrate=null sound=null defaults=0x4 flags=0x803 color=0x00000000 vis=PRIVATE)
08-31 17:29:19.106 I/NotifySyncService_19740_20766(19740): MSG_NOTIFY_POSTED 
08-31 17:29:19.107 I/NotifySyncService_19740_20766(19740): onNotificationPosted Id:10 key:-1|android|10|null|1000 PackageName:android IsOngoing:true PostTime:1788215358892 currentDeviceModel.connected: false
08-31 17:29:19.108 I/NotifySyncService_19740_20766(19740): onNotificationPosted Id:10 , appName : Android System
08-31 17:29:19.108 I/NotifySyncService_19740_20766(19740): isFlagNoClearNotification flag = 2051
08-31 17:29:19.108 I/NotifySyncService_19740_20766(19740):  isOngoing = true isIncomingCall = false
08-31 17:29:19.109 I/NotifyLogUtils_19740_25229(19740): isIgnoringBatteryOptimizations true
08-31 17:29:19.114 D/PowerManagerService( 1809): nativeAcquireSuspendBlocker name:PowerManagerService.WakeLocks duration ms: 1
08-31 17:29:19.115 D/QtiRadiohidlIndication( 2823): onNrDcParamChange: slotId = 1
08-31 17:29:19.115 D/QtiRadioProxy( 2823): onNrDcParam slotId = 1 dcParam = DcParam: Endc: 0 Dcnr: 0
08-31 17:29:19.116 D/QtiRadioProxyHandler: ( 2823): handleMessage msg.what = 8
08-31 17:29:19.116 D/QtiRadioProxyHandler: ( 2823): EVENT_ON_NR_DC_PARAM
08-31 17:29:19.116 E/RIL-MOTEXT( 1577): qcrilUpdRegRAT, called , rat =5
08-31 17:29:19.116 D/ExtTelephonyServiceImpl( 2823): Retrieved callbacks for event = 19 list = [com.qti.extphone.IExtPhoneCallback$Stub$Proxy@1dfe9aa]
08-31 17:29:19.116 D/QtiRadioProxy( 2823): onNrDcParam: Responding back for transaction = null
08-31 17:29:19.116 D/ExtPhoneCallbackBase( 2862): UNIMPLEMENTED: onNrDcParam: slotId = 1 token = Token: -1 statusStatus: 1 dcParam = DcParam: Endc: 0 Dcnr: 0
08-31 17:29:19.116 D/QtiRadiohidlIndication( 2823): onUpperLayerIndInfoChange: slotId = 1
08-31 17:29:19.117 D/QtiRadioProxy( 2823): onUpperLayerIndInfo slotId = 1 upperLayerInfo = UpperLayerIndInfo: PLMN: 0 UpperLayerIndInfo: 0
08-31 17:29:19.117 D/QtiRadioProxyHandler: ( 2823): handleMessage msg.what = 9
08-31 17:29:19.117 D/QtiRadioProxyHandler: ( 2823): EVENT_ON_UPPER_LAYER_IND_INFO
08-31 17:29:19.117 D/ExtTelephonyServiceImpl( 2823): Retrieved callbacks for event = 27 list = [com.qti.extphone.IExtPhoneCallback$Stub$Proxy@1dfe9aa]
08-31 17:29:19.117 D/QtiRadioProxy( 2823): onUpperLayerIndInfo: Responding back for transaction = null
08-31 17:29:19.117 D/ExtPhoneCallbackBase( 2862): UNIMPLEMENTED: onUpperLayerIndInfo: slotId = 1 token = Token: -1 statusStatus: 1 UpperLayerIndInfo = UpperLayerIndInfo: PLMN: 0 UpperLayerIndInfo: 0
08-31 17:29:19.126 W/IWlanNetworkService( 2813): 58024 > Response Processed
08-31 17:29:19.148 E/RIL-MOTEXT( 1577): qcrilUpdateOperator, called
08-31 17:29:19.150 E/RIL-MOTEXT( 1577): qcrilUpdRegRAT, called , rat =5
08-31 17:29:19.158 E/RIL-MOTEXT( 1577): qcrilUpdRegRAT, called , rat =5
08-31 17:29:19.205 D/CBR_SystemUI( 2649): CarrierLabel - : updateLabel cellMsg:  cellEnabled: true
08-31 17:29:19.205 D/CBR_SystemUI( 2649): CarrierLabel - : updateLabel mCellBroadcastMessage Visibility: 8
08-31 17:29:19.205 D/CBR_SystemUI( 2649): CarrierLabel - : updateLabel cellMsg:  cellEnabled: true
08-31 17:29:19.206 D/CBR_SystemUI( 2649): CarrierLabel - : updateLabel mCellBroadcastMessage Visibility: 8
08-31 17:29:19.206 W/ContextImpl( 1809): Calling a method in the system process without a qualified user: android.app.ContextImpl.sendBroadcastMultiplePermissions:1281 android.content.Context.sendBroadcastMultiplePermissions:2476 com.android.server.TelephonyRegistry.broadcastServiceStateChanged:3597 com.android.server.TelephonyRegistry.notifyServiceStateForPhoneId:1734 com.android.internal.telephony.ITelephonyRegistry$Stub.onTransact:550 
08-31 17:29:19.206 D/StatusBarIconController( 2649): ignoring old pipeline callbacks, because the new mobile icons are enabled
08-31 17:29:19.208 W/ContextImpl( 1809): Calling a method in the system process without a qualified user: android.app.ContextImpl.sendBroadcastMultiplePermissions:1314 com.android.server.TelephonyRegistry.broadcastServiceStateChanged:3602 com.android.server.TelephonyRegistry.notifyServiceStateForPhoneId:1734 com.android.internal.telephony.ITelephonyRegistry$Stub.onTransact:550 android.os.Binder.execTransactInternal:1359 
08-31 17:29:19.211 W/ContextImpl( 1809): Calling a method in the system process without a qualified user: android.app.ContextImpl.sendBroadcastMultiplePermissions:1314 com.android.server.TelephonyRegistry.broadcastServiceStateChanged:3611 com.android.server.TelephonyRegistry.notifyServiceStateForPhoneId:1734 com.android.internal.telephony.ITelephonyRegistry$Stub.onTransact:550 android.os.Binder.execTransactInternal:1359 
08-31 17:29:19.212 W/ContextImpl( 1809): Calling a method in the system process without a qualified user: android.app.ContextImpl.sendBroadcastMultiplePermissions:1314 com.android.server.TelephonyRegistry.broadcastServiceStateChanged:3617 com.android.server.TelephonyRegistry.notifyServiceStateForPhoneId:1734 com.android.internal.telephony.ITelephonyRegistry$Stub.onTransact:550 android.os.Binder.execTransactInternal:1359 
08-31 17:29:19.214 D/ActivityManager( 1809): unfreezing ProcessRecord{bef3dba 18328:com.google.android.cellbroadcastreceiver/u0a305}, reason = unfreezeTemporarily, adj = 915, adjType = cch-empty, adjSource = null
08-31 17:29:19.215 D/ServiceStateProvider( 2862): subId=2
08-31 17:29:19.217 D/ActivityManager( 1809): sync unfroze 18328 com.google.android.cellbroadcastreceiver for 3
08-31 17:29:19.223 D/CompatibilityChangeReporter( 1809): Compat change id reported: 181658987; UID 1000; state: ENABLED
08-31 17:29:19.229 D/CellBroadcastReceiver(18328): onReceive Intent { act=android.intent.action.SERVICE_STATE flg=0x1000010 cmp=com.google.android.cellbroadcastreceiver/com.android.cellbroadcastreceiver.CellBroadcastReceiver (has extras) }
08-31 17:29:19.235 D/CBR_SystemUI( 2649): CarrierLabel - : updateLabel cellMsg:  cellEnabled: true
08-31 17:29:19.235 D/CBR_SystemUI( 2649): CarrierLabel - : updateLabel mCellBroadcastMessage Visibility: 8
08-31 17:29:19.236 D/CBR_SystemUI( 2649): CarrierLabel - : updateLabel cellMsg:  cellEnabled: true
08-31 17:29:19.236 D/CBR_SystemUI( 2649): CarrierLabel - : updateLabel mCellBroadcastMessage Visibility: 8
08-31 17:29:19.236 D/StatusBarIconController( 2649): ignoring old pipeline callbacks, because the new mobile icons are enabled
08-31 17:29:19.238 D/CellBroadcastReceiver(18328): onServiceStateChanged, ss: 0
08-31 17:29:19.238 D/CellBroadcastReceiver(18328): networkOperator: 732103
08-31 17:29:19.239 D/CellBroadcastReceiver(18328): mockmodem is running? = false
08-31 17:29:19.241 D/CellBroadcastReceiver(18328): update supported roaming operator as 
08-31 17:29:19.319 D/PowerManagerService( 1809): nativeReleaseSuspendBlocker name:PowerManagerService.WakeLocks duration ms: 0
08-31 17:29:19.575 W/adbd    (15414): timed out while waiting for FUNCTIONFS_BIND, trying again
08-31 17:29:19.575 I/adbd    (15414): UsbFfs: connection terminated: monitor thread finished
08-31 17:29:19.584 I/adbd    (15414): opening control endpoint /dev/usb-ffs/adb/ep0
08-31 17:29:19.805 I/QcrilOemhookMsgTunnel( 2823): [1]processOemHookIndication length=21
08-31 17:29:19.806 D/QcrilMsgTunnelIfaceManager( 2823): handleMessage what = 0
08-31 17:29:19.807 D/QC-time-services(  943): Daemon:tod_update_ind_cb: Got Update from modem msg_id 51
08-31 17:29:19.810 D/QC_RIL_OEM_HOOK( 2862): Received Broadcast Intent ACTION_UNSOL_RESPONSE_OEM_HOOK_RAW
08-31 17:29:19.810 D/QC_RIL_OEM_HOOK( 2862): Oem ID in QCRILHOOK UNSOL RESP is QOEMHOOK
08-31 17:29:19.810 D/QC_RIL_OEM_HOOK( 2862): Received Broadcast Intent ACTION_UNSOL_RESPONSE_OEM_HOOK_RAW
08-31 17:29:19.810 D/QC_RIL_OEM_HOOK( 2862): Oem ID in QCRILHOOK UNSOL RESP is QOEMHOOK
08-31 17:29:19.812 D/QC_RIL_OEM_HOOK( 2823): Received Broadcast Intent ACTION_UNSOL_RESPONSE_OEM_HOOK_RAW
08-31 17:29:19.812 D/QC_RIL_OEM_HOOK( 2823): Oem ID in QCRILHOOK UNSOL RESP is QOEMHOOK
08-31 17:29:19.823 D/QC-time-services(  943): Daemon:tod_update_ind_cb: Got Update from modem msg_id 51
08-31 17:29:19.869 D/CBR_SystemUI( 2649): CarrierLabel - : updateLabel cellMsg:  cellEnabled: true
08-31 17:29:19.869 D/CBR_SystemUI( 2649): CarrierLabel - : updateLabel mCellBroadcastMessage Visibility: 8
08-31 17:29:19.869 D/CBR_SystemUI( 2649): CarrierLabel - : updateLabel cellMsg:  cellEnabled: true
08-31 17:29:19.869 D/CBR_SystemUI( 2649): CarrierLabel - : updateLabel mCellBroadcastMessage Visibility: 8
08-31 17:29:19.871 I/tftp_server( 1164): pid=1164 tid=1164 tftp-server : INF :[tftp_server.c, 659] rcvd request [1] [73] [1] [0] [320]
08-31 17:29:19.871 D/StatusBarIconController( 2649): ignoring old pipeline callbacks, because the new mobile icons are enabled
08-31 17:29:19.875 I/tftp_server( 1164): pid=1164 tid=24184 tftp-server : INF :[tftp_server_utils.c, 136] file [readwrite/ticf.bin] : [/vendor/rfs/msm/mpss/readwrite/ticf.bin]
08-31 17:29:19.878 I/tftp_server( 1164): pid=1164 tid=24184 tftp-server : INF :[tftp_server.c, 1211] OACK options [port: 320] : [7680, 1000, 324, 10, 0, 0, 0, 0]
08-31 17:29:19.879 I/tftp_server( 1164): pid=1164 tid=24184 tftp-server : INF :[tftp_os_la.c, 63] open : [-1] [-1] [384] [0] [/vendor/rfs/msm/mpss/readwrite/ticf.bin]
08-31 17:29:19.880 I/tftp_server( 1164): pid=1164 tid=24184 tftp-server : INF :[tftp_protocol.c, 744] Recd END OF TRANSFER pkt. Code = 9, Msg = End of Transfer
08-31 17:29:19.880 I/tftp_server( 1164): pid=1164 tid=24184 tftp-server : INF :[tftp_server.c, 1328] RRQ stats [port: 0]: sent_size = 320 total-blocks = 0 total-bytes = 0 timedout-pkts = 0, wrong-pkts
08-31 17:29:19.880 I/tftp_server( 1164): pid=1164 tid=24184 tftp-server : INF :[tftp_server.c, 1335] RRQ file stats [port: 320]: fread [Total, Max, Min] = [0, 0, 0]
08-31 17:29:19.880 I/tftp_server( 1164): pid=1164 tid=24184 tftp-server : INF :[tftp_server.c, 1339] RRQ time stats : Total : [TX, RX] = [74, 965]
08-31 17:29:19.880 I/tftp_server( 1164): pid=1164 tid=24184 tftp-server : INF :[tftp_server.c, 1346] RRQ time stats [port: 320]: Tx/Rx [Min, Max] = [74, 74, 965, 965]
08-31 17:29:19.881 I/tftp_server( 1164): pid=1164 tid=24184 tftp-server : INF :[tftp_server.c, 1362] RRQ was successfully processed.
08-31 17:29:19.881 I/tftp_server( 1164): pid=1164 tid=24184 tftp-server : INF :[tftp_server.c, 1817] RRQ Total API = 6052
08-31 17:29:19.882 I/tftp_server( 1164): pid=1164 tid=1164 tftp-server : INF :[tftp_server.c, 659] rcvd request [1] [65] [2] [0] [321]
08-31 17:29:19.883 I/tftp_server( 1164): pid=1164 tid=24185 tftp-server : INF :[tftp_server_utils.c, 136] file [readwrite/ticf.bin] : [/vendor/rfs/msm/mpss/readwrite/ticf.bin]
08-31 17:29:19.883 I/tftp_server( 1164): pid=1164 tid=24185 tftp-server : INF :[tftp_server.c, 1211] OACK options [port: 321] : [7680, 1000, 10, 0, 0, 0, 0, 0]
08-31 17:29:19.883 I/tftp_server( 1164): pid=1164 tid=24185 tftp-server : INF :[tftp_os_la.c, 63] open : [-1] [-1] [384] [577] [/vendor/rfs/msm/mpss/readwrite/ticf.bin]
08-31 17:29:19.903 D/PowerManagerService( 1809): nativeAcquireSuspendBlocker name:PowerManagerService.WakeLocks duration ms: 1
08-31 17:29:19.904 E/RIL-MOTEXT( 1577): qcrilUpdRegRAT, called , rat =5
08-31 17:29:19.914 W/IWlanNetworkService( 2813): 58025 > Response Processed
08-31 17:29:19.916 D/QC-time-services( 1577): Lib:time_genoff_operation: pargs->base = 12
08-31 17:29:19.916 D/QC-time-services( 1577): Lib:time_genoff_operation: pargs->operation = 0
08-31 17:29:19.916 D/QC-time-services( 1577): Lib:time_genoff_operation: pargs->ts_val = 1788215361000
08-31 17:29:19.916 D/QC-time-services(  943): Daemon: Connection accepted:time_genoff
08-31 17:29:19.917 D/QC-time-services( 1577): Lib:time_genoff_operation: Send to server  passed!!
08-31 17:29:19.917 D/QC-time-services(  943): Daemon:Received base = 12, unit = 1, operation = 0,value = 1788215361000
08-31 17:29:19.917 D/QC-time-services(  943): Daemon:genoff_opr: Base = 12, val = 1788215361000, operation = 0
08-31 17:29:19.917 D/QC-time-services(  943): Daemon:Value read from QTimer mseconds = 2479654668
08-31 17:29:19.917 D/QC-time-services(  943): Daemon:Value read from RTC mseconds on boot = 61896813000
08-31 17:29:19.917 D/QC-time-services(  943): Daemon:Delta read on boot mseconds = 61896801499
08-31 17:29:19.917 D/QC-time-services(  943): Daemon:new time 1788215361000 
08-31 17:29:19.917 D/QC-time-services(  943): Daemon: delta 1723838904833 genoff 1723838904833 
08-31 17:29:19.917 D/QC-time-services(  943): Daemon:genoff_persistent_update: Writing genoff = 1723838904833 to memory
08-31 17:29:19.917 D/QC-time-services(  943): Daemon:Opening File: /mnt/vendor/persist/time/ats_12 /data/vendor/time/ats_12
08-31 17:29:19.917 D/QC-time-services(  943): Daemon:time_persistent_memory_opr:Genoff write operation 
08-31 17:29:19.922 E/QC-time-services( 1577): Receive Passed == base = 12, unit = 1, operation = 0, result = 0
08-31 17:29:19.922 D/QC-time-services( 1577): Lib:time_genoff_operation: pargs->base = 13
08-31 17:29:19.922 D/QC-time-services( 1577): Lib:time_genoff_operation: pargs->operation = 0
08-31 17:29:19.922 D/QC-time-services( 1577): Lib:time_genoff_operation: pargs->ts_val = 1788215361000
08-31 17:29:19.922 D/QC-time-services( 1577): Lib:time_genoff_operation: Send to server  passed!!
08-31 17:29:19.922 E/QC-time-services(  943): Daemon: Time-services: Waiting to acceptconnection
08-31 17:29:19.922 D/QC-time-services(  943): Daemon: Connection accepted:time_genoff
08-31 17:29:19.923 D/QC-time-services(  943): Daemon:Received base = 13, unit = 1, operation = 0,value = 1788215361000
08-31 17:29:19.923 D/QC-time-services(  943): Daemon:genoff_opr: Base = 13, val = 1788215361000, operation = 0
08-31 17:29:19.923 D/QC-time-services(  943): Daemon:Value read from QTimer mseconds = 2479654674
08-31 17:29:19.923 D/QC-time-services(  943): Daemon:Value read from RTC mseconds on boot = 61896813000
08-31 17:29:19.923 D/QC-time-services(  943): Daemon:Delta read on boot mseconds = 61896801499
08-31 17:29:19.923 D/QC-time-services(  943): Daemon:new time 1788215361000 
08-31 17:29:19.923 D/QC-time-services(  943): Daemon: delta 1723838904827 genoff 1723838904827 
08-31 17:29:19.923 D/QC-time-services(  943): Daemon:genoff_persistent_update: Writing genoff = 1723838904827 to memory
08-31 17:29:19.923 D/QC-time-services(  943): Daemon:Opening File: /mnt/vendor/persist/time/ats_13 /data/vendor/time/ats_13
08-31 17:29:19.923 D/QC-time-services(  943): Daemon:time_persistent_memory_opr:Genoff write operation 
08-31 17:29:19.928 E/QC-time-services( 1577): Receive Passed == base = 13, unit = 1, operation = 0, result = 0
08-31 17:29:19.929 E/QC-time-services(  943): Daemon: Time-services: Waiting to acceptconnection
08-31 17:29:19.938 D/QC-time-services( 1577): Lib:time_genoff_operation: pargs->base = 12
08-31 17:29:19.938 D/QC-time-services( 1577): Lib:time_genoff_operation: pargs->operation = 0
08-31 17:29:19.938 D/QC-time-services( 1577): Lib:time_genoff_operation: pargs->ts_val = 1788215361000
08-31 17:29:19.938 D/QC-time-services(  943): Daemon: Connection accepted:time_genoff
08-31 17:29:19.939 D/QC-time-services( 1577): Lib:time_genoff_operation: Send to server  passed!!
08-31 17:29:19.939 D/QC-time-services(  943): Daemon:Received base = 12, unit = 1, operation = 0,value = 1788215361000
08-31 17:29:19.939 D/QC-time-services(  943): Daemon:genoff_opr: Base = 12, val = 1788215361000, operation = 0
08-31 17:29:19.939 D/QC-time-services(  943): Daemon:Value read from QTimer mseconds = 2479654690
08-31 17:29:19.939 D/QC-time-services(  943): Daemon:Value read from RTC mseconds on boot = 61896813000
08-31 17:29:19.939 D/QC-time-services(  943): Daemon:Delta read on boot mseconds = 61896801499
08-31 17:29:19.939 D/QC-time-services(  943): Daemon:new time 1788215361000 
08-31 17:29:19.939 D/QC-time-services(  943): Daemon: delta 1723838904811 genoff 1723838904811 
08-31 17:29:19.939 D/QC-time-services(  943): Daemon:genoff_persistent_update: Writing genoff = 1723838904811 to memory
08-31 17:29:19.939 D/QC-time-services(  943): Daemon:Opening File: /mnt/vendor/persist/time/ats_12 /data/vendor/time/ats_12
08-31 17:29:19.939 D/QC-time-services(  943): Daemon:time_persistent_memory_opr:Genoff write operation 
08-31 17:29:19.939 I/tftp_server( 1164): pid=1164 tid=1164 tftp-server : INF :[tftp_server.c, 659] rcvd request [1] [73] [1] [0] [322]
08-31 17:29:19.940 I/tftp_server( 1164): pid=1164 tid=24189 tftp-server : INF :[tftp_server_utils.c, 136] file [readwrite/ticf.bin] : [/vendor/rfs/msm/mpss/readwrite/ticf.bin]
08-31 17:29:19.940 I/tftp_server( 1164): pid=1164 tid=24189 tftp-server : INF :[tftp_server.c, 1211] OACK options [port: 322] : [7680, 1000, 324, 10, 0, 0, 0, 0]
08-31 17:29:19.940 I/tftp_server( 1164): pid=1164 tid=24189 tftp-server : INF :[tftp_os_la.c, 63] open : [-1] [-1] [384] [0] [/vendor/rfs/msm/mpss/readwrite/ticf.bin]
08-31 17:29:19.941 E/QC-time-services(  943): Daemon: Time-services: Waiting to acceptconnection
08-31 17:29:19.941 E/QC-time-services( 1577): Receive Passed == base = 12, unit = 1, operation = 0, result = 0
08-31 17:29:19.942 D/QC-time-services( 1577): Lib:time_genoff_operation: pargs->base = 13
08-31 17:29:19.942 D/QC-time-services( 1577): Lib:time_genoff_operation: pargs->operation = 0
08-31 17:29:19.942 D/QC-time-services( 1577): Lib:time_genoff_operation: pargs->ts_val = 1788215361000
08-31 17:29:19.942 D/QC-time-services(  943): Daemon: Connection accepted:time_genoff
08-31 17:29:19.942 D/QC-time-services( 1577): Lib:time_genoff_operation: Send to server  passed!!
08-31 17:29:19.942 I/tftp_server( 1164): pid=1164 tid=24189 tftp-server : INF :[tftp_protocol.c, 744] Recd END OF TRANSFER pkt. Code = 9, Msg = End of Transfer
08-31 17:29:19.942 D/QC-time-services(  943): Daemon:Received base = 13, unit = 1, operation = 0,value = 1788215361000
08-31 17:29:19.942 D/QC-time-services(  943): Daemon:genoff_opr: Base = 13, val = 1788215361000, operation = 0
08-31 17:29:19.942 D/QC-time-services(  943): Daemon:Value read from QTimer mseconds = 2479654693
08-31 17:29:19.942 D/QC-time-services(  943): Daemon:Value read from RTC mseconds on boot = 61896813000
08-31 17:29:19.942 D/QC-time-services(  943): Daemon:Delta read on boot mseconds = 61896801499
08-31 17:29:19.942 D/QC-time-services(  943): Daemon:new time 1788215361000 
08-31 17:29:19.942 D/QC-time-services(  943): Daemon: delta 1723838904808 genoff 1723838904808 
08-31 17:29:19.943 D/QC-time-services(  943): Daemon:genoff_persistent_update: Writing genoff = 1723838904808 to memory
08-31 17:29:19.943 D/QC-time-services(  943): Daemon:Opening File: /mnt/vendor/persist/time/ats_13 /data/vendor/time/ats_13
08-31 17:29:19.943 D/QC-time-services(  943): Daemon:time_persistent_memory_opr:Genoff write operation 
08-31 17:29:19.943 I/tftp_server( 1164): pid=1164 tid=24189 tftp-server : INF :[tftp_server.c, 1328] RRQ stats [port: 0]: sent_size = 322 total-blocks = 0 total-bytes = 0 timedout-pkts = 0, wrong-pkts
08-31 17:29:19.943 I/tftp_server( 1164): pid=1164 tid=24189 tftp-server : INF :[tftp_server.c, 1335] RRQ file stats [port: 322]: fread [Total, Max, Min] = [0, 0, 0]
08-31 17:29:19.943 I/tftp_server( 1164): pid=1164 tid=24189 tftp-server : INF :[tftp_server.c, 1339] RRQ time stats : Total : [TX, RX] = [64, 1685]
08-31 17:29:19.943 I/tftp_server( 1164): pid=1164 tid=24189 tftp-server : INF :[tftp_server.c, 1346] RRQ time stats [port: 322]: Tx/Rx [Min, Max] = [64, 64, 1685, 1685]
08-31 17:29:19.943 I/tftp_server( 1164): pid=1164 tid=24189 tftp-server : INF :[tftp_server.c, 1362] RRQ was successfully processed.
08-31 17:29:19.943 I/tftp_server( 1164): pid=1164 tid=24189 tftp-server : INF :[tftp_server.c, 1817] RRQ Total API = 2886
08-31 17:29:19.943 I/tftp_server( 1164): pid=1164 tid=1164 tftp-server : INF :[tftp_server.c, 659] rcvd request [1] [65] [2] [0] [323]
08-31 17:29:19.944 I/tftp_server( 1164): pid=1164 tid=24191 tftp-server : INF :[tftp_server_utils.c, 136] file [readwrite/ticf.bin] : [/vendor/rfs/msm/mpss/readwrite/ticf.bin]
08-31 17:29:19.945 I/tftp_server( 1164): pid=1164 tid=24191 tftp-server : INF :[tftp_server.c, 1211] OACK options [port: 323] : [7680, 1000, 10, 0, 0, 0, 0, 0]
08-31 17:29:19.945 I/tftp_server( 1164): pid=1164 tid=24191 tftp-server : INF :[tftp_os_la.c, 63] open : [-1] [-1] [384] [577] [/vendor/rfs/msm/mpss/readwrite/ticf.bin]
08-31 17:29:19.945 E/QC-time-services(  943): Daemon: Time-services: Waiting to acceptconnection
08-31 17:29:19.945 E/QC-time-services( 1577): Receive Passed == base = 13, unit = 1, operation = 0, result = 0
08-31 17:29:19.950 E/RIL-MOTEXT( 1577): qcrilUpdRegRAT, called , rat =5
08-31 17:29:19.953 D/timedetector.TimeDetector( 2862): suggestTelephonyTime called: TelephonyTimeSuggestion{mSlotIndex='1', mUnixEpochTime=UnixEpochTime{mElapsedRealtimeMillis=2479650028, mUnixEpochTimeMillis=1788215361000}, mDebugInfo=[Sending new time suggestion nitzSignal=NitzSignal{mReceiptElapsedMillis=PT688H47M30.028S, mNitzData=NitzData{mOriginalString=26/08/31,22:29:21-20,00, mZoneOffset=-18000000, mDstOffset=0, mCurrentTimeMillis=1788215361000, mEmulatorHostTimeZone=null}, mAgeMillis=0}, reason=handleNitzReceived(NitzSignal{mReceiptElapsedMillis=PT688H47M30.028S, mNitzData=NitzData{mOriginalString=26/08/31,22:29:21-20,00, mZoneOffset=-18000000, mDstOffset=0, mCurrentTimeMillis=1788215361000, mEmulatorHostTimeZone=null}, mAgeMillis=0})]} by (com.android.phone) callers=com.android.internal.telephony.nitz.TimeServiceHelperImpl.suggestDeviceTime:76 com.android.internal.telephony.nitz.NitzStateMachineImpl.doTimeDetection:382 com.android.internal.telephony.nitz.NitzStateMachineImpl.runDetection:330 com.android.internal.telephony.nitz.NitzStateMachineImpl.handleNitzReceived:239 com.android.internal.telephony.ServiceStateTracker.setTimeFromNITZString:5238 
08-31 17:29:19.954 D/QtiRadiohidlIndication( 2823): onNrDcParamChange: slotId = 1
08-31 17:29:19.954 D/QtiRadioProxy( 2823): onNrDcParam slotId = 1 dcParam = DcParam: Endc: 0 Dcnr: 0
08-31 17:29:19.954 D/QtiRadioProxyHandler: ( 2823): handleMessage msg.what = 8
08-31 17:29:19.954 D/QtiRadioProxyHandler: ( 2823): EVENT_ON_NR_DC_PARAM
08-31 17:29:19.954 D/QtiRadiohidlIndication( 2823): onUpperLayerIndInfoChange: slotId = 1
08-31 17:29:19.955 D/QtiRadioProxy( 2823): onUpperLayerIndInfo slotId = 1 upperLayerInfo = UpperLayerIndInfo: PLMN: 0 UpperLayerIndInfo: 0
08-31 17:29:19.955 D/ExtTelephonyServiceImpl( 2823): Retrieved callbacks for event = 19 list = [com.qti.extphone.IExtPhoneCallback$Stub$Proxy@1dfe9aa]
08-31 17:29:19.955 D/QtiRadioProxy( 2823): onNrDcParam: Responding back for transaction = null
08-31 17:29:19.955 D/ExtPhoneCallbackBase( 2862): UNIMPLEMENTED: onNrDcParam: slotId = 1 token = Token: -1 statusStatus: 1 dcParam = DcParam: Endc: 0 Dcnr: 0
08-31 17:29:19.955 D/QtiRadioProxyHandler: ( 2823): handleMessage msg.what = 9
08-31 17:29:19.955 D/QtiRadioProxyHandler: ( 2823): EVENT_ON_UPPER_LAYER_IND_INFO
08-31 17:29:19.955 D/ExtTelephonyServiceImpl( 2823): Retrieved callbacks for event = 27 list = [com.qti.extphone.IExtPhoneCallback$Stub$Proxy@1dfe9aa]
08-31 17:29:19.955 D/QtiRadioProxy( 2823): onUpperLayerIndInfo: Responding back for transaction = null
08-31 17:29:19.955 D/ExtPhoneCallbackBase( 2862): UNIMPLEMENTED: onUpperLayerIndInfo: slotId = 1 token = Token: -1 statusStatus: 1 UpperLayerIndInfo = UpperLayerIndInfo: PLMN: 0 UpperLayerIndInfo: 0
08-31 17:29:19.967 E/RIL-MOTEXT( 1577): qcrilUpdRegRAT, called , rat =5
08-31 17:29:19.973 E/RIL-MOTEXT( 1577): qcrilUpdRegRAT, called , rat =5
08-31 17:29:19.981 E/RIL-MOTEXT( 1577): qcrilUpdateOperator, called
08-31 17:29:19.987 D/ProfileInstaller(24106): Installing profile for com.andrerinas.headunitrevived
08-31 17:29:20.027 W/ContextImpl( 1809): Calling a method in the system process without a qualified user: android.app.ContextImpl.sendBroadcastMultiplePermissions:1281 android.content.Context.sendBroadcastMultiplePermissions:2476 com.android.server.TelephonyRegistry.broadcastServiceStateChanged:3597 com.android.server.TelephonyRegistry.notifyServiceStateForPhoneId:1734 com.android.internal.telephony.ITelephonyRegistry$Stub.onTransact:550 
08-31 17:29:20.028 W/ContextImpl( 1809): Calling a method in the system process without a qualified user: android.app.ContextImpl.sendBroadcastMultiplePermissions:1314 com.android.server.TelephonyRegistry.broadcastServiceStateChanged:3602 com.android.server.TelephonyRegistry.notifyServiceStateForPhoneId:1734 com.android.internal.telephony.ITelephonyRegistry$Stub.onTransact:550 android.os.Binder.execTransactInternal:1359 
08-31 17:29:20.030 W/ContextImpl( 1809): Calling a method in the system process without a qualified user: android.app.ContextImpl.sendBroadcastMultiplePermissions:1314 com.android.server.TelephonyRegistry.broadcastServiceStateChanged:3611 com.android.server.TelephonyRegistry.notifyServiceStateForPhoneId:1734 com.android.internal.telephony.ITelephonyRegistry$Stub.onTransact:550 android.os.Binder.execTransactInternal:1359 
08-31 17:29:20.031 D/CBR_SystemUI( 2649): CarrierLabel - : updateLabel cellMsg:  cellEnabled: true
08-31 17:29:20.032 D/CBR_SystemUI( 2649): CarrierLabel - : updateLabel mCellBroadcastMessage Visibility: 8
08-31 17:29:20.032 D/CBR_SystemUI( 2649): CarrierLabel - : updateLabel cellMsg:  cellEnabled: true
08-31 17:29:20.032 D/CBR_SystemUI( 2649): CarrierLabel - : updateLabel mCellBroadcastMessage Visibility: 8
08-31 17:29:20.032 D/StatusBarIconController( 2649): ignoring old pipeline callbacks, because the new mobile icons are enabled
08-31 17:29:20.035 W/ContextImpl( 1809): Calling a method in the system process without a qualified user: android.app.ContextImpl.sendBroadcastMultiplePermissions:1314 com.android.server.TelephonyRegistry.broadcastServiceStateChanged:3617 com.android.server.TelephonyRegistry.notifyServiceStateForPhoneId:1734 com.android.internal.telephony.ITelephonyRegistry$Stub.onTransact:550 android.os.Binder.execTransactInternal:1359 
08-31 17:29:20.039 D/ServiceStateProvider( 2862): subId=2
08-31 17:29:20.039 D/CellBroadcastReceiver(18328): onReceive Intent { act=android.intent.action.SERVICE_STATE flg=0x1000010 cmp=com.google.android.cellbroadcastreceiver/com.android.cellbroadcastreceiver.CellBroadcastReceiver (has extras) }
08-31 17:29:20.044 D/CellBroadcastReceiver(18328): onServiceStateChanged, ss: 0
08-31 17:29:20.044 D/CellBroadcastReceiver(18328): networkOperator: 732103
08-31 17:29:20.049 E/RIL-MOTEXT( 1577): qcrilUpdateOperator, called
08-31 17:29:20.050 W/IWlanNetworkService( 2813): 58026 > Response Processed
08-31 17:29:20.056 D/CellBroadcastReceiver(18328): mockmodem is running? = false
08-31 17:29:20.057 D/CellBroadcastReceiver(18328): update supported roaming operator as 
08-31 17:29:20.068 D/CBR_SystemUI( 2649): CarrierLabel - : updateLabel cellMsg:  cellEnabled: true
08-31 17:29:20.068 D/CBR_SystemUI( 2649): CarrierLabel - : updateLabel mCellBroadcastMessage Visibility: 8
08-31 17:29:20.068 D/CBR_SystemUI( 2649): CarrierLabel - : updateLabel cellMsg:  cellEnabled: true
08-31 17:29:20.068 D/CBR_SystemUI( 2649): CarrierLabel - : updateLabel mCellBroadcastMessage Visibility: 8
08-31 17:29:20.068 D/StatusBarIconController( 2649): ignoring old pipeline callbacks, because the new mobile icons are enabled
08-31 17:29:20.194 D/PowerManagerService( 1809): nativeReleaseSuspendBlocker name:PowerManagerService.WakeLocks duration ms: 1
08-31 17:29:20.609 W/adbd    (15414): timed out while waiting for FUNCTIONFS_BIND, trying again
08-31 17:29:20.609 I/adbd    (15414): UsbFfs: connection terminated: monitor thread finished
08-31 17:29:20.621 I/adbd    (15414): opening control endpoint /dev/usb-ffs/adb/ep0
08-31 17:29:20.940 I/tftp_server( 1164): pid=1164 tid=24185 tftp-server : INF :[tftp_server.c, 1509] WRQ stats : total-blocks = 1 : total-bytes = 324 : 324 timedout-pkts = 0, wrong-pkts = 0
08-31 17:29:20.941 I/tftp_server( 1164): pid=1164 tid=24185 tftp-server : INF :[tftp_server.c, 1517] WRQ file stats [port: 321]: Total : [fwrite, fflush] = [4, 2625] max: 4 min: 0
08-31 17:29:20.941 I/tftp_server( 1164): pid=1164 tid=24185 tftp-server : INF :[tftp_server.c, 1521] WRQ time stats : Total : [TX, RX] = [127, 384]
08-31 17:29:20.941 I/tftp_server( 1164): pid=1164 tid=24185 tftp-server : INF :[tftp_server.c, 1525] WRQ time stats : Tx [Min, Max] = [61, 66]
08-31 17:29:20.941 I/tftp_server( 1164): pid=1164 tid=24185 tftp-server : INF :[tftp_server.c, 1530] WRQ time stats [port : 321]: Rx [Min, Max] = [384, 384]
08-31 17:29:20.941 I/tftp_server( 1164): pid=1164 tid=24185 tftp-server : INF :[tftp_server.c, 1817] WRQ Total API = 1058884
08-31 17:29:21.001 I/tftp_server( 1164): pid=1164 tid=24191 tftp-server : INF :[tftp_server.c, 1509] WRQ stats : total-blocks = 1 : total-bytes = 324 : 324 timedout-pkts = 0, wrong-pkts = 0
08-31 17:29:21.001 I/tftp_server( 1164): pid=1164 tid=24191 tftp-server : INF :[tftp_server.c, 1517] WRQ file stats [port: 323]: Total : [fwrite, fflush] = [4, 3141] max: 4 min: 0
08-31 17:29:21.001 I/tftp_server( 1164): pid=1164 tid=24191 tftp-server : INF :[tftp_server.c, 1521] WRQ time stats : Total : [TX, RX] = [121, 450]
08-31 17:29:21.001 I/tftp_server( 1164): pid=1164 tid=24191 tftp-server : INF :[tftp_server.c, 1525] WRQ time stats : Tx [Min, Max] = [60, 61]
08-31 17:29:21.001 I/tftp_server( 1164): pid=1164 tid=24191 tftp-server : INF :[tftp_server.c, 1530] WRQ time stats [port : 323]: Rx [Min, Max] = [450, 450]
08-31 17:29:21.002 I/tftp_server( 1164): pid=1164 tid=24191 tftp-server : INF :[tftp_server.c, 1817] WRQ Total API = 1057177
08-31 17:29:21.109 D/PowerManagerService( 1809): nativeAcquireSuspendBlocker name:PowerManagerService.WakeLocks duration ms: 31
08-31 17:29:21.148 D/PowerManagerService( 1809): nativeReleaseSuspendBlocker name:PowerManagerService.WakeLocks duration ms: 0
08-31 17:29:21.169 D/ActivityManager( 1809): freezing 14642 com.payjoy.access, reason = oom_cached
08-31 17:29:21.643 W/adbd    (15414): timed out while waiting for FUNCTIONFS_BIND, trying again
08-31 17:29:21.643 I/adbd    (15414): UsbFfs: connection terminated: monitor thread finished
08-31 17:29:21.653 I/adbd    (15414): opening control endpoint /dev/usb-ffs/adb/ep0
08-31 17:29:22.539 I/slpi    ( 1079): STK3ACX ALS_OC: lux:50.000000, last_ps:0[1069], CH0:71, CH2:31, CH4:62, AWAIT:32, ACRL:36, AGAIN:32, INT1:9, INT2:0, PS:52, LED:92, flag:65, state:7, scale:118.169,als_sel:5(0)
08-31 17:29:22.659 W/adbd    (15414): timed out while waiting for FUNCTIONFS_BIND, trying again
08-31 17:29:22.660 I/adbd    (15414): UsbFfs: connection terminated: monitor thread finished
08-31 17:29:22.668 I/adbd    (15414): opening control endpoint /dev/usb-ffs/adb/ep0
08-31 17:29:22.744 I/slpi    ( 1079): STK3ACX ALS_OC: lux:56.000000, last_ps:0[1071], CH0:80, CH2:34, CH4:72, AWAIT:32, ACRL:36, AGAIN:32, INT1:9, INT2:0, PS:52, LED:92, flag:65, state:7, scale:118.169,als_sel:5(0)
08-31 17:29:22.950 I/slpi    ( 1079): STK3ACX ALS_OC: lux:49.000000, last_ps:0[1071], CH0:70, CH2:31, CH4:61, AWAIT:32, ACRL:36, AGAIN:32, INT1:9, INT2:0, PS:52, LED:92, flag:65, state:7, scale:118.169,als_sel:5(0)
08-31 17:29:23.157 I/slpi    ( 1079): STK3ACX ALS_OC: lux:59.000000, last_ps:0[1071], CH0:84, CH2:35, CH4:76, AWAIT:32, ACRL:36, AGAIN:32, INT1:9, INT2:0, PS:52, LED:92, flag:65, state:7, scale:118.169,als_sel:5(0)
08-31 17:29:23.689 W/adbd    (15414): timed out while waiting for FUNCTIONFS_BIND, trying again
08-31 17:29:23.689 I/adbd    (15414): UsbFfs: connection terminated: monitor thread finished
08-31 17:29:23.700 I/adbd    (15414): opening control endpoint /dev/usb-ffs/adb/ep0
08-31 17:29:23.876 I/slpi    ( 1079): STK3ACX ALS_OC: lux:45.000000, last_ps:0[1070], CH0:65, CH2:28, CH4:56, AWAIT:32, ACRL:36, AGAIN:32, INT1:9, INT2:0, PS:52, LED:92, flag:65, state:7, scale:118.169,als_sel:5(0)
08-31 17:29:24.082 I/slpi    ( 1079): STK3ACX ALS_OC: lux:53.000000, last_ps:0[1072], CH0:77, CH2:33, CH4:68, AWAIT:32, ACRL:36, AGAIN:32, INT1:9, INT2:0, PS:52, LED:92, flag:65, state:7, scale:118.169,als_sel:5(0)
08-31 17:29:24.706 W/adbd    (15414): timed out while waiting for FUNCTIONFS_BIND, trying again
08-31 17:29:24.706 I/adbd    (15414): UsbFfs: connection terminated: monitor thread finished
08-31 17:29:24.717 I/adbd    (15414): opening control endpoint /dev/usb-ffs/adb/ep0
08-31 17:29:24.805 I/slpi    ( 1079): STK3ACX ALS_OC: lux:60.000000, last_ps:0[1071], CH0:86, CH2:36, CH4:79, AWAIT:32, ACRL:36, AGAIN:32, INT1:9, INT2:0, PS:52, LED:92, flag:65, state:7, scale:118.169,als_sel:5(0)
08-31 17:29:25.724 W/adbd    (15414): timed out while waiting for FUNCTIONFS_BIND, trying again
08-31 17:29:25.724 I/adbd    (15414): UsbFfs: connection terminated: monitor thread finished
08-31 17:29:25.736 I/adbd    (15414): opening control endpoint /dev/usb-ffs/adb/ep0
08-31 17:29:25.749 I/NearbyConnections(10829): Client (263691661) com.andrerinas.headunitrevived disconnecting
08-31 17:29:25.750 I/Nearby  (10829): (REDACTED) Successfully shutdown executor %s.
08-31 17:29:25.751 I/NearbyConnections(10829): Because they unbound from our service, all state for client 263691661 will now be cleaned up.
08-31 17:29:25.765 I/Nearby  (10829): (REDACTED) Successfully shutdown executor %s.
08-31 17:29:25.783 I/Nearby  (10829): (REDACTED) Successfully shutdown executor %s.
08-31 17:29:25.787 I/Nearby  (10829): (REDACTED) Successfully shutdown executor %s.
08-31 17:29:25.788 I/Nearby  (10829): (REDACTED) Successfully shutdown executor %s.
08-31 17:29:25.788 I/Nearby  (10829): (REDACTED) Successfully shutdown executor %s.
08-31 17:29:25.789 I/Nearby  (10829): (REDACTED) Successfully shutdown executor %s.
08-31 17:29:25.789 I/Nearby  (10829): (REDACTED) Successfully shutdown executor %s.
08-31 17:29:25.789 I/Nearby  (10829): (REDACTED) Successfully shutdown executor %s.
08-31 17:29:25.789 I/Nearby  (10829): (REDACTED) Successfully shutdown executor %s.
08-31 17:29:25.793 I/Nearby  (10829): (REDACTED) Successfully shutdown executor %s.
08-31 17:29:25.947 E/ANDR-PERF-OPTSHANDLER( 1129): perf_lock_rel: failed for /proc/sys/kernel/sched_busy_hysteresis_enable_cpus as previous value is not stored
08-31 17:29:25.947 E/ANDR-PERF-OPTSHANDLER( 1129): perf_lock_rel: failed for /proc/sys/kernel/sched_busy_hyst_ns as previous value is not stored
08-31 17:29:25.947 E/ANDR-PERF-OPTSHANDLER( 1129): perf_lock_rel: failed for /proc/sys/kernel/sched_group_upmigrate as previous value is not stored
08-31 17:29:25.947 E/ANDR-PERF-OPTSHANDLER( 1129): perf_lock_rel: failed for /proc/sys/kernel/sched_group_downmigrate as previous value is not stored
08-31 17:29:26.037 I/slpi    ( 1079): STK3ACX ALS_OC: lux:51.000000, last_ps:0[1072], CH0:74, CH2:32, CH4:65, AWAIT:32, ACRL:36, AGAIN:32, INT1:9, INT2:0, PS:52, LED:92, flag:65, state:7, scale:118.169,als_sel:5(0)
08-31 17:29:26.123 D/ActivityManager( 1809): freezing 23622 com.google.android.gms, reason = oom_cached
08-31 17:29:26.448 I/slpi    ( 1079): STK3ACX ALS_OC: lux:61.000000, last_ps:0[1072], CH0:87, CH2:36, CH4:79, AWAIT:32, ACRL:36, AGAIN:32, INT1:9, INT2:0, PS:52, LED:92, flag:65, state:7, scale:118.169,als_sel:5(0)
08-31 17:29:26.654 I/slpi    ( 1079): STK3ACX ALS_OC: lux:24.000000, last_ps:0[1073], CH0:60, CH2:27, CH4:76, AWAIT:32, ACRL:36, AGAIN:32, INT1:9, INT2:0, PS:52, LED:92, flag:65, state:7, scale:118.169,als_sel:2(0)
08-31 17:29:26.762 W/adbd    (15414): timed out while waiting for FUNCTIONFS_BIND, trying again
08-31 17:29:26.763 I/adbd    (15414): UsbFfs: connection terminated: monitor thread finished
08-31 17:29:26.777 I/adbd    (15414): opening control endpoint /dev/usb-ffs/adb/ep0
08-31 17:29:27.068 I/slpi    ( 1079): STK3ACX ALS_OC: lux:20.000000, last_ps:0[1078], CH0:51, CH2:24, CH4:67, AWAIT:32, ACRL:36, AGAIN:32, INT1:9, INT2:0, PS:52, LED:92, flag:65, state:7, scale:118.169,als_sel:2(0)
08-31 17:29:27.478 I/slpi    ( 1079): STK3ACX ALS_OC: lux:23.000000, last_ps:0[1074], CH0:57, CH2:26, CH4:75, AWAIT:32, ACRL:36, AGAIN:32, INT1:9, INT2:0, PS:52, LED:92, flag:65, state:7, scale:118.169,als_sel:2(0)
08-31 17:29:27.581 I/slpi    ( 1079): STK3ACX ALS_OC: lux:29.000000, last_ps:0[1072], CH0:72, CH2:31, CH4:79, AWAIT:32, ACRL:36, AGAIN:32, INT1:9, INT2:0, PS:52, LED:92, flag:65, state:7, scale:118.169,als_sel:2(0)
