09-15 13:26:25.353  7378  7829 D OPENHU  : [78] Companion.decrypt | RECV: AUDIO Media Data type: 0 flags: 11 size: 8202 dataOffset: 2
09-15 13:26:25.394  7378  7829 D OPENHU  : [78] Companion.decrypt | RECV: AUDIO Media Data type: 0 flags: 11 size: 8202 dataOffset: 2
09-15 13:26:25.438  7378  7829 D OPENHU  : [78] Companion.decrypt | RECV: AUDIO Media Data type: 0 flags: 11 size: 8202 dataOffset: 2
09-15 13:26:25.445  7378  7829 D OPENHU  : [78] Companion.decrypt | RECV: MUSIC_PLAYBACK Media Playback Status type: 32769 flags: 11 size: 17 dataOffset: 2
09-15 13:26:25.446  7378  7829 D OPENHU  : [78] AapMediaPlayback.processStatusPacket | AapMediaPlayback: status mediaSource='VLC', playbackSeconds(u32)=123, state=PLAYING
09-15 13:26:25.477  7378  7829 D OPENHU  : [78] Companion.decrypt | RECV: AUDIO Media Data type: 0 flags: 11 size: 8202 dataOffset: 2
09-15 13:26:25.520  7378  7829 D OPENHU  : [78] Companion.decrypt | RECV: AUDIO Media Data type: 0 flags: 11 size: 8202 dataOffset: 2
09-15 13:26:25.564  7378  7829 D OPENHU  : [78] Companion.decrypt | RECV: AUDIO Media Data type: 0 flags: 11 size: 8202 dataOffset: 2
09-15 13:26:25.606  7378  7829 D OPENHU  : [78] Companion.decrypt | RECV: AUDIO Media Data type: 0 flags: 11 size: 8202 dataOffset: 2
09-15 13:26:25.649  7378  7829 D OPENHU  : [78] Companion.decrypt | RECV: AUDIO Media Data type: 0 flags: 11 size: 8202 dataOffset: 2
09-15 13:26:25.692  7378  7829 D OPENHU  : [78] Companion.decrypt | RECV: AUDIO Media Data type: 0 flags: 11 size: 8202 dataOffset: 2
09-15 13:26:25.736  7378  7829 D OPENHU  : [78] Companion.decrypt | RECV: AUDIO Media Data type: 0 flags: 11 size: 8202 dataOffset: 2
09-15 13:26:25.779  7378  7829 D OPENHU  : [78] Companion.decrypt | RECV: AUDIO Media Data type: 0 flags: 11 size: 8202 dataOffset: 2
09-15 13:26:25.822  7378  7829 D OPENHU  : [78] Companion.decrypt | RECV: AUDIO Media Data type: 0 flags: 11 size: 8202 dataOffset: 2
09-15 13:26:25.829  7378  7829 D OPENHU  : [78] Companion.decrypt | RECV: CONTROL Ping Request type: 11 flags: 11 size: 12 dataOffset: 2
09-15 13:26:25.830  7378  7829 V OPENHU  : [78] AapTransport.send | CONTROL Ping Response type: 12 flags: 11 size: 14 dataOffset: 6
09-15 13:26:25.864  7378  7829 D OPENHU  : [78] Companion.decrypt | RECV: AUDIO Media Data type: 0 flags: 11 size: 8202 dataOffset: 2
09-15 13:26:25.906  7378  7829 D OPENHU  : [78] Companion.decrypt | RECV: AUDIO Media Data type: 0 flags: 11 size: 8202 dataOffset: 2
09-15 13:26:25.947  7378  7829 D OPENHU  : [78] Companion.decrypt | RECV: AUDIO Media Data type: 0 flags: 11 size: 8202 dataOffset: 2
09-15 13:26:25.992  7378  7829 D OPENHU  : [78] Companion.decrypt | RECV: AUDIO Media Data type: 0 flags: 11 size: 8202 dataOffset: 2
09-15 13:26:25.998  7378  7378 V OPENHU  : [2] GpsLocation.onLocationChanged | GpsLocation: fix received
09-15 13:26:26.007  7378  7378 V OPENHU  : [2] AapTransport.send | SENSOR Sensor Event type: 32771 flags: 11 size: 46 dataOffset: 6
09-15 13:26:26.034  7378  7829 D OPENHU  : [78] Companion.decrypt | RECV: AUDIO Media Data type: 0 flags: 11 size: 8202 dataOffset: 2
09-15 13:26:26.077  7378  7829 D OPENHU  : [78] Companion.decrypt | RECV: AUDIO Media Data type: 0 flags: 11 size: 8202 dataOffset: 2
09-15 13:26:26.120  7378  7829 D OPENHU  : [78] Companion.decrypt | RECV: AUDIO Media Data type: 0 flags: 11 size: 8202 dataOffset: 2
09-15 13:26:26.160  7378  7829 D OPENHU  : [78] Companion.decrypt | RECV: AUDIO Media Data type: 0 flags: 11 size: 8202 dataOffset: 2
09-15 13:26:26.207  7378  7829 D OPENHU  : [78] Companion.decrypt | RECV: AUDIO Media Data type: 0 flags: 11 size: 8202 dataOffset: 2
09-15 13:26:26.247  7378  7829 D OPENHU  : [78] Companion.decrypt | RECV: AUDIO Media Data type: 0 flags: 11 size: 8202 dataOffset: 2
09-15 13:26:26.290  7378  7829 D OPENHU  : [78] Companion.decrypt | RECV: AUDIO Media Data type: 0 flags: 11 size: 8202 dataOffset: 2
09-15 13:26:26.332  7378  7829 D OPENHU  : [78] Companion.decrypt | RECV: AUDIO Media Data type: 0 flags: 11 size: 8202 dataOffset: 2
09-15 13:26:26.375  7378  7829 D OPENHU  : [78] Companion.decrypt | RECV: AUDIO Media Data type: 0 flags: 11 size: 8202 dataOffset: 2
09-15 13:26:26.416  7378  7829 D OPENHU  : [78] Companion.decrypt | RECV: AUDIO Media Data type: 0 flags: 11 size: 8202 dataOffset: 2
09-15 13:26:26.443  7378  7829 D OPENHU  : [78] Companion.decrypt | RECV: MUSIC_PLAYBACK Media Playback Status type: 32769 flags: 11 size: 17 dataOffset: 2
09-15 13:26:26.444  7378  7829 D OPENHU  : [78] AapMediaPlayback.processStatusPacket | AapMediaPlayback: status mediaSource='VLC', playbackSeconds(u32)=124, state=PLAYING
09-15 13:26:26.463  7378  7829 D OPENHU  : [78] Companion.decrypt | RECV: AUDIO Media Data type: 0 flags: 11 size: 8202 dataOffset: 2
09-15 13:26:26.510  7378  7829 D OPENHU  : [78] Companion.decrypt | RECV: AUDIO Media Data type: 0 flags: 11 size: 8202 dataOffset: 2
09-15 13:26:26.546  7378  7829 D OPENHU  : [78] Companion.decrypt | RECV: AUDIO Media Data type: 0 flags: 11 size: 8202 dataOffset: 2
09-15 13:26:26.590  7378  7829 D OPENHU  : [78] Companion.decrypt | RECV: AUDIO Media Data type: 0 flags: 11 size: 8202 dataOffset: 2
09-15 13:26:26.631  7378  7829 D OPENHU  : [78] Companion.decrypt | RECV: AUDIO Media Data type: 0 flags: 11 size: 8202 dataOffset: 2
09-15 13:26:26.673  7378  7829 D OPENHU  : [78] Companion.decrypt | RECV: AUDIO Media Data type: 0 flags: 11 size: 8202 dataOffset: 2
09-15 13:26:26.716  7378  7829 D OPENHU  : [78] Companion.decrypt | RECV: AUDIO Media Data type: 0 flags: 11 size: 8202 dataOffset: 2
09-15 13:26:26.758  7378  7829 D OPENHU  : [78] Companion.decrypt | RECV: AUDIO Media Data type: 0 flags: 11 size: 8202 dataOffset: 2
09-15 13:26:26.801  7378  7829 D OPENHU  : [78] Companion.decrypt | RECV: AUDIO Media Data type: 0 flags: 11 size: 8202 dataOffset: 2
09-15 13:26:26.827  7378  7829 D OPENHU  : [78] Companion.decrypt | RECV: CONTROL Ping Request type: 11 flags: 11 size: 12 dataOffset: 2
09-15 13:26:26.828  7378  7829 V OPENHU  : [78] AapTransport.send | CONTROL Ping Response type: 12 flags: 11 size: 14 dataOffset: 6
09-15 13:26:26.845  7378  7829 D OPENHU  : [78] Companion.decrypt | RECV: AUDIO Media Data type: 0 flags: 11 size: 8202 dataOffset: 2
09-15 13:26:26.888  7378  7829 D OPENHU  : [78] Companion.decrypt | RECV: AUDIO Media Data type: 0 flags: 11 size: 8202 dataOffset: 2
09-15 13:26:26.929  7378  7829 D OPENHU  : [78] Companion.decrypt | RECV: AUDIO Media Data type: 0 flags: 11 size: 8202 dataOffset: 2
09-15 13:26:26.975  7378  7829 D OPENHU  : [78] Companion.decrypt | RECV: AUDIO Media Data type: 0 flags: 11 size: 8202 dataOffset: 2
09-15 13:26:27.015  7378  7829 D OPENHU  : [78] Companion.decrypt | RECV: AUDIO Media Data type: 0 flags: 11 size: 8202 dataOffset: 2
09-15 13:26:27.015  7378  7378 V OPENHU  : [2] GpsLocation.onLocationChanged | GpsLocation: fix received
09-15 13:26:27.033  7378  7378 V OPENHU  : [2] AapTransport.send | SENSOR Sensor Event type: 32771 flags: 11 size: 46 dataOffset: 6
09-15 13:26:27.056  7378  7829 D OPENHU  : [78] Companion.decrypt | RECV: AUDIO Media Data type: 0 flags: 11 size: 8202 dataOffset: 2
09-15 13:26:27.100  7378  7829 D OPENHU  : [78] Companion.decrypt | RECV: AUDIO Media Data type: 0 flags: 11 size: 8202 dataOffset: 2
09-15 13:26:27.145  7378  7829 D OPENHU  : [78] Companion.decrypt | RECV: AUDIO Media Data type: 0 flags: 11 size: 8202 dataOffset: 2
09-15 13:26:27.187  7378  7829 D OPENHU  : [78] Companion.decrypt | RECV: AUDIO Media Data type: 0 flags: 11 size: 8202 dataOffset: 2
09-15 13:26:27.229  7378  7829 D OPENHU  : [78] Companion.decrypt | RECV: AUDIO Media Data type: 0 flags: 11 size: 8202 dataOffset: 2
09-15 13:26:27.270  7378  7829 D OPENHU  : [78] Companion.decrypt | RECV: AUDIO Media Data type: 0 flags: 11 size: 8202 dataOffset: 2
09-15 13:26:27.314  7378  7829 D OPENHU  : [78] Companion.decrypt | RECV: AUDIO Media Data type: 0 flags: 11 size: 8202 dataOffset: 2
09-15 13:26:27.356  7378  7829 D OPENHU  : [78] Companion.decrypt | RECV: AUDIO Media Data type: 0 flags: 11 size: 8202 dataOffset: 2
09-15 13:26:27.398  7378  7829 D OPENHU  : [78] Companion.decrypt | RECV: AUDIO Media Data type: 0 flags: 11 size: 8202 dataOffset: 2
09-15 13:26:27.440  7378  7829 D OPENHU  : [78] Companion.decrypt | RECV: AUDIO Media Data type: 0 flags: 11 size: 8202 dataOffset: 2
09-15 13:26:27.444  7378  7829 D OPENHU  : [78] Companion.decrypt | RECV: MUSIC_PLAYBACK Media Playback Status type: 32769 flags: 11 size: 17 dataOffset: 2
09-15 13:26:27.445  7378  7829 D OPENHU  : [78] AapMediaPlayback.processStatusPacket | AapMediaPlayback: status mediaSource='VLC', playbackSeconds(u32)=125, state=PLAYING
09-15 13:26:27.482  7378  7829 D OPENHU  : [78] Companion.decrypt | RECV: AUDIO Media Data type: 0 flags: 11 size: 8202 dataOffset: 2
09-15 13:26:27.527  7378  7829 D OPENHU  : [78] Companion.decrypt | RECV: AUDIO Media Data type: 0 flags: 11 size: 8202 dataOffset: 2
09-15 13:26:27.572  7378  7829 D OPENHU  : [78] Companion.decrypt | RECV: AUDIO Media Data type: 0 flags: 11 size: 8202 dataOffset: 2
09-15 13:26:27.613  7378  7829 D OPENHU  : [78] Companion.decrypt | RECV: AUDIO Media Data type: 0 flags: 11 size: 8202 dataOffset: 2
09-15 13:26:27.654  7378  7829 D OPENHU  : [78] Companion.decrypt | RECV: AUDIO Media Data type: 0 flags: 11 size: 8202 dataOffset: 2
09-15 13:26:27.697  7378  7829 D OPENHU  : [78] Companion.decrypt | RECV: AUDIO Media Data type: 0 flags: 11 size: 8202 dataOffset: 2
09-15 13:26:27.739  7378  7829 D OPENHU  : [78] Companion.decrypt | RECV: AUDIO Media Data type: 0 flags: 11 size: 8202 dataOffset: 2
09-15 13:26:27.785  7378  7829 D OPENHU  : [78] Companion.decrypt | RECV: AUDIO Media Data type: 0 flags: 11 size: 8202 dataOffset: 2
09-15 13:26:27.826  7378  7829 D OPENHU  : [78] Companion.decrypt | RECV: AUDIO Media Data type: 0 flags: 11 size: 8202 dataOffset: 2
09-15 13:26:27.830  7378  7829 D OPENHU  : [78] Companion.decrypt | RECV: CONTROL Ping Request type: 11 flags: 11 size: 12 dataOffset: 2
09-15 13:26:27.831  7378  7829 V OPENHU  : [78] AapTransport.send | CONTROL Ping Response type: 12 flags: 11 size: 14 dataOffset: 6
09-15 13:26:27.869  7378  7829 D OPENHU  : [78] Companion.decrypt | RECV: AUDIO Media Data type: 0 flags: 11 size: 8202 dataOffset: 2
09-15 13:26:27.912  7378  7829 D OPENHU  : [78] Companion.decrypt | RECV: AUDIO Media Data type: 0 flags: 11 size: 8202 dataOffset: 2
09-15 13:26:27.953  7378  7829 D OPENHU  : [78] Companion.decrypt | RECV: AUDIO Media Data type: 0 flags: 11 size: 8202 dataOffset: 2
09-15 13:26:27.995  7378  7378 V OPENHU  : [2] GpsLocation.onLocationChanged | GpsLocation: fix received
09-15 13:26:27.998  7378  7829 D OPENHU  : [78] Companion.decrypt | RECV: AUDIO Media Data type: 0 flags: 11 size: 8202 dataOffset: 2
09-15 13:26:28.004  7378  7378 V OPENHU  : [2] AapTransport.send | SENSOR Sensor Event type: 32771 flags: 11 size: 46 dataOffset: 6
09-15 13:26:28.040  7378  7829 D OPENHU  : [78] Companion.decrypt | RECV: AUDIO Media Data type: 0 flags: 11 size: 8202 dataOffset: 2
09-15 13:26:28.083  7378  7829 D OPENHU  : [78] Companion.decrypt | RECV: AUDIO Media Data type: 0 flags: 11 size: 8202 dataOffset: 2
09-15 13:26:28.123  7378  7829 D OPENHU  : [78] Companion.decrypt | RECV: AUDIO Media Data type: 0 flags: 11 size: 8202 dataOffset: 2
09-15 13:26:28.166  7378  7829 D OPENHU  : [78] Companion.decrypt | RECV: AUDIO Media Data type: 0 flags: 11 size: 8202 dataOffset: 2
09-15 13:26:28.209  7378  7829 D OPENHU  : [78] Companion.decrypt | RECV: AUDIO Media Data type: 0 flags: 11 size: 8202 dataOffset: 2
09-15 13:26:28.253  7378  7829 D OPENHU  : [78] Companion.decrypt | RECV: AUDIO Media Data type: 0 flags: 11 size: 8202 dataOffset: 2
09-15 13:26:28.295  7378  7829 D OPENHU  : [78] Companion.decrypt | RECV: AUDIO Media Data type: 0 flags: 11 size: 8202 dataOffset: 2
09-15 13:26:28.336  7378  7829 D OPENHU  : [78] Companion.decrypt | RECV: AUDIO Media Data type: 0 flags: 11 size: 8202 dataOffset: 2
09-15 13:26:28.381  7378  7829 D OPENHU  : [78] Companion.decrypt | RECV: AUDIO Media Data type: 0 flags: 11 size: 8202 dataOffset: 2
09-15 13:26:28.422  7378  7829 D OPENHU  : [78] Companion.decrypt | RECV: AUDIO Media Data type: 0 flags: 11 size: 8202 dataOffset: 2
09-15 13:26:28.442  7378  7829 D OPENHU  : [78] Companion.decrypt | RECV: MUSIC_PLAYBACK Media Playback Status type: 32769 flags: 11 size: 17 dataOffset: 2
09-15 13:26:28.443  7378  7829 D OPENHU  : [78] AapMediaPlayback.processStatusPacket | AapMediaPlayback: status mediaSource='VLC', playbackSeconds(u32)=126, state=PLAYING
09-15 13:26:28.466  7378  7829 D OPENHU  : [78] Companion.decrypt | RECV: AUDIO Media Data type: 0 flags: 11 size: 8202 dataOffset: 2
09-15 13:26:28.509  7378  7829 D OPENHU  : [78] Companion.decrypt | RECV: AUDIO Media Data type: 0 flags: 11 size: 8202 dataOffset: 2
09-15 13:26:28.556  7378  7829 D OPENHU  : [78] Companion.decrypt | RECV: AUDIO Media Data type: 0 flags: 11 size: 8202 dataOffset: 2
09-15 13:26:28.594  7378  7829 D OPENHU  : [78] Companion.decrypt | RECV: AUDIO Media Data type: 0 flags: 11 size: 8202 dataOffset: 2
09-15 13:26:28.637  7378  7829 D OPENHU  : [78] Companion.decrypt | RECV: AUDIO Media Data type: 0 flags: 11 size: 8202 dataOffset: 2
09-15 13:26:28.679  7378  7829 D OPENHU  : [78] Companion.decrypt | RECV: AUDIO Media Data type: 0 flags: 11 size: 8202 dataOffset: 2
09-15 13:26:28.722  7378  7829 D OPENHU  : [78] Companion.decrypt | RECV: AUDIO Media Data type: 0 flags: 11 size: 8202 dataOffset: 2
09-15 13:26:28.764  7378  7829 D OPENHU  : [78] Companion.decrypt | RECV: AUDIO Media Data type: 0 flags: 11 size: 8202 dataOffset: 2
09-15 13:26:28.807  7378  7829 D OPENHU  : [78] Companion.decrypt | RECV: AUDIO Media Data type: 0 flags: 11 size: 8202 dataOffset: 2
09-15 13:26:28.828  7378  7829 D OPENHU  : [78] Companion.decrypt | RECV: CONTROL Ping Request type: 11 flags: 11 size: 12 dataOffset: 2
09-15 13:26:28.829  7378  7829 V OPENHU  : [78] AapTransport.send | CONTROL Ping Response type: 12 flags: 11 size: 14 dataOffset: 6
09-15 13:26:28.849  7378  7829 D OPENHU  : [78] Companion.decrypt | RECV: AUDIO Media Data type: 0 flags: 11 size: 8202 dataOffset: 2
09-15 13:26:28.893  7378  7829 D OPENHU  : [78] Companion.decrypt | RECV: AUDIO Media Data type: 0 flags: 11 size: 8202 dataOffset: 2
09-15 13:26:28.933  7378  7829 D OPENHU  : [78] Companion.decrypt | RECV: AUDIO Media Data type: 0 flags: 11 size: 8202 dataOffset: 2
09-15 13:26:28.977  7378  7829 D OPENHU  : [78] Companion.decrypt | RECV: AUDIO Media Data type: 0 flags: 11 size: 8202 dataOffset: 2
09-15 13:26:29.012  7378  7378 V OPENHU  : [2] GpsLocation.onLocationChanged | GpsLocation: fix received
09-15 13:26:29.023  7378  7829 D OPENHU  : [78] Companion.decrypt | RECV: AUDIO Media Data type: 0 flags: 11 size: 8202 dataOffset: 2
09-15 13:26:29.033  7378  7378 V OPENHU  : [2] AapTransport.send | SENSOR Sensor Event type: 32771 flags: 11 size: 46 dataOffset: 6
09-15 13:26:29.063  7378  7829 D OPENHU  : [78] Companion.decrypt | RECV: AUDIO Media Data type: 0 flags: 11 size: 8202 dataOffset: 2
09-15 13:26:29.106  7378  7829 D OPENHU  : [78] Companion.decrypt | RECV: AUDIO Media Data type: 0 flags: 11 size: 8202 dataOffset: 2
09-15 13:26:29.152  7378  7829 D OPENHU  : [78] Companion.decrypt | RECV: AUDIO Media Data type: 0 flags: 11 size: 8202 dataOffset: 2
09-15 13:26:29.191  7378  7829 D OPENHU  : [78] Companion.decrypt | RECV: AUDIO Media Data type: 0 flags: 11 size: 8202 dataOffset: 2
09-15 13:26:29.233  7378  7829 D OPENHU  : [78] Companion.decrypt | RECV: AUDIO Media Data type: 0 flags: 11 size: 8202 dataOffset: 2
09-15 13:26:29.275  7378  7829 D OPENHU  : [78] Companion.decrypt | RECV: AUDIO Media Data type: 0 flags: 11 size: 8202 dataOffset: 2
09-15 13:26:29.317  7378  7829 D OPENHU  : [78] Companion.decrypt | RECV: AUDIO Media Data type: 0 flags: 11 size: 8202 dataOffset: 2
09-15 13:26:29.360  7378  7829 D OPENHU  : [78] Companion.decrypt | RECV: AUDIO Media Data type: 0 flags: 11 size: 8202 dataOffset: 2
09-15 13:26:29.405  7378  7829 D OPENHU  : [78] Companion.decrypt | RECV: AUDIO Media Data type: 0 flags: 11 size: 8202 dataOffset: 2
09-15 13:26:29.443  7378  7829 D OPENHU  : [78] Companion.decrypt | RECV: MUSIC_PLAYBACK Media Playback Status type: 32769 flags: 11 size: 17 dataOffset: 2
09-15 13:26:29.444  7378  7829 D OPENHU  : [78] AapMediaPlayback.processStatusPacket | AapMediaPlayback: status mediaSource='VLC', playbackSeconds(u32)=127, state=PLAYING
09-15 13:26:29.446  7378  7829 D OPENHU  : [78] Companion.decrypt | RECV: AUDIO Media Data type: 0 flags: 11 size: 8202 dataOffset: 2
09-15 13:26:29.489  7378  7829 D OPENHU  : [78] Companion.decrypt | RECV: AUDIO Media Data type: 0 flags: 11 size: 8202 dataOffset: 2
09-15 13:26:29.533  7378  7829 D OPENHU  : [78] Companion.decrypt | RECV: AUDIO Media Data type: 0 flags: 11 size: 8202 dataOffset: 2
09-15 13:26:29.574  7378  7829 D OPENHU  : [78] Companion.decrypt | RECV: AUDIO Media Data type: 0 flags: 11 size: 8202 dataOffset: 2
09-15 13:26:29.616  7378  7829 D OPENHU  : [78] Companion.decrypt | RECV: AUDIO Media Data type: 0 flags: 11 size: 8202 dataOffset: 2
09-15 13:26:29.660  7378  7829 D OPENHU  : [78] Companion.decrypt | RECV: AUDIO Media Data type: 0 flags: 11 size: 8202 dataOffset: 2
09-15 13:26:29.671  7378  7862 I OPENHU  : [87] VideoDecoder.logThroughput | Throughput over 5008ms: rendered=165 (32fps), fed=165 (32fps), dropped=0, skipped=0, concealed=0, inputWait=86ms, enqueueWait=0ms, codec=c2.unisoc.avc.decoder, presented=165 (32fps), decodeLatency=9ms p95=12ms (165 frames)
09-15 13:26:29.701  7378  7829 D OPENHU  : [78] Companion.decrypt | RECV: AUDIO Media Data type: 0 flags: 11 size: 8202 dataOffset: 2
09-15 13:26:29.745  7378  7829 D OPENHU  : [78] Companion.decrypt | RECV: AUDIO Media Data type: 0 flags: 11 size: 8202 dataOffset: 2
09-15 13:26:29.789  7378  7829 D OPENHU  : [78] Companion.decrypt | RECV: AUDIO Media Data type: 0 flags: 11 size: 8202 dataOffset: 2
09-15 13:26:29.829  7378  7829 D OPENHU  : [78] Companion.decrypt | RECV: CONTROL Ping Request type: 11 flags: 11 size: 12 dataOffset: 2
09-15 13:26:29.830  7378  7829 V OPENHU  : [78] AapTransport.send | CONTROL Ping Response type: 12 flags: 11 size: 14 dataOffset: 6
09-15 13:26:29.833  7378  7829 D OPENHU  : [78] Companion.decrypt | RECV: AUDIO Media Data type: 0 flags: 11 size: 8202 dataOffset: 2
09-15 13:26:29.872  7378  7829 D OPENHU  : [78] Companion.decrypt | RECV: AUDIO Media Data type: 0 flags: 11 size: 8202 dataOffset: 2
09-15 13:26:29.917  7378  7829 D OPENHU  : [78] Companion.decrypt | RECV: AUDIO Media Data type: 0 flags: 11 size: 8202 dataOffset: 2
09-15 13:26:29.958  7378  7829 D OPENHU  : [78] Companion.decrypt | RECV: AUDIO Media Data type: 0 flags: 11 size: 8202 dataOffset: 2
09-15 13:26:29.973  7378  7378 I OPENHU  : [2] TextureProjectionView.onSurfaceTextureUpdated | TextureProjectionView: displayed 154 frames in 5000ms (30fps), longFrames=1
09-15 13:26:29.996  7378  7378 V OPENHU  : [2] GpsLocation.onLocationChanged | GpsLocation: fix received
09-15 13:26:30.001  7378  7829 D OPENHU  : [78] Companion.decrypt | RECV: AUDIO Media Data type: 0 flags: 11 size: 8202 dataOffset: 2
09-15 13:26:30.014  7378  7378 V OPENHU  : [2] AapTransport.send | SENSOR Sensor Event type: 32771 flags: 11 size: 46 dataOffset: 6
09-15 13:26:30.045  7378  7829 D OPENHU  : [78] Companion.decrypt | RECV: AUDIO Media Data type: 0 flags: 11 size: 8202 dataOffset: 2
09-15 13:26:30.085  7378  7829 D OPENHU  : [78] Companion.decrypt | RECV: AUDIO Media Data type: 0 flags: 11 size: 8202 dataOffset: 2
09-15 13:26:30.129  7378  7829 D OPENHU  : [78] Companion.decrypt | RECV: AUDIO Media Data type: 0 flags: 11 size: 8202 dataOffset: 2
09-15 13:26:30.171  7378  7829 D OPENHU  : [78] Companion.decrypt | RECV: AUDIO Media Data type: 0 flags: 11 size: 8202 dataOffset: 2
09-15 13:26:30.213  7378  7829 D OPENHU  : [78] Companion.decrypt | RECV: AUDIO Media Data type: 0 flags: 11 size: 8202 dataOffset: 2
09-15 13:26:30.261  7378  7829 D OPENHU  : [78] Companion.decrypt | RECV: AUDIO Media Data type: 0 flags: 11 size: 8202 dataOffset: 2
09-15 13:26:30.301  7378  7829 D OPENHU  : [78] Companion.decrypt | RECV: AUDIO Media Data type: 0 flags: 11 size: 8202 dataOffset: 2
09-15 13:26:30.343  7378  7829 D OPENHU  : [78] Companion.decrypt | RECV: AUDIO Media Data type: 0 flags: 11 size: 8202 dataOffset: 2
09-15 13:26:30.386  7378  7829 D OPENHU  : [78] Companion.decrypt | RECV: AUDIO Media Data type: 0 flags: 11 size: 8202 dataOffset: 2
09-15 13:26:30.427  7378  7829 D OPENHU  : [78] Companion.decrypt | RECV: AUDIO Media Data type: 0 flags: 11 size: 8202 dataOffset: 2
09-15 13:26:30.442  7378  7829 D OPENHU  : [78] Companion.decrypt | RECV: MUSIC_PLAYBACK Media Playback Status type: 32769 flags: 11 size: 18 dataOffset: 2
09-15 13:26:30.443  7378  7829 D OPENHU  : [78] AapMediaPlayback.processStatusPacket | AapMediaPlayback: status mediaSource='VLC', playbackSeconds(u32)=128, state=PLAYING
09-15 13:26:30.470  7378  7829 D OPENHU  : [78] Companion.decrypt | RECV: AUDIO Media Data type: 0 flags: 11 size: 8202 dataOffset: 2
09-15 13:26:30.516  7378  7829 D OPENHU  : [78] Companion.decrypt | RECV: AUDIO Media Data type: 0 flags: 11 size: 8202 dataOffset: 2
09-15 13:26:30.556  7378  7829 D OPENHU  : [78] Companion.decrypt | RECV: AUDIO Media Data type: 0 flags: 11 size: 8202 dataOffset: 2
09-15 13:26:30.599  7378  7829 D OPENHU  : [78] Companion.decrypt | RECV: AUDIO Media Data type: 0 flags: 11 size: 8202 dataOffset: 2
09-15 13:26:30.641  7378  7829 D OPENHU  : [78] Companion.decrypt | RECV: AUDIO Media Data type: 0 flags: 11 size: 8202 dataOffset: 2
09-15 13:26:30.683  7378  7829 D OPENHU  : [78] Companion.decrypt | RECV: AUDIO Media Data type: 0 flags: 11 size: 8202 dataOffset: 2
09-15 13:26:30.729  7378  7829 D OPENHU  : [78] Companion.decrypt | RECV: AUDIO Media Data type: 0 flags: 11 size: 8202 dataOffset: 2
09-15 13:26:30.775  7378  7829 D OPENHU  : [78] Companion.decrypt | RECV: AUDIO Media Data type: 0 flags: 11 size: 8202 dataOffset: 2
09-15 13:26:30.811  7378  7829 D OPENHU  : [78] Companion.decrypt | RECV: AUDIO Media Data type: 0 flags: 11 size: 8202 dataOffset: 2
09-15 13:26:30.831  7378  7829 D OPENHU  : [78] Companion.decrypt | RECV: CONTROL Ping Request type: 11 flags: 11 size: 12 dataOffset: 2
09-15 13:26:30.832  7378  7829 V OPENHU  : [78] AapTransport.send | CONTROL Ping Response type: 12 flags: 11 size: 14 dataOffset: 6
09-15 13:26:30.857  7378  7829 D OPENHU  : [78] Companion.decrypt | RECV: AUDIO Media Data type: 0 flags: 11 size: 8202 dataOffset: 2
09-15 13:26:30.898  7378  7829 D OPENHU  : [78] Companion.decrypt | RECV: AUDIO Media Data type: 0 flags: 11 size: 8202 dataOffset: 2
09-15 13:26:30.941  7378  7829 D OPENHU  : [78] Companion.decrypt | RECV: AUDIO Media Data type: 0 flags: 11 size: 8202 dataOffset: 2
09-15 13:26:30.991  7378  7829 D OPENHU  : [78] Companion.decrypt | RECV: AUDIO Media Data type: 0 flags: 11 size: 8202 dataOffset: 2
09-15 13:26:31.027  7378  7829 D OPENHU  : [78] Companion.decrypt | RECV: AUDIO Media Data type: 0 flags: 11 size: 8202 dataOffset: 2
09-15 13:26:31.035  7378  7378 V OPENHU  : [2] GpsLocation.onLocationChanged | GpsLocation: fix received
09-15 13:26:31.048  7378  7378 V OPENHU  : [2] AapTransport.send | SENSOR Sensor Event type: 32771 flags: 11 size: 46 dataOffset: 6
09-15 13:26:31.068  7378  7829 D OPENHU  : [78] Companion.decrypt | RECV: AUDIO Media Data type: 0 flags: 11 size: 8202 dataOffset: 2
09-15 13:26:31.111  7378  7829 D OPENHU  : [78] Companion.decrypt | RECV: AUDIO Media Data type: 0 flags: 11 size: 8202 dataOffset: 2
09-15 13:26:31.153  7378  7829 D OPENHU  : [78] Companion.decrypt | RECV: AUDIO Media Data type: 0 flags: 11 size: 8202 dataOffset: 2
09-15 13:26:31.196  7378  7829 D OPENHU  : [78] Companion.decrypt | RECV: AUDIO Media Data type: 0 flags: 11 size: 8202 dataOffset: 2
09-15 13:26:31.241  7378  7829 D OPENHU  : [78] Companion.decrypt | RECV: AUDIO Media Data type: 0 flags: 11 size: 8202 dataOffset: 2
09-15 13:26:31.284  7378  7829 D OPENHU  : [78] Companion.decrypt | RECV: AUDIO Media Data type: 0 flags: 11 size: 8202 dataOffset: 2
09-15 13:26:31.327  7378  7829 D OPENHU  : [78] Companion.decrypt | RECV: AUDIO Media Data type: 0 flags: 11 size: 8202 dataOffset: 2
09-15 13:26:31.368  7378  7829 D OPENHU  : [78] Companion.decrypt | RECV: AUDIO Media Data type: 0 flags: 11 size: 8202 dataOffset: 2
09-15 13:26:31.410  7378  7829 D OPENHU  : [78] Companion.decrypt | RECV: AUDIO Media Data type: 0 flags: 11 size: 8202 dataOffset: 2
09-15 13:26:31.446  7378  7829 D OPENHU  : [78] Companion.decrypt | RECV: MUSIC_PLAYBACK Media Playback Status type: 32769 flags: 11 size: 18 dataOffset: 2
09-15 13:26:31.448  7378  7829 D OPENHU  : [78] AapMediaPlayback.processStatusPacket | AapMediaPlayback: status mediaSource='VLC', playbackSeconds(u32)=129, state=PLAYING
09-15 13:26:31.453  7378  7829 D OPENHU  : [78] Companion.decrypt | RECV: AUDIO Media Data type: 0 flags: 11 size: 8202 dataOffset: 2
09-15 13:26:31.496  7378  7829 D OPENHU  : [78] Companion.decrypt | RECV: AUDIO Media Data type: 0 flags: 11 size: 8202 dataOffset: 2
09-15 13:26:31.537  7378  7829 D OPENHU  : [78] Companion.decrypt | RECV: AUDIO Media Data type: 0 flags: 11 size: 8202 dataOffset: 2
09-15 13:26:31.580  7378  7829 D OPENHU  : [78] Companion.decrypt | RECV: AUDIO Media Data type: 0 flags: 11 size: 8202 dataOffset: 2
09-15 13:26:31.625  7378  7829 D OPENHU  : [78] Companion.decrypt | RECV: AUDIO Media Data type: 0 flags: 11 size: 8202 dataOffset: 2
09-15 13:26:31.667  7378  7829 D OPENHU  : [78] Companion.decrypt | RECV: AUDIO Media Data type: 0 flags: 11 size: 8202 dataOffset: 2
09-15 13:26:31.709  7378  7829 D OPENHU  : [78] Companion.decrypt | RECV: AUDIO Media Data type: 0 flags: 11 size: 8202 dataOffset: 2
09-15 13:26:31.752  7378  7829 D OPENHU  : [78] Companion.decrypt | RECV: AUDIO Media Data type: 0 flags: 11 size: 8202 dataOffset: 2
09-15 13:26:31.794  7378  7829 D OPENHU  : [78] Companion.decrypt | RECV: AUDIO Media Data type: 0 flags: 11 size: 8202 dataOffset: 2
09-15 13:26:31.832  7378  7829 D OPENHU  : [78] Companion.decrypt | RECV: CONTROL Ping Request type: 11 flags: 11 size: 12 dataOffset: 2
09-15 13:26:31.833  7378  7829 V OPENHU  : [78] AapTransport.send | CONTROL Ping Response type: 12 flags: 11 size: 14 dataOffset: 6
09-15 13:26:31.837  7378  7829 D OPENHU  : [78] Companion.decrypt | RECV: AUDIO Media Data type: 0 flags: 11 size: 8202 dataOffset: 2
09-15 13:26:31.880  7378  7829 D OPENHU  : [78] Companion.decrypt | RECV: AUDIO Media Data type: 0 flags: 11 size: 8202 dataOffset: 2
09-15 13:26:31.923  7378  7829 D OPENHU  : [78] Companion.decrypt | RECV: AUDIO Media Data type: 0 flags: 11 size: 8202 dataOffset: 2
09-15 13:26:31.966  7378  7829 D OPENHU  : [78] Companion.decrypt | RECV: AUDIO Media Data type: 0 flags: 11 size: 8202 dataOffset: 2
09-15 13:26:31.994  7378  7378 V OPENHU  : [2] GpsLocation.onLocationChanged | GpsLocation: fix received
09-15 13:26:32.001  7378  7378 V OPENHU  : [2] AapTransport.send | SENSOR Sensor Event type: 32771 flags: 11 size: 46 dataOffset: 6
09-15 13:26:32.010  7378  7829 D OPENHU  : [78] Companion.decrypt | RECV: AUDIO Media Data type: 0 flags: 11 size: 8202 dataOffset: 2
09-15 13:26:32.049  7378  7829 D OPENHU  : [78] Companion.decrypt | RECV: AUDIO Media Data type: 0 flags: 11 size: 8202 dataOffset: 2
09-15 13:26:32.092  7378  7829 D OPENHU  : [78] Companion.decrypt | RECV: AUDIO Media Data type: 0 flags: 11 size: 8202 dataOffset: 2
09-15 13:26:32.136  7378  7829 D OPENHU  : [78] Companion.decrypt | RECV: AUDIO Media Data type: 0 flags: 11 size: 8202 dataOffset: 2
09-15 13:26:32.178  7378  7829 D OPENHU  : [78] Companion.decrypt | RECV: AUDIO Media Data type: 0 flags: 11 size: 8202 dataOffset: 2
09-15 13:26:32.221  7378  7829 D OPENHU  : [78] Companion.decrypt | RECV: AUDIO Media Data type: 0 flags: 11 size: 8202 dataOffset: 2
09-15 13:26:32.263  7378  7829 D OPENHU  : [78] Companion.decrypt | RECV: AUDIO Media Data type: 0 flags: 11 size: 8202 dataOffset: 2
09-15 13:26:32.305  7378  7829 D OPENHU  : [78] Companion.decrypt | RECV: AUDIO Media Data type: 0 flags: 11 size: 8202 dataOffset: 2
09-15 13:26:32.349  7378  7829 D OPENHU  : [78] Companion.decrypt | RECV: AUDIO Media Data type: 0 flags: 11 size: 8202 dataOffset: 2
09-15 13:26:32.391  7378  7829 D OPENHU  : [78] Companion.decrypt | RECV: AUDIO Media Data type: 0 flags: 11 size: 8202 dataOffset: 2
09-15 13:26:32.432  7378  7829 D OPENHU  : [78] Companion.decrypt | RECV: AUDIO Media Data type: 0 flags: 11 size: 8202 dataOffset: 2
09-15 13:26:32.444  7378  7829 D OPENHU  : [78] Companion.decrypt | RECV: MUSIC_PLAYBACK Media Playback Status type: 32769 flags: 11 size: 18 dataOffset: 2
09-15 13:26:32.445  7378  7829 D OPENHU  : [78] AapMediaPlayback.processStatusPacket | AapMediaPlayback: status mediaSource='VLC', playbackSeconds(u32)=130, state=PLAYING
09-15 13:26:32.476  7378  7829 D OPENHU  : [78] Companion.decrypt | RECV: AUDIO Media Data type: 0 flags: 11 size: 8202 dataOffset: 2
09-15 13:26:32.521  7378  7829 D OPENHU  : [78] Companion.decrypt | RECV: AUDIO Media Data type: 0 flags: 11 size: 8202 dataOffset: 2
09-15 13:26:32.561  7378  7829 D OPENHU  : [78] Companion.decrypt | RECV: AUDIO Media Data type: 0 flags: 11 size: 8202 dataOffset: 2
09-15 13:26:32.604  7378  7829 D OPENHU  : [78] Companion.decrypt | RECV: AUDIO Media Data type: 0 flags: 11 size: 8202 dataOffset: 2
09-15 13:26:32.649  7378  7829 D OPENHU  : [78] Companion.decrypt | RECV: AUDIO Media Data type: 0 flags: 11 size: 8202 dataOffset: 2
09-15 13:26:32.692  7378  7829 D OPENHU  : [78] Companion.decrypt | RECV: AUDIO Media Data type: 0 flags: 11 size: 8202 dataOffset: 2
09-15 13:26:32.732  7378  7829 D OPENHU  : [78] Companion.decrypt | RECV: AUDIO Media Data type: 0 flags: 11 size: 8202 dataOffset: 2
09-15 13:26:32.775  7378  7829 D OPENHU  : [78] Companion.decrypt | RECV: AUDIO Media Data type: 0 flags: 11 size: 8202 dataOffset: 2
09-15 13:26:32.819  7378  7829 D OPENHU  : [78] Companion.decrypt | RECV: AUDIO Media Data type: 0 flags: 11 size: 8202 dataOffset: 2
09-15 13:26:32.832  7378  7829 D OPENHU  : [78] Companion.decrypt | RECV: CONTROL Ping Request type: 11 flags: 11 size: 12 dataOffset: 2
09-15 13:26:32.834  7378  7829 V OPENHU  : [78] AapTransport.send | CONTROL Ping Response type: 12 flags: 11 size: 14 dataOffset: 6
09-15 13:26:32.861  7378  7829 D OPENHU  : [78] Companion.decrypt | RECV: AUDIO Media Data type: 0 flags: 11 size: 8202 dataOffset: 2
09-15 13:26:32.909  7378  7829 D OPENHU  : [78] Companion.decrypt | RECV: AUDIO Media Data type: 0 flags: 11 size: 8202 dataOffset: 2
09-15 13:26:32.946  7378  7829 D OPENHU  : [78] Companion.decrypt | RECV: AUDIO Media Data type: 0 flags: 11 size: 8202 dataOffset: 2
09-15 13:26:32.989  7378  7829 D OPENHU  : [78] Companion.decrypt | RECV: AUDIO Media Data type: 0 flags: 11 size: 8202 dataOffset: 2
09-15 13:26:33.012  7378  7378 V OPENHU  : [2] GpsLocation.onLocationChanged | GpsLocation: fix received
09-15 13:26:33.021  7378  7378 V OPENHU  : [2] AapTransport.send | SENSOR Sensor Event type: 32771 flags: 11 size: 46 dataOffset: 6
09-15 13:26:33.033  7378  7829 D OPENHU  : [78] Companion.decrypt | RECV: AUDIO Media Data type: 0 flags: 11 size: 8202 dataOffset: 2
09-15 13:26:33.074  7378  7829 D OPENHU  : [78] Companion.decrypt | RECV: AUDIO Media Data type: 0 flags: 11 size: 8202 dataOffset: 2
09-15 13:26:33.117  7378  7829 D OPENHU  : [78] Companion.decrypt | RECV: AUDIO Media Data type: 0 flags: 11 size: 8202 dataOffset: 2
09-15 13:26:33.159  7378  7829 D OPENHU  : [78] Companion.decrypt | RECV: AUDIO Media Data type: 0 flags: 11 size: 8202 dataOffset: 2
09-15 13:26:33.202  7378  7829 D OPENHU  : [78] Companion.decrypt | RECV: AUDIO Media Data type: 0 flags: 11 size: 8202 dataOffset: 2
09-15 13:26:33.245  7378  7829 D OPENHU  : [78] Companion.decrypt | RECV: AUDIO Media Data type: 0 flags: 11 size: 8202 dataOffset: 2
09-15 13:26:33.287  7378  7829 D OPENHU  : [78] Companion.decrypt | RECV: AUDIO Media Data type: 0 flags: 11 size: 8202 dataOffset: 2
09-15 13:26:33.328  7378  7829 D OPENHU  : [78] Companion.decrypt | RECV: AUDIO Media Data type: 0 flags: 11 size: 8202 dataOffset: 2
09-15 13:26:33.372  7378  7829 D OPENHU  : [78] Companion.decrypt | RECV: AUDIO Media Data type: 0 flags: 11 size: 8202 dataOffset: 2
09-15 13:26:33.415  7378  7829 D OPENHU  : [78] Companion.decrypt | RECV: AUDIO Media Data type: 0 flags: 11 size: 8202 dataOffset: 2
09-15 13:26:33.444  7378  7829 D OPENHU  : [78] Companion.decrypt | RECV: MUSIC_PLAYBACK Media Playback Status type: 32769 flags: 11 size: 18 dataOffset: 2
09-15 13:26:33.444  7378  7829 D OPENHU  : [78] AapMediaPlayback.processStatusPacket | AapMediaPlayback: status mediaSource='VLC', playbackSeconds(u32)=131, state=PLAYING
09-15 13:26:33.457  7378  7829 D OPENHU  : [78] Companion.decrypt | RECV: AUDIO Media Data type: 0 flags: 11 size: 8202 dataOffset: 2
09-15 13:26:33.501  7378  7829 D OPENHU  : [78] Companion.decrypt | RECV: AUDIO Media Data type: 0 flags: 11 size: 8202 dataOffset: 2
09-15 13:26:33.545  7378  7829 D OPENHU  : [78] Companion.decrypt | RECV: AUDIO Media Data type: 0 flags: 11 size: 8202 dataOffset: 2
09-15 13:26:33.592  7378  7829 D OPENHU  : [78] Companion.decrypt | RECV: AUDIO Media Data type: 0 flags: 11 size: 8202 dataOffset: 2
09-15 13:26:33.628  7378  7829 D OPENHU  : [78] Companion.decrypt | RECV: AUDIO Media Data type: 0 flags: 11 size: 8202 dataOffset: 2
09-15 13:26:33.670  7378  7829 D OPENHU  : [78] Companion.decrypt | RECV: AUDIO Media Data type: 0 flags: 11 size: 8202 dataOffset: 2
09-15 13:26:33.716  7378  7829 D OPENHU  : [78] Companion.decrypt | RECV: AUDIO Media Data type: 0 flags: 11 size: 8202 dataOffset: 2
09-15 13:26:33.755  7378  7829 D OPENHU  : [78] Companion.decrypt | RECV: AUDIO Media Data type: 0 flags: 11 size: 8202 dataOffset: 2
09-15 13:26:33.800  7378  7829 D OPENHU  : [78] Companion.decrypt | RECV: AUDIO Media Data type: 0 flags: 11 size: 8202 dataOffset: 2
09-15 13:26:33.832  7378  7829 D OPENHU  : [78] Companion.decrypt | RECV: CONTROL Ping Request type: 11 flags: 11 size: 12 dataOffset: 2
09-15 13:26:33.833  7378  7829 V OPENHU  : [78] AapTransport.send | CONTROL Ping Response type: 12 flags: 11 size: 14 dataOffset: 6
09-15 13:26:33.841  7378  7829 D OPENHU  : [78] Companion.decrypt | RECV: AUDIO Media Data type: 0 flags: 11 size: 8202 dataOffset: 2
09-15 13:26:33.883  7378  7829 D OPENHU  : [78] Companion.decrypt | RECV: AUDIO Media Data type: 0 flags: 11 size: 8202 dataOffset: 2
09-15 13:26:33.926  7378  7829 D OPENHU  : [78] Companion.decrypt | RECV: AUDIO Media Data type: 0 flags: 11 size: 8202 dataOffset: 2
09-15 13:26:33.969  7378  7829 D OPENHU  : [78] Companion.decrypt | RECV: AUDIO Media Data type: 0 flags: 11 size: 8202 dataOffset: 2
09-15 13:26:33.995  7378  7378 V OPENHU  : [2] GpsLocation.onLocationChanged | GpsLocation: fix received
09-15 13:26:34.002  7378  7378 V OPENHU  : [2] AapTransport.send | SENSOR Sensor Event type: 32771 flags: 11 size: 46 dataOffset: 6
09-15 13:26:34.012  7378  7829 D OPENHU  : [78] Companion.decrypt | RECV: AUDIO Media Data type: 0 flags: 11 size: 8202 dataOffset: 2
09-15 13:26:34.053  7378  7829 D OPENHU  : [78] Companion.decrypt | RECV: AUDIO Media Data type: 0 flags: 11 size: 8202 dataOffset: 2
09-15 13:26:34.101  7378  7829 D OPENHU  : [78] Companion.decrypt | RECV: AUDIO Media Data type: 0 flags: 11 size: 8202 dataOffset: 2
09-15 13:26:34.139  7378  7829 D OPENHU  : [78] Companion.decrypt | RECV: AUDIO Media Data type: 0 flags: 11 size: 8202 dataOffset: 2
09-15 13:26:34.185  7378  7829 D OPENHU  : [78] Companion.decrypt | RECV: AUDIO Media Data type: 0 flags: 11 size: 8202 dataOffset: 2
09-15 13:26:34.225  7378  7829 D OPENHU  : [78] Companion.decrypt | RECV: AUDIO Media Data type: 0 flags: 11 size: 8202 dataOffset: 2
09-15 13:26:34.267  7378  7829 D OPENHU  : [78] Companion.decrypt | RECV: AUDIO Media Data type: 0 flags: 11 size: 8202 dataOffset: 2
09-15 13:26:34.311  7378  7829 D OPENHU  : [78] Companion.decrypt | RECV: AUDIO Media Data type: 0 flags: 11 size: 8202 dataOffset: 2
09-15 13:26:34.353  7378  7829 D OPENHU  : [78] Companion.decrypt | RECV: AUDIO Media Data type: 0 flags: 11 size: 8202 dataOffset: 2
09-15 13:26:34.396  7378  7829 D OPENHU  : [78] Companion.decrypt | RECV: AUDIO Media Data type: 0 flags: 11 size: 8202 dataOffset: 2
09-15 13:26:34.437  7378  7829 D OPENHU  : [78] Companion.decrypt | RECV: AUDIO Media Data type: 0 flags: 11 size: 8202 dataOffset: 2
09-15 13:26:34.447  7378  7829 D OPENHU  : [78] Companion.decrypt | RECV: MUSIC_PLAYBACK Media Playback Status type: 32769 flags: 11 size: 18 dataOffset: 2
09-15 13:26:34.448  7378  7829 D OPENHU  : [78] AapMediaPlayback.processStatusPacket | AapMediaPlayback: status mediaSource='VLC', playbackSeconds(u32)=132, state=PLAYING
09-15 13:26:34.480  7378  7829 D OPENHU  : [78] Companion.decrypt | RECV: AUDIO Media Data type: 0 flags: 11 size: 8202 dataOffset: 2
09-15 13:26:34.524  7378  7829 D OPENHU  : [78] Companion.decrypt | RECV: AUDIO Media Data type: 0 flags: 11 size: 8202 dataOffset: 2
09-15 13:26:34.566  7378  7829 D OPENHU  : [78] Companion.decrypt | RECV: AUDIO Media Data type: 0 flags: 11 size: 8202 dataOffset: 2
09-15 13:26:34.609  7378  7829 D OPENHU  : [78] Companion.decrypt | RECV: AUDIO Media Data type: 0 flags: 11 size: 8202 dataOffset: 2
09-15 13:26:34.650  7378  7829 D OPENHU  : [78] Companion.decrypt | RECV: AUDIO Media Data type: 0 flags: 11 size: 8202 dataOffset: 2
09-15 13:26:34.675  7378  7862 I OPENHU  : [87] VideoDecoder.logThroughput | Throughput over 5004ms: rendered=187 (37fps), fed=188 (37fps), dropped=0, skipped=0, concealed=0, inputWait=92ms, enqueueWait=0ms, codec=c2.unisoc.avc.decoder, presented=187 (37fps), decodeLatency=9ms p95=12ms (187 frames)
09-15 13:26:34.693  7378  7829 D OPENHU  : [78] Companion.decrypt | RECV: AUDIO Media Data type: 0 flags: 11 size: 8202 dataOffset: 2
09-15 13:26:34.736  7378  7829 D OPENHU  : [78] Companion.decrypt | RECV: AUDIO Media Data type: 0 flags: 11 size: 8202 dataOffset: 2
09-15 13:26:34.780  7378  7829 D OPENHU  : [78] Companion.decrypt | RECV: AUDIO Media Data type: 0 flags: 11 size: 8202 dataOffset: 2
09-15 13:26:34.823  7378  7829 D OPENHU  : [78] Companion.decrypt | RECV: AUDIO Media Data type: 0 flags: 11 size: 8202 dataOffset: 2
09-15 13:26:34.833  7378  7829 D OPENHU  : [78] Companion.decrypt | RECV: CONTROL Ping Request type: 11 flags: 11 size: 12 dataOffset: 2
09-15 13:26:34.834  7378  7829 V OPENHU  : [78] AapTransport.send | CONTROL Ping Response type: 12 flags: 11 size: 14 dataOffset: 6
09-15 13:26:34.864  7378  7829 D OPENHU  : [78] Companion.decrypt | RECV: AUDIO Media Data type: 0 flags: 11 size: 8202 dataOffset: 2
09-15 13:26:34.909  7378  7829 D OPENHU  : [78] Companion.decrypt | RECV: AUDIO Media Data type: 0 flags: 11 size: 8202 dataOffset: 2
09-15 13:26:34.951  7378  7829 D OPENHU  : [78] Companion.decrypt | RECV: AUDIO Media Data type: 0 flags: 11 size: 8202 dataOffset: 2
09-15 13:26:34.973  7378  7378 I OPENHU  : [2] TextureProjectionView.onSurfaceTextureUpdated | TextureProjectionView: displayed 153 frames in 5000ms (30fps), longFrames=1
09-15 13:26:34.995  7378  7829 D OPENHU  : [78] Companion.decrypt | RECV: AUDIO Media Data type: 0 flags: 11 size: 8202 dataOffset: 2
09-15 13:26:35.015  7378  7378 V OPENHU  : [2] GpsLocation.onLocationChanged | GpsLocation: fix received
09-15 13:26:35.032  7378  7378 V OPENHU  : [2] AapTransport.send | SENSOR Sensor Event type: 32771 flags: 11 size: 46 dataOffset: 6
09-15 13:26:35.035  7378  7829 D OPENHU  : [78] Companion.decrypt | RECV: AUDIO Media Data type: 0 flags: 11 size: 8202 dataOffset: 2
09-15 13:26:35.077  7378  7829 D OPENHU  : [78] Companion.decrypt | RECV: AUDIO Media Data type: 0 flags: 11 size: 8202 dataOffset: 2
09-15 13:26:35.121  7378  7829 D OPENHU  : [78] Companion.decrypt | RECV: AUDIO Media Data type: 0 flags: 11 size: 8202 dataOffset: 2
09-15 13:26:35.163  7378  7829 D OPENHU  : [78] Companion.decrypt | RECV: AUDIO Media Data type: 0 flags: 11 size: 8202 dataOffset: 2
09-15 13:26:35.210  7378  7829 D OPENHU  : [78] Companion.decrypt | RECV: AUDIO Media Data type: 0 flags: 11 size: 8202 dataOffset: 2
09-15 13:26:35.250  7378  7829 D OPENHU  : [78] Companion.decrypt | RECV: AUDIO Media Data type: 0 flags: 11 size: 8202 dataOffset: 2
09-15 13:26:35.292  7378  7829 D OPENHU  : [78] Companion.decrypt | RECV: AUDIO Media Data type: 0 flags: 11 size: 8202 dataOffset: 2
09-15 13:26:35.333  7378  7829 D OPENHU  : [78] Companion.decrypt | RECV: AUDIO Media Data type: 0 flags: 11 size: 8202 dataOffset: 2
09-15 13:26:35.379  7378  7829 D OPENHU  : [78] Companion.decrypt | RECV: AUDIO Media Data type: 0 flags: 11 size: 8202 dataOffset: 2
09-15 13:26:35.420  7378  7829 D OPENHU  : [78] Companion.decrypt | RECV: AUDIO Media Data type: 0 flags: 11 size: 8202 dataOffset: 2
09-15 13:26:35.448  7378  7829 D OPENHU  : [78] Companion.decrypt | RECV: MUSIC_PLAYBACK Media Playback Status type: 32769 flags: 11 size: 18 dataOffset: 2
09-15 13:26:35.449  7378  7829 D OPENHU  : [78] AapMediaPlayback.processStatusPacket | AapMediaPlayback: status mediaSource='VLC', playbackSeconds(u32)=133, state=PLAYING
09-15 13:26:35.463  7378  7829 D OPENHU  : [78] Companion.decrypt | RECV: AUDIO Media Data type: 0 flags: 11 size: 8202 dataOffset: 2
09-15 13:26:35.507  7378  7829 D OPENHU  : [78] Companion.decrypt | RECV: AUDIO Media Data type: 0 flags: 11 size: 8202 dataOffset: 2
09-15 13:26:35.548  7378  7829 D OPENHU  : [78] Companion.decrypt | RECV: AUDIO Media Data type: 0 flags: 11 size: 8202 dataOffset: 2
09-15 13:26:35.591  7378  7829 D OPENHU  : [78] Companion.decrypt | RECV: AUDIO Media Data type: 0 flags: 11 size: 8202 dataOffset: 2
09-15 13:26:35.633  7378  7829 D OPENHU  : [78] Companion.decrypt | RECV: AUDIO Media Data type: 0 flags: 11 size: 8202 dataOffset: 2
09-15 13:26:35.677  7378  7829 D OPENHU  : [78] Companion.decrypt | RECV: AUDIO Media Data type: 0 flags: 11 size: 8202 dataOffset: 2
09-15 13:26:35.719  7378  7829 D OPENHU  : [78] Companion.decrypt | RECV: AUDIO Media Data type: 0 flags: 11 size: 8202 dataOffset: 2
09-15 13:26:35.761  7378  7829 D OPENHU  : [78] Companion.decrypt | RECV: AUDIO Media Data type: 0 flags: 11 size: 8202 dataOffset: 2
09-15 13:26:35.808  7378  7829 D OPENHU  : [78] Companion.decrypt | RECV: AUDIO Media Data type: 0 flags: 11 size: 8202 dataOffset: 2
09-15 13:26:35.835  7378  7829 D OPENHU  : [78] Companion.decrypt | RECV: CONTROL Ping Request type: 11 flags: 11 size: 12 dataOffset: 2
09-15 13:26:35.836  7378  7829 V OPENHU  : [78] AapTransport.send | CONTROL Ping Response type: 12 flags: 11 size: 14 dataOffset: 6
09-15 13:26:35.849  7378  7829 D OPENHU  : [78] Companion.decrypt | RECV: AUDIO Media Data type: 0 flags: 11 size: 8202 dataOffset: 2
09-15 13:26:35.890  7378  7829 D OPENHU  : [78] Companion.decrypt | RECV: AUDIO Media Data type: 0 flags: 11 size: 8202 dataOffset: 2
09-15 13:26:35.932  7378  7829 D OPENHU  : [78] Companion.decrypt | RECV: AUDIO Media Data type: 0 flags: 11 size: 8202 dataOffset: 2
09-15 13:26:35.974  7378  7829 D OPENHU  : [78] Companion.decrypt | RECV: AUDIO Media Data type: 0 flags: 11 size: 8202 dataOffset: 2
09-15 13:26:35.997  7378  7378 V OPENHU  : [2] GpsLocation.onLocationChanged | GpsLocation: fix received
09-15 13:26:36.017  7378  7378 V OPENHU  : [2] AapTransport.send | SENSOR Sensor Event type: 32771 flags: 11 size: 46 dataOffset: 6
09-15 13:26:36.017  7378  7829 D OPENHU  : [78] Companion.decrypt | RECV: AUDIO Media Data type: 0 flags: 11 size: 8202 dataOffset: 2
09-15 13:26:36.061  7378  7829 D OPENHU  : [78] Companion.decrypt | RECV: AUDIO Media Data type: 0 flags: 11 size: 8202 dataOffset: 2
09-15 13:26:36.105  7378  7829 D OPENHU  : [78] Companion.decrypt | RECV: AUDIO Media Data type: 0 flags: 11 size: 8202 dataOffset: 2
09-15 13:26:36.146  7378  7829 D OPENHU  : [78] Companion.decrypt | RECV: AUDIO Media Data type: 0 flags: 11 size: 8202 dataOffset: 2
09-15 13:26:36.188  7378  7829 D OPENHU  : [78] Companion.decrypt | RECV: AUDIO Media Data type: 0 flags: 11 size: 8202 dataOffset: 2
09-15 13:26:36.231  7378  7829 D OPENHU  : [78] Companion.decrypt | RECV: AUDIO Media Data type: 0 flags: 11 size: 8202 dataOffset: 2
09-15 13:26:36.276  7378  7829 D OPENHU  : [78] Companion.decrypt | RECV: AUDIO Media Data type: 0 flags: 11 size: 8202 dataOffset: 2
09-15 13:26:36.317  7378  7829 D OPENHU  : [78] Companion.decrypt | RECV: AUDIO Media Data type: 0 flags: 11 size: 8202 dataOffset: 2
09-15 13:26:36.365  7378  7829 D OPENHU  : [78] Companion.decrypt | RECV: AUDIO Media Data type: 0 flags: 11 size: 8202 dataOffset: 2
09-15 13:26:36.403  7378  7829 D OPENHU  : [78] Companion.decrypt | RECV: AUDIO Media Data type: 0 flags: 11 size: 8202 dataOffset: 2
09-15 13:26:36.443  7378  7829 D OPENHU  : [78] Companion.decrypt | RECV: AUDIO Media Data type: 0 flags: 11 size: 8202 dataOffset: 2
09-15 13:26:36.450  7378  7829 D OPENHU  : [78] Companion.decrypt | RECV: MUSIC_PLAYBACK Media Playback Status type: 32769 flags: 11 size: 18 dataOffset: 2
09-15 13:26:36.451  7378  7829 D OPENHU  : [78] AapMediaPlayback.processStatusPacket | AapMediaPlayback: status mediaSource='VLC', playbackSeconds(u32)=134, state=PLAYING
09-15 13:26:36.489  7378  7829 D OPENHU  : [78] Companion.decrypt | RECV: AUDIO Media Data type: 0 flags: 11 size: 8202 dataOffset: 2
09-15 13:26:36.530  7378  7829 D OPENHU  : [78] Companion.decrypt | RECV: AUDIO Media Data type: 0 flags: 11 size: 8202 dataOffset: 2
09-15 13:26:36.573  7378  7829 D OPENHU  : [78] Companion.decrypt | RECV: AUDIO Media Data type: 0 flags: 11 size: 8202 dataOffset: 2
09-15 13:26:36.614  7378  7829 D OPENHU  : [78] Companion.decrypt | RECV: AUDIO Media Data type: 0 flags: 11 size: 8202 dataOffset: 2
09-15 13:26:36.658  7378  7829 D OPENHU  : [78] Companion.decrypt | RECV: AUDIO Media Data type: 0 flags: 11 size: 8202 dataOffset: 2
09-15 13:26:36.700  7378  7829 D OPENHU  : [78] Companion.decrypt | RECV: AUDIO Media Data type: 0 flags: 11 size: 8202 dataOffset: 2
09-15 13:26:36.745  7378  7829 D OPENHU  : [78] Companion.decrypt | RECV: AUDIO Media Data type: 0 flags: 11 size: 8202 dataOffset: 2
09-15 13:26:36.789  7378  7829 D OPENHU  : [78] Companion.decrypt | RECV: AUDIO Media Data type: 0 flags: 11 size: 8202 dataOffset: 2
09-15 13:26:36.828  7378  7829 D OPENHU  : [78] Companion.decrypt | RECV: AUDIO Media Data type: 0 flags: 11 size: 8202 dataOffset: 2
09-15 13:26:36.836  7378  7829 D OPENHU  : [78] Companion.decrypt | RECV: CONTROL Ping Request type: 11 flags: 11 size: 12 dataOffset: 2
09-15 13:26:36.837  7378  7829 V OPENHU  : [78] AapTransport.send | CONTROL Ping Response type: 12 flags: 11 size: 14 dataOffset: 6
09-15 13:26:36.871  7378  7829 D OPENHU  : [78] Companion.decrypt | RECV: AUDIO Media Data type: 0 flags: 11 size: 8202 dataOffset: 2
09-15 13:26:36.914  7378  7829 D OPENHU  : [78] Companion.decrypt | RECV: AUDIO Media Data type: 0 flags: 11 size: 8202 dataOffset: 2
09-15 13:26:36.956  7378  7829 D OPENHU  : [78] Companion.decrypt | RECV: AUDIO Media Data type: 0 flags: 11 size: 8202 dataOffset: 2
09-15 13:26:36.998  7378  7829 D OPENHU  : [78] Companion.decrypt | RECV: AUDIO Media Data type: 0 flags: 11 size: 8202 dataOffset: 2
09-15 13:26:37.015  7378  7378 V OPENHU  : [2] GpsLocation.onLocationChanged | GpsLocation: fix received
09-15 13:26:37.033  7378  7378 V OPENHU  : [2] AapTransport.send | SENSOR Sensor Event type: 32771 flags: 11 size: 46 dataOffset: 6
09-15 13:26:37.042  7378  7829 D OPENHU  : [78] Companion.decrypt | RECV: AUDIO Media Data type: 0 flags: 11 size: 8202 dataOffset: 2
09-15 13:26:37.087  7378  7829 D OPENHU  : [78] Companion.decrypt | RECV: AUDIO Media Data type: 0 flags: 11 size: 8202 dataOffset: 2
09-15 13:26:37.125  7378  7829 D OPENHU  : [78] Companion.decrypt | RECV: AUDIO Media Data type: 0 flags: 11 size: 8202 dataOffset: 2
09-15 13:26:37.170  7378  7829 D OPENHU  : [78] Companion.decrypt | RECV: AUDIO Media Data type: 0 flags: 11 size: 8202 dataOffset: 2
09-15 13:26:37.212  7378  7829 D OPENHU  : [78] Companion.decrypt | RECV: AUDIO Media Data type: 0 flags: 11 size: 8202 dataOffset: 2
09-15 13:26:37.254  7378  7829 D OPENHU  : [78] Companion.decrypt | RECV: AUDIO Media Data type: 0 flags: 11 size: 8202 dataOffset: 2
09-15 13:26:37.296  7378  7829 D OPENHU  : [78] Companion.decrypt | RECV: AUDIO Media Data type: 0 flags: 11 size: 8202 dataOffset: 2
09-15 13:26:37.340  7378  7829 D OPENHU  : [78] Companion.decrypt | RECV: AUDIO Media Data type: 0 flags: 11 size: 8202 dataOffset: 2
09-15 13:26:37.383  7378  7829 D OPENHU  : [78] Companion.decrypt | RECV: AUDIO Media Data type: 0 flags: 11 size: 8202 dataOffset: 2
09-15 13:26:37.425  7378  7829 D OPENHU  : [78] Companion.decrypt | RECV: AUDIO Media Data type: 0 flags: 11 size: 8202 dataOffset: 2
09-15 13:26:37.448  7378  7829 D OPENHU  : [78] Companion.decrypt | RECV: MUSIC_PLAYBACK Media Playback Status type: 32769 flags: 11 size: 18 dataOffset: 2
09-15 13:26:37.449  7378  7829 D OPENHU  : [78] AapMediaPlayback.processStatusPacket | AapMediaPlayback: status mediaSource='VLC', playbackSeconds(u32)=135, state=PLAYING
09-15 13:26:37.468  7378  7829 D OPENHU  : [78] Companion.decrypt | RECV: AUDIO Media Data type: 0 flags: 11 size: 8202 dataOffset: 2
09-15 13:26:37.511  7378  7829 D OPENHU  : [78] Companion.decrypt | RECV: AUDIO Media Data type: 0 flags: 11 size: 8202 dataOffset: 2
09-15 13:26:37.556  7378  7829 D OPENHU  : [78] Companion.decrypt | RECV: AUDIO Media Data type: 0 flags: 11 size: 8202 dataOffset: 2
09-15 13:26:37.596  7378  7829 D OPENHU  : [78] Companion.decrypt | RECV: AUDIO Media Data type: 0 flags: 11 size: 8202 dataOffset: 2
09-15 13:26:37.639  7378  7829 D OPENHU  : [78] Companion.decrypt | RECV: AUDIO Media Data type: 0 flags: 11 size: 8202 dataOffset: 2
09-15 13:26:37.681  7378  7829 D OPENHU  : [78] Companion.decrypt | RECV: AUDIO Media Data type: 0 flags: 11 size: 8202 dataOffset: 2
09-15 13:26:37.724  7378  7829 D OPENHU  : [78] Companion.decrypt | RECV: AUDIO Media Data type: 0 flags: 11 size: 8202 dataOffset: 2
09-15 13:26:37.768  7378  7829 D OPENHU  : [78] Companion.decrypt | RECV: AUDIO Media Data type: 0 flags: 11 size: 8202 dataOffset: 2
09-15 13:26:37.810  7378  7829 D OPENHU  : [78] Companion.decrypt | RECV: AUDIO Media Data type: 0 flags: 11 size: 8202 dataOffset: 2
09-15 13:26:37.838  7378  7829 D OPENHU  : [78] Companion.decrypt | RECV: CONTROL Ping Request type: 11 flags: 11 size: 12 dataOffset: 2
09-15 13:26:37.839  7378  7829 V OPENHU  : [78] AapTransport.send | CONTROL Ping Response type: 12 flags: 11 size: 14 dataOffset: 6
09-15 13:26:37.852  7378  7829 D OPENHU  : [78] Companion.decrypt | RECV: AUDIO Media Data type: 0 flags: 11 size: 8202 dataOffset: 2
09-15 13:26:37.895  7378  7829 D OPENHU  : [78] Companion.decrypt | RECV: AUDIO Media Data type: 0 flags: 11 size: 8202 dataOffset: 2
09-15 13:26:37.944  7378  7829 D OPENHU  : [78] Companion.decrypt | RECV: AUDIO Media Data type: 0 flags: 11 size: 8202 dataOffset: 2
09-15 13:26:37.980  7378  7829 D OPENHU  : [78] Companion.decrypt | RECV: AUDIO Media Data type: 0 flags: 11 size: 8202 dataOffset: 2
09-15 13:26:37.999  7378  7378 V OPENHU  : [2] GpsLocation.onLocationChanged | GpsLocation: fix received
09-15 13:26:38.017  7378  7378 V OPENHU  : [2] AapTransport.send | SENSOR Sensor Event type: 32771 flags: 11 size: 46 dataOffset: 6
09-15 13:26:38.022  7378  7829 D OPENHU  : [78] Companion.decrypt | RECV: AUDIO Media Data type: 0 flags: 11 size: 8202 dataOffset: 2
09-15 13:26:38.066  7378  7829 D OPENHU  : [78] Companion.decrypt | RECV: AUDIO Media Data type: 0 flags: 11 size: 8202 dataOffset: 2
09-15 13:26:38.108  7378  7829 D OPENHU  : [78] Companion.decrypt | RECV: AUDIO Media Data type: 0 flags: 11 size: 8202 dataOffset: 2
09-15 13:26:38.154  7378  7829 D OPENHU  : [78] Companion.decrypt | RECV: AUDIO Media Data type: 0 flags: 11 size: 8202 dataOffset: 2
09-15 13:26:38.193  7378  7829 D OPENHU  : [78] Companion.decrypt | RECV: AUDIO Media Data type: 0 flags: 11 size: 8202 dataOffset: 2
09-15 13:26:38.237  7378  7829 D OPENHU  : [78] Companion.decrypt | RECV: AUDIO Media Data type: 0 flags: 11 size: 8202 dataOffset: 2
09-15 13:26:38.278  7378  7829 D OPENHU  : [78] Companion.decrypt | RECV: AUDIO Media Data type: 0 flags: 11 size: 8202 dataOffset: 2
09-15 13:26:38.322  7378  7829 D OPENHU  : [78] Companion.decrypt | RECV: AUDIO Media Data type: 0 flags: 11 size: 8202 dataOffset: 2
09-15 13:26:38.363  7378  7829 D OPENHU  : [78] Companion.decrypt | RECV: AUDIO Media Data type: 0 flags: 11 size: 8202 dataOffset: 2
09-15 13:26:38.406  7378  7829 D OPENHU  : [78] Companion.decrypt | RECV: AUDIO Media Data type: 0 flags: 11 size: 8202 dataOffset: 2
09-15 13:26:38.447  7378  7829 D OPENHU  : [78] Companion.decrypt | RECV: MUSIC_PLAYBACK Media Playback Status type: 32769 flags: 11 size: 18 dataOffset: 2
09-15 13:26:38.448  7378  7829 D OPENHU  : [78] AapMediaPlayback.processStatusPacket | AapMediaPlayback: status mediaSource='VLC', playbackSeconds(u32)=136, state=PLAYING
09-15 13:26:38.451  7378  7829 D OPENHU  : [78] Companion.decrypt | RECV: AUDIO Media Data type: 0 flags: 11 size: 8202 dataOffset: 2
09-15 13:26:38.492  7378  7829 D OPENHU  : [78] Companion.decrypt | RECV: AUDIO Media Data type: 0 flags: 11 size: 8202 dataOffset: 2
09-15 13:26:38.533  7378  7829 D OPENHU  : [78] Companion.decrypt | RECV: AUDIO Media Data type: 0 flags: 11 size: 8202 dataOffset: 2
09-15 13:26:38.577  7378  7829 D OPENHU  : [78] Companion.decrypt | RECV: AUDIO Media Data type: 0 flags: 11 size: 8202 dataOffset: 2
09-15 13:26:38.619  7378  7829 D OPENHU  : [78] Companion.decrypt | RECV: AUDIO Media Data type: 0 flags: 11 size: 8202 dataOffset: 2
09-15 13:26:38.662  7378  7829 D OPENHU  : [78] Companion.decrypt | RECV: AUDIO Media Data type: 0 flags: 11 size: 8202 dataOffset: 2
09-15 13:26:38.705  7378  7829 D OPENHU  : [78] Companion.decrypt | RECV: AUDIO Media Data type: 0 flags: 11 size: 8202 dataOffset: 2
09-15 13:26:38.748  7378  7829 D OPENHU  : [78] Companion.decrypt | RECV: AUDIO Media Data type: 0 flags: 11 size: 8202 dataOffset: 2
09-15 13:26:38.789  7378  7829 D OPENHU  : [78] Companion.decrypt | RECV: AUDIO Media Data type: 0 flags: 11 size: 8202 dataOffset: 2
09-15 13:26:38.835  7378  7829 D OPENHU  : [78] Companion.decrypt | RECV: AUDIO Media Data type: 0 flags: 11 size: 8202 dataOffset: 2
09-15 13:26:38.839  7378  7829 D OPENHU  : [78] Companion.decrypt | RECV: CONTROL Ping Request type: 11 flags: 11 size: 12 dataOffset: 2
09-15 13:26:38.840  7378  7829 V OPENHU  : [78] AapTransport.send | CONTROL Ping Response type: 12 flags: 11 size: 14 dataOffset: 6
09-15 13:26:38.876  7378  7829 D OPENHU  : [78] Companion.decrypt | RECV: AUDIO Media Data type: 0 flags: 11 size: 8202 dataOffset: 2
09-15 13:26:38.918  7378  7829 D OPENHU  : [78] Companion.decrypt | RECV: AUDIO Media Data type: 0 flags: 11 size: 8202 dataOffset: 2
09-15 13:26:38.961  7378  7829 D OPENHU  : [78] Companion.decrypt | RECV: AUDIO Media Data type: 0 flags: 11 size: 8202 dataOffset: 2
09-15 13:26:39.004  7378  7829 D OPENHU  : [78] Companion.decrypt | RECV: AUDIO Media Data type: 0 flags: 11 size: 8202 dataOffset: 2
09-15 13:26:39.013  7378  7378 V OPENHU  : [2] GpsLocation.onLocationChanged | GpsLocation: fix received
09-15 13:26:39.032  7378  7378 V OPENHU  : [2] AapTransport.send | SENSOR Sensor Event type: 32771 flags: 11 size: 46 dataOffset: 6
09-15 13:26:39.047  7378  7829 D OPENHU  : [78] Companion.decrypt | RECV: AUDIO Media Data type: 0 flags: 11 size: 8202 dataOffset: 2
09-15 13:26:39.089  7378  7829 D OPENHU  : [78] Companion.decrypt | RECV: AUDIO Media Data type: 0 flags: 11 size: 8202 dataOffset: 2
09-15 13:26:39.132  7378  7829 D OPENHU  : [78] Companion.decrypt | RECV: AUDIO Media Data type: 0 flags: 11 size: 8202 dataOffset: 2
09-15 13:26:39.174  7378  7829 D OPENHU  : [78] Companion.decrypt | RECV: AUDIO Media Data type: 0 flags: 11 size: 8202 dataOffset: 2
09-15 13:26:39.218  7378  7829 D OPENHU  : [78] Companion.decrypt | RECV: AUDIO Media Data type: 0 flags: 11 size: 8202 dataOffset: 2
09-15 13:26:39.260  7378  7829 D OPENHU  : [78] Companion.decrypt | RECV: AUDIO Media Data type: 0 flags: 11 size: 8202 dataOffset: 2
09-15 13:26:39.307  7378  7829 D OPENHU  : [78] Companion.decrypt | RECV: AUDIO Media Data type: 0 flags: 11 size: 8202 dataOffset: 2
09-15 13:26:39.345  7378  7829 D OPENHU  : [78] Companion.decrypt | RECV: AUDIO Media Data type: 0 flags: 11 size: 8202 dataOffset: 2
09-15 13:26:39.388  7378  7829 D OPENHU  : [78] Companion.decrypt | RECV: AUDIO Media Data type: 0 flags: 11 size: 8202 dataOffset: 2
09-15 13:26:39.432  7378  7829 D OPENHU  : [78] Companion.decrypt | RECV: AUDIO Media Data type: 0 flags: 11 size: 8202 dataOffset: 2
09-15 13:26:39.456  7378  7829 D OPENHU  : [78] Companion.decrypt | RECV: MUSIC_PLAYBACK Media Playback Status type: 32769 flags: 11 size: 18 dataOffset: 2
09-15 13:26:39.458  7378  7829 D OPENHU  : [78] AapMediaPlayback.processStatusPacket | AapMediaPlayback: status mediaSource='VLC', playbackSeconds(u32)=137, state=PLAYING
09-15 13:26:39.473  7378  7829 D OPENHU  : [78] Companion.decrypt | RECV: AUDIO Media Data type: 0 flags: 11 size: 8202 dataOffset: 2
09-15 13:26:39.517  7378  7829 D OPENHU  : [78] Companion.decrypt | RECV: AUDIO Media Data type: 0 flags: 11 size: 8202 dataOffset: 2
09-15 13:26:39.559  7378  7829 D OPENHU  : [78] Companion.decrypt | RECV: AUDIO Media Data type: 0 flags: 11 size: 8202 dataOffset: 2
09-15 13:26:39.602  7378  7829 D OPENHU  : [78] Companion.decrypt | RECV: AUDIO Media Data type: 0 flags: 11 size: 8202 dataOffset: 2
09-15 13:26:39.645  7378  7829 D OPENHU  : [78] Companion.decrypt | RECV: AUDIO Media Data type: 0 flags: 11 size: 8202 dataOffset: 2
09-15 13:26:39.677  7378  7862 I OPENHU  : [87] VideoDecoder.logThroughput | Throughput over 5004ms: rendered=221 (44fps), fed=220 (43fps), dropped=0, skipped=0, concealed=0, inputWait=94ms, enqueueWait=0ms, codec=c2.unisoc.avc.decoder, presented=221 (44fps), decodeLatency=9ms p95=12ms (221 frames)
09-15 13:26:39.688  7378  7829 D OPENHU  : [78] Companion.decrypt | RECV: AUDIO Media Data type: 0 flags: 11 size: 8202 dataOffset: 2
09-15 13:26:39.731  7378  7829 D OPENHU  : [78] Companion.decrypt | RECV: AUDIO Media Data type: 0 flags: 11 size: 8202 dataOffset: 2
09-15 13:26:39.771  7378  7829 D OPENHU  : [78] Companion.decrypt | RECV: AUDIO Media Data type: 0 flags: 11 size: 8202 dataOffset: 2
09-15 13:26:39.816  7378  7829 D OPENHU  : [78] Companion.decrypt | RECV: AUDIO Media Data type: 0 flags: 11 size: 8202 dataOffset: 2
09-15 13:26:39.841  7378  7829 D OPENHU  : [78] Companion.decrypt | RECV: CONTROL Ping Request type: 11 flags: 11 size: 12 dataOffset: 2
09-15 13:26:39.843  7378  7829 V OPENHU  : [78] AapTransport.send | CONTROL Ping Response type: 12 flags: 11 size: 14 dataOffset: 6
09-15 13:26:39.860  7378  7829 D OPENHU  : [78] Companion.decrypt | RECV: AUDIO Media Data type: 0 flags: 11 size: 8202 dataOffset: 2
09-15 13:26:39.903  7378  7829 D OPENHU  : [78] Companion.decrypt | RECV: AUDIO Media Data type: 0 flags: 11 size: 8202 dataOffset: 2
09-15 13:26:39.945  7378  7829 D OPENHU  : [78] Companion.decrypt | RECV: AUDIO Media Data type: 0 flags: 11 size: 8202 dataOffset: 2
09-15 13:26:39.973  7378  7378 I OPENHU  : [2] TextureProjectionView.onSurfaceTextureUpdated | TextureProjectionView: displayed 180 frames in 5000ms (36fps), longFrames=1
09-15 13:26:39.987  7378  7829 D OPENHU  : [78] Companion.decrypt | RECV: AUDIO Media Data type: 0 flags: 11 size: 8202 dataOffset: 2
09-15 13:26:39.997  7378  7378 V OPENHU  : [2] GpsLocation.onLocationChanged | GpsLocation: fix received
09-15 13:26:40.007  7378  7378 V OPENHU  : [2] AapTransport.send | SENSOR Sensor Event type: 32771 flags: 11 size: 46 dataOffset: 6
09-15 13:26:40.030  7378  7829 D OPENHU  : [78] Companion.decrypt | RECV: AUDIO Media Data type: 0 flags: 11 size: 8202 dataOffset: 2
09-15 13:26:40.072  7378  7829 D OPENHU  : [78] Companion.decrypt | RECV: AUDIO Media Data type: 0 flags: 11 size: 8202 dataOffset: 2
09-15 13:26:40.114  7378  7829 D OPENHU  : [78] Companion.decrypt | RECV: AUDIO Media Data type: 0 flags: 11 size: 8202 dataOffset: 2
09-15 13:26:40.157  7378  7829 D OPENHU  : [78] Companion.decrypt | RECV: AUDIO Media Data type: 0 flags: 11 size: 8202 dataOffset: 2
09-15 13:26:40.199  7378  7829 D OPENHU  : [78] Companion.decrypt | RECV: AUDIO Media Data type: 0 flags: 11 size: 8202 dataOffset: 2
09-15 13:26:40.242  7378  7829 D OPENHU  : [78] Companion.decrypt | RECV: AUDIO Media Data type: 0 flags: 11 size: 8202 dataOffset: 2
09-15 13:26:40.284  7378  7829 D OPENHU  : [78] Companion.decrypt | RECV: AUDIO Media Data type: 0 flags: 11 size: 8202 dataOffset: 2
09-15 13:26:40.327  7378  7829 D OPENHU  : [78] Companion.decrypt | RECV: AUDIO Media Data type: 0 flags: 11 size: 8202 dataOffset: 2
09-15 13:26:40.371  7378  7829 D OPENHU  : [78] Companion.decrypt | RECV: AUDIO Media Data type: 0 flags: 11 size: 8202 dataOffset: 2
09-15 13:26:40.415  7378  7829 D OPENHU  : [78] Companion.decrypt | RECV: AUDIO Media Data type: 0 flags: 11 size: 8202 dataOffset: 2
09-15 13:26:40.456  7378  7829 D OPENHU  : [78] Companion.decrypt | RECV: AUDIO Media Data type: 0 flags: 11 size: 8202 dataOffset: 2
09-15 13:26:40.464  7378  7829 D OPENHU  : [78] Companion.decrypt | RECV: MUSIC_PLAYBACK Media Playback Status type: 32769 flags: 11 size: 18 dataOffset: 2
09-15 13:26:40.466  7378  7829 D OPENHU  : [78] AapMediaPlayback.processStatusPacket | AapMediaPlayback: status mediaSource='VLC', playbackSeconds(u32)=138, state=PLAYING
09-15 13:26:40.497  7378  7829 D OPENHU  : [78] Companion.decrypt | RECV: AUDIO Media Data type: 0 flags: 11 size: 8202 dataOffset: 2
09-15 13:26:40.542  7378  7829 D OPENHU  : [78] Companion.decrypt | RECV: AUDIO Media Data type: 0 flags: 11 size: 8202 dataOffset: 2
09-15 13:26:40.583  7378  7829 D OPENHU  : [78] Companion.decrypt | RECV: AUDIO Media Data type: 0 flags: 11 size: 8202 dataOffset: 2
09-15 13:26:40.628  7378  7829 D OPENHU  : [78] Companion.decrypt | RECV: AUDIO Media Data type: 0 flags: 11 size: 8202 dataOffset: 2
09-15 13:26:40.669  7378  7829 D OPENHU  : [78] Companion.decrypt | RECV: AUDIO Media Data type: 0 flags: 11 size: 8202 dataOffset: 2
09-15 13:26:40.711  7378  7829 D OPENHU  : [78] Companion.decrypt | RECV: AUDIO Media Data type: 0 flags: 11 size: 8202 dataOffset: 2
09-15 13:26:40.754  7378  7829 D OPENHU  : [78] Companion.decrypt | RECV: AUDIO Media Data type: 0 flags: 11 size: 8202 dataOffset: 2
09-15 13:26:40.797  7378  7829 D OPENHU  : [78] Companion.decrypt | RECV: AUDIO Media Data type: 0 flags: 11 size: 8202 dataOffset: 2
09-15 13:26:40.839  7378  7829 D OPENHU  : [78] Companion.decrypt | RECV: AUDIO Media Data type: 0 flags: 11 size: 8202 dataOffset: 2
09-15 13:26:40.842  7378  7829 D OPENHU  : [78] Companion.decrypt | RECV: CONTROL Ping Request type: 11 flags: 11 size: 12 dataOffset: 2
09-15 13:26:40.843  7378  7829 V OPENHU  : [78] AapTransport.send | CONTROL Ping Response type: 12 flags: 11 size: 14 dataOffset: 6
09-15 13:26:40.883  7378  7829 D OPENHU  : [78] Companion.decrypt | RECV: AUDIO Media Data type: 0 flags: 11 size: 8202 dataOffset: 2
09-15 13:26:40.926  7378  7829 D OPENHU  : [78] Companion.decrypt | RECV: AUDIO Media Data type: 0 flags: 11 size: 8202 dataOffset: 2
09-15 13:26:40.969  7378  7829 D OPENHU  : [78] Companion.decrypt | RECV: AUDIO Media Data type: 0 flags: 11 size: 8202 dataOffset: 2
09-15 13:26:41.010  7378  7378 V OPENHU  : [2] GpsLocation.onLocationChanged | GpsLocation: fix received
09-15 13:26:41.011  7378  7829 D OPENHU  : [78] Companion.decrypt | RECV: AUDIO Media Data type: 0 flags: 11 size: 8202 dataOffset: 2
09-15 13:26:41.020  7378  7378 V OPENHU  : [2] AapTransport.send | SENSOR Sensor Event type: 32771 flags: 11 size: 46 dataOffset: 6
09-15 13:26:41.052  7378  7829 D OPENHU  : [78] Companion.decrypt | RECV: AUDIO Media Data type: 0 flags: 11 size: 8202 dataOffset: 2
09-15 13:26:41.098  7378  7829 D OPENHU  : [78] Companion.decrypt | RECV: AUDIO Media Data type: 0 flags: 11 size: 8202 dataOffset: 2
09-15 13:26:41.145  7378  7829 D OPENHU  : [78] Companion.decrypt | RECV: AUDIO Media Data type: 0 flags: 11 size: 8202 dataOffset: 2
09-15 13:26:41.180  7378  7829 D OPENHU  : [78] Companion.decrypt | RECV: AUDIO Media Data type: 0 flags: 11 size: 8202 dataOffset: 2
09-15 13:26:41.224  7378  7829 D OPENHU  : [78] Companion.decrypt | RECV: AUDIO Media Data type: 0 flags: 11 size: 8202 dataOffset: 2
09-15 13:26:41.266  7378  7829 D OPENHU  : [78] Companion.decrypt | RECV: AUDIO Media Data type: 0 flags: 11 size: 8202 dataOffset: 2
09-15 13:26:41.310  7378  7829 D OPENHU  : [78] Companion.decrypt | RECV: AUDIO Media Data type: 0 flags: 11 size: 8202 dataOffset: 2
09-15 13:26:41.352  7378  7829 D OPENHU  : [78] Companion.decrypt | RECV: AUDIO Media Data type: 0 flags: 11 size: 8202 dataOffset: 2
09-15 13:26:41.394  7378  7829 D OPENHU  : [78] Companion.decrypt | RECV: AUDIO Media Data type: 0 flags: 11 size: 8202 dataOffset: 2
09-15 13:26:41.437  7378  7829 D OPENHU  : [78] Companion.decrypt | RECV: AUDIO Media Data type: 0 flags: 11 size: 8202 dataOffset: 2
09-15 13:26:41.460  7378  7829 D OPENHU  : [78] Companion.decrypt | RECV: MUSIC_PLAYBACK Media Playback Status type: 32769 flags: 11 size: 18 dataOffset: 2
09-15 13:26:41.461  7378  7829 D OPENHU  : [78] AapMediaPlayback.processStatusPacket | AapMediaPlayback: status mediaSource='VLC', playbackSeconds(u32)=139, state=PLAYING
09-15 13:26:41.479  7378  7829 D OPENHU  : [78] Companion.decrypt | RECV: AUDIO Media Data type: 0 flags: 11 size: 8202 dataOffset: 2
09-15 13:26:41.526  7378  7829 D OPENHU  : [78] Companion.decrypt | RECV: AUDIO Media Data type: 0 flags: 11 size: 8202 dataOffset: 2
09-15 13:26:41.565  7378  7829 D OPENHU  : [78] Companion.decrypt | RECV: AUDIO Media Data type: 0 flags: 11 size: 8202 dataOffset: 2
09-15 13:26:41.607  7378  7829 D OPENHU  : [78] Companion.decrypt | RECV: AUDIO Media Data type: 0 flags: 11 size: 8202 dataOffset: 2
09-15 13:26:41.650  7378  7829 D OPENHU  : [78] Companion.decrypt | RECV: AUDIO Media Data type: 0 flags: 11 size: 8202 dataOffset: 2
09-15 13:26:41.692  7378  7829 D OPENHU  : [78] Companion.decrypt | RECV: AUDIO Media Data type: 0 flags: 11 size: 8202 dataOffset: 2
09-15 13:26:41.735  7378  7829 D OPENHU  : [78] Companion.decrypt | RECV: AUDIO Media Data type: 0 flags: 11 size: 8202 dataOffset: 2
09-15 13:26:41.778  7378  7829 D OPENHU  : [78] Companion.decrypt | RECV: AUDIO Media Data type: 0 flags: 11 size: 8202 dataOffset: 2
09-15 13:26:41.822  7378  7829 D OPENHU  : [78] Companion.decrypt | RECV: AUDIO Media Data type: 0 flags: 11 size: 8202 dataOffset: 2
09-15 13:26:41.842  7378  7829 D OPENHU  : [78] Companion.decrypt | RECV: CONTROL Ping Request type: 11 flags: 11 size: 12 dataOffset: 2
09-15 13:26:41.843  7378  7829 V OPENHU  : [78] AapTransport.send | CONTROL Ping Response type: 12 flags: 11 size: 14 dataOffset: 6
09-15 13:26:41.864  7378  7829 D OPENHU  : [78] Companion.decrypt | RECV: AUDIO Media Data type: 0 flags: 11 size: 8202 dataOffset: 2
09-15 13:26:41.907  7378  7829 D OPENHU  : [78] Companion.decrypt | RECV: AUDIO Media Data type: 0 flags: 11 size: 8202 dataOffset: 2
09-15 13:26:41.950  7378  7829 D OPENHU  : [78] Companion.decrypt | RECV: AUDIO Media Data type: 0 flags: 11 size: 8202 dataOffset: 2
09-15 13:26:41.990  7378  7829 D OPENHU  : [78] Companion.decrypt | RECV: AUDIO Media Data type: 0 flags: 11 size: 8202 dataOffset: 2
09-15 13:26:41.999  7378  7378 V OPENHU  : [2] GpsLocation.onLocationChanged | GpsLocation: fix received
09-15 13:26:42.012  7378  7378 V OPENHU  : [2] AapTransport.send | SENSOR Sensor Event type: 32771 flags: 11 size: 46 dataOffset: 6
09-15 13:26:42.033  7378  7829 D OPENHU  : [78] Companion.decrypt | RECV: AUDIO Media Data type: 0 flags: 11 size: 8202 dataOffset: 2
09-15 13:26:42.077  7378  7829 D OPENHU  : [78] Companion.decrypt | RECV: AUDIO Media Data type: 0 flags: 11 size: 8202 dataOffset: 2
09-15 13:26:42.134  7378  7829 D OPENHU  : [78] Companion.decrypt | RECV: AUDIO Media Data type: 0 flags: 11 size: 8202 dataOffset: 2
09-15 13:26:42.162  7378  7829 D OPENHU  : [78] Companion.decrypt | RECV: AUDIO Media Data type: 0 flags: 11 size: 8202 dataOffset: 2
09-15 13:26:42.204  7378  7829 D OPENHU  : [78] Companion.decrypt | RECV: AUDIO Media Data type: 0 flags: 11 size: 8202 dataOffset: 2
09-15 13:26:42.247  7378  7829 D OPENHU  : [78] Companion.decrypt | RECV: AUDIO Media Data type: 0 flags: 11 size: 8202 dataOffset: 2
09-15 13:26:42.290  7378  7829 D OPENHU  : [78] Companion.decrypt | RECV: AUDIO Media Data type: 0 flags: 11 size: 8202 dataOffset: 2
09-15 13:26:42.333  7378  7829 D OPENHU  : [78] Companion.decrypt | RECV: AUDIO Media Data type: 0 flags: 11 size: 8202 dataOffset: 2
09-15 13:26:42.375  7378  7829 D OPENHU  : [78] Companion.decrypt | RECV: AUDIO Media Data type: 0 flags: 11 size: 8202 dataOffset: 2
09-15 13:26:42.418  7378  7829 D OPENHU  : [78] Companion.decrypt | RECV: AUDIO Media Data type: 0 flags: 11 size: 8202 dataOffset: 2
09-15 13:26:42.461  7378  7829 D OPENHU  : [78] Companion.decrypt | RECV: AUDIO Media Data type: 0 flags: 11 size: 8202 dataOffset: 2
09-15 13:26:42.466  7378  7829 D OPENHU  : [78] Companion.decrypt | RECV: MUSIC_PLAYBACK Media Playback Status type: 32769 flags: 11 size: 18 dataOffset: 2
09-15 13:26:42.467  7378  7829 D OPENHU  : [78] AapMediaPlayback.processStatusPacket | AapMediaPlayback: status mediaSource='VLC', playbackSeconds(u32)=140, state=PLAYING
09-15 13:26:42.504  7378  7829 D OPENHU  : [78] Companion.decrypt | RECV: AUDIO Media Data type: 0 flags: 11 size: 8202 dataOffset: 2
09-15 13:26:42.545  7378  7829 D OPENHU  : [78] Companion.decrypt | RECV: AUDIO Media Data type: 0 flags: 11 size: 8202 dataOffset: 2
09-15 13:26:42.589  7378  7829 D OPENHU  : [78] Companion.decrypt | RECV: AUDIO Media Data type: 0 flags: 11 size: 8202 dataOffset: 2
09-15 13:26:42.631  7378  7829 D OPENHU  : [78] Companion.decrypt | RECV: AUDIO Media Data type: 0 flags: 11 size: 8202 dataOffset: 2
09-15 13:26:42.673  7378  7829 D OPENHU  : [78] Companion.decrypt | RECV: AUDIO Media Data type: 0 flags: 11 size: 8202 dataOffset: 2
09-15 13:26:42.716  7378  7829 D OPENHU  : [78] Companion.decrypt | RECV: AUDIO Media Data type: 0 flags: 11 size: 8202 dataOffset: 2
09-15 13:26:42.759  7378  7829 D OPENHU  : [78] Companion.decrypt | RECV: AUDIO Media Data type: 0 flags: 11 size: 8202 dataOffset: 2
09-15 13:26:42.801  7378  7829 D OPENHU  : [78] Companion.decrypt | RECV: AUDIO Media Data type: 0 flags: 11 size: 8202 dataOffset: 2
09-15 13:26:42.842  7378  7829 D OPENHU  : [78] Companion.decrypt | RECV: CONTROL Ping Request type: 11 flags: 11 size: 12 dataOffset: 2
09-15 13:26:42.843  7378  7829 V OPENHU  : [78] AapTransport.send | CONTROL Ping Response type: 12 flags: 11 size: 14 dataOffset: 6
09-15 13:26:42.846  7378  7829 D OPENHU  : [78] Companion.decrypt | RECV: AUDIO Media Data type: 0 flags: 11 size: 8202 dataOffset: 2
09-15 13:26:42.887  7378  7829 D OPENHU  : [78] Companion.decrypt | RECV: AUDIO Media Data type: 0 flags: 11 size: 8202 dataOffset: 2
09-15 13:26:42.929  7378  7829 D OPENHU  : [78] Companion.decrypt | RECV: AUDIO Media Data type: 0 flags: 11 size: 8202 dataOffset: 2
09-15 13:26:42.975  7378  7829 D OPENHU  : [78] Companion.decrypt | RECV: AUDIO Media Data type: 0 flags: 11 size: 8202 dataOffset: 2
09-15 13:26:43.014  7378  7378 V OPENHU  : [2] GpsLocation.onLocationChanged | GpsLocation: fix received
09-15 13:26:43.017  7378  7829 D OPENHU  : [78] Companion.decrypt | RECV: AUDIO Media Data type: 0 flags: 11 size: 8202 dataOffset: 2
09-15 13:26:43.035  7378  7378 V OPENHU  : [2] AapTransport.send | SENSOR Sensor Event type: 32771 flags: 11 size: 46 dataOffset: 6
09-15 13:26:43.057  7378  7829 D OPENHU  : [78] Companion.decrypt | RECV: AUDIO Media Data type: 0 flags: 11 size: 8202 dataOffset: 2
09-15 13:26:43.101  7378  7829 D OPENHU  : [78] Companion.decrypt | RECV: AUDIO Media Data type: 0 flags: 11 size: 8202 dataOffset: 2
09-15 13:26:43.144  7378  7829 D OPENHU  : [78] Companion.decrypt | RECV: AUDIO Media Data type: 0 flags: 11 size: 8202 dataOffset: 2
09-15 13:26:43.191  7378  7829 D OPENHU  : [78] Companion.decrypt | RECV: AUDIO Media Data type: 0 flags: 11 size: 8202 dataOffset: 2
09-15 13:26:43.234  7378  7829 D OPENHU  : [78] Companion.decrypt | RECV: AUDIO Media Data type: 0 flags: 11 size: 8202 dataOffset: 2
09-15 13:26:43.276  7378  7829 D OPENHU  : [78] Companion.decrypt | RECV: AUDIO Media Data type: 0 flags: 11 size: 8202 dataOffset: 2
09-15 13:26:43.313  7378  7829 D OPENHU  : [78] Companion.decrypt | RECV: AUDIO Media Data type: 0 flags: 11 size: 8202 dataOffset: 2
09-15 13:26:43.359  7378  7829 D OPENHU  : [78] Companion.decrypt | RECV: AUDIO Media Data type: 0 flags: 11 size: 8202 dataOffset: 2
09-15 13:26:43.402  7378  7829 D OPENHU  : [78] Companion.decrypt | RECV: AUDIO Media Data type: 0 flags: 11 size: 8202 dataOffset: 2
09-15 13:26:43.442  7378  7829 D OPENHU  : [78] Companion.decrypt | RECV: AUDIO Media Data type: 0 flags: 11 size: 8202 dataOffset: 2
09-15 13:26:43.466  7378  7829 D OPENHU  : [78] Companion.decrypt | RECV: MUSIC_PLAYBACK Media Playback Status type: 32769 flags: 11 size: 18 dataOffset: 2
09-15 13:26:43.467  7378  7829 D OPENHU  : [78] AapMediaPlayback.processStatusPacket | AapMediaPlayback: status mediaSource='VLC', playbackSeconds(u32)=141, state=PLAYING
09-15 13:26:43.484  7378  7829 D OPENHU  : [78] Companion.decrypt | RECV: AUDIO Media Data type: 0 flags: 11 size: 8202 dataOffset: 2
09-15 13:26:43.527  7378  7829 D OPENHU  : [78] Companion.decrypt | RECV: AUDIO Media Data type: 0 flags: 11 size: 8202 dataOffset: 2
09-15 13:26:43.554  7378  7829 I OPENHU  : [78] AapTransport.noteMessageReceived$com_andrerinas_headunitrevived_3_4_0_beta3_githubDebug | AapTransport: inbound rate over 30013ms: video=76kB/s (1122 msgs), audio=153kB/s (584 msgs), other=0kB/s (71 msgs)
09-15 13:26:43.572  7378  7829 D OPENHU  : [78] Companion.decrypt | RECV: AUDIO Media Data type: 0 flags: 11 size: 8202 dataOffset: 2
09-15 13:26:43.612  7378  7829 D OPENHU  : [78] Companion.decrypt | RECV: AUDIO Media Data type: 0 flags: 11 size: 8202 dataOffset: 2
09-15 13:26:43.615  7378  7829 I OPENHU  : [78] AapMessageHandlerType.handle | AapTransport: transport dispatch over 30009ms: video=1327ms, audio=793ms, other=189ms, unread=7%, blocks=2, longest=78ms on VIDEO, videoQueue=7
09-15 13:26:43.655  7378  7829 D OPENHU  : [78] Companion.decrypt | RECV: AUDIO Media Data type: 0 flags: 11 size: 8202 dataOffset: 2
09-15 13:26:43.699  7378  7829 D OPENHU  : [78] Companion.decrypt | RECV: AUDIO Media Data type: 0 flags: 11 size: 8202 dataOffset: 2
09-15 13:26:43.741  7378  7829 D OPENHU  : [78] Companion.decrypt | RECV: AUDIO Media Data type: 0 flags: 11 size: 8202 dataOffset: 2
09-15 13:26:43.785  7378  7829 D OPENHU  : [78] Companion.decrypt | RECV: AUDIO Media Data type: 0 flags: 11 size: 8202 dataOffset: 2
09-15 13:26:43.828  7378  7829 D OPENHU  : [78] Companion.decrypt | RECV: AUDIO Media Data type: 0 flags: 11 size: 8202 dataOffset: 2
09-15 13:26:43.844  7378  7829 D OPENHU  : [78] Companion.decrypt | RECV: CONTROL Ping Request type: 11 flags: 11 size: 12 dataOffset: 2
09-15 13:26:43.845  7378  7829 V OPENHU  : [78] AapTransport.send | CONTROL Ping Response type: 12 flags: 11 size: 14 dataOffset: 6
09-15 13:26:43.871  7378  7829 D OPENHU  : [78] Companion.decrypt | RECV: AUDIO Media Data type: 0 flags: 11 size: 8202 dataOffset: 2
09-15 13:26:43.911  7378  7829 D OPENHU  : [78] Companion.decrypt | RECV: AUDIO Media Data type: 0 flags: 11 size: 8202 dataOffset: 2
09-15 13:26:43.953  7378  7829 D OPENHU  : [78] Companion.decrypt | RECV: AUDIO Media Data type: 0 flags: 11 size: 8202 dataOffset: 2
09-15 13:26:43.996  7378  7829 D OPENHU  : [78] Companion.decrypt | RECV: AUDIO Media Data type: 0 flags: 11 size: 8202 dataOffset: 2
09-15 13:26:43.999  7378  7378 V OPENHU  : [2] GpsLocation.onLocationChanged | GpsLocation: fix received
09-15 13:26:44.010  7378  7378 V OPENHU  : [2] AapTransport.send | SENSOR Sensor Event type: 32771 flags: 11 size: 46 dataOffset: 6
09-15 13:26:44.040  7378  7829 D OPENHU  : [78] Companion.decrypt | RECV: AUDIO Media Data type: 0 flags: 11 size: 8202 dataOffset: 2
09-15 13:26:44.084  7378  7829 D OPENHU  : [78] Companion.decrypt | RECV: AUDIO Media Data type: 0 flags: 11 size: 8202 dataOffset: 2
09-15 13:26:44.125  7378  7829 D OPENHU  : [78] Companion.decrypt | RECV: AUDIO Media Data type: 0 flags: 11 size: 8202 dataOffset: 2
09-15 13:26:44.183  7378  7829 D OPENHU  : [78] Companion.decrypt | RECV: AUDIO Media Data type: 0 flags: 11 size: 8202 dataOffset: 2
09-15 13:26:44.187  7378  7850 I OPENHU  : [84] AudioTrackWrapper.sampleHealth | audio sink AUDIO over 30046ms: underruns=0, silentCycles=252, rebanks=0, dropped=0, droppedFrames=0, shed=0, depth=216ms (min 0ms), queued=2, capacity=0 frames (0ms), effective=0 frames (0ms), target=7808 frames (162ms), drift=0ms
09-15 13:26:44.209  7378  7848 I OPENHU  : [82] AudioTrackWrapper.sampleHealth | audio sink AUDIO2 over 30091ms: underruns=0, silentCycles=1502, rebanks=0, dropped=0, droppedFrames=0, shed=0, depth=0ms (min 0ms), queued=0, capacity=0 frames (0ms), effective=0 frames (0ms), target=6720 frames (420ms), drift=0ms
09-15 13:26:44.212  7378  7829 D OPENHU  : [78] Companion.decrypt | RECV: AUDIO Media Data type: 0 flags: 11 size: 8202 dataOffset: 2
09-15 13:26:44.225  7378  7849 I OPENHU  : [83] AudioTrackWrapper.sampleHealth | audio sink AUDIO1 over 30096ms: underruns=0, silentCycles=1512, rebanks=0, dropped=0, droppedFrames=0, shed=0, depth=0ms (min 0ms), queued=0, capacity=0 frames (0ms), effective=0 frames (0ms), target=6720 frames (420ms), drift=0ms
09-15 13:26:44.253  7378  7829 D OPENHU  : [78] Companion.decrypt | RECV: AUDIO Media Data type: 0 flags: 11 size: 8202 dataOffset: 2
09-15 13:26:44.295  7378  7829 D OPENHU  : [78] Companion.decrypt | RECV: AUDIO Media Data type: 0 flags: 11 size: 8202 dataOffset: 2
09-15 13:26:44.340  7378  7829 D OPENHU  : [78] Companion.decrypt | RECV: AUDIO Media Data type: 0 flags: 11 size: 8202 dataOffset: 2
09-15 13:26:44.383  7378  7829 D OPENHU  : [78] Companion.decrypt | RECV: AUDIO Media Data type: 0 flags: 11 size: 8202 dataOffset: 2
09-15 13:26:44.425  7378  7829 D OPENHU  : [78] Companion.decrypt | RECV: AUDIO Media Data type: 0 flags: 11 size: 8202 dataOffset: 2
09-15 13:26:44.467  7378  7829 D OPENHU  : [78] Companion.decrypt | RECV: AUDIO Media Data type: 0 flags: 11 size: 8202 dataOffset: 2
09-15 13:26:44.474  7378  7829 D OPENHU  : [78] Companion.decrypt | RECV: MUSIC_PLAYBACK Media Playback Status type: 32769 flags: 11 size: 18 dataOffset: 2
09-15 13:26:44.476  7378  7829 D OPENHU  : [78] AapMediaPlayback.processStatusPacket | AapMediaPlayback: status mediaSource='VLC', playbackSeconds(u32)=142, state=PLAYING
09-15 13:26:44.510  7378  7829 D OPENHU  : [78] Companion.decrypt | RECV: AUDIO Media Data type: 0 flags: 11 size: 8202 dataOffset: 2
09-15 13:26:44.551  7378  7829 D OPENHU  : [78] Companion.decrypt | RECV: AUDIO Media Data type: 0 flags: 11 size: 8202 dataOffset: 2
09-15 13:26:44.594  7378  7829 D OPENHU  : [78] Companion.decrypt | RECV: AUDIO Media Data type: 0 flags: 11 size: 8202 dataOffset: 2
09-15 13:26:44.636  7378  7829 D OPENHU  : [78] Companion.decrypt | RECV: AUDIO Media Data type: 0 flags: 11 size: 8202 dataOffset: 2
09-15 13:26:44.680  7378  7829 D OPENHU  : [78] Companion.decrypt | RECV: AUDIO Media Data type: 0 flags: 11 size: 8202 dataOffset: 2
09-15 13:26:44.682  7378  7862 I OPENHU  : [87] VideoDecoder.logThroughput | Throughput over 5004ms: rendered=164 (32fps), fed=164 (32fps), dropped=0, skipped=0, concealed=0, inputWait=82ms, enqueueWait=0ms, codec=c2.unisoc.avc.decoder, presented=164 (32fps), decodeLatency=9ms p95=12ms (164 frames)
09-15 13:26:44.722  7378  7829 D OPENHU  : [78] Companion.decrypt | RECV: AUDIO Media Data type: 0 flags: 11 size: 8202 dataOffset: 2
09-15 13:26:44.765  7378  7829 D OPENHU  : [78] Companion.decrypt | RECV: AUDIO Media Data type: 0 flags: 11 size: 8202 dataOffset: 2
09-15 13:26:44.807  7378  7829 D OPENHU  : [78] Companion.decrypt | RECV: AUDIO Media Data type: 0 flags: 11 size: 8202 dataOffset: 2
09-15 13:26:44.846  7378  7829 D OPENHU  : [78] Companion.decrypt | RECV: CONTROL Ping Request type: 11 flags: 11 size: 12 dataOffset: 2
09-15 13:26:44.848  7378  7829 V OPENHU  : [78] AapTransport.send | CONTROL Ping Response type: 12 flags: 11 size: 14 dataOffset: 6
09-15 13:26:44.852  7378  7829 D OPENHU  : [78] Companion.decrypt | RECV: AUDIO Media Data type: 0 flags: 11 size: 8202 dataOffset: 2
09-15 13:26:44.893  7378  7829 D OPENHU  : [78] Companion.decrypt | RECV: AUDIO Media Data type: 0 flags: 11 size: 8202 dataOffset: 2
09-15 13:26:44.935  7378  7829 D OPENHU  : [78] Companion.decrypt | RECV: AUDIO Media Data type: 0 flags: 11 size: 8202 dataOffset: 2
09-15 13:26:44.978  7378  7829 D OPENHU  : [78] Companion.decrypt | RECV: AUDIO Media Data type: 0 flags: 11 size: 8202 dataOffset: 2
09-15 13:26:45.012  7378  7378 V OPENHU  : [2] GpsLocation.onLocationChanged | GpsLocation: fix received
09-15 13:26:45.020  7378  7378 V OPENHU  : [2] AapTransport.send | SENSOR Sensor Event type: 32771 flags: 11 size: 46 dataOffset: 6
09-15 13:26:45.023  7378  7829 D OPENHU  : [78] Companion.decrypt | RECV: AUDIO Media Data type: 0 flags: 11 size: 8202 dataOffset: 2
09-15 13:26:45.062  7378  7378 I OPENHU  : [2] TextureProjectionView.onSurfaceTextureUpdated | TextureProjectionView: displayed 138 frames in 5088ms (27fps), longFrames=1
09-15 13:26:45.064  7378  7829 D OPENHU  : [78] Companion.decrypt | RECV: AUDIO Media Data type: 0 flags: 11 size: 8202 dataOffset: 2
09-15 13:26:45.106  7378  7829 D OPENHU  : [78] Companion.decrypt | RECV: AUDIO Media Data type: 0 flags: 11 size: 8202 dataOffset: 2
09-15 13:26:45.149  7378  7829 D OPENHU  : [78] Companion.decrypt | RECV: AUDIO Media Data type: 0 flags: 11 size: 8202 dataOffset: 2
09-15 13:26:45.192  7378  7829 D OPENHU  : [78] Companion.decrypt | RECV: AUDIO Media Data type: 0 flags: 11 size: 8202 dataOffset: 2
09-15 13:26:45.234  7378  7829 D OPENHU  : [78] Companion.decrypt | RECV: AUDIO Media Data type: 0 flags: 11 size: 8202 dataOffset: 2
09-15 13:26:45.277  7378  7829 D OPENHU  : [78] Companion.decrypt | RECV: AUDIO Media Data type: 0 flags: 11 size: 8202 dataOffset: 2
09-15 13:26:45.319  7378  7829 D OPENHU  : [78] Companion.decrypt | RECV: AUDIO Media Data type: 0 flags: 11 size: 8202 dataOffset: 2
09-15 13:26:45.362  7378  7829 D OPENHU  : [78] Companion.decrypt | RECV: AUDIO Media Data type: 0 flags: 11 size: 8202 dataOffset: 2
09-15 13:26:45.407  7378  7829 D OPENHU  : [78] Companion.decrypt | RECV: AUDIO Media Data type: 0 flags: 11 size: 8202 dataOffset: 2
09-15 13:26:45.452  7378  7829 D OPENHU  : [78] Companion.decrypt | RECV: AUDIO Media Data type: 0 flags: 11 size: 8202 dataOffset: 2
09-15 13:26:45.474  7378  7829 D OPENHU  : [78] Companion.decrypt | RECV: MUSIC_PLAYBACK Media Playback Status type: 32769 flags: 11 size: 18 dataOffset: 2
09-15 13:26:45.476  7378  7829 D OPENHU  : [78] AapMediaPlayback.processStatusPacket | AapMediaPlayback: status mediaSource='VLC', playbackSeconds(u32)=143, state=PLAYING
09-15 13:26:45.490  7378  7829 D OPENHU  : [78] Companion.decrypt | RECV: AUDIO Media Data type: 0 flags: 11 size: 8202 dataOffset: 2
09-15 13:26:45.538  7378  7829 D OPENHU  : [78] Companion.decrypt | RECV: AUDIO Media Data type: 0 flags: 11 size: 8202 dataOffset: 2
09-15 13:26:45.576  7378  7829 D OPENHU  : [78] Companion.decrypt | RECV: AUDIO Media Data type: 0 flags: 11 size: 8202 dataOffset: 2
09-15 13:26:45.620  7378  7829 D OPENHU  : [78] Companion.decrypt | RECV: AUDIO Media Data type: 0 flags: 11 size: 8202 dataOffset: 2
09-15 13:26:45.661  7378  7829 D OPENHU  : [78] Companion.decrypt | RECV: AUDIO Media Data type: 0 flags: 11 size: 8202 dataOffset: 2
09-15 13:26:45.703  7378  7829 D OPENHU  : [78] Companion.decrypt | RECV: AUDIO Media Data type: 0 flags: 11 size: 8202 dataOffset: 2
09-15 13:26:45.746  7378  7829 D OPENHU  : [78] Companion.decrypt | RECV: AUDIO Media Data type: 0 flags: 11 size: 8202 dataOffset: 2
09-15 13:26:45.789  7378  7829 D OPENHU  : [78] Companion.decrypt | RECV: AUDIO Media Data type: 0 flags: 11 size: 8202 dataOffset: 2
09-15 13:26:45.831  7378  7829 D OPENHU  : [78] Companion.decrypt | RECV: AUDIO Media Data type: 0 flags: 11 size: 8202 dataOffset: 2
09-15 13:26:45.846  7378  7829 D OPENHU  : [78] Companion.decrypt | RECV: CONTROL Ping Request type: 11 flags: 11 size: 12 dataOffset: 2
09-15 13:26:45.846  7378  7829 V OPENHU  : [78] AapTransport.send | CONTROL Ping Response type: 12 flags: 11 size: 14 dataOffset: 6
09-15 13:26:45.874  7378  7829 D OPENHU  : [78] Companion.decrypt | RECV: AUDIO Media Data type: 0 flags: 11 size: 8202 dataOffset: 2
09-15 13:26:45.917  7378  7829 D OPENHU  : [78] Companion.decrypt | RECV: AUDIO Media Data type: 0 flags: 11 size: 8202 dataOffset: 2
09-15 13:26:45.961  7378  7829 D OPENHU  : [78] Companion.decrypt | RECV: AUDIO Media Data type: 0 flags: 11 size: 8202 dataOffset: 2
09-15 13:26:45.995  7378  7378 V OPENHU  : [2] GpsLocation.onLocationChanged | GpsLocation: fix received
09-15 13:26:46.000  7378  7829 D OPENHU  : [78] Companion.decrypt | RECV: AUDIO Media Data type: 0 flags: 11 size: 8202 dataOffset: 2
09-15 13:26:46.002  7378  7378 V OPENHU  : [2] AapTransport.send | SENSOR Sensor Event type: 32771 flags: 11 size: 46 dataOffset: 6
09-15 13:26:46.047  7378  7829 D OPENHU  : [78] Companion.decrypt | RECV: AUDIO Media Data type: 0 flags: 11 size: 8202 dataOffset: 2
09-15 13:26:46.089  7378  7829 D OPENHU  : [78] Companion.decrypt | RECV: AUDIO Media Data type: 0 flags: 11 size: 8202 dataOffset: 2
09-15 13:26:46.130  7378  7829 D OPENHU  : [78] Companion.decrypt | RECV: AUDIO Media Data type: 0 flags: 11 size: 8202 dataOffset: 2
09-15 13:26:46.171  7378  7829 D OPENHU  : [78] Companion.decrypt | RECV: AUDIO Media Data type: 0 flags: 11 size: 8202 dataOffset: 2
09-15 13:26:46.215  7378  7829 D OPENHU  : [78] Companion.decrypt | RECV: AUDIO Media Data type: 0 flags: 11 size: 8202 dataOffset: 2
09-15 13:26:46.258  7378  7829 D OPENHU  : [78] Companion.decrypt | RECV: AUDIO Media Data type: 0 flags: 11 size: 8202 dataOffset: 2
09-15 13:26:46.301  7378  7829 D OPENHU  : [78] Companion.decrypt | RECV: AUDIO Media Data type: 0 flags: 11 size: 8202 dataOffset: 2
09-15 13:26:46.345  7378  7829 D OPENHU  : [78] Companion.decrypt | RECV: AUDIO Media Data type: 0 flags: 11 size: 8202 dataOffset: 2
09-15 13:26:46.386  7378  7829 D OPENHU  : [78] Companion.decrypt | RECV: AUDIO Media Data type: 0 flags: 11 size: 8202 dataOffset: 2
09-15 13:26:46.428  7378  7829 D OPENHU  : [78] Companion.decrypt | RECV: AUDIO Media Data type: 0 flags: 11 size: 8202 dataOffset: 2
09-15 13:26:46.471  7378  7829 D OPENHU  : [78] Companion.decrypt | RECV: AUDIO Media Data type: 0 flags: 11 size: 8202 dataOffset: 2
09-15 13:26:46.474  7378  7829 D OPENHU  : [78] Companion.decrypt | RECV: MUSIC_PLAYBACK Media Playback Status type: 32769 flags: 11 size: 18 dataOffset: 2
09-15 13:26:46.475  7378  7829 D OPENHU  : [78] AapMediaPlayback.processStatusPacket | AapMediaPlayback: status mediaSource='VLC', playbackSeconds(u32)=144, state=PLAYING
09-15 13:26:46.514  7378  7829 D OPENHU  : [78] Companion.decrypt | RECV: AUDIO Media Data type: 0 flags: 11 size: 8202 dataOffset: 2
09-15 13:26:46.564  7378  7829 D OPENHU  : [78] Companion.decrypt | RECV: AUDIO Media Data type: 0 flags: 11 size: 8202 dataOffset: 2
09-15 13:26:46.598  7378  7829 D OPENHU  : [78] Companion.decrypt | RECV: AUDIO Media Data type: 0 flags: 11 size: 8202 dataOffset: 2
09-15 13:26:46.641  7378  7829 D OPENHU  : [78] Companion.decrypt | RECV: AUDIO Media Data type: 0 flags: 11 size: 8202 dataOffset: 2
09-15 13:26:46.684  7378  7829 D OPENHU  : [78] Companion.decrypt | RECV: AUDIO Media Data type: 0 flags: 11 size: 8202 dataOffset: 2
09-15 13:26:46.725  7378  7829 D OPENHU  : [78] Companion.decrypt | RECV: AUDIO Media Data type: 0 flags: 11 size: 8202 dataOffset: 2
09-15 13:26:46.769  7378  7829 D OPENHU  : [78] Companion.decrypt | RECV: AUDIO Media Data type: 0 flags: 11 size: 8202 dataOffset: 2
09-15 13:26:46.813  7378  7829 D OPENHU  : [78] Companion.decrypt | RECV: AUDIO Media Data type: 0 flags: 11 size: 8202 dataOffset: 2
09-15 13:26:46.848  7378  7829 D OPENHU  : [78] Companion.decrypt | RECV: CONTROL Ping Request type: 11 flags: 11 size: 12 dataOffset: 2
09-15 13:26:46.849  7378  7829 V OPENHU  : [78] AapTransport.send | CONTROL Ping Response type: 12 flags: 11 size: 14 dataOffset: 6
09-15 13:26:46.855  7378  7829 D OPENHU  : [78] Companion.decrypt | RECV: AUDIO Media Data type: 0 flags: 11 size: 8202 dataOffset: 2
09-15 13:26:46.897  7378  7829 D OPENHU  : [78] Companion.decrypt | RECV: AUDIO Media Data type: 0 flags: 11 size: 8202 dataOffset: 2
09-15 13:26:46.942  7378  7829 D OPENHU  : [78] Companion.decrypt | RECV: AUDIO Media Data type: 0 flags: 11 size: 8202 dataOffset: 2
09-15 13:26:46.984  7378  7829 D OPENHU  : [78] Companion.decrypt | RECV: AUDIO Media Data type: 0 flags: 11 size: 8202 dataOffset: 2
09-15 13:26:47.014  7378  7378 V OPENHU  : [2] GpsLocation.onLocationChanged | GpsLocation: fix received
09-15 13:26:47.022  7378  7378 V OPENHU  : [2] AapTransport.send | SENSOR Sensor Event type: 32771 flags: 11 size: 46 dataOffset: 6
09-15 13:26:47.027  7378  7829 D OPENHU  : [78] Companion.decrypt | RECV: AUDIO Media Data type: 0 flags: 11 size: 8202 dataOffset: 2
09-15 13:26:47.068  7378  7829 D OPENHU  : [78] Companion.decrypt | RECV: AUDIO Media Data type: 0 flags: 11 size: 8202 dataOffset: 2
09-15 13:26:47.111  7378  7829 D OPENHU  : [78] Companion.decrypt | RECV: AUDIO Media Data type: 0 flags: 11 size: 8202 dataOffset: 2
09-15 13:26:47.155  7378  7829 D OPENHU  : [78] Companion.decrypt | RECV: AUDIO Media Data type: 0 flags: 11 size: 8202 dataOffset: 2
09-15 13:26:47.197  7378  7829 D OPENHU  : [78] Companion.decrypt | RECV: AUDIO Media Data type: 0 flags: 11 size: 8202 dataOffset: 2
09-15 13:26:47.237  7378  7829 D OPENHU  : [78] Companion.decrypt | RECV: AUDIO Media Data type: 0 flags: 11 size: 8202 dataOffset: 2
09-15 13:26:47.281  7378  7829 D OPENHU  : [78] Companion.decrypt | RECV: AUDIO Media Data type: 0 flags: 11 size: 8202 dataOffset: 2
09-15 13:26:47.323  7378  7829 D OPENHU  : [78] Companion.decrypt | RECV: AUDIO Media Data type: 0 flags: 11 size: 8202 dataOffset: 2
09-15 13:26:47.367  7378  7829 D OPENHU  : [78] Companion.decrypt | RECV: AUDIO Media Data type: 0 flags: 11 size: 8202 dataOffset: 2
09-15 13:26:47.408  7378  7829 D OPENHU  : [78] Companion.decrypt | RECV: AUDIO Media Data type: 0 flags: 11 size: 8202 dataOffset: 2
09-15 13:26:47.454  7378  7829 D OPENHU  : [78] Companion.decrypt | RECV: AUDIO Media Data type: 0 flags: 11 size: 8202 dataOffset: 2
09-15 13:26:47.478  7378  7829 D OPENHU  : [78] Companion.decrypt | RECV: MUSIC_PLAYBACK Media Playback Status type: 32769 flags: 11 size: 18 dataOffset: 2
09-15 13:26:47.479  7378  7829 D OPENHU  : [78] AapMediaPlayback.processStatusPacket | AapMediaPlayback: status mediaSource='VLC', playbackSeconds(u32)=145, state=PLAYING
09-15 13:26:47.496  7378  7829 D OPENHU  : [78] Companion.decrypt | RECV: AUDIO Media Data type: 0 flags: 11 size: 8202 dataOffset: 2
09-15 13:26:47.537  7378  7829 D OPENHU  : [78] Companion.decrypt | RECV: AUDIO Media Data type: 0 flags: 11 size: 8202 dataOffset: 2
09-15 13:26:47.581  7378  7829 D OPENHU  : [78] Companion.decrypt | RECV: AUDIO Media Data type: 0 flags: 11 size: 8202 dataOffset: 2
09-15 13:26:47.625  7378  7829 D OPENHU  : [78] Companion.decrypt | RECV: AUDIO Media Data type: 0 flags: 11 size: 8202 dataOffset: 2
09-15 13:26:47.668  7378  7829 D OPENHU  : [78] Companion.decrypt | RECV: AUDIO Media Data type: 0 flags: 11 size: 8202 dataOffset: 2
09-15 13:26:47.710  7378  7829 D OPENHU  : [78] Companion.decrypt | RECV: AUDIO Media Data type: 0 flags: 11 size: 8202 dataOffset: 2
09-15 13:26:47.751  7378  7829 D OPENHU  : [78] Companion.decrypt | RECV: AUDIO Media Data type: 0 flags: 11 size: 8202 dataOffset: 2
09-15 13:26:47.794  7378  7829 D OPENHU  : [78] Companion.decrypt | RECV: AUDIO Media Data type: 0 flags: 11 size: 8202 dataOffset: 2
09-15 13:26:47.837  7378  7829 D OPENHU  : [78] Companion.decrypt | RECV: AUDIO Media Data type: 0 flags: 11 size: 8202 dataOffset: 2
09-15 13:26:47.847  7378  7829 D OPENHU  : [78] Companion.decrypt | RECV: CONTROL Ping Request type: 11 flags: 11 size: 12 dataOffset: 2
09-15 13:26:47.848  7378  7829 V OPENHU  : [78] AapTransport.send | CONTROL Ping Response type: 12 flags: 11 size: 14 dataOffset: 6
09-15 13:26:47.882  7378  7829 D OPENHU  : [78] Companion.decrypt | RECV: AUDIO Media Data type: 0 flags: 11 size: 8202 dataOffset: 2
09-15 13:26:47.923  7378  7829 D OPENHU  : [78] Companion.decrypt | RECV: AUDIO Media Data type: 0 flags: 11 size: 8202 dataOffset: 2
09-15 13:26:47.963  7378  7829 D OPENHU  : [78] Companion.decrypt | RECV: AUDIO Media Data type: 0 flags: 11 size: 8202 dataOffset: 2
09-15 13:26:47.998  7378  7378 V OPENHU  : [2] GpsLocation.onLocationChanged | GpsLocation: fix received
09-15 13:26:48.007  7378  7829 D OPENHU  : [78] Companion.decrypt | RECV: AUDIO Media Data type: 0 flags: 11 size: 8202 dataOffset: 2
09-15 13:26:48.012  7378  7378 V OPENHU  : [2] AapTransport.send | SENSOR Sensor Event type: 32771 flags: 11 size: 46 dataOffset: 6
09-15 13:26:48.049  7378  7829 D OPENHU  : [78] Companion.decrypt | RECV: AUDIO Media Data type: 0 flags: 11 size: 8202 dataOffset: 2
09-15 13:26:48.091  7378  7829 D OPENHU  : [78] Companion.decrypt | RECV: AUDIO Media Data type: 0 flags: 11 size: 8202 dataOffset: 2
09-15 13:26:48.135  7378  7829 D OPENHU  : [78] Companion.decrypt | RECV: AUDIO Media Data type: 0 flags: 11 size: 8202 dataOffset: 2
09-15 13:26:48.177  7378  7829 D OPENHU  : [78] Companion.decrypt | RECV: AUDIO Media Data type: 0 flags: 11 size: 8202 dataOffset: 2
09-15 13:26:48.224  7378  7829 D OPENHU  : [78] Companion.decrypt | RECV: AUDIO Media Data type: 0 flags: 11 size: 8202 dataOffset: 2
09-15 13:26:48.263  7378  7829 D OPENHU  : [78] Companion.decrypt | RECV: AUDIO Media Data type: 0 flags: 11 size: 8202 dataOffset: 2
09-15 13:26:48.308  7378  7829 D OPENHU  : [78] Companion.decrypt | RECV: AUDIO Media Data type: 0 flags: 11 size: 8202 dataOffset: 2
09-15 13:26:48.349  7378  7829 D OPENHU  : [78] Companion.decrypt | RECV: AUDIO Media Data type: 0 flags: 11 size: 8202 dataOffset: 2
09-15 13:26:48.391  7378  7829 D OPENHU  : [78] Companion.decrypt | RECV: AUDIO Media Data type: 0 flags: 11 size: 8202 dataOffset: 2
09-15 13:26:48.433  7378  7829 D OPENHU  : [78] Companion.decrypt | RECV: AUDIO Media Data type: 0 flags: 11 size: 8202 dataOffset: 2
09-15 13:26:48.476  7378  7829 D OPENHU  : [78] Companion.decrypt | RECV: AUDIO Media Data type: 0 flags: 11 size: 8202 dataOffset: 2
09-15 13:26:48.480  7378  7829 D OPENHU  : [78] Companion.decrypt | RECV: MUSIC_PLAYBACK Media Playback Status type: 32769 flags: 11 size: 18 dataOffset: 2
09-15 13:26:48.481  7378  7829 D OPENHU  : [78] AapMediaPlayback.processStatusPacket | AapMediaPlayback: status mediaSource='VLC', playbackSeconds(u32)=146, state=PLAYING
09-15 13:26:48.520  7378  7829 D OPENHU  : [78] Companion.decrypt | RECV: AUDIO Media Data type: 0 flags: 11 size: 8202 dataOffset: 2
09-15 13:26:48.563  7378  7829 D OPENHU  : [78] Companion.decrypt | RECV: AUDIO Media Data type: 0 flags: 11 size: 8202 dataOffset: 2
09-15 13:26:48.605  7378  7829 D OPENHU  : [78] Companion.decrypt | RECV: AUDIO Media Data type: 0 flags: 11 size: 8202 dataOffset: 2
09-15 13:26:48.646  7378  7829 D OPENHU  : [78] Companion.decrypt | RECV: AUDIO Media Data type: 0 flags: 11 size: 8202 dataOffset: 2
09-15 13:26:48.689  7378  7829 D OPENHU  : [78] Companion.decrypt | RECV: AUDIO Media Data type: 0 flags: 11 size: 8202 dataOffset: 2
09-15 13:26:48.732  7378  7829 D OPENHU  : [78] Companion.decrypt | RECV: AUDIO Media Data type: 0 flags: 11 size: 8202 dataOffset: 2
09-15 13:26:48.775  7378  7829 D OPENHU  : [78] Companion.decrypt | RECV: AUDIO Media Data type: 0 flags: 11 size: 8202 dataOffset: 2
09-15 13:26:48.819  7378  7829 D OPENHU  : [78] Companion.decrypt | RECV: AUDIO Media Data type: 0 flags: 11 size: 8202 dataOffset: 2
09-15 13:26:48.847  7378  7829 D OPENHU  : [78] Companion.decrypt | RECV: CONTROL Ping Request type: 11 flags: 11 size: 12 dataOffset: 2
09-15 13:26:48.848  7378  7829 V OPENHU  : [78] AapTransport.send | CONTROL Ping Response type: 12 flags: 11 size: 14 dataOffset: 6
09-15 13:26:48.860  7378  7829 D OPENHU  : [78] Companion.decrypt | RECV: AUDIO Media Data type: 0 flags: 11 size: 8202 dataOffset: 2
09-15 13:26:48.905  7378  7829 D OPENHU  : [78] Companion.decrypt | RECV: AUDIO Media Data type: 0 flags: 11 size: 8202 dataOffset: 2
09-15 13:26:48.945  7378  7829 D OPENHU  : [78] Companion.decrypt | RECV: AUDIO Media Data type: 0 flags: 11 size: 8202 dataOffset: 2
09-15 13:26:48.988  7378  7829 D OPENHU  : [78] Companion.decrypt | RECV: AUDIO Media Data type: 0 flags: 11 size: 8202 dataOffset: 2
09-15 13:26:49.013  7378  7378 V OPENHU  : [2] GpsLocation.onLocationChanged | GpsLocation: fix received
09-15 13:26:49.021  7378  7378 V OPENHU  : [2] AapTransport.send | SENSOR Sensor Event type: 32771 flags: 11 size: 46 dataOffset: 6
09-15 13:26:49.032  7378  7829 D OPENHU  : [78] Companion.decrypt | RECV: AUDIO Media Data type: 0 flags: 11 size: 8202 dataOffset: 2
09-15 13:26:49.075  7378  7829 D OPENHU  : [78] Companion.decrypt | RECV: AUDIO Media Data type: 0 flags: 11 size: 8202 dataOffset: 2
09-15 13:26:49.117  7378  7829 D OPENHU  : [78] Companion.decrypt | RECV: AUDIO Media Data type: 0 flags: 11 size: 8202 dataOffset: 2
09-15 13:26:49.159  7378  7829 D OPENHU  : [78] Companion.decrypt | RECV: AUDIO Media Data type: 0 flags: 11 size: 8202 dataOffset: 2
09-15 13:26:49.202  7378  7829 D OPENHU  : [78] Companion.decrypt | RECV: AUDIO Media Data type: 0 flags: 11 size: 8202 dataOffset: 2
09-15 13:26:49.245  7378  7829 D OPENHU  : [78] Companion.decrypt | RECV: AUDIO Media Data type: 0 flags: 11 size: 8202 dataOffset: 2
09-15 13:26:49.289  7378  7829 D OPENHU  : [78] Companion.decrypt | RECV: AUDIO Media Data type: 0 flags: 11 size: 8202 dataOffset: 2
09-15 13:26:49.331  7378  7829 D OPENHU  : [78] Companion.decrypt | RECV: AUDIO Media Data type: 0 flags: 11 size: 8202 dataOffset: 2
09-15 13:26:49.377  7378  7829 D OPENHU  : [78] Companion.decrypt | RECV: AUDIO Media Data type: 0 flags: 11 size: 8202 dataOffset: 2
09-15 13:26:49.416  7378  7829 D OPENHU  : [78] Companion.decrypt | RECV: AUDIO Media Data type: 0 flags: 11 size: 8202 dataOffset: 2
09-15 13:26:49.458  7378  7829 D OPENHU  : [78] Companion.decrypt | RECV: AUDIO Media Data type: 0 flags: 11 size: 8202 dataOffset: 2
09-15 13:26:49.480  7378  7829 D OPENHU  : [78] Companion.decrypt | RECV: MUSIC_PLAYBACK Media Playback Status type: 32769 flags: 11 size: 18 dataOffset: 2
09-15 13:26:49.481  7378  7829 D OPENHU  : [78] AapMediaPlayback.processStatusPacket | AapMediaPlayback: status mediaSource='VLC', playbackSeconds(u32)=147, state=PLAYING
09-15 13:26:49.505  7378  7829 D OPENHU  : [78] Companion.decrypt | RECV: AUDIO Media Data type: 0 flags: 11 size: 8202 dataOffset: 2
09-15 13:26:49.543  7378  7829 D OPENHU  : [78] Companion.decrypt | RECV: AUDIO Media Data type: 0 flags: 11 size: 8202 dataOffset: 2
09-15 13:26:49.586  7378  7829 D OPENHU  : [78] Companion.decrypt | RECV: AUDIO Media Data type: 0 flags: 11 size: 8202 dataOffset: 2
09-15 13:26:49.628  7378  7829 D OPENHU  : [78] Companion.decrypt | RECV: AUDIO Media Data type: 0 flags: 11 size: 8202 dataOffset: 2
09-15 13:26:49.671  7378  7829 D OPENHU  : [78] Companion.decrypt | RECV: AUDIO Media Data type: 0 flags: 11 size: 8202 dataOffset: 2
09-15 13:26:49.689  7378  7862 I OPENHU  : [87] VideoDecoder.logThroughput | Throughput over 5008ms: rendered=165 (32fps), fed=165 (32fps), dropped=0, skipped=0, concealed=0, inputWait=82ms, enqueueWait=0ms, codec=c2.unisoc.avc.decoder, presented=165 (32fps), decodeLatency=9ms p95=12ms (165 frames)
09-15 13:26:49.713  7378  7829 D OPENHU  : [78] Companion.decrypt | RECV: AUDIO Media Data type: 0 flags: 11 size: 8202 dataOffset: 2
09-15 13:26:49.756  7378  7829 D OPENHU  : [78] Companion.decrypt | RECV: AUDIO Media Data type: 0 flags: 11 size: 8202 dataOffset: 2
09-15 13:26:49.800  7378  7829 D OPENHU  : [78] Companion.decrypt | RECV: AUDIO Media Data type: 0 flags: 11 size: 8202 dataOffset: 2
09-15 13:26:49.843  7378  7829 D OPENHU  : [78] Companion.decrypt | RECV: AUDIO Media Data type: 0 flags: 11 size: 8202 dataOffset: 2
09-15 13:26:49.850  7378  7829 D OPENHU  : [78] Companion.decrypt | RECV: CONTROL Ping Request type: 11 flags: 11 size: 12 dataOffset: 2
09-15 13:26:49.851  7378  7829 V OPENHU  : [78] AapTransport.send | CONTROL Ping Response type: 12 flags: 11 size: 14 dataOffset: 6
09-15 13:26:49.886  7378  7829 D OPENHU  : [78] Companion.decrypt | RECV: AUDIO Media Data type: 0 flags: 11 size: 8202 dataOffset: 2
09-15 13:26:49.926  7378  7829 D OPENHU  : [78] Companion.decrypt | RECV: AUDIO Media Data type: 0 flags: 11 size: 8202 dataOffset: 2
09-15 13:26:49.969  7378  7829 D OPENHU  : [78] Companion.decrypt | RECV: AUDIO Media Data type: 0 flags: 11 size: 8202 dataOffset: 2
09-15 13:26:49.996  7378  7378 V OPENHU  : [2] GpsLocation.onLocationChanged | GpsLocation: fix received
09-15 13:26:50.004  7378  7378 V OPENHU  : [2] AapTransport.send | SENSOR Sensor Event type: 32771 flags: 11 size: 46 dataOffset: 6
09-15 13:26:50.013  7378  7829 D OPENHU  : [78] Companion.decrypt | RECV: AUDIO Media Data type: 0 flags: 11 size: 8202 dataOffset: 2
09-15 13:26:50.059  7378  7829 D OPENHU  : [78] Companion.decrypt | RECV: AUDIO Media Data type: 0 flags: 11 size: 8202 dataOffset: 2
09-15 13:26:50.062  7378  7378 I OPENHU  : [2] TextureProjectionView.onSurfaceTextureUpdated | TextureProjectionView: displayed 146 frames in 5000ms (29fps), longFrames=1
09-15 13:26:50.100  7378  7829 D OPENHU  : [78] Companion.decrypt | RECV: AUDIO Media Data type: 0 flags: 11 size: 8202 dataOffset: 2
09-15 13:26:50.141  7378  7829 D OPENHU  : [78] Companion.decrypt | RECV: AUDIO Media Data type: 0 flags: 11 size: 8202 dataOffset: 2
09-15 13:26:50.184  7378  7829 D OPENHU  : [78] Companion.decrypt | RECV: AUDIO Media Data type: 0 flags: 11 size: 8202 dataOffset: 2
09-15 13:26:50.226  7378  7829 D OPENHU  : [78] Companion.decrypt | RECV: AUDIO Media Data type: 0 flags: 11 size: 8202 dataOffset: 2
09-15 13:26:50.268  7378  7829 D OPENHU  : [78] Companion.decrypt | RECV: AUDIO Media Data type: 0 flags: 11 size: 8202 dataOffset: 2
09-15 13:26:50.311  7378  7829 D OPENHU  : [78] Companion.decrypt | RECV: AUDIO Media Data type: 0 flags: 11 size: 8202 dataOffset: 2
09-15 13:26:50.354  7378  7829 D OPENHU  : [78] Companion.decrypt | RECV: AUDIO Media Data type: 0 flags: 11 size: 8202 dataOffset: 2
09-15 13:26:50.399  7378  7829 D OPENHU  : [78] Companion.decrypt | RECV: AUDIO Media Data type: 0 flags: 11 size: 8202 dataOffset: 2
09-15 13:26:50.440  7378  7829 D OPENHU  : [78] Companion.decrypt | RECV: AUDIO Media Data type: 0 flags: 11 size: 8202 dataOffset: 2
09-15 13:26:50.483  7378  7829 D OPENHU  : [78] Companion.decrypt | RECV: AUDIO Media Data type: 0 flags: 11 size: 8202 dataOffset: 2
09-15 13:26:50.489  7378  7829 D OPENHU  : [78] Companion.decrypt | RECV: MUSIC_PLAYBACK Media Playback Status type: 32769 flags: 11 size: 18 dataOffset: 2
09-15 13:26:50.491  7378  7829 D OPENHU  : [78] AapMediaPlayback.processStatusPacket | AapMediaPlayback: status mediaSource='VLC', playbackSeconds(u32)=148, state=PLAYING
09-15 13:26:50.526  7378  7829 D OPENHU  : [78] Companion.decrypt | RECV: AUDIO Media Data type: 0 flags: 11 size: 8202 dataOffset: 2
09-15 13:26:50.569  7378  7829 D OPENHU  : [78] Companion.decrypt | RECV: AUDIO Media Data type: 0 flags: 11 size: 8202 dataOffset: 2
09-15 13:26:50.609  7378  7829 D OPENHU  : [78] Companion.decrypt | RECV: AUDIO Media Data type: 0 flags: 11 size: 8202 dataOffset: 2
09-15 13:26:50.652  7378  7829 D OPENHU  : [78] Companion.decrypt | RECV: AUDIO Media Data type: 0 flags: 11 size: 8202 dataOffset: 2
09-15 13:26:50.696  7378  7829 D OPENHU  : [78] Companion.decrypt | RECV: AUDIO Media Data type: 0 flags: 11 size: 8202 dataOffset: 2
09-15 13:26:50.738  7378  7829 D OPENHU  : [78] Companion.decrypt | RECV: AUDIO Media Data type: 0 flags: 11 size: 8202 dataOffset: 2
09-15 13:26:50.780  7378  7829 D OPENHU  : [78] Companion.decrypt | RECV: AUDIO Media Data type: 0 flags: 11 size: 8202 dataOffset: 2
09-15 13:26:50.825  7378  7829 D OPENHU  : [78] Companion.decrypt | RECV: AUDIO Media Data type: 0 flags: 11 size: 8202 dataOffset: 2
09-15 13:26:50.853  7378  7829 D OPENHU  : [78] Companion.decrypt | RECV: CONTROL Ping Request type: 11 flags: 11 size: 12 dataOffset: 2
09-15 13:26:50.855  7378  7829 V OPENHU  : [78] AapTransport.send | CONTROL Ping Response type: 12 flags: 11 size: 14 dataOffset: 6
09-15 13:26:50.873  7378  7829 D OPENHU  : [78] Companion.decrypt | RECV: AUDIO Media Data type: 0 flags: 11 size: 8202 dataOffset: 2
09-15 13:26:50.911  7378  7829 D OPENHU  : [78] Companion.decrypt | RECV: AUDIO Media Data type: 0 flags: 11 size: 8202 dataOffset: 2
09-15 13:26:50.953  7378  7829 D OPENHU  : [78] Companion.decrypt | RECV: AUDIO Media Data type: 0 flags: 11 size: 8202 dataOffset: 2
09-15 13:26:50.996  7378  7829 D OPENHU  : [78] Companion.decrypt | RECV: AUDIO Media Data type: 0 flags: 11 size: 8202 dataOffset: 2
09-15 13:26:51.009  7378  7378 V OPENHU  : [2] GpsLocation.onLocationChanged | GpsLocation: fix received
09-15 13:26:51.017  7378  7378 V OPENHU  : [2] AapTransport.send | SENSOR Sensor Event type: 32771 flags: 11 size: 46 dataOffset: 6
09-15 13:26:51.038  7378  7829 D OPENHU  : [78] Companion.decrypt | RECV: AUDIO Media Data type: 0 flags: 11 size: 8202 dataOffset: 2
09-15 13:26:51.081  7378  7829 D OPENHU  : [78] Companion.decrypt | RECV: AUDIO Media Data type: 0 flags: 11 size: 8202 dataOffset: 2
09-15 13:26:51.123  7378  7829 D OPENHU  : [78] Companion.decrypt | RECV: AUDIO Media Data type: 0 flags: 11 size: 8202 dataOffset: 2
09-15 13:26:51.164  7378  7829 D OPENHU  : [78] Companion.decrypt | RECV: AUDIO Media Data type: 0 flags: 11 size: 8202 dataOffset: 2
09-15 13:26:51.207  7378  7829 D OPENHU  : [78] Companion.decrypt | RECV: AUDIO Media Data type: 0 flags: 11 size: 8202 dataOffset: 2
09-15 13:26:51.249  7378  7829 D OPENHU  : [78] Companion.decrypt | RECV: AUDIO Media Data type: 0 flags: 11 size: 8202 dataOffset: 2
09-15 13:26:51.292  7378  7829 D OPENHU  : [78] Companion.decrypt | RECV: AUDIO Media Data type: 0 flags: 11 size: 8202 dataOffset: 2
09-15 13:26:51.336  7378  7829 D OPENHU  : [78] Companion.decrypt | RECV: AUDIO Media Data type: 0 flags: 11 size: 8202 dataOffset: 2
09-15 13:26:51.381  7378  7829 D OPENHU  : [78] Companion.decrypt | RECV: AUDIO Media Data type: 0 flags: 11 size: 8202 dataOffset: 2
09-15 13:26:51.422  7378  7829 D OPENHU  : [78] Companion.decrypt | RECV: AUDIO Media Data type: 0 flags: 11 size: 8202 dataOffset: 2
09-15 13:26:51.465  7378  7829 D OPENHU  : [78] Companion.decrypt | RECV: AUDIO Media Data type: 0 flags: 11 size: 8202 dataOffset: 2
09-15 13:26:51.489  7378  7829 D OPENHU  : [78] Companion.decrypt | RECV: MUSIC_PLAYBACK Media Playback Status type: 32769 flags: 11 size: 18 dataOffset: 2
09-15 13:26:51.491  7378  7829 D OPENHU  : [78] AapMediaPlayback.processStatusPacket | AapMediaPlayback: status mediaSource='VLC', playbackSeconds(u32)=149, state=PLAYING
09-15 13:26:51.508  7378  7829 D OPENHU  : [78] Companion.decrypt | RECV: AUDIO Media Data type: 0 flags: 11 size: 8202 dataOffset: 2
09-15 13:26:51.555  7378  7829 D OPENHU  : [78] Companion.decrypt | RECV: AUDIO Media Data type: 0 flags: 11 size: 8202 dataOffset: 2
09-15 13:26:51.591  7378  7829 D OPENHU  : [78] Companion.decrypt | RECV: AUDIO Media Data type: 0 flags: 11 size: 8202 dataOffset: 2
09-15 13:26:51.634  7378  7829 D OPENHU  : [78] Companion.decrypt | RECV: AUDIO Media Data type: 0 flags: 11 size: 8202 dataOffset: 2
09-15 13:26:51.677  7378  7829 D OPENHU  : [78] Companion.decrypt | RECV: AUDIO Media Data type: 0 flags: 11 size: 8202 dataOffset: 2
09-15 13:26:51.721  7378  7829 D OPENHU  : [78] Companion.decrypt | RECV: AUDIO Media Data type: 0 flags: 11 size: 8202 dataOffset: 2
09-15 13:26:51.761  7378  7829 D OPENHU  : [78] Companion.decrypt | RECV: AUDIO Media Data type: 0 flags: 11 size: 8202 dataOffset: 2
09-15 13:26:51.804  7378  7829 D OPENHU  : [78] Companion.decrypt | RECV: AUDIO Media Data type: 0 flags: 11 size: 8202 dataOffset: 2
09-15 13:26:51.846  7378  7829 D OPENHU  : [78] Companion.decrypt | RECV: AUDIO Media Data type: 0 flags: 11 size: 8202 dataOffset: 2
09-15 13:26:51.852  7378  7829 D OPENHU  : [78] Companion.decrypt | RECV: CONTROL Ping Request type: 11 flags: 11 size: 12 dataOffset: 2
09-15 13:26:51.853  7378  7829 V OPENHU  : [78] AapTransport.send | CONTROL Ping Response type: 12 flags: 11 size: 14 dataOffset: 6
09-15 13:26:51.889  7378  7829 D OPENHU  : [78] Companion.decrypt | RECV: AUDIO Media Data type: 0 flags: 11 size: 8202 dataOffset: 2
09-15 13:26:51.932  7378  7829 D OPENHU  : [78] Companion.decrypt | RECV: AUDIO Media Data type: 0 flags: 11 size: 8202 dataOffset: 2
09-15 13:26:51.976  7378  7829 D OPENHU  : [78] Companion.decrypt | RECV: AUDIO Media Data type: 0 flags: 11 size: 8202 dataOffset: 2
09-15 13:26:51.994  7378  7378 V OPENHU  : [2] GpsLocation.onLocationChanged | GpsLocation: fix received
09-15 13:26:52.002  7378  7378 V OPENHU  : [2] AapTransport.send | SENSOR Sensor Event type: 32771 flags: 11 size: 46 dataOffset: 6
09-15 13:26:52.017  7378  7829 D OPENHU  : [78] Companion.decrypt | RECV: AUDIO Media Data type: 0 flags: 11 size: 8202 dataOffset: 2
09-15 13:26:52.064  7378  7829 D OPENHU  : [78] Companion.decrypt | RECV: AUDIO Media Data type: 0 flags: 11 size: 8202 dataOffset: 2
09-15 13:26:52.104  7378  7829 D OPENHU  : [78] Companion.decrypt | RECV: AUDIO Media Data type: 0 flags: 11 size: 8202 dataOffset: 2
09-15 13:26:52.146  7378  7829 D OPENHU  : [78] Companion.decrypt | RECV: AUDIO Media Data type: 0 flags: 11 size: 8202 dataOffset: 2
09-15 13:26:52.189  7378  7829 D OPENHU  : [78] Companion.decrypt | RECV: AUDIO Media Data type: 0 flags: 11 size: 8202 dataOffset: 2
09-15 13:26:52.231  7378  7829 D OPENHU  : [78] Companion.decrypt | RECV: AUDIO Media Data type: 0 flags: 11 size: 8202 dataOffset: 2
09-15 13:26:52.276  7378  7829 D OPENHU  : [78] Companion.decrypt | RECV: AUDIO Media Data type: 0 flags: 11 size: 8202 dataOffset: 2
09-15 13:26:52.317  7378  7829 D OPENHU  : [78] Companion.decrypt | RECV: AUDIO Media Data type: 0 flags: 11 size: 8202 dataOffset: 2
09-15 13:26:52.358  7378  7829 D OPENHU  : [78] Companion.decrypt | RECV: AUDIO Media Data type: 0 flags: 11 size: 8202 dataOffset: 2
09-15 13:26:52.404  7378  7829 D OPENHU  : [78] Companion.decrypt | RECV: AUDIO Media Data type: 0 flags: 11 size: 8202 dataOffset: 2
09-15 13:26:52.444  7378  7829 D OPENHU  : [78] Companion.decrypt | RECV: AUDIO Media Data type: 0 flags: 11 size: 8202 dataOffset: 2
09-15 13:26:52.491  7378  7829 D OPENHU  : [78] Companion.decrypt | RECV: AUDIO Media Data type: 0 flags: 11 size: 8202 dataOffset: 2
09-15 13:26:52.494  7378  7829 D OPENHU  : [78] Companion.decrypt | RECV: MUSIC_PLAYBACK Media Playback Status type: 32769 flags: 11 size: 18 dataOffset: 2
09-15 13:26:52.495  7378  7829 D OPENHU  : [78] AapMediaPlayback.processStatusPacket | AapMediaPlayback: status mediaSource='VLC', playbackSeconds(u32)=150, state=PLAYING
09-15 13:26:52.530  7378  7829 D OPENHU  : [78] Companion.decrypt | RECV: AUDIO Media Data type: 0 flags: 11 size: 8202 dataOffset: 2
09-15 13:26:52.574  7378  7829 D OPENHU  : [78] Companion.decrypt | RECV: AUDIO Media Data type: 0 flags: 11 size: 8202 dataOffset: 2
09-15 13:26:52.614  7378  7829 D OPENHU  : [78] Companion.decrypt | RECV: AUDIO Media Data type: 0 flags: 11 size: 8202 dataOffset: 2
09-15 13:26:52.657  7378  7829 D OPENHU  : [78] Companion.decrypt | RECV: AUDIO Media Data type: 0 flags: 11 size: 8202 dataOffset: 2
09-15 13:26:52.701  7378  7829 D OPENHU  : [78] Companion.decrypt | RECV: AUDIO Media Data type: 0 flags: 11 size: 8202 dataOffset: 2
09-15 13:26:52.743  7378  7829 D OPENHU  : [78] Companion.decrypt | RECV: AUDIO Media Data type: 0 flags: 11 size: 8202 dataOffset: 2
09-15 13:26:52.786  7378  7829 D OPENHU  : [78] Companion.decrypt | RECV: AUDIO Media Data type: 0 flags: 11 size: 8202 dataOffset: 2
09-15 13:26:52.828  7378  7829 D OPENHU  : [78] Companion.decrypt | RECV: AUDIO Media Data type: 0 flags: 11 size: 8202 dataOffset: 2
09-15 13:26:52.856  7378  7829 D OPENHU  : [78] Companion.decrypt | RECV: CONTROL Ping Request type: 11 flags: 11 size: 12 dataOffset: 2
09-15 13:26:52.857  7378  7829 V OPENHU  : [78] AapTransport.send | CONTROL Ping Response type: 12 flags: 11 size: 14 dataOffset: 6
09-15 13:26:52.873  7378  7829 D OPENHU  : [78] Companion.decrypt | RECV: AUDIO Media Data type: 0 flags: 11 size: 8202 dataOffset: 2
09-15 13:26:52.913  7378  7829 D OPENHU  : [78] Companion.decrypt | RECV: AUDIO Media Data type: 0 flags: 11 size: 8202 dataOffset: 2
09-15 13:26:52.957  7378  7829 D OPENHU  : [78] Companion.decrypt | RECV: AUDIO Media Data type: 0 flags: 11 size: 8202 dataOffset: 2
09-15 13:26:52.999  7378  7829 D OPENHU  : [78] Companion.decrypt | RECV: AUDIO Media Data type: 0 flags: 11 size: 8202 dataOffset: 2
09-15 13:26:53.019  7378  7378 V OPENHU  : [2] GpsLocation.onLocationChanged | GpsLocation: fix received
09-15 13:26:53.029  7378  7378 V OPENHU  : [2] AapTransport.send | SENSOR Sensor Event type: 32771 flags: 11 size: 46 dataOffset: 6
09-15 13:26:53.042  7378  7829 D OPENHU  : [78] Companion.decrypt | RECV: AUDIO Media Data type: 0 flags: 11 size: 8202 dataOffset: 2
09-15 13:26:53.085  7378  7829 D OPENHU  : [78] Companion.decrypt | RECV: AUDIO Media Data type: 0 flags: 11 size: 8202 dataOffset: 2
09-15 13:26:53.126  7378  7829 D OPENHU  : [78] Companion.decrypt | RECV: AUDIO Media Data type: 0 flags: 11 size: 8202 dataOffset: 2
09-15 13:26:53.170  7378  7829 D OPENHU  : [78] Companion.decrypt | RECV: AUDIO Media Data type: 0 flags: 11 size: 8202 dataOffset: 2
09-15 13:26:53.211  7378  7829 D OPENHU  : [78] Companion.decrypt | RECV: AUDIO Media Data type: 0 flags: 11 size: 8202 dataOffset: 2
09-15 13:26:53.257  7378  7829 D OPENHU  : [78] Companion.decrypt | RECV: AUDIO Media Data type: 0 flags: 11 size: 8202 dataOffset: 2
09-15 13:26:53.298  7378  7829 D OPENHU  : [78] Companion.decrypt | RECV: AUDIO Media Data type: 0 flags: 11 size: 8202 dataOffset: 2
09-15 13:26:53.345  7378  7829 D OPENHU  : [78] Companion.decrypt | RECV: AUDIO Media Data type: 0 flags: 11 size: 8202 dataOffset: 2
09-15 13:26:53.383  7378  7829 D OPENHU  : [78] Companion.decrypt | RECV: AUDIO Media Data type: 0 flags: 11 size: 8202 dataOffset: 2
09-15 13:26:53.426  7378  7829 D OPENHU  : [78] Companion.decrypt | RECV: AUDIO Media Data type: 0 flags: 11 size: 8202 dataOffset: 2
09-15 13:26:53.469  7378  7829 D OPENHU  : [78] Companion.decrypt | RECV: AUDIO Media Data type: 0 flags: 11 size: 8202 dataOffset: 2
09-15 13:26:53.492  7378  7829 D OPENHU  : [78] Companion.decrypt | RECV: MUSIC_PLAYBACK Media Playback Status type: 32769 flags: 11 size: 18 dataOffset: 2
09-15 13:26:53.493  7378  7829 D OPENHU  : [78] AapMediaPlayback.processStatusPacket | AapMediaPlayback: status mediaSource='VLC', playbackSeconds(u32)=151, state=PLAYING
09-15 13:26:53.511  7378  7829 D OPENHU  : [78] Companion.decrypt | RECV: AUDIO Media Data type: 0 flags: 11 size: 8202 dataOffset: 2
09-15 13:26:53.554  7378  7829 D OPENHU  : [78] Companion.decrypt | RECV: AUDIO Media Data type: 0 flags: 11 size: 8202 dataOffset: 2
09-15 13:26:53.598  7378  7829 D OPENHU  : [78] Companion.decrypt | RECV: AUDIO Media Data type: 0 flags: 11 size: 8202 dataOffset: 2
09-15 13:26:53.640  7378  7829 D OPENHU  : [78] Companion.decrypt | RECV: AUDIO Media Data type: 0 flags: 11 size: 8202 dataOffset: 2
09-15 13:26:53.682  7378  7829 D OPENHU  : [78] Companion.decrypt | RECV: AUDIO Media Data type: 0 flags: 11 size: 8202 dataOffset: 2
09-15 13:26:53.724  7378  7829 D OPENHU  : [78] Companion.decrypt | RECV: AUDIO Media Data type: 0 flags: 11 size: 8202 dataOffset: 2
09-15 13:26:53.767  7378  7829 D OPENHU  : [78] Companion.decrypt | RECV: AUDIO Media Data type: 0 flags: 11 size: 8202 dataOffset: 2
09-15 13:26:53.809  7378  7829 D OPENHU  : [78] Companion.decrypt | RECV: AUDIO Media Data type: 0 flags: 11 size: 8202 dataOffset: 2
09-15 13:26:53.853  7378  7829 D OPENHU  : [78] Companion.decrypt | RECV: AUDIO Media Data type: 0 flags: 11 size: 8202 dataOffset: 2
09-15 13:26:53.857  7378  7829 D OPENHU  : [78] Companion.decrypt | RECV: CONTROL Ping Request type: 11 flags: 11 size: 12 dataOffset: 2
09-15 13:26:53.858  7378  7829 V OPENHU  : [78] AapTransport.send | CONTROL Ping Response type: 12 flags: 11 size: 14 dataOffset: 6
09-15 13:26:53.896  7378  7829 D OPENHU  : [78] Companion.decrypt | RECV: AUDIO Media Data type: 0 flags: 11 size: 8202 dataOffset: 2
09-15 13:26:53.937  7378  7829 D OPENHU  : [78] Companion.decrypt | RECV: AUDIO Media Data type: 0 flags: 11 size: 8202 dataOffset: 2
09-15 13:26:53.982  7378  7829 D OPENHU  : [78] Companion.decrypt | RECV: AUDIO Media Data type: 0 flags: 11 size: 8202 dataOffset: 2
09-15 13:26:54.000  7378  7378 V OPENHU  : [2] GpsLocation.onLocationChanged | GpsLocation: fix received
09-15 13:26:54.011  7378  7378 V OPENHU  : [2] AapTransport.send | SENSOR Sensor Event type: 32771 flags: 11 size: 46 dataOffset: 6
09-15 13:26:54.033  7378  7829 D OPENHU  : [78] Companion.decrypt | RECV: AUDIO Media Data type: 0 flags: 11 size: 8202 dataOffset: 2
09-15 13:26:54.069  7378  7829 D OPENHU  : [78] Companion.decrypt | RECV: AUDIO Media Data type: 0 flags: 11 size: 8202 dataOffset: 2
09-15 13:26:54.109  7378  7829 D OPENHU  : [78] Companion.decrypt | RECV: AUDIO Media Data type: 0 flags: 11 size: 8202 dataOffset: 2
09-15 13:26:54.151  7378  7829 D OPENHU  : [78] Companion.decrypt | RECV: AUDIO Media Data type: 0 flags: 11 size: 8202 dataOffset: 2
09-15 13:26:54.194  7378  7829 D OPENHU  : [78] Companion.decrypt | RECV: AUDIO Media Data type: 0 flags: 11 size: 8202 dataOffset: 2
09-15 13:26:54.238  7378  7829 D OPENHU  : [78] Companion.decrypt | RECV: AUDIO Media Data type: 0 flags: 11 size: 8202 dataOffset: 2
09-15 13:26:54.279  7378  7829 D OPENHU  : [78] Companion.decrypt | RECV: AUDIO Media Data type: 0 flags: 11 size: 8202 dataOffset: 2
09-15 13:26:54.321  7378  7829 D OPENHU  : [78] Companion.decrypt | RECV: AUDIO Media Data type: 0 flags: 11 size: 8202 dataOffset: 2
09-15 13:26:54.364  7378  7829 D OPENHU  : [78] Companion.decrypt | RECV: AUDIO Media Data type: 0 flags: 11 size: 8202 dataOffset: 2
09-15 13:26:54.407  7378  7829 D OPENHU  : [78] Companion.decrypt | RECV: AUDIO Media Data type: 0 flags: 11 size: 8202 dataOffset: 2
09-15 13:26:54.450  7378  7829 D OPENHU  : [78] Companion.decrypt | RECV: AUDIO Media Data type: 0 flags: 11 size: 8202 dataOffset: 2
09-15 13:26:54.492  7378  7829 D OPENHU  : [78] Companion.decrypt | RECV: AUDIO Media Data type: 0 flags: 11 size: 8202 dataOffset: 2
09-15 13:26:54.497  7378  7829 D OPENHU  : [78] Companion.decrypt | RECV: MUSIC_PLAYBACK Media Playback Status type: 32769 flags: 11 size: 18 dataOffset: 2
09-15 13:26:54.499  7378  7829 D OPENHU  : [78] AapMediaPlayback.processStatusPacket | AapMediaPlayback: status mediaSource='VLC', playbackSeconds(u32)=152, state=PLAYING
09-15 13:26:54.536  7378  7829 D OPENHU  : [78] Companion.decrypt | RECV: AUDIO Media Data type: 0 flags: 11 size: 8202 dataOffset: 2
09-15 13:26:54.578  7378  7829 D OPENHU  : [78] Companion.decrypt | RECV: AUDIO Media Data type: 0 flags: 11 size: 8202 dataOffset: 2
09-15 13:26:54.621  7378  7829 D OPENHU  : [78] Companion.decrypt | RECV: AUDIO Media Data type: 0 flags: 11 size: 8202 dataOffset: 2
09-15 13:26:54.664  7378  7829 D OPENHU  : [78] Companion.decrypt | RECV: AUDIO Media Data type: 0 flags: 11 size: 8202 dataOffset: 2
09-15 13:26:54.696  7378  7862 I OPENHU  : [87] VideoDecoder.logThroughput | Throughput over 5006ms: rendered=166 (33fps), fed=166 (33fps), dropped=0, skipped=0, concealed=0, inputWait=82ms, enqueueWait=0ms, codec=c2.unisoc.avc.decoder, presented=166 (33fps), decodeLatency=9ms p95=13ms (166 frames)
09-15 13:26:54.705  7378  7829 D OPENHU  : [78] Companion.decrypt | RECV: AUDIO Media Data type: 0 flags: 11 size: 8202 dataOffset: 2
09-15 13:26:54.749  7378  7829 D OPENHU  : [78] Companion.decrypt | RECV: AUDIO Media Data type: 0 flags: 11 size: 8202 dataOffset: 2
09-15 13:26:54.791  7378  7829 D OPENHU  : [78] Companion.decrypt | RECV: AUDIO Media Data type: 0 flags: 11 size: 8202 dataOffset: 2
09-15 13:26:54.833  7378  7829 D OPENHU  : [78] Companion.decrypt | RECV: AUDIO Media Data type: 0 flags: 11 size: 8202 dataOffset: 2
09-15 13:26:54.856  7378  7829 D OPENHU  : [78] Companion.decrypt | RECV: CONTROL Ping Request type: 11 flags: 11 size: 12 dataOffset: 2
09-15 13:26:54.857  7378  7829 V OPENHU  : [78] AapTransport.send | CONTROL Ping Response type: 12 flags: 11 size: 14 dataOffset: 6
09-15 13:26:54.876  7378  7829 D OPENHU  : [78] Companion.decrypt | RECV: AUDIO Media Data type: 0 flags: 11 size: 8202 dataOffset: 2
09-15 13:26:54.919  7378  7829 D OPENHU  : [78] Companion.decrypt | RECV: AUDIO Media Data type: 0 flags: 11 size: 8202 dataOffset: 2
09-15 13:26:54.962  7378  7829 D OPENHU  : [78] Companion.decrypt | RECV: AUDIO Media Data type: 0 flags: 11 size: 8202 dataOffset: 2
09-15 13:26:55.007  7378  7829 D OPENHU  : [78] Companion.decrypt | RECV: AUDIO Media Data type: 0 flags: 11 size: 8202 dataOffset: 2
09-15 13:26:55.014  7378  7378 V OPENHU  : [2] GpsLocation.onLocationChanged | GpsLocation: fix received
09-15 13:26:55.021  7378  7378 V OPENHU  : [2] AapTransport.send | SENSOR Sensor Event type: 32771 flags: 11 size: 46 dataOffset: 6
09-15 13:26:55.048  7378  7829 D OPENHU  : [78] Companion.decrypt | RECV: AUDIO Media Data type: 0 flags: 11 size: 8202 dataOffset: 2
09-15 13:26:55.061  7378  7378 I OPENHU  : [2] TextureProjectionView.onSurfaceTextureUpdated | TextureProjectionView: displayed 138 frames in 5000ms (27fps), longFrames=1
09-15 13:26:55.089  7378  7829 D OPENHU  : [78] Companion.decrypt | RECV: AUDIO Media Data type: 0 flags: 11 size: 8202 dataOffset: 2
09-15 13:26:55.132  7378  7829 D OPENHU  : [78] Companion.decrypt | RECV: AUDIO Media Data type: 0 flags: 11 size: 8202 dataOffset: 2
09-15 13:26:55.175  7378  7829 D OPENHU  : [78] Companion.decrypt | RECV: AUDIO Media Data type: 0 flags: 11 size: 8202 dataOffset: 2
09-15 13:26:55.218  7378  7829 D OPENHU  : [78] Companion.decrypt | RECV: AUDIO Media Data type: 0 flags: 11 size: 8202 dataOffset: 2
09-15 13:26:55.261  7378  7829 D OPENHU  : [78] Companion.decrypt | RECV: AUDIO Media Data type: 0 flags: 11 size: 8202 dataOffset: 2
09-15 13:26:55.304  7378  7829 D OPENHU  : [78] Companion.decrypt | RECV: AUDIO Media Data type: 0 flags: 11 size: 8202 dataOffset: 2
09-15 13:26:55.346  7378  7829 D OPENHU  : [78] Companion.decrypt | RECV: AUDIO Media Data type: 0 flags: 11 size: 8202 dataOffset: 2
09-15 13:26:55.394  7378  7829 D OPENHU  : [78] Companion.decrypt | RECV: AUDIO Media Data type: 0 flags: 11 size: 8202 dataOffset: 2
09-15 13:26:55.431  7378  7829 D OPENHU  : [78] Companion.decrypt | RECV: AUDIO Media Data type: 0 flags: 11 size: 8202 dataOffset: 2
09-15 13:26:55.473  7378  7829 D OPENHU  : [78] Companion.decrypt | RECV: AUDIO Media Data type: 0 flags: 11 size: 8202 dataOffset: 2
09-15 13:26:55.500  7378  7829 D OPENHU  : [78] Companion.decrypt | RECV: MUSIC_PLAYBACK Media Playback Status type: 32769 flags: 11 size: 18 dataOffset: 2
09-15 13:26:55.502  7378  7829 D OPENHU  : [78] AapMediaPlayback.processStatusPacket | AapMediaPlayback: status mediaSource='VLC', playbackSeconds(u32)=153, state=PLAYING
09-15 13:26:55.517  7378  7829 D OPENHU  : [78] Companion.decrypt | RECV: AUDIO Media Data type: 0 flags: 11 size: 8202 dataOffset: 2
09-15 13:26:55.559  7378  7829 D OPENHU  : [78] Companion.decrypt | RECV: AUDIO Media Data type: 0 flags: 11 size: 8202 dataOffset: 2
09-15 13:26:55.602  7378  7829 D OPENHU  : [78] Companion.decrypt | RECV: AUDIO Media Data type: 0 flags: 11 size: 8202 dataOffset: 2
09-15 13:26:55.645  7378  7829 D OPENHU  : [78] Companion.decrypt | RECV: AUDIO Media Data type: 0 flags: 11 size: 8202 dataOffset: 2
09-15 13:26:55.687  7378  7829 D OPENHU  : [78] Companion.decrypt | RECV: AUDIO Media Data type: 0 flags: 11 size: 8202 dataOffset: 2
09-15 13:26:55.732  7378  7829 D OPENHU  : [78] Companion.decrypt | RECV: AUDIO Media Data type: 0 flags: 11 size: 8202 dataOffset: 2
09-15 13:26:55.773  7378  7829 D OPENHU  : [78] Companion.decrypt | RECV: AUDIO Media Data type: 0 flags: 11 size: 8202 dataOffset: 2
09-15 13:26:55.817  7378  7829 D OPENHU  : [78] Companion.decrypt | RECV: AUDIO Media Data type: 0 flags: 11 size: 8202 dataOffset: 2
09-15 13:26:55.860  7378  7829 D OPENHU  : [78] Companion.decrypt | RECV: CONTROL Ping Request type: 11 flags: 11 size: 12 dataOffset: 2
09-15 13:26:55.863  7378  7829 V OPENHU  : [78] AapTransport.send | CONTROL Ping Response type: 12 flags: 11 size: 14 dataOffset: 6
09-15 13:26:55.867  7378  7829 D OPENHU  : [78] Companion.decrypt | RECV: AUDIO Media Data type: 0 flags: 11 size: 8202 dataOffset: 2
09-15 13:26:55.903  7378  7829 D OPENHU  : [78] Companion.decrypt | RECV: AUDIO Media Data type: 0 flags: 11 size: 8202 dataOffset: 2
09-15 13:26:55.945  7378  7829 D OPENHU  : [78] Companion.decrypt | RECV: AUDIO Media Data type: 0 flags: 11 size: 8202 dataOffset: 2
09-15 13:26:55.987  7378  7829 D OPENHU  : [78] Companion.decrypt | RECV: AUDIO Media Data type: 0 flags: 11 size: 8202 dataOffset: 2
09-15 13:26:55.995  7378  7378 V OPENHU  : [2] GpsLocation.onLocationChanged | GpsLocation: fix received
09-15 13:26:56.002  7378  7378 V OPENHU  : [2] AapTransport.send | SENSOR Sensor Event type: 32771 flags: 11 size: 46 dataOffset: 6
09-15 13:26:56.030  7378  7829 D OPENHU  : [78] Companion.decrypt | RECV: AUDIO Media Data type: 0 flags: 11 size: 8202 dataOffset: 2
09-15 13:26:56.077  7378  7829 D OPENHU  : [78] Companion.decrypt | RECV: AUDIO Media Data type: 0 flags: 11 size: 8202 dataOffset: 2
09-15 13:26:56.113  7378  7829 D OPENHU  : [78] Companion.decrypt | RECV: AUDIO Media Data type: 0 flags: 11 size: 8202 dataOffset: 2
09-15 13:26:56.156  7378  7829 D OPENHU  : [78] Companion.decrypt | RECV: AUDIO Media Data type: 0 flags: 11 size: 8202 dataOffset: 2
09-15 13:26:56.198  7378  7829 D OPENHU  : [78] Companion.decrypt | RECV: AUDIO Media Data type: 0 flags: 11 size: 8202 dataOffset: 2
09-15 13:26:56.241  7378  7829 D OPENHU  : [78] Companion.decrypt | RECV: AUDIO Media Data type: 0 flags: 11 size: 8202 dataOffset: 2
09-15 13:26:56.285  7378  7829 D OPENHU  : [78] Companion.decrypt | RECV: AUDIO Media Data type: 0 flags: 11 size: 8202 dataOffset: 2
09-15 13:26:56.327  7378  7829 D OPENHU  : [78] Companion.decrypt | RECV: AUDIO Media Data type: 0 flags: 11 size: 8202 dataOffset: 2
09-15 13:26:56.370  7378  7829 D OPENHU  : [78] Companion.decrypt | RECV: AUDIO Media Data type: 0 flags: 11 size: 8202 dataOffset: 2
09-15 13:26:56.413  7378  7829 D OPENHU  : [78] Companion.decrypt | RECV: AUDIO Media Data type: 0 flags: 11 size: 8202 dataOffset: 2
09-15 13:26:56.456  7378  7829 D OPENHU  : [78] Companion.decrypt | RECV: AUDIO Media Data type: 0 flags: 11 size: 8202 dataOffset: 2
09-15 13:26:56.500  7378  7829 D OPENHU  : [78] Companion.decrypt | RECV: AUDIO Media Data type: 0 flags: 11 size: 8202 dataOffset: 2
09-15 13:26:56.507  7378  7829 D OPENHU  : [78] Companion.decrypt | RECV: MUSIC_PLAYBACK Media Playback Status type: 32769 flags: 11 size: 18 dataOffset: 2
09-15 13:26:56.508  7378  7829 D OPENHU  : [78] AapMediaPlayback.processStatusPacket | AapMediaPlayback: status mediaSource='VLC', playbackSeconds(u32)=154, state=PLAYING
09-15 13:26:56.541  7378  7829 D OPENHU  : [78] Companion.decrypt | RECV: AUDIO Media Data type: 0 flags: 11 size: 8202 dataOffset: 2
09-15 13:26:56.584  7378  7829 D OPENHU  : [78] Companion.decrypt | RECV: AUDIO Media Data type: 0 flags: 11 size: 8202 dataOffset: 2
09-15 13:26:56.626  7378  7829 D OPENHU  : [78] Companion.decrypt | RECV: AUDIO Media Data type: 0 flags: 11 size: 8202 dataOffset: 2
09-15 13:26:56.669  7378  7829 D OPENHU  : [78] Companion.decrypt | RECV: AUDIO Media Data type: 0 flags: 11 size: 8202 dataOffset: 2
09-15 13:26:56.711  7378  7829 D OPENHU  : [78] Companion.decrypt | RECV: AUDIO Media Data type: 0 flags: 11 size: 8202 dataOffset: 2
09-15 13:26:56.754  7378  7829 D OPENHU  : [78] Companion.decrypt | RECV: AUDIO Media Data type: 0 flags: 11 size: 8202 dataOffset: 2
09-15 13:26:56.796  7378  7829 D OPENHU  : [78] Companion.decrypt | RECV: AUDIO Media Data type: 0 flags: 11 size: 8202 dataOffset: 2
09-15 13:26:56.839  7378  7829 D OPENHU  : [78] Companion.decrypt | RECV: AUDIO Media Data type: 0 flags: 11 size: 8202 dataOffset: 2
09-15 13:26:56.859  7378  7829 D OPENHU  : [78] Companion.decrypt | RECV: CONTROL Ping Request type: 11 flags: 11 size: 12 dataOffset: 2
09-15 13:26:56.861  7378  7829 V OPENHU  : [78] AapTransport.send | CONTROL Ping Response type: 12 flags: 11 size: 14 dataOffset: 6
09-15 13:26:56.884  7378  7829 D OPENHU  : [78] Companion.decrypt | RECV: AUDIO Media Data type: 0 flags: 11 size: 8202 dataOffset: 2
09-15 13:26:56.927  7378  7829 D OPENHU  : [78] Companion.decrypt | RECV: AUDIO Media Data type: 0 flags: 11 size: 8202 dataOffset: 2
09-15 13:26:56.969  7378  7829 D OPENHU  : [78] Companion.decrypt | RECV: AUDIO Media Data type: 0 flags: 11 size: 8202 dataOffset: 2
09-15 13:26:57.011  7378  7378 V OPENHU  : [2] GpsLocation.onLocationChanged | GpsLocation: fix received
09-15 13:26:57.012  7378  7829 D OPENHU  : [78] Companion.decrypt | RECV: AUDIO Media Data type: 0 flags: 11 size: 8202 dataOffset: 2
09-15 13:26:57.019  7378  7378 V OPENHU  : [2] AapTransport.send | SENSOR Sensor Event type: 32771 flags: 11 size: 46 dataOffset: 6
09-15 13:26:57.053  7378  7829 D OPENHU  : [78] Companion.decrypt | RECV: AUDIO Media Data type: 0 flags: 11 size: 8202 dataOffset: 2
09-15 13:26:57.099  7378  7829 D OPENHU  : [78] Companion.decrypt | RECV: AUDIO Media Data type: 0 flags: 11 size: 8202 dataOffset: 2
09-15 13:26:57.137  7378  7829 D OPENHU  : [78] Companion.decrypt | RECV: AUDIO Media Data type: 0 flags: 11 size: 8202 dataOffset: 2
09-15 13:26:57.181  7378  7829 D OPENHU  : [78] Companion.decrypt | RECV: AUDIO Media Data type: 0 flags: 11 size: 8202 dataOffset: 2
09-15 13:26:57.227  7378  7829 D OPENHU  : [78] Companion.decrypt | RECV: AUDIO Media Data type: 0 flags: 11 size: 8202 dataOffset: 2
09-15 13:26:57.268  7378  7829 D OPENHU  : [78] Companion.decrypt | RECV: AUDIO Media Data type: 0 flags: 11 size: 8202 dataOffset: 2
09-15 13:26:57.309  7378  7829 D OPENHU  : [78] Companion.decrypt | RECV: AUDIO Media Data type: 0 flags: 11 size: 8202 dataOffset: 2
09-15 13:26:57.353  7378  7829 D OPENHU  : [78] Companion.decrypt | RECV: AUDIO Media Data type: 0 flags: 11 size: 8202 dataOffset: 2
09-15 13:26:57.394  7378  7829 D OPENHU  : [78] Companion.decrypt | RECV: AUDIO Media Data type: 0 flags: 11 size: 8202 dataOffset: 2
09-15 13:26:57.437  7378  7829 D OPENHU  : [78] Companion.decrypt | RECV: AUDIO Media Data type: 0 flags: 11 size: 8202 dataOffset: 2
09-15 13:26:57.480  7378  7829 D OPENHU  : [78] Companion.decrypt | RECV: AUDIO Media Data type: 0 flags: 11 size: 8202 dataOffset: 2
09-15 13:26:57.507  7378  7829 D OPENHU  : [78] Companion.decrypt | RECV: MUSIC_PLAYBACK Media Playback Status type: 32769 flags: 11 size: 18 dataOffset: 2
09-15 13:26:57.508  7378  7829 D OPENHU  : [78] AapMediaPlayback.processStatusPacket | AapMediaPlayback: status mediaSource='VLC', playbackSeconds(u32)=155, state=PLAYING
09-15 13:26:57.521  7378  7829 D OPENHU  : [78] Companion.decrypt | RECV: AUDIO Media Data type: 0 flags: 11 size: 8202 dataOffset: 2
09-15 13:26:57.565  7378  7829 D OPENHU  : [78] Companion.decrypt | RECV: AUDIO Media Data type: 0 flags: 11 size: 8202 dataOffset: 2
09-15 13:26:57.610  7378  7829 D OPENHU  : [78] Companion.decrypt | RECV: AUDIO Media Data type: 0 flags: 11 size: 8202 dataOffset: 2
09-15 13:26:57.649  7378  7829 D OPENHU  : [78] Companion.decrypt | RECV: AUDIO Media Data type: 0 flags: 11 size: 8202 dataOffset: 2
09-15 13:26:57.692  7378  7829 D OPENHU  : [78] Companion.decrypt | RECV: AUDIO Media Data type: 0 flags: 11 size: 8202 dataOffset: 2
09-15 13:26:57.734  7378  7829 D OPENHU  : [78] Companion.decrypt | RECV: AUDIO Media Data type: 0 flags: 11 size: 8202 dataOffset: 2
09-15 13:26:57.777  7378  7829 D OPENHU  : [78] Companion.decrypt | RECV: AUDIO Media Data type: 0 flags: 11 size: 8202 dataOffset: 2
09-15 13:26:57.821  7378  7829 D OPENHU  : [78] Companion.decrypt | RECV: AUDIO Media Data type: 0 flags: 11 size: 8202 dataOffset: 2
09-15 13:26:57.860  7378  7829 D OPENHU  : [78] Companion.decrypt | RECV: CONTROL Ping Request type: 11 flags: 11 size: 12 dataOffset: 2
09-15 13:26:57.861  7378  7829 V OPENHU  : [78] AapTransport.send | CONTROL Ping Response type: 12 flags: 11 size: 14 dataOffset: 6
09-15 13:26:57.864  7378  7829 D OPENHU  : [78] Companion.decrypt | RECV: AUDIO Media Data type: 0 flags: 11 size: 8202 dataOffset: 2
09-15 13:26:57.906  7378  7829 D OPENHU  : [78] Companion.decrypt | RECV: AUDIO Media Data type: 0 flags: 11 size: 8202 dataOffset: 2
09-15 13:26:57.948  7378  7829 D OPENHU  : [78] Companion.decrypt | RECV: AUDIO Media Data type: 0 flags: 11 size: 8202 dataOffset: 2
09-15 13:26:57.991  7378  7829 D OPENHU  : [78] Companion.decrypt | RECV: AUDIO Media Data type: 0 flags: 11 size: 8202 dataOffset: 2
09-15 13:26:57.996  7378  7378 V OPENHU  : [2] GpsLocation.onLocationChanged | GpsLocation: fix received
09-15 13:26:58.003  7378  7378 V OPENHU  : [2] AapTransport.send | SENSOR Sensor Event type: 32771 flags: 11 size: 46 dataOffset: 6
09-15 13:26:58.033  7378  7829 D OPENHU  : [78] Companion.decrypt | RECV: AUDIO Media Data type: 0 flags: 11 size: 8202 dataOffset: 2
09-15 13:26:58.076  7378  7829 D OPENHU  : [78] Companion.decrypt | RECV: AUDIO Media Data type: 0 flags: 11 size: 8202 dataOffset: 2
09-15 13:26:58.120  7378  7829 D OPENHU  : [78] Companion.decrypt | RECV: AUDIO Media Data type: 0 flags: 11 size: 8202 dataOffset: 2
09-15 13:26:58.161  7378  7829 D OPENHU  : [78] Companion.decrypt | RECV: AUDIO Media Data type: 0 flags: 11 size: 8202 dataOffset: 2
09-15 13:26:58.207  7378  7829 D OPENHU  : [78] Companion.decrypt | RECV: AUDIO Media Data type: 0 flags: 11 size: 8202 dataOffset: 2
09-15 13:26:58.245  7378  7829 D OPENHU  : [78] Companion.decrypt | RECV: AUDIO Media Data type: 0 flags: 11 size: 8202 dataOffset: 2
09-15 13:26:58.290  7378  7829 D OPENHU  : [78] Companion.decrypt | RECV: AUDIO Media Data type: 0 flags: 11 size: 8202 dataOffset: 2
09-15 13:26:58.333  7378  7829 D OPENHU  : [78] Companion.decrypt | RECV: AUDIO Media Data type: 0 flags: 11 size: 8202 dataOffset: 2
09-15 13:26:58.375  7378  7829 D OPENHU  : [78] Companion.decrypt | RECV: AUDIO Media Data type: 0 flags: 11 size: 8202 dataOffset: 2
09-15 13:26:58.418  7378  7829 D OPENHU  : [78] Companion.decrypt | RECV: AUDIO Media Data type: 0 flags: 11 size: 8202 dataOffset: 2
09-15 13:26:58.461  7378  7829 D OPENHU  : [78] Companion.decrypt | RECV: AUDIO Media Data type: 0 flags: 11 size: 8202 dataOffset: 2
09-15 13:26:58.503  7378  7829 D OPENHU  : [78] Companion.decrypt | RECV: AUDIO Media Data type: 0 flags: 11 size: 8202 dataOffset: 2
09-15 13:26:58.509  7378  7829 D OPENHU  : [78] Companion.decrypt | RECV: MUSIC_PLAYBACK Media Playback Status type: 32769 flags: 11 size: 18 dataOffset: 2
09-15 13:26:58.510  7378  7829 D OPENHU  : [78] AapMediaPlayback.processStatusPacket | AapMediaPlayback: status mediaSource='VLC', playbackSeconds(u32)=156, state=PLAYING
09-15 13:26:58.545  7378  7829 D OPENHU  : [78] Companion.decrypt | RECV: AUDIO Media Data type: 0 flags: 11 size: 8202 dataOffset: 2
09-15 13:26:58.595  7378  7829 D OPENHU  : [78] Companion.decrypt | RECV: AUDIO Media Data type: 0 flags: 11 size: 8202 dataOffset: 2
09-15 13:26:58.631  7378  7829 D OPENHU  : [78] Companion.decrypt | RECV: AUDIO Media Data type: 0 flags: 11 size: 8202 dataOffset: 2
09-15 13:26:58.675  7378  7829 D OPENHU  : [78] Companion.decrypt | RECV: AUDIO Media Data type: 0 flags: 11 size: 8202 dataOffset: 2
09-15 13:26:58.717  7378  7829 D OPENHU  : [78] Companion.decrypt | RECV: AUDIO Media Data type: 0 flags: 11 size: 8202 dataOffset: 2
09-15 13:26:58.758  7378  7829 D OPENHU  : [78] Companion.decrypt | RECV: AUDIO Media Data type: 0 flags: 11 size: 8202 dataOffset: 2
09-15 13:26:58.803  7378  7829 D OPENHU  : [78] Companion.decrypt | RECV: AUDIO Media Data type: 0 flags: 11 size: 8202 dataOffset: 2
09-15 13:26:58.844  7378  7829 D OPENHU  : [78] Companion.decrypt | RECV: AUDIO Media Data type: 0 flags: 11 size: 8202 dataOffset: 2
09-15 13:26:58.860  7378  7829 D OPENHU  : [78] Companion.decrypt | RECV: CONTROL Ping Request type: 11 flags: 11 size: 12 dataOffset: 2
09-15 13:26:58.861  7378  7829 V OPENHU  : [78] AapTransport.send | CONTROL Ping Response type: 12 flags: 11 size: 14 dataOffset: 6
09-15 13:26:58.893  7378  7829 D OPENHU  : [78] Companion.decrypt | RECV: AUDIO Media Data type: 0 flags: 11 size: 8202 dataOffset: 2
09-15 13:26:58.929  7378  7829 D OPENHU  : [78] Companion.decrypt | RECV: AUDIO Media Data type: 0 flags: 11 size: 8202 dataOffset: 2
09-15 13:26:58.973  7378  7829 D OPENHU  : [78] Companion.decrypt | RECV: AUDIO Media Data type: 0 flags: 11 size: 8202 dataOffset: 2
09-15 13:26:59.014  7378  7378 V OPENHU  : [2] GpsLocation.onLocationChanged | GpsLocation: fix received
09-15 13:26:59.015  7378  7829 D OPENHU  : [78] Companion.decrypt | RECV: AUDIO Media Data type: 0 flags: 11 size: 8202 dataOffset: 2
09-15 13:26:59.033  7378  7378 V OPENHU  : [2] AapTransport.send | SENSOR Sensor Event type: 32771 flags: 11 size: 46 dataOffset: 6
09-15 13:26:59.057  7378  7829 D OPENHU  : [78] Companion.decrypt | RECV: AUDIO Media Data type: 0 flags: 11 size: 8202 dataOffset: 2
09-15 13:26:59.103  7378  7829 D OPENHU  : [78] Companion.decrypt | RECV: AUDIO Media Data type: 0 flags: 11 size: 8202 dataOffset: 2
09-15 13:26:59.150  7378  7829 D OPENHU  : [78] Companion.decrypt | RECV: AUDIO Media Data type: 0 flags: 11 size: 8202 dataOffset: 2
09-15 13:26:59.187  7378  7829 D OPENHU  : [78] Companion.decrypt | RECV: AUDIO Media Data type: 0 flags: 11 size: 8202 dataOffset: 2
09-15 13:26:59.228  7378  7829 D OPENHU  : [78] Companion.decrypt | RECV: AUDIO Media Data type: 0 flags: 11 size: 8202 dataOffset: 2
09-15 13:26:59.269  7378  7829 D OPENHU  : [78] Companion.decrypt | RECV: AUDIO Media Data type: 0 flags: 11 size: 8202 dataOffset: 2
09-15 13:26:59.314  7378  7829 D OPENHU  : [78] Companion.decrypt | RECV: AUDIO Media Data type: 0 flags: 11 size: 8202 dataOffset: 2
09-15 13:26:59.357  7378  7829 D OPENHU  : [78] Companion.decrypt | RECV: AUDIO Media Data type: 0 flags: 11 size: 8202 dataOffset: 2
09-15 13:26:59.399  7378  7829 D OPENHU  : [78] Companion.decrypt | RECV: AUDIO Media Data type: 0 flags: 11 size: 8202 dataOffset: 2
09-15 13:26:59.441  7378  7829 D OPENHU  : [78] Companion.decrypt | RECV: AUDIO Media Data type: 0 flags: 11 size: 8202 dataOffset: 2
09-15 13:26:59.485  7378  7829 D OPENHU  : [78] Companion.decrypt | RECV: AUDIO Media Data type: 0 flags: 11 size: 8202 dataOffset: 2
09-15 13:26:59.512  7378  7829 D OPENHU  : [78] Companion.decrypt | RECV: MUSIC_PLAYBACK Media Playback Status type: 32769 flags: 11 size: 18 dataOffset: 2
09-15 13:26:59.513  7378  7829 D OPENHU  : [78] AapMediaPlayback.processStatusPacket | AapMediaPlayback: status mediaSource='VLC', playbackSeconds(u32)=157, state=PLAYING
09-15 13:26:59.526  7378  7829 D OPENHU  : [78] Companion.decrypt | RECV: AUDIO Media Data type: 0 flags: 11 size: 8202 dataOffset: 2
09-15 13:26:59.571  7378  7829 D OPENHU  : [78] Companion.decrypt | RECV: AUDIO Media Data type: 0 flags: 11 size: 8202 dataOffset: 2
09-15 13:26:59.613  7378  7829 D OPENHU  : [78] Companion.decrypt | RECV: AUDIO Media Data type: 0 flags: 11 size: 8202 dataOffset: 2
09-15 13:26:59.655  7378  7829 D OPENHU  : [78] Companion.decrypt | RECV: AUDIO Media Data type: 0 flags: 11 size: 8202 dataOffset: 2
09-15 13:26:59.699  7378  7829 D OPENHU  : [78] Companion.decrypt | RECV: AUDIO Media Data type: 0 flags: 11 size: 8202 dataOffset: 2
09-15 13:26:59.701  7378  7862 I OPENHU  : [87] VideoDecoder.logThroughput | Throughput over 5005ms: rendered=160 (31fps), fed=160 (31fps), dropped=0, skipped=0, concealed=0, inputWait=71ms, enqueueWait=0ms, codec=c2.unisoc.avc.decoder, presented=160 (31fps), decodeLatency=9ms p95=11ms (160 frames)
09-15 13:26:59.740  7378  7829 D OPENHU  : [78] Companion.decrypt | RECV: AUDIO Media Data type: 0 flags: 11 size: 8202 dataOffset: 2
09-15 13:26:59.784  7378  7829 D OPENHU  : [78] Companion.decrypt | RECV: AUDIO Media Data type: 0 flags: 11 size: 8202 dataOffset: 2
09-15 13:26:59.826  7378  7829 D OPENHU  : [78] Companion.decrypt | RECV: AUDIO Media Data type: 0 flags: 11 size: 8202 dataOffset: 2
09-15 13:26:59.861  7378  7829 D OPENHU  : [78] Companion.decrypt | RECV: CONTROL Ping Request type: 11 flags: 11 size: 12 dataOffset: 2
09-15 13:26:59.862  7378  7829 V OPENHU  : [78] AapTransport.send | CONTROL Ping Response type: 12 flags: 11 size: 14 dataOffset: 6
09-15 13:26:59.869  7378  7829 D OPENHU  : [78] Companion.decrypt | RECV: AUDIO Media Data type: 0 flags: 11 size: 8202 dataOffset: 2
09-15 13:26:59.911  7378  7829 D OPENHU  : [78] Companion.decrypt | RECV: AUDIO Media Data type: 0 flags: 11 size: 8202 dataOffset: 2
09-15 13:26:59.957  7378  7829 D OPENHU  : [78] Companion.decrypt | RECV: AUDIO Media Data type: 0 flags: 11 size: 8202 dataOffset: 2
09-15 13:26:59.995  7378  7378 V OPENHU  : [2] GpsLocation.onLocationChanged | GpsLocation: fix received
09-15 13:26:59.997  7378  7829 D OPENHU  : [78] Companion.decrypt | RECV: AUDIO Media Data type: 0 flags: 11 size: 8202 dataOffset: 2
09-15 13:27:00.002  7378  7378 V OPENHU  : [2] AapTransport.send | SENSOR Sensor Event type: 32771 flags: 11 size: 46 dataOffset: 6
09-15 13:27:00.040  7378  7829 D OPENHU  : [78] Companion.decrypt | RECV: AUDIO Media Data type: 0 flags: 11 size: 8202 dataOffset: 2
09-15 13:27:00.062  7378  7378 I OPENHU  : [2] TextureProjectionView.onSurfaceTextureUpdated | TextureProjectionView: displayed 137 frames in 5000ms (27fps), longFrames=1
09-15 13:27:00.082  7378  7829 D OPENHU  : [78] Companion.decrypt | RECV: AUDIO Media Data type: 0 flags: 11 size: 8202 dataOffset: 2
09-15 13:27:00.125  7378  7829 D OPENHU  : [78] Companion.decrypt | RECV: AUDIO Media Data type: 0 flags: 11 size: 8202 dataOffset: 2
09-15 13:27:00.166  7378  7829 D OPENHU  : [78] Companion.decrypt | RECV: AUDIO Media Data type: 0 flags: 11 size: 8202 dataOffset: 2
09-15 13:27:00.210  7378  7829 D OPENHU  : [78] Companion.decrypt | RECV: AUDIO Media Data type: 0 flags: 11 size: 8202 dataOffset: 2
09-15 13:27:00.252  7378  7829 D OPENHU  : [78] Companion.decrypt | RECV: AUDIO Media Data type: 0 flags: 11 size: 8202 dataOffset: 2
09-15 13:27:00.295  7378  7829 D OPENHU  : [78] Companion.decrypt | RECV: AUDIO Media Data type: 0 flags: 11 size: 8202 dataOffset: 2
09-15 13:27:00.339  7378  7829 D OPENHU  : [78] Companion.decrypt | RECV: AUDIO Media Data type: 0 flags: 11 size: 8202 dataOffset: 2
09-15 13:27:00.381  7378  7829 D OPENHU  : [78] Companion.decrypt | RECV: AUDIO Media Data type: 0 flags: 11 size: 8202 dataOffset: 2
09-15 13:27:00.429  7378  7829 D OPENHU  : [78] Companion.decrypt | RECV: AUDIO Media Data type: 0 flags: 11 size: 8202 dataOffset: 2
09-15 13:27:00.467  7378  7829 D OPENHU  : [78] Companion.decrypt | RECV: AUDIO Media Data type: 0 flags: 11 size: 8202 dataOffset: 2
09-15 13:27:00.509  7378  7829 D OPENHU  : [78] Companion.decrypt | RECV: AUDIO Media Data type: 0 flags: 11 size: 8202 dataOffset: 2
09-15 13:27:00.518  7378  7829 D OPENHU  : [78] Companion.decrypt | RECV: MUSIC_PLAYBACK Media Playback Status type: 32769 flags: 11 size: 18 dataOffset: 2
09-15 13:27:00.519  7378  7829 D OPENHU  : [78] AapMediaPlayback.processStatusPacket | AapMediaPlayback: status mediaSource='VLC', playbackSeconds(u32)=158, state=PLAYING
09-15 13:27:00.551  7378  7829 D OPENHU  : [78] Companion.decrypt | RECV: AUDIO Media Data type: 0 flags: 11 size: 8202 dataOffset: 2
09-15 13:27:00.594  7378  7829 D OPENHU  : [78] Companion.decrypt | RECV: AUDIO Media Data type: 0 flags: 11 size: 8202 dataOffset: 2
09-15 13:27:00.638  7378  7829 D OPENHU  : [78] Companion.decrypt | RECV: AUDIO Media Data type: 0 flags: 11 size: 8202 dataOffset: 2
09-15 13:27:00.678  7378  7829 D OPENHU  : [78] Companion.decrypt | RECV: AUDIO Media Data type: 0 flags: 11 size: 8202 dataOffset: 2
09-15 13:27:00.722  7378  7829 D OPENHU  : [78] Companion.decrypt | RECV: AUDIO Media Data type: 0 flags: 11 size: 8202 dataOffset: 2
09-15 13:27:00.765  7378  7829 D OPENHU  : [78] Companion.decrypt | RECV: AUDIO Media Data type: 0 flags: 11 size: 8202 dataOffset: 2
09-15 13:27:00.807  7378  7829 D OPENHU  : [78] Companion.decrypt | RECV: AUDIO Media Data type: 0 flags: 11 size: 8202 dataOffset: 2
09-15 13:27:00.849  7378  7829 D OPENHU  : [78] Companion.decrypt | RECV: AUDIO Media Data type: 0 flags: 11 size: 8202 dataOffset: 2
09-15 13:27:00.870  7378  7829 D OPENHU  : [78] Companion.decrypt | RECV: CONTROL Ping Request type: 11 flags: 11 size: 12 dataOffset: 2
09-15 13:27:00.872  7378  7829 V OPENHU  : [78] AapTransport.send | CONTROL Ping Response type: 12 flags: 11 size: 14 dataOffset: 6
09-15 13:27:00.894  7378  7829 D OPENHU  : [78] Companion.decrypt | RECV: AUDIO Media Data type: 0 flags: 11 size: 8202 dataOffset: 2
09-15 13:27:00.937  7378  7829 D OPENHU  : [78] Companion.decrypt | RECV: AUDIO Media Data type: 0 flags: 11 size: 8202 dataOffset: 2
09-15 13:27:00.983  7378  7829 D OPENHU  : [78] Companion.decrypt | RECV: AUDIO Media Data type: 0 flags: 11 size: 8202 dataOffset: 2
09-15 13:27:01.010  7378  7378 V OPENHU  : [2] GpsLocation.onLocationChanged | GpsLocation: fix received
09-15 13:27:01.017  7378  7378 V OPENHU  : [2] AapTransport.send | SENSOR Sensor Event type: 32771 flags: 11 size: 46 dataOffset: 6
09-15 13:27:01.026  7378  7829 D OPENHU  : [78] Companion.decrypt | RECV: AUDIO Media Data type: 0 flags: 11 size: 8202 dataOffset: 2
09-15 13:27:01.066  7378  7829 D OPENHU  : [78] Companion.decrypt | RECV: AUDIO Media Data type: 0 flags: 11 size: 8202 dataOffset: 2
09-15 13:27:01.109  7378  7829 D OPENHU  : [78] Companion.decrypt | RECV: AUDIO Media Data type: 0 flags: 11 size: 8202 dataOffset: 2
09-15 13:27:01.149  7378  7829 D OPENHU  : [78] Companion.decrypt | RECV: AUDIO Media Data type: 0 flags: 11 size: 8202 dataOffset: 2
09-15 13:27:01.191  7378  7829 D OPENHU  : [78] Companion.decrypt | RECV: AUDIO Media Data type: 0 flags: 11 size: 8202 dataOffset: 2
09-15 13:27:01.234  7378  7829 D OPENHU  : [78] Companion.decrypt | RECV: AUDIO Media Data type: 0 flags: 11 size: 8202 dataOffset: 2
09-15 13:27:01.276  7378  7829 D OPENHU  : [78] Companion.decrypt | RECV: AUDIO Media Data type: 0 flags: 11 size: 8202 dataOffset: 2
09-15 13:27:01.321  7378  7829 D OPENHU  : [78] Companion.decrypt | RECV: AUDIO Media Data type: 0 flags: 11 size: 8202 dataOffset: 2
09-15 13:27:01.362  7378  7829 D OPENHU  : [78] Companion.decrypt | RECV: AUDIO Media Data type: 0 flags: 11 size: 8202 dataOffset: 2
09-15 13:27:01.405  7378  7829 D OPENHU  : [78] Companion.decrypt | RECV: AUDIO Media Data type: 0 flags: 11 size: 8202 dataOffset: 2
09-15 13:27:01.449  7378  7829 D OPENHU  : [78] Companion.decrypt | RECV: AUDIO Media Data type: 0 flags: 11 size: 8202 dataOffset: 2
09-15 13:27:01.491  7378  7829 D OPENHU  : [78] Companion.decrypt | RECV: AUDIO Media Data type: 0 flags: 11 size: 8202 dataOffset: 2
09-15 13:27:01.517  7378  7829 D OPENHU  : [78] Companion.decrypt | RECV: MUSIC_PLAYBACK Media Playback Status type: 32769 flags: 11 size: 18 dataOffset: 2
09-15 13:27:01.518  7378  7829 D OPENHU  : [78] AapMediaPlayback.processStatusPacket | AapMediaPlayback: status mediaSource='VLC', playbackSeconds(u32)=159, state=PLAYING
09-15 13:27:01.533  7378  7829 D OPENHU  : [78] Companion.decrypt | RECV: AUDIO Media Data type: 0 flags: 11 size: 8202 dataOffset: 2
09-15 13:27:01.575  7378  7829 D OPENHU  : [78] Companion.decrypt | RECV: AUDIO Media Data type: 0 flags: 11 size: 8202 dataOffset: 2
09-15 13:27:01.618  7378  7829 D OPENHU  : [78] Companion.decrypt | RECV: AUDIO Media Data type: 0 flags: 11 size: 8202 dataOffset: 2
09-15 13:27:01.661  7378  7829 D OPENHU  : [78] Companion.decrypt | RECV: AUDIO Media Data type: 0 flags: 11 size: 8202 dataOffset: 2
09-15 13:27:01.703  7378  7829 D OPENHU  : [78] Companion.decrypt | RECV: AUDIO Media Data type: 0 flags: 11 size: 8202 dataOffset: 2
09-15 13:27:01.747  7378  7829 D OPENHU  : [78] Companion.decrypt | RECV: AUDIO Media Data type: 0 flags: 11 size: 8202 dataOffset: 2
09-15 13:27:01.791  7378  7829 D OPENHU  : [78] Companion.decrypt | RECV: AUDIO Media Data type: 0 flags: 11 size: 8202 dataOffset: 2
09-15 13:27:01.830  7378  7829 D OPENHU  : [78] Companion.decrypt | RECV: AUDIO Media Data type: 0 flags: 11 size: 8202 dataOffset: 2
09-15 13:27:01.866  7378  7829 D OPENHU  : [78] Companion.decrypt | RECV: CONTROL Ping Request type: 11 flags: 11 size: 12 dataOffset: 2
09-15 13:27:01.868  7378  7829 V OPENHU  : [78] AapTransport.send | CONTROL Ping Response type: 12 flags: 11 size: 14 dataOffset: 6
09-15 13:27:01.876  7378  7829 D OPENHU  : [78] Companion.decrypt | RECV: AUDIO Media Data type: 0 flags: 11 size: 8202 dataOffset: 2
09-15 13:27:01.916  7378  7829 D OPENHU  : [78] Companion.decrypt | RECV: AUDIO Media Data type: 0 flags: 11 size: 8202 dataOffset: 2
09-15 13:27:01.959  7378  7829 D OPENHU  : [78] Companion.decrypt | RECV: AUDIO Media Data type: 0 flags: 11 size: 8202 dataOffset: 2
09-15 13:27:01.997  7378  7378 V OPENHU  : [2] GpsLocation.onLocationChanged | GpsLocation: fix received
09-15 13:27:02.001  7378  7829 D OPENHU  : [78] Companion.decrypt | RECV: AUDIO Media Data type: 0 flags: 11 size: 8202 dataOffset: 2
09-15 13:27:02.005  7378  7378 V OPENHU  : [2] AapTransport.send | SENSOR Sensor Event type: 32771 flags: 11 size: 46 dataOffset: 6
09-15 13:27:02.044  7378  7829 D OPENHU  : [78] Companion.decrypt | RECV: AUDIO Media Data type: 0 flags: 11 size: 8202 dataOffset: 2
09-15 13:27:02.088  7378  7829 D OPENHU  : [78] Companion.decrypt | RECV: AUDIO Media Data type: 0 flags: 11 size: 8202 dataOffset: 2
09-15 13:27:02.129  7378  7829 D OPENHU  : [78] Companion.decrypt | RECV: AUDIO Media Data type: 0 flags: 11 size: 8202 dataOffset: 2
09-15 13:27:02.174  7378  7829 D OPENHU  : [78] Companion.decrypt | RECV: AUDIO Media Data type: 0 flags: 11 size: 8202 dataOffset: 2
09-15 13:27:02.215  7378  7829 D OPENHU  : [78] Companion.decrypt | RECV: AUDIO Media Data type: 0 flags: 11 size: 8202 dataOffset: 2
09-15 13:27:02.258  7378  7829 D OPENHU  : [78] Companion.decrypt | RECV: AUDIO Media Data type: 0 flags: 11 size: 8202 dataOffset: 2
09-15 13:27:02.301  7378  7829 D OPENHU  : [78] Companion.decrypt | RECV: AUDIO Media Data type: 0 flags: 11 size: 8202 dataOffset: 2
09-15 13:27:02.344  7378  7829 D OPENHU  : [78] Companion.decrypt | RECV: AUDIO Media Data type: 0 flags: 11 size: 8202 dataOffset: 2
09-15 13:27:02.385  7378  7829 D OPENHU  : [78] Companion.decrypt | RECV: AUDIO Media Data type: 0 flags: 11 size: 8202 dataOffset: 2
09-15 13:27:02.428  7378  7829 D OPENHU  : [78] Companion.decrypt | RECV: AUDIO Media Data type: 0 flags: 11 size: 8202 dataOffset: 2
09-15 13:27:02.477  7378  7829 D OPENHU  : [78] Companion.decrypt | RECV: AUDIO Media Data type: 0 flags: 11 size: 8202 dataOffset: 2
09-15 13:27:02.514  7378  7829 D OPENHU  : [78] Companion.decrypt | RECV: AUDIO Media Data type: 0 flags: 11 size: 8202 dataOffset: 2
09-15 13:27:02.523  7378  7829 D OPENHU  : [78] Companion.decrypt | RECV: MUSIC_PLAYBACK Media Playback Status type: 32769 flags: 11 size: 18 dataOffset: 2
09-15 13:27:02.524  7378  7829 D OPENHU  : [78] AapMediaPlayback.processStatusPacket | AapMediaPlayback: status mediaSource='VLC', playbackSeconds(u32)=160, state=PLAYING
09-15 13:27:02.558  7378  7829 D OPENHU  : [78] Companion.decrypt | RECV: AUDIO Media Data type: 0 flags: 11 size: 8202 dataOffset: 2
09-15 13:27:02.602  7378  7829 D OPENHU  : [78] Companion.decrypt | RECV: AUDIO Media Data type: 0 flags: 11 size: 8202 dataOffset: 2
09-15 13:27:02.640  7378  7829 D OPENHU  : [78] Companion.decrypt | RECV: AUDIO Media Data type: 0 flags: 11 size: 8202 dataOffset: 2
09-15 13:27:02.684  7378  7829 D OPENHU  : [78] Companion.decrypt | RECV: AUDIO Media Data type: 0 flags: 11 size: 8202 dataOffset: 2
09-15 13:27:02.726  7378  7829 D OPENHU  : [78] Companion.decrypt | RECV: AUDIO Media Data type: 0 flags: 11 size: 8202 dataOffset: 2
09-15 13:27:02.769  7378  7829 D OPENHU  : [78] Companion.decrypt | RECV: AUDIO Media Data type: 0 flags: 11 size: 8202 dataOffset: 2
09-15 13:27:02.812  7378  7829 D OPENHU  : [78] Companion.decrypt | RECV: AUDIO Media Data type: 0 flags: 11 size: 8202 dataOffset: 2
09-15 13:27:02.855  7378  7829 D OPENHU  : [78] Companion.decrypt | RECV: AUDIO Media Data type: 0 flags: 11 size: 8202 dataOffset: 2
09-15 13:27:02.865  7378  7829 D OPENHU  : [78] Companion.decrypt | RECV: CONTROL Ping Request type: 11 flags: 11 size: 12 dataOffset: 2
09-15 13:27:02.865  7378  7829 V OPENHU  : [78] AapTransport.send | CONTROL Ping Response type: 12 flags: 11 size: 14 dataOffset: 6
09-15 13:27:02.897  7378  7829 D OPENHU  : [78] Companion.decrypt | RECV: AUDIO Media Data type: 0 flags: 11 size: 8202 dataOffset: 2
09-15 13:27:02.943  7378  7829 D OPENHU  : [78] Companion.decrypt | RECV: AUDIO Media Data type: 0 flags: 11 size: 8202 dataOffset: 2
09-15 13:27:02.984  7378  7829 D OPENHU  : [78] Companion.decrypt | RECV: AUDIO Media Data type: 0 flags: 11 size: 8202 dataOffset: 2
09-15 13:27:03.017  7378  7378 V OPENHU  : [2] GpsLocation.onLocationChanged | GpsLocation: fix received
09-15 13:27:03.028  7378  7378 V OPENHU  : [2] AapTransport.send | SENSOR Sensor Event type: 32771 flags: 11 size: 46 dataOffset: 6
09-15 13:27:03.032  7378  7829 D OPENHU  : [78] Companion.decrypt | RECV: AUDIO Media Data type: 0 flags: 11 size: 8202 dataOffset: 2
09-15 13:27:03.070  7378  7829 D OPENHU  : [78] Companion.decrypt | RECV: AUDIO Media Data type: 0 flags: 11 size: 8202 dataOffset: 2
09-15 13:27:03.113  7378  7829 D OPENHU  : [78] Companion.decrypt | RECV: AUDIO Media Data type: 0 flags: 11 size: 8202 dataOffset: 2
09-15 13:27:03.155  7378  7829 D OPENHU  : [78] Companion.decrypt | RECV: AUDIO Media Data type: 0 flags: 11 size: 8202 dataOffset: 2
09-15 13:27:03.198  7378  7829 D OPENHU  : [78] Companion.decrypt | RECV: AUDIO Media Data type: 0 flags: 11 size: 8202 dataOffset: 2
09-15 13:27:03.237  7378  7829 D OPENHU  : [78] Companion.decrypt | RECV: AUDIO Media Data type: 0 flags: 11 size: 8202 dataOffset: 2
09-15 13:27:03.283  7378  7829 D OPENHU  : [78] Companion.decrypt | RECV: AUDIO Media Data type: 0 flags: 11 size: 8202 dataOffset: 2
09-15 13:27:03.328  7378  7829 D OPENHU  : [78] Companion.decrypt | RECV: AUDIO Media Data type: 0 flags: 11 size: 8202 dataOffset: 2
09-15 13:27:03.367  7378  7829 D OPENHU  : [78] Companion.decrypt | RECV: AUDIO Media Data type: 0 flags: 11 size: 8202 dataOffset: 2
09-15 13:27:03.409  7378  7829 D OPENHU  : [78] Companion.decrypt | RECV: AUDIO Media Data type: 0 flags: 11 size: 8202 dataOffset: 2
09-15 13:27:03.454  7378  7829 D OPENHU  : [78] Companion.decrypt | RECV: AUDIO Media Data type: 0 flags: 11 size: 8202 dataOffset: 2
09-15 13:27:03.494  7378  7829 D OPENHU  : [78] Companion.decrypt | RECV: AUDIO Media Data type: 0 flags: 11 size: 8202 dataOffset: 2
09-15 13:27:03.524  7378  7829 D OPENHU  : [78] Companion.decrypt | RECV: MUSIC_PLAYBACK Media Playback Status type: 32769 flags: 11 size: 18 dataOffset: 2
09-15 13:27:03.525  7378  7829 D OPENHU  : [78] AapMediaPlayback.processStatusPacket | AapMediaPlayback: status mediaSource='VLC', playbackSeconds(u32)=161, state=PLAYING
09-15 13:27:03.539  7378  7829 D OPENHU  : [78] Companion.decrypt | RECV: AUDIO Media Data type: 0 flags: 11 size: 8202 dataOffset: 2
09-15 13:27:03.584  7378  7829 D OPENHU  : [78] Companion.decrypt | RECV: AUDIO Media Data type: 0 flags: 11 size: 8202 dataOffset: 2
09-15 13:27:03.623  7378  7829 D OPENHU  : [78] Companion.decrypt | RECV: AUDIO Media Data type: 0 flags: 11 size: 8202 dataOffset: 2
09-15 13:27:03.667  7378  7829 D OPENHU  : [78] Companion.decrypt | RECV: AUDIO Media Data type: 0 flags: 11 size: 8202 dataOffset: 2
09-15 13:27:03.708  7378  7829 D OPENHU  : [78] Companion.decrypt | RECV: AUDIO Media Data type: 0 flags: 11 size: 8202 dataOffset: 2
09-15 13:27:03.755  7378  7829 D OPENHU  : [78] Companion.decrypt | RECV: AUDIO Media Data type: 0 flags: 11 size: 8202 dataOffset: 2
09-15 13:27:03.796  7378  7829 D OPENHU  : [78] Companion.decrypt | RECV: AUDIO Media Data type: 0 flags: 11 size: 8202 dataOffset: 2
09-15 13:27:03.840  7378  7829 D OPENHU  : [78] Companion.decrypt | RECV: AUDIO Media Data type: 0 flags: 11 size: 8202 dataOffset: 2
09-15 13:27:03.865  7378  7829 D OPENHU  : [78] Companion.decrypt | RECV: CONTROL Ping Request type: 11 flags: 11 size: 12 dataOffset: 2
09-15 13:27:03.867  7378  7829 V OPENHU  : [78] AapTransport.send | CONTROL Ping Response type: 12 flags: 11 size: 14 dataOffset: 6
09-15 13:27:03.880  7378  7829 D OPENHU  : [78] Companion.decrypt | RECV: AUDIO Media Data type: 0 flags: 11 size: 8202 dataOffset: 2
09-15 13:27:03.923  7378  7829 D OPENHU  : [78] Companion.decrypt | RECV: AUDIO Media Data type: 0 flags: 11 size: 8202 dataOffset: 2
09-15 13:27:03.965  7378  7829 D OPENHU  : [78] Companion.decrypt | RECV: AUDIO Media Data type: 0 flags: 11 size: 8202 dataOffset: 2
09-15 13:27:03.996  7378  7378 V OPENHU  : [2] GpsLocation.onLocationChanged | GpsLocation: fix received
09-15 13:27:04.005  7378  7378 V OPENHU  : [2] AapTransport.send | SENSOR Sensor Event type: 32771 flags: 11 size: 46 dataOffset: 6
09-15 13:27:04.008  7378  7829 D OPENHU  : [78] Companion.decrypt | RECV: AUDIO Media Data type: 0 flags: 11 size: 8202 dataOffset: 2
09-15 13:27:04.049  7378  7829 D OPENHU  : [78] Companion.decrypt | RECV: AUDIO Media Data type: 0 flags: 11 size: 8202 dataOffset: 2
09-15 13:27:04.092  7378  7829 D OPENHU  : [78] Companion.decrypt | RECV: AUDIO Media Data type: 0 flags: 11 size: 8202 dataOffset: 2
09-15 13:27:04.135  7378  7829 D OPENHU  : [78] Companion.decrypt | RECV: AUDIO Media Data type: 0 flags: 11 size: 8202 dataOffset: 2
09-15 13:27:04.178  7378  7829 D OPENHU  : [78] Companion.decrypt | RECV: AUDIO Media Data type: 0 flags: 11 size: 8202 dataOffset: 2
09-15 13:27:04.223  7378  7829 D OPENHU  : [78] Companion.decrypt | RECV: AUDIO Media Data type: 0 flags: 11 size: 8202 dataOffset: 2
09-15 13:27:04.264  7378  7829 D OPENHU  : [78] Companion.decrypt | RECV: AUDIO Media Data type: 0 flags: 11 size: 8202 dataOffset: 2
09-15 13:27:04.305  7378  7829 D OPENHU  : [78] Companion.decrypt | RECV: AUDIO Media Data type: 0 flags: 11 size: 8202 dataOffset: 2
09-15 13:27:04.350  7378  7829 D OPENHU  : [78] Companion.decrypt | RECV: AUDIO Media Data type: 0 flags: 11 size: 8202 dataOffset: 2
09-15 13:27:04.391  7378  7829 D OPENHU  : [78] Companion.decrypt | RECV: AUDIO Media Data type: 0 flags: 11 size: 8202 dataOffset: 2
09-15 13:27:04.433  7378  7829 D OPENHU  : [78] Companion.decrypt | RECV: AUDIO Media Data type: 0 flags: 11 size: 8202 dataOffset: 2
09-15 13:27:04.476  7378  7829 D OPENHU  : [78] Companion.decrypt | RECV: AUDIO Media Data type: 0 flags: 11 size: 8202 dataOffset: 2
09-15 13:27:04.522  7378  7829 D OPENHU  : [78] Companion.decrypt | RECV: AUDIO Media Data type: 0 flags: 11 size: 8202 dataOffset: 2
09-15 13:27:04.525  7378  7829 D OPENHU  : [78] Companion.decrypt | RECV: MUSIC_PLAYBACK Media Playback Status type: 32769 flags: 11 size: 18 dataOffset: 2
09-15 13:27:04.526  7378  7829 D OPENHU  : [78] AapMediaPlayback.processStatusPacket | AapMediaPlayback: status mediaSource='VLC', playbackSeconds(u32)=162, state=PLAYING
09-15 13:27:04.561  7378  7829 D OPENHU  : [78] Companion.decrypt | RECV: AUDIO Media Data type: 0 flags: 11 size: 8202 dataOffset: 2
09-15 13:27:04.606  7378  7829 D OPENHU  : [78] Companion.decrypt | RECV: AUDIO Media Data type: 0 flags: 11 size: 8202 dataOffset: 2
09-15 13:27:04.647  7378  7829 D OPENHU  : [78] Companion.decrypt | RECV: AUDIO Media Data type: 0 flags: 11 size: 8202 dataOffset: 2
09-15 13:27:04.694  7378  7829 D OPENHU  : [78] Companion.decrypt | RECV: AUDIO Media Data type: 0 flags: 11 size: 8202 dataOffset: 2
09-15 13:27:04.705  7378  7862 I OPENHU  : [87] VideoDecoder.logThroughput | Throughput over 5005ms: rendered=178 (35fps), fed=178 (35fps), dropped=0, skipped=0, concealed=0, inputWait=94ms, enqueueWait=0ms, codec=c2.unisoc.avc.decoder, presented=178 (35fps), decodeLatency=9ms p95=12ms (178 frames)
09-15 13:27:04.732  7378  7829 D OPENHU  : [78] Companion.decrypt | RECV: AUDIO Media Data type: 0 flags: 11 size: 8202 dataOffset: 2
09-15 13:27:04.776  7378  7829 D OPENHU  : [78] Companion.decrypt | RECV: AUDIO Media Data type: 0 flags: 11 size: 8202 dataOffset: 2
09-15 13:27:04.818  7378  7829 D OPENHU  : [78] Companion.decrypt | RECV: AUDIO Media Data type: 0 flags: 11 size: 8202 dataOffset: 2
09-15 13:27:04.864  7378  7829 D OPENHU  : [78] Companion.decrypt | RECV: AUDIO Media Data type: 0 flags: 11 size: 8202 dataOffset: 2
09-15 13:27:04.871  7378  7829 D OPENHU  : [78] Companion.decrypt | RECV: CONTROL Ping Request type: 11 flags: 11 size: 12 dataOffset: 2
09-15 13:27:04.872  7378  7829 V OPENHU  : [78] AapTransport.send | CONTROL Ping Response type: 12 flags: 11 size: 14 dataOffset: 6
09-15 13:27:04.905  7378  7829 D OPENHU  : [78] Companion.decrypt | RECV: AUDIO Media Data type: 0 flags: 11 size: 8202 dataOffset: 2
09-15 13:27:04.946  7378  7829 D OPENHU  : [78] Companion.decrypt | RECV: AUDIO Media Data type: 0 flags: 11 size: 8202 dataOffset: 2
09-15 13:27:04.991  7378  7829 D OPENHU  : [78] Companion.decrypt | RECV: AUDIO Media Data type: 0 flags: 11 size: 8202 dataOffset: 2
09-15 13:27:05.018  7378  7378 V OPENHU  : [2] GpsLocation.onLocationChanged | GpsLocation: fix received
09-15 13:27:05.034  7378  7378 V OPENHU  : [2] AapTransport.send | SENSOR Sensor Event type: 32771 flags: 11 size: 46 dataOffset: 6
09-15 13:27:05.039  7378  7829 D OPENHU  : [78] Companion.decrypt | RECV: AUDIO Media Data type: 0 flags: 11 size: 8202 dataOffset: 2
09-15 13:27:05.073  7378  7829 D OPENHU  : [78] Companion.decrypt | RECV: AUDIO Media Data type: 0 flags: 11 size: 8202 dataOffset: 2
09-15 13:27:05.077  7378  7378 I OPENHU  : [2] TextureProjectionView.onSurfaceTextureUpdated | TextureProjectionView: displayed 149 frames in 5017ms (29fps), longFrames=1
09-15 13:27:05.117  7378  7829 D OPENHU  : [78] Companion.decrypt | RECV: AUDIO Media Data type: 0 flags: 11 size: 8202 dataOffset: 2
09-15 13:27:05.158  7378  7829 D OPENHU  : [78] Companion.decrypt | RECV: AUDIO Media Data type: 0 flags: 11 size: 8202 dataOffset: 2
09-15 13:27:05.202  7378  7829 D OPENHU  : [78] Companion.decrypt | RECV: AUDIO Media Data type: 0 flags: 11 size: 8202 dataOffset: 2
09-15 13:27:05.244  7378  7829 D OPENHU  : [78] Companion.decrypt | RECV: AUDIO Media Data type: 0 flags: 11 size: 8202 dataOffset: 2
09-15 13:27:05.287  7378  7829 D OPENHU  : [78] Companion.decrypt | RECV: AUDIO Media Data type: 0 flags: 11 size: 8202 dataOffset: 2
09-15 13:27:05.330  7378  7829 D OPENHU  : [78] Companion.decrypt | RECV: AUDIO Media Data type: 0 flags: 11 size: 8202 dataOffset: 2
09-15 13:27:05.375  7378  7829 D OPENHU  : [78] Companion.decrypt | RECV: AUDIO Media Data type: 0 flags: 11 size: 8202 dataOffset: 2
09-15 13:27:05.416  7378  7829 D OPENHU  : [78] Companion.decrypt | RECV: AUDIO Media Data type: 0 flags: 11 size: 8202 dataOffset: 2
09-15 13:27:05.457  7378  7829 D OPENHU  : [78] Companion.decrypt | RECV: AUDIO Media Data type: 0 flags: 11 size: 8202 dataOffset: 2
09-15 13:27:05.500  7378  7829 D OPENHU  : [78] Companion.decrypt | RECV: AUDIO Media Data type: 0 flags: 11 size: 8202 dataOffset: 2
09-15 13:27:05.527  7378  7829 D OPENHU  : [78] Companion.decrypt | RECV: MUSIC_PLAYBACK Media Playback Status type: 32769 flags: 11 size: 18 dataOffset: 2
09-15 13:27:05.528  7378  7829 D OPENHU  : [78] AapMediaPlayback.processStatusPacket | AapMediaPlayback: status mediaSource='VLC', playbackSeconds(u32)=163, state=PLAYING
09-15 13:27:05.542  7378  7829 D OPENHU  : [78] Companion.decrypt | RECV: AUDIO Media Data type: 0 flags: 11 size: 8202 dataOffset: 2
09-15 13:27:05.585  7378  7829 D OPENHU  : [78] Companion.decrypt | RECV: AUDIO Media Data type: 0 flags: 11 size: 8202 dataOffset: 2
09-15 13:27:05.629  7378  7829 D OPENHU  : [78] Companion.decrypt | RECV: AUDIO Media Data type: 0 flags: 11 size: 8202 dataOffset: 2
09-15 13:27:05.673  7378  7829 D OPENHU  : [78] Companion.decrypt | RECV: AUDIO Media Data type: 0 flags: 11 size: 8202 dataOffset: 2
09-15 13:27:05.715  7378  7829 D OPENHU  : [78] Companion.decrypt | RECV: AUDIO Media Data type: 0 flags: 11 size: 8202 dataOffset: 2
09-15 13:27:05.755  7378  7829 D OPENHU  : [78] Companion.decrypt | RECV: AUDIO Media Data type: 0 flags: 11 size: 8202 dataOffset: 2
09-15 13:27:05.800  7378  7829 D OPENHU  : [78] Companion.decrypt | RECV: AUDIO Media Data type: 0 flags: 11 size: 8202 dataOffset: 2
09-15 13:27:05.843  7378  7829 D OPENHU  : [78] Companion.decrypt | RECV: AUDIO Media Data type: 0 flags: 11 size: 8202 dataOffset: 2
09-15 13:27:05.872  7378  7829 D OPENHU  : [78] Companion.decrypt | RECV: CONTROL Ping Request type: 11 flags: 11 size: 12 dataOffset: 2
09-15 13:27:05.873  7378  7829 V OPENHU  : [78] AapTransport.send | CONTROL Ping Response type: 12 flags: 11 size: 14 dataOffset: 6
09-15 13:27:05.885  7378  7829 D OPENHU  : [78] Companion.decrypt | RECV: AUDIO Media Data type: 0 flags: 11 size: 8202 dataOffset: 2
09-15 13:27:05.927  7378  7829 D OPENHU  : [78] Companion.decrypt | RECV: AUDIO Media Data type: 0 flags: 11 size: 8202 dataOffset: 2
09-15 13:27:05.970  7378  7829 D OPENHU  : [78] Companion.decrypt | RECV: AUDIO Media Data type: 0 flags: 11 size: 8202 dataOffset: 2
09-15 13:27:05.997  7378  7378 V OPENHU  : [2] GpsLocation.onLocationChanged | GpsLocation: fix received
09-15 13:27:06.004  7378  7378 V OPENHU  : [2] AapTransport.send | SENSOR Sensor Event type: 32771 flags: 11 size: 46 dataOffset: 6
09-15 13:27:06.013  7378  7829 D OPENHU  : [78] Companion.decrypt | RECV: AUDIO Media Data type: 0 flags: 11 size: 8202 dataOffset: 2
09-15 13:27:06.053  7378  7829 D OPENHU  : [78] Companion.decrypt | RECV: AUDIO Media Data type: 0 flags: 11 size: 8202 dataOffset: 2
09-15 13:27:06.098  7378  7829 D OPENHU  : [78] Companion.decrypt | RECV: AUDIO Media Data type: 0 flags: 11 size: 8202 dataOffset: 2
09-15 13:27:06.140  7378  7829 D OPENHU  : [78] Companion.decrypt | RECV: AUDIO Media Data type: 0 flags: 11 size: 8202 dataOffset: 2
09-15 13:27:06.184  7378  7829 D OPENHU  : [78] Companion.decrypt | RECV: AUDIO Media Data type: 0 flags: 11 size: 8202 dataOffset: 2
09-15 13:27:06.225  7378  7829 D OPENHU  : [78] Companion.decrypt | RECV: AUDIO Media Data type: 0 flags: 11 size: 8202 dataOffset: 2
09-15 13:27:06.268  7378  7829 D OPENHU  : [78] Companion.decrypt | RECV: AUDIO Media Data type: 0 flags: 11 size: 8202 dataOffset: 2
09-15 13:27:06.311  7378  7829 D OPENHU  : [78] Companion.decrypt | RECV: AUDIO Media Data type: 0 flags: 11 size: 8202 dataOffset: 2
09-15 13:27:06.354  7378  7829 D OPENHU  : [78] Companion.decrypt | RECV: AUDIO Media Data type: 0 flags: 11 size: 8202 dataOffset: 2
09-15 13:27:06.397  7378  7829 D OPENHU  : [78] Companion.decrypt | RECV: AUDIO Media Data type: 0 flags: 11 size: 8202 dataOffset: 2
09-15 13:27:06.441  7378  7829 D OPENHU  : [78] Companion.decrypt | RECV: AUDIO Media Data type: 0 flags: 11 size: 8202 dataOffset: 2
09-15 13:27:06.481  7378  7829 D OPENHU  : [78] Companion.decrypt | RECV: AUDIO Media Data type: 0 flags: 11 size: 8202 dataOffset: 2
09-15 13:27:06.524  7378  7829 D OPENHU  : [78] Companion.decrypt | RECV: AUDIO Media Data type: 0 flags: 11 size: 8202 dataOffset: 2
09-15 13:27:06.529  7378  7829 D OPENHU  : [78] Companion.decrypt | RECV: MUSIC_PLAYBACK Media Playback Status type: 32769 flags: 11 size: 18 dataOffset: 2
09-15 13:27:06.530  7378  7829 D OPENHU  : [78] AapMediaPlayback.processStatusPacket | AapMediaPlayback: status mediaSource='VLC', playbackSeconds(u32)=164, state=PLAYING
09-15 13:27:06.567  7378  7829 D OPENHU  : [78] Companion.decrypt | RECV: AUDIO Media Data type: 0 flags: 11 size: 8202 dataOffset: 2
09-15 13:27:06.610  7378  7829 D OPENHU  : [78] Companion.decrypt | RECV: AUDIO Media Data type: 0 flags: 11 size: 8202 dataOffset: 2
09-15 13:27:06.652  7378  7829 D OPENHU  : [78] Companion.decrypt | RECV: AUDIO Media Data type: 0 flags: 11 size: 8202 dataOffset: 2
09-15 13:27:06.695  7378  7829 D OPENHU  : [78] Companion.decrypt | RECV: AUDIO Media Data type: 0 flags: 11 size: 8202 dataOffset: 2
09-15 13:27:06.741  7378  7829 D OPENHU  : [78] Companion.decrypt | RECV: AUDIO Media Data type: 0 flags: 11 size: 8202 dataOffset: 2
09-15 13:27:06.781  7378  7829 D OPENHU  : [78] Companion.decrypt | RECV: AUDIO Media Data type: 0 flags: 11 size: 8202 dataOffset: 2
09-15 13:27:06.825  7378  7829 D OPENHU  : [78] Companion.decrypt | RECV: AUDIO Media Data type: 0 flags: 11 size: 8202 dataOffset: 2
09-15 13:27:06.866  7378  7829 D OPENHU  : [78] Companion.decrypt | RECV: AUDIO Media Data type: 0 flags: 11 size: 8202 dataOffset: 2
09-15 13:27:06.872  7378  7829 D OPENHU  : [78] Companion.decrypt | RECV: CONTROL Ping Request type: 11 flags: 11 size: 12 dataOffset: 2
09-15 13:27:06.873  7378  7829 V OPENHU  : [78] AapTransport.send | CONTROL Ping Response type: 12 flags: 11 size: 14 dataOffset: 6
09-15 13:27:06.909  7378  7829 D OPENHU  : [78] Companion.decrypt | RECV: AUDIO Media Data type: 0 flags: 11 size: 8202 dataOffset: 2
09-15 13:27:06.951  7378  7829 D OPENHU  : [78] Companion.decrypt | RECV: AUDIO Media Data type: 0 flags: 11 size: 8202 dataOffset: 2
09-15 13:27:06.994  7378  7829 D OPENHU  : [78] Companion.decrypt | RECV: AUDIO Media Data type: 0 flags: 11 size: 8202 dataOffset: 2
09-15 13:27:07.017  7378  7378 V OPENHU  : [2] GpsLocation.onLocationChanged | GpsLocation: fix received
09-15 13:27:07.031  7378  7378 V OPENHU  : [2] AapTransport.send | SENSOR Sensor Event type: 32771 flags: 11 size: 46 dataOffset: 6
09-15 13:27:07.037  7378  7829 D OPENHU  : [78] Companion.decrypt | RECV: AUDIO Media Data type: 0 flags: 11 size: 8202 dataOffset: 2
09-15 13:27:07.082  7378  7829 D OPENHU  : [78] Companion.decrypt | RECV: AUDIO Media Data type: 0 flags: 11 size: 8202 dataOffset: 2
09-15 13:27:07.122  7378  7829 D OPENHU  : [78] Companion.decrypt | RECV: AUDIO Media Data type: 0 flags: 11 size: 8202 dataOffset: 2
09-15 13:27:07.165  7378  7829 D OPENHU  : [78] Companion.decrypt | RECV: AUDIO Media Data type: 0 flags: 11 size: 8202 dataOffset: 2
09-15 13:27:07.206  7378  7829 D OPENHU  : [78] Companion.decrypt | RECV: AUDIO Media Data type: 0 flags: 11 size: 8202 dataOffset: 2
09-15 13:27:07.248  7378  7829 D OPENHU  : [78] Companion.decrypt | RECV: AUDIO Media Data type: 0 flags: 11 size: 8202 dataOffset: 2
09-15 13:27:07.291  7378  7829 D OPENHU  : [78] Companion.decrypt | RECV: AUDIO Media Data type: 0 flags: 11 size: 8202 dataOffset: 2
09-15 13:27:07.334  7378  7829 D OPENHU  : [78] Companion.decrypt | RECV: AUDIO Media Data type: 0 flags: 11 size: 8202 dataOffset: 2
09-15 13:27:07.376  7378  7829 D OPENHU  : [78] Companion.decrypt | RECV: AUDIO Media Data type: 0 flags: 11 size: 8202 dataOffset: 2
09-15 13:27:07.420  7378  7829 D OPENHU  : [78] Companion.decrypt | RECV: AUDIO Media Data type: 0 flags: 11 size: 8202 dataOffset: 2
09-15 13:27:07.462  7378  7829 D OPENHU  : [78] Companion.decrypt | RECV: AUDIO Media Data type: 0 flags: 11 size: 8202 dataOffset: 2
09-15 13:27:07.506  7378  7829 D OPENHU  : [78] Companion.decrypt | RECV: AUDIO Media Data type: 0 flags: 11 size: 8202 dataOffset: 2
09-15 13:27:07.531  7378  7829 D OPENHU  : [78] Companion.decrypt | RECV: MUSIC_PLAYBACK Media Playback Status type: 32769 flags: 11 size: 18 dataOffset: 2
09-15 13:27:07.532  7378  7829 D OPENHU  : [78] AapMediaPlayback.processStatusPacket | AapMediaPlayback: status mediaSource='VLC', playbackSeconds(u32)=165, state=PLAYING
09-15 13:27:07.549  7378  7829 D OPENHU  : [78] Companion.decrypt | RECV: AUDIO Media Data type: 0 flags: 11 size: 8202 dataOffset: 2
09-15 13:27:07.591  7378  7829 D OPENHU  : [78] Companion.decrypt | RECV: AUDIO Media Data type: 0 flags: 11 size: 8202 dataOffset: 2
09-15 13:27:07.632  7378  7829 D OPENHU  : [78] Companion.decrypt | RECV: AUDIO Media Data type: 0 flags: 11 size: 8202 dataOffset: 2
09-15 13:27:07.675  7378  7829 D OPENHU  : [78] Companion.decrypt | RECV: AUDIO Media Data type: 0 flags: 11 size: 8202 dataOffset: 2
09-15 13:27:07.717  7378  7829 D OPENHU  : [78] Companion.decrypt | RECV: AUDIO Media Data type: 0 flags: 11 size: 8202 dataOffset: 2
09-15 13:27:07.760  7378  7829 D OPENHU  : [78] Companion.decrypt | RECV: AUDIO Media Data type: 0 flags: 11 size: 8202 dataOffset: 2
09-15 13:27:07.802  7378  7829 D OPENHU  : [78] Companion.decrypt | RECV: AUDIO Media Data type: 0 flags: 11 size: 8202 dataOffset: 2
09-15 13:27:07.849  7378  7829 D OPENHU  : [78] Companion.decrypt | RECV: AUDIO Media Data type: 0 flags: 11 size: 8202 dataOffset: 2
09-15 13:27:07.871  7378  7829 D OPENHU  : [78] Companion.decrypt | RECV: CONTROL Ping Request type: 11 flags: 11 size: 12 dataOffset: 2
09-15 13:27:07.872  7378  7829 V OPENHU  : [78] AapTransport.send | CONTROL Ping Response type: 12 flags: 11 size: 14 dataOffset: 6
09-15 13:27:07.891  7378  7829 D OPENHU  : [78] Companion.decrypt | RECV: AUDIO Media Data type: 0 flags: 11 size: 8202 dataOffset: 2
09-15 13:27:07.931  7378  7829 D OPENHU  : [78] Companion.decrypt | RECV: AUDIO Media Data type: 0 flags: 11 size: 8202 dataOffset: 2
09-15 13:27:07.974  7378  7829 D OPENHU  : [78] Companion.decrypt | RECV: AUDIO Media Data type: 0 flags: 11 size: 8202 dataOffset: 2
09-15 13:27:07.999  7378  7378 V OPENHU  : [2] GpsLocation.onLocationChanged | GpsLocation: fix received
09-15 13:27:08.008  7378  7378 V OPENHU  : [2] AapTransport.send | SENSOR Sensor Event type: 32771 flags: 11 size: 46 dataOffset: 6
09-15 13:27:08.017  7378  7829 D OPENHU  : [78] Companion.decrypt | RECV: AUDIO Media Data type: 0 flags: 11 size: 8202 dataOffset: 2
09-15 13:27:08.060  7378  7829 D OPENHU  : [78] Companion.decrypt | RECV: AUDIO Media Data type: 0 flags: 11 size: 8202 dataOffset: 2
09-15 13:27:08.102  7378  7829 D OPENHU  : [78] Companion.decrypt | RECV: AUDIO Media Data type: 0 flags: 11 size: 8202 dataOffset: 2
09-15 13:27:08.144  7378  7829 D OPENHU  : [78] Companion.decrypt | RECV: AUDIO Media Data type: 0 flags: 11 size: 8202 dataOffset: 2
09-15 13:27:08.188  7378  7829 D OPENHU  : [78] Companion.decrypt | RECV: AUDIO Media Data type: 0 flags: 11 size: 8202 dataOffset: 2
09-15 13:27:08.229  7378  7829 D OPENHU  : [78] Companion.decrypt | RECV: AUDIO Media Data type: 0 flags: 11 size: 8202 dataOffset: 2
09-15 13:27:08.272  7378  7829 D OPENHU  : [78] Companion.decrypt | RECV: AUDIO Media Data type: 0 flags: 11 size: 8202 dataOffset: 2
09-15 13:27:08.317  7378  7829 D OPENHU  : [78] Companion.decrypt | RECV: AUDIO Media Data type: 0 flags: 11 size: 8202 dataOffset: 2
09-15 13:27:08.360  7378  7829 D OPENHU  : [78] Companion.decrypt | RECV: AUDIO Media Data type: 0 flags: 11 size: 8202 dataOffset: 2
09-15 13:27:08.400  7378  7829 D OPENHU  : [78] Companion.decrypt | RECV: AUDIO Media Data type: 0 flags: 11 size: 8202 dataOffset: 2
09-15 13:27:08.442  7378  7829 D OPENHU  : [78] Companion.decrypt | RECV: AUDIO Media Data type: 0 flags: 11 size: 8202 dataOffset: 2
09-15 13:27:08.487  7378  7829 D OPENHU  : [78] Companion.decrypt | RECV: AUDIO Media Data type: 0 flags: 11 size: 8202 dataOffset: 2
09-15 13:27:08.530  7378  7829 D OPENHU  : [78] Companion.decrypt | RECV: AUDIO Media Data type: 0 flags: 11 size: 8202 dataOffset: 2
09-15 13:27:08.533  7378  7829 D OPENHU  : [78] Companion.decrypt | RECV: MUSIC_PLAYBACK Media Playback Status type: 32769 flags: 11 size: 18 dataOffset: 2
09-15 13:27:08.534  7378  7829 D OPENHU  : [78] AapMediaPlayback.processStatusPacket | AapMediaPlayback: status mediaSource='VLC', playbackSeconds(u32)=166, state=PLAYING
09-15 13:27:08.571  7378  7829 D OPENHU  : [78] Companion.decrypt | RECV: AUDIO Media Data type: 0 flags: 11 size: 8202 dataOffset: 2
09-15 13:27:08.614  7378  7829 D OPENHU  : [78] Companion.decrypt | RECV: AUDIO Media Data type: 0 flags: 11 size: 8202 dataOffset: 2
09-15 13:27:08.656  7378  7829 D OPENHU  : [78] Companion.decrypt | RECV: AUDIO Media Data type: 0 flags: 11 size: 8202 dataOffset: 2
09-15 13:27:08.702  7378  7829 D OPENHU  : [78] Companion.decrypt | RECV: AUDIO Media Data type: 0 flags: 11 size: 8202 dataOffset: 2
09-15 13:27:08.742  7378  7829 D OPENHU  : [78] Companion.decrypt | RECV: AUDIO Media Data type: 0 flags: 11 size: 8202 dataOffset: 2
09-15 13:27:08.787  7378  7829 D OPENHU  : [78] Companion.decrypt | RECV: AUDIO Media Data type: 0 flags: 11 size: 8202 dataOffset: 2
09-15 13:27:08.830  7378  7829 D OPENHU  : [78] Companion.decrypt | RECV: AUDIO Media Data type: 0 flags: 11 size: 8202 dataOffset: 2
09-15 13:27:08.872  7378  7829 D OPENHU  : [78] Companion.decrypt | RECV: CONTROL Ping Request type: 11 flags: 11 size: 12 dataOffset: 2
09-15 13:27:08.874  7378  7829 V OPENHU  : [78] AapTransport.send | CONTROL Ping Response type: 12 flags: 11 size: 14 dataOffset: 6
09-15 13:27:08.878  7378  7829 D OPENHU  : [78] Companion.decrypt | RECV: AUDIO Media Data type: 0 flags: 11 size: 8202 dataOffset: 2
09-15 13:27:08.913  7378  7829 D OPENHU  : [78] Companion.decrypt | RECV: AUDIO Media Data type: 0 flags: 11 size: 8202 dataOffset: 2
09-15 13:27:08.956  7378  7829 D OPENHU  : [78] Companion.decrypt | RECV: AUDIO Media Data type: 0 flags: 11 size: 8202 dataOffset: 2
09-15 13:27:08.999  7378  7829 D OPENHU  : [78] Companion.decrypt | RECV: AUDIO Media Data type: 0 flags: 11 size: 8202 dataOffset: 2
09-15 13:27:09.018  7378  7378 V OPENHU  : [2] GpsLocation.onLocationChanged | GpsLocation: fix received
09-15 13:27:09.034  7378  7378 V OPENHU  : [2] AapTransport.send | SENSOR Sensor Event type: 32771 flags: 11 size: 46 dataOffset: 6
09-15 13:27:09.040  7378  7829 D OPENHU  : [78] Companion.decrypt | RECV: AUDIO Media Data type: 0 flags: 11 size: 8202 dataOffset: 2
09-15 13:27:09.083  7378  7829 D OPENHU  : [78] Companion.decrypt | RECV: AUDIO Media Data type: 0 flags: 11 size: 8202 dataOffset: 2
09-15 13:27:09.127  7378  7829 D OPENHU  : [78] Companion.decrypt | RECV: AUDIO Media Data type: 0 flags: 11 size: 8202 dataOffset: 2
09-15 13:27:09.168  7378  7829 D OPENHU  : [78] Companion.decrypt | RECV: AUDIO Media Data type: 0 flags: 11 size: 8202 dataOffset: 2
09-15 13:27:09.211  7378  7829 D OPENHU  : [78] Companion.decrypt | RECV: AUDIO Media Data type: 0 flags: 11 size: 8202 dataOffset: 2
09-15 13:27:09.254  7378  7829 D OPENHU  : [78] Companion.decrypt | RECV: AUDIO Media Data type: 0 flags: 11 size: 8202 dataOffset: 2
09-15 13:27:09.297  7378  7829 D OPENHU  : [78] Companion.decrypt | RECV: AUDIO Media Data type: 0 flags: 11 size: 8202 dataOffset: 2
09-15 13:27:09.350  7378  7829 D OPENHU  : [78] Companion.decrypt | RECV: AUDIO Media Data type: 0 flags: 11 size: 8202 dataOffset: 2
09-15 13:27:09.391  7378  7829 D OPENHU  : [78] Companion.decrypt | RECV: AUDIO Media Data type: 0 flags: 11 size: 8202 dataOffset: 2
09-15 13:27:09.427  7378  7829 D OPENHU  : [78] Companion.decrypt | RECV: AUDIO Media Data type: 0 flags: 11 size: 8202 dataOffset: 2
09-15 13:27:09.477  7378  7829 D OPENHU  : [78] Companion.decrypt | RECV: AUDIO Media Data type: 0 flags: 11 size: 8202 dataOffset: 2
09-15 13:27:09.516  7378  7829 D OPENHU  : [78] Companion.decrypt | RECV: AUDIO Media Data type: 0 flags: 11 size: 8202 dataOffset: 2
09-15 13:27:09.536  7378  7829 D OPENHU  : [78] Companion.decrypt | RECV: MUSIC_PLAYBACK Media Playback Status type: 32769 flags: 11 size: 18 dataOffset: 2
09-15 13:27:09.538  7378  7829 D OPENHU  : [78] AapMediaPlayback.processStatusPacket | AapMediaPlayback: status mediaSource='VLC', playbackSeconds(u32)=167, state=PLAYING
09-15 13:27:09.557  7378  7829 D OPENHU  : [78] Companion.decrypt | RECV: AUDIO Media Data type: 0 flags: 11 size: 8202 dataOffset: 2
09-15 13:27:09.595  7378  7829 D OPENHU  : [78] Companion.decrypt | RECV: AUDIO Media Data type: 0 flags: 11 size: 8202 dataOffset: 2
09-15 13:27:09.638  7378  7829 D OPENHU  : [78] Companion.decrypt | RECV: AUDIO Media Data type: 0 flags: 11 size: 8202 dataOffset: 2
09-15 13:27:09.681  7378  7829 D OPENHU  : [78] Companion.decrypt | RECV: AUDIO Media Data type: 0 flags: 11 size: 8202 dataOffset: 2
09-15 13:27:09.714  7378  7862 I OPENHU  : [87] VideoDecoder.logThroughput | Throughput over 5008ms: rendered=206 (41fps), fed=206 (41fps), dropped=0, skipped=0, concealed=0, inputWait=96ms, enqueueWait=0ms, codec=c2.unisoc.avc.decoder, presented=206 (41fps), decodeLatency=9ms p95=12ms (206 frames)
09-15 13:27:09.723  7378  7829 D OPENHU  : [78] Companion.decrypt | RECV: AUDIO Media Data type: 0 flags: 11 size: 8202 dataOffset: 2
09-15 13:27:09.766  7378  7829 D OPENHU  : [78] Companion.decrypt | RECV: AUDIO Media Data type: 0 flags: 11 size: 8202 dataOffset: 2
09-15 13:27:09.811  7378  7829 D OPENHU  : [78] Companion.decrypt | RECV: AUDIO Media Data type: 0 flags: 11 size: 8202 dataOffset: 2
09-15 13:27:09.854  7378  7829 D OPENHU  : [78] Companion.decrypt | RECV: AUDIO Media Data type: 0 flags: 11 size: 8202 dataOffset: 2
09-15 13:27:09.873  7378  7829 D OPENHU  : [78] Companion.decrypt | RECV: CONTROL Ping Request type: 11 flags: 11 size: 12 dataOffset: 2
09-15 13:27:09.874  7378  7829 V OPENHU  : [78] AapTransport.send | CONTROL Ping Response type: 12 flags: 11 size: 14 dataOffset: 6
09-15 13:27:09.896  7378  7829 D OPENHU  : [78] Companion.decrypt | RECV: AUDIO Media Data type: 0 flags: 11 size: 8202 dataOffset: 2
09-15 13:27:09.940  7378  7829 D OPENHU  : [78] Companion.decrypt | RECV: AUDIO Media Data type: 0 flags: 11 size: 8202 dataOffset: 2
09-15 13:27:09.983  7378  7829 D OPENHU  : [78] Companion.decrypt | RECV: AUDIO Media Data type: 0 flags: 11 size: 8202 dataOffset: 2
09-15 13:27:09.997  7378  7378 V OPENHU  : [2] GpsLocation.onLocationChanged | GpsLocation: fix received
09-15 13:27:10.006  7378  7378 V OPENHU  : [2] AapTransport.send | SENSOR Sensor Event type: 32771 flags: 11 size: 46 dataOffset: 6
09-15 13:27:10.025  7378  7829 D OPENHU  : [78] Companion.decrypt | RECV: AUDIO Media Data type: 0 flags: 11 size: 8202 dataOffset: 2
09-15 13:27:10.066  7378  7829 D OPENHU  : [78] Companion.decrypt | RECV: AUDIO Media Data type: 0 flags: 11 size: 8202 dataOffset: 2
09-15 13:27:10.109  7378  7829 D OPENHU  : [78] Companion.decrypt | RECV: AUDIO Media Data type: 0 flags: 11 size: 8202 dataOffset: 2
09-15 13:27:10.113  7378  7378 I OPENHU  : [2] TextureProjectionView.onSurfaceTextureUpdated | TextureProjectionView: displayed 162 frames in 5035ms (32fps), longFrames=1
09-15 13:27:10.150  7378  7829 D OPENHU  : [78] Companion.decrypt | RECV: AUDIO Media Data type: 0 flags: 11 size: 8202 dataOffset: 2
09-15 13:27:10.192  7378  7829 D OPENHU  : [78] Companion.decrypt | RECV: AUDIO Media Data type: 0 flags: 11 size: 8202 dataOffset: 2
09-15 13:27:10.235  7378  7829 D OPENHU  : [78] Companion.decrypt | RECV: AUDIO Media Data type: 0 flags: 11 size: 8202 dataOffset: 2
09-15 13:27:10.277  7378  7829 D OPENHU  : [78] Companion.decrypt | RECV: AUDIO Media Data type: 0 flags: 11 size: 8202 dataOffset: 2
09-15 13:27:10.321  7378  7829 D OPENHU  : [78] Companion.decrypt | RECV: AUDIO Media Data type: 0 flags: 11 size: 8202 dataOffset: 2
09-15 13:27:10.364  7378  7829 D OPENHU  : [78] Companion.decrypt | RECV: AUDIO Media Data type: 0 flags: 11 size: 8202 dataOffset: 2
09-15 13:27:10.407  7378  7829 D OPENHU  : [78] Companion.decrypt | RECV: AUDIO Media Data type: 0 flags: 11 size: 8202 dataOffset: 2
09-15 13:27:10.449  7378  7829 D OPENHU  : [78] Companion.decrypt | RECV: AUDIO Media Data type: 0 flags: 11 size: 8202 dataOffset: 2
09-15 13:27:10.492  7378  7829 D OPENHU  : [78] Companion.decrypt | RECV: AUDIO Media Data type: 0 flags: 11 size: 8202 dataOffset: 2
09-15 13:27:10.537  7378  7829 D OPENHU  : [78] Companion.decrypt | RECV: AUDIO Media Data type: 0 flags: 11 size: 8202 dataOffset: 2
09-15 13:27:10.544  7378  7829 D OPENHU  : [78] Companion.decrypt | RECV: MUSIC_PLAYBACK Media Playback Status type: 32769 flags: 11 size: 18 dataOffset: 2
09-15 13:27:10.545  7378  7829 D OPENHU  : [78] AapMediaPlayback.processStatusPacket | AapMediaPlayback: status mediaSource='VLC', playbackSeconds(u32)=168, state=PLAYING
09-15 13:27:10.577  7378  7829 D OPENHU  : [78] Companion.decrypt | RECV: AUDIO Media Data type: 0 flags: 11 size: 8202 dataOffset: 2
09-15 13:27:10.619  7378  7829 D OPENHU  : [78] Companion.decrypt | RECV: AUDIO Media Data type: 0 flags: 11 size: 8202 dataOffset: 2
09-15 13:27:10.663  7378  7829 D OPENHU  : [78] Companion.decrypt | RECV: AUDIO Media Data type: 0 flags: 11 size: 8202 dataOffset: 2
09-15 13:27:10.704  7378  7829 D OPENHU  : [78] Companion.decrypt | RECV: AUDIO Media Data type: 0 flags: 11 size: 8202 dataOffset: 2
09-15 13:27:10.747  7378  7829 D OPENHU  : [78] Companion.decrypt | RECV: AUDIO Media Data type: 0 flags: 11 size: 8202 dataOffset: 2
09-15 13:27:10.789  7378  7829 D OPENHU  : [78] Companion.decrypt | RECV: AUDIO Media Data type: 0 flags: 11 size: 8202 dataOffset: 2
09-15 13:27:10.832  7378  7829 D OPENHU  : [78] Companion.decrypt | RECV: AUDIO Media Data type: 0 flags: 11 size: 8202 dataOffset: 2
09-15 13:27:10.871  7378  7829 D OPENHU  : [78] Companion.decrypt | RECV: CONTROL Ping Request type: 11 flags: 11 size: 12 dataOffset: 2
09-15 13:27:10.872  7378  7829 V OPENHU  : [78] AapTransport.send | CONTROL Ping Response type: 12 flags: 11 size: 14 dataOffset: 6
09-15 13:27:10.875  7378  7829 D OPENHU  : [78] Companion.decrypt | RECV: AUDIO Media Data type: 0 flags: 11 size: 8202 dataOffset: 2
09-15 13:27:10.921  7378  7829 D OPENHU  : [78] Companion.decrypt | RECV: AUDIO Media Data type: 0 flags: 11 size: 8202 dataOffset: 2
09-15 13:27:10.962  7378  7829 D OPENHU  : [78] Companion.decrypt | RECV: AUDIO Media Data type: 0 flags: 11 size: 8202 dataOffset: 2
09-15 13:27:11.006  7378  7829 D OPENHU  : [78] Companion.decrypt | RECV: AUDIO Media Data type: 0 flags: 11 size: 8202 dataOffset: 2
09-15 13:27:11.019  7378  7378 V OPENHU  : [2] GpsLocation.onLocationChanged | GpsLocation: fix received
09-15 13:27:11.034  7378  7378 V OPENHU  : [2] AapTransport.send | SENSOR Sensor Event type: 32771 flags: 11 size: 46 dataOffset: 6
09-15 13:27:11.048  7378  7829 D OPENHU  : [78] Companion.decrypt | RECV: AUDIO Media Data type: 0 flags: 11 size: 8202 dataOffset: 2
09-15 13:27:11.088  7378  7829 D OPENHU  : [78] Companion.decrypt | RECV: AUDIO Media Data type: 0 flags: 11 size: 8202 dataOffset: 2
09-15 13:27:11.132  7378  7829 D OPENHU  : [78] Companion.decrypt | RECV: AUDIO Media Data type: 0 flags: 11 size: 8202 dataOffset: 2
09-15 13:27:11.174  7378  7829 D OPENHU  : [78] Companion.decrypt | RECV: AUDIO Media Data type: 0 flags: 11 size: 8202 dataOffset: 2
09-15 13:27:11.218  7378  7829 D OPENHU  : [78] Companion.decrypt | RECV: AUDIO Media Data type: 0 flags: 11 size: 8202 dataOffset: 2
09-15 13:27:11.261  7378  7829 D OPENHU  : [78] Companion.decrypt | RECV: AUDIO Media Data type: 0 flags: 11 size: 8202 dataOffset: 2
09-15 13:27:11.308  7378  7829 D OPENHU  : [78] Companion.decrypt | RECV: AUDIO Media Data type: 0 flags: 11 size: 8202 dataOffset: 2
09-15 13:27:11.347  7378  7829 D OPENHU  : [78] Companion.decrypt | RECV: AUDIO Media Data type: 0 flags: 11 size: 8202 dataOffset: 2
09-15 13:27:11.387  7378  7829 D OPENHU  : [78] Companion.decrypt | RECV: AUDIO Media Data type: 0 flags: 11 size: 8202 dataOffset: 2
09-15 13:27:11.431  7378  7829 D OPENHU  : [78] Companion.decrypt | RECV: AUDIO Media Data type: 0 flags: 11 size: 8202 dataOffset: 2
09-15 13:27:11.473  7378  7829 D OPENHU  : [78] Companion.decrypt | RECV: AUDIO Media Data type: 0 flags: 11 size: 8202 dataOffset: 2
09-15 13:27:11.516  7378  7829 D OPENHU  : [78] Companion.decrypt | RECV: AUDIO Media Data type: 0 flags: 11 size: 8202 dataOffset: 2
09-15 13:27:11.543  7378  7829 D OPENHU  : [78] Companion.decrypt | RECV: MUSIC_PLAYBACK Media Playback Status type: 32769 flags: 11 size: 18 dataOffset: 2
09-15 13:27:11.545  7378  7829 D OPENHU  : [78] AapMediaPlayback.processStatusPacket | AapMediaPlayback: status mediaSource='VLC', playbackSeconds(u32)=169, state=PLAYING
09-15 13:27:11.560  7378  7829 D OPENHU  : [78] Companion.decrypt | RECV: AUDIO Media Data type: 0 flags: 11 size: 8202 dataOffset: 2
09-15 13:27:11.609  7378  7829 D OPENHU  : [78] Companion.decrypt | RECV: AUDIO Media Data type: 0 flags: 11 size: 8202 dataOffset: 2
09-15 13:27:11.643  7378  7829 D OPENHU  : [78] Companion.decrypt | RECV: AUDIO Media Data type: 0 flags: 11 size: 8202 dataOffset: 2
09-15 13:27:11.685  7378  7829 D OPENHU  : [78] Companion.decrypt | RECV: AUDIO Media Data type: 0 flags: 11 size: 8202 dataOffset: 2
09-15 13:27:11.729  7378  7829 D OPENHU  : [78] Companion.decrypt | RECV: AUDIO Media Data type: 0 flags: 11 size: 8202 dataOffset: 2
09-15 13:27:11.771  7378  7829 D OPENHU  : [78] Companion.decrypt | RECV: AUDIO Media Data type: 0 flags: 11 size: 8202 dataOffset: 2
09-15 13:27:11.815  7378  7829 D OPENHU  : [78] Companion.decrypt | RECV: AUDIO Media Data type: 0 flags: 11 size: 8202 dataOffset: 2
09-15 13:27:11.859  7378  7829 D OPENHU  : [78] Companion.decrypt | RECV: AUDIO Media Data type: 0 flags: 11 size: 8202 dataOffset: 2
09-15 13:27:11.874  7378  7829 D OPENHU  : [78] Companion.decrypt | RECV: CONTROL Ping Request type: 11 flags: 11 size: 12 dataOffset: 2
09-15 13:27:11.875  7378  7829 V OPENHU  : [78] AapTransport.send | CONTROL Ping Response type: 12 flags: 11 size: 14 dataOffset: 6
09-15 13:27:11.900  7378  7829 D OPENHU  : [78] Companion.decrypt | RECV: AUDIO Media Data type: 0 flags: 11 size: 8202 dataOffset: 2
09-15 13:27:11.943  7378  7829 D OPENHU  : [78] Companion.decrypt | RECV: AUDIO Media Data type: 0 flags: 11 size: 8202 dataOffset: 2
09-15 13:27:11.987  7378  7829 D OPENHU  : [78] Companion.decrypt | RECV: AUDIO Media Data type: 0 flags: 11 size: 8202 dataOffset: 2
09-15 13:27:11.993  7378  7378 V OPENHU  : [2] GpsLocation.onLocationChanged | GpsLocation: fix received
09-15 13:27:12.001  7378  7378 V OPENHU  : [2] AapTransport.send | SENSOR Sensor Event type: 32771 flags: 11 size: 46 dataOffset: 6
09-15 13:27:12.030  7378  7829 D OPENHU  : [78] Companion.decrypt | RECV: AUDIO Media Data type: 0 flags: 11 size: 8202 dataOffset: 2
09-15 13:27:12.071  7378  7829 D OPENHU  : [78] Companion.decrypt | RECV: AUDIO Media Data type: 0 flags: 11 size: 8202 dataOffset: 2
09-15 13:27:12.114  7378  7829 D OPENHU  : [78] Companion.decrypt | RECV: AUDIO Media Data type: 0 flags: 11 size: 8202 dataOffset: 2
09-15 13:27:12.157  7378  7829 D OPENHU  : [78] Companion.decrypt | RECV: AUDIO Media Data type: 0 flags: 11 size: 8202 dataOffset: 2
09-15 13:27:12.199  7378  7829 D OPENHU  : [78] Companion.decrypt | RECV: AUDIO Media Data type: 0 flags: 11 size: 8202 dataOffset: 2
09-15 13:27:12.242  7378  7829 D OPENHU  : [78] Companion.decrypt | RECV: AUDIO Media Data type: 0 flags: 11 size: 8202 dataOffset: 2
09-15 13:27:12.283  7378  7829 D OPENHU  : [78] Companion.decrypt | RECV: AUDIO Media Data type: 0 flags: 11 size: 8202 dataOffset: 2
09-15 13:27:12.327  7378  7829 D OPENHU  : [78] Companion.decrypt | RECV: AUDIO Media Data type: 0 flags: 11 size: 8202 dataOffset: 2
09-15 13:27:12.369  7378  7829 D OPENHU  : [78] Companion.decrypt | RECV: AUDIO Media Data type: 0 flags: 11 size: 8202 dataOffset: 2
09-15 13:27:12.411  7378  7829 D OPENHU  : [78] Companion.decrypt | RECV: AUDIO Media Data type: 0 flags: 11 size: 8202 dataOffset: 2
09-15 13:27:12.458  7378  7829 D OPENHU  : [78] Companion.decrypt | RECV: AUDIO Media Data type: 0 flags: 11 size: 8202 dataOffset: 2
09-15 13:27:12.499  7378  7829 D OPENHU  : [78] Companion.decrypt | RECV: AUDIO Media Data type: 0 flags: 11 size: 8202 dataOffset: 2
09-15 13:27:12.541  7378  7829 D OPENHU  : [78] Companion.decrypt | RECV: AUDIO Media Data type: 0 flags: 11 size: 8202 dataOffset: 2
09-15 13:27:12.547  7378  7829 D OPENHU  : [78] Companion.decrypt | RECV: MUSIC_PLAYBACK Media Playback Status type: 32769 flags: 11 size: 18 dataOffset: 2
09-15 13:27:12.549  7378  7829 D OPENHU  : [78] AapMediaPlayback.processStatusPacket | AapMediaPlayback: status mediaSource='VLC', playbackSeconds(u32)=170, state=PLAYING
09-15 13:27:12.583  7378  7829 D OPENHU  : [78] Companion.decrypt | RECV: AUDIO Media Data type: 0 flags: 11 size: 8202 dataOffset: 2
09-15 13:27:12.625  7378  7829 D OPENHU  : [78] Companion.decrypt | RECV: AUDIO Media Data type: 0 flags: 11 size: 8202 dataOffset: 2
09-15 13:27:12.671  7378  7829 D OPENHU  : [78] Companion.decrypt | RECV: AUDIO Media Data type: 0 flags: 11 size: 8202 dataOffset: 2
09-15 13:27:12.711  7378  7829 D OPENHU  : [78] Companion.decrypt | RECV: AUDIO Media Data type: 0 flags: 11 size: 8202 dataOffset: 2
09-15 13:27:12.752  7378  7829 D OPENHU  : [78] Companion.decrypt | RECV: AUDIO Media Data type: 0 flags: 11 size: 8202 dataOffset: 2
09-15 13:27:12.795  7378  7829 D OPENHU  : [78] Companion.decrypt | RECV: AUDIO Media Data type: 0 flags: 11 size: 8202 dataOffset: 2
09-15 13:27:12.839  7378  7829 D OPENHU  : [78] Companion.decrypt | RECV: AUDIO Media Data type: 0 flags: 11 size: 8202 dataOffset: 2
09-15 13:27:12.874  7378  7829 D OPENHU  : [78] Companion.decrypt | RECV: CONTROL Ping Request type: 11 flags: 11 size: 12 dataOffset: 2
09-15 13:27:12.875  7378  7829 V OPENHU  : [78] AapTransport.send | CONTROL Ping Response type: 12 flags: 11 size: 14 dataOffset: 6
09-15 13:27:12.880  7378  7829 D OPENHU  : [78] Companion.decrypt | RECV: AUDIO Media Data type: 0 flags: 11 size: 8202 dataOffset: 2
09-15 13:27:12.927  7378  7829 D OPENHU  : [78] Companion.decrypt | RECV: AUDIO Media Data type: 0 flags: 11 size: 8202 dataOffset: 2
09-15 13:27:12.965  7378  7829 D OPENHU  : [78] Companion.decrypt | RECV: AUDIO Media Data type: 0 flags: 11 size: 8202 dataOffset: 2
09-15 13:27:13.010  7378  7829 D OPENHU  : [78] Companion.decrypt | RECV: AUDIO Media Data type: 0 flags: 11 size: 8202 dataOffset: 2
09-15 13:27:13.011  7378  7378 V OPENHU  : [2] GpsLocation.onLocationChanged | GpsLocation: fix received
09-15 13:27:13.022  7378  7378 V OPENHU  : [2] AapTransport.send | SENSOR Sensor Event type: 32771 flags: 11 size: 46 dataOffset: 6
09-15 13:27:13.052  7378  7829 D OPENHU  : [78] Companion.decrypt | RECV: AUDIO Media Data type: 0 flags: 11 size: 8202 dataOffset: 2
09-15 13:27:13.094  7378  7829 D OPENHU  : [78] Companion.decrypt | RECV: AUDIO Media Data type: 0 flags: 11 size: 8202 dataOffset: 2
09-15 13:27:13.140  7378  7829 D OPENHU  : [78] Companion.decrypt | RECV: AUDIO Media Data type: 0 flags: 11 size: 8202 dataOffset: 2
09-15 13:27:13.180  7378  7829 D OPENHU  : [78] Companion.decrypt | RECV: AUDIO Media Data type: 0 flags: 11 size: 8202 dataOffset: 2
09-15 13:27:13.223  7378  7829 D OPENHU  : [78] Companion.decrypt | RECV: AUDIO Media Data type: 0 flags: 11 size: 8202 dataOffset: 2
09-15 13:27:13.265  7378  7829 D OPENHU  : [78] Companion.decrypt | RECV: AUDIO Media Data type: 0 flags: 11 size: 8202 dataOffset: 2
09-15 13:27:13.309  7378  7829 D OPENHU  : [78] Companion.decrypt | RECV: AUDIO Media Data type: 0 flags: 11 size: 8202 dataOffset: 2
09-15 13:27:13.352  7378  7829 D OPENHU  : [78] Companion.decrypt | RECV: AUDIO Media Data type: 0 flags: 11 size: 8202 dataOffset: 2
09-15 13:27:13.392  7378  7829 D OPENHU  : [78] Companion.decrypt | RECV: AUDIO Media Data type: 0 flags: 11 size: 8202 dataOffset: 2
09-15 13:27:13.436  7378  7829 D OPENHU  : [78] Companion.decrypt | RECV: AUDIO Media Data type: 0 flags: 11 size: 8202 dataOffset: 2
09-15 13:27:13.478  7378  7829 D OPENHU  : [78] Companion.decrypt | RECV: AUDIO Media Data type: 0 flags: 11 size: 8202 dataOffset: 2
09-15 13:27:13.520  7378  7829 D OPENHU  : [78] Companion.decrypt | RECV: AUDIO Media Data type: 0 flags: 11 size: 8202 dataOffset: 2
09-15 13:27:13.545  7378  7829 D OPENHU  : [78] Companion.decrypt | RECV: MUSIC_PLAYBACK Media Playback Status type: 32769 flags: 11 size: 18 dataOffset: 2
09-15 13:27:13.546  7378  7829 D OPENHU  : [78] AapMediaPlayback.processStatusPacket | AapMediaPlayback: status mediaSource='VLC', playbackSeconds(u32)=171, state=PLAYING
09-15 13:27:13.564  7378  7829 D OPENHU  : [78] Companion.decrypt | RECV: AUDIO Media Data type: 0 flags: 11 size: 8202 dataOffset: 2
09-15 13:27:13.564  7378  7829 I OPENHU  : [78] AapTransport.noteMessageReceived$com_andrerinas_headunitrevived_3_4_0_beta3_githubDebug | AapTransport: inbound rate over 30010ms: video=47kB/s (1025 msgs), audio=187kB/s (704 msgs), other=0kB/s (60 msgs)
09-15 13:27:13.607  7378  7829 D OPENHU  : [78] Companion.decrypt | RECV: AUDIO Media Data type: 0 flags: 11 size: 8202 dataOffset: 2
09-15 13:27:13.620  7378  7829 I OPENHU  : [78] AapMessageHandlerType.handle | AapTransport: transport dispatch over 30006ms: video=1067ms, audio=873ms, other=79ms, unread=6%, blocks=0, longest=4ms on AUDIO, videoQueue=1
09-15 13:27:13.649  7378  7829 D OPENHU  : [78] Companion.decrypt | RECV: AUDIO Media Data type: 0 flags: 11 size: 8202 dataOffset: 2
09-15 13:27:13.692  7378  7829 D OPENHU  : [78] Companion.decrypt | RECV: AUDIO Media Data type: 0 flags: 11 size: 8202 dataOffset: 2
09-15 13:27:13.737  7378  7829 D OPENHU  : [78] Companion.decrypt | RECV: AUDIO Media Data type: 0 flags: 11 size: 8202 dataOffset: 2
09-15 13:27:13.778  7378  7829 D OPENHU  : [78] Companion.decrypt | RECV: AUDIO Media Data type: 0 flags: 11 size: 8202 dataOffset: 2
09-15 13:27:13.820  7378  7829 D OPENHU  : [78] Companion.decrypt | RECV: AUDIO Media Data type: 0 flags: 11 size: 8202 dataOffset: 2
09-15 13:27:13.864  7378  7829 D OPENHU  : [78] Companion.decrypt | RECV: AUDIO Media Data type: 0 flags: 11 size: 8202 dataOffset: 2
09-15 13:27:13.874  7378  7829 D OPENHU  : [78] Companion.decrypt | RECV: CONTROL Ping Request type: 11 flags: 11 size: 12 dataOffset: 2
09-15 13:27:13.875  7378  7829 V OPENHU  : [78] AapTransport.send | CONTROL Ping Response type: 12 flags: 11 size: 14 dataOffset: 6
09-15 13:27:13.905  7378  7829 D OPENHU  : [78] Companion.decrypt | RECV: AUDIO Media Data type: 0 flags: 11 size: 8202 dataOffset: 2
09-15 13:27:13.949  7378  7829 D OPENHU  : [78] Companion.decrypt | RECV: AUDIO Media Data type: 0 flags: 11 size: 8202 dataOffset: 2
09-15 13:27:13.991  7378  7829 D OPENHU  : [78] Companion.decrypt | RECV: AUDIO Media Data type: 0 flags: 11 size: 8202 dataOffset: 2
09-15 13:27:14.000  7378  7378 V OPENHU  : [2] GpsLocation.onLocationChanged | GpsLocation: fix received
09-15 13:27:14.032  7378  7378 V OPENHU  : [2] AapTransport.send | SENSOR Sensor Event type: 32771 flags: 11 size: 46 dataOffset: 6
09-15 13:27:14.034  7378  7829 D OPENHU  : [78] Companion.decrypt | RECV: AUDIO Media Data type: 0 flags: 11 size: 8202 dataOffset: 2
09-15 13:27:14.076  7378  7829 D OPENHU  : [78] Companion.decrypt | RECV: AUDIO Media Data type: 0 flags: 11 size: 8202 dataOffset: 2
09-15 13:27:14.121  7378  7829 D OPENHU  : [78] Companion.decrypt | RECV: AUDIO Media Data type: 0 flags: 11 size: 8202 dataOffset: 2
09-15 13:27:14.165  7378  7829 D OPENHU  : [78] Companion.decrypt | RECV: AUDIO Media Data type: 0 flags: 11 size: 8202 dataOffset: 2
09-15 13:27:14.206  7378  7829 D OPENHU  : [78] Companion.decrypt | RECV: AUDIO Media Data type: 0 flags: 11 size: 8202 dataOffset: 2
09-15 13:27:14.209  7378  7850 I OPENHU  : [84] AudioTrackWrapper.sampleHealth | audio sink AUDIO over 30024ms: underruns=0, silentCycles=0, rebanks=0, dropped=0, droppedFrames=0, shed=0, depth=253ms (min 66ms), queued=0, capacity=0 frames (0ms), effective=0 frames (0ms), target=7808 frames (162ms), drift=0ms
09-15 13:27:14.247  7378  7829 D OPENHU  : [78] Companion.decrypt | RECV: AUDIO Media Data type: 0 flags: 11 size: 8202 dataOffset: 2
09-15 13:27:14.291  7378  7829 D OPENHU  : [78] Companion.decrypt | RECV: AUDIO Media Data type: 0 flags: 11 size: 8202 dataOffset: 2
09-15 13:27:14.316  7378  7848 I OPENHU  : [82] AudioTrackWrapper.sampleHealth | audio sink AUDIO2 over 30105ms: underruns=0, silentCycles=1510, rebanks=0, dropped=0, droppedFrames=0, shed=0, depth=0ms (min 0ms), queued=0, capacity=0 frames (0ms), effective=0 frames (0ms), target=6720 frames (420ms), drift=0ms
09-15 13:27:14.329  7378  7849 I OPENHU  : [83] AudioTrackWrapper.sampleHealth | audio sink AUDIO1 over 30104ms: underruns=0, silentCycles=1500, rebanks=0, dropped=0, droppedFrames=0, shed=0, depth=0ms (min 0ms), queued=0, capacity=0 frames (0ms), effective=0 frames (0ms), target=6720 frames (420ms), drift=0ms
09-15 13:27:14.332  7378  7829 D OPENHU  : [78] Companion.decrypt | RECV: AUDIO Media Data type: 0 flags: 11 size: 8202 dataOffset: 2
09-15 13:27:14.375  7378  7829 D OPENHU  : [78] Companion.decrypt | RECV: AUDIO Media Data type: 0 flags: 11 size: 8202 dataOffset: 2
09-15 13:27:14.417  7378  7829 D OPENHU  : [78] Companion.decrypt | RECV: AUDIO Media Data type: 0 flags: 11 size: 8202 dataOffset: 2
09-15 13:27:14.464  7378  7829 D OPENHU  : [78] Companion.decrypt | RECV: AUDIO Media Data type: 0 flags: 11 size: 8202 dataOffset: 2
09-15 13:27:14.504  7378  7829 D OPENHU  : [78] Companion.decrypt | RECV: AUDIO Media Data type: 0 flags: 11 size: 8202 dataOffset: 2
09-15 13:27:14.547  7378  7829 D OPENHU  : [78] Companion.decrypt | RECV: AUDIO Media Data type: 0 flags: 11 size: 8202 dataOffset: 2
09-15 13:27:14.551  7378  7829 D OPENHU  : [78] Companion.decrypt | RECV: MUSIC_PLAYBACK Media Playback Status type: 32769 flags: 11 size: 18 dataOffset: 2
09-15 13:27:14.552  7378  7829 D OPENHU  : [78] AapMediaPlayback.processStatusPacket | AapMediaPlayback: status mediaSource='VLC', playbackSeconds(u32)=172, state=PLAYING
09-15 13:27:14.589  7378  7829 D OPENHU  : [78] Companion.decrypt | RECV: AUDIO Media Data type: 0 flags: 11 size: 8202 dataOffset: 2
09-15 13:27:14.631  7378  7829 D OPENHU  : [78] Companion.decrypt | RECV: AUDIO Media Data type: 0 flags: 11 size: 8202 dataOffset: 2
09-15 13:27:14.673  7378  7829 D OPENHU  : [78] Companion.decrypt | RECV: AUDIO Media Data type: 0 flags: 11 size: 8202 dataOffset: 2
09-15 13:27:14.716  7378  7829 D OPENHU  : [78] Companion.decrypt | RECV: AUDIO Media Data type: 0 flags: 11 size: 8202 dataOffset: 2
09-15 13:27:14.716  7378  7862 I OPENHU  : [87] VideoDecoder.logThroughput | Throughput over 5003ms: rendered=179 (35fps), fed=179 (35fps), dropped=0, skipped=0, concealed=0, inputWait=73ms, enqueueWait=0ms, codec=c2.unisoc.avc.decoder, presented=179 (35fps), decodeLatency=9ms p95=12ms (179 frames)
09-15 13:27:14.758  7378  7829 D OPENHU  : [78] Companion.decrypt | RECV: AUDIO Media Data type: 0 flags: 11 size: 8202 dataOffset: 2
09-15 13:27:14.802  7378  7829 D OPENHU  : [78] Companion.decrypt | RECV: AUDIO Media Data type: 0 flags: 11 size: 8202 dataOffset: 2
09-15 13:27:14.844  7378  7829 D OPENHU  : [78] Companion.decrypt | RECV: AUDIO Media Data type: 0 flags: 11 size: 8202 dataOffset: 2
09-15 13:27:14.875  7378  7829 D OPENHU  : [78] Companion.decrypt | RECV: CONTROL Ping Request type: 11 flags: 11 size: 12 dataOffset: 2
09-15 13:27:14.876  7378  7829 V OPENHU  : [78] AapTransport.send | CONTROL Ping Response type: 12 flags: 11 size: 14 dataOffset: 6
09-15 13:27:14.887  7378  7829 D OPENHU  : [78] Companion.decrypt | RECV: AUDIO Media Data type: 0 flags: 11 size: 8202 dataOffset: 2
09-15 13:27:14.930  7378  7829 D OPENHU  : [78] Companion.decrypt | RECV: AUDIO Media Data type: 0 flags: 11 size: 8202 dataOffset: 2
09-15 13:27:14.972  7378  7829 D OPENHU  : [78] Companion.decrypt | RECV: AUDIO Media Data type: 0 flags: 11 size: 8202 dataOffset: 2
09-15 13:27:15.015  7378  7829 D OPENHU  : [78] Companion.decrypt | RECV: AUDIO Media Data type: 0 flags: 11 size: 8202 dataOffset: 2
09-15 13:27:15.022  7378  7378 V OPENHU  : [2] GpsLocation.onLocationChanged | GpsLocation: fix received
09-15 13:27:15.035  7378  7378 V OPENHU  : [2] AapTransport.send | SENSOR Sensor Event type: 32771 flags: 11 size: 46 dataOffset: 6
09-15 13:27:15.057  7378  7829 D OPENHU  : [78] Companion.decrypt | RECV: AUDIO Media Data type: 0 flags: 11 size: 8202 dataOffset: 2
09-15 13:27:15.101  7378  7829 D OPENHU  : [78] Companion.decrypt | RECV: AUDIO Media Data type: 0 flags: 11 size: 8202 dataOffset: 2
09-15 13:27:15.113  7378  7378 I OPENHU  : [2] TextureProjectionView.onSurfaceTextureUpdated | TextureProjectionView: displayed 150 frames in 5000ms (30fps), longFrames=1
09-15 13:27:15.149  7378  7829 D OPENHU  : [78] Companion.decrypt | RECV: AUDIO Media Data type: 0 flags: 11 size: 8202 dataOffset: 2
09-15 13:27:15.186  7378  7829 D OPENHU  : [78] Companion.decrypt | RECV: AUDIO Media Data type: 0 flags: 11 size: 8202 dataOffset: 2
09-15 13:27:15.229  7378  7829 D OPENHU  : [78] Companion.decrypt | RECV: AUDIO Media Data type: 0 flags: 11 size: 8202 dataOffset: 2
09-15 13:27:15.271  7378  7829 D OPENHU  : [78] Companion.decrypt | RECV: AUDIO Media Data type: 0 flags: 11 size: 8202 dataOffset: 2
09-15 13:27:15.314  7378  7829 D OPENHU  : [78] Companion.decrypt | RECV: AUDIO Media Data type: 0 flags: 11 size: 8202 dataOffset: 2
09-15 13:27:15.356  7378  7829 D OPENHU  : [78] Companion.decrypt | RECV: AUDIO Media Data type: 0 flags: 11 size: 8202 dataOffset: 2
09-15 13:27:15.401  7378  7829 D OPENHU  : [78] Companion.decrypt | RECV: AUDIO Media Data type: 0 flags: 11 size: 8202 dataOffset: 2
09-15 13:27:15.443  7378  7829 D OPENHU  : [78] Companion.decrypt | RECV: AUDIO Media Data type: 0 flags: 11 size: 8202 dataOffset: 2
09-15 13:27:15.486  7378  7829 D OPENHU  : [78] Companion.decrypt | RECV: AUDIO Media Data type: 0 flags: 11 size: 8202 dataOffset: 2
09-15 13:27:15.527  7378  7829 D OPENHU  : [78] Companion.decrypt | RECV: AUDIO Media Data type: 0 flags: 11 size: 8202 dataOffset: 2
09-15 13:27:15.552  7378  7829 D OPENHU  : [78] Companion.decrypt | RECV: MUSIC_PLAYBACK Media Playback Status type: 32769 flags: 11 size: 18 dataOffset: 2
09-15 13:27:15.552  7378  7829 D OPENHU  : [78] AapMediaPlayback.processStatusPacket | AapMediaPlayback: status mediaSource='VLC', playbackSeconds(u32)=173, state=PLAYING
09-15 13:27:15.569  7378  7829 D OPENHU  : [78] Companion.decrypt | RECV: AUDIO Media Data type: 0 flags: 11 size: 8202 dataOffset: 2
09-15 13:27:15.612  7378  7829 D OPENHU  : [78] Companion.decrypt | RECV: AUDIO Media Data type: 0 flags: 11 size: 8202 dataOffset: 2
09-15 13:27:15.653  7378  7829 D OPENHU  : [78] Companion.decrypt | RECV: AUDIO Media Data type: 0 flags: 11 size: 8202 dataOffset: 2
09-15 13:27:15.699  7378  7829 D OPENHU  : [78] Companion.decrypt | RECV: AUDIO Media Data type: 0 flags: 11 size: 8202 dataOffset: 2
09-15 13:27:15.741  7378  7829 D OPENHU  : [78] Companion.decrypt | RECV: AUDIO Media Data type: 0 flags: 11 size: 8202 dataOffset: 2
09-15 13:27:15.783  7378  7829 D OPENHU  : [78] Companion.decrypt | RECV: AUDIO Media Data type: 0 flags: 11 size: 8202 dataOffset: 2
09-15 13:27:15.826  7378  7829 D OPENHU  : [78] Companion.decrypt | RECV: AUDIO Media Data type: 0 flags: 11 size: 8202 dataOffset: 2
09-15 13:27:15.870  7378  7829 D OPENHU  : [78] Companion.decrypt | RECV: AUDIO Media Data type: 0 flags: 11 size: 8202 dataOffset: 2
09-15 13:27:15.877  7378  7829 D OPENHU  : [78] Companion.decrypt | RECV: CONTROL Ping Request type: 11 flags: 11 size: 12 dataOffset: 2
09-15 13:27:15.878  7378  7829 V OPENHU  : [78] AapTransport.send | CONTROL Ping Response type: 12 flags: 11 size: 14 dataOffset: 6
09-15 13:27:15.911  7378  7829 D OPENHU  : [78] Companion.decrypt | RECV: AUDIO Media Data type: 0 flags: 11 size: 8202 dataOffset: 2
09-15 13:27:15.954  7378  7829 D OPENHU  : [78] Companion.decrypt | RECV: AUDIO Media Data type: 0 flags: 11 size: 8202 dataOffset: 2
09-15 13:27:15.994  7378  7378 V OPENHU  : [2] GpsLocation.onLocationChanged | GpsLocation: fix received
09-15 13:27:15.997  7378  7829 D OPENHU  : [78] Companion.decrypt | RECV: AUDIO Media Data type: 0 flags: 11 size: 8202 dataOffset: 2
09-15 13:27:16.002  7378  7378 V OPENHU  : [2] AapTransport.send | SENSOR Sensor Event type: 32771 flags: 11 size: 46 dataOffset: 6
09-15 13:27:16.039  7378  7829 D OPENHU  : [78] Companion.decrypt | RECV: AUDIO Media Data type: 0 flags: 11 size: 8202 dataOffset: 2
09-15 13:27:16.083  7378  7829 D OPENHU  : [78] Companion.decrypt | RECV: AUDIO Media Data type: 0 flags: 11 size: 8202 dataOffset: 2
09-15 13:27:16.124  7378  7829 D OPENHU  : [78] Companion.decrypt | RECV: AUDIO Media Data type: 0 flags: 11 size: 8202 dataOffset: 2
09-15 13:27:16.168  7378  7829 D OPENHU  : [78] Companion.decrypt | RECV: AUDIO Media Data type: 0 flags: 11 size: 8202 dataOffset: 2
09-15 13:27:16.208  7378  7829 D OPENHU  : [78] Companion.decrypt | RECV: AUDIO Media Data type: 0 flags: 11 size: 8202 dataOffset: 2
09-15 13:27:16.253  7378  7829 D OPENHU  : [78] Companion.decrypt | RECV: AUDIO Media Data type: 0 flags: 11 size: 8202 dataOffset: 2
09-15 13:27:16.295  7378  7829 D OPENHU  : [78] Companion.decrypt | RECV: AUDIO Media Data type: 0 flags: 11 size: 8202 dataOffset: 2
09-15 13:27:16.340  7378  7829 D OPENHU  : [78] Companion.decrypt | RECV: AUDIO Media Data type: 0 flags: 11 size: 8202 dataOffset: 2
09-15 13:27:16.383  7378  7829 D OPENHU  : [78] Companion.decrypt | RECV: AUDIO Media Data type: 0 flags: 11 size: 8202 dataOffset: 2
09-15 13:27:16.424  7378  7829 D OPENHU  : [78] Companion.decrypt | RECV: AUDIO Media Data type: 0 flags: 11 size: 8202 dataOffset: 2
09-15 13:27:16.468  7378  7829 D OPENHU  : [78] Companion.decrypt | RECV: AUDIO Media Data type: 0 flags: 11 size: 8202 dataOffset: 2
09-15 13:27:16.511  7378  7829 D OPENHU  : [78] Companion.decrypt | RECV: AUDIO Media Data type: 0 flags: 11 size: 8202 dataOffset: 2
09-15 13:27:16.553  7378  7829 D OPENHU  : [78] Companion.decrypt | RECV: AUDIO Media Data type: 0 flags: 11 size: 8202 dataOffset: 2
09-15 13:27:16.559  7378  7829 D OPENHU  : [78] Companion.decrypt | RECV: MUSIC_PLAYBACK Media Playback Status type: 32769 flags: 11 size: 18 dataOffset: 2
09-15 13:27:16.561  7378  7829 D OPENHU  : [78] AapMediaPlayback.processStatusPacket | AapMediaPlayback: status mediaSource='VLC', playbackSeconds(u32)=174, state=PLAYING
09-15 13:27:16.593  7378  7829 D OPENHU  : [78] Companion.decrypt | RECV: AUDIO Media Data type: 0 flags: 11 size: 8202 dataOffset: 2
09-15 13:27:16.636  7378  7829 D OPENHU  : [78] Companion.decrypt | RECV: AUDIO Media Data type: 0 flags: 11 size: 8202 dataOffset: 2
09-15 13:27:16.680  7378  7829 D OPENHU  : [78] Companion.decrypt | RECV: AUDIO Media Data type: 0 flags: 11 size: 8202 dataOffset: 2
09-15 13:27:16.722  7378  7829 D OPENHU  : [78] Companion.decrypt | RECV: AUDIO Media Data type: 0 flags: 11 size: 8202 dataOffset: 2
09-15 13:27:16.766  7378  7829 D OPENHU  : [78] Companion.decrypt | RECV: AUDIO Media Data type: 0 flags: 11 size: 8202 dataOffset: 2
09-15 13:27:16.807  7378  7829 D OPENHU  : [78] Companion.decrypt | RECV: AUDIO Media Data type: 0 flags: 11 size: 8202 dataOffset: 2
09-15 13:27:16.848  7378  7829 D OPENHU  : [78] Companion.decrypt | RECV: AUDIO Media Data type: 0 flags: 11 size: 8202 dataOffset: 2
09-15 13:27:16.879  7378  7829 D OPENHU  : [78] Companion.decrypt | RECV: CONTROL Ping Request type: 11 flags: 11 size: 12 dataOffset: 2
09-15 13:27:16.880  7378  7829 V OPENHU  : [78] AapTransport.send | CONTROL Ping Response type: 12 flags: 11 size: 14 dataOffset: 6
09-15 13:27:16.893  7378  7829 D OPENHU  : [78] Companion.decrypt | RECV: AUDIO Media Data type: 0 flags: 11 size: 8202 dataOffset: 2
09-15 13:27:16.936  7378  7829 D OPENHU  : [78] Companion.decrypt | RECV: AUDIO Media Data type: 0 flags: 11 size: 8202 dataOffset: 2
09-15 13:27:16.981  7378  7829 D OPENHU  : [78] Companion.decrypt | RECV: AUDIO Media Data type: 0 flags: 11 size: 8202 dataOffset: 2
09-15 13:27:17.014  7378  7378 V OPENHU  : [2] GpsLocation.onLocationChanged | GpsLocation: fix received
09-15 13:27:17.021  7378  7378 V OPENHU  : [2] AapTransport.send | SENSOR Sensor Event type: 32771 flags: 11 size: 46 dataOffset: 6
09-15 13:27:17.022  7378  7829 D OPENHU  : [78] Companion.decrypt | RECV: AUDIO Media Data type: 0 flags: 11 size: 8202 dataOffset: 2
09-15 13:27:17.066  7378  7829 D OPENHU  : [78] Companion.decrypt | RECV: AUDIO Media Data type: 0 flags: 11 size: 8202 dataOffset: 2
09-15 13:27:17.108  7378  7829 D OPENHU  : [78] Companion.decrypt | RECV: AUDIO Media Data type: 0 flags: 11 size: 8202 dataOffset: 2
09-15 13:27:17.150  7378  7829 D OPENHU  : [78] Companion.decrypt | RECV: AUDIO Media Data type: 0 flags: 11 size: 8202 dataOffset: 2
09-15 13:27:17.192  7378  7829 D OPENHU  : [78] Companion.decrypt | RECV: AUDIO Media Data type: 0 flags: 11 size: 8202 dataOffset: 2
09-15 13:27:17.233  7378  7829 D OPENHU  : [78] Companion.decrypt | RECV: AUDIO Media Data type: 0 flags: 11 size: 8202 dataOffset: 2
09-15 13:27:17.277  7378  7829 D OPENHU  : [78] Companion.decrypt | RECV: AUDIO Media Data type: 0 flags: 11 size: 8202 dataOffset: 2
09-15 13:27:17.320  7378  7829 D OPENHU  : [78] Companion.decrypt | RECV: AUDIO Media Data type: 0 flags: 11 size: 8202 dataOffset: 2
09-15 13:27:17.362  7378  7829 D OPENHU  : [78] Companion.decrypt | RECV: AUDIO Media Data type: 0 flags: 11 size: 8202 dataOffset: 2
09-15 13:27:17.404  7378  7829 D OPENHU  : [78] Companion.decrypt | RECV: AUDIO Media Data type: 0 flags: 11 size: 8202 dataOffset: 2
09-15 13:27:17.447  7378  7829 D OPENHU  : [78] Companion.decrypt | RECV: AUDIO Media Data type: 0 flags: 11 size: 8202 dataOffset: 2
09-15 13:27:17.490  7378  7829 D OPENHU  : [78] Companion.decrypt | RECV: AUDIO Media Data type: 0 flags: 11 size: 8202 dataOffset: 2
09-15 13:27:17.533  7378  7829 D OPENHU  : [78] Companion.decrypt | RECV: AUDIO Media Data type: 0 flags: 11 size: 8202 dataOffset: 2
09-15 13:27:17.556  7378  7829 D OPENHU  : [78] Companion.decrypt | RECV: MUSIC_PLAYBACK Media Playback Status type: 32769 flags: 11 size: 18 dataOffset: 2
09-15 13:27:17.557  7378  7829 D OPENHU  : [78] AapMediaPlayback.processStatusPacket | AapMediaPlayback: status mediaSource='VLC', playbackSeconds(u32)=175, state=PLAYING
09-15 13:27:17.575  7378  7829 D OPENHU  : [78] Companion.decrypt | RECV: AUDIO Media Data type: 0 flags: 11 size: 8202 dataOffset: 2
09-15 13:27:17.618  7378  7829 D OPENHU  : [78] Companion.decrypt | RECV: AUDIO Media Data type: 0 flags: 11 size: 8202 dataOffset: 2
09-15 13:27:17.662  7378  7829 D OPENHU  : [78] Companion.decrypt | RECV: AUDIO Media Data type: 0 flags: 11 size: 8202 dataOffset: 2
09-15 13:27:17.708  7378  7829 D OPENHU  : [78] Companion.decrypt | RECV: AUDIO Media Data type: 0 flags: 11 size: 8202 dataOffset: 2
09-15 13:27:17.749  7378  7829 D OPENHU  : [78] Companion.decrypt | RECV: AUDIO Media Data type: 0 flags: 11 size: 8202 dataOffset: 2
09-15 13:27:17.790  7378  7829 D OPENHU  : [78] Companion.decrypt | RECV: AUDIO Media Data type: 0 flags: 11 size: 8202 dataOffset: 2
09-15 13:27:17.831  7378  7829 D OPENHU  : [78] Companion.decrypt | RECV: AUDIO Media Data type: 0 flags: 11 size: 8202 dataOffset: 2
09-15 13:27:17.873  7378  7829 D OPENHU  : [78] Companion.decrypt | RECV: AUDIO Media Data type: 0 flags: 11 size: 8202 dataOffset: 2
09-15 13:27:17.880  7378  7829 D OPENHU  : [78] Companion.decrypt | RECV: CONTROL Ping Request type: 11 flags: 11 size: 12 dataOffset: 2
09-15 13:27:17.880  7378  7829 V OPENHU  : [78] AapTransport.send | CONTROL Ping Response type: 12 flags: 11 size: 14 dataOffset: 6
09-15 13:27:17.916  7378  7829 D OPENHU  : [78] Companion.decrypt | RECV: AUDIO Media Data type: 0 flags: 11 size: 8202 dataOffset: 2
09-15 13:27:17.958  7378  7829 D OPENHU  : [78] Companion.decrypt | RECV: AUDIO Media Data type: 0 flags: 11 size: 8202 dataOffset: 2
09-15 13:27:17.994  7378  7378 V OPENHU  : [2] GpsLocation.onLocationChanged | GpsLocation: fix received
09-15 13:27:18.001  7378  7829 D OPENHU  : [78] Companion.decrypt | RECV: AUDIO Media Data type: 0 flags: 11 size: 8202 dataOffset: 2
09-15 13:27:18.004  7378  7378 V OPENHU  : [2] AapTransport.send | SENSOR Sensor Event type: 32771 flags: 11 size: 46 dataOffset: 6
09-15 13:27:18.044  7378  7829 D OPENHU  : [78] Companion.decrypt | RECV: AUDIO Media Data type: 0 flags: 11 size: 8202 dataOffset: 2
09-15 13:27:18.087  7378  7829 D OPENHU  : [78] Companion.decrypt | RECV: AUDIO Media Data type: 0 flags: 11 size: 8202 dataOffset: 2
09-15 13:27:18.143  7378  7829 D OPENHU  : [78] Companion.decrypt | RECV: AUDIO Media Data type: 0 flags: 11 size: 8202 dataOffset: 2
09-15 13:27:18.172  7378  7829 D OPENHU  : [78] Companion.decrypt | RECV: AUDIO Media Data type: 0 flags: 11 size: 8202 dataOffset: 2
09-15 13:27:18.242  7378  7829 D OPENHU  : [78] Companion.decrypt | RECV: AUDIO Media Data type: 0 flags: 11 size: 8202 dataOffset: 2
09-15 13:27:18.256  7378  7829 D OPENHU  : [78] Companion.decrypt | RECV: AUDIO Media Data type: 0 flags: 11 size: 8202 dataOffset: 2
09-15 13:27:18.303  7378  7829 D OPENHU  : [78] Companion.decrypt | RECV: AUDIO Media Data type: 0 flags: 11 size: 8202 dataOffset: 2
09-15 13:27:18.343  7378  7829 D OPENHU  : [78] Companion.decrypt | RECV: AUDIO Media Data type: 0 flags: 11 size: 8202 dataOffset: 2
09-15 13:27:18.387  7378  7829 D OPENHU  : [78] Companion.decrypt | RECV: AUDIO Media Data type: 0 flags: 11 size: 8202 dataOffset: 2
09-15 13:27:18.429  7378  7829 D OPENHU  : [78] Companion.decrypt | RECV: AUDIO Media Data type: 0 flags: 11 size: 8202 dataOffset: 2
09-15 13:27:18.502  7378  7829 D OPENHU  : [78] Companion.decrypt | RECV: AUDIO Media Data type: 0 flags: 11 size: 8202 dataOffset: 2
09-15 13:27:18.545  7378  7829 D OPENHU  : [78] Companion.decrypt | RECV: AUDIO Media Data type: 0 flags: 11 size: 8202 dataOffset: 2
09-15 13:27:18.589  7378  7829 D OPENHU  : [78] Companion.decrypt | RECV: AUDIO Media Data type: 0 flags: 11 size: 8202 dataOffset: 2
09-15 13:27:18.667  7378  7829 D OPENHU  : [78] Companion.decrypt | RECV: MUSIC_PLAYBACK Media Playback Status type: 32769 flags: 11 size: 18 dataOffset: 2
09-15 13:27:18.668  7378  7829 D OPENHU  : [78] AapMediaPlayback.processStatusPacket | AapMediaPlayback: status mediaSource='VLC', playbackSeconds(u32)=176, state=PLAYING
09-15 13:27:18.670  7378  7829 D OPENHU  : [78] Companion.decrypt | RECV: AUDIO Media Data type: 0 flags: 11 size: 8202 dataOffset: 2
09-15 13:27:18.673  7378  7829 D OPENHU  : [78] Companion.decrypt | RECV: AUDIO Media Data type: 0 flags: 11 size: 8202 dataOffset: 2
09-15 13:27:18.686  7378  7829 D OPENHU  : [78] Companion.decrypt | RECV: AUDIO Media Data type: 0 flags: 11 size: 8202 dataOffset: 2
09-15 13:27:18.751  7378  7829 D OPENHU  : [78] Companion.decrypt | RECV: AUDIO Media Data type: 0 flags: 11 size: 8202 dataOffset: 2
09-15 13:27:18.770  7378  7829 D OPENHU  : [78] Companion.decrypt | RECV: AUDIO Media Data type: 0 flags: 11 size: 8202 dataOffset: 2
09-15 13:27:18.849  7378  7829 D OPENHU  : [78] Companion.decrypt | RECV: AUDIO Media Data type: 0 flags: 11 size: 8202 dataOffset: 2
09-15 13:27:18.855  7378  7829 D OPENHU  : [78] Companion.decrypt | RECV: AUDIO Media Data type: 0 flags: 11 size: 8202 dataOffset: 2
09-15 13:27:18.880  7378  7829 D OPENHU  : [78] Companion.decrypt | RECV: CONTROL Ping Request type: 11 flags: 11 size: 12 dataOffset: 2
09-15 13:27:18.881  7378  7829 V OPENHU  : [78] AapTransport.send | CONTROL Ping Response type: 12 flags: 11 size: 14 dataOffset: 6
09-15 13:27:18.899  7378  7829 D OPENHU  : [78] Companion.decrypt | RECV: AUDIO Media Data type: 0 flags: 11 size: 8202 dataOffset: 2
09-15 13:27:18.951  7378  7829 D OPENHU  : [78] Companion.decrypt | RECV: AUDIO Media Data type: 0 flags: 11 size: 8202 dataOffset: 2
09-15 13:27:18.983  7378  7829 D OPENHU  : [78] Companion.decrypt | RECV: AUDIO Media Data type: 0 flags: 11 size: 8202 dataOffset: 2
09-15 13:27:19.012  7378  7378 V OPENHU  : [2] GpsLocation.onLocationChanged | GpsLocation: fix received
09-15 13:27:19.020  7378  7378 V OPENHU  : [2] AapTransport.send | SENSOR Sensor Event type: 32771 flags: 11 size: 46 dataOffset: 6
09-15 13:27:19.056  7378  7829 D OPENHU  : [78] Companion.decrypt | RECV: AUDIO Media Data type: 0 flags: 11 size: 8202 dataOffset: 2
09-15 13:27:19.068  7378  7829 D OPENHU  : [78] Companion.decrypt | RECV: AUDIO Media Data type: 0 flags: 11 size: 8202 dataOffset: 2
09-15 13:27:19.113  7378  7829 D OPENHU  : [78] Companion.decrypt | RECV: AUDIO Media Data type: 0 flags: 11 size: 8202 dataOffset: 2
09-15 13:27:19.169  7378  7829 D OPENHU  : [78] Companion.decrypt | RECV: AUDIO Media Data type: 0 flags: 11 size: 8202 dataOffset: 2
09-15 13:27:19.196  7378  7829 D OPENHU  : [78] Companion.decrypt | RECV: AUDIO Media Data type: 0 flags: 11 size: 8202 dataOffset: 2
09-15 13:27:19.265  7378  7829 D OPENHU  : [78] Companion.decrypt | RECV: AUDIO Media Data type: 0 flags: 11 size: 8202 dataOffset: 2
09-15 13:27:19.280  7378  7829 D OPENHU  : [78] Companion.decrypt | RECV: AUDIO Media Data type: 0 flags: 11 size: 8202 dataOffset: 2
09-15 13:27:19.366  7378  7829 D OPENHU  : [78] Companion.decrypt | RECV: AUDIO Media Data type: 0 flags: 11 size: 8202 dataOffset: 2
09-15 13:27:19.375  7378  7829 D OPENHU  : [78] Companion.decrypt | RECV: AUDIO Media Data type: 0 flags: 11 size: 8202 dataOffset: 2
09-15 13:27:19.411  7378  7829 D OPENHU  : [78] Companion.decrypt | RECV: AUDIO Media Data type: 0 flags: 11 size: 8202 dataOffset: 2
09-15 13:27:19.473  7378  7829 D OPENHU  : [78] Companion.decrypt | RECV: AUDIO Media Data type: 0 flags: 11 size: 8202 dataOffset: 2
09-15 13:27:19.496  7378  7829 D OPENHU  : [78] Companion.decrypt | RECV: AUDIO Media Data type: 0 flags: 11 size: 8202 dataOffset: 2
09-15 13:27:19.565  7378  7829 D OPENHU  : [78] Companion.decrypt | RECV: AUDIO Media Data type: 0 flags: 11 size: 8202 dataOffset: 2
09-15 13:27:19.571  7378  7829 D OPENHU  : [78] Companion.decrypt | RECV: MUSIC_PLAYBACK Media Playback Status type: 32769 flags: 11 size: 18 dataOffset: 2
09-15 13:27:19.572  7378  7829 D OPENHU  : [78] AapMediaPlayback.processStatusPacket | AapMediaPlayback: status mediaSource='VLC', playbackSeconds(u32)=177, state=PLAYING
09-15 13:27:19.581  7378  7829 D OPENHU  : [78] Companion.decrypt | RECV: AUDIO Media Data type: 0 flags: 11 size: 8202 dataOffset: 2
09-15 13:27:19.624  7378  7829 D OPENHU  : [78] Companion.decrypt | RECV: AUDIO Media Data type: 0 flags: 11 size: 8202 dataOffset: 2
09-15 13:27:19.674  7378  7829 D OPENHU  : [78] Companion.decrypt | RECV: AUDIO Media Data type: 0 flags: 11 size: 8202 dataOffset: 2
09-15 13:27:19.714  7378  7829 D OPENHU  : [78] Companion.decrypt | RECV: AUDIO Media Data type: 0 flags: 11 size: 8202 dataOffset: 2
09-15 13:27:19.722  7378  7862 I OPENHU  : [87] VideoDecoder.logThroughput | Throughput over 5005ms: rendered=149 (29fps), fed=150 (29fps), dropped=0, skipped=0, concealed=0, inputWait=72ms, enqueueWait=0ms, codec=c2.unisoc.avc.decoder, presented=149 (29fps), decodeLatency=9ms p95=13ms (149 frames)
09-15 13:27:19.772  7378  7829 D OPENHU  : [78] Companion.decrypt | RECV: AUDIO Media Data type: 0 flags: 11 size: 8202 dataOffset: 2
09-15 13:27:19.793  7378  7829 D OPENHU  : [78] Companion.decrypt | RECV: AUDIO Media Data type: 0 flags: 11 size: 8202 dataOffset: 2
09-15 13:27:19.877  7378  7829 D OPENHU  : [78] Companion.decrypt | RECV: AUDIO Media Data type: 0 flags: 11 size: 8202 dataOffset: 2
09-15 13:27:19.889  7378  7829 D OPENHU  : [78] Companion.decrypt | RECV: AUDIO Media Data type: 0 flags: 11 size: 8202 dataOffset: 2
09-15 13:27:19.892  7378  7829 D OPENHU  : [78] Companion.decrypt | RECV: CONTROL Ping Request type: 11 flags: 11 size: 12 dataOffset: 2
09-15 13:27:19.893  7378  7829 V OPENHU  : [78] AapTransport.send | CONTROL Ping Response type: 12 flags: 11 size: 14 dataOffset: 6
09-15 13:27:19.923  7378  7829 D OPENHU  : [78] Companion.decrypt | RECV: AUDIO Media Data type: 0 flags: 11 size: 8202 dataOffset: 2
09-15 13:27:19.981  7378  7829 D OPENHU  : [78] Companion.decrypt | RECV: AUDIO Media Data type: 0 flags: 11 size: 8202 dataOffset: 2
09-15 13:27:20.008  7378  7829 D OPENHU  : [78] Companion.decrypt | RECV: AUDIO Media Data type: 0 flags: 11 size: 8202 dataOffset: 2
09-15 13:27:20.017  7378  7378 V OPENHU  : [2] GpsLocation.onLocationChanged | GpsLocation: fix received
09-15 13:27:20.031  7378  7378 V OPENHU  : [2] AapTransport.send | SENSOR Sensor Event type: 32771 flags: 11 size: 46 dataOffset: 6
09-15 13:27:20.071  7378  7829 D OPENHU  : [78] Companion.decrypt | RECV: AUDIO Media Data type: 0 flags: 11 size: 8202 dataOffset: 2
09-15 13:27:20.096  7378  7829 D OPENHU  : [78] Companion.decrypt | RECV: AUDIO Media Data type: 0 flags: 11 size: 8202 dataOffset: 2
09-15 13:27:20.113  7378  7378 I OPENHU  : [2] TextureProjectionView.onSurfaceTextureUpdated | TextureProjectionView: displayed 118 frames in 5000ms (23fps), longFrames=1
09-15 13:27:20.138  7378  7829 D OPENHU  : [78] Companion.decrypt | RECV: AUDIO Media Data type: 0 flags: 11 size: 8202 dataOffset: 2
09-15 13:27:20.214  7378  7829 D OPENHU  : [78] Companion.decrypt | RECV: AUDIO Media Data type: 0 flags: 11 size: 8202 dataOffset: 2
09-15 13:27:20.408  7378  7829 D OPENHU  : [78] Companion.decrypt | RECV: AUDIO Media Data type: 0 flags: 11 size: 8202 dataOffset: 2
09-15 13:27:20.411  7378  7829 D OPENHU  : [78] Companion.decrypt | RECV: AUDIO Media Data type: 0 flags: 11 size: 8202 dataOffset: 2
09-15 13:27:20.415  7378  7829 D OPENHU  : [78] Companion.decrypt | RECV: AUDIO Media Data type: 0 flags: 11 size: 8202 dataOffset: 2
09-15 13:27:20.422  7378  7829 D OPENHU  : [78] Companion.decrypt | RECV: AUDIO Media Data type: 0 flags: 11 size: 8202 dataOffset: 2
09-15 13:27:20.426  7378  7829 D OPENHU  : [78] Companion.decrypt | RECV: AUDIO Media Data type: 0 flags: 11 size: 8202 dataOffset: 2
09-15 13:27:20.616  7378  7829 D OPENHU  : [78] Companion.decrypt | RECV: AUDIO Media Data type: 0 flags: 11 size: 8202 dataOffset: 2
09-15 13:27:20.626  7378  7829 D OPENHU  : [78] Companion.decrypt | RECV: AUDIO Media Data type: 0 flags: 11 size: 8202 dataOffset: 2
09-15 13:27:20.636  7378  7829 D OPENHU  : [78] Companion.decrypt | RECV: AUDIO Media Data type: 0 flags: 11 size: 8202 dataOffset: 2
09-15 13:27:20.643  7378  7829 D OPENHU  : [78] Companion.decrypt | RECV: MUSIC_PLAYBACK Media Playback Status type: 32769 flags: 11 size: 18 dataOffset: 2
09-15 13:27:20.644  7378  7829 D OPENHU  : [78] AapMediaPlayback.processStatusPacket | AapMediaPlayback: status mediaSource='VLC', playbackSeconds(u32)=178, state=PLAYING
09-15 13:27:20.646  7378  7829 D OPENHU  : [78] Companion.decrypt | RECV: AUDIO Media Data type: 0 flags: 11 size: 8202 dataOffset: 2
09-15 13:27:20.650  7378  7829 D OPENHU  : [78] Companion.decrypt | RECV: AUDIO Media Data type: 0 flags: 11 size: 8202 dataOffset: 2
09-15 13:27:20.920  7378  7829 D OPENHU  : [78] Companion.decrypt | RECV: AUDIO Media Data type: 0 flags: 11 size: 8202 dataOffset: 2
09-15 13:27:20.931  7378  7829 D OPENHU  : [78] Companion.decrypt | RECV: AUDIO Media Data type: 0 flags: 11 size: 8202 dataOffset: 2
09-15 13:27:20.942  7378  7829 D OPENHU  : [78] Companion.decrypt | RECV: AUDIO Media Data type: 0 flags: 11 size: 8202 dataOffset: 2
09-15 13:27:20.950  7378  7829 D OPENHU  : [78] Companion.decrypt | RECV: CONTROL Ping Request type: 11 flags: 11 size: 12 dataOffset: 2
09-15 13:27:20.951  7378  7829 V OPENHU  : [78] AapTransport.send | CONTROL Ping Response type: 12 flags: 11 size: 14 dataOffset: 6
09-15 13:27:20.954  7378  7829 D OPENHU  : [78] Companion.decrypt | RECV: AUDIO Media Data type: 0 flags: 11 size: 8202 dataOffset: 2
09-15 13:27:20.958  7378  7829 D OPENHU  : [78] Companion.decrypt | RECV: AUDIO Media Data type: 0 flags: 11 size: 8202 dataOffset: 2
09-15 13:27:20.961  7378  7829 D OPENHU  : [78] Companion.decrypt | RECV: AUDIO Media Data type: 0 flags: 11 size: 8202 dataOffset: 2
09-15 13:27:20.965  7378  7829 D OPENHU  : [78] Companion.decrypt | RECV: AUDIO Media Data type: 0 flags: 11 size: 8202 dataOffset: 2
09-15 13:27:21.014  7378  7378 V OPENHU  : [2] GpsLocation.onLocationChanged | GpsLocation: fix received
09-15 13:27:21.023  7378  7378 V OPENHU  : [2] AapTransport.send | SENSOR Sensor Event type: 32771 flags: 11 size: 46 dataOffset: 6
09-15 13:27:21.128  7378  7829 D OPENHU  : [78] Companion.decrypt | RECV: AUDIO Media Data type: 0 flags: 11 size: 8202 dataOffset: 2
09-15 13:27:21.135  7378  7829 D OPENHU  : [78] Companion.decrypt | RECV: AUDIO Media Data type: 0 flags: 11 size: 8202 dataOffset: 2
09-15 13:27:21.151  7378  7829 D OPENHU  : [78] Companion.decrypt | RECV: AUDIO Media Data type: 0 flags: 11 size: 8202 dataOffset: 2
09-15 13:27:21.155  7378  7829 D OPENHU  : [78] Companion.decrypt | RECV: AUDIO Media Data type: 0 flags: 11 size: 8202 dataOffset: 2
09-15 13:27:21.159  7378  7829 D OPENHU  : [78] Companion.decrypt | RECV: AUDIO Media Data type: 0 flags: 11 size: 8202 dataOffset: 2
09-15 13:27:21.332  7378  7829 D OPENHU  : [78] Companion.decrypt | RECV: AUDIO Media Data type: 0 flags: 11 size: 8202 dataOffset: 2
09-15 13:27:21.341  7378  7829 D OPENHU  : [78] Companion.decrypt | RECV: AUDIO Media Data type: 0 flags: 11 size: 8202 dataOffset: 2
09-15 13:27:21.358  7378  7829 D OPENHU  : [78] Companion.decrypt | RECV: AUDIO Media Data type: 0 flags: 11 size: 8202 dataOffset: 2
09-15 13:27:21.361  7378  7829 D OPENHU  : [78] Companion.decrypt | RECV: AUDIO Media Data type: 0 flags: 11 size: 8202 dataOffset: 2
09-15 13:27:21.365  7378  7829 D OPENHU  : [78] Companion.decrypt | RECV: AUDIO Media Data type: 0 flags: 11 size: 8202 dataOffset: 2
09-15 13:27:21.644  7378  7829 D OPENHU  : [78] Companion.decrypt | RECV: AUDIO Media Data type: 0 flags: 11 size: 8202 dataOffset: 2
09-15 13:27:21.648  7378  7829 D OPENHU  : [78] Companion.decrypt | RECV: AUDIO Media Data type: 0 flags: 11 size: 8202 dataOffset: 2
09-15 13:27:21.650  7378  7829 D OPENHU  : [78] Companion.decrypt | RECV: AUDIO Media Data type: 0 flags: 11 size: 8202 dataOffset: 2
09-15 13:27:21.653  7378  7829 D OPENHU  : [78] Companion.decrypt | RECV: AUDIO Media Data type: 0 flags: 11 size: 8202 dataOffset: 2
09-15 13:27:21.656  7378  7829 D OPENHU  : [78] Companion.decrypt | RECV: AUDIO Media Data type: 0 flags: 11 size: 8202 dataOffset: 2
09-15 13:27:21.660  7378  7829 D OPENHU  : [78] Companion.decrypt | RECV: MUSIC_PLAYBACK Media Playback Status type: 32769 flags: 11 size: 18 dataOffset: 2
09-15 13:27:21.661  7378  7829 D OPENHU  : [78] AapMediaPlayback.processStatusPacket | AapMediaPlayback: status mediaSource='VLC', playbackSeconds(u32)=179, state=PLAYING
09-15 13:27:21.956  7378  7829 D OPENHU  : [78] Companion.decrypt | RECV: AUDIO Media Data type: 0 flags: 11 size: 8202 dataOffset: 2
09-15 13:27:21.969  7378  7829 D OPENHU  : [78] Companion.decrypt | RECV: AUDIO Media Data type: 0 flags: 11 size: 8202 dataOffset: 2
09-15 13:27:21.997  7378  7378 V OPENHU  : [2] GpsLocation.onLocationChanged | GpsLocation: fix received
09-15 13:27:22.003  7378  7378 V OPENHU  : [2] AapTransport.send | SENSOR Sensor Event type: 32771 flags: 11 size: 46 dataOffset: 6
09-15 13:27:22.047  7378  7829 D OPENHU  : [78] Companion.decrypt | RECV: AUDIO Media Data type: 0 flags: 11 size: 8202 dataOffset: 2
09-15 13:27:22.050  7378  7829 D OPENHU  : [78] Companion.decrypt | RECV: AUDIO Media Data type: 0 flags: 11 size: 8202 dataOffset: 2
09-15 13:27:22.065  7378  7829 D OPENHU  : [78] Companion.decrypt | RECV: AUDIO Media Data type: 0 flags: 11 size: 8202 dataOffset: 2
09-15 13:27:22.069  7378  7829 D OPENHU  : [78] Companion.decrypt | RECV: CONTROL Ping Request type: 11 flags: 11 size: 12 dataOffset: 2
09-15 13:27:22.070  7378  7829 V OPENHU  : [78] AapTransport.send | CONTROL Ping Response type: 12 flags: 11 size: 14 dataOffset: 6
09-15 13:27:22.073  7378  7829 D OPENHU  : [78] Companion.decrypt | RECV: AUDIO Media Data type: 0 flags: 11 size: 8202 dataOffset: 2
09-15 13:27:22.076  7378  7829 D OPENHU  : [78] Companion.decrypt | RECV: AUDIO Media Data type: 0 flags: 11 size: 8202 dataOffset: 2
09-15 13:27:22.079  7378  7829 D OPENHU  : [78] Companion.decrypt | RECV: AUDIO Media Data type: 0 flags: 11 size: 8202 dataOffset: 2
09-15 13:27:22.147  7378  7829 D OPENHU  : [78] Companion.decrypt | RECV: AUDIO Media Data type: 0 flags: 11 size: 8202 dataOffset: 2
09-15 13:27:22.152  7378  7829 D OPENHU  : [78] Companion.decrypt | RECV: AUDIO Media Data type: 0 flags: 11 size: 8202 dataOffset: 2
09-15 13:27:22.156  7378  7829 D OPENHU  : [78] Companion.decrypt | RECV: AUDIO Media Data type: 0 flags: 11 size: 8202 dataOffset: 2
09-15 13:27:22.159  7378  7829 D OPENHU  : [78] Companion.decrypt | RECV: AUDIO Media Data type: 0 flags: 11 size: 8202 dataOffset: 2
09-15 13:27:22.162  7378  7829 D OPENHU  : [78] Companion.decrypt | RECV: AUDIO Media Data type: 0 flags: 11 size: 8202 dataOffset: 2
09-15 13:27:22.165  7378  7829 D OPENHU  : [78] Companion.decrypt | RECV: AUDIO Media Data type: 0 flags: 11 size: 8202 dataOffset: 2
09-15 13:27:22.256  7378  7829 D OPENHU  : [78] Companion.decrypt | RECV: AUDIO Media Data type: 0 flags: 11 size: 8202 dataOffset: 2
09-15 13:27:22.268  7378  7829 D OPENHU  : [78] Companion.decrypt | RECV: AUDIO Media Data type: 0 flags: 11 size: 8202 dataOffset: 2
09-15 13:27:22.278  7378  7829 D OPENHU  : [78] Companion.decrypt | RECV: AUDIO Media Data type: 0 flags: 11 size: 8202 dataOffset: 2
09-15 13:27:22.366  7378  7829 D OPENHU  : [78] Companion.decrypt | RECV: AUDIO Media Data type: 0 flags: 11 size: 8202 dataOffset: 2
09-15 13:27:22.369  7378  7829 D OPENHU  : [78] Companion.decrypt | RECV: AUDIO Media Data type: 0 flags: 11 size: 8202 dataOffset: 2
09-15 13:27:22.546  7378  7378 I OPENHU  : [2] StationScanMonitor.record | StationScanMonitor: station scans: 1 in 90364ms, one scan, so no cadence yet. Each one takes the radio off the group's channel.
09-15 13:27:22.561  7378  7829 D OPENHU  : [78] Companion.decrypt | RECV: AUDIO Media Data type: 0 flags: 11 size: 8202 dataOffset: 2
09-15 13:27:22.564  7378  7829 D OPENHU  : [78] Companion.decrypt | RECV: AUDIO Media Data type: 0 flags: 11 size: 8202 dataOffset: 2
09-15 13:27:22.569  7378  7829 D OPENHU  : [78] Companion.decrypt | RECV: AUDIO Media Data type: 0 flags: 11 size: 8202 dataOffset: 2
09-15 13:27:22.574  7378  7829 D OPENHU  : [78] Companion.decrypt | RECV: AUDIO Media Data type: 0 flags: 11 size: 8202 dataOffset: 2
09-15 13:27:22.578  7378  7829 D OPENHU  : [78] Companion.decrypt | RECV: AUDIO Media Data type: 0 flags: 11 size: 8202 dataOffset: 2
09-15 13:27:22.581  7378  7829 D OPENHU  : [78] Companion.decrypt | RECV: MUSIC_PLAYBACK Media Playback Status type: 32769 flags: 11 size: 18 dataOffset: 2
09-15 13:27:22.582  7378  7829 D OPENHU  : [78] AapMediaPlayback.processStatusPacket | AapMediaPlayback: status mediaSource='VLC', playbackSeconds(u32)=180, state=PLAYING
09-15 13:27:22.609  7378  7829 D OPENHU  : [78] Companion.decrypt | RECV: AUDIO Media Data type: 0 flags: 11 size: 8202 dataOffset: 2
09-15 13:27:22.652  7378  7829 D OPENHU  : [78] Companion.decrypt | RECV: AUDIO Media Data type: 0 flags: 11 size: 8202 dataOffset: 2
09-15 13:27:22.694  7378  7829 D OPENHU  : [78] Companion.decrypt | RECV: AUDIO Media Data type: 0 flags: 11 size: 8202 dataOffset: 2
09-15 13:27:22.736  7378  7829 D OPENHU  : [78] Companion.decrypt | RECV: AUDIO Media Data type: 0 flags: 11 size: 8202 dataOffset: 2
09-15 13:27:22.782  7378  7829 D OPENHU  : [78] Companion.decrypt | RECV: AUDIO Media Data type: 0 flags: 11 size: 8202 dataOffset: 2
09-15 13:27:22.823  7378  7829 D OPENHU  : [78] Companion.decrypt | RECV: AUDIO Media Data type: 0 flags: 11 size: 8202 dataOffset: 2
09-15 13:27:22.872  7378  7829 D OPENHU  : [78] Companion.decrypt | RECV: AUDIO Media Data type: 0 flags: 11 size: 8202 dataOffset: 2
09-15 13:27:22.890  7378  7829 D OPENHU  : [78] Companion.decrypt | RECV: CONTROL Ping Request type: 11 flags: 11 size: 12 dataOffset: 2
09-15 13:27:22.891  7378  7829 V OPENHU  : [78] AapTransport.send | CONTROL Ping Response type: 12 flags: 11 size: 14 dataOffset: 6
09-15 13:27:22.910  7378  7829 D OPENHU  : [78] Companion.decrypt | RECV: AUDIO Media Data type: 0 flags: 11 size: 8202 dataOffset: 2
09-15 13:27:22.951  7378  7829 D OPENHU  : [78] Companion.decrypt | RECV: AUDIO Media Data type: 0 flags: 11 size: 8202 dataOffset: 2
09-15 13:27:22.994  7378  7829 D OPENHU  : [78] Companion.decrypt | RECV: AUDIO Media Data type: 0 flags: 11 size: 8202 dataOffset: 2
09-15 13:27:23.022  7378  7378 V OPENHU  : [2] GpsLocation.onLocationChanged | GpsLocation: fix received
09-15 13:27:23.031  7378  7378 V OPENHU  : [2] AapTransport.send | SENSOR Sensor Event type: 32771 flags: 11 size: 46 dataOffset: 6
09-15 13:27:23.037  7378  7829 D OPENHU  : [78] Companion.decrypt | RECV: AUDIO Media Data type: 0 flags: 11 size: 8202 dataOffset: 2
09-15 13:27:23.080  7378  7829 D OPENHU  : [78] Companion.decrypt | RECV: AUDIO Media Data type: 0 flags: 11 size: 8202 dataOffset: 2
09-15 13:27:23.121  7378  7829 D OPENHU  : [78] Companion.decrypt | RECV: AUDIO Media Data type: 0 flags: 11 size: 8202 dataOffset: 2
09-15 13:27:23.166  7378  7829 D OPENHU  : [78] Companion.decrypt | RECV: AUDIO Media Data type: 0 flags: 11 size: 8202 dataOffset: 2
09-15 13:27:23.206  7378  7829 D OPENHU  : [78] Companion.decrypt | RECV: AUDIO Media Data type: 0 flags: 11 size: 8202 dataOffset: 2
09-15 13:27:23.249  7378  7829 D OPENHU  : [78] Companion.decrypt | RECV: AUDIO Media Data type: 0 flags: 11 size: 8202 dataOffset: 2
09-15 13:27:23.293  7378  7829 D OPENHU  : [78] Companion.decrypt | RECV: AUDIO Media Data type: 0 flags: 11 size: 8202 dataOffset: 2
09-15 13:27:23.335  7378  7829 D OPENHU  : [78] Companion.decrypt | RECV: AUDIO Media Data type: 0 flags: 11 size: 8202 dataOffset: 2
09-15 13:27:23.379  7378  7829 D OPENHU  : [78] Companion.decrypt | RECV: AUDIO Media Data type: 0 flags: 11 size: 8202 dataOffset: 2
09-15 13:27:23.425  7378  7829 D OPENHU  : [78] Companion.decrypt | RECV: AUDIO Media Data type: 0 flags: 11 size: 8202 dataOffset: 2
09-15 13:27:23.464  7378  7829 D OPENHU  : [78] Companion.decrypt | RECV: AUDIO Media Data type: 0 flags: 11 size: 8202 dataOffset: 2
09-15 13:27:23.509  7378  7829 D OPENHU  : [78] Companion.decrypt | RECV: AUDIO Media Data type: 0 flags: 11 size: 8202 dataOffset: 2
09-15 13:27:23.549  7378  7829 D OPENHU  : [78] Companion.decrypt | RECV: AUDIO Media Data type: 0 flags: 11 size: 8202 dataOffset: 2
09-15 13:27:23.577  7378  7829 D OPENHU  : [78] Companion.decrypt | RECV: MUSIC_PLAYBACK Media Playback Status type: 32769 flags: 11 size: 18 dataOffset: 2
09-15 13:27:23.578  7378  7829 D OPENHU  : [78] AapMediaPlayback.processStatusPacket | AapMediaPlayback: status mediaSource='VLC', playbackSeconds(u32)=181, state=PLAYING
09-15 13:27:23.593  7378  7829 D OPENHU  : [78] Companion.decrypt | RECV: AUDIO Media Data type: 0 flags: 11 size: 8202 dataOffset: 2
09-15 13:27:23.633  7378  7829 D OPENHU  : [78] Companion.decrypt | RECV: AUDIO Media Data type: 0 flags: 11 size: 8202 dataOffset: 2
09-15 13:27:23.677  7378  7829 D OPENHU  : [78] Companion.decrypt | RECV: AUDIO Media Data type: 0 flags: 11 size: 8202 dataOffset: 2
09-15 13:27:23.721  7378  7829 D OPENHU  : [78] Companion.decrypt | RECV: AUDIO Media Data type: 0 flags: 11 size: 8202 dataOffset: 2
09-15 13:27:23.761  7378  7829 D OPENHU  : [78] Companion.decrypt | RECV: AUDIO Media Data type: 0 flags: 11 size: 8202 dataOffset: 2
09-15 13:27:23.803  7378  7829 D OPENHU  : [78] Companion.decrypt | RECV: AUDIO Media Data type: 0 flags: 11 size: 8202 dataOffset: 2
09-15 13:27:23.849  7378  7829 D OPENHU  : [78] Companion.decrypt | RECV: AUDIO Media Data type: 0 flags: 11 size: 8202 dataOffset: 2
09-15 13:27:23.891  7378  7829 D OPENHU  : [78] Companion.decrypt | RECV: CONTROL Ping Request type: 11 flags: 11 size: 12 dataOffset: 2
09-15 13:27:23.892  7378  7829 V OPENHU  : [78] AapTransport.send | CONTROL Ping Response type: 12 flags: 11 size: 14 dataOffset: 6
09-15 13:27:23.894  7378  7829 D OPENHU  : [78] Companion.decrypt | RECV: AUDIO Media Data type: 0 flags: 11 size: 8202 dataOffset: 2
09-15 13:27:23.931  7378  7829 D OPENHU  : [78] Companion.decrypt | RECV: AUDIO Media Data type: 0 flags: 11 size: 8202 dataOffset: 2
09-15 13:27:23.974  7378  7829 D OPENHU  : [78] Companion.decrypt | RECV: AUDIO Media Data type: 0 flags: 11 size: 8202 dataOffset: 2
09-15 13:27:23.998  7378  7378 V OPENHU  : [2] GpsLocation.onLocationChanged | GpsLocation: fix received
09-15 13:27:24.015  7378  7378 V OPENHU  : [2] AapTransport.send | SENSOR Sensor Event type: 32771 flags: 11 size: 46 dataOffset: 6
09-15 13:27:24.018  7378  7829 D OPENHU  : [78] Companion.decrypt | RECV: AUDIO Media Data type: 0 flags: 11 size: 8202 dataOffset: 2
09-15 13:27:24.062  7378  7829 D OPENHU  : [78] Companion.decrypt | RECV: AUDIO Media Data type: 0 flags: 11 size: 8202 dataOffset: 2
09-15 13:27:24.104  7378  7829 D OPENHU  : [78] Companion.decrypt | RECV: AUDIO Media Data type: 0 flags: 11 size: 8202 dataOffset: 2
09-15 13:27:24.146  7378  7829 D OPENHU  : [78] Companion.decrypt | RECV: AUDIO Media Data type: 0 flags: 11 size: 8202 dataOffset: 2
09-15 13:27:24.193  7378  7829 D OPENHU  : [78] Companion.decrypt | RECV: AUDIO Media Data type: 0 flags: 11 size: 8202 dataOffset: 2
09-15 13:27:24.232  7378  7829 D OPENHU  : [78] Companion.decrypt | RECV: AUDIO Media Data type: 0 flags: 11 size: 8202 dataOffset: 2
09-15 13:27:24.273  7378  7829 D OPENHU  : [78] Companion.decrypt | RECV: AUDIO Media Data type: 0 flags: 11 size: 8202 dataOffset: 2
09-15 13:27:24.317  7378  7829 D OPENHU  : [78] Companion.decrypt | RECV: AUDIO Media Data type: 0 flags: 11 size: 8202 dataOffset: 2
09-15 13:27:24.358  7378  7829 D OPENHU  : [78] Companion.decrypt | RECV: AUDIO Media Data type: 0 flags: 11 size: 8202 dataOffset: 2
09-15 13:27:24.402  7378  7829 D OPENHU  : [78] Companion.decrypt | RECV: AUDIO Media Data type: 0 flags: 11 size: 8202 dataOffset: 2
09-15 13:27:24.443  7378  7829 D OPENHU  : [78] Companion.decrypt | RECV: AUDIO Media Data type: 0 flags: 11 size: 8202 dataOffset: 2
09-15 13:27:24.489  7378  7829 D OPENHU  : [78] Companion.decrypt | RECV: AUDIO Media Data type: 0 flags: 11 size: 8202 dataOffset: 2
09-15 13:27:24.530  7378  7829 D OPENHU  : [78] Companion.decrypt | RECV: AUDIO Media Data type: 0 flags: 11 size: 8202 dataOffset: 2
09-15 13:27:24.573  7378  7829 D OPENHU  : [78] Companion.decrypt | RECV: AUDIO Media Data type: 0 flags: 11 size: 8202 dataOffset: 2
09-15 13:27:24.580  7378  7829 D OPENHU  : [78] Companion.decrypt | RECV: MUSIC_PLAYBACK Media Playback Status type: 32769 flags: 11 size: 18 dataOffset: 2
09-15 13:27:24.582  7378  7829 D OPENHU  : [78] AapMediaPlayback.processStatusPacket | AapMediaPlayback: status mediaSource='VLC', playbackSeconds(u32)=182, state=PLAYING
09-15 13:27:24.615  7378  7829 D OPENHU  : [78] Companion.decrypt | RECV: AUDIO Media Data type: 0 flags: 11 size: 8202 dataOffset: 2
09-15 13:27:24.656  7378  7829 D OPENHU  : [78] Companion.decrypt | RECV: AUDIO Media Data type: 0 flags: 11 size: 8202 dataOffset: 2
09-15 13:27:24.704  7378  7829 D OPENHU  : [78] Companion.decrypt | RECV: AUDIO Media Data type: 0 flags: 11 size: 8202 dataOffset: 2
09-15 13:27:24.726  7378  7862 I OPENHU  : [87] VideoDecoder.logThroughput | Throughput over 5004ms: rendered=171 (34fps), fed=171 (34fps), dropped=0, skipped=0, concealed=0, inputWait=92ms, enqueueWait=0ms, codec=c2.unisoc.avc.decoder, presented=171 (34fps), decodeLatency=10ms p95=14ms (171 frames)
09-15 13:27:24.744  7378  7829 D OPENHU  : [78] Companion.decrypt | RECV: AUDIO Media Data type: 0 flags: 11 size: 8202 dataOffset: 2
09-15 13:27:24.791  7378  7829 D OPENHU  : [78] Companion.decrypt | RECV: AUDIO Media Data type: 0 flags: 11 size: 8202 dataOffset: 2
09-15 13:27:24.829  7378  7829 D OPENHU  : [78] Companion.decrypt | RECV: AUDIO Media Data type: 0 flags: 11 size: 8202 dataOffset: 2
09-15 13:27:24.870  7378  7829 D OPENHU  : [78] Companion.decrypt | RECV: AUDIO Media Data type: 0 flags: 11 size: 8202 dataOffset: 2
09-15 13:27:24.890  7378  7829 D OPENHU  : [78] Companion.decrypt | RECV: CONTROL Ping Request type: 11 flags: 11 size: 12 dataOffset: 2
09-15 13:27:24.891  7378  7829 V OPENHU  : [78] AapTransport.send | CONTROL Ping Response type: 12 flags: 11 size: 14 dataOffset: 6
09-15 13:27:24.913  7378  7829 D OPENHU  : [78] Companion.decrypt | RECV: AUDIO Media Data type: 0 flags: 11 size: 8202 dataOffset: 2
09-15 13:27:24.956  7378  7829 D OPENHU  : [78] Companion.decrypt | RECV: AUDIO Media Data type: 0 flags: 11 size: 8202 dataOffset: 2
09-15 13:27:24.999  7378  7829 D OPENHU  : [78] Companion.decrypt | RECV: AUDIO Media Data type: 0 flags: 11 size: 8202 dataOffset: 2
09-15 13:27:25.018  7378  7378 V OPENHU  : [2] GpsLocation.onLocationChanged | GpsLocation: fix received
09-15 13:27:25.041  7378  7829 D OPENHU  : [78] Companion.decrypt | RECV: AUDIO Media Data type: 0 flags: 11 size: 8202 dataOffset: 2
09-15 13:27:25.049  7378  7378 V OPENHU  : [2] AapTransport.send | SENSOR Sensor Event type: 32771 flags: 11 size: 46 dataOffset: 6
09-15 13:27:25.084  7378  7829 D OPENHU  : [78] Companion.decrypt | RECV: AUDIO Media Data type: 0 flags: 11 size: 8202 dataOffset: 2
09-15 13:27:25.114  7378  7378 I OPENHU  : [2] TextureProjectionView.onSurfaceTextureUpdated | TextureProjectionView: displayed 127 frames in 5001ms (25fps), longFrames=1
09-15 13:27:25.127  7378  7829 D OPENHU  : [78] Companion.decrypt | RECV: AUDIO Media Data type: 0 flags: 11 size: 8202 dataOffset: 2
09-15 13:27:25.171  7378  7829 D OPENHU  : [78] Companion.decrypt | RECV: AUDIO Media Data type: 0 flags: 11 size: 8202 dataOffset: 2
09-15 13:27:25.212  7378  7829 D OPENHU  : [78] Companion.decrypt | RECV: AUDIO Media Data type: 0 flags: 11 size: 8202 dataOffset: 2
09-15 13:27:25.256  7378  7829 D OPENHU  : [78] Companion.decrypt | RECV: AUDIO Media Data type: 0 flags: 11 size: 8202 dataOffset: 2
09-15 13:27:25.299  7378  7829 D OPENHU  : [78] Companion.decrypt | RECV: AUDIO Media Data type: 0 flags: 11 size: 8202 dataOffset: 2
09-15 13:27:25.340  7378  7829 D OPENHU  : [78] Companion.decrypt | RECV: AUDIO Media Data type: 0 flags: 11 size: 8202 dataOffset: 2
09-15 13:27:25.387  7378  7829 D OPENHU  : [78] Companion.decrypt | RECV: AUDIO Media Data type: 0 flags: 11 size: 8202 dataOffset: 2
09-15 13:27:25.426  7378  7829 D OPENHU  : [78] Companion.decrypt | RECV: AUDIO Media Data type: 0 flags: 11 size: 8202 dataOffset: 2
09-15 13:27:25.469  7378  7829 D OPENHU  : [78] Companion.decrypt | RECV: AUDIO Media Data type: 0 flags: 11 size: 8202 dataOffset: 2
09-15 13:27:25.511  7378  7829 D OPENHU  : [78] Companion.decrypt | RECV: AUDIO Media Data type: 0 flags: 11 size: 8202 dataOffset: 2
09-15 13:27:25.556  7378  7829 D OPENHU  : [78] Companion.decrypt | RECV: AUDIO Media Data type: 0 flags: 11 size: 8202 dataOffset: 2
09-15 13:27:25.587  7378  7829 D OPENHU  : [78] Companion.decrypt | RECV: MUSIC_PLAYBACK Media Playback Status type: 32769 flags: 11 size: 18 dataOffset: 2
09-15 13:27:25.588  7378  7829 D OPENHU  : [78] AapMediaPlayback.processStatusPacket | AapMediaPlayback: status mediaSource='VLC', playbackSeconds(u32)=183, state=PLAYING
09-15 13:27:25.596  7378  7829 D OPENHU  : [78] Companion.decrypt | RECV: AUDIO Media Data type: 0 flags: 11 size: 8202 dataOffset: 2
09-15 13:27:25.640  7378  7829 D OPENHU  : [78] Companion.decrypt | RECV: AUDIO Media Data type: 0 flags: 11 size: 8202 dataOffset: 2
09-15 13:27:25.681  7378  7829 D OPENHU  : [78] Companion.decrypt | RECV: AUDIO Media Data type: 0 flags: 11 size: 8202 dataOffset: 2
09-15 13:27:25.724  7378  7829 D OPENHU  : [78] Companion.decrypt | RECV: AUDIO Media Data type: 0 flags: 11 size: 8202 dataOffset: 2
09-15 13:27:25.768  7378  7829 D OPENHU  : [78] Companion.decrypt | RECV: AUDIO Media Data type: 0 flags: 11 size: 8202 dataOffset: 2
09-15 13:27:25.810  7378  7829 D OPENHU  : [78] Companion.decrypt | RECV: AUDIO Media Data type: 0 flags: 11 size: 8202 dataOffset: 2
09-15 13:27:25.855  7378  7829 D OPENHU  : [78] Companion.decrypt | RECV: AUDIO Media Data type: 0 flags: 11 size: 8202 dataOffset: 2
09-15 13:27:25.894  7378  7829 D OPENHU  : [78] Companion.decrypt | RECV: CONTROL Ping Request type: 11 flags: 11 size: 12 dataOffset: 2
09-15 13:27:25.895  7378  7829 V OPENHU  : [78] AapTransport.send | CONTROL Ping Response type: 12 flags: 11 size: 14 dataOffset: 6
09-15 13:27:25.900  7378  7829 D OPENHU  : [78] Companion.decrypt | RECV: AUDIO Media Data type: 0 flags: 11 size: 8202 dataOffset: 2
09-15 13:27:25.941  7378  7829 D OPENHU  : [78] Companion.decrypt | RECV: AUDIO Media Data type: 0 flags: 11 size: 8202 dataOffset: 2
09-15 13:27:25.983  7378  7829 D OPENHU  : [78] Companion.decrypt | RECV: AUDIO Media Data type: 0 flags: 11 size: 8202 dataOffset: 2
09-15 13:27:25.998  7378  7378 V OPENHU  : [2] GpsLocation.onLocationChanged | GpsLocation: fix received
09-15 13:27:26.005  7378  7378 V OPENHU  : [2] AapTransport.send | SENSOR Sensor Event type: 32771 flags: 11 size: 46 dataOffset: 6
09-15 13:27:26.032  7378  7829 D OPENHU  : [78] Companion.decrypt | RECV: AUDIO Media Data type: 0 flags: 11 size: 8202 dataOffset: 2
09-15 13:27:26.065  7378  7829 D OPENHU  : [78] Companion.decrypt | RECV: AUDIO Media Data type: 0 flags: 11 size: 8202 dataOffset: 2
09-15 13:27:26.108  7378  7829 D OPENHU  : [78] Companion.decrypt | RECV: AUDIO Media Data type: 0 flags: 11 size: 8202 dataOffset: 2
09-15 13:27:26.152  7378  7829 D OPENHU  : [78] Companion.decrypt | RECV: AUDIO Media Data type: 0 flags: 11 size: 8202 dataOffset: 2
09-15 13:27:26.193  7378  7829 D OPENHU  : [78] Companion.decrypt | RECV: AUDIO Media Data type: 0 flags: 11 size: 8202 dataOffset: 2
09-15 13:27:26.238  7378  7829 D OPENHU  : [78] Companion.decrypt | RECV: AUDIO Media Data type: 0 flags: 11 size: 8202 dataOffset: 2
09-15 13:27:26.280  7378  7829 D OPENHU  : [78] Companion.decrypt | RECV: AUDIO Media Data type: 0 flags: 11 size: 8202 dataOffset: 2
09-15 13:27:26.321  7378  7829 D OPENHU  : [78] Companion.decrypt | RECV: AUDIO Media Data type: 0 flags: 11 size: 8202 dataOffset: 2
09-15 13:27:26.365  7378  7829 D OPENHU  : [78] Companion.decrypt | RECV: AUDIO Media Data type: 0 flags: 11 size: 8202 dataOffset: 2
09-15 13:27:26.406  7378  7829 D OPENHU  : [78] Companion.decrypt | RECV: AUDIO Media Data type: 0 flags: 11 size: 8202 dataOffset: 2
09-15 13:27:26.451  7378  7829 D OPENHU  : [78] Companion.decrypt | RECV: AUDIO Media Data type: 0 flags: 11 size: 8202 dataOffset: 2
09-15 13:27:26.494  7378  7829 D OPENHU  : [78] Companion.decrypt | RECV: AUDIO Media Data type: 0 flags: 11 size: 8202 dataOffset: 2
09-15 13:27:26.538  7378  7829 D OPENHU  : [78] Companion.decrypt | RECV: AUDIO Media Data type: 0 flags: 11 size: 8202 dataOffset: 2
09-15 13:27:26.579  7378  7829 D OPENHU  : [78] Companion.decrypt | RECV: AUDIO Media Data type: 0 flags: 11 size: 8202 dataOffset: 2
09-15 13:27:26.582  7378  7829 D OPENHU  : [78] Companion.decrypt | RECV: MUSIC_PLAYBACK Media Playback Status type: 32769 flags: 11 size: 18 dataOffset: 2
09-15 13:27:26.583  7378  7829 D OPENHU  : [78] AapMediaPlayback.processStatusPacket | AapMediaPlayback: status mediaSource='VLC', playbackSeconds(u32)=184, state=PLAYING
09-15 13:27:26.621  7378  7829 D OPENHU  : [78] Companion.decrypt | RECV: AUDIO Media Data type: 0 flags: 11 size: 8202 dataOffset: 2
09-15 13:27:26.666  7378  7829 D OPENHU  : [78] Companion.decrypt | RECV: AUDIO Media Data type: 0 flags: 11 size: 8202 dataOffset: 2
09-15 13:27:26.707  7378  7829 D OPENHU  : [78] Companion.decrypt | RECV: AUDIO Media Data type: 0 flags: 11 size: 8202 dataOffset: 2
09-15 13:27:26.749  7378  7829 D OPENHU  : [78] Companion.decrypt | RECV: AUDIO Media Data type: 0 flags: 11 size: 8202 dataOffset: 2
09-15 13:27:26.791  7378  7829 D OPENHU  : [78] Companion.decrypt | RECV: AUDIO Media Data type: 0 flags: 11 size: 8202 dataOffset: 2
09-15 13:27:26.834  7378  7829 D OPENHU  : [78] Companion.decrypt | RECV: AUDIO Media Data type: 0 flags: 11 size: 8202 dataOffset: 2
09-15 13:27:26.876  7378  7829 D OPENHU  : [78] Companion.decrypt | RECV: AUDIO Media Data type: 0 flags: 11 size: 8202 dataOffset: 2
09-15 13:27:26.893  7378  7829 D OPENHU  : [78] Companion.decrypt | RECV: CONTROL Ping Request type: 11 flags: 11 size: 12 dataOffset: 2
09-15 13:27:26.894  7378  7829 V OPENHU  : [78] AapTransport.send | CONTROL Ping Response type: 12 flags: 11 size: 14 dataOffset: 6
09-15 13:27:26.919  7378  7829 D OPENHU  : [78] Companion.decrypt | RECV: AUDIO Media Data type: 0 flags: 11 size: 8202 dataOffset: 2
09-15 13:27:26.964  7378  7829 D OPENHU  : [78] Companion.decrypt | RECV: AUDIO Media Data type: 0 flags: 11 size: 8202 dataOffset: 2
09-15 13:27:27.006  7378  7829 D OPENHU  : [78] Companion.decrypt | RECV: AUDIO Media Data type: 0 flags: 11 size: 8202 dataOffset: 2
09-15 13:27:27.014  7378  7378 V OPENHU  : [2] GpsLocation.onLocationChanged | GpsLocation: fix received
09-15 13:27:27.023  7378  7378 V OPENHU  : [2] AapTransport.send | SENSOR Sensor Event type: 32771 flags: 11 size: 46 dataOffset: 6
09-15 13:27:27.050  7378  7829 D OPENHU  : [78] Companion.decrypt | RECV: AUDIO Media Data type: 0 flags: 11 size: 8202 dataOffset: 2
09-15 13:27:27.088  7378  7829 D OPENHU  : [78] Companion.decrypt | RECV: AUDIO Media Data type: 0 flags: 11 size: 8202 dataOffset: 2
09-15 13:27:27.133  7378  7829 D OPENHU  : [78] Companion.decrypt | RECV: AUDIO Media Data type: 0 flags: 11 size: 8202 dataOffset: 2
09-15 13:27:27.175  7378  7829 D OPENHU  : [78] Companion.decrypt | RECV: AUDIO Media Data type: 0 flags: 11 size: 8202 dataOffset: 2
09-15 13:27:27.218  7378  7829 D OPENHU  : [78] Companion.decrypt | RECV: AUDIO Media Data type: 0 flags: 11 size: 8202 dataOffset: 2
09-15 13:27:27.261  7378  7829 D OPENHU  : [78] Companion.decrypt | RECV: AUDIO Media Data type: 0 flags: 11 size: 8202 dataOffset: 2
09-15 13:27:27.304  7378  7829 D OPENHU  : [78] Companion.decrypt | RECV: AUDIO Media Data type: 0 flags: 11 size: 8202 dataOffset: 2
09-15 13:27:27.346  7378  7829 D OPENHU  : [78] Companion.decrypt | RECV: AUDIO Media Data type: 0 flags: 11 size: 8202 dataOffset: 2
09-15 13:27:27.389  7378  7829 D OPENHU  : [78] Companion.decrypt | RECV: AUDIO Media Data type: 0 flags: 11 size: 8202 dataOffset: 2
09-15 13:27:27.431  7378  7829 D OPENHU  : [78] Companion.decrypt | RECV: AUDIO Media Data type: 0 flags: 11 size: 8202 dataOffset: 2
09-15 13:27:27.475  7378  7829 D OPENHU  : [78] Companion.decrypt | RECV: AUDIO Media Data type: 0 flags: 11 size: 8202 dataOffset: 2
09-15 13:27:27.518  7378  7829 D OPENHU  : [78] Companion.decrypt | RECV: AUDIO Media Data type: 0 flags: 11 size: 8202 dataOffset: 2
09-15 13:27:27.561  7378  7829 D OPENHU  : [78] Companion.decrypt | RECV: AUDIO Media Data type: 0 flags: 11 size: 8202 dataOffset: 2
09-15 13:27:27.587  7378  7829 D OPENHU  : [78] Companion.decrypt | RECV: MUSIC_PLAYBACK Media Playback Status type: 32769 flags: 11 size: 18 dataOffset: 2
09-15 13:27:27.589  7378  7829 D OPENHU  : [78] AapMediaPlayback.processStatusPacket | AapMediaPlayback: status mediaSource='VLC', playbackSeconds(u32)=185, state=PLAYING
09-15 13:27:27.601  7378  7829 D OPENHU  : [78] Companion.decrypt | RECV: AUDIO Media Data type: 0 flags: 11 size: 8202 dataOffset: 2
09-15 13:27:27.645  7378  7829 D OPENHU  : [78] Companion.decrypt | RECV: AUDIO Media Data type: 0 flags: 11 size: 8202 dataOffset: 2
09-15 13:27:27.689  7378  7829 D OPENHU  : [78] Companion.decrypt | RECV: AUDIO Media Data type: 0 flags: 11 size: 8202 dataOffset: 2
09-15 13:27:27.729  7378  7829 D OPENHU  : [78] Companion.decrypt | RECV: AUDIO Media Data type: 0 flags: 11 size: 8202 dataOffset: 2
09-15 13:27:27.773  7378  7829 D OPENHU  : [78] Companion.decrypt | RECV: AUDIO Media Data type: 0 flags: 11 size: 8202 dataOffset: 2
09-15 13:27:27.818  7378  7829 D OPENHU  : [78] Companion.decrypt | RECV: AUDIO Media Data type: 0 flags: 11 size: 8202 dataOffset: 2
09-15 13:27:27.860  7378  7829 D OPENHU  : [78] Companion.decrypt | RECV: AUDIO Media Data type: 0 flags: 11 size: 8202 dataOffset: 2
09-15 13:27:27.895  7378  7829 D OPENHU  : [78] Companion.decrypt | RECV: CONTROL Ping Request type: 11 flags: 11 size: 12 dataOffset: 2
09-15 13:27:27.897  7378  7829 V OPENHU  : [78] AapTransport.send | CONTROL Ping Response type: 12 flags: 11 size: 14 dataOffset: 6
09-15 13:27:27.903  7378  7829 D OPENHU  : [78] Companion.decrypt | RECV: AUDIO Media Data type: 0 flags: 11 size: 8202 dataOffset: 2
09-15 13:27:27.945  7378  7829 D OPENHU  : [78] Companion.decrypt | RECV: AUDIO Media Data type: 0 flags: 11 size: 8202 dataOffset: 2
09-15 13:27:27.988  7378  7829 D OPENHU  : [78] Companion.decrypt | RECV: AUDIO Media Data type: 0 flags: 11 size: 8202 dataOffset: 2
09-15 13:27:27.998  7378  7378 V OPENHU  : [2] GpsLocation.onLocationChanged | GpsLocation: fix received
09-15 13:27:28.005  7378  7378 V OPENHU  : [2] AapTransport.send | SENSOR Sensor Event type: 32771 flags: 11 size: 46 dataOffset: 6
09-15 13:27:28.031  7378  7829 D OPENHU  : [78] Companion.decrypt | RECV: AUDIO Media Data type: 0 flags: 11 size: 8202 dataOffset: 2
09-15 13:27:28.073  7378  7829 D OPENHU  : [78] Companion.decrypt | RECV: AUDIO Media Data type: 0 flags: 11 size: 8202 dataOffset: 2
09-15 13:27:28.115  7378  7829 D OPENHU  : [78] Companion.decrypt | RECV: AUDIO Media Data type: 0 flags: 11 size: 8202 dataOffset: 2
09-15 13:27:28.160  7378  7829 D OPENHU  : [78] Companion.decrypt | RECV: AUDIO Media Data type: 0 flags: 11 size: 8202 dataOffset: 2
09-15 13:27:28.198  7378  7829 D OPENHU  : [78] Companion.decrypt | RECV: AUDIO Media Data type: 0 flags: 11 size: 8202 dataOffset: 2
09-15 13:27:28.242  7378  7829 D OPENHU  : [78] Companion.decrypt | RECV: AUDIO Media Data type: 0 flags: 11 size: 8202 dataOffset: 2
09-15 13:27:28.285  7378  7829 D OPENHU  : [78] Companion.decrypt | RECV: AUDIO Media Data type: 0 flags: 11 size: 8202 dataOffset: 2
09-15 13:27:28.328  7378  7829 D OPENHU  : [78] Companion.decrypt | RECV: AUDIO Media Data type: 0 flags: 11 size: 8202 dataOffset: 2
09-15 13:27:28.370  7378  7829 D OPENHU  : [78] Companion.decrypt | RECV: AUDIO Media Data type: 0 flags: 11 size: 8202 dataOffset: 2
09-15 13:27:28.413  7378  7829 D OPENHU  : [78] Companion.decrypt | RECV: AUDIO Media Data type: 0 flags: 11 size: 8202 dataOffset: 2
09-15 13:27:28.456  7378  7829 D OPENHU  : [78] Companion.decrypt | RECV: AUDIO Media Data type: 0 flags: 11 size: 8202 dataOffset: 2
09-15 13:27:28.500  7378  7829 D OPENHU  : [78] Companion.decrypt | RECV: AUDIO Media Data type: 0 flags: 11 size: 8202 dataOffset: 2
09-15 13:27:28.543  7378  7829 D OPENHU  : [78] Companion.decrypt | RECV: AUDIO Media Data type: 0 flags: 11 size: 8202 dataOffset: 2
09-15 13:27:28.585  7378  7829 D OPENHU  : [78] Companion.decrypt | RECV: AUDIO Media Data type: 0 flags: 11 size: 8202 dataOffset: 2
09-15 13:27:28.591  7378  7829 D OPENHU  : [78] Companion.decrypt | RECV: MUSIC_PLAYBACK Media Playback Status type: 32769 flags: 11 size: 18 dataOffset: 2
09-15 13:27:28.592  7378  7829 D OPENHU  : [78] AapMediaPlayback.processStatusPacket | AapMediaPlayback: status mediaSource='VLC', playbackSeconds(u32)=186, state=PLAYING
09-15 13:27:28.627  7378  7829 D OPENHU  : [78] Companion.decrypt | RECV: AUDIO Media Data type: 0 flags: 11 size: 8202 dataOffset: 2
09-15 13:27:28.668  7378  7829 D OPENHU  : [78] Companion.decrypt | RECV: AUDIO Media Data type: 0 flags: 11 size: 8202 dataOffset: 2
09-15 13:27:28.709  7378  7829 D OPENHU  : [78] Companion.decrypt | RECV: AUDIO Media Data type: 0 flags: 11 size: 8202 dataOffset: 2
09-15 13:27:28.754  7378  7829 D OPENHU  : [78] Companion.decrypt | RECV: AUDIO Media Data type: 0 flags: 11 size: 8202 dataOffset: 2
09-15 13:27:28.797  7378  7829 D OPENHU  : [78] Companion.decrypt | RECV: AUDIO Media Data type: 0 flags: 11 size: 8202 dataOffset: 2
09-15 13:27:28.839  7378  7829 D OPENHU  : [78] Companion.decrypt | RECV: AUDIO Media Data type: 0 flags: 11 size: 8202 dataOffset: 2
09-15 13:27:28.881  7378  7829 D OPENHU  : [78] Companion.decrypt | RECV: AUDIO Media Data type: 0 flags: 11 size: 8202 dataOffset: 2
09-15 13:27:28.894  7378  7829 D OPENHU  : [78] Companion.decrypt | RECV: CONTROL Ping Request type: 11 flags: 11 size: 12 dataOffset: 2
09-15 13:27:28.895  7378  7829 V OPENHU  : [78] AapTransport.send | CONTROL Ping Response type: 12 flags: 11 size: 14 dataOffset: 6
09-15 13:27:28.926  7378  7829 D OPENHU  : [78] Companion.decrypt | RECV: AUDIO Media Data type: 0 flags: 11 size: 8202 dataOffset: 2
09-15 13:27:28.967  7378  7829 D OPENHU  : [78] Companion.decrypt | RECV: AUDIO Media Data type: 0 flags: 11 size: 8202 dataOffset: 2
09-15 13:27:29.010  7378  7378 V OPENHU  : [2] GpsLocation.onLocationChanged | GpsLocation: fix received
09-15 13:27:29.010  7378  7829 D OPENHU  : [78] Companion.decrypt | RECV: AUDIO Media Data type: 0 flags: 11 size: 8202 dataOffset: 2
09-15 13:27:29.026  7378  7378 V OPENHU  : [2] AapTransport.send | SENSOR Sensor Event type: 32771 flags: 11 size: 46 dataOffset: 6
09-15 13:27:29.054  7378  7829 D OPENHU  : [78] Companion.decrypt | RECV: AUDIO Media Data type: 0 flags: 11 size: 8202 dataOffset: 2
09-15 13:27:29.098  7378  7829 D OPENHU  : [78] Companion.decrypt | RECV: AUDIO Media Data type: 0 flags: 11 size: 8202 dataOffset: 2
09-15 13:27:29.141  7378  7829 D OPENHU  : [78] Companion.decrypt | RECV: AUDIO Media Data type: 0 flags: 11 size: 8202 dataOffset: 2
09-15 13:27:29.181  7378  7829 D OPENHU  : [78] Companion.decrypt | RECV: AUDIO Media Data type: 0 flags: 11 size: 8202 dataOffset: 2
09-15 13:27:29.225  7378  7829 D OPENHU  : [78] Companion.decrypt | RECV: AUDIO Media Data type: 0 flags: 11 size: 8202 dataOffset: 2
09-15 13:27:29.266  7378  7829 D OPENHU  : [78] Companion.decrypt | RECV: AUDIO Media Data type: 0 flags: 11 size: 8202 dataOffset: 2
09-15 13:27:29.310  7378  7829 D OPENHU  : [78] Companion.decrypt | RECV: AUDIO Media Data type: 0 flags: 11 size: 8202 dataOffset: 2
09-15 13:27:29.352  7378  7829 D OPENHU  : [78] Companion.decrypt | RECV: AUDIO Media Data type: 0 flags: 11 size: 8202 dataOffset: 2
09-15 13:27:29.394  7378  7829 D OPENHU  : [78] Companion.decrypt | RECV: AUDIO Media Data type: 0 flags: 11 size: 8202 dataOffset: 2
09-15 13:27:29.437  7378  7829 D OPENHU  : [78] Companion.decrypt | RECV: AUDIO Media Data type: 0 flags: 11 size: 8202 dataOffset: 2
09-15 13:27:29.479  7378  7829 D OPENHU  : [78] Companion.decrypt | RECV: AUDIO Media Data type: 0 flags: 11 size: 8202 dataOffset: 2
09-15 13:27:29.524  7378  7829 D OPENHU  : [78] Companion.decrypt | RECV: AUDIO Media Data type: 0 flags: 11 size: 8202 dataOffset: 2
09-15 13:27:29.566  7378  7829 D OPENHU  : [78] Companion.decrypt | RECV: AUDIO Media Data type: 0 flags: 11 size: 8202 dataOffset: 2
09-15 13:27:29.591  7378  7829 D OPENHU  : [78] Companion.decrypt | RECV: MUSIC_PLAYBACK Media Playback Status type: 32769 flags: 11 size: 18 dataOffset: 2
09-15 13:27:29.592  7378  7829 D OPENHU  : [78] AapMediaPlayback.processStatusPacket | AapMediaPlayback: status mediaSource='VLC', playbackSeconds(u32)=187, state=PLAYING
09-15 13:27:29.608  7378  7829 D OPENHU  : [78] Companion.decrypt | RECV: AUDIO Media Data type: 0 flags: 11 size: 8202 dataOffset: 2
09-15 13:27:29.652  7378  7829 D OPENHU  : [78] Companion.decrypt | RECV: AUDIO Media Data type: 0 flags: 11 size: 8202 dataOffset: 2
09-15 13:27:29.693  7378  7829 D OPENHU  : [78] Companion.decrypt | RECV: AUDIO Media Data type: 0 flags: 11 size: 8202 dataOffset: 2
09-15 13:27:29.729  7378  7862 I OPENHU  : [87] VideoDecoder.logThroughput | Throughput over 5003ms: rendered=140 (27fps), fed=140 (27fps), dropped=0, skipped=0, concealed=0, inputWait=63ms, enqueueWait=0ms, codec=c2.unisoc.avc.decoder, presented=140 (27fps), decodeLatency=9ms p95=11ms (140 frames)
09-15 13:27:29.736  7378  7829 D OPENHU  : [78] Companion.decrypt | RECV: AUDIO Media Data type: 0 flags: 11 size: 8202 dataOffset: 2
09-15 13:27:29.779  7378  7829 D OPENHU  : [78] Companion.decrypt | RECV: AUDIO Media Data type: 0 flags: 11 size: 8202 dataOffset: 2
09-15 13:27:29.824  7378  7829 D OPENHU  : [78] Companion.decrypt | RECV: AUDIO Media Data type: 0 flags: 11 size: 8202 dataOffset: 2
09-15 13:27:29.864  7378  7829 D OPENHU  : [78] Companion.decrypt | RECV: AUDIO Media Data type: 0 flags: 11 size: 8202 dataOffset: 2
09-15 13:27:29.895  7378  7829 D OPENHU  : [78] Companion.decrypt | RECV: CONTROL Ping Request type: 11 flags: 11 size: 12 dataOffset: 2
09-15 13:27:29.896  7378  7829 V OPENHU  : [78] AapTransport.send | CONTROL Ping Response type: 12 flags: 11 size: 14 dataOffset: 6
09-15 13:27:29.906  7378  7829 D OPENHU  : [78] Companion.decrypt | RECV: AUDIO Media Data type: 0 flags: 11 size: 8202 dataOffset: 2
09-15 13:27:29.950  7378  7829 D OPENHU  : [78] Companion.decrypt | RECV: AUDIO Media Data type: 0 flags: 11 size: 8202 dataOffset: 2
09-15 13:27:29.995  7378  7829 D OPENHU  : [78] Companion.decrypt | RECV: AUDIO Media Data type: 0 flags: 11 size: 8202 dataOffset: 2
09-15 13:27:29.998  7378  7378 V OPENHU  : [2] GpsLocation.onLocationChanged | GpsLocation: fix received
09-15 13:27:30.008  7378  7378 V OPENHU  : [2] AapTransport.send | SENSOR Sensor Event type: 32771 flags: 11 size: 46 dataOffset: 6
09-15 13:27:30.034  7378  7829 D OPENHU  : [78] Companion.decrypt | RECV: AUDIO Media Data type: 0 flags: 11 size: 8202 dataOffset: 2
09-15 13:27:30.076  7378  7829 D OPENHU  : [78] Companion.decrypt | RECV: AUDIO Media Data type: 0 flags: 11 size: 8202 dataOffset: 2
09-15 13:27:30.119  7378  7829 D OPENHU  : [78] Companion.decrypt | RECV: AUDIO Media Data type: 0 flags: 11 size: 8202 dataOffset: 2
09-15 13:27:30.131  7378  7378 I OPENHU  : [2] TextureProjectionView.onSurfaceTextureUpdated | TextureProjectionView: displayed 109 frames in 5017ms (21fps), longFrames=1
09-15 13:27:30.162  7378  7829 D OPENHU  : [78] Companion.decrypt | RECV: AUDIO Media Data type: 0 flags: 11 size: 8202 dataOffset: 2
09-15 13:27:30.206  7378  7829 D OPENHU  : [78] Companion.decrypt | RECV: AUDIO Media Data type: 0 flags: 11 size: 8202 dataOffset: 2
09-15 13:27:30.247  7378  7829 D OPENHU  : [78] Companion.decrypt | RECV: AUDIO Media Data type: 0 flags: 11 size: 8202 dataOffset: 2
09-15 13:27:30.290  7378  7829 D OPENHU  : [78] Companion.decrypt | RECV: AUDIO Media Data type: 0 flags: 11 size: 8202 dataOffset: 2
09-15 13:27:30.333  7378  7829 D OPENHU  : [78] Companion.decrypt | RECV: AUDIO Media Data type: 0 flags: 11 size: 8202 dataOffset: 2
09-15 13:27:30.375  7378  7829 D OPENHU  : [78] Companion.decrypt | RECV: AUDIO Media Data type: 0 flags: 11 size: 8202 dataOffset: 2
09-15 13:27:30.422  7378  7829 D OPENHU  : [78] Companion.decrypt | RECV: AUDIO Media Data type: 0 flags: 11 size: 8202 dataOffset: 2
09-15 13:27:30.461  7378  7829 D OPENHU  : [78] Companion.decrypt | RECV: AUDIO Media Data type: 0 flags: 11 size: 8202 dataOffset: 2
09-15 13:27:30.507  7378  7829 D OPENHU  : [78] Companion.decrypt | RECV: AUDIO Media Data type: 0 flags: 11 size: 8202 dataOffset: 2
09-15 13:27:30.549  7378  7829 D OPENHU  : [78] Companion.decrypt | RECV: AUDIO Media Data type: 0 flags: 11 size: 8202 dataOffset: 2
09-15 13:27:30.591  7378  7829 D OPENHU  : [78] Companion.decrypt | RECV: AUDIO Media Data type: 0 flags: 11 size: 8202 dataOffset: 2
09-15 13:27:30.594  7378  7829 D OPENHU  : [78] Companion.decrypt | RECV: MUSIC_PLAYBACK Media Playback Status type: 32769 flags: 11 size: 18 dataOffset: 2
09-15 13:27:30.595  7378  7829 D OPENHU  : [78] AapMediaPlayback.processStatusPacket | AapMediaPlayback: status mediaSource='VLC', playbackSeconds(u32)=188, state=PLAYING
09-15 13:27:30.631  7378  7829 D OPENHU  : [78] Companion.decrypt | RECV: AUDIO Media Data type: 0 flags: 11 size: 8202 dataOffset: 2
09-15 13:27:30.674  7378  7829 D OPENHU  : [78] Companion.decrypt | RECV: AUDIO Media Data type: 0 flags: 11 size: 8202 dataOffset: 2
09-15 13:27:30.717  7378  7829 D OPENHU  : [78] Companion.decrypt | RECV: AUDIO Media Data type: 0 flags: 11 size: 8202 dataOffset: 2
09-15 13:27:30.759  7378  7829 D OPENHU  : [78] Companion.decrypt | RECV: AUDIO Media Data type: 0 flags: 11 size: 8202 dataOffset: 2
09-15 13:27:30.802  7378  7829 D OPENHU  : [78] Companion.decrypt | RECV: AUDIO Media Data type: 0 flags: 11 size: 8202 dataOffset: 2
09-15 13:27:30.844  7378  7829 D OPENHU  : [78] Companion.decrypt | RECV: AUDIO Media Data type: 0 flags: 11 size: 8202 dataOffset: 2
09-15 13:27:30.889  7378  7829 D OPENHU  : [78] Companion.decrypt | RECV: AUDIO Media Data type: 0 flags: 11 size: 8202 dataOffset: 2
09-15 13:27:30.895  7378  7829 D OPENHU  : [78] Companion.decrypt | RECV: CONTROL Ping Request type: 11 flags: 11 size: 12 dataOffset: 2
09-15 13:27:30.896  7378  7829 V OPENHU  : [78] AapTransport.send | CONTROL Ping Response type: 12 flags: 11 size: 14 dataOffset: 6
09-15 13:27:30.928  7378  7829 D OPENHU  : [78] Companion.decrypt | RECV: AUDIO Media Data type: 0 flags: 11 size: 8202 dataOffset: 2
09-15 13:27:30.972  7378  7829 D OPENHU  : [78] Companion.decrypt | RECV: AUDIO Media Data type: 0 flags: 11 size: 8202 dataOffset: 2
09-15 13:27:31.014  7378  7829 D OPENHU  : [78] Companion.decrypt | RECV: AUDIO Media Data type: 0 flags: 11 size: 8202 dataOffset: 2
09-15 13:27:31.033  7378  7378 V OPENHU  : [2] GpsLocation.onLocationChanged | GpsLocation: fix received
09-15 13:27:31.048  7378  7378 V OPENHU  : [2] AapTransport.send | SENSOR Sensor Event type: 32771 flags: 11 size: 46 dataOffset: 6
09-15 13:27:31.057  7378  7829 D OPENHU  : [78] Companion.decrypt | RECV: AUDIO Media Data type: 0 flags: 11 size: 8202 dataOffset: 2
09-15 13:27:31.102  7378  7829 D OPENHU  : [78] Companion.decrypt | RECV: AUDIO Media Data type: 0 flags: 11 size: 8202 dataOffset: 2
09-15 13:27:31.148  7378  7829 D OPENHU  : [78] Companion.decrypt | RECV: AUDIO Media Data type: 0 flags: 11 size: 8202 dataOffset: 2
09-15 13:27:31.188  7378  7829 D OPENHU  : [78] Companion.decrypt | RECV: AUDIO Media Data type: 0 flags: 11 size: 8202 dataOffset: 2
09-15 13:27:31.230  7378  7829 D OPENHU  : [78] Companion.decrypt | RECV: AUDIO Media Data type: 0 flags: 11 size: 8202 dataOffset: 2
09-15 13:27:31.271  7378  7829 D OPENHU  : [78] Companion.decrypt | RECV: AUDIO Media Data type: 0 flags: 11 size: 8202 dataOffset: 2
09-15 13:27:31.313  7378  7829 D OPENHU  : [78] Companion.decrypt | RECV: AUDIO Media Data type: 0 flags: 11 size: 8202 dataOffset: 2
09-15 13:27:31.356  7378  7829 D OPENHU  : [78] Companion.decrypt | RECV: AUDIO Media Data type: 0 flags: 11 size: 8202 dataOffset: 2
09-15 13:27:31.399  7378  7829 D OPENHU  : [78] Companion.decrypt | RECV: AUDIO Media Data type: 0 flags: 11 size: 8202 dataOffset: 2
09-15 13:27:31.441  7378  7829 D OPENHU  : [78] Companion.decrypt | RECV: AUDIO Media Data type: 0 flags: 11 size: 8202 dataOffset: 2
09-15 13:27:31.485  7378  7829 D OPENHU  : [78] Companion.decrypt | RECV: AUDIO Media Data type: 0 flags: 11 size: 8202 dataOffset: 2
09-15 13:27:31.528  7378  7829 D OPENHU  : [78] Companion.decrypt | RECV: AUDIO Media Data type: 0 flags: 11 size: 8202 dataOffset: 2
09-15 13:27:31.572  7378  7829 D OPENHU  : [78] Companion.decrypt | RECV: AUDIO Media Data type: 0 flags: 11 size: 8202 dataOffset: 2
09-15 13:27:31.597  7378  7829 D OPENHU  : [78] Companion.decrypt | RECV: MUSIC_PLAYBACK Media Playback Status type: 32769 flags: 11 size: 18 dataOffset: 2
09-15 13:27:31.597  7378  7829 D OPENHU  : [78] AapMediaPlayback.processStatusPacket | AapMediaPlayback: status mediaSource='VLC', playbackSeconds(u32)=189, state=PLAYING
09-15 13:27:31.612  7378  7829 D OPENHU  : [78] Companion.decrypt | RECV: AUDIO Media Data type: 0 flags: 11 size: 8202 dataOffset: 2
09-15 13:27:31.655  7378  7829 D OPENHU  : [78] Companion.decrypt | RECV: AUDIO Media Data type: 0 flags: 11 size: 8202 dataOffset: 2
09-15 13:27:31.699  7378  7829 D OPENHU  : [78] Companion.decrypt | RECV: AUDIO Media Data type: 0 flags: 11 size: 8202 dataOffset: 2
09-15 13:27:31.740  7378  7829 D OPENHU  : [78] Companion.decrypt | RECV: AUDIO Media Data type: 0 flags: 11 size: 8202 dataOffset: 2
09-15 13:27:31.784  7378  7829 D OPENHU  : [78] Companion.decrypt | RECV: AUDIO Media Data type: 0 flags: 11 size: 8202 dataOffset: 2
09-15 13:27:31.827  7378  7829 D OPENHU  : [78] Companion.decrypt | RECV: AUDIO Media Data type: 0 flags: 11 size: 8202 dataOffset: 2
09-15 13:27:31.871  7378  7829 D OPENHU  : [78] Companion.decrypt | RECV: AUDIO Media Data type: 0 flags: 11 size: 8202 dataOffset: 2
09-15 13:27:31.897  7378  7829 D OPENHU  : [78] Companion.decrypt | RECV: CONTROL Ping Request type: 11 flags: 11 size: 12 dataOffset: 2
09-15 13:27:31.898  7378  7829 V OPENHU  : [78] AapTransport.send | CONTROL Ping Response type: 12 flags: 11 size: 14 dataOffset: 6
09-15 13:27:31.912  7378  7829 D OPENHU  : [78] Companion.decrypt | RECV: AUDIO Media Data type: 0 flags: 11 size: 8202 dataOffset: 2
09-15 13:27:31.955  7378  7829 D OPENHU  : [78] Companion.decrypt | RECV: AUDIO Media Data type: 0 flags: 11 size: 8202 dataOffset: 2
09-15 13:27:31.996  7378  7829 D OPENHU  : [78] Companion.decrypt | RECV: AUDIO Media Data type: 0 flags: 11 size: 8202 dataOffset: 2
09-15 13:27:31.997  7378  7378 V OPENHU  : [2] GpsLocation.onLocationChanged | GpsLocation: fix received
09-15 13:27:32.011  7378  7378 V OPENHU  : [2] AapTransport.send | SENSOR Sensor Event type: 32771 flags: 11 size: 46 dataOffset: 6
09-15 13:27:32.040  7378  7829 D OPENHU  : [78] Companion.decrypt | RECV: AUDIO Media Data type: 0 flags: 11 size: 8202 dataOffset: 2
09-15 13:27:32.082  7378  7829 D OPENHU  : [78] Companion.decrypt | RECV: AUDIO Media Data type: 0 flags: 11 size: 8202 dataOffset: 2
09-15 13:27:32.125  7378  7829 D OPENHU  : [78] Companion.decrypt | RECV: AUDIO Media Data type: 0 flags: 11 size: 8202 dataOffset: 2
09-15 13:27:32.168  7378  7829 D OPENHU  : [78] Companion.decrypt | RECV: AUDIO Media Data type: 0 flags: 11 size: 8202 dataOffset: 2
09-15 13:27:32.210  7378  7829 D OPENHU  : [78] Companion.decrypt | RECV: AUDIO Media Data type: 0 flags: 11 size: 8202 dataOffset: 2
09-15 13:27:32.252  7378  7829 D OPENHU  : [78] Companion.decrypt | RECV: AUDIO Media Data type: 0 flags: 11 size: 8202 dataOffset: 2
09-15 13:27:32.297  7378  7829 D OPENHU  : [78] Companion.decrypt | RECV: AUDIO Media Data type: 0 flags: 11 size: 8202 dataOffset: 2
09-15 13:27:32.341  7378  7829 D OPENHU  : [78] Companion.decrypt | RECV: AUDIO Media Data type: 0 flags: 11 size: 8202 dataOffset: 2
09-15 13:27:32.384  7378  7829 D OPENHU  : [78] Companion.decrypt | RECV: AUDIO Media Data type: 0 flags: 11 size: 8202 dataOffset: 2
09-15 13:27:32.432  7378  7829 D OPENHU  : [78] Companion.decrypt | RECV: AUDIO Media Data type: 0 flags: 11 size: 8202 dataOffset: 2
09-15 13:27:32.467  7378  7829 D OPENHU  : [78] Companion.decrypt | RECV: AUDIO Media Data type: 0 flags: 11 size: 8202 dataOffset: 2
09-15 13:27:32.509  7378  7829 D OPENHU  : [78] Companion.decrypt | RECV: AUDIO Media Data type: 0 flags: 11 size: 8202 dataOffset: 2
09-15 13:27:32.550  7378  7829 D OPENHU  : [78] Companion.decrypt | RECV: AUDIO Media Data type: 0 flags: 11 size: 8202 dataOffset: 2
09-15 13:27:32.593  7378  7829 D OPENHU  : [78] Companion.decrypt | RECV: AUDIO Media Data type: 0 flags: 11 size: 8202 dataOffset: 2
09-15 13:27:32.599  7378  7829 D OPENHU  : [78] Companion.decrypt | RECV: MUSIC_PLAYBACK Media Playback Status type: 32769 flags: 11 size: 18 dataOffset: 2
09-15 13:27:32.600  7378  7829 D OPENHU  : [78] AapMediaPlayback.processStatusPacket | AapMediaPlayback: status mediaSource='VLC', playbackSeconds(u32)=190, state=PLAYING
09-15 13:27:32.637  7378  7829 D OPENHU  : [78] Companion.decrypt | RECV: AUDIO Media Data type: 0 flags: 11 size: 8202 dataOffset: 2
09-15 13:27:32.682  7378  7829 D OPENHU  : [78] Companion.decrypt | RECV: AUDIO Media Data type: 0 flags: 11 size: 8202 dataOffset: 2
09-15 13:27:32.723  7378  7829 D OPENHU  : [78] Companion.decrypt | RECV: AUDIO Media Data type: 0 flags: 11 size: 8202 dataOffset: 2
09-15 13:27:32.765  7378  7829 D OPENHU  : [78] Companion.decrypt | RECV: AUDIO Media Data type: 0 flags: 11 size: 8202 dataOffset: 2
09-15 13:27:32.807  7378  7829 D OPENHU  : [78] Companion.decrypt | RECV: AUDIO Media Data type: 0 flags: 11 size: 8202 dataOffset: 2
09-15 13:27:32.850  7378  7829 D OPENHU  : [78] Companion.decrypt | RECV: AUDIO Media Data type: 0 flags: 11 size: 8202 dataOffset: 2
09-15 13:27:32.894  7378  7829 D OPENHU  : [78] Companion.decrypt | RECV: AUDIO Media Data type: 0 flags: 11 size: 8202 dataOffset: 2
09-15 13:27:32.900  7378  7829 D OPENHU  : [78] Companion.decrypt | RECV: CONTROL Ping Request type: 11 flags: 11 size: 12 dataOffset: 2
09-15 13:27:32.901  7378  7829 V OPENHU  : [78] AapTransport.send | CONTROL Ping Response type: 12 flags: 11 size: 14 dataOffset: 6
09-15 13:27:32.935  7378  7829 D OPENHU  : [78] Companion.decrypt | RECV: AUDIO Media Data type: 0 flags: 11 size: 8202 dataOffset: 2
09-15 13:27:32.978  7378  7829 D OPENHU  : [78] Companion.decrypt | RECV: AUDIO Media Data type: 0 flags: 11 size: 8202 dataOffset: 2
09-15 13:27:33.013  7378  7378 V OPENHU  : [2] GpsLocation.onLocationChanged | GpsLocation: fix received
09-15 13:27:33.021  7378  7829 D OPENHU  : [78] Companion.decrypt | RECV: AUDIO Media Data type: 0 flags: 11 size: 8202 dataOffset: 2
09-15 13:27:33.021  7378  7378 V OPENHU  : [2] AapTransport.send | SENSOR Sensor Event type: 32771 flags: 11 size: 46 dataOffset: 6
09-15 13:27:33.066  7378  7829 D OPENHU  : [78] Companion.decrypt | RECV: AUDIO Media Data type: 0 flags: 11 size: 8202 dataOffset: 2
09-15 13:27:33.108  7378  7829 D OPENHU  : [78] Companion.decrypt | RECV: AUDIO Media Data type: 0 flags: 11 size: 8202 dataOffset: 2
09-15 13:27:33.150  7378  7829 D OPENHU  : [78] Companion.decrypt | RECV: AUDIO Media Data type: 0 flags: 11 size: 8202 dataOffset: 2
09-15 13:27:33.193  7378  7829 D OPENHU  : [78] Companion.decrypt | RECV: AUDIO Media Data type: 0 flags: 11 size: 8202 dataOffset: 2
09-15 13:27:33.235  7378  7829 D OPENHU  : [78] Companion.decrypt | RECV: AUDIO Media Data type: 0 flags: 11 size: 8202 dataOffset: 2
09-15 13:27:33.277  7378  7829 D OPENHU  : [78] Companion.decrypt | RECV: AUDIO Media Data type: 0 flags: 11 size: 8202 dataOffset: 2
09-15 13:27:33.318  7378  7829 D OPENHU  : [78] Companion.decrypt | RECV: AUDIO Media Data type: 0 flags: 11 size: 8202 dataOffset: 2
09-15 13:27:33.361  7378  7829 D OPENHU  : [78] Companion.decrypt | RECV: AUDIO Media Data type: 0 flags: 11 size: 8202 dataOffset: 2
09-15 13:27:33.404  7378  7829 D OPENHU  : [78] Companion.decrypt | RECV: AUDIO Media Data type: 0 flags: 11 size: 8202 dataOffset: 2
09-15 13:27:33.447  7378  7829 D OPENHU  : [78] Companion.decrypt | RECV: AUDIO Media Data type: 0 flags: 11 size: 8202 dataOffset: 2
09-15 13:27:33.491  7378  7829 D OPENHU  : [78] Companion.decrypt | RECV: AUDIO Media Data type: 0 flags: 11 size: 8202 dataOffset: 2
09-15 13:27:33.534  7378  7829 D OPENHU  : [78] Companion.decrypt | RECV: AUDIO Media Data type: 0 flags: 11 size: 8202 dataOffset: 2
09-15 13:27:33.578  7378  7829 D OPENHU  : [78] Companion.decrypt | RECV: AUDIO Media Data type: 0 flags: 11 size: 8202 dataOffset: 2
09-15 13:27:33.605  7378  7829 D OPENHU  : [78] Companion.decrypt | RECV: MUSIC_PLAYBACK Media Playback Status type: 32769 flags: 11 size: 18 dataOffset: 2
09-15 13:27:33.607  7378  7829 D OPENHU  : [78] AapMediaPlayback.processStatusPacket | AapMediaPlayback: status mediaSource='VLC', playbackSeconds(u32)=191, state=PLAYING
09-15 13:27:33.620  7378  7829 D OPENHU  : [78] Companion.decrypt | RECV: AUDIO Media Data type: 0 flags: 11 size: 8202 dataOffset: 2
09-15 13:27:33.664  7378  7829 D OPENHU  : [78] Companion.decrypt | RECV: AUDIO Media Data type: 0 flags: 11 size: 8202 dataOffset: 2
09-15 13:27:33.705  7378  7829 D OPENHU  : [78] Companion.decrypt | RECV: AUDIO Media Data type: 0 flags: 11 size: 8202 dataOffset: 2
09-15 13:27:33.750  7378  7829 D OPENHU  : [78] Companion.decrypt | RECV: AUDIO Media Data type: 0 flags: 11 size: 8202 dataOffset: 2
09-15 13:27:33.792  7378  7829 D OPENHU  : [78] Companion.decrypt | RECV: AUDIO Media Data type: 0 flags: 11 size: 8202 dataOffset: 2
09-15 13:27:33.832  7378  7829 D OPENHU  : [78] Companion.decrypt | RECV: AUDIO Media Data type: 0 flags: 11 size: 8202 dataOffset: 2
09-15 13:27:33.873  7378  7829 D OPENHU  : [78] Companion.decrypt | RECV: AUDIO Media Data type: 0 flags: 11 size: 8202 dataOffset: 2
09-15 13:27:33.899  7378  7829 D OPENHU  : [78] Companion.decrypt | RECV: CONTROL Ping Request type: 11 flags: 11 size: 12 dataOffset: 2
09-15 13:27:33.900  7378  7829 V OPENHU  : [78] AapTransport.send | CONTROL Ping Response type: 12 flags: 11 size: 14 dataOffset: 6
09-15 13:27:33.916  7378  7829 D OPENHU  : [78] Companion.decrypt | RECV: AUDIO Media Data type: 0 flags: 11 size: 8202 dataOffset: 2
09-15 13:27:33.961  7378  7829 D OPENHU  : [78] Companion.decrypt | RECV: AUDIO Media Data type: 0 flags: 11 size: 8202 dataOffset: 2
09-15 13:27:33.995  7378  7378 V OPENHU  : [2] GpsLocation.onLocationChanged | GpsLocation: fix received
09-15 13:27:34.002  7378  7378 V OPENHU  : [2] AapTransport.send | SENSOR Sensor Event type: 32771 flags: 11 size: 46 dataOffset: 6
09-15 13:27:34.003  7378  7829 D OPENHU  : [78] Companion.decrypt | RECV: AUDIO Media Data type: 0 flags: 11 size: 8202 dataOffset: 2
09-15 13:27:34.047  7378  7829 D OPENHU  : [78] Companion.decrypt | RECV: AUDIO Media Data type: 0 flags: 11 size: 8202 dataOffset: 2
09-15 13:27:34.089  7378  7829 D OPENHU  : [78] Companion.decrypt | RECV: AUDIO Media Data type: 0 flags: 11 size: 8202 dataOffset: 2
09-15 13:27:34.130  7378  7829 D OPENHU  : [78] Companion.decrypt | RECV: AUDIO Media Data type: 0 flags: 11 size: 8202 dataOffset: 2
09-15 13:27:34.177  7378  7829 D OPENHU  : [78] Companion.decrypt | RECV: AUDIO Media Data type: 0 flags: 11 size: 8202 dataOffset: 2
09-15 13:27:34.215  7378  7829 D OPENHU  : [78] Companion.decrypt | RECV: AUDIO Media Data type: 0 flags: 11 size: 8202 dataOffset: 2
09-15 13:27:34.265  7378  7829 D OPENHU  : [78] Companion.decrypt | RECV: AUDIO Media Data type: 0 flags: 11 size: 8202 dataOffset: 2
09-15 13:27:34.303  7378  7829 D OPENHU  : [78] Companion.decrypt | RECV: AUDIO Media Data type: 0 flags: 11 size: 8202 dataOffset: 2
09-15 13:27:34.344  7378  7829 D OPENHU  : [78] Companion.decrypt | RECV: AUDIO Media Data type: 0 flags: 11 size: 8202 dataOffset: 2
09-15 13:27:34.387  7378  7829 D OPENHU  : [78] Companion.decrypt | RECV: AUDIO Media Data type: 0 flags: 11 size: 8202 dataOffset: 2
09-15 13:27:34.427  7378  7829 D OPENHU  : [78] Companion.decrypt | RECV: AUDIO Media Data type: 0 flags: 11 size: 8202 dataOffset: 2
09-15 13:27:34.472  7378  7829 D OPENHU  : [78] Companion.decrypt | RECV: AUDIO Media Data type: 0 flags: 11 size: 8202 dataOffset: 2
09-15 13:27:34.514  7378  7829 D OPENHU  : [78] Companion.decrypt | RECV: AUDIO Media Data type: 0 flags: 11 size: 8202 dataOffset: 2
09-15 13:27:34.557  7378  7829 D OPENHU  : [78] Companion.decrypt | RECV: AUDIO Media Data type: 0 flags: 11 size: 8202 dataOffset: 2
09-15 13:27:34.598  7378  7829 D OPENHU  : [78] Companion.decrypt | RECV: AUDIO Media Data type: 0 flags: 11 size: 8202 dataOffset: 2
09-15 13:27:34.606  7378  7829 D OPENHU  : [78] Companion.decrypt | RECV: MUSIC_PLAYBACK Media Playback Status type: 32769 flags: 11 size: 18 dataOffset: 2
09-15 13:27:34.607  7378  7829 D OPENHU  : [78] AapMediaPlayback.processStatusPacket | AapMediaPlayback: status mediaSource='VLC', playbackSeconds(u32)=192, state=PLAYING
09-15 13:27:34.641  7378  7829 D OPENHU  : [78] Companion.decrypt | RECV: AUDIO Media Data type: 0 flags: 11 size: 8202 dataOffset: 2
09-15 13:27:34.684  7378  7829 D OPENHU  : [78] Companion.decrypt | RECV: AUDIO Media Data type: 0 flags: 11 size: 8202 dataOffset: 2
09-15 13:27:34.727  7378  7829 D OPENHU  : [78] Companion.decrypt | RECV: AUDIO Media Data type: 0 flags: 11 size: 8202 dataOffset: 2
09-15 13:27:34.731  7378  7862 I OPENHU  : [87] VideoDecoder.logThroughput | Throughput over 5001ms: rendered=180 (35fps), fed=179 (35fps), dropped=0, skipped=0, concealed=0, inputWait=97ms, enqueueWait=0ms, codec=c2.unisoc.avc.decoder, presented=180 (35fps), decodeLatency=9ms p95=13ms (180 frames)
09-15 13:27:34.769  7378  7829 D OPENHU  : [78] Companion.decrypt | RECV: AUDIO Media Data type: 0 flags: 11 size: 8202 dataOffset: 2
09-15 13:27:34.812  7378  7829 D OPENHU  : [78] Companion.decrypt | RECV: AUDIO Media Data type: 0 flags: 11 size: 8202 dataOffset: 2
09-15 13:27:34.856  7378  7829 D OPENHU  : [78] Companion.decrypt | RECV: AUDIO Media Data type: 0 flags: 11 size: 8202 dataOffset: 2
09-15 13:27:34.899  7378  7829 D OPENHU  : [78] Companion.decrypt | RECV: AUDIO Media Data type: 0 flags: 11 size: 8202 dataOffset: 2
09-15 13:27:34.905  7378  7829 D OPENHU  : [78] Companion.decrypt | RECV: CONTROL Ping Request type: 11 flags: 11 size: 12 dataOffset: 2
09-15 13:27:34.907  7378  7829 V OPENHU  : [78] AapTransport.send | CONTROL Ping Response type: 12 flags: 11 size: 14 dataOffset: 6
09-15 13:27:34.943  7378  7829 D OPENHU  : [78] Companion.decrypt | RECV: AUDIO Media Data type: 0 flags: 11 size: 8202 dataOffset: 2
09-15 13:27:34.983  7378  7829 D OPENHU  : [78] Companion.decrypt | RECV: AUDIO Media Data type: 0 flags: 11 size: 8202 dataOffset: 2
09-15 13:27:35.019  7378  7378 V OPENHU  : [2] GpsLocation.onLocationChanged | GpsLocation: fix received
09-15 13:27:35.027  7378  7829 D OPENHU  : [78] Companion.decrypt | RECV: AUDIO Media Data type: 0 flags: 11 size: 8202 dataOffset: 2
09-15 13:27:35.049  7378  7378 V OPENHU  : [2] AapTransport.send | SENSOR Sensor Event type: 32771 flags: 11 size: 46 dataOffset: 6
09-15 13:27:35.070  7378  7829 D OPENHU  : [78] Companion.decrypt | RECV: AUDIO Media Data type: 0 flags: 11 size: 8202 dataOffset: 2
09-15 13:27:35.117  7378  7829 D OPENHU  : [78] Companion.decrypt | RECV: AUDIO Media Data type: 0 flags: 11 size: 8202 dataOffset: 2
09-15 13:27:35.155  7378  7829 D OPENHU  : [78] Companion.decrypt | RECV: AUDIO Media Data type: 0 flags: 11 size: 8202 dataOffset: 2
09-15 13:27:35.198  7378  7829 D OPENHU  : [78] Companion.decrypt | RECV: AUDIO Media Data type: 0 flags: 11 size: 8202 dataOffset: 2
09-15 13:27:35.200  7378  7378 I OPENHU  : [2] TextureProjectionView.onSurfaceTextureUpdated | TextureProjectionView: displayed 143 frames in 5069ms (28fps), longFrames=1
09-15 13:27:35.244  7378  7829 D OPENHU  : [78] Companion.decrypt | RECV: AUDIO Media Data type: 0 flags: 11 size: 8202 dataOffset: 2
09-15 13:27:35.283  7378  7829 D OPENHU  : [78] Companion.decrypt | RECV: AUDIO Media Data type: 0 flags: 11 size: 8202 dataOffset: 2
09-15 13:27:35.324  7378  7829 D OPENHU  : [78] Companion.decrypt | RECV: AUDIO Media Data type: 0 flags: 11 size: 8202 dataOffset: 2
09-15 13:27:35.366  7378  7829 D OPENHU  : [78] Companion.decrypt | RECV: AUDIO Media Data type: 0 flags: 11 size: 8202 dataOffset: 2
09-15 13:27:35.410  7378  7829 D OPENHU  : [78] Companion.decrypt | RECV: AUDIO Media Data type: 0 flags: 11 size: 8202 dataOffset: 2
09-15 13:27:35.452  7378  7829 D OPENHU  : [78] Companion.decrypt | RECV: AUDIO Media Data type: 0 flags: 11 size: 8202 dataOffset: 2
09-15 13:27:35.495  7378  7829 D OPENHU  : [78] Companion.decrypt | RECV: AUDIO Media Data type: 0 flags: 11 size: 8202 dataOffset: 2
09-15 13:27:35.539  7378  7829 D OPENHU  : [78] Companion.decrypt | RECV: AUDIO Media Data type: 0 flags: 11 size: 8202 dataOffset: 2
09-15 13:27:35.581  7378  7829 D OPENHU  : [78] Companion.decrypt | RECV: AUDIO Media Data type: 0 flags: 11 size: 8202 dataOffset: 2
09-15 13:27:35.609  7378  7829 D OPENHU  : [78] Companion.decrypt | RECV: MUSIC_PLAYBACK Media Playback Status type: 32769 flags: 11 size: 18 dataOffset: 2
09-15 13:27:35.610  7378  7829 D OPENHU  : [78] AapMediaPlayback.processStatusPacket | AapMediaPlayback: status mediaSource='VLC', playbackSeconds(u32)=193, state=PLAYING
09-15 13:27:35.624  7378  7829 D OPENHU  : [78] Companion.decrypt | RECV: AUDIO Media Data type: 0 flags: 11 size: 8202 dataOffset: 2
09-15 13:27:35.666  7378  7829 D OPENHU  : [78] Companion.decrypt | RECV: AUDIO Media Data type: 0 flags: 11 size: 8202 dataOffset: 2
09-15 13:27:35.709  7378  7829 D OPENHU  : [78] Companion.decrypt | RECV: AUDIO Media Data type: 0 flags: 11 size: 8202 dataOffset: 2
09-15 13:27:35.754  7378  7829 D OPENHU  : [78] Companion.decrypt | RECV: AUDIO Media Data type: 0 flags: 11 size: 8202 dataOffset: 2
09-15 13:27:35.793  7378  7829 D OPENHU  : [78] Companion.decrypt | RECV: AUDIO Media Data type: 0 flags: 11 size: 8202 dataOffset: 2
09-15 13:27:35.838  7378  7829 D OPENHU  : [78] Companion.decrypt | RECV: AUDIO Media Data type: 0 flags: 11 size: 8202 dataOffset: 2
09-15 13:27:35.880  7378  7829 D OPENHU  : [78] Companion.decrypt | RECV: AUDIO Media Data type: 0 flags: 11 size: 8202 dataOffset: 2
09-15 13:27:35.902  7378  7829 D OPENHU  : [78] Companion.decrypt | RECV: CONTROL Ping Request type: 11 flags: 11 size: 12 dataOffset: 2
09-15 13:27:35.902  7378  7829 V OPENHU  : [78] AapTransport.send | CONTROL Ping Response type: 12 flags: 11 size: 14 dataOffset: 6
09-15 13:27:35.923  7378  7829 D OPENHU  : [78] Companion.decrypt | RECV: AUDIO Media Data type: 0 flags: 11 size: 8202 dataOffset: 2
09-15 13:27:35.964  7378  7829 D OPENHU  : [78] Companion.decrypt | RECV: AUDIO Media Data type: 0 flags: 11 size: 8202 dataOffset: 2
09-15 13:27:35.996  7378  7378 V OPENHU  : [2] GpsLocation.onLocationChanged | GpsLocation: fix received
09-15 13:27:36.007  7378  7829 D OPENHU  : [78] Companion.decrypt | RECV: AUDIO Media Data type: 0 flags: 11 size: 8202 dataOffset: 2
09-15 13:27:36.015  7378  7378 V OPENHU  : [2] AapTransport.send | SENSOR Sensor Event type: 32771 flags: 11 size: 46 dataOffset: 6
09-15 13:27:36.051  7378  7829 D OPENHU  : [78] Companion.decrypt | RECV: AUDIO Media Data type: 0 flags: 11 size: 8202 dataOffset: 2
09-15 13:27:36.092  7378  7829 D OPENHU  : [78] Companion.decrypt | RECV: AUDIO Media Data type: 0 flags: 11 size: 8202 dataOffset: 2
09-15 13:27:36.136  7378  7829 D OPENHU  : [78] Companion.decrypt | RECV: AUDIO Media Data type: 0 flags: 11 size: 8202 dataOffset: 2
09-15 13:27:36.178  7378  7829 D OPENHU  : [78] Companion.decrypt | RECV: AUDIO Media Data type: 0 flags: 11 size: 8202 dataOffset: 2
09-15 13:27:36.225  7378  7829 D OPENHU  : [78] Companion.decrypt | RECV: AUDIO Media Data type: 0 flags: 11 size: 8202 dataOffset: 2
09-15 13:27:36.266  7378  7829 D OPENHU  : [78] Companion.decrypt | RECV: AUDIO Media Data type: 0 flags: 11 size: 8202 dataOffset: 2
09-15 13:27:36.307  7378  7829 D OPENHU  : [78] Companion.decrypt | RECV: AUDIO Media Data type: 0 flags: 11 size: 8202 dataOffset: 2
09-15 13:27:36.349  7378  7829 D OPENHU  : [78] Companion.decrypt | RECV: AUDIO Media Data type: 0 flags: 11 size: 8202 dataOffset: 2
09-15 13:27:36.391  7378  7829 D OPENHU  : [78] Companion.decrypt | RECV: AUDIO Media Data type: 0 flags: 11 size: 8202 dataOffset: 2
09-15 13:27:36.435  7378  7829 D OPENHU  : [78] Companion.decrypt | RECV: AUDIO Media Data type: 0 flags: 11 size: 8202 dataOffset: 2
09-15 13:27:36.477  7378  7829 D OPENHU  : [78] Companion.decrypt | RECV: AUDIO Media Data type: 0 flags: 11 size: 8202 dataOffset: 2
09-15 13:27:36.521  7378  7829 D OPENHU  : [78] Companion.decrypt | RECV: AUDIO Media Data type: 0 flags: 11 size: 8202 dataOffset: 2
09-15 13:27:36.563  7378  7829 D OPENHU  : [78] Companion.decrypt | RECV: AUDIO Media Data type: 0 flags: 11 size: 8202 dataOffset: 2
09-15 13:27:36.607  7378  7829 D OPENHU  : [78] Companion.decrypt | RECV: AUDIO Media Data type: 0 flags: 11 size: 8202 dataOffset: 2
09-15 13:27:36.619  7378  7829 D OPENHU  : [78] Companion.decrypt | RECV: MUSIC_PLAYBACK Media Playback Status type: 32769 flags: 11 size: 18 dataOffset: 2
09-15 13:27:36.621  7378  7829 D OPENHU  : [78] AapMediaPlayback.processStatusPacket | AapMediaPlayback: status mediaSource='VLC', playbackSeconds(u32)=194, state=PLAYING
09-15 13:27:36.649  7378  7829 D OPENHU  : [78] Companion.decrypt | RECV: AUDIO Media Data type: 0 flags: 11 size: 8202 dataOffset: 2
09-15 13:27:36.693  7378  7829 D OPENHU  : [78] Companion.decrypt | RECV: AUDIO Media Data type: 0 flags: 11 size: 8202 dataOffset: 2
09-15 13:27:36.735  7378  7829 D OPENHU  : [78] Companion.decrypt | RECV: AUDIO Media Data type: 0 flags: 11 size: 8202 dataOffset: 2
09-15 13:27:36.775  7378  7829 D OPENHU  : [78] Companion.decrypt | RECV: AUDIO Media Data type: 0 flags: 11 size: 8202 dataOffset: 2
09-15 13:27:36.818  7378  7829 D OPENHU  : [78] Companion.decrypt | RECV: AUDIO Media Data type: 0 flags: 11 size: 8202 dataOffset: 2
09-15 13:27:36.861  7378  7829 D OPENHU  : [78] Companion.decrypt | RECV: AUDIO Media Data type: 0 flags: 11 size: 8202 dataOffset: 2
09-15 13:27:36.904  7378  7829 D OPENHU  : [78] Companion.decrypt | RECV: CONTROL Ping Request type: 11 flags: 11 size: 12 dataOffset: 2
09-15 13:27:36.905  7378  7829 V OPENHU  : [78] AapTransport.send | CONTROL Ping Response type: 12 flags: 11 size: 14 dataOffset: 6
09-15 13:27:36.908  7378  7829 D OPENHU  : [78] Companion.decrypt | RECV: AUDIO Media Data type: 0 flags: 11 size: 8202 dataOffset: 2
09-15 13:27:36.949  7378  7829 D OPENHU  : [78] Companion.decrypt | RECV: AUDIO Media Data type: 0 flags: 11 size: 8202 dataOffset: 2
09-15 13:27:36.990  7378  7829 D OPENHU  : [78] Companion.decrypt | RECV: AUDIO Media Data type: 0 flags: 11 size: 8202 dataOffset: 2
09-15 13:27:37.017  7378  7378 V OPENHU  : [2] GpsLocation.onLocationChanged | GpsLocation: fix received
09-15 13:27:37.027  7378  7378 V OPENHU  : [2] AapTransport.send | SENSOR Sensor Event type: 32771 flags: 11 size: 46 dataOffset: 6
09-15 13:27:37.033  7378  7829 D OPENHU  : [78] Companion.decrypt | RECV: AUDIO Media Data type: 0 flags: 11 size: 8202 dataOffset: 2
09-15 13:27:37.075  7378  7829 D OPENHU  : [78] Companion.decrypt | RECV: AUDIO Media Data type: 0 flags: 11 size: 8202 dataOffset: 2
09-15 13:27:37.118  7378  7829 D OPENHU  : [78] Companion.decrypt | RECV: AUDIO Media Data type: 0 flags: 11 size: 8202 dataOffset: 2
09-15 13:27:37.160  7378  7829 D OPENHU  : [78] Companion.decrypt | RECV: AUDIO Media Data type: 0 flags: 11 size: 8202 dataOffset: 2
09-15 13:27:37.204  7378  7829 D OPENHU  : [78] Companion.decrypt | RECV: AUDIO Media Data type: 0 flags: 11 size: 8202 dataOffset: 2
09-15 13:27:37.245  7378  7829 D OPENHU  : [78] Companion.decrypt | RECV: AUDIO Media Data type: 0 flags: 11 size: 8202 dataOffset: 2
09-15 13:27:37.288  7378  7829 D OPENHU  : [78] Companion.decrypt | RECV: AUDIO Media Data type: 0 flags: 11 size: 8202 dataOffset: 2
09-15 13:27:37.330  7378  7829 D OPENHU  : [78] Companion.decrypt | RECV: AUDIO Media Data type: 0 flags: 11 size: 8202 dataOffset: 2
09-15 13:27:37.372  7378  7829 D OPENHU  : [78] Companion.decrypt | RECV: AUDIO Media Data type: 0 flags: 11 size: 8202 dataOffset: 2
09-15 13:27:37.416  7378  7829 D OPENHU  : [78] Companion.decrypt | RECV: AUDIO Media Data type: 0 flags: 11 size: 8202 dataOffset: 2
09-15 13:27:37.459  7378  7829 D OPENHU  : [78] Companion.decrypt | RECV: AUDIO Media Data type: 0 flags: 11 size: 8202 dataOffset: 2
09-15 13:27:37.504  7378  7829 D OPENHU  : [78] Companion.decrypt | RECV: AUDIO Media Data type: 0 flags: 11 size: 8202 dataOffset: 2
09-15 13:27:37.545  7378  7829 D OPENHU  : [78] Companion.decrypt | RECV: AUDIO Media Data type: 0 flags: 11 size: 8202 dataOffset: 2
09-15 13:27:37.590  7378  7829 D OPENHU  : [78] Companion.decrypt | RECV: AUDIO Media Data type: 0 flags: 11 size: 8202 dataOffset: 2
09-15 13:27:37.624  7378  7829 D OPENHU  : [78] Companion.decrypt | RECV: MUSIC_PLAYBACK Media Playback Status type: 32769 flags: 11 size: 18 dataOffset: 2
09-15 13:27:37.626  7378  7829 D OPENHU  : [78] AapMediaPlayback.processStatusPacket | AapMediaPlayback: status mediaSource='VLC', playbackSeconds(u32)=195, state=PLAYING
09-15 13:27:37.631  7378  7829 D OPENHU  : [78] Companion.decrypt | RECV: AUDIO Media Data type: 0 flags: 11 size: 8202 dataOffset: 2
09-15 13:27:37.671  7378  7829 D OPENHU  : [78] Companion.decrypt | RECV: AUDIO Media Data type: 0 flags: 11 size: 8202 dataOffset: 2
09-15 13:27:37.713  7378  7829 D OPENHU  : [78] Companion.decrypt | RECV: AUDIO Media Data type: 0 flags: 11 size: 8202 dataOffset: 2
09-15 13:27:37.756  7378  7829 D OPENHU  : [78] Companion.decrypt | RECV: AUDIO Media Data type: 0 flags: 11 size: 8202 dataOffset: 2
09-15 13:27:37.801  7378  7829 D OPENHU  : [78] Companion.decrypt | RECV: AUDIO Media Data type: 0 flags: 11 size: 8202 dataOffset: 2
09-15 13:27:37.840  7378  7829 D OPENHU  : [78] Companion.decrypt | RECV: AUDIO Media Data type: 0 flags: 11 size: 8202 dataOffset: 2
09-15 13:27:37.884  7378  7829 D OPENHU  : [78] Companion.decrypt | RECV: AUDIO Media Data type: 0 flags: 11 size: 8202 dataOffset: 2
09-15 13:27:37.903  7378  7829 D OPENHU  : [78] Companion.decrypt | RECV: CONTROL Ping Request type: 11 flags: 11 size: 12 dataOffset: 2
09-15 13:27:37.904  7378  7829 V OPENHU  : [78] AapTransport.send | CONTROL Ping Response type: 12 flags: 11 size: 14 dataOffset: 6
09-15 13:27:37.927  7378  7829 D OPENHU  : [78] Companion.decrypt | RECV: AUDIO Media Data type: 0 flags: 11 size: 8202 dataOffset: 2
09-15 13:27:37.970  7378  7829 D OPENHU  : [78] Companion.decrypt | RECV: AUDIO Media Data type: 0 flags: 11 size: 8202 dataOffset: 2
09-15 13:27:37.996  7378  7378 V OPENHU  : [2] GpsLocation.onLocationChanged | GpsLocation: fix received
09-15 13:27:38.002  7378  7378 V OPENHU  : [2] AapTransport.send | SENSOR Sensor Event type: 32771 flags: 11 size: 46 dataOffset: 6
09-15 13:27:38.013  7378  7829 D OPENHU  : [78] Companion.decrypt | RECV: AUDIO Media Data type: 0 flags: 11 size: 8202 dataOffset: 2
09-15 13:27:38.055  7378  7829 D OPENHU  : [78] Companion.decrypt | RECV: AUDIO Media Data type: 0 flags: 11 size: 8202 dataOffset: 2
09-15 13:27:38.101  7378  7829 D OPENHU  : [78] Companion.decrypt | RECV: AUDIO Media Data type: 0 flags: 11 size: 8202 dataOffset: 2
09-15 13:27:38.141  7378  7829 D OPENHU  : [78] Companion.decrypt | RECV: AUDIO Media Data type: 0 flags: 11 size: 8202 dataOffset: 2
09-15 13:27:38.186  7378  7829 D OPENHU  : [78] Companion.decrypt | RECV: AUDIO Media Data type: 0 flags: 11 size: 8202 dataOffset: 2
09-15 13:27:38.229  7378  7829 D OPENHU  : [78] Companion.decrypt | RECV: AUDIO Media Data type: 0 flags: 11 size: 8202 dataOffset: 2
09-15 13:27:38.270  7378  7829 D OPENHU  : [78] Companion.decrypt | RECV: AUDIO Media Data type: 0 flags: 11 size: 8202 dataOffset: 2
09-15 13:27:38.314  7378  7829 D OPENHU  : [78] Companion.decrypt | RECV: AUDIO Media Data type: 0 flags: 11 size: 8202 dataOffset: 2
09-15 13:27:38.357  7378  7829 D OPENHU  : [78] Companion.decrypt | RECV: AUDIO Media Data type: 0 flags: 11 size: 8202 dataOffset: 2
09-15 13:27:38.397  7378  7829 D OPENHU  : [78] Companion.decrypt | RECV: AUDIO Media Data type: 0 flags: 11 size: 8202 dataOffset: 2
09-15 13:27:38.439  7378  7829 D OPENHU  : [78] Companion.decrypt | RECV: AUDIO Media Data type: 0 flags: 11 size: 8202 dataOffset: 2
09-15 13:27:38.481  7378  7829 D OPENHU  : [78] Companion.decrypt | RECV: AUDIO Media Data type: 0 flags: 11 size: 8202 dataOffset: 2
09-15 13:27:38.523  7378  7829 D OPENHU  : [78] Companion.decrypt | RECV: AUDIO Media Data type: 0 flags: 11 size: 8202 dataOffset: 2
09-15 13:27:38.568  7378  7829 D OPENHU  : [78] Companion.decrypt | RECV: AUDIO Media Data type: 0 flags: 11 size: 8202 dataOffset: 2
09-15 13:27:38.612  7378  7829 D OPENHU  : [78] Companion.decrypt | RECV: AUDIO Media Data type: 0 flags: 11 size: 8202 dataOffset: 2
09-15 13:27:38.626  7378  7829 D OPENHU  : [78] Companion.decrypt | RECV: MUSIC_PLAYBACK Media Playback Status type: 32769 flags: 11 size: 18 dataOffset: 2
09-15 13:27:38.627  7378  7829 D OPENHU  : [78] AapMediaPlayback.processStatusPacket | AapMediaPlayback: status mediaSource='VLC', playbackSeconds(u32)=196, state=PLAYING
09-15 13:27:38.653  7378  7829 D OPENHU  : [78] Companion.decrypt | RECV: AUDIO Media Data type: 0 flags: 11 size: 8202 dataOffset: 2
09-15 13:27:38.698  7378  7829 D OPENHU  : [78] Companion.decrypt | RECV: AUDIO Media Data type: 0 flags: 11 size: 8202 dataOffset: 2
09-15 13:27:38.738  7378  7829 D OPENHU  : [78] Companion.decrypt | RECV: AUDIO Media Data type: 0 flags: 11 size: 8202 dataOffset: 2
09-15 13:27:38.781  7378  7829 D OPENHU  : [78] Companion.decrypt | RECV: AUDIO Media Data type: 0 flags: 11 size: 8202 dataOffset: 2
09-15 13:27:38.825  7378  7829 D OPENHU  : [78] Companion.decrypt | RECV: AUDIO Media Data type: 0 flags: 11 size: 8202 dataOffset: 2
09-15 13:27:38.866  7378  7829 D OPENHU  : [78] Companion.decrypt | RECV: AUDIO Media Data type: 0 flags: 11 size: 8202 dataOffset: 2
09-15 13:27:38.907  7378  7829 D OPENHU  : [78] Companion.decrypt | RECV: CONTROL Ping Request type: 11 flags: 11 size: 12 dataOffset: 2
09-15 13:27:38.908  7378  7829 V OPENHU  : [78] AapTransport.send | CONTROL Ping Response type: 12 flags: 11 size: 14 dataOffset: 6
09-15 13:27:38.911  7378  7829 D OPENHU  : [78] Companion.decrypt | RECV: AUDIO Media Data type: 0 flags: 11 size: 8202 dataOffset: 2
09-15 13:27:38.951  7378  7829 D OPENHU  : [78] Companion.decrypt | RECV: AUDIO Media Data type: 0 flags: 11 size: 8202 dataOffset: 2
09-15 13:27:38.994  7378  7829 D OPENHU  : [78] Companion.decrypt | RECV: AUDIO Media Data type: 0 flags: 11 size: 8202 dataOffset: 2
09-15 13:27:39.032  7378  7378 V OPENHU  : [2] GpsLocation.onLocationChanged | GpsLocation: fix received
09-15 13:27:39.040  7378  7378 V OPENHU  : [2] AapTransport.send | SENSOR Sensor Event type: 32771 flags: 11 size: 46 dataOffset: 6
09-15 13:27:39.041  7378  7829 D OPENHU  : [78] Companion.decrypt | RECV: AUDIO Media Data type: 0 flags: 11 size: 8202 dataOffset: 2
09-15 13:27:39.080  7378  7829 D OPENHU  : [78] Companion.decrypt | RECV: AUDIO Media Data type: 0 flags: 11 size: 8202 dataOffset: 2
09-15 13:27:39.121  7378  7829 D OPENHU  : [78] Companion.decrypt | RECV: AUDIO Media Data type: 0 flags: 11 size: 8202 dataOffset: 2
09-15 13:27:39.164  7378  7829 D OPENHU  : [78] Companion.decrypt | RECV: AUDIO Media Data type: 0 flags: 11 size: 8202 dataOffset: 2
09-15 13:27:39.207  7378  7829 D OPENHU  : [78] Companion.decrypt | RECV: AUDIO Media Data type: 0 flags: 11 size: 8202 dataOffset: 2
09-15 13:27:39.252  7378  7829 D OPENHU  : [78] Companion.decrypt | RECV: AUDIO Media Data type: 0 flags: 11 size: 8202 dataOffset: 2
09-15 13:27:39.292  7378  7829 D OPENHU  : [78] Companion.decrypt | RECV: AUDIO Media Data type: 0 flags: 11 size: 8202 dataOffset: 2
09-15 13:27:39.336  7378  7829 D OPENHU  : [78] Companion.decrypt | RECV: AUDIO Media Data type: 0 flags: 11 size: 8202 dataOffset: 2
09-15 13:27:39.377  7378  7829 D OPENHU  : [78] Companion.decrypt | RECV: AUDIO Media Data type: 0 flags: 11 size: 8202 dataOffset: 2
09-15 13:27:39.420  7378  7829 D OPENHU  : [78] Companion.decrypt | RECV: AUDIO Media Data type: 0 flags: 11 size: 8202 dataOffset: 2
09-15 13:27:39.462  7378  7829 D OPENHU  : [78] Companion.decrypt | RECV: AUDIO Media Data type: 0 flags: 11 size: 8202 dataOffset: 2
09-15 13:27:39.509  7378  7829 D OPENHU  : [78] Companion.decrypt | RECV: AUDIO Media Data type: 0 flags: 11 size: 8202 dataOffset: 2
09-15 13:27:39.548  7378  7829 D OPENHU  : [78] Companion.decrypt | RECV: AUDIO Media Data type: 0 flags: 11 size: 8202 dataOffset: 2
09-15 13:27:39.591  7378  7829 D OPENHU  : [78] Companion.decrypt | RECV: AUDIO Media Data type: 0 flags: 11 size: 8202 dataOffset: 2
09-15 13:27:39.627  7378  7829 D OPENHU  : [78] Companion.decrypt | RECV: MUSIC_PLAYBACK Media Playback Status type: 32769 flags: 11 size: 18 dataOffset: 2
09-15 13:27:39.628  7378  7829 D OPENHU  : [78] AapMediaPlayback.processStatusPacket | AapMediaPlayback: status mediaSource='VLC', playbackSeconds(u32)=197, state=PLAYING
09-15 13:27:39.633  7378  7829 D OPENHU  : [78] Companion.decrypt | RECV: AUDIO Media Data type: 0 flags: 11 size: 8202 dataOffset: 2
09-15 13:27:39.676  7378  7829 D OPENHU  : [78] Companion.decrypt | RECV: AUDIO Media Data type: 0 flags: 11 size: 8202 dataOffset: 2
09-15 13:27:39.719  7378  7829 D OPENHU  : [78] Companion.decrypt | RECV: AUDIO Media Data type: 0 flags: 11 size: 8202 dataOffset: 2
09-15 13:27:39.731  7378  7862 I OPENHU  : [87] VideoDecoder.logThroughput | Throughput over 5000ms: rendered=156 (31fps), fed=157 (31fps), dropped=0, skipped=0, concealed=0, inputWait=68ms, enqueueWait=0ms, codec=c2.unisoc.avc.decoder, presented=155 (31fps), decodeLatency=9ms p95=12ms (155 frames)
09-15 13:27:39.761  7378  7829 D OPENHU  : [78] Companion.decrypt | RECV: AUDIO Media Data type: 0 flags: 11 size: 8202 dataOffset: 2
09-15 13:27:39.805  7378  7829 D OPENHU  : [78] Companion.decrypt | RECV: AUDIO Media Data type: 0 flags: 11 size: 8202 dataOffset: 2
09-15 13:27:39.846  7378  7829 D OPENHU  : [78] Companion.decrypt | RECV: AUDIO Media Data type: 0 flags: 11 size: 8202 dataOffset: 2
09-15 13:27:39.891  7378  7829 D OPENHU  : [78] Companion.decrypt | RECV: AUDIO Media Data type: 0 flags: 11 size: 8202 dataOffset: 2
09-15 13:27:39.906  7378  7829 D OPENHU  : [78] Companion.decrypt | RECV: CONTROL Ping Request type: 11 flags: 11 size: 12 dataOffset: 2
09-15 13:27:39.907  7378  7829 V OPENHU  : [78] AapTransport.send | CONTROL Ping Response type: 12 flags: 11 size: 14 dataOffset: 6
09-15 13:27:39.932  7378  7829 D OPENHU  : [78] Companion.decrypt | RECV: AUDIO Media Data type: 0 flags: 11 size: 8202 dataOffset: 2
09-15 13:27:39.975  7378  7829 D OPENHU  : [78] Companion.decrypt | RECV: AUDIO Media Data type: 0 flags: 11 size: 8202 dataOffset: 2
09-15 13:27:39.999  7378  7378 V OPENHU  : [2] GpsLocation.onLocationChanged | GpsLocation: fix received
09-15 13:27:40.011  7378  7378 V OPENHU  : [2] AapTransport.send | SENSOR Sensor Event type: 32771 flags: 11 size: 46 dataOffset: 6
09-15 13:27:40.019  7378  7829 D OPENHU  : [78] Companion.decrypt | RECV: AUDIO Media Data type: 0 flags: 11 size: 8202 dataOffset: 2
09-15 13:27:40.060  7378  7829 D OPENHU  : [78] Companion.decrypt | RECV: AUDIO Media Data type: 0 flags: 11 size: 8202 dataOffset: 2
09-15 13:27:40.103  7378  7829 D OPENHU  : [78] Companion.decrypt | RECV: AUDIO Media Data type: 0 flags: 11 size: 8202 dataOffset: 2
09-15 13:27:40.147  7378  7829 D OPENHU  : [78] Companion.decrypt | RECV: AUDIO Media Data type: 0 flags: 11 size: 8202 dataOffset: 2
09-15 13:27:40.193  7378  7829 D OPENHU  : [78] Companion.decrypt | RECV: AUDIO Media Data type: 0 flags: 11 size: 8202 dataOffset: 2
09-15 13:27:40.221  7378  7378 I OPENHU  : [2] TextureProjectionView.onSurfaceTextureUpdated | TextureProjectionView: displayed 134 frames in 5020ms (26fps), longFrames=1
09-15 13:27:40.232  7378  7829 D OPENHU  : [78] Companion.decrypt | RECV: AUDIO Media Data type: 0 flags: 11 size: 8202 dataOffset: 2
09-15 13:27:40.273  7378  7829 D OPENHU  : [78] Companion.decrypt | RECV: AUDIO Media Data type: 0 flags: 11 size: 8202 dataOffset: 2
09-15 13:27:40.318  7378  7829 D OPENHU  : [78] Companion.decrypt | RECV: AUDIO Media Data type: 0 flags: 11 size: 8202 dataOffset: 2
09-15 13:27:40.359  7378  7829 D OPENHU  : [78] Companion.decrypt | RECV: AUDIO Media Data type: 0 flags: 11 size: 8202 dataOffset: 2
09-15 13:27:40.402  7378  7829 D OPENHU  : [78] Companion.decrypt | RECV: AUDIO Media Data type: 0 flags: 11 size: 8202 dataOffset: 2
09-15 13:27:40.443  7378  7829 D OPENHU  : [78] Companion.decrypt | RECV: AUDIO Media Data type: 0 flags: 11 size: 8202 dataOffset: 2
09-15 13:27:40.488  7378  7829 D OPENHU  : [78] Companion.decrypt | RECV: AUDIO Media Data type: 0 flags: 11 size: 8202 dataOffset: 2
09-15 13:27:40.531  7378  7829 D OPENHU  : [78] Companion.decrypt | RECV: AUDIO Media Data type: 0 flags: 11 size: 8202 dataOffset: 2
09-15 13:27:40.575  7378  7829 D OPENHU  : [78] Companion.decrypt | RECV: AUDIO Media Data type: 0 flags: 11 size: 8202 dataOffset: 2
09-15 13:27:40.618  7378  7829 D OPENHU  : [78] Companion.decrypt | RECV: AUDIO Media Data type: 0 flags: 11 size: 8202 dataOffset: 2
09-15 13:27:40.629  7378  7829 D OPENHU  : [78] Companion.decrypt | RECV: MUSIC_PLAYBACK Media Playback Status type: 32769 flags: 11 size: 18 dataOffset: 2
09-15 13:27:40.630  7378  7829 D OPENHU  : [78] AapMediaPlayback.processStatusPacket | AapMediaPlayback: status mediaSource='VLC', playbackSeconds(u32)=198, state=PLAYING
09-15 13:27:40.658  7378  7829 D OPENHU  : [78] Companion.decrypt | RECV: AUDIO Media Data type: 0 flags: 11 size: 8202 dataOffset: 2
09-15 13:27:40.702  7378  7829 D OPENHU  : [78] Companion.decrypt | RECV: AUDIO Media Data type: 0 flags: 11 size: 8202 dataOffset: 2
09-15 13:27:40.742  7378  7829 D OPENHU  : [78] Companion.decrypt | RECV: AUDIO Media Data type: 0 flags: 11 size: 8202 dataOffset: 2
09-15 13:27:40.790  7378  7829 D OPENHU  : [78] Companion.decrypt | RECV: AUDIO Media Data type: 0 flags: 11 size: 8202 dataOffset: 2
09-15 13:27:40.828  7378  7829 D OPENHU  : [78] Companion.decrypt | RECV: AUDIO Media Data type: 0 flags: 11 size: 8202 dataOffset: 2
09-15 13:27:40.871  7378  7829 D OPENHU  : [78] Companion.decrypt | RECV: AUDIO Media Data type: 0 flags: 11 size: 8202 dataOffset: 2
09-15 13:27:40.909  7378  7829 D OPENHU  : [78] Companion.decrypt | RECV: CONTROL Ping Request type: 11 flags: 11 size: 12 dataOffset: 2
09-15 13:27:40.910  7378  7829 V OPENHU  : [78] AapTransport.send | CONTROL Ping Response type: 12 flags: 11 size: 14 dataOffset: 6
09-15 13:27:40.913  7378  7829 D OPENHU  : [78] Companion.decrypt | RECV: AUDIO Media Data type: 0 flags: 11 size: 8202 dataOffset: 2
09-15 13:27:40.956  7378  7829 D OPENHU  : [78] Companion.decrypt | RECV: AUDIO Media Data type: 0 flags: 11 size: 8202 dataOffset: 2
09-15 13:27:41.000  7378  7829 D OPENHU  : [78] Companion.decrypt | RECV: AUDIO Media Data type: 0 flags: 11 size: 8202 dataOffset: 2
09-15 13:27:41.014  7378  7378 V OPENHU  : [2] GpsLocation.onLocationChanged | GpsLocation: fix received
09-15 13:27:41.023  7378  7378 V OPENHU  : [2] AapTransport.send | SENSOR Sensor Event type: 32771 flags: 11 size: 46 dataOffset: 6
09-15 13:27:41.041  7378  7829 D OPENHU  : [78] Companion.decrypt | RECV: AUDIO Media Data type: 0 flags: 11 size: 8202 dataOffset: 2
09-15 13:27:41.085  7378  7829 D OPENHU  : [78] Companion.decrypt | RECV: AUDIO Media Data type: 0 flags: 11 size: 8202 dataOffset: 2
09-15 13:27:41.127  7378  7829 D OPENHU  : [78] Companion.decrypt | RECV: AUDIO Media Data type: 0 flags: 11 size: 8202 dataOffset: 2
09-15 13:27:41.171  7378  7829 D OPENHU  : [78] Companion.decrypt | RECV: AUDIO Media Data type: 0 flags: 11 size: 8202 dataOffset: 2
09-15 13:27:41.211  7378  7829 D OPENHU  : [78] Companion.decrypt | RECV: AUDIO Media Data type: 0 flags: 11 size: 8202 dataOffset: 2
09-15 13:27:41.256  7378  7829 D OPENHU  : [78] Companion.decrypt | RECV: AUDIO Media Data type: 0 flags: 11 size: 8202 dataOffset: 2
09-15 13:27:41.298  7378  7829 D OPENHU  : [78] Companion.decrypt | RECV: AUDIO Media Data type: 0 flags: 11 size: 8202 dataOffset: 2
09-15 13:27:41.341  7378  7829 D OPENHU  : [78] Companion.decrypt | RECV: AUDIO Media Data type: 0 flags: 11 size: 8202 dataOffset: 2
09-15 13:27:41.386  7378  7829 D OPENHU  : [78] Companion.decrypt | RECV: AUDIO Media Data type: 0 flags: 11 size: 8202 dataOffset: 2
09-15 13:27:41.426  7378  7829 D OPENHU  : [78] Companion.decrypt | RECV: AUDIO Media Data type: 0 flags: 11 size: 8202 dataOffset: 2
09-15 13:27:41.469  7378  7829 D OPENHU  : [78] Companion.decrypt | RECV: AUDIO Media Data type: 0 flags: 11 size: 8202 dataOffset: 2
09-15 13:27:41.512  7378  7829 D OPENHU  : [78] Companion.decrypt | RECV: AUDIO Media Data type: 0 flags: 11 size: 8202 dataOffset: 2
09-15 13:27:41.554  7378  7829 D OPENHU  : [78] Companion.decrypt | RECV: AUDIO Media Data type: 0 flags: 11 size: 8202 dataOffset: 2
09-15 13:27:41.597  7378  7829 D OPENHU  : [78] Companion.decrypt | RECV: AUDIO Media Data type: 0 flags: 11 size: 8202 dataOffset: 2
09-15 13:27:41.629  7378  7829 D OPENHU  : [78] Companion.decrypt | RECV: MUSIC_PLAYBACK Media Playback Status type: 32769 flags: 11 size: 18 dataOffset: 2
09-15 13:27:41.630  7378  7829 D OPENHU  : [78] AapMediaPlayback.processStatusPacket | AapMediaPlayback: status mediaSource='VLC', playbackSeconds(u32)=199, state=PLAYING
09-15 13:27:41.639  7378  7829 D OPENHU  : [78] Companion.decrypt | RECV: AUDIO Media Data type: 0 flags: 11 size: 8202 dataOffset: 2
09-15 13:27:41.682  7378  7829 D OPENHU  : [78] Companion.decrypt | RECV: AUDIO Media Data type: 0 flags: 11 size: 8202 dataOffset: 2
09-15 13:27:41.725  7378  7829 D OPENHU  : [78] Companion.decrypt | RECV: AUDIO Media Data type: 0 flags: 11 size: 8202 dataOffset: 2
09-15 13:27:41.767  7378  7829 D OPENHU  : [78] Companion.decrypt | RECV: AUDIO Media Data type: 0 flags: 11 size: 8202 dataOffset: 2
09-15 13:27:41.809  7378  7829 D OPENHU  : [78] Companion.decrypt | RECV: AUDIO Media Data type: 0 flags: 11 size: 8202 dataOffset: 2
09-15 13:27:41.853  7378  7829 D OPENHU  : [78] Companion.decrypt | RECV: AUDIO Media Data type: 0 flags: 11 size: 8202 dataOffset: 2
09-15 13:27:41.896  7378  7829 D OPENHU  : [78] Companion.decrypt | RECV: AUDIO Media Data type: 0 flags: 11 size: 8202 dataOffset: 2
09-15 13:27:41.908  7378  7829 D OPENHU  : [78] Companion.decrypt | RECV: CONTROL Ping Request type: 11 flags: 11 size: 12 dataOffset: 2
09-15 13:27:41.909  7378  7829 V OPENHU  : [78] AapTransport.send | CONTROL Ping Response type: 12 flags: 11 size: 14 dataOffset: 6
09-15 13:27:41.940  7378  7829 D OPENHU  : [78] Companion.decrypt | RECV: AUDIO Media Data type: 0 flags: 11 size: 8202 dataOffset: 2
09-15 13:27:41.981  7378  7829 D OPENHU  : [78] Companion.decrypt | RECV: AUDIO Media Data type: 0 flags: 11 size: 8202 dataOffset: 2
09-15 13:27:41.998  7378  7378 V OPENHU  : [2] GpsLocation.onLocationChanged | GpsLocation: fix received
09-15 13:27:42.014  7378  7378 V OPENHU  : [2] AapTransport.send | SENSOR Sensor Event type: 32771 flags: 11 size: 46 dataOffset: 6
09-15 13:27:42.024  7378  7829 D OPENHU  : [78] Companion.decrypt | RECV: AUDIO Media Data type: 0 flags: 11 size: 8202 dataOffset: 2
09-15 13:27:42.067  7378  7829 D OPENHU  : [78] Companion.decrypt | RECV: AUDIO Media Data type: 0 flags: 11 size: 8202 dataOffset: 2
09-15 13:27:42.108  7378  7829 D OPENHU  : [78] Companion.decrypt | RECV: AUDIO Media Data type: 0 flags: 11 size: 8202 dataOffset: 2
09-15 13:27:42.154  7378  7829 D OPENHU  : [78] Companion.decrypt | RECV: AUDIO Media Data type: 0 flags: 11 size: 8202 dataOffset: 2
09-15 13:27:42.194  7378  7829 D OPENHU  : [78] Companion.decrypt | RECV: AUDIO Media Data type: 0 flags: 11 size: 8202 dataOffset: 2
09-15 13:27:42.236  7378  7829 D OPENHU  : [78] Companion.decrypt | RECV: AUDIO Media Data type: 0 flags: 11 size: 8202 dataOffset: 2
09-15 13:27:42.279  7378  7829 D OPENHU  : [78] Companion.decrypt | RECV: AUDIO Media Data type: 0 flags: 11 size: 8202 dataOffset: 2
09-15 13:27:42.324  7378  7829 D OPENHU  : [78] Companion.decrypt | RECV: AUDIO Media Data type: 0 flags: 11 size: 8202 dataOffset: 2
09-15 13:27:42.366  7378  7829 D OPENHU  : [78] Companion.decrypt | RECV: AUDIO Media Data type: 0 flags: 11 size: 8202 dataOffset: 2
09-15 13:27:42.407  7378  7829 D OPENHU  : [78] Companion.decrypt | RECV: AUDIO Media Data type: 0 flags: 11 size: 8202 dataOffset: 2
09-15 13:27:42.450  7378  7829 D OPENHU  : [78] Companion.decrypt | RECV: AUDIO Media Data type: 0 flags: 11 size: 8202 dataOffset: 2
09-15 13:27:42.491  7378  7829 D OPENHU  : [78] Companion.decrypt | RECV: AUDIO Media Data type: 0 flags: 11 size: 8202 dataOffset: 2
09-15 13:27:42.538  7378  7829 D OPENHU  : [78] Companion.decrypt | RECV: AUDIO Media Data type: 0 flags: 11 size: 8202 dataOffset: 2
09-15 13:27:42.578  7378  7829 D OPENHU  : [78] Companion.decrypt | RECV: AUDIO Media Data type: 0 flags: 11 size: 8202 dataOffset: 2
09-15 13:27:42.625  7378  7829 D OPENHU  : [78] Companion.decrypt | RECV: AUDIO Media Data type: 0 flags: 11 size: 8202 dataOffset: 2
09-15 13:27:42.632  7378  7829 D OPENHU  : [78] Companion.decrypt | RECV: MUSIC_PLAYBACK Media Playback Status type: 32769 flags: 11 size: 18 dataOffset: 2
09-15 13:27:42.633  7378  7829 D OPENHU  : [78] AapMediaPlayback.processStatusPacket | AapMediaPlayback: status mediaSource='VLC', playbackSeconds(u32)=200, state=PLAYING
09-15 13:27:42.663  7378  7829 D OPENHU  : [78] Companion.decrypt | RECV: AUDIO Media Data type: 0 flags: 11 size: 8202 dataOffset: 2
09-15 13:27:42.706  7378  7829 D OPENHU  : [78] Companion.decrypt | RECV: AUDIO Media Data type: 0 flags: 11 size: 8202 dataOffset: 2
09-15 13:27:42.750  7378  7829 D OPENHU  : [78] Companion.decrypt | RECV: AUDIO Media Data type: 0 flags: 11 size: 8202 dataOffset: 2
09-15 13:27:42.790  7378  7829 D OPENHU  : [78] Companion.decrypt | RECV: AUDIO Media Data type: 0 flags: 11 size: 8202 dataOffset: 2
09-15 13:27:42.832  7378  7829 D OPENHU  : [78] Companion.decrypt | RECV: AUDIO Media Data type: 0 flags: 11 size: 8202 dataOffset: 2
09-15 13:27:42.875  7378  7829 D OPENHU  : [78] Companion.decrypt | RECV: AUDIO Media Data type: 0 flags: 11 size: 8202 dataOffset: 2
09-15 13:27:42.907  7378  7829 D OPENHU  : [78] Companion.decrypt | RECV: CONTROL Ping Request type: 11 flags: 11 size: 12 dataOffset: 2
09-15 13:27:42.908  7378  7829 V OPENHU  : [78] AapTransport.send | CONTROL Ping Response type: 12 flags: 11 size: 14 dataOffset: 6
09-15 13:27:42.917  7378  7829 D OPENHU  : [78] Companion.decrypt | RECV: AUDIO Media Data type: 0 flags: 11 size: 8202 dataOffset: 2
09-15 13:27:42.962  7378  7829 D OPENHU  : [78] Companion.decrypt | RECV: AUDIO Media Data type: 0 flags: 11 size: 8202 dataOffset: 2
09-15 13:27:43.005  7378  7829 D OPENHU  : [78] Companion.decrypt | RECV: AUDIO Media Data type: 0 flags: 11 size: 8202 dataOffset: 2
09-15 13:27:43.031  7378  7378 V OPENHU  : [2] GpsLocation.onLocationChanged | GpsLocation: fix received
09-15 13:27:43.036  7378  7378 V OPENHU  : [2] AapTransport.send | SENSOR Sensor Event type: 32771 flags: 11 size: 46 dataOffset: 6
09-15 13:27:43.048  7378  7829 D OPENHU  : [78] Companion.decrypt | RECV: AUDIO Media Data type: 0 flags: 11 size: 8202 dataOffset: 2
09-15 13:27:43.090  7378  7829 D OPENHU  : [78] Companion.decrypt | RECV: AUDIO Media Data type: 0 flags: 11 size: 8202 dataOffset: 2
09-15 13:27:43.133  7378  7829 D OPENHU  : [78] Companion.decrypt | RECV: AUDIO Media Data type: 0 flags: 11 size: 8202 dataOffset: 2
09-15 13:27:43.174  7378  7829 D OPENHU  : [78] Companion.decrypt | RECV: AUDIO Media Data type: 0 flags: 11 size: 8202 dataOffset: 2
09-15 13:27:43.220  7378  7829 D OPENHU  : [78] Companion.decrypt | RECV: AUDIO Media Data type: 0 flags: 11 size: 8202 dataOffset: 2
09-15 13:27:43.262  7378  7829 D OPENHU  : [78] Companion.decrypt | RECV: AUDIO Media Data type: 0 flags: 11 size: 8202 dataOffset: 2
09-15 13:27:43.304  7378  7829 D OPENHU  : [78] Companion.decrypt | RECV: AUDIO Media Data type: 0 flags: 11 size: 8202 dataOffset: 2
09-15 13:27:43.349  7378  7829 D OPENHU  : [78] Companion.decrypt | RECV: AUDIO Media Data type: 0 flags: 11 size: 8202 dataOffset: 2
09-15 13:27:43.388  7378  7829 D OPENHU  : [78] Companion.decrypt | RECV: AUDIO Media Data type: 0 flags: 11 size: 8202 dataOffset: 2
09-15 13:27:43.432  7378  7829 D OPENHU  : [78] Companion.decrypt | RECV: AUDIO Media Data type: 0 flags: 11 size: 8202 dataOffset: 2
09-15 13:27:43.475  7378  7829 D OPENHU  : [78] Companion.decrypt | RECV: AUDIO Media Data type: 0 flags: 11 size: 8202 dataOffset: 2
09-15 13:27:43.517  7378  7829 D OPENHU  : [78] Companion.decrypt | RECV: AUDIO Media Data type: 0 flags: 11 size: 8202 dataOffset: 2
09-15 13:27:43.561  7378  7829 D OPENHU  : [78] Companion.decrypt | RECV: AUDIO Media Data type: 0 flags: 11 size: 8202 dataOffset: 2
09-15 13:27:43.604  7378  7829 D OPENHU  : [78] Companion.decrypt | RECV: AUDIO Media Data type: 0 flags: 11 size: 8202 dataOffset: 2
09-15 13:27:43.606  7378  7829 I OPENHU  : [78] AapTransport.noteMessageReceived$com_andrerinas_headunitrevived_3_4_0_beta3_githubDebug | AapTransport: inbound rate over 30041ms: video=46kB/s (1015 msgs), audio=187kB/s (704 msgs), other=0kB/s (59 msgs)
09-15 13:27:43.637  7378  7829 D OPENHU  : [78] Companion.decrypt | RECV: MUSIC_PLAYBACK Media Playback Status type: 32769 flags: 11 size: 18 dataOffset: 2
09-15 13:27:43.639  7378  7829 D OPENHU  : [78] AapMediaPlayback.processStatusPacket | AapMediaPlayback: status mediaSource='VLC', playbackSeconds(u32)=201, state=PLAYING
09-15 13:27:43.641  7378  7829 I OPENHU  : [78] AapMessageHandlerType.handle | AapTransport: transport dispatch over 30020ms: video=993ms, audio=816ms, other=68ms, unread=6%, blocks=0, longest=13ms on VIDEO, videoQueue=2
09-15 13:27:43.647  7378  7829 D OPENHU  : [78] Companion.decrypt | RECV: AUDIO Media Data type: 0 flags: 11 size: 8202 dataOffset: 2
09-15 13:27:43.689  7378  7829 D OPENHU  : [78] Companion.decrypt | RECV: AUDIO Media Data type: 0 flags: 11 size: 8202 dataOffset: 2
09-15 13:27:43.734  7378  7829 D OPENHU  : [78] Companion.decrypt | RECV: AUDIO Media Data type: 0 flags: 11 size: 8202 dataOffset: 2
09-15 13:27:43.774  7378  7829 D OPENHU  : [78] Companion.decrypt | RECV: AUDIO Media Data type: 0 flags: 11 size: 8202 dataOffset: 2
09-15 13:27:43.814  7378  7829 D OPENHU  : [78] Companion.decrypt | RECV: AUDIO Media Data type: 0 flags: 11 size: 8202 dataOffset: 2
09-15 13:27:43.859  7378  7829 D OPENHU  : [78] Companion.decrypt | RECV: AUDIO Media Data type: 0 flags: 11 size: 8202 dataOffset: 2
09-15 13:27:43.901  7378  7829 D OPENHU  : [78] Companion.decrypt | RECV: AUDIO Media Data type: 0 flags: 11 size: 8202 dataOffset: 2
09-15 13:27:43.910  7378  7829 D OPENHU  : [78] Companion.decrypt | RECV: CONTROL Ping Request type: 11 flags: 11 size: 12 dataOffset: 2
09-15 13:27:43.911  7378  7829 V OPENHU  : [78] AapTransport.send | CONTROL Ping Response type: 12 flags: 11 size: 14 dataOffset: 6
09-15 13:27:43.945  7378  7829 D OPENHU  : [78] Companion.decrypt | RECV: AUDIO Media Data type: 0 flags: 11 size: 8202 dataOffset: 2
09-15 13:27:43.986  7378  7829 D OPENHU  : [78] Companion.decrypt | RECV: AUDIO Media Data type: 0 flags: 11 size: 8202 dataOffset: 2
09-15 13:27:43.996  7378  7378 V OPENHU  : [2] GpsLocation.onLocationChanged | GpsLocation: fix received
09-15 13:27:44.002  7378  7378 V OPENHU  : [2] AapTransport.send | SENSOR Sensor Event type: 32771 flags: 11 size: 46 dataOffset: 6
09-15 13:27:44.028  7378  7829 D OPENHU  : [78] Companion.decrypt | RECV: AUDIO Media Data type: 0 flags: 11 size: 8202 dataOffset: 2
09-15 13:27:44.071  7378  7829 D OPENHU  : [78] Companion.decrypt | RECV: AUDIO Media Data type: 0 flags: 11 size: 8202 dataOffset: 2
09-15 13:27:44.115  7378  7829 D OPENHU  : [78] Companion.decrypt | RECV: AUDIO Media Data type: 0 flags: 11 size: 8202 dataOffset: 2
09-15 13:27:44.158  7378  7829 D OPENHU  : [78] Companion.decrypt | RECV: AUDIO Media Data type: 0 flags: 11 size: 8202 dataOffset: 2
09-15 13:27:44.201  7378  7829 D OPENHU  : [78] Companion.decrypt | RECV: AUDIO Media Data type: 0 flags: 11 size: 8202 dataOffset: 2
09-15 13:27:44.241  7378  7829 D OPENHU  : [78] Companion.decrypt | RECV: AUDIO Media Data type: 0 flags: 11 size: 8202 dataOffset: 2
09-15 13:27:44.243  7378  7850 I OPENHU  : [84] AudioTrackWrapper.sampleHealth | audio sink AUDIO over 30034ms: underruns=0, silentCycles=14, rebanks=2, dropped=0, droppedFrames=0, shed=0, depth=370ms (min 0ms), queued=0, capacity=0 frames (0ms), effective=0 frames (0ms), target=7808 frames (162ms), drift=0ms
09-15 13:27:44.283  7378  7829 D OPENHU  : [78] Companion.decrypt | RECV: AUDIO Media Data type: 0 flags: 11 size: 8202 dataOffset: 2
09-15 13:27:44.328  7378  7829 D OPENHU  : [78] Companion.decrypt | RECV: AUDIO Media Data type: 0 flags: 11 size: 8202 dataOffset: 2
09-15 13:27:44.369  7378  7829 D OPENHU  : [78] Companion.decrypt | RECV: AUDIO Media Data type: 0 flags: 11 size: 8202 dataOffset: 2
09-15 13:27:44.409  7378  7848 I OPENHU  : [82] AudioTrackWrapper.sampleHealth | audio sink AUDIO2 over 30095ms: underruns=0, silentCycles=1500, rebanks=0, dropped=0, droppedFrames=0, shed=0, depth=0ms (min 0ms), queued=0, capacity=0 frames (0ms), effective=0 frames (0ms), target=6720 frames (420ms), drift=0ms
09-15 13:27:44.414  7378  7829 D OPENHU  : [78] Companion.decrypt | RECV: AUDIO Media Data type: 0 flags: 11 size: 8202 dataOffset: 2
09-15 13:27:44.438  7378  7849 I OPENHU  : [83] AudioTrackWrapper.sampleHealth | audio sink AUDIO1 over 30110ms: underruns=0, silentCycles=1510, rebanks=0, dropped=0, droppedFrames=0, shed=0, depth=0ms (min 0ms), queued=0, capacity=0 frames (0ms), effective=0 frames (0ms), target=6720 frames (420ms), drift=0ms
09-15 13:27:44.454  7378  7829 D OPENHU  : [78] Companion.decrypt | RECV: AUDIO Media Data type: 0 flags: 11 size: 8202 dataOffset: 2
09-15 13:27:44.501  7378  7829 D OPENHU  : [78] Companion.decrypt | RECV: AUDIO Media Data type: 0 flags: 11 size: 8202 dataOffset: 2
09-15 13:27:44.542  7378  7829 D OPENHU  : [78] Companion.decrypt | RECV: AUDIO Media Data type: 0 flags: 11 size: 8202 dataOffset: 2
09-15 13:27:44.585  7378  7829 D OPENHU  : [78] Companion.decrypt | RECV: AUDIO Media Data type: 0 flags: 11 size: 8202 dataOffset: 2
09-15 13:27:44.628  7378  7829 D OPENHU  : [78] Companion.decrypt | RECV: AUDIO Media Data type: 0 flags: 11 size: 8202 dataOffset: 2
09-15 13:27:44.640  7378  7829 D OPENHU  : [78] Companion.decrypt | RECV: MUSIC_PLAYBACK Media Playback Status type: 32769 flags: 11 size: 18 dataOffset: 2
09-15 13:27:44.642  7378  7829 D OPENHU  : [78] AapMediaPlayback.processStatusPacket | AapMediaPlayback: status mediaSource='VLC', playbackSeconds(u32)=202, state=PLAYING
09-15 13:27:44.671  7378  7829 D OPENHU  : [78] Companion.decrypt | RECV: AUDIO Media Data type: 0 flags: 11 size: 8202 dataOffset: 2
09-15 13:27:44.716  7378  7829 D OPENHU  : [78] Companion.decrypt | RECV: AUDIO Media Data type: 0 flags: 11 size: 8202 dataOffset: 2
09-15 13:27:44.740  7378  7862 I OPENHU  : [87] VideoDecoder.logThroughput | Throughput over 5010ms: rendered=186 (37fps), fed=185 (36fps), dropped=0, skipped=0, concealed=0, inputWait=78ms, enqueueWait=0ms, codec=c2.unisoc.avc.decoder, presented=186 (37fps), decodeLatency=9ms p95=11ms (186 frames)
09-15 13:27:44.755  7378  7829 D OPENHU  : [78] Companion.decrypt | RECV: AUDIO Media Data type: 0 flags: 11 size: 8202 dataOffset: 2
09-15 13:27:44.797  7378  7829 D OPENHU  : [78] Companion.decrypt | RECV: AUDIO Media Data type: 0 flags: 11 size: 8202 dataOffset: 2
09-15 13:27:44.840  7378  7829 D OPENHU  : [78] Companion.decrypt | RECV: AUDIO Media Data type: 0 flags: 11 size: 8202 dataOffset: 2
09-15 13:27:44.883  7378  7829 D OPENHU  : [78] Companion.decrypt | RECV: AUDIO Media Data type: 0 flags: 11 size: 8202 dataOffset: 2
09-15 13:27:44.911  7378  7829 D OPENHU  : [78] Companion.decrypt | RECV: CONTROL Ping Request type: 11 flags: 11 size: 12 dataOffset: 2
09-15 13:27:44.912  7378  7829 V OPENHU  : [78] AapTransport.send | CONTROL Ping Response type: 12 flags: 11 size: 14 dataOffset: 6
09-15 13:27:44.925  7378  7829 D OPENHU  : [78] Companion.decrypt | RECV: AUDIO Media Data type: 0 flags: 11 size: 8202 dataOffset: 2
09-15 13:27:44.966  7378  7829 D OPENHU  : [78] Companion.decrypt | RECV: AUDIO Media Data type: 0 flags: 11 size: 8202 dataOffset: 2
09-15 13:27:45.010  7378  7829 D OPENHU  : [78] Companion.decrypt | RECV: AUDIO Media Data type: 0 flags: 11 size: 8202 dataOffset: 2
09-15 13:27:45.019  7378  7378 V OPENHU  : [2] GpsLocation.onLocationChanged | GpsLocation: fix received
09-15 13:27:45.031  7378  7378 V OPENHU  : [2] AapTransport.send | SENSOR Sensor Event type: 32771 flags: 11 size: 46 dataOffset: 6
09-15 13:27:45.052  7378  7829 D OPENHU  : [78] Companion.decrypt | RECV: AUDIO Media Data type: 0 flags: 11 size: 8202 dataOffset: 2
09-15 13:27:45.100  7378  7829 D OPENHU  : [78] Companion.decrypt | RECV: AUDIO Media Data type: 0 flags: 11 size: 8202 dataOffset: 2
09-15 13:27:45.144  7378  7829 D OPENHU  : [78] Companion.decrypt | RECV: AUDIO Media Data type: 0 flags: 11 size: 8202 dataOffset: 2
09-15 13:27:45.180  7378  7829 D OPENHU  : [78] Companion.decrypt | RECV: AUDIO Media Data type: 0 flags: 11 size: 8202 dataOffset: 2
09-15 13:27:45.223  7378  7829 D OPENHU  : [78] Companion.decrypt | RECV: AUDIO Media Data type: 0 flags: 11 size: 8202 dataOffset: 2
09-15 13:27:45.256  7378  7378 I OPENHU  : [2] TextureProjectionView.onSurfaceTextureUpdated | TextureProjectionView: displayed 159 frames in 5035ms (31fps), longFrames=1
09-15 13:27:45.266  7378  7829 D OPENHU  : [78] Companion.decrypt | RECV: AUDIO Media Data type: 0 flags: 11 size: 8202 dataOffset: 2
09-15 13:27:45.310  7378  7829 D OPENHU  : [78] Companion.decrypt | RECV: AUDIO Media Data type: 0 flags: 11 size: 8202 dataOffset: 2
09-15 13:27:45.351  7378  7829 D OPENHU  : [78] Companion.decrypt | RECV: AUDIO Media Data type: 0 flags: 11 size: 8202 dataOffset: 2
09-15 13:27:45.393  7378  7829 D OPENHU  : [78] Companion.decrypt | RECV: AUDIO Media Data type: 0 flags: 11 size: 8202 dataOffset: 2
09-15 13:27:45.437  7378  7829 D OPENHU  : [78] Companion.decrypt | RECV: AUDIO Media Data type: 0 flags: 11 size: 8202 dataOffset: 2
09-15 13:27:45.479  7378  7829 D OPENHU  : [78] Companion.decrypt | RECV: AUDIO Media Data type: 0 flags: 11 size: 8202 dataOffset: 2
09-15 13:27:45.523  7378  7829 D OPENHU  : [78] Companion.decrypt | RECV: AUDIO Media Data type: 0 flags: 11 size: 8202 dataOffset: 2
09-15 13:27:45.564  7378  7829 D OPENHU  : [78] Companion.decrypt | RECV: AUDIO Media Data type: 0 flags: 11 size: 8202 dataOffset: 2
09-15 13:27:45.608  7378  7829 D OPENHU  : [78] Companion.decrypt | RECV: AUDIO Media Data type: 0 flags: 11 size: 8202 dataOffset: 2
09-15 13:27:45.642  7378  7829 D OPENHU  : [78] Companion.decrypt | RECV: MUSIC_PLAYBACK Media Playback Status type: 32769 flags: 11 size: 18 dataOffset: 2
09-15 13:27:45.643  7378  7829 D OPENHU  : [78] AapMediaPlayback.processStatusPacket | AapMediaPlayback: status mediaSource='VLC', playbackSeconds(u32)=203, state=PLAYING
09-15 13:27:45.648  7378  7829 D OPENHU  : [78] Companion.decrypt | RECV: AUDIO Media Data type: 0 flags: 11 size: 8202 dataOffset: 2
09-15 13:27:45.692  7378  7829 D OPENHU  : [78] Companion.decrypt | RECV: AUDIO Media Data type: 0 flags: 11 size: 8202 dataOffset: 2
09-15 13:27:45.735  7378  7829 D OPENHU  : [78] Companion.decrypt | RECV: AUDIO Media Data type: 0 flags: 11 size: 8202 dataOffset: 2
09-15 13:27:45.778  7378  7829 D OPENHU  : [78] Companion.decrypt | RECV: AUDIO Media Data type: 0 flags: 11 size: 8202 dataOffset: 2
09-15 13:27:45.822  7378  7829 D OPENHU  : [78] Companion.decrypt | RECV: AUDIO Media Data type: 0 flags: 11 size: 8202 dataOffset: 2
09-15 13:27:45.864  7378  7829 D OPENHU  : [78] Companion.decrypt | RECV: AUDIO Media Data type: 0 flags: 11 size: 8202 dataOffset: 2
09-15 13:27:45.907  7378  7829 D OPENHU  : [78] Companion.decrypt | RECV: AUDIO Media Data type: 0 flags: 11 size: 8202 dataOffset: 2
09-15 13:27:45.912  7378  7829 D OPENHU  : [78] Companion.decrypt | RECV: CONTROL Ping Request type: 11 flags: 11 size: 12 dataOffset: 2
09-15 13:27:45.913  7378  7829 V OPENHU  : [78] AapTransport.send | CONTROL Ping Response type: 12 flags: 11 size: 14 dataOffset: 6
09-15 13:27:45.949  7378  7829 D OPENHU  : [78] Companion.decrypt | RECV: AUDIO Media Data type: 0 flags: 11 size: 8202 dataOffset: 2
09-15 13:27:45.991  7378  7829 D OPENHU  : [78] Companion.decrypt | RECV: AUDIO Media Data type: 0 flags: 11 size: 8202 dataOffset: 2
09-15 13:27:45.999  7378  7378 V OPENHU  : [2] GpsLocation.onLocationChanged | GpsLocation: fix received
09-15 13:27:46.005  7378  7378 V OPENHU  : [2] AapTransport.send | SENSOR Sensor Event type: 32771 flags: 11 size: 46 dataOffset: 6
09-15 13:27:46.035  7378  7829 D OPENHU  : [78] Companion.decrypt | RECV: AUDIO Media Data type: 0 flags: 11 size: 8202 dataOffset: 2
09-15 13:27:46.076  7378  7829 D OPENHU  : [78] Companion.decrypt | RECV: AUDIO Media Data type: 0 flags: 11 size: 8202 dataOffset: 2
09-15 13:27:46.120  7378  7829 D OPENHU  : [78] Companion.decrypt | RECV: AUDIO Media Data type: 0 flags: 11 size: 8202 dataOffset: 2
09-15 13:27:46.161  7378  7829 D OPENHU  : [78] Companion.decrypt | RECV: AUDIO Media Data type: 0 flags: 11 size: 8202 dataOffset: 2
09-15 13:27:46.203  7378  7829 D OPENHU  : [78] Companion.decrypt | RECV: AUDIO Media Data type: 0 flags: 11 size: 8202 dataOffset: 2
09-15 13:27:46.247  7378  7829 D OPENHU  : [78] Companion.decrypt | RECV: AUDIO Media Data type: 0 flags: 11 size: 8202 dataOffset: 2
09-15 13:27:46.290  7378  7829 D OPENHU  : [78] Companion.decrypt | RECV: AUDIO Media Data type: 0 flags: 11 size: 8202 dataOffset: 2
09-15 13:27:46.333  7378  7829 D OPENHU  : [78] Companion.decrypt | RECV: AUDIO Media Data type: 0 flags: 11 size: 8202 dataOffset: 2
09-15 13:27:46.374  7378  7829 D OPENHU  : [78] Companion.decrypt | RECV: AUDIO Media Data type: 0 flags: 11 size: 8202 dataOffset: 2
09-15 13:27:46.422  7378  7829 D OPENHU  : [78] Companion.decrypt | RECV: AUDIO Media Data type: 0 flags: 11 size: 8202 dataOffset: 2
09-15 13:27:46.463  7378  7829 D OPENHU  : [78] Companion.decrypt | RECV: AUDIO Media Data type: 0 flags: 11 size: 8202 dataOffset: 2
09-15 13:27:46.506  7378  7829 D OPENHU  : [78] Companion.decrypt | RECV: AUDIO Media Data type: 0 flags: 11 size: 8202 dataOffset: 2
09-15 13:27:46.546  7378  7829 D OPENHU  : [78] Companion.decrypt | RECV: AUDIO Media Data type: 0 flags: 11 size: 8202 dataOffset: 2
09-15 13:27:46.591  7378  7829 D OPENHU  : [78] Companion.decrypt | RECV: AUDIO Media Data type: 0 flags: 11 size: 8202 dataOffset: 2
09-15 13:27:46.633  7378  7829 D OPENHU  : [78] Companion.decrypt | RECV: AUDIO Media Data type: 0 flags: 11 size: 8202 dataOffset: 2
09-15 13:27:46.645  7378  7829 D OPENHU  : [78] Companion.decrypt | RECV: MUSIC_PLAYBACK Media Playback Status type: 32769 flags: 11 size: 18 dataOffset: 2
09-15 13:27:46.646  7378  7829 D OPENHU  : [78] AapMediaPlayback.processStatusPacket | AapMediaPlayback: status mediaSource='VLC', playbackSeconds(u32)=204, state=PLAYING
09-15 13:27:46.672  7378  7829 D OPENHU  : [78] Companion.decrypt | RECV: AUDIO Media Data type: 0 flags: 11 size: 8202 dataOffset: 2
09-15 13:27:46.717  7378  7829 D OPENHU  : [78] Companion.decrypt | RECV: AUDIO Media Data type: 0 flags: 11 size: 8202 dataOffset: 2
09-15 13:27:46.758  7378  7829 D OPENHU  : [78] Companion.decrypt | RECV: AUDIO Media Data type: 0 flags: 11 size: 8202 dataOffset: 2
09-15 13:27:46.802  7378  7829 D OPENHU  : [78] Companion.decrypt | RECV: AUDIO Media Data type: 0 flags: 11 size: 8202 dataOffset: 2
09-15 13:27:46.843  7378  7829 D OPENHU  : [78] Companion.decrypt | RECV: AUDIO Media Data type: 0 flags: 11 size: 8202 dataOffset: 2
09-15 13:27:46.887  7378  7829 D OPENHU  : [78] Companion.decrypt | RECV: AUDIO Media Data type: 0 flags: 11 size: 8202 dataOffset: 2
09-15 13:27:46.913  7378  7829 D OPENHU  : [78] Companion.decrypt | RECV: CONTROL Ping Request type: 11 flags: 11 size: 12 dataOffset: 2
09-15 13:27:46.913  7378  7829 V OPENHU  : [78] AapTransport.send | CONTROL Ping Response type: 12 flags: 11 size: 14 dataOffset: 6
09-15 13:27:46.933  7378  7829 D OPENHU  : [78] Companion.decrypt | RECV: AUDIO Media Data type: 0 flags: 11 size: 8202 dataOffset: 2
09-15 13:27:46.972  7378  7829 D OPENHU  : [78] Companion.decrypt | RECV: AUDIO Media Data type: 0 flags: 11 size: 8202 dataOffset: 2
09-15 13:27:47.015  7378  7829 D OPENHU  : [78] Companion.decrypt | RECV: AUDIO Media Data type: 0 flags: 11 size: 8202 dataOffset: 2
09-15 13:27:47.021  7378  7378 V OPENHU  : [2] GpsLocation.onLocationChanged | GpsLocation: fix received
09-15 13:27:47.033  7378  7378 V OPENHU  : [2] AapTransport.send | SENSOR Sensor Event type: 32771 flags: 11 size: 46 dataOffset: 6
09-15 13:27:47.058  7378  7829 D OPENHU  : [78] Companion.decrypt | RECV: AUDIO Media Data type: 0 flags: 11 size: 8202 dataOffset: 2
09-15 13:27:47.104  7378  7829 D OPENHU  : [78] Companion.decrypt | RECV: AUDIO Media Data type: 0 flags: 11 size: 8202 dataOffset: 2
09-15 13:27:47.142  7378  7829 D OPENHU  : [78] Companion.decrypt | RECV: AUDIO Media Data type: 0 flags: 11 size: 8202 dataOffset: 2
09-15 13:27:47.188  7378  7829 D OPENHU  : [78] Companion.decrypt | RECV: AUDIO Media Data type: 0 flags: 11 size: 8202 dataOffset: 2
09-15 13:27:47.228  7378  7829 D OPENHU  : [78] Companion.decrypt | RECV: AUDIO Media Data type: 0 flags: 11 size: 8202 dataOffset: 2
09-15 13:27:47.273  7378  7829 D OPENHU  : [78] Companion.decrypt | RECV: AUDIO Media Data type: 0 flags: 11 size: 8202 dataOffset: 2
09-15 13:27:47.313  7378  7829 D OPENHU  : [78] Companion.decrypt | RECV: AUDIO Media Data type: 0 flags: 11 size: 8202 dataOffset: 2
09-15 13:27:47.357  7378  7829 D OPENHU  : [78] Companion.decrypt | RECV: AUDIO Media Data type: 0 flags: 11 size: 8202 dataOffset: 2
09-15 13:27:47.400  7378  7829 D OPENHU  : [78] Companion.decrypt | RECV: AUDIO Media Data type: 0 flags: 11 size: 8202 dataOffset: 2
09-15 13:27:47.441  7378  7829 D OPENHU  : [78] Companion.decrypt | RECV: AUDIO Media Data type: 0 flags: 11 size: 8202 dataOffset: 2
09-15 13:27:47.485  7378  7829 D OPENHU  : [78] Companion.decrypt | RECV: AUDIO Media Data type: 0 flags: 11 size: 8202 dataOffset: 2
09-15 13:27:47.526  7378  7829 D OPENHU  : [78] Companion.decrypt | RECV: AUDIO Media Data type: 0 flags: 11 size: 8202 dataOffset: 2
09-15 13:27:47.572  7378  7829 D OPENHU  : [78] Companion.decrypt | RECV: AUDIO Media Data type: 0 flags: 11 size: 8202 dataOffset: 2
09-15 13:27:47.611  7378  7829 D OPENHU  : [78] Companion.decrypt | RECV: AUDIO Media Data type: 0 flags: 11 size: 8202 dataOffset: 2
09-15 13:27:47.647  7378  7829 D OPENHU  : [78] Companion.decrypt | RECV: MUSIC_PLAYBACK Media Playback Status type: 32769 flags: 11 size: 18 dataOffset: 2
09-15 13:27:47.648  7378  7829 D OPENHU  : [78] AapMediaPlayback.processStatusPacket | AapMediaPlayback: status mediaSource='VLC', playbackSeconds(u32)=205, state=PLAYING
09-15 13:27:47.658  7378  7829 D OPENHU  : [78] Companion.decrypt | RECV: AUDIO Media Data type: 0 flags: 11 size: 8202 dataOffset: 2
09-15 13:27:47.698  7378  7829 D OPENHU  : [78] Companion.decrypt | RECV: AUDIO Media Data type: 0 flags: 11 size: 8202 dataOffset: 2
09-15 13:27:47.741  7378  7829 D OPENHU  : [78] Companion.decrypt | RECV: AUDIO Media Data type: 0 flags: 11 size: 8202 dataOffset: 2
09-15 13:27:47.783  7378  7829 D OPENHU  : [78] Companion.decrypt | RECV: AUDIO Media Data type: 0 flags: 11 size: 8202 dataOffset: 2
09-15 13:27:47.827  7378  7829 D OPENHU  : [78] Companion.decrypt | RECV: AUDIO Media Data type: 0 flags: 11 size: 8202 dataOffset: 2
09-15 13:27:47.868  7378  7829 D OPENHU  : [78] Companion.decrypt | RECV: AUDIO Media Data type: 0 flags: 11 size: 8202 dataOffset: 2
09-15 13:27:47.911  7378  7829 D OPENHU  : [78] Companion.decrypt | RECV: AUDIO Media Data type: 0 flags: 11 size: 8202 dataOffset: 2
09-15 13:27:47.914  7378  7829 D OPENHU  : [78] Companion.decrypt | RECV: CONTROL Ping Request type: 11 flags: 11 size: 12 dataOffset: 2
09-15 13:27:47.915  7378  7829 V OPENHU  : [78] AapTransport.send | CONTROL Ping Response type: 12 flags: 11 size: 14 dataOffset: 6
09-15 13:27:47.954  7378  7829 D OPENHU  : [78] Companion.decrypt | RECV: AUDIO Media Data type: 0 flags: 11 size: 8202 dataOffset: 2
09-15 13:27:47.996  7378  7378 V OPENHU  : [2] GpsLocation.onLocationChanged | GpsLocation: fix received
09-15 13:27:47.998  7378  7829 D OPENHU  : [78] Companion.decrypt | RECV: AUDIO Media Data type: 0 flags: 11 size: 8202 dataOffset: 2
09-15 13:27:48.005  7378  7378 V OPENHU  : [2] AapTransport.send | SENSOR Sensor Event type: 32771 flags: 11 size: 46 dataOffset: 6
09-15 13:27:48.040  7378  7829 D OPENHU  : [78] Companion.decrypt | RECV: AUDIO Media Data type: 0 flags: 11 size: 8202 dataOffset: 2
09-15 13:27:48.082  7378  7829 D OPENHU  : [78] Companion.decrypt | RECV: AUDIO Media Data type: 0 flags: 11 size: 8202 dataOffset: 2
09-15 13:27:48.124  7378  7829 D OPENHU  : [78] Companion.decrypt | RECV: AUDIO Media Data type: 0 flags: 11 size: 8202 dataOffset: 2
09-15 13:27:48.167  7378  7829 D OPENHU  : [78] Companion.decrypt | RECV: AUDIO Media Data type: 0 flags: 11 size: 8202 dataOffset: 2
09-15 13:27:48.210  7378  7829 D OPENHU  : [78] Companion.decrypt | RECV: AUDIO Media Data type: 0 flags: 11 size: 8202 dataOffset: 2
09-15 13:27:48.254  7378  7829 D OPENHU  : [78] Companion.decrypt | RECV: AUDIO Media Data type: 0 flags: 11 size: 8202 dataOffset: 2
09-15 13:27:48.297  7378  7829 D OPENHU  : [78] Companion.decrypt | RECV: AUDIO Media Data type: 0 flags: 11 size: 8202 dataOffset: 2
09-15 13:27:48.339  7378  7829 D OPENHU  : [78] Companion.decrypt | RECV: AUDIO Media Data type: 0 flags: 11 size: 8202 dataOffset: 2
09-15 13:27:48.382  7378  7829 D OPENHU  : [78] Companion.decrypt | RECV: AUDIO Media Data type: 0 flags: 11 size: 8202 dataOffset: 2
09-15 13:27:48.422  7378  7829 D OPENHU  : [78] Companion.decrypt | RECV: AUDIO Media Data type: 0 flags: 11 size: 8202 dataOffset: 2
09-15 13:27:48.468  7378  7829 D OPENHU  : [78] Companion.decrypt | RECV: AUDIO Media Data type: 0 flags: 11 size: 8202 dataOffset: 2
09-15 13:27:48.510  7378  7829 D OPENHU  : [78] Companion.decrypt | RECV: AUDIO Media Data type: 0 flags: 11 size: 8202 dataOffset: 2
09-15 13:27:48.551  7378  7829 D OPENHU  : [78] Companion.decrypt | RECV: AUDIO Media Data type: 0 flags: 11 size: 8202 dataOffset: 2
09-15 13:27:48.593  7378  7829 D OPENHU  : [78] Companion.decrypt | RECV: AUDIO Media Data type: 0 flags: 11 size: 8202 dataOffset: 2
09-15 13:27:48.636  7378  7829 D OPENHU  : [78] Companion.decrypt | RECV: AUDIO Media Data type: 0 flags: 11 size: 8202 dataOffset: 2
09-15 13:27:48.652  7378  7829 D OPENHU  : [78] Companion.decrypt | RECV: MUSIC_PLAYBACK Media Playback Status type: 32769 flags: 11 size: 18 dataOffset: 2
09-15 13:27:48.653  7378  7829 D OPENHU  : [78] AapMediaPlayback.processStatusPacket | AapMediaPlayback: status mediaSource='VLC', playbackSeconds(u32)=206, state=PLAYING
09-15 13:27:48.680  7378  7829 D OPENHU  : [78] Companion.decrypt | RECV: AUDIO Media Data type: 0 flags: 11 size: 8202 dataOffset: 2
09-15 13:27:48.725  7378  7829 D OPENHU  : [78] Companion.decrypt | RECV: AUDIO Media Data type: 0 flags: 11 size: 8202 dataOffset: 2
09-15 13:27:48.766  7378  7829 D OPENHU  : [78] Companion.decrypt | RECV: AUDIO Media Data type: 0 flags: 11 size: 8202 dataOffset: 2
09-15 13:27:48.807  7378  7829 D OPENHU  : [78] Companion.decrypt | RECV: AUDIO Media Data type: 0 flags: 11 size: 8202 dataOffset: 2
09-15 13:27:48.850  7378  7829 D OPENHU  : [78] Companion.decrypt | RECV: AUDIO Media Data type: 0 flags: 11 size: 8202 dataOffset: 2
09-15 13:27:48.895  7378  7829 D OPENHU  : [78] Companion.decrypt | RECV: AUDIO Media Data type: 0 flags: 11 size: 8202 dataOffset: 2
09-15 13:27:48.914  7378  7829 D OPENHU  : [78] Companion.decrypt | RECV: CONTROL Ping Request type: 11 flags: 11 size: 12 dataOffset: 2
09-15 13:27:48.915  7378  7829 V OPENHU  : [78] AapTransport.send | CONTROL Ping Response type: 12 flags: 11 size: 14 dataOffset: 6
09-15 13:27:48.937  7378  7829 D OPENHU  : [78] Companion.decrypt | RECV: AUDIO Media Data type: 0 flags: 11 size: 8202 dataOffset: 2
09-15 13:27:48.980  7378  7829 D OPENHU  : [78] Companion.decrypt | RECV: AUDIO Media Data type: 0 flags: 11 size: 8202 dataOffset: 2
09-15 13:27:49.017  7378  7378 V OPENHU  : [2] GpsLocation.onLocationChanged | GpsLocation: fix received
09-15 13:27:49.024  7378  7829 D OPENHU  : [78] Companion.decrypt | RECV: AUDIO Media Data type: 0 flags: 11 size: 8202 dataOffset: 2
09-15 13:27:49.029  7378  7378 V OPENHU  : [2] AapTransport.send | SENSOR Sensor Event type: 32771 flags: 11 size: 46 dataOffset: 6
09-15 13:27:49.065  7378  7829 D OPENHU  : [78] Companion.decrypt | RECV: AUDIO Media Data type: 0 flags: 11 size: 8202 dataOffset: 2
09-15 13:27:49.108  7378  7829 D OPENHU  : [78] Companion.decrypt | RECV: AUDIO Media Data type: 0 flags: 11 size: 8202 dataOffset: 2
09-15 13:27:49.150  7378  7829 D OPENHU  : [78] Companion.decrypt | RECV: AUDIO Media Data type: 0 flags: 11 size: 8202 dataOffset: 2
09-15 13:27:49.190  7378  7829 D OPENHU  : [78] Companion.decrypt | RECV: AUDIO Media Data type: 0 flags: 11 size: 8202 dataOffset: 2
09-15 13:27:49.233  7378  7829 D OPENHU  : [78] Companion.decrypt | RECV: AUDIO Media Data type: 0 flags: 11 size: 8202 dataOffset: 2
09-15 13:27:49.278  7378  7829 D OPENHU  : [78] Companion.decrypt | RECV: AUDIO Media Data type: 0 flags: 11 size: 8202 dataOffset: 2
09-15 13:27:49.319  7378  7829 D OPENHU  : [78] Companion.decrypt | RECV: AUDIO Media Data type: 0 flags: 11 size: 8202 dataOffset: 2
09-15 13:27:49.363  7378  7829 D OPENHU  : [78] Companion.decrypt | RECV: AUDIO Media Data type: 0 flags: 11 size: 8202 dataOffset: 2
09-15 13:27:49.405  7378  7829 D OPENHU  : [78] Companion.decrypt | RECV: AUDIO Media Data type: 0 flags: 11 size: 8202 dataOffset: 2
09-15 13:27:49.449  7378  7829 D OPENHU  : [78] Companion.decrypt | RECV: AUDIO Media Data type: 0 flags: 11 size: 8202 dataOffset: 2
09-15 13:27:49.491  7378  7829 D OPENHU  : [78] Companion.decrypt | RECV: AUDIO Media Data type: 0 flags: 11 size: 8202 dataOffset: 2
09-15 13:27:49.536  7378  7829 D OPENHU  : [78] Companion.decrypt | RECV: AUDIO Media Data type: 0 flags: 11 size: 8202 dataOffset: 2
09-15 13:27:49.577  7378  7829 D OPENHU  : [78] Companion.decrypt | RECV: AUDIO Media Data type: 0 flags: 11 size: 8202 dataOffset: 2
09-15 13:27:49.620  7378  7829 D OPENHU  : [78] Companion.decrypt | RECV: AUDIO Media Data type: 0 flags: 11 size: 8202 dataOffset: 2
09-15 13:27:49.655  7378  7829 D OPENHU  : [78] Companion.decrypt | RECV: MUSIC_PLAYBACK Media Playback Status type: 32769 flags: 11 size: 18 dataOffset: 2
09-15 13:27:49.658  7378  7829 D OPENHU  : [78] AapMediaPlayback.processStatusPacket | AapMediaPlayback: status mediaSource='VLC', playbackSeconds(u32)=207, state=PLAYING
09-15 13:27:49.663  7378  7829 D OPENHU  : [78] Companion.decrypt | RECV: AUDIO Media Data type: 0 flags: 11 size: 8202 dataOffset: 2
09-15 13:27:49.705  7378  7829 D OPENHU  : [78] Companion.decrypt | RECV: AUDIO Media Data type: 0 flags: 11 size: 8202 dataOffset: 2
09-15 13:27:49.743  7378  7862 I OPENHU  : [87] VideoDecoder.logThroughput | Throughput over 5004ms: rendered=200 (39fps), fed=201 (40fps), dropped=0, skipped=0, concealed=0, inputWait=100ms, enqueueWait=0ms, codec=c2.unisoc.avc.decoder, presented=200 (39fps), decodeLatency=9ms p95=12ms (200 frames)
09-15 13:27:49.749  7378  7829 D OPENHU  : [78] Companion.decrypt | RECV: AUDIO Media Data type: 0 flags: 11 size: 8202 dataOffset: 2
09-15 13:27:49.790  7378  7829 D OPENHU  : [78] Companion.decrypt | RECV: AUDIO Media Data type: 0 flags: 11 size: 8202 dataOffset: 2
09-15 13:27:49.831  7378  7829 D OPENHU  : [78] Companion.decrypt | RECV: AUDIO Media Data type: 0 flags: 11 size: 8202 dataOffset: 2
09-15 13:27:49.874  7378  7829 D OPENHU  : [78] Companion.decrypt | RECV: AUDIO Media Data type: 0 flags: 11 size: 8202 dataOffset: 2
09-15 13:27:49.917  7378  7829 D OPENHU  : [78] Companion.decrypt | RECV: CONTROL Ping Request type: 11 flags: 11 size: 12 dataOffset: 2
09-15 13:27:49.917  7378  7829 V OPENHU  : [78] AapTransport.send | CONTROL Ping Response type: 12 flags: 11 size: 14 dataOffset: 6
09-15 13:27:49.920  7378  7829 D OPENHU  : [78] Companion.decrypt | RECV: AUDIO Media Data type: 0 flags: 11 size: 8202 dataOffset: 2
09-15 13:27:49.959  7378  7829 D OPENHU  : [78] Companion.decrypt | RECV: AUDIO Media Data type: 0 flags: 11 size: 8202 dataOffset: 2
09-15 13:27:49.997  7378  7378 V OPENHU  : [2] GpsLocation.onLocationChanged | GpsLocation: fix received
09-15 13:27:50.003  7378  7829 D OPENHU  : [78] Companion.decrypt | RECV: AUDIO Media Data type: 0 flags: 11 size: 8202 dataOffset: 2
09-15 13:27:50.004  7378  7378 V OPENHU  : [2] AapTransport.send | SENSOR Sensor Event type: 32771 flags: 11 size: 46 dataOffset: 6
09-15 13:27:50.045  7378  7829 D OPENHU  : [78] Companion.decrypt | RECV: AUDIO Media Data type: 0 flags: 11 size: 8202 dataOffset: 2
09-15 13:27:50.087  7378  7829 D OPENHU  : [78] Companion.decrypt | RECV: AUDIO Media Data type: 0 flags: 11 size: 8202 dataOffset: 2
09-15 13:27:50.132  7378  7829 D OPENHU  : [78] Companion.decrypt | RECV: AUDIO Media Data type: 0 flags: 11 size: 8202 dataOffset: 2
09-15 13:27:50.175  7378  7829 D OPENHU  : [78] Companion.decrypt | RECV: AUDIO Media Data type: 0 flags: 11 size: 8202 dataOffset: 2
09-15 13:27:50.218  7378  7829 D OPENHU  : [78] Companion.decrypt | RECV: AUDIO Media Data type: 0 flags: 11 size: 8202 dataOffset: 2
09-15 13:27:50.262  7378  7829 D OPENHU  : [78] Companion.decrypt | RECV: AUDIO Media Data type: 0 flags: 11 size: 8202 dataOffset: 2
09-15 13:27:50.289  7378  7378 I OPENHU  : [2] TextureProjectionView.onSurfaceTextureUpdated | TextureProjectionView: displayed 157 frames in 5034ms (31fps), longFrames=1
09-15 13:27:50.302  7378  7829 D OPENHU  : [78] Companion.decrypt | RECV: AUDIO Media Data type: 0 flags: 11 size: 8202 dataOffset: 2
09-15 13:27:50.344  7378  7829 D OPENHU  : [78] Companion.decrypt | RECV: AUDIO Media Data type: 0 flags: 11 size: 8202 dataOffset: 2
09-15 13:27:50.385  7378  7829 D OPENHU  : [78] Companion.decrypt | RECV: AUDIO Media Data type: 0 flags: 11 size: 8202 dataOffset: 2
09-15 13:27:50.429  7378  7829 D OPENHU  : [78] Companion.decrypt | RECV: AUDIO Media Data type: 0 flags: 11 size: 8202 dataOffset: 2
09-15 13:27:50.472  7378  7829 D OPENHU  : [78] Companion.decrypt | RECV: AUDIO Media Data type: 0 flags: 11 size: 8202 dataOffset: 2
09-15 13:27:50.516  7378  7829 D OPENHU  : [78] Companion.decrypt | RECV: AUDIO Media Data type: 0 flags: 11 size: 8202 dataOffset: 2
09-15 13:27:50.558  7378  7829 D OPENHU  : [78] Companion.decrypt | RECV: AUDIO Media Data type: 0 flags: 11 size: 8202 dataOffset: 2
09-15 13:27:50.599  7378  7829 D OPENHU  : [78] Companion.decrypt | RECV: AUDIO Media Data type: 0 flags: 11 size: 8202 dataOffset: 2
09-15 13:27:50.642  7378  7829 D OPENHU  : [78] Companion.decrypt | RECV: AUDIO Media Data type: 0 flags: 11 size: 8202 dataOffset: 2
09-15 13:27:50.657  7378  7829 D OPENHU  : [78] Companion.decrypt | RECV: MUSIC_PLAYBACK Media Playback Status type: 32769 flags: 11 size: 18 dataOffset: 2
09-15 13:27:50.658  7378  7829 D OPENHU  : [78] AapMediaPlayback.processStatusPacket | AapMediaPlayback: status mediaSource='VLC', playbackSeconds(u32)=208, state=PLAYING
09-15 13:27:50.683  7378  7829 D OPENHU  : [78] Companion.decrypt | RECV: AUDIO Media Data type: 0 flags: 11 size: 8202 dataOffset: 2
09-15 13:27:50.728  7378  7829 D OPENHU  : [78] Companion.decrypt | RECV: AUDIO Media Data type: 0 flags: 11 size: 8202 dataOffset: 2
09-15 13:27:50.769  7378  7829 D OPENHU  : [78] Companion.decrypt | RECV: AUDIO Media Data type: 0 flags: 11 size: 8202 dataOffset: 2
09-15 13:27:50.812  7378  7829 D OPENHU  : [78] Companion.decrypt | RECV: AUDIO Media Data type: 0 flags: 11 size: 8202 dataOffset: 2
09-15 13:27:50.858  7378  7829 D OPENHU  : [78] Companion.decrypt | RECV: AUDIO Media Data type: 0 flags: 11 size: 8202 dataOffset: 2
09-15 13:27:50.903  7378  7829 D OPENHU  : [78] Companion.decrypt | RECV: AUDIO Media Data type: 0 flags: 11 size: 8202 dataOffset: 2
09-15 13:27:50.918  7378  7829 D OPENHU  : [78] Companion.decrypt | RECV: CONTROL Ping Request type: 11 flags: 11 size: 12 dataOffset: 2
09-15 13:27:50.919  7378  7829 V OPENHU  : [78] AapTransport.send | CONTROL Ping Response type: 12 flags: 11 size: 14 dataOffset: 6
09-15 13:27:50.943  7378  7829 D OPENHU  : [78] Companion.decrypt | RECV: AUDIO Media Data type: 0 flags: 11 size: 8202 dataOffset: 2
09-15 13:27:50.985  7378  7829 D OPENHU  : [78] Companion.decrypt | RECV: AUDIO Media Data type: 0 flags: 11 size: 8202 dataOffset: 2
09-15 13:27:51.025  7378  7829 D OPENHU  : [78] Companion.decrypt | RECV: AUDIO Media Data type: 0 flags: 11 size: 8202 dataOffset: 2
09-15 13:27:51.027  7378  7378 V OPENHU  : [2] GpsLocation.onLocationChanged | GpsLocation: fix received
09-15 13:27:51.037  7378  7378 V OPENHU  : [2] AapTransport.send | SENSOR Sensor Event type: 32771 flags: 11 size: 46 dataOffset: 6
09-15 13:27:51.068  7378  7829 D OPENHU  : [78] Companion.decrypt | RECV: AUDIO Media Data type: 0 flags: 11 size: 8202 dataOffset: 2
09-15 13:27:51.115  7378  7829 D OPENHU  : [78] Companion.decrypt | RECV: AUDIO Media Data type: 0 flags: 11 size: 8202 dataOffset: 2
09-15 13:27:51.154  7378  7829 D OPENHU  : [78] Companion.decrypt | RECV: AUDIO Media Data type: 0 flags: 11 size: 8202 dataOffset: 2
09-15 13:27:51.197  7378  7829 D OPENHU  : [78] Companion.decrypt | RECV: AUDIO Media Data type: 0 flags: 11 size: 8202 dataOffset: 2
09-15 13:27:51.241  7378  7829 D OPENHU  : [78] Companion.decrypt | RECV: AUDIO Media Data type: 0 flags: 11 size: 8202 dataOffset: 2
09-15 13:27:51.280  7378  7829 D OPENHU  : [78] Companion.decrypt | RECV: AUDIO Media Data type: 0 flags: 11 size: 8202 dataOffset: 2
09-15 13:27:51.325  7378  7829 D OPENHU  : [78] Companion.decrypt | RECV: AUDIO Media Data type: 0 flags: 11 size: 8202 dataOffset: 2
09-15 13:27:51.368  7378  7829 D OPENHU  : [78] Companion.decrypt | RECV: AUDIO Media Data type: 0 flags: 11 size: 8202 dataOffset: 2
09-15 13:27:51.410  7378  7829 D OPENHU  : [78] Companion.decrypt | RECV: AUDIO Media Data type: 0 flags: 11 size: 8202 dataOffset: 2
09-15 13:27:51.453  7378  7829 D OPENHU  : [78] Companion.decrypt | RECV: AUDIO Media Data type: 0 flags: 11 size: 8202 dataOffset: 2
09-15 13:27:51.493  7378  7829 D OPENHU  : [78] Companion.decrypt | RECV: AUDIO Media Data type: 0 flags: 11 size: 8202 dataOffset: 2
09-15 13:27:51.542  7378  7829 D OPENHU  : [78] Companion.decrypt | RECV: AUDIO Media Data type: 0 flags: 11 size: 8202 dataOffset: 2
09-15 13:27:51.580  7378  7829 D OPENHU  : [78] Companion.decrypt | RECV: AUDIO Media Data type: 0 flags: 11 size: 8202 dataOffset: 2
09-15 13:27:51.626  7378  7829 D OPENHU  : [78] Companion.decrypt | RECV: AUDIO Media Data type: 0 flags: 11 size: 8202 dataOffset: 2
09-15 13:27:51.660  7378  7829 D OPENHU  : [78] Companion.decrypt | RECV: MUSIC_PLAYBACK Media Playback Status type: 32769 flags: 11 size: 18 dataOffset: 2
09-15 13:27:51.661  7378  7829 D OPENHU  : [78] AapMediaPlayback.processStatusPacket | AapMediaPlayback: status mediaSource='VLC', playbackSeconds(u32)=209, state=PLAYING
09-15 13:27:51.667  7378  7829 D OPENHU  : [78] Companion.decrypt | RECV: AUDIO Media Data type: 0 flags: 11 size: 8202 dataOffset: 2
09-15 13:27:51.709  7378  7829 D OPENHU  : [78] Companion.decrypt | RECV: AUDIO Media Data type: 0 flags: 11 size: 8202 dataOffset: 2
09-15 13:27:51.753  7378  7829 D OPENHU  : [78] Companion.decrypt | RECV: AUDIO Media Data type: 0 flags: 11 size: 8202 dataOffset: 2
09-15 13:27:51.794  7378  7829 D OPENHU  : [78] Companion.decrypt | RECV: AUDIO Media Data type: 0 flags: 11 size: 8202 dataOffset: 2
09-15 13:27:51.836  7378  7829 D OPENHU  : [78] Companion.decrypt | RECV: AUDIO Media Data type: 0 flags: 11 size: 8202 dataOffset: 2
09-15 13:27:51.879  7378  7829 D OPENHU  : [78] Companion.decrypt | RECV: AUDIO Media Data type: 0 flags: 11 size: 8202 dataOffset: 2
09-15 13:27:51.917  7378  7829 D OPENHU  : [78] Companion.decrypt | RECV: CONTROL Ping Request type: 11 flags: 11 size: 12 dataOffset: 2
09-15 13:27:51.918  7378  7829 V OPENHU  : [78] AapTransport.send | CONTROL Ping Response type: 12 flags: 11 size: 14 dataOffset: 6
09-15 13:27:51.921  7378  7829 D OPENHU  : [78] Companion.decrypt | RECV: AUDIO Media Data type: 0 flags: 11 size: 8202 dataOffset: 2
09-15 13:27:51.963  7378  7829 D OPENHU  : [78] Companion.decrypt | RECV: AUDIO Media Data type: 0 flags: 11 size: 8202 dataOffset: 2
09-15 13:27:52.001  7378  7378 V OPENHU  : [2] GpsLocation.onLocationChanged | GpsLocation: fix received
09-15 13:27:52.008  7378  7829 D OPENHU  : [78] Companion.decrypt | RECV: AUDIO Media Data type: 0 flags: 11 size: 8202 dataOffset: 2
09-15 13:27:52.012  7378  7378 V OPENHU  : [2] AapTransport.send | SENSOR Sensor Event type: 32771 flags: 11 size: 46 dataOffset: 6
09-15 13:27:52.052  7378  7829 D OPENHU  : [78] Companion.decrypt | RECV: AUDIO Media Data type: 0 flags: 11 size: 8202 dataOffset: 2
09-15 13:27:52.092  7378  7829 D OPENHU  : [78] Companion.decrypt | RECV: AUDIO Media Data type: 0 flags: 11 size: 8202 dataOffset: 2
09-15 13:27:52.136  7378  7829 D OPENHU  : [78] Companion.decrypt | RECV: AUDIO Media Data type: 0 flags: 11 size: 8202 dataOffset: 2
09-15 13:27:52.177  7378  7829 D OPENHU  : [78] Companion.decrypt | RECV: AUDIO Media Data type: 0 flags: 11 size: 8202 dataOffset: 2
09-15 13:27:52.220  7378  7829 D OPENHU  : [78] Companion.decrypt | RECV: AUDIO Media Data type: 0 flags: 11 size: 8202 dataOffset: 2
09-15 13:27:52.265  7378  7829 D OPENHU  : [78] Companion.decrypt | RECV: AUDIO Media Data type: 0 flags: 11 size: 8202 dataOffset: 2
09-15 13:27:52.305  7378  7829 D OPENHU  : [78] Companion.decrypt | RECV: AUDIO Media Data type: 0 flags: 11 size: 8202 dataOffset: 2
09-15 13:27:52.350  7378  7829 D OPENHU  : [78] Companion.decrypt | RECV: AUDIO Media Data type: 0 flags: 11 size: 8202 dataOffset: 2
09-15 13:27:52.393  7378  7829 D OPENHU  : [78] Companion.decrypt | RECV: AUDIO Media Data type: 0 flags: 11 size: 8202 dataOffset: 2
09-15 13:27:52.434  7378  7829 D OPENHU  : [78] Companion.decrypt | RECV: AUDIO Media Data type: 0 flags: 11 size: 8202 dataOffset: 2
09-15 13:27:52.477  7378  7829 D OPENHU  : [78] Companion.decrypt | RECV: AUDIO Media Data type: 0 flags: 11 size: 8202 dataOffset: 2
09-15 13:27:52.520  7378  7829 D OPENHU  : [78] Companion.decrypt | RECV: AUDIO Media Data type: 0 flags: 11 size: 8202 dataOffset: 2
09-15 13:27:52.562  7378  7829 D OPENHU  : [78] Companion.decrypt | RECV: AUDIO Media Data type: 0 flags: 11 size: 8202 dataOffset: 2
09-15 13:27:52.606  7378  7829 D OPENHU  : [78] Companion.decrypt | RECV: AUDIO Media Data type: 0 flags: 11 size: 8202 dataOffset: 2
09-15 13:27:52.648  7378  7829 D OPENHU  : [78] Companion.decrypt | RECV: AUDIO Media Data type: 0 flags: 11 size: 8202 dataOffset: 2
09-15 13:27:52.665  7378  7829 D OPENHU  : [78] Companion.decrypt | RECV: MUSIC_PLAYBACK Media Playback Status type: 32769 flags: 11 size: 18 dataOffset: 2
09-15 13:27:52.667  7378  7829 D OPENHU  : [78] AapMediaPlayback.processStatusPacket | AapMediaPlayback: status mediaSource='VLC', playbackSeconds(u32)=210, state=PLAYING
09-15 13:27:52.690  7378  7829 D OPENHU  : [78] Companion.decrypt | RECV: AUDIO Media Data type: 0 flags: 11 size: 8202 dataOffset: 2
09-15 13:27:52.733  7378  7829 D OPENHU  : [78] Companion.decrypt | RECV: AUDIO Media Data type: 0 flags: 11 size: 8202 dataOffset: 2
09-15 13:27:52.775  7378  7829 D OPENHU  : [78] Companion.decrypt | RECV: AUDIO Media Data type: 0 flags: 11 size: 8202 dataOffset: 2
09-15 13:27:52.819  7378  7829 D OPENHU  : [78] Companion.decrypt | RECV: AUDIO Media Data type: 0 flags: 11 size: 8202 dataOffset: 2
09-15 13:27:52.861  7378  7829 D OPENHU  : [78] Companion.decrypt | RECV: AUDIO Media Data type: 0 flags: 11 size: 8202 dataOffset: 2
09-15 13:27:52.903  7378  7829 D OPENHU  : [78] Companion.decrypt | RECV: AUDIO Media Data type: 0 flags: 11 size: 8202 dataOffset: 2
09-15 13:27:52.920  7378  7829 D OPENHU  : [78] Companion.decrypt | RECV: CONTROL Ping Request type: 11 flags: 11 size: 12 dataOffset: 2
09-15 13:27:52.921  7378  7829 V OPENHU  : [78] AapTransport.send | CONTROL Ping Response type: 12 flags: 11 size: 14 dataOffset: 6
09-15 13:27:52.948  7378  7829 D OPENHU  : [78] Companion.decrypt | RECV: AUDIO Media Data type: 0 flags: 11 size: 8202 dataOffset: 2
09-15 13:27:52.991  7378  7829 D OPENHU  : [78] Companion.decrypt | RECV: AUDIO Media Data type: 0 flags: 11 size: 8202 dataOffset: 2
09-15 13:27:53.032  7378  7829 D OPENHU  : [78] Companion.decrypt | RECV: AUDIO Media Data type: 0 flags: 11 size: 8202 dataOffset: 2
09-15 13:27:53.035  7378  7378 V OPENHU  : [2] GpsLocation.onLocationChanged | GpsLocation: fix received
09-15 13:27:53.041  7378  7378 V OPENHU  : [2] AapTransport.send | SENSOR Sensor Event type: 32771 flags: 11 size: 46 dataOffset: 6
09-15 13:27:53.074  7378  7829 D OPENHU  : [78] Companion.decrypt | RECV: AUDIO Media Data type: 0 flags: 11 size: 8202 dataOffset: 2
09-15 13:27:53.120  7378  7829 D OPENHU  : [78] Companion.decrypt | RECV: AUDIO Media Data type: 0 flags: 11 size: 8202 dataOffset: 2
09-15 13:27:53.159  7378  7829 D OPENHU  : [78] Companion.decrypt | RECV: AUDIO Media Data type: 0 flags: 11 size: 8202 dataOffset: 2
09-15 13:27:53.203  7378  7829 D OPENHU  : [78] Companion.decrypt | RECV: AUDIO Media Data type: 0 flags: 11 size: 8202 dataOffset: 2
09-15 13:27:53.245  7378  7829 D OPENHU  : [78] Companion.decrypt | RECV: AUDIO Media Data type: 0 flags: 11 size: 8202 dataOffset: 2
09-15 13:27:53.287  7378  7829 D OPENHU  : [78] Companion.decrypt | RECV: AUDIO Media Data type: 0 flags: 11 size: 8202 dataOffset: 2
09-15 13:27:53.332  7378  7829 D OPENHU  : [78] Companion.decrypt | RECV: AUDIO Media Data type: 0 flags: 11 size: 8202 dataOffset: 2
09-15 13:27:53.376  7378  7829 D OPENHU  : [78] Companion.decrypt | RECV: AUDIO Media Data type: 0 flags: 11 size: 8202 dataOffset: 2
09-15 13:27:53.414  7378  7829 D OPENHU  : [78] Companion.decrypt | RECV: AUDIO Media Data type: 0 flags: 11 size: 8202 dataOffset: 2
09-15 13:27:53.458  7378  7829 D OPENHU  : [78] Companion.decrypt | RECV: AUDIO Media Data type: 0 flags: 11 size: 8202 dataOffset: 2
09-15 13:27:53.501  7378  7829 D OPENHU  : [78] Companion.decrypt | RECV: AUDIO Media Data type: 0 flags: 11 size: 8202 dataOffset: 2
09-15 13:27:53.544  7378  7829 D OPENHU  : [78] Companion.decrypt | RECV: AUDIO Media Data type: 0 flags: 11 size: 8202 dataOffset: 2
09-15 13:27:53.587  7378  7829 D OPENHU  : [78] Companion.decrypt | RECV: AUDIO Media Data type: 0 flags: 11 size: 8202 dataOffset: 2
09-15 13:27:53.629  7378  7829 D OPENHU  : [78] Companion.decrypt | RECV: AUDIO Media Data type: 0 flags: 11 size: 8202 dataOffset: 2
09-15 13:27:53.666  7378  7829 D OPENHU  : [78] Companion.decrypt | RECV: MUSIC_PLAYBACK Media Playback Status type: 32769 flags: 11 size: 18 dataOffset: 2
09-15 13:27:53.667  7378  7829 D OPENHU  : [78] AapMediaPlayback.processStatusPacket | AapMediaPlayback: status mediaSource='VLC', playbackSeconds(u32)=211, state=PLAYING
09-15 13:27:53.671  7378  7829 D OPENHU  : [78] Companion.decrypt | RECV: AUDIO Media Data type: 0 flags: 11 size: 8202 dataOffset: 2
09-15 13:27:53.713  7378  7829 D OPENHU  : [78] Companion.decrypt | RECV: AUDIO Media Data type: 0 flags: 11 size: 8202 dataOffset: 2
09-15 13:27:53.757  7378  7829 D OPENHU  : [78] Companion.decrypt | RECV: AUDIO Media Data type: 0 flags: 11 size: 8202 dataOffset: 2
09-15 13:27:53.799  7378  7829 D OPENHU  : [78] Companion.decrypt | RECV: AUDIO Media Data type: 0 flags: 11 size: 8202 dataOffset: 2
09-15 13:27:53.842  7378  7829 D OPENHU  : [78] Companion.decrypt | RECV: AUDIO Media Data type: 0 flags: 11 size: 8202 dataOffset: 2
09-15 13:27:53.888  7378  7829 D OPENHU  : [78] Companion.decrypt | RECV: AUDIO Media Data type: 0 flags: 11 size: 8202 dataOffset: 2
09-15 13:27:53.919  7378  7829 D OPENHU  : [78] Companion.decrypt | RECV: CONTROL Ping Request type: 11 flags: 11 size: 12 dataOffset: 2
09-15 13:27:53.920  7378  7829 V OPENHU  : [78] AapTransport.send | CONTROL Ping Response type: 12 flags: 11 size: 14 dataOffset: 6
09-15 13:27:53.928  7378  7829 D OPENHU  : [78] Companion.decrypt | RECV: AUDIO Media Data type: 0 flags: 11 size: 8202 dataOffset: 2
09-15 13:27:53.969  7378  7829 D OPENHU  : [78] Companion.decrypt | RECV: AUDIO Media Data type: 0 flags: 11 size: 8202 dataOffset: 2
09-15 13:27:53.998  7378  7378 V OPENHU  : [2] GpsLocation.onLocationChanged | GpsLocation: fix received
09-15 13:27:54.014  7378  7829 D OPENHU  : [78] Companion.decrypt | RECV: AUDIO Media Data type: 0 flags: 11 size: 8202 dataOffset: 2
09-15 13:27:54.014  7378  7378 V OPENHU  : [2] AapTransport.send | SENSOR Sensor Event type: 32771 flags: 11 size: 46 dataOffset: 6
09-15 13:27:54.056  7378  7829 D OPENHU  : [78] Companion.decrypt | RECV: AUDIO Media Data type: 0 flags: 11 size: 8202 dataOffset: 2
09-15 13:27:54.098  7378  7829 D OPENHU  : [78] Companion.decrypt | RECV: AUDIO Media Data type: 0 flags: 11 size: 8202 dataOffset: 2
09-15 13:27:54.141  7378  7829 D OPENHU  : [78] Companion.decrypt | RECV: AUDIO Media Data type: 0 flags: 11 size: 8202 dataOffset: 2
09-15 13:27:54.184  7378  7829 D OPENHU  : [78] Companion.decrypt | RECV: AUDIO Media Data type: 0 flags: 11 size: 8202 dataOffset: 2
09-15 13:27:54.225  7378  7829 D OPENHU  : [78] Companion.decrypt | RECV: AUDIO Media Data type: 0 flags: 11 size: 8202 dataOffset: 2
09-15 13:27:54.269  7378  7829 D OPENHU  : [78] Companion.decrypt | RECV: AUDIO Media Data type: 0 flags: 11 size: 8202 dataOffset: 2
09-15 13:27:54.310  7378  7829 D OPENHU  : [78] Companion.decrypt | RECV: AUDIO Media Data type: 0 flags: 11 size: 8202 dataOffset: 2
09-15 13:27:54.354  7378  7829 D OPENHU  : [78] Companion.decrypt | RECV: AUDIO Media Data type: 0 flags: 11 size: 8202 dataOffset: 2
09-15 13:27:54.397  7378  7829 D OPENHU  : [78] Companion.decrypt | RECV: AUDIO Media Data type: 0 flags: 11 size: 8202 dataOffset: 2
09-15 13:27:54.439  7378  7829 D OPENHU  : [78] Companion.decrypt | RECV: AUDIO Media Data type: 0 flags: 11 size: 8202 dataOffset: 2
09-15 13:27:54.482  7378  7829 D OPENHU  : [78] Companion.decrypt | RECV: AUDIO Media Data type: 0 flags: 11 size: 8202 dataOffset: 2
09-15 13:27:54.524  7378  7829 D OPENHU  : [78] Companion.decrypt | RECV: AUDIO Media Data type: 0 flags: 11 size: 8202 dataOffset: 2
09-15 13:27:54.567  7378  7829 D OPENHU  : [78] Companion.decrypt | RECV: AUDIO Media Data type: 0 flags: 11 size: 8202 dataOffset: 2
09-15 13:27:54.611  7378  7829 D OPENHU  : [78] Companion.decrypt | RECV: AUDIO Media Data type: 0 flags: 11 size: 8202 dataOffset: 2
09-15 13:27:54.653  7378  7829 D OPENHU  : [78] Companion.decrypt | RECV: AUDIO Media Data type: 0 flags: 11 size: 8202 dataOffset: 2
09-15 13:27:54.669  7378  7829 D OPENHU  : [78] Companion.decrypt | RECV: MUSIC_PLAYBACK Media Playback Status type: 32769 flags: 11 size: 18 dataOffset: 2
09-15 13:27:54.670  7378  7829 D OPENHU  : [78] AapMediaPlayback.processStatusPacket | AapMediaPlayback: status mediaSource='VLC', playbackSeconds(u32)=212, state=PLAYING
09-15 13:27:54.698  7378  7829 D OPENHU  : [78] Companion.decrypt | RECV: AUDIO Media Data type: 0 flags: 11 size: 8202 dataOffset: 2
09-15 13:27:54.740  7378  7829 D OPENHU  : [78] Companion.decrypt | RECV: AUDIO Media Data type: 0 flags: 11 size: 8202 dataOffset: 2
09-15 13:27:54.745  7378  7862 I OPENHU  : [87] VideoDecoder.logThroughput | Throughput over 5001ms: rendered=201 (40fps), fed=201 (40fps), dropped=0, skipped=0, concealed=0, inputWait=93ms, enqueueWait=0ms, codec=c2.unisoc.avc.decoder, presented=201 (40fps), decodeLatency=9ms p95=12ms (201 frames)
09-15 13:27:54.783  7378  7829 D OPENHU  : [78] Companion.decrypt | RECV: AUDIO Media Data type: 0 flags: 11 size: 8202 dataOffset: 2
09-15 13:27:54.823  7378  7829 D OPENHU  : [78] Companion.decrypt | RECV: AUDIO Media Data type: 0 flags: 11 size: 8202 dataOffset: 2
09-15 13:27:54.867  7378  7829 D OPENHU  : [78] Companion.decrypt | RECV: AUDIO Media Data type: 0 flags: 11 size: 8202 dataOffset: 2
09-15 13:27:54.909  7378  7829 D OPENHU  : [78] Companion.decrypt | RECV: AUDIO Media Data type: 0 flags: 11 size: 8202 dataOffset: 2
09-15 13:27:54.920  7378  7829 D OPENHU  : [78] Companion.decrypt | RECV: CONTROL Ping Request type: 11 flags: 11 size: 12 dataOffset: 2
09-15 13:27:54.920  7378  7829 V OPENHU  : [78] AapTransport.send | CONTROL Ping Response type: 12 flags: 11 size: 14 dataOffset: 6
09-15 13:27:54.953  7378  7829 D OPENHU  : [78] Companion.decrypt | RECV: AUDIO Media Data type: 0 flags: 11 size: 8202 dataOffset: 2
09-15 13:27:54.995  7378  7829 D OPENHU  : [78] Companion.decrypt | RECV: AUDIO Media Data type: 0 flags: 11 size: 8202 dataOffset: 2
09-15 13:27:55.022  7378  7378 V OPENHU  : [2] GpsLocation.onLocationChanged | GpsLocation: fix received
09-15 13:27:55.033  7378  7378 V OPENHU  : [2] AapTransport.send | SENSOR Sensor Event type: 32771 flags: 11 size: 46 dataOffset: 6
09-15 13:27:55.037  7378  7829 D OPENHU  : [78] Companion.decrypt | RECV: AUDIO Media Data type: 0 flags: 11 size: 8202 dataOffset: 2
09-15 13:27:55.081  7378  7829 D OPENHU  : [78] Companion.decrypt | RECV: AUDIO Media Data type: 0 flags: 11 size: 8202 dataOffset: 2
09-15 13:27:55.134  7378  7829 D OPENHU  : [78] Companion.decrypt | RECV: AUDIO Media Data type: 0 flags: 11 size: 8202 dataOffset: 2
09-15 13:27:55.167  7378  7829 D OPENHU  : [78] Companion.decrypt | RECV: AUDIO Media Data type: 0 flags: 11 size: 8202 dataOffset: 2
09-15 13:27:55.208  7378  7829 D OPENHU  : [78] Companion.decrypt | RECV: AUDIO Media Data type: 0 flags: 11 size: 8202 dataOffset: 2
09-15 13:27:55.254  7378  7829 D OPENHU  : [78] Companion.decrypt | RECV: AUDIO Media Data type: 0 flags: 11 size: 8202 dataOffset: 2
09-15 13:27:55.289  7378  7378 I OPENHU  : [2] TextureProjectionView.onSurfaceTextureUpdated | TextureProjectionView: displayed 162 frames in 5000ms (32fps), longFrames=1
09-15 13:27:55.293  7378  7829 D OPENHU  : [78] Companion.decrypt | RECV: AUDIO Media Data type: 0 flags: 11 size: 8202 dataOffset: 2
09-15 13:27:55.336  7378  7829 D OPENHU  : [78] Companion.decrypt | RECV: AUDIO Media Data type: 0 flags: 11 size: 8202 dataOffset: 2
09-15 13:27:55.400  7378  7829 D OPENHU  : [78] Companion.decrypt | RECV: AUDIO Media Data type: 0 flags: 11 size: 8202 dataOffset: 2
09-15 13:27:55.422  7378  7829 D OPENHU  : [78] Companion.decrypt | RECV: AUDIO Media Data type: 0 flags: 11 size: 8202 dataOffset: 2
09-15 13:27:55.506  7378  7829 D OPENHU  : [78] Companion.decrypt | RECV: AUDIO Media Data type: 0 flags: 11 size: 8202 dataOffset: 2
09-15 13:27:55.509  7378  7829 D OPENHU  : [78] Companion.decrypt | RECV: AUDIO Media Data type: 0 flags: 11 size: 8202 dataOffset: 2
09-15 13:27:55.549  7378  7829 D OPENHU  : [78] Companion.decrypt | RECV: AUDIO Media Data type: 0 flags: 11 size: 8202 dataOffset: 2
09-15 13:27:55.611  7378  7829 D OPENHU  : [78] Companion.decrypt | RECV: AUDIO Media Data type: 0 flags: 11 size: 8202 dataOffset: 2
09-15 13:27:55.635  7378  7829 D OPENHU  : [78] Companion.decrypt | RECV: AUDIO Media Data type: 0 flags: 11 size: 8202 dataOffset: 2
09-15 13:27:55.672  7378  7829 D OPENHU  : [78] Companion.decrypt | RECV: MUSIC_PLAYBACK Media Playback Status type: 32769 flags: 11 size: 18 dataOffset: 2
09-15 13:27:55.672  7378  7829 D OPENHU  : [78] AapMediaPlayback.processStatusPacket | AapMediaPlayback: status mediaSource='VLC', playbackSeconds(u32)=213, state=PLAYING
09-15 13:27:55.677  7378  7829 D OPENHU  : [78] Companion.decrypt | RECV: AUDIO Media Data type: 0 flags: 11 size: 8202 dataOffset: 2
09-15 13:27:55.721  7378  7829 D OPENHU  : [78] Companion.decrypt | RECV: AUDIO Media Data type: 0 flags: 11 size: 8202 dataOffset: 2
09-15 13:27:55.764  7378  7829 D OPENHU  : [78] Companion.decrypt | RECV: AUDIO Media Data type: 0 flags: 11 size: 8202 dataOffset: 2
09-15 13:27:55.804  7378  7829 D OPENHU  : [78] Companion.decrypt | RECV: AUDIO Media Data type: 0 flags: 11 size: 8202 dataOffset: 2
09-15 13:27:55.849  7378  7829 D OPENHU  : [78] Companion.decrypt | RECV: AUDIO Media Data type: 0 flags: 11 size: 8202 dataOffset: 2
09-15 13:27:55.913  7378  7829 D OPENHU  : [78] Companion.decrypt | RECV: AUDIO Media Data type: 0 flags: 11 size: 8202 dataOffset: 2
09-15 13:27:55.960  7378  7829 D OPENHU  : [78] Companion.decrypt | RECV: CONTROL Ping Request type: 11 flags: 11 size: 12 dataOffset: 2
09-15 13:27:55.961  7378  7829 V OPENHU  : [78] AapTransport.send | CONTROL Ping Response type: 12 flags: 11 size: 14 dataOffset: 6
09-15 13:27:55.996  7378  7378 V OPENHU  : [2] GpsLocation.onLocationChanged | GpsLocation: fix received
09-15 13:27:56.003  7378  7378 V OPENHU  : [2] AapTransport.send | SENSOR Sensor Event type: 32771 flags: 11 size: 46 dataOffset: 6
09-15 13:27:56.040  7378  7829 D OPENHU  : [78] Companion.decrypt | RECV: AUDIO Media Data type: 0 flags: 11 size: 8202 dataOffset: 2
09-15 13:27:56.050  7378  7829 D OPENHU  : [78] Companion.decrypt | RECV: AUDIO Media Data type: 0 flags: 11 size: 8202 dataOffset: 2
09-15 13:27:56.061  7378  7829 D OPENHU  : [78] Companion.decrypt | RECV: AUDIO Media Data type: 0 flags: 11 size: 8202 dataOffset: 2
09-15 13:27:56.070  7378  7829 D OPENHU  : [78] Companion.decrypt | RECV: AUDIO Media Data type: 0 flags: 11 size: 8202 dataOffset: 2
09-15 13:27:56.115  7378  7829 D OPENHU  : [78] Companion.decrypt | RECV: AUDIO Media Data type: 0 flags: 11 size: 8202 dataOffset: 2
09-15 13:27:56.146  7378  7829 D OPENHU  : [78] Companion.decrypt | RECV: AUDIO Media Data type: 0 flags: 11 size: 8202 dataOffset: 2
09-15 13:27:56.218  7378  7829 D OPENHU  : [78] Companion.decrypt | RECV: AUDIO Media Data type: 0 flags: 11 size: 8202 dataOffset: 2
09-15 13:27:56.231  7378  7829 D OPENHU  : [78] Companion.decrypt | RECV: AUDIO Media Data type: 0 flags: 11 size: 8202 dataOffset: 2
09-15 13:27:56.276  7378  7829 D OPENHU  : [78] Companion.decrypt | RECV: AUDIO Media Data type: 0 flags: 11 size: 8202 dataOffset: 2
09-15 13:27:56.331  7378  7829 D OPENHU  : [78] Companion.decrypt | RECV: AUDIO Media Data type: 0 flags: 11 size: 8202 dataOffset: 2
09-15 13:27:56.359  7378  7829 D OPENHU  : [78] Companion.decrypt | RECV: AUDIO Media Data type: 0 flags: 11 size: 8202 dataOffset: 2
09-15 13:27:56.410  7378  7829 D OPENHU  : [78] Companion.decrypt | RECV: AUDIO Media Data type: 0 flags: 11 size: 8202 dataOffset: 2
09-15 13:27:56.444  7378  7829 D OPENHU  : [78] Companion.decrypt | RECV: AUDIO Media Data type: 0 flags: 11 size: 8202 dataOffset: 2
09-15 13:27:56.656  7378  7829 D OPENHU  : [78] Companion.decrypt | RECV: AUDIO Media Data type: 0 flags: 11 size: 8202 dataOffset: 2
09-15 13:27:56.670  7378  7829 D OPENHU  : [78] Companion.decrypt | RECV: AUDIO Media Data type: 0 flags: 11 size: 8202 dataOffset: 2
09-15 13:27:56.679  7378  7829 D OPENHU  : [78] Companion.decrypt | RECV: AUDIO Media Data type: 0 flags: 11 size: 8202 dataOffset: 2
09-15 13:27:56.682  7378  7829 D OPENHU  : [78] Companion.decrypt | RECV: AUDIO Media Data type: 0 flags: 11 size: 8202 dataOffset: 2
09-15 13:27:56.686  7378  7829 D OPENHU  : [78] Companion.decrypt | RECV: AUDIO Media Data type: 0 flags: 11 size: 8202 dataOffset: 2
09-15 13:27:56.698  7378  7829 D OPENHU  : [78] Companion.decrypt | RECV: MUSIC_PLAYBACK Media Playback Status type: 32769 flags: 11 size: 18 dataOffset: 2
09-15 13:27:56.699  7378  7829 D OPENHU  : [78] AapMediaPlayback.processStatusPacket | AapMediaPlayback: status mediaSource='VLC', playbackSeconds(u32)=214, state=PLAYING
09-15 13:27:56.726  7378  7829 D OPENHU  : [78] Companion.decrypt | RECV: AUDIO Media Data type: 0 flags: 11 size: 8202 dataOffset: 2
09-15 13:27:56.758  7378  7829 D OPENHU  : [78] Companion.decrypt | RECV: AUDIO Media Data type: 0 flags: 11 size: 8202 dataOffset: 2
09-15 13:27:56.788  7378  7829 D OPENHU  : [78] Companion.decrypt | RECV: AUDIO Media Data type: 0 flags: 11 size: 8202 dataOffset: 2
09-15 13:27:56.862  7378  7829 D OPENHU  : [78] Companion.decrypt | RECV: AUDIO Media Data type: 0 flags: 11 size: 8202 dataOffset: 2
09-15 13:27:56.873  7378  7829 D OPENHU  : [78] Companion.decrypt | RECV: AUDIO Media Data type: 0 flags: 11 size: 8202 dataOffset: 2
09-15 13:27:56.964  7378  7829 D OPENHU  : [78] Companion.decrypt | RECV: VIDEO Unknown (54015) type: 54015 flags: 8 size: 16124 dataOffset: 2
09-15 13:27:56.966  7378  7829 D OPENHU  : [78] Companion.decrypt | RECV: VIDEO Unknown (11395) type: 11395 flags: 8 size: 16124 dataOffset: 2
09-15 13:27:56.969  7378  7829 D OPENHU  : [78] Companion.decrypt | RECV: VIDEO Unknown (22196) type: 22196 flags: 8 size: 16124 dataOffset: 2
09-15 13:27:56.972  7378  7829 D OPENHU  : [78] Companion.decrypt | RECV: VIDEO Unknown (14677) type: 14677 flags: 8 size: 16124 dataOffset: 2
09-15 13:27:56.974  7378  7829 D OPENHU  : [78] Companion.decrypt | RECV: CONTROL Ping Request type: 11 flags: 11 size: 12 dataOffset: 2
09-15 13:27:56.975  7378  7829 V OPENHU  : [78] AapTransport.send | CONTROL Ping Response type: 12 flags: 11 size: 14 dataOffset: 6
09-15 13:27:56.978  7378  7829 D OPENHU  : [78] Companion.decrypt | RECV: AUDIO Media Data type: 0 flags: 11 size: 8202 dataOffset: 2
09-15 13:27:56.982  7378  7829 D OPENHU  : [78] Companion.decrypt | RECV: AUDIO Media Data type: 0 flags: 11 size: 8202 dataOffset: 2
09-15 13:27:56.985  7378  7829 D OPENHU  : [78] Companion.decrypt | RECV: VIDEO Unknown (21090) type: 21090 flags: 8 size: 16124 dataOffset: 2
09-15 13:27:56.987  7378  7829 D OPENHU  : [78] Companion.decrypt | RECV: VIDEO Unknown (63549) type: 63549 flags: 8 size: 16124 dataOffset: 2
09-15 13:27:57.014  7378  7378 V OPENHU  : [2] GpsLocation.onLocationChanged | GpsLocation: fix received
09-15 13:27:57.022  7378  7378 V OPENHU  : [2] AapTransport.send | SENSOR Sensor Event type: 32771 flags: 11 size: 46 dataOffset: 6
09-15 13:27:57.066  7378  7829 D OPENHU  : [78] Companion.decrypt | RECV: VIDEO Unknown (22676) type: 22676 flags: 8 size: 16124 dataOffset: 2
09-15 13:27:57.068  7378  7829 D OPENHU  : [78] Companion.decrypt | RECV: VIDEO Media Start Request type: 32769 flags: 10 size: 3802 dataOffset: 2
09-15 13:27:57.073  7378  7863 I OPENHU  : [88] VideoDecoder.feedInputBuffer | VideoDecoder: keyframe reached the codec (132780 bytes)
09-15 13:27:57.076  7378  7829 D OPENHU  : [78] Companion.decrypt | RECV: AUDIO Media Data type: 0 flags: 11 size: 8202 dataOffset: 2
09-15 13:27:57.083  7378  7862 I OPENHU  : [87] VideoDecoder.outputThreadLoop | VideoDecoder: keyframe decoded - the picture is repaired
09-15 13:27:57.085  7378  7829 D OPENHU  : [78] Companion.decrypt | RECV: AUDIO Media Data type: 0 flags: 11 size: 8202 dataOffset: 2
09-15 13:27:57.097  7378  7829 D OPENHU  : [78] Companion.decrypt | RECV: AUDIO Media Data type: 0 flags: 11 size: 8202 dataOffset: 2
09-15 13:27:57.141  7378  7829 D OPENHU  : [78] Companion.decrypt | RECV: AUDIO Media Data type: 0 flags: 11 size: 8202 dataOffset: 2
09-15 13:27:57.172  7378  7829 D OPENHU  : [78] Companion.decrypt | RECV: AUDIO Media Data type: 0 flags: 11 size: 8202 dataOffset: 2
09-15 13:27:57.240  7378  7829 D OPENHU  : [78] Companion.decrypt | RECV: AUDIO Media Data type: 0 flags: 11 size: 8202 dataOffset: 2
09-15 13:27:57.283  7378  7829 D OPENHU  : [78] Companion.decrypt | RECV: AUDIO Media Data type: 0 flags: 11 size: 8202 dataOffset: 2
09-15 13:27:57.347  7378  7829 D OPENHU  : [78] Companion.decrypt | RECV: AUDIO Media Data type: 0 flags: 11 size: 8202 dataOffset: 2
09-15 13:27:57.356  7378  7829 D OPENHU  : [78] Companion.decrypt | RECV: AUDIO Media Data type: 0 flags: 11 size: 8202 dataOffset: 2
09-15 13:27:57.385  7378  7829 D OPENHU  : [78] Companion.decrypt | RECV: AUDIO Media Data type: 0 flags: 11 size: 8202 dataOffset: 2
09-15 13:27:57.448  7378  7829 D OPENHU  : [78] Companion.decrypt | RECV: AUDIO Media Data type: 0 flags: 11 size: 8202 dataOffset: 2
09-15 13:27:57.476  7378  7829 D OPENHU  : [78] Companion.decrypt | RECV: AUDIO Media Data type: 0 flags: 11 size: 8202 dataOffset: 2
09-15 13:27:57.548  7378  7829 D OPENHU  : [78] Companion.decrypt | RECV: AUDIO Media Data type: 0 flags: 11 size: 8202 dataOffset: 2
09-15 13:27:57.578  7378  7829 D OPENHU  : [78] Companion.decrypt | RECV: AUDIO Media Data type: 0 flags: 11 size: 8202 dataOffset: 2
09-15 13:27:57.597  7378  7829 D OPENHU  : [78] Companion.decrypt | RECV: AUDIO Media Data type: 0 flags: 11 size: 8202 dataOffset: 2
09-15 13:27:57.641  7378  7829 D OPENHU  : [78] Companion.decrypt | RECV: AUDIO Media Data type: 0 flags: 11 size: 8202 dataOffset: 2
09-15 13:27:57.680  7378  7829 D OPENHU  : [78] Companion.decrypt | RECV: MUSIC_PLAYBACK Media Playback Status type: 32769 flags: 11 size: 18 dataOffset: 2
09-15 13:27:57.681  7378  7829 D OPENHU  : [78] AapMediaPlayback.processStatusPacket | AapMediaPlayback: status mediaSource='VLC', playbackSeconds(u32)=215, state=PLAYING
09-15 13:27:57.683  7378  7829 D OPENHU  : [78] Companion.decrypt | RECV: AUDIO Media Data type: 0 flags: 11 size: 8202 dataOffset: 2
09-15 13:27:57.889  7378  7829 D OPENHU  : [78] Companion.decrypt | RECV: AUDIO Media Data type: 0 flags: 11 size: 8202 dataOffset: 2
09-15 13:27:57.898  7378  7829 D OPENHU  : [78] Companion.decrypt | RECV: AUDIO Media Data type: 0 flags: 11 size: 8202 dataOffset: 2
09-15 13:27:57.913  7378  7829 D OPENHU  : [78] Companion.decrypt | RECV: AUDIO Media Data type: 0 flags: 11 size: 8202 dataOffset: 2
09-15 13:27:57.916  7378  7829 D OPENHU  : [78] Companion.decrypt | RECV: AUDIO Media Data type: 0 flags: 11 size: 8202 dataOffset: 2
09-15 13:27:57.928  7378  7829 D OPENHU  : [78] Companion.decrypt | RECV: AUDIO Media Data type: 0 flags: 11 size: 8202 dataOffset: 2
09-15 13:27:57.981  7378  7829 D OPENHU  : [78] Companion.decrypt | RECV: CONTROL Ping Request type: 11 flags: 11 size: 12 dataOffset: 2
09-15 13:27:57.982  7378  7829 V OPENHU  : [78] AapTransport.send | CONTROL Ping Response type: 12 flags: 11 size: 14 dataOffset: 6
09-15 13:27:57.988  7378  7829 D OPENHU  : [78] Companion.decrypt | RECV: AUDIO Media Data type: 0 flags: 11 size: 8202 dataOffset: 2
09-15 13:27:57.998  7378  7829 D OPENHU  : [78] Companion.decrypt | RECV: AUDIO Media Data type: 0 flags: 11 size: 8202 dataOffset: 2
09-15 13:27:57.999  7378  7378 V OPENHU  : [2] GpsLocation.onLocationChanged | GpsLocation: fix received
09-15 13:27:58.015  7378  7378 V OPENHU  : [2] AapTransport.send | SENSOR Sensor Event type: 32771 flags: 11 size: 46 dataOffset: 6
09-15 13:27:58.202  7378  7829 D OPENHU  : [78] Companion.decrypt | RECV: AUDIO Media Data type: 0 flags: 11 size: 8202 dataOffset: 2
09-15 13:27:58.213  7378  7829 D OPENHU  : [78] Companion.decrypt | RECV: AUDIO Media Data type: 0 flags: 11 size: 8202 dataOffset: 2
09-15 13:27:58.223  7378  7829 D OPENHU  : [78] Companion.decrypt | RECV: AUDIO Media Data type: 0 flags: 11 size: 8202 dataOffset: 2
09-15 13:27:58.230  7378  7829 D OPENHU  : [78] Companion.decrypt | RECV: AUDIO Media Data type: 0 flags: 11 size: 8202 dataOffset: 2
09-15 13:27:58.242  7378  7829 D OPENHU  : [78] Companion.decrypt | RECV: AUDIO Media Data type: 0 flags: 11 size: 8202 dataOffset: 2
09-15 13:27:58.265  7378  7829 D OPENHU  : [78] Companion.decrypt | RECV: AUDIO Media Data type: 0 flags: 11 size: 8202 dataOffset: 2
09-15 13:27:58.295  7378  7829 D OPENHU  : [78] Companion.decrypt | RECV: AUDIO Media Data type: 0 flags: 11 size: 8202 dataOffset: 2
09-15 13:27:58.323  7378  7829 D OPENHU  : [78] Companion.decrypt | RECV: AUDIO Media Data type: 0 flags: 11 size: 8202 dataOffset: 2
09-15 13:27:58.365  7378  7829 D OPENHU  : [78] Companion.decrypt | RECV: AUDIO Media Data type: 0 flags: 11 size: 8202 dataOffset: 2
09-15 13:27:58.407  7378  7829 D OPENHU  : [78] Companion.decrypt | RECV: AUDIO Media Data type: 0 flags: 11 size: 8202 dataOffset: 2
09-15 13:27:58.450  7378  7829 D OPENHU  : [78] Companion.decrypt | RECV: AUDIO Media Data type: 0 flags: 11 size: 8202 dataOffset: 2
09-15 13:27:58.493  7378  7829 D OPENHU  : [78] Companion.decrypt | RECV: AUDIO Media Data type: 0 flags: 11 size: 8202 dataOffset: 2
09-15 13:27:58.536  7378  7829 D OPENHU  : [78] Companion.decrypt | RECV: AUDIO Media Data type: 0 flags: 11 size: 8202 dataOffset: 2
09-15 13:27:58.579  7378  7829 D OPENHU  : [78] Companion.decrypt | RECV: AUDIO Media Data type: 0 flags: 11 size: 8202 dataOffset: 2
09-15 13:27:58.620  7378  7829 D OPENHU  : [78] Companion.decrypt | RECV: AUDIO Media Data type: 0 flags: 11 size: 8202 dataOffset: 2
09-15 13:27:58.666  7378  7829 D OPENHU  : [78] Companion.decrypt | RECV: AUDIO Media Data type: 0 flags: 11 size: 8202 dataOffset: 2
09-15 13:27:58.678  7378  7829 D OPENHU  : [78] Companion.decrypt | RECV: MUSIC_PLAYBACK Media Playback Status type: 32769 flags: 11 size: 18 dataOffset: 2
09-15 13:27:58.679  7378  7829 D OPENHU  : [78] AapMediaPlayback.processStatusPacket | AapMediaPlayback: status mediaSource='VLC', playbackSeconds(u32)=216, state=PLAYING
09-15 13:27:58.711  7378  7829 D OPENHU  : [78] Companion.decrypt | RECV: AUDIO Media Data type: 0 flags: 11 size: 8202 dataOffset: 2
09-15 13:27:58.748  7378  7829 D OPENHU  : [78] Companion.decrypt | RECV: AUDIO Media Data type: 0 flags: 11 size: 8202 dataOffset: 2
09-15 13:27:58.790  7378  7829 D OPENHU  : [78] Companion.decrypt | RECV: AUDIO Media Data type: 0 flags: 11 size: 8202 dataOffset: 2
09-15 13:27:58.835  7378  7829 D OPENHU  : [78] Companion.decrypt | RECV: AUDIO Media Data type: 0 flags: 11 size: 8202 dataOffset: 2
09-15 13:27:58.877  7378  7829 D OPENHU  : [78] Companion.decrypt | RECV: AUDIO Media Data type: 0 flags: 11 size: 8202 dataOffset: 2
09-15 13:27:58.919  7378  7829 D OPENHU  : [78] Companion.decrypt | RECV: AUDIO Media Data type: 0 flags: 11 size: 8202 dataOffset: 2
09-15 13:27:58.925  7378  7829 D OPENHU  : [78] Companion.decrypt | RECV: CONTROL Ping Request type: 11 flags: 11 size: 12 dataOffset: 2
09-15 13:27:58.926  7378  7829 V OPENHU  : [78] AapTransport.send | CONTROL Ping Response type: 12 flags: 11 size: 14 dataOffset: 6
09-15 13:27:58.961  7378  7829 D OPENHU  : [78] Companion.decrypt | RECV: AUDIO Media Data type: 0 flags: 11 size: 8202 dataOffset: 2
09-15 13:27:59.005  7378  7829 D OPENHU  : [78] Companion.decrypt | RECV: AUDIO Media Data type: 0 flags: 11 size: 8202 dataOffset: 2
09-15 13:27:59.017  7378  7378 V OPENHU  : [2] GpsLocation.onLocationChanged | GpsLocation: fix received
09-15 13:27:59.028  7378  7378 V OPENHU  : [2] AapTransport.send | SENSOR Sensor Event type: 32771 flags: 11 size: 46 dataOffset: 6
09-15 13:27:59.047  7378  7829 D OPENHU  : [78] Companion.decrypt | RECV: AUDIO Media Data type: 0 flags: 11 size: 8202 dataOffset: 2
09-15 13:27:59.090  7378  7829 D OPENHU  : [78] Companion.decrypt | RECV: AUDIO Media Data type: 0 flags: 11 size: 8202 dataOffset: 2
09-15 13:27:59.132  7378  7829 D OPENHU  : [78] Companion.decrypt | RECV: AUDIO Media Data type: 0 flags: 11 size: 8202 dataOffset: 2
09-15 13:27:59.185  7378  7829 D OPENHU  : [78] Companion.decrypt | RECV: AUDIO Media Data type: 0 flags: 11 size: 8202 dataOffset: 2
09-15 13:27:59.216  7378  7829 D OPENHU  : [78] Companion.decrypt | RECV: AUDIO Media Data type: 0 flags: 11 size: 8202 dataOffset: 2
09-15 13:27:59.263  7378  7829 D OPENHU  : [78] Companion.decrypt | RECV: AUDIO Media Data type: 0 flags: 11 size: 8202 dataOffset: 2
09-15 13:27:59.307  7378  7829 D OPENHU  : [78] Companion.decrypt | RECV: AUDIO Media Data type: 0 flags: 11 size: 8202 dataOffset: 2
09-15 13:27:59.311  7378  7829 D OPENHU  : [78] Companion.decrypt | RECV: MUSIC_PLAYBACK Media Playback Status type: 32771 flags: 11 size: 7819 dataOffset: 2
09-15 13:27:59.332  7378  7829 D OPENHU  : [78] Companion.decrypt | RECV: MUSIC_PLAYBACK Media Playback Status type: 32769 flags: 11 size: 17 dataOffset: 2
09-15 13:27:59.333  7378  7829 D OPENHU  : [78] AapMediaPlayback.processStatusPacket | AapMediaPlayback: status mediaSource='VLC', playbackSeconds(u32)=1, state=PLAYING
09-15 13:27:59.345  7378  7829 D OPENHU  : [78] Companion.decrypt | RECV: AUDIO Media Data type: 0 flags: 11 size: 8202 dataOffset: 2
09-15 13:27:59.387  7378  7829 D OPENHU  : [78] Companion.decrypt | RECV: AUDIO Media Data type: 0 flags: 11 size: 8202 dataOffset: 2
09-15 13:27:59.431  7378  7829 D OPENHU  : [78] Companion.decrypt | RECV: AUDIO Media Data type: 0 flags: 11 size: 8202 dataOffset: 2
09-15 13:27:59.474  7378  7829 D OPENHU  : [78] Companion.decrypt | RECV: AUDIO Media Data type: 0 flags: 11 size: 8202 dataOffset: 2
09-15 13:27:59.516  7378  7829 D OPENHU  : [78] Companion.decrypt | RECV: AUDIO Media Data type: 0 flags: 11 size: 8202 dataOffset: 2
09-15 13:27:59.559  7378  7829 D OPENHU  : [78] Companion.decrypt | RECV: AUDIO Media Data type: 0 flags: 11 size: 8202 dataOffset: 2
09-15 13:27:59.605  7378  7829 D OPENHU  : [78] Companion.decrypt | RECV: AUDIO Media Data type: 0 flags: 11 size: 8202 dataOffset: 2
09-15 13:27:59.646  7378  7829 D OPENHU  : [78] Companion.decrypt | RECV: AUDIO Media Data type: 0 flags: 11 size: 8202 dataOffset: 2
09-15 13:27:59.687  7378  7829 D OPENHU  : [78] Companion.decrypt | RECV: AUDIO Media Data type: 0 flags: 11 size: 8202 dataOffset: 2
09-15 13:27:59.731  7378  7829 D OPENHU  : [78] Companion.decrypt | RECV: AUDIO Media Data type: 0 flags: 11 size: 8202 dataOffset: 2
09-15 13:27:59.746  7378  7862 I OPENHU  : [87] VideoDecoder.logThroughput | Throughput over 5001ms: rendered=185 (36fps), fed=184 (36fps), dropped=0, skipped=0, concealed=0, inputWait=89ms, enqueueWait=0ms, codec=c2.unisoc.avc.decoder, presented=183 (36fps), decodeLatency=10ms p95=18ms (183 frames)
09-15 13:27:59.775  7378  7829 D OPENHU  : [78] Companion.decrypt | RECV: AUDIO Media Data type: 0 flags: 11 size: 8202 dataOffset: 2
09-15 13:27:59.818  7378  7829 D OPENHU  : [78] Companion.decrypt | RECV: AUDIO Media Data type: 0 flags: 11 size: 8202 dataOffset: 2
09-15 13:27:59.869  7378  7829 D OPENHU  : [78] Companion.decrypt | RECV: AUDIO Media Data type: 0 flags: 11 size: 8202 dataOffset: 2
09-15 13:27:59.910  7378  7829 D OPENHU  : [78] Companion.decrypt | RECV: AUDIO Media Data type: 0 flags: 11 size: 8202 dataOffset: 2
09-15 13:27:59.927  7378  7829 D OPENHU  : [78] Companion.decrypt | RECV: CONTROL Ping Request type: 11 flags: 11 size: 12 dataOffset: 2
09-15 13:27:59.928  7378  7829 V OPENHU  : [78] AapTransport.send | CONTROL Ping Response type: 12 flags: 11 size: 14 dataOffset: 6
09-15 13:27:59.951  7378  7829 D OPENHU  : [78] Companion.decrypt | RECV: AUDIO Media Data type: 0 flags: 11 size: 8202 dataOffset: 2
09-15 13:27:59.994  7378  7829 D OPENHU  : [78] Companion.decrypt | RECV: AUDIO Media Data type: 0 flags: 11 size: 8202 dataOffset: 2
09-15 13:28:00.006  7378  7378 V OPENHU  : [2] GpsLocation.onLocationChanged | GpsLocation: fix received
09-15 13:28:00.032  7378  7829 D OPENHU  : [78] Companion.decrypt | RECV: AUDIO Media Data type: 0 flags: 11 size: 8202 dataOffset: 2
09-15 13:28:00.052  7378  7378 V OPENHU  : [2] AapTransport.send | SENSOR Sensor Event type: 32771 flags: 11 size: 46 dataOffset: 6
09-15 13:28:00.078  7378  7829 D OPENHU  : [78] Companion.decrypt | RECV: AUDIO Media Data type: 0 flags: 11 size: 8202 dataOffset: 2
09-15 13:28:00.117  7378  7829 D OPENHU  : [78] Companion.decrypt | RECV: AUDIO Media Data type: 0 flags: 11 size: 8202 dataOffset: 2
09-15 13:28:00.159  7378  7829 D OPENHU  : [78] Companion.decrypt | RECV: AUDIO Media Data type: 0 flags: 11 size: 8202 dataOffset: 2
09-15 13:28:00.200  7378  7829 D OPENHU  : [78] Companion.decrypt | RECV: AUDIO Media Data type: 0 flags: 11 size: 8202 dataOffset: 2
09-15 13:28:00.244  7378  7829 D OPENHU  : [78] Companion.decrypt | RECV: AUDIO Media Data type: 0 flags: 11 size: 8202 dataOffset: 2
09-15 13:28:00.284  7378  7829 D OPENHU  : [78] Companion.decrypt | RECV: AUDIO Media Data type: 0 flags: 11 size: 8202 dataOffset: 2
09-15 13:28:00.289  7378  7378 I OPENHU  : [2] TextureProjectionView.onSurfaceTextureUpdated | TextureProjectionView: displayed 130 frames in 5000ms (26fps), longFrames=1
09-15 13:28:00.328  7378  7829 D OPENHU  : [78] Companion.decrypt | RECV: AUDIO Media Data type: 0 flags: 11 size: 8202 dataOffset: 2
09-15 13:28:00.338  7378  7829 D OPENHU  : [78] Companion.decrypt | RECV: MUSIC_PLAYBACK Media Playback Status type: 32769 flags: 11 size: 17 dataOffset: 2
09-15 13:28:00.339  7378  7829 D OPENHU  : [78] AapMediaPlayback.processStatusPacket | AapMediaPlayback: status mediaSource='VLC', playbackSeconds(u32)=2, state=PLAYING
09-15 13:28:00.369  7378  7829 D OPENHU  : [78] Companion.decrypt | RECV: AUDIO Media Data type: 0 flags: 11 size: 8202 dataOffset: 2
09-15 13:28:00.414  7378  7829 D OPENHU  : [78] Companion.decrypt | RECV: AUDIO Media Data type: 0 flags: 11 size: 8202 dataOffset: 2
09-15 13:28:00.456  7378  7829 D OPENHU  : [78] Companion.decrypt | RECV: AUDIO Media Data type: 0 flags: 11 size: 8202 dataOffset: 2
09-15 13:28:00.498  7378  7829 D OPENHU  : [78] Companion.decrypt | RECV: AUDIO Media Data type: 0 flags: 11 size: 8202 dataOffset: 2
09-15 13:28:00.543  7378  7829 D OPENHU  : [78] Companion.decrypt | RECV: AUDIO Media Data type: 0 flags: 11 size: 8202 dataOffset: 2
09-15 13:28:00.583  7378  7829 D OPENHU  : [78] Companion.decrypt | RECV: AUDIO Media Data type: 0 flags: 11 size: 8202 dataOffset: 2
09-15 13:28:00.627  7378  7829 D OPENHU  : [78] Companion.decrypt | RECV: AUDIO Media Data type: 0 flags: 11 size: 8202 dataOffset: 2
09-15 13:28:00.668  7378  7829 D OPENHU  : [78] Companion.decrypt | RECV: AUDIO Media Data type: 0 flags: 11 size: 8202 dataOffset: 2
09-15 13:28:00.712  7378  7829 D OPENHU  : [78] Companion.decrypt | RECV: AUDIO Media Data type: 0 flags: 11 size: 8202 dataOffset: 2
09-15 13:28:00.755  7378  7829 D OPENHU  : [78] Companion.decrypt | RECV: AUDIO Media Data type: 0 flags: 11 size: 8202 dataOffset: 2
09-15 13:28:00.799  7378  7829 D OPENHU  : [78] Companion.decrypt | RECV: AUDIO Media Data type: 0 flags: 11 size: 8202 dataOffset: 2
09-15 13:28:00.843  7378  7829 D OPENHU  : [78] Companion.decrypt | RECV: AUDIO Media Data type: 0 flags: 11 size: 8202 dataOffset: 2
09-15 13:28:00.882  7378  7829 D OPENHU  : [78] Companion.decrypt | RECV: AUDIO Media Data type: 0 flags: 11 size: 8202 dataOffset: 2
09-15 13:28:00.926  7378  7829 D OPENHU  : [78] Companion.decrypt | RECV: CONTROL Ping Request type: 11 flags: 11 size: 12 dataOffset: 2
09-15 13:28:00.928  7378  7829 V OPENHU  : [78] AapTransport.send | CONTROL Ping Response type: 12 flags: 11 size: 14 dataOffset: 6
09-15 13:28:00.931  7378  7829 D OPENHU  : [78] Companion.decrypt | RECV: AUDIO Media Data type: 0 flags: 11 size: 8202 dataOffset: 2
09-15 13:28:00.966  7378  7829 D OPENHU  : [78] Companion.decrypt | RECV: AUDIO Media Data type: 0 flags: 11 size: 8202 dataOffset: 2
09-15 13:28:01.010  7378  7829 D OPENHU  : [78] Companion.decrypt | RECV: AUDIO Media Data type: 0 flags: 11 size: 8202 dataOffset: 2
09-15 13:28:01.019  7378  7378 V OPENHU  : [2] GpsLocation.onLocationChanged | GpsLocation: fix received
09-15 13:28:01.033  7378  7378 V OPENHU  : [2] AapTransport.send | SENSOR Sensor Event type: 32771 flags: 11 size: 46 dataOffset: 6
09-15 13:28:01.052  7378  7829 D OPENHU  : [78] Companion.decrypt | RECV: AUDIO Media Data type: 0 flags: 11 size: 8202 dataOffset: 2
09-15 13:28:01.098  7378  7829 D OPENHU  : [78] Companion.decrypt | RECV: AUDIO Media Data type: 0 flags: 11 size: 8202 dataOffset: 2
09-15 13:28:01.139  7378  7829 D OPENHU  : [78] Companion.decrypt | RECV: AUDIO Media Data type: 0 flags: 11 size: 8202 dataOffset: 2
09-15 13:28:01.181  7378  7829 D OPENHU  : [78] Companion.decrypt | RECV: AUDIO Media Data type: 0 flags: 11 size: 8202 dataOffset: 2
09-15 13:28:01.226  7378  7829 D OPENHU  : [78] Companion.decrypt | RECV: AUDIO Media Data type: 0 flags: 11 size: 8202 dataOffset: 2
09-15 13:28:01.268  7378  7829 D OPENHU  : [78] Companion.decrypt | RECV: AUDIO Media Data type: 0 flags: 11 size: 8202 dataOffset: 2
09-15 13:28:01.311  7378  7829 D OPENHU  : [78] Companion.decrypt | RECV: AUDIO Media Data type: 0 flags: 11 size: 8202 dataOffset: 2
09-15 13:28:01.344  7378  7829 D OPENHU  : [78] Companion.decrypt | RECV: MUSIC_PLAYBACK Media Playback Status type: 32769 flags: 11 size: 17 dataOffset: 2
09-15 13:28:01.346  7378  7829 D OPENHU  : [78] AapMediaPlayback.processStatusPacket | AapMediaPlayback: status mediaSource='VLC', playbackSeconds(u32)=3, state=PLAYING
09-15 13:28:01.353  7378  7829 D OPENHU  : [78] Companion.decrypt | RECV: AUDIO Media Data type: 0 flags: 11 size: 8202 dataOffset: 2
09-15 13:28:01.397  7378  7829 D OPENHU  : [78] Companion.decrypt | RECV: AUDIO Media Data type: 0 flags: 11 size: 8202 dataOffset: 2
09-15 13:28:01.438  7378  7829 D OPENHU  : [78] Companion.decrypt | RECV: AUDIO Media Data type: 0 flags: 11 size: 8202 dataOffset: 2
09-15 13:28:01.478  7378  7829 D OPENHU  : [78] Companion.decrypt | RECV: AUDIO Media Data type: 0 flags: 11 size: 8202 dataOffset: 2
09-15 13:28:01.521  7378  7829 D OPENHU  : [78] Companion.decrypt | RECV: AUDIO Media Data type: 0 flags: 11 size: 8202 dataOffset: 2
09-15 13:28:01.565  7378  7829 D OPENHU  : [78] Companion.decrypt | RECV: AUDIO Media Data type: 0 flags: 11 size: 8202 dataOffset: 2
09-15 13:28:01.608  7378  7829 D OPENHU  : [78] Companion.decrypt | RECV: AUDIO Media Data type: 0 flags: 11 size: 8202 dataOffset: 2
09-15 13:28:01.652  7378  7829 D OPENHU  : [78] Companion.decrypt | RECV: AUDIO Media Data type: 0 flags: 11 size: 8202 dataOffset: 2
09-15 13:28:01.693  7378  7829 D OPENHU  : [78] Companion.decrypt | RECV: AUDIO Media Data type: 0 flags: 11 size: 8202 dataOffset: 2
09-15 13:28:01.736  7378  7829 D OPENHU  : [78] Companion.decrypt | RECV: AUDIO Media Data type: 0 flags: 11 size: 8202 dataOffset: 2
09-15 13:28:01.782  7378  7829 D OPENHU  : [78] Companion.decrypt | RECV: AUDIO Media Data type: 0 flags: 11 size: 8202 dataOffset: 2
09-15 13:28:01.824  7378  7829 D OPENHU  : [78] Companion.decrypt | RECV: AUDIO Media Data type: 0 flags: 11 size: 8202 dataOffset: 2
09-15 13:28:01.864  7378  7829 D OPENHU  : [78] Companion.decrypt | RECV: AUDIO Media Data type: 0 flags: 11 size: 8202 dataOffset: 2
09-15 13:28:01.907  7378  7829 D OPENHU  : [78] Companion.decrypt | RECV: AUDIO Media Data type: 0 flags: 11 size: 8202 dataOffset: 2
09-15 13:28:01.925  7378  7829 D OPENHU  : [78] Companion.decrypt | RECV: CONTROL Ping Request type: 11 flags: 11 size: 12 dataOffset: 2
09-15 13:28:01.926  7378  7829 V OPENHU  : [78] AapTransport.send | CONTROL Ping Response type: 12 flags: 11 size: 14 dataOffset: 6
09-15 13:28:01.948  7378  7829 D OPENHU  : [78] Companion.decrypt | RECV: AUDIO Media Data type: 0 flags: 11 size: 8202 dataOffset: 2
09-15 13:28:01.992  7378  7829 D OPENHU  : [78] Companion.decrypt | RECV: AUDIO Media Data type: 0 flags: 11 size: 8202 dataOffset: 2
09-15 13:28:01.996  7378  7378 V OPENHU  : [2] GpsLocation.onLocationChanged | GpsLocation: fix received
09-15 13:28:02.003  7378  7378 V OPENHU  : [2] AapTransport.send | SENSOR Sensor Event type: 32771 flags: 11 size: 46 dataOffset: 6
09-15 13:28:02.036  7378  7829 D OPENHU  : [78] Companion.decrypt | RECV: AUDIO Media Data type: 0 flags: 11 size: 8202 dataOffset: 2
09-15 13:28:02.078  7378  7829 D OPENHU  : [78] Companion.decrypt | RECV: AUDIO Media Data type: 0 flags: 11 size: 8202 dataOffset: 2
09-15 13:28:02.119  7378  7829 D OPENHU  : [78] Companion.decrypt | RECV: AUDIO Media Data type: 0 flags: 11 size: 8202 dataOffset: 2
09-15 13:28:02.161  7378  7829 D OPENHU  : [78] Companion.decrypt | RECV: AUDIO Media Data type: 0 flags: 11 size: 8202 dataOffset: 2
09-15 13:28:02.204  7378  7829 D OPENHU  : [78] Companion.decrypt | RECV: AUDIO Media Data type: 0 flags: 11 size: 8202 dataOffset: 2
09-15 13:28:02.246  7378  7829 D OPENHU  : [78] Companion.decrypt | RECV: AUDIO Media Data type: 0 flags: 11 size: 8202 dataOffset: 2
09-15 13:28:02.291  7378  7829 D OPENHU  : [78] Companion.decrypt | RECV: AUDIO Media Data type: 0 flags: 11 size: 8202 dataOffset: 2
09-15 13:28:02.333  7378  7829 D OPENHU  : [78] Companion.decrypt | RECV: AUDIO Media Data type: 0 flags: 11 size: 8202 dataOffset: 2
09-15 13:28:02.346  7378  7829 D OPENHU  : [78] Companion.decrypt | RECV: MUSIC_PLAYBACK Media Playback Status type: 32769 flags: 11 size: 17 dataOffset: 2
09-15 13:28:02.347  7378  7829 D OPENHU  : [78] AapMediaPlayback.processStatusPacket | AapMediaPlayback: status mediaSource='VLC', playbackSeconds(u32)=4, state=PLAYING
09-15 13:28:02.376  7378  7829 D OPENHU  : [78] Companion.decrypt | RECV: AUDIO Media Data type: 0 flags: 11 size: 8202 dataOffset: 2
09-15 13:28:02.422  7378  7829 D OPENHU  : [78] Companion.decrypt | RECV: AUDIO Media Data type: 0 flags: 11 size: 8202 dataOffset: 2
09-15 13:28:02.460  7378  7829 D OPENHU  : [78] Companion.decrypt | RECV: AUDIO Media Data type: 0 flags: 11 size: 8202 dataOffset: 2
09-15 13:28:02.504  7378  7829 D OPENHU  : [78] Companion.decrypt | RECV: AUDIO Media Data type: 0 flags: 11 size: 8202 dataOffset: 2
09-15 13:28:02.546  7378  7829 D OPENHU  : [78] Companion.decrypt | RECV: AUDIO Media Data type: 0 flags: 11 size: 8202 dataOffset: 2
09-15 13:28:02.589  7378  7829 D OPENHU  : [78] Companion.decrypt | RECV: AUDIO Media Data type: 0 flags: 11 size: 8202 dataOffset: 2
09-15 13:28:02.632  7378  7829 D OPENHU  : [78] Companion.decrypt | RECV: AUDIO Media Data type: 0 flags: 11 size: 8202 dataOffset: 2
09-15 13:28:02.672  7378  7829 D OPENHU  : [78] Companion.decrypt | RECV: AUDIO Media Data type: 0 flags: 11 size: 8202 dataOffset: 2
09-15 13:28:02.717  7378  7829 D OPENHU  : [78] Companion.decrypt | RECV: AUDIO Media Data type: 0 flags: 11 size: 8202 dataOffset: 2
09-15 13:28:02.758  7378  7829 D OPENHU  : [78] Companion.decrypt | RECV: AUDIO Media Data type: 0 flags: 11 size: 8202 dataOffset: 2
09-15 13:28:02.802  7378  7829 D OPENHU  : [78] Companion.decrypt | RECV: AUDIO Media Data type: 0 flags: 11 size: 8202 dataOffset: 2
09-15 13:28:02.843  7378  7829 D OPENHU  : [78] Companion.decrypt | RECV: AUDIO Media Data type: 0 flags: 11 size: 8202 dataOffset: 2
09-15 13:28:02.887  7378  7829 D OPENHU  : [78] Companion.decrypt | RECV: AUDIO Media Data type: 0 flags: 11 size: 8202 dataOffset: 2
09-15 13:28:02.926  7378  7829 D OPENHU  : [78] Companion.decrypt | RECV: CONTROL Ping Request type: 11 flags: 11 size: 12 dataOffset: 2
09-15 13:28:02.927  7378  7829 V OPENHU  : [78] AapTransport.send | CONTROL Ping Response type: 12 flags: 11 size: 14 dataOffset: 6
09-15 13:28:02.930  7378  7829 D OPENHU  : [78] Companion.decrypt | RECV: AUDIO Media Data type: 0 flags: 11 size: 8202 dataOffset: 2
09-15 13:28:02.971  7378  7829 D OPENHU  : [78] Companion.decrypt | RECV: AUDIO Media Data type: 0 flags: 11 size: 8202 dataOffset: 2
09-15 13:28:03.015  7378  7829 D OPENHU  : [78] Companion.decrypt | RECV: AUDIO Media Data type: 0 flags: 11 size: 8202 dataOffset: 2
09-15 13:28:03.016  7378  7378 V OPENHU  : [2] GpsLocation.onLocationChanged | GpsLocation: fix received
09-15 13:28:03.025  7378  7378 V OPENHU  : [2] AapTransport.send | SENSOR Sensor Event type: 32771 flags: 11 size: 46 dataOffset: 6
09-15 13:28:03.059  7378  7829 D OPENHU  : [78] Companion.decrypt | RECV: AUDIO Media Data type: 0 flags: 11 size: 8202 dataOffset: 2
09-15 13:28:03.102  7378  7829 D OPENHU  : [78] Companion.decrypt | RECV: AUDIO Media Data type: 0 flags: 11 size: 8202 dataOffset: 2
09-15 13:28:03.143  7378  7829 D OPENHU  : [78] Companion.decrypt | RECV: AUDIO Media Data type: 0 flags: 11 size: 8202 dataOffset: 2
09-15 13:28:03.188  7378  7829 D OPENHU  : [78] Companion.decrypt | RECV: AUDIO Media Data type: 0 flags: 11 size: 8202 dataOffset: 2
09-15 13:28:03.229  7378  7829 D OPENHU  : [78] Companion.decrypt | RECV: AUDIO Media Data type: 0 flags: 11 size: 8202 dataOffset: 2
09-15 13:28:03.270  7378  7829 D OPENHU  : [78] Companion.decrypt | RECV: AUDIO Media Data type: 0 flags: 11 size: 8202 dataOffset: 2
09-15 13:28:03.313  7378  7829 D OPENHU  : [78] Companion.decrypt | RECV: AUDIO Media Data type: 0 flags: 11 size: 8202 dataOffset: 2
09-15 13:28:03.348  7378  7829 D OPENHU  : [78] Companion.decrypt | RECV: MUSIC_PLAYBACK Media Playback Status type: 32769 flags: 11 size: 17 dataOffset: 2
09-15 13:28:03.349  7378  7829 D OPENHU  : [78] AapMediaPlayback.processStatusPacket | AapMediaPlayback: status mediaSource='VLC', playbackSeconds(u32)=5, state=PLAYING
09-15 13:28:03.354  7378  7829 D OPENHU  : [78] Companion.decrypt | RECV: AUDIO Media Data type: 0 flags: 11 size: 8202 dataOffset: 2
09-15 13:28:03.399  7378  7829 D OPENHU  : [78] Companion.decrypt | RECV: AUDIO Media Data type: 0 flags: 11 size: 8202 dataOffset: 2
09-15 13:28:03.441  7378  7829 D OPENHU  : [78] Companion.decrypt | RECV: AUDIO Media Data type: 0 flags: 11 size: 8202 dataOffset: 2
09-15 13:28:03.486  7378  7829 D OPENHU  : [78] Companion.decrypt | RECV: AUDIO Media Data type: 0 flags: 11 size: 8202 dataOffset: 2
09-15 13:28:03.528  7378  7829 D OPENHU  : [78] Companion.decrypt | RECV: AUDIO Media Data type: 0 flags: 11 size: 8202 dataOffset: 2
09-15 13:28:03.570  7378  7829 D OPENHU  : [78] Companion.decrypt | RECV: AUDIO Media Data type: 0 flags: 11 size: 8202 dataOffset: 2
09-15 13:28:03.613  7378  7829 D OPENHU  : [78] Companion.decrypt | RECV: AUDIO Media Data type: 0 flags: 11 size: 8202 dataOffset: 2
09-15 13:28:03.655  7378  7829 D OPENHU  : [78] Companion.decrypt | RECV: AUDIO Media Data type: 0 flags: 11 size: 8202 dataOffset: 2
09-15 13:28:03.700  7378  7829 D OPENHU  : [78] Companion.decrypt | RECV: AUDIO Media Data type: 0 flags: 11 size: 8202 dataOffset: 2
09-15 13:28:03.740  7378  7829 D OPENHU  : [78] Companion.decrypt | RECV: AUDIO Media Data type: 0 flags: 11 size: 8202 dataOffset: 2
09-15 13:28:03.785  7378  7829 D OPENHU  : [78] Companion.decrypt | RECV: AUDIO Media Data type: 0 flags: 11 size: 8202 dataOffset: 2
09-15 13:28:03.828  7378  7829 D OPENHU  : [78] Companion.decrypt | RECV: AUDIO Media Data type: 0 flags: 11 size: 8202 dataOffset: 2
09-15 13:28:03.870  7378  7829 D OPENHU  : [78] Companion.decrypt | RECV: AUDIO Media Data type: 0 flags: 11 size: 8202 dataOffset: 2
09-15 13:28:03.912  7378  7829 D OPENHU  : [78] Companion.decrypt | RECV: AUDIO Media Data type: 0 flags: 11 size: 8202 dataOffset: 2
09-15 13:28:03.926  7378  7829 D OPENHU  : [78] Companion.decrypt | RECV: CONTROL Ping Request type: 11 flags: 11 size: 12 dataOffset: 2
09-15 13:28:03.927  7378  7829 V OPENHU  : [78] AapTransport.send | CONTROL Ping Response type: 12 flags: 11 size: 14 dataOffset: 6
09-15 13:28:03.955  7378  7829 D OPENHU  : [78] Companion.decrypt | RECV: AUDIO Media Data type: 0 flags: 11 size: 8202 dataOffset: 2
09-15 13:28:03.997  7378  7829 D OPENHU  : [78] Companion.decrypt | RECV: AUDIO Media Data type: 0 flags: 11 size: 8202 dataOffset: 2
09-15 13:28:04.006  7378  7378 V OPENHU  : [2] GpsLocation.onLocationChanged | GpsLocation: fix received
09-15 13:28:04.029  7378  7378 V OPENHU  : [2] AapTransport.send | SENSOR Sensor Event type: 32771 flags: 11 size: 46 dataOffset: 6
09-15 13:28:04.039  7378  7829 D OPENHU  : [78] Companion.decrypt | RECV: AUDIO Media Data type: 0 flags: 11 size: 8202 dataOffset: 2
09-15 13:28:04.085  7378  7829 D OPENHU  : [78] Companion.decrypt | RECV: AUDIO Media Data type: 0 flags: 11 size: 8202 dataOffset: 2
09-15 13:28:04.126  7378  7829 D OPENHU  : [78] Companion.decrypt | RECV: AUDIO Media Data type: 0 flags: 11 size: 8202 dataOffset: 2
09-15 13:28:04.170  7378  7829 D OPENHU  : [78] Companion.decrypt | RECV: AUDIO Media Data type: 0 flags: 11 size: 8202 dataOffset: 2
09-15 13:28:04.212  7378  7829 D OPENHU  : [78] Companion.decrypt | RECV: AUDIO Media Data type: 0 flags: 11 size: 8202 dataOffset: 2
09-15 13:28:04.256  7378  7829 D OPENHU  : [78] Companion.decrypt | RECV: AUDIO Media Data type: 0 flags: 11 size: 8202 dataOffset: 2
09-15 13:28:04.299  7378  7829 D OPENHU  : [78] Companion.decrypt | RECV: AUDIO Media Data type: 0 flags: 11 size: 8202 dataOffset: 2
09-15 13:28:04.342  7378  7829 D OPENHU  : [78] Companion.decrypt | RECV: AUDIO Media Data type: 0 flags: 11 size: 8202 dataOffset: 2
09-15 13:28:04.355  7378  7829 D OPENHU  : [78] Companion.decrypt | RECV: MUSIC_PLAYBACK Media Playback Status type: 32769 flags: 11 size: 17 dataOffset: 2
09-15 13:28:04.356  7378  7829 D OPENHU  : [78] AapMediaPlayback.processStatusPacket | AapMediaPlayback: status mediaSource='VLC', playbackSeconds(u32)=6, state=PLAYING
09-15 13:28:04.382  7378  7829 D OPENHU  : [78] Companion.decrypt | RECV: AUDIO Media Data type: 0 flags: 11 size: 8202 dataOffset: 2
