09-15 13:28:32.256  9044  9044 D OPENHU  : [2] App.onCreate | native library dir /data/app/~~l9pOWRlo2TOMHkS80eeASw==/com.andrerinas.headunitrevived-I4oqNCib9_5fO0KVvxY96w==/lib/arm64
09-15 13:28:32.258  9044  9044 D OPENHU  : [2] App.onCreate |    libusb1.0.so
09-15 13:28:32.258  9044  9044 D OPENHU  : [2] App.onCreate |    libavutil.so
09-15 13:28:32.259  9044  9044 D OPENHU  : [2] App.onCreate |    libconscrypt_jni.so
09-15 13:28:32.260  9044  9044 D OPENHU  : [2] App.onCreate |    libswscale.so
09-15 13:28:32.260  9044  9044 D OPENHU  : [2] App.onCreate |    libusbhelper.so
09-15 13:28:32.261  9044  9044 D OPENHU  : [2] App.onCreate |    libavcodec.so
09-15 13:28:32.261  9044  9044 D OPENHU  : [2] App.onCreate |    libhur_soft_hevc.so
09-15 13:28:32.434  9044  9044 I OPENHU  : [2] MainActivity.logLaunchSource | App launched by third party: android-app://com.android.shell (action: null)
09-15 13:28:32.708  9044  9044 D OPENHU  : [2] UsbReceiver.<init> | UsbReceiver registered
09-15 13:28:32.716  9044  9044 I OPENHU  : [2] UsbDeviceDiagnostics.logDeviceList | UsbDiagnostics: USB list sees 0 USB device(s), 0 usable for Android Auto
09-15 13:28:32.716  9044  9044 I OPENHU  : [2] UsbDeviceDiagnostics.logDeviceList | UsbDiagnostics: nothing is on the bus. Either the port carries no data, the unit is not in USB host mode, or a wireless adapter is waiting for its phone before it presents itself.
09-15 13:28:32.947  9044  9044 D OPENHU  : [2] MainActivity.requestPermissions | All required permissions already granted.
09-15 13:28:32.957  9044  9044 I OPENHU  : [2] HomeFragment.onResume | HomeFragment: onResume. isConnected=false
09-15 13:28:32.995  9044  9044 D OPENHU  : [2] BluetoothHelper.driverCandidates | BluetoothHelper: driver candidate motorola edge 30 neo (A0:46:5A:97:E4:95) -> PHONE, vouched for by a stored MAC
09-15 13:28:33.014  9044  9044 D OPENHU  : [2] BluetoothHelper.driverCandidates | BluetoothHelper: driver candidate POCO X3 NFC (DC:B7:2E:5E:4E:59) -> PHONE, advertises the Audio Gateway record
09-15 13:28:33.016  9044  9044 I OPENHU  : [2] BluetoothHelper.driverCandidates | BluetoothHelper: driver candidates: 2 phone, 0 unknown, 0 not a phone
09-15 13:28:33.038  9044  9044 D OPENHU  : [2] BluetoothHelper.driverCandidates | BluetoothHelper: driver candidate motorola edge 30 neo (A0:46:5A:97:E4:95) -> PHONE, vouched for by a stored MAC
09-15 13:28:33.056  9044  9044 D OPENHU  : [2] BluetoothHelper.driverCandidates | BluetoothHelper: driver candidate POCO X3 NFC (DC:B7:2E:5E:4E:59) -> PHONE, advertises the Audio Gateway record
09-15 13:28:33.058  9044  9044 D OPENHU  : [2] BluetoothHelper.driverCandidates | BluetoothHelper: driver candidates: 2 phone, 0 unknown, 0 not a phone
09-15 13:28:33.261  9044  9044 D OPENHU  : [2] BluetoothHelper.driverCandidates | BluetoothHelper: driver candidate motorola edge 30 neo (A0:46:5A:97:E4:95) -> PHONE, vouched for by a stored MAC
09-15 13:28:33.279  9044  9044 D OPENHU  : [2] BluetoothHelper.driverCandidates | BluetoothHelper: driver candidate POCO X3 NFC (DC:B7:2E:5E:4E:59) -> PHONE, advertises the Audio Gateway record
09-15 13:28:33.280  9044  9044 D OPENHU  : [2] BluetoothHelper.driverCandidates | BluetoothHelper: driver candidates: 2 phone, 0 unknown, 0 not a phone
09-15 13:28:33.859  9044  9044 I OPENHU  : [2] AapService.onCreate | AapService creating...
09-15 13:28:33.893  9044  9044 I OPENHU  : [2] BluetoothHelper.logAddressSourceDump | BluetoothHelper: == Bluetooth address source dump ==
09-15 13:28:33.897  9044  9044 I OPENHU  : [2] BluetoothHelper.logAddressSourceDump | BluetoothHelper:   adapter.address                      = 02:00:00:00:00:00
09-15 13:28:33.898  9044  9044 I OPENHU  : [2] BluetoothHelper.logAddressSourceDump | BluetoothHelper:   getAddress() reflection              = 02:00:00:00:00:00
09-15 13:28:33.899  9044  9044 I OPENHU  : [2] BluetoothHelper.logAddressSourceDump | BluetoothHelper:   Settings.Secure bluetooth_address    = null
09-15 13:28:33.899  9044  9044 I OPENHU  : [2] BluetoothHelper.logAddressSourceDump | BluetoothHelper:   property persist.sys.bt.mac          = null
09-15 13:28:33.900  9044  9044 I OPENHU  : [2] BluetoothHelper.logAddressSourceDump | BluetoothHelper:   property persist.sys.btmac           = null
09-15 13:28:33.901  9044  9044 I OPENHU  : [2] BluetoothHelper.logAddressSourceDump | BluetoothHelper:   property persist.vendor.bt.mac       = null
09-15 13:28:33.901  9044  9044 I OPENHU  : [2] BluetoothHelper.logAddressSourceDump | BluetoothHelper:   property sys.bt.mac                  = null
09-15 13:28:33.902  9044  9044 I OPENHU  : [2] BluetoothHelper.logAddressSourceDump | BluetoothHelper:   property persist.sys.bluetooth.mac   = null
09-15 13:28:33.903  9044  9044 I OPENHU  : [2] BluetoothHelper.logAddressSourceDump | BluetoothHelper:   property ro.boot.btmacaddr           = null
09-15 13:28:33.904  9044  9044 I OPENHU  : [2] BluetoothHelper.logAddressSourceDump | BluetoothHelper:   property vendor.bt.bdaddr            = null
09-15 13:28:33.904  9044  9044 I OPENHU  : [2] BluetoothHelper.logAddressSourceDump | BluetoothHelper:   property persist.zj.BTmac            = null
09-15 13:28:33.905  9044  9044 I OPENHU  : [2] BluetoothHelper.logAddressSourceDump | BluetoothHelper:   property persist.zlink.carplay.mac   = null
09-15 13:28:33.906  9044  9044 I OPENHU  : [2] BluetoothHelper.logAddressSourceDump | BluetoothHelper:   property sys.bt.bdaddr               = null
09-15 13:28:33.906  9044  9044 I OPENHU  : [2] BluetoothHelper.logAddressSourceDump | BluetoothHelper: == end Bluetooth address source dump ==
09-15 13:28:33.907  9044  9044 W OPENHU  : [2] BluetoothHelper.logAddressSourceDump | BluetoothHelper: no source named this unit's Bluetooth address. Read it under Settings/About/Status, or off the paired phone under the gear beside this device, and enter it under Wireless connection. Without it the phone is not told where to connect hands-free and no setup QR can be drawn.
09-15 13:28:33.928  9044  9044 D OPENHU  : [2] UsbReceiver.<init> | UsbReceiver registered
09-15 13:28:33.937  9044  9044 I OPENHU  : [2] AapService.registerReceivers | Registered runtime MEDIA_BUTTON receiver
09-15 13:28:33.940  9044  9044 I OPENHU  : [2] AapService.registerReceivers | Registered dynamic WiFi Auto-start receiver
09-15 13:28:33.944  9044  9044 I OPENHU  : [2] AapService.registerReceivers | Registered wake detection receiver (18 actions)
09-15 13:28:33.946  9044  9044 I OPENHU  : [2] AapService.registerReceivers | Registered Bluetooth auto-disconnect receiver
09-15 13:28:33.950  9044  9044 I OPENHU  : [2] CarBydReceiver.register | CarKeyReceiver: Listening for BYD panel keys on APP_REV_DATA (com.byd.multimediaservice not found)
09-15 13:28:33.951  9044  9044 D OPENHU  : [2] CarKeysManager.registerIdleReceivers | CarKeysManager: 2 idle CarKeyReceivers registered
09-15 13:28:33.990  9044  9044 D OPENHU  : [2] AapService.updateMediaSessionState | MediaSession: State updated to STOPPED, positionMs=0
09-15 13:28:34.001  9044  9044 I OPENHU  : [2] WifiLauncherManager.setActive | WifiLauncher: Initializing WiFi Mode: NATIVE
09-15 13:28:34.002  9044  9044 I OPENHU  : [2] MainActivity.renderStagePill | MainActivity: status pill step: ARMED
09-15 13:28:34.024  9044  9044 I OPENHU  : [2] WifiDirectManager.<init> | WifiDirectManager: Device supports WiFi Direct. Initializing...
09-15 13:28:34.031  9044  9044 D OPENHU  : [2] WifiDirectManager.registerReceiverIfNeeded | WifiDirectManager: BroadcastReceiver registered.
09-15 13:28:34.036  9044  9101 I OPENHU  : [50] 1.invokeSuspend | AapService: Mode requires WiFi Direct — ensuring hotspot is disabled first...
09-15 13:28:34.037  9044  9044 D OPENHU  : [2] WifiLauncherSharedServices.startWirelessServer | AapService: Starting the wireless server on 5288 - no server yet.
09-15 13:28:34.042  9044  9101 I OPENHU  : [50] HotspotManager.setHotspotEnabled | HotspotManager: Setting hotspot enabled=false (API 34, canWriteSettings=true)
09-15 13:28:34.043  9044  9044 I OPENHU  : [2] WirelessServer.start | WirelessServer: binding port 5288...
09-15 13:28:34.048  9044  9103 I OPENHU  : [52] 1.invokeSuspend | Wireless Server listening on port 5288
09-15 13:28:34.053  9044  9103 I OPENHU  : [52] WirelessServer.logLocalNetworkInterfaces | Interface: seth_lte0, IP: 172.23.212.177
09-15 13:28:34.053  9044  9101 D OPENHU  : [50] SoftApStateReader.read | SoftApStateReader: getWifiApState reports 11 (13 = enabled).
09-15 13:28:34.054  9044  9103 I OPENHU  : [52] WirelessServer.logLocalNetworkInterfaces | Interface: p2p-wlan0-24, IP: 192.168.49.1
09-15 13:28:34.055  9044  9103 D OPENHU  : [52] 1.invokeSuspend | WirelessServer: Waiting for TCP connection on port 5288...
09-15 13:28:34.067  9044  9044 I OPENHU  : [2] StationStandDown.standDown | StationStandDown: this unit is not joined to another WiFi network, so there is nothing to stand down before creating the group.
09-15 13:28:34.069  9044  9044 I OPENHU  : [2] WifiDirectManager.claimNativeCreateWindow | WifiDirectManager: a Native AA group create is claimed (bringing the Native AA group up); a refresh in the next 15s waits for it.
09-15 13:28:34.069  9044  9044 I OPENHU  : [2] WifiDirectManager.startNativeAaQuietHost | WifiDirectManager: startNativeAaQuietHost() requested. Removing old group if any...
09-15 13:28:34.070  9044  9044 I OPENHU  : [2] MainActivity.renderStagePill | MainActivity: status pill step: PREPARING_NETWORK
09-15 13:28:34.073  9044  9044 I OPENHU  : [2] WifiDirectManager.claimNativeCreateWindow | WifiDirectManager: a Native AA group create is claimed (recreating the group); a refresh in the next 15s waits for it.
09-15 13:28:34.074  9044  9044 I OPENHU  : [2] WifiDirectManager.invalidateNativeGroupCredentials | WifiDirectManager: the group is being removed (recreating the group), so its credentials are no longer handed out.
09-15 13:28:34.088  9044  9044 I OPENHU  : [2] NativeAaHandshakeManager.start | NativeAA: Starting Bluetooth Handshake Servers (primary radio [Navegadortz2])...
09-15 13:28:34.108  9044  9044 I OPENHU  : [2] NativeAaHandshakeManager.shouldRegisterDummyHfp | NativeAA: radio [Navegadortz2] already advertises Hands-Free, so the stand-in HFP record is not registered - the real stack answers calls, this app cannot.
09-15 13:28:34.109  9044  9102 I OPENHU  : [51] 1.invokeSuspend | NativeAA: ACTIVELY LISTENING on Android Auto UUID (4de17a00-52cb-11e6-bdf4-0800200c9a66) on radio [Navegadortz2]... Waiting for phone to connect back!
09-15 13:28:34.193  9044  9044 D OPENHU  : [2] BluetoothHelper.adapterForService | BluetoothHelper: adapterForService(android.hardware.bluetooth.audio.IBluetoothAudioProviderFactory/default) failed: android.bluetooth.BluetoothAdapter.<init> [interface android.bluetooth.IBluetoothManager]
09-15 13:28:34.195  9044  9044 I OPENHU  : [2] NativeAaHandshakeManager.triggerEarlyWake | NativeAA: waking the phone while the WiFi group is still forming.
09-15 13:28:34.202  9044  9122 D OPENHU  : [60] 2.invokeSuspend | NativeAA: wake poke starting (listeners ready after 0ms).
09-15 13:28:34.205  9044  9044 I OPENHU  : [2] AapService.registerNetworkMonitor | NetworkMonitor: Registered network change listener
09-15 13:28:34.239  9044  9122 I OPENHU  : [60] 2.invokeSuspend | NativeAA: WiFi credentials not ready before poke. Requesting WiFi refresh...
09-15 13:28:34.240  9044  9122 I OPENHU  : [60] WifiLauncherNative.triggerWifiDirectRefresh | AapService: WiFi Direct credential refresh requested.
09-15 13:28:34.255  9044  9101 I OPENHU  : [50] 1.invokeSuspend | WppTcpServer: listening for Android Auto on TCP 5299
09-15 13:28:34.278  9044  9044 I OPENHU  : [2] 1.onReceive | WifiDirectManager: WIFI_P2P_STATE_CHANGED_ACTION state=2
09-15 13:28:34.280  9044  9044 I OPENHU  : [2] 1.invoke | WifiDirectManager: requestDeviceInfo success: 02:00:00:00:00:00
09-15 13:28:34.282  9044  9044 I OPENHU  : [2] MainActivity.renderStagePill | MainActivity: status pill step: WAITING_FOR_PHONE
09-15 13:28:34.321  9044  9044 I OPENHU  : [2] AapService.onStartCommand | AapService: ACTION_NATIVE_AA_PROMPT_SHOWN received
09-15 13:28:34.325  9044  9044 I OPENHU  : [2] WifiDirectManager.refreshNativeCredentials$lambda$23 | WifiDirectManager: refresh: a group was asked for 252ms ago and has not answered yet, so nothing is remade underneath it.
09-15 13:28:34.326  9044  9044 I OPENHU  : [2] WifiDirectManager.refreshNativeCredentials$lambda$23 | WifiDirectManager: refresh: asking again in 15248ms, once that create's grace is up.
09-15 13:28:34.786  9044  9044 I OPENHU  : [2] WifiDirectManager.createQuietGroup | WifiDirectManager: Attempting createGroup for Native AA (Attempt 0)...
09-15 13:28:34.787  9044  9044 I OPENHU  : [2] WifiDirectManager.createQuietGroup | WifiDirectManager: this unit's WiFi radio reports a 5 GHz band.
09-15 13:28:34.789  9044  9044 I OPENHU  : [2] WifiDirectManager.createQuietGroup | WifiDirectManager: Band preference is automatic (5 GHz, then whatever this unit will host).
09-15 13:28:34.795  9044  9044 I OPENHU  : [2] WifiDirectManager.chooseNativeGroupIdentity | WifiDirectManager: group identity: asking for the kept network DIRECT-G3-Navegadortz2 again, so a phone that saved it can rejoin without being set up for a new one.
09-15 13:28:34.797  9044  9044 I OPENHU  : [2] WifiDirectManager.createQuietGroup | WifiDirectManager: Requesting Native AA P2P group on 5GHz band.
09-15 13:28:34.798  9044  9044 I OPENHU  : [2] WifiDirectManager.createQuietGroup | WifiDirectManager: 5 GHz channel is automatic, so the driver picks within the band.
09-15 13:28:34.832  9044  9044 I OPENHU  : [2] 1.onSuccess | WifiDirectManager: 5GHz createGroup SUCCESS!
09-15 13:28:34.846  9044  9044 D OPENHU  : [2] WifiDirectManager.onConnectionInfoAvailable | WifiDirectManager: onConnectionInfoAvailable: group not formed yet
09-15 13:28:34.847  9044  9044 W OPENHU  : [2] WifiDirectManager.onGroupInfoAvailable | WifiDirectManager: Group info was null! Retrying in 1s (Attempt 1/20)...
09-15 13:28:34.959  9044  9044 I OPENHU  : [2] 1.onReceive | WifiDirectManager: Connected. Requesting info...
09-15 13:28:34.978  9044  9044 D OPENHU  : [2] 2.invoke | WifiDirectManager: Pre-fetched localDeviceAddress on connect: 02:00:00:00:00:00
09-15 13:28:34.980  9044  9044 I OPENHU  : [2] WifiDirectManager.onConnectionInfoAvailable | WifiDirectManager: Group formed. Owner: true, GO IP: 192.168.49.1
09-15 13:28:34.994  9044  9044 I OPENHU  : [2] 1.invoke | WifiDirectManager: Updated localDeviceAddress via requestDeviceInfo: 02:00:00:00:00:00
09-15 13:28:35.016  9044  9044 I OPENHU  : [2] WifiDirectManager.onGroupInfoAvailable | WifiDirectManager: System Location Check: GPS=true, Network=true
09-15 13:28:35.022  9044  9044 I OPENHU  : [2] WifiDirectManager.logBssidSourceDump | WifiDirectManager: == BSSID source dump (iface=p2p-wlan0-25) ==
09-15 13:28:35.024  9044  9044 I OPENHU  : [2] WifiDirectManager.logBssidSourceDump$report | WifiDirectManager:   static override (Settings)       = 0
09-15 13:28:35.026  9044  9044 I OPENHU  : [2] WifiDirectManager.logBssidSourceDump$report | WifiDirectManager:   getGroupOwnerBssid()             = null
09-15 13:28:35.046  9044  9044 I OPENHU  : [2] WifiDirectManager.logBssidSourceDump$report | WifiDirectManager:   IPv6 link-local (p2p-wlan0-25)   = 42:34:99:03:c3:06
09-15 13:28:35.052  9044  9044 I OPENHU  : [2] WifiDirectManager.logBssidSourceDump$report | WifiDirectManager:   IPv6 link-local (any p2p/ap)     = 42:34:99:03:c3:06
09-15 13:28:35.052  9044  9044 D OPENHU  : [2] WifiDirectManager.getWifiDirectMac | WifiDirectManager: getWifiDirectMac for interface: p2p-wlan0-25
09-15 13:28:35.058  9044  9044 D OPENHU  : [2] WifiDirectManager.getWifiDirectMac | WifiDirectManager: Found interface: dummy0, MAC: null
09-15 13:28:35.061  9044  9044 D OPENHU  : [2] WifiDirectManager.getWifiDirectMac | WifiDirectManager: Found interface: seth_lte0, MAC: null
09-15 13:28:35.064  9044  9044 D OPENHU  : [2] WifiDirectManager.getWifiDirectMac | WifiDirectManager: Found interface: p2p-wlan0-25, MAC: null
09-15 13:28:35.066  9044  9044 D OPENHU  : [2] WifiDirectManager.getWifiDirectMac | WifiDirectManager: Found interface: lo, MAC: null
09-15 13:28:35.067  9044  9044 W OPENHU  : [2] WifiDirectManager.getWifiDirectMac | WifiDirectManager: No valid MAC found in NetworkInterface scan for p2p-wlan0-25
09-15 13:28:35.068  9044  9044 I OPENHU  : [2] WifiDirectManager.logBssidSourceDump$report | WifiDirectManager:   NetworkInterface.hardwareAddress = 00:00:00:00:00:00
09-15 13:28:35.069  9044  9044 I OPENHU  : [2] WifiDirectManager.logBssidSourceDump$report | WifiDirectManager:   lastKnownBssid (null)            = null
09-15 13:28:35.070  9044  9044 I OPENHU  : [2] WifiDirectManager.logBssidSourceDump$report | WifiDirectManager:   requestDeviceInfo                = 02:00:00:00:00:00
09-15 13:28:35.071  9044  9044 I OPENHU  : [2] WifiDirectManager.logBssidSourceDump$report | WifiDirectManager:   group.owner.deviceAddress        = 02:00:00:00:00:00
09-15 13:28:35.075  9044  9044 I OPENHU  : [2] WifiDirectManager.getMacFromShell | WifiDirectManager: MAC retrieved via sysfs (p2p-wlan0-25): 42:34:99:03:c3:06
09-15 13:28:35.076  9044  9044 I OPENHU  : [2] WifiDirectManager.logBssidSourceDump$report | WifiDirectManager:   sysfs / ip link                  = 42:34:99:03:c3:06
09-15 13:28:35.080  9044  9044 I OPENHU  : [2] WifiDirectManager.logBssidSourceDump$report | WifiDirectManager:   Settings.Secure p2p address      = null
09-15 13:28:35.081  9044  9044 I OPENHU  : [2] WifiDirectManager.logBssidSourceDump$report | WifiDirectManager:   reflection over WifiP2pGroup     = null
09-15 13:28:35.082  9044  9044 I OPENHU  : [2] WifiDirectManager.logBssidSourceDump | WifiDirectManager: == end BSSID source dump ==
09-15 13:28:35.088  9044  9044 I OPENHU  : [2] WifiDirectManager.onGroupInfoAvailable | WifiDirectManager: BSSID read from the IPv6 link-local address of p2p-wlan0-25 (EUI-64): 42:34:99:03:C3:06
09-15 13:28:35.089  9044  9044 I OPENHU  : [2] WifiDirectManager.onGroupInfoAvailable | WifiDirectManager: Initial BSSID from IPv6 link-local: 42:34:99:03:C3:06
09-15 13:28:35.091  9044  9044 I OPENHU  : [2] WifiDirectManager.onGroupInfoAvailable | WifiDirectManager: onGroupInfoAvailable: SSID: DIRECT-G3-Navegadortz2, BSSID: 42:34:99:03:C3:06 (source=IPv6 link-local), GO: true, IFACE: p2p-wlan0-25, Freq: 5240 MHz (5GHz)
09-15 13:28:35.094  9044  9044 I OPENHU  : [2] WifiDirectManager.onGroupInfoAvailable | WifiDirectManager: group identity ssid=DIRECT-G3-Navegadortz2 persistent=yes (netId 9) asked=persistent matchesRequest=yes bssid=42:34:99:03:C3:06 stable=no (same name but the BSSID moved from 7A:25:71:50:FA:2D to 42:34:99:03:C3:06; this unit re-addresses the group on every create) source=IPv6 link-local
09-15 13:28:35.101  9044  9044 I OPENHU  : [2] WifiDirectManager.logStationCoexistence | WifiDirectManager: This unit is not connected to any other WiFi network while hosting the WiFi Direct group on 5240 MHz. The radio serves the group alone.
09-15 13:28:35.103  9044  9044 I OPENHU  : [2] WifiDirectManager.notifyNativeGroupStarted | WifiDirectManager: Native AA WiFi Direct: 5GHz (5240 MHz), 5GHz requested, SSID=DIRECT-G3-Navegadortz2
09-15 13:28:35.107  9044  9044 I OPENHU  : [2] MainActivity.renderNetworkLine | MainActivity: status pill network: WiFi Direct on 5 GHz (5240 MHz)
09-15 13:28:35.116  9044  9140 I OPENHU  : [67] WifiDirectManager.onGroupInfoAvailable$lambda$11 | WifiDirectManager: SUCCESS - Providing credentials to listener. SSID=DIRECT-G3-Navegadortz2, IP=192.168.49.1, BSSID=42:34:99:03:C3:06, identity stable=no
09-15 13:28:35.117  9044  9140 I OPENHU  : [67] WifiLauncherNative.onNativeCredentials | AapService: Received WiFi credentials from manager (SSID=DIRECT-G3-Navegadortz2, IP=192.168.49.1). Updating and Triggering Poke.
09-15 13:28:35.118  9044  9140 I OPENHU  : [67] NativeAaHandshakeManager.updateWifiCredentials | NativeAA: Credentials updated. SSID=DIRECT-G3-Navegadortz2, IP=192.168.49.1, BSSID=42:34:99:03:C3:06, identity stable=no
09-15 13:28:35.120  9044  9140 D OPENHU  : [67] NativeAaHandshakeManager.triggerPoke | NativeAA: a wake poke is already running for these credentials - not restarting it.
09-15 13:28:35.126  9044  9044 I OPENHU  : [2] MainActivity.renderStagePill | MainActivity: status pill step: WAKING_PHONE
09-15 13:28:35.260  9044  9123 I OPENHU  : [61] 2.invokeSuspend | NativeAA: Attempting active poke to device: motorola edge 30 neo (A0:46:5A:97:E4:95)...
09-15 13:28:35.279  9044  9123 I OPENHU  : [61] NativeAaHandshakeManager.pokeDevice | NativeAA: Calling socket.connect() for motorola edge 30 neo via HFP-AG (0000111f-0000-1000-8000-00805f9b34fb)...
09-15 13:28:35.856  9044  9044 I OPENHU  : [2] WifiDirectManager.onGroupInfoAvailable | WifiDirectManager: System Location Check: GPS=true, Network=true
09-15 13:28:35.867  9044  9044 I OPENHU  : [2] WifiDirectManager.onGroupInfoAvailable | WifiDirectManager: BSSID read from the IPv6 link-local address of p2p-wlan0-25 (EUI-64): 42:34:99:03:C3:06
09-15 13:28:35.868  9044  9044 I OPENHU  : [2] WifiDirectManager.onGroupInfoAvailable | WifiDirectManager: Initial BSSID from IPv6 link-local: 42:34:99:03:C3:06
09-15 13:28:35.870  9044  9044 I OPENHU  : [2] WifiDirectManager.onGroupInfoAvailable | WifiDirectManager: onGroupInfoAvailable: SSID: DIRECT-G3-Navegadortz2, BSSID: 42:34:99:03:C3:06 (source=IPv6 link-local), GO: true, IFACE: p2p-wlan0-25, Freq: 5240 MHz (5GHz)
09-15 13:28:35.876  9044  9144 I OPENHU  : [68] WifiDirectManager.onGroupInfoAvailable$lambda$11 | WifiDirectManager: SUCCESS - Providing credentials to listener. SSID=DIRECT-G3-Navegadortz2, IP=192.168.49.1, BSSID=42:34:99:03:C3:06, identity stable=no
09-15 13:28:35.877  9044  9144 I OPENHU  : [68] WifiLauncherNative.onNativeCredentials | AapService: Received WiFi credentials from manager (SSID=DIRECT-G3-Navegadortz2, IP=192.168.49.1). Updating and Triggering Poke.
09-15 13:28:35.877  9044  9144 I OPENHU  : [68] NativeAaHandshakeManager.updateWifiCredentials | NativeAA: Credentials updated. SSID=DIRECT-G3-Navegadortz2, IP=192.168.49.1, BSSID=42:34:99:03:C3:06, identity stable=no
09-15 13:28:35.878  9044  9144 D OPENHU  : [68] NativeAaHandshakeManager.triggerPoke | NativeAA: a wake poke is already running for these credentials - not restarting it.
09-15 13:28:37.841  9044  9123 I OPENHU  : [61] NativeAaHandshakeManager.pokeDevice | NativeAA: Successfully poked motorola edge 30 neo via HFP-AG. Holding 15000ms...
09-15 13:28:38.268  9044  9102 I OPENHU  : [51] 1.invokeSuspend | NativeAA: Connection accepted from motorola edge 30 neo (A0:46:5A:97:E4:95) on local radio [Navegadortz2]
09-15 13:28:38.270  9044  9102 I OPENHU  : [51] NativeAaHandshakeManager.refuseAtGate | NativeAA: Selection prompt active (target=null) — refusing connection from A0:46:5A:97:E4:95
09-15 13:28:44.300  9044  9044 I OPENHU  : [2] HomeFragment.connectToNativeDevice | HomeFragment: Connecting to Native-AA device: motorola edge 30 neo (A0:46:5A:97:E4:95), btConnected=false
09-15 13:28:44.301  9044  9044 I OPENHU  : [2] MainActivity.beginAutoConnect | Auto-connect: begin (Native-AA driver: motorola edge 30 neo, mode=PILL_THEN_OVERLAY)
09-15 13:28:44.318  9044  9044 I OPENHU  : [2] MainActivity.startAutoConnectWatchdog | Auto-connect: this attempt gives up in 149s (mode=PILL_THEN_OVERLAY)
09-15 13:28:44.342  9044  9044 I OPENHU  : [2] AapService.onStartCommand | AapService: Received manual Native-AA poke request for A0:46:5A:97:E4:95
09-15 13:28:44.343  9044  9044 D OPENHU  : [2] AapService.onStartCommand | AapService: Already in Native AA mode, skipping re-init.
09-15 13:28:44.344  9044  9044 I OPENHU  : [2] NativeAaHandshakeManager.selectDriver | NativeAA: Driver selected: A0:46:5A:97:E4:95
09-15 13:28:44.351  9044  9044 I OPENHU  : [2] NativeAaHandshakeManager.manualPoke | NativeAA: Manual poke requested for motorola edge 30 neo (A0:46:5A:97:E4:95)
09-15 13:28:44.363  9044  9122 I OPENHU  : [60] 2.invokeSuspend | NativeAA: Attempting manual poke to motorola edge 30 neo...
09-15 13:28:44.375  9044  9122 I OPENHU  : [60] NativeAaHandshakeManager.pokeDevice | NativeAA: Calling socket.connect() for motorola edge 30 neo via HFP-AG (0000111f-0000-1000-8000-00805f9b34fb)...
09-15 13:28:44.813  9044  9122 I OPENHU  : [60] NativeAaHandshakeManager.pokeDevice | NativeAA: Successfully poked motorola edge 30 neo via HFP-AG. Holding 20000ms...
09-15 13:28:45.405  9044  9102 I OPENHU  : [51] 1.invokeSuspend | NativeAA: Connection accepted from motorola edge 30 neo (A0:46:5A:97:E4:95) on local radio [Navegadortz2]
09-15 13:28:45.408  9044  9044 I OPENHU  : [2] MainActivity.renderStagePill | MainActivity: status pill step: PHONE_ANSWERED
09-15 13:28:45.425  9044  9122 I OPENHU  : [60] 2.invokeSuspend | NativeAA: Handling handshake for motorola edge 30 neo (A0:46:5A:97:E4:95) on local radio [Navegadortz2]
09-15 13:28:45.742  9044  9122 D OPENHU  : [60] 2.invokeSuspend$feed | NativeAA: Handshake stage NEW -> AWAIT_CREDENTIALS
09-15 13:28:45.743  9044  9122 I OPENHU  : [60] 2.invokeSuspend | NativeAA: Phone connected. Current credentials state: SSID=DIRECT-G3-Navegadortz2, IP=192.168.49.1
09-15 13:28:45.743  9044  9122 I OPENHU  : [60] 2.invokeSuspend | NativeAA: Waiting for WiFi credentials to be ready (Max 60s)...
09-15 13:28:45.745  9044  9122 I OPENHU  : [60] 2.invokeSuspend | NativeAA: this unit read its own WiFi address, so the missing-BSSID record is retired.
09-15 13:28:45.746  9044  9122 I OPENHU  : [60] 2.invokeSuspend | NativeAA: Starting Handshake Exchange:
09-15 13:28:45.747  9044  9122 I OPENHU  : [60] 2.invokeSuspend |   > Target SSID: DIRECT-G3-Navegadortz2
09-15 13:28:45.747  9044  9122 I OPENHU  : [60] 2.invokeSuspend |   > Target IP:   192.168.49.1:5288
09-15 13:28:45.748  9044  9122 I OPENHU  : [60] 2.invokeSuspend |   > BSSID:       42:34:99:03:C3:06
09-15 13:28:45.749  9044  9122 I OPENHU  : [60] 2.invokeSuspend$runAction | NativeAA: [TX] Sending WifiStartRequest (Type 1)
09-15 13:28:45.772  9044  9122 I OPENHU  : [60] NativeAaHandshakeManager.sendProtobuf | NativeAA: [TX] Wrote TYPE 1 (size 19) to Bluetooth (write() returned; delivery unconfirmed)
09-15 13:28:45.773  9044  9122 D OPENHU  : [60] 2.invokeSuspend$feed | NativeAA: Handshake stage AWAIT_CREDENTIALS -> AWAIT_INFO_REQUEST
09-15 13:28:45.827  9044  9122 I OPENHU  : [60] 2.invokeSuspend$tick | NativeAA: [RX] Received Type 2 (Payload size: 0)
09-15 13:28:45.828  9044  9122 I OPENHU  : [60] 2.invokeSuspend$runAction | NativeAA: Phone ready for WiFi association. Delivering credentials...
09-15 13:28:45.829  9044  9122 I OPENHU  : [60] 2.invokeSuspend$runAction | NativeAA: [TX] Sending WifiInfoResponse (Type 3) with full credentials in 1000ms...
09-15 13:28:45.831  9044  9044 I OPENHU  : [2] MainActivity.renderStagePill | MainActivity: status pill step: SENDING_CREDENTIALS
09-15 13:28:46.832  9044  9122 D OPENHU  : [60] 2.invokeSuspend$runAction | NativeAA: the live credentials still match the ones this handshake captured.
09-15 13:28:46.836  9044  9122 I OPENHU  : [60] NativeAaHandshakeManager.sendProtobuf | NativeAA: [TX] Wrote TYPE 3 (size 61) to Bluetooth (write() returned; delivery unconfirmed)
09-15 13:28:46.836  9044  9122 I OPENHU  : [60] 2.invokeSuspend$runAction | NativeAA: Handshake completed successfully on Bluetooth side.
09-15 13:28:46.839  9044  9122 D OPENHU  : [60] 2.invokeSuspend$feed | NativeAA: Handshake stage AWAIT_INFO_REQUEST -> SETTLING
09-15 13:28:46.840  9044  9122 I OPENHU  : [60] 2.invokeSuspend$tick | NativeAA: [RX] Received Type 7 (Payload size: 2)
09-15 13:28:46.844  9044  9122 I OPENHU  : [60] NativeAaHandshakeManager.logReceivedDetail | NativeAA: [RX] WifiStartResponse ip= status=SUCCESS(0)
09-15 13:28:46.846  9044  9044 I OPENHU  : [2] MainActivity.renderStagePill | MainActivity: status pill step: PHONE_JOINING
09-15 13:28:49.400  9044  9044 I OPENHU  : [2] 1.onReceive | WifiDirectManager: Connected. Requesting info...
09-15 13:28:49.405  9044  9044 D OPENHU  : [2] 2.invoke | WifiDirectManager: Pre-fetched localDeviceAddress on connect: 02:00:00:00:00:00
09-15 13:28:49.407  9044  9044 I OPENHU  : [2] WifiDirectManager.onConnectionInfoAvailable | WifiDirectManager: Group formed. Owner: true, GO IP: 192.168.49.1
09-15 13:28:49.411  9044  9044 I OPENHU  : [2] 1.invoke | WifiDirectManager: Updated localDeviceAddress via requestDeviceInfo: 02:00:00:00:00:00
09-15 13:28:49.420  9044  9044 I OPENHU  : [2] WifiDirectManager.onGroupInfoAvailable | WifiDirectManager: System Location Check: GPS=true, Network=true
09-15 13:28:49.426  9044  9044 I OPENHU  : [2] WifiDirectManager.onGroupInfoAvailable | WifiDirectManager: BSSID read from the IPv6 link-local address of p2p-wlan0-25 (EUI-64): 42:34:99:03:C3:06
09-15 13:28:49.426  9044  9044 I OPENHU  : [2] WifiDirectManager.onGroupInfoAvailable | WifiDirectManager: Initial BSSID from IPv6 link-local: 42:34:99:03:C3:06
09-15 13:28:49.428  9044  9044 I OPENHU  : [2] WifiDirectManager.onGroupInfoAvailable | WifiDirectManager: onGroupInfoAvailable: SSID: DIRECT-G3-Navegadortz2, BSSID: 42:34:99:03:C3:06 (source=IPv6 link-local), GO: true, IFACE: p2p-wlan0-25, Freq: 5240 MHz (5GHz)
09-15 13:28:49.435  9044  9429 I OPENHU  : [73] WifiDirectManager.onGroupInfoAvailable$lambda$11 | WifiDirectManager: SUCCESS - Providing credentials to listener. SSID=DIRECT-G3-Navegadortz2, IP=192.168.49.1, BSSID=42:34:99:03:C3:06, identity stable=no
09-15 13:28:49.436  9044  9429 I OPENHU  : [73] WifiLauncherNative.onNativeCredentials | AapService: Received WiFi credentials from manager (SSID=DIRECT-G3-Navegadortz2, IP=192.168.49.1). Updating and Triggering Poke.
09-15 13:28:49.437  9044  9429 I OPENHU  : [73] NativeAaHandshakeManager.updateWifiCredentials | NativeAA: Credentials updated. SSID=DIRECT-G3-Navegadortz2, IP=192.168.49.1, BSSID=42:34:99:03:C3:06, identity stable=no
09-15 13:28:49.437  9044  9429 I OPENHU  : [73] NativeAaHandshakeManager.triggerPoke | NativeAA: Handoff still settling — not starting a poke that would compete with the phone's WiFi association.
09-15 13:28:49.581  9044  9044 I OPENHU  : [2] WifiDirectManager.refreshNativeCredentials$lambda$23 | WifiDirectManager: refresh: the group DIRECT-G3-Navegadortz2 is up, so its credentials are read again rather than the group remade.
09-15 13:28:49.585  9044  9044 I OPENHU  : [2] WifiDirectManager.onGroupInfoAvailable | WifiDirectManager: System Location Check: GPS=true, Network=true
09-15 13:28:49.597  9044  9044 I OPENHU  : [2] WifiDirectManager.onGroupInfoAvailable | WifiDirectManager: BSSID read from the IPv6 link-local address of p2p-wlan0-25 (EUI-64): 42:34:99:03:C3:06
09-15 13:28:49.598  9044  9044 I OPENHU  : [2] WifiDirectManager.onGroupInfoAvailable | WifiDirectManager: Initial BSSID from IPv6 link-local: 42:34:99:03:C3:06
09-15 13:28:49.599  9044  9044 I OPENHU  : [2] WifiDirectManager.onGroupInfoAvailable | WifiDirectManager: onGroupInfoAvailable: SSID: DIRECT-G3-Navegadortz2, BSSID: 42:34:99:03:C3:06 (source=IPv6 link-local), GO: true, IFACE: p2p-wlan0-25, Freq: 5240 MHz (5GHz)
09-15 13:28:49.603  9044  9044 I OPENHU  : [2] WifiDirectManager.onConnectionInfoAvailable | WifiDirectManager: Group formed. Owner: true, GO IP: 192.168.49.1
09-15 13:28:49.605  9044  9434 I OPENHU  : [74] WifiDirectManager.onGroupInfoAvailable$lambda$11 | WifiDirectManager: SUCCESS - Providing credentials to listener. SSID=DIRECT-G3-Navegadortz2, IP=192.168.49.1, BSSID=42:34:99:03:C3:06, identity stable=no
09-15 13:28:49.606  9044  9434 I OPENHU  : [74] WifiLauncherNative.onNativeCredentials | AapService: Received WiFi credentials from manager (SSID=DIRECT-G3-Navegadortz2, IP=192.168.49.1). Updating and Triggering Poke.
09-15 13:28:49.607  9044  9434 I OPENHU  : [74] NativeAaHandshakeManager.updateWifiCredentials | NativeAA: Credentials updated. SSID=DIRECT-G3-Navegadortz2, IP=192.168.49.1, BSSID=42:34:99:03:C3:06, identity stable=no
09-15 13:28:49.607  9044  9044 I OPENHU  : [2] 1.invoke | WifiDirectManager: Updated localDeviceAddress via requestDeviceInfo: 02:00:00:00:00:00
09-15 13:28:49.607  9044  9434 I OPENHU  : [74] NativeAaHandshakeManager.triggerPoke | NativeAA: Handoff still settling — not starting a poke that would compete with the phone's WiFi association.
09-15 13:28:49.613  9044  9044 I OPENHU  : [2] WifiDirectManager.onGroupInfoAvailable | WifiDirectManager: System Location Check: GPS=true, Network=true
09-15 13:28:49.619  9044  9044 I OPENHU  : [2] WifiDirectManager.onGroupInfoAvailable | WifiDirectManager: BSSID read from the IPv6 link-local address of p2p-wlan0-25 (EUI-64): 42:34:99:03:C3:06
09-15 13:28:49.619  9044  9044 I OPENHU  : [2] WifiDirectManager.onGroupInfoAvailable | WifiDirectManager: Initial BSSID from IPv6 link-local: 42:34:99:03:C3:06
09-15 13:28:49.621  9044  9044 I OPENHU  : [2] WifiDirectManager.onGroupInfoAvailable | WifiDirectManager: onGroupInfoAvailable: SSID: DIRECT-G3-Navegadortz2, BSSID: 42:34:99:03:C3:06 (source=IPv6 link-local), GO: true, IFACE: p2p-wlan0-25, Freq: 5240 MHz (5GHz)
09-15 13:28:49.628  9044  9435 I OPENHU  : [75] WifiDirectManager.onGroupInfoAvailable$lambda$11 | WifiDirectManager: SUCCESS - Providing credentials to listener. SSID=DIRECT-G3-Navegadortz2, IP=192.168.49.1, BSSID=42:34:99:03:C3:06, identity stable=no
09-15 13:28:49.629  9044  9435 I OPENHU  : [75] WifiLauncherNative.onNativeCredentials | AapService: Received WiFi credentials from manager (SSID=DIRECT-G3-Navegadortz2, IP=192.168.49.1). Updating and Triggering Poke.
09-15 13:28:49.630  9044  9435 I OPENHU  : [75] NativeAaHandshakeManager.updateWifiCredentials | NativeAA: Credentials updated. SSID=DIRECT-G3-Navegadortz2, IP=192.168.49.1, BSSID=42:34:99:03:C3:06, identity stable=no
09-15 13:28:49.630  9044  9435 I OPENHU  : [75] NativeAaHandshakeManager.triggerPoke | NativeAA: Handoff still settling — not starting a poke that would compete with the phone's WiFi association.
09-15 13:28:49.635  9044  9122 I OPENHU  : [60] 2.invokeSuspend$tick | NativeAA: [RX] Received Type 6 (Payload size: 2)
09-15 13:28:49.639  9044  9122 I OPENHU  : [60] NativeAaHandshakeManager.logReceivedDetail | NativeAA: [RX] WifiConnectStatus status=SUCCESS(0) (SUCCESS = the phone got onto our network)
09-15 13:28:49.642  9044  9122 I OPENHU  : [60] 2.invokeSuspend$runAction | NativeAA: Phone reports it is still joining — extending the settling window.
09-15 13:28:50.073  9044  9103 I OPENHU  : [52] 1.invokeSuspend | WirelessServer: Incoming connection detected from /192.168.49.81
09-15 13:28:50.074  9044  9103 D OPENHU  : [52] 1.invokeSuspend | WirelessServer: Waiting for TCP connection on port 5288...
09-15 13:28:50.075  9044  9044 I OPENHU  : [2] 2.invokeSuspend | WirelessServer: Accepted client connection from /192.168.49.81. Passing to CommManager...
09-15 13:28:50.085  9044  9044 I OPENHU  : [2] MainActivity.renderStagePill | MainActivity: status pill step: CONNECTING
09-15 13:28:50.089  9044  9122 I OPENHU  : [60] SocketProjectionConnection.applyLowLatencySocketOptions | Socket low-latency options: tcpNoDelay=true, recvBuf=524288, sendBuf=524288
09-15 13:28:50.090  9044  9044 I OPENHU  : [2] 1.emit | Auto-connect: a phone is answering, taking the full screen.
09-15 13:28:50.095  9044  9044 I OPENHU  : [2] AapService.emitSessionState | AapService: session state connected
09-15 13:28:50.108  9044  9044 I OPENHU  : [2] WifiDirectManager.noteSessionHosted | WifiDirectManager: this group has carried a session, so the join watchdog will not recreate it if the phone leaves.
09-15 13:28:50.111  9044  9044 I OPENHU  : [2] AapService.acquireWifiLock | WifiLock acquired (HIGH_PERF)
09-15 13:28:50.116  9044  9044 D OPENHU  : [2] AapService.updateMediaSessionState | MediaSession: State updated to PLAYING, positionMs=0
09-15 13:28:50.126  9044  9044 I OPENHU  : [2] AapService.requestPermanentAudioFocus | AapService: Static Audio Focus - acquiring permanent system audio focus (mode=AUTO, bluetoothMedia=false)
09-15 13:28:50.131  9044  9044 D OPENHU  : [2] AapService.requestPermanentAudioFocus | AapService: requestPermanentAudioFocus: result=1
09-15 13:28:50.132  9044  9044 I OPENHU  : [2] AapService.onConnected | AapService: Starting GpsLocationService and NightModeManager since connection is established
09-15 13:28:50.142  9044  9044 I OPENHU  : [2] 1.invoke | NightMode update: false
09-15 13:28:50.182  9044  9350 I OPENHU  : [71] 2.invokeSuspend$runAction | NativeAA: WiFi session landed. Handshake session ending, releasing Bluetooth connection.
09-15 13:28:50.186  9044  9044 I OPENHU  : [2] GpsLocation.start | Request location updates
09-15 13:28:50.187  9044  9350 D OPENHU  : [71] 2.invokeSuspend$feed | NativeAA: Handshake stage SETTLING -> DONE
09-15 13:28:50.187  9044  9102 I OPENHU  : [51] 1.invokeSuspend | NativeAA: AA Server socket closed after successful handoff.
09-15 13:28:50.193  9044  9350 I OPENHU  : [71] 2.invokeSuspend | NativeAA: BT Handshake link closed.
09-15 13:28:50.194  9044  9351 D OPENHU  : [72] 1.invokeSuspend | NativeAA: Bluetooth reader ended: bt socket closed, read return: -1
09-15 13:28:50.198  9044  9044 I OPENHU  : [2] GpsLocation.start | Last known location:  Location[gps 6****** , -76******  hAcc=5.910493 et=+5h8m11s721ms alt=1519.623 vAcc=8.940234 vel=0.0 sAcc=0.21665697 bear=345.752 bAcc=38.738045 {Bundle[{satellites=8, maxCn0=25, meanCn0=19}]}]
09-15 13:28:50.206  9044  9044 I OPENHU  : [2] MainActivity.renderStagePill | MainActivity: status pill step: SECURING (not shown, the overlay owns the screen)
09-15 13:28:50.241  9044  9351 I OPENHU  : [72] AudioStreamCatalog.discover | AudioStreamCatalog: 12 streams available (reported count 12): 0=VOICE_CALL, 1=SYSTEM, 2=RING, 3=MUSIC, 4=ALARM, 5=NOTIFICATION, 6=BLUETOOTH_SCO, 7=SYSTEM_ENFORCED, 8=DTMF, 9=TTS, 10=ACCESSIBILITY, 11=ASSISTANT
09-15 13:28:50.246  9044  9351 I OPENHU  : [72] AapTransport.startHandshake$com_andrerinas_headunitrevived_3_4_0_beta3_githubDebug | Start Aap transport handshake for com.andrerinas.openheadunit.connection.projection.SocketProjectionConnection@6f331e5
09-15 13:28:50.248  9044  9351 D OPENHU  : [72] AapTransport.handshake | Handshake: Starting version request. TS: 18491982
09-15 13:28:50.249  9044  9351 D OPENHU  : [72] AapTransport.handshake | Handshake: Version request sent. ret: 10. attempt: 1. TS: 18491983
09-15 13:28:50.250  9044  9351 D OPENHU  : [72] AapTransport.handshake | Handshake: Waiting for version response. TS: 18491983
09-15 13:28:50.341  9044  9044 I OPENHU  : [2] AutomationReceiver.onReceive | AutomationReceiver: com.andrerinas.openheadunit.ACTION_QUERY_STATE
09-15 13:28:50.469  9044  9351 I OPENHU  : [72] AapTransport.handshake | Handshake: Version response received (ret=12, attempt=1).
09-15 13:28:50.470  9044  9351 I OPENHU  : [72] AapTransport.handshake | Handshake: Version response recv ret: 12
09-15 13:28:50.470  9044  9351 D OPENHU  : [72] AapTransport.handshake | Handshake: Starting SSL handshake via performHandshake(). TS: 18492203
09-15 13:28:50.540  9044  9351 I OPENHU  : [72] AapSslContext.performHandshake | SSL handshake complete. Session id: +cvcYQUd7eylHvORtoMWhHaShEibHGHfBtILqXoIQz4=
09-15 13:28:50.541  9044  9351 D OPENHU  : [72] AapTransport.handshake | Handshake: SSL buffers reset after handshake.
09-15 13:28:50.542  9044  9351 D OPENHU  : [72] AapTransport.handshake | Handshake: SSL handshake complete. TS: 18492275
09-15 13:28:50.543  9044  9351 D OPENHU  : [72] AapTransport.handshake | Handshake: Status OK sent. ret: 8. TS: 18492276
09-15 13:28:50.544  9044  9351 I OPENHU  : [72] AapTransport.handshake | Handshake: Status OK sent: 8
09-15 13:28:50.544  9044  9351 D OPENHU  : [72] AapTransport.handshake | Handshake: Handshake successful. TS: 18492278
09-15 13:28:50.551  9044  9044 I OPENHU  : [2] MainActivity.renderStagePill | MainActivity: status pill step: STARTING_PROJECTION (not shown, the overlay owns the screen)
09-15 13:28:50.553  9044  9044 I OPENHU  : [2] 1.emit | Auto-connect overlay: handshake complete, handing off to projection
09-15 13:28:50.636  9044  9044 I OPENHU  : [2] AapService.launchViaOverlayTrampoline | Overlay trampoline: startActivity succeeded
09-15 13:28:50.837  9044  9044 I OPENHU  : [2] AapProjectionActivity.onCreate | HeadUnit for Android Auto (tm) - Copyright 2011-2015 Michael A. Reid., since 2025 André Rinas All Rights Reserved...
09-15 13:28:50.838  9044  9044 I OPENHU  : [2] AapProjectionActivity.setupProjectionView | Projection backend: viewMode=TEXTURE override=false SoC=uis7861_6h10 board=uis7861_6h10 mfr=UNISOC model=MT50_YT610E4GFPSL_U API=34
09-15 13:28:50.839  9044  9044 I OPENHU  : [2] AapProjectionActivity.setupProjectionView | Using TextureView
09-15 13:28:50.841  9044  9044 I OPENHU  : [2] HeadUnitScreenConfig.init | [UI_DEBUG] HeadUnitScreenConfig: Raw size: 1304x720, usable: 1440x720, orientation setting: SYSTEM, configOrientation: 2
09-15 13:28:50.841  9044  9044 I OPENHU  : [2] HeadUnitScreenConfig.init | [UI_DEBUG] HeadUnitScreenConfig: Final normalized size: 1304x720, usable: 1440x720
09-15 13:28:50.844  9044  9044 I OPENHU  : [2] HeadUnitScreenConfig.init | [UI_DEBUG] HeadUnitScreenConfig: Honest Init | Mode: IMMERSIVE | Anchor: 1440x720 (from WINDOW) | Seeded Insets: L0 T0 R0 B0
09-15 13:28:51.011  9044  9044 I OPENHU  : [2] HeadUnitScreenConfig.recalculate | [RES_CAP] resolutionId=0 realScreen=1440x720 usable=1440x720 portrait=false locked=false chosen=_1280x720 capped=_1280x720 changed=false linkCapped=none
09-15 13:28:51.011  9044  9044 I OPENHU  : [2] HeadUnitScreenConfig.recalculate | [UI_DEBUG] CarScreen: usable area 1440x720, using _1280x720
09-15 13:28:51.015  9044  9044 I OPENHU  : [2] HeadUnitScreenConfig.recalculate | [UI_DEBUG] CarScreen isSmallScreen: true, scaleFactor: 1.0, portraitScaled: false, shape=PAR, margins: w=0, h=0
09-15 13:28:51.030  9044  9044 I OPENHU  : [2] HeadUnitScreenConfig.lockResolution | [UI_DEBUG] HeadUnitScreenConfig: Locking resolution at _1280x720
09-15 13:28:51.034  9044  9044 I OPENHU  : [2] AapProjectionActivity.onNewIntent | AapProjectionActivity: onNewIntent received
09-15 13:28:51.036  9044  9044 I OPENHU  : [2] AapProjectionActivity.onResume | AapProjectionActivity: onResume
09-15 13:28:51.123  9044  9044 I OPENHU  : [2] TextureProjectionView.onSurfaceTextureAvailable | TextureProjectionView: Surface available: 1440x720
09-15 13:28:51.124  9044  9044 I OPENHU  : [2] AapProjectionActivity.onSurfaceCreated | [UI_DEBUG] [AapProjectionActivity] onSurfaceCreated
09-15 13:28:51.124  9044  9044 I OPENHU  : [2] AapProjectionActivity.onSurfaceChanged | [UI_DEBUG] [AapProjectionActivity] onSurfaceChanged. Actual surface dimensions: width=1440, height=720
09-15 13:28:51.125  9044  9044 I OPENHU  : [2] VideoDecoder.setSurface | New surface set: Surface(name=android.graphics.SurfaceTexture@ebee23a)/@0x3102eeb
09-15 13:28:51.126  9044  9044 I OPENHU  : [2] VideoDecoder.stop | Decoder stopped: New surface
09-15 13:28:51.131  9044  9351 I OPENHU  : [72] AapAudio.requestFocusChange | Audio Focus Request: stream=3, type=1
09-15 13:28:51.137  9044  9351 I OPENHU  : [72] AapAudio.requestFocusChange | Audio focus request result: GRANTED
09-15 13:28:51.138  9044  9351 I OPENHU  : [72] AapTransport.startReading$com_andrerinas_headunitrevived_3_4_0_beta3_githubDebug | Start Aap transport read loop
09-15 13:28:51.147  9044  9044 I OPENHU  : [2] GpsLocation.onLocationChanged | GpsLocation: first fix after 0s
09-15 13:28:51.148  9044  9044 V OPENHU  : [2] GpsLocation.onLocationChanged | GpsLocation: fix received
09-15 13:28:51.152  9044  9044 I OPENHU  : [2] 1.onReceive | Received request to resend night mode state
09-15 13:28:51.155  9044  9044 I OPENHU  : [2] 1.invoke | NightMode update: false
09-15 13:28:51.157  9044  9044 I OPENHU  : [2] AapTransport.noteDroppedSensorEvent | AapTransport: dropping sensor events, isAlive=true startedSensors=[] droppedByType={10=1}
09-15 13:28:51.158  9044  9439 I OPENHU  : [79] Base.auditFragment | AapRead: largest message body so far: 874 bytes (on CONTROL)
09-15 13:28:51.161  9044  9439 D OPENHU  : [79] Companion.decrypt | RECV: CONTROL Service Discovery Request type: 5 flags: 11 size: 845 dataOffset: 2
09-15 13:28:51.168  9044  9439 I OPENHU  : [79] AapControlService.serviceDiscoveryRequest | Service Discovery Request: Android
09-15 13:28:51.178  9044  9439 I OPENHU  : [79] HeadUnitScreenConfig.init | [UI_DEBUG] HeadUnitScreenConfig: Raw size: 1304x720, usable: 1440x720, orientation setting: SYSTEM, configOrientation: 2
09-15 13:28:51.179  9044  9439 I OPENHU  : [79] HeadUnitScreenConfig.init | [UI_DEBUG] HeadUnitScreenConfig: Final normalized size: 1304x720, usable: 1440x720
09-15 13:28:51.188  9044  9439 I OPENHU  : [79] Companion.makeProto | [ServiceDiscovery] Announcing NIGHT sensor support. Strategy: AUTO
09-15 13:28:51.194  9044  9439 I OPENHU  : [79] Companion.makeProto | [ServiceDiscovery] NegotiatedResolution is: 1280x720
09-15 13:28:51.196  9044  9044 D OPENHU  : [2] AapService.requestPermanentAudioFocus$lambda$10 | AapService: Permanent audio focus changed: -1
09-15 13:28:51.199  9044  9439 I OPENHU  : [79] Companion.logNegotiatedCodecCapability | [ServiceDiscovery] Negotiating a profile this device claims to carry: codec=c2.unisoc.avc.decoder mime=video/avc target=1280x720@60 sizeSupported=true rateSupported=true sustains=true widths=[64, 1920] heights=[64, 3840] featureLowLatency=false featureAdaptivePlayback=true
09-15 13:28:51.200  9044  9439 I OPENHU  : [79] Companion.makeProto | [ServiceDiscovery] Margins are: 0x0
09-15 13:28:51.200  9044  9044 I OPENHU  : [2] AapTransport.noteDroppedSensorEvent | AapTransport: dropping sensor events, isAlive=true startedSensors=[] droppedByType={1=1, 10=1}
09-15 13:28:51.202  9044  9439 I OPENHU  : [79] Companion.makeProto | [ServiceDiscovery] PixelAspectRatioE4 is: 11250 (10000 = square)
09-15 13:28:51.205  9044  9044 I OPENHU  : [2] AapService.emitSessionState | AapService: session state projecting
09-15 13:28:51.209  9044  9044 D OPENHU  : [2] AapService.maybeAutoResumePlaybackOnReconnect | AapService: Skipping auto-resume playback (wasPlaying=false, elapsed=18492942ms)
09-15 13:28:51.215  9044  9439 I OPENHU  : [79] Companion.makeProto | BT MAC Address is empty, so no Bluetooth service is announced. The phone is not told where to connect hands-free, and Android Auto keeps phone calls on the phone until it is
09-15 13:28:51.222  9044  9044 I OPENHU  : [2] 1.onReceive | Received request to resend night mode state
09-15 13:28:51.226  9044  9044 I OPENHU  : [2] 1.invoke | NightMode update: false
09-15 13:28:51.228  9044  9439 V OPENHU  : [79] AapTransport.send | CONTROL Service Discovery Response type: 6 flags: 11 size: 477 dataOffset: 6
09-15 13:28:51.341  9044  9439 D OPENHU  : [79] Companion.decrypt | RECV: CONTROL Audio Focus Request type: 18 flags: 11 size: 4 dataOffset: 2
09-15 13:28:51.344  9044  9439 I OPENHU  : [79] AapControlService.audioFocusRequest | Audio Focus Request: RELEASE
09-15 13:28:51.346  9044  9439 I OPENHU  : [79] AapControlService.audioFocusRequest | Sending immediate AudioFocusNotification: STATE_LOSS (always-grant)
09-15 13:28:51.347  9044  9439 V OPENHU  : [79] AapTransport.send | CONTROL Audio Focus Notification type: 19 flags: 11 size: 8 dataOffset: 6
09-15 13:28:51.349  9044  9439 D OPENHU  : [79] AapService.updateMediaSessionState | MediaSession: State updated to STOPPED, positionMs=0
09-15 13:28:51.350  9044  9439 I OPENHU  : [79] AapControlService.audioFocusRequest | Static Audio Focus active - skipping dynamic system focus request to prevent routing loss
09-15 13:28:51.352  9044  9439 D OPENHU  : [79] Companion.decrypt | RECV: SENSOR Channel Open Request type: 7 flags: 15 size: 6 dataOffset: 2
09-15 13:28:51.356  9044  9439 V OPENHU  : [79] AapTransport.send | SENSOR Channel Open Response type: 8 flags: 15 size: 8 dataOffset: 6
09-15 13:28:51.358  9044  9439 V OPENHU  : [79] AapTransport.send | SENSOR Sensor Event type: 32771 flags: 11 size: 10 dataOffset: 6
09-15 13:28:51.362  9044  9439 D OPENHU  : [79] Companion.decrypt | RECV: VIDEO Channel Open Request type: 7 flags: 15 size: 6 dataOffset: 2
09-15 13:28:51.363  9044  9439 V OPENHU  : [79] AapTransport.send | VIDEO Channel Open Response type: 8 flags: 15 size: 8 dataOffset: 6
09-15 13:28:51.366  9044  9439 D OPENHU  : [79] Companion.decrypt | RECV: INPUT Channel Open Request type: 7 flags: 15 size: 6 dataOffset: 2
09-15 13:28:51.367  9044  9439 V OPENHU  : [79] AapTransport.send | INPUT Channel Open Response type: 8 flags: 15 size: 8 dataOffset: 6
09-15 13:28:51.370  9044  9439 D OPENHU  : [79] Companion.decrypt | RECV: AUDIO2 Channel Open Request type: 7 flags: 15 size: 6 dataOffset: 2
09-15 13:28:51.371  9044  9439 V OPENHU  : [79] AapTransport.send | AUDIO2 Channel Open Response type: 8 flags: 15 size: 8 dataOffset: 6
09-15 13:28:51.373  9044  9439 D OPENHU  : [79] Companion.decrypt | RECV: AUDIO1 Channel Open Request type: 7 flags: 15 size: 6 dataOffset: 2
09-15 13:28:51.374  9044  9439 V OPENHU  : [79] AapTransport.send | AUDIO1 Channel Open Response type: 8 flags: 15 size: 8 dataOffset: 6
09-15 13:28:51.377  9044  9439 D OPENHU  : [79] Companion.decrypt | RECV: AUDIO Channel Open Request type: 7 flags: 15 size: 6 dataOffset: 2
09-15 13:28:51.378  9044  9439 V OPENHU  : [79] AapTransport.send | AUDIO Channel Open Response type: 8 flags: 15 size: 8 dataOffset: 6
09-15 13:28:51.381  9044  9439 D OPENHU  : [79] Companion.decrypt | RECV: MIC Channel Open Request type: 7 flags: 15 size: 6 dataOffset: 2
09-15 13:28:51.382  9044  9439 V OPENHU  : [79] AapTransport.send | MIC Channel Open Response type: 8 flags: 15 size: 8 dataOffset: 6
09-15 13:28:51.384  9044  9439 D OPENHU  : [79] Companion.decrypt | RECV: MUSIC_PLAYBACK Channel Open Request type: 7 flags: 15 size: 6 dataOffset: 2
09-15 13:28:51.385  9044  9439 V OPENHU  : [79] AapTransport.send | MUSIC_PLAYBACK Channel Open Response type: 8 flags: 15 size: 8 dataOffset: 6
09-15 13:28:51.387  9044  9439 D OPENHU  : [79] Companion.decrypt | RECV: NAVIGATION_DIRECTIONS Channel Open Request type: 7 flags: 15 size: 6 dataOffset: 2
09-15 13:28:51.388  9044  9439 V OPENHU  : [79] AapTransport.send | NAVIGATION_DIRECTIONS Channel Open Response type: 8 flags: 15 size: 8 dataOffset: 6
09-15 13:28:51.391  9044  9439 D OPENHU  : [79] Companion.decrypt | RECV: SENSOR Sensor Start Request type: 32769 flags: 11 size: 6 dataOffset: 2
09-15 13:28:51.393  9044  9439 I OPENHU  : [79] AapControlSensor.sensorStartRequest | Sensor Start Request sensor: DRIVING_STATUS, minUpdatePeriod: 0
09-15 13:28:51.395  9044  9439 I OPENHU  : [79] AapControlSensor.sensorStartRequest | SENSOR Sensor Start Response type: 32770 flags: 11 size: 8 dataOffset: 6
09-15 13:28:51.396  9044  9439 V OPENHU  : [79] AapTransport.send | SENSOR Sensor Start Response type: 32770 flags: 11 size: 8 dataOffset: 6
09-15 13:28:51.399  9044  9439 D OPENHU  : [79] Companion.decrypt | RECV: VIDEO Media Setup Request type: 32768 flags: 11 size: 4 dataOffset: 2
09-15 13:28:51.401  9044  9437 W OPENHU  : [77] AapVideo.process | AapVideo: Dropped Flag 11 packet. len=4
09-15 13:28:51.401  9044  9439 I OPENHU  : [79] AapControlMedia.mediaSinkSetupRequest | Media Sink Setup Request: 3 on channel VIDEO
09-15 13:28:51.478  9044  9439 I OPENHU  : [79] AapControlMedia.mediaSinkSetupRequest | Config response: status: HEADUNIT
09-15 13:28:51.478  9044  9439 I OPENHU  : max_unacked: 12
09-15 13:28:51.478  9044  9439 I OPENHU  : configuration_indices: 0
09-15 13:28:51.478  9044  9439 I OPENHU  :  (maxUnacked=12)
09-15 13:28:51.479  9044  9439 V OPENHU  : [79] AapTransport.send | VIDEO Media Config Response type: 32771 flags: 11 size: 12 dataOffset: 6
09-15 13:28:51.483  9044  9439 D OPENHU  : [79] Companion.decrypt | RECV: INPUT Input Binding Request type: 32770 flags: 11 size: 68 dataOffset: 2
09-15 13:28:51.487  9044  9439 V OPENHU  : [79] AapTransport.send | INPUT Input Binding Response type: 32771 flags: 11 size: 8 dataOffset: 6
09-15 13:28:51.490  9044  9439 D OPENHU  : [79] Companion.decrypt | RECV: AUDIO2 Media Setup Request type: 32768 flags: 11 size: 4 dataOffset: 2
09-15 13:28:51.491  9044  9439 I OPENHU  : [79] AapControlMedia.mediaSinkSetupRequest | Media Sink Setup Request: 1 on channel AUDIO2
09-15 13:28:51.493  9044  9439 I OPENHU  : [79] AapControlMedia.mediaSinkSetupRequest | Config response: status: HEADUNIT
09-15 13:28:51.493  9044  9439 I OPENHU  : max_unacked: 30
09-15 13:28:51.493  9044  9439 I OPENHU  : configuration_indices: 0
09-15 13:28:51.493  9044  9439 I OPENHU  :  (maxUnacked=30)
09-15 13:28:51.494  9044  9439 V OPENHU  : [79] AapTransport.send | AUDIO2 Media Config Response type: 32771 flags: 11 size: 12 dataOffset: 6
09-15 13:28:51.495  9044  9439 I OPENHU  : [79] AapAudio.startAudioTrack | AudioDecoder.start: channel=5, stream=3, gain=1.0, sampleRate=16000, numberOfBits=16, numberOfChannels=1, isAac=false, source=setup, latencyMultiplier=2, queueCapacity=50, attachHwDspEqualizer=false
09-15 13:28:51.522  9044  9439 I OPENHU  : [79] AudioMixer.start | AudioMixer: Started (asked 76800 bytes = 400ms, minBuffer=15392, capacity=19200 frames (400ms), effective=19200 frames (400ms), latencyMultiplier=2)
09-15 13:28:51.522  9044  9439 I OPENHU  : [79] AudioDecoder.start | AudioDecoder: Created and started shared AudioMixer on channel 5 at latencyMultiplier=2
09-15 13:28:51.524  9044  9457 I OPENHU  : [82] AudioMixer.start$lambda$1 | AudioMixer: Mix thread started
09-15 13:28:51.528  9044  9439 I OPENHU  : [79] AudioMixer.registerChannel | AudioMixer: Registered channel 5 (sampleRate=16000, channels=1, latencyMultiplier=2, bank 140ms before playing)
09-15 13:28:51.530  9044  9439 V OPENHU  : [79] AapTransport.send | CONTROL Audio Focus Notification type: 19 flags: 11 size: 10 dataOffset: 6
09-15 13:28:51.535  9044  9439 D OPENHU  : [79] Companion.decrypt | RECV: AUDIO1 Media Setup Request type: 32768 flags: 11 size: 4 dataOffset: 2
09-15 13:28:51.537  9044  9439 I OPENHU  : [79] AapControlMedia.mediaSinkSetupRequest | Media Sink Setup Request: 1 on channel AUDIO1
09-15 13:28:51.541  9044  9439 I OPENHU  : [79] AapControlMedia.mediaSinkSetupRequest | Config response: status: HEADUNIT
09-15 13:28:51.541  9044  9439 I OPENHU  : max_unacked: 30
09-15 13:28:51.541  9044  9439 I OPENHU  : configuration_indices: 0
09-15 13:28:51.541  9044  9439 I OPENHU  :  (maxUnacked=30)
09-15 13:28:51.543  9044  9439 V OPENHU  : [79] AapTransport.send | AUDIO1 Media Config Response type: 32771 flags: 11 size: 12 dataOffset: 6
09-15 13:28:51.544  9044  9439 I OPENHU  : [79] AapAudio.startAudioTrack | AudioDecoder.start: channel=4, stream=3, gain=1.0, sampleRate=16000, numberOfBits=16, numberOfChannels=1, isAac=false, source=setup, latencyMultiplier=2, queueCapacity=50, attachHwDspEqualizer=false
09-15 13:28:51.545  9044  9439 I OPENHU  : [79] AudioMixer.registerChannel | AudioMixer: Registered channel 4 (sampleRate=16000, channels=1, latencyMultiplier=2, bank 140ms before playing)
09-15 13:28:51.547  9044  9439 V OPENHU  : [79] AapTransport.send | CONTROL Audio Focus Notification type: 19 flags: 11 size: 10 dataOffset: 6
09-15 13:28:51.549  9044  9439 D OPENHU  : [79] Companion.decrypt | RECV: AUDIO Media Setup Request type: 32768 flags: 11 size: 4 dataOffset: 2
09-15 13:28:51.551  9044  9439 I OPENHU  : [79] AapControlMedia.mediaSinkSetupRequest | Media Sink Setup Request: 1 on channel AUDIO
09-15 13:28:51.553  9044  9439 I OPENHU  : [79] AapControlMedia.mediaSinkSetupRequest | Config response: status: HEADUNIT
09-15 13:28:51.553  9044  9439 I OPENHU  : max_unacked: 30
09-15 13:28:51.553  9044  9439 I OPENHU  : configuration_indices: 0
09-15 13:28:51.553  9044  9439 I OPENHU  :  (maxUnacked=30)
09-15 13:28:51.554  9044  9439 V OPENHU  : [79] AapTransport.send | AUDIO Media Config Response type: 32771 flags: 11 size: 12 dataOffset: 6
09-15 13:28:51.555  9044  9439 I OPENHU  : [79] AapAudio.startAudioTrack | AudioDecoder.start: channel=6, stream=3, gain=1.0, sampleRate=48000, numberOfBits=16, numberOfChannels=2, isAac=false, source=setup, latencyMultiplier=2, queueCapacity=50, attachHwDspEqualizer=false
09-15 13:28:51.557  9044  9439 I OPENHU  : [79] AudioMixer.registerChannel | AudioMixer: Registered channel 6 (sampleRate=48000, channels=2, latencyMultiplier=2, bank 140ms before playing)
09-15 13:28:51.558  9044  9439 V OPENHU  : [79] AapTransport.send | CONTROL Audio Focus Notification type: 19 flags: 11 size: 10 dataOffset: 6
09-15 13:28:51.561  9044  9439 D OPENHU  : [79] Companion.decrypt | RECV: SENSOR Sensor Start Request type: 32769 flags: 11 size: 6 dataOffset: 2
09-15 13:28:51.562  9044  9439 I OPENHU  : [79] AapControlSensor.sensorStartRequest | Sensor Start Request sensor: NIGHT, minUpdatePeriod: 0
09-15 13:28:51.564  9044  9439 I OPENHU  : [79] AapControlSensor.sensorStartRequest | SENSOR Sensor Start Response type: 32770 flags: 11 size: 8 dataOffset: 6
09-15 13:28:51.564  9044  9439 V OPENHU  : [79] AapTransport.send | SENSOR Sensor Start Response type: 32770 flags: 11 size: 8 dataOffset: 6
09-15 13:28:51.565  9044  9439 I OPENHU  : [79] AapControlSensor.sensorStartRequest | Night sensor requested. Triggering immediate update.
09-15 13:28:51.572  9044  9439 D OPENHU  : [79] Companion.decrypt | RECV: CONTROL Ping Request type: 11 flags: 11 size: 12 dataOffset: 2
09-15 13:28:51.576  9044  9439 V OPENHU  : [79] AapTransport.send | CONTROL Ping Response type: 12 flags: 11 size: 14 dataOffset: 6
09-15 13:28:51.577  9044  9044 I OPENHU  : [2] 1.onReceive | Received request to resend night mode state
09-15 13:28:51.584  9044  9044 I OPENHU  : [2] 1.invoke | NightMode update: false
09-15 13:28:51.587  9044  9044 V OPENHU  : [2] AapTransport.send | SENSOR Sensor Event type: 32771 flags: 11 size: 10 dataOffset: 6
09-15 13:28:51.996  9044  9044 V OPENHU  : [2] GpsLocation.onLocationChanged | GpsLocation: fix received
09-15 13:28:52.032  9044  9044 W OPENHU  : [2] 1.run | Watchdog: No video received yet. Requesting Keyframe (Unsolicited Focus)...
09-15 13:28:52.036  9044  9044 V OPENHU  : [2] AapTransport.send | VIDEO Video Focus Notification type: 32776 flags: 11 size: 10 dataOffset: 6
09-15 13:28:52.044  9044  9439 D OPENHU  : [79] Companion.decrypt | RECV: VIDEO Media Start Request type: 32769 flags: 11 size: 6 dataOffset: 2
09-15 13:28:52.045  9044  9437 W OPENHU  : [77] AapVideo.process | AapVideo: Dropped Flag 11 packet. len=6
09-15 13:28:52.046  9044  9439 I OPENHU  : [79] AapControlMedia.mediaStartRequest | Media Start Request VIDEO: session=0, config_index=0
09-15 13:28:52.199  9044  9439 D OPENHU  : [79] Companion.decrypt | RECV: VIDEO Version Request type: 1 flags: 11 size: 31 dataOffset: 2
09-15 13:28:52.204  9044  9439 I OPENHU  : [79] Base.auditFragment | AapRead: largest message body so far: 4151 bytes (on VIDEO)
09-15 13:28:52.208  9044  9437 I OPENHU  : [77] VideoDecoder.applyStreamDimensions | H.264 SPS parsed: 1280x720 (negotiated 1280x720)
09-15 13:28:52.208  9044  9437 I OPENHU  : [77] AapProjectionActivity.onVideoDimensionsChanged | [AapProjectionActivity] Received video dimensions: 1280x720
09-15 13:28:52.209  9044  9437 I OPENHU  : [77] VideoDecoder.applyParameterSet | Stream SPS (H.264): profile=66 level=32 poc_type=2 num_ref_frames=1 size=1280x720 vui=true bitstream_restriction=true num_reorder_frames=0 max_dec_frame_buffering=1
09-15 13:28:52.210  9044  9044 I OPENHU  : [2] TextureProjectionView.setVideoSize | TextureProjectionView: Video size set to 1280x720
09-15 13:28:52.213  9044  9044 I OPENHU  : [2] HeadUnitScreenConfig.init | [UI_DEBUG] HeadUnitScreenConfig: Raw size: 1304x720, usable: 1440x720, orientation setting: SYSTEM, configOrientation: 2
09-15 13:28:52.214  9044  9437 I OPENHU  : [77] VideoDecoder.findBestCodec | findBestCodec: hw=c2.unisoc.avc.decoder, sw=c2.android.avc.decoder, preferHardware=true, selected=c2.unisoc.avc.decoder
09-15 13:28:52.214  9044  9044 I OPENHU  : [2] HeadUnitScreenConfig.init | [UI_DEBUG] HeadUnitScreenConfig: Final normalized size: 1304x720, usable: 1440x720
09-15 13:28:52.216  9044  9437 I OPENHU  : [77] VideoDecoder.logDecoderCapability | Decoder capability: codec=c2.unisoc.avc.decoder mime=video/avc target=1280x720@60 sizeSupported=true rateSupported=true sustains=true widths=[64, 1920] heights=[64, 3840] featureLowLatency=false featureAdaptivePlayback=true
09-15 13:28:52.222  9044  9044 I OPENHU  : [2] ProjectionViewScaler.updateScale | [UI_DEBUG] Normal Scale. scaleX: 1.0, scaleY: 1.0
09-15 13:28:52.224  9044  9044 I OPENHU  : [2] HeadUnitScreenConfig.init | [UI_DEBUG] HeadUnitScreenConfig: Raw size: 1304x720, usable: 1440x720, orientation setting: SYSTEM, configOrientation: 2
09-15 13:28:52.225  9044  9044 I OPENHU  : [2] HeadUnitScreenConfig.init | [UI_DEBUG] HeadUnitScreenConfig: Final normalized size: 1304x720, usable: 1440x720
09-15 13:28:52.229  9044  9044 I OPENHU  : [2] ProjectionViewScaler.updateScale | [UI_DEBUG] Normal Scale. scaleX: 1.0, scaleY: 1.0
09-15 13:28:52.255  9044  9437 I OPENHU  : [77] VideoDecoder.start | Configuring decoder: c2.unisoc.avc.decoder for 1280x720, max-input-size=675KB, memory=AMPLE (totalRam=3745MB heapLimit=512MB memoryClass=192MB lowRamFlag=false), queue=30 frames, optionalKeys=none
09-15 13:28:52.277  9044  9477 I OPENHU  : [89] VideoDecoder.outputThreadLoop | Output thread started
09-15 13:28:52.278  9044  9437 I OPENHU  : [77] VideoDecoder.start | Codec initialized: c2.unisoc.avc.decoder
09-15 13:28:52.278  9044  9478 I OPENHU  : [90] VideoDecoder.feedThreadLoop | Feed thread started (queue holds 30 frames, 500ms at 60fps)
09-15 13:28:52.282  9044  9478 I OPENHU  : [90] VideoDecoder.feedInputBuffer | Codec input buffer: requested 675KB, got 1024KB per buffer
09-15 13:28:52.284  9044  9478 I OPENHU  : [90] VideoDecoder.reportContentOnce | VideoDecoder: access unit classified PARAMETER_SETS_ONLY - flagged to the codec as configuration (first this session)
09-15 13:28:52.289  9044  9478 I OPENHU  : [90] VideoDecoder.reportContentOnce | VideoDecoder: access unit classified NO_PARAMETER_SETS - an ordinary frame (first this session)
09-15 13:28:52.292  9044  9478 I OPENHU  : [90] VideoDecoder.feedInputBuffer | VideoDecoder: keyframe reached the codec (4112 bytes)
09-15 13:28:52.306  9044  9477 I OPENHU  : [89] VideoDecoder.handleOutputFormatChange | Output Format Changed: {crop-right=1279, max-height=720, sar-width=1, color-format=2130708361, mime=video/raw, priority=1, color-standard=2, vendor.coding.scene-mode.value=6, color-transfer=3, sar-height=1, crop-bottom=719, max-width=1280, crop-left=0, width=1280, color-range=2, crop-top=0, rotation-degrees=0, height=720}
09-15 13:28:52.314  9044  9477 I OPENHU  : [89] VideoDecoder.outputThreadLoop | VideoDecoder: keyframe decoded - the picture is repaired
09-15 13:28:52.315  9044  9477 I OPENHU  : [89] VideoDecoder.outputThreadLoop | First frame rendered (hardware decode)
09-15 13:28:52.326  9044  9044 I OPENHU  : [2] AapProjectionActivity.hideLoadingOverlay | Hiding loading overlay after first video frame
09-15 13:28:52.355  9044  9044 D OPENHU  : [2] BluetoothHelper.driverCandidates | BluetoothHelper: driver candidate motorola edge 30 neo (A0:46:5A:97:E4:95) -> PHONE, vouched for by a stored MAC
09-15 13:28:52.374  9044  9044 D OPENHU  : [2] BluetoothHelper.driverCandidates | BluetoothHelper: driver candidate POCO X3 NFC (DC:B7:2E:5E:4E:59) -> PHONE, advertises the Audio Gateway record
09-15 13:28:52.376  9044  9044 D OPENHU  : [2] BluetoothHelper.driverCandidates | BluetoothHelper: driver candidates: 2 phone, 0 unknown, 0 not a phone
09-15 13:28:52.416  9044  9439 D OPENHU  : [79] Companion.decrypt | RECV: CONTROL Ping Request type: 11 flags: 11 size: 12 dataOffset: 2
09-15 13:28:52.417  9044  9439 V OPENHU  : [79] AapTransport.send | CONTROL Ping Response type: 12 flags: 11 size: 14 dataOffset: 6
09-15 13:28:52.452  9044  9439 D OPENHU  : [79] Companion.decrypt | RECV: SENSOR Sensor Start Request type: 32769 flags: 11 size: 6 dataOffset: 2
09-15 13:28:52.453  9044  9439 I OPENHU  : [79] AapControlSensor.sensorStartRequest | Sensor Start Request sensor: LOCATION, minUpdatePeriod: 0
09-15 13:28:52.454  9044  9439 I OPENHU  : [79] AapControlSensor.sensorStartRequest | SENSOR Sensor Start Response type: 32770 flags: 11 size: 8 dataOffset: 6
09-15 13:28:52.455  9044  9439 V OPENHU  : [79] AapTransport.send | SENSOR Sensor Start Response type: 32770 flags: 11 size: 8 dataOffset: 6
09-15 13:28:52.461  9044  9439 V OPENHU  : [79] AapTransport.send | SENSOR Sensor Event type: 32771 flags: 11 size: 46 dataOffset: 6
09-15 13:28:52.462  9044  9439 I OPENHU  : [79] AapControlSensor.sensorStartRequest | LOCATION sensor requested. Sending current fix immediately. sentOnWire=true
09-15 13:28:53.020  9044  9044 V OPENHU  : [2] GpsLocation.onLocationChanged | GpsLocation: fix received
09-15 13:28:53.025  9044  9044 V OPENHU  : [2] AapTransport.send | SENSOR Sensor Event type: 32771 flags: 11 size: 46 dataOffset: 6
09-15 13:28:53.419  9044  9439 D OPENHU  : [79] Companion.decrypt | RECV: CONTROL Ping Request type: 11 flags: 11 size: 12 dataOffset: 2
09-15 13:28:53.421  9044  9439 V OPENHU  : [79] AapTransport.send | CONTROL Ping Response type: 12 flags: 11 size: 14 dataOffset: 6
09-15 13:28:53.993  9044  9044 V OPENHU  : [2] GpsLocation.onLocationChanged | GpsLocation: fix received
09-15 13:28:53.999  9044  9044 V OPENHU  : [2] AapTransport.send | SENSOR Sensor Event type: 32771 flags: 11 size: 46 dataOffset: 6
09-15 13:28:54.424  9044  9439 D OPENHU  : [79] Companion.decrypt | RECV: CONTROL Ping Request type: 11 flags: 11 size: 12 dataOffset: 2
09-15 13:28:54.425  9044  9439 V OPENHU  : [79] AapTransport.send | CONTROL Ping Response type: 12 flags: 11 size: 14 dataOffset: 6
09-15 13:28:55.017  9044  9044 V OPENHU  : [2] GpsLocation.onLocationChanged | GpsLocation: fix received
09-15 13:28:55.031  9044  9044 V OPENHU  : [2] AapTransport.send | SENSOR Sensor Event type: 32771 flags: 11 size: 46 dataOffset: 6
09-15 13:28:55.376  9044  9439 I OPENHU  : [79] Base.auditFragment | AapRead: largest message body so far: 8329 bytes (on VIDEO)
09-15 13:28:55.387  9044  9439 D OPENHU  : [79] Companion.decrypt | RECV: MUSIC_PLAYBACK Media Playback Status type: 32769 flags: 11 size: 17 dataOffset: 2
09-15 13:28:55.391  9044  9439 D OPENHU  : [79] AapMediaPlayback.processStatusPacket | AapMediaPlayback: status mediaSource='VLC', playbackSeconds(u32)=31, state=PAUSED
09-15 13:28:55.416  9044  9439 D OPENHU  : [79] Companion.decrypt | RECV: CONTROL Ping Request type: 11 flags: 11 size: 12 dataOffset: 2
09-15 13:28:55.417  9044  9439 V OPENHU  : [79] AapTransport.send | CONTROL Ping Response type: 12 flags: 11 size: 14 dataOffset: 6
09-15 13:28:55.447  9044  9439 I OPENHU  : [79] Base.auditFragment | AapRead: fragment accounting established for VIDEO: channel=2 fragments=2 declaredTotal=17348 observed=17406 delta=-58 perFragment=-29
09-15 13:28:55.450  9044  9439 D OPENHU  : [79] Companion.decrypt | RECV: VIDEO Unknown (56506) type: 56506 flags: 10 size: 1228 dataOffset: 2
09-15 13:28:55.464  9044  9439 D OPENHU  : [79] Companion.decrypt | RECV: VIDEO Unknown (57319) type: 57319 flags: 10 size: 5361 dataOffset: 2
09-15 13:28:55.480  9044  9439 D OPENHU  : [79] Companion.decrypt | RECV: VIDEO Unknown (32225) type: 32225 flags: 10 size: 9496 dataOffset: 2
09-15 13:28:55.506  9044  9439 D OPENHU  : [79] Companion.decrypt | RECV: VIDEO Unknown (29338) type: 29338 flags: 10 size: 12736 dataOffset: 2
09-15 13:28:55.520  9044  9439 D OPENHU  : [79] Companion.decrypt | RECV: VIDEO Byebye Response type: 16 flags: 8 size: 16124 dataOffset: 2
09-15 13:28:55.522  9044  9439 D OPENHU  : [79] Companion.decrypt | RECV: VIDEO Unknown (49228) type: 49228 flags: 10 size: 3352 dataOffset: 2
09-15 13:28:55.532  9044  9439 D OPENHU  : [79] Companion.decrypt | RECV: VIDEO Unknown (49395) type: 49395 flags: 8 size: 16124 dataOffset: 2
09-15 13:28:55.535  9044  9439 D OPENHU  : [79] Companion.decrypt | RECV: VIDEO Unknown (46330) type: 46330 flags: 10 size: 5588 dataOffset: 2
09-15 13:28:55.550  9044  9439 D OPENHU  : [79] Companion.decrypt | RECV: VIDEO Unknown (1220) type: 1220 flags: 8 size: 16124 dataOffset: 2
09-15 13:28:55.553  9044  9439 D OPENHU  : [79] Companion.decrypt | RECV: VIDEO Unknown (49663) type: 49663 flags: 10 size: 12330 dataOffset: 2
09-15 13:28:55.564  9044  9439 D OPENHU  : [79] Companion.decrypt | RECV: VIDEO Unknown (17457) type: 17457 flags: 8 size: 16124 dataOffset: 2
09-15 13:28:55.567  9044  9439 D OPENHU  : [79] Companion.decrypt | RECV: VIDEO Unknown (42936) type: 42936 flags: 8 size: 16124 dataOffset: 2
09-15 13:28:55.569  9044  9439 D OPENHU  : [79] Companion.decrypt | RECV: VIDEO Unknown (8261) type: 8261 flags: 10 size: 261 dataOffset: 2
09-15 13:28:55.579  9044  9439 D OPENHU  : [79] Companion.decrypt | RECV: VIDEO Unknown (2710) type: 2710 flags: 8 size: 16124 dataOffset: 2
09-15 13:28:55.582  9044  9439 D OPENHU  : [79] Companion.decrypt | RECV: VIDEO Unknown (18592) type: 18592 flags: 10 size: 15787 dataOffset: 2
09-15 13:28:55.597  9044  9439 D OPENHU  : [79] Companion.decrypt | RECV: VIDEO Unknown (1152) type: 1152 flags: 8 size: 16124 dataOffset: 2
09-15 13:28:55.599  9044  9439 D OPENHU  : [79] Companion.decrypt | RECV: VIDEO Unknown (134) type: 134 flags: 8 size: 16124 dataOffset: 2
09-15 13:28:55.601  9044  9439 D OPENHU  : [79] Companion.decrypt | RECV: VIDEO Unknown (36592) type: 36592 flags: 10 size: 154 dataOffset: 2
09-15 13:28:55.614  9044  9439 D OPENHU  : [79] Companion.decrypt | RECV: VIDEO Unknown (13356) type: 13356 flags: 8 size: 16124 dataOffset: 2
09-15 13:28:55.617  9044  9439 D OPENHU  : [79] Companion.decrypt | RECV: VIDEO Unknown (220) type: 220 flags: 10 size: 12544 dataOffset: 2
09-15 13:28:55.628  9044  9439 D OPENHU  : [79] Companion.decrypt | RECV: VIDEO Unknown (32793) type: 32793 flags: 8 size: 16124 dataOffset: 2
09-15 13:28:55.630  9044  9439 D OPENHU  : [79] Companion.decrypt | RECV: VIDEO Unknown (6624) type: 6624 flags: 10 size: 11692 dataOffset: 2
09-15 13:28:55.646  9044  9439 D OPENHU  : [79] Companion.decrypt | RECV: VIDEO Unknown (7844) type: 7844 flags: 8 size: 16124 dataOffset: 2
09-15 13:28:55.648  9044  9439 D OPENHU  : [79] Companion.decrypt | RECV: VIDEO Unknown (16642) type: 16642 flags: 8 size: 16124 dataOffset: 2
09-15 13:28:55.651  9044  9439 D OPENHU  : [79] Companion.decrypt | RECV: VIDEO Unknown (80) type: 80 flags: 10 size: 1795 dataOffset: 2
09-15 13:28:55.666  9044  9439 D OPENHU  : [79] Companion.decrypt | RECV: VIDEO Unknown (36864) type: 36864 flags: 8 size: 16124 dataOffset: 2
09-15 13:28:55.668  9044  9439 D OPENHU  : [79] Companion.decrypt | RECV: VIDEO Unknown (32407) type: 32407 flags: 10 size: 14515 dataOffset: 2
09-15 13:28:55.679  9044  9439 D OPENHU  : [79] Companion.decrypt | RECV: VIDEO Unknown (5188) type: 5188 flags: 8 size: 16124 dataOffset: 2
09-15 13:28:55.682  9044  9439 D OPENHU  : [79] Companion.decrypt | RECV: VIDEO Unknown (6464) type: 6464 flags: 10 size: 15072 dataOffset: 2
09-15 13:28:55.698  9044  9439 D OPENHU  : [79] Companion.decrypt | RECV: VIDEO Byebye Response type: 16 flags: 8 size: 16124 dataOffset: 2
09-15 13:28:55.701  9044  9439 D OPENHU  : [79] Companion.decrypt | RECV: VIDEO Unknown (7632) type: 7632 flags: 10 size: 12793 dataOffset: 2
09-15 13:28:55.715  9044  9439 D OPENHU  : [79] Companion.decrypt | RECV: VIDEO Unknown (7768) type: 7768 flags: 8 size: 16124 dataOffset: 2
09-15 13:28:55.717  9044  9439 D OPENHU  : [79] Companion.decrypt | RECV: VIDEO Unknown (13637) type: 13637 flags: 10 size: 7896 dataOffset: 2
09-15 13:28:55.726  9044  9439 D OPENHU  : [79] Companion.decrypt | RECV: VIDEO Unknown (20529) type: 20529 flags: 8 size: 16124 dataOffset: 2
09-15 13:28:55.728  9044  9439 D OPENHU  : [79] Companion.decrypt | RECV: VIDEO Unknown (5123) type: 5123 flags: 10 size: 6299 dataOffset: 2
09-15 13:28:55.996  9044  9439 D OPENHU  : [79] Companion.decrypt | RECV: VIDEO Unknown (47205) type: 47205 flags: 8 size: 16124 dataOffset: 2
09-15 13:28:55.998  9044  9439 D OPENHU  : [79] Companion.decrypt | RECV: VIDEO Unknown (1278) type: 1278 flags: 10 size: 1336 dataOffset: 2
09-15 13:28:56.014  9044  9044 V OPENHU  : [2] GpsLocation.onLocationChanged | GpsLocation: fix received
09-15 13:28:56.033  9044  9044 V OPENHU  : [2] AapTransport.send | SENSOR Sensor Event type: 32771 flags: 11 size: 46 dataOffset: 6
09-15 13:28:56.112  9044  9439 D OPENHU  : [79] Companion.decrypt | RECV: MUSIC_PLAYBACK Media Playback Status type: 32771 flags: 11 size: 6002 dataOffset: 2
09-15 13:28:56.419  9044  9439 D OPENHU  : [79] Companion.decrypt | RECV: CONTROL Ping Request type: 11 flags: 11 size: 12 dataOffset: 2
09-15 13:28:56.421  9044  9439 V OPENHU  : [79] AapTransport.send | CONTROL Ping Response type: 12 flags: 11 size: 14 dataOffset: 6
09-15 13:28:56.644  9044  9439 D OPENHU  : [79] Companion.decrypt | RECV: VIDEO Unknown (56678) type: 56678 flags: 10 size: 4838 dataOffset: 2
09-15 13:28:56.704  9044  9439 D OPENHU  : [79] Companion.decrypt | RECV: AUDIO Media Start Request type: 32769 flags: 11 size: 6 dataOffset: 2
09-15 13:28:56.706  9044  9439 I OPENHU  : [79] AapControlMedia.mediaStartRequest | Media Start Request AUDIO: session=0, config_index=0
09-15 13:28:56.708  9044  9439 D OPENHU  : [79] Companion.decrypt | RECV: AUDIO Media Data type: 0 flags: 11 size: 8202 dataOffset: 2
09-15 13:28:56.712  9044  9439 D OPENHU  : [79] Companion.decrypt | RECV: AUDIO Media Data type: 0 flags: 11 size: 8202 dataOffset: 2
09-15 13:28:56.716  9044  9439 D OPENHU  : [79] Companion.decrypt | RECV: AUDIO Media Data type: 0 flags: 11 size: 8202 dataOffset: 2
09-15 13:28:56.720  9044  9439 D OPENHU  : [79] Companion.decrypt | RECV: AUDIO Media Data type: 0 flags: 11 size: 8202 dataOffset: 2
09-15 13:28:56.723  9044  9439 D OPENHU  : [79] Companion.decrypt | RECV: AUDIO Media Data type: 0 flags: 11 size: 8202 dataOffset: 2
09-15 13:28:56.741  9044  9439 D OPENHU  : [79] Companion.decrypt | RECV: AUDIO Media Data type: 0 flags: 11 size: 8202 dataOffset: 2
09-15 13:28:56.786  9044  9439 D OPENHU  : [79] Companion.decrypt | RECV: AUDIO Media Data type: 0 flags: 11 size: 8202 dataOffset: 2
09-15 13:28:56.826  9044  9439 D OPENHU  : [79] Companion.decrypt | RECV: AUDIO Media Data type: 0 flags: 11 size: 8202 dataOffset: 2
09-15 13:28:56.855  9044  9439 D OPENHU  : [79] Companion.decrypt | RECV: MUSIC_PLAYBACK Media Playback Status type: 32769 flags: 11 size: 17 dataOffset: 2
09-15 13:28:56.856  9044  9439 D OPENHU  : [79] AapMediaPlayback.processStatusPacket | AapMediaPlayback: status mediaSource='VLC', playbackSeconds(u32)=32, state=PLAYING
09-15 13:28:56.869  9044  9439 D OPENHU  : [79] Companion.decrypt | RECV: AUDIO Media Data type: 0 flags: 11 size: 8202 dataOffset: 2
09-15 13:28:56.914  9044  9439 D OPENHU  : [79] Companion.decrypt | RECV: AUDIO Media Data type: 0 flags: 11 size: 8202 dataOffset: 2
09-15 13:28:56.954  9044  9439 D OPENHU  : [79] Companion.decrypt | RECV: AUDIO Media Data type: 0 flags: 11 size: 8202 dataOffset: 2
09-15 13:28:56.972  9044  9439 D OPENHU  : [79] Companion.decrypt | RECV: MUSIC_PLAYBACK Media Playback Status type: 32769 flags: 11 size: 17 dataOffset: 2
09-15 13:28:56.973  9044  9439 D OPENHU  : [79] AapMediaPlayback.processStatusPacket | AapMediaPlayback: status mediaSource='VLC', playbackSeconds(u32)=32, state=PLAYING
09-15 13:28:56.998  9044  9439 D OPENHU  : [79] Companion.decrypt | RECV: AUDIO Media Data type: 0 flags: 11 size: 8202 dataOffset: 2
09-15 13:28:57.019  9044  9044 V OPENHU  : [2] GpsLocation.onLocationChanged | GpsLocation: fix received
09-15 13:28:57.031  9044  9044 V OPENHU  : [2] AapTransport.send | SENSOR Sensor Event type: 32771 flags: 11 size: 46 dataOffset: 6
09-15 13:28:57.037  9044  9439 D OPENHU  : [79] Companion.decrypt | RECV: AUDIO Media Data type: 0 flags: 11 size: 8202 dataOffset: 2
09-15 13:28:57.056  9044  9439 D OPENHU  : [79] Companion.decrypt | RECV: MUSIC_PLAYBACK Media Playback Status type: 32771 flags: 11 size: 7819 dataOffset: 2
09-15 13:28:57.083  9044  9439 D OPENHU  : [79] Companion.decrypt | RECV: AUDIO Media Data type: 0 flags: 11 size: 8202 dataOffset: 2
09-15 13:28:57.122  9044  9439 D OPENHU  : [79] Companion.decrypt | RECV: AUDIO Media Data type: 0 flags: 11 size: 8202 dataOffset: 2
09-15 13:28:57.168  9044  9439 D OPENHU  : [79] Companion.decrypt | RECV: AUDIO Media Data type: 0 flags: 11 size: 8202 dataOffset: 2
09-15 13:28:57.209  9044  9439 D OPENHU  : [79] Companion.decrypt | RECV: AUDIO Media Data type: 0 flags: 11 size: 8202 dataOffset: 2
09-15 13:28:57.251  9044  9439 D OPENHU  : [79] Companion.decrypt | RECV: AUDIO Media Data type: 0 flags: 11 size: 8202 dataOffset: 2
09-15 13:28:57.294  9044  9439 D OPENHU  : [79] Companion.decrypt | RECV: AUDIO Media Data type: 0 flags: 11 size: 8202 dataOffset: 2
09-15 13:28:57.307  9044  9477 I OPENHU  : [89] VideoDecoder.logThroughput | Throughput over 5011ms: rendered=188 (37fps), fed=190 (37fps), dropped=0, skipped=0, concealed=0, inputWait=83ms, enqueueWait=0ms, codec=c2.unisoc.avc.decoder, presented=187 (37fps), decodeLatency=10ms p95=17ms (187 frames)
09-15 13:28:57.325  9044  9044 I OPENHU  : [2] TextureProjectionView.onSurfaceTextureUpdated | TextureProjectionView: displayed 144 frames in 5000ms (28fps), longFrames=1
09-15 13:28:57.336  9044  9439 D OPENHU  : [79] Companion.decrypt | RECV: AUDIO Media Data type: 0 flags: 11 size: 8202 dataOffset: 2
09-15 13:28:57.381  9044  9439 D OPENHU  : [79] Companion.decrypt | RECV: AUDIO Media Data type: 0 flags: 11 size: 8202 dataOffset: 2
09-15 13:28:57.416  9044  9439 D OPENHU  : [79] Companion.decrypt | RECV: CONTROL Ping Request type: 11 flags: 11 size: 12 dataOffset: 2
09-15 13:28:57.417  9044  9439 V OPENHU  : [79] AapTransport.send | CONTROL Ping Response type: 12 flags: 11 size: 14 dataOffset: 6
09-15 13:28:57.423  9044  9439 D OPENHU  : [79] Companion.decrypt | RECV: AUDIO Media Data type: 0 flags: 11 size: 8202 dataOffset: 2
09-15 13:28:57.465  9044  9439 D OPENHU  : [79] Companion.decrypt | RECV: AUDIO Media Data type: 0 flags: 11 size: 8202 dataOffset: 2
09-15 13:28:57.509  9044  9439 D OPENHU  : [79] Companion.decrypt | RECV: AUDIO Media Data type: 0 flags: 11 size: 8202 dataOffset: 2
09-15 13:28:57.549  9044  9439 D OPENHU  : [79] Companion.decrypt | RECV: AUDIO Media Data type: 0 flags: 11 size: 8202 dataOffset: 2
09-15 13:28:57.592  9044  9439 D OPENHU  : [79] Companion.decrypt | RECV: AUDIO Media Data type: 0 flags: 11 size: 8202 dataOffset: 2
09-15 13:28:57.635  9044  9439 D OPENHU  : [79] Companion.decrypt | RECV: AUDIO Media Data type: 0 flags: 11 size: 8202 dataOffset: 2
09-15 13:28:57.682  9044  9439 D OPENHU  : [79] Companion.decrypt | RECV: AUDIO Media Data type: 0 flags: 11 size: 8202 dataOffset: 2
09-15 13:28:57.720  9044  9439 D OPENHU  : [79] Companion.decrypt | RECV: AUDIO Media Data type: 0 flags: 11 size: 8202 dataOffset: 2
09-15 13:28:57.767  9044  9439 D OPENHU  : [79] Companion.decrypt | RECV: AUDIO Media Data type: 0 flags: 11 size: 8202 dataOffset: 2
09-15 13:28:57.806  9044  9439 D OPENHU  : [79] Companion.decrypt | RECV: AUDIO Media Data type: 0 flags: 11 size: 8202 dataOffset: 2
09-15 13:28:57.848  9044  9439 D OPENHU  : [79] Companion.decrypt | RECV: AUDIO Media Data type: 0 flags: 11 size: 8202 dataOffset: 2
09-15 13:28:57.891  9044  9439 D OPENHU  : [79] Companion.decrypt | RECV: AUDIO Media Data type: 0 flags: 11 size: 8202 dataOffset: 2
09-15 13:28:57.935  9044  9439 D OPENHU  : [79] Companion.decrypt | RECV: AUDIO Media Data type: 0 flags: 11 size: 8202 dataOffset: 2
09-15 13:28:57.979  9044  9439 D OPENHU  : [79] Companion.decrypt | RECV: AUDIO Media Data type: 0 flags: 11 size: 8202 dataOffset: 2
09-15 13:28:57.998  9044  9044 V OPENHU  : [2] GpsLocation.onLocationChanged | GpsLocation: fix received
09-15 13:28:58.010  9044  9044 V OPENHU  : [2] AapTransport.send | SENSOR Sensor Event type: 32771 flags: 11 size: 46 dataOffset: 6
09-15 13:28:58.020  9044  9439 D OPENHU  : [79] Companion.decrypt | RECV: AUDIO Media Data type: 0 flags: 11 size: 8202 dataOffset: 2
09-15 13:28:58.065  9044  9439 D OPENHU  : [79] Companion.decrypt | RECV: AUDIO Media Data type: 0 flags: 11 size: 8202 dataOffset: 2
09-15 13:28:58.105  9044  9439 D OPENHU  : [79] Companion.decrypt | RECV: AUDIO Media Data type: 0 flags: 11 size: 8202 dataOffset: 2
09-15 13:28:58.149  9044  9439 D OPENHU  : [79] Companion.decrypt | RECV: AUDIO Media Data type: 0 flags: 11 size: 8202 dataOffset: 2
09-15 13:28:58.191  9044  9439 D OPENHU  : [79] Companion.decrypt | RECV: AUDIO Media Data type: 0 flags: 11 size: 8202 dataOffset: 2
09-15 13:28:58.233  9044  9439 D OPENHU  : [79] Companion.decrypt | RECV: AUDIO Media Data type: 0 flags: 11 size: 8202 dataOffset: 2
09-15 13:28:58.333  9044  9439 D OPENHU  : [79] Companion.decrypt | RECV: AUDIO Media Data type: 0 flags: 11 size: 8202 dataOffset: 2
09-15 13:28:58.345  9044  9439 D OPENHU  : [79] Companion.decrypt | RECV: AUDIO Media Data type: 0 flags: 11 size: 8202 dataOffset: 2
09-15 13:28:58.361  9044  9439 D OPENHU  : [79] Companion.decrypt | RECV: AUDIO Media Data type: 0 flags: 11 size: 8202 dataOffset: 2
09-15 13:28:58.441  9044  9439 D OPENHU  : [79] Companion.decrypt | RECV: CONTROL Ping Request type: 11 flags: 11 size: 12 dataOffset: 2
09-15 13:28:58.441  9044  9439 V OPENHU  : [79] AapTransport.send | CONTROL Ping Response type: 12 flags: 11 size: 14 dataOffset: 6
09-15 13:28:58.444  9044  9439 D OPENHU  : [79] Companion.decrypt | RECV: AUDIO Media Data type: 0 flags: 11 size: 8202 dataOffset: 2
09-15 13:28:58.459  9044  9439 D OPENHU  : [79] Companion.decrypt | RECV: AUDIO Media Data type: 0 flags: 11 size: 8202 dataOffset: 2
09-15 13:28:58.489  9044  9439 D OPENHU  : [79] Companion.decrypt | RECV: AUDIO Media Data type: 0 flags: 11 size: 8202 dataOffset: 2
09-15 13:28:58.530  9044  9439 D OPENHU  : [79] Companion.decrypt | RECV: AUDIO Media Data type: 0 flags: 11 size: 8202 dataOffset: 2
09-15 13:28:58.575  9044  9439 D OPENHU  : [79] Companion.decrypt | RECV: AUDIO Media Data type: 0 flags: 11 size: 8202 dataOffset: 2
09-15 13:28:58.617  9044  9439 D OPENHU  : [79] Companion.decrypt | RECV: AUDIO Media Data type: 0 flags: 11 size: 8202 dataOffset: 2
09-15 13:28:58.662  9044  9439 D OPENHU  : [79] Companion.decrypt | RECV: AUDIO Media Data type: 0 flags: 11 size: 8202 dataOffset: 2
09-15 13:28:58.703  9044  9439 D OPENHU  : [79] Companion.decrypt | RECV: AUDIO Media Data type: 0 flags: 11 size: 8202 dataOffset: 2
09-15 13:28:58.744  9044  9439 D OPENHU  : [79] Companion.decrypt | RECV: AUDIO Media Data type: 0 flags: 11 size: 8202 dataOffset: 2
09-15 13:28:58.787  9044  9439 D OPENHU  : [79] Companion.decrypt | RECV: AUDIO Media Data type: 0 flags: 11 size: 8202 dataOffset: 2
09-15 13:28:58.829  9044  9439 D OPENHU  : [79] Companion.decrypt | RECV: AUDIO Media Data type: 0 flags: 11 size: 8202 dataOffset: 2
09-15 13:28:58.872  9044  9439 D OPENHU  : [79] Companion.decrypt | RECV: AUDIO Media Data type: 0 flags: 11 size: 8202 dataOffset: 2
09-15 13:28:58.915  9044  9439 D OPENHU  : [79] Companion.decrypt | RECV: AUDIO Media Data type: 0 flags: 11 size: 8202 dataOffset: 2
09-15 13:28:58.957  9044  9439 D OPENHU  : [79] Companion.decrypt | RECV: AUDIO Media Data type: 0 flags: 11 size: 8202 dataOffset: 2
09-15 13:28:58.974  9044  9439 D OPENHU  : [79] Companion.decrypt | RECV: MUSIC_PLAYBACK Media Playback Status type: 32769 flags: 11 size: 17 dataOffset: 2
09-15 13:28:58.975  9044  9439 D OPENHU  : [79] AapMediaPlayback.processStatusPacket | AapMediaPlayback: status mediaSource='VLC', playbackSeconds(u32)=34, state=PLAYING
09-15 13:28:59.002  9044  9439 D OPENHU  : [79] Companion.decrypt | RECV: AUDIO Media Data type: 0 flags: 11 size: 8202 dataOffset: 2
09-15 13:28:59.020  9044  9044 V OPENHU  : [2] GpsLocation.onLocationChanged | GpsLocation: fix received
09-15 13:28:59.030  9044  9044 V OPENHU  : [2] AapTransport.send | SENSOR Sensor Event type: 32771 flags: 11 size: 46 dataOffset: 6
09-15 13:28:59.053  9044  9439 D OPENHU  : [79] Companion.decrypt | RECV: AUDIO Media Data type: 0 flags: 11 size: 8202 dataOffset: 2
09-15 13:28:59.085  9044  9439 D OPENHU  : [79] Companion.decrypt | RECV: AUDIO Media Data type: 0 flags: 11 size: 8202 dataOffset: 2
09-15 13:28:59.129  9044  9439 D OPENHU  : [79] Companion.decrypt | RECV: AUDIO Media Data type: 0 flags: 11 size: 8202 dataOffset: 2
09-15 13:28:59.171  9044  9439 D OPENHU  : [79] Companion.decrypt | RECV: AUDIO Media Data type: 0 flags: 11 size: 8202 dataOffset: 2
09-15 13:28:59.214  9044  9439 D OPENHU  : [79] Companion.decrypt | RECV: AUDIO Media Data type: 0 flags: 11 size: 8202 dataOffset: 2
09-15 13:28:59.259  9044  9439 D OPENHU  : [79] Companion.decrypt | RECV: AUDIO Media Data type: 0 flags: 11 size: 8202 dataOffset: 2
09-15 13:28:59.310  9044  9439 D OPENHU  : [79] Companion.decrypt | RECV: AUDIO Media Data type: 0 flags: 11 size: 8202 dataOffset: 2
09-15 13:28:59.341  9044  9439 D OPENHU  : [79] Companion.decrypt | RECV: AUDIO Media Data type: 0 flags: 11 size: 8202 dataOffset: 2
09-15 13:28:59.385  9044  9439 D OPENHU  : [79] Companion.decrypt | RECV: AUDIO Media Data type: 0 flags: 11 size: 8202 dataOffset: 2
09-15 13:28:59.430  9044  9439 D OPENHU  : [79] Companion.decrypt | RECV: CONTROL Ping Request type: 11 flags: 11 size: 12 dataOffset: 2
09-15 13:28:59.431  9044  9439 V OPENHU  : [79] AapTransport.send | CONTROL Ping Response type: 12 flags: 11 size: 14 dataOffset: 6
09-15 13:28:59.433  9044  9439 D OPENHU  : [79] Companion.decrypt | RECV: AUDIO Media Data type: 0 flags: 11 size: 8202 dataOffset: 2
09-15 13:28:59.470  9044  9439 D OPENHU  : [79] Companion.decrypt | RECV: AUDIO Media Data type: 0 flags: 11 size: 8202 dataOffset: 2
09-15 13:28:59.513  9044  9439 D OPENHU  : [79] Companion.decrypt | RECV: AUDIO Media Data type: 0 flags: 11 size: 8202 dataOffset: 2
09-15 13:28:59.556  9044  9439 D OPENHU  : [79] Companion.decrypt | RECV: AUDIO Media Data type: 0 flags: 11 size: 8202 dataOffset: 2
09-15 13:28:59.598  9044  9439 D OPENHU  : [79] Companion.decrypt | RECV: AUDIO Media Data type: 0 flags: 11 size: 8202 dataOffset: 2
09-15 13:28:59.643  9044  9439 D OPENHU  : [79] Companion.decrypt | RECV: AUDIO Media Data type: 0 flags: 11 size: 8202 dataOffset: 2
09-15 13:28:59.682  9044  9439 D OPENHU  : [79] Companion.decrypt | RECV: AUDIO Media Data type: 0 flags: 11 size: 8202 dataOffset: 2
09-15 13:28:59.726  9044  9439 D OPENHU  : [79] Companion.decrypt | RECV: AUDIO Media Data type: 0 flags: 11 size: 8202 dataOffset: 2
09-15 13:28:59.770  9044  9439 D OPENHU  : [79] Companion.decrypt | RECV: AUDIO Media Data type: 0 flags: 11 size: 8202 dataOffset: 2
09-15 13:28:59.811  9044  9439 D OPENHU  : [79] Companion.decrypt | RECV: AUDIO Media Data type: 0 flags: 11 size: 8202 dataOffset: 2
09-15 13:28:59.855  9044  9439 D OPENHU  : [79] Companion.decrypt | RECV: AUDIO Media Data type: 0 flags: 11 size: 8202 dataOffset: 2
09-15 13:28:59.899  9044  9439 D OPENHU  : [79] Companion.decrypt | RECV: AUDIO Media Data type: 0 flags: 11 size: 8202 dataOffset: 2
09-15 13:28:59.941  9044  9439 D OPENHU  : [79] Companion.decrypt | RECV: AUDIO Media Data type: 0 flags: 11 size: 8202 dataOffset: 2
09-15 13:28:59.975  9044  9439 D OPENHU  : [79] Companion.decrypt | RECV: MUSIC_PLAYBACK Media Playback Status type: 32769 flags: 11 size: 17 dataOffset: 2
09-15 13:28:59.976  9044  9439 D OPENHU  : [79] AapMediaPlayback.processStatusPacket | AapMediaPlayback: status mediaSource='VLC', playbackSeconds(u32)=35, state=PLAYING
09-15 13:28:59.982  9044  9439 D OPENHU  : [79] Companion.decrypt | RECV: AUDIO Media Data type: 0 flags: 11 size: 8202 dataOffset: 2
09-15 13:28:59.998  9044  9044 V OPENHU  : [2] GpsLocation.onLocationChanged | GpsLocation: fix received
09-15 13:29:00.005  9044  9044 V OPENHU  : [2] AapTransport.send | SENSOR Sensor Event type: 32771 flags: 11 size: 46 dataOffset: 6
09-15 13:29:00.030  9044  9439 D OPENHU  : [79] Companion.decrypt | RECV: AUDIO Media Data type: 0 flags: 11 size: 8202 dataOffset: 2
09-15 13:29:00.068  9044  9439 D OPENHU  : [79] Companion.decrypt | RECV: AUDIO Media Data type: 0 flags: 11 size: 8202 dataOffset: 2
09-15 13:29:00.109  9044  9439 D OPENHU  : [79] Companion.decrypt | RECV: AUDIO Media Data type: 0 flags: 11 size: 8202 dataOffset: 2
09-15 13:29:00.153  9044  9439 D OPENHU  : [79] Companion.decrypt | RECV: AUDIO Media Data type: 0 flags: 11 size: 8202 dataOffset: 2
09-15 13:29:00.194  9044  9439 D OPENHU  : [79] Companion.decrypt | RECV: AUDIO Media Data type: 0 flags: 11 size: 8202 dataOffset: 2
09-15 13:29:00.239  9044  9439 D OPENHU  : [79] Companion.decrypt | RECV: AUDIO Media Data type: 0 flags: 11 size: 8202 dataOffset: 2
09-15 13:29:00.281  9044  9439 D OPENHU  : [79] Companion.decrypt | RECV: AUDIO Media Data type: 0 flags: 11 size: 8202 dataOffset: 2
09-15 13:29:00.324  9044  9439 D OPENHU  : [79] Companion.decrypt | RECV: AUDIO Media Data type: 0 flags: 11 size: 8202 dataOffset: 2
09-15 13:29:00.370  9044  9439 D OPENHU  : [79] Companion.decrypt | RECV: AUDIO Media Data type: 0 flags: 11 size: 8202 dataOffset: 2
09-15 13:29:00.409  9044  9439 D OPENHU  : [79] Companion.decrypt | RECV: AUDIO Media Data type: 0 flags: 11 size: 8202 dataOffset: 2
09-15 13:29:00.423  9044  9439 D OPENHU  : [79] Companion.decrypt | RECV: CONTROL Ping Request type: 11 flags: 11 size: 12 dataOffset: 2
09-15 13:29:00.424  9044  9439 V OPENHU  : [79] AapTransport.send | CONTROL Ping Response type: 12 flags: 11 size: 14 dataOffset: 6
09-15 13:29:00.452  9044  9439 D OPENHU  : [79] Companion.decrypt | RECV: AUDIO Media Data type: 0 flags: 11 size: 8202 dataOffset: 2
09-15 13:29:00.497  9044  9439 D OPENHU  : [79] Companion.decrypt | RECV: AUDIO Media Data type: 0 flags: 11 size: 8202 dataOffset: 2
09-15 13:29:00.540  9044  9439 D OPENHU  : [79] Companion.decrypt | RECV: AUDIO Media Data type: 0 flags: 11 size: 8202 dataOffset: 2
09-15 13:29:00.580  9044  9439 D OPENHU  : [79] Companion.decrypt | RECV: AUDIO Media Data type: 0 flags: 11 size: 8202 dataOffset: 2
09-15 13:29:00.622  9044  9439 D OPENHU  : [79] Companion.decrypt | RECV: AUDIO Media Data type: 0 flags: 11 size: 8202 dataOffset: 2
09-15 13:29:00.666  9044  9439 D OPENHU  : [79] Companion.decrypt | RECV: AUDIO Media Data type: 0 flags: 11 size: 8202 dataOffset: 2
09-15 13:29:00.708  9044  9439 D OPENHU  : [79] Companion.decrypt | RECV: AUDIO Media Data type: 0 flags: 11 size: 8202 dataOffset: 2
09-15 13:29:00.754  9044  9439 D OPENHU  : [79] Companion.decrypt | RECV: AUDIO Media Data type: 0 flags: 11 size: 8202 dataOffset: 2
09-15 13:29:00.795  9044  9439 D OPENHU  : [79] Companion.decrypt | RECV: AUDIO Media Data type: 0 flags: 11 size: 8202 dataOffset: 2
09-15 13:29:00.838  9044  9439 D OPENHU  : [79] Companion.decrypt | RECV: AUDIO Media Data type: 0 flags: 11 size: 8202 dataOffset: 2
09-15 13:29:00.880  9044  9439 D OPENHU  : [79] Companion.decrypt | RECV: AUDIO Media Data type: 0 flags: 11 size: 8202 dataOffset: 2
09-15 13:29:00.923  9044  9439 D OPENHU  : [79] Companion.decrypt | RECV: AUDIO Media Data type: 0 flags: 11 size: 8202 dataOffset: 2
09-15 13:29:00.965  9044  9439 D OPENHU  : [79] Companion.decrypt | RECV: AUDIO Media Data type: 0 flags: 11 size: 8202 dataOffset: 2
09-15 13:29:00.977  9044  9439 D OPENHU  : [79] Companion.decrypt | RECV: MUSIC_PLAYBACK Media Playback Status type: 32769 flags: 11 size: 17 dataOffset: 2
09-15 13:29:00.979  9044  9439 D OPENHU  : [79] AapMediaPlayback.processStatusPacket | AapMediaPlayback: status mediaSource='VLC', playbackSeconds(u32)=36, state=PLAYING
09-15 13:29:01.008  9044  9439 D OPENHU  : [79] Companion.decrypt | RECV: AUDIO Media Data type: 0 flags: 11 size: 8202 dataOffset: 2
09-15 13:29:01.019  9044  9044 V OPENHU  : [2] GpsLocation.onLocationChanged | GpsLocation: fix received
09-15 13:29:01.027  9044  9044 V OPENHU  : [2] AapTransport.send | SENSOR Sensor Event type: 32771 flags: 11 size: 46 dataOffset: 6
09-15 13:29:01.048  9044  9439 D OPENHU  : [79] Companion.decrypt | RECV: AUDIO Media Data type: 0 flags: 11 size: 8202 dataOffset: 2
09-15 13:29:01.095  9044  9439 D OPENHU  : [79] Companion.decrypt | RECV: AUDIO Media Data type: 0 flags: 11 size: 8202 dataOffset: 2
09-15 13:29:01.136  9044  9439 D OPENHU  : [79] Companion.decrypt | RECV: AUDIO Media Data type: 0 flags: 11 size: 8202 dataOffset: 2
09-15 13:29:01.179  9044  9439 D OPENHU  : [79] Companion.decrypt | RECV: AUDIO Media Data type: 0 flags: 11 size: 8202 dataOffset: 2
09-15 13:29:01.221  9044  9439 D OPENHU  : [79] Companion.decrypt | RECV: AUDIO Media Data type: 0 flags: 11 size: 8202 dataOffset: 2
09-15 13:29:01.263  9044  9439 D OPENHU  : [79] Companion.decrypt | RECV: AUDIO Media Data type: 0 flags: 11 size: 8202 dataOffset: 2
09-15 13:29:01.307  9044  9439 D OPENHU  : [79] Companion.decrypt | RECV: AUDIO Media Data type: 0 flags: 11 size: 8202 dataOffset: 2
09-15 13:29:01.350  9044  9439 D OPENHU  : [79] Companion.decrypt | RECV: AUDIO Media Data type: 0 flags: 11 size: 8202 dataOffset: 2
09-15 13:29:01.393  9044  9439 D OPENHU  : [79] Companion.decrypt | RECV: AUDIO Media Data type: 0 flags: 11 size: 8202 dataOffset: 2
09-15 13:29:01.420  9044  9439 D OPENHU  : [79] Companion.decrypt | RECV: CONTROL Ping Request type: 11 flags: 11 size: 12 dataOffset: 2
09-15 13:29:01.422  9044  9439 V OPENHU  : [79] AapTransport.send | CONTROL Ping Response type: 12 flags: 11 size: 14 dataOffset: 6
09-15 13:29:01.436  9044  9439 D OPENHU  : [79] Companion.decrypt | RECV: AUDIO Media Data type: 0 flags: 11 size: 8202 dataOffset: 2
09-15 13:29:01.477  9044  9439 D OPENHU  : [79] Companion.decrypt | RECV: AUDIO Media Data type: 0 flags: 11 size: 8202 dataOffset: 2
09-15 13:29:01.528  9044  9439 D OPENHU  : [79] Companion.decrypt | RECV: AUDIO Media Data type: 0 flags: 11 size: 8202 dataOffset: 2
09-15 13:29:01.560  9044  9439 D OPENHU  : [79] Companion.decrypt | RECV: AUDIO Media Data type: 0 flags: 11 size: 8202 dataOffset: 2
09-15 13:29:01.604  9044  9439 D OPENHU  : [79] Companion.decrypt | RECV: AUDIO Media Data type: 0 flags: 11 size: 8202 dataOffset: 2
09-15 13:29:01.647  9044  9439 D OPENHU  : [79] Companion.decrypt | RECV: AUDIO Media Data type: 0 flags: 11 size: 8202 dataOffset: 2
09-15 13:29:01.689  9044  9439 D OPENHU  : [79] Companion.decrypt | RECV: AUDIO Media Data type: 0 flags: 11 size: 8202 dataOffset: 2
09-15 13:29:01.737  9044  9439 D OPENHU  : [79] Companion.decrypt | RECV: AUDIO Media Data type: 0 flags: 11 size: 8202 dataOffset: 2
09-15 13:29:01.775  9044  9439 D OPENHU  : [79] Companion.decrypt | RECV: AUDIO Media Data type: 0 flags: 11 size: 8202 dataOffset: 2
09-15 13:29:01.823  9044  9439 D OPENHU  : [79] Companion.decrypt | RECV: AUDIO Media Data type: 0 flags: 11 size: 8202 dataOffset: 2
09-15 13:29:01.862  9044  9439 D OPENHU  : [79] Companion.decrypt | RECV: AUDIO Media Data type: 0 flags: 11 size: 8202 dataOffset: 2
09-15 13:29:01.906  9044  9439 D OPENHU  : [79] Companion.decrypt | RECV: AUDIO Media Data type: 0 flags: 11 size: 8202 dataOffset: 2
09-15 13:29:01.945  9044  9439 D OPENHU  : [79] Companion.decrypt | RECV: AUDIO Media Data type: 0 flags: 11 size: 8202 dataOffset: 2
09-15 13:29:01.974  9044  9439 D OPENHU  : [79] Companion.decrypt | RECV: MUSIC_PLAYBACK Media Playback Status type: 32769 flags: 11 size: 17 dataOffset: 2
09-15 13:29:01.975  9044  9439 D OPENHU  : [79] AapMediaPlayback.processStatusPacket | AapMediaPlayback: status mediaSource='VLC', playbackSeconds(u32)=37, state=PLAYING
09-15 13:29:01.987  9044  9439 D OPENHU  : [79] Companion.decrypt | RECV: AUDIO Media Data type: 0 flags: 11 size: 8202 dataOffset: 2
09-15 13:29:01.996  9044  9044 V OPENHU  : [2] GpsLocation.onLocationChanged | GpsLocation: fix received
09-15 13:29:02.013  9044  9044 V OPENHU  : [2] AapTransport.send | SENSOR Sensor Event type: 32771 flags: 11 size: 46 dataOffset: 6
09-15 13:29:02.030  9044  9439 D OPENHU  : [79] Companion.decrypt | RECV: AUDIO Media Data type: 0 flags: 11 size: 8202 dataOffset: 2
09-15 13:29:02.073  9044  9439 D OPENHU  : [79] Companion.decrypt | RECV: AUDIO Media Data type: 0 flags: 11 size: 8202 dataOffset: 2
09-15 13:29:02.116  9044  9439 D OPENHU  : [79] Companion.decrypt | RECV: AUDIO Media Data type: 0 flags: 11 size: 8202 dataOffset: 2
09-15 13:29:02.159  9044  9439 D OPENHU  : [79] Companion.decrypt | RECV: AUDIO Media Data type: 0 flags: 11 size: 8202 dataOffset: 2
09-15 13:29:02.203  9044  9439 D OPENHU  : [79] Companion.decrypt | RECV: AUDIO Media Data type: 0 flags: 11 size: 8202 dataOffset: 2
09-15 13:29:02.246  9044  9439 D OPENHU  : [79] Companion.decrypt | RECV: AUDIO Media Data type: 0 flags: 11 size: 8202 dataOffset: 2
09-15 13:29:02.290  9044  9439 D OPENHU  : [79] Companion.decrypt | RECV: AUDIO Media Data type: 0 flags: 11 size: 8202 dataOffset: 2
09-15 13:29:02.310  9044  9477 I OPENHU  : [89] VideoDecoder.logThroughput | Throughput over 5003ms: rendered=206 (41fps), fed=205 (40fps), dropped=0, skipped=0, concealed=0, inputWait=109ms, enqueueWait=0ms, codec=c2.unisoc.avc.decoder, presented=206 (41fps), decodeLatency=9ms p95=14ms (206 frames)
09-15 13:29:02.332  9044  9439 D OPENHU  : [79] Companion.decrypt | RECV: AUDIO Media Data type: 0 flags: 11 size: 8202 dataOffset: 2
09-15 13:29:02.375  9044  9439 D OPENHU  : [79] Companion.decrypt | RECV: AUDIO Media Data type: 0 flags: 11 size: 8202 dataOffset: 2
09-15 13:29:02.419  9044  9439 D OPENHU  : [79] Companion.decrypt | RECV: AUDIO Media Data type: 0 flags: 11 size: 8202 dataOffset: 2
09-15 13:29:02.425  9044  9439 D OPENHU  : [79] Companion.decrypt | RECV: CONTROL Ping Request type: 11 flags: 11 size: 12 dataOffset: 2
09-15 13:29:02.427  9044  9439 V OPENHU  : [79] AapTransport.send | CONTROL Ping Response type: 12 flags: 11 size: 14 dataOffset: 6
09-15 13:29:02.465  9044  9439 D OPENHU  : [79] Companion.decrypt | RECV: AUDIO Media Data type: 0 flags: 11 size: 8202 dataOffset: 2
09-15 13:29:02.503  9044  9439 D OPENHU  : [79] Companion.decrypt | RECV: AUDIO Media Data type: 0 flags: 11 size: 8202 dataOffset: 2
09-15 13:29:02.536  9044  9044 I OPENHU  : [2] TextureProjectionView.onSurfaceTextureUpdated | TextureProjectionView: displayed 156 frames in 5211ms (29fps), longFrames=1
09-15 13:29:02.547  9044  9439 D OPENHU  : [79] Companion.decrypt | RECV: AUDIO Media Data type: 0 flags: 11 size: 8202 dataOffset: 2
09-15 13:29:02.585  9044  9439 D OPENHU  : [79] Companion.decrypt | RECV: AUDIO Media Data type: 0 flags: 11 size: 8202 dataOffset: 2
09-15 13:29:02.631  9044  9439 D OPENHU  : [79] Companion.decrypt | RECV: AUDIO Media Data type: 0 flags: 11 size: 8202 dataOffset: 2
09-15 13:29:02.669  9044  9439 D OPENHU  : [79] Companion.decrypt | RECV: AUDIO Media Data type: 0 flags: 11 size: 8202 dataOffset: 2
09-15 13:29:02.713  9044  9439 D OPENHU  : [79] Companion.decrypt | RECV: AUDIO Media Data type: 0 flags: 11 size: 8202 dataOffset: 2
09-15 13:29:02.756  9044  9439 D OPENHU  : [79] Companion.decrypt | RECV: AUDIO Media Data type: 0 flags: 11 size: 8202 dataOffset: 2
09-15 13:29:02.799  9044  9439 D OPENHU  : [79] Companion.decrypt | RECV: AUDIO Media Data type: 0 flags: 11 size: 8202 dataOffset: 2
09-15 13:29:02.842  9044  9439 D OPENHU  : [79] Companion.decrypt | RECV: AUDIO Media Data type: 0 flags: 11 size: 8202 dataOffset: 2
09-15 13:29:02.883  9044  9439 D OPENHU  : [79] Companion.decrypt | RECV: AUDIO Media Data type: 0 flags: 11 size: 8202 dataOffset: 2
09-15 13:29:02.926  9044  9439 D OPENHU  : [79] Companion.decrypt | RECV: AUDIO Media Data type: 0 flags: 11 size: 8202 dataOffset: 2
09-15 13:29:02.968  9044  9439 D OPENHU  : [79] Companion.decrypt | RECV: AUDIO Media Data type: 0 flags: 11 size: 8202 dataOffset: 2
09-15 13:29:02.977  9044  9439 D OPENHU  : [79] Companion.decrypt | RECV: MUSIC_PLAYBACK Media Playback Status type: 32769 flags: 11 size: 17 dataOffset: 2
09-15 13:29:02.978  9044  9439 D OPENHU  : [79] AapMediaPlayback.processStatusPacket | AapMediaPlayback: status mediaSource='VLC', playbackSeconds(u32)=38, state=PLAYING
09-15 13:29:03.012  9044  9439 D OPENHU  : [79] Companion.decrypt | RECV: AUDIO Media Data type: 0 flags: 11 size: 8202 dataOffset: 2
09-15 13:29:03.020  9044  9044 V OPENHU  : [2] GpsLocation.onLocationChanged | GpsLocation: fix received
09-15 13:29:03.032  9044  9044 V OPENHU  : [2] AapTransport.send | SENSOR Sensor Event type: 32771 flags: 11 size: 46 dataOffset: 6
09-15 13:29:03.054  9044  9439 D OPENHU  : [79] Companion.decrypt | RECV: AUDIO Media Data type: 0 flags: 11 size: 8202 dataOffset: 2
09-15 13:29:03.101  9044  9439 D OPENHU  : [79] Companion.decrypt | RECV: AUDIO Media Data type: 0 flags: 11 size: 8202 dataOffset: 2
09-15 13:29:03.141  9044  9439 D OPENHU  : [79] Companion.decrypt | RECV: AUDIO Media Data type: 0 flags: 11 size: 8202 dataOffset: 2
09-15 13:29:03.182  9044  9439 D OPENHU  : [79] Companion.decrypt | RECV: AUDIO Media Data type: 0 flags: 11 size: 8202 dataOffset: 2
09-15 13:29:03.226  9044  9439 D OPENHU  : [79] Companion.decrypt | RECV: AUDIO Media Data type: 0 flags: 11 size: 8202 dataOffset: 2
09-15 13:29:03.269  9044  9439 D OPENHU  : [79] Companion.decrypt | RECV: AUDIO Media Data type: 0 flags: 11 size: 8202 dataOffset: 2
09-15 13:29:03.313  9044  9439 D OPENHU  : [79] Companion.decrypt | RECV: AUDIO Media Data type: 0 flags: 11 size: 8202 dataOffset: 2
09-15 13:29:03.353  9044  9439 D OPENHU  : [79] Companion.decrypt | RECV: AUDIO Media Data type: 0 flags: 11 size: 8202 dataOffset: 2
09-15 13:29:03.397  9044  9439 D OPENHU  : [79] Companion.decrypt | RECV: AUDIO Media Data type: 0 flags: 11 size: 8202 dataOffset: 2
09-15 13:29:03.421  9044  9439 D OPENHU  : [79] Companion.decrypt | RECV: CONTROL Ping Request type: 11 flags: 11 size: 12 dataOffset: 2
09-15 13:29:03.423  9044  9439 V OPENHU  : [79] AapTransport.send | CONTROL Ping Response type: 12 flags: 11 size: 14 dataOffset: 6
09-15 13:29:03.441  9044  9439 D OPENHU  : [79] Companion.decrypt | RECV: AUDIO Media Data type: 0 flags: 11 size: 8202 dataOffset: 2
09-15 13:29:03.483  9044  9439 D OPENHU  : [79] Companion.decrypt | RECV: AUDIO Media Data type: 0 flags: 11 size: 8202 dataOffset: 2
09-15 13:29:03.526  9044  9439 D OPENHU  : [79] Companion.decrypt | RECV: AUDIO Media Data type: 0 flags: 11 size: 8202 dataOffset: 2
09-15 13:29:03.565  9044  9439 D OPENHU  : [79] Companion.decrypt | RECV: AUDIO Media Data type: 0 flags: 11 size: 8202 dataOffset: 2
09-15 13:29:03.610  9044  9439 D OPENHU  : [79] Companion.decrypt | RECV: AUDIO Media Data type: 0 flags: 11 size: 8202 dataOffset: 2
09-15 13:29:03.655  9044  9439 D OPENHU  : [79] Companion.decrypt | RECV: AUDIO Media Data type: 0 flags: 11 size: 8202 dataOffset: 2
09-15 13:29:03.694  9044  9439 D OPENHU  : [79] Companion.decrypt | RECV: AUDIO Media Data type: 0 flags: 11 size: 8202 dataOffset: 2
09-15 13:29:03.736  9044  9439 D OPENHU  : [79] Companion.decrypt | RECV: AUDIO Media Data type: 0 flags: 11 size: 8202 dataOffset: 2
09-15 13:29:03.782  9044  9439 D OPENHU  : [79] Companion.decrypt | RECV: AUDIO Media Data type: 0 flags: 11 size: 8202 dataOffset: 2
09-15 13:29:03.826  9044  9439 D OPENHU  : [79] Companion.decrypt | RECV: AUDIO Media Data type: 0 flags: 11 size: 8202 dataOffset: 2
09-15 13:29:03.868  9044  9439 D OPENHU  : [79] Companion.decrypt | RECV: AUDIO Media Data type: 0 flags: 11 size: 8202 dataOffset: 2
09-15 13:29:03.909  9044  9439 D OPENHU  : [79] Companion.decrypt | RECV: AUDIO Media Data type: 0 flags: 11 size: 8202 dataOffset: 2
09-15 13:29:03.951  9044  9439 D OPENHU  : [79] Companion.decrypt | RECV: AUDIO Media Data type: 0 flags: 11 size: 8202 dataOffset: 2
09-15 13:29:03.979  9044  9439 D OPENHU  : [79] Companion.decrypt | RECV: MUSIC_PLAYBACK Media Playback Status type: 32769 flags: 11 size: 17 dataOffset: 2
09-15 13:29:03.980  9044  9439 D OPENHU  : [79] AapMediaPlayback.processStatusPacket | AapMediaPlayback: status mediaSource='VLC', playbackSeconds(u32)=39, state=PLAYING
09-15 13:29:03.993  9044  9439 D OPENHU  : [79] Companion.decrypt | RECV: AUDIO Media Data type: 0 flags: 11 size: 8202 dataOffset: 2
09-15 13:29:03.995  9044  9044 V OPENHU  : [2] GpsLocation.onLocationChanged | GpsLocation: fix received
09-15 13:29:04.003  9044  9044 V OPENHU  : [2] AapTransport.send | SENSOR Sensor Event type: 32771 flags: 11 size: 46 dataOffset: 6
09-15 13:29:04.036  9044  9439 D OPENHU  : [79] Companion.decrypt | RECV: AUDIO Media Data type: 0 flags: 11 size: 8202 dataOffset: 2
09-15 13:29:04.107  9044  9439 D OPENHU  : [79] Companion.decrypt | RECV: AUDIO Media Data type: 0 flags: 11 size: 8202 dataOffset: 2
09-15 13:29:04.123  9044  9439 D OPENHU  : [79] Companion.decrypt | RECV: AUDIO Media Data type: 0 flags: 11 size: 8202 dataOffset: 2
09-15 13:29:04.164  9044  9439 D OPENHU  : [79] Companion.decrypt | RECV: AUDIO Media Data type: 0 flags: 11 size: 8202 dataOffset: 2
09-15 13:29:04.207  9044  9439 D OPENHU  : [79] Companion.decrypt | RECV: AUDIO Media Data type: 0 flags: 11 size: 8202 dataOffset: 2
09-15 13:29:04.251  9044  9439 D OPENHU  : [79] Companion.decrypt | RECV: AUDIO Media Data type: 0 flags: 11 size: 8202 dataOffset: 2
09-15 13:29:04.294  9044  9439 D OPENHU  : [79] Companion.decrypt | RECV: AUDIO Media Data type: 0 flags: 11 size: 8202 dataOffset: 2
09-15 13:29:04.338  9044  9439 D OPENHU  : [79] Companion.decrypt | RECV: AUDIO Media Data type: 0 flags: 11 size: 8202 dataOffset: 2
09-15 13:29:04.380  9044  9439 D OPENHU  : [79] Companion.decrypt | RECV: AUDIO Media Data type: 0 flags: 11 size: 8202 dataOffset: 2
09-15 13:29:04.420  9044  9439 D OPENHU  : [79] Companion.decrypt | RECV: CONTROL Ping Request type: 11 flags: 11 size: 12 dataOffset: 2
09-15 13:29:04.421  9044  9439 V OPENHU  : [79] AapTransport.send | CONTROL Ping Response type: 12 flags: 11 size: 14 dataOffset: 6
09-15 13:29:04.424  9044  9439 D OPENHU  : [79] Companion.decrypt | RECV: AUDIO Media Data type: 0 flags: 11 size: 8202 dataOffset: 2
09-15 13:29:04.462  9044  9439 D OPENHU  : [79] Companion.decrypt | RECV: AUDIO Media Data type: 0 flags: 11 size: 8202 dataOffset: 2
09-15 13:29:04.522  9044  9439 D OPENHU  : [79] Companion.decrypt | RECV: AUDIO Media Data type: 0 flags: 11 size: 8202 dataOffset: 2
09-15 13:29:04.549  9044  9439 D OPENHU  : [79] Companion.decrypt | RECV: AUDIO Media Data type: 0 flags: 11 size: 8202 dataOffset: 2
09-15 13:29:04.591  9044  9439 D OPENHU  : [79] Companion.decrypt | RECV: AUDIO Media Data type: 0 flags: 11 size: 8202 dataOffset: 2
09-15 13:29:04.633  9044  9439 D OPENHU  : [79] Companion.decrypt | RECV: AUDIO Media Data type: 0 flags: 11 size: 8202 dataOffset: 2
09-15 13:29:04.675  9044  9439 D OPENHU  : [79] Companion.decrypt | RECV: AUDIO Media Data type: 0 flags: 11 size: 8202 dataOffset: 2
09-15 13:29:04.719  9044  9439 D OPENHU  : [79] Companion.decrypt | RECV: AUDIO Media Data type: 0 flags: 11 size: 8202 dataOffset: 2
09-15 13:29:04.760  9044  9439 D OPENHU  : [79] Companion.decrypt | RECV: AUDIO Media Data type: 0 flags: 11 size: 8202 dataOffset: 2
09-15 13:29:04.804  9044  9439 D OPENHU  : [79] Companion.decrypt | RECV: AUDIO Media Data type: 0 flags: 11 size: 8202 dataOffset: 2
09-15 13:29:04.848  9044  9439 D OPENHU  : [79] Companion.decrypt | RECV: AUDIO Media Data type: 0 flags: 11 size: 8202 dataOffset: 2
09-15 13:29:04.890  9044  9439 D OPENHU  : [79] Companion.decrypt | RECV: AUDIO Media Data type: 0 flags: 11 size: 8202 dataOffset: 2
09-15 13:29:04.933  9044  9439 D OPENHU  : [79] Companion.decrypt | RECV: AUDIO Media Data type: 0 flags: 11 size: 8202 dataOffset: 2
09-15 13:29:04.974  9044  9439 D OPENHU  : [79] Companion.decrypt | RECV: AUDIO Media Data type: 0 flags: 11 size: 8202 dataOffset: 2
09-15 13:29:04.982  9044  9439 D OPENHU  : [79] Companion.decrypt | RECV: MUSIC_PLAYBACK Media Playback Status type: 32769 flags: 11 size: 17 dataOffset: 2
09-15 13:29:04.983  9044  9439 D OPENHU  : [79] AapMediaPlayback.processStatusPacket | AapMediaPlayback: status mediaSource='VLC', playbackSeconds(u32)=40, state=PLAYING
09-15 13:29:05.017  9044  9439 D OPENHU  : [79] Companion.decrypt | RECV: AUDIO Media Data type: 0 flags: 11 size: 8202 dataOffset: 2
09-15 13:29:05.020  9044  9044 V OPENHU  : [2] GpsLocation.onLocationChanged | GpsLocation: fix received
09-15 13:29:05.028  9044  9044 V OPENHU  : [2] AapTransport.send | SENSOR Sensor Event type: 32771 flags: 11 size: 46 dataOffset: 6
09-15 13:29:05.061  9044  9439 D OPENHU  : [79] Companion.decrypt | RECV: AUDIO Media Data type: 0 flags: 11 size: 8202 dataOffset: 2
09-15 13:29:05.158  9044  9439 D OPENHU  : [79] Companion.decrypt | RECV: AUDIO Media Data type: 0 flags: 11 size: 8202 dataOffset: 2
09-15 13:29:05.162  9044  9439 D OPENHU  : [79] Companion.decrypt | RECV: AUDIO Media Data type: 0 flags: 11 size: 8202 dataOffset: 2
09-15 13:29:05.188  9044  9439 D OPENHU  : [79] Companion.decrypt | RECV: AUDIO Media Data type: 0 flags: 11 size: 8202 dataOffset: 2
09-15 13:29:05.268  9044  9439 D OPENHU  : [79] Companion.decrypt | RECV: AUDIO Media Data type: 0 flags: 11 size: 8202 dataOffset: 2
09-15 13:29:05.283  9044  9439 D OPENHU  : [79] Companion.decrypt | RECV: AUDIO Media Data type: 0 flags: 11 size: 8202 dataOffset: 2
09-15 13:29:05.325  9044  9439 D OPENHU  : [79] Companion.decrypt | RECV: AUDIO Media Data type: 0 flags: 11 size: 8202 dataOffset: 2
09-15 13:29:05.358  9044  9439 D OPENHU  : [79] Companion.decrypt | RECV: AUDIO Media Data type: 0 flags: 11 size: 8202 dataOffset: 2
09-15 13:29:05.402  9044  9439 D OPENHU  : [79] Companion.decrypt | RECV: AUDIO Media Data type: 0 flags: 11 size: 8202 dataOffset: 2
09-15 13:29:05.423  9044  9439 D OPENHU  : [79] Companion.decrypt | RECV: CONTROL Ping Request type: 11 flags: 11 size: 12 dataOffset: 2
09-15 13:29:05.426  9044  9439 V OPENHU  : [79] AapTransport.send | CONTROL Ping Response type: 12 flags: 11 size: 14 dataOffset: 6
09-15 13:29:05.445  9044  9439 D OPENHU  : [79] Companion.decrypt | RECV: AUDIO Media Data type: 0 flags: 11 size: 8202 dataOffset: 2
09-15 13:29:05.486  9044  9439 D OPENHU  : [79] Companion.decrypt | RECV: AUDIO Media Data type: 0 flags: 11 size: 8202 dataOffset: 2
09-15 13:29:05.529  9044  9439 D OPENHU  : [79] Companion.decrypt | RECV: AUDIO Media Data type: 0 flags: 11 size: 8202 dataOffset: 2
09-15 13:29:05.572  9044  9439 D OPENHU  : [79] Companion.decrypt | RECV: AUDIO Media Data type: 0 flags: 11 size: 8202 dataOffset: 2
09-15 13:29:05.615  9044  9439 D OPENHU  : [79] Companion.decrypt | RECV: AUDIO Media Data type: 0 flags: 11 size: 8202 dataOffset: 2
09-15 13:29:05.659  9044  9439 D OPENHU  : [79] Companion.decrypt | RECV: AUDIO Media Data type: 0 flags: 11 size: 8202 dataOffset: 2
09-15 13:29:05.700  9044  9439 D OPENHU  : [79] Companion.decrypt | RECV: AUDIO Media Data type: 0 flags: 11 size: 8202 dataOffset: 2
09-15 13:29:05.743  9044  9439 D OPENHU  : [79] Companion.decrypt | RECV: AUDIO Media Data type: 0 flags: 11 size: 8202 dataOffset: 2
09-15 13:29:05.786  9044  9439 D OPENHU  : [79] Companion.decrypt | RECV: AUDIO Media Data type: 0 flags: 11 size: 8202 dataOffset: 2
09-15 13:29:05.828  9044  9439 D OPENHU  : [79] Companion.decrypt | RECV: AUDIO Media Data type: 0 flags: 11 size: 8202 dataOffset: 2
09-15 13:29:05.871  9044  9439 D OPENHU  : [79] Companion.decrypt | RECV: AUDIO Media Data type: 0 flags: 11 size: 8202 dataOffset: 2
09-15 13:29:05.916  9044  9439 D OPENHU  : [79] Companion.decrypt | RECV: AUDIO Media Data type: 0 flags: 11 size: 8202 dataOffset: 2
09-15 13:29:05.955  9044  9439 D OPENHU  : [79] Companion.decrypt | RECV: AUDIO Media Data type: 0 flags: 11 size: 8202 dataOffset: 2
09-15 13:29:05.983  9044  9439 D OPENHU  : [79] Companion.decrypt | RECV: MUSIC_PLAYBACK Media Playback Status type: 32769 flags: 11 size: 17 dataOffset: 2
09-15 13:29:05.984  9044  9439 D OPENHU  : [79] AapMediaPlayback.processStatusPacket | AapMediaPlayback: status mediaSource='VLC', playbackSeconds(u32)=41, state=PLAYING
09-15 13:29:05.999  9044  9044 V OPENHU  : [2] GpsLocation.onLocationChanged | GpsLocation: fix received
09-15 13:29:05.999  9044  9439 D OPENHU  : [79] Companion.decrypt | RECV: AUDIO Media Data type: 0 flags: 11 size: 8202 dataOffset: 2
09-15 13:29:06.009  9044  9044 V OPENHU  : [2] AapTransport.send | SENSOR Sensor Event type: 32771 flags: 11 size: 46 dataOffset: 6
09-15 13:29:06.041  9044  9439 D OPENHU  : [79] Companion.decrypt | RECV: AUDIO Media Data type: 0 flags: 11 size: 8202 dataOffset: 2
09-15 13:29:06.084  9044  9439 D OPENHU  : [79] Companion.decrypt | RECV: AUDIO Media Data type: 0 flags: 11 size: 8202 dataOffset: 2
09-15 13:29:06.126  9044  9439 D OPENHU  : [79] Companion.decrypt | RECV: AUDIO Media Data type: 0 flags: 11 size: 8202 dataOffset: 2
09-15 13:29:06.170  9044  9439 D OPENHU  : [79] Companion.decrypt | RECV: AUDIO Media Data type: 0 flags: 11 size: 8202 dataOffset: 2
09-15 13:29:06.211  9044  9439 D OPENHU  : [79] Companion.decrypt | RECV: AUDIO Media Data type: 0 flags: 11 size: 8202 dataOffset: 2
09-15 13:29:06.257  9044  9439 D OPENHU  : [79] Companion.decrypt | RECV: AUDIO Media Data type: 0 flags: 11 size: 8202 dataOffset: 2
09-15 13:29:06.301  9044  9439 D OPENHU  : [79] Companion.decrypt | RECV: AUDIO Media Data type: 0 flags: 11 size: 8202 dataOffset: 2
09-15 13:29:06.341  9044  9439 D OPENHU  : [79] Companion.decrypt | RECV: AUDIO Media Data type: 0 flags: 11 size: 8202 dataOffset: 2
09-15 13:29:06.383  9044  9439 D OPENHU  : [79] Companion.decrypt | RECV: AUDIO Media Data type: 0 flags: 11 size: 8202 dataOffset: 2
09-15 13:29:06.420  9044  9439 D OPENHU  : [79] Companion.decrypt | RECV: CONTROL Ping Request type: 11 flags: 11 size: 12 dataOffset: 2
09-15 13:29:06.421  9044  9439 V OPENHU  : [79] AapTransport.send | CONTROL Ping Response type: 12 flags: 11 size: 14 dataOffset: 6
09-15 13:29:06.425  9044  9439 D OPENHU  : [79] Companion.decrypt | RECV: AUDIO Media Data type: 0 flags: 11 size: 8202 dataOffset: 2
09-15 13:29:06.468  9044  9439 D OPENHU  : [79] Companion.decrypt | RECV: AUDIO Media Data type: 0 flags: 11 size: 8202 dataOffset: 2
09-15 13:29:06.511  9044  9439 D OPENHU  : [79] Companion.decrypt | RECV: AUDIO Media Data type: 0 flags: 11 size: 8202 dataOffset: 2
09-15 13:29:06.553  9044  9439 D OPENHU  : [79] Companion.decrypt | RECV: AUDIO Media Data type: 0 flags: 11 size: 8202 dataOffset: 2
09-15 13:29:06.596  9044  9439 D OPENHU  : [79] Companion.decrypt | RECV: AUDIO Media Data type: 0 flags: 11 size: 8202 dataOffset: 2
09-15 13:29:06.639  9044  9439 D OPENHU  : [79] Companion.decrypt | RECV: AUDIO Media Data type: 0 flags: 11 size: 8202 dataOffset: 2
09-15 13:29:06.680  9044  9439 D OPENHU  : [79] Companion.decrypt | RECV: AUDIO Media Data type: 0 flags: 11 size: 8202 dataOffset: 2
09-15 13:29:06.723  9044  9439 D OPENHU  : [79] Companion.decrypt | RECV: AUDIO Media Data type: 0 flags: 11 size: 8202 dataOffset: 2
09-15 13:29:06.770  9044  9439 D OPENHU  : [79] Companion.decrypt | RECV: AUDIO Media Data type: 0 flags: 11 size: 8202 dataOffset: 2
09-15 13:29:06.811  9044  9439 D OPENHU  : [79] Companion.decrypt | RECV: AUDIO Media Data type: 0 flags: 11 size: 8202 dataOffset: 2
09-15 13:29:06.853  9044  9439 D OPENHU  : [79] Companion.decrypt | RECV: AUDIO Media Data type: 0 flags: 11 size: 8202 dataOffset: 2
09-15 13:29:06.898  9044  9439 D OPENHU  : [79] Companion.decrypt | RECV: AUDIO Media Data type: 0 flags: 11 size: 8202 dataOffset: 2
09-15 13:29:06.937  9044  9439 D OPENHU  : [79] Companion.decrypt | RECV: AUDIO Media Data type: 0 flags: 11 size: 8202 dataOffset: 2
09-15 13:29:06.980  9044  9439 D OPENHU  : [79] Companion.decrypt | RECV: MUSIC_PLAYBACK Media Playback Status type: 32769 flags: 11 size: 17 dataOffset: 2
09-15 13:29:06.981  9044  9439 D OPENHU  : [79] AapMediaPlayback.processStatusPacket | AapMediaPlayback: status mediaSource='VLC', playbackSeconds(u32)=42, state=PLAYING
09-15 13:29:06.984  9044  9439 D OPENHU  : [79] Companion.decrypt | RECV: AUDIO Media Data type: 0 flags: 11 size: 8202 dataOffset: 2
09-15 13:29:07.018  9044  9044 V OPENHU  : [2] GpsLocation.onLocationChanged | GpsLocation: fix received
09-15 13:29:07.021  9044  9439 D OPENHU  : [79] Companion.decrypt | RECV: AUDIO Media Data type: 0 flags: 11 size: 8202 dataOffset: 2
09-15 13:29:07.027  9044  9044 V OPENHU  : [2] AapTransport.send | SENSOR Sensor Event type: 32771 flags: 11 size: 46 dataOffset: 6
09-15 13:29:07.066  9044  9439 D OPENHU  : [79] Companion.decrypt | RECV: AUDIO Media Data type: 0 flags: 11 size: 8202 dataOffset: 2
09-15 13:29:07.108  9044  9439 D OPENHU  : [79] Companion.decrypt | RECV: AUDIO Media Data type: 0 flags: 11 size: 8202 dataOffset: 2
09-15 13:29:07.152  9044  9439 D OPENHU  : [79] Companion.decrypt | RECV: AUDIO Media Data type: 0 flags: 11 size: 8202 dataOffset: 2
09-15 13:29:07.194  9044  9439 D OPENHU  : [79] Companion.decrypt | RECV: AUDIO Media Data type: 0 flags: 11 size: 8202 dataOffset: 2
09-15 13:29:07.236  9044  9439 D OPENHU  : [79] Companion.decrypt | RECV: AUDIO Media Data type: 0 flags: 11 size: 8202 dataOffset: 2
09-15 13:29:07.280  9044  9439 D OPENHU  : [79] Companion.decrypt | RECV: AUDIO Media Data type: 0 flags: 11 size: 8202 dataOffset: 2
09-15 13:29:07.310  9044  9477 I OPENHU  : [89] VideoDecoder.logThroughput | Throughput over 5002ms: rendered=199 (39fps), fed=199 (39fps), dropped=0, skipped=0, concealed=0, inputWait=92ms, enqueueWait=0ms, codec=c2.unisoc.avc.decoder, presented=199 (39fps), decodeLatency=9ms p95=12ms (199 frames)
09-15 13:29:07.329  9044  9439 D OPENHU  : [79] Companion.decrypt | RECV: AUDIO Media Data type: 0 flags: 11 size: 8202 dataOffset: 2
09-15 13:29:07.366  9044  9439 D OPENHU  : [79] Companion.decrypt | RECV: AUDIO Media Data type: 0 flags: 11 size: 8202 dataOffset: 2
09-15 13:29:07.406  9044  9439 D OPENHU  : [79] Companion.decrypt | RECV: AUDIO Media Data type: 0 flags: 11 size: 8202 dataOffset: 2
09-15 13:29:07.422  9044  9439 D OPENHU  : [79] Companion.decrypt | RECV: CONTROL Ping Request type: 11 flags: 11 size: 12 dataOffset: 2
09-15 13:29:07.423  9044  9439 V OPENHU  : [79] AapTransport.send | CONTROL Ping Response type: 12 flags: 11 size: 14 dataOffset: 6
09-15 13:29:07.450  9044  9439 D OPENHU  : [79] Companion.decrypt | RECV: AUDIO Media Data type: 0 flags: 11 size: 8202 dataOffset: 2
09-15 13:29:07.493  9044  9439 D OPENHU  : [79] Companion.decrypt | RECV: AUDIO Media Data type: 0 flags: 11 size: 8202 dataOffset: 2
09-15 13:29:07.535  9044  9439 D OPENHU  : [79] Companion.decrypt | RECV: AUDIO Media Data type: 0 flags: 11 size: 8202 dataOffset: 2
09-15 13:29:07.536  9044  9044 I OPENHU  : [2] TextureProjectionView.onSurfaceTextureUpdated | TextureProjectionView: displayed 163 frames in 5000ms (32fps), longFrames=1
09-15 13:29:07.604  9044  9439 D OPENHU  : [79] Companion.decrypt | RECV: AUDIO Media Data type: 0 flags: 11 size: 8202 dataOffset: 2
09-15 13:29:07.620  9044  9439 D OPENHU  : [79] Companion.decrypt | RECV: AUDIO Media Data type: 0 flags: 11 size: 8202 dataOffset: 2
09-15 13:29:07.664  9044  9439 D OPENHU  : [79] Companion.decrypt | RECV: AUDIO Media Data type: 0 flags: 11 size: 8202 dataOffset: 2
09-15 13:29:07.706  9044  9439 D OPENHU  : [79] Companion.decrypt | RECV: AUDIO Media Data type: 0 flags: 11 size: 8202 dataOffset: 2
09-15 13:29:07.749  9044  9439 D OPENHU  : [79] Companion.decrypt | RECV: AUDIO Media Data type: 0 flags: 11 size: 8202 dataOffset: 2
09-15 13:29:07.791  9044  9439 D OPENHU  : [79] Companion.decrypt | RECV: AUDIO Media Data type: 0 flags: 11 size: 8202 dataOffset: 2
09-15 13:29:07.834  9044  9439 D OPENHU  : [79] Companion.decrypt | RECV: AUDIO Media Data type: 0 flags: 11 size: 8202 dataOffset: 2
09-15 13:29:07.875  9044  9439 D OPENHU  : [79] Companion.decrypt | RECV: AUDIO Media Data type: 0 flags: 11 size: 8202 dataOffset: 2
09-15 13:29:07.929  9044  9439 D OPENHU  : [79] Companion.decrypt | RECV: AUDIO Media Data type: 0 flags: 11 size: 8202 dataOffset: 2
09-15 13:29:07.961  9044  9439 D OPENHU  : [79] Companion.decrypt | RECV: AUDIO Media Data type: 0 flags: 11 size: 8202 dataOffset: 2
09-15 13:29:07.997  9044  9044 V OPENHU  : [2] GpsLocation.onLocationChanged | GpsLocation: fix received
09-15 13:29:08.000  9044  9439 D OPENHU  : [79] Companion.decrypt | RECV: MUSIC_PLAYBACK Media Playback Status type: 32769 flags: 11 size: 17 dataOffset: 2
09-15 13:29:08.001  9044  9439 D OPENHU  : [79] AapMediaPlayback.processStatusPacket | AapMediaPlayback: status mediaSource='VLC', playbackSeconds(u32)=43, state=PLAYING
09-15 13:29:08.005  9044  9044 V OPENHU  : [2] AapTransport.send | SENSOR Sensor Event type: 32771 flags: 11 size: 46 dataOffset: 6
09-15 13:29:08.007  9044  9439 D OPENHU  : [79] Companion.decrypt | RECV: AUDIO Media Data type: 0 flags: 11 size: 8202 dataOffset: 2
09-15 13:29:08.047  9044  9439 D OPENHU  : [79] Companion.decrypt | RECV: AUDIO Media Data type: 0 flags: 11 size: 8202 dataOffset: 2
09-15 13:29:08.090  9044  9439 D OPENHU  : [79] Companion.decrypt | RECV: AUDIO Media Data type: 0 flags: 11 size: 8202 dataOffset: 2
09-15 13:29:08.132  9044  9439 D OPENHU  : [79] Companion.decrypt | RECV: AUDIO Media Data type: 0 flags: 11 size: 8202 dataOffset: 2
09-15 13:29:08.176  9044  9439 D OPENHU  : [79] Companion.decrypt | RECV: AUDIO Media Data type: 0 flags: 11 size: 8202 dataOffset: 2
09-15 13:29:08.220  9044  9439 D OPENHU  : [79] Companion.decrypt | RECV: AUDIO Media Data type: 0 flags: 11 size: 8202 dataOffset: 2
09-15 13:29:08.262  9044  9439 D OPENHU  : [79] Companion.decrypt | RECV: AUDIO Media Data type: 0 flags: 11 size: 8202 dataOffset: 2
09-15 13:29:08.303  9044  9439 D OPENHU  : [79] Companion.decrypt | RECV: AUDIO Media Data type: 0 flags: 11 size: 8202 dataOffset: 2
09-15 13:29:08.348  9044  9439 D OPENHU  : [79] Companion.decrypt | RECV: AUDIO Media Data type: 0 flags: 11 size: 8202 dataOffset: 2
09-15 13:29:08.390  9044  9439 D OPENHU  : [79] Companion.decrypt | RECV: AUDIO Media Data type: 0 flags: 11 size: 8202 dataOffset: 2
09-15 13:29:08.424  9044  9439 D OPENHU  : [79] Companion.decrypt | RECV: CONTROL Ping Request type: 11 flags: 11 size: 12 dataOffset: 2
09-15 13:29:08.426  9044  9439 V OPENHU  : [79] AapTransport.send | CONTROL Ping Response type: 12 flags: 11 size: 14 dataOffset: 6
09-15 13:29:08.433  9044  9439 D OPENHU  : [79] Companion.decrypt | RECV: AUDIO Media Data type: 0 flags: 11 size: 8202 dataOffset: 2
09-15 13:29:08.473  9044  9439 D OPENHU  : [79] Companion.decrypt | RECV: AUDIO Media Data type: 0 flags: 11 size: 8202 dataOffset: 2
09-15 13:29:08.518  9044  9439 D OPENHU  : [79] Companion.decrypt | RECV: AUDIO Media Data type: 0 flags: 11 size: 8202 dataOffset: 2
09-15 13:29:08.559  9044  9439 D OPENHU  : [79] Companion.decrypt | RECV: AUDIO Media Data type: 0 flags: 11 size: 8202 dataOffset: 2
09-15 13:29:08.603  9044  9439 D OPENHU  : [79] Companion.decrypt | RECV: AUDIO Media Data type: 0 flags: 11 size: 8202 dataOffset: 2
09-15 13:29:08.645  9044  9439 D OPENHU  : [79] Companion.decrypt | RECV: AUDIO Media Data type: 0 flags: 11 size: 8202 dataOffset: 2
09-15 13:29:08.686  9044  9439 D OPENHU  : [79] Companion.decrypt | RECV: AUDIO Media Data type: 0 flags: 11 size: 8202 dataOffset: 2
09-15 13:29:08.731  9044  9439 D OPENHU  : [79] Companion.decrypt | RECV: AUDIO Media Data type: 0 flags: 11 size: 8202 dataOffset: 2
09-15 13:29:08.775  9044  9439 D OPENHU  : [79] Companion.decrypt | RECV: AUDIO Media Data type: 0 flags: 11 size: 8202 dataOffset: 2
09-15 13:29:08.829  9044  9439 D OPENHU  : [79] Companion.decrypt | RECV: AUDIO Media Data type: 0 flags: 11 size: 8202 dataOffset: 2
09-15 13:29:08.861  9044  9439 D OPENHU  : [79] Companion.decrypt | RECV: AUDIO Media Data type: 0 flags: 11 size: 8202 dataOffset: 2
09-15 13:29:08.906  9044  9439 D OPENHU  : [79] Companion.decrypt | RECV: AUDIO Media Data type: 0 flags: 11 size: 8202 dataOffset: 2
09-15 13:29:08.946  9044  9439 D OPENHU  : [79] Companion.decrypt | RECV: AUDIO Media Data type: 0 flags: 11 size: 8202 dataOffset: 2
09-15 13:29:08.979  9044  9439 D OPENHU  : [79] Companion.decrypt | RECV: MUSIC_PLAYBACK Media Playback Status type: 32769 flags: 11 size: 17 dataOffset: 2
09-15 13:29:08.981  9044  9439 D OPENHU  : [79] AapMediaPlayback.processStatusPacket | AapMediaPlayback: status mediaSource='VLC', playbackSeconds(u32)=44, state=PLAYING
09-15 13:29:08.986  9044  9439 D OPENHU  : [79] Companion.decrypt | RECV: AUDIO Media Data type: 0 flags: 11 size: 8202 dataOffset: 2
09-15 13:29:09.009  9044  9044 V OPENHU  : [2] GpsLocation.onLocationChanged | GpsLocation: fix received
09-15 13:29:09.017  9044  9044 V OPENHU  : [2] AapTransport.send | SENSOR Sensor Event type: 32771 flags: 11 size: 46 dataOffset: 6
09-15 13:29:09.032  9044  9439 D OPENHU  : [79] Companion.decrypt | RECV: AUDIO Media Data type: 0 flags: 11 size: 8202 dataOffset: 2
09-15 13:29:09.070  9044  9439 D OPENHU  : [79] Companion.decrypt | RECV: AUDIO Media Data type: 0 flags: 11 size: 8202 dataOffset: 2
09-15 13:29:09.114  9044  9439 D OPENHU  : [79] Companion.decrypt | RECV: AUDIO Media Data type: 0 flags: 11 size: 8202 dataOffset: 2
09-15 13:29:09.156  9044  9439 D OPENHU  : [79] Companion.decrypt | RECV: AUDIO Media Data type: 0 flags: 11 size: 8202 dataOffset: 2
09-15 13:29:09.203  9044  9439 D OPENHU  : [79] Companion.decrypt | RECV: AUDIO Media Data type: 0 flags: 11 size: 8202 dataOffset: 2
09-15 13:29:09.242  9044  9439 D OPENHU  : [79] Companion.decrypt | RECV: AUDIO Media Data type: 0 flags: 11 size: 8202 dataOffset: 2
09-15 13:29:09.307  9044  9439 D OPENHU  : [79] Companion.decrypt | RECV: AUDIO Media Data type: 0 flags: 11 size: 8202 dataOffset: 2
09-15 13:29:09.328  9044  9439 D OPENHU  : [79] Companion.decrypt | RECV: AUDIO Media Data type: 0 flags: 11 size: 8202 dataOffset: 2
09-15 13:29:09.371  9044  9439 D OPENHU  : [79] Companion.decrypt | RECV: AUDIO Media Data type: 0 flags: 11 size: 8202 dataOffset: 2
09-15 13:29:09.412  9044  9439 D OPENHU  : [79] Companion.decrypt | RECV: AUDIO Media Data type: 0 flags: 11 size: 8202 dataOffset: 2
09-15 13:29:09.424  9044  9439 D OPENHU  : [79] Companion.decrypt | RECV: CONTROL Ping Request type: 11 flags: 11 size: 12 dataOffset: 2
09-15 13:29:09.424  9044  9439 V OPENHU  : [79] AapTransport.send | CONTROL Ping Response type: 12 flags: 11 size: 14 dataOffset: 6
09-15 13:29:09.457  9044  9439 D OPENHU  : [79] Companion.decrypt | RECV: AUDIO Media Data type: 0 flags: 11 size: 8202 dataOffset: 2
09-15 13:29:09.497  9044  9439 D OPENHU  : [79] Companion.decrypt | RECV: AUDIO Media Data type: 0 flags: 11 size: 8202 dataOffset: 2
09-15 13:29:09.544  9044  9439 D OPENHU  : [79] Companion.decrypt | RECV: AUDIO Media Data type: 0 flags: 11 size: 8202 dataOffset: 2
09-15 13:29:09.586  9044  9439 D OPENHU  : [79] Companion.decrypt | RECV: AUDIO Media Data type: 0 flags: 11 size: 8202 dataOffset: 2
09-15 13:29:09.627  9044  9439 D OPENHU  : [79] Companion.decrypt | RECV: AUDIO Media Data type: 0 flags: 11 size: 8202 dataOffset: 2
09-15 13:29:09.669  9044  9439 D OPENHU  : [79] Companion.decrypt | RECV: AUDIO Media Data type: 0 flags: 11 size: 8202 dataOffset: 2
09-15 13:29:09.711  9044  9439 D OPENHU  : [79] Companion.decrypt | RECV: AUDIO Media Data type: 0 flags: 11 size: 8202 dataOffset: 2
09-15 13:29:09.754  9044  9439 D OPENHU  : [79] Companion.decrypt | RECV: AUDIO Media Data type: 0 flags: 11 size: 8202 dataOffset: 2
09-15 13:29:09.797  9044  9439 D OPENHU  : [79] Companion.decrypt | RECV: AUDIO Media Data type: 0 flags: 11 size: 8202 dataOffset: 2
09-15 13:29:09.838  9044  9439 D OPENHU  : [79] Companion.decrypt | RECV: AUDIO Media Data type: 0 flags: 11 size: 8202 dataOffset: 2
09-15 13:29:09.881  9044  9439 D OPENHU  : [79] Companion.decrypt | RECV: AUDIO Media Data type: 0 flags: 11 size: 8202 dataOffset: 2
09-15 13:29:09.925  9044  9439 D OPENHU  : [79] Companion.decrypt | RECV: AUDIO Media Data type: 0 flags: 11 size: 8202 dataOffset: 2
09-15 13:29:09.968  9044  9439 D OPENHU  : [79] Companion.decrypt | RECV: AUDIO Media Data type: 0 flags: 11 size: 8202 dataOffset: 2
09-15 13:29:09.981  9044  9439 D OPENHU  : [79] Companion.decrypt | RECV: MUSIC_PLAYBACK Media Playback Status type: 32769 flags: 11 size: 17 dataOffset: 2
09-15 13:29:09.982  9044  9439 D OPENHU  : [79] AapMediaPlayback.processStatusPacket | AapMediaPlayback: status mediaSource='VLC', playbackSeconds(u32)=45, state=PLAYING
09-15 13:29:10.000  9044  9044 V OPENHU  : [2] GpsLocation.onLocationChanged | GpsLocation: fix received
09-15 13:29:10.010  9044  9439 D OPENHU  : [79] Companion.decrypt | RECV: AUDIO Media Data type: 0 flags: 11 size: 8202 dataOffset: 2
09-15 13:29:10.024  9044  9044 V OPENHU  : [2] AapTransport.send | SENSOR Sensor Event type: 32771 flags: 11 size: 46 dataOffset: 6
09-15 13:29:10.051  9044  9439 D OPENHU  : [79] Companion.decrypt | RECV: AUDIO Media Data type: 0 flags: 11 size: 8202 dataOffset: 2
09-15 13:29:10.095  9044  9439 D OPENHU  : [79] Companion.decrypt | RECV: AUDIO Media Data type: 0 flags: 11 size: 8202 dataOffset: 2
09-15 13:29:10.138  9044  9439 D OPENHU  : [79] Companion.decrypt | RECV: AUDIO Media Data type: 0 flags: 11 size: 8202 dataOffset: 2
09-15 13:29:10.189  9044  9439 D OPENHU  : [79] Companion.decrypt | RECV: AUDIO Media Data type: 0 flags: 11 size: 8202 dataOffset: 2
09-15 13:29:10.224  9044  9439 D OPENHU  : [79] Companion.decrypt | RECV: AUDIO Media Data type: 0 flags: 11 size: 8202 dataOffset: 2
09-15 13:29:10.267  9044  9439 D OPENHU  : [79] Companion.decrypt | RECV: AUDIO Media Data type: 0 flags: 11 size: 8202 dataOffset: 2
09-15 13:29:10.309  9044  9439 D OPENHU  : [79] Companion.decrypt | RECV: AUDIO Media Data type: 0 flags: 11 size: 8202 dataOffset: 2
09-15 13:29:10.351  9044  9439 D OPENHU  : [79] Companion.decrypt | RECV: AUDIO Media Data type: 0 flags: 11 size: 8202 dataOffset: 2
09-15 13:29:10.397  9044  9439 D OPENHU  : [79] Companion.decrypt | RECV: AUDIO Media Data type: 0 flags: 11 size: 8202 dataOffset: 2
09-15 13:29:10.425  9044  9439 D OPENHU  : [79] Companion.decrypt | RECV: CONTROL Ping Request type: 11 flags: 11 size: 12 dataOffset: 2
09-15 13:29:10.426  9044  9439 V OPENHU  : [79] AapTransport.send | CONTROL Ping Response type: 12 flags: 11 size: 14 dataOffset: 6
09-15 13:29:10.436  9044  9439 D OPENHU  : [79] Companion.decrypt | RECV: AUDIO Media Data type: 0 flags: 11 size: 8202 dataOffset: 2
09-15 13:29:10.477  9044  9439 D OPENHU  : [79] Companion.decrypt | RECV: AUDIO Media Data type: 0 flags: 11 size: 8202 dataOffset: 2
09-15 13:29:10.524  9044  9439 D OPENHU  : [79] Companion.decrypt | RECV: AUDIO Media Data type: 0 flags: 11 size: 8202 dataOffset: 2
09-15 13:29:10.563  9044  9439 D OPENHU  : [79] Companion.decrypt | RECV: AUDIO Media Data type: 0 flags: 11 size: 8202 dataOffset: 2
09-15 13:29:10.607  9044  9439 D OPENHU  : [79] Companion.decrypt | RECV: AUDIO Media Data type: 0 flags: 11 size: 8202 dataOffset: 2
09-15 13:29:10.652  9044  9439 D OPENHU  : [79] Companion.decrypt | RECV: AUDIO Media Data type: 0 flags: 11 size: 8202 dataOffset: 2
09-15 13:29:10.693  9044  9439 D OPENHU  : [79] Companion.decrypt | RECV: AUDIO Media Data type: 0 flags: 11 size: 8202 dataOffset: 2
09-15 13:29:10.755  9044  9439 D OPENHU  : [79] Companion.decrypt | RECV: AUDIO Media Data type: 0 flags: 11 size: 8202 dataOffset: 2
09-15 13:29:10.779  9044  9439 D OPENHU  : [79] Companion.decrypt | RECV: AUDIO Media Data type: 0 flags: 11 size: 8202 dataOffset: 2
09-15 13:29:10.864  9044  9439 D OPENHU  : [79] Companion.decrypt | RECV: AUDIO Media Data type: 0 flags: 11 size: 8202 dataOffset: 2
09-15 13:29:10.871  9044  9439 D OPENHU  : [79] Companion.decrypt | RECV: AUDIO Media Data type: 0 flags: 11 size: 8202 dataOffset: 2
09-15 13:29:10.907  9044  9439 D OPENHU  : [79] Companion.decrypt | RECV: AUDIO Media Data type: 0 flags: 11 size: 8202 dataOffset: 2
09-15 13:29:10.950  9044  9439 D OPENHU  : [79] Companion.decrypt | RECV: AUDIO Media Data type: 0 flags: 11 size: 8202 dataOffset: 2
09-15 13:29:10.977  9044  9439 D OPENHU  : [79] Companion.decrypt | RECV: MUSIC_PLAYBACK Media Playback Status type: 32769 flags: 11 size: 17 dataOffset: 2
09-15 13:29:10.979  9044  9439 D OPENHU  : [79] AapMediaPlayback.processStatusPacket | AapMediaPlayback: status mediaSource='VLC', playbackSeconds(u32)=46, state=PLAYING
09-15 13:29:10.990  9044  9439 D OPENHU  : [79] Companion.decrypt | RECV: AUDIO Media Data type: 0 flags: 11 size: 8202 dataOffset: 2
09-15 13:29:11.019  9044  9044 V OPENHU  : [2] GpsLocation.onLocationChanged | GpsLocation: fix received
09-15 13:29:11.031  9044  9044 V OPENHU  : [2] AapTransport.send | SENSOR Sensor Event type: 32771 flags: 11 size: 46 dataOffset: 6
09-15 13:29:11.060  9044  9439 D OPENHU  : [79] Companion.decrypt | RECV: AUDIO Media Data type: 0 flags: 11 size: 8202 dataOffset: 2
09-15 13:29:11.076  9044  9439 D OPENHU  : [79] Companion.decrypt | RECV: AUDIO Media Data type: 0 flags: 11 size: 8202 dataOffset: 2
09-15 13:29:11.167  9044  9439 D OPENHU  : [79] Companion.decrypt | RECV: AUDIO Media Data type: 0 flags: 11 size: 8202 dataOffset: 2
09-15 13:29:11.170  9044  9439 D OPENHU  : [79] Companion.decrypt | RECV: AUDIO Media Data type: 0 flags: 11 size: 8202 dataOffset: 2
09-15 13:29:11.204  9044  9439 D OPENHU  : [79] Companion.decrypt | RECV: AUDIO Media Data type: 0 flags: 11 size: 8202 dataOffset: 2
09-15 13:29:11.305  9044  9439 D OPENHU  : [79] Companion.decrypt | RECV: AUDIO Media Data type: 0 flags: 11 size: 8202 dataOffset: 2
09-15 13:29:11.321  9044  9439 D OPENHU  : [79] Companion.decrypt | RECV: AUDIO Media Data type: 0 flags: 11 size: 8202 dataOffset: 2
09-15 13:29:11.426  9044  9439 D OPENHU  : [79] Companion.decrypt | RECV: AUDIO Media Data type: 0 flags: 11 size: 8202 dataOffset: 2
09-15 13:29:11.541  9044  9439 D OPENHU  : [79] Companion.decrypt | RECV: AUDIO Media Data type: 0 flags: 11 size: 8202 dataOffset: 2
09-15 13:29:11.646  9044  9439 D OPENHU  : [79] Companion.decrypt | RECV: AUDIO Media Data type: 0 flags: 11 size: 8202 dataOffset: 2
09-15 13:29:11.649  9044  9439 D OPENHU  : [79] Companion.decrypt | RECV: CONTROL Ping Request type: 11 flags: 11 size: 12 dataOffset: 2
09-15 13:29:11.650  9044  9439 V OPENHU  : [79] AapTransport.send | CONTROL Ping Response type: 12 flags: 11 size: 14 dataOffset: 6
09-15 13:29:11.653  9044  9439 D OPENHU  : [79] Companion.decrypt | RECV: AUDIO Media Data type: 0 flags: 11 size: 8202 dataOffset: 2
09-15 13:29:11.659  9044  9439 D OPENHU  : [79] Companion.decrypt | RECV: AUDIO Media Data type: 0 flags: 11 size: 8202 dataOffset: 2
09-15 13:29:11.663  9044  9439 D OPENHU  : [79] Companion.decrypt | RECV: AUDIO Media Data type: 0 flags: 11 size: 8202 dataOffset: 2
09-15 13:29:11.667  9044  9439 D OPENHU  : [79] Companion.decrypt | RECV: AUDIO Media Data type: 0 flags: 11 size: 8202 dataOffset: 2
09-15 13:29:11.670  9044  9439 D OPENHU  : [79] Companion.decrypt | RECV: AUDIO Media Data type: 0 flags: 11 size: 8202 dataOffset: 2
09-15 13:29:11.685  9044  9439 D OPENHU  : [79] Companion.decrypt | RECV: AUDIO Media Data type: 0 flags: 11 size: 8202 dataOffset: 2
09-15 13:29:11.716  9044  9439 D OPENHU  : [79] Companion.decrypt | RECV: AUDIO Media Data type: 0 flags: 11 size: 8202 dataOffset: 2
09-15 13:29:11.759  9044  9439 D OPENHU  : [79] Companion.decrypt | RECV: AUDIO Media Data type: 0 flags: 11 size: 8202 dataOffset: 2
09-15 13:29:11.827  9044  9439 D OPENHU  : [79] Companion.decrypt | RECV: AUDIO Media Data type: 0 flags: 11 size: 8202 dataOffset: 2
09-15 13:29:11.845  9044  9439 D OPENHU  : [79] Companion.decrypt | RECV: AUDIO Media Data type: 0 flags: 11 size: 8202 dataOffset: 2
09-15 13:29:11.886  9044  9439 D OPENHU  : [79] Companion.decrypt | RECV: AUDIO Media Data type: 0 flags: 11 size: 8202 dataOffset: 2
09-15 13:29:11.929  9044  9439 D OPENHU  : [79] Companion.decrypt | RECV: AUDIO Media Data type: 0 flags: 11 size: 8202 dataOffset: 2
09-15 13:29:11.972  9044  9439 D OPENHU  : [79] Companion.decrypt | RECV: AUDIO Media Data type: 0 flags: 11 size: 8202 dataOffset: 2
09-15 13:29:11.978  9044  9439 D OPENHU  : [79] Companion.decrypt | RECV: MUSIC_PLAYBACK Media Playback Status type: 32769 flags: 11 size: 17 dataOffset: 2
09-15 13:29:11.979  9044  9439 D OPENHU  : [79] AapMediaPlayback.processStatusPacket | AapMediaPlayback: status mediaSource='VLC', playbackSeconds(u32)=47, state=PLAYING
09-15 13:29:11.998  9044  9044 V OPENHU  : [2] GpsLocation.onLocationChanged | GpsLocation: fix received
09-15 13:29:12.005  9044  9044 V OPENHU  : [2] AapTransport.send | SENSOR Sensor Event type: 32771 flags: 11 size: 46 dataOffset: 6
09-15 13:29:12.017  9044  9439 D OPENHU  : [79] Companion.decrypt | RECV: AUDIO Media Data type: 0 flags: 11 size: 8202 dataOffset: 2
09-15 13:29:12.057  9044  9439 D OPENHU  : [79] Companion.decrypt | RECV: AUDIO Media Data type: 0 flags: 11 size: 8202 dataOffset: 2
09-15 13:29:12.101  9044  9439 D OPENHU  : [79] Companion.decrypt | RECV: AUDIO Media Data type: 0 flags: 11 size: 8202 dataOffset: 2
09-15 13:29:12.144  9044  9439 D OPENHU  : [79] Companion.decrypt | RECV: AUDIO Media Data type: 0 flags: 11 size: 8202 dataOffset: 2
09-15 13:29:12.186  9044  9439 D OPENHU  : [79] Companion.decrypt | RECV: AUDIO Media Data type: 0 flags: 11 size: 8202 dataOffset: 2
09-15 13:29:12.228  9044  9439 D OPENHU  : [79] Companion.decrypt | RECV: AUDIO Media Data type: 0 flags: 11 size: 8202 dataOffset: 2
09-15 13:29:12.271  9044  9439 D OPENHU  : [79] Companion.decrypt | RECV: AUDIO Media Data type: 0 flags: 11 size: 8202 dataOffset: 2
09-15 13:29:12.313  9044  9477 I OPENHU  : [89] VideoDecoder.logThroughput | Throughput over 5003ms: rendered=185 (36fps), fed=185 (36fps), dropped=0, skipped=0, concealed=0, inputWait=93ms, enqueueWait=0ms, codec=c2.unisoc.avc.decoder, presented=185 (36fps), decodeLatency=9ms p95=13ms (185 frames)
09-15 13:29:12.313  9044  9439 D OPENHU  : [79] Companion.decrypt | RECV: AUDIO Media Data type: 0 flags: 11 size: 8202 dataOffset: 2
09-15 13:29:12.356  9044  9439 D OPENHU  : [79] Companion.decrypt | RECV: AUDIO Media Data type: 0 flags: 11 size: 8202 dataOffset: 2
09-15 13:29:12.402  9044  9439 D OPENHU  : [79] Companion.decrypt | RECV: AUDIO Media Data type: 0 flags: 11 size: 8202 dataOffset: 2
09-15 13:29:12.427  9044  9439 D OPENHU  : [79] Companion.decrypt | RECV: CONTROL Ping Request type: 11 flags: 11 size: 12 dataOffset: 2
09-15 13:29:12.427  9044  9439 V OPENHU  : [79] AapTransport.send | CONTROL Ping Response type: 12 flags: 11 size: 14 dataOffset: 6
09-15 13:29:12.440  9044  9439 D OPENHU  : [79] Companion.decrypt | RECV: AUDIO Media Data type: 0 flags: 11 size: 8202 dataOffset: 2
09-15 13:29:12.483  9044  9439 D OPENHU  : [79] Companion.decrypt | RECV: AUDIO Media Data type: 0 flags: 11 size: 8202 dataOffset: 2
09-15 13:29:12.527  9044  9439 D OPENHU  : [79] Companion.decrypt | RECV: AUDIO Media Data type: 0 flags: 11 size: 8202 dataOffset: 2
09-15 13:29:12.537  9044  9044 I OPENHU  : [2] TextureProjectionView.onSurfaceTextureUpdated | TextureProjectionView: displayed 148 frames in 5000ms (29fps), longFrames=1
09-15 13:29:12.570  9044  9439 D OPENHU  : [79] Companion.decrypt | RECV: AUDIO Media Data type: 0 flags: 11 size: 8202 dataOffset: 2
09-15 13:29:12.614  9044  9439 D OPENHU  : [79] Companion.decrypt | RECV: AUDIO Media Data type: 0 flags: 11 size: 8202 dataOffset: 2
09-15 13:29:12.656  9044  9439 D OPENHU  : [79] Companion.decrypt | RECV: AUDIO Media Data type: 0 flags: 11 size: 8202 dataOffset: 2
09-15 13:29:12.698  9044  9439 D OPENHU  : [79] Companion.decrypt | RECV: AUDIO Media Data type: 0 flags: 11 size: 8202 dataOffset: 2
09-15 13:29:12.742  9044  9439 D OPENHU  : [79] Companion.decrypt | RECV: AUDIO Media Data type: 0 flags: 11 size: 8202 dataOffset: 2
09-15 13:29:12.789  9044  9439 D OPENHU  : [79] Companion.decrypt | RECV: AUDIO Media Data type: 0 flags: 11 size: 8202 dataOffset: 2
09-15 13:29:12.827  9044  9439 D OPENHU  : [79] Companion.decrypt | RECV: AUDIO Media Data type: 0 flags: 11 size: 8202 dataOffset: 2
09-15 13:29:12.870  9044  9439 D OPENHU  : [79] Companion.decrypt | RECV: AUDIO Media Data type: 0 flags: 11 size: 8202 dataOffset: 2
09-15 13:29:12.912  9044  9439 D OPENHU  : [79] Companion.decrypt | RECV: AUDIO Media Data type: 0 flags: 11 size: 8202 dataOffset: 2
09-15 13:29:12.958  9044  9439 D OPENHU  : [79] Companion.decrypt | RECV: AUDIO Media Data type: 0 flags: 11 size: 8202 dataOffset: 2
09-15 13:29:12.983  9044  9439 D OPENHU  : [79] Companion.decrypt | RECV: MUSIC_PLAYBACK Media Playback Status type: 32769 flags: 11 size: 17 dataOffset: 2
09-15 13:29:12.984  9044  9439 D OPENHU  : [79] AapMediaPlayback.processStatusPacket | AapMediaPlayback: status mediaSource='VLC', playbackSeconds(u32)=48, state=PLAYING
09-15 13:29:12.995  9044  9439 D OPENHU  : [79] Companion.decrypt | RECV: AUDIO Media Data type: 0 flags: 11 size: 8202 dataOffset: 2
09-15 13:29:13.023  9044  9044 V OPENHU  : [2] GpsLocation.onLocationChanged | GpsLocation: fix received
09-15 13:29:13.037  9044  9044 V OPENHU  : [2] AapTransport.send | SENSOR Sensor Event type: 32771 flags: 11 size: 46 dataOffset: 6
09-15 13:29:13.040  9044  9439 D OPENHU  : [79] Companion.decrypt | RECV: AUDIO Media Data type: 0 flags: 11 size: 8202 dataOffset: 2
09-15 13:29:13.084  9044  9439 D OPENHU  : [79] Companion.decrypt | RECV: AUDIO Media Data type: 0 flags: 11 size: 8202 dataOffset: 2
09-15 13:29:13.124  9044  9439 D OPENHU  : [79] Companion.decrypt | RECV: AUDIO Media Data type: 0 flags: 11 size: 8202 dataOffset: 2
09-15 13:29:13.167  9044  9439 D OPENHU  : [79] Companion.decrypt | RECV: AUDIO Media Data type: 0 flags: 11 size: 8202 dataOffset: 2
09-15 13:29:13.210  9044  9439 D OPENHU  : [79] Companion.decrypt | RECV: AUDIO Media Data type: 0 flags: 11 size: 8202 dataOffset: 2
09-15 13:29:13.252  9044  9439 D OPENHU  : [79] Companion.decrypt | RECV: AUDIO Media Data type: 0 flags: 11 size: 8202 dataOffset: 2
09-15 13:29:13.298  9044  9439 D OPENHU  : [79] Companion.decrypt | RECV: AUDIO Media Data type: 0 flags: 11 size: 8202 dataOffset: 2
09-15 13:29:13.339  9044  9439 D OPENHU  : [79] Companion.decrypt | RECV: AUDIO Media Data type: 0 flags: 11 size: 8202 dataOffset: 2
09-15 13:29:13.388  9044  9439 D OPENHU  : [79] Companion.decrypt | RECV: AUDIO Media Data type: 0 flags: 11 size: 8202 dataOffset: 2
09-15 13:29:13.423  9044  9439 D OPENHU  : [79] Companion.decrypt | RECV: AUDIO Media Data type: 0 flags: 11 size: 8202 dataOffset: 2
09-15 13:29:13.428  9044  9439 D OPENHU  : [79] Companion.decrypt | RECV: CONTROL Ping Request type: 11 flags: 11 size: 12 dataOffset: 2
09-15 13:29:13.429  9044  9439 V OPENHU  : [79] AapTransport.send | CONTROL Ping Response type: 12 flags: 11 size: 14 dataOffset: 6
09-15 13:29:13.466  9044  9439 D OPENHU  : [79] Companion.decrypt | RECV: AUDIO Media Data type: 0 flags: 11 size: 8202 dataOffset: 2
09-15 13:29:13.508  9044  9439 D OPENHU  : [79] Companion.decrypt | RECV: AUDIO Media Data type: 0 flags: 11 size: 8202 dataOffset: 2
09-15 13:29:13.550  9044  9439 D OPENHU  : [79] Companion.decrypt | RECV: AUDIO Media Data type: 0 flags: 11 size: 8202 dataOffset: 2
09-15 13:29:13.595  9044  9439 D OPENHU  : [79] Companion.decrypt | RECV: AUDIO Media Data type: 0 flags: 11 size: 8202 dataOffset: 2
09-15 13:29:13.636  9044  9439 D OPENHU  : [79] Companion.decrypt | RECV: AUDIO Media Data type: 0 flags: 11 size: 8202 dataOffset: 2
09-15 13:29:13.680  9044  9439 D OPENHU  : [79] Companion.decrypt | RECV: AUDIO Media Data type: 0 flags: 11 size: 8202 dataOffset: 2
09-15 13:29:13.722  9044  9439 D OPENHU  : [79] Companion.decrypt | RECV: AUDIO Media Data type: 0 flags: 11 size: 8202 dataOffset: 2
09-15 13:29:13.765  9044  9439 D OPENHU  : [79] Companion.decrypt | RECV: AUDIO Media Data type: 0 flags: 11 size: 8202 dataOffset: 2
09-15 13:29:13.808  9044  9439 D OPENHU  : [79] Companion.decrypt | RECV: AUDIO Media Data type: 0 flags: 11 size: 8202 dataOffset: 2
09-15 13:29:13.853  9044  9439 D OPENHU  : [79] Companion.decrypt | RECV: AUDIO Media Data type: 0 flags: 11 size: 8202 dataOffset: 2
09-15 13:29:13.893  9044  9439 D OPENHU  : [79] Companion.decrypt | RECV: AUDIO Media Data type: 0 flags: 11 size: 8202 dataOffset: 2
09-15 13:29:13.937  9044  9439 D OPENHU  : [79] Companion.decrypt | RECV: AUDIO Media Data type: 0 flags: 11 size: 8202 dataOffset: 2
09-15 13:29:13.981  9044  9439 D OPENHU  : [79] Companion.decrypt | RECV: AUDIO Media Data type: 0 flags: 11 size: 8202 dataOffset: 2
09-15 13:29:13.988  9044  9439 D OPENHU  : [79] Companion.decrypt | RECV: MUSIC_PLAYBACK Media Playback Status type: 32769 flags: 11 size: 17 dataOffset: 2
09-15 13:29:13.989  9044  9439 D OPENHU  : [79] AapMediaPlayback.processStatusPacket | AapMediaPlayback: status mediaSource='VLC', playbackSeconds(u32)=49, state=PLAYING
09-15 13:29:13.997  9044  9044 V OPENHU  : [2] GpsLocation.onLocationChanged | GpsLocation: fix received
09-15 13:29:14.020  9044  9044 V OPENHU  : [2] AapTransport.send | SENSOR Sensor Event type: 32771 flags: 11 size: 46 dataOffset: 6
09-15 13:29:14.021  9044  9439 D OPENHU  : [79] Companion.decrypt | RECV: AUDIO Media Data type: 0 flags: 11 size: 8202 dataOffset: 2
09-15 13:29:14.064  9044  9439 D OPENHU  : [79] Companion.decrypt | RECV: AUDIO Media Data type: 0 flags: 11 size: 8202 dataOffset: 2
09-15 13:29:14.106  9044  9439 D OPENHU  : [79] Companion.decrypt | RECV: AUDIO Media Data type: 0 flags: 11 size: 8202 dataOffset: 2
09-15 13:29:14.148  9044  9439 D OPENHU  : [79] Companion.decrypt | RECV: AUDIO Media Data type: 0 flags: 11 size: 8202 dataOffset: 2
09-15 13:29:14.192  9044  9439 D OPENHU  : [79] Companion.decrypt | RECV: AUDIO Media Data type: 0 flags: 11 size: 8202 dataOffset: 2
09-15 13:29:14.234  9044  9439 D OPENHU  : [79] Companion.decrypt | RECV: AUDIO Media Data type: 0 flags: 11 size: 8202 dataOffset: 2
09-15 13:29:14.278  9044  9439 D OPENHU  : [79] Companion.decrypt | RECV: AUDIO Media Data type: 0 flags: 11 size: 8202 dataOffset: 2
09-15 13:29:14.320  9044  9439 D OPENHU  : [79] Companion.decrypt | RECV: AUDIO Media Data type: 0 flags: 11 size: 8202 dataOffset: 2
09-15 13:29:14.364  9044  9439 D OPENHU  : [79] Companion.decrypt | RECV: AUDIO Media Data type: 0 flags: 11 size: 8202 dataOffset: 2
09-15 13:29:14.407  9044  9439 D OPENHU  : [79] Companion.decrypt | RECV: AUDIO Media Data type: 0 flags: 11 size: 8202 dataOffset: 2
09-15 13:29:14.431  9044  9439 D OPENHU  : [79] Companion.decrypt | RECV: CONTROL Ping Request type: 11 flags: 11 size: 12 dataOffset: 2
09-15 13:29:14.433  9044  9439 V OPENHU  : [79] AapTransport.send | CONTROL Ping Response type: 12 flags: 11 size: 14 dataOffset: 6
09-15 13:29:14.450  9044  9439 D OPENHU  : [79] Companion.decrypt | RECV: AUDIO Media Data type: 0 flags: 11 size: 8202 dataOffset: 2
09-15 13:29:14.492  9044  9439 D OPENHU  : [79] Companion.decrypt | RECV: AUDIO Media Data type: 0 flags: 11 size: 8202 dataOffset: 2
09-15 13:29:14.537  9044  9439 D OPENHU  : [79] Companion.decrypt | RECV: AUDIO Media Data type: 0 flags: 11 size: 8202 dataOffset: 2
09-15 13:29:14.577  9044  9439 D OPENHU  : [79] Companion.decrypt | RECV: AUDIO Media Data type: 0 flags: 11 size: 8202 dataOffset: 2
09-15 13:29:14.617  9044  9439 D OPENHU  : [79] Companion.decrypt | RECV: AUDIO Media Data type: 0 flags: 11 size: 8202 dataOffset: 2
09-15 13:29:14.661  9044  9439 D OPENHU  : [79] Companion.decrypt | RECV: AUDIO Media Data type: 0 flags: 11 size: 8202 dataOffset: 2
09-15 13:29:14.703  9044  9439 D OPENHU  : [79] Companion.decrypt | RECV: AUDIO Media Data type: 0 flags: 11 size: 8202 dataOffset: 2
09-15 13:29:14.745  9044  9439 D OPENHU  : [79] Companion.decrypt | RECV: AUDIO Media Data type: 0 flags: 11 size: 8202 dataOffset: 2
09-15 13:29:14.788  9044  9439 D OPENHU  : [79] Companion.decrypt | RECV: AUDIO Media Data type: 0 flags: 11 size: 8202 dataOffset: 2
09-15 13:29:14.833  9044  9439 D OPENHU  : [79] Companion.decrypt | RECV: AUDIO Media Data type: 0 flags: 11 size: 8202 dataOffset: 2
09-15 13:29:14.874  9044  9439 D OPENHU  : [79] Companion.decrypt | RECV: AUDIO Media Data type: 0 flags: 11 size: 8202 dataOffset: 2
09-15 13:29:14.916  9044  9439 D OPENHU  : [79] Companion.decrypt | RECV: AUDIO Media Data type: 0 flags: 11 size: 8202 dataOffset: 2
09-15 13:29:14.960  9044  9439 D OPENHU  : [79] Companion.decrypt | RECV: AUDIO Media Data type: 0 flags: 11 size: 8202 dataOffset: 2
09-15 13:29:14.985  9044  9439 D OPENHU  : [79] Companion.decrypt | RECV: MUSIC_PLAYBACK Media Playback Status type: 32769 flags: 11 size: 17 dataOffset: 2
09-15 13:29:14.986  9044  9439 D OPENHU  : [79] AapMediaPlayback.processStatusPacket | AapMediaPlayback: status mediaSource='VLC', playbackSeconds(u32)=50, state=PLAYING
09-15 13:29:15.002  9044  9439 D OPENHU  : [79] Companion.decrypt | RECV: AUDIO Media Data type: 0 flags: 11 size: 8202 dataOffset: 2
09-15 13:29:15.027  9044  9044 V OPENHU  : [2] GpsLocation.onLocationChanged | GpsLocation: fix received
09-15 13:29:15.035  9044  9044 V OPENHU  : [2] AapTransport.send | SENSOR Sensor Event type: 32771 flags: 11 size: 46 dataOffset: 6
09-15 13:29:15.045  9044  9439 D OPENHU  : [79] Companion.decrypt | RECV: AUDIO Media Data type: 0 flags: 11 size: 8202 dataOffset: 2
09-15 13:29:15.087  9044  9439 D OPENHU  : [79] Companion.decrypt | RECV: AUDIO Media Data type: 0 flags: 11 size: 8202 dataOffset: 2
09-15 13:29:15.130  9044  9439 D OPENHU  : [79] Companion.decrypt | RECV: AUDIO Media Data type: 0 flags: 11 size: 8202 dataOffset: 2
09-15 13:29:15.174  9044  9439 D OPENHU  : [79] Companion.decrypt | RECV: AUDIO Media Data type: 0 flags: 11 size: 8202 dataOffset: 2
09-15 13:29:15.221  9044  9439 D OPENHU  : [79] Companion.decrypt | RECV: AUDIO Media Data type: 0 flags: 11 size: 8202 dataOffset: 2
09-15 13:29:15.259  9044  9439 D OPENHU  : [79] Companion.decrypt | RECV: AUDIO Media Data type: 0 flags: 11 size: 8202 dataOffset: 2
09-15 13:29:15.300  9044  9439 D OPENHU  : [79] Companion.decrypt | RECV: AUDIO Media Data type: 0 flags: 11 size: 8202 dataOffset: 2
09-15 13:29:15.344  9044  9439 D OPENHU  : [79] Companion.decrypt | RECV: AUDIO Media Data type: 0 flags: 11 size: 8202 dataOffset: 2
09-15 13:29:15.386  9044  9439 D OPENHU  : [79] Companion.decrypt | RECV: AUDIO Media Data type: 0 flags: 11 size: 8202 dataOffset: 2
09-15 13:29:15.431  9044  9439 D OPENHU  : [79] Companion.decrypt | RECV: AUDIO Media Data type: 0 flags: 11 size: 8202 dataOffset: 2
09-15 13:29:15.437  9044  9439 D OPENHU  : [79] Companion.decrypt | RECV: CONTROL Ping Request type: 11 flags: 11 size: 12 dataOffset: 2
09-15 13:29:15.439  9044  9439 V OPENHU  : [79] AapTransport.send | CONTROL Ping Response type: 12 flags: 11 size: 14 dataOffset: 6
09-15 13:29:15.473  9044  9439 D OPENHU  : [79] Companion.decrypt | RECV: AUDIO Media Data type: 0 flags: 11 size: 8202 dataOffset: 2
09-15 13:29:15.515  9044  9439 D OPENHU  : [79] Companion.decrypt | RECV: AUDIO Media Data type: 0 flags: 11 size: 8202 dataOffset: 2
09-15 13:29:15.558  9044  9439 D OPENHU  : [79] Companion.decrypt | RECV: AUDIO Media Data type: 0 flags: 11 size: 8202 dataOffset: 2
09-15 13:29:15.599  9044  9439 D OPENHU  : [79] Companion.decrypt | RECV: AUDIO Media Data type: 0 flags: 11 size: 8202 dataOffset: 2
09-15 13:29:15.642  9044  9439 D OPENHU  : [79] Companion.decrypt | RECV: AUDIO Media Data type: 0 flags: 11 size: 8202 dataOffset: 2
09-15 13:29:15.683  9044  9439 D OPENHU  : [79] Companion.decrypt | RECV: AUDIO Media Data type: 0 flags: 11 size: 8202 dataOffset: 2
09-15 13:29:15.727  9044  9439 D OPENHU  : [79] Companion.decrypt | RECV: AUDIO Media Data type: 0 flags: 11 size: 8202 dataOffset: 2
09-15 13:29:15.771  9044  9439 D OPENHU  : [79] Companion.decrypt | RECV: AUDIO Media Data type: 0 flags: 11 size: 8202 dataOffset: 2
09-15 13:29:15.812  9044  9439 D OPENHU  : [79] Companion.decrypt | RECV: AUDIO Media Data type: 0 flags: 11 size: 8202 dataOffset: 2
09-15 13:29:15.856  9044  9439 D OPENHU  : [79] Companion.decrypt | RECV: AUDIO Media Data type: 0 flags: 11 size: 8202 dataOffset: 2
09-15 13:29:15.900  9044  9439 D OPENHU  : [79] Companion.decrypt | RECV: AUDIO Media Data type: 0 flags: 11 size: 8202 dataOffset: 2
09-15 13:29:15.943  9044  9439 D OPENHU  : [79] Companion.decrypt | RECV: AUDIO Media Data type: 0 flags: 11 size: 8202 dataOffset: 2
09-15 13:29:15.982  9044  9439 D OPENHU  : [79] Companion.decrypt | RECV: MUSIC_PLAYBACK Media Playback Status type: 32769 flags: 11 size: 17 dataOffset: 2
09-15 13:29:15.983  9044  9439 D OPENHU  : [79] AapMediaPlayback.processStatusPacket | AapMediaPlayback: status mediaSource='VLC', playbackSeconds(u32)=51, state=PLAYING
09-15 13:29:15.988  9044  9439 D OPENHU  : [79] Companion.decrypt | RECV: AUDIO Media Data type: 0 flags: 11 size: 8202 dataOffset: 2
09-15 13:29:16.014  9044  9044 V OPENHU  : [2] GpsLocation.onLocationChanged | GpsLocation: fix received
09-15 13:29:16.023  9044  9044 V OPENHU  : [2] AapTransport.send | SENSOR Sensor Event type: 32771 flags: 11 size: 46 dataOffset: 6
09-15 13:29:16.031  9044  9439 D OPENHU  : [79] Companion.decrypt | RECV: AUDIO Media Data type: 0 flags: 11 size: 8202 dataOffset: 2
09-15 13:29:16.068  9044  9439 D OPENHU  : [79] Companion.decrypt | RECV: AUDIO Media Data type: 0 flags: 11 size: 8202 dataOffset: 2
09-15 13:29:16.111  9044  9439 D OPENHU  : [79] Companion.decrypt | RECV: AUDIO Media Data type: 0 flags: 11 size: 8202 dataOffset: 2
09-15 13:29:16.154  9044  9439 D OPENHU  : [79] Companion.decrypt | RECV: AUDIO Media Data type: 0 flags: 11 size: 8202 dataOffset: 2
09-15 13:29:16.197  9044  9439 D OPENHU  : [79] Companion.decrypt | RECV: AUDIO Media Data type: 0 flags: 11 size: 8202 dataOffset: 2
09-15 13:29:16.239  9044  9439 D OPENHU  : [79] Companion.decrypt | RECV: AUDIO Media Data type: 0 flags: 11 size: 8202 dataOffset: 2
09-15 13:29:16.282  9044  9439 D OPENHU  : [79] Companion.decrypt | RECV: AUDIO Media Data type: 0 flags: 11 size: 8202 dataOffset: 2
09-15 13:29:16.323  9044  9439 D OPENHU  : [79] Companion.decrypt | RECV: AUDIO Media Data type: 0 flags: 11 size: 8202 dataOffset: 2
09-15 13:29:16.368  9044  9439 D OPENHU  : [79] Companion.decrypt | RECV: AUDIO Media Data type: 0 flags: 11 size: 8202 dataOffset: 2
09-15 13:29:16.410  9044  9439 D OPENHU  : [79] Companion.decrypt | RECV: AUDIO Media Data type: 0 flags: 11 size: 8202 dataOffset: 2
09-15 13:29:16.430  9044  9439 D OPENHU  : [79] Companion.decrypt | RECV: CONTROL Ping Request type: 11 flags: 11 size: 12 dataOffset: 2
09-15 13:29:16.431  9044  9439 V OPENHU  : [79] AapTransport.send | CONTROL Ping Response type: 12 flags: 11 size: 14 dataOffset: 6
09-15 13:29:16.453  9044  9439 D OPENHU  : [79] Companion.decrypt | RECV: AUDIO Media Data type: 0 flags: 11 size: 8202 dataOffset: 2
09-15 13:29:16.495  9044  9439 D OPENHU  : [79] Companion.decrypt | RECV: AUDIO Media Data type: 0 flags: 11 size: 8202 dataOffset: 2
09-15 13:29:16.538  9044  9439 D OPENHU  : [79] Companion.decrypt | RECV: AUDIO Media Data type: 0 flags: 11 size: 8202 dataOffset: 2
09-15 13:29:16.580  9044  9439 D OPENHU  : [79] Companion.decrypt | RECV: AUDIO Media Data type: 0 flags: 11 size: 8202 dataOffset: 2
09-15 13:29:16.623  9044  9439 D OPENHU  : [79] Companion.decrypt | RECV: AUDIO Media Data type: 0 flags: 11 size: 8202 dataOffset: 2
09-15 13:29:16.667  9044  9439 D OPENHU  : [79] Companion.decrypt | RECV: AUDIO Media Data type: 0 flags: 11 size: 8202 dataOffset: 2
09-15 13:29:16.708  9044  9439 D OPENHU  : [79] Companion.decrypt | RECV: AUDIO Media Data type: 0 flags: 11 size: 8202 dataOffset: 2
09-15 13:29:16.751  9044  9439 D OPENHU  : [79] Companion.decrypt | RECV: AUDIO Media Data type: 0 flags: 11 size: 8202 dataOffset: 2
09-15 13:29:16.793  9044  9439 D OPENHU  : [79] Companion.decrypt | RECV: AUDIO Media Data type: 0 flags: 11 size: 8202 dataOffset: 2
09-15 13:29:16.837  9044  9439 D OPENHU  : [79] Companion.decrypt | RECV: AUDIO Media Data type: 0 flags: 11 size: 8202 dataOffset: 2
09-15 13:29:16.879  9044  9439 D OPENHU  : [79] Companion.decrypt | RECV: AUDIO Media Data type: 0 flags: 11 size: 8202 dataOffset: 2
09-15 13:29:16.925  9044  9439 D OPENHU  : [79] Companion.decrypt | RECV: AUDIO Media Data type: 0 flags: 11 size: 8202 dataOffset: 2
09-15 13:29:16.965  9044  9439 D OPENHU  : [79] Companion.decrypt | RECV: AUDIO Media Data type: 0 flags: 11 size: 8202 dataOffset: 2
09-15 13:29:16.984  9044  9439 D OPENHU  : [79] Companion.decrypt | RECV: MUSIC_PLAYBACK Media Playback Status type: 32769 flags: 11 size: 17 dataOffset: 2
09-15 13:29:16.985  9044  9439 D OPENHU  : [79] AapMediaPlayback.processStatusPacket | AapMediaPlayback: status mediaSource='VLC', playbackSeconds(u32)=52, state=PLAYING
09-15 13:29:17.006  9044  9439 D OPENHU  : [79] Companion.decrypt | RECV: AUDIO Media Data type: 0 flags: 11 size: 8202 dataOffset: 2
09-15 13:29:17.018  9044  9044 V OPENHU  : [2] GpsLocation.onLocationChanged | GpsLocation: fix received
09-15 13:29:17.028  9044  9044 V OPENHU  : [2] AapTransport.send | SENSOR Sensor Event type: 32771 flags: 11 size: 46 dataOffset: 6
09-15 13:29:17.050  9044  9439 D OPENHU  : [79] Companion.decrypt | RECV: AUDIO Media Data type: 0 flags: 11 size: 8202 dataOffset: 2
09-15 13:29:17.096  9044  9439 D OPENHU  : [79] Companion.decrypt | RECV: AUDIO Media Data type: 0 flags: 11 size: 8202 dataOffset: 2
09-15 13:29:17.135  9044  9439 D OPENHU  : [79] Companion.decrypt | RECV: AUDIO Media Data type: 0 flags: 11 size: 8202 dataOffset: 2
09-15 13:29:17.177  9044  9439 D OPENHU  : [79] Companion.decrypt | RECV: AUDIO Media Data type: 0 flags: 11 size: 8202 dataOffset: 2
09-15 13:29:17.220  9044  9439 D OPENHU  : [79] Companion.decrypt | RECV: AUDIO Media Data type: 0 flags: 11 size: 8202 dataOffset: 2
09-15 13:29:17.264  9044  9439 D OPENHU  : [79] Companion.decrypt | RECV: AUDIO Media Data type: 0 flags: 11 size: 8202 dataOffset: 2
09-15 13:29:17.306  9044  9439 D OPENHU  : [79] Companion.decrypt | RECV: AUDIO Media Data type: 0 flags: 11 size: 8202 dataOffset: 2
09-15 13:29:17.321  9044  9477 I OPENHU  : [89] VideoDecoder.logThroughput | Throughput over 5008ms: rendered=180 (35fps), fed=180 (35fps), dropped=0, skipped=0, concealed=0, inputWait=77ms, enqueueWait=0ms, codec=c2.unisoc.avc.decoder, presented=180 (35fps), decodeLatency=9ms p95=13ms (180 frames)
09-15 13:29:17.348  9044  9439 D OPENHU  : [79] Companion.decrypt | RECV: AUDIO Media Data type: 0 flags: 11 size: 8202 dataOffset: 2
09-15 13:29:17.391  9044  9439 D OPENHU  : [79] Companion.decrypt | RECV: AUDIO Media Data type: 0 flags: 11 size: 8202 dataOffset: 2
09-15 13:29:17.433  9044  9439 D OPENHU  : [79] Companion.decrypt | RECV: CONTROL Ping Request type: 11 flags: 11 size: 12 dataOffset: 2
09-15 13:29:17.434  9044  9439 V OPENHU  : [79] AapTransport.send | CONTROL Ping Response type: 12 flags: 11 size: 14 dataOffset: 6
09-15 13:29:17.436  9044  9439 D OPENHU  : [79] Companion.decrypt | RECV: AUDIO Media Data type: 0 flags: 11 size: 8202 dataOffset: 2
09-15 13:29:17.476  9044  9439 D OPENHU  : [79] Companion.decrypt | RECV: AUDIO Media Data type: 0 flags: 11 size: 8202 dataOffset: 2
09-15 13:29:17.518  9044  9439 D OPENHU  : [79] Companion.decrypt | RECV: AUDIO Media Data type: 0 flags: 11 size: 8202 dataOffset: 2
09-15 13:29:17.537  9044  9044 I OPENHU  : [2] TextureProjectionView.onSurfaceTextureUpdated | TextureProjectionView: displayed 147 frames in 5001ms (29fps), longFrames=1
09-15 13:29:17.562  9044  9439 D OPENHU  : [79] Companion.decrypt | RECV: AUDIO Media Data type: 0 flags: 11 size: 8202 dataOffset: 2
09-15 13:29:17.604  9044  9439 D OPENHU  : [79] Companion.decrypt | RECV: AUDIO Media Data type: 0 flags: 11 size: 8202 dataOffset: 2
09-15 13:29:17.648  9044  9439 D OPENHU  : [79] Companion.decrypt | RECV: AUDIO Media Data type: 0 flags: 11 size: 8202 dataOffset: 2
09-15 13:29:17.690  9044  9439 D OPENHU  : [79] Companion.decrypt | RECV: AUDIO Media Data type: 0 flags: 11 size: 8202 dataOffset: 2
09-15 13:29:17.732  9044  9439 D OPENHU  : [79] Companion.decrypt | RECV: AUDIO Media Data type: 0 flags: 11 size: 8202 dataOffset: 2
09-15 13:29:17.776  9044  9439 D OPENHU  : [79] Companion.decrypt | RECV: AUDIO Media Data type: 0 flags: 11 size: 8202 dataOffset: 2
09-15 13:29:17.820  9044  9439 D OPENHU  : [79] Companion.decrypt | RECV: AUDIO Media Data type: 0 flags: 11 size: 8202 dataOffset: 2
09-15 13:29:17.863  9044  9439 D OPENHU  : [79] Companion.decrypt | RECV: AUDIO Media Data type: 0 flags: 11 size: 8202 dataOffset: 2
09-15 13:29:17.907  9044  9439 D OPENHU  : [79] Companion.decrypt | RECV: AUDIO Media Data type: 0 flags: 11 size: 8202 dataOffset: 2
09-15 13:29:17.946  9044  9439 D OPENHU  : [79] Companion.decrypt | RECV: AUDIO Media Data type: 0 flags: 11 size: 8202 dataOffset: 2
09-15 13:29:17.984  9044  9439 D OPENHU  : [79] Companion.decrypt | RECV: MUSIC_PLAYBACK Media Playback Status type: 32769 flags: 11 size: 17 dataOffset: 2
09-15 13:29:17.985  9044  9439 D OPENHU  : [79] AapMediaPlayback.processStatusPacket | AapMediaPlayback: status mediaSource='VLC', playbackSeconds(u32)=53, state=PLAYING
09-15 13:29:17.988  9044  9439 D OPENHU  : [79] Companion.decrypt | RECV: AUDIO Media Data type: 0 flags: 11 size: 8202 dataOffset: 2
09-15 13:29:18.013  9044  9044 V OPENHU  : [2] GpsLocation.onLocationChanged | GpsLocation: fix received
09-15 13:29:18.020  9044  9044 V OPENHU  : [2] AapTransport.send | SENSOR Sensor Event type: 32771 flags: 11 size: 46 dataOffset: 6
09-15 13:29:18.031  9044  9439 D OPENHU  : [79] Companion.decrypt | RECV: AUDIO Media Data type: 0 flags: 11 size: 8202 dataOffset: 2
09-15 13:29:18.074  9044  9439 D OPENHU  : [79] Companion.decrypt | RECV: AUDIO Media Data type: 0 flags: 11 size: 8202 dataOffset: 2
09-15 13:29:18.116  9044  9439 D OPENHU  : [79] Companion.decrypt | RECV: AUDIO Media Data type: 0 flags: 11 size: 8202 dataOffset: 2
09-15 13:29:18.159  9044  9439 D OPENHU  : [79] Companion.decrypt | RECV: AUDIO Media Data type: 0 flags: 11 size: 8202 dataOffset: 2
09-15 13:29:18.204  9044  9439 D OPENHU  : [79] Companion.decrypt | RECV: AUDIO Media Data type: 0 flags: 11 size: 8202 dataOffset: 2
09-15 13:29:18.245  9044  9439 D OPENHU  : [79] Companion.decrypt | RECV: AUDIO Media Data type: 0 flags: 11 size: 8202 dataOffset: 2
09-15 13:29:18.290  9044  9439 D OPENHU  : [79] Companion.decrypt | RECV: AUDIO Media Data type: 0 flags: 11 size: 8202 dataOffset: 2
09-15 13:29:18.333  9044  9439 D OPENHU  : [79] Companion.decrypt | RECV: AUDIO Media Data type: 0 flags: 11 size: 8202 dataOffset: 2
09-15 13:29:18.373  9044  9439 D OPENHU  : [79] Companion.decrypt | RECV: AUDIO Media Data type: 0 flags: 11 size: 8202 dataOffset: 2
09-15 13:29:18.419  9044  9439 D OPENHU  : [79] Companion.decrypt | RECV: AUDIO Media Data type: 0 flags: 11 size: 8202 dataOffset: 2
09-15 13:29:18.433  9044  9439 D OPENHU  : [79] Companion.decrypt | RECV: CONTROL Ping Request type: 11 flags: 11 size: 12 dataOffset: 2
09-15 13:29:18.434  9044  9439 V OPENHU  : [79] AapTransport.send | CONTROL Ping Response type: 12 flags: 11 size: 14 dataOffset: 6
09-15 13:29:18.459  9044  9439 D OPENHU  : [79] Companion.decrypt | RECV: AUDIO Media Data type: 0 flags: 11 size: 8202 dataOffset: 2
09-15 13:29:18.503  9044  9439 D OPENHU  : [79] Companion.decrypt | RECV: AUDIO Media Data type: 0 flags: 11 size: 8202 dataOffset: 2
09-15 13:29:18.543  9044  9439 D OPENHU  : [79] Companion.decrypt | RECV: AUDIO Media Data type: 0 flags: 11 size: 8202 dataOffset: 2
09-15 13:29:18.586  9044  9439 D OPENHU  : [79] Companion.decrypt | RECV: AUDIO Media Data type: 0 flags: 11 size: 8202 dataOffset: 2
09-15 13:29:18.628  9044  9439 D OPENHU  : [79] Companion.decrypt | RECV: AUDIO Media Data type: 0 flags: 11 size: 8202 dataOffset: 2
09-15 13:29:18.670  9044  9439 D OPENHU  : [79] Companion.decrypt | RECV: AUDIO Media Data type: 0 flags: 11 size: 8202 dataOffset: 2
09-15 13:29:18.716  9044  9439 D OPENHU  : [79] Companion.decrypt | RECV: AUDIO Media Data type: 0 flags: 11 size: 8202 dataOffset: 2
09-15 13:29:18.757  9044  9439 D OPENHU  : [79] Companion.decrypt | RECV: AUDIO Media Data type: 0 flags: 11 size: 8202 dataOffset: 2
09-15 13:29:18.800  9044  9439 D OPENHU  : [79] Companion.decrypt | RECV: AUDIO Media Data type: 0 flags: 11 size: 8202 dataOffset: 2
09-15 13:29:18.842  9044  9439 D OPENHU  : [79] Companion.decrypt | RECV: AUDIO Media Data type: 0 flags: 11 size: 8202 dataOffset: 2
09-15 13:29:18.885  9044  9439 D OPENHU  : [79] Companion.decrypt | RECV: AUDIO Media Data type: 0 flags: 11 size: 8202 dataOffset: 2
09-15 13:29:18.927  9044  9439 D OPENHU  : [79] Companion.decrypt | RECV: AUDIO Media Data type: 0 flags: 11 size: 8202 dataOffset: 2
09-15 13:29:18.970  9044  9439 D OPENHU  : [79] Companion.decrypt | RECV: AUDIO Media Data type: 0 flags: 11 size: 8202 dataOffset: 2
09-15 13:29:18.985  9044  9439 D OPENHU  : [79] Companion.decrypt | RECV: MUSIC_PLAYBACK Media Playback Status type: 32769 flags: 11 size: 17 dataOffset: 2
09-15 13:29:18.986  9044  9439 D OPENHU  : [79] AapMediaPlayback.processStatusPacket | AapMediaPlayback: status mediaSource='VLC', playbackSeconds(u32)=54, state=PLAYING
09-15 13:29:19.012  9044  9044 V OPENHU  : [2] GpsLocation.onLocationChanged | GpsLocation: fix received
09-15 13:29:19.013  9044  9439 D OPENHU  : [79] Companion.decrypt | RECV: AUDIO Media Data type: 0 flags: 11 size: 8202 dataOffset: 2
09-15 13:29:19.022  9044  9044 V OPENHU  : [2] AapTransport.send | SENSOR Sensor Event type: 32771 flags: 11 size: 46 dataOffset: 6
09-15 13:29:19.055  9044  9439 D OPENHU  : [79] Companion.decrypt | RECV: AUDIO Media Data type: 0 flags: 11 size: 8202 dataOffset: 2
09-15 13:29:19.099  9044  9439 D OPENHU  : [79] Companion.decrypt | RECV: AUDIO Media Data type: 0 flags: 11 size: 8202 dataOffset: 2
09-15 13:29:19.141  9044  9439 D OPENHU  : [79] Companion.decrypt | RECV: AUDIO Media Data type: 0 flags: 11 size: 8202 dataOffset: 2
09-15 13:29:19.184  9044  9439 D OPENHU  : [79] Companion.decrypt | RECV: AUDIO Media Data type: 0 flags: 11 size: 8202 dataOffset: 2
09-15 13:29:19.229  9044  9439 D OPENHU  : [79] Companion.decrypt | RECV: AUDIO Media Data type: 0 flags: 11 size: 8202 dataOffset: 2
09-15 13:29:19.269  9044  9439 D OPENHU  : [79] Companion.decrypt | RECV: AUDIO Media Data type: 0 flags: 11 size: 8202 dataOffset: 2
09-15 13:29:19.312  9044  9439 D OPENHU  : [79] Companion.decrypt | RECV: AUDIO Media Data type: 0 flags: 11 size: 8202 dataOffset: 2
09-15 13:29:19.354  9044  9439 D OPENHU  : [79] Companion.decrypt | RECV: AUDIO Media Data type: 0 flags: 11 size: 8202 dataOffset: 2
09-15 13:29:19.400  9044  9439 D OPENHU  : [79] Companion.decrypt | RECV: AUDIO Media Data type: 0 flags: 11 size: 8202 dataOffset: 2
09-15 13:29:19.433  9044  9439 D OPENHU  : [79] Companion.decrypt | RECV: CONTROL Ping Request type: 11 flags: 11 size: 12 dataOffset: 2
09-15 13:29:19.434  9044  9439 V OPENHU  : [79] AapTransport.send | CONTROL Ping Response type: 12 flags: 11 size: 14 dataOffset: 6
09-15 13:29:19.440  9044  9439 D OPENHU  : [79] Companion.decrypt | RECV: AUDIO Media Data type: 0 flags: 11 size: 8202 dataOffset: 2
09-15 13:29:19.484  9044  9439 D OPENHU  : [79] Companion.decrypt | RECV: AUDIO Media Data type: 0 flags: 11 size: 8202 dataOffset: 2
09-15 13:29:19.524  9044  9439 D OPENHU  : [79] Companion.decrypt | RECV: AUDIO Media Data type: 0 flags: 11 size: 8202 dataOffset: 2
09-15 13:29:19.567  9044  9439 D OPENHU  : [79] Companion.decrypt | RECV: AUDIO Media Data type: 0 flags: 11 size: 8202 dataOffset: 2
09-15 13:29:19.611  9044  9439 D OPENHU  : [79] Companion.decrypt | RECV: AUDIO Media Data type: 0 flags: 11 size: 8202 dataOffset: 2
09-15 13:29:19.653  9044  9439 D OPENHU  : [79] Companion.decrypt | RECV: AUDIO Media Data type: 0 flags: 11 size: 8202 dataOffset: 2
09-15 13:29:19.695  9044  9439 D OPENHU  : [79] Companion.decrypt | RECV: AUDIO Media Data type: 0 flags: 11 size: 8202 dataOffset: 2
09-15 13:29:19.738  9044  9439 D OPENHU  : [79] Companion.decrypt | RECV: AUDIO Media Data type: 0 flags: 11 size: 8202 dataOffset: 2
09-15 13:29:19.781  9044  9439 D OPENHU  : [79] Companion.decrypt | RECV: AUDIO Media Data type: 0 flags: 11 size: 8202 dataOffset: 2
09-15 13:29:19.826  9044  9439 D OPENHU  : [79] Companion.decrypt | RECV: AUDIO Media Data type: 0 flags: 11 size: 8202 dataOffset: 2
09-15 13:29:19.865  9044  9439 D OPENHU  : [79] Companion.decrypt | RECV: AUDIO Media Data type: 0 flags: 11 size: 8202 dataOffset: 2
09-15 13:29:19.908  9044  9439 D OPENHU  : [79] Companion.decrypt | RECV: AUDIO Media Data type: 0 flags: 11 size: 8202 dataOffset: 2
09-15 13:29:19.949  9044  9439 D OPENHU  : [79] Companion.decrypt | RECV: AUDIO Media Data type: 0 flags: 11 size: 8202 dataOffset: 2
09-15 13:29:19.989  9044  9439 D OPENHU  : [79] Companion.decrypt | RECV: MUSIC_PLAYBACK Media Playback Status type: 32769 flags: 11 size: 17 dataOffset: 2
09-15 13:29:19.990  9044  9439 D OPENHU  : [79] AapMediaPlayback.processStatusPacket | AapMediaPlayback: status mediaSource='VLC', playbackSeconds(u32)=55, state=PLAYING
09-15 13:29:19.998  9044  9439 D OPENHU  : [79] Companion.decrypt | RECV: AUDIO Media Data type: 0 flags: 11 size: 8202 dataOffset: 2
09-15 13:29:20.003  9044  9044 V OPENHU  : [2] GpsLocation.onLocationChanged | GpsLocation: fix received
09-15 13:29:20.012  9044  9044 V OPENHU  : [2] AapTransport.send | SENSOR Sensor Event type: 32771 flags: 11 size: 46 dataOffset: 6
09-15 13:29:20.037  9044  9439 D OPENHU  : [79] Companion.decrypt | RECV: AUDIO Media Data type: 0 flags: 11 size: 8202 dataOffset: 2
09-15 13:29:20.079  9044  9439 D OPENHU  : [79] Companion.decrypt | RECV: AUDIO Media Data type: 0 flags: 11 size: 8202 dataOffset: 2
09-15 13:29:20.124  9044  9439 D OPENHU  : [79] Companion.decrypt | RECV: AUDIO Media Data type: 0 flags: 11 size: 8202 dataOffset: 2
09-15 13:29:20.164  9044  9439 D OPENHU  : [79] Companion.decrypt | RECV: AUDIO Media Data type: 0 flags: 11 size: 8202 dataOffset: 2
09-15 13:29:20.207  9044  9439 D OPENHU  : [79] Companion.decrypt | RECV: AUDIO Media Data type: 0 flags: 11 size: 8202 dataOffset: 2
09-15 13:29:20.249  9044  9439 D OPENHU  : [79] Companion.decrypt | RECV: AUDIO Media Data type: 0 flags: 11 size: 8202 dataOffset: 2
09-15 13:29:20.297  9044  9439 D OPENHU  : [79] Companion.decrypt | RECV: AUDIO Media Data type: 0 flags: 11 size: 8202 dataOffset: 2
09-15 13:29:20.337  9044  9439 D OPENHU  : [79] Companion.decrypt | RECV: AUDIO Media Data type: 0 flags: 11 size: 8202 dataOffset: 2
09-15 13:29:20.381  9044  9439 D OPENHU  : [79] Companion.decrypt | RECV: AUDIO Media Data type: 0 flags: 11 size: 8202 dataOffset: 2
09-15 13:29:20.423  9044  9439 D OPENHU  : [79] Companion.decrypt | RECV: AUDIO Media Data type: 0 flags: 11 size: 8202 dataOffset: 2
09-15 13:29:20.436  9044  9439 D OPENHU  : [79] Companion.decrypt | RECV: CONTROL Ping Request type: 11 flags: 11 size: 12 dataOffset: 2
09-15 13:29:20.437  9044  9439 V OPENHU  : [79] AapTransport.send | CONTROL Ping Response type: 12 flags: 11 size: 14 dataOffset: 6
09-15 13:29:20.466  9044  9439 D OPENHU  : [79] Companion.decrypt | RECV: AUDIO Media Data type: 0 flags: 11 size: 8202 dataOffset: 2
09-15 13:29:20.506  9044  9439 D OPENHU  : [79] Companion.decrypt | RECV: AUDIO Media Data type: 0 flags: 11 size: 8202 dataOffset: 2
09-15 13:29:20.548  9044  9439 D OPENHU  : [79] Companion.decrypt | RECV: AUDIO Media Data type: 0 flags: 11 size: 8202 dataOffset: 2
09-15 13:29:20.591  9044  9439 D OPENHU  : [79] Companion.decrypt | RECV: AUDIO Media Data type: 0 flags: 11 size: 8202 dataOffset: 2
09-15 13:29:20.635  9044  9439 D OPENHU  : [79] Companion.decrypt | RECV: AUDIO Media Data type: 0 flags: 11 size: 8202 dataOffset: 2
09-15 13:29:20.677  9044  9439 D OPENHU  : [79] Companion.decrypt | RECV: AUDIO Media Data type: 0 flags: 11 size: 8202 dataOffset: 2
09-15 13:29:20.720  9044  9439 D OPENHU  : [79] Companion.decrypt | RECV: AUDIO Media Data type: 0 flags: 11 size: 8202 dataOffset: 2
09-15 13:29:20.762  9044  9439 D OPENHU  : [79] Companion.decrypt | RECV: AUDIO Media Data type: 0 flags: 11 size: 8202 dataOffset: 2
09-15 13:29:20.806  9044  9439 D OPENHU  : [79] Companion.decrypt | RECV: AUDIO Media Data type: 0 flags: 11 size: 8202 dataOffset: 2
09-15 13:29:20.849  9044  9439 D OPENHU  : [79] Companion.decrypt | RECV: AUDIO Media Data type: 0 flags: 11 size: 8202 dataOffset: 2
09-15 13:29:20.893  9044  9439 D OPENHU  : [79] Companion.decrypt | RECV: AUDIO Media Data type: 0 flags: 11 size: 8202 dataOffset: 2
09-15 13:29:20.935  9044  9439 D OPENHU  : [79] Companion.decrypt | RECV: AUDIO Media Data type: 0 flags: 11 size: 8202 dataOffset: 2
09-15 13:29:20.977  9044  9439 D OPENHU  : [79] Companion.decrypt | RECV: AUDIO Media Data type: 0 flags: 11 size: 8202 dataOffset: 2
09-15 13:29:20.994  9044  9439 D OPENHU  : [79] Companion.decrypt | RECV: MUSIC_PLAYBACK Media Playback Status type: 32769 flags: 11 size: 17 dataOffset: 2
09-15 13:29:20.996  9044  9439 D OPENHU  : [79] AapMediaPlayback.processStatusPacket | AapMediaPlayback: status mediaSource='VLC', playbackSeconds(u32)=56, state=PLAYING
09-15 13:29:21.020  9044  9439 D OPENHU  : [79] Companion.decrypt | RECV: AUDIO Media Data type: 0 flags: 11 size: 8202 dataOffset: 2
09-15 13:29:21.021  9044  9044 V OPENHU  : [2] GpsLocation.onLocationChanged | GpsLocation: fix received
09-15 13:29:21.033  9044  9044 V OPENHU  : [2] AapTransport.send | SENSOR Sensor Event type: 32771 flags: 11 size: 46 dataOffset: 6
09-15 13:29:21.064  9044  9439 D OPENHU  : [79] Companion.decrypt | RECV: AUDIO Media Data type: 0 flags: 11 size: 8202 dataOffset: 2
09-15 13:29:21.105  9044  9439 D OPENHU  : [79] Companion.decrypt | RECV: AUDIO Media Data type: 0 flags: 11 size: 8202 dataOffset: 2
09-15 13:29:21.146  9044  9439 D OPENHU  : [79] Companion.decrypt | RECV: AUDIO Media Data type: 0 flags: 11 size: 8202 dataOffset: 2
09-15 13:29:21.188  9044  9439 D OPENHU  : [79] Companion.decrypt | RECV: AUDIO Media Data type: 0 flags: 11 size: 8202 dataOffset: 2
09-15 13:29:21.189  9044  9439 I OPENHU  : [79] AapTransport.noteMessageReceived$com_andrerinas_headunitrevived_3_4_0_beta3_githubDebug | AapTransport: inbound rate over 30027ms: video=78kB/s (1150 msgs), audio=154kB/s (586 msgs), other=0kB/s (70 msgs)
09-15 13:29:21.232  9044  9439 D OPENHU  : [79] Companion.decrypt | RECV: AUDIO Media Data type: 0 flags: 11 size: 8202 dataOffset: 2
09-15 13:29:21.234  9044  9439 I OPENHU  : [79] AapMessageHandlerType.handle | AapTransport: transport dispatch over 30005ms: video=1343ms, audio=850ms, other=194ms, unread=7%, blocks=2, longest=82ms on VIDEO, videoQueue=7
09-15 13:29:21.274  9044  9439 D OPENHU  : [79] Companion.decrypt | RECV: AUDIO Media Data type: 0 flags: 11 size: 8202 dataOffset: 2
09-15 13:29:21.318  9044  9439 D OPENHU  : [79] Companion.decrypt | RECV: AUDIO Media Data type: 0 flags: 11 size: 8202 dataOffset: 2
09-15 13:29:21.361  9044  9439 D OPENHU  : [79] Companion.decrypt | RECV: AUDIO Media Data type: 0 flags: 11 size: 8202 dataOffset: 2
09-15 13:29:21.404  9044  9439 D OPENHU  : [79] Companion.decrypt | RECV: AUDIO Media Data type: 0 flags: 11 size: 8202 dataOffset: 2
09-15 13:29:21.437  9044  9439 D OPENHU  : [79] Companion.decrypt | RECV: CONTROL Ping Request type: 11 flags: 11 size: 12 dataOffset: 2
09-15 13:29:21.438  9044  9439 V OPENHU  : [79] AapTransport.send | CONTROL Ping Response type: 12 flags: 11 size: 14 dataOffset: 6
09-15 13:29:21.445  9044  9439 D OPENHU  : [79] Companion.decrypt | RECV: AUDIO Media Data type: 0 flags: 11 size: 8202 dataOffset: 2
09-15 13:29:21.488  9044  9439 D OPENHU  : [79] Companion.decrypt | RECV: AUDIO Media Data type: 0 flags: 11 size: 8202 dataOffset: 2
09-15 13:29:21.531  9044  9439 D OPENHU  : [79] Companion.decrypt | RECV: AUDIO Media Data type: 0 flags: 11 size: 8202 dataOffset: 2
09-15 13:29:21.573  9044  9439 D OPENHU  : [79] Companion.decrypt | RECV: AUDIO Media Data type: 0 flags: 11 size: 8202 dataOffset: 2
09-15 13:29:21.621  9044  9439 D OPENHU  : [79] Companion.decrypt | RECV: AUDIO Media Data type: 0 flags: 11 size: 8202 dataOffset: 2
09-15 13:29:21.659  9044  9439 D OPENHU  : [79] Companion.decrypt | RECV: AUDIO Media Data type: 0 flags: 11 size: 8202 dataOffset: 2
09-15 13:29:21.703  9044  9439 D OPENHU  : [79] Companion.decrypt | RECV: AUDIO Media Data type: 0 flags: 11 size: 8202 dataOffset: 2
09-15 13:29:21.743  9044  9439 D OPENHU  : [79] Companion.decrypt | RECV: AUDIO Media Data type: 0 flags: 11 size: 8202 dataOffset: 2
09-15 13:29:21.786  9044  9439 D OPENHU  : [79] Companion.decrypt | RECV: AUDIO Media Data type: 0 flags: 11 size: 8202 dataOffset: 2
09-15 13:29:21.792  9044  9462 I OPENHU  : [86] AudioTrackWrapper.sampleHealth | audio sink AUDIO over 30029ms: underruns=0, silentCycles=258, rebanks=1, dropped=0, droppedFrames=0, shed=0, depth=378ms (min 0ms), queued=2, capacity=0 frames (0ms), effective=0 frames (0ms), target=7808 frames (162ms), drift=0ms
09-15 13:29:21.831  9044  9439 D OPENHU  : [79] Companion.decrypt | RECV: AUDIO Media Data type: 0 flags: 11 size: 8202 dataOffset: 2
09-15 13:29:21.842  9044  9459 I OPENHU  : [84] AudioTrackWrapper.sampleHealth | audio sink AUDIO2 over 30111ms: underruns=0, silentCycles=1511, rebanks=0, dropped=0, droppedFrames=0, shed=0, depth=0ms (min 0ms), queued=0, capacity=0 frames (0ms), effective=0 frames (0ms), target=6720 frames (420ms), drift=0ms
09-15 13:29:21.857  9044  9460 I OPENHU  : [85] AudioTrackWrapper.sampleHealth | audio sink AUDIO1 over 30106ms: underruns=0, silentCycles=1512, rebanks=0, dropped=0, droppedFrames=0, shed=0, depth=0ms (min 0ms), queued=0, capacity=0 frames (0ms), effective=0 frames (0ms), target=6720 frames (420ms), drift=0ms
09-15 13:29:21.871  9044  9439 D OPENHU  : [79] Companion.decrypt | RECV: AUDIO Media Data type: 0 flags: 11 size: 8202 dataOffset: 2
09-15 13:29:21.914  9044  9439 D OPENHU  : [79] Companion.decrypt | RECV: AUDIO Media Data type: 0 flags: 11 size: 8202 dataOffset: 2
09-15 13:29:21.957  9044  9439 D OPENHU  : [79] Companion.decrypt | RECV: AUDIO Media Data type: 0 flags: 11 size: 8202 dataOffset: 2
09-15 13:29:21.994  9044  9044 V OPENHU  : [2] GpsLocation.onLocationChanged | GpsLocation: fix received
09-15 13:29:21.997  9044  9439 D OPENHU  : [79] Companion.decrypt | RECV: MUSIC_PLAYBACK Media Playback Status type: 32769 flags: 11 size: 17 dataOffset: 2
09-15 13:29:21.998  9044  9439 D OPENHU  : [79] AapMediaPlayback.processStatusPacket | AapMediaPlayback: status mediaSource='VLC', playbackSeconds(u32)=57, state=PLAYING
09-15 13:29:22.000  9044  9439 D OPENHU  : [79] Companion.decrypt | RECV: AUDIO Media Data type: 0 flags: 11 size: 8202 dataOffset: 2
09-15 13:29:22.002  9044  9044 V OPENHU  : [2] AapTransport.send | SENSOR Sensor Event type: 32771 flags: 11 size: 46 dataOffset: 6
09-15 13:29:22.043  9044  9439 D OPENHU  : [79] Companion.decrypt | RECV: AUDIO Media Data type: 0 flags: 11 size: 8202 dataOffset: 2
09-15 13:29:22.086  9044  9439 D OPENHU  : [79] Companion.decrypt | RECV: AUDIO Media Data type: 0 flags: 11 size: 8202 dataOffset: 2
09-15 13:29:22.126  9044  9439 D OPENHU  : [79] Companion.decrypt | RECV: AUDIO Media Data type: 0 flags: 11 size: 8202 dataOffset: 2
09-15 13:29:22.169  9044  9439 D OPENHU  : [79] Companion.decrypt | RECV: AUDIO Media Data type: 0 flags: 11 size: 8202 dataOffset: 2
09-15 13:29:22.214  9044  9439 D OPENHU  : [79] Companion.decrypt | RECV: AUDIO Media Data type: 0 flags: 11 size: 8202 dataOffset: 2
09-15 13:29:22.255  9044  9439 D OPENHU  : [79] Companion.decrypt | RECV: AUDIO Media Data type: 0 flags: 11 size: 8202 dataOffset: 2
09-15 13:29:22.298  9044  9439 D OPENHU  : [79] Companion.decrypt | RECV: AUDIO Media Data type: 0 flags: 11 size: 8202 dataOffset: 2
09-15 13:29:22.320  9044  9477 I OPENHU  : [89] VideoDecoder.logThroughput | Throughput over 5000ms: rendered=181 (36fps), fed=181 (36fps), dropped=0, skipped=0, concealed=0, inputWait=89ms, enqueueWait=0ms, codec=c2.unisoc.avc.decoder, presented=181 (36fps), decodeLatency=9ms p95=12ms (181 frames)
09-15 13:29:22.341  9044  9439 D OPENHU  : [79] Companion.decrypt | RECV: AUDIO Media Data type: 0 flags: 11 size: 8202 dataOffset: 2
09-15 13:29:22.385  9044  9439 D OPENHU  : [79] Companion.decrypt | RECV: AUDIO Media Data type: 0 flags: 11 size: 8202 dataOffset: 2
09-15 13:29:22.426  9044  9439 D OPENHU  : [79] Companion.decrypt | RECV: AUDIO Media Data type: 0 flags: 11 size: 8202 dataOffset: 2
09-15 13:29:22.435  9044  9439 D OPENHU  : [79] Companion.decrypt | RECV: CONTROL Ping Request type: 11 flags: 11 size: 12 dataOffset: 2
09-15 13:29:22.436  9044  9439 V OPENHU  : [79] AapTransport.send | CONTROL Ping Response type: 12 flags: 11 size: 14 dataOffset: 6
09-15 13:29:22.468  9044  9439 D OPENHU  : [79] Companion.decrypt | RECV: AUDIO Media Data type: 0 flags: 11 size: 8202 dataOffset: 2
09-15 13:29:22.510  9044  9439 D OPENHU  : [79] Companion.decrypt | RECV: AUDIO Media Data type: 0 flags: 11 size: 8202 dataOffset: 2
09-15 13:29:22.553  9044  9044 I OPENHU  : [2] TextureProjectionView.onSurfaceTextureUpdated | TextureProjectionView: displayed 148 frames in 5016ms (29fps), longFrames=1
09-15 13:29:22.554  9044  9439 D OPENHU  : [79] Companion.decrypt | RECV: AUDIO Media Data type: 0 flags: 11 size: 8202 dataOffset: 2
09-15 13:29:22.596  9044  9439 D OPENHU  : [79] Companion.decrypt | RECV: AUDIO Media Data type: 0 flags: 11 size: 8202 dataOffset: 2
09-15 13:29:22.638  9044  9439 D OPENHU  : [79] Companion.decrypt | RECV: AUDIO Media Data type: 0 flags: 11 size: 8202 dataOffset: 2
09-15 13:29:22.688  9044  9439 D OPENHU  : [79] Companion.decrypt | RECV: AUDIO Media Data type: 0 flags: 11 size: 8202 dataOffset: 2
09-15 13:29:22.723  9044  9439 D OPENHU  : [79] Companion.decrypt | RECV: AUDIO Media Data type: 0 flags: 11 size: 8202 dataOffset: 2
09-15 13:29:22.766  9044  9439 D OPENHU  : [79] Companion.decrypt | RECV: AUDIO Media Data type: 0 flags: 11 size: 8202 dataOffset: 2
09-15 13:29:22.809  9044  9439 D OPENHU  : [79] Companion.decrypt | RECV: AUDIO Media Data type: 0 flags: 11 size: 8202 dataOffset: 2
09-15 13:29:22.854  9044  9439 D OPENHU  : [79] Companion.decrypt | RECV: AUDIO Media Data type: 0 flags: 11 size: 8202 dataOffset: 2
09-15 13:29:22.896  9044  9439 D OPENHU  : [79] Companion.decrypt | RECV: AUDIO Media Data type: 0 flags: 11 size: 8202 dataOffset: 2
09-15 13:29:22.937  9044  9439 D OPENHU  : [79] Companion.decrypt | RECV: AUDIO Media Data type: 0 flags: 11 size: 8202 dataOffset: 2
09-15 13:29:22.985  9044  9439 D OPENHU  : [79] Companion.decrypt | RECV: AUDIO Media Data type: 0 flags: 11 size: 8202 dataOffset: 2
09-15 13:29:23.000  9044  9439 D OPENHU  : [79] Companion.decrypt | RECV: MUSIC_PLAYBACK Media Playback Status type: 32769 flags: 11 size: 17 dataOffset: 2
09-15 13:29:23.000  9044  9439 D OPENHU  : [79] AapMediaPlayback.processStatusPacket | AapMediaPlayback: status mediaSource='VLC', playbackSeconds(u32)=58, state=PLAYING
09-15 13:29:23.023  9044  9044 V OPENHU  : [2] GpsLocation.onLocationChanged | GpsLocation: fix received
09-15 13:29:23.024  9044  9439 D OPENHU  : [79] Companion.decrypt | RECV: AUDIO Media Data type: 0 flags: 11 size: 8202 dataOffset: 2
09-15 13:29:23.037  9044  9044 V OPENHU  : [2] AapTransport.send | SENSOR Sensor Event type: 32771 flags: 11 size: 46 dataOffset: 6
09-15 13:29:23.069  9044  9439 D OPENHU  : [79] Companion.decrypt | RECV: AUDIO Media Data type: 0 flags: 11 size: 8202 dataOffset: 2
09-15 13:29:23.109  9044  9439 D OPENHU  : [79] Companion.decrypt | RECV: AUDIO Media Data type: 0 flags: 11 size: 8202 dataOffset: 2
09-15 13:29:23.151  9044  9439 D OPENHU  : [79] Companion.decrypt | RECV: AUDIO Media Data type: 0 flags: 11 size: 8202 dataOffset: 2
09-15 13:29:23.193  9044  9439 D OPENHU  : [79] Companion.decrypt | RECV: AUDIO Media Data type: 0 flags: 11 size: 8202 dataOffset: 2
09-15 13:29:23.235  9044  9439 D OPENHU  : [79] Companion.decrypt | RECV: AUDIO Media Data type: 0 flags: 11 size: 8202 dataOffset: 2
09-15 13:29:23.281  9044  9439 D OPENHU  : [79] Companion.decrypt | RECV: AUDIO Media Data type: 0 flags: 11 size: 8202 dataOffset: 2
09-15 13:29:23.322  9044  9439 D OPENHU  : [79] Companion.decrypt | RECV: AUDIO Media Data type: 0 flags: 11 size: 8202 dataOffset: 2
09-15 13:29:23.366  9044  9439 D OPENHU  : [79] Companion.decrypt | RECV: AUDIO Media Data type: 0 flags: 11 size: 8202 dataOffset: 2
09-15 13:29:23.405  9044  9439 D OPENHU  : [79] Companion.decrypt | RECV: AUDIO Media Data type: 0 flags: 11 size: 8202 dataOffset: 2
09-15 13:29:23.435  9044  9439 D OPENHU  : [79] Companion.decrypt | RECV: CONTROL Ping Request type: 11 flags: 11 size: 12 dataOffset: 2
09-15 13:29:23.436  9044  9439 V OPENHU  : [79] AapTransport.send | CONTROL Ping Response type: 12 flags: 11 size: 14 dataOffset: 6
09-15 13:29:23.451  9044  9439 D OPENHU  : [79] Companion.decrypt | RECV: AUDIO Media Data type: 0 flags: 11 size: 8202 dataOffset: 2
09-15 13:29:23.493  9044  9439 D OPENHU  : [79] Companion.decrypt | RECV: AUDIO Media Data type: 0 flags: 11 size: 8202 dataOffset: 2
09-15 13:29:23.536  9044  9439 D OPENHU  : [79] Companion.decrypt | RECV: AUDIO Media Data type: 0 flags: 11 size: 8202 dataOffset: 2
09-15 13:29:23.580  9044  9439 D OPENHU  : [79] Companion.decrypt | RECV: AUDIO Media Data type: 0 flags: 11 size: 8202 dataOffset: 2
09-15 13:29:23.621  9044  9439 D OPENHU  : [79] Companion.decrypt | RECV: AUDIO Media Data type: 0 flags: 11 size: 8202 dataOffset: 2
09-15 13:29:23.668  9044  9439 D OPENHU  : [79] Companion.decrypt | RECV: AUDIO Media Data type: 0 flags: 11 size: 8202 dataOffset: 2
09-15 13:29:23.708  9044  9439 D OPENHU  : [79] Companion.decrypt | RECV: AUDIO Media Data type: 0 flags: 11 size: 8202 dataOffset: 2
09-15 13:29:23.748  9044  9439 D OPENHU  : [79] Companion.decrypt | RECV: AUDIO Media Data type: 0 flags: 11 size: 8202 dataOffset: 2
09-15 13:29:23.791  9044  9439 D OPENHU  : [79] Companion.decrypt | RECV: AUDIO Media Data type: 0 flags: 11 size: 8202 dataOffset: 2
09-15 13:29:23.834  9044  9439 D OPENHU  : [79] Companion.decrypt | RECV: AUDIO Media Data type: 0 flags: 11 size: 8202 dataOffset: 2
09-15 13:29:23.877  9044  9439 D OPENHU  : [79] Companion.decrypt | RECV: AUDIO Media Data type: 0 flags: 11 size: 8202 dataOffset: 2
09-15 13:29:23.918  9044  9439 D OPENHU  : [79] Companion.decrypt | RECV: AUDIO Media Data type: 0 flags: 11 size: 8202 dataOffset: 2
09-15 13:29:23.962  9044  9439 D OPENHU  : [79] Companion.decrypt | RECV: AUDIO Media Data type: 0 flags: 11 size: 8202 dataOffset: 2
09-15 13:29:23.999  9044  9044 V OPENHU  : [2] GpsLocation.onLocationChanged | GpsLocation: fix received
09-15 13:29:24.001  9044  9439 D OPENHU  : [79] Companion.decrypt | RECV: MUSIC_PLAYBACK Media Playback Status type: 32769 flags: 11 size: 17 dataOffset: 2
09-15 13:29:24.002  9044  9439 D OPENHU  : [79] AapMediaPlayback.processStatusPacket | AapMediaPlayback: status mediaSource='VLC', playbackSeconds(u32)=59, state=PLAYING
09-15 13:29:24.004  9044  9439 D OPENHU  : [79] Companion.decrypt | RECV: AUDIO Media Data type: 0 flags: 11 size: 8202 dataOffset: 2
09-15 13:29:24.013  9044  9044 V OPENHU  : [2] AapTransport.send | SENSOR Sensor Event type: 32771 flags: 11 size: 46 dataOffset: 6
09-15 13:29:24.047  9044  9439 D OPENHU  : [79] Companion.decrypt | RECV: AUDIO Media Data type: 0 flags: 11 size: 8202 dataOffset: 2
09-15 13:29:24.088  9044  9439 D OPENHU  : [79] Companion.decrypt | RECV: AUDIO Media Data type: 0 flags: 11 size: 8202 dataOffset: 2
09-15 13:29:24.131  9044  9439 D OPENHU  : [79] Companion.decrypt | RECV: AUDIO Media Data type: 0 flags: 11 size: 8202 dataOffset: 2
09-15 13:29:24.174  9044  9439 D OPENHU  : [79] Companion.decrypt | RECV: AUDIO Media Data type: 0 flags: 11 size: 8202 dataOffset: 2
09-15 13:29:24.217  9044  9439 D OPENHU  : [79] Companion.decrypt | RECV: AUDIO Media Data type: 0 flags: 11 size: 8202 dataOffset: 2
09-15 13:29:24.263  9044  9439 D OPENHU  : [79] Companion.decrypt | RECV: AUDIO Media Data type: 0 flags: 11 size: 8202 dataOffset: 2
09-15 13:29:24.304  9044  9439 D OPENHU  : [79] Companion.decrypt | RECV: AUDIO Media Data type: 0 flags: 11 size: 8202 dataOffset: 2
09-15 13:29:24.346  9044  9439 D OPENHU  : [79] Companion.decrypt | RECV: AUDIO Media Data type: 0 flags: 11 size: 8202 dataOffset: 2
09-15 13:29:24.388  9044  9439 D OPENHU  : [79] Companion.decrypt | RECV: AUDIO Media Data type: 0 flags: 11 size: 8202 dataOffset: 2
09-15 13:29:24.434  9044  9439 D OPENHU  : [79] Companion.decrypt | RECV: AUDIO Media Data type: 0 flags: 11 size: 8202 dataOffset: 2
09-15 13:29:24.438  9044  9439 D OPENHU  : [79] Companion.decrypt | RECV: CONTROL Ping Request type: 11 flags: 11 size: 12 dataOffset: 2
09-15 13:29:24.439  9044  9439 V OPENHU  : [79] AapTransport.send | CONTROL Ping Response type: 12 flags: 11 size: 14 dataOffset: 6
09-15 13:29:24.474  9044  9439 D OPENHU  : [79] Companion.decrypt | RECV: AUDIO Media Data type: 0 flags: 11 size: 8202 dataOffset: 2
09-15 13:29:24.518  9044  9439 D OPENHU  : [79] Companion.decrypt | RECV: AUDIO Media Data type: 0 flags: 11 size: 8202 dataOffset: 2
09-15 13:29:24.558  9044  9439 D OPENHU  : [79] Companion.decrypt | RECV: AUDIO Media Data type: 0 flags: 11 size: 8202 dataOffset: 2
09-15 13:29:24.601  9044  9439 D OPENHU  : [79] Companion.decrypt | RECV: AUDIO Media Data type: 0 flags: 11 size: 8202 dataOffset: 2
09-15 13:29:24.645  9044  9439 D OPENHU  : [79] Companion.decrypt | RECV: AUDIO Media Data type: 0 flags: 11 size: 8202 dataOffset: 2
09-15 13:29:24.687  9044  9439 D OPENHU  : [79] Companion.decrypt | RECV: AUDIO Media Data type: 0 flags: 11 size: 8202 dataOffset: 2
09-15 13:29:24.732  9044  9439 D OPENHU  : [79] Companion.decrypt | RECV: AUDIO Media Data type: 0 flags: 11 size: 8202 dataOffset: 2
09-15 13:29:24.773  9044  9439 D OPENHU  : [79] Companion.decrypt | RECV: AUDIO Media Data type: 0 flags: 11 size: 8202 dataOffset: 2
09-15 13:29:24.817  9044  9439 D OPENHU  : [79] Companion.decrypt | RECV: AUDIO Media Data type: 0 flags: 11 size: 8202 dataOffset: 2
09-15 13:29:24.859  9044  9439 D OPENHU  : [79] Companion.decrypt | RECV: AUDIO Media Data type: 0 flags: 11 size: 8202 dataOffset: 2
09-15 13:29:24.901  9044  9439 D OPENHU  : [79] Companion.decrypt | RECV: AUDIO Media Data type: 0 flags: 11 size: 8202 dataOffset: 2
09-15 13:29:24.944  9044  9439 D OPENHU  : [79] Companion.decrypt | RECV: AUDIO Media Data type: 0 flags: 11 size: 8202 dataOffset: 2
09-15 13:29:24.990  9044  9439 D OPENHU  : [79] Companion.decrypt | RECV: AUDIO Media Data type: 0 flags: 11 size: 8202 dataOffset: 2
09-15 13:29:25.004  9044  9439 D OPENHU  : [79] Companion.decrypt | RECV: MUSIC_PLAYBACK Media Playback Status type: 32769 flags: 11 size: 17 dataOffset: 2
09-15 13:29:25.005  9044  9439 D OPENHU  : [79] AapMediaPlayback.processStatusPacket | AapMediaPlayback: status mediaSource='VLC', playbackSeconds(u32)=60, state=PLAYING
09-15 13:29:25.016  9044  9044 V OPENHU  : [2] GpsLocation.onLocationChanged | GpsLocation: fix received
09-15 13:29:25.031  9044  9439 D OPENHU  : [79] Companion.decrypt | RECV: AUDIO Media Data type: 0 flags: 11 size: 8202 dataOffset: 2
09-15 13:29:25.036  9044  9044 V OPENHU  : [2] AapTransport.send | SENSOR Sensor Event type: 32771 flags: 11 size: 46 dataOffset: 6
09-15 13:29:25.071  9044  9439 D OPENHU  : [79] Companion.decrypt | RECV: AUDIO Media Data type: 0 flags: 11 size: 8202 dataOffset: 2
09-15 13:29:25.112  9044  9439 D OPENHU  : [79] Companion.decrypt | RECV: AUDIO Media Data type: 0 flags: 11 size: 8202 dataOffset: 2
09-15 13:29:25.157  9044  9439 D OPENHU  : [79] Companion.decrypt | RECV: AUDIO Media Data type: 0 flags: 11 size: 8202 dataOffset: 2
09-15 13:29:25.198  9044  9439 D OPENHU  : [79] Companion.decrypt | RECV: AUDIO Media Data type: 0 flags: 11 size: 8202 dataOffset: 2
09-15 13:29:25.242  9044  9439 D OPENHU  : [79] Companion.decrypt | RECV: AUDIO Media Data type: 0 flags: 11 size: 8202 dataOffset: 2
09-15 13:29:25.284  9044  9439 D OPENHU  : [79] Companion.decrypt | RECV: AUDIO Media Data type: 0 flags: 11 size: 8202 dataOffset: 2
09-15 13:29:25.329  9044  9439 D OPENHU  : [79] Companion.decrypt | RECV: AUDIO Media Data type: 0 flags: 11 size: 8202 dataOffset: 2
09-15 13:29:25.371  9044  9439 D OPENHU  : [79] Companion.decrypt | RECV: AUDIO Media Data type: 0 flags: 11 size: 8202 dataOffset: 2
09-15 13:29:25.413  9044  9439 D OPENHU  : [79] Companion.decrypt | RECV: AUDIO Media Data type: 0 flags: 11 size: 8202 dataOffset: 2
09-15 13:29:25.438  9044  9439 D OPENHU  : [79] Companion.decrypt | RECV: CONTROL Ping Request type: 11 flags: 11 size: 12 dataOffset: 2
09-15 13:29:25.439  9044  9439 V OPENHU  : [79] AapTransport.send | CONTROL Ping Response type: 12 flags: 11 size: 14 dataOffset: 6
09-15 13:29:25.455  9044  9439 D OPENHU  : [79] Companion.decrypt | RECV: AUDIO Media Data type: 0 flags: 11 size: 8202 dataOffset: 2
09-15 13:29:25.499  9044  9439 D OPENHU  : [79] Companion.decrypt | RECV: AUDIO Media Data type: 0 flags: 11 size: 8202 dataOffset: 2
09-15 13:29:25.542  9044  9439 D OPENHU  : [79] Companion.decrypt | RECV: AUDIO Media Data type: 0 flags: 11 size: 8202 dataOffset: 2
09-15 13:29:25.584  9044  9439 D OPENHU  : [79] Companion.decrypt | RECV: AUDIO Media Data type: 0 flags: 11 size: 8202 dataOffset: 2
09-15 13:29:25.627  9044  9439 D OPENHU  : [79] Companion.decrypt | RECV: AUDIO Media Data type: 0 flags: 11 size: 8202 dataOffset: 2
09-15 13:29:25.668  9044  9439 D OPENHU  : [79] Companion.decrypt | RECV: AUDIO Media Data type: 0 flags: 11 size: 8202 dataOffset: 2
09-15 13:29:25.711  9044  9439 D OPENHU  : [79] Companion.decrypt | RECV: AUDIO Media Data type: 0 flags: 11 size: 8202 dataOffset: 2
09-15 13:29:25.754  9044  9439 D OPENHU  : [79] Companion.decrypt | RECV: AUDIO Media Data type: 0 flags: 11 size: 8202 dataOffset: 2
09-15 13:29:25.797  9044  9439 D OPENHU  : [79] Companion.decrypt | RECV: AUDIO Media Data type: 0 flags: 11 size: 8202 dataOffset: 2
09-15 13:29:25.839  9044  9439 D OPENHU  : [79] Companion.decrypt | RECV: AUDIO Media Data type: 0 flags: 11 size: 8202 dataOffset: 2
09-15 13:29:25.884  9044  9439 D OPENHU  : [79] Companion.decrypt | RECV: AUDIO Media Data type: 0 flags: 11 size: 8202 dataOffset: 2
09-15 13:29:25.927  9044  9439 D OPENHU  : [79] Companion.decrypt | RECV: AUDIO Media Data type: 0 flags: 11 size: 8202 dataOffset: 2
09-15 13:29:25.972  9044  9439 D OPENHU  : [79] Companion.decrypt | RECV: AUDIO Media Data type: 0 flags: 11 size: 8202 dataOffset: 2
09-15 13:29:26.000  9044  9044 V OPENHU  : [2] GpsLocation.onLocationChanged | GpsLocation: fix received
09-15 13:29:26.006  9044  9439 D OPENHU  : [79] Companion.decrypt | RECV: MUSIC_PLAYBACK Media Playback Status type: 32769 flags: 11 size: 17 dataOffset: 2
09-15 13:29:26.008  9044  9439 D OPENHU  : [79] AapMediaPlayback.processStatusPacket | AapMediaPlayback: status mediaSource='VLC', playbackSeconds(u32)=61, state=PLAYING
09-15 13:29:26.010  9044  9439 D OPENHU  : [79] Companion.decrypt | RECV: AUDIO Media Data type: 0 flags: 11 size: 8202 dataOffset: 2
09-15 13:29:26.015  9044  9044 V OPENHU  : [2] AapTransport.send | SENSOR Sensor Event type: 32771 flags: 11 size: 46 dataOffset: 6
09-15 13:29:26.053  9044  9439 D OPENHU  : [79] Companion.decrypt | RECV: AUDIO Media Data type: 0 flags: 11 size: 8202 dataOffset: 2
09-15 13:29:26.096  9044  9439 D OPENHU  : [79] Companion.decrypt | RECV: AUDIO Media Data type: 0 flags: 11 size: 8202 dataOffset: 2
09-15 13:29:26.140  9044  9439 D OPENHU  : [79] Companion.decrypt | RECV: AUDIO Media Data type: 0 flags: 11 size: 8202 dataOffset: 2
09-15 13:29:26.181  9044  9439 D OPENHU  : [79] Companion.decrypt | RECV: AUDIO Media Data type: 0 flags: 11 size: 8202 dataOffset: 2
09-15 13:29:26.223  9044  9439 D OPENHU  : [79] Companion.decrypt | RECV: AUDIO Media Data type: 0 flags: 11 size: 8202 dataOffset: 2
09-15 13:29:26.265  9044  9439 D OPENHU  : [79] Companion.decrypt | RECV: AUDIO Media Data type: 0 flags: 11 size: 8202 dataOffset: 2
09-15 13:29:26.311  9044  9439 D OPENHU  : [79] Companion.decrypt | RECV: AUDIO Media Data type: 0 flags: 11 size: 8202 dataOffset: 2
09-15 13:29:26.352  9044  9439 D OPENHU  : [79] Companion.decrypt | RECV: AUDIO Media Data type: 0 flags: 11 size: 8202 dataOffset: 2
09-15 13:29:26.396  9044  9439 D OPENHU  : [79] Companion.decrypt | RECV: AUDIO Media Data type: 0 flags: 11 size: 8202 dataOffset: 2
09-15 13:29:26.439  9044  9439 D OPENHU  : [79] Companion.decrypt | RECV: AUDIO Media Data type: 0 flags: 11 size: 8202 dataOffset: 2
09-15 13:29:26.443  9044  9439 D OPENHU  : [79] Companion.decrypt | RECV: CONTROL Ping Request type: 11 flags: 11 size: 12 dataOffset: 2
09-15 13:29:26.444  9044  9439 V OPENHU  : [79] AapTransport.send | CONTROL Ping Response type: 12 flags: 11 size: 14 dataOffset: 6
09-15 13:29:26.478  9044  9439 D OPENHU  : [79] Companion.decrypt | RECV: AUDIO Media Data type: 0 flags: 11 size: 8202 dataOffset: 2
09-15 13:29:26.522  9044  9439 D OPENHU  : [79] Companion.decrypt | RECV: AUDIO Media Data type: 0 flags: 11 size: 8202 dataOffset: 2
09-15 13:29:26.565  9044  9439 D OPENHU  : [79] Companion.decrypt | RECV: AUDIO Media Data type: 0 flags: 11 size: 8202 dataOffset: 2
09-15 13:29:26.607  9044  9439 D OPENHU  : [79] Companion.decrypt | RECV: AUDIO Media Data type: 0 flags: 11 size: 8202 dataOffset: 2
09-15 13:29:26.649  9044  9439 D OPENHU  : [79] Companion.decrypt | RECV: AUDIO Media Data type: 0 flags: 11 size: 8202 dataOffset: 2
09-15 13:29:26.693  9044  9439 D OPENHU  : [79] Companion.decrypt | RECV: AUDIO Media Data type: 0 flags: 11 size: 8202 dataOffset: 2
09-15 13:29:26.737  9044  9439 D OPENHU  : [79] Companion.decrypt | RECV: AUDIO Media Data type: 0 flags: 11 size: 8202 dataOffset: 2
09-15 13:29:26.779  9044  9439 D OPENHU  : [79] Companion.decrypt | RECV: AUDIO Media Data type: 0 flags: 11 size: 8202 dataOffset: 2
09-15 13:29:26.823  9044  9439 D OPENHU  : [79] Companion.decrypt | RECV: AUDIO Media Data type: 0 flags: 11 size: 8202 dataOffset: 2
09-15 13:29:26.865  9044  9439 D OPENHU  : [79] Companion.decrypt | RECV: AUDIO Media Data type: 0 flags: 11 size: 8202 dataOffset: 2
09-15 13:29:26.909  9044  9439 D OPENHU  : [79] Companion.decrypt | RECV: AUDIO Media Data type: 0 flags: 11 size: 8202 dataOffset: 2
09-15 13:29:26.949  9044  9439 D OPENHU  : [79] Companion.decrypt | RECV: AUDIO Media Data type: 0 flags: 11 size: 8202 dataOffset: 2
09-15 13:29:26.993  9044  9439 D OPENHU  : [79] Companion.decrypt | RECV: AUDIO Media Data type: 0 flags: 11 size: 8202 dataOffset: 2
09-15 13:29:27.013  9044  9044 V OPENHU  : [2] GpsLocation.onLocationChanged | GpsLocation: fix received
09-15 13:29:27.014  9044  9439 D OPENHU  : [79] Companion.decrypt | RECV: MUSIC_PLAYBACK Media Playback Status type: 32769 flags: 11 size: 17 dataOffset: 2
09-15 13:29:27.016  9044  9439 D OPENHU  : [79] AapMediaPlayback.processStatusPacket | AapMediaPlayback: status mediaSource='VLC', playbackSeconds(u32)=62, state=PLAYING
09-15 13:29:27.023  9044  9044 V OPENHU  : [2] AapTransport.send | SENSOR Sensor Event type: 32771 flags: 11 size: 46 dataOffset: 6
09-15 13:29:27.035  9044  9439 D OPENHU  : [79] Companion.decrypt | RECV: AUDIO Media Data type: 0 flags: 11 size: 8202 dataOffset: 2
09-15 13:29:27.078  9044  9439 D OPENHU  : [79] Companion.decrypt | RECV: AUDIO Media Data type: 0 flags: 11 size: 8202 dataOffset: 2
09-15 13:29:27.119  9044  9439 D OPENHU  : [79] Companion.decrypt | RECV: AUDIO Media Data type: 0 flags: 11 size: 8202 dataOffset: 2
09-15 13:29:27.161  9044  9439 D OPENHU  : [79] Companion.decrypt | RECV: AUDIO Media Data type: 0 flags: 11 size: 8202 dataOffset: 2
09-15 13:29:27.205  9044  9439 D OPENHU  : [79] Companion.decrypt | RECV: AUDIO Media Data type: 0 flags: 11 size: 8202 dataOffset: 2
09-15 13:29:27.249  9044  9439 D OPENHU  : [79] Companion.decrypt | RECV: AUDIO Media Data type: 0 flags: 11 size: 8202 dataOffset: 2
09-15 13:29:27.291  9044  9439 D OPENHU  : [79] Companion.decrypt | RECV: AUDIO Media Data type: 0 flags: 11 size: 8202 dataOffset: 2
09-15 13:29:27.327  9044  9477 I OPENHU  : [89] VideoDecoder.logThroughput | Throughput over 5005ms: rendered=189 (37fps), fed=190 (37fps), dropped=0, skipped=0, concealed=0, inputWait=80ms, enqueueWait=0ms, codec=c2.unisoc.avc.decoder, presented=189 (37fps), decodeLatency=9ms p95=12ms (189 frames)
09-15 13:29:27.336  9044  9439 D OPENHU  : [79] Companion.decrypt | RECV: AUDIO Media Data type: 0 flags: 11 size: 8202 dataOffset: 2
09-15 13:29:27.376  9044  9439 D OPENHU  : [79] Companion.decrypt | RECV: AUDIO Media Data type: 0 flags: 11 size: 8202 dataOffset: 2
09-15 13:29:27.421  9044  9439 D OPENHU  : [79] Companion.decrypt | RECV: AUDIO Media Data type: 0 flags: 11 size: 8202 dataOffset: 2
09-15 13:29:27.439  9044  9439 D OPENHU  : [79] Companion.decrypt | RECV: CONTROL Ping Request type: 11 flags: 11 size: 12 dataOffset: 2
09-15 13:29:27.439  9044  9439 V OPENHU  : [79] AapTransport.send | CONTROL Ping Response type: 12 flags: 11 size: 14 dataOffset: 6
09-15 13:29:27.461  9044  9439 D OPENHU  : [79] Companion.decrypt | RECV: AUDIO Media Data type: 0 flags: 11 size: 8202 dataOffset: 2
09-15 13:29:27.503  9044  9439 D OPENHU  : [79] Companion.decrypt | RECV: AUDIO Media Data type: 0 flags: 11 size: 8202 dataOffset: 2
09-15 13:29:27.546  9044  9439 D OPENHU  : [79] Companion.decrypt | RECV: AUDIO Media Data type: 0 flags: 11 size: 8202 dataOffset: 2
09-15 13:29:27.589  9044  9439 D OPENHU  : [79] Companion.decrypt | RECV: AUDIO Media Data type: 0 flags: 11 size: 8202 dataOffset: 2
09-15 13:29:27.605  9044  9044 I OPENHU  : [2] TextureProjectionView.onSurfaceTextureUpdated | TextureProjectionView: displayed 169 frames in 5053ms (33fps), longFrames=1
09-15 13:29:27.632  9044  9439 D OPENHU  : [79] Companion.decrypt | RECV: AUDIO Media Data type: 0 flags: 11 size: 8202 dataOffset: 2
09-15 13:29:27.674  9044  9439 D OPENHU  : [79] Companion.decrypt | RECV: AUDIO Media Data type: 0 flags: 11 size: 8202 dataOffset: 2
09-15 13:29:27.718  9044  9439 D OPENHU  : [79] Companion.decrypt | RECV: AUDIO Media Data type: 0 flags: 11 size: 8202 dataOffset: 2
09-15 13:29:27.760  9044  9439 D OPENHU  : [79] Companion.decrypt | RECV: AUDIO Media Data type: 0 flags: 11 size: 8202 dataOffset: 2
09-15 13:29:27.803  9044  9439 D OPENHU  : [79] Companion.decrypt | RECV: AUDIO Media Data type: 0 flags: 11 size: 8202 dataOffset: 2
09-15 13:29:27.845  9044  9439 D OPENHU  : [79] Companion.decrypt | RECV: AUDIO Media Data type: 0 flags: 11 size: 8202 dataOffset: 2
09-15 13:29:27.888  9044  9439 D OPENHU  : [79] Companion.decrypt | RECV: AUDIO Media Data type: 0 flags: 11 size: 8202 dataOffset: 2
09-15 13:29:27.930  9044  9439 D OPENHU  : [79] Companion.decrypt | RECV: AUDIO Media Data type: 0 flags: 11 size: 8202 dataOffset: 2
09-15 13:29:27.975  9044  9439 D OPENHU  : [79] Companion.decrypt | RECV: AUDIO Media Data type: 0 flags: 11 size: 8202 dataOffset: 2
09-15 13:29:27.995  9044  9044 V OPENHU  : [2] GpsLocation.onLocationChanged | GpsLocation: fix received
09-15 13:29:28.001  9044  9044 V OPENHU  : [2] AapTransport.send | SENSOR Sensor Event type: 32771 flags: 11 size: 46 dataOffset: 6
09-15 13:29:28.018  9044  9439 D OPENHU  : [79] Companion.decrypt | RECV: MUSIC_PLAYBACK Media Playback Status type: 32769 flags: 11 size: 17 dataOffset: 2
09-15 13:29:28.020  9044  9439 D OPENHU  : [79] AapMediaPlayback.processStatusPacket | AapMediaPlayback: status mediaSource='VLC', playbackSeconds(u32)=63, state=PLAYING
09-15 13:29:28.024  9044  9439 D OPENHU  : [79] Companion.decrypt | RECV: AUDIO Media Data type: 0 flags: 11 size: 8202 dataOffset: 2
09-15 13:29:28.058  9044  9439 D OPENHU  : [79] Companion.decrypt | RECV: AUDIO Media Data type: 0 flags: 11 size: 8202 dataOffset: 2
09-15 13:29:28.101  9044  9439 D OPENHU  : [79] Companion.decrypt | RECV: AUDIO Media Data type: 0 flags: 11 size: 8202 dataOffset: 2
09-15 13:29:28.143  9044  9439 D OPENHU  : [79] Companion.decrypt | RECV: AUDIO Media Data type: 0 flags: 11 size: 8202 dataOffset: 2
09-15 13:29:28.186  9044  9439 D OPENHU  : [79] Companion.decrypt | RECV: AUDIO Media Data type: 0 flags: 11 size: 8202 dataOffset: 2
09-15 13:29:28.231  9044  9439 D OPENHU  : [79] Companion.decrypt | RECV: AUDIO Media Data type: 0 flags: 11 size: 8202 dataOffset: 2
09-15 13:29:28.271  9044  9439 D OPENHU  : [79] Companion.decrypt | RECV: AUDIO Media Data type: 0 flags: 11 size: 8202 dataOffset: 2
09-15 13:29:28.317  9044  9439 D OPENHU  : [79] Companion.decrypt | RECV: AUDIO Media Data type: 0 flags: 11 size: 8202 dataOffset: 2
09-15 13:29:28.357  9044  9439 D OPENHU  : [79] Companion.decrypt | RECV: AUDIO Media Data type: 0 flags: 11 size: 8202 dataOffset: 2
09-15 13:29:28.399  9044  9439 D OPENHU  : [79] Companion.decrypt | RECV: AUDIO Media Data type: 0 flags: 11 size: 8202 dataOffset: 2
09-15 13:29:28.439  9044  9439 D OPENHU  : [79] Companion.decrypt | RECV: CONTROL Ping Request type: 11 flags: 11 size: 12 dataOffset: 2
09-15 13:29:28.440  9044  9439 V OPENHU  : [79] AapTransport.send | CONTROL Ping Response type: 12 flags: 11 size: 14 dataOffset: 6
09-15 13:29:28.443  9044  9439 D OPENHU  : [79] Companion.decrypt | RECV: AUDIO Media Data type: 0 flags: 11 size: 8202 dataOffset: 2
09-15 13:29:28.484  9044  9439 D OPENHU  : [79] Companion.decrypt | RECV: AUDIO Media Data type: 0 flags: 11 size: 8202 dataOffset: 2
09-15 13:29:28.526  9044  9439 D OPENHU  : [79] Companion.decrypt | RECV: AUDIO Media Data type: 0 flags: 11 size: 8202 dataOffset: 2
09-15 13:29:28.569  9044  9439 D OPENHU  : [79] Companion.decrypt | RECV: AUDIO Media Data type: 0 flags: 11 size: 8202 dataOffset: 2
09-15 13:29:28.613  9044  9439 D OPENHU  : [79] Companion.decrypt | RECV: AUDIO Media Data type: 0 flags: 11 size: 8202 dataOffset: 2
09-15 13:29:28.654  9044  9439 D OPENHU  : [79] Companion.decrypt | RECV: AUDIO Media Data type: 0 flags: 11 size: 8202 dataOffset: 2
09-15 13:29:28.699  9044  9439 D OPENHU  : [79] Companion.decrypt | RECV: AUDIO Media Data type: 0 flags: 11 size: 8202 dataOffset: 2
09-15 13:29:28.744  9044  9439 D OPENHU  : [79] Companion.decrypt | RECV: AUDIO Media Data type: 0 flags: 11 size: 8202 dataOffset: 2
09-15 13:29:28.785  9044  9439 D OPENHU  : [79] Companion.decrypt | RECV: AUDIO Media Data type: 0 flags: 11 size: 8202 dataOffset: 2
09-15 13:29:28.825  9044  9439 D OPENHU  : [79] Companion.decrypt | RECV: AUDIO Media Data type: 0 flags: 11 size: 8202 dataOffset: 2
09-15 13:29:28.870  9044  9439 D OPENHU  : [79] Companion.decrypt | RECV: AUDIO Media Data type: 0 flags: 11 size: 8202 dataOffset: 2
09-15 13:29:28.913  9044  9439 D OPENHU  : [79] Companion.decrypt | RECV: AUDIO Media Data type: 0 flags: 11 size: 8202 dataOffset: 2
09-15 13:29:28.953  9044  9439 D OPENHU  : [79] Companion.decrypt | RECV: AUDIO Media Data type: 0 flags: 11 size: 8202 dataOffset: 2
09-15 13:29:28.996  9044  9439 D OPENHU  : [79] Companion.decrypt | RECV: AUDIO Media Data type: 0 flags: 11 size: 8202 dataOffset: 2
09-15 13:29:29.019  9044  9439 D OPENHU  : [79] Companion.decrypt | RECV: MUSIC_PLAYBACK Media Playback Status type: 32769 flags: 11 size: 17 dataOffset: 2
09-15 13:29:29.020  9044  9439 D OPENHU  : [79] AapMediaPlayback.processStatusPacket | AapMediaPlayback: status mediaSource='VLC', playbackSeconds(u32)=64, state=PLAYING
09-15 13:29:29.036  9044  9044 V OPENHU  : [2] GpsLocation.onLocationChanged | GpsLocation: fix received
09-15 13:29:29.038  9044  9439 D OPENHU  : [79] Companion.decrypt | RECV: AUDIO Media Data type: 0 flags: 11 size: 8202 dataOffset: 2
09-15 13:29:29.043  9044  9044 V OPENHU  : [2] AapTransport.send | SENSOR Sensor Event type: 32771 flags: 11 size: 46 dataOffset: 6
09-15 13:29:29.083  9044  9439 D OPENHU  : [79] Companion.decrypt | RECV: AUDIO Media Data type: 0 flags: 11 size: 8202 dataOffset: 2
09-15 13:29:29.123  9044  9439 D OPENHU  : [79] Companion.decrypt | RECV: AUDIO Media Data type: 0 flags: 11 size: 8202 dataOffset: 2
09-15 13:29:29.166  9044  9439 D OPENHU  : [79] Companion.decrypt | RECV: AUDIO Media Data type: 0 flags: 11 size: 8202 dataOffset: 2
09-15 13:29:29.212  9044  9439 D OPENHU  : [79] Companion.decrypt | RECV: AUDIO Media Data type: 0 flags: 11 size: 8202 dataOffset: 2
09-15 13:29:29.253  9044  9439 D OPENHU  : [79] Companion.decrypt | RECV: AUDIO Media Data type: 0 flags: 11 size: 8202 dataOffset: 2
09-15 13:29:29.299  9044  9439 D OPENHU  : [79] Companion.decrypt | RECV: AUDIO Media Data type: 0 flags: 11 size: 8202 dataOffset: 2
09-15 13:29:29.345  9044  9439 D OPENHU  : [79] Companion.decrypt | RECV: AUDIO Media Data type: 0 flags: 11 size: 8202 dataOffset: 2
09-15 13:29:29.383  9044  9439 D OPENHU  : [79] Companion.decrypt | RECV: AUDIO Media Data type: 0 flags: 11 size: 8202 dataOffset: 2
09-15 13:29:29.424  9044  9439 D OPENHU  : [79] Companion.decrypt | RECV: AUDIO Media Data type: 0 flags: 11 size: 8202 dataOffset: 2
09-15 13:29:29.440  9044  9439 D OPENHU  : [79] Companion.decrypt | RECV: CONTROL Ping Request type: 11 flags: 11 size: 12 dataOffset: 2
09-15 13:29:29.441  9044  9439 V OPENHU  : [79] AapTransport.send | CONTROL Ping Response type: 12 flags: 11 size: 14 dataOffset: 6
09-15 13:29:29.466  9044  9439 D OPENHU  : [79] Companion.decrypt | RECV: AUDIO Media Data type: 0 flags: 11 size: 8202 dataOffset: 2
09-15 13:29:29.510  9044  9439 D OPENHU  : [79] Companion.decrypt | RECV: AUDIO Media Data type: 0 flags: 11 size: 8202 dataOffset: 2
09-15 13:29:29.549  9044  9439 D OPENHU  : [79] Companion.decrypt | RECV: AUDIO Media Data type: 0 flags: 11 size: 8202 dataOffset: 2
09-15 13:29:29.594  9044  9439 D OPENHU  : [79] Companion.decrypt | RECV: AUDIO Media Data type: 0 flags: 11 size: 8202 dataOffset: 2
09-15 13:29:29.636  9044  9439 D OPENHU  : [79] Companion.decrypt | RECV: AUDIO Media Data type: 0 flags: 11 size: 8202 dataOffset: 2
09-15 13:29:29.679  9044  9439 D OPENHU  : [79] Companion.decrypt | RECV: AUDIO Media Data type: 0 flags: 11 size: 8202 dataOffset: 2
09-15 13:29:29.723  9044  9439 D OPENHU  : [79] Companion.decrypt | RECV: AUDIO Media Data type: 0 flags: 11 size: 8202 dataOffset: 2
09-15 13:29:29.768  9044  9439 D OPENHU  : [79] Companion.decrypt | RECV: AUDIO Media Data type: 0 flags: 11 size: 8202 dataOffset: 2
09-15 13:29:29.806  9044  9439 D OPENHU  : [79] Companion.decrypt | RECV: AUDIO Media Data type: 0 flags: 11 size: 8202 dataOffset: 2
09-15 13:29:29.850  9044  9439 D OPENHU  : [79] Companion.decrypt | RECV: AUDIO Media Data type: 0 flags: 11 size: 8202 dataOffset: 2
09-15 13:29:29.893  9044  9439 D OPENHU  : [79] Companion.decrypt | RECV: AUDIO Media Data type: 0 flags: 11 size: 8202 dataOffset: 2
09-15 13:29:29.941  9044  9439 D OPENHU  : [79] Companion.decrypt | RECV: AUDIO Media Data type: 0 flags: 11 size: 8202 dataOffset: 2
09-15 13:29:29.980  9044  9439 D OPENHU  : [79] Companion.decrypt | RECV: AUDIO Media Data type: 0 flags: 11 size: 8202 dataOffset: 2
09-15 13:29:29.998  9044  9044 V OPENHU  : [2] GpsLocation.onLocationChanged | GpsLocation: fix received
09-15 13:29:30.013  9044  9044 V OPENHU  : [2] AapTransport.send | SENSOR Sensor Event type: 32771 flags: 11 size: 46 dataOffset: 6
09-15 13:29:30.018  9044  9439 D OPENHU  : [79] Companion.decrypt | RECV: MUSIC_PLAYBACK Media Playback Status type: 32769 flags: 11 size: 17 dataOffset: 2
09-15 13:29:30.020  9044  9439 D OPENHU  : [79] AapMediaPlayback.processStatusPacket | AapMediaPlayback: status mediaSource='VLC', playbackSeconds(u32)=65, state=PLAYING
09-15 13:29:30.022  9044  9439 D OPENHU  : [79] Companion.decrypt | RECV: AUDIO Media Data type: 0 flags: 11 size: 8202 dataOffset: 2
09-15 13:29:30.063  9044  9439 D OPENHU  : [79] Companion.decrypt | RECV: AUDIO Media Data type: 0 flags: 11 size: 8202 dataOffset: 2
09-15 13:29:30.107  9044  9439 D OPENHU  : [79] Companion.decrypt | RECV: AUDIO Media Data type: 0 flags: 11 size: 8202 dataOffset: 2
09-15 13:29:30.149  9044  9439 D OPENHU  : [79] Companion.decrypt | RECV: AUDIO Media Data type: 0 flags: 11 size: 8202 dataOffset: 2
09-15 13:29:30.191  9044  9439 D OPENHU  : [79] Companion.decrypt | RECV: AUDIO Media Data type: 0 flags: 11 size: 8202 dataOffset: 2
09-15 13:29:30.233  9044  9439 D OPENHU  : [79] Companion.decrypt | RECV: AUDIO Media Data type: 0 flags: 11 size: 8202 dataOffset: 2
09-15 13:29:30.277  9044  9439 D OPENHU  : [79] Companion.decrypt | RECV: AUDIO Media Data type: 0 flags: 11 size: 8202 dataOffset: 2
09-15 13:29:30.319  9044  9439 D OPENHU  : [79] Companion.decrypt | RECV: AUDIO Media Data type: 0 flags: 11 size: 8202 dataOffset: 2
09-15 13:29:30.363  9044  9439 D OPENHU  : [79] Companion.decrypt | RECV: AUDIO Media Data type: 0 flags: 11 size: 8202 dataOffset: 2
09-15 13:29:30.404  9044  9439 D OPENHU  : [79] Companion.decrypt | RECV: AUDIO Media Data type: 0 flags: 11 size: 8202 dataOffset: 2
09-15 13:29:30.442  9044  9439 D OPENHU  : [79] Companion.decrypt | RECV: CONTROL Ping Request type: 11 flags: 11 size: 12 dataOffset: 2
09-15 13:29:30.443  9044  9439 V OPENHU  : [79] AapTransport.send | CONTROL Ping Response type: 12 flags: 11 size: 14 dataOffset: 6
09-15 13:29:30.447  9044  9439 D OPENHU  : [79] Companion.decrypt | RECV: AUDIO Media Data type: 0 flags: 11 size: 8202 dataOffset: 2
09-15 13:29:30.490  9044  9439 D OPENHU  : [79] Companion.decrypt | RECV: AUDIO Media Data type: 0 flags: 11 size: 8202 dataOffset: 2
09-15 13:29:30.532  9044  9439 D OPENHU  : [79] Companion.decrypt | RECV: AUDIO Media Data type: 0 flags: 11 size: 8202 dataOffset: 2
09-15 13:29:30.577  9044  9439 D OPENHU  : [79] Companion.decrypt | RECV: AUDIO Media Data type: 0 flags: 11 size: 8202 dataOffset: 2
09-15 13:29:30.620  9044  9439 D OPENHU  : [79] Companion.decrypt | RECV: AUDIO Media Data type: 0 flags: 11 size: 8202 dataOffset: 2
09-15 13:29:30.663  9044  9439 D OPENHU  : [79] Companion.decrypt | RECV: AUDIO Media Data type: 0 flags: 11 size: 8202 dataOffset: 2
09-15 13:29:30.703  9044  9439 D OPENHU  : [79] Companion.decrypt | RECV: AUDIO Media Data type: 0 flags: 11 size: 8202 dataOffset: 2
09-15 13:29:30.747  9044  9439 D OPENHU  : [79] Companion.decrypt | RECV: AUDIO Media Data type: 0 flags: 11 size: 8202 dataOffset: 2
09-15 13:29:30.790  9044  9439 D OPENHU  : [79] Companion.decrypt | RECV: AUDIO Media Data type: 0 flags: 11 size: 8202 dataOffset: 2
09-15 13:29:30.831  9044  9439 D OPENHU  : [79] Companion.decrypt | RECV: AUDIO Media Data type: 0 flags: 11 size: 8202 dataOffset: 2
09-15 13:29:30.874  9044  9439 D OPENHU  : [79] Companion.decrypt | RECV: AUDIO Media Data type: 0 flags: 11 size: 8202 dataOffset: 2
09-15 13:29:30.916  9044  9439 D OPENHU  : [79] Companion.decrypt | RECV: AUDIO Media Data type: 0 flags: 11 size: 8202 dataOffset: 2
09-15 13:29:30.959  9044  9439 D OPENHU  : [79] Companion.decrypt | RECV: AUDIO Media Data type: 0 flags: 11 size: 8202 dataOffset: 2
09-15 13:29:31.002  9044  9439 D OPENHU  : [79] Companion.decrypt | RECV: AUDIO Media Data type: 0 flags: 11 size: 8202 dataOffset: 2
09-15 13:29:31.020  9044  9044 V OPENHU  : [2] GpsLocation.onLocationChanged | GpsLocation: fix received
09-15 13:29:31.020  9044  9439 D OPENHU  : [79] Companion.decrypt | RECV: MUSIC_PLAYBACK Media Playback Status type: 32769 flags: 11 size: 17 dataOffset: 2
09-15 13:29:31.021  9044  9439 D OPENHU  : [79] AapMediaPlayback.processStatusPacket | AapMediaPlayback: status mediaSource='VLC', playbackSeconds(u32)=66, state=PLAYING
09-15 13:29:31.030  9044  9044 V OPENHU  : [2] AapTransport.send | SENSOR Sensor Event type: 32771 flags: 11 size: 46 dataOffset: 6
09-15 13:29:31.046  9044  9439 D OPENHU  : [79] Companion.decrypt | RECV: AUDIO Media Data type: 0 flags: 11 size: 8202 dataOffset: 2
09-15 13:29:31.087  9044  9439 D OPENHU  : [79] Companion.decrypt | RECV: AUDIO Media Data type: 0 flags: 11 size: 8202 dataOffset: 2
09-15 13:29:31.131  9044  9439 D OPENHU  : [79] Companion.decrypt | RECV: AUDIO Media Data type: 0 flags: 11 size: 8202 dataOffset: 2
09-15 13:29:31.173  9044  9439 D OPENHU  : [79] Companion.decrypt | RECV: AUDIO Media Data type: 0 flags: 11 size: 8202 dataOffset: 2
09-15 13:29:31.215  9044  9439 D OPENHU  : [79] Companion.decrypt | RECV: AUDIO Media Data type: 0 flags: 11 size: 8202 dataOffset: 2
09-15 13:29:31.259  9044  9439 D OPENHU  : [79] Companion.decrypt | RECV: AUDIO Media Data type: 0 flags: 11 size: 8202 dataOffset: 2
09-15 13:29:31.300  9044  9439 D OPENHU  : [79] Companion.decrypt | RECV: AUDIO Media Data type: 0 flags: 11 size: 8202 dataOffset: 2
09-15 13:29:31.346  9044  9439 D OPENHU  : [79] Companion.decrypt | RECV: AUDIO Media Data type: 0 flags: 11 size: 8202 dataOffset: 2
09-15 13:29:31.387  9044  9439 D OPENHU  : [79] Companion.decrypt | RECV: AUDIO Media Data type: 0 flags: 11 size: 8202 dataOffset: 2
09-15 13:29:31.431  9044  9439 D OPENHU  : [79] Companion.decrypt | RECV: AUDIO Media Data type: 0 flags: 11 size: 8202 dataOffset: 2
09-15 13:29:31.443  9044  9439 D OPENHU  : [79] Companion.decrypt | RECV: CONTROL Ping Request type: 11 flags: 11 size: 12 dataOffset: 2
09-15 13:29:31.444  9044  9439 V OPENHU  : [79] AapTransport.send | CONTROL Ping Response type: 12 flags: 11 size: 14 dataOffset: 6
09-15 13:29:31.471  9044  9439 D OPENHU  : [79] Companion.decrypt | RECV: AUDIO Media Data type: 0 flags: 11 size: 8202 dataOffset: 2
09-15 13:29:31.514  9044  9439 D OPENHU  : [79] Companion.decrypt | RECV: AUDIO Media Data type: 0 flags: 11 size: 8202 dataOffset: 2
09-15 13:29:31.556  9044  9439 D OPENHU  : [79] Companion.decrypt | RECV: AUDIO Media Data type: 0 flags: 11 size: 8202 dataOffset: 2
09-15 13:29:31.599  9044  9439 D OPENHU  : [79] Companion.decrypt | RECV: AUDIO Media Data type: 0 flags: 11 size: 8202 dataOffset: 2
09-15 13:29:31.644  9044  9439 D OPENHU  : [79] Companion.decrypt | RECV: AUDIO Media Data type: 0 flags: 11 size: 8202 dataOffset: 2
09-15 13:29:31.684  9044  9439 D OPENHU  : [79] Companion.decrypt | RECV: AUDIO Media Data type: 0 flags: 11 size: 8202 dataOffset: 2
09-15 13:29:31.729  9044  9439 D OPENHU  : [79] Companion.decrypt | RECV: AUDIO Media Data type: 0 flags: 11 size: 8202 dataOffset: 2
09-15 13:29:31.770  9044  9439 D OPENHU  : [79] Companion.decrypt | RECV: AUDIO Media Data type: 0 flags: 11 size: 8202 dataOffset: 2
09-15 13:29:31.813  9044  9439 D OPENHU  : [79] Companion.decrypt | RECV: AUDIO Media Data type: 0 flags: 11 size: 8202 dataOffset: 2
09-15 13:29:31.856  9044  9439 D OPENHU  : [79] Companion.decrypt | RECV: AUDIO Media Data type: 0 flags: 11 size: 8202 dataOffset: 2
09-15 13:29:31.899  9044  9439 D OPENHU  : [79] Companion.decrypt | RECV: AUDIO Media Data type: 0 flags: 11 size: 8202 dataOffset: 2
09-15 13:29:31.944  9044  9439 D OPENHU  : [79] Companion.decrypt | RECV: AUDIO Media Data type: 0 flags: 11 size: 8202 dataOffset: 2
09-15 13:29:31.986  9044  9439 D OPENHU  : [79] Companion.decrypt | RECV: AUDIO Media Data type: 0 flags: 11 size: 8202 dataOffset: 2
09-15 13:29:31.994  9044  9044 V OPENHU  : [2] GpsLocation.onLocationChanged | GpsLocation: fix received
09-15 13:29:32.001  9044  9044 V OPENHU  : [2] AapTransport.send | SENSOR Sensor Event type: 32771 flags: 11 size: 46 dataOffset: 6
09-15 13:29:32.025  9044  9439 D OPENHU  : [79] Companion.decrypt | RECV: MUSIC_PLAYBACK Media Playback Status type: 32769 flags: 11 size: 17 dataOffset: 2
09-15 13:29:32.027  9044  9439 D OPENHU  : [79] AapMediaPlayback.processStatusPacket | AapMediaPlayback: status mediaSource='VLC', playbackSeconds(u32)=67, state=PLAYING
09-15 13:29:32.031  9044  9439 D OPENHU  : [79] Companion.decrypt | RECV: AUDIO Media Data type: 0 flags: 11 size: 8202 dataOffset: 2
09-15 13:29:32.069  9044  9439 D OPENHU  : [79] Companion.decrypt | RECV: AUDIO Media Data type: 0 flags: 11 size: 8202 dataOffset: 2
09-15 13:29:32.112  9044  9439 D OPENHU  : [79] Companion.decrypt | RECV: AUDIO Media Data type: 0 flags: 11 size: 8202 dataOffset: 2
09-15 13:29:32.154  9044  9439 D OPENHU  : [79] Companion.decrypt | RECV: AUDIO Media Data type: 0 flags: 11 size: 8202 dataOffset: 2
09-15 13:29:32.198  9044  9439 D OPENHU  : [79] Companion.decrypt | RECV: AUDIO Media Data type: 0 flags: 11 size: 8202 dataOffset: 2
09-15 13:29:32.239  9044  9439 D OPENHU  : [79] Companion.decrypt | RECV: AUDIO Media Data type: 0 flags: 11 size: 8202 dataOffset: 2
09-15 13:29:32.282  9044  9439 D OPENHU  : [79] Companion.decrypt | RECV: AUDIO Media Data type: 0 flags: 11 size: 8202 dataOffset: 2
09-15 13:29:32.324  9044  9439 D OPENHU  : [79] Companion.decrypt | RECV: AUDIO Media Data type: 0 flags: 11 size: 8202 dataOffset: 2
09-15 13:29:32.333  9044  9477 I OPENHU  : [89] VideoDecoder.logThroughput | Throughput over 5007ms: rendered=197 (39fps), fed=196 (39fps), dropped=0, skipped=0, concealed=0, inputWait=102ms, enqueueWait=0ms, codec=c2.unisoc.avc.decoder, presented=197 (39fps), decodeLatency=9ms p95=12ms (197 frames)
09-15 13:29:32.366  9044  9439 D OPENHU  : [79] Companion.decrypt | RECV: AUDIO Media Data type: 0 flags: 11 size: 8202 dataOffset: 2
09-15 13:29:32.414  9044  9439 D OPENHU  : [79] Companion.decrypt | RECV: AUDIO Media Data type: 0 flags: 11 size: 8202 dataOffset: 2
09-15 13:29:32.446  9044  9439 D OPENHU  : [79] Companion.decrypt | RECV: CONTROL Ping Request type: 11 flags: 11 size: 12 dataOffset: 2
09-15 13:29:32.448  9044  9439 V OPENHU  : [79] AapTransport.send | CONTROL Ping Response type: 12 flags: 11 size: 14 dataOffset: 6
09-15 13:29:32.454  9044  9439 D OPENHU  : [79] Companion.decrypt | RECV: AUDIO Media Data type: 0 flags: 11 size: 8202 dataOffset: 2
09-15 13:29:32.495  9044  9439 D OPENHU  : [79] Companion.decrypt | RECV: AUDIO Media Data type: 0 flags: 11 size: 8202 dataOffset: 2
09-15 13:29:32.538  9044  9439 D OPENHU  : [79] Companion.decrypt | RECV: AUDIO Media Data type: 0 flags: 11 size: 8202 dataOffset: 2
09-15 13:29:32.581  9044  9439 D OPENHU  : [79] Companion.decrypt | RECV: AUDIO Media Data type: 0 flags: 11 size: 8202 dataOffset: 2
09-15 13:29:32.606  9044  9044 I OPENHU  : [2] TextureProjectionView.onSurfaceTextureUpdated | TextureProjectionView: displayed 164 frames in 5000ms (32fps), longFrames=1
09-15 13:29:32.625  9044  9439 D OPENHU  : [79] Companion.decrypt | RECV: AUDIO Media Data type: 0 flags: 11 size: 8202 dataOffset: 2
09-15 13:29:32.667  9044  9439 D OPENHU  : [79] Companion.decrypt | RECV: AUDIO Media Data type: 0 flags: 11 size: 8202 dataOffset: 2
09-15 13:29:32.708  9044  9439 D OPENHU  : [79] Companion.decrypt | RECV: AUDIO Media Data type: 0 flags: 11 size: 8202 dataOffset: 2
09-15 13:29:32.751  9044  9439 D OPENHU  : [79] Companion.decrypt | RECV: AUDIO Media Data type: 0 flags: 11 size: 8202 dataOffset: 2
09-15 13:29:32.794  9044  9439 D OPENHU  : [79] Companion.decrypt | RECV: AUDIO Media Data type: 0 flags: 11 size: 8202 dataOffset: 2
09-15 13:29:32.838  9044  9439 D OPENHU  : [79] Companion.decrypt | RECV: AUDIO Media Data type: 0 flags: 11 size: 8202 dataOffset: 2
09-15 13:29:32.880  9044  9439 D OPENHU  : [79] Companion.decrypt | RECV: AUDIO Media Data type: 0 flags: 11 size: 8202 dataOffset: 2
09-15 13:29:32.924  9044  9439 D OPENHU  : [79] Companion.decrypt | RECV: AUDIO Media Data type: 0 flags: 11 size: 8202 dataOffset: 2
09-15 13:29:32.968  9044  9439 D OPENHU  : [79] Companion.decrypt | RECV: AUDIO Media Data type: 0 flags: 11 size: 8202 dataOffset: 2
09-15 13:29:33.010  9044  9439 D OPENHU  : [79] Companion.decrypt | RECV: AUDIO Media Data type: 0 flags: 11 size: 8202 dataOffset: 2
09-15 13:29:33.012  9044  9044 V OPENHU  : [2] GpsLocation.onLocationChanged | GpsLocation: fix received
09-15 13:29:33.021  9044  9044 V OPENHU  : [2] AapTransport.send | SENSOR Sensor Event type: 32771 flags: 11 size: 46 dataOffset: 6
09-15 13:29:33.031  9044  9439 D OPENHU  : [79] Companion.decrypt | RECV: MUSIC_PLAYBACK Media Playback Status type: 32769 flags: 11 size: 17 dataOffset: 2
09-15 13:29:33.033  9044  9439 D OPENHU  : [79] AapMediaPlayback.processStatusPacket | AapMediaPlayback: status mediaSource='VLC', playbackSeconds(u32)=68, state=PLAYING
09-15 13:29:33.050  9044  9439 D OPENHU  : [79] Companion.decrypt | RECV: AUDIO Media Data type: 0 flags: 11 size: 8202 dataOffset: 2
09-15 13:29:33.093  9044  9439 D OPENHU  : [79] Companion.decrypt | RECV: AUDIO Media Data type: 0 flags: 11 size: 8202 dataOffset: 2
09-15 13:29:33.137  9044  9439 D OPENHU  : [79] Companion.decrypt | RECV: AUDIO Media Data type: 0 flags: 11 size: 8202 dataOffset: 2
09-15 13:29:33.184  9044  9439 D OPENHU  : [79] Companion.decrypt | RECV: AUDIO Media Data type: 0 flags: 11 size: 8202 dataOffset: 2
09-15 13:29:33.223  9044  9439 D OPENHU  : [79] Companion.decrypt | RECV: AUDIO Media Data type: 0 flags: 11 size: 8202 dataOffset: 2
09-15 13:29:33.264  9044  9439 D OPENHU  : [79] Companion.decrypt | RECV: AUDIO Media Data type: 0 flags: 11 size: 8202 dataOffset: 2
09-15 13:29:33.307  9044  9439 D OPENHU  : [79] Companion.decrypt | RECV: AUDIO Media Data type: 0 flags: 11 size: 8202 dataOffset: 2
09-15 13:29:33.349  9044  9439 D OPENHU  : [79] Companion.decrypt | RECV: AUDIO Media Data type: 0 flags: 11 size: 8202 dataOffset: 2
09-15 13:29:33.393  9044  9439 D OPENHU  : [79] Companion.decrypt | RECV: AUDIO Media Data type: 0 flags: 11 size: 8202 dataOffset: 2
09-15 13:29:33.436  9044  9439 D OPENHU  : [79] Companion.decrypt | RECV: AUDIO Media Data type: 0 flags: 11 size: 8202 dataOffset: 2
09-15 13:29:33.447  9044  9439 D OPENHU  : [79] Companion.decrypt | RECV: CONTROL Ping Request type: 11 flags: 11 size: 12 dataOffset: 2
09-15 13:29:33.449  9044  9439 V OPENHU  : [79] AapTransport.send | CONTROL Ping Response type: 12 flags: 11 size: 14 dataOffset: 6
09-15 13:29:33.475  9044  9439 D OPENHU  : [79] Companion.decrypt | RECV: AUDIO Media Data type: 0 flags: 11 size: 8202 dataOffset: 2
09-15 13:29:33.519  9044  9439 D OPENHU  : [79] Companion.decrypt | RECV: AUDIO Media Data type: 0 flags: 11 size: 8202 dataOffset: 2
09-15 13:29:33.561  9044  9439 D OPENHU  : [79] Companion.decrypt | RECV: AUDIO Media Data type: 0 flags: 11 size: 8202 dataOffset: 2
09-15 13:29:33.604  9044  9439 D OPENHU  : [79] Companion.decrypt | RECV: AUDIO Media Data type: 0 flags: 11 size: 8202 dataOffset: 2
09-15 13:29:33.649  9044  9439 D OPENHU  : [79] Companion.decrypt | RECV: AUDIO Media Data type: 0 flags: 11 size: 8202 dataOffset: 2
09-15 13:29:33.691  9044  9439 D OPENHU  : [79] Companion.decrypt | RECV: AUDIO Media Data type: 0 flags: 11 size: 8202 dataOffset: 2
09-15 13:29:33.735  9044  9439 D OPENHU  : [79] Companion.decrypt | RECV: AUDIO Media Data type: 0 flags: 11 size: 8202 dataOffset: 2
09-15 13:29:33.780  9044  9439 D OPENHU  : [79] Companion.decrypt | RECV: AUDIO Media Data type: 0 flags: 11 size: 8202 dataOffset: 2
09-15 13:29:33.822  9044  9439 D OPENHU  : [79] Companion.decrypt | RECV: AUDIO Media Data type: 0 flags: 11 size: 8202 dataOffset: 2
09-15 13:29:33.863  9044  9439 D OPENHU  : [79] Companion.decrypt | RECV: AUDIO Media Data type: 0 flags: 11 size: 8202 dataOffset: 2
09-15 13:29:33.904  9044  9439 D OPENHU  : [79] Companion.decrypt | RECV: AUDIO Media Data type: 0 flags: 11 size: 8202 dataOffset: 2
09-15 13:29:33.948  9044  9439 D OPENHU  : [79] Companion.decrypt | RECV: AUDIO Media Data type: 0 flags: 11 size: 8202 dataOffset: 2
09-15 13:29:33.991  9044  9439 D OPENHU  : [79] Companion.decrypt | RECV: AUDIO Media Data type: 0 flags: 11 size: 8202 dataOffset: 2
09-15 13:29:33.993  9044  9044 V OPENHU  : [2] GpsLocation.onLocationChanged | GpsLocation: fix received
09-15 13:29:34.002  9044  9044 V OPENHU  : [2] AapTransport.send | SENSOR Sensor Event type: 32771 flags: 11 size: 46 dataOffset: 6
09-15 13:29:34.034  9044  9439 D OPENHU  : [79] Companion.decrypt | RECV: MUSIC_PLAYBACK Media Playback Status type: 32769 flags: 11 size: 17 dataOffset: 2
09-15 13:29:34.036  9044  9439 D OPENHU  : [79] AapMediaPlayback.processStatusPacket | AapMediaPlayback: status mediaSource='VLC', playbackSeconds(u32)=69, state=PLAYING
09-15 13:29:34.040  9044  9439 D OPENHU  : [79] Companion.decrypt | RECV: AUDIO Media Data type: 0 flags: 11 size: 8202 dataOffset: 2
09-15 13:29:34.074  9044  9439 D OPENHU  : [79] Companion.decrypt | RECV: AUDIO Media Data type: 0 flags: 11 size: 8202 dataOffset: 2
09-15 13:29:34.117  9044  9439 D OPENHU  : [79] Companion.decrypt | RECV: AUDIO Media Data type: 0 flags: 11 size: 8202 dataOffset: 2
09-15 13:29:34.158  9044  9439 D OPENHU  : [79] Companion.decrypt | RECV: AUDIO Media Data type: 0 flags: 11 size: 8202 dataOffset: 2
09-15 13:29:34.202  9044  9439 D OPENHU  : [79] Companion.decrypt | RECV: AUDIO Media Data type: 0 flags: 11 size: 8202 dataOffset: 2
09-15 13:29:34.244  9044  9439 D OPENHU  : [79] Companion.decrypt | RECV: AUDIO Media Data type: 0 flags: 11 size: 8202 dataOffset: 2
09-15 13:29:34.289  9044  9439 D OPENHU  : [79] Companion.decrypt | RECV: AUDIO Media Data type: 0 flags: 11 size: 8202 dataOffset: 2
09-15 13:29:34.330  9044  9439 D OPENHU  : [79] Companion.decrypt | RECV: AUDIO Media Data type: 0 flags: 11 size: 8202 dataOffset: 2
09-15 13:29:34.373  9044  9439 D OPENHU  : [79] Companion.decrypt | RECV: AUDIO Media Data type: 0 flags: 11 size: 8202 dataOffset: 2
09-15 13:29:34.414  9044  9439 D OPENHU  : [79] Companion.decrypt | RECV: AUDIO Media Data type: 0 flags: 11 size: 8202 dataOffset: 2
09-15 13:29:34.446  9044  9439 D OPENHU  : [79] Companion.decrypt | RECV: CONTROL Ping Request type: 11 flags: 11 size: 12 dataOffset: 2
09-15 13:29:34.447  9044  9439 V OPENHU  : [79] AapTransport.send | CONTROL Ping Response type: 12 flags: 11 size: 14 dataOffset: 6
09-15 13:29:34.458  9044  9439 D OPENHU  : [79] Companion.decrypt | RECV: AUDIO Media Data type: 0 flags: 11 size: 8202 dataOffset: 2
09-15 13:29:34.500  9044  9439 D OPENHU  : [79] Companion.decrypt | RECV: AUDIO Media Data type: 0 flags: 11 size: 8202 dataOffset: 2
09-15 13:29:34.543  9044  9439 D OPENHU  : [79] Companion.decrypt | RECV: AUDIO Media Data type: 0 flags: 11 size: 8202 dataOffset: 2
09-15 13:29:34.586  9044  9439 D OPENHU  : [79] Companion.decrypt | RECV: AUDIO Media Data type: 0 flags: 11 size: 8202 dataOffset: 2
09-15 13:29:34.629  9044  9439 D OPENHU  : [79] Companion.decrypt | RECV: AUDIO Media Data type: 0 flags: 11 size: 8202 dataOffset: 2
09-15 13:29:34.671  9044  9439 D OPENHU  : [79] Companion.decrypt | RECV: AUDIO Media Data type: 0 flags: 11 size: 8202 dataOffset: 2
09-15 13:29:34.715  9044  9439 D OPENHU  : [79] Companion.decrypt | RECV: AUDIO Media Data type: 0 flags: 11 size: 8202 dataOffset: 2
09-15 13:29:34.755  9044  9439 D OPENHU  : [79] Companion.decrypt | RECV: AUDIO Media Data type: 0 flags: 11 size: 8202 dataOffset: 2
09-15 13:29:34.800  9044  9439 D OPENHU  : [79] Companion.decrypt | RECV: AUDIO Media Data type: 0 flags: 11 size: 8202 dataOffset: 2
09-15 13:29:34.842  9044  9439 D OPENHU  : [79] Companion.decrypt | RECV: AUDIO Media Data type: 0 flags: 11 size: 8202 dataOffset: 2
09-15 13:29:34.885  9044  9439 D OPENHU  : [79] Companion.decrypt | RECV: AUDIO Media Data type: 0 flags: 11 size: 8202 dataOffset: 2
09-15 13:29:34.929  9044  9439 D OPENHU  : [79] Companion.decrypt | RECV: AUDIO Media Data type: 0 flags: 11 size: 8202 dataOffset: 2
09-15 13:29:34.971  9044  9439 D OPENHU  : [79] Companion.decrypt | RECV: AUDIO Media Data type: 0 flags: 11 size: 8202 dataOffset: 2
09-15 13:29:35.016  9044  9044 V OPENHU  : [2] GpsLocation.onLocationChanged | GpsLocation: fix received
09-15 13:29:35.018  9044  9439 D OPENHU  : [79] Companion.decrypt | RECV: AUDIO Media Data type: 0 flags: 11 size: 8202 dataOffset: 2
09-15 13:29:35.026  9044  9044 V OPENHU  : [2] AapTransport.send | SENSOR Sensor Event type: 32771 flags: 11 size: 46 dataOffset: 6
09-15 13:29:35.043  9044  9439 D OPENHU  : [79] Companion.decrypt | RECV: MUSIC_PLAYBACK Media Playback Status type: 32769 flags: 11 size: 17 dataOffset: 2
09-15 13:29:35.044  9044  9439 D OPENHU  : [79] AapMediaPlayback.processStatusPacket | AapMediaPlayback: status mediaSource='VLC', playbackSeconds(u32)=70, state=PLAYING
09-15 13:29:35.055  9044  9439 D OPENHU  : [79] Companion.decrypt | RECV: AUDIO Media Data type: 0 flags: 11 size: 8202 dataOffset: 2
09-15 13:29:35.100  9044  9439 D OPENHU  : [79] Companion.decrypt | RECV: AUDIO Media Data type: 0 flags: 11 size: 8202 dataOffset: 2
09-15 13:29:35.140  9044  9439 D OPENHU  : [79] Companion.decrypt | RECV: AUDIO Media Data type: 0 flags: 11 size: 8202 dataOffset: 2
09-15 13:29:35.182  9044  9439 D OPENHU  : [79] Companion.decrypt | RECV: AUDIO Media Data type: 0 flags: 11 size: 8202 dataOffset: 2
09-15 13:29:35.226  9044  9439 D OPENHU  : [79] Companion.decrypt | RECV: AUDIO Media Data type: 0 flags: 11 size: 8202 dataOffset: 2
09-15 13:29:35.269  9044  9439 D OPENHU  : [79] Companion.decrypt | RECV: AUDIO Media Data type: 0 flags: 11 size: 8202 dataOffset: 2
09-15 13:29:35.313  9044  9439 D OPENHU  : [79] Companion.decrypt | RECV: AUDIO Media Data type: 0 flags: 11 size: 8202 dataOffset: 2
09-15 13:29:35.353  9044  9439 D OPENHU  : [79] Companion.decrypt | RECV: AUDIO Media Data type: 0 flags: 11 size: 8202 dataOffset: 2
09-15 13:29:35.396  9044  9439 D OPENHU  : [79] Companion.decrypt | RECV: AUDIO Media Data type: 0 flags: 11 size: 8202 dataOffset: 2
09-15 13:29:35.440  9044  9439 D OPENHU  : [79] Companion.decrypt | RECV: AUDIO Media Data type: 0 flags: 11 size: 8202 dataOffset: 2
09-15 13:29:35.449  9044  9439 D OPENHU  : [79] Companion.decrypt | RECV: CONTROL Ping Request type: 11 flags: 11 size: 12 dataOffset: 2
09-15 13:29:35.450  9044  9439 V OPENHU  : [79] AapTransport.send | CONTROL Ping Response type: 12 flags: 11 size: 14 dataOffset: 6
09-15 13:29:35.481  9044  9439 D OPENHU  : [79] Companion.decrypt | RECV: AUDIO Media Data type: 0 flags: 11 size: 8202 dataOffset: 2
09-15 13:29:35.525  9044  9439 D OPENHU  : [79] Companion.decrypt | RECV: AUDIO Media Data type: 0 flags: 11 size: 8202 dataOffset: 2
09-15 13:29:35.565  9044  9439 D OPENHU  : [79] Companion.decrypt | RECV: AUDIO Media Data type: 0 flags: 11 size: 8202 dataOffset: 2
09-15 13:29:35.612  9044  9439 D OPENHU  : [79] Companion.decrypt | RECV: AUDIO Media Data type: 0 flags: 11 size: 8202 dataOffset: 2
09-15 13:29:35.652  9044  9439 D OPENHU  : [79] Companion.decrypt | RECV: AUDIO Media Data type: 0 flags: 11 size: 8202 dataOffset: 2
09-15 13:29:35.696  9044  9439 D OPENHU  : [79] Companion.decrypt | RECV: AUDIO Media Data type: 0 flags: 11 size: 8202 dataOffset: 2
09-15 13:29:35.738  9044  9439 D OPENHU  : [79] Companion.decrypt | RECV: AUDIO Media Data type: 0 flags: 11 size: 8202 dataOffset: 2
09-15 13:29:35.781  9044  9439 D OPENHU  : [79] Companion.decrypt | RECV: AUDIO Media Data type: 0 flags: 11 size: 8202 dataOffset: 2
09-15 13:29:35.826  9044  9439 D OPENHU  : [79] Companion.decrypt | RECV: AUDIO Media Data type: 0 flags: 11 size: 8202 dataOffset: 2
09-15 13:29:35.865  9044  9439 D OPENHU  : [79] Companion.decrypt | RECV: AUDIO Media Data type: 0 flags: 11 size: 8202 dataOffset: 2
09-15 13:29:35.909  9044  9439 D OPENHU  : [79] Companion.decrypt | RECV: AUDIO Media Data type: 0 flags: 11 size: 8202 dataOffset: 2
09-15 13:29:35.949  9044  9439 D OPENHU  : [79] Companion.decrypt | RECV: AUDIO Media Data type: 0 flags: 11 size: 8202 dataOffset: 2
09-15 13:29:35.994  9044  9439 D OPENHU  : [79] Companion.decrypt | RECV: AUDIO Media Data type: 0 flags: 11 size: 8202 dataOffset: 2
09-15 13:29:36.013  9044  9044 V OPENHU  : [2] GpsLocation.onLocationChanged | GpsLocation: fix received
09-15 13:29:36.024  9044  9044 V OPENHU  : [2] AapTransport.send | SENSOR Sensor Event type: 32771 flags: 11 size: 46 dataOffset: 6
09-15 13:29:36.036  9044  9439 D OPENHU  : [79] Companion.decrypt | RECV: AUDIO Media Data type: 0 flags: 11 size: 8202 dataOffset: 2
09-15 13:29:36.039  9044  9439 D OPENHU  : [79] Companion.decrypt | RECV: MUSIC_PLAYBACK Media Playback Status type: 32769 flags: 11 size: 17 dataOffset: 2
09-15 13:29:36.040  9044  9439 D OPENHU  : [79] AapMediaPlayback.processStatusPacket | AapMediaPlayback: status mediaSource='VLC', playbackSeconds(u32)=71, state=PLAYING
09-15 13:29:36.078  9044  9439 D OPENHU  : [79] Companion.decrypt | RECV: AUDIO Media Data type: 0 flags: 11 size: 8202 dataOffset: 2
09-15 13:29:36.122  9044  9439 D OPENHU  : [79] Companion.decrypt | RECV: AUDIO Media Data type: 0 flags: 11 size: 8202 dataOffset: 2
09-15 13:29:36.165  9044  9439 D OPENHU  : [79] Companion.decrypt | RECV: AUDIO Media Data type: 0 flags: 11 size: 8202 dataOffset: 2
09-15 13:29:36.207  9044  9439 D OPENHU  : [79] Companion.decrypt | RECV: AUDIO Media Data type: 0 flags: 11 size: 8202 dataOffset: 2
09-15 13:29:36.249  9044  9439 D OPENHU  : [79] Companion.decrypt | RECV: AUDIO Media Data type: 0 flags: 11 size: 8202 dataOffset: 2
09-15 13:29:36.293  9044  9439 D OPENHU  : [79] Companion.decrypt | RECV: AUDIO Media Data type: 0 flags: 11 size: 8202 dataOffset: 2
09-15 13:29:36.335  9044  9439 D OPENHU  : [79] Companion.decrypt | RECV: AUDIO Media Data type: 0 flags: 11 size: 8202 dataOffset: 2
09-15 13:29:36.380  9044  9439 D OPENHU  : [79] Companion.decrypt | RECV: AUDIO Media Data type: 0 flags: 11 size: 8202 dataOffset: 2
09-15 13:29:36.424  9044  9439 D OPENHU  : [79] Companion.decrypt | RECV: AUDIO Media Data type: 0 flags: 11 size: 8202 dataOffset: 2
09-15 13:29:36.452  9044  9439 D OPENHU  : [79] Companion.decrypt | RECV: CONTROL Ping Request type: 11 flags: 11 size: 12 dataOffset: 2
09-15 13:29:36.454  9044  9439 V OPENHU  : [79] AapTransport.send | CONTROL Ping Response type: 12 flags: 11 size: 14 dataOffset: 6
09-15 13:29:36.464  9044  9439 D OPENHU  : [79] Companion.decrypt | RECV: AUDIO Media Data type: 0 flags: 11 size: 8202 dataOffset: 2
09-15 13:29:36.506  9044  9439 D OPENHU  : [79] Companion.decrypt | RECV: AUDIO Media Data type: 0 flags: 11 size: 8202 dataOffset: 2
09-15 13:29:36.547  9044  9439 D OPENHU  : [79] Companion.decrypt | RECV: AUDIO Media Data type: 0 flags: 11 size: 8202 dataOffset: 2
09-15 13:29:36.591  9044  9439 D OPENHU  : [79] Companion.decrypt | RECV: AUDIO Media Data type: 0 flags: 11 size: 8202 dataOffset: 2
09-15 13:29:36.634  9044  9439 D OPENHU  : [79] Companion.decrypt | RECV: AUDIO Media Data type: 0 flags: 11 size: 8202 dataOffset: 2
09-15 13:29:36.676  9044  9439 D OPENHU  : [79] Companion.decrypt | RECV: AUDIO Media Data type: 0 flags: 11 size: 8202 dataOffset: 2
09-15 13:29:36.720  9044  9439 D OPENHU  : [79] Companion.decrypt | RECV: AUDIO Media Data type: 0 flags: 11 size: 8202 dataOffset: 2
09-15 13:29:36.762  9044  9439 D OPENHU  : [79] Companion.decrypt | RECV: AUDIO Media Data type: 0 flags: 11 size: 8202 dataOffset: 2
09-15 13:29:36.805  9044  9439 D OPENHU  : [79] Companion.decrypt | RECV: AUDIO Media Data type: 0 flags: 11 size: 8202 dataOffset: 2
09-15 13:29:36.847  9044  9439 D OPENHU  : [79] Companion.decrypt | RECV: AUDIO Media Data type: 0 flags: 11 size: 8202 dataOffset: 2
09-15 13:29:36.894  9044  9439 D OPENHU  : [79] Companion.decrypt | RECV: AUDIO Media Data type: 0 flags: 11 size: 8202 dataOffset: 2
09-15 13:29:36.938  9044  9439 D OPENHU  : [79] Companion.decrypt | RECV: AUDIO Media Data type: 0 flags: 11 size: 8202 dataOffset: 2
09-15 13:29:36.975  9044  9439 D OPENHU  : [79] Companion.decrypt | RECV: AUDIO Media Data type: 0 flags: 11 size: 8202 dataOffset: 2
09-15 13:29:37.012  9044  9044 V OPENHU  : [2] GpsLocation.onLocationChanged | GpsLocation: fix received
09-15 13:29:37.019  9044  9439 D OPENHU  : [79] Companion.decrypt | RECV: AUDIO Media Data type: 0 flags: 11 size: 8202 dataOffset: 2
09-15 13:29:37.023  9044  9044 V OPENHU  : [2] AapTransport.send | SENSOR Sensor Event type: 32771 flags: 11 size: 46 dataOffset: 6
09-15 13:29:37.039  9044  9439 D OPENHU  : [79] Companion.decrypt | RECV: MUSIC_PLAYBACK Media Playback Status type: 32769 flags: 11 size: 17 dataOffset: 2
09-15 13:29:37.040  9044  9439 D OPENHU  : [79] AapMediaPlayback.processStatusPacket | AapMediaPlayback: status mediaSource='VLC', playbackSeconds(u32)=72, state=PLAYING
09-15 13:29:37.062  9044  9439 D OPENHU  : [79] Companion.decrypt | RECV: AUDIO Media Data type: 0 flags: 11 size: 8202 dataOffset: 2
09-15 13:29:37.103  9044  9439 D OPENHU  : [79] Companion.decrypt | RECV: AUDIO Media Data type: 0 flags: 11 size: 8202 dataOffset: 2
09-15 13:29:37.147  9044  9439 D OPENHU  : [79] Companion.decrypt | RECV: AUDIO Media Data type: 0 flags: 11 size: 8202 dataOffset: 2
09-15 13:29:37.188  9044  9439 D OPENHU  : [79] Companion.decrypt | RECV: AUDIO Media Data type: 0 flags: 11 size: 8202 dataOffset: 2
09-15 13:29:37.232  9044  9439 D OPENHU  : [79] Companion.decrypt | RECV: AUDIO Media Data type: 0 flags: 11 size: 8202 dataOffset: 2
09-15 13:29:37.275  9044  9439 D OPENHU  : [79] Companion.decrypt | RECV: AUDIO Media Data type: 0 flags: 11 size: 8202 dataOffset: 2
09-15 13:29:37.317  9044  9439 D OPENHU  : [79] Companion.decrypt | RECV: AUDIO Media Data type: 0 flags: 11 size: 8202 dataOffset: 2
09-15 13:29:37.333  9044  9477 I OPENHU  : [89] VideoDecoder.logThroughput | Throughput over 5001ms: rendered=168 (33fps), fed=168 (33fps), dropped=0, skipped=0, concealed=0, inputWait=73ms, enqueueWait=0ms, codec=c2.unisoc.avc.decoder, presented=168 (33fps), decodeLatency=9ms p95=11ms (168 frames)
09-15 13:29:37.362  9044  9439 D OPENHU  : [79] Companion.decrypt | RECV: AUDIO Media Data type: 0 flags: 11 size: 8202 dataOffset: 2
09-15 13:29:37.405  9044  9439 D OPENHU  : [79] Companion.decrypt | RECV: AUDIO Media Data type: 0 flags: 11 size: 8202 dataOffset: 2
09-15 13:29:37.446  9044  9439 D OPENHU  : [79] Companion.decrypt | RECV: AUDIO Media Data type: 0 flags: 11 size: 8202 dataOffset: 2
09-15 13:29:37.453  9044  9439 D OPENHU  : [79] Companion.decrypt | RECV: CONTROL Ping Request type: 11 flags: 11 size: 12 dataOffset: 2
09-15 13:29:37.455  9044  9439 V OPENHU  : [79] AapTransport.send | CONTROL Ping Response type: 12 flags: 11 size: 14 dataOffset: 6
09-15 13:29:37.489  9044  9439 D OPENHU  : [79] Companion.decrypt | RECV: AUDIO Media Data type: 0 flags: 11 size: 8202 dataOffset: 2
09-15 13:29:37.532  9044  9439 D OPENHU  : [79] Companion.decrypt | RECV: AUDIO Media Data type: 0 flags: 11 size: 8202 dataOffset: 2
09-15 13:29:37.575  9044  9439 D OPENHU  : [79] Companion.decrypt | RECV: AUDIO Media Data type: 0 flags: 11 size: 8202 dataOffset: 2
09-15 13:29:37.620  9044  9439 D OPENHU  : [79] Companion.decrypt | RECV: AUDIO Media Data type: 0 flags: 11 size: 8202 dataOffset: 2
09-15 13:29:37.640  9044  9044 I OPENHU  : [2] TextureProjectionView.onSurfaceTextureUpdated | TextureProjectionView: displayed 133 frames in 5035ms (26fps), longFrames=1
09-15 13:29:37.660  9044  9439 D OPENHU  : [79] Companion.decrypt | RECV: AUDIO Media Data type: 0 flags: 11 size: 8202 dataOffset: 2
09-15 13:29:37.702  9044  9439 D OPENHU  : [79] Companion.decrypt | RECV: AUDIO Media Data type: 0 flags: 11 size: 8202 dataOffset: 2
09-15 13:29:37.743  9044  9439 D OPENHU  : [79] Companion.decrypt | RECV: AUDIO Media Data type: 0 flags: 11 size: 8202 dataOffset: 2
09-15 13:29:37.786  9044  9439 D OPENHU  : [79] Companion.decrypt | RECV: AUDIO Media Data type: 0 flags: 11 size: 8202 dataOffset: 2
09-15 13:29:37.828  9044  9439 D OPENHU  : [79] Companion.decrypt | RECV: AUDIO Media Data type: 0 flags: 11 size: 8202 dataOffset: 2
09-15 13:29:37.874  9044  9439 D OPENHU  : [79] Companion.decrypt | RECV: AUDIO Media Data type: 0 flags: 11 size: 8202 dataOffset: 2
09-15 13:29:37.915  9044  9439 D OPENHU  : [79] Companion.decrypt | RECV: AUDIO Media Data type: 0 flags: 11 size: 8202 dataOffset: 2
09-15 13:29:37.959  9044  9439 D OPENHU  : [79] Companion.decrypt | RECV: AUDIO Media Data type: 0 flags: 11 size: 8202 dataOffset: 2
09-15 13:29:37.995  9044  9044 V OPENHU  : [2] GpsLocation.onLocationChanged | GpsLocation: fix received
09-15 13:29:38.001  9044  9439 D OPENHU  : [79] Companion.decrypt | RECV: AUDIO Media Data type: 0 flags: 11 size: 8202 dataOffset: 2
09-15 13:29:38.004  9044  9044 V OPENHU  : [2] AapTransport.send | SENSOR Sensor Event type: 32771 flags: 11 size: 46 dataOffset: 6
09-15 13:29:38.043  9044  9439 D OPENHU  : [79] Companion.decrypt | RECV: AUDIO Media Data type: 0 flags: 11 size: 8202 dataOffset: 2
09-15 13:29:38.050  9044  9439 D OPENHU  : [79] Companion.decrypt | RECV: MUSIC_PLAYBACK Media Playback Status type: 32769 flags: 11 size: 17 dataOffset: 2
09-15 13:29:38.052  9044  9439 D OPENHU  : [79] AapMediaPlayback.processStatusPacket | AapMediaPlayback: status mediaSource='VLC', playbackSeconds(u32)=73, state=PLAYING
09-15 13:29:38.084  9044  9439 D OPENHU  : [79] Companion.decrypt | RECV: AUDIO Media Data type: 0 flags: 11 size: 8202 dataOffset: 2
09-15 13:29:38.127  9044  9439 D OPENHU  : [79] Companion.decrypt | RECV: AUDIO Media Data type: 0 flags: 11 size: 8202 dataOffset: 2
09-15 13:29:38.169  9044  9439 D OPENHU  : [79] Companion.decrypt | RECV: AUDIO Media Data type: 0 flags: 11 size: 8202 dataOffset: 2
09-15 13:29:38.211  9044  9439 D OPENHU  : [79] Companion.decrypt | RECV: AUDIO Media Data type: 0 flags: 11 size: 8202 dataOffset: 2
09-15 13:29:38.262  9044  9439 D OPENHU  : [79] Companion.decrypt | RECV: AUDIO Media Data type: 0 flags: 11 size: 8202 dataOffset: 2
09-15 13:29:38.297  9044  9439 D OPENHU  : [79] Companion.decrypt | RECV: AUDIO Media Data type: 0 flags: 11 size: 8202 dataOffset: 2
09-15 13:29:38.343  9044  9439 D OPENHU  : [79] Companion.decrypt | RECV: AUDIO Media Data type: 0 flags: 11 size: 8202 dataOffset: 2
09-15 13:29:38.384  9044  9439 D OPENHU  : [79] Companion.decrypt | RECV: AUDIO Media Data type: 0 flags: 11 size: 8202 dataOffset: 2
09-15 13:29:38.426  9044  9439 D OPENHU  : [79] Companion.decrypt | RECV: AUDIO Media Data type: 0 flags: 11 size: 8202 dataOffset: 2
09-15 13:29:38.452  9044  9439 D OPENHU  : [79] Companion.decrypt | RECV: CONTROL Ping Request type: 11 flags: 11 size: 12 dataOffset: 2
09-15 13:29:38.454  9044  9439 V OPENHU  : [79] AapTransport.send | CONTROL Ping Response type: 12 flags: 11 size: 14 dataOffset: 6
09-15 13:29:38.469  9044  9439 D OPENHU  : [79] Companion.decrypt | RECV: AUDIO Media Data type: 0 flags: 11 size: 8202 dataOffset: 2
09-15 13:29:38.512  9044  9439 D OPENHU  : [79] Companion.decrypt | RECV: AUDIO Media Data type: 0 flags: 11 size: 8202 dataOffset: 2
09-15 13:29:38.555  9044  9439 D OPENHU  : [79] Companion.decrypt | RECV: AUDIO Media Data type: 0 flags: 11 size: 8202 dataOffset: 2
09-15 13:29:38.598  9044  9439 D OPENHU  : [79] Companion.decrypt | RECV: AUDIO Media Data type: 0 flags: 11 size: 8202 dataOffset: 2
09-15 13:29:38.642  9044  9439 D OPENHU  : [79] Companion.decrypt | RECV: AUDIO Media Data type: 0 flags: 11 size: 8202 dataOffset: 2
09-15 13:29:38.683  9044  9439 D OPENHU  : [79] Companion.decrypt | RECV: AUDIO Media Data type: 0 flags: 11 size: 8202 dataOffset: 2
09-15 13:29:38.725  9044  9439 D OPENHU  : [79] Companion.decrypt | RECV: AUDIO Media Data type: 0 flags: 11 size: 8202 dataOffset: 2
09-15 13:29:38.766  9044  9439 D OPENHU  : [79] Companion.decrypt | RECV: AUDIO Media Data type: 0 flags: 11 size: 8202 dataOffset: 2
09-15 13:29:38.809  9044  9439 D OPENHU  : [79] Companion.decrypt | RECV: AUDIO Media Data type: 0 flags: 11 size: 8202 dataOffset: 2
09-15 13:29:38.853  9044  9439 D OPENHU  : [79] Companion.decrypt | RECV: AUDIO Media Data type: 0 flags: 11 size: 8202 dataOffset: 2
09-15 13:29:38.896  9044  9439 D OPENHU  : [79] Companion.decrypt | RECV: AUDIO Media Data type: 0 flags: 11 size: 8202 dataOffset: 2
09-15 13:29:38.939  9044  9439 D OPENHU  : [79] Companion.decrypt | RECV: AUDIO Media Data type: 0 flags: 11 size: 8202 dataOffset: 2
09-15 13:29:38.983  9044  9439 D OPENHU  : [79] Companion.decrypt | RECV: AUDIO Media Data type: 0 flags: 11 size: 8202 dataOffset: 2
09-15 13:29:39.012  9044  9044 V OPENHU  : [2] GpsLocation.onLocationChanged | GpsLocation: fix received
09-15 13:29:39.022  9044  9044 V OPENHU  : [2] AapTransport.send | SENSOR Sensor Event type: 32771 flags: 11 size: 46 dataOffset: 6
09-15 13:29:39.024  9044  9439 D OPENHU  : [79] Companion.decrypt | RECV: AUDIO Media Data type: 0 flags: 11 size: 8202 dataOffset: 2
09-15 13:29:39.051  9044  9439 D OPENHU  : [79] Companion.decrypt | RECV: MUSIC_PLAYBACK Media Playback Status type: 32769 flags: 11 size: 17 dataOffset: 2
09-15 13:29:39.052  9044  9439 D OPENHU  : [79] AapMediaPlayback.processStatusPacket | AapMediaPlayback: status mediaSource='VLC', playbackSeconds(u32)=74, state=PLAYING
09-15 13:29:39.068  9044  9439 D OPENHU  : [79] Companion.decrypt | RECV: AUDIO Media Data type: 0 flags: 11 size: 8202 dataOffset: 2
09-15 13:29:39.108  9044  9439 D OPENHU  : [79] Companion.decrypt | RECV: AUDIO Media Data type: 0 flags: 11 size: 8202 dataOffset: 2
09-15 13:29:39.152  9044  9439 D OPENHU  : [79] Companion.decrypt | RECV: AUDIO Media Data type: 0 flags: 11 size: 8202 dataOffset: 2
09-15 13:29:39.197  9044  9439 D OPENHU  : [79] Companion.decrypt | RECV: AUDIO Media Data type: 0 flags: 11 size: 8202 dataOffset: 2
09-15 13:29:39.238  9044  9439 D OPENHU  : [79] Companion.decrypt | RECV: AUDIO Media Data type: 0 flags: 11 size: 8202 dataOffset: 2
09-15 13:29:39.280  9044  9439 D OPENHU  : [79] Companion.decrypt | RECV: AUDIO Media Data type: 0 flags: 11 size: 8202 dataOffset: 2
09-15 13:29:39.327  9044  9439 D OPENHU  : [79] Companion.decrypt | RECV: AUDIO Media Data type: 0 flags: 11 size: 8202 dataOffset: 2
09-15 13:29:39.369  9044  9439 D OPENHU  : [79] Companion.decrypt | RECV: AUDIO Media Data type: 0 flags: 11 size: 8202 dataOffset: 2
09-15 13:29:39.409  9044  9439 D OPENHU  : [79] Companion.decrypt | RECV: AUDIO Media Data type: 0 flags: 11 size: 8202 dataOffset: 2
09-15 13:29:39.453  9044  9439 D OPENHU  : [79] Companion.decrypt | RECV: AUDIO Media Data type: 0 flags: 11 size: 8202 dataOffset: 2
09-15 13:29:39.461  9044  9439 D OPENHU  : [79] Companion.decrypt | RECV: CONTROL Ping Request type: 11 flags: 11 size: 12 dataOffset: 2
09-15 13:29:39.463  9044  9439 V OPENHU  : [79] AapTransport.send | CONTROL Ping Response type: 12 flags: 11 size: 14 dataOffset: 6
09-15 13:29:39.497  9044  9439 D OPENHU  : [79] Companion.decrypt | RECV: AUDIO Media Data type: 0 flags: 11 size: 8202 dataOffset: 2
09-15 13:29:39.539  9044  9439 D OPENHU  : [79] Companion.decrypt | RECV: AUDIO Media Data type: 0 flags: 11 size: 8202 dataOffset: 2
09-15 13:29:39.578  9044  9439 D OPENHU  : [79] Companion.decrypt | RECV: AUDIO Media Data type: 0 flags: 11 size: 8202 dataOffset: 2
09-15 13:29:39.620  9044  9439 D OPENHU  : [79] Companion.decrypt | RECV: AUDIO Media Data type: 0 flags: 11 size: 8202 dataOffset: 2
09-15 13:29:39.664  9044  9439 D OPENHU  : [79] Companion.decrypt | RECV: AUDIO Media Data type: 0 flags: 11 size: 8202 dataOffset: 2
09-15 13:29:39.707  9044  9439 D OPENHU  : [79] Companion.decrypt | RECV: AUDIO Media Data type: 0 flags: 11 size: 8202 dataOffset: 2
09-15 13:29:39.749  9044  9439 D OPENHU  : [79] Companion.decrypt | RECV: AUDIO Media Data type: 0 flags: 11 size: 8202 dataOffset: 2
09-15 13:29:39.791  9044  9439 D OPENHU  : [79] Companion.decrypt | RECV: AUDIO Media Data type: 0 flags: 11 size: 8202 dataOffset: 2
09-15 13:29:39.834  9044  9439 D OPENHU  : [79] Companion.decrypt | RECV: AUDIO Media Data type: 0 flags: 11 size: 8202 dataOffset: 2
09-15 13:29:39.876  9044  9439 D OPENHU  : [79] Companion.decrypt | RECV: AUDIO Media Data type: 0 flags: 11 size: 8202 dataOffset: 2
09-15 13:29:39.918  9044  9439 D OPENHU  : [79] Companion.decrypt | RECV: AUDIO Media Data type: 0 flags: 11 size: 8202 dataOffset: 2
09-15 13:29:39.964  9044  9439 D OPENHU  : [79] Companion.decrypt | RECV: AUDIO Media Data type: 0 flags: 11 size: 8202 dataOffset: 2
09-15 13:29:39.997  9044  9044 V OPENHU  : [2] GpsLocation.onLocationChanged | GpsLocation: fix received
09-15 13:29:40.004  9044  9439 D OPENHU  : [79] Companion.decrypt | RECV: AUDIO Media Data type: 0 flags: 11 size: 8202 dataOffset: 2
09-15 13:29:40.014  9044  9044 V OPENHU  : [2] AapTransport.send | SENSOR Sensor Event type: 32771 flags: 11 size: 46 dataOffset: 6
09-15 13:29:40.048  9044  9439 D OPENHU  : [79] Companion.decrypt | RECV: AUDIO Media Data type: 0 flags: 11 size: 8202 dataOffset: 2
09-15 13:29:40.053  9044  9439 D OPENHU  : [79] Companion.decrypt | RECV: MUSIC_PLAYBACK Media Playback Status type: 32769 flags: 11 size: 17 dataOffset: 2
09-15 13:29:40.054  9044  9439 D OPENHU  : [79] AapMediaPlayback.processStatusPacket | AapMediaPlayback: status mediaSource='VLC', playbackSeconds(u32)=75, state=PLAYING
09-15 13:29:40.089  9044  9439 D OPENHU  : [79] Companion.decrypt | RECV: AUDIO Media Data type: 0 flags: 11 size: 8202 dataOffset: 2
09-15 13:29:40.132  9044  9439 D OPENHU  : [79] Companion.decrypt | RECV: AUDIO Media Data type: 0 flags: 11 size: 8202 dataOffset: 2
09-15 13:29:40.177  9044  9439 D OPENHU  : [79] Companion.decrypt | RECV: AUDIO Media Data type: 0 flags: 11 size: 8202 dataOffset: 2
09-15 13:29:40.218  9044  9439 D OPENHU  : [79] Companion.decrypt | RECV: AUDIO Media Data type: 0 flags: 11 size: 8202 dataOffset: 2
09-15 13:29:40.262  9044  9439 D OPENHU  : [79] Companion.decrypt | RECV: AUDIO Media Data type: 0 flags: 11 size: 8202 dataOffset: 2
09-15 13:29:40.305  9044  9439 D OPENHU  : [79] Companion.decrypt | RECV: AUDIO Media Data type: 0 flags: 11 size: 8202 dataOffset: 2
09-15 13:29:40.345  9044  9439 D OPENHU  : [79] Companion.decrypt | RECV: AUDIO Media Data type: 0 flags: 11 size: 8202 dataOffset: 2
09-15 13:29:40.387  9044  9439 D OPENHU  : [79] Companion.decrypt | RECV: AUDIO Media Data type: 0 flags: 11 size: 8202 dataOffset: 2
09-15 13:29:40.429  9044  9439 D OPENHU  : [79] Companion.decrypt | RECV: AUDIO Media Data type: 0 flags: 11 size: 8202 dataOffset: 2
09-15 13:29:40.453  9044  9439 D OPENHU  : [79] Companion.decrypt | RECV: CONTROL Ping Request type: 11 flags: 11 size: 12 dataOffset: 2
09-15 13:29:40.454  9044  9439 V OPENHU  : [79] AapTransport.send | CONTROL Ping Response type: 12 flags: 11 size: 14 dataOffset: 6
09-15 13:29:40.474  9044  9439 D OPENHU  : [79] Companion.decrypt | RECV: AUDIO Media Data type: 0 flags: 11 size: 8202 dataOffset: 2
09-15 13:29:40.519  9044  9439 D OPENHU  : [79] Companion.decrypt | RECV: AUDIO Media Data type: 0 flags: 11 size: 8202 dataOffset: 2
09-15 13:29:40.560  9044  9439 D OPENHU  : [79] Companion.decrypt | RECV: AUDIO Media Data type: 0 flags: 11 size: 8202 dataOffset: 2
09-15 13:29:40.601  9044  9439 D OPENHU  : [79] Companion.decrypt | RECV: AUDIO Media Data type: 0 flags: 11 size: 8202 dataOffset: 2
09-15 13:29:40.644  9044  9439 D OPENHU  : [79] Companion.decrypt | RECV: AUDIO Media Data type: 0 flags: 11 size: 8202 dataOffset: 2
09-15 13:29:40.687  9044  9439 D OPENHU  : [79] Companion.decrypt | RECV: AUDIO Media Data type: 0 flags: 11 size: 8202 dataOffset: 2
09-15 13:29:40.732  9044  9439 D OPENHU  : [79] Companion.decrypt | RECV: AUDIO Media Data type: 0 flags: 11 size: 8202 dataOffset: 2
09-15 13:29:40.773  9044  9439 D OPENHU  : [79] Companion.decrypt | RECV: AUDIO Media Data type: 0 flags: 11 size: 8202 dataOffset: 2
09-15 13:29:40.816  9044  9439 D OPENHU  : [79] Companion.decrypt | RECV: AUDIO Media Data type: 0 flags: 11 size: 8202 dataOffset: 2
09-15 13:29:40.859  9044  9439 D OPENHU  : [79] Companion.decrypt | RECV: AUDIO Media Data type: 0 flags: 11 size: 8202 dataOffset: 2
09-15 13:29:40.900  9044  9439 D OPENHU  : [79] Companion.decrypt | RECV: AUDIO Media Data type: 0 flags: 11 size: 8202 dataOffset: 2
09-15 13:29:40.943  9044  9439 D OPENHU  : [79] Companion.decrypt | RECV: AUDIO Media Data type: 0 flags: 11 size: 8202 dataOffset: 2
09-15 13:29:40.989  9044  9439 D OPENHU  : [79] Companion.decrypt | RECV: AUDIO Media Data type: 0 flags: 11 size: 8202 dataOffset: 2
09-15 13:29:41.017  9044  9044 V OPENHU  : [2] GpsLocation.onLocationChanged | GpsLocation: fix received
09-15 13:29:41.025  9044  9044 V OPENHU  : [2] AapTransport.send | SENSOR Sensor Event type: 32771 flags: 11 size: 46 dataOffset: 6
09-15 13:29:41.029  9044  9439 D OPENHU  : [79] Companion.decrypt | RECV: AUDIO Media Data type: 0 flags: 11 size: 8202 dataOffset: 2
09-15 13:29:41.055  9044  9439 D OPENHU  : [79] Companion.decrypt | RECV: MUSIC_PLAYBACK Media Playback Status type: 32769 flags: 11 size: 17 dataOffset: 2
09-15 13:29:41.056  9044  9439 D OPENHU  : [79] AapMediaPlayback.processStatusPacket | AapMediaPlayback: status mediaSource='VLC', playbackSeconds(u32)=76, state=PLAYING
09-15 13:29:41.071  9044  9439 D OPENHU  : [79] Companion.decrypt | RECV: AUDIO Media Data type: 0 flags: 11 size: 8202 dataOffset: 2
09-15 13:29:41.117  9044  9439 D OPENHU  : [79] Companion.decrypt | RECV: AUDIO Media Data type: 0 flags: 11 size: 8202 dataOffset: 2
09-15 13:29:41.155  9044  9439 D OPENHU  : [79] Companion.decrypt | RECV: AUDIO Media Data type: 0 flags: 11 size: 8202 dataOffset: 2
09-15 13:29:41.199  9044  9439 D OPENHU  : [79] Companion.decrypt | RECV: AUDIO Media Data type: 0 flags: 11 size: 8202 dataOffset: 2
09-15 13:29:41.242  9044  9439 D OPENHU  : [79] Companion.decrypt | RECV: AUDIO Media Data type: 0 flags: 11 size: 8202 dataOffset: 2
09-15 13:29:41.285  9044  9439 D OPENHU  : [79] Companion.decrypt | RECV: AUDIO Media Data type: 0 flags: 11 size: 8202 dataOffset: 2
09-15 13:29:41.327  9044  9439 D OPENHU  : [79] Companion.decrypt | RECV: AUDIO Media Data type: 0 flags: 11 size: 8202 dataOffset: 2
09-15 13:29:41.370  9044  9439 D OPENHU  : [79] Companion.decrypt | RECV: AUDIO Media Data type: 0 flags: 11 size: 8202 dataOffset: 2
09-15 13:29:41.413  9044  9439 D OPENHU  : [79] Companion.decrypt | RECV: AUDIO Media Data type: 0 flags: 11 size: 8202 dataOffset: 2
09-15 13:29:41.455  9044  9439 D OPENHU  : [79] Companion.decrypt | RECV: CONTROL Ping Request type: 11 flags: 11 size: 12 dataOffset: 2
09-15 13:29:41.456  9044  9439 V OPENHU  : [79] AapTransport.send | CONTROL Ping Response type: 12 flags: 11 size: 14 dataOffset: 6
09-15 13:29:41.459  9044  9439 D OPENHU  : [79] Companion.decrypt | RECV: AUDIO Media Data type: 0 flags: 11 size: 8202 dataOffset: 2
09-15 13:29:41.500  9044  9439 D OPENHU  : [79] Companion.decrypt | RECV: AUDIO Media Data type: 0 flags: 11 size: 8202 dataOffset: 2
09-15 13:29:41.542  9044  9439 D OPENHU  : [79] Companion.decrypt | RECV: AUDIO Media Data type: 0 flags: 11 size: 8202 dataOffset: 2
09-15 13:29:41.583  9044  9439 D OPENHU  : [79] Companion.decrypt | RECV: AUDIO Media Data type: 0 flags: 11 size: 8202 dataOffset: 2
09-15 13:29:41.625  9044  9439 D OPENHU  : [79] Companion.decrypt | RECV: AUDIO Media Data type: 0 flags: 11 size: 8202 dataOffset: 2
09-15 13:29:41.668  9044  9439 D OPENHU  : [79] Companion.decrypt | RECV: AUDIO Media Data type: 0 flags: 11 size: 8202 dataOffset: 2
09-15 13:29:41.711  9044  9439 D OPENHU  : [79] Companion.decrypt | RECV: AUDIO Media Data type: 0 flags: 11 size: 8202 dataOffset: 2
09-15 13:29:41.754  9044  9439 D OPENHU  : [79] Companion.decrypt | RECV: AUDIO Media Data type: 0 flags: 11 size: 8202 dataOffset: 2
09-15 13:29:41.796  9044  9439 D OPENHU  : [79] Companion.decrypt | RECV: AUDIO Media Data type: 0 flags: 11 size: 8202 dataOffset: 2
09-15 13:29:41.841  9044  9439 D OPENHU  : [79] Companion.decrypt | RECV: AUDIO Media Data type: 0 flags: 11 size: 8202 dataOffset: 2
09-15 13:29:41.884  9044  9439 D OPENHU  : [79] Companion.decrypt | RECV: AUDIO Media Data type: 0 flags: 11 size: 8202 dataOffset: 2
09-15 13:29:41.926  9044  9439 D OPENHU  : [79] Companion.decrypt | RECV: AUDIO Media Data type: 0 flags: 11 size: 8202 dataOffset: 2
09-15 13:29:41.969  9044  9439 D OPENHU  : [79] Companion.decrypt | RECV: AUDIO Media Data type: 0 flags: 11 size: 8202 dataOffset: 2
09-15 13:29:41.994  9044  9044 V OPENHU  : [2] GpsLocation.onLocationChanged | GpsLocation: fix received
09-15 13:29:42.001  9044  9044 V OPENHU  : [2] AapTransport.send | SENSOR Sensor Event type: 32771 flags: 11 size: 46 dataOffset: 6
09-15 13:29:42.013  9044  9439 D OPENHU  : [79] Companion.decrypt | RECV: AUDIO Media Data type: 0 flags: 11 size: 8202 dataOffset: 2
09-15 13:29:42.055  9044  9439 D OPENHU  : [79] Companion.decrypt | RECV: AUDIO Media Data type: 0 flags: 11 size: 8202 dataOffset: 2
09-15 13:29:42.061  9044  9439 D OPENHU  : [79] Companion.decrypt | RECV: MUSIC_PLAYBACK Media Playback Status type: 32769 flags: 11 size: 17 dataOffset: 2
09-15 13:29:42.063  9044  9439 D OPENHU  : [79] AapMediaPlayback.processStatusPacket | AapMediaPlayback: status mediaSource='VLC', playbackSeconds(u32)=77, state=PLAYING
09-15 13:29:42.100  9044  9439 D OPENHU  : [79] Companion.decrypt | RECV: AUDIO Media Data type: 0 flags: 11 size: 8202 dataOffset: 2
09-15 13:29:42.139  9044  9439 D OPENHU  : [79] Companion.decrypt | RECV: AUDIO Media Data type: 0 flags: 11 size: 8202 dataOffset: 2
09-15 13:29:42.183  9044  9439 D OPENHU  : [79] Companion.decrypt | RECV: AUDIO Media Data type: 0 flags: 11 size: 8202 dataOffset: 2
09-15 13:29:42.223  9044  9439 D OPENHU  : [79] Companion.decrypt | RECV: AUDIO Media Data type: 0 flags: 11 size: 8202 dataOffset: 2
09-15 13:29:42.266  9044  9439 D OPENHU  : [79] Companion.decrypt | RECV: AUDIO Media Data type: 0 flags: 11 size: 8202 dataOffset: 2
09-15 13:29:42.308  9044  9439 D OPENHU  : [79] Companion.decrypt | RECV: AUDIO Media Data type: 0 flags: 11 size: 8202 dataOffset: 2
09-15 13:29:42.343  9044  9477 I OPENHU  : [89] VideoDecoder.logThroughput | Throughput over 5008ms: rendered=178 (35fps), fed=178 (35fps), dropped=0, skipped=0, concealed=0, inputWait=83ms, enqueueWait=0ms, codec=c2.unisoc.avc.decoder, presented=178 (35fps), decodeLatency=9ms p95=13ms (178 frames)
09-15 13:29:42.350  9044  9439 D OPENHU  : [79] Companion.decrypt | RECV: AUDIO Media Data type: 0 flags: 11 size: 8202 dataOffset: 2
09-15 13:29:42.393  9044  9439 D OPENHU  : [79] Companion.decrypt | RECV: AUDIO Media Data type: 0 flags: 11 size: 8202 dataOffset: 2
09-15 13:29:42.441  9044  9439 D OPENHU  : [79] Companion.decrypt | RECV: AUDIO Media Data type: 0 flags: 11 size: 8202 dataOffset: 2
09-15 13:29:42.455  9044  9439 D OPENHU  : [79] Companion.decrypt | RECV: CONTROL Ping Request type: 11 flags: 11 size: 12 dataOffset: 2
09-15 13:29:42.456  9044  9439 V OPENHU  : [79] AapTransport.send | CONTROL Ping Response type: 12 flags: 11 size: 14 dataOffset: 6
09-15 13:29:42.479  9044  9439 D OPENHU  : [79] Companion.decrypt | RECV: AUDIO Media Data type: 0 flags: 11 size: 8202 dataOffset: 2
09-15 13:29:42.522  9044  9439 D OPENHU  : [79] Companion.decrypt | RECV: AUDIO Media Data type: 0 flags: 11 size: 8202 dataOffset: 2
09-15 13:29:42.564  9044  9439 D OPENHU  : [79] Companion.decrypt | RECV: AUDIO Media Data type: 0 flags: 11 size: 8202 dataOffset: 2
09-15 13:29:42.608  9044  9439 D OPENHU  : [79] Companion.decrypt | RECV: AUDIO Media Data type: 0 flags: 11 size: 8202 dataOffset: 2
09-15 13:29:42.640  9044  9044 I OPENHU  : [2] TextureProjectionView.onSurfaceTextureUpdated | TextureProjectionView: displayed 156 frames in 5000ms (31fps), longFrames=1
09-15 13:29:42.653  9044  9439 D OPENHU  : [79] Companion.decrypt | RECV: AUDIO Media Data type: 0 flags: 11 size: 8202 dataOffset: 2
09-15 13:29:42.693  9044  9439 D OPENHU  : [79] Companion.decrypt | RECV: AUDIO Media Data type: 0 flags: 11 size: 8202 dataOffset: 2
09-15 13:29:42.736  9044  9439 D OPENHU  : [79] Companion.decrypt | RECV: AUDIO Media Data type: 0 flags: 11 size: 8202 dataOffset: 2
09-15 13:29:42.778  9044  9439 D OPENHU  : [79] Companion.decrypt | RECV: AUDIO Media Data type: 0 flags: 11 size: 8202 dataOffset: 2
09-15 13:29:42.820  9044  9439 D OPENHU  : [79] Companion.decrypt | RECV: AUDIO Media Data type: 0 flags: 11 size: 8202 dataOffset: 2
09-15 13:29:42.863  9044  9439 D OPENHU  : [79] Companion.decrypt | RECV: AUDIO Media Data type: 0 flags: 11 size: 8202 dataOffset: 2
09-15 13:29:42.907  9044  9439 D OPENHU  : [79] Companion.decrypt | RECV: AUDIO Media Data type: 0 flags: 11 size: 8202 dataOffset: 2
09-15 13:29:42.950  9044  9439 D OPENHU  : [79] Companion.decrypt | RECV: AUDIO Media Data type: 0 flags: 11 size: 8202 dataOffset: 2
09-15 13:29:42.993  9044  9439 D OPENHU  : [79] Companion.decrypt | RECV: AUDIO Media Data type: 0 flags: 11 size: 8202 dataOffset: 2
09-15 13:29:43.005  9044  9044 V OPENHU  : [2] GpsLocation.onLocationChanged | GpsLocation: fix received
09-15 13:29:43.014  9044  9044 V OPENHU  : [2] AapTransport.send | SENSOR Sensor Event type: 32771 flags: 11 size: 46 dataOffset: 6
09-15 13:29:43.036  9044  9439 D OPENHU  : [79] Companion.decrypt | RECV: AUDIO Media Data type: 0 flags: 11 size: 8202 dataOffset: 2
09-15 13:29:43.064  9044  9439 D OPENHU  : [79] Companion.decrypt | RECV: MUSIC_PLAYBACK Media Playback Status type: 32769 flags: 11 size: 17 dataOffset: 2
09-15 13:29:43.066  9044  9439 D OPENHU  : [79] AapMediaPlayback.processStatusPacket | AapMediaPlayback: status mediaSource='VLC', playbackSeconds(u32)=78, state=PLAYING
09-15 13:29:43.075  9044  9439 D OPENHU  : [79] Companion.decrypt | RECV: AUDIO Media Data type: 0 flags: 11 size: 8202 dataOffset: 2
09-15 13:29:43.119  9044  9439 D OPENHU  : [79] Companion.decrypt | RECV: AUDIO Media Data type: 0 flags: 11 size: 8202 dataOffset: 2
09-15 13:29:43.162  9044  9439 D OPENHU  : [79] Companion.decrypt | RECV: AUDIO Media Data type: 0 flags: 11 size: 8202 dataOffset: 2
09-15 13:29:43.205  9044  9439 D OPENHU  : [79] Companion.decrypt | RECV: AUDIO Media Data type: 0 flags: 11 size: 8202 dataOffset: 2
09-15 13:29:43.247  9044  9439 D OPENHU  : [79] Companion.decrypt | RECV: AUDIO Media Data type: 0 flags: 11 size: 8202 dataOffset: 2
09-15 13:29:43.291  9044  9439 D OPENHU  : [79] Companion.decrypt | RECV: AUDIO Media Data type: 0 flags: 11 size: 8202 dataOffset: 2
09-15 13:29:43.333  9044  9439 D OPENHU  : [79] Companion.decrypt | RECV: AUDIO Media Data type: 0 flags: 11 size: 8202 dataOffset: 2
09-15 13:29:43.376  9044  9439 D OPENHU  : [79] Companion.decrypt | RECV: AUDIO Media Data type: 0 flags: 11 size: 8202 dataOffset: 2
09-15 13:29:43.421  9044  9439 D OPENHU  : [79] Companion.decrypt | RECV: AUDIO Media Data type: 0 flags: 11 size: 8202 dataOffset: 2
09-15 13:29:43.459  9044  9439 D OPENHU  : [79] Companion.decrypt | RECV: CONTROL Ping Request type: 11 flags: 11 size: 12 dataOffset: 2
09-15 13:29:43.461  9044  9439 V OPENHU  : [79] AapTransport.send | CONTROL Ping Response type: 12 flags: 11 size: 14 dataOffset: 6
09-15 13:29:43.465  9044  9439 D OPENHU  : [79] Companion.decrypt | RECV: AUDIO Media Data type: 0 flags: 11 size: 8202 dataOffset: 2
09-15 13:29:43.503  9044  9439 D OPENHU  : [79] Companion.decrypt | RECV: AUDIO Media Data type: 0 flags: 11 size: 8202 dataOffset: 2
09-15 13:29:43.547  9044  9439 D OPENHU  : [79] Companion.decrypt | RECV: AUDIO Media Data type: 0 flags: 11 size: 8202 dataOffset: 2
09-15 13:29:43.590  9044  9439 D OPENHU  : [79] Companion.decrypt | RECV: AUDIO Media Data type: 0 flags: 11 size: 8202 dataOffset: 2
09-15 13:29:43.632  9044  9439 D OPENHU  : [79] Companion.decrypt | RECV: AUDIO Media Data type: 0 flags: 11 size: 8202 dataOffset: 2
09-15 13:29:43.674  9044  9439 D OPENHU  : [79] Companion.decrypt | RECV: AUDIO Media Data type: 0 flags: 11 size: 8202 dataOffset: 2
09-15 13:29:43.716  9044  9439 D OPENHU  : [79] Companion.decrypt | RECV: AUDIO Media Data type: 0 flags: 11 size: 8202 dataOffset: 2
09-15 13:29:43.759  9044  9439 D OPENHU  : [79] Companion.decrypt | RECV: AUDIO Media Data type: 0 flags: 11 size: 8202 dataOffset: 2
09-15 13:29:43.802  9044  9439 D OPENHU  : [79] Companion.decrypt | RECV: AUDIO Media Data type: 0 flags: 11 size: 8202 dataOffset: 2
09-15 13:29:43.845  9044  9439 D OPENHU  : [79] Companion.decrypt | RECV: AUDIO Media Data type: 0 flags: 11 size: 8202 dataOffset: 2
09-15 13:29:43.885  9044  9439 D OPENHU  : [79] Companion.decrypt | RECV: AUDIO Media Data type: 0 flags: 11 size: 8202 dataOffset: 2
09-15 13:29:43.933  9044  9439 D OPENHU  : [79] Companion.decrypt | RECV: AUDIO Media Data type: 0 flags: 11 size: 8202 dataOffset: 2
09-15 13:29:43.976  9044  9439 D OPENHU  : [79] Companion.decrypt | RECV: AUDIO Media Data type: 0 flags: 11 size: 8202 dataOffset: 2
09-15 13:29:43.998  9044  9044 V OPENHU  : [2] GpsLocation.onLocationChanged | GpsLocation: fix received
09-15 13:29:44.004  9044  9044 V OPENHU  : [2] AapTransport.send | SENSOR Sensor Event type: 32771 flags: 11 size: 46 dataOffset: 6
09-15 13:29:44.015  9044  9439 D OPENHU  : [79] Companion.decrypt | RECV: AUDIO Media Data type: 0 flags: 11 size: 8202 dataOffset: 2
09-15 13:29:44.058  9044  9439 D OPENHU  : [79] Companion.decrypt | RECV: AUDIO Media Data type: 0 flags: 11 size: 8202 dataOffset: 2
09-15 13:29:44.063  9044  9439 D OPENHU  : [79] Companion.decrypt | RECV: MUSIC_PLAYBACK Media Playback Status type: 32769 flags: 11 size: 17 dataOffset: 2
09-15 13:29:44.064  9044  9439 D OPENHU  : [79] AapMediaPlayback.processStatusPacket | AapMediaPlayback: status mediaSource='VLC', playbackSeconds(u32)=79, state=PLAYING
09-15 13:29:44.101  9044  9439 D OPENHU  : [79] Companion.decrypt | RECV: AUDIO Media Data type: 0 flags: 11 size: 8202 dataOffset: 2
09-15 13:29:44.144  9044  9439 D OPENHU  : [79] Companion.decrypt | RECV: AUDIO Media Data type: 0 flags: 11 size: 8202 dataOffset: 2
09-15 13:29:44.188  9044  9439 D OPENHU  : [79] Companion.decrypt | RECV: AUDIO Media Data type: 0 flags: 11 size: 8202 dataOffset: 2
09-15 13:29:44.228  9044  9439 D OPENHU  : [79] Companion.decrypt | RECV: AUDIO Media Data type: 0 flags: 11 size: 8202 dataOffset: 2
09-15 13:29:44.271  9044  9439 D OPENHU  : [79] Companion.decrypt | RECV: AUDIO Media Data type: 0 flags: 11 size: 8202 dataOffset: 2
09-15 13:29:44.313  9044  9439 D OPENHU  : [79] Companion.decrypt | RECV: AUDIO Media Data type: 0 flags: 11 size: 8202 dataOffset: 2
09-15 13:29:44.357  9044  9439 D OPENHU  : [79] Companion.decrypt | RECV: AUDIO Media Data type: 0 flags: 11 size: 8202 dataOffset: 2
09-15 13:29:44.400  9044  9439 D OPENHU  : [79] Companion.decrypt | RECV: AUDIO Media Data type: 0 flags: 11 size: 8202 dataOffset: 2
09-15 13:29:44.441  9044  9439 D OPENHU  : [79] Companion.decrypt | RECV: AUDIO Media Data type: 0 flags: 11 size: 8202 dataOffset: 2
09-15 13:29:44.459  9044  9439 D OPENHU  : [79] Companion.decrypt | RECV: CONTROL Ping Request type: 11 flags: 11 size: 12 dataOffset: 2
09-15 13:29:44.460  9044  9439 V OPENHU  : [79] AapTransport.send | CONTROL Ping Response type: 12 flags: 11 size: 14 dataOffset: 6
09-15 13:29:44.484  9044  9439 D OPENHU  : [79] Companion.decrypt | RECV: AUDIO Media Data type: 0 flags: 11 size: 8202 dataOffset: 2
09-15 13:29:44.527  9044  9439 D OPENHU  : [79] Companion.decrypt | RECV: AUDIO Media Data type: 0 flags: 11 size: 8202 dataOffset: 2
09-15 13:29:44.571  9044  9439 D OPENHU  : [79] Companion.decrypt | RECV: AUDIO Media Data type: 0 flags: 11 size: 8202 dataOffset: 2
09-15 13:29:44.612  9044  9439 D OPENHU  : [79] Companion.decrypt | RECV: AUDIO Media Data type: 0 flags: 11 size: 8202 dataOffset: 2
09-15 13:29:44.658  9044  9439 D OPENHU  : [79] Companion.decrypt | RECV: AUDIO Media Data type: 0 flags: 11 size: 8202 dataOffset: 2
09-15 13:29:44.699  9044  9439 D OPENHU  : [79] Companion.decrypt | RECV: AUDIO Media Data type: 0 flags: 11 size: 8202 dataOffset: 2
09-15 13:29:44.740  9044  9439 D OPENHU  : [79] Companion.decrypt | RECV: AUDIO Media Data type: 0 flags: 11 size: 8202 dataOffset: 2
09-15 13:29:44.784  9044  9439 D OPENHU  : [79] Companion.decrypt | RECV: AUDIO Media Data type: 0 flags: 11 size: 8202 dataOffset: 2
09-15 13:29:44.826  9044  9439 D OPENHU  : [79] Companion.decrypt | RECV: AUDIO Media Data type: 0 flags: 11 size: 8202 dataOffset: 2
09-15 13:29:44.868  9044  9439 D OPENHU  : [79] Companion.decrypt | RECV: AUDIO Media Data type: 0 flags: 11 size: 8202 dataOffset: 2
09-15 13:29:44.914  9044  9439 D OPENHU  : [79] Companion.decrypt | RECV: AUDIO Media Data type: 0 flags: 11 size: 8202 dataOffset: 2
09-15 13:29:44.958  9044  9439 D OPENHU  : [79] Companion.decrypt | RECV: AUDIO Media Data type: 0 flags: 11 size: 8202 dataOffset: 2
09-15 13:29:45.002  9044  9439 D OPENHU  : [79] Companion.decrypt | RECV: AUDIO Media Data type: 0 flags: 11 size: 8202 dataOffset: 2
09-15 13:29:45.014  9044  9044 V OPENHU  : [2] GpsLocation.onLocationChanged | GpsLocation: fix received
09-15 13:29:45.031  9044  9044 V OPENHU  : [2] AapTransport.send | SENSOR Sensor Event type: 32771 flags: 11 size: 46 dataOffset: 6
09-15 13:29:45.038  9044  9439 D OPENHU  : [79] Companion.decrypt | RECV: AUDIO Media Data type: 0 flags: 11 size: 8202 dataOffset: 2
09-15 13:29:45.067  9044  9439 D OPENHU  : [79] Companion.decrypt | RECV: MUSIC_PLAYBACK Media Playback Status type: 32769 flags: 11 size: 17 dataOffset: 2
09-15 13:29:45.068  9044  9439 D OPENHU  : [79] AapMediaPlayback.processStatusPacket | AapMediaPlayback: status mediaSource='VLC', playbackSeconds(u32)=80, state=PLAYING
09-15 13:29:45.082  9044  9439 D OPENHU  : [79] Companion.decrypt | RECV: AUDIO Media Data type: 0 flags: 11 size: 8202 dataOffset: 2
09-15 13:29:45.124  9044  9439 D OPENHU  : [79] Companion.decrypt | RECV: AUDIO Media Data type: 0 flags: 11 size: 8202 dataOffset: 2
09-15 13:29:45.167  9044  9439 D OPENHU  : [79] Companion.decrypt | RECV: AUDIO Media Data type: 0 flags: 11 size: 8202 dataOffset: 2
09-15 13:29:45.210  9044  9439 D OPENHU  : [79] Companion.decrypt | RECV: AUDIO Media Data type: 0 flags: 11 size: 8202 dataOffset: 2
09-15 13:29:45.252  9044  9439 D OPENHU  : [79] Companion.decrypt | RECV: AUDIO Media Data type: 0 flags: 11 size: 8202 dataOffset: 2
09-15 13:29:45.297  9044  9439 D OPENHU  : [79] Companion.decrypt | RECV: AUDIO Media Data type: 0 flags: 11 size: 8202 dataOffset: 2
09-15 13:29:45.338  9044  9439 D OPENHU  : [79] Companion.decrypt | RECV: AUDIO Media Data type: 0 flags: 11 size: 8202 dataOffset: 2
09-15 13:29:45.383  9044  9439 D OPENHU  : [79] Companion.decrypt | RECV: AUDIO Media Data type: 0 flags: 11 size: 8202 dataOffset: 2
09-15 13:29:45.424  9044  9439 D OPENHU  : [79] Companion.decrypt | RECV: AUDIO Media Data type: 0 flags: 11 size: 8202 dataOffset: 2
09-15 13:29:45.458  9044  9439 D OPENHU  : [79] Companion.decrypt | RECV: CONTROL Ping Request type: 11 flags: 11 size: 12 dataOffset: 2
09-15 13:29:45.459  9044  9439 V OPENHU  : [79] AapTransport.send | CONTROL Ping Response type: 12 flags: 11 size: 14 dataOffset: 6
09-15 13:29:45.465  9044  9439 D OPENHU  : [79] Companion.decrypt | RECV: AUDIO Media Data type: 0 flags: 11 size: 8202 dataOffset: 2
09-15 13:29:45.508  9044  9439 D OPENHU  : [79] Companion.decrypt | RECV: AUDIO Media Data type: 0 flags: 11 size: 8202 dataOffset: 2
09-15 13:29:45.554  9044  9439 D OPENHU  : [79] Companion.decrypt | RECV: AUDIO Media Data type: 0 flags: 11 size: 8202 dataOffset: 2
09-15 13:29:45.593  9044  9439 D OPENHU  : [79] Companion.decrypt | RECV: AUDIO Media Data type: 0 flags: 11 size: 8202 dataOffset: 2
09-15 13:29:45.636  9044  9439 D OPENHU  : [79] Companion.decrypt | RECV: AUDIO Media Data type: 0 flags: 11 size: 8202 dataOffset: 2
09-15 13:29:45.679  9044  9439 D OPENHU  : [79] Companion.decrypt | RECV: AUDIO Media Data type: 0 flags: 11 size: 8202 dataOffset: 2
09-15 13:29:45.724  9044  9439 D OPENHU  : [79] Companion.decrypt | RECV: AUDIO Media Data type: 0 flags: 11 size: 8202 dataOffset: 2
09-15 13:29:45.765  9044  9439 D OPENHU  : [79] Companion.decrypt | RECV: AUDIO Media Data type: 0 flags: 11 size: 8202 dataOffset: 2
09-15 13:29:45.807  9044  9439 D OPENHU  : [79] Companion.decrypt | RECV: AUDIO Media Data type: 0 flags: 11 size: 8202 dataOffset: 2
09-15 13:29:45.855  9044  9439 D OPENHU  : [79] Companion.decrypt | RECV: AUDIO Media Data type: 0 flags: 11 size: 8202 dataOffset: 2
09-15 13:29:45.893  9044  9439 D OPENHU  : [79] Companion.decrypt | RECV: AUDIO Media Data type: 0 flags: 11 size: 8202 dataOffset: 2
09-15 13:29:45.935  9044  9439 D OPENHU  : [79] Companion.decrypt | RECV: AUDIO Media Data type: 0 flags: 11 size: 8202 dataOffset: 2
09-15 13:29:45.979  9044  9439 D OPENHU  : [79] Companion.decrypt | RECV: AUDIO Media Data type: 0 flags: 11 size: 8202 dataOffset: 2
09-15 13:29:45.995  9044  9044 V OPENHU  : [2] GpsLocation.onLocationChanged | GpsLocation: fix received
09-15 13:29:46.012  9044  9044 V OPENHU  : [2] AapTransport.send | SENSOR Sensor Event type: 32771 flags: 11 size: 46 dataOffset: 6
09-15 13:29:46.020  9044  9439 D OPENHU  : [79] Companion.decrypt | RECV: AUDIO Media Data type: 0 flags: 11 size: 8202 dataOffset: 2
09-15 13:29:46.064  9044  9439 D OPENHU  : [79] Companion.decrypt | RECV: AUDIO Media Data type: 0 flags: 11 size: 8202 dataOffset: 2
09-15 13:29:46.070  9044  9439 D OPENHU  : [79] Companion.decrypt | RECV: MUSIC_PLAYBACK Media Playback Status type: 32769 flags: 11 size: 17 dataOffset: 2
09-15 13:29:46.071  9044  9439 D OPENHU  : [79] AapMediaPlayback.processStatusPacket | AapMediaPlayback: status mediaSource='VLC', playbackSeconds(u32)=81, state=PLAYING
09-15 13:29:46.106  9044  9439 D OPENHU  : [79] Companion.decrypt | RECV: AUDIO Media Data type: 0 flags: 11 size: 8202 dataOffset: 2
09-15 13:29:46.148  9044  9439 D OPENHU  : [79] Companion.decrypt | RECV: AUDIO Media Data type: 0 flags: 11 size: 8202 dataOffset: 2
09-15 13:29:46.191  9044  9439 D OPENHU  : [79] Companion.decrypt | RECV: AUDIO Media Data type: 0 flags: 11 size: 8202 dataOffset: 2
09-15 13:29:46.235  9044  9439 D OPENHU  : [79] Companion.decrypt | RECV: AUDIO Media Data type: 0 flags: 11 size: 8202 dataOffset: 2
09-15 13:29:46.276  9044  9439 D OPENHU  : [79] Companion.decrypt | RECV: AUDIO Media Data type: 0 flags: 11 size: 8202 dataOffset: 2
09-15 13:29:46.319  9044  9439 D OPENHU  : [79] Companion.decrypt | RECV: AUDIO Media Data type: 0 flags: 11 size: 8202 dataOffset: 2
09-15 13:29:46.362  9044  9439 D OPENHU  : [79] Companion.decrypt | RECV: AUDIO Media Data type: 0 flags: 11 size: 8202 dataOffset: 2
09-15 13:29:46.405  9044  9439 D OPENHU  : [79] Companion.decrypt | RECV: AUDIO Media Data type: 0 flags: 11 size: 8202 dataOffset: 2
09-15 13:29:46.449  9044  9439 D OPENHU  : [79] Companion.decrypt | RECV: AUDIO Media Data type: 0 flags: 11 size: 8202 dataOffset: 2
09-15 13:29:46.460  9044  9439 D OPENHU  : [79] Companion.decrypt | RECV: CONTROL Ping Request type: 11 flags: 11 size: 12 dataOffset: 2
09-15 13:29:46.461  9044  9439 V OPENHU  : [79] AapTransport.send | CONTROL Ping Response type: 12 flags: 11 size: 14 dataOffset: 6
09-15 13:29:46.491  9044  9439 D OPENHU  : [79] Companion.decrypt | RECV: AUDIO Media Data type: 0 flags: 11 size: 8202 dataOffset: 2
09-15 13:29:46.532  9044  9439 D OPENHU  : [79] Companion.decrypt | RECV: AUDIO Media Data type: 0 flags: 11 size: 8202 dataOffset: 2
09-15 13:29:46.576  9044  9439 D OPENHU  : [79] Companion.decrypt | RECV: AUDIO Media Data type: 0 flags: 11 size: 8202 dataOffset: 2
09-15 13:29:46.618  9044  9439 D OPENHU  : [79] Companion.decrypt | RECV: AUDIO Media Data type: 0 flags: 11 size: 8202 dataOffset: 2
09-15 13:29:46.663  9044  9439 D OPENHU  : [79] Companion.decrypt | RECV: AUDIO Media Data type: 0 flags: 11 size: 8202 dataOffset: 2
09-15 13:29:46.704  9044  9439 D OPENHU  : [79] Companion.decrypt | RECV: AUDIO Media Data type: 0 flags: 11 size: 8202 dataOffset: 2
09-15 13:29:46.746  9044  9439 D OPENHU  : [79] Companion.decrypt | RECV: AUDIO Media Data type: 0 flags: 11 size: 8202 dataOffset: 2
09-15 13:29:46.790  9044  9439 D OPENHU  : [79] Companion.decrypt | RECV: AUDIO Media Data type: 0 flags: 11 size: 8202 dataOffset: 2
09-15 13:29:46.835  9044  9439 D OPENHU  : [79] Companion.decrypt | RECV: AUDIO Media Data type: 0 flags: 11 size: 8202 dataOffset: 2
09-15 13:29:46.873  9044  9439 D OPENHU  : [79] Companion.decrypt | RECV: AUDIO Media Data type: 0 flags: 11 size: 8202 dataOffset: 2
09-15 13:29:46.917  9044  9439 D OPENHU  : [79] Companion.decrypt | RECV: AUDIO Media Data type: 0 flags: 11 size: 8202 dataOffset: 2
09-15 13:29:46.960  9044  9439 D OPENHU  : [79] Companion.decrypt | RECV: AUDIO Media Data type: 0 flags: 11 size: 8202 dataOffset: 2
09-15 13:29:47.001  9044  9439 D OPENHU  : [79] Companion.decrypt | RECV: AUDIO Media Data type: 0 flags: 11 size: 8202 dataOffset: 2
09-15 13:29:47.015  9044  9044 V OPENHU  : [2] GpsLocation.onLocationChanged | GpsLocation: fix received
09-15 13:29:47.024  9044  9044 V OPENHU  : [2] AapTransport.send | SENSOR Sensor Event type: 32771 flags: 11 size: 46 dataOffset: 6
09-15 13:29:47.043  9044  9439 D OPENHU  : [79] Companion.decrypt | RECV: AUDIO Media Data type: 0 flags: 11 size: 8202 dataOffset: 2
09-15 13:29:47.071  9044  9439 D OPENHU  : [79] Companion.decrypt | RECV: MUSIC_PLAYBACK Media Playback Status type: 32769 flags: 11 size: 17 dataOffset: 2
09-15 13:29:47.072  9044  9439 D OPENHU  : [79] AapMediaPlayback.processStatusPacket | AapMediaPlayback: status mediaSource='VLC', playbackSeconds(u32)=82, state=PLAYING
09-15 13:29:47.087  9044  9439 D OPENHU  : [79] Companion.decrypt | RECV: AUDIO Media Data type: 0 flags: 11 size: 8202 dataOffset: 2
09-15 13:29:47.130  9044  9439 D OPENHU  : [79] Companion.decrypt | RECV: AUDIO Media Data type: 0 flags: 11 size: 8202 dataOffset: 2
09-15 13:29:47.174  9044  9439 D OPENHU  : [79] Companion.decrypt | RECV: AUDIO Media Data type: 0 flags: 11 size: 8202 dataOffset: 2
09-15 13:29:47.215  9044  9439 D OPENHU  : [79] Companion.decrypt | RECV: AUDIO Media Data type: 0 flags: 11 size: 8202 dataOffset: 2
09-15 13:29:47.259  9044  9439 D OPENHU  : [79] Companion.decrypt | RECV: AUDIO Media Data type: 0 flags: 11 size: 8202 dataOffset: 2
09-15 13:29:47.301  9044  9439 D OPENHU  : [79] Companion.decrypt | RECV: AUDIO Media Data type: 0 flags: 11 size: 8202 dataOffset: 2
09-15 13:29:47.343  9044  9439 D OPENHU  : [79] Companion.decrypt | RECV: AUDIO Media Data type: 0 flags: 11 size: 8202 dataOffset: 2
09-15 13:29:47.344  9044  9477 I OPENHU  : [89] VideoDecoder.logThroughput | Throughput over 5001ms: rendered=203 (40fps), fed=203 (40fps), dropped=0, skipped=0, concealed=0, inputWait=84ms, enqueueWait=0ms, codec=c2.unisoc.avc.decoder, presented=203 (40fps), decodeLatency=9ms p95=12ms (203 frames)
09-15 13:29:47.386  9044  9439 D OPENHU  : [79] Companion.decrypt | RECV: AUDIO Media Data type: 0 flags: 11 size: 8202 dataOffset: 2
09-15 13:29:47.429  9044  9439 D OPENHU  : [79] Companion.decrypt | RECV: AUDIO Media Data type: 0 flags: 11 size: 8202 dataOffset: 2
09-15 13:29:47.461  9044  9439 D OPENHU  : [79] Companion.decrypt | RECV: CONTROL Ping Request type: 11 flags: 11 size: 12 dataOffset: 2
09-15 13:29:47.462  9044  9439 V OPENHU  : [79] AapTransport.send | CONTROL Ping Response type: 12 flags: 11 size: 14 dataOffset: 6
09-15 13:29:47.469  9044  9439 D OPENHU  : [79] Companion.decrypt | RECV: AUDIO Media Data type: 0 flags: 11 size: 8202 dataOffset: 2
09-15 13:29:47.513  9044  9439 D OPENHU  : [79] Companion.decrypt | RECV: AUDIO Media Data type: 0 flags: 11 size: 8202 dataOffset: 2
09-15 13:29:47.556  9044  9439 D OPENHU  : [79] Companion.decrypt | RECV: AUDIO Media Data type: 0 flags: 11 size: 8202 dataOffset: 2
09-15 13:29:47.600  9044  9439 D OPENHU  : [79] Companion.decrypt | RECV: AUDIO Media Data type: 0 flags: 11 size: 8202 dataOffset: 2
09-15 13:29:47.642  9044  9439 D OPENHU  : [79] Companion.decrypt | RECV: AUDIO Media Data type: 0 flags: 11 size: 8202 dataOffset: 2
09-15 13:29:47.659  9044  9044 I OPENHU  : [2] TextureProjectionView.onSurfaceTextureUpdated | TextureProjectionView: displayed 183 frames in 5018ms (36fps), longFrames=1
09-15 13:29:47.684  9044  9439 D OPENHU  : [79] Companion.decrypt | RECV: AUDIO Media Data type: 0 flags: 11 size: 8202 dataOffset: 2
09-15 13:29:47.728  9044  9439 D OPENHU  : [79] Companion.decrypt | RECV: AUDIO Media Data type: 0 flags: 11 size: 8202 dataOffset: 2
09-15 13:29:47.770  9044  9439 D OPENHU  : [79] Companion.decrypt | RECV: AUDIO Media Data type: 0 flags: 11 size: 8202 dataOffset: 2
09-15 13:29:47.814  9044  9439 D OPENHU  : [79] Companion.decrypt | RECV: AUDIO Media Data type: 0 flags: 11 size: 8202 dataOffset: 2
09-15 13:29:47.855  9044  9439 D OPENHU  : [79] Companion.decrypt | RECV: AUDIO Media Data type: 0 flags: 11 size: 8202 dataOffset: 2
09-15 13:29:47.900  9044  9439 D OPENHU  : [79] Companion.decrypt | RECV: AUDIO Media Data type: 0 flags: 11 size: 8202 dataOffset: 2
09-15 13:29:47.945  9044  9439 D OPENHU  : [79] Companion.decrypt | RECV: AUDIO Media Data type: 0 flags: 11 size: 8202 dataOffset: 2
09-15 13:29:47.983  9044  9439 D OPENHU  : [79] Companion.decrypt | RECV: AUDIO Media Data type: 0 flags: 11 size: 8202 dataOffset: 2
09-15 13:29:47.997  9044  9044 V OPENHU  : [2] GpsLocation.onLocationChanged | GpsLocation: fix received
09-15 13:29:48.011  9044  9044 V OPENHU  : [2] AapTransport.send | SENSOR Sensor Event type: 32771 flags: 11 size: 46 dataOffset: 6
09-15 13:29:48.026  9044  9439 D OPENHU  : [79] Companion.decrypt | RECV: AUDIO Media Data type: 0 flags: 11 size: 8202 dataOffset: 2
09-15 13:29:48.068  9044  9439 D OPENHU  : [79] Companion.decrypt | RECV: AUDIO Media Data type: 0 flags: 11 size: 8202 dataOffset: 2
09-15 13:29:48.072  9044  9439 D OPENHU  : [79] Companion.decrypt | RECV: MUSIC_PLAYBACK Media Playback Status type: 32769 flags: 11 size: 17 dataOffset: 2
09-15 13:29:48.073  9044  9439 D OPENHU  : [79] AapMediaPlayback.processStatusPacket | AapMediaPlayback: status mediaSource='VLC', playbackSeconds(u32)=83, state=PLAYING
09-15 13:29:48.110  9044  9439 D OPENHU  : [79] Companion.decrypt | RECV: AUDIO Media Data type: 0 flags: 11 size: 8202 dataOffset: 2
09-15 13:29:48.154  9044  9439 D OPENHU  : [79] Companion.decrypt | RECV: AUDIO Media Data type: 0 flags: 11 size: 8202 dataOffset: 2
09-15 13:29:48.196  9044  9439 D OPENHU  : [79] Companion.decrypt | RECV: AUDIO Media Data type: 0 flags: 11 size: 8202 dataOffset: 2
09-15 13:29:48.240  9044  9439 D OPENHU  : [79] Companion.decrypt | RECV: AUDIO Media Data type: 0 flags: 11 size: 8202 dataOffset: 2
09-15 13:29:48.283  9044  9439 D OPENHU  : [79] Companion.decrypt | RECV: AUDIO Media Data type: 0 flags: 11 size: 8202 dataOffset: 2
09-15 13:29:48.324  9044  9439 D OPENHU  : [79] Companion.decrypt | RECV: AUDIO Media Data type: 0 flags: 11 size: 8202 dataOffset: 2
09-15 13:29:48.367  9044  9439 D OPENHU  : [79] Companion.decrypt | RECV: AUDIO Media Data type: 0 flags: 11 size: 8202 dataOffset: 2
09-15 13:29:48.410  9044  9439 D OPENHU  : [79] Companion.decrypt | RECV: AUDIO Media Data type: 0 flags: 11 size: 8202 dataOffset: 2
09-15 13:29:48.455  9044  9439 D OPENHU  : [79] Companion.decrypt | RECV: AUDIO Media Data type: 0 flags: 11 size: 8202 dataOffset: 2
09-15 13:29:48.464  9044  9439 D OPENHU  : [79] Companion.decrypt | RECV: CONTROL Ping Request type: 11 flags: 11 size: 12 dataOffset: 2
09-15 13:29:48.466  9044  9439 V OPENHU  : [79] AapTransport.send | CONTROL Ping Response type: 12 flags: 11 size: 14 dataOffset: 6
09-15 13:29:48.496  9044  9439 D OPENHU  : [79] Companion.decrypt | RECV: AUDIO Media Data type: 0 flags: 11 size: 8202 dataOffset: 2
09-15 13:29:48.541  9044  9439 D OPENHU  : [79] Companion.decrypt | RECV: AUDIO Media Data type: 0 flags: 11 size: 8202 dataOffset: 2
09-15 13:29:48.583  9044  9439 D OPENHU  : [79] Companion.decrypt | RECV: AUDIO Media Data type: 0 flags: 11 size: 8202 dataOffset: 2
09-15 13:29:48.625  9044  9439 D OPENHU  : [79] Companion.decrypt | RECV: AUDIO Media Data type: 0 flags: 11 size: 8202 dataOffset: 2
09-15 13:29:48.669  9044  9439 D OPENHU  : [79] Companion.decrypt | RECV: AUDIO Media Data type: 0 flags: 11 size: 8202 dataOffset: 2
09-15 13:29:48.708  9044  9439 D OPENHU  : [79] Companion.decrypt | RECV: AUDIO Media Data type: 0 flags: 11 size: 8202 dataOffset: 2
09-15 13:29:48.751  9044  9439 D OPENHU  : [79] Companion.decrypt | RECV: AUDIO Media Data type: 0 flags: 11 size: 8202 dataOffset: 2
09-15 13:29:48.794  9044  9439 D OPENHU  : [79] Companion.decrypt | RECV: AUDIO Media Data type: 0 flags: 11 size: 8202 dataOffset: 2
09-15 13:29:48.837  9044  9439 D OPENHU  : [79] Companion.decrypt | RECV: AUDIO Media Data type: 0 flags: 11 size: 8202 dataOffset: 2
09-15 13:29:48.879  9044  9439 D OPENHU  : [79] Companion.decrypt | RECV: AUDIO Media Data type: 0 flags: 11 size: 8202 dataOffset: 2
09-15 13:29:48.922  9044  9439 D OPENHU  : [79] Companion.decrypt | RECV: AUDIO Media Data type: 0 flags: 11 size: 8202 dataOffset: 2
09-15 13:29:48.966  9044  9439 D OPENHU  : [79] Companion.decrypt | RECV: AUDIO Media Data type: 0 flags: 11 size: 8202 dataOffset: 2
09-15 13:29:49.008  9044  9044 V OPENHU  : [2] GpsLocation.onLocationChanged | GpsLocation: fix received
09-15 13:29:49.009  9044  9439 D OPENHU  : [79] Companion.decrypt | RECV: AUDIO Media Data type: 0 flags: 11 size: 8202 dataOffset: 2
09-15 13:29:49.019  9044  9044 V OPENHU  : [2] AapTransport.send | SENSOR Sensor Event type: 32771 flags: 11 size: 46 dataOffset: 6
09-15 13:29:49.052  9044  9439 D OPENHU  : [79] Companion.decrypt | RECV: AUDIO Media Data type: 0 flags: 11 size: 8202 dataOffset: 2
09-15 13:29:49.080  9044  9439 D OPENHU  : [79] Companion.decrypt | RECV: MUSIC_PLAYBACK Media Playback Status type: 32769 flags: 11 size: 17 dataOffset: 2
09-15 13:29:49.081  9044  9439 D OPENHU  : [79] AapMediaPlayback.processStatusPacket | AapMediaPlayback: status mediaSource='VLC', playbackSeconds(u32)=84, state=PLAYING
09-15 13:29:49.094  9044  9439 D OPENHU  : [79] Companion.decrypt | RECV: AUDIO Media Data type: 0 flags: 11 size: 8202 dataOffset: 2
09-15 13:29:49.135  9044  9439 D OPENHU  : [79] Companion.decrypt | RECV: AUDIO Media Data type: 0 flags: 11 size: 8202 dataOffset: 2
09-15 13:29:49.178  9044  9439 D OPENHU  : [79] Companion.decrypt | RECV: AUDIO Media Data type: 0 flags: 11 size: 8202 dataOffset: 2
09-15 13:29:49.222  9044  9439 D OPENHU  : [79] Companion.decrypt | RECV: AUDIO Media Data type: 0 flags: 11 size: 8202 dataOffset: 2
09-15 13:29:49.263  9044  9439 D OPENHU  : [79] Companion.decrypt | RECV: AUDIO Media Data type: 0 flags: 11 size: 8202 dataOffset: 2
09-15 13:29:49.305  9044  9439 D OPENHU  : [79] Companion.decrypt | RECV: AUDIO Media Data type: 0 flags: 11 size: 8202 dataOffset: 2
09-15 13:29:49.348  9044  9439 D OPENHU  : [79] Companion.decrypt | RECV: AUDIO Media Data type: 0 flags: 11 size: 8202 dataOffset: 2
09-15 13:29:49.391  9044  9439 D OPENHU  : [79] Companion.decrypt | RECV: AUDIO Media Data type: 0 flags: 11 size: 8202 dataOffset: 2
09-15 13:29:49.436  9044  9439 D OPENHU  : [79] Companion.decrypt | RECV: AUDIO Media Data type: 0 flags: 11 size: 8202 dataOffset: 2
09-15 13:29:49.464  9044  9439 D OPENHU  : [79] Companion.decrypt | RECV: CONTROL Ping Request type: 11 flags: 11 size: 12 dataOffset: 2
09-15 13:29:49.466  9044  9439 V OPENHU  : [79] AapTransport.send | CONTROL Ping Response type: 12 flags: 11 size: 14 dataOffset: 6
09-15 13:29:49.478  9044  9439 D OPENHU  : [79] Companion.decrypt | RECV: AUDIO Media Data type: 0 flags: 11 size: 8202 dataOffset: 2
09-15 13:29:49.518  9044  9439 D OPENHU  : [79] Companion.decrypt | RECV: AUDIO Media Data type: 0 flags: 11 size: 8202 dataOffset: 2
09-15 13:29:49.562  9044  9439 D OPENHU  : [79] Companion.decrypt | RECV: AUDIO Media Data type: 0 flags: 11 size: 8202 dataOffset: 2
09-15 13:29:49.604  9044  9439 D OPENHU  : [79] Companion.decrypt | RECV: AUDIO Media Data type: 0 flags: 11 size: 8202 dataOffset: 2
09-15 13:29:49.648  9044  9439 D OPENHU  : [79] Companion.decrypt | RECV: AUDIO Media Data type: 0 flags: 11 size: 8202 dataOffset: 2
09-15 13:29:49.690  9044  9439 D OPENHU  : [79] Companion.decrypt | RECV: AUDIO Media Data type: 0 flags: 11 size: 8202 dataOffset: 2
09-15 13:29:49.740  9044  9439 D OPENHU  : [79] Companion.decrypt | RECV: AUDIO Media Data type: 0 flags: 11 size: 8202 dataOffset: 2
09-15 13:29:49.775  9044  9439 D OPENHU  : [79] Companion.decrypt | RECV: AUDIO Media Data type: 0 flags: 11 size: 8202 dataOffset: 2
09-15 13:29:49.818  9044  9439 D OPENHU  : [79] Companion.decrypt | RECV: AUDIO Media Data type: 0 flags: 11 size: 8202 dataOffset: 2
09-15 13:29:49.861  9044  9439 D OPENHU  : [79] Companion.decrypt | RECV: AUDIO Media Data type: 0 flags: 11 size: 8202 dataOffset: 2
09-15 13:29:49.903  9044  9439 D OPENHU  : [79] Companion.decrypt | RECV: AUDIO Media Data type: 0 flags: 11 size: 8202 dataOffset: 2
09-15 13:29:49.947  9044  9439 D OPENHU  : [79] Companion.decrypt | RECV: AUDIO Media Data type: 0 flags: 11 size: 8202 dataOffset: 2
09-15 13:29:49.988  9044  9439 D OPENHU  : [79] Companion.decrypt | RECV: AUDIO Media Data type: 0 flags: 11 size: 8202 dataOffset: 2
09-15 13:29:49.994  9044  9044 V OPENHU  : [2] GpsLocation.onLocationChanged | GpsLocation: fix received
09-15 13:29:50.002  9044  9044 V OPENHU  : [2] AapTransport.send | SENSOR Sensor Event type: 32771 flags: 11 size: 46 dataOffset: 6
09-15 13:29:50.031  9044  9439 D OPENHU  : [79] Companion.decrypt | RECV: AUDIO Media Data type: 0 flags: 11 size: 8202 dataOffset: 2
09-15 13:29:50.072  9044  9439 D OPENHU  : [79] Companion.decrypt | RECV: AUDIO Media Data type: 0 flags: 11 size: 8202 dataOffset: 2
09-15 13:29:50.079  9044  9439 D OPENHU  : [79] Companion.decrypt | RECV: MUSIC_PLAYBACK Media Playback Status type: 32769 flags: 11 size: 17 dataOffset: 2
09-15 13:29:50.080  9044  9439 D OPENHU  : [79] AapMediaPlayback.processStatusPacket | AapMediaPlayback: status mediaSource='VLC', playbackSeconds(u32)=85, state=PLAYING
09-15 13:29:50.119  9044  9439 D OPENHU  : [79] Companion.decrypt | RECV: AUDIO Media Data type: 0 flags: 11 size: 8202 dataOffset: 2
09-15 13:29:50.162  9044  9439 D OPENHU  : [79] Companion.decrypt | RECV: AUDIO Media Data type: 0 flags: 11 size: 8202 dataOffset: 2
09-15 13:29:50.202  9044  9439 D OPENHU  : [79] Companion.decrypt | RECV: AUDIO Media Data type: 0 flags: 11 size: 8202 dataOffset: 2
09-15 13:29:50.244  9044  9439 D OPENHU  : [79] Companion.decrypt | RECV: AUDIO Media Data type: 0 flags: 11 size: 8202 dataOffset: 2
09-15 13:29:50.286  9044  9439 D OPENHU  : [79] Companion.decrypt | RECV: AUDIO Media Data type: 0 flags: 11 size: 8202 dataOffset: 2
09-15 13:29:50.331  9044  9439 D OPENHU  : [79] Companion.decrypt | RECV: AUDIO Media Data type: 0 flags: 11 size: 8202 dataOffset: 2
09-15 13:29:50.373  9044  9439 D OPENHU  : [79] Companion.decrypt | RECV: AUDIO Media Data type: 0 flags: 11 size: 8202 dataOffset: 2
09-15 13:29:50.415  9044  9439 D OPENHU  : [79] Companion.decrypt | RECV: AUDIO Media Data type: 0 flags: 11 size: 8202 dataOffset: 2
09-15 13:29:50.458  9044  9439 D OPENHU  : [79] Companion.decrypt | RECV: AUDIO Media Data type: 0 flags: 11 size: 8202 dataOffset: 2
09-15 13:29:50.466  9044  9439 D OPENHU  : [79] Companion.decrypt | RECV: CONTROL Ping Request type: 11 flags: 11 size: 12 dataOffset: 2
09-15 13:29:50.466  9044  9439 V OPENHU  : [79] AapTransport.send | CONTROL Ping Response type: 12 flags: 11 size: 14 dataOffset: 6
09-15 13:29:50.499  9044  9439 D OPENHU  : [79] Companion.decrypt | RECV: AUDIO Media Data type: 0 flags: 11 size: 8202 dataOffset: 2
09-15 13:29:50.544  9044  9439 D OPENHU  : [79] Companion.decrypt | RECV: AUDIO Media Data type: 0 flags: 11 size: 8202 dataOffset: 2
09-15 13:29:50.586  9044  9439 D OPENHU  : [79] Companion.decrypt | RECV: AUDIO Media Data type: 0 flags: 11 size: 8202 dataOffset: 2
09-15 13:29:50.628  9044  9439 D OPENHU  : [79] Companion.decrypt | RECV: AUDIO Media Data type: 0 flags: 11 size: 8202 dataOffset: 2
09-15 13:29:50.670  9044  9439 D OPENHU  : [79] Companion.decrypt | RECV: AUDIO Media Data type: 0 flags: 11 size: 8202 dataOffset: 2
09-15 13:29:50.715  9044  9439 D OPENHU  : [79] Companion.decrypt | RECV: AUDIO Media Data type: 0 flags: 11 size: 8202 dataOffset: 2
09-15 13:29:50.756  9044  9439 D OPENHU  : [79] Companion.decrypt | RECV: AUDIO Media Data type: 0 flags: 11 size: 8202 dataOffset: 2
09-15 13:29:50.803  9044  9439 D OPENHU  : [79] Companion.decrypt | RECV: AUDIO Media Data type: 0 flags: 11 size: 8202 dataOffset: 2
09-15 13:29:50.842  9044  9439 D OPENHU  : [79] Companion.decrypt | RECV: AUDIO Media Data type: 0 flags: 11 size: 8202 dataOffset: 2
09-15 13:29:50.884  9044  9439 D OPENHU  : [79] Companion.decrypt | RECV: AUDIO Media Data type: 0 flags: 11 size: 8202 dataOffset: 2
09-15 13:29:50.929  9044  9439 D OPENHU  : [79] Companion.decrypt | RECV: AUDIO Media Data type: 0 flags: 11 size: 8202 dataOffset: 2
09-15 13:29:50.970  9044  9439 D OPENHU  : [79] Companion.decrypt | RECV: AUDIO Media Data type: 0 flags: 11 size: 8202 dataOffset: 2
09-15 13:29:51.013  9044  9439 D OPENHU  : [79] Companion.decrypt | RECV: AUDIO Media Data type: 0 flags: 11 size: 8202 dataOffset: 2
09-15 13:29:51.016  9044  9044 V OPENHU  : [2] GpsLocation.onLocationChanged | GpsLocation: fix received
09-15 13:29:51.031  9044  9044 V OPENHU  : [2] AapTransport.send | SENSOR Sensor Event type: 32771 flags: 11 size: 46 dataOffset: 6
09-15 13:29:51.056  9044  9439 D OPENHU  : [79] Companion.decrypt | RECV: AUDIO Media Data type: 0 flags: 11 size: 8202 dataOffset: 2
09-15 13:29:51.085  9044  9439 D OPENHU  : [79] Companion.decrypt | RECV: MUSIC_PLAYBACK Media Playback Status type: 32769 flags: 11 size: 17 dataOffset: 2
09-15 13:29:51.086  9044  9439 D OPENHU  : [79] AapMediaPlayback.processStatusPacket | AapMediaPlayback: status mediaSource='VLC', playbackSeconds(u32)=86, state=PLAYING
09-15 13:29:51.103  9044  9439 D OPENHU  : [79] Companion.decrypt | RECV: AUDIO Media Data type: 0 flags: 11 size: 8202 dataOffset: 2
09-15 13:29:51.142  9044  9439 D OPENHU  : [79] Companion.decrypt | RECV: AUDIO Media Data type: 0 flags: 11 size: 8202 dataOffset: 2
09-15 13:29:51.184  9044  9439 D OPENHU  : [79] Companion.decrypt | RECV: AUDIO Media Data type: 0 flags: 11 size: 8202 dataOffset: 2
09-15 13:29:51.197  9044  9439 I OPENHU  : [79] AapTransport.noteMessageReceived$com_andrerinas_headunitrevived_3_4_0_beta3_githubDebug | AapTransport: inbound rate over 30008ms: video=52kB/s (1083 msgs), audio=187kB/s (703 msgs), other=0kB/s (60 msgs)
09-15 13:29:51.226  9044  9439 D OPENHU  : [79] Companion.decrypt | RECV: AUDIO Media Data type: 0 flags: 11 size: 8202 dataOffset: 2
09-15 13:29:51.264  9044  9439 I OPENHU  : [79] AapMessageHandlerType.handle | AapTransport: transport dispatch over 30030ms: video=1127ms, audio=866ms, other=82ms, unread=6%, blocks=0, longest=12ms on VIDEO, videoQueue=1
09-15 13:29:51.268  9044  9439 D OPENHU  : [79] Companion.decrypt | RECV: AUDIO Media Data type: 0 flags: 11 size: 8202 dataOffset: 2
09-15 13:29:51.312  9044  9439 D OPENHU  : [79] Companion.decrypt | RECV: AUDIO Media Data type: 0 flags: 11 size: 8202 dataOffset: 2
09-15 13:29:51.354  9044  9439 D OPENHU  : [79] Companion.decrypt | RECV: AUDIO Media Data type: 0 flags: 11 size: 8202 dataOffset: 2
09-15 13:29:51.396  9044  9439 D OPENHU  : [79] Companion.decrypt | RECV: AUDIO Media Data type: 0 flags: 11 size: 8202 dataOffset: 2
09-15 13:29:51.441  9044  9439 D OPENHU  : [79] Companion.decrypt | RECV: AUDIO Media Data type: 0 flags: 11 size: 8202 dataOffset: 2
09-15 13:29:51.465  9044  9439 D OPENHU  : [79] Companion.decrypt | RECV: CONTROL Ping Request type: 11 flags: 11 size: 12 dataOffset: 2
09-15 13:29:51.466  9044  9439 V OPENHU  : [79] AapTransport.send | CONTROL Ping Response type: 12 flags: 11 size: 14 dataOffset: 6
09-15 13:29:51.482  9044  9439 D OPENHU  : [79] Companion.decrypt | RECV: AUDIO Media Data type: 0 flags: 11 size: 8202 dataOffset: 2
09-15 13:29:51.523  9044  9439 D OPENHU  : [79] Companion.decrypt | RECV: AUDIO Media Data type: 0 flags: 11 size: 8202 dataOffset: 2
09-15 13:29:51.568  9044  9439 D OPENHU  : [79] Companion.decrypt | RECV: AUDIO Media Data type: 0 flags: 11 size: 8202 dataOffset: 2
09-15 13:29:51.609  9044  9439 D OPENHU  : [79] Companion.decrypt | RECV: AUDIO Media Data type: 0 flags: 11 size: 8202 dataOffset: 2
09-15 13:29:51.653  9044  9439 D OPENHU  : [79] Companion.decrypt | RECV: AUDIO Media Data type: 0 flags: 11 size: 8202 dataOffset: 2
09-15 13:29:51.697  9044  9439 D OPENHU  : [79] Companion.decrypt | RECV: AUDIO Media Data type: 0 flags: 11 size: 8202 dataOffset: 2
09-15 13:29:51.739  9044  9439 D OPENHU  : [79] Companion.decrypt | RECV: AUDIO Media Data type: 0 flags: 11 size: 8202 dataOffset: 2
09-15 13:29:51.782  9044  9439 D OPENHU  : [79] Companion.decrypt | RECV: AUDIO Media Data type: 0 flags: 11 size: 8202 dataOffset: 2
09-15 13:29:51.825  9044  9439 D OPENHU  : [79] Companion.decrypt | RECV: AUDIO Media Data type: 0 flags: 11 size: 8202 dataOffset: 2
09-15 13:29:51.827  9044  9462 I OPENHU  : [86] AudioTrackWrapper.sampleHealth | audio sink AUDIO over 30038ms: underruns=0, silentCycles=0, rebanks=0, dropped=0, droppedFrames=0, shed=0, depth=416ms (min 224ms), queued=0, capacity=0 frames (0ms), effective=0 frames (0ms), target=7808 frames (162ms), drift=0ms
09-15 13:29:51.866  9044  9439 D OPENHU  : [79] Companion.decrypt | RECV: AUDIO Media Data type: 0 flags: 11 size: 8202 dataOffset: 2
09-15 13:29:51.909  9044  9439 D OPENHU  : [79] Companion.decrypt | RECV: AUDIO Media Data type: 0 flags: 11 size: 8202 dataOffset: 2
09-15 13:29:51.947  9044  9459 I OPENHU  : [84] AudioTrackWrapper.sampleHealth | audio sink AUDIO2 over 30105ms: underruns=0, silentCycles=1501, rebanks=0, dropped=0, droppedFrames=0, shed=0, depth=0ms (min 0ms), queued=0, capacity=0 frames (0ms), effective=0 frames (0ms), target=6720 frames (420ms), drift=0ms
09-15 13:29:51.951  9044  9439 D OPENHU  : [79] Companion.decrypt | RECV: AUDIO Media Data type: 0 flags: 11 size: 8202 dataOffset: 2
09-15 13:29:51.961  9044  9460 I OPENHU  : [85] AudioTrackWrapper.sampleHealth | audio sink AUDIO1 over 30104ms: underruns=0, silentCycles=1500, rebanks=0, dropped=0, droppedFrames=0, shed=0, depth=0ms (min 0ms), queued=0, capacity=0 frames (0ms), effective=0 frames (0ms), target=6720 frames (420ms), drift=0ms
09-15 13:29:51.994  9044  9439 D OPENHU  : [79] Companion.decrypt | RECV: AUDIO Media Data type: 0 flags: 11 size: 8202 dataOffset: 2
09-15 13:29:51.996  9044  9044 V OPENHU  : [2] GpsLocation.onLocationChanged | GpsLocation: fix received
09-15 13:29:52.006  9044  9044 V OPENHU  : [2] AapTransport.send | SENSOR Sensor Event type: 32771 flags: 11 size: 46 dataOffset: 6
09-15 13:29:52.038  9044  9439 D OPENHU  : [79] Companion.decrypt | RECV: AUDIO Media Data type: 0 flags: 11 size: 8202 dataOffset: 2
09-15 13:29:52.084  9044  9439 D OPENHU  : [79] Companion.decrypt | RECV: AUDIO Media Data type: 0 flags: 11 size: 8202 dataOffset: 2
09-15 13:29:52.089  9044  9439 D OPENHU  : [79] Companion.decrypt | RECV: MUSIC_PLAYBACK Media Playback Status type: 32769 flags: 11 size: 17 dataOffset: 2
09-15 13:29:52.090  9044  9439 D OPENHU  : [79] AapMediaPlayback.processStatusPacket | AapMediaPlayback: status mediaSource='VLC', playbackSeconds(u32)=87, state=PLAYING
09-15 13:29:52.120  9044  9439 D OPENHU  : [79] Companion.decrypt | RECV: AUDIO Media Data type: 0 flags: 11 size: 8202 dataOffset: 2
09-15 13:29:52.165  9044  9439 D OPENHU  : [79] Companion.decrypt | RECV: AUDIO Media Data type: 0 flags: 11 size: 8202 dataOffset: 2
09-15 13:29:52.206  9044  9439 D OPENHU  : [79] Companion.decrypt | RECV: AUDIO Media Data type: 0 flags: 11 size: 8202 dataOffset: 2
09-15 13:29:52.250  9044  9439 D OPENHU  : [79] Companion.decrypt | RECV: AUDIO Media Data type: 0 flags: 11 size: 8202 dataOffset: 2
09-15 13:29:52.292  9044  9439 D OPENHU  : [79] Companion.decrypt | RECV: AUDIO Media Data type: 0 flags: 11 size: 8202 dataOffset: 2
09-15 13:29:52.335  9044  9439 D OPENHU  : [79] Companion.decrypt | RECV: AUDIO Media Data type: 0 flags: 11 size: 8202 dataOffset: 2
09-15 13:29:52.352  9044  9477 I OPENHU  : [89] VideoDecoder.logThroughput | Throughput over 5009ms: rendered=172 (34fps), fed=173 (34fps), dropped=0, skipped=0, concealed=0, inputWait=91ms, enqueueWait=0ms, codec=c2.unisoc.avc.decoder, presented=172 (34fps), decodeLatency=9ms p95=12ms (172 frames)
09-15 13:29:52.381  9044  9439 D OPENHU  : [79] Companion.decrypt | RECV: AUDIO Media Data type: 0 flags: 11 size: 8202 dataOffset: 2
09-15 13:29:52.423  9044  9439 D OPENHU  : [79] Companion.decrypt | RECV: AUDIO Media Data type: 0 flags: 11 size: 8202 dataOffset: 2
09-15 13:29:52.467  9044  9439 D OPENHU  : [79] Companion.decrypt | RECV: AUDIO Media Data type: 0 flags: 11 size: 8202 dataOffset: 2
09-15 13:29:52.470  9044  9439 D OPENHU  : [79] Companion.decrypt | RECV: CONTROL Ping Request type: 11 flags: 11 size: 12 dataOffset: 2
09-15 13:29:52.471  9044  9439 V OPENHU  : [79] AapTransport.send | CONTROL Ping Response type: 12 flags: 11 size: 14 dataOffset: 6
09-15 13:29:52.506  9044  9439 D OPENHU  : [79] Companion.decrypt | RECV: AUDIO Media Data type: 0 flags: 11 size: 8202 dataOffset: 2
09-15 13:29:52.548  9044  9439 D OPENHU  : [79] Companion.decrypt | RECV: AUDIO Media Data type: 0 flags: 11 size: 8202 dataOffset: 2
09-15 13:29:52.591  9044  9439 D OPENHU  : [79] Companion.decrypt | RECV: AUDIO Media Data type: 0 flags: 11 size: 8202 dataOffset: 2
09-15 13:29:52.633  9044  9439 D OPENHU  : [79] Companion.decrypt | RECV: AUDIO Media Data type: 0 flags: 11 size: 8202 dataOffset: 2
09-15 13:29:52.676  9044  9044 I OPENHU  : [2] TextureProjectionView.onSurfaceTextureUpdated | TextureProjectionView: displayed 144 frames in 5017ms (28fps), longFrames=1
09-15 13:29:52.676  9044  9439 D OPENHU  : [79] Companion.decrypt | RECV: AUDIO Media Data type: 0 flags: 11 size: 8202 dataOffset: 2
09-15 13:29:52.718  9044  9439 D OPENHU  : [79] Companion.decrypt | RECV: AUDIO Media Data type: 0 flags: 11 size: 8202 dataOffset: 2
09-15 13:29:52.760  9044  9439 D OPENHU  : [79] Companion.decrypt | RECV: AUDIO Media Data type: 0 flags: 11 size: 8202 dataOffset: 2
09-15 13:29:52.804  9044  9439 D OPENHU  : [79] Companion.decrypt | RECV: AUDIO Media Data type: 0 flags: 11 size: 8202 dataOffset: 2
09-15 13:29:52.846  9044  9439 D OPENHU  : [79] Companion.decrypt | RECV: AUDIO Media Data type: 0 flags: 11 size: 8202 dataOffset: 2
09-15 13:29:52.891  9044  9439 D OPENHU  : [79] Companion.decrypt | RECV: AUDIO Media Data type: 0 flags: 11 size: 8202 dataOffset: 2
09-15 13:29:52.932  9044  9439 D OPENHU  : [79] Companion.decrypt | RECV: AUDIO Media Data type: 0 flags: 11 size: 8202 dataOffset: 2
09-15 13:29:52.975  9044  9439 D OPENHU  : [79] Companion.decrypt | RECV: AUDIO Media Data type: 0 flags: 11 size: 8202 dataOffset: 2
09-15 13:29:53.019  9044  9439 D OPENHU  : [79] Companion.decrypt | RECV: AUDIO Media Data type: 0 flags: 11 size: 8202 dataOffset: 2
09-15 13:29:53.033  9044  9044 V OPENHU  : [2] GpsLocation.onLocationChanged | GpsLocation: fix received
09-15 13:29:53.047  9044  9044 V OPENHU  : [2] AapTransport.send | SENSOR Sensor Event type: 32771 flags: 11 size: 46 dataOffset: 6
09-15 13:29:53.061  9044  9439 D OPENHU  : [79] Companion.decrypt | RECV: AUDIO Media Data type: 0 flags: 11 size: 8202 dataOffset: 2
09-15 13:29:53.087  9044  9439 D OPENHU  : [79] Companion.decrypt | RECV: MUSIC_PLAYBACK Media Playback Status type: 32769 flags: 11 size: 17 dataOffset: 2
09-15 13:29:53.088  9044  9439 D OPENHU  : [79] AapMediaPlayback.processStatusPacket | AapMediaPlayback: status mediaSource='VLC', playbackSeconds(u32)=88, state=PLAYING
09-15 13:29:53.105  9044  9439 D OPENHU  : [79] Companion.decrypt | RECV: AUDIO Media Data type: 0 flags: 11 size: 8202 dataOffset: 2
09-15 13:29:53.150  9044  9439 D OPENHU  : [79] Companion.decrypt | RECV: AUDIO Media Data type: 0 flags: 11 size: 8202 dataOffset: 2
09-15 13:29:53.188  9044  9439 D OPENHU  : [79] Companion.decrypt | RECV: AUDIO Media Data type: 0 flags: 11 size: 8202 dataOffset: 2
09-15 13:29:53.232  9044  9439 D OPENHU  : [79] Companion.decrypt | RECV: AUDIO Media Data type: 0 flags: 11 size: 8202 dataOffset: 2
09-15 13:29:53.274  9044  9439 D OPENHU  : [79] Companion.decrypt | RECV: AUDIO Media Data type: 0 flags: 11 size: 8202 dataOffset: 2
09-15 13:29:53.316  9044  9439 D OPENHU  : [79] Companion.decrypt | RECV: AUDIO Media Data type: 0 flags: 11 size: 8202 dataOffset: 2
09-15 13:29:53.361  9044  9439 D OPENHU  : [79] Companion.decrypt | RECV: AUDIO Media Data type: 0 flags: 11 size: 8202 dataOffset: 2
09-15 13:29:53.401  9044  9439 D OPENHU  : [79] Companion.decrypt | RECV: AUDIO Media Data type: 0 flags: 11 size: 8202 dataOffset: 2
09-15 13:29:53.444  9044  9439 D OPENHU  : [79] Companion.decrypt | RECV: AUDIO Media Data type: 0 flags: 11 size: 8202 dataOffset: 2
09-15 13:29:53.467  9044  9439 D OPENHU  : [79] Companion.decrypt | RECV: CONTROL Ping Request type: 11 flags: 11 size: 12 dataOffset: 2
09-15 13:29:53.467  9044  9439 V OPENHU  : [79] AapTransport.send | CONTROL Ping Response type: 12 flags: 11 size: 14 dataOffset: 6
09-15 13:29:53.487  9044  9439 D OPENHU  : [79] Companion.decrypt | RECV: AUDIO Media Data type: 0 flags: 11 size: 8202 dataOffset: 2
09-15 13:29:53.529  9044  9439 D OPENHU  : [79] Companion.decrypt | RECV: AUDIO Media Data type: 0 flags: 11 size: 8202 dataOffset: 2
09-15 13:29:53.574  9044  9439 D OPENHU  : [79] Companion.decrypt | RECV: AUDIO Media Data type: 0 flags: 11 size: 8202 dataOffset: 2
09-15 13:29:53.617  9044  9439 D OPENHU  : [79] Companion.decrypt | RECV: AUDIO Media Data type: 0 flags: 11 size: 8202 dataOffset: 2
09-15 13:29:53.658  9044  9439 D OPENHU  : [79] Companion.decrypt | RECV: AUDIO Media Data type: 0 flags: 11 size: 8202 dataOffset: 2
09-15 13:29:53.702  9044  9439 D OPENHU  : [79] Companion.decrypt | RECV: AUDIO Media Data type: 0 flags: 11 size: 8202 dataOffset: 2
09-15 13:29:53.743  9044  9439 D OPENHU  : [79] Companion.decrypt | RECV: AUDIO Media Data type: 0 flags: 11 size: 8202 dataOffset: 2
09-15 13:29:53.786  9044  9439 D OPENHU  : [79] Companion.decrypt | RECV: AUDIO Media Data type: 0 flags: 11 size: 8202 dataOffset: 2
09-15 13:29:53.827  9044  9439 D OPENHU  : [79] Companion.decrypt | RECV: AUDIO Media Data type: 0 flags: 11 size: 8202 dataOffset: 2
09-15 13:29:53.876  9044  9439 D OPENHU  : [79] Companion.decrypt | RECV: AUDIO Media Data type: 0 flags: 11 size: 8202 dataOffset: 2
09-15 13:29:53.912  9044  9439 D OPENHU  : [79] Companion.decrypt | RECV: AUDIO Media Data type: 0 flags: 11 size: 8202 dataOffset: 2
09-15 13:29:53.956  9044  9439 D OPENHU  : [79] Companion.decrypt | RECV: AUDIO Media Data type: 0 flags: 11 size: 8202 dataOffset: 2
09-15 13:29:53.999  9044  9439 D OPENHU  : [79] Companion.decrypt | RECV: AUDIO Media Data type: 0 flags: 11 size: 8202 dataOffset: 2
09-15 13:29:54.002  9044  9044 V OPENHU  : [2] GpsLocation.onLocationChanged | GpsLocation: fix received
09-15 13:29:54.010  9044  9044 V OPENHU  : [2] AapTransport.send | SENSOR Sensor Event type: 32771 flags: 11 size: 46 dataOffset: 6
09-15 13:29:54.042  9044  9439 D OPENHU  : [79] Companion.decrypt | RECV: AUDIO Media Data type: 0 flags: 11 size: 8202 dataOffset: 2
09-15 13:29:54.085  9044  9439 D OPENHU  : [79] Companion.decrypt | RECV: AUDIO Media Data type: 0 flags: 11 size: 8202 dataOffset: 2
09-15 13:29:54.089  9044  9439 D OPENHU  : [79] Companion.decrypt | RECV: MUSIC_PLAYBACK Media Playback Status type: 32769 flags: 11 size: 17 dataOffset: 2
09-15 13:29:54.090  9044  9439 D OPENHU  : [79] AapMediaPlayback.processStatusPacket | AapMediaPlayback: status mediaSource='VLC', playbackSeconds(u32)=89, state=PLAYING
09-15 13:29:54.127  9044  9439 D OPENHU  : [79] Companion.decrypt | RECV: AUDIO Media Data type: 0 flags: 11 size: 8202 dataOffset: 2
09-15 13:29:54.172  9044  9439 D OPENHU  : [79] Companion.decrypt | RECV: AUDIO Media Data type: 0 flags: 11 size: 8202 dataOffset: 2
09-15 13:29:54.220  9044  9439 D OPENHU  : [79] Companion.decrypt | RECV: AUDIO Media Data type: 0 flags: 11 size: 8202 dataOffset: 2
09-15 13:29:54.257  9044  9439 D OPENHU  : [79] Companion.decrypt | RECV: AUDIO Media Data type: 0 flags: 11 size: 8202 dataOffset: 2
09-15 13:29:54.298  9044  9439 D OPENHU  : [79] Companion.decrypt | RECV: AUDIO Media Data type: 0 flags: 11 size: 8202 dataOffset: 2
09-15 13:29:54.344  9044  9439 D OPENHU  : [79] Companion.decrypt | RECV: AUDIO Media Data type: 0 flags: 11 size: 8202 dataOffset: 2
09-15 13:29:54.386  9044  9439 D OPENHU  : [79] Companion.decrypt | RECV: AUDIO Media Data type: 0 flags: 11 size: 8202 dataOffset: 2
09-15 13:29:54.428  9044  9439 D OPENHU  : [79] Companion.decrypt | RECV: AUDIO Media Data type: 0 flags: 11 size: 8202 dataOffset: 2
09-15 13:29:54.469  9044  9439 D OPENHU  : [79] Companion.decrypt | RECV: CONTROL Ping Request type: 11 flags: 11 size: 12 dataOffset: 2
09-15 13:29:54.471  9044  9439 V OPENHU  : [79] AapTransport.send | CONTROL Ping Response type: 12 flags: 11 size: 14 dataOffset: 6
09-15 13:29:54.475  9044  9439 D OPENHU  : [79] Companion.decrypt | RECV: AUDIO Media Data type: 0 flags: 11 size: 8202 dataOffset: 2
09-15 13:29:54.512  9044  9439 D OPENHU  : [79] Companion.decrypt | RECV: AUDIO Media Data type: 0 flags: 11 size: 8202 dataOffset: 2
09-15 13:29:54.554  9044  9439 D OPENHU  : [79] Companion.decrypt | RECV: AUDIO Media Data type: 0 flags: 11 size: 8202 dataOffset: 2
09-15 13:29:54.595  9044  9439 D OPENHU  : [79] Companion.decrypt | RECV: AUDIO Media Data type: 0 flags: 11 size: 8202 dataOffset: 2
09-15 13:29:54.639  9044  9439 D OPENHU  : [79] Companion.decrypt | RECV: AUDIO Media Data type: 0 flags: 11 size: 8202 dataOffset: 2
09-15 13:29:54.682  9044  9439 D OPENHU  : [79] Companion.decrypt | RECV: AUDIO Media Data type: 0 flags: 11 size: 8202 dataOffset: 2
09-15 13:29:54.724  9044  9439 D OPENHU  : [79] Companion.decrypt | RECV: AUDIO Media Data type: 0 flags: 11 size: 8202 dataOffset: 2
09-15 13:29:54.767  9044  9439 D OPENHU  : [79] Companion.decrypt | RECV: AUDIO Media Data type: 0 flags: 11 size: 8202 dataOffset: 2
09-15 13:29:54.810  9044  9439 D OPENHU  : [79] Companion.decrypt | RECV: AUDIO Media Data type: 0 flags: 11 size: 8202 dataOffset: 2
09-15 13:29:54.854  9044  9439 D OPENHU  : [79] Companion.decrypt | RECV: AUDIO Media Data type: 0 flags: 11 size: 8202 dataOffset: 2
09-15 13:29:54.897  9044  9439 D OPENHU  : [79] Companion.decrypt | RECV: AUDIO Media Data type: 0 flags: 11 size: 8202 dataOffset: 2
09-15 13:29:54.940  9044  9439 D OPENHU  : [79] Companion.decrypt | RECV: AUDIO Media Data type: 0 flags: 11 size: 8202 dataOffset: 2
09-15 13:29:54.983  9044  9439 D OPENHU  : [79] Companion.decrypt | RECV: AUDIO Media Data type: 0 flags: 11 size: 8202 dataOffset: 2
09-15 13:29:55.013  9044  9044 V OPENHU  : [2] GpsLocation.onLocationChanged | GpsLocation: fix received
09-15 13:29:55.023  9044  9439 D OPENHU  : [79] Companion.decrypt | RECV: AUDIO Media Data type: 0 flags: 11 size: 8202 dataOffset: 2
09-15 13:29:55.033  9044  9044 V OPENHU  : [2] AapTransport.send | SENSOR Sensor Event type: 32771 flags: 11 size: 46 dataOffset: 6
09-15 13:29:55.067  9044  9439 D OPENHU  : [79] Companion.decrypt | RECV: AUDIO Media Data type: 0 flags: 11 size: 8202 dataOffset: 2
09-15 13:29:55.088  9044  9439 D OPENHU  : [79] Companion.decrypt | RECV: MUSIC_PLAYBACK Media Playback Status type: 32769 flags: 11 size: 17 dataOffset: 2
09-15 13:29:55.089  9044  9439 D OPENHU  : [79] AapMediaPlayback.processStatusPacket | AapMediaPlayback: status mediaSource='VLC', playbackSeconds(u32)=90, state=PLAYING
09-15 13:29:55.109  9044  9439 D OPENHU  : [79] Companion.decrypt | RECV: AUDIO Media Data type: 0 flags: 11 size: 8202 dataOffset: 2
09-15 13:29:55.151  9044  9439 D OPENHU  : [79] Companion.decrypt | RECV: AUDIO Media Data type: 0 flags: 11 size: 8202 dataOffset: 2
09-15 13:29:55.193  9044  9439 D OPENHU  : [79] Companion.decrypt | RECV: AUDIO Media Data type: 0 flags: 11 size: 8202 dataOffset: 2
09-15 13:29:55.238  9044  9439 D OPENHU  : [79] Companion.decrypt | RECV: AUDIO Media Data type: 0 flags: 11 size: 8202 dataOffset: 2
09-15 13:29:55.280  9044  9439 D OPENHU  : [79] Companion.decrypt | RECV: AUDIO Media Data type: 0 flags: 11 size: 8202 dataOffset: 2
09-15 13:29:55.322  9044  9439 D OPENHU  : [79] Companion.decrypt | RECV: AUDIO Media Data type: 0 flags: 11 size: 8202 dataOffset: 2
09-15 13:29:55.365  9044  9439 D OPENHU  : [79] Companion.decrypt | RECV: AUDIO Media Data type: 0 flags: 11 size: 8202 dataOffset: 2
09-15 13:29:55.406  9044  9439 D OPENHU  : [79] Companion.decrypt | RECV: AUDIO Media Data type: 0 flags: 11 size: 8202 dataOffset: 2
09-15 13:29:55.450  9044  9439 D OPENHU  : [79] Companion.decrypt | RECV: AUDIO Media Data type: 0 flags: 11 size: 8202 dataOffset: 2
09-15 13:29:55.471  9044  9439 D OPENHU  : [79] Companion.decrypt | RECV: CONTROL Ping Request type: 11 flags: 11 size: 12 dataOffset: 2
09-15 13:29:55.473  9044  9439 V OPENHU  : [79] AapTransport.send | CONTROL Ping Response type: 12 flags: 11 size: 14 dataOffset: 6
09-15 13:29:55.494  9044  9439 D OPENHU  : [79] Companion.decrypt | RECV: AUDIO Media Data type: 0 flags: 11 size: 8202 dataOffset: 2
09-15 13:29:55.541  9044  9439 D OPENHU  : [79] Companion.decrypt | RECV: AUDIO Media Data type: 0 flags: 11 size: 8202 dataOffset: 2
09-15 13:29:55.578  9044  9439 D OPENHU  : [79] Companion.decrypt | RECV: AUDIO Media Data type: 0 flags: 11 size: 8202 dataOffset: 2
09-15 13:29:55.621  9044  9439 D OPENHU  : [79] Companion.decrypt | RECV: AUDIO Media Data type: 0 flags: 11 size: 8202 dataOffset: 2
09-15 13:29:55.663  9044  9439 D OPENHU  : [79] Companion.decrypt | RECV: AUDIO Media Data type: 0 flags: 11 size: 8202 dataOffset: 2
09-15 13:29:55.706  9044  9439 D OPENHU  : [79] Companion.decrypt | RECV: AUDIO Media Data type: 0 flags: 11 size: 8202 dataOffset: 2
09-15 13:29:55.748  9044  9439 D OPENHU  : [79] Companion.decrypt | RECV: AUDIO Media Data type: 0 flags: 11 size: 8202 dataOffset: 2
09-15 13:29:55.791  9044  9439 D OPENHU  : [79] Companion.decrypt | RECV: AUDIO Media Data type: 0 flags: 11 size: 8202 dataOffset: 2
09-15 13:29:55.835  9044  9439 D OPENHU  : [79] Companion.decrypt | RECV: AUDIO Media Data type: 0 flags: 11 size: 8202 dataOffset: 2
09-15 13:29:55.877  9044  9439 D OPENHU  : [79] Companion.decrypt | RECV: AUDIO Media Data type: 0 flags: 11 size: 8202 dataOffset: 2
09-15 13:29:55.919  9044  9439 D OPENHU  : [79] Companion.decrypt | RECV: AUDIO Media Data type: 0 flags: 11 size: 8202 dataOffset: 2
09-15 13:29:55.963  9044  9439 D OPENHU  : [79] Companion.decrypt | RECV: AUDIO Media Data type: 0 flags: 11 size: 8202 dataOffset: 2
09-15 13:29:55.994  9044  9044 V OPENHU  : [2] GpsLocation.onLocationChanged | GpsLocation: fix received
09-15 13:29:56.002  9044  9044 V OPENHU  : [2] AapTransport.send | SENSOR Sensor Event type: 32771 flags: 11 size: 46 dataOffset: 6
09-15 13:29:56.007  9044  9439 D OPENHU  : [79] Companion.decrypt | RECV: AUDIO Media Data type: 0 flags: 11 size: 8202 dataOffset: 2
09-15 13:29:56.051  9044  9439 D OPENHU  : [79] Companion.decrypt | RECV: AUDIO Media Data type: 0 flags: 11 size: 8202 dataOffset: 2
09-15 13:29:56.094  9044  9439 D OPENHU  : [79] Companion.decrypt | RECV: AUDIO Media Data type: 0 flags: 11 size: 8202 dataOffset: 2
09-15 13:29:56.102  9044  9439 D OPENHU  : [79] Companion.decrypt | RECV: MUSIC_PLAYBACK Media Playback Status type: 32769 flags: 11 size: 17 dataOffset: 2
09-15 13:29:56.103  9044  9439 D OPENHU  : [79] AapMediaPlayback.processStatusPacket | AapMediaPlayback: status mediaSource='VLC', playbackSeconds(u32)=91, state=PLAYING
09-15 13:29:56.135  9044  9439 D OPENHU  : [79] Companion.decrypt | RECV: AUDIO Media Data type: 0 flags: 11 size: 8202 dataOffset: 2
09-15 13:29:56.176  9044  9439 D OPENHU  : [79] Companion.decrypt | RECV: AUDIO Media Data type: 0 flags: 11 size: 8202 dataOffset: 2
09-15 13:29:56.217  9044  9439 D OPENHU  : [79] Companion.decrypt | RECV: AUDIO Media Data type: 0 flags: 11 size: 8202 dataOffset: 2
09-15 13:29:56.261  9044  9439 D OPENHU  : [79] Companion.decrypt | RECV: AUDIO Media Data type: 0 flags: 11 size: 8202 dataOffset: 2
09-15 13:29:56.303  9044  9439 D OPENHU  : [79] Companion.decrypt | RECV: AUDIO Media Data type: 0 flags: 11 size: 8202 dataOffset: 2
09-15 13:29:56.347  9044  9439 D OPENHU  : [79] Companion.decrypt | RECV: AUDIO Media Data type: 0 flags: 11 size: 8202 dataOffset: 2
09-15 13:29:56.388  9044  9439 D OPENHU  : [79] Companion.decrypt | RECV: AUDIO Media Data type: 0 flags: 11 size: 8202 dataOffset: 2
09-15 13:29:56.432  9044  9439 D OPENHU  : [79] Companion.decrypt | RECV: AUDIO Media Data type: 0 flags: 11 size: 8202 dataOffset: 2
09-15 13:29:56.470  9044  9439 D OPENHU  : [79] Companion.decrypt | RECV: CONTROL Ping Request type: 11 flags: 11 size: 12 dataOffset: 2
09-15 13:29:56.471  9044  9439 V OPENHU  : [79] AapTransport.send | CONTROL Ping Response type: 12 flags: 11 size: 14 dataOffset: 6
09-15 13:29:56.474  9044  9439 D OPENHU  : [79] Companion.decrypt | RECV: AUDIO Media Data type: 0 flags: 11 size: 8202 dataOffset: 2
09-15 13:29:56.516  9044  9439 D OPENHU  : [79] Companion.decrypt | RECV: AUDIO Media Data type: 0 flags: 11 size: 8202 dataOffset: 2
09-15 13:29:56.560  9044  9439 D OPENHU  : [79] Companion.decrypt | RECV: AUDIO Media Data type: 0 flags: 11 size: 8202 dataOffset: 2
09-15 13:29:56.601  9044  9439 D OPENHU  : [79] Companion.decrypt | RECV: AUDIO Media Data type: 0 flags: 11 size: 8202 dataOffset: 2
09-15 13:29:56.647  9044  9439 D OPENHU  : [79] Companion.decrypt | RECV: AUDIO Media Data type: 0 flags: 11 size: 8202 dataOffset: 2
09-15 13:29:56.689  9044  9439 D OPENHU  : [79] Companion.decrypt | RECV: AUDIO Media Data type: 0 flags: 11 size: 8202 dataOffset: 2
09-15 13:29:56.731  9044  9439 D OPENHU  : [79] Companion.decrypt | RECV: AUDIO Media Data type: 0 flags: 11 size: 8202 dataOffset: 2
09-15 13:29:56.773  9044  9439 D OPENHU  : [79] Companion.decrypt | RECV: AUDIO Media Data type: 0 flags: 11 size: 8202 dataOffset: 2
09-15 13:29:56.816  9044  9439 D OPENHU  : [79] Companion.decrypt | RECV: AUDIO Media Data type: 0 flags: 11 size: 8202 dataOffset: 2
09-15 13:29:56.858  9044  9439 D OPENHU  : [79] Companion.decrypt | RECV: AUDIO Media Data type: 0 flags: 11 size: 8202 dataOffset: 2
09-15 13:29:56.901  9044  9439 D OPENHU  : [79] Companion.decrypt | RECV: AUDIO Media Data type: 0 flags: 11 size: 8202 dataOffset: 2
09-15 13:29:56.943  9044  9439 D OPENHU  : [79] Companion.decrypt | RECV: AUDIO Media Data type: 0 flags: 11 size: 8202 dataOffset: 2
09-15 13:29:56.986  9044  9439 D OPENHU  : [79] Companion.decrypt | RECV: AUDIO Media Data type: 0 flags: 11 size: 8202 dataOffset: 2
09-15 13:29:57.011  9044  9044 V OPENHU  : [2] GpsLocation.onLocationChanged | GpsLocation: fix received
09-15 13:29:57.021  9044  9044 V OPENHU  : [2] AapTransport.send | SENSOR Sensor Event type: 32771 flags: 11 size: 46 dataOffset: 6
09-15 13:29:57.030  9044  9439 D OPENHU  : [79] Companion.decrypt | RECV: AUDIO Media Data type: 0 flags: 11 size: 8202 dataOffset: 2
09-15 13:29:57.076  9044  9439 D OPENHU  : [79] Companion.decrypt | RECV: AUDIO Media Data type: 0 flags: 11 size: 8202 dataOffset: 2
09-15 13:29:57.101  9044  9439 D OPENHU  : [79] Companion.decrypt | RECV: MUSIC_PLAYBACK Media Playback Status type: 32769 flags: 11 size: 17 dataOffset: 2
09-15 13:29:57.103  9044  9439 D OPENHU  : [79] AapMediaPlayback.processStatusPacket | AapMediaPlayback: status mediaSource='VLC', playbackSeconds(u32)=92, state=PLAYING
09-15 13:29:57.115  9044  9439 D OPENHU  : [79] Companion.decrypt | RECV: AUDIO Media Data type: 0 flags: 11 size: 8202 dataOffset: 2
09-15 13:29:57.158  9044  9439 D OPENHU  : [79] Companion.decrypt | RECV: AUDIO Media Data type: 0 flags: 11 size: 8202 dataOffset: 2
09-15 13:29:57.200  9044  9439 D OPENHU  : [79] Companion.decrypt | RECV: AUDIO Media Data type: 0 flags: 11 size: 8202 dataOffset: 2
09-15 13:29:57.241  9044  9439 D OPENHU  : [79] Companion.decrypt | RECV: AUDIO Media Data type: 0 flags: 11 size: 8202 dataOffset: 2
09-15 13:29:57.285  9044  9439 D OPENHU  : [79] Companion.decrypt | RECV: AUDIO Media Data type: 0 flags: 11 size: 8202 dataOffset: 2
09-15 13:29:57.327  9044  9439 D OPENHU  : [79] Companion.decrypt | RECV: AUDIO Media Data type: 0 flags: 11 size: 8202 dataOffset: 2
09-15 13:29:57.361  9044  9477 I OPENHU  : [89] VideoDecoder.logThroughput | Throughput over 5009ms: rendered=161 (32fps), fed=160 (31fps), dropped=0, skipped=0, concealed=0, inputWait=71ms, enqueueWait=0ms, codec=c2.unisoc.avc.decoder, presented=161 (32fps), decodeLatency=9ms p95=11ms (161 frames)
09-15 13:29:57.370  9044  9439 D OPENHU  : [79] Companion.decrypt | RECV: AUDIO Media Data type: 0 flags: 11 size: 8202 dataOffset: 2
09-15 13:29:57.412  9044  9439 D OPENHU  : [79] Companion.decrypt | RECV: AUDIO Media Data type: 0 flags: 11 size: 8202 dataOffset: 2
09-15 13:29:57.455  9044  9439 D OPENHU  : [79] Companion.decrypt | RECV: AUDIO Media Data type: 0 flags: 11 size: 8202 dataOffset: 2
09-15 13:29:57.472  9044  9439 D OPENHU  : [79] Companion.decrypt | RECV: CONTROL Ping Request type: 11 flags: 11 size: 12 dataOffset: 2
09-15 13:29:57.473  9044  9439 V OPENHU  : [79] AapTransport.send | CONTROL Ping Response type: 12 flags: 11 size: 14 dataOffset: 6
09-15 13:29:57.500  9044  9439 D OPENHU  : [79] Companion.decrypt | RECV: AUDIO Media Data type: 0 flags: 11 size: 8202 dataOffset: 2
09-15 13:29:57.543  9044  9439 D OPENHU  : [79] Companion.decrypt | RECV: AUDIO Media Data type: 0 flags: 11 size: 8202 dataOffset: 2
09-15 13:29:57.584  9044  9439 D OPENHU  : [79] Companion.decrypt | RECV: AUDIO Media Data type: 0 flags: 11 size: 8202 dataOffset: 2
09-15 13:29:57.625  9044  9439 D OPENHU  : [79] Companion.decrypt | RECV: AUDIO Media Data type: 0 flags: 11 size: 8202 dataOffset: 2
09-15 13:29:57.669  9044  9439 D OPENHU  : [79] Companion.decrypt | RECV: AUDIO Media Data type: 0 flags: 11 size: 8202 dataOffset: 2
09-15 13:29:57.693  9044  9044 I OPENHU  : [2] TextureProjectionView.onSurfaceTextureUpdated | TextureProjectionView: displayed 133 frames in 5018ms (26fps), longFrames=1
09-15 13:29:57.710  9044  9439 D OPENHU  : [79] Companion.decrypt | RECV: AUDIO Media Data type: 0 flags: 11 size: 8202 dataOffset: 2
09-15 13:29:57.754  9044  9439 D OPENHU  : [79] Companion.decrypt | RECV: AUDIO Media Data type: 0 flags: 11 size: 8202 dataOffset: 2
09-15 13:29:57.797  9044  9439 D OPENHU  : [79] Companion.decrypt | RECV: AUDIO Media Data type: 0 flags: 11 size: 8202 dataOffset: 2
09-15 13:29:57.838  9044  9439 D OPENHU  : [79] Companion.decrypt | RECV: AUDIO Media Data type: 0 flags: 11 size: 8202 dataOffset: 2
09-15 13:29:57.883  9044  9439 D OPENHU  : [79] Companion.decrypt | RECV: AUDIO Media Data type: 0 flags: 11 size: 8202 dataOffset: 2
09-15 13:29:57.926  9044  9439 D OPENHU  : [79] Companion.decrypt | RECV: AUDIO Media Data type: 0 flags: 11 size: 8202 dataOffset: 2
09-15 13:29:57.967  9044  9439 D OPENHU  : [79] Companion.decrypt | RECV: AUDIO Media Data type: 0 flags: 11 size: 8202 dataOffset: 2
09-15 13:29:57.997  9044  9044 V OPENHU  : [2] GpsLocation.onLocationChanged | GpsLocation: fix received
09-15 13:29:58.011  9044  9439 D OPENHU  : [79] Companion.decrypt | RECV: AUDIO Media Data type: 0 flags: 11 size: 8202 dataOffset: 2
09-15 13:29:58.016  9044  9044 V OPENHU  : [2] AapTransport.send | SENSOR Sensor Event type: 32771 flags: 11 size: 46 dataOffset: 6
09-15 13:29:58.092  9044  9439 D OPENHU  : [79] Companion.decrypt | RECV: AUDIO Media Data type: 0 flags: 11 size: 8202 dataOffset: 2
09-15 13:29:58.110  9044  9439 D OPENHU  : [79] Companion.decrypt | RECV: AUDIO Media Data type: 0 flags: 11 size: 8202 dataOffset: 2
09-15 13:29:58.119  9044  9439 D OPENHU  : [79] Companion.decrypt | RECV: MUSIC_PLAYBACK Media Playback Status type: 32769 flags: 11 size: 17 dataOffset: 2
09-15 13:29:58.121  9044  9439 D OPENHU  : [79] AapMediaPlayback.processStatusPacket | AapMediaPlayback: status mediaSource='VLC', playbackSeconds(u32)=93, state=PLAYING
09-15 13:29:58.147  9044  9439 D OPENHU  : [79] Companion.decrypt | RECV: AUDIO Media Data type: 0 flags: 11 size: 8202 dataOffset: 2
09-15 13:29:58.197  9044  9439 D OPENHU  : [79] Companion.decrypt | RECV: AUDIO Media Data type: 0 flags: 11 size: 8202 dataOffset: 2
09-15 13:29:58.223  9044  9439 D OPENHU  : [79] Companion.decrypt | RECV: AUDIO Media Data type: 0 flags: 11 size: 8202 dataOffset: 2
09-15 13:29:58.303  9044  9439 D OPENHU  : [79] Companion.decrypt | RECV: AUDIO Media Data type: 0 flags: 11 size: 8202 dataOffset: 2
09-15 13:29:58.313  9044  9439 D OPENHU  : [79] Companion.decrypt | RECV: AUDIO Media Data type: 0 flags: 11 size: 8202 dataOffset: 2
09-15 13:29:58.352  9044  9439 D OPENHU  : [79] Companion.decrypt | RECV: AUDIO Media Data type: 0 flags: 11 size: 8202 dataOffset: 2
09-15 13:29:58.397  9044  9439 D OPENHU  : [79] Companion.decrypt | RECV: AUDIO Media Data type: 0 flags: 11 size: 8202 dataOffset: 2
09-15 13:29:58.437  9044  9439 D OPENHU  : [79] Companion.decrypt | RECV: AUDIO Media Data type: 0 flags: 11 size: 8202 dataOffset: 2
09-15 13:29:58.472  9044  9439 D OPENHU  : [79] Companion.decrypt | RECV: CONTROL Ping Request type: 11 flags: 11 size: 12 dataOffset: 2
09-15 13:29:58.473  9044  9439 V OPENHU  : [79] AapTransport.send | CONTROL Ping Response type: 12 flags: 11 size: 14 dataOffset: 6
09-15 13:29:58.479  9044  9439 D OPENHU  : [79] Companion.decrypt | RECV: AUDIO Media Data type: 0 flags: 11 size: 8202 dataOffset: 2
09-15 13:29:58.521  9044  9439 D OPENHU  : [79] Companion.decrypt | RECV: AUDIO Media Data type: 0 flags: 11 size: 8202 dataOffset: 2
09-15 13:29:58.601  9044  9439 D OPENHU  : [79] Companion.decrypt | RECV: AUDIO Media Data type: 0 flags: 11 size: 8202 dataOffset: 2
09-15 13:29:58.616  9044  9439 D OPENHU  : [79] Companion.decrypt | RECV: AUDIO Media Data type: 0 flags: 11 size: 8202 dataOffset: 2
09-15 13:29:58.651  9044  9439 D OPENHU  : [79] Companion.decrypt | RECV: AUDIO Media Data type: 0 flags: 11 size: 8202 dataOffset: 2
09-15 13:29:58.711  9044  9439 D OPENHU  : [79] Companion.decrypt | RECV: AUDIO Media Data type: 0 flags: 11 size: 8202 dataOffset: 2
09-15 13:29:58.738  9044  9439 D OPENHU  : [79] Companion.decrypt | RECV: AUDIO Media Data type: 0 flags: 11 size: 8202 dataOffset: 2
09-15 13:29:58.807  9044  9439 D OPENHU  : [79] Companion.decrypt | RECV: AUDIO Media Data type: 0 flags: 11 size: 8202 dataOffset: 2
09-15 13:29:58.821  9044  9439 D OPENHU  : [79] Companion.decrypt | RECV: AUDIO Media Data type: 0 flags: 11 size: 8202 dataOffset: 2
09-15 13:29:58.863  9044  9439 D OPENHU  : [79] Companion.decrypt | RECV: AUDIO Media Data type: 0 flags: 11 size: 8202 dataOffset: 2
09-15 13:29:58.913  9044  9439 D OPENHU  : [79] Companion.decrypt | RECV: AUDIO Media Data type: 0 flags: 11 size: 8202 dataOffset: 2
09-15 13:29:58.964  9044  9439 D OPENHU  : [79] Companion.decrypt | RECV: AUDIO Media Data type: 0 flags: 11 size: 8202 dataOffset: 2
09-15 13:29:59.015  9044  9044 V OPENHU  : [2] GpsLocation.onLocationChanged | GpsLocation: fix received
09-15 13:29:59.015  9044  9439 D OPENHU  : [79] Companion.decrypt | RECV: AUDIO Media Data type: 0 flags: 11 size: 8202 dataOffset: 2
09-15 13:29:59.026  9044  9044 V OPENHU  : [2] AapTransport.send | SENSOR Sensor Event type: 32771 flags: 11 size: 46 dataOffset: 6
09-15 13:29:59.033  9044  9439 D OPENHU  : [79] Companion.decrypt | RECV: AUDIO Media Data type: 0 flags: 11 size: 8202 dataOffset: 2
09-15 13:29:59.109  9044  9439 D OPENHU  : [79] Companion.decrypt | RECV: AUDIO Media Data type: 0 flags: 11 size: 8202 dataOffset: 2
09-15 13:29:59.119  9044  9439 D OPENHU  : [79] Companion.decrypt | RECV: MUSIC_PLAYBACK Media Playback Status type: 32769 flags: 11 size: 17 dataOffset: 2
09-15 13:29:59.119  9044  9439 D OPENHU  : [79] AapMediaPlayback.processStatusPacket | AapMediaPlayback: status mediaSource='VLC', playbackSeconds(u32)=94, state=PLAYING
09-15 13:29:59.121  9044  9439 D OPENHU  : [79] Companion.decrypt | RECV: AUDIO Media Data type: 0 flags: 11 size: 8202 dataOffset: 2
09-15 13:29:59.164  9044  9439 D OPENHU  : [79] Companion.decrypt | RECV: AUDIO Media Data type: 0 flags: 11 size: 8202 dataOffset: 2
09-15 13:29:59.223  9044  9439 D OPENHU  : [79] Companion.decrypt | RECV: AUDIO Media Data type: 0 flags: 11 size: 8202 dataOffset: 2
09-15 13:29:59.247  9044  9439 D OPENHU  : [79] Companion.decrypt | RECV: AUDIO Media Data type: 0 flags: 11 size: 8202 dataOffset: 2
09-15 13:29:59.320  9044  9439 D OPENHU  : [79] Companion.decrypt | RECV: AUDIO Media Data type: 0 flags: 11 size: 8202 dataOffset: 2
09-15 13:29:59.337  9044  9439 D OPENHU  : [79] Companion.decrypt | RECV: AUDIO Media Data type: 0 flags: 11 size: 8202 dataOffset: 2
09-15 13:29:59.376  9044  9439 D OPENHU  : [79] Companion.decrypt | RECV: AUDIO Media Data type: 0 flags: 11 size: 8202 dataOffset: 2
09-15 13:29:59.429  9044  9439 D OPENHU  : [79] Companion.decrypt | RECV: AUDIO Media Data type: 0 flags: 11 size: 8202 dataOffset: 2
09-15 13:29:59.462  9044  9439 D OPENHU  : [79] Companion.decrypt | RECV: AUDIO Media Data type: 0 flags: 11 size: 8202 dataOffset: 2
09-15 13:29:59.474  9044  9439 D OPENHU  : [79] Companion.decrypt | RECV: CONTROL Ping Request type: 11 flags: 11 size: 12 dataOffset: 2
09-15 13:29:59.475  9044  9439 V OPENHU  : [79] AapTransport.send | CONTROL Ping Response type: 12 flags: 11 size: 14 dataOffset: 6
09-15 13:29:59.527  9044  9439 D OPENHU  : [79] Companion.decrypt | RECV: AUDIO Media Data type: 0 flags: 11 size: 8202 dataOffset: 2
09-15 13:29:59.546  9044  9439 D OPENHU  : [79] Companion.decrypt | RECV: AUDIO Media Data type: 0 flags: 11 size: 8202 dataOffset: 2
09-15 13:29:59.629  9044  9439 D OPENHU  : [79] Companion.decrypt | RECV: AUDIO Media Data type: 0 flags: 11 size: 8202 dataOffset: 2
09-15 13:29:59.642  9044  9439 D OPENHU  : [79] Companion.decrypt | RECV: AUDIO Media Data type: 0 flags: 11 size: 8202 dataOffset: 2
09-15 13:29:59.672  9044  9439 D OPENHU  : [79] Companion.decrypt | RECV: AUDIO Media Data type: 0 flags: 11 size: 8202 dataOffset: 2
09-15 13:29:59.729  9044  9439 D OPENHU  : [79] Companion.decrypt | RECV: AUDIO Media Data type: 0 flags: 11 size: 8202 dataOffset: 2
09-15 13:29:59.758  9044  9439 D OPENHU  : [79] Companion.decrypt | RECV: AUDIO Media Data type: 0 flags: 11 size: 8202 dataOffset: 2
09-15 13:29:59.827  9044  9439 D OPENHU  : [79] Companion.decrypt | RECV: AUDIO Media Data type: 0 flags: 11 size: 8202 dataOffset: 2
09-15 13:29:59.845  9044  9439 D OPENHU  : [79] Companion.decrypt | RECV: AUDIO Media Data type: 0 flags: 11 size: 8202 dataOffset: 2
09-15 13:29:59.930  9044  9439 D OPENHU  : [79] Companion.decrypt | RECV: AUDIO Media Data type: 0 flags: 11 size: 8202 dataOffset: 2
09-15 13:29:59.937  9044  9439 D OPENHU  : [79] Companion.decrypt | RECV: AUDIO Media Data type: 0 flags: 11 size: 8202 dataOffset: 2
09-15 13:29:59.973  9044  9439 D OPENHU  : [79] Companion.decrypt | RECV: AUDIO Media Data type: 0 flags: 11 size: 8202 dataOffset: 2
09-15 13:30:00.011  9044  9044 V OPENHU  : [2] GpsLocation.onLocationChanged | GpsLocation: fix received
09-15 13:30:00.020  9044  9044 V OPENHU  : [2] AapTransport.send | SENSOR Sensor Event type: 32771 flags: 11 size: 46 dataOffset: 6
09-15 13:30:00.035  9044  9439 D OPENHU  : [79] Companion.decrypt | RECV: AUDIO Media Data type: 0 flags: 11 size: 8202 dataOffset: 2
09-15 13:30:00.059  9044  9439 D OPENHU  : [79] Companion.decrypt | RECV: AUDIO Media Data type: 0 flags: 11 size: 8202 dataOffset: 2
09-15 13:30:00.138  9044  9439 D OPENHU  : [79] Companion.decrypt | RECV: AUDIO Media Data type: 0 flags: 11 size: 8202 dataOffset: 2
09-15 13:30:00.142  9044  9439 D OPENHU  : [79] Companion.decrypt | RECV: MUSIC_PLAYBACK Media Playback Status type: 32769 flags: 11 size: 17 dataOffset: 2
09-15 13:30:00.143  9044  9439 D OPENHU  : [79] AapMediaPlayback.processStatusPacket | AapMediaPlayback: status mediaSource='VLC', playbackSeconds(u32)=95, state=PLAYING
09-15 13:30:00.151  9044  9439 D OPENHU  : [79] Companion.decrypt | RECV: AUDIO Media Data type: 0 flags: 11 size: 8202 dataOffset: 2
09-15 13:30:00.187  9044  9439 D OPENHU  : [79] Companion.decrypt | RECV: AUDIO Media Data type: 0 flags: 11 size: 8202 dataOffset: 2
09-15 13:30:00.264  9044  9439 D OPENHU  : [79] Companion.decrypt | RECV: AUDIO Media Data type: 0 flags: 11 size: 8202 dataOffset: 2
09-15 13:30:00.274  9044  9439 D OPENHU  : [79] Companion.decrypt | RECV: AUDIO Media Data type: 0 flags: 11 size: 8202 dataOffset: 2
09-15 13:30:00.565  9044  9439 D OPENHU  : [79] Companion.decrypt | RECV: AUDIO Media Data type: 0 flags: 11 size: 8202 dataOffset: 2
09-15 13:30:00.569  9044  9439 D OPENHU  : [79] Companion.decrypt | RECV: AUDIO Media Data type: 0 flags: 11 size: 8202 dataOffset: 2
09-15 13:30:00.574  9044  9439 D OPENHU  : [79] Companion.decrypt | RECV: AUDIO Media Data type: 0 flags: 11 size: 8202 dataOffset: 2
09-15 13:30:00.577  9044  9439 D OPENHU  : [79] Companion.decrypt | RECV: AUDIO Media Data type: 0 flags: 11 size: 8202 dataOffset: 2
09-15 13:30:00.582  9044  9439 D OPENHU  : [79] Companion.decrypt | RECV: CONTROL Ping Request type: 11 flags: 11 size: 12 dataOffset: 2
09-15 13:30:00.583  9044  9439 V OPENHU  : [79] AapTransport.send | CONTROL Ping Response type: 12 flags: 11 size: 14 dataOffset: 6
09-15 13:30:00.586  9044  9439 D OPENHU  : [79] Companion.decrypt | RECV: AUDIO Media Data type: 0 flags: 11 size: 8202 dataOffset: 2
09-15 13:30:00.589  9044  9439 D OPENHU  : [79] Companion.decrypt | RECV: AUDIO Media Data type: 0 flags: 11 size: 8202 dataOffset: 2
09-15 13:30:00.593  9044  9439 D OPENHU  : [79] Companion.decrypt | RECV: AUDIO Media Data type: 0 flags: 11 size: 8202 dataOffset: 2
09-15 13:30:00.617  9044  9439 D OPENHU  : [79] Companion.decrypt | RECV: AUDIO Media Data type: 0 flags: 11 size: 8202 dataOffset: 2
09-15 13:30:00.665  9044  9439 D OPENHU  : [79] Companion.decrypt | RECV: AUDIO Media Data type: 0 flags: 11 size: 8202 dataOffset: 2
09-15 13:30:00.875  9044  9439 D OPENHU  : [79] Companion.decrypt | RECV: AUDIO Media Data type: 0 flags: 11 size: 8202 dataOffset: 2
09-15 13:30:00.884  9044  9439 D OPENHU  : [79] Companion.decrypt | RECV: AUDIO Media Data type: 0 flags: 11 size: 8202 dataOffset: 2
09-15 13:30:00.887  9044  9439 D OPENHU  : [79] Companion.decrypt | RECV: AUDIO Media Data type: 0 flags: 11 size: 8202 dataOffset: 2
09-15 13:30:00.891  9044  9439 D OPENHU  : [79] Companion.decrypt | RECV: AUDIO Media Data type: 0 flags: 11 size: 8202 dataOffset: 2
09-15 13:30:00.896  9044  9439 D OPENHU  : [79] Companion.decrypt | RECV: AUDIO Media Data type: 0 flags: 11 size: 8202 dataOffset: 2
09-15 13:30:01.018  9044  9044 V OPENHU  : [2] GpsLocation.onLocationChanged | GpsLocation: fix received
09-15 13:30:01.029  9044  9044 V OPENHU  : [2] AapTransport.send | SENSOR Sensor Event type: 32771 flags: 11 size: 46 dataOffset: 6
09-15 13:30:01.176  9044  9439 D OPENHU  : [79] Companion.decrypt | RECV: AUDIO Media Data type: 0 flags: 11 size: 8202 dataOffset: 2
09-15 13:30:01.180  9044  9439 D OPENHU  : [79] Companion.decrypt | RECV: AUDIO Media Data type: 0 flags: 11 size: 8202 dataOffset: 2
09-15 13:30:01.184  9044  9439 D OPENHU  : [79] Companion.decrypt | RECV: AUDIO Media Data type: 0 flags: 11 size: 8202 dataOffset: 2
09-15 13:30:01.187  9044  9439 D OPENHU  : [79] Companion.decrypt | RECV: AUDIO Media Data type: 0 flags: 11 size: 8202 dataOffset: 2
09-15 13:30:01.191  9044  9439 D OPENHU  : [79] Companion.decrypt | RECV: AUDIO Media Data type: 0 flags: 11 size: 8202 dataOffset: 2
09-15 13:30:01.194  9044  9439 D OPENHU  : [79] Companion.decrypt | RECV: MUSIC_PLAYBACK Media Playback Status type: 32769 flags: 11 size: 17 dataOffset: 2
09-15 13:30:01.195  9044  9439 D OPENHU  : [79] AapMediaPlayback.processStatusPacket | AapMediaPlayback: status mediaSource='VLC', playbackSeconds(u32)=96, state=PLAYING
09-15 13:30:01.199  9044  9439 D OPENHU  : [79] Companion.decrypt | RECV: AUDIO Media Data type: 0 flags: 11 size: 8202 dataOffset: 2
09-15 13:30:01.206  9044  9439 D OPENHU  : [79] Companion.decrypt | RECV: AUDIO Media Data type: 0 flags: 11 size: 8202 dataOffset: 2
09-15 13:30:01.383  9044  9439 D OPENHU  : [79] Companion.decrypt | RECV: AUDIO Media Data type: 0 flags: 11 size: 8202 dataOffset: 2
09-15 13:30:01.392  9044  9439 D OPENHU  : [79] Companion.decrypt | RECV: AUDIO Media Data type: 0 flags: 11 size: 8202 dataOffset: 2
09-15 13:30:01.399  9044  9439 D OPENHU  : [79] Companion.decrypt | RECV: AUDIO Media Data type: 0 flags: 11 size: 8202 dataOffset: 2
09-15 13:30:01.403  9044  9439 D OPENHU  : [79] Companion.decrypt | RECV: AUDIO Media Data type: 0 flags: 11 size: 8202 dataOffset: 2
09-15 13:30:01.407  9044  9439 D OPENHU  : [79] Companion.decrypt | RECV: AUDIO Media Data type: 0 flags: 11 size: 8202 dataOffset: 2
09-15 13:30:01.587  9044  9439 D OPENHU  : [79] Companion.decrypt | RECV: AUDIO Media Data type: 0 flags: 11 size: 8202 dataOffset: 2
09-15 13:30:01.591  9044  9439 D OPENHU  : [79] Companion.decrypt | RECV: AUDIO Media Data type: 0 flags: 11 size: 8202 dataOffset: 2
09-15 13:30:01.594  9044  9439 D OPENHU  : [79] Companion.decrypt | RECV: CONTROL Ping Request type: 11 flags: 11 size: 12 dataOffset: 2
09-15 13:30:01.595  9044  9439 V OPENHU  : [79] AapTransport.send | CONTROL Ping Response type: 12 flags: 11 size: 14 dataOffset: 6
09-15 13:30:01.598  9044  9439 D OPENHU  : [79] Companion.decrypt | RECV: AUDIO Media Data type: 0 flags: 11 size: 8202 dataOffset: 2
09-15 13:30:01.601  9044  9439 D OPENHU  : [79] Companion.decrypt | RECV: AUDIO Media Data type: 0 flags: 11 size: 8202 dataOffset: 2
09-15 13:30:01.603  9044  9439 D OPENHU  : [79] Companion.decrypt | RECV: AUDIO Media Data type: 0 flags: 11 size: 8202 dataOffset: 2
09-15 13:30:01.804  9044  9439 D OPENHU  : [79] Companion.decrypt | RECV: AUDIO Media Data type: 0 flags: 11 size: 8202 dataOffset: 2
09-15 13:30:01.993  9044  9044 V OPENHU  : [2] GpsLocation.onLocationChanged | GpsLocation: fix received
09-15 13:30:01.998  9044  9439 D OPENHU  : [79] Companion.decrypt | RECV: AUDIO Media Data type: 0 flags: 11 size: 8202 dataOffset: 2
09-15 13:30:02.000  9044  9044 V OPENHU  : [2] AapTransport.send | SENSOR Sensor Event type: 32771 flags: 11 size: 46 dataOffset: 6
09-15 13:30:02.011  9044  9439 D OPENHU  : [79] Companion.decrypt | RECV: AUDIO Media Data type: 0 flags: 11 size: 8202 dataOffset: 2
09-15 13:30:02.103  9044  9439 D OPENHU  : [79] Companion.decrypt | RECV: AUDIO Media Data type: 0 flags: 11 size: 8202 dataOffset: 2
09-15 13:30:02.110  9044  9439 D OPENHU  : [79] Companion.decrypt | RECV: AUDIO Media Data type: 0 flags: 11 size: 8202 dataOffset: 2
09-15 13:30:02.303  9044  9439 D OPENHU  : [79] Companion.decrypt | RECV: AUDIO Media Data type: 0 flags: 11 size: 8202 dataOffset: 2
09-15 13:30:02.308  9044  9439 D OPENHU  : [79] Companion.decrypt | RECV: AUDIO Media Data type: 0 flags: 11 size: 8202 dataOffset: 2
09-15 13:30:02.315  9044  9439 D OPENHU  : [79] Companion.decrypt | RECV: AUDIO Media Data type: 0 flags: 11 size: 8202 dataOffset: 2
09-15 13:30:02.364  9044  9477 I OPENHU  : [89] VideoDecoder.logThroughput | Throughput over 5003ms: rendered=169 (33fps), fed=169 (33fps), dropped=0, skipped=0, concealed=0, inputWait=84ms, enqueueWait=0ms, codec=c2.unisoc.avc.decoder, presented=167 (33fps), decodeLatency=10ms p95=14ms (167 frames)
09-15 13:30:02.510  9044  9439 D OPENHU  : [79] Companion.decrypt | RECV: AUDIO Media Data type: 0 flags: 11 size: 8202 dataOffset: 2
09-15 13:30:02.513  9044  9439 D OPENHU  : [79] Companion.decrypt | RECV: MUSIC_PLAYBACK Media Playback Status type: 32769 flags: 11 size: 17 dataOffset: 2
09-15 13:30:02.513  9044  9439 D OPENHU  : [79] AapMediaPlayback.processStatusPacket | AapMediaPlayback: status mediaSource='VLC', playbackSeconds(u32)=97, state=PLAYING
09-15 13:30:02.519  9044  9439 D OPENHU  : [79] Companion.decrypt | RECV: AUDIO Media Data type: 0 flags: 11 size: 8202 dataOffset: 2
09-15 13:30:02.610  9044  9439 D OPENHU  : [79] Companion.decrypt | RECV: AUDIO Media Data type: 0 flags: 11 size: 8202 dataOffset: 2
09-15 13:30:02.615  9044  9439 D OPENHU  : [79] Companion.decrypt | RECV: AUDIO Media Data type: 0 flags: 11 size: 8202 dataOffset: 2
09-15 13:30:02.621  9044  9439 D OPENHU  : [79] Companion.decrypt | RECV: AUDIO Media Data type: 0 flags: 11 size: 8202 dataOffset: 2
09-15 13:30:02.716  9044  9439 D OPENHU  : [79] Companion.decrypt | RECV: AUDIO Media Data type: 0 flags: 11 size: 8202 dataOffset: 2
09-15 13:30:02.719  9044  9439 D OPENHU  : [79] Companion.decrypt | RECV: CONTROL Ping Request type: 11 flags: 11 size: 12 dataOffset: 2
09-15 13:30:02.720  9044  9439 V OPENHU  : [79] AapTransport.send | CONTROL Ping Response type: 12 flags: 11 size: 14 dataOffset: 6
09-15 13:30:02.722  9044  9439 D OPENHU  : [79] Companion.decrypt | RECV: AUDIO Media Data type: 0 flags: 11 size: 8202 dataOffset: 2
09-15 13:30:02.725  9044  9439 D OPENHU  : [79] Companion.decrypt | RECV: AUDIO Media Data type: 0 flags: 11 size: 8202 dataOffset: 2
09-15 13:30:02.729  9044  9439 D OPENHU  : [79] Companion.decrypt | RECV: AUDIO Media Data type: 0 flags: 11 size: 8202 dataOffset: 2
09-15 13:30:02.733  9044  9439 D OPENHU  : [79] Companion.decrypt | RECV: AUDIO Media Data type: 0 flags: 11 size: 8202 dataOffset: 2
09-15 13:30:02.786  9044  9439 D OPENHU  : [79] Companion.decrypt | RECV: AUDIO Media Data type: 0 flags: 11 size: 8202 dataOffset: 2
09-15 13:30:02.805  9044  9044 I OPENHU  : [2] StationScanMonitor.record | StationScanMonitor: station scans: 1 in 88872ms, one scan, so no cadence yet. Each one takes the radio off the group's channel.
09-15 13:30:02.812  9044  9439 D OPENHU  : [79] Companion.decrypt | RECV: AUDIO Media Data type: 0 flags: 11 size: 8202 dataOffset: 2
09-15 13:30:02.816  9044  9439 D OPENHU  : [79] Companion.decrypt | RECV: AUDIO Media Data type: 0 flags: 11 size: 8202 dataOffset: 2
09-15 13:30:02.821  9044  9439 D OPENHU  : [79] Companion.decrypt | RECV: AUDIO Media Data type: 0 flags: 11 size: 8202 dataOffset: 2
09-15 13:30:02.824  9044  9439 D OPENHU  : [79] Companion.decrypt | RECV: AUDIO Media Data type: 0 flags: 11 size: 8202 dataOffset: 2
09-15 13:30:02.827  9044  9439 D OPENHU  : [79] Companion.decrypt | RECV: AUDIO Media Data type: 0 flags: 11 size: 8202 dataOffset: 2
09-15 13:30:02.831  9044  9439 D OPENHU  : [79] Companion.decrypt | RECV: AUDIO Media Data type: 0 flags: 11 size: 8202 dataOffset: 2
09-15 13:30:02.834  9044  9439 D OPENHU  : [79] Companion.decrypt | RECV: AUDIO Media Data type: 0 flags: 11 size: 8202 dataOffset: 2
09-15 13:30:02.837  9044  9439 D OPENHU  : [79] Companion.decrypt | RECV: AUDIO Media Data type: 0 flags: 11 size: 8202 dataOffset: 2
09-15 13:30:02.841  9044  9439 D OPENHU  : [79] Companion.decrypt | RECV: AUDIO Media Data type: 0 flags: 11 size: 8202 dataOffset: 2
09-15 13:30:02.853  9044  9439 D OPENHU  : [79] Companion.decrypt | RECV: AUDIO Media Data type: 0 flags: 11 size: 8202 dataOffset: 2
09-15 13:30:02.869  9044  9044 I OPENHU  : [2] TextureProjectionView.onSurfaceTextureUpdated | TextureProjectionView: displayed 96 frames in 5175ms (18fps), longFrames=1
09-15 13:30:02.873  9044  9439 D OPENHU  : [79] Companion.decrypt | RECV: AUDIO Media Data type: 0 flags: 11 size: 8202 dataOffset: 2
09-15 13:30:02.916  9044  9439 D OPENHU  : [79] Companion.decrypt | RECV: AUDIO Media Data type: 0 flags: 11 size: 8202 dataOffset: 2
09-15 13:30:02.958  9044  9439 D OPENHU  : [79] Companion.decrypt | RECV: AUDIO Media Data type: 0 flags: 11 size: 8202 dataOffset: 2
09-15 13:30:03.003  9044  9439 D OPENHU  : [79] Companion.decrypt | RECV: AUDIO Media Data type: 0 flags: 11 size: 8202 dataOffset: 2
09-15 13:30:03.019  9044  9044 V OPENHU  : [2] GpsLocation.onLocationChanged | GpsLocation: fix received
09-15 13:30:03.032  9044  9044 V OPENHU  : [2] AapTransport.send | SENSOR Sensor Event type: 32771 flags: 11 size: 46 dataOffset: 6
09-15 13:30:03.046  9044  9439 D OPENHU  : [79] Companion.decrypt | RECV: AUDIO Media Data type: 0 flags: 11 size: 8202 dataOffset: 2
09-15 13:30:03.087  9044  9439 D OPENHU  : [79] Companion.decrypt | RECV: AUDIO Media Data type: 0 flags: 11 size: 8202 dataOffset: 2
09-15 13:30:03.116  9044  9439 D OPENHU  : [79] Companion.decrypt | RECV: MUSIC_PLAYBACK Media Playback Status type: 32769 flags: 11 size: 17 dataOffset: 2
09-15 13:30:03.117  9044  9439 D OPENHU  : [79] AapMediaPlayback.processStatusPacket | AapMediaPlayback: status mediaSource='VLC', playbackSeconds(u32)=98, state=PLAYING
09-15 13:30:03.130  9044  9439 D OPENHU  : [79] Companion.decrypt | RECV: AUDIO Media Data type: 0 flags: 11 size: 8202 dataOffset: 2
09-15 13:30:03.174  9044  9439 D OPENHU  : [79] Companion.decrypt | RECV: AUDIO Media Data type: 0 flags: 11 size: 8202 dataOffset: 2
09-15 13:30:03.217  9044  9439 D OPENHU  : [79] Companion.decrypt | RECV: AUDIO Media Data type: 0 flags: 11 size: 8202 dataOffset: 2
09-15 13:30:03.259  9044  9439 D OPENHU  : [79] Companion.decrypt | RECV: AUDIO Media Data type: 0 flags: 11 size: 8202 dataOffset: 2
09-15 13:30:03.301  9044  9439 D OPENHU  : [79] Companion.decrypt | RECV: AUDIO Media Data type: 0 flags: 11 size: 8202 dataOffset: 2
09-15 13:30:03.344  9044  9439 D OPENHU  : [79] Companion.decrypt | RECV: AUDIO Media Data type: 0 flags: 11 size: 8202 dataOffset: 2
09-15 13:30:03.385  9044  9439 D OPENHU  : [79] Companion.decrypt | RECV: AUDIO Media Data type: 0 flags: 11 size: 8202 dataOffset: 2
09-15 13:30:03.430  9044  9439 D OPENHU  : [79] Companion.decrypt | RECV: AUDIO Media Data type: 0 flags: 11 size: 8202 dataOffset: 2
09-15 13:30:03.474  9044  9439 D OPENHU  : [79] Companion.decrypt | RECV: AUDIO Media Data type: 0 flags: 11 size: 8202 dataOffset: 2
09-15 13:30:03.477  9044  9439 D OPENHU  : [79] Companion.decrypt | RECV: CONTROL Ping Request type: 11 flags: 11 size: 12 dataOffset: 2
09-15 13:30:03.478  9044  9439 V OPENHU  : [79] AapTransport.send | CONTROL Ping Response type: 12 flags: 11 size: 14 dataOffset: 6
09-15 13:30:03.515  9044  9439 D OPENHU  : [79] Companion.decrypt | RECV: AUDIO Media Data type: 0 flags: 11 size: 8202 dataOffset: 2
09-15 13:30:03.556  9044  9439 D OPENHU  : [79] Companion.decrypt | RECV: AUDIO Media Data type: 0 flags: 11 size: 8202 dataOffset: 2
09-15 13:30:03.600  9044  9439 D OPENHU  : [79] Companion.decrypt | RECV: AUDIO Media Data type: 0 flags: 11 size: 8202 dataOffset: 2
09-15 13:30:03.642  9044  9439 D OPENHU  : [79] Companion.decrypt | RECV: AUDIO Media Data type: 0 flags: 11 size: 8202 dataOffset: 2
09-15 13:30:03.685  9044  9439 D OPENHU  : [79] Companion.decrypt | RECV: AUDIO Media Data type: 0 flags: 11 size: 8202 dataOffset: 2
09-15 13:30:03.727  9044  9439 D OPENHU  : [79] Companion.decrypt | RECV: AUDIO Media Data type: 0 flags: 11 size: 8202 dataOffset: 2
09-15 13:30:03.771  9044  9439 D OPENHU  : [79] Companion.decrypt | RECV: AUDIO Media Data type: 0 flags: 11 size: 8202 dataOffset: 2
09-15 13:30:03.813  9044  9439 D OPENHU  : [79] Companion.decrypt | RECV: AUDIO Media Data type: 0 flags: 11 size: 8202 dataOffset: 2
09-15 13:30:03.856  9044  9439 D OPENHU  : [79] Companion.decrypt | RECV: AUDIO Media Data type: 0 flags: 11 size: 8202 dataOffset: 2
09-15 13:30:03.899  9044  9439 D OPENHU  : [79] Companion.decrypt | RECV: AUDIO Media Data type: 0 flags: 11 size: 8202 dataOffset: 2
09-15 13:30:03.942  9044  9439 D OPENHU  : [79] Companion.decrypt | RECV: AUDIO Media Data type: 0 flags: 11 size: 8202 dataOffset: 2
09-15 13:30:03.984  9044  9439 D OPENHU  : [79] Companion.decrypt | RECV: AUDIO Media Data type: 0 flags: 11 size: 8202 dataOffset: 2
09-15 13:30:03.998  9044  9044 V OPENHU  : [2] GpsLocation.onLocationChanged | GpsLocation: fix received
09-15 13:30:04.011  9044  9044 V OPENHU  : [2] AapTransport.send | SENSOR Sensor Event type: 32771 flags: 11 size: 46 dataOffset: 6
09-15 13:30:04.027  9044  9439 D OPENHU  : [79] Companion.decrypt | RECV: AUDIO Media Data type: 0 flags: 11 size: 8202 dataOffset: 2
09-15 13:30:04.069  9044  9439 D OPENHU  : [79] Companion.decrypt | RECV: AUDIO Media Data type: 0 flags: 11 size: 8202 dataOffset: 2
09-15 13:30:04.110  9044  9439 D OPENHU  : [79] Companion.decrypt | RECV: AUDIO Media Data type: 0 flags: 11 size: 8202 dataOffset: 2
09-15 13:30:04.117  9044  9439 D OPENHU  : [79] Companion.decrypt | RECV: MUSIC_PLAYBACK Media Playback Status type: 32769 flags: 11 size: 17 dataOffset: 2
09-15 13:30:04.118  9044  9439 D OPENHU  : [79] AapMediaPlayback.processStatusPacket | AapMediaPlayback: status mediaSource='VLC', playbackSeconds(u32)=99, state=PLAYING
09-15 13:30:04.155  9044  9439 D OPENHU  : [79] Companion.decrypt | RECV: AUDIO Media Data type: 0 flags: 11 size: 8202 dataOffset: 2
09-15 13:30:04.199  9044  9439 D OPENHU  : [79] Companion.decrypt | RECV: AUDIO Media Data type: 0 flags: 11 size: 8202 dataOffset: 2
09-15 13:30:04.241  9044  9439 D OPENHU  : [79] Companion.decrypt | RECV: AUDIO Media Data type: 0 flags: 11 size: 8202 dataOffset: 2
09-15 13:30:04.282  9044  9439 D OPENHU  : [79] Companion.decrypt | RECV: AUDIO Media Data type: 0 flags: 11 size: 8202 dataOffset: 2
09-15 13:30:04.324  9044  9439 D OPENHU  : [79] Companion.decrypt | RECV: AUDIO Media Data type: 0 flags: 11 size: 8202 dataOffset: 2
09-15 13:30:04.368  9044  9439 D OPENHU  : [79] Companion.decrypt | RECV: AUDIO Media Data type: 0 flags: 11 size: 8202 dataOffset: 2
09-15 13:30:04.409  9044  9439 D OPENHU  : [79] Companion.decrypt | RECV: AUDIO Media Data type: 0 flags: 11 size: 8202 dataOffset: 2
09-15 13:30:04.452  9044  9439 D OPENHU  : [79] Companion.decrypt | RECV: AUDIO Media Data type: 0 flags: 11 size: 8202 dataOffset: 2
09-15 13:30:04.477  9044  9439 D OPENHU  : [79] Companion.decrypt | RECV: CONTROL Ping Request type: 11 flags: 11 size: 12 dataOffset: 2
09-15 13:30:04.478  9044  9439 V OPENHU  : [79] AapTransport.send | CONTROL Ping Response type: 12 flags: 11 size: 14 dataOffset: 6
09-15 13:30:04.505  9044  9439 D OPENHU  : [79] Companion.decrypt | RECV: AUDIO Media Data type: 0 flags: 11 size: 8202 dataOffset: 2
09-15 13:30:04.543  9044  9439 D OPENHU  : [79] Companion.decrypt | RECV: AUDIO Media Data type: 0 flags: 11 size: 8202 dataOffset: 2
09-15 13:30:04.582  9044  9439 D OPENHU  : [79] Companion.decrypt | RECV: AUDIO Media Data type: 0 flags: 11 size: 8202 dataOffset: 2
09-15 13:30:04.625  9044  9439 D OPENHU  : [79] Companion.decrypt | RECV: AUDIO Media Data type: 0 flags: 11 size: 8202 dataOffset: 2
09-15 13:30:04.669  9044  9439 D OPENHU  : [79] Companion.decrypt | RECV: AUDIO Media Data type: 0 flags: 11 size: 8202 dataOffset: 2
09-15 13:30:04.709  9044  9439 D OPENHU  : [79] Companion.decrypt | RECV: AUDIO Media Data type: 0 flags: 11 size: 8202 dataOffset: 2
09-15 13:30:04.751  9044  9439 D OPENHU  : [79] Companion.decrypt | RECV: AUDIO Media Data type: 0 flags: 11 size: 8202 dataOffset: 2
09-15 13:30:04.794  9044  9439 D OPENHU  : [79] Companion.decrypt | RECV: AUDIO Media Data type: 0 flags: 11 size: 8202 dataOffset: 2
09-15 13:30:04.836  9044  9439 D OPENHU  : [79] Companion.decrypt | RECV: AUDIO Media Data type: 0 flags: 11 size: 8202 dataOffset: 2
09-15 13:30:04.879  9044  9439 D OPENHU  : [79] Companion.decrypt | RECV: AUDIO Media Data type: 0 flags: 11 size: 8202 dataOffset: 2
09-15 13:30:04.921  9044  9439 D OPENHU  : [79] Companion.decrypt | RECV: AUDIO Media Data type: 0 flags: 11 size: 8202 dataOffset: 2
09-15 13:30:04.964  9044  9439 D OPENHU  : [79] Companion.decrypt | RECV: AUDIO Media Data type: 0 flags: 11 size: 8202 dataOffset: 2
09-15 13:30:05.007  9044  9439 D OPENHU  : [79] Companion.decrypt | RECV: AUDIO Media Data type: 0 flags: 11 size: 8202 dataOffset: 2
09-15 13:30:05.030  9044  9044 V OPENHU  : [2] GpsLocation.onLocationChanged | GpsLocation: fix received
09-15 13:30:05.039  9044  9044 V OPENHU  : [2] AapTransport.send | SENSOR Sensor Event type: 32771 flags: 11 size: 46 dataOffset: 6
09-15 13:30:05.051  9044  9439 D OPENHU  : [79] Companion.decrypt | RECV: AUDIO Media Data type: 0 flags: 11 size: 8202 dataOffset: 2
09-15 13:30:05.093  9044  9439 D OPENHU  : [79] Companion.decrypt | RECV: AUDIO Media Data type: 0 flags: 11 size: 8202 dataOffset: 2
09-15 13:30:05.121  9044  9439 D OPENHU  : [79] Companion.decrypt | RECV: MUSIC_PLAYBACK Media Playback Status type: 32769 flags: 11 size: 17 dataOffset: 2
09-15 13:30:05.121  9044  9439 D OPENHU  : [79] AapMediaPlayback.processStatusPacket | AapMediaPlayback: status mediaSource='VLC', playbackSeconds(u32)=100, state=PLAYING
09-15 13:30:05.137  9044  9439 D OPENHU  : [79] Companion.decrypt | RECV: AUDIO Media Data type: 0 flags: 11 size: 8202 dataOffset: 2
09-15 13:30:05.178  9044  9439 D OPENHU  : [79] Companion.decrypt | RECV: AUDIO Media Data type: 0 flags: 11 size: 8202 dataOffset: 2
09-15 13:30:05.222  9044  9439 D OPENHU  : [79] Companion.decrypt | RECV: AUDIO Media Data type: 0 flags: 11 size: 8202 dataOffset: 2
09-15 13:30:05.264  9044  9439 D OPENHU  : [79] Companion.decrypt | RECV: AUDIO Media Data type: 0 flags: 11 size: 8202 dataOffset: 2
09-15 13:30:05.306  9044  9439 D OPENHU  : [79] Companion.decrypt | RECV: AUDIO Media Data type: 0 flags: 11 size: 8202 dataOffset: 2
09-15 13:30:05.349  9044  9439 D OPENHU  : [79] Companion.decrypt | RECV: AUDIO Media Data type: 0 flags: 11 size: 8202 dataOffset: 2
09-15 13:30:05.393  9044  9439 D OPENHU  : [79] Companion.decrypt | RECV: AUDIO Media Data type: 0 flags: 11 size: 8202 dataOffset: 2
09-15 13:30:05.435  9044  9439 D OPENHU  : [79] Companion.decrypt | RECV: AUDIO Media Data type: 0 flags: 11 size: 8202 dataOffset: 2
09-15 13:30:05.477  9044  9439 D OPENHU  : [79] Companion.decrypt | RECV: AUDIO Media Data type: 0 flags: 11 size: 8202 dataOffset: 2
09-15 13:30:05.483  9044  9439 D OPENHU  : [79] Companion.decrypt | RECV: CONTROL Ping Request type: 11 flags: 11 size: 12 dataOffset: 2
09-15 13:30:05.485  9044  9439 V OPENHU  : [79] AapTransport.send | CONTROL Ping Response type: 12 flags: 11 size: 14 dataOffset: 6
09-15 13:30:05.521  9044  9439 D OPENHU  : [79] Companion.decrypt | RECV: AUDIO Media Data type: 0 flags: 11 size: 8202 dataOffset: 2
09-15 13:30:05.563  9044  9439 D OPENHU  : [79] Companion.decrypt | RECV: AUDIO Media Data type: 0 flags: 11 size: 8202 dataOffset: 2
09-15 13:30:05.607  9044  9439 D OPENHU  : [79] Companion.decrypt | RECV: AUDIO Media Data type: 0 flags: 11 size: 8202 dataOffset: 2
09-15 13:30:05.647  9044  9439 D OPENHU  : [79] Companion.decrypt | RECV: AUDIO Media Data type: 0 flags: 11 size: 8202 dataOffset: 2
09-15 13:30:05.691  9044  9439 D OPENHU  : [79] Companion.decrypt | RECV: AUDIO Media Data type: 0 flags: 11 size: 8202 dataOffset: 2
09-15 13:30:05.738  9044  9439 D OPENHU  : [79] Companion.decrypt | RECV: AUDIO Media Data type: 0 flags: 11 size: 8202 dataOffset: 2
09-15 13:30:05.781  9044  9439 D OPENHU  : [79] Companion.decrypt | RECV: AUDIO Media Data type: 0 flags: 11 size: 8202 dataOffset: 2
09-15 13:30:05.818  9044  9439 D OPENHU  : [79] Companion.decrypt | RECV: AUDIO Media Data type: 0 flags: 11 size: 8202 dataOffset: 2
09-15 13:30:05.862  9044  9439 D OPENHU  : [79] Companion.decrypt | RECV: AUDIO Media Data type: 0 flags: 11 size: 8202 dataOffset: 2
09-15 13:30:05.904  9044  9439 D OPENHU  : [79] Companion.decrypt | RECV: AUDIO Media Data type: 0 flags: 11 size: 8202 dataOffset: 2
09-15 13:30:05.948  9044  9439 D OPENHU  : [79] Companion.decrypt | RECV: AUDIO Media Data type: 0 flags: 11 size: 8202 dataOffset: 2
09-15 13:30:05.990  9044  9439 D OPENHU  : [79] Companion.decrypt | RECV: AUDIO Media Data type: 0 flags: 11 size: 8202 dataOffset: 2
09-15 13:30:05.996  9044  9044 V OPENHU  : [2] GpsLocation.onLocationChanged | GpsLocation: fix received
09-15 13:30:06.003  9044  9044 V OPENHU  : [2] AapTransport.send | SENSOR Sensor Event type: 32771 flags: 11 size: 46 dataOffset: 6
09-15 13:30:06.032  9044  9439 D OPENHU  : [79] Companion.decrypt | RECV: AUDIO Media Data type: 0 flags: 11 size: 8202 dataOffset: 2
09-15 13:30:06.074  9044  9439 D OPENHU  : [79] Companion.decrypt | RECV: AUDIO Media Data type: 0 flags: 11 size: 8202 dataOffset: 2
09-15 13:30:06.118  9044  9439 D OPENHU  : [79] Companion.decrypt | RECV: AUDIO Media Data type: 0 flags: 11 size: 8202 dataOffset: 2
09-15 13:30:06.127  9044  9439 D OPENHU  : [79] Companion.decrypt | RECV: MUSIC_PLAYBACK Media Playback Status type: 32769 flags: 11 size: 17 dataOffset: 2
09-15 13:30:06.128  9044  9439 D OPENHU  : [79] AapMediaPlayback.processStatusPacket | AapMediaPlayback: status mediaSource='VLC', playbackSeconds(u32)=101, state=PLAYING
09-15 13:30:06.160  9044  9439 D OPENHU  : [79] Companion.decrypt | RECV: AUDIO Media Data type: 0 flags: 11 size: 8202 dataOffset: 2
09-15 13:30:06.204  9044  9439 D OPENHU  : [79] Companion.decrypt | RECV: AUDIO Media Data type: 0 flags: 11 size: 8202 dataOffset: 2
09-15 13:30:06.247  9044  9439 D OPENHU  : [79] Companion.decrypt | RECV: AUDIO Media Data type: 0 flags: 11 size: 8202 dataOffset: 2
09-15 13:30:06.287  9044  9439 D OPENHU  : [79] Companion.decrypt | RECV: AUDIO Media Data type: 0 flags: 11 size: 8202 dataOffset: 2
09-15 13:30:06.331  9044  9439 D OPENHU  : [79] Companion.decrypt | RECV: AUDIO Media Data type: 0 flags: 11 size: 8202 dataOffset: 2
09-15 13:30:06.373  9044  9439 D OPENHU  : [79] Companion.decrypt | RECV: AUDIO Media Data type: 0 flags: 11 size: 8202 dataOffset: 2
09-15 13:30:06.416  9044  9439 D OPENHU  : [79] Companion.decrypt | RECV: AUDIO Media Data type: 0 flags: 11 size: 8202 dataOffset: 2
09-15 13:30:06.459  9044  9439 D OPENHU  : [79] Companion.decrypt | RECV: AUDIO Media Data type: 0 flags: 11 size: 8202 dataOffset: 2
09-15 13:30:06.480  9044  9439 D OPENHU  : [79] Companion.decrypt | RECV: CONTROL Ping Request type: 11 flags: 11 size: 12 dataOffset: 2
09-15 13:30:06.482  9044  9439 V OPENHU  : [79] AapTransport.send | CONTROL Ping Response type: 12 flags: 11 size: 14 dataOffset: 6
09-15 13:30:06.502  9044  9439 D OPENHU  : [79] Companion.decrypt | RECV: AUDIO Media Data type: 0 flags: 11 size: 8202 dataOffset: 2
09-15 13:30:06.545  9044  9439 D OPENHU  : [79] Companion.decrypt | RECV: AUDIO Media Data type: 0 flags: 11 size: 8202 dataOffset: 2
09-15 13:30:06.587  9044  9439 D OPENHU  : [79] Companion.decrypt | RECV: AUDIO Media Data type: 0 flags: 11 size: 8202 dataOffset: 2
09-15 13:30:06.630  9044  9439 D OPENHU  : [79] Companion.decrypt | RECV: AUDIO Media Data type: 0 flags: 11 size: 8202 dataOffset: 2
09-15 13:30:06.672  9044  9439 D OPENHU  : [79] Companion.decrypt | RECV: AUDIO Media Data type: 0 flags: 11 size: 8202 dataOffset: 2
09-15 13:30:06.715  9044  9439 D OPENHU  : [79] Companion.decrypt | RECV: AUDIO Media Data type: 0 flags: 11 size: 8202 dataOffset: 2
09-15 13:30:06.756  9044  9439 D OPENHU  : [79] Companion.decrypt | RECV: AUDIO Media Data type: 0 flags: 11 size: 8202 dataOffset: 2
09-15 13:30:06.800  9044  9439 D OPENHU  : [79] Companion.decrypt | RECV: AUDIO Media Data type: 0 flags: 11 size: 8202 dataOffset: 2
09-15 13:30:06.842  9044  9439 D OPENHU  : [79] Companion.decrypt | RECV: AUDIO Media Data type: 0 flags: 11 size: 8202 dataOffset: 2
09-15 13:30:06.885  9044  9439 D OPENHU  : [79] Companion.decrypt | RECV: AUDIO Media Data type: 0 flags: 11 size: 8202 dataOffset: 2
09-15 13:30:06.929  9044  9439 D OPENHU  : [79] Companion.decrypt | RECV: AUDIO Media Data type: 0 flags: 11 size: 8202 dataOffset: 2
09-15 13:30:06.970  9044  9439 D OPENHU  : [79] Companion.decrypt | RECV: AUDIO Media Data type: 0 flags: 11 size: 8202 dataOffset: 2
09-15 13:30:07.012  9044  9439 D OPENHU  : [79] Companion.decrypt | RECV: AUDIO Media Data type: 0 flags: 11 size: 8202 dataOffset: 2
09-15 13:30:07.013  9044  9044 V OPENHU  : [2] GpsLocation.onLocationChanged | GpsLocation: fix received
09-15 13:30:07.022  9044  9044 V OPENHU  : [2] AapTransport.send | SENSOR Sensor Event type: 32771 flags: 11 size: 46 dataOffset: 6
09-15 13:30:07.054  9044  9439 D OPENHU  : [79] Companion.decrypt | RECV: AUDIO Media Data type: 0 flags: 11 size: 8202 dataOffset: 2
09-15 13:30:07.099  9044  9439 D OPENHU  : [79] Companion.decrypt | RECV: AUDIO Media Data type: 0 flags: 11 size: 8202 dataOffset: 2
09-15 13:30:07.133  9044  9439 D OPENHU  : [79] Companion.decrypt | RECV: MUSIC_PLAYBACK Media Playback Status type: 32769 flags: 11 size: 17 dataOffset: 2
09-15 13:30:07.135  9044  9439 D OPENHU  : [79] AapMediaPlayback.processStatusPacket | AapMediaPlayback: status mediaSource='VLC', playbackSeconds(u32)=102, state=PLAYING
09-15 13:30:07.142  9044  9439 D OPENHU  : [79] Companion.decrypt | RECV: AUDIO Media Data type: 0 flags: 11 size: 8202 dataOffset: 2
09-15 13:30:07.183  9044  9439 D OPENHU  : [79] Companion.decrypt | RECV: AUDIO Media Data type: 0 flags: 11 size: 8202 dataOffset: 2
