09-15 13:34:01.966 12567 12567 D OPENHU  : [2] App.onCreate | native library dir /data/app/~~l9pOWRlo2TOMHkS80eeASw==/com.andrerinas.headunitrevived-I4oqNCib9_5fO0KVvxY96w==/lib/arm64
09-15 13:34:01.967 12567 12567 D OPENHU  : [2] App.onCreate |    libusb1.0.so
09-15 13:34:01.968 12567 12567 D OPENHU  : [2] App.onCreate |    libavutil.so
09-15 13:34:01.968 12567 12567 D OPENHU  : [2] App.onCreate |    libconscrypt_jni.so
09-15 13:34:01.969 12567 12567 D OPENHU  : [2] App.onCreate |    libswscale.so
09-15 13:34:01.969 12567 12567 D OPENHU  : [2] App.onCreate |    libusbhelper.so
09-15 13:34:01.970 12567 12567 D OPENHU  : [2] App.onCreate |    libavcodec.so
09-15 13:34:01.970 12567 12567 D OPENHU  : [2] App.onCreate |    libhur_soft_hevc.so
09-15 13:34:02.149 12567 12567 I OPENHU  : [2] MainActivity.logLaunchSource | App launched by third party: android-app://com.android.shell (action: null)
09-15 13:34:02.421 12567 12567 D OPENHU  : [2] UsbReceiver.<init> | UsbReceiver registered
09-15 13:34:02.428 12567 12567 I OPENHU  : [2] UsbDeviceDiagnostics.logDeviceList | UsbDiagnostics: USB list sees 0 USB device(s), 0 usable for Android Auto
09-15 13:34:02.429 12567 12567 I OPENHU  : [2] UsbDeviceDiagnostics.logDeviceList | UsbDiagnostics: nothing is on the bus. Either the port carries no data, the unit is not in USB host mode, or a wireless adapter is waiting for its phone before it presents itself.
09-15 13:34:02.659 12567 12567 D OPENHU  : [2] MainActivity.requestPermissions | All required permissions already granted.
09-15 13:34:02.668 12567 12567 I OPENHU  : [2] HomeFragment.onResume | HomeFragment: onResume. isConnected=false
09-15 13:34:02.705 12567 12567 D OPENHU  : [2] BluetoothHelper.driverCandidates | BluetoothHelper: driver candidate motorola edge 30 neo (A0:46:5A:97:E4:95) -> PHONE, vouched for by a stored MAC
09-15 13:34:02.720 12567 12567 D OPENHU  : [2] BluetoothHelper.driverCandidates | BluetoothHelper: driver candidate POCO X3 NFC (DC:B7:2E:5E:4E:59) -> PHONE, advertises the Audio Gateway record
09-15 13:34:02.722 12567 12567 I OPENHU  : [2] BluetoothHelper.driverCandidates | BluetoothHelper: driver candidates: 2 phone, 0 unknown, 0 not a phone
09-15 13:34:02.743 12567 12567 D OPENHU  : [2] BluetoothHelper.driverCandidates | BluetoothHelper: driver candidate motorola edge 30 neo (A0:46:5A:97:E4:95) -> PHONE, vouched for by a stored MAC
09-15 13:34:02.761 12567 12567 D OPENHU  : [2] BluetoothHelper.driverCandidates | BluetoothHelper: driver candidate POCO X3 NFC (DC:B7:2E:5E:4E:59) -> PHONE, advertises the Audio Gateway record
09-15 13:34:02.763 12567 12567 D OPENHU  : [2] BluetoothHelper.driverCandidates | BluetoothHelper: driver candidates: 2 phone, 0 unknown, 0 not a phone
09-15 13:34:02.970 12567 12567 D OPENHU  : [2] BluetoothHelper.driverCandidates | BluetoothHelper: driver candidate motorola edge 30 neo (A0:46:5A:97:E4:95) -> PHONE, vouched for by a stored MAC
09-15 13:34:02.988 12567 12567 D OPENHU  : [2] BluetoothHelper.driverCandidates | BluetoothHelper: driver candidate POCO X3 NFC (DC:B7:2E:5E:4E:59) -> PHONE, advertises the Audio Gateway record
09-15 13:34:02.989 12567 12567 D OPENHU  : [2] BluetoothHelper.driverCandidates | BluetoothHelper: driver candidates: 2 phone, 0 unknown, 0 not a phone
09-15 13:34:03.567 12567 12567 I OPENHU  : [2] AapService.onCreate | AapService creating...
09-15 13:34:03.602 12567 12567 I OPENHU  : [2] BluetoothHelper.logAddressSourceDump | BluetoothHelper: == Bluetooth address source dump ==
09-15 13:34:03.607 12567 12567 I OPENHU  : [2] BluetoothHelper.logAddressSourceDump | BluetoothHelper:   adapter.address                      = 02:00:00:00:00:00
09-15 13:34:03.608 12567 12567 I OPENHU  : [2] BluetoothHelper.logAddressSourceDump | BluetoothHelper:   getAddress() reflection              = 02:00:00:00:00:00
09-15 13:34:03.608 12567 12567 I OPENHU  : [2] BluetoothHelper.logAddressSourceDump | BluetoothHelper:   Settings.Secure bluetooth_address    = null
09-15 13:34:03.609 12567 12567 I OPENHU  : [2] BluetoothHelper.logAddressSourceDump | BluetoothHelper:   property persist.sys.bt.mac          = null
09-15 13:34:03.610 12567 12567 I OPENHU  : [2] BluetoothHelper.logAddressSourceDump | BluetoothHelper:   property persist.sys.btmac           = null
09-15 13:34:03.611 12567 12567 I OPENHU  : [2] BluetoothHelper.logAddressSourceDump | BluetoothHelper:   property persist.vendor.bt.mac       = null
09-15 13:34:03.611 12567 12567 I OPENHU  : [2] BluetoothHelper.logAddressSourceDump | BluetoothHelper:   property sys.bt.mac                  = null
09-15 13:34:03.612 12567 12567 I OPENHU  : [2] BluetoothHelper.logAddressSourceDump | BluetoothHelper:   property persist.sys.bluetooth.mac   = null
09-15 13:34:03.612 12567 12567 I OPENHU  : [2] BluetoothHelper.logAddressSourceDump | BluetoothHelper:   property ro.boot.btmacaddr           = null
09-15 13:34:03.613 12567 12567 I OPENHU  : [2] BluetoothHelper.logAddressSourceDump | BluetoothHelper:   property vendor.bt.bdaddr            = null
09-15 13:34:03.614 12567 12567 I OPENHU  : [2] BluetoothHelper.logAddressSourceDump | BluetoothHelper:   property persist.zj.BTmac            = null
09-15 13:34:03.614 12567 12567 I OPENHU  : [2] BluetoothHelper.logAddressSourceDump | BluetoothHelper:   property persist.zlink.carplay.mac   = null
09-15 13:34:03.615 12567 12567 I OPENHU  : [2] BluetoothHelper.logAddressSourceDump | BluetoothHelper:   property sys.bt.bdaddr               = null
09-15 13:34:03.615 12567 12567 I OPENHU  : [2] BluetoothHelper.logAddressSourceDump | BluetoothHelper: == end Bluetooth address source dump ==
09-15 13:34:03.616 12567 12567 W OPENHU  : [2] BluetoothHelper.logAddressSourceDump | BluetoothHelper: no source named this unit's Bluetooth address. Read it under Settings/About/Status, or off the paired phone under the gear beside this device, and enter it under Wireless connection. Without it the phone is not told where to connect hands-free and no setup QR can be drawn.
09-15 13:34:03.637 12567 12567 D OPENHU  : [2] UsbReceiver.<init> | UsbReceiver registered
09-15 13:34:03.648 12567 12567 I OPENHU  : [2] AapService.registerReceivers | Registered runtime MEDIA_BUTTON receiver
09-15 13:34:03.650 12567 12567 I OPENHU  : [2] AapService.registerReceivers | Registered dynamic WiFi Auto-start receiver
09-15 13:34:03.654 12567 12567 I OPENHU  : [2] AapService.registerReceivers | Registered wake detection receiver (18 actions)
09-15 13:34:03.656 12567 12567 I OPENHU  : [2] AapService.registerReceivers | Registered Bluetooth auto-disconnect receiver
09-15 13:34:03.661 12567 12567 I OPENHU  : [2] CarBydReceiver.register | CarKeyReceiver: Listening for BYD panel keys on APP_REV_DATA (com.byd.multimediaservice not found)
09-15 13:34:03.661 12567 12567 D OPENHU  : [2] CarKeysManager.registerIdleReceivers | CarKeysManager: 2 idle CarKeyReceivers registered
09-15 13:34:03.696 12567 12567 D OPENHU  : [2] AapService.updateMediaSessionState | MediaSession: State updated to STOPPED, positionMs=0
09-15 13:34:03.707 12567 12567 I OPENHU  : [2] WifiLauncherManager.setActive | WifiLauncher: Initializing WiFi Mode: NATIVE
09-15 13:34:03.709 12567 12567 I OPENHU  : [2] MainActivity.renderStagePill | MainActivity: status pill step: ARMED
09-15 13:34:03.729 12567 12567 I OPENHU  : [2] WifiDirectManager.<init> | WifiDirectManager: Device supports WiFi Direct. Initializing...
09-15 13:34:03.737 12567 12567 D OPENHU  : [2] WifiDirectManager.registerReceiverIfNeeded | WifiDirectManager: BroadcastReceiver registered.
09-15 13:34:03.743 12567 12649 I OPENHU  : [51] 1.invokeSuspend | AapService: Mode requires WiFi Direct — ensuring hotspot is disabled first...
09-15 13:34:03.743 12567 12567 D OPENHU  : [2] WifiLauncherSharedServices.startWirelessServer | AapService: Starting the wireless server on 5288 - no server yet.
09-15 13:34:03.748 12567 12649 I OPENHU  : [51] HotspotManager.setHotspotEnabled | HotspotManager: Setting hotspot enabled=false (API 34, canWriteSettings=true)
09-15 13:34:03.750 12567 12567 I OPENHU  : [2] WirelessServer.start | WirelessServer: binding port 5288...
09-15 13:34:03.755 12567 12651 I OPENHU  : [53] 1.invokeSuspend | Wireless Server listening on port 5288
09-15 13:34:03.760 12567 12649 D OPENHU  : [51] SoftApStateReader.read | SoftApStateReader: getWifiApState reports 11 (13 = enabled).
09-15 13:34:03.762 12567 12651 I OPENHU  : [53] WirelessServer.logLocalNetworkInterfaces | Interface: p2p-wlan0-27, IP: 192.168.49.1
09-15 13:34:03.764 12567 12651 I OPENHU  : [53] WirelessServer.logLocalNetworkInterfaces | Interface: seth_lte0, IP: 172.23.212.177
09-15 13:34:03.765 12567 12651 D OPENHU  : [53] 1.invokeSuspend | WirelessServer: Waiting for TCP connection on port 5288...
09-15 13:34:03.774 12567 12567 I OPENHU  : [2] StationStandDown.standDown | StationStandDown: this unit is not joined to another WiFi network, so there is nothing to stand down before creating the group.
09-15 13:34:03.775 12567 12567 I OPENHU  : [2] WifiDirectManager.claimNativeCreateWindow | WifiDirectManager: a Native AA group create is claimed (bringing the Native AA group up); a refresh in the next 15s waits for it.
09-15 13:34:03.776 12567 12567 I OPENHU  : [2] WifiDirectManager.startNativeAaQuietHost | WifiDirectManager: startNativeAaQuietHost() requested. Removing old group if any...
09-15 13:34:03.777 12567 12567 I OPENHU  : [2] MainActivity.renderStagePill | MainActivity: status pill step: PREPARING_NETWORK
09-15 13:34:03.779 12567 12567 I OPENHU  : [2] WifiDirectManager.claimNativeCreateWindow | WifiDirectManager: a Native AA group create is claimed (recreating the group); a refresh in the next 15s waits for it.
09-15 13:34:03.780 12567 12567 I OPENHU  : [2] WifiDirectManager.invalidateNativeGroupCredentials | WifiDirectManager: the group is being removed (recreating the group), so its credentials are no longer handed out.
09-15 13:34:03.794 12567 12567 I OPENHU  : [2] NativeAaHandshakeManager.start | NativeAA: Starting Bluetooth Handshake Servers (primary radio [Navegadortz2])...
09-15 13:34:03.815 12567 12650 I OPENHU  : [52] 1.invokeSuspend | NativeAA: ACTIVELY LISTENING on Android Auto UUID (4de17a00-52cb-11e6-bdf4-0800200c9a66) on radio [Navegadortz2]... Waiting for phone to connect back!
09-15 13:34:03.817 12567 12567 I OPENHU  : [2] NativeAaHandshakeManager.shouldRegisterDummyHfp | NativeAA: radio [Navegadortz2] already advertises Hands-Free, so the stand-in HFP record is not registered - the real stack answers calls, this app cannot.
09-15 13:34:03.890 12567 12567 D OPENHU  : [2] BluetoothHelper.adapterForService | BluetoothHelper: adapterForService(android.hardware.bluetooth.audio.IBluetoothAudioProviderFactory/default) failed: android.bluetooth.BluetoothAdapter.<init> [interface android.bluetooth.IBluetoothManager]
09-15 13:34:03.891 12567 12567 I OPENHU  : [2] NativeAaHandshakeManager.triggerEarlyWake | NativeAA: waking the phone while the WiFi group is still forming.
09-15 13:34:03.897 12567 12673 D OPENHU  : [62] 2.invokeSuspend | NativeAA: wake poke starting (listeners ready after 0ms).
09-15 13:34:03.900 12567 12567 I OPENHU  : [2] AapService.registerNetworkMonitor | NetworkMonitor: Registered network change listener
09-15 13:34:03.937 12567 12673 I OPENHU  : [62] 2.invokeSuspend | NativeAA: WiFi credentials not ready before poke. Requesting WiFi refresh...
09-15 13:34:03.938 12567 12673 I OPENHU  : [62] WifiLauncherNative.triggerWifiDirectRefresh | AapService: WiFi Direct credential refresh requested.
09-15 13:34:03.992 12567 12649 I OPENHU  : [51] 1.invokeSuspend | WppTcpServer: listening for Android Auto on TCP 5299
09-15 13:34:04.015 12567 12567 I OPENHU  : [2] 1.onReceive | WifiDirectManager: WIFI_P2P_STATE_CHANGED_ACTION state=2
09-15 13:34:04.018 12567 12567 I OPENHU  : [2] 1.invoke | WifiDirectManager: requestDeviceInfo success: 02:00:00:00:00:00
09-15 13:34:04.020 12567 12567 I OPENHU  : [2] MainActivity.renderStagePill | MainActivity: status pill step: WAITING_FOR_PHONE
09-15 13:34:04.087 12567 12567 I OPENHU  : [2] WifiDirectManager.refreshNativeCredentials$lambda$23 | WifiDirectManager: refresh: a group was asked for 304ms ago and has not answered yet, so nothing is remade underneath it.
09-15 13:34:04.089 12567 12567 I OPENHU  : [2] WifiDirectManager.refreshNativeCredentials$lambda$23 | WifiDirectManager: refresh: asking again in 15196ms, once that create's grace is up.
09-15 13:34:04.130 12567 12567 I OPENHU  : [2] AapService.onStartCommand | AapService: ACTION_NATIVE_AA_PROMPT_SHOWN received
09-15 13:34:04.525 12567 12567 I OPENHU  : [2] WifiDirectManager.createQuietGroup | WifiDirectManager: Attempting createGroup for Native AA (Attempt 0)...
09-15 13:34:04.528 12567 12567 I OPENHU  : [2] WifiDirectManager.createQuietGroup | WifiDirectManager: this unit's WiFi radio reports a 5 GHz band.
09-15 13:34:04.530 12567 12567 I OPENHU  : [2] WifiDirectManager.createQuietGroup | WifiDirectManager: Band preference is automatic (5 GHz, then whatever this unit will host).
09-15 13:34:04.537 12567 12567 I OPENHU  : [2] WifiDirectManager.chooseNativeGroupIdentity | WifiDirectManager: group identity: asking for the kept network DIRECT-G3-Navegadortz2 again, so a phone that saved it can rejoin without being set up for a new one.
09-15 13:34:04.540 12567 12567 I OPENHU  : [2] WifiDirectManager.createQuietGroup | WifiDirectManager: Requesting Native AA P2P group on 5GHz band.
09-15 13:34:04.540 12567 12567 I OPENHU  : [2] WifiDirectManager.createQuietGroup | WifiDirectManager: 5 GHz channel is automatic, so the driver picks within the band.
09-15 13:34:04.568 12567 12567 I OPENHU  : [2] 1.onSuccess | WifiDirectManager: 5GHz createGroup SUCCESS!
09-15 13:34:04.597 12567 12567 D OPENHU  : [2] WifiDirectManager.onConnectionInfoAvailable | WifiDirectManager: onConnectionInfoAvailable: group not formed yet
09-15 13:34:04.598 12567 12567 W OPENHU  : [2] WifiDirectManager.onGroupInfoAvailable | WifiDirectManager: Group info was null! Retrying in 1s (Attempt 1/20)...
09-15 13:34:04.700 12567 12567 I OPENHU  : [2] 1.onReceive | WifiDirectManager: Connected. Requesting info...
09-15 13:34:04.714 12567 12567 D OPENHU  : [2] 2.invoke | WifiDirectManager: Pre-fetched localDeviceAddress on connect: 02:00:00:00:00:00
09-15 13:34:04.716 12567 12567 I OPENHU  : [2] WifiDirectManager.onConnectionInfoAvailable | WifiDirectManager: Group formed. Owner: true, GO IP: 192.168.49.1
09-15 13:34:04.731 12567 12567 I OPENHU  : [2] 1.invoke | WifiDirectManager: Updated localDeviceAddress via requestDeviceInfo: 02:00:00:00:00:00
09-15 13:34:04.752 12567 12567 I OPENHU  : [2] WifiDirectManager.onGroupInfoAvailable | WifiDirectManager: System Location Check: GPS=true, Network=true
09-15 13:34:04.754 12567 12567 I OPENHU  : [2] WifiDirectManager.logBssidSourceDump | WifiDirectManager: == BSSID source dump (iface=p2p-wlan0-28) ==
09-15 13:34:04.756 12567 12567 I OPENHU  : [2] WifiDirectManager.logBssidSourceDump$report | WifiDirectManager:   static override (Settings)       = 0
09-15 13:34:04.758 12567 12567 I OPENHU  : [2] WifiDirectManager.logBssidSourceDump$report | WifiDirectManager:   getGroupOwnerBssid()             = null
09-15 13:34:04.774 12567 12567 I OPENHU  : [2] WifiDirectManager.logBssidSourceDump$report | WifiDirectManager:   IPv6 link-local (p2p-wlan0-28)   = 12:c9:a2:ed:26:c5
09-15 13:34:04.780 12567 12567 I OPENHU  : [2] WifiDirectManager.logBssidSourceDump$report | WifiDirectManager:   IPv6 link-local (any p2p/ap)     = 12:c9:a2:ed:26:c5
09-15 13:34:04.780 12567 12567 D OPENHU  : [2] WifiDirectManager.getWifiDirectMac | WifiDirectManager: getWifiDirectMac for interface: p2p-wlan0-28
09-15 13:34:04.785 12567 12567 D OPENHU  : [2] WifiDirectManager.getWifiDirectMac | WifiDirectManager: Found interface: dummy0, MAC: null
09-15 13:34:04.788 12567 12567 D OPENHU  : [2] WifiDirectManager.getWifiDirectMac | WifiDirectManager: Found interface: seth_lte0, MAC: null
09-15 13:34:04.790 12567 12567 D OPENHU  : [2] WifiDirectManager.getWifiDirectMac | WifiDirectManager: Found interface: lo, MAC: null
09-15 13:34:04.793 12567 12567 D OPENHU  : [2] WifiDirectManager.getWifiDirectMac | WifiDirectManager: Found interface: p2p-wlan0-28, MAC: null
09-15 13:34:04.794 12567 12567 W OPENHU  : [2] WifiDirectManager.getWifiDirectMac | WifiDirectManager: No valid MAC found in NetworkInterface scan for p2p-wlan0-28
09-15 13:34:04.794 12567 12567 I OPENHU  : [2] WifiDirectManager.logBssidSourceDump$report | WifiDirectManager:   NetworkInterface.hardwareAddress = 00:00:00:00:00:00
09-15 13:34:04.795 12567 12567 I OPENHU  : [2] WifiDirectManager.logBssidSourceDump$report | WifiDirectManager:   lastKnownBssid (null)            = null
09-15 13:34:04.796 12567 12567 I OPENHU  : [2] WifiDirectManager.logBssidSourceDump$report | WifiDirectManager:   requestDeviceInfo                = 02:00:00:00:00:00
09-15 13:34:04.797 12567 12567 I OPENHU  : [2] WifiDirectManager.logBssidSourceDump$report | WifiDirectManager:   group.owner.deviceAddress        = 02:00:00:00:00:00
09-15 13:34:04.802 12567 12567 I OPENHU  : [2] WifiDirectManager.getMacFromShell | WifiDirectManager: MAC retrieved via sysfs (p2p-wlan0-28): 12:c9:a2:ed:26:c5
09-15 13:34:04.803 12567 12567 I OPENHU  : [2] WifiDirectManager.logBssidSourceDump$report | WifiDirectManager:   sysfs / ip link                  = 12:c9:a2:ed:26:c5
09-15 13:34:04.808 12567 12567 I OPENHU  : [2] WifiDirectManager.logBssidSourceDump$report | WifiDirectManager:   Settings.Secure p2p address      = null
09-15 13:34:04.809 12567 12567 I OPENHU  : [2] WifiDirectManager.logBssidSourceDump$report | WifiDirectManager:   reflection over WifiP2pGroup     = null
09-15 13:34:04.810 12567 12567 I OPENHU  : [2] WifiDirectManager.logBssidSourceDump | WifiDirectManager: == end BSSID source dump ==
09-15 13:34:04.816 12567 12567 I OPENHU  : [2] WifiDirectManager.onGroupInfoAvailable | WifiDirectManager: BSSID read from the IPv6 link-local address of p2p-wlan0-28 (EUI-64): 12:C9:A2:ED:26:C5
09-15 13:34:04.817 12567 12567 I OPENHU  : [2] WifiDirectManager.onGroupInfoAvailable | WifiDirectManager: Initial BSSID from IPv6 link-local: 12:C9:A2:ED:26:C5
09-15 13:34:04.819 12567 12567 I OPENHU  : [2] WifiDirectManager.onGroupInfoAvailable | WifiDirectManager: onGroupInfoAvailable: SSID: DIRECT-G3-Navegadortz2, BSSID: 12:C9:A2:ED:26:C5 (source=IPv6 link-local), GO: true, IFACE: p2p-wlan0-28, Freq: 5785 MHz (5GHz)
09-15 13:34:04.822 12567 12567 I OPENHU  : [2] WifiDirectManager.onGroupInfoAvailable | WifiDirectManager: group identity ssid=DIRECT-G3-Navegadortz2 persistent=yes (netId 9) asked=persistent matchesRequest=yes bssid=12:C9:A2:ED:26:C5 stable=no (same name but the BSSID moved from FE:C6:68:E3:BA:C0 to 12:C9:A2:ED:26:C5; this unit re-addresses the group on every create) source=IPv6 link-local
09-15 13:34:04.826 12567 12567 I OPENHU  : [2] WifiDirectManager.logStationCoexistence | WifiDirectManager: This unit is not connected to any other WiFi network while hosting the WiFi Direct group on 5785 MHz. The radio serves the group alone.
09-15 13:34:04.827 12567 12567 I OPENHU  : [2] WifiDirectManager.notifyNativeGroupStarted | WifiDirectManager: Native AA WiFi Direct: 5GHz (5785 MHz), 5GHz requested, SSID=DIRECT-G3-Navegadortz2
09-15 13:34:04.829 12567 12567 I OPENHU  : [2] MainActivity.renderNetworkLine | MainActivity: status pill network: WiFi Direct on 5 GHz (5785 MHz)
09-15 13:34:04.838 12567 12694 I OPENHU  : [68] WifiDirectManager.onGroupInfoAvailable$lambda$11 | WifiDirectManager: SUCCESS - Providing credentials to listener. SSID=DIRECT-G3-Navegadortz2, IP=192.168.49.1, BSSID=12:C9:A2:ED:26:C5, identity stable=no
09-15 13:34:04.841 12567 12694 I OPENHU  : [68] WifiLauncherNative.onNativeCredentials | AapService: Received WiFi credentials from manager (SSID=DIRECT-G3-Navegadortz2, IP=192.168.49.1). Updating and Triggering Poke.
09-15 13:34:04.842 12567 12694 I OPENHU  : [68] NativeAaHandshakeManager.updateWifiCredentials | NativeAA: Credentials updated. SSID=DIRECT-G3-Navegadortz2, IP=192.168.49.1, BSSID=12:C9:A2:ED:26:C5, identity stable=no
09-15 13:34:04.844 12567 12567 I OPENHU  : [2] MainActivity.renderStagePill | MainActivity: status pill step: WAKING_PHONE
09-15 13:34:04.845 12567 12694 D OPENHU  : [68] NativeAaHandshakeManager.triggerPoke | NativeAA: a wake poke is already running for these credentials - not restarting it.
09-15 13:34:04.953 12567 12673 I OPENHU  : [62] 2.invokeSuspend | NativeAA: Attempting active poke to device: motorola edge 30 neo (A0:46:5A:97:E4:95)...
09-15 13:34:04.976 12567 12673 I OPENHU  : [62] NativeAaHandshakeManager.pokeDevice | NativeAA: Calling socket.connect() for motorola edge 30 neo via HFP-AG (0000111f-0000-1000-8000-00805f9b34fb)...
09-15 13:34:05.608 12567 12567 I OPENHU  : [2] WifiDirectManager.onGroupInfoAvailable | WifiDirectManager: System Location Check: GPS=true, Network=true
09-15 13:34:05.619 12567 12567 I OPENHU  : [2] WifiDirectManager.onGroupInfoAvailable | WifiDirectManager: BSSID read from the IPv6 link-local address of p2p-wlan0-28 (EUI-64): 12:C9:A2:ED:26:C5
09-15 13:34:05.620 12567 12567 I OPENHU  : [2] WifiDirectManager.onGroupInfoAvailable | WifiDirectManager: Initial BSSID from IPv6 link-local: 12:C9:A2:ED:26:C5
09-15 13:34:05.621 12567 12567 I OPENHU  : [2] WifiDirectManager.onGroupInfoAvailable | WifiDirectManager: onGroupInfoAvailable: SSID: DIRECT-G3-Navegadortz2, BSSID: 12:C9:A2:ED:26:C5 (source=IPv6 link-local), GO: true, IFACE: p2p-wlan0-28, Freq: 5785 MHz (5GHz)
09-15 13:34:05.628 12567 12700 I OPENHU  : [69] WifiDirectManager.onGroupInfoAvailable$lambda$11 | WifiDirectManager: SUCCESS - Providing credentials to listener. SSID=DIRECT-G3-Navegadortz2, IP=192.168.49.1, BSSID=12:C9:A2:ED:26:C5, identity stable=no
09-15 13:34:05.629 12567 12700 I OPENHU  : [69] WifiLauncherNative.onNativeCredentials | AapService: Received WiFi credentials from manager (SSID=DIRECT-G3-Navegadortz2, IP=192.168.49.1). Updating and Triggering Poke.
09-15 13:34:05.630 12567 12700 I OPENHU  : [69] NativeAaHandshakeManager.updateWifiCredentials | NativeAA: Credentials updated. SSID=DIRECT-G3-Navegadortz2, IP=192.168.49.1, BSSID=12:C9:A2:ED:26:C5, identity stable=no
09-15 13:34:05.632 12567 12700 D OPENHU  : [69] NativeAaHandshakeManager.triggerPoke | NativeAA: a wake poke is already running for these credentials - not restarting it.
09-15 13:34:11.985 12567 12673 I OPENHU  : [62] NativeAaHandshakeManager.pokeDevice | NativeAA: Successfully poked motorola edge 30 neo via HFP-AG. Holding 15000ms...
09-15 13:34:12.381 12567 12650 I OPENHU  : [52] 1.invokeSuspend | NativeAA: Connection accepted from motorola edge 30 neo (A0:46:5A:97:E4:95) on local radio [Navegadortz2]
09-15 13:34:12.382 12567 12650 I OPENHU  : [52] NativeAaHandshakeManager.refuseAtGate | NativeAA: Selection prompt active (target=null) — refusing connection from A0:46:5A:97:E4:95
09-15 13:34:14.023 12567 12567 I OPENHU  : [2] HomeFragment.connectToNativeDevice | HomeFragment: Connecting to Native-AA device: motorola edge 30 neo (A0:46:5A:97:E4:95), btConnected=false
09-15 13:34:14.024 12567 12567 I OPENHU  : [2] MainActivity.beginAutoConnect | Auto-connect: begin (Native-AA driver: motorola edge 30 neo, mode=PILL_THEN_OVERLAY)
09-15 13:34:14.041 12567 12567 I OPENHU  : [2] MainActivity.startAutoConnectWatchdog | Auto-connect: this attempt gives up in 149s (mode=PILL_THEN_OVERLAY)
09-15 13:34:14.082 12567 12567 I OPENHU  : [2] AapService.onStartCommand | AapService: Received manual Native-AA poke request for A0:46:5A:97:E4:95
09-15 13:34:14.082 12567 12567 D OPENHU  : [2] AapService.onStartCommand | AapService: Already in Native AA mode, skipping re-init.
09-15 13:34:14.083 12567 12567 I OPENHU  : [2] NativeAaHandshakeManager.selectDriver | NativeAA: Driver selected: A0:46:5A:97:E4:95
09-15 13:34:14.091 12567 12567 I OPENHU  : [2] NativeAaHandshakeManager.manualPoke | NativeAA: Manual poke requested for motorola edge 30 neo (A0:46:5A:97:E4:95)
09-15 13:34:14.104 12567 12672 I OPENHU  : [61] 2.invokeSuspend | NativeAA: Attempting manual poke to motorola edge 30 neo...
09-15 13:34:14.114 12567 12672 I OPENHU  : [61] NativeAaHandshakeManager.pokeDevice | NativeAA: Calling socket.connect() for motorola edge 30 neo via HFP-AG (0000111f-0000-1000-8000-00805f9b34fb)...
09-15 13:34:14.253 12567 12672 I OPENHU  : [61] NativeAaHandshakeManager.pokeDevice | NativeAA: Poke via HFP-AG to motorola edge 30 neo (A0:46:5A:97:E4:95) failed: read failed, socket might closed or timeout, read ret: -1
09-15 13:34:14.261 12567 12672 I OPENHU  : [61] NativeAaHandshakeManager.pokeDevice | NativeAA: Calling socket.connect() for motorola edge 30 neo via HSP-AG (00001112-0000-1000-8000-00805f9b34fb)...
09-15 13:34:14.316 12567 12650 I OPENHU  : [52] 1.invokeSuspend | NativeAA: Connection accepted from motorola edge 30 neo (A0:46:5A:97:E4:95) on local radio [Navegadortz2]
09-15 13:34:14.320 12567 12567 I OPENHU  : [2] MainActivity.renderStagePill | MainActivity: status pill step: PHONE_ANSWERED
09-15 13:34:14.335 12567 12901 I OPENHU  : [73] 2.invokeSuspend | NativeAA: Handling handshake for motorola edge 30 neo (A0:46:5A:97:E4:95) on local radio [Navegadortz2]
09-15 13:34:14.477 12567 12672 I OPENHU  : [61] NativeAaHandshakeManager.pokeDevice | NativeAA: Successfully poked motorola edge 30 neo via HSP-AG. Holding 20000ms...
09-15 13:34:14.652 12567 12672 D OPENHU  : [61] 2.invokeSuspend$feed | NativeAA: Handshake stage NEW -> AWAIT_CREDENTIALS
09-15 13:34:14.654 12567 12672 I OPENHU  : [61] 2.invokeSuspend | NativeAA: Phone connected. Current credentials state: SSID=DIRECT-G3-Navegadortz2, IP=192.168.49.1
09-15 13:34:14.655 12567 12672 I OPENHU  : [61] 2.invokeSuspend | NativeAA: Waiting for WiFi credentials to be ready (Max 60s)...
09-15 13:34:14.658 12567 12672 I OPENHU  : [61] 2.invokeSuspend | NativeAA: this unit read its own WiFi address, so the missing-BSSID record is retired.
09-15 13:34:14.660 12567 12672 I OPENHU  : [61] 2.invokeSuspend | NativeAA: Starting Handshake Exchange:
09-15 13:34:14.661 12567 12672 I OPENHU  : [61] 2.invokeSuspend |   > Target SSID: DIRECT-G3-Navegadortz2
09-15 13:34:14.662 12567 12672 I OPENHU  : [61] 2.invokeSuspend |   > Target IP:   192.168.49.1:5288
09-15 13:34:14.663 12567 12672 I OPENHU  : [61] 2.invokeSuspend |   > BSSID:       12:C9:A2:ED:26:C5
09-15 13:34:14.664 12567 12672 I OPENHU  : [61] 2.invokeSuspend$runAction | NativeAA: [TX] Sending WifiStartRequest (Type 1)
09-15 13:34:14.688 12567 12672 I OPENHU  : [61] NativeAaHandshakeManager.sendProtobuf | NativeAA: [TX] Wrote TYPE 1 (size 19) to Bluetooth (write() returned; delivery unconfirmed)
09-15 13:34:14.689 12567 12672 D OPENHU  : [61] 2.invokeSuspend$feed | NativeAA: Handshake stage AWAIT_CREDENTIALS -> AWAIT_INFO_REQUEST
09-15 13:34:14.770 12567 12901 I OPENHU  : [73] 2.invokeSuspend$tick | NativeAA: [RX] Received Type 2 (Payload size: 0)
09-15 13:34:14.771 12567 12901 I OPENHU  : [73] 2.invokeSuspend$runAction | NativeAA: Phone ready for WiFi association. Delivering credentials...
09-15 13:34:14.772 12567 12901 I OPENHU  : [73] 2.invokeSuspend$runAction | NativeAA: [TX] Sending WifiInfoResponse (Type 3) with full credentials in 1000ms...
09-15 13:34:14.773 12567 12567 I OPENHU  : [2] MainActivity.renderStagePill | MainActivity: status pill step: SENDING_CREDENTIALS
09-15 13:34:15.774 12567 12901 D OPENHU  : [73] 2.invokeSuspend$runAction | NativeAA: the live credentials still match the ones this handshake captured.
09-15 13:34:15.778 12567 12901 I OPENHU  : [73] NativeAaHandshakeManager.sendProtobuf | NativeAA: [TX] Wrote TYPE 3 (size 61) to Bluetooth (write() returned; delivery unconfirmed)
09-15 13:34:15.779 12567 12901 I OPENHU  : [73] 2.invokeSuspend$runAction | NativeAA: Handshake completed successfully on Bluetooth side.
09-15 13:34:15.781 12567 12901 D OPENHU  : [73] 2.invokeSuspend$feed | NativeAA: Handshake stage AWAIT_INFO_REQUEST -> SETTLING
09-15 13:34:15.782 12567 12901 I OPENHU  : [73] 2.invokeSuspend$tick | NativeAA: [RX] Received Type 7 (Payload size: 2)
09-15 13:34:15.787 12567 12901 I OPENHU  : [73] NativeAaHandshakeManager.logReceivedDetail | NativeAA: [RX] WifiStartResponse ip= status=SUCCESS(0)
09-15 13:34:15.789 12567 12567 I OPENHU  : [2] MainActivity.renderStagePill | MainActivity: status pill step: PHONE_JOINING
09-15 13:34:18.336 12567 12567 I OPENHU  : [2] 1.onReceive | WifiDirectManager: Connected. Requesting info...
09-15 13:34:18.341 12567 12567 D OPENHU  : [2] 2.invoke | WifiDirectManager: Pre-fetched localDeviceAddress on connect: 02:00:00:00:00:00
09-15 13:34:18.343 12567 12567 I OPENHU  : [2] WifiDirectManager.onConnectionInfoAvailable | WifiDirectManager: Group formed. Owner: true, GO IP: 192.168.49.1
09-15 13:34:18.348 12567 12567 I OPENHU  : [2] 1.invoke | WifiDirectManager: Updated localDeviceAddress via requestDeviceInfo: 02:00:00:00:00:00
09-15 13:34:18.354 12567 12567 I OPENHU  : [2] WifiDirectManager.onGroupInfoAvailable | WifiDirectManager: System Location Check: GPS=true, Network=true
09-15 13:34:18.368 12567 12567 I OPENHU  : [2] WifiDirectManager.onGroupInfoAvailable | WifiDirectManager: BSSID read from the IPv6 link-local address of p2p-wlan0-28 (EUI-64): 12:C9:A2:ED:26:C5
09-15 13:34:18.369 12567 12567 I OPENHU  : [2] WifiDirectManager.onGroupInfoAvailable | WifiDirectManager: Initial BSSID from IPv6 link-local: 12:C9:A2:ED:26:C5
09-15 13:34:18.370 12567 12567 I OPENHU  : [2] WifiDirectManager.onGroupInfoAvailable | WifiDirectManager: onGroupInfoAvailable: SSID: DIRECT-G3-Navegadortz2, BSSID: 12:C9:A2:ED:26:C5 (source=IPv6 link-local), GO: true, IFACE: p2p-wlan0-28, Freq: 5785 MHz (5GHz)
09-15 13:34:18.376 12567 12924 I OPENHU  : [74] WifiDirectManager.onGroupInfoAvailable$lambda$11 | WifiDirectManager: SUCCESS - Providing credentials to listener. SSID=DIRECT-G3-Navegadortz2, IP=192.168.49.1, BSSID=12:C9:A2:ED:26:C5, identity stable=no
09-15 13:34:18.377 12567 12924 I OPENHU  : [74] WifiLauncherNative.onNativeCredentials | AapService: Received WiFi credentials from manager (SSID=DIRECT-G3-Navegadortz2, IP=192.168.49.1). Updating and Triggering Poke.
09-15 13:34:18.378 12567 12924 I OPENHU  : [74] NativeAaHandshakeManager.updateWifiCredentials | NativeAA: Credentials updated. SSID=DIRECT-G3-Navegadortz2, IP=192.168.49.1, BSSID=12:C9:A2:ED:26:C5, identity stable=no
09-15 13:34:18.378 12567 12924 I OPENHU  : [74] NativeAaHandshakeManager.triggerPoke | NativeAA: Handoff still settling — not starting a poke that would compete with the phone's WiFi association.
09-15 13:34:18.575 12567 12901 I OPENHU  : [73] 2.invokeSuspend$tick | NativeAA: [RX] Received Type 6 (Payload size: 2)
09-15 13:34:18.580 12567 12901 I OPENHU  : [73] NativeAaHandshakeManager.logReceivedDetail | NativeAA: [RX] WifiConnectStatus status=SUCCESS(0) (SUCCESS = the phone got onto our network)
09-15 13:34:18.582 12567 12901 I OPENHU  : [73] 2.invokeSuspend$runAction | NativeAA: Phone reports it is still joining — extending the settling window.
09-15 13:34:19.055 12567 12651 I OPENHU  : [53] 1.invokeSuspend | WirelessServer: Incoming connection detected from /192.168.49.81
09-15 13:34:19.057 12567 12651 D OPENHU  : [53] 1.invokeSuspend | WirelessServer: Waiting for TCP connection on port 5288...
09-15 13:34:19.058 12567 12567 I OPENHU  : [2] 2.invokeSuspend | WirelessServer: Accepted client connection from /192.168.49.81. Passing to CommManager...
09-15 13:34:19.068 12567 12567 I OPENHU  : [2] MainActivity.renderStagePill | MainActivity: status pill step: CONNECTING
09-15 13:34:19.073 12567 12672 I OPENHU  : [61] SocketProjectionConnection.applyLowLatencySocketOptions | Socket low-latency options: tcpNoDelay=true, recvBuf=524288, sendBuf=524288
09-15 13:34:19.074 12567 12567 I OPENHU  : [2] 1.emit | Auto-connect: a phone is answering, taking the full screen.
09-15 13:34:19.079 12567 12567 I OPENHU  : [2] AapService.emitSessionState | AapService: session state connecting
09-15 13:34:19.082 12567 12567 I OPENHU  : [2] AapService.emitSessionState | AapService: session state connected
09-15 13:34:19.095 12567 12567 I OPENHU  : [2] WifiDirectManager.noteSessionHosted | WifiDirectManager: this group has carried a session, so the join watchdog will not recreate it if the phone leaves.
09-15 13:34:19.100 12567 12567 I OPENHU  : [2] AapService.acquireWifiLock | WifiLock acquired (HIGH_PERF)
09-15 13:34:19.105 12567 12567 D OPENHU  : [2] AapService.updateMediaSessionState | MediaSession: State updated to PLAYING, positionMs=0
09-15 13:34:19.108 12567 12567 D OPENHU  : [2] AapService.requestPermanentAudioFocus | Static Audio Focus disabled - skipping permanent audio focus request; focus will be acquired on demand.
09-15 13:34:19.109 12567 12567 I OPENHU  : [2] AapService.onConnected | AapService: Starting GpsLocationService and NightModeManager since connection is established
09-15 13:34:19.118 12567 12567 I OPENHU  : [2] 1.invoke | NightMode update: false
09-15 13:34:19.126 12567 12901 I OPENHU  : [73] 2.invokeSuspend$runAction | NativeAA: WiFi session landed. Handshake session ending, releasing Bluetooth connection.
09-15 13:34:19.131 12567 12901 D OPENHU  : [73] 2.invokeSuspend$feed | NativeAA: Handshake stage SETTLING -> DONE
09-15 13:34:19.132 12567 12650 I OPENHU  : [52] 1.invokeSuspend | NativeAA: AA Server socket closed after successful handoff.
09-15 13:34:19.138 12567 12900 D OPENHU  : [72] 1.invokeSuspend | NativeAA: Bluetooth reader ended: bt socket closed, read return: -1
09-15 13:34:19.138 12567 12901 I OPENHU  : [73] 2.invokeSuspend | NativeAA: BT Handshake link closed.
09-15 13:34:19.162 12567 12567 I OPENHU  : [2] GpsLocation.start | Request location updates
09-15 13:34:19.178 12567 12567 I OPENHU  : [2] GpsLocation.start | Last known location:  Location[gps 6****** , -76******  hAcc=11.322977 et=+5h13m40s740ms alt=1519.623 vAcc=25.520363 vel=0.0 sAcc=0.09975565 bear=345.752 bAcc=59.300217 {Bundle[{satellites=8, maxCn0=26, meanCn0=17}]}]
09-15 13:34:19.187 12567 12567 I OPENHU  : [2] MainActivity.renderStagePill | MainActivity: status pill step: SECURING (not shown, the overlay owns the screen)
09-15 13:34:19.218 12567 12901 I OPENHU  : [73] AudioStreamCatalog.discover | AudioStreamCatalog: 12 streams available (reported count 12): 0=VOICE_CALL, 1=SYSTEM, 2=RING, 3=MUSIC, 4=ALARM, 5=NOTIFICATION, 6=BLUETOOTH_SCO, 7=SYSTEM_ENFORCED, 8=DTMF, 9=TTS, 10=ACCESSIBILITY, 11=ASSISTANT
09-15 13:34:19.224 12567 12901 I OPENHU  : [73] AapTransport.startHandshake$com_andrerinas_headunitrevived_3_4_0_beta3_githubDebug | Start Aap transport handshake for com.andrerinas.openheadunit.connection.projection.SocketProjectionConnection@f3866dd
09-15 13:34:19.227 12567 12901 D OPENHU  : [73] AapTransport.handshake | Handshake: Starting version request. TS: 18820960
09-15 13:34:19.228 12567 12901 D OPENHU  : [73] AapTransport.handshake | Handshake: Version request sent. ret: 10. attempt: 1. TS: 18820962
09-15 13:34:19.229 12567 12901 D OPENHU  : [73] AapTransport.handshake | Handshake: Waiting for version response. TS: 18820962
09-15 13:34:19.246 12567 12901 I OPENHU  : [73] AapTransport.handshake | Handshake: Version response received (ret=12, attempt=1).
09-15 13:34:19.247 12567 12901 I OPENHU  : [73] AapTransport.handshake | Handshake: Version response recv ret: 12
09-15 13:34:19.248 12567 12901 D OPENHU  : [73] AapTransport.handshake | Handshake: Starting SSL handshake via performHandshake(). TS: 18820981
09-15 13:34:19.291 12567 12567 I OPENHU  : [2] WifiDirectManager.refreshNativeCredentials$lambda$23 | WifiDirectManager: refresh: the group DIRECT-G3-Navegadortz2 is up, so its credentials are read again rather than the group remade.
09-15 13:34:19.293 12567 12567 I OPENHU  : [2] WifiDirectManager.onGroupInfoAvailable | WifiDirectManager: System Location Check: GPS=true, Network=true
09-15 13:34:19.304 12567 12567 I OPENHU  : [2] WifiDirectManager.onGroupInfoAvailable | WifiDirectManager: BSSID read from the IPv6 link-local address of p2p-wlan0-28 (EUI-64): 12:C9:A2:ED:26:C5
09-15 13:34:19.304 12567 12567 I OPENHU  : [2] WifiDirectManager.onGroupInfoAvailable | WifiDirectManager: Initial BSSID from IPv6 link-local: 12:C9:A2:ED:26:C5
09-15 13:34:19.306 12567 12567 I OPENHU  : [2] WifiDirectManager.onGroupInfoAvailable | WifiDirectManager: onGroupInfoAvailable: SSID: DIRECT-G3-Navegadortz2, BSSID: 12:C9:A2:ED:26:C5 (source=IPv6 link-local), GO: true, IFACE: p2p-wlan0-28, Freq: 5785 MHz (5GHz)
09-15 13:34:19.312 12567 12567 I OPENHU  : [2] WifiDirectManager.onConnectionInfoAvailable | WifiDirectManager: Group formed. Owner: true, GO IP: 192.168.49.1
09-15 13:34:19.315 12567 12954 I OPENHU  : [78] WifiDirectManager.onGroupInfoAvailable$lambda$11 | WifiDirectManager: SUCCESS - Providing credentials to listener. SSID=DIRECT-G3-Navegadortz2, IP=192.168.49.1, BSSID=12:C9:A2:ED:26:C5, identity stable=no
09-15 13:34:19.316 12567 12954 I OPENHU  : [78] WifiLauncherNative.onNativeCredentials | AapService: Received WiFi credentials from manager (SSID=DIRECT-G3-Navegadortz2, IP=192.168.49.1). Updating and Triggering Poke.
09-15 13:34:19.317 12567 12567 I OPENHU  : [2] 1.invoke | WifiDirectManager: Updated localDeviceAddress via requestDeviceInfo: 02:00:00:00:00:00
09-15 13:34:19.317 12567 12954 I OPENHU  : [78] NativeAaHandshakeManager.updateWifiCredentials | NativeAA: Credentials updated. SSID=DIRECT-G3-Navegadortz2, IP=192.168.49.1, BSSID=12:C9:A2:ED:26:C5, identity stable=no
09-15 13:34:19.317 12567 12954 I OPENHU  : [78] WifiLauncherNative.onNativeCredentials | AapService: USB/other session already active. Skipping auto-poke to avoid pulling phone into wireless flow.
09-15 13:34:19.325 12567 12567 I OPENHU  : [2] WifiDirectManager.onGroupInfoAvailable | WifiDirectManager: System Location Check: GPS=true, Network=true
09-15 13:34:19.334 12567 12567 I OPENHU  : [2] WifiDirectManager.onGroupInfoAvailable | WifiDirectManager: BSSID read from the IPv6 link-local address of p2p-wlan0-28 (EUI-64): 12:C9:A2:ED:26:C5
09-15 13:34:19.335 12567 12567 I OPENHU  : [2] WifiDirectManager.onGroupInfoAvailable | WifiDirectManager: Initial BSSID from IPv6 link-local: 12:C9:A2:ED:26:C5
09-15 13:34:19.336 12567 12567 I OPENHU  : [2] WifiDirectManager.onGroupInfoAvailable | WifiDirectManager: onGroupInfoAvailable: SSID: DIRECT-G3-Navegadortz2, BSSID: 12:C9:A2:ED:26:C5 (source=IPv6 link-local), GO: true, IFACE: p2p-wlan0-28, Freq: 5785 MHz (5GHz)
09-15 13:34:19.342 12567 12955 I OPENHU  : [79] WifiDirectManager.onGroupInfoAvailable$lambda$11 | WifiDirectManager: SUCCESS - Providing credentials to listener. SSID=DIRECT-G3-Navegadortz2, IP=192.168.49.1, BSSID=12:C9:A2:ED:26:C5, identity stable=no
09-15 13:34:19.343 12567 12955 I OPENHU  : [79] WifiLauncherNative.onNativeCredentials | AapService: Received WiFi credentials from manager (SSID=DIRECT-G3-Navegadortz2, IP=192.168.49.1). Updating and Triggering Poke.
09-15 13:34:19.344 12567 12955 I OPENHU  : [79] NativeAaHandshakeManager.updateWifiCredentials | NativeAA: Credentials updated. SSID=DIRECT-G3-Navegadortz2, IP=192.168.49.1, BSSID=12:C9:A2:ED:26:C5, identity stable=no
09-15 13:34:19.345 12567 12955 I OPENHU  : [79] WifiLauncherNative.onNativeCredentials | AapService: USB/other session already active. Skipping auto-poke to avoid pulling phone into wireless flow.
09-15 13:34:19.348 12567 12901 I OPENHU  : [73] AapSslContext.performHandshake | SSL handshake complete. Session id: CZSevbsifzM3aq0uzKEZKduVyqyM05vhJxouJFr3LVU=
09-15 13:34:19.349 12567 12901 D OPENHU  : [73] AapTransport.handshake | Handshake: SSL buffers reset after handshake.
09-15 13:34:19.349 12567 12901 D OPENHU  : [73] AapTransport.handshake | Handshake: SSL handshake complete. TS: 18821083
09-15 13:34:19.350 12567 12901 D OPENHU  : [73] AapTransport.handshake | Handshake: Status OK sent. ret: 8. TS: 18821083
09-15 13:34:19.351 12567 12901 I OPENHU  : [73] AapTransport.handshake | Handshake: Status OK sent: 8
09-15 13:34:19.352 12567 12901 D OPENHU  : [73] AapTransport.handshake | Handshake: Handshake successful. TS: 18821085
09-15 13:34:19.355 12567 12567 I OPENHU  : [2] MainActivity.renderStagePill | MainActivity: status pill step: STARTING_PROJECTION (not shown, the overlay owns the screen)
09-15 13:34:19.355 12567 12567 I OPENHU  : [2] 1.emit | Auto-connect overlay: handshake complete, handing off to projection
09-15 13:34:19.432 12567 12567 I OPENHU  : [2] AapService.launchViaOverlayTrampoline | Overlay trampoline: startActivity succeeded
09-15 13:34:19.630 12567 12567 I OPENHU  : [2] AapProjectionActivity.onCreate | HeadUnit for Android Auto (tm) - Copyright 2011-2015 Michael A. Reid., since 2025 André Rinas All Rights Reserved...
09-15 13:34:19.631 12567 12567 I OPENHU  : [2] AapProjectionActivity.setupProjectionView | Projection backend: viewMode=TEXTURE override=false SoC=uis7861_6h10 board=uis7861_6h10 mfr=UNISOC model=MT50_YT610E4GFPSL_U API=34
09-15 13:34:19.632 12567 12567 I OPENHU  : [2] AapProjectionActivity.setupProjectionView | Using TextureView
09-15 13:34:19.634 12567 12567 I OPENHU  : [2] HeadUnitScreenConfig.init | [UI_DEBUG] HeadUnitScreenConfig: Raw size: 1304x720, usable: 1440x720, orientation setting: SYSTEM, configOrientation: 2
09-15 13:34:19.635 12567 12567 I OPENHU  : [2] HeadUnitScreenConfig.init | [UI_DEBUG] HeadUnitScreenConfig: Final normalized size: 1304x720, usable: 1440x720
09-15 13:34:19.637 12567 12567 I OPENHU  : [2] HeadUnitScreenConfig.init | [UI_DEBUG] HeadUnitScreenConfig: Honest Init | Mode: IMMERSIVE | Anchor: 1440x720 (from WINDOW) | Seeded Insets: L0 T0 R0 B0
09-15 13:34:19.807 12567 12567 I OPENHU  : [2] HeadUnitScreenConfig.recalculate | [RES_CAP] resolutionId=0 realScreen=1440x720 usable=1440x720 portrait=false locked=false chosen=_1280x720 capped=_1280x720 changed=false linkCapped=none
09-15 13:34:19.808 12567 12567 I OPENHU  : [2] HeadUnitScreenConfig.recalculate | [UI_DEBUG] CarScreen: usable area 1440x720, using _1280x720
09-15 13:34:19.812 12567 12567 I OPENHU  : [2] HeadUnitScreenConfig.recalculate | [UI_DEBUG] CarScreen isSmallScreen: true, scaleFactor: 1.0, portraitScaled: false, shape=PAR, margins: w=0, h=0
09-15 13:34:19.825 12567 12567 I OPENHU  : [2] HeadUnitScreenConfig.lockResolution | [UI_DEBUG] HeadUnitScreenConfig: Locking resolution at _1280x720
09-15 13:34:19.828 12567 12567 I OPENHU  : [2] AapProjectionActivity.onNewIntent | AapProjectionActivity: onNewIntent received
09-15 13:34:19.830 12567 12567 I OPENHU  : [2] AapProjectionActivity.onResume | AapProjectionActivity: onResume
09-15 13:34:19.915 12567 12567 I OPENHU  : [2] TextureProjectionView.onSurfaceTextureAvailable | TextureProjectionView: Surface available: 1440x720
09-15 13:34:19.916 12567 12567 I OPENHU  : [2] AapProjectionActivity.onSurfaceCreated | [UI_DEBUG] [AapProjectionActivity] onSurfaceCreated
09-15 13:34:19.917 12567 12567 I OPENHU  : [2] AapProjectionActivity.onSurfaceChanged | [UI_DEBUG] [AapProjectionActivity] onSurfaceChanged. Actual surface dimensions: width=1440, height=720
09-15 13:34:19.918 12567 12567 I OPENHU  : [2] VideoDecoder.setSurface | New surface set: Surface(name=android.graphics.SurfaceTexture@788afd2)/@0x93108a3
09-15 13:34:19.920 12567 12567 I OPENHU  : [2] VideoDecoder.stop | Decoder stopped: New surface
09-15 13:34:19.924 12567 12901 I OPENHU  : [73] AapTransport.startReading$com_andrerinas_headunitrevived_3_4_0_beta3_githubDebug | Start Aap transport read loop
09-15 13:34:19.945 12567 12953 I OPENHU  : [77] Base.auditFragment | AapRead: largest message body so far: 874 bytes (on CONTROL)
09-15 13:34:19.948 12567 12953 D OPENHU  : [77] Companion.decrypt | RECV: CONTROL Service Discovery Request type: 5 flags: 11 size: 845 dataOffset: 2
09-15 13:34:19.948 12567 12567 I OPENHU  : [2] 1.onReceive | Received request to resend night mode state
09-15 13:34:19.951 12567 12567 I OPENHU  : [2] 1.invoke | NightMode update: false
09-15 13:34:19.952 12567 12567 I OPENHU  : [2] AapTransport.noteDroppedSensorEvent | AapTransport: dropping sensor events, isAlive=true startedSensors=[] droppedByType={10=1}
09-15 13:34:19.956 12567 12953 I OPENHU  : [77] AapControlService.serviceDiscoveryRequest | Service Discovery Request: Android
09-15 13:34:19.968 12567 12953 I OPENHU  : [77] HeadUnitScreenConfig.init | [UI_DEBUG] HeadUnitScreenConfig: Raw size: 1304x720, usable: 1440x720, orientation setting: SYSTEM, configOrientation: 2
09-15 13:34:19.969 12567 12953 I OPENHU  : [77] HeadUnitScreenConfig.init | [UI_DEBUG] HeadUnitScreenConfig: Final normalized size: 1304x720, usable: 1440x720
09-15 13:34:19.978 12567 12567 I OPENHU  : [2] AapService.emitSessionState | AapService: session state projecting
09-15 13:34:19.979 12567 12953 I OPENHU  : [77] Companion.makeProto | [ServiceDiscovery] Announcing NIGHT sensor support. Strategy: AUTO
09-15 13:34:19.983 12567 12567 D OPENHU  : [2] AapService.maybeAutoResumePlaybackOnReconnect | AapService: Skipping auto-resume playback (wasPlaying=false, elapsed=18821715ms)
09-15 13:34:19.985 12567 12953 I OPENHU  : [77] Companion.makeProto | [ServiceDiscovery] NegotiatedResolution is: 1280x720
09-15 13:34:19.990 12567 12953 I OPENHU  : [77] Companion.logNegotiatedCodecCapability | [ServiceDiscovery] Negotiating a profile this device claims to carry: codec=c2.unisoc.avc.decoder mime=video/avc target=1280x720@60 sizeSupported=true rateSupported=true sustains=true widths=[64, 1920] heights=[64, 3840] featureLowLatency=false featureAdaptivePlayback=true
09-15 13:34:19.991 12567 12953 I OPENHU  : [77] Companion.makeProto | [ServiceDiscovery] Margins are: 0x0
09-15 13:34:19.993 12567 12953 I OPENHU  : [77] Companion.makeProto | [ServiceDiscovery] PixelAspectRatioE4 is: 11250 (10000 = square)
09-15 13:34:19.997 12567 12567 I OPENHU  : [2] 1.onReceive | Received request to resend night mode state
09-15 13:34:19.999 12567 12567 I OPENHU  : [2] 1.invoke | NightMode update: false
09-15 13:34:20.007 12567 12567 I OPENHU  : [2] GpsLocation.onLocationChanged | GpsLocation: first fix after 0s
09-15 13:34:20.007 12567 12953 I OPENHU  : [77] Companion.makeProto | BT MAC Address is empty, so no Bluetooth service is announced. The phone is not told where to connect hands-free, and Android Auto keeps phone calls on the phone until it is
09-15 13:34:20.007 12567 12567 V OPENHU  : [2] GpsLocation.onLocationChanged | GpsLocation: fix received
09-15 13:34:20.019 12567 12953 V OPENHU  : [77] AapTransport.send | CONTROL Service Discovery Response type: 6 flags: 11 size: 477 dataOffset: 6
09-15 13:34:20.031 12567 12567 I OPENHU  : [2] AapTransport.noteDroppedSensorEvent | AapTransport: dropping sensor events, isAlive=true startedSensors=[] droppedByType={1=1, 10=2}
09-15 13:34:20.142 12567 12953 D OPENHU  : [77] Companion.decrypt | RECV: CONTROL Audio Focus Request type: 18 flags: 11 size: 4 dataOffset: 2
09-15 13:34:20.144 12567 12953 I OPENHU  : [77] AapControlService.audioFocusRequest | Audio Focus Request: RELEASE
09-15 13:34:20.146 12567 12953 I OPENHU  : [77] AapControlService.audioFocusRequest | Sending immediate AudioFocusNotification: STATE_LOSS (always-grant)
09-15 13:34:20.146 12567 12953 V OPENHU  : [77] AapTransport.send | CONTROL Audio Focus Notification type: 19 flags: 11 size: 8 dataOffset: 6
09-15 13:34:20.149 12567 12953 D OPENHU  : [77] AapService.updateMediaSessionState | MediaSession: State updated to STOPPED, positionMs=0
09-15 13:34:20.150 12567 12953 I OPENHU  : [77] AapAudio.requestFocusChange | Audio Focus Request: stream=3, type=4
09-15 13:34:20.151 12567 12953 I OPENHU  : [77] AapAudio.requestFocusChange | Releasing audio focus
09-15 13:34:20.153 12567 12953 D OPENHU  : [77] Companion.decrypt | RECV: SENSOR Channel Open Request type: 7 flags: 15 size: 6 dataOffset: 2
09-15 13:34:20.157 12567 12953 V OPENHU  : [77] AapTransport.send | SENSOR Channel Open Response type: 8 flags: 15 size: 8 dataOffset: 6
09-15 13:34:20.160 12567 12953 V OPENHU  : [77] AapTransport.send | SENSOR Sensor Event type: 32771 flags: 11 size: 10 dataOffset: 6
09-15 13:34:20.163 12567 12953 D OPENHU  : [77] Companion.decrypt | RECV: VIDEO Channel Open Request type: 7 flags: 15 size: 6 dataOffset: 2
09-15 13:34:20.164 12567 12953 V OPENHU  : [77] AapTransport.send | VIDEO Channel Open Response type: 8 flags: 15 size: 8 dataOffset: 6
09-15 13:34:20.167 12567 12953 D OPENHU  : [77] Companion.decrypt | RECV: INPUT Channel Open Request type: 7 flags: 15 size: 6 dataOffset: 2
09-15 13:34:20.168 12567 12953 V OPENHU  : [77] AapTransport.send | INPUT Channel Open Response type: 8 flags: 15 size: 8 dataOffset: 6
09-15 13:34:20.170 12567 12953 D OPENHU  : [77] Companion.decrypt | RECV: AUDIO2 Channel Open Request type: 7 flags: 15 size: 6 dataOffset: 2
09-15 13:34:20.171 12567 12953 V OPENHU  : [77] AapTransport.send | AUDIO2 Channel Open Response type: 8 flags: 15 size: 8 dataOffset: 6
09-15 13:34:20.176 12567 12953 D OPENHU  : [77] Companion.decrypt | RECV: AUDIO1 Channel Open Request type: 7 flags: 15 size: 6 dataOffset: 2
09-15 13:34:20.178 12567 12953 V OPENHU  : [77] AapTransport.send | AUDIO1 Channel Open Response type: 8 flags: 15 size: 8 dataOffset: 6
09-15 13:34:20.181 12567 12953 D OPENHU  : [77] Companion.decrypt | RECV: AUDIO Channel Open Request type: 7 flags: 15 size: 6 dataOffset: 2
09-15 13:34:20.182 12567 12953 V OPENHU  : [77] AapTransport.send | AUDIO Channel Open Response type: 8 flags: 15 size: 8 dataOffset: 6
09-15 13:34:20.185 12567 12953 D OPENHU  : [77] Companion.decrypt | RECV: MIC Channel Open Request type: 7 flags: 15 size: 6 dataOffset: 2
09-15 13:34:20.186 12567 12953 V OPENHU  : [77] AapTransport.send | MIC Channel Open Response type: 8 flags: 15 size: 8 dataOffset: 6
09-15 13:34:20.189 12567 12953 D OPENHU  : [77] Companion.decrypt | RECV: MUSIC_PLAYBACK Channel Open Request type: 7 flags: 15 size: 6 dataOffset: 2
09-15 13:34:20.190 12567 12953 V OPENHU  : [77] AapTransport.send | MUSIC_PLAYBACK Channel Open Response type: 8 flags: 15 size: 8 dataOffset: 6
09-15 13:34:20.193 12567 12953 D OPENHU  : [77] Companion.decrypt | RECV: NAVIGATION_DIRECTIONS Channel Open Request type: 7 flags: 15 size: 6 dataOffset: 2
09-15 13:34:20.194 12567 12953 V OPENHU  : [77] AapTransport.send | NAVIGATION_DIRECTIONS Channel Open Response type: 8 flags: 15 size: 8 dataOffset: 6
09-15 13:34:20.196 12567 12953 D OPENHU  : [77] Companion.decrypt | RECV: SENSOR Sensor Start Request type: 32769 flags: 11 size: 6 dataOffset: 2
09-15 13:34:20.198 12567 12953 I OPENHU  : [77] AapControlSensor.sensorStartRequest | Sensor Start Request sensor: DRIVING_STATUS, minUpdatePeriod: 0
09-15 13:34:20.200 12567 12953 I OPENHU  : [77] AapControlSensor.sensorStartRequest | SENSOR Sensor Start Response type: 32770 flags: 11 size: 8 dataOffset: 6
09-15 13:34:20.201 12567 12953 V OPENHU  : [77] AapTransport.send | SENSOR Sensor Start Response type: 32770 flags: 11 size: 8 dataOffset: 6
09-15 13:34:20.205 12567 12953 D OPENHU  : [77] Companion.decrypt | RECV: VIDEO Media Setup Request type: 32768 flags: 11 size: 4 dataOffset: 2
09-15 13:34:20.207 12567 12951 W OPENHU  : [75] AapVideo.process | AapVideo: Dropped Flag 11 packet. len=4
09-15 13:34:20.207 12567 12953 I OPENHU  : [77] AapControlMedia.mediaSinkSetupRequest | Media Sink Setup Request: 3 on channel VIDEO
09-15 13:34:20.284 12567 12953 I OPENHU  : [77] AapControlMedia.mediaSinkSetupRequest | Config response: status: HEADUNIT
09-15 13:34:20.284 12567 12953 I OPENHU  : max_unacked: 12
09-15 13:34:20.284 12567 12953 I OPENHU  : configuration_indices: 0
09-15 13:34:20.284 12567 12953 I OPENHU  :  (maxUnacked=12)
09-15 13:34:20.285 12567 12953 V OPENHU  : [77] AapTransport.send | VIDEO Media Config Response type: 32771 flags: 11 size: 12 dataOffset: 6
09-15 13:34:20.289 12567 12953 D OPENHU  : [77] Companion.decrypt | RECV: INPUT Input Binding Request type: 32770 flags: 11 size: 68 dataOffset: 2
09-15 13:34:20.293 12567 12953 V OPENHU  : [77] AapTransport.send | INPUT Input Binding Response type: 32771 flags: 11 size: 8 dataOffset: 6
09-15 13:34:20.297 12567 12953 D OPENHU  : [77] Companion.decrypt | RECV: AUDIO2 Media Setup Request type: 32768 flags: 11 size: 4 dataOffset: 2
09-15 13:34:20.298 12567 12953 I OPENHU  : [77] AapControlMedia.mediaSinkSetupRequest | Media Sink Setup Request: 1 on channel AUDIO2
09-15 13:34:20.300 12567 12953 I OPENHU  : [77] AapControlMedia.mediaSinkSetupRequest | Config response: status: HEADUNIT
09-15 13:34:20.300 12567 12953 I OPENHU  : max_unacked: 30
09-15 13:34:20.300 12567 12953 I OPENHU  : configuration_indices: 0
09-15 13:34:20.300 12567 12953 I OPENHU  :  (maxUnacked=30)
09-15 13:34:20.300 12567 12953 V OPENHU  : [77] AapTransport.send | AUDIO2 Media Config Response type: 32771 flags: 11 size: 12 dataOffset: 6
09-15 13:34:20.301 12567 12953 I OPENHU  : [77] AapAudio.startAudioTrack | AudioDecoder.start: channel=5, stream=3, gain=1.0, sampleRate=16000, numberOfBits=16, numberOfChannels=1, isAac=false, source=setup, latencyMultiplier=4, queueCapacity=50, attachHwDspEqualizer=false
09-15 13:34:20.309 12567 12953 I OPENHU  : [77] AudioTrackWrapper.createAudioTrack | Audio stream: 3 buffer size: 12800 (min: 2592) sampleRateInHz: 16000 channelCount: 1
09-15 13:34:20.327 12567 12953 I OPENHU  : [77] AudioTrackWrapper.<init> | AudioTrackWrapper: AUDIO2 can hold 6400 frames (400ms) of the 12800 bytes asked for, keeps 400ms filled, banking 100ms before playing and 250ms after an underrun
09-15 13:34:20.328 12567 12953 V OPENHU  : [77] AapTransport.send | CONTROL Audio Focus Notification type: 19 flags: 11 size: 10 dataOffset: 6
09-15 13:34:20.332 12567 12953 D OPENHU  : [77] Companion.decrypt | RECV: AUDIO1 Media Setup Request type: 32768 flags: 11 size: 4 dataOffset: 2
09-15 13:34:20.333 12567 12953 I OPENHU  : [77] AapControlMedia.mediaSinkSetupRequest | Media Sink Setup Request: 1 on channel AUDIO1
09-15 13:34:20.335 12567 12953 I OPENHU  : [77] AapControlMedia.mediaSinkSetupRequest | Config response: status: HEADUNIT
09-15 13:34:20.335 12567 12953 I OPENHU  : max_unacked: 30
09-15 13:34:20.335 12567 12953 I OPENHU  : configuration_indices: 0
09-15 13:34:20.335 12567 12953 I OPENHU  :  (maxUnacked=30)
09-15 13:34:20.336 12567 12953 V OPENHU  : [77] AapTransport.send | AUDIO1 Media Config Response type: 32771 flags: 11 size: 12 dataOffset: 6
09-15 13:34:20.337 12567 12953 I OPENHU  : [77] AapAudio.startAudioTrack | AudioDecoder.start: channel=4, stream=3, gain=1.0, sampleRate=16000, numberOfBits=16, numberOfChannels=1, isAac=false, source=setup, latencyMultiplier=4, queueCapacity=50, attachHwDspEqualizer=false
09-15 13:34:20.340 12567 12953 I OPENHU  : [77] AudioTrackWrapper.createAudioTrack | Audio stream: 3 buffer size: 12800 (min: 2592) sampleRateInHz: 16000 channelCount: 1
09-15 13:34:20.355 12567 12953 I OPENHU  : [77] AudioTrackWrapper.<init> | AudioTrackWrapper: AUDIO1 can hold 6400 frames (400ms) of the 12800 bytes asked for, keeps 400ms filled, banking 100ms before playing and 250ms after an underrun
09-15 13:34:20.356 12567 12953 V OPENHU  : [77] AapTransport.send | CONTROL Audio Focus Notification type: 19 flags: 11 size: 10 dataOffset: 6
09-15 13:34:20.359 12567 12953 D OPENHU  : [77] Companion.decrypt | RECV: AUDIO Media Setup Request type: 32768 flags: 11 size: 4 dataOffset: 2
09-15 13:34:20.360 12567 12953 I OPENHU  : [77] AapControlMedia.mediaSinkSetupRequest | Media Sink Setup Request: 1 on channel AUDIO
09-15 13:34:20.362 12567 12953 I OPENHU  : [77] AapControlMedia.mediaSinkSetupRequest | Config response: status: HEADUNIT
09-15 13:34:20.362 12567 12953 I OPENHU  : max_unacked: 30
09-15 13:34:20.362 12567 12953 I OPENHU  : configuration_indices: 0
09-15 13:34:20.362 12567 12953 I OPENHU  :  (maxUnacked=30)
09-15 13:34:20.363 12567 12953 V OPENHU  : [77] AapTransport.send | AUDIO Media Config Response type: 32771 flags: 11 size: 12 dataOffset: 6
09-15 13:34:20.364 12567 12953 I OPENHU  : [77] AapAudio.startAudioTrack | AudioDecoder.start: channel=6, stream=3, gain=1.0, sampleRate=48000, numberOfBits=16, numberOfChannels=2, isAac=false, source=setup, latencyMultiplier=16, queueCapacity=50, attachHwDspEqualizer=false
09-15 13:34:20.368 12567 12953 I OPENHU  : [77] AudioTrackWrapper.createAudioTrack | Audio stream: 3 buffer size: 246272 (min: 15392) sampleRateInHz: 48000 channelCount: 2
09-15 13:34:20.383 12567 12953 I OPENHU  : [77] AudioTrackWrapper.<init> | AudioTrackWrapper: AUDIO can hold 61568 frames (1282ms) of the 246272 bytes asked for, keeps 1282ms filled, banking 400ms before playing and 550ms after an underrun
09-15 13:34:20.385 12567 12953 V OPENHU  : [77] AapTransport.send | CONTROL Audio Focus Notification type: 19 flags: 11 size: 10 dataOffset: 6
09-15 13:34:20.387 12567 12953 D OPENHU  : [77] Companion.decrypt | RECV: SENSOR Sensor Start Request type: 32769 flags: 11 size: 6 dataOffset: 2
09-15 13:34:20.388 12567 12953 I OPENHU  : [77] AapControlSensor.sensorStartRequest | Sensor Start Request sensor: NIGHT, minUpdatePeriod: 0
09-15 13:34:20.389 12567 12953 I OPENHU  : [77] AapControlSensor.sensorStartRequest | SENSOR Sensor Start Response type: 32770 flags: 11 size: 8 dataOffset: 6
09-15 13:34:20.389 12567 12953 V OPENHU  : [77] AapTransport.send | SENSOR Sensor Start Response type: 32770 flags: 11 size: 8 dataOffset: 6
09-15 13:34:20.390 12567 12953 I OPENHU  : [77] AapControlSensor.sensorStartRequest | Night sensor requested. Triggering immediate update.
09-15 13:34:20.393 12567 12953 D OPENHU  : [77] Companion.decrypt | RECV: CONTROL Ping Request type: 11 flags: 11 size: 12 dataOffset: 2
09-15 13:34:20.394 12567 12567 I OPENHU  : [2] 1.onReceive | Received request to resend night mode state
09-15 13:34:20.396 12567 12953 V OPENHU  : [77] AapTransport.send | CONTROL Ping Response type: 12 flags: 11 size: 14 dataOffset: 6
09-15 13:34:20.398 12567 12567 I OPENHU  : [2] 1.invoke | NightMode update: false
09-15 13:34:20.401 12567 12567 V OPENHU  : [2] AapTransport.send | SENSOR Sensor Event type: 32771 flags: 11 size: 10 dataOffset: 6
09-15 13:34:20.826 12567 12567 W OPENHU  : [2] 1.run | Watchdog: No video received yet. Requesting Keyframe (Unsolicited Focus)...
09-15 13:34:20.831 12567 12567 V OPENHU  : [2] AapTransport.send | VIDEO Video Focus Notification type: 32776 flags: 11 size: 10 dataOffset: 6
09-15 13:34:20.843 12567 12953 D OPENHU  : [77] Companion.decrypt | RECV: VIDEO Media Start Request type: 32769 flags: 11 size: 6 dataOffset: 2
09-15 13:34:20.845 12567 12951 W OPENHU  : [75] AapVideo.process | AapVideo: Dropped Flag 11 packet. len=6
09-15 13:34:20.846 12567 12953 I OPENHU  : [77] AapControlMedia.mediaStartRequest | Media Start Request VIDEO: session=0, config_index=0
09-15 13:34:20.993 12567 12953 D OPENHU  : [77] Companion.decrypt | RECV: VIDEO Version Request type: 1 flags: 11 size: 31 dataOffset: 2
09-15 13:34:20.998 12567 12953 I OPENHU  : [77] Base.auditFragment | AapRead: largest message body so far: 3655 bytes (on VIDEO)
09-15 13:34:21.000 12567 12951 I OPENHU  : [75] VideoDecoder.applyStreamDimensions | H.264 SPS parsed: 1280x720 (negotiated 1280x720)
09-15 13:34:21.001 12567 12951 I OPENHU  : [75] AapProjectionActivity.onVideoDimensionsChanged | [AapProjectionActivity] Received video dimensions: 1280x720
09-15 13:34:21.002 12567 12951 I OPENHU  : [75] VideoDecoder.applyParameterSet | Stream SPS (H.264): profile=66 level=32 poc_type=2 num_ref_frames=1 size=1280x720 vui=true bitstream_restriction=true num_reorder_frames=0 max_dec_frame_buffering=1
09-15 13:34:21.007 12567 12567 I OPENHU  : [2] TextureProjectionView.setVideoSize | TextureProjectionView: Video size set to 1280x720
09-15 13:34:21.009 12567 12951 I OPENHU  : [75] VideoDecoder.findBestCodec | findBestCodec: hw=c2.unisoc.avc.decoder, sw=c2.android.avc.decoder, preferHardware=true, selected=c2.unisoc.avc.decoder
09-15 13:34:21.012 12567 12567 I OPENHU  : [2] HeadUnitScreenConfig.init | [UI_DEBUG] HeadUnitScreenConfig: Raw size: 1304x720, usable: 1440x720, orientation setting: SYSTEM, configOrientation: 2
09-15 13:34:21.013 12567 12951 I OPENHU  : [75] VideoDecoder.logDecoderCapability | Decoder capability: codec=c2.unisoc.avc.decoder mime=video/avc target=1280x720@60 sizeSupported=true rateSupported=true sustains=true widths=[64, 1920] heights=[64, 3840] featureLowLatency=false featureAdaptivePlayback=true
09-15 13:34:21.013 12567 12567 I OPENHU  : [2] HeadUnitScreenConfig.init | [UI_DEBUG] HeadUnitScreenConfig: Final normalized size: 1304x720, usable: 1440x720
09-15 13:34:21.019 12567 12567 I OPENHU  : [2] ProjectionViewScaler.updateScale | [UI_DEBUG] Normal Scale. scaleX: 1.0, scaleY: 1.0
09-15 13:34:21.020 12567 12567 I OPENHU  : [2] HeadUnitScreenConfig.init | [UI_DEBUG] HeadUnitScreenConfig: Raw size: 1304x720, usable: 1440x720, orientation setting: SYSTEM, configOrientation: 2
09-15 13:34:21.020 12567 12567 I OPENHU  : [2] HeadUnitScreenConfig.init | [UI_DEBUG] HeadUnitScreenConfig: Final normalized size: 1304x720, usable: 1440x720
09-15 13:34:21.023 12567 12567 I OPENHU  : [2] ProjectionViewScaler.updateScale | [UI_DEBUG] Normal Scale. scaleX: 1.0, scaleY: 1.0
09-15 13:34:21.028 12567 12567 V OPENHU  : [2] GpsLocation.onLocationChanged | GpsLocation: fix received
09-15 13:34:21.060 12567 12951 I OPENHU  : [75] VideoDecoder.start | Configuring decoder: c2.unisoc.avc.decoder for 1280x720, max-input-size=675KB, memory=AMPLE (totalRam=3745MB heapLimit=512MB memoryClass=192MB lowRamFlag=false), queue=30 frames, optionalKeys=none
09-15 13:34:21.078 12567 12983 I OPENHU  : [88] VideoDecoder.outputThreadLoop | Output thread started
09-15 13:34:21.078 12567 12951 I OPENHU  : [75] VideoDecoder.start | Codec initialized: c2.unisoc.avc.decoder
09-15 13:34:21.080 12567 12984 I OPENHU  : [89] VideoDecoder.feedThreadLoop | Feed thread started (queue holds 30 frames, 500ms at 60fps)
09-15 13:34:21.086 12567 12984 I OPENHU  : [89] VideoDecoder.feedInputBuffer | Codec input buffer: requested 675KB, got 1024KB per buffer
09-15 13:34:21.091 12567 12984 I OPENHU  : [89] VideoDecoder.reportContentOnce | VideoDecoder: access unit classified PARAMETER_SETS_ONLY - flagged to the codec as configuration (first this session)
09-15 13:34:21.097 12567 12984 I OPENHU  : [89] VideoDecoder.reportContentOnce | VideoDecoder: access unit classified NO_PARAMETER_SETS - an ordinary frame (first this session)
09-15 13:34:21.100 12567 12984 I OPENHU  : [89] VideoDecoder.feedInputBuffer | VideoDecoder: keyframe reached the codec (3616 bytes)
09-15 13:34:21.110 12567 12983 I OPENHU  : [88] VideoDecoder.handleOutputFormatChange | Output Format Changed: {crop-right=1279, max-height=720, sar-width=1, color-format=2130708361, mime=video/raw, priority=1, color-standard=2, vendor.coding.scene-mode.value=6, color-transfer=3, sar-height=1, crop-bottom=719, max-width=1280, crop-left=0, width=1280, color-range=2, crop-top=0, rotation-degrees=0, height=720}
09-15 13:34:21.117 12567 12983 I OPENHU  : [88] VideoDecoder.outputThreadLoop | VideoDecoder: keyframe decoded - the picture is repaired
09-15 13:34:21.119 12567 12983 I OPENHU  : [88] VideoDecoder.outputThreadLoop | First frame rendered (hardware decode)
09-15 13:34:21.140 12567 12567 I OPENHU  : [2] AapProjectionActivity.hideLoadingOverlay | Hiding loading overlay after first video frame
09-15 13:34:21.171 12567 12567 D OPENHU  : [2] BluetoothHelper.driverCandidates | BluetoothHelper: driver candidate motorola edge 30 neo (A0:46:5A:97:E4:95) -> PHONE, vouched for by a stored MAC
09-15 13:34:21.191 12567 12567 D OPENHU  : [2] BluetoothHelper.driverCandidates | BluetoothHelper: driver candidate POCO X3 NFC (DC:B7:2E:5E:4E:59) -> PHONE, advertises the Audio Gateway record
09-15 13:34:21.192 12567 12567 D OPENHU  : [2] BluetoothHelper.driverCandidates | BluetoothHelper: driver candidates: 2 phone, 0 unknown, 0 not a phone
09-15 13:34:21.204 12567 12953 D OPENHU  : [77] Companion.decrypt | RECV: SENSOR Sensor Start Request type: 32769 flags: 11 size: 6 dataOffset: 2
09-15 13:34:21.205 12567 12953 I OPENHU  : [77] AapControlSensor.sensorStartRequest | Sensor Start Request sensor: LOCATION, minUpdatePeriod: 0
09-15 13:34:21.206 12567 12953 I OPENHU  : [77] AapControlSensor.sensorStartRequest | SENSOR Sensor Start Response type: 32770 flags: 11 size: 8 dataOffset: 6
09-15 13:34:21.206 12567 12953 V OPENHU  : [77] AapTransport.send | SENSOR Sensor Start Response type: 32770 flags: 11 size: 8 dataOffset: 6
09-15 13:34:21.213 12567 12953 V OPENHU  : [77] AapTransport.send | SENSOR Sensor Event type: 32771 flags: 11 size: 46 dataOffset: 6
09-15 13:34:21.214 12567 12953 I OPENHU  : [77] AapControlSensor.sensorStartRequest | LOCATION sensor requested. Sending current fix immediately. sentOnWire=true
09-15 13:34:21.221 12567 12953 D OPENHU  : [77] Companion.decrypt | RECV: CONTROL Ping Request type: 11 flags: 11 size: 12 dataOffset: 2
09-15 13:34:21.222 12567 12953 V OPENHU  : [77] AapTransport.send | CONTROL Ping Response type: 12 flags: 11 size: 14 dataOffset: 6
09-15 13:34:21.993 12567 12567 V OPENHU  : [2] GpsLocation.onLocationChanged | GpsLocation: fix received
09-15 13:34:21.999 12567 12567 V OPENHU  : [2] AapTransport.send | SENSOR Sensor Event type: 32771 flags: 11 size: 46 dataOffset: 6
09-15 13:34:22.221 12567 12953 D OPENHU  : [77] Companion.decrypt | RECV: CONTROL Ping Request type: 11 flags: 11 size: 12 dataOffset: 2
09-15 13:34:22.222 12567 12953 V OPENHU  : [77] AapTransport.send | CONTROL Ping Response type: 12 flags: 11 size: 14 dataOffset: 6
09-15 13:34:23.030 12567 12567 V OPENHU  : [2] GpsLocation.onLocationChanged | GpsLocation: fix received
09-15 13:34:23.049 12567 12567 V OPENHU  : [2] AapTransport.send | SENSOR Sensor Event type: 32771 flags: 11 size: 46 dataOffset: 6
09-15 13:34:23.227 12567 12953 D OPENHU  : [77] Companion.decrypt | RECV: CONTROL Ping Request type: 11 flags: 11 size: 12 dataOffset: 2
09-15 13:34:23.229 12567 12953 V OPENHU  : [77] AapTransport.send | CONTROL Ping Response type: 12 flags: 11 size: 14 dataOffset: 6
09-15 13:34:23.996 12567 12567 V OPENHU  : [2] GpsLocation.onLocationChanged | GpsLocation: fix received
09-15 13:34:24.005 12567 12567 V OPENHU  : [2] AapTransport.send | SENSOR Sensor Event type: 32771 flags: 11 size: 46 dataOffset: 6
09-15 13:34:24.227 12567 12953 D OPENHU  : [77] Companion.decrypt | RECV: CONTROL Ping Request type: 11 flags: 11 size: 12 dataOffset: 2
09-15 13:34:24.229 12567 12953 V OPENHU  : [77] AapTransport.send | CONTROL Ping Response type: 12 flags: 11 size: 14 dataOffset: 6
09-15 13:34:24.406 12567 12953 I OPENHU  : [77] Base.auditFragment | AapRead: largest message body so far: 5725 bytes (on VIDEO)
09-15 13:34:24.441 12567 12953 D OPENHU  : [77] Companion.decrypt | RECV: MUSIC_PLAYBACK Media Playback Status type: 32769 flags: 11 size: 17 dataOffset: 2
09-15 13:34:24.444 12567 12953 D OPENHU  : [77] AapMediaPlayback.processStatusPacket | AapMediaPlayback: status mediaSource='VLC', playbackSeconds(u32)=51, state=PAUSED
09-15 13:34:24.458 12567 12953 I OPENHU  : [77] Base.auditFragment | AapRead: largest message body so far: 11444 bytes (on VIDEO)
09-15 13:34:24.530 12567 12953 I OPENHU  : [77] Base.auditFragment | AapRead: fragment accounting established for VIDEO: channel=2 fragments=2 declaredTotal=17287 observed=17345 delta=-58 perFragment=-29
09-15 13:34:24.532 12567 12953 D OPENHU  : [77] Companion.decrypt | RECV: VIDEO Unknown (4635) type: 4635 flags: 10 size: 1167 dataOffset: 2
09-15 13:34:24.549 12567 12953 D OPENHU  : [77] Companion.decrypt | RECV: VIDEO Unknown (52648) type: 52648 flags: 10 size: 2248 dataOffset: 2
09-15 13:34:24.568 12567 12953 D OPENHU  : [77] Companion.decrypt | RECV: VIDEO Unknown (25830) type: 25830 flags: 10 size: 5327 dataOffset: 2
09-15 13:34:24.589 12567 12953 D OPENHU  : [77] Companion.decrypt | RECV: VIDEO Unknown (30025) type: 30025 flags: 10 size: 6956 dataOffset: 2
09-15 13:34:24.615 12567 12953 D OPENHU  : [77] Companion.decrypt | RECV: VIDEO Unknown (57315) type: 57315 flags: 10 size: 9349 dataOffset: 2
09-15 13:34:24.621 12567 12953 D OPENHU  : [77] Companion.decrypt | RECV: VIDEO Unknown (36763) type: 36763 flags: 10 size: 11170 dataOffset: 2
09-15 13:34:24.633 12567 12953 D OPENHU  : [77] Companion.decrypt | RECV: VIDEO Unknown (16384) type: 16384 flags: 10 size: 12733 dataOffset: 2
09-15 13:34:24.665 12567 12953 D OPENHU  : [77] Companion.decrypt | RECV: VIDEO Unknown (19593) type: 19593 flags: 8 size: 16124 dataOffset: 2
09-15 13:34:24.668 12567 12953 D OPENHU  : [77] Companion.decrypt | RECV: VIDEO Unknown (5740) type: 5740 flags: 10 size: 1611 dataOffset: 2
09-15 13:34:24.681 12567 12953 D OPENHU  : [77] Companion.decrypt | RECV: VIDEO Unknown (28867) type: 28867 flags: 8 size: 16124 dataOffset: 2
09-15 13:34:24.684 12567 12953 D OPENHU  : [77] Companion.decrypt | RECV: VIDEO Unknown (21643) type: 21643 flags: 10 size: 1398 dataOffset: 2
09-15 13:34:24.697 12567 12953 D OPENHU  : [77] Companion.decrypt | RECV: VIDEO Unknown (35265) type: 35265 flags: 8 size: 16124 dataOffset: 2
09-15 13:34:24.700 12567 12953 D OPENHU  : [77] Companion.decrypt | RECV: VIDEO Unknown (7399) type: 7399 flags: 10 size: 2171 dataOffset: 2
09-15 13:34:24.714 12567 12953 D OPENHU  : [77] Companion.decrypt | RECV: VIDEO Unknown (11008) type: 11008 flags: 8 size: 16124 dataOffset: 2
09-15 13:34:24.716 12567 12953 D OPENHU  : [77] Companion.decrypt | RECV: VIDEO Unknown (352) type: 352 flags: 10 size: 3337 dataOffset: 2
09-15 13:34:24.733 12567 12953 D OPENHU  : [77] Companion.decrypt | RECV: VIDEO Unknown (49663) type: 49663 flags: 8 size: 16124 dataOffset: 2
09-15 13:34:24.752 12567 12953 D OPENHU  : [77] Companion.decrypt | RECV: VIDEO Unknown (47185) type: 47185 flags: 8 size: 16124 dataOffset: 2
09-15 13:34:24.755 12567 12953 D OPENHU  : [77] Companion.decrypt | RECV: VIDEO Unknown (57376) type: 57376 flags: 10 size: 5359 dataOffset: 2
09-15 13:34:24.773 12567 12953 D OPENHU  : [77] Companion.decrypt | RECV: VIDEO Unknown (49151) type: 49151 flags: 8 size: 16124 dataOffset: 2
09-15 13:34:24.776 12567 12953 D OPENHU  : [77] Companion.decrypt | RECV: VIDEO Unknown (31640) type: 31640 flags: 10 size: 7226 dataOffset: 2
09-15 13:34:24.800 12567 12953 D OPENHU  : [77] Companion.decrypt | RECV: VIDEO Unknown (129) type: 129 flags: 10 size: 5936 dataOffset: 2
09-15 13:34:24.824 12567 12953 D OPENHU  : [77] Companion.decrypt | RECV: VIDEO Unknown (57536) type: 57536 flags: 10 size: 5778 dataOffset: 2
09-15 13:34:24.848 12567 12953 D OPENHU  : [77] Companion.decrypt | RECV: VIDEO Unknown (32787) type: 32787 flags: 10 size: 5930 dataOffset: 2
09-15 13:34:24.878 12567 12953 D OPENHU  : [77] Companion.decrypt | RECV: VIDEO Unknown (152) type: 152 flags: 10 size: 5947 dataOffset: 2
09-15 13:34:24.911 12567 12953 D OPENHU  : [77] Companion.decrypt | RECV: VIDEO Unknown (51937) type: 51937 flags: 10 size: 6223 dataOffset: 2
09-15 13:34:24.944 12567 12953 D OPENHU  : [77] Companion.decrypt | RECV: VIDEO Unknown (14708) type: 14708 flags: 10 size: 4481 dataOffset: 2
09-15 13:34:24.977 12567 12953 D OPENHU  : [77] Companion.decrypt | RECV: VIDEO Unknown (11730) type: 11730 flags: 10 size: 3408 dataOffset: 2
09-15 13:34:25.010 12567 12953 D OPENHU  : [77] Companion.decrypt | RECV: VIDEO Unknown (53087) type: 53087 flags: 10 size: 5805 dataOffset: 2
09-15 13:34:25.019 12567 12567 V OPENHU  : [2] GpsLocation.onLocationChanged | GpsLocation: fix received
09-15 13:34:25.028 12567 12567 V OPENHU  : [2] AapTransport.send | SENSOR Sensor Event type: 32771 flags: 11 size: 46 dataOffset: 6
09-15 13:34:25.214 12567 12953 D OPENHU  : [77] Companion.decrypt | RECV: MUSIC_PLAYBACK Media Playback Status type: 32771 flags: 11 size: 6002 dataOffset: 2
09-15 13:34:25.222 12567 12953 D OPENHU  : [77] Companion.decrypt | RECV: CONTROL Ping Request type: 11 flags: 11 size: 12 dataOffset: 2
09-15 13:34:25.223 12567 12953 V OPENHU  : [77] AapTransport.send | CONTROL Ping Response type: 12 flags: 11 size: 14 dataOffset: 6
09-15 13:34:25.385 12567 12953 D OPENHU  : [77] Companion.decrypt | RECV: VIDEO Unknown (27807) type: 27807 flags: 8 size: 16124 dataOffset: 2
09-15 13:34:25.389 12567 12953 D OPENHU  : [77] Companion.decrypt | RECV: VIDEO Unknown (34769) type: 34769 flags: 8 size: 16124 dataOffset: 2
09-15 13:34:25.392 12567 12953 D OPENHU  : [77] Companion.decrypt | RECV: VIDEO Unknown (33159) type: 33159 flags: 8 size: 16124 dataOffset: 2
09-15 13:34:25.394 12567 12953 D OPENHU  : [77] Companion.decrypt | RECV: VIDEO Unknown (61257) type: 61257 flags: 8 size: 16124 dataOffset: 2
09-15 13:34:25.397 12567 12953 D OPENHU  : [77] Companion.decrypt | RECV: VIDEO Unknown (10624) type: 10624 flags: 8 size: 16124 dataOffset: 2
09-15 13:34:25.400 12567 12953 D OPENHU  : [77] Companion.decrypt | RECV: VIDEO Unknown (39477) type: 39477 flags: 8 size: 16124 dataOffset: 2
09-15 13:34:25.403 12567 12953 D OPENHU  : [77] Companion.decrypt | RECV: VIDEO Unknown (42160) type: 42160 flags: 8 size: 16124 dataOffset: 2
09-15 13:34:25.405 12567 12953 D OPENHU  : [77] Companion.decrypt | RECV: VIDEO Unknown (6199) type: 6199 flags: 10 size: 11894 dataOffset: 2
09-15 13:34:25.477 12567 12953 D OPENHU  : [77] Companion.decrypt | RECV: VIDEO Unknown (21638) type: 21638 flags: 8 size: 16124 dataOffset: 2
09-15 13:34:25.480 12567 12953 D OPENHU  : [77] Companion.decrypt | RECV: VIDEO Unknown (34826) type: 34826 flags: 8 size: 16124 dataOffset: 2
09-15 13:34:25.482 12567 12953 D OPENHU  : [77] Companion.decrypt | RECV: VIDEO Unknown (51294) type: 51294 flags: 8 size: 16124 dataOffset: 2
09-15 13:34:25.485 12567 12953 D OPENHU  : [77] Companion.decrypt | RECV: VIDEO Unknown (4099) type: 4099 flags: 8 size: 16124 dataOffset: 2
09-15 13:34:25.488 12567 12953 D OPENHU  : [77] Companion.decrypt | RECV: VIDEO Unknown (40955) type: 40955 flags: 8 size: 16124 dataOffset: 2
09-15 13:34:25.491 12567 12953 D OPENHU  : [77] Companion.decrypt | RECV: VIDEO Unknown (56882) type: 56882 flags: 10 size: 9161 dataOffset: 2
09-15 13:34:25.497 12567 12953 D OPENHU  : [77] Companion.decrypt | RECV: VIDEO Unknown (52241) type: 52241 flags: 10 size: 14159 dataOffset: 2
09-15 13:34:25.518 12567 12953 D OPENHU  : [77] Companion.decrypt | RECV: VIDEO Unknown (22083) type: 22083 flags: 8 size: 16124 dataOffset: 2
09-15 13:34:25.521 12567 12953 D OPENHU  : [77] Companion.decrypt | RECV: VIDEO Unknown (18804) type: 18804 flags: 8 size: 16124 dataOffset: 2
09-15 13:34:25.524 12567 12953 D OPENHU  : [77] Companion.decrypt | RECV: VIDEO Unknown (24488) type: 24488 flags: 8 size: 16124 dataOffset: 2
09-15 13:34:25.526 12567 12953 D OPENHU  : [77] Companion.decrypt | RECV: VIDEO Unknown (36054) type: 36054 flags: 8 size: 16124 dataOffset: 2
09-15 13:34:25.529 12567 12953 D OPENHU  : [77] Companion.decrypt | RECV: VIDEO Unknown (33705) type: 33705 flags: 10 size: 14063 dataOffset: 2
09-15 13:34:25.556 12567 12953 D OPENHU  : [77] Companion.decrypt | RECV: VIDEO Unknown (46855) type: 46855 flags: 8 size: 16124 dataOffset: 2
09-15 13:34:25.559 12567 12953 D OPENHU  : [77] Companion.decrypt | RECV: VIDEO Unknown (2145) type: 2145 flags: 8 size: 16124 dataOffset: 2
09-15 13:34:25.561 12567 12953 D OPENHU  : [77] Companion.decrypt | RECV: VIDEO Unknown (4767) type: 4767 flags: 8 size: 16124 dataOffset: 2
09-15 13:34:25.564 12567 12953 D OPENHU  : [77] Companion.decrypt | RECV: VIDEO Unknown (38398) type: 38398 flags: 8 size: 16124 dataOffset: 2
09-15 13:34:25.567 12567 12953 D OPENHU  : [77] Companion.decrypt | RECV: VIDEO Unknown (7306) type: 7306 flags: 10 size: 6943 dataOffset: 2
09-15 13:34:25.595 12567 12953 D OPENHU  : [77] Companion.decrypt | RECV: VIDEO Unknown (32728) type: 32728 flags: 8 size: 16124 dataOffset: 2
09-15 13:34:25.597 12567 12953 D OPENHU  : [77] Companion.decrypt | RECV: VIDEO Unknown (21737) type: 21737 flags: 8 size: 16124 dataOffset: 2
09-15 13:34:25.600 12567 12953 D OPENHU  : [77] Companion.decrypt | RECV: VIDEO Unknown (42329) type: 42329 flags: 8 size: 16124 dataOffset: 2
09-15 13:34:25.602 12567 12953 D OPENHU  : [77] Companion.decrypt | RECV: VIDEO Unknown (51925) type: 51925 flags: 10 size: 6296 dataOffset: 2
09-15 13:34:25.660 12567 12953 D OPENHU  : [77] Companion.decrypt | RECV: VIDEO Unknown (1911) type: 1911 flags: 8 size: 16124 dataOffset: 2
09-15 13:34:25.662 12567 12953 D OPENHU  : [77] Companion.decrypt | RECV: VIDEO Unknown (61423) type: 61423 flags: 8 size: 16124 dataOffset: 2
09-15 13:34:25.665 12567 12953 D OPENHU  : [77] Companion.decrypt | RECV: VIDEO Unknown (59272) type: 59272 flags: 8 size: 16124 dataOffset: 2
09-15 13:34:25.671 12567 12953 D OPENHU  : [77] Companion.decrypt | RECV: VIDEO Unknown (15185) type: 15185 flags: 10 size: 3723 dataOffset: 2
09-15 13:34:25.692 12567 12953 D OPENHU  : [77] Companion.decrypt | RECV: VIDEO Unknown (45569) type: 45569 flags: 8 size: 16124 dataOffset: 2
09-15 13:34:25.694 12567 12953 D OPENHU  : [77] Companion.decrypt | RECV: VIDEO Unknown (4280) type: 4280 flags: 10 size: 215 dataOffset: 2
09-15 13:34:25.742 12567 12953 D OPENHU  : [77] Companion.decrypt | RECV: VIDEO Unknown (17060) type: 17060 flags: 10 size: 14714 dataOffset: 2
09-15 13:34:25.825 12567 12953 D OPENHU  : [77] Companion.decrypt | RECV: VIDEO Unknown (34835) type: 34835 flags: 10 size: 3455 dataOffset: 2
09-15 13:34:25.864 12567 12567 I OPENHU  : [2] AutomationReceiver.onReceive | AutomationReceiver: com.andrerinas.openheadunit.ACTION_QUERY_STATE
09-15 13:34:25.928 12567 12953 D OPENHU  : [77] Companion.decrypt | RECV: AUDIO Media Start Request type: 32769 flags: 11 size: 6 dataOffset: 2
09-15 13:34:25.929 12567 12953 I OPENHU  : [77] AapControlMedia.mediaStartRequest | Media Start Request AUDIO: session=0, config_index=0
09-15 13:34:25.932 12567 12953 D OPENHU  : [77] Companion.decrypt | RECV: AUDIO Media Data type: 0 flags: 11 size: 8202 dataOffset: 2
09-15 13:34:25.933 12567 12953 I OPENHU  : [77] AapAudio.onAudioPlaybackStarted | AapAudio: AA audio started (AUDIO) - acquiring transient system audio focus (mode=AUTO)
09-15 13:34:25.937 12567 12953 I OPENHU  : [77] AapAudio.requestPlaybackFocus | AapAudio: Playback transient focus request result: GRANTED
09-15 13:34:25.941 12567 12953 D OPENHU  : [77] Companion.decrypt | RECV: AUDIO Media Data type: 0 flags: 11 size: 8202 dataOffset: 2
09-15 13:34:25.945 12567 12953 D OPENHU  : [77] Companion.decrypt | RECV: AUDIO Media Data type: 0 flags: 11 size: 8202 dataOffset: 2
09-15 13:34:25.949 12567 12953 D OPENHU  : [77] Companion.decrypt | RECV: AUDIO Media Data type: 0 flags: 11 size: 8202 dataOffset: 2
09-15 13:34:25.952 12567 12953 D OPENHU  : [77] Companion.decrypt | RECV: AUDIO Media Data type: 0 flags: 11 size: 8202 dataOffset: 2
09-15 13:34:25.970 12567 12953 D OPENHU  : [77] Companion.decrypt | RECV: AUDIO Media Data type: 0 flags: 11 size: 8202 dataOffset: 2
09-15 13:34:25.994 12567 12567 V OPENHU  : [2] GpsLocation.onLocationChanged | GpsLocation: fix received
09-15 13:34:26.000 12567 12567 V OPENHU  : [2] AapTransport.send | SENSOR Sensor Event type: 32771 flags: 11 size: 46 dataOffset: 6
09-15 13:34:26.011 12567 12953 D OPENHU  : [77] Companion.decrypt | RECV: AUDIO Media Data type: 0 flags: 11 size: 8202 dataOffset: 2
09-15 13:34:26.053 12567 12953 D OPENHU  : [77] Companion.decrypt | RECV: AUDIO Media Data type: 0 flags: 11 size: 8202 dataOffset: 2
09-15 13:34:26.095 12567 12953 D OPENHU  : [77] Companion.decrypt | RECV: AUDIO Media Data type: 0 flags: 11 size: 8202 dataOffset: 2
09-15 13:34:26.103 12567 12983 I OPENHU  : [88] VideoDecoder.logThroughput | Throughput over 5003ms: rendered=191 (38fps), fed=193 (38fps), dropped=0, skipped=0, concealed=0, inputWait=97ms, enqueueWait=0ms, codec=c2.unisoc.avc.decoder, presented=189 (37fps), decodeLatency=10ms p95=17ms (189 frames)
09-15 13:34:26.138 12567 12953 D OPENHU  : [77] Companion.decrypt | RECV: AUDIO Media Data type: 0 flags: 11 size: 8202 dataOffset: 2
09-15 13:34:26.151 12567 12967 I OPENHU  : [84] AudioTrackWrapper.maybeStartPlayback | AudioTrackWrapper: playback started with 18432 frames banked (target 19200) after 201ms
09-15 13:34:26.152 12567 12567 I OPENHU  : [2] TextureProjectionView.onSurfaceTextureUpdated | TextureProjectionView: displayed 140 frames in 5018ms (27fps), longFrames=1
09-15 13:34:26.187 12567 12953 D OPENHU  : [77] Companion.decrypt | RECV: AUDIO Media Data type: 0 flags: 11 size: 8202 dataOffset: 2
09-15 13:34:26.206 12567 12953 D OPENHU  : [77] Companion.decrypt | RECV: VIDEO Unknown (10180) type: 10180 flags: 10 size: 4798 dataOffset: 2
09-15 13:34:26.225 12567 12953 D OPENHU  : [77] Companion.decrypt | RECV: CONTROL Ping Request type: 11 flags: 11 size: 12 dataOffset: 2
09-15 13:34:26.226 12567 12953 V OPENHU  : [77] AapTransport.send | CONTROL Ping Response type: 12 flags: 11 size: 14 dataOffset: 6
09-15 13:34:26.230 12567 12953 D OPENHU  : [77] Companion.decrypt | RECV: AUDIO Media Data type: 0 flags: 11 size: 8202 dataOffset: 2
09-15 13:34:26.240 12567 12953 D OPENHU  : [77] Companion.decrypt | RECV: MUSIC_PLAYBACK Media Playback Status type: 32769 flags: 11 size: 17 dataOffset: 2
09-15 13:34:26.242 12567 12953 D OPENHU  : [77] AapMediaPlayback.processStatusPacket | AapMediaPlayback: status mediaSource='VLC', playbackSeconds(u32)=52, state=PLAYING
09-15 13:34:26.267 12567 12953 D OPENHU  : [77] Companion.decrypt | RECV: AUDIO Media Data type: 0 flags: 11 size: 8202 dataOffset: 2
09-15 13:34:26.309 12567 12953 D OPENHU  : [77] Companion.decrypt | RECV: AUDIO Media Data type: 0 flags: 11 size: 8202 dataOffset: 2
09-15 13:34:26.352 12567 12953 D OPENHU  : [77] Companion.decrypt | RECV: AUDIO Media Data type: 0 flags: 11 size: 8202 dataOffset: 2
09-15 13:34:26.396 12567 12953 D OPENHU  : [77] Companion.decrypt | RECV: AUDIO Media Data type: 0 flags: 11 size: 8202 dataOffset: 2
09-15 13:34:26.406 12567 12953 D OPENHU  : [77] Companion.decrypt | RECV: MUSIC_PLAYBACK Media Playback Status type: 32769 flags: 11 size: 17 dataOffset: 2
09-15 13:34:26.407 12567 12953 D OPENHU  : [77] AapMediaPlayback.processStatusPacket | AapMediaPlayback: status mediaSource='VLC', playbackSeconds(u32)=52, state=PLAYING
09-15 13:34:26.437 12567 12953 D OPENHU  : [77] Companion.decrypt | RECV: AUDIO Media Data type: 0 flags: 11 size: 8202 dataOffset: 2
09-15 13:34:26.474 12567 12953 D OPENHU  : [77] Companion.decrypt | RECV: MUSIC_PLAYBACK Media Playback Status type: 32771 flags: 11 size: 7819 dataOffset: 2
09-15 13:34:26.480 12567 12953 D OPENHU  : [77] Companion.decrypt | RECV: AUDIO Media Data type: 0 flags: 11 size: 8202 dataOffset: 2
09-15 13:34:26.522 12567 12953 D OPENHU  : [77] Companion.decrypt | RECV: AUDIO Media Data type: 0 flags: 11 size: 8202 dataOffset: 2
09-15 13:34:26.575 12567 12953 D OPENHU  : [77] Companion.decrypt | RECV: AUDIO Media Data type: 0 flags: 11 size: 8202 dataOffset: 2
09-15 13:34:26.611 12567 12953 D OPENHU  : [77] Companion.decrypt | RECV: AUDIO Media Data type: 0 flags: 11 size: 8202 dataOffset: 2
09-15 13:34:26.651 12567 12953 D OPENHU  : [77] Companion.decrypt | RECV: AUDIO Media Data type: 0 flags: 11 size: 8202 dataOffset: 2
09-15 13:34:26.693 12567 12953 D OPENHU  : [77] Companion.decrypt | RECV: AUDIO Media Data type: 0 flags: 11 size: 8202 dataOffset: 2
09-15 13:34:26.736 12567 12953 D OPENHU  : [77] Companion.decrypt | RECV: AUDIO Media Data type: 0 flags: 11 size: 8202 dataOffset: 2
09-15 13:34:26.778 12567 12953 D OPENHU  : [77] Companion.decrypt | RECV: AUDIO Media Data type: 0 flags: 11 size: 8202 dataOffset: 2
09-15 13:34:26.822 12567 12953 D OPENHU  : [77] Companion.decrypt | RECV: AUDIO Media Data type: 0 flags: 11 size: 8202 dataOffset: 2
09-15 13:34:26.864 12567 12953 D OPENHU  : [77] Companion.decrypt | RECV: AUDIO Media Data type: 0 flags: 11 size: 8202 dataOffset: 2
09-15 13:34:26.906 12567 12953 D OPENHU  : [77] Companion.decrypt | RECV: AUDIO Media Data type: 0 flags: 11 size: 8202 dataOffset: 2
09-15 13:34:26.949 12567 12953 D OPENHU  : [77] Companion.decrypt | RECV: AUDIO Media Data type: 0 flags: 11 size: 8202 dataOffset: 2
09-15 13:34:26.991 12567 12953 D OPENHU  : [77] Companion.decrypt | RECV: AUDIO Media Data type: 0 flags: 11 size: 8202 dataOffset: 2
09-15 13:34:27.030 12567 12567 V OPENHU  : [2] GpsLocation.onLocationChanged | GpsLocation: fix received
09-15 13:34:27.037 12567 12953 D OPENHU  : [77] Companion.decrypt | RECV: AUDIO Media Data type: 0 flags: 11 size: 8202 dataOffset: 2
09-15 13:34:27.053 12567 12567 V OPENHU  : [2] AapTransport.send | SENSOR Sensor Event type: 32771 flags: 11 size: 46 dataOffset: 6
09-15 13:34:27.076 12567 12953 D OPENHU  : [77] Companion.decrypt | RECV: AUDIO Media Data type: 0 flags: 11 size: 8202 dataOffset: 2
09-15 13:34:27.121 12567 12953 D OPENHU  : [77] Companion.decrypt | RECV: AUDIO Media Data type: 0 flags: 11 size: 8202 dataOffset: 2
09-15 13:34:27.163 12567 12953 D OPENHU  : [77] Companion.decrypt | RECV: AUDIO Media Data type: 0 flags: 11 size: 8202 dataOffset: 2
09-15 13:34:27.206 12567 12953 D OPENHU  : [77] Companion.decrypt | RECV: AUDIO Media Data type: 0 flags: 11 size: 8202 dataOffset: 2
09-15 13:34:27.222 12567 12953 D OPENHU  : [77] Companion.decrypt | RECV: CONTROL Ping Request type: 11 flags: 11 size: 12 dataOffset: 2
09-15 13:34:27.223 12567 12953 V OPENHU  : [77] AapTransport.send | CONTROL Ping Response type: 12 flags: 11 size: 14 dataOffset: 6
09-15 13:34:27.248 12567 12953 D OPENHU  : [77] Companion.decrypt | RECV: AUDIO Media Data type: 0 flags: 11 size: 8202 dataOffset: 2
09-15 13:34:27.292 12567 12953 D OPENHU  : [77] Companion.decrypt | RECV: AUDIO Media Data type: 0 flags: 11 size: 8202 dataOffset: 2
09-15 13:34:27.334 12567 12953 D OPENHU  : [77] Companion.decrypt | RECV: AUDIO Media Data type: 0 flags: 11 size: 8202 dataOffset: 2
09-15 13:34:27.379 12567 12953 D OPENHU  : [77] Companion.decrypt | RECV: AUDIO Media Data type: 0 flags: 11 size: 8202 dataOffset: 2
09-15 13:34:27.405 12567 12953 D OPENHU  : [77] Companion.decrypt | RECV: MUSIC_PLAYBACK Media Playback Status type: 32769 flags: 11 size: 17 dataOffset: 2
09-15 13:34:27.406 12567 12953 D OPENHU  : [77] AapMediaPlayback.processStatusPacket | AapMediaPlayback: status mediaSource='VLC', playbackSeconds(u32)=53, state=PLAYING
09-15 13:34:27.418 12567 12953 D OPENHU  : [77] Companion.decrypt | RECV: AUDIO Media Data type: 0 flags: 11 size: 8202 dataOffset: 2
09-15 13:34:27.464 12567 12953 D OPENHU  : [77] Companion.decrypt | RECV: AUDIO Media Data type: 0 flags: 11 size: 8202 dataOffset: 2
09-15 13:34:27.504 12567 12953 D OPENHU  : [77] Companion.decrypt | RECV: AUDIO Media Data type: 0 flags: 11 size: 8202 dataOffset: 2
09-15 13:34:27.546 12567 12953 D OPENHU  : [77] Companion.decrypt | RECV: AUDIO Media Data type: 0 flags: 11 size: 8202 dataOffset: 2
09-15 13:34:27.589 12567 12953 D OPENHU  : [77] Companion.decrypt | RECV: AUDIO Media Data type: 0 flags: 11 size: 8202 dataOffset: 2
09-15 13:34:27.633 12567 12953 D OPENHU  : [77] Companion.decrypt | RECV: AUDIO Media Data type: 0 flags: 11 size: 8202 dataOffset: 2
09-15 13:34:27.674 12567 12953 D OPENHU  : [77] Companion.decrypt | RECV: AUDIO Media Data type: 0 flags: 11 size: 8202 dataOffset: 2
09-15 13:34:27.717 12567 12953 D OPENHU  : [77] Companion.decrypt | RECV: AUDIO Media Data type: 0 flags: 11 size: 8202 dataOffset: 2
09-15 13:34:27.759 12567 12953 D OPENHU  : [77] Companion.decrypt | RECV: AUDIO Media Data type: 0 flags: 11 size: 8202 dataOffset: 2
09-15 13:34:27.804 12567 12953 D OPENHU  : [77] Companion.decrypt | RECV: AUDIO Media Data type: 0 flags: 11 size: 8202 dataOffset: 2
09-15 13:34:27.845 12567 12953 D OPENHU  : [77] Companion.decrypt | RECV: AUDIO Media Data type: 0 flags: 11 size: 8202 dataOffset: 2
09-15 13:34:27.888 12567 12953 D OPENHU  : [77] Companion.decrypt | RECV: AUDIO Media Data type: 0 flags: 11 size: 8202 dataOffset: 2
09-15 13:34:27.931 12567 12953 D OPENHU  : [77] Companion.decrypt | RECV: AUDIO Media Data type: 0 flags: 11 size: 8202 dataOffset: 2
09-15 13:34:27.972 12567 12953 D OPENHU  : [77] Companion.decrypt | RECV: AUDIO Media Data type: 0 flags: 11 size: 8202 dataOffset: 2
09-15 13:34:27.995 12567 12567 V OPENHU  : [2] GpsLocation.onLocationChanged | GpsLocation: fix received
09-15 13:34:28.003 12567 12567 V OPENHU  : [2] AapTransport.send | SENSOR Sensor Event type: 32771 flags: 11 size: 46 dataOffset: 6
09-15 13:34:28.017 12567 12953 D OPENHU  : [77] Companion.decrypt | RECV: AUDIO Media Data type: 0 flags: 11 size: 8202 dataOffset: 2
09-15 13:34:28.060 12567 12953 D OPENHU  : [77] Companion.decrypt | RECV: AUDIO Media Data type: 0 flags: 11 size: 8202 dataOffset: 2
09-15 13:34:28.102 12567 12953 D OPENHU  : [77] Companion.decrypt | RECV: AUDIO Media Data type: 0 flags: 11 size: 8202 dataOffset: 2
09-15 13:34:28.143 12567 12953 D OPENHU  : [77] Companion.decrypt | RECV: AUDIO Media Data type: 0 flags: 11 size: 8202 dataOffset: 2
09-15 13:34:28.186 12567 12953 D OPENHU  : [77] Companion.decrypt | RECV: AUDIO Media Data type: 0 flags: 11 size: 8202 dataOffset: 2
09-15 13:34:28.223 12567 12953 D OPENHU  : [77] Companion.decrypt | RECV: CONTROL Ping Request type: 11 flags: 11 size: 12 dataOffset: 2
09-15 13:34:28.224 12567 12953 V OPENHU  : [77] AapTransport.send | CONTROL Ping Response type: 12 flags: 11 size: 14 dataOffset: 6
09-15 13:34:28.230 12567 12953 D OPENHU  : [77] Companion.decrypt | RECV: AUDIO Media Data type: 0 flags: 11 size: 8202 dataOffset: 2
09-15 13:34:28.274 12567 12953 D OPENHU  : [77] Companion.decrypt | RECV: AUDIO Media Data type: 0 flags: 11 size: 8202 dataOffset: 2
09-15 13:34:28.317 12567 12953 D OPENHU  : [77] Companion.decrypt | RECV: AUDIO Media Data type: 0 flags: 11 size: 8202 dataOffset: 2
09-15 13:34:28.358 12567 12953 D OPENHU  : [77] Companion.decrypt | RECV: AUDIO Media Data type: 0 flags: 11 size: 8202 dataOffset: 2
09-15 13:34:28.401 12567 12953 D OPENHU  : [77] Companion.decrypt | RECV: AUDIO Media Data type: 0 flags: 11 size: 8202 dataOffset: 2
09-15 13:34:28.406 12567 12953 D OPENHU  : [77] Companion.decrypt | RECV: MUSIC_PLAYBACK Media Playback Status type: 32769 flags: 11 size: 17 dataOffset: 2
09-15 13:34:28.408 12567 12953 D OPENHU  : [77] AapMediaPlayback.processStatusPacket | AapMediaPlayback: status mediaSource='VLC', playbackSeconds(u32)=54, state=PLAYING
09-15 13:34:28.443 12567 12953 D OPENHU  : [77] Companion.decrypt | RECV: AUDIO Media Data type: 0 flags: 11 size: 8202 dataOffset: 2
09-15 13:34:28.486 12567 12953 D OPENHU  : [77] Companion.decrypt | RECV: AUDIO Media Data type: 0 flags: 11 size: 8202 dataOffset: 2
09-15 13:34:28.529 12567 12953 D OPENHU  : [77] Companion.decrypt | RECV: AUDIO Media Data type: 0 flags: 11 size: 8202 dataOffset: 2
09-15 13:34:28.570 12567 12953 D OPENHU  : [77] Companion.decrypt | RECV: AUDIO Media Data type: 0 flags: 11 size: 8202 dataOffset: 2
09-15 13:34:28.614 12567 12953 D OPENHU  : [77] Companion.decrypt | RECV: AUDIO Media Data type: 0 flags: 11 size: 8202 dataOffset: 2
09-15 13:34:28.656 12567 12953 D OPENHU  : [77] Companion.decrypt | RECV: AUDIO Media Data type: 0 flags: 11 size: 8202 dataOffset: 2
09-15 13:34:28.698 12567 12953 D OPENHU  : [77] Companion.decrypt | RECV: AUDIO Media Data type: 0 flags: 11 size: 8202 dataOffset: 2
09-15 13:34:28.741 12567 12953 D OPENHU  : [77] Companion.decrypt | RECV: AUDIO Media Data type: 0 flags: 11 size: 8202 dataOffset: 2
09-15 13:34:28.787 12567 12953 D OPENHU  : [77] Companion.decrypt | RECV: AUDIO Media Data type: 0 flags: 11 size: 8202 dataOffset: 2
09-15 13:34:28.827 12567 12953 D OPENHU  : [77] Companion.decrypt | RECV: AUDIO Media Data type: 0 flags: 11 size: 8202 dataOffset: 2
09-15 13:34:28.869 12567 12953 D OPENHU  : [77] Companion.decrypt | RECV: AUDIO Media Data type: 0 flags: 11 size: 8202 dataOffset: 2
09-15 13:34:28.911 12567 12953 D OPENHU  : [77] Companion.decrypt | RECV: AUDIO Media Data type: 0 flags: 11 size: 8202 dataOffset: 2
09-15 13:34:28.954 12567 12953 D OPENHU  : [77] Companion.decrypt | RECV: AUDIO Media Data type: 0 flags: 11 size: 8202 dataOffset: 2
09-15 13:34:29.001 12567 12953 D OPENHU  : [77] Companion.decrypt | RECV: AUDIO Media Data type: 0 flags: 11 size: 8202 dataOffset: 2
09-15 13:34:29.020 12567 12567 V OPENHU  : [2] GpsLocation.onLocationChanged | GpsLocation: fix received
09-15 13:34:29.040 12567 12953 D OPENHU  : [77] Companion.decrypt | RECV: AUDIO Media Data type: 0 flags: 11 size: 8202 dataOffset: 2
09-15 13:34:29.050 12567 12567 V OPENHU  : [2] AapTransport.send | SENSOR Sensor Event type: 32771 flags: 11 size: 46 dataOffset: 6
09-15 13:34:29.087 12567 12953 D OPENHU  : [77] Companion.decrypt | RECV: AUDIO Media Data type: 0 flags: 11 size: 8202 dataOffset: 2
09-15 13:34:29.125 12567 12953 D OPENHU  : [77] Companion.decrypt | RECV: AUDIO Media Data type: 0 flags: 11 size: 8202 dataOffset: 2
09-15 13:34:29.172 12567 12953 D OPENHU  : [77] Companion.decrypt | RECV: AUDIO Media Data type: 0 flags: 11 size: 8202 dataOffset: 2
09-15 13:34:29.211 12567 12953 D OPENHU  : [77] Companion.decrypt | RECV: AUDIO Media Data type: 0 flags: 11 size: 8202 dataOffset: 2
09-15 13:34:29.224 12567 12953 D OPENHU  : [77] Companion.decrypt | RECV: CONTROL Ping Request type: 11 flags: 11 size: 12 dataOffset: 2
09-15 13:34:29.225 12567 12953 V OPENHU  : [77] AapTransport.send | CONTROL Ping Response type: 12 flags: 11 size: 14 dataOffset: 6
09-15 13:34:29.254 12567 12953 D OPENHU  : [77] Companion.decrypt | RECV: AUDIO Media Data type: 0 flags: 11 size: 8202 dataOffset: 2
09-15 13:34:29.297 12567 12953 D OPENHU  : [77] Companion.decrypt | RECV: AUDIO Media Data type: 0 flags: 11 size: 8202 dataOffset: 2
09-15 13:34:29.338 12567 12953 D OPENHU  : [77] Companion.decrypt | RECV: AUDIO Media Data type: 0 flags: 11 size: 8202 dataOffset: 2
09-15 13:34:29.382 12567 12953 D OPENHU  : [77] Companion.decrypt | RECV: AUDIO Media Data type: 0 flags: 11 size: 8202 dataOffset: 2
09-15 13:34:29.410 12567 12953 D OPENHU  : [77] Companion.decrypt | RECV: MUSIC_PLAYBACK Media Playback Status type: 32769 flags: 11 size: 17 dataOffset: 2
09-15 13:34:29.411 12567 12953 D OPENHU  : [77] AapMediaPlayback.processStatusPacket | AapMediaPlayback: status mediaSource='VLC', playbackSeconds(u32)=55, state=PLAYING
09-15 13:34:29.425 12567 12953 D OPENHU  : [77] Companion.decrypt | RECV: AUDIO Media Data type: 0 flags: 11 size: 8202 dataOffset: 2
09-15 13:34:29.468 12567 12953 D OPENHU  : [77] Companion.decrypt | RECV: AUDIO Media Data type: 0 flags: 11 size: 8202 dataOffset: 2
09-15 13:34:29.510 12567 12953 D OPENHU  : [77] Companion.decrypt | RECV: AUDIO Media Data type: 0 flags: 11 size: 8202 dataOffset: 2
09-15 13:34:29.554 12567 12953 D OPENHU  : [77] Companion.decrypt | RECV: AUDIO Media Data type: 0 flags: 11 size: 8202 dataOffset: 2
09-15 13:34:29.595 12567 12953 D OPENHU  : [77] Companion.decrypt | RECV: AUDIO Media Data type: 0 flags: 11 size: 8202 dataOffset: 2
09-15 13:34:29.640 12567 12953 D OPENHU  : [77] Companion.decrypt | RECV: AUDIO Media Data type: 0 flags: 11 size: 8202 dataOffset: 2
09-15 13:34:29.683 12567 12953 D OPENHU  : [77] Companion.decrypt | RECV: AUDIO Media Data type: 0 flags: 11 size: 8202 dataOffset: 2
09-15 13:34:29.723 12567 12953 D OPENHU  : [77] Companion.decrypt | RECV: AUDIO Media Data type: 0 flags: 11 size: 8202 dataOffset: 2
09-15 13:34:29.768 12567 12953 D OPENHU  : [77] Companion.decrypt | RECV: AUDIO Media Data type: 0 flags: 11 size: 8202 dataOffset: 2
09-15 13:34:29.808 12567 12953 D OPENHU  : [77] Companion.decrypt | RECV: AUDIO Media Data type: 0 flags: 11 size: 8202 dataOffset: 2
09-15 13:34:29.851 12567 12953 D OPENHU  : [77] Companion.decrypt | RECV: AUDIO Media Data type: 0 flags: 11 size: 8202 dataOffset: 2
09-15 13:34:29.893 12567 12953 D OPENHU  : [77] Companion.decrypt | RECV: AUDIO Media Data type: 0 flags: 11 size: 8202 dataOffset: 2
09-15 13:34:29.936 12567 12953 D OPENHU  : [77] Companion.decrypt | RECV: AUDIO Media Data type: 0 flags: 11 size: 8202 dataOffset: 2
09-15 13:34:29.978 12567 12953 D OPENHU  : [77] Companion.decrypt | RECV: AUDIO Media Data type: 0 flags: 11 size: 8202 dataOffset: 2
09-15 13:34:29.998 12567 12567 V OPENHU  : [2] GpsLocation.onLocationChanged | GpsLocation: fix received
09-15 13:34:30.006 12567 12567 V OPENHU  : [2] AapTransport.send | SENSOR Sensor Event type: 32771 flags: 11 size: 46 dataOffset: 6
09-15 13:34:30.022 12567 12953 D OPENHU  : [77] Companion.decrypt | RECV: AUDIO Media Data type: 0 flags: 11 size: 8202 dataOffset: 2
09-15 13:34:30.064 12567 12953 D OPENHU  : [77] Companion.decrypt | RECV: AUDIO Media Data type: 0 flags: 11 size: 8202 dataOffset: 2
09-15 13:34:30.107 12567 12953 D OPENHU  : [77] Companion.decrypt | RECV: AUDIO Media Data type: 0 flags: 11 size: 8202 dataOffset: 2
09-15 13:34:30.157 12567 12953 D OPENHU  : [77] Companion.decrypt | RECV: AUDIO Media Data type: 0 flags: 11 size: 8202 dataOffset: 2
09-15 13:34:30.192 12567 12953 D OPENHU  : [77] Companion.decrypt | RECV: AUDIO Media Data type: 0 flags: 11 size: 8202 dataOffset: 2
09-15 13:34:30.227 12567 12953 D OPENHU  : [77] Companion.decrypt | RECV: CONTROL Ping Request type: 11 flags: 11 size: 12 dataOffset: 2
09-15 13:34:30.227 12567 12953 V OPENHU  : [77] AapTransport.send | CONTROL Ping Response type: 12 flags: 11 size: 14 dataOffset: 6
09-15 13:34:30.235 12567 12953 D OPENHU  : [77] Companion.decrypt | RECV: AUDIO Media Data type: 0 flags: 11 size: 8202 dataOffset: 2
09-15 13:34:30.281 12567 12953 D OPENHU  : [77] Companion.decrypt | RECV: AUDIO Media Data type: 0 flags: 11 size: 8202 dataOffset: 2
09-15 13:34:30.322 12567 12953 D OPENHU  : [77] Companion.decrypt | RECV: AUDIO Media Data type: 0 flags: 11 size: 8202 dataOffset: 2
09-15 13:34:30.366 12567 12953 D OPENHU  : [77] Companion.decrypt | RECV: AUDIO Media Data type: 0 flags: 11 size: 8202 dataOffset: 2
09-15 13:34:30.413 12567 12953 D OPENHU  : [77] Companion.decrypt | RECV: AUDIO Media Data type: 0 flags: 11 size: 8202 dataOffset: 2
09-15 13:34:30.419 12567 12953 D OPENHU  : [77] Companion.decrypt | RECV: MUSIC_PLAYBACK Media Playback Status type: 32769 flags: 11 size: 17 dataOffset: 2
09-15 13:34:30.421 12567 12953 D OPENHU  : [77] AapMediaPlayback.processStatusPacket | AapMediaPlayback: status mediaSource='VLC', playbackSeconds(u32)=56, state=PLAYING
09-15 13:34:30.452 12567 12953 D OPENHU  : [77] Companion.decrypt | RECV: AUDIO Media Data type: 0 flags: 11 size: 8202 dataOffset: 2
09-15 13:34:30.492 12567 12953 D OPENHU  : [77] Companion.decrypt | RECV: AUDIO Media Data type: 0 flags: 11 size: 8202 dataOffset: 2
09-15 13:34:30.533 12567 12953 D OPENHU  : [77] Companion.decrypt | RECV: AUDIO Media Data type: 0 flags: 11 size: 8202 dataOffset: 2
09-15 13:34:30.577 12567 12953 D OPENHU  : [77] Companion.decrypt | RECV: AUDIO Media Data type: 0 flags: 11 size: 8202 dataOffset: 2
09-15 13:34:30.621 12567 12953 D OPENHU  : [77] Companion.decrypt | RECV: AUDIO Media Data type: 0 flags: 11 size: 8202 dataOffset: 2
09-15 13:34:30.663 12567 12953 D OPENHU  : [77] Companion.decrypt | RECV: AUDIO Media Data type: 0 flags: 11 size: 8202 dataOffset: 2
09-15 13:34:30.705 12567 12953 D OPENHU  : [77] Companion.decrypt | RECV: AUDIO Media Data type: 0 flags: 11 size: 8202 dataOffset: 2
09-15 13:34:30.751 12567 12953 D OPENHU  : [77] Companion.decrypt | RECV: AUDIO Media Data type: 0 flags: 11 size: 8202 dataOffset: 2
09-15 13:34:30.790 12567 12953 D OPENHU  : [77] Companion.decrypt | RECV: AUDIO Media Data type: 0 flags: 11 size: 8202 dataOffset: 2
09-15 13:34:30.832 12567 12953 D OPENHU  : [77] Companion.decrypt | RECV: AUDIO Media Data type: 0 flags: 11 size: 8202 dataOffset: 2
09-15 13:34:30.875 12567 12953 D OPENHU  : [77] Companion.decrypt | RECV: AUDIO Media Data type: 0 flags: 11 size: 8202 dataOffset: 2
09-15 13:34:30.918 12567 12953 D OPENHU  : [77] Companion.decrypt | RECV: AUDIO Media Data type: 0 flags: 11 size: 8202 dataOffset: 2
09-15 13:34:30.963 12567 12953 D OPENHU  : [77] Companion.decrypt | RECV: AUDIO Media Data type: 0 flags: 11 size: 8202 dataOffset: 2
09-15 13:34:31.009 12567 12953 D OPENHU  : [77] Companion.decrypt | RECV: AUDIO Media Data type: 0 flags: 11 size: 8202 dataOffset: 2
09-15 13:34:31.017 12567 12567 V OPENHU  : [2] GpsLocation.onLocationChanged | GpsLocation: fix received
09-15 13:34:31.023 12567 12567 V OPENHU  : [2] AapTransport.send | SENSOR Sensor Event type: 32771 flags: 11 size: 46 dataOffset: 6
09-15 13:34:31.046 12567 12953 D OPENHU  : [77] Companion.decrypt | RECV: AUDIO Media Data type: 0 flags: 11 size: 8202 dataOffset: 2
09-15 13:34:31.088 12567 12953 D OPENHU  : [77] Companion.decrypt | RECV: AUDIO Media Data type: 0 flags: 11 size: 8202 dataOffset: 2
09-15 13:34:31.104 12567 12983 I OPENHU  : [88] VideoDecoder.logThroughput | Throughput over 5003ms: rendered=244 (48fps), fed=243 (48fps), dropped=0, skipped=0, concealed=0, inputWait=116ms, enqueueWait=0ms, codec=c2.unisoc.avc.decoder, presented=244 (48fps), decodeLatency=9ms p95=12ms (244 frames)
09-15 13:34:31.131 12567 12953 D OPENHU  : [77] Companion.decrypt | RECV: AUDIO Media Data type: 0 flags: 11 size: 8202 dataOffset: 2
09-15 13:34:31.167 12567 12567 I OPENHU  : [2] TextureProjectionView.onSurfaceTextureUpdated | TextureProjectionView: displayed 185 frames in 5015ms (36fps), longFrames=1
09-15 13:34:31.176 12567 12953 D OPENHU  : [77] Companion.decrypt | RECV: AUDIO Media Data type: 0 flags: 11 size: 8202 dataOffset: 2
09-15 13:34:31.217 12567 12953 D OPENHU  : [77] Companion.decrypt | RECV: AUDIO Media Data type: 0 flags: 11 size: 8202 dataOffset: 2
09-15 13:34:31.227 12567 12953 D OPENHU  : [77] Companion.decrypt | RECV: CONTROL Ping Request type: 11 flags: 11 size: 12 dataOffset: 2
09-15 13:34:31.227 12567 12953 V OPENHU  : [77] AapTransport.send | CONTROL Ping Response type: 12 flags: 11 size: 14 dataOffset: 6
09-15 13:34:31.260 12567 12953 D OPENHU  : [77] Companion.decrypt | RECV: AUDIO Media Data type: 0 flags: 11 size: 8202 dataOffset: 2
09-15 13:34:31.303 12567 12953 D OPENHU  : [77] Companion.decrypt | RECV: AUDIO Media Data type: 0 flags: 11 size: 8202 dataOffset: 2
09-15 13:34:31.344 12567 12953 D OPENHU  : [77] Companion.decrypt | RECV: AUDIO Media Data type: 0 flags: 11 size: 8202 dataOffset: 2
09-15 13:34:31.390 12567 12953 D OPENHU  : [77] Companion.decrypt | RECV: AUDIO Media Data type: 0 flags: 11 size: 8202 dataOffset: 2
09-15 13:34:31.412 12567 12953 D OPENHU  : [77] Companion.decrypt | RECV: MUSIC_PLAYBACK Media Playback Status type: 32769 flags: 11 size: 17 dataOffset: 2
09-15 13:34:31.414 12567 12953 D OPENHU  : [77] AapMediaPlayback.processStatusPacket | AapMediaPlayback: status mediaSource='VLC', playbackSeconds(u32)=57, state=PLAYING
09-15 13:34:31.431 12567 12953 D OPENHU  : [77] Companion.decrypt | RECV: AUDIO Media Data type: 0 flags: 11 size: 8202 dataOffset: 2
09-15 13:34:31.473 12567 12953 D OPENHU  : [77] Companion.decrypt | RECV: AUDIO Media Data type: 0 flags: 11 size: 8202 dataOffset: 2
09-15 13:34:31.515 12567 12953 D OPENHU  : [77] Companion.decrypt | RECV: AUDIO Media Data type: 0 flags: 11 size: 8202 dataOffset: 2
09-15 13:34:31.559 12567 12953 D OPENHU  : [77] Companion.decrypt | RECV: AUDIO Media Data type: 0 flags: 11 size: 8202 dataOffset: 2
09-15 13:34:31.600 12567 12953 D OPENHU  : [77] Companion.decrypt | RECV: AUDIO Media Data type: 0 flags: 11 size: 8202 dataOffset: 2
09-15 13:34:31.644 12567 12953 D OPENHU  : [77] Companion.decrypt | RECV: AUDIO Media Data type: 0 flags: 11 size: 8202 dataOffset: 2
09-15 13:34:31.686 12567 12953 D OPENHU  : [77] Companion.decrypt | RECV: AUDIO Media Data type: 0 flags: 11 size: 8202 dataOffset: 2
09-15 13:34:31.730 12567 12953 D OPENHU  : [77] Companion.decrypt | RECV: AUDIO Media Data type: 0 flags: 11 size: 8202 dataOffset: 2
09-15 13:34:31.771 12567 12953 D OPENHU  : [77] Companion.decrypt | RECV: AUDIO Media Data type: 0 flags: 11 size: 8202 dataOffset: 2
09-15 13:34:31.814 12567 12953 D OPENHU  : [77] Companion.decrypt | RECV: AUDIO Media Data type: 0 flags: 11 size: 8202 dataOffset: 2
09-15 13:34:31.856 12567 12953 D OPENHU  : [77] Companion.decrypt | RECV: AUDIO Media Data type: 0 flags: 11 size: 8202 dataOffset: 2
09-15 13:34:31.901 12567 12953 D OPENHU  : [77] Companion.decrypt | RECV: AUDIO Media Data type: 0 flags: 11 size: 8202 dataOffset: 2
09-15 13:34:31.942 12567 12953 D OPENHU  : [77] Companion.decrypt | RECV: AUDIO Media Data type: 0 flags: 11 size: 8202 dataOffset: 2
09-15 13:34:31.984 12567 12953 D OPENHU  : [77] Companion.decrypt | RECV: AUDIO Media Data type: 0 flags: 11 size: 8202 dataOffset: 2
09-15 13:34:31.997 12567 12567 V OPENHU  : [2] GpsLocation.onLocationChanged | GpsLocation: fix received
09-15 13:34:32.018 12567 12567 V OPENHU  : [2] AapTransport.send | SENSOR Sensor Event type: 32771 flags: 11 size: 46 dataOffset: 6
09-15 13:34:32.027 12567 12953 D OPENHU  : [77] Companion.decrypt | RECV: AUDIO Media Data type: 0 flags: 11 size: 8202 dataOffset: 2
09-15 13:34:32.070 12567 12953 D OPENHU  : [77] Companion.decrypt | RECV: AUDIO Media Data type: 0 flags: 11 size: 8202 dataOffset: 2
09-15 13:34:32.113 12567 12953 D OPENHU  : [77] Companion.decrypt | RECV: AUDIO Media Data type: 0 flags: 11 size: 8202 dataOffset: 2
09-15 13:34:32.155 12567 12953 D OPENHU  : [77] Companion.decrypt | RECV: AUDIO Media Data type: 0 flags: 11 size: 8202 dataOffset: 2
09-15 13:34:32.199 12567 12953 D OPENHU  : [77] Companion.decrypt | RECV: AUDIO Media Data type: 0 flags: 11 size: 8202 dataOffset: 2
09-15 13:34:32.228 12567 12953 D OPENHU  : [77] Companion.decrypt | RECV: CONTROL Ping Request type: 11 flags: 11 size: 12 dataOffset: 2
09-15 13:34:32.229 12567 12953 V OPENHU  : [77] AapTransport.send | CONTROL Ping Response type: 12 flags: 11 size: 14 dataOffset: 6
09-15 13:34:32.240 12567 12953 D OPENHU  : [77] Companion.decrypt | RECV: AUDIO Media Data type: 0 flags: 11 size: 8202 dataOffset: 2
09-15 13:34:32.283 12567 12953 D OPENHU  : [77] Companion.decrypt | RECV: AUDIO Media Data type: 0 flags: 11 size: 8202 dataOffset: 2
09-15 13:34:32.327 12567 12953 D OPENHU  : [77] Companion.decrypt | RECV: AUDIO Media Data type: 0 flags: 11 size: 8202 dataOffset: 2
09-15 13:34:32.372 12567 12953 D OPENHU  : [77] Companion.decrypt | RECV: AUDIO Media Data type: 0 flags: 11 size: 8202 dataOffset: 2
09-15 13:34:32.407 12567 12953 D OPENHU  : [77] Companion.decrypt | RECV: MUSIC_PLAYBACK Media Playback Status type: 32769 flags: 11 size: 17 dataOffset: 2
09-15 13:34:32.408 12567 12953 D OPENHU  : [77] AapMediaPlayback.processStatusPacket | AapMediaPlayback: status mediaSource='VLC', playbackSeconds(u32)=58, state=PLAYING
09-15 13:34:32.414 12567 12953 D OPENHU  : [77] Companion.decrypt | RECV: AUDIO Media Data type: 0 flags: 11 size: 8202 dataOffset: 2
09-15 13:34:32.453 12567 12953 D OPENHU  : [77] Companion.decrypt | RECV: AUDIO Media Data type: 0 flags: 11 size: 8202 dataOffset: 2
09-15 13:34:32.496 12567 12953 D OPENHU  : [77] Companion.decrypt | RECV: AUDIO Media Data type: 0 flags: 11 size: 8202 dataOffset: 2
09-15 13:34:32.538 12567 12953 D OPENHU  : [77] Companion.decrypt | RECV: AUDIO Media Data type: 0 flags: 11 size: 8202 dataOffset: 2
09-15 13:34:32.581 12567 12953 D OPENHU  : [77] Companion.decrypt | RECV: AUDIO Media Data type: 0 flags: 11 size: 8202 dataOffset: 2
09-15 13:34:32.624 12567 12953 D OPENHU  : [77] Companion.decrypt | RECV: AUDIO Media Data type: 0 flags: 11 size: 8202 dataOffset: 2
09-15 13:34:32.669 12567 12953 D OPENHU  : [77] Companion.decrypt | RECV: AUDIO Media Data type: 0 flags: 11 size: 8202 dataOffset: 2
09-15 13:34:32.711 12567 12953 D OPENHU  : [77] Companion.decrypt | RECV: AUDIO Media Data type: 0 flags: 11 size: 8202 dataOffset: 2
09-15 13:34:32.752 12567 12953 D OPENHU  : [77] Companion.decrypt | RECV: AUDIO Media Data type: 0 flags: 11 size: 8202 dataOffset: 2
09-15 13:34:32.797 12567 12953 D OPENHU  : [77] Companion.decrypt | RECV: AUDIO Media Data type: 0 flags: 11 size: 8202 dataOffset: 2
09-15 13:34:32.839 12567 12953 D OPENHU  : [77] Companion.decrypt | RECV: AUDIO Media Data type: 0 flags: 11 size: 8202 dataOffset: 2
09-15 13:34:32.882 12567 12953 D OPENHU  : [77] Companion.decrypt | RECV: AUDIO Media Data type: 0 flags: 11 size: 8202 dataOffset: 2
09-15 13:34:32.923 12567 12953 D OPENHU  : [77] Companion.decrypt | RECV: AUDIO Media Data type: 0 flags: 11 size: 8202 dataOffset: 2
09-15 13:34:32.966 12567 12953 D OPENHU  : [77] Companion.decrypt | RECV: AUDIO Media Data type: 0 flags: 11 size: 8202 dataOffset: 2
09-15 13:34:33.009 12567 12953 D OPENHU  : [77] Companion.decrypt | RECV: AUDIO Media Data type: 0 flags: 11 size: 8202 dataOffset: 2
09-15 13:34:33.015 12567 12567 V OPENHU  : [2] GpsLocation.onLocationChanged | GpsLocation: fix received
09-15 13:34:33.023 12567 12567 V OPENHU  : [2] AapTransport.send | SENSOR Sensor Event type: 32771 flags: 11 size: 46 dataOffset: 6
09-15 13:34:33.051 12567 12953 D OPENHU  : [77] Companion.decrypt | RECV: AUDIO Media Data type: 0 flags: 11 size: 8202 dataOffset: 2
09-15 13:34:33.095 12567 12953 D OPENHU  : [77] Companion.decrypt | RECV: AUDIO Media Data type: 0 flags: 11 size: 8202 dataOffset: 2
09-15 13:34:33.137 12567 12953 D OPENHU  : [77] Companion.decrypt | RECV: AUDIO Media Data type: 0 flags: 11 size: 8202 dataOffset: 2
09-15 13:34:33.179 12567 12953 D OPENHU  : [77] Companion.decrypt | RECV: AUDIO Media Data type: 0 flags: 11 size: 8202 dataOffset: 2
09-15 13:34:33.222 12567 12953 D OPENHU  : [77] Companion.decrypt | RECV: AUDIO Media Data type: 0 flags: 11 size: 8202 dataOffset: 2
09-15 13:34:33.230 12567 12953 D OPENHU  : [77] Companion.decrypt | RECV: CONTROL Ping Request type: 11 flags: 11 size: 12 dataOffset: 2
09-15 13:34:33.230 12567 12953 V OPENHU  : [77] AapTransport.send | CONTROL Ping Response type: 12 flags: 11 size: 14 dataOffset: 6
09-15 13:34:33.264 12567 12953 D OPENHU  : [77] Companion.decrypt | RECV: AUDIO Media Data type: 0 flags: 11 size: 8202 dataOffset: 2
09-15 13:34:33.308 12567 12953 D OPENHU  : [77] Companion.decrypt | RECV: AUDIO Media Data type: 0 flags: 11 size: 8202 dataOffset: 2
09-15 13:34:33.350 12567 12953 D OPENHU  : [77] Companion.decrypt | RECV: AUDIO Media Data type: 0 flags: 11 size: 8202 dataOffset: 2
09-15 13:34:33.393 12567 12953 D OPENHU  : [77] Companion.decrypt | RECV: AUDIO Media Data type: 0 flags: 11 size: 8202 dataOffset: 2
09-15 13:34:33.408 12567 12953 D OPENHU  : [77] Companion.decrypt | RECV: MUSIC_PLAYBACK Media Playback Status type: 32769 flags: 11 size: 17 dataOffset: 2
09-15 13:34:33.409 12567 12953 D OPENHU  : [77] AapMediaPlayback.processStatusPacket | AapMediaPlayback: status mediaSource='VLC', playbackSeconds(u32)=59, state=PLAYING
09-15 13:34:33.436 12567 12953 D OPENHU  : [77] Companion.decrypt | RECV: AUDIO Media Data type: 0 flags: 11 size: 8202 dataOffset: 2
09-15 13:34:33.479 12567 12953 D OPENHU  : [77] Companion.decrypt | RECV: AUDIO Media Data type: 0 flags: 11 size: 8202 dataOffset: 2
09-15 13:34:33.520 12567 12953 D OPENHU  : [77] Companion.decrypt | RECV: AUDIO Media Data type: 0 flags: 11 size: 8202 dataOffset: 2
09-15 13:34:33.564 12567 12953 D OPENHU  : [77] Companion.decrypt | RECV: AUDIO Media Data type: 0 flags: 11 size: 8202 dataOffset: 2
09-15 13:34:33.605 12567 12953 D OPENHU  : [77] Companion.decrypt | RECV: AUDIO Media Data type: 0 flags: 11 size: 8202 dataOffset: 2
09-15 13:34:33.650 12567 12953 D OPENHU  : [77] Companion.decrypt | RECV: AUDIO Media Data type: 0 flags: 11 size: 8202 dataOffset: 2
09-15 13:34:33.693 12567 12953 D OPENHU  : [77] Companion.decrypt | RECV: AUDIO Media Data type: 0 flags: 11 size: 8202 dataOffset: 2
09-15 13:34:33.733 12567 12953 D OPENHU  : [77] Companion.decrypt | RECV: AUDIO Media Data type: 0 flags: 11 size: 8202 dataOffset: 2
09-15 13:34:33.778 12567 12953 D OPENHU  : [77] Companion.decrypt | RECV: AUDIO Media Data type: 0 flags: 11 size: 8202 dataOffset: 2
09-15 13:34:33.820 12567 12953 D OPENHU  : [77] Companion.decrypt | RECV: AUDIO Media Data type: 0 flags: 11 size: 8202 dataOffset: 2
09-15 13:34:33.863 12567 12953 D OPENHU  : [77] Companion.decrypt | RECV: AUDIO Media Data type: 0 flags: 11 size: 8202 dataOffset: 2
09-15 13:34:33.905 12567 12953 D OPENHU  : [77] Companion.decrypt | RECV: AUDIO Media Data type: 0 flags: 11 size: 8202 dataOffset: 2
09-15 13:34:33.948 12567 12953 D OPENHU  : [77] Companion.decrypt | RECV: AUDIO Media Data type: 0 flags: 11 size: 8202 dataOffset: 2
09-15 13:34:33.990 12567 12953 D OPENHU  : [77] Companion.decrypt | RECV: AUDIO Media Data type: 0 flags: 11 size: 8202 dataOffset: 2
09-15 13:34:33.998 12567 12567 V OPENHU  : [2] GpsLocation.onLocationChanged | GpsLocation: fix received
09-15 13:34:34.008 12567 12567 V OPENHU  : [2] AapTransport.send | SENSOR Sensor Event type: 32771 flags: 11 size: 46 dataOffset: 6
09-15 13:34:34.032 12567 12953 D OPENHU  : [77] Companion.decrypt | RECV: AUDIO Media Data type: 0 flags: 11 size: 8202 dataOffset: 2
09-15 13:34:34.074 12567 12953 D OPENHU  : [77] Companion.decrypt | RECV: AUDIO Media Data type: 0 flags: 11 size: 8202 dataOffset: 2
09-15 13:34:34.118 12567 12953 D OPENHU  : [77] Companion.decrypt | RECV: AUDIO Media Data type: 0 flags: 11 size: 8202 dataOffset: 2
09-15 13:34:34.162 12567 12953 D OPENHU  : [77] Companion.decrypt | RECV: AUDIO Media Data type: 0 flags: 11 size: 8202 dataOffset: 2
09-15 13:34:34.207 12567 12953 D OPENHU  : [77] Companion.decrypt | RECV: AUDIO Media Data type: 0 flags: 11 size: 8202 dataOffset: 2
09-15 13:34:34.231 12567 12953 D OPENHU  : [77] Companion.decrypt | RECV: CONTROL Ping Request type: 11 flags: 11 size: 12 dataOffset: 2
09-15 13:34:34.232 12567 12953 V OPENHU  : [77] AapTransport.send | CONTROL Ping Response type: 12 flags: 11 size: 14 dataOffset: 6
09-15 13:34:34.248 12567 12953 D OPENHU  : [77] Companion.decrypt | RECV: AUDIO Media Data type: 0 flags: 11 size: 8202 dataOffset: 2
09-15 13:34:34.292 12567 12953 D OPENHU  : [77] Companion.decrypt | RECV: AUDIO Media Data type: 0 flags: 11 size: 8202 dataOffset: 2
09-15 13:34:34.337 12567 12953 D OPENHU  : [77] Companion.decrypt | RECV: AUDIO Media Data type: 0 flags: 11 size: 8202 dataOffset: 2
09-15 13:34:34.374 12567 12953 D OPENHU  : [77] Companion.decrypt | RECV: AUDIO Media Data type: 0 flags: 11 size: 8202 dataOffset: 2
09-15 13:34:34.407 12567 12953 D OPENHU  : [77] Companion.decrypt | RECV: MUSIC_PLAYBACK Media Playback Status type: 32769 flags: 11 size: 17 dataOffset: 2
09-15 13:34:34.408 12567 12953 D OPENHU  : [77] AapMediaPlayback.processStatusPacket | AapMediaPlayback: status mediaSource='VLC', playbackSeconds(u32)=60, state=PLAYING
09-15 13:34:34.417 12567 12953 D OPENHU  : [77] Companion.decrypt | RECV: AUDIO Media Data type: 0 flags: 11 size: 8202 dataOffset: 2
09-15 13:34:34.459 12567 12953 D OPENHU  : [77] Companion.decrypt | RECV: AUDIO Media Data type: 0 flags: 11 size: 8202 dataOffset: 2
09-15 13:34:34.503 12567 12953 D OPENHU  : [77] Companion.decrypt | RECV: AUDIO Media Data type: 0 flags: 11 size: 8202 dataOffset: 2
09-15 13:34:34.545 12567 12953 D OPENHU  : [77] Companion.decrypt | RECV: AUDIO Media Data type: 0 flags: 11 size: 8202 dataOffset: 2
09-15 13:34:34.588 12567 12953 D OPENHU  : [77] Companion.decrypt | RECV: AUDIO Media Data type: 0 flags: 11 size: 8202 dataOffset: 2
09-15 13:34:34.632 12567 12953 D OPENHU  : [77] Companion.decrypt | RECV: AUDIO Media Data type: 0 flags: 11 size: 8202 dataOffset: 2
09-15 13:34:34.675 12567 12953 D OPENHU  : [77] Companion.decrypt | RECV: AUDIO Media Data type: 0 flags: 11 size: 8202 dataOffset: 2
09-15 13:34:34.718 12567 12953 D OPENHU  : [77] Companion.decrypt | RECV: AUDIO Media Data type: 0 flags: 11 size: 8202 dataOffset: 2
09-15 13:34:34.805 12567 12953 D OPENHU  : [77] Companion.decrypt | RECV: AUDIO Media Data type: 0 flags: 11 size: 8202 dataOffset: 2
09-15 13:34:34.844 12567 12953 D OPENHU  : [77] Companion.decrypt | RECV: AUDIO Media Data type: 0 flags: 11 size: 8202 dataOffset: 2
09-15 13:34:34.888 12567 12953 D OPENHU  : [77] Companion.decrypt | RECV: AUDIO Media Data type: 0 flags: 11 size: 8202 dataOffset: 2
09-15 13:34:34.931 12567 12953 D OPENHU  : [77] Companion.decrypt | RECV: AUDIO Media Data type: 0 flags: 11 size: 8202 dataOffset: 2
09-15 13:34:34.972 12567 12953 D OPENHU  : [77] Companion.decrypt | RECV: AUDIO Media Data type: 0 flags: 11 size: 8202 dataOffset: 2
09-15 13:34:35.015 12567 12953 D OPENHU  : [77] Companion.decrypt | RECV: AUDIO Media Data type: 0 flags: 11 size: 8202 dataOffset: 2
09-15 13:34:35.016 12567 12567 V OPENHU  : [2] GpsLocation.onLocationChanged | GpsLocation: fix received
09-15 13:34:35.023 12567 12567 V OPENHU  : [2] AapTransport.send | SENSOR Sensor Event type: 32771 flags: 11 size: 46 dataOffset: 6
09-15 13:34:35.058 12567 12953 D OPENHU  : [77] Companion.decrypt | RECV: AUDIO Media Data type: 0 flags: 11 size: 8202 dataOffset: 2
09-15 13:34:35.100 12567 12953 D OPENHU  : [77] Companion.decrypt | RECV: AUDIO Media Data type: 0 flags: 11 size: 8202 dataOffset: 2
09-15 13:34:35.145 12567 12953 D OPENHU  : [77] Companion.decrypt | RECV: AUDIO Media Data type: 0 flags: 11 size: 8202 dataOffset: 2
09-15 13:34:35.188 12567 12953 D OPENHU  : [77] Companion.decrypt | RECV: AUDIO Media Data type: 0 flags: 11 size: 8202 dataOffset: 2
09-15 13:34:35.229 12567 12953 D OPENHU  : [77] Companion.decrypt | RECV: AUDIO Media Data type: 0 flags: 11 size: 8202 dataOffset: 2
09-15 13:34:35.235 12567 12953 D OPENHU  : [77] Companion.decrypt | RECV: CONTROL Ping Request type: 11 flags: 11 size: 12 dataOffset: 2
09-15 13:34:35.238 12567 12953 V OPENHU  : [77] AapTransport.send | CONTROL Ping Response type: 12 flags: 11 size: 14 dataOffset: 6
09-15 13:34:35.270 12567 12953 D OPENHU  : [77] Companion.decrypt | RECV: AUDIO Media Data type: 0 flags: 11 size: 8202 dataOffset: 2
09-15 13:34:35.313 12567 12953 D OPENHU  : [77] Companion.decrypt | RECV: AUDIO Media Data type: 0 flags: 11 size: 8202 dataOffset: 2
09-15 13:34:35.355 12567 12953 D OPENHU  : [77] Companion.decrypt | RECV: AUDIO Media Data type: 0 flags: 11 size: 8202 dataOffset: 2
09-15 13:34:35.398 12567 12953 D OPENHU  : [77] Companion.decrypt | RECV: AUDIO Media Data type: 0 flags: 11 size: 8202 dataOffset: 2
09-15 13:34:35.407 12567 12953 D OPENHU  : [77] Companion.decrypt | RECV: MUSIC_PLAYBACK Media Playback Status type: 32769 flags: 11 size: 17 dataOffset: 2
09-15 13:34:35.408 12567 12953 D OPENHU  : [77] AapMediaPlayback.processStatusPacket | AapMediaPlayback: status mediaSource='VLC', playbackSeconds(u32)=61, state=PLAYING
09-15 13:34:35.441 12567 12953 D OPENHU  : [77] Companion.decrypt | RECV: AUDIO Media Data type: 0 flags: 11 size: 8202 dataOffset: 2
09-15 13:34:35.487 12567 12953 D OPENHU  : [77] Companion.decrypt | RECV: AUDIO Media Data type: 0 flags: 11 size: 8202 dataOffset: 2
09-15 13:34:35.527 12567 12953 D OPENHU  : [77] Companion.decrypt | RECV: AUDIO Media Data type: 0 flags: 11 size: 8202 dataOffset: 2
09-15 13:34:35.568 12567 12953 D OPENHU  : [77] Companion.decrypt | RECV: AUDIO Media Data type: 0 flags: 11 size: 8202 dataOffset: 2
09-15 13:34:35.610 12567 12953 D OPENHU  : [77] Companion.decrypt | RECV: AUDIO Media Data type: 0 flags: 11 size: 8202 dataOffset: 2
09-15 13:34:35.653 12567 12953 D OPENHU  : [77] Companion.decrypt | RECV: AUDIO Media Data type: 0 flags: 11 size: 8202 dataOffset: 2
09-15 13:34:35.696 12567 12953 D OPENHU  : [77] Companion.decrypt | RECV: AUDIO Media Data type: 0 flags: 11 size: 8202 dataOffset: 2
09-15 13:34:35.738 12567 12953 D OPENHU  : [77] Companion.decrypt | RECV: AUDIO Media Data type: 0 flags: 11 size: 8202 dataOffset: 2
09-15 13:34:35.784 12567 12953 D OPENHU  : [77] Companion.decrypt | RECV: AUDIO Media Data type: 0 flags: 11 size: 8202 dataOffset: 2
09-15 13:34:35.825 12567 12953 D OPENHU  : [77] Companion.decrypt | RECV: AUDIO Media Data type: 0 flags: 11 size: 8202 dataOffset: 2
09-15 13:34:35.870 12567 12953 D OPENHU  : [77] Companion.decrypt | RECV: AUDIO Media Data type: 0 flags: 11 size: 8202 dataOffset: 2
09-15 13:34:35.913 12567 12953 D OPENHU  : [77] Companion.decrypt | RECV: AUDIO Media Data type: 0 flags: 11 size: 8202 dataOffset: 2
09-15 13:34:35.953 12567 12953 D OPENHU  : [77] Companion.decrypt | RECV: AUDIO Media Data type: 0 flags: 11 size: 8202 dataOffset: 2
09-15 13:34:35.994 12567 12953 D OPENHU  : [77] Companion.decrypt | RECV: AUDIO Media Data type: 0 flags: 11 size: 8202 dataOffset: 2
09-15 13:34:35.995 12567 12567 V OPENHU  : [2] GpsLocation.onLocationChanged | GpsLocation: fix received
09-15 13:34:36.004 12567 12567 V OPENHU  : [2] AapTransport.send | SENSOR Sensor Event type: 32771 flags: 11 size: 46 dataOffset: 6
09-15 13:34:36.038 12567 12953 D OPENHU  : [77] Companion.decrypt | RECV: AUDIO Media Data type: 0 flags: 11 size: 8202 dataOffset: 2
09-15 13:34:36.080 12567 12953 D OPENHU  : [77] Companion.decrypt | RECV: AUDIO Media Data type: 0 flags: 11 size: 8202 dataOffset: 2
09-15 13:34:36.105 12567 12983 I OPENHU  : [88] VideoDecoder.logThroughput | Throughput over 5002ms: rendered=146 (29fps), fed=146 (29fps), dropped=0, skipped=0, concealed=0, inputWait=59ms, enqueueWait=0ms, codec=c2.unisoc.avc.decoder, presented=146 (29fps), decodeLatency=9ms p95=11ms (146 frames)
09-15 13:34:36.123 12567 12953 D OPENHU  : [77] Companion.decrypt | RECV: AUDIO Media Data type: 0 flags: 11 size: 8202 dataOffset: 2
09-15 13:34:36.167 12567 12953 D OPENHU  : [77] Companion.decrypt | RECV: AUDIO Media Data type: 0 flags: 11 size: 8202 dataOffset: 2
09-15 13:34:36.210 12567 12953 D OPENHU  : [77] Companion.decrypt | RECV: AUDIO Media Data type: 0 flags: 11 size: 8202 dataOffset: 2
09-15 13:34:36.232 12567 12953 D OPENHU  : [77] Companion.decrypt | RECV: CONTROL Ping Request type: 11 flags: 11 size: 12 dataOffset: 2
09-15 13:34:36.233 12567 12953 V OPENHU  : [77] AapTransport.send | CONTROL Ping Response type: 12 flags: 11 size: 14 dataOffset: 6
09-15 13:34:36.252 12567 12953 D OPENHU  : [77] Companion.decrypt | RECV: AUDIO Media Data type: 0 flags: 11 size: 8202 dataOffset: 2
09-15 13:34:36.298 12567 12953 D OPENHU  : [77] Companion.decrypt | RECV: AUDIO Media Data type: 0 flags: 11 size: 8202 dataOffset: 2
09-15 13:34:36.306 12567 12567 I OPENHU  : [2] TextureProjectionView.onSurfaceTextureUpdated | TextureProjectionView: displayed 126 frames in 5140ms (24fps), longFrames=1
09-15 13:34:36.335 12567 12953 D OPENHU  : [77] Companion.decrypt | RECV: AUDIO Media Data type: 0 flags: 11 size: 8202 dataOffset: 2
09-15 13:34:36.379 12567 12953 D OPENHU  : [77] Companion.decrypt | RECV: AUDIO Media Data type: 0 flags: 11 size: 8202 dataOffset: 2
09-15 13:34:36.408 12567 12953 D OPENHU  : [77] Companion.decrypt | RECV: MUSIC_PLAYBACK Media Playback Status type: 32769 flags: 11 size: 17 dataOffset: 2
09-15 13:34:36.409 12567 12953 D OPENHU  : [77] AapMediaPlayback.processStatusPacket | AapMediaPlayback: status mediaSource='VLC', playbackSeconds(u32)=62, state=PLAYING
09-15 13:34:36.422 12567 12953 D OPENHU  : [77] Companion.decrypt | RECV: AUDIO Media Data type: 0 flags: 11 size: 8202 dataOffset: 2
09-15 13:34:36.465 12567 12953 D OPENHU  : [77] Companion.decrypt | RECV: AUDIO Media Data type: 0 flags: 11 size: 8202 dataOffset: 2
09-15 13:34:36.507 12567 12953 D OPENHU  : [77] Companion.decrypt | RECV: AUDIO Media Data type: 0 flags: 11 size: 8202 dataOffset: 2
09-15 13:34:36.550 12567 12953 D OPENHU  : [77] Companion.decrypt | RECV: AUDIO Media Data type: 0 flags: 11 size: 8202 dataOffset: 2
09-15 13:34:36.593 12567 12953 D OPENHU  : [77] Companion.decrypt | RECV: AUDIO Media Data type: 0 flags: 11 size: 8202 dataOffset: 2
09-15 13:34:36.636 12567 12953 D OPENHU  : [77] Companion.decrypt | RECV: AUDIO Media Data type: 0 flags: 11 size: 8202 dataOffset: 2
09-15 13:34:36.679 12567 12953 D OPENHU  : [77] Companion.decrypt | RECV: AUDIO Media Data type: 0 flags: 11 size: 8202 dataOffset: 2
09-15 13:34:36.721 12567 12953 D OPENHU  : [77] Companion.decrypt | RECV: AUDIO Media Data type: 0 flags: 11 size: 8202 dataOffset: 2
09-15 13:34:36.766 12567 12953 D OPENHU  : [77] Companion.decrypt | RECV: AUDIO Media Data type: 0 flags: 11 size: 8202 dataOffset: 2
09-15 13:34:36.808 12567 12953 D OPENHU  : [77] Companion.decrypt | RECV: AUDIO Media Data type: 0 flags: 11 size: 8202 dataOffset: 2
09-15 13:34:36.847 12567 12953 D OPENHU  : [77] Companion.decrypt | RECV: AUDIO Media Data type: 0 flags: 11 size: 8202 dataOffset: 2
09-15 13:34:36.891 12567 12953 D OPENHU  : [77] Companion.decrypt | RECV: AUDIO Media Data type: 0 flags: 11 size: 8202 dataOffset: 2
09-15 13:34:36.937 12567 12953 D OPENHU  : [77] Companion.decrypt | RECV: AUDIO Media Data type: 0 flags: 11 size: 8202 dataOffset: 2
09-15 13:34:36.977 12567 12953 D OPENHU  : [77] Companion.decrypt | RECV: AUDIO Media Data type: 0 flags: 11 size: 8202 dataOffset: 2
09-15 13:34:37.015 12567 12567 V OPENHU  : [2] GpsLocation.onLocationChanged | GpsLocation: fix received
09-15 13:34:37.019 12567 12953 D OPENHU  : [77] Companion.decrypt | RECV: AUDIO Media Data type: 0 flags: 11 size: 8202 dataOffset: 2
09-15 13:34:37.023 12567 12567 V OPENHU  : [2] AapTransport.send | SENSOR Sensor Event type: 32771 flags: 11 size: 46 dataOffset: 6
09-15 13:34:37.062 12567 12953 D OPENHU  : [77] Companion.decrypt | RECV: AUDIO Media Data type: 0 flags: 11 size: 8202 dataOffset: 2
09-15 13:34:37.105 12567 12953 D OPENHU  : [77] Companion.decrypt | RECV: AUDIO Media Data type: 0 flags: 11 size: 8202 dataOffset: 2
09-15 13:34:37.145 12567 12953 D OPENHU  : [77] Companion.decrypt | RECV: AUDIO Media Data type: 0 flags: 11 size: 8202 dataOffset: 2
09-15 13:34:37.190 12567 12953 D OPENHU  : [77] Companion.decrypt | RECV: AUDIO Media Data type: 0 flags: 11 size: 8202 dataOffset: 2
09-15 13:34:37.235 12567 12953 D OPENHU  : [77] Companion.decrypt | RECV: CONTROL Ping Request type: 11 flags: 11 size: 12 dataOffset: 2
09-15 13:34:37.237 12567 12953 V OPENHU  : [77] AapTransport.send | CONTROL Ping Response type: 12 flags: 11 size: 14 dataOffset: 6
09-15 13:34:37.242 12567 12953 D OPENHU  : [77] Companion.decrypt | RECV: AUDIO Media Data type: 0 flags: 11 size: 8202 dataOffset: 2
09-15 13:34:37.275 12567 12953 D OPENHU  : [77] Companion.decrypt | RECV: AUDIO Media Data type: 0 flags: 11 size: 8202 dataOffset: 2
09-15 13:34:37.319 12567 12953 D OPENHU  : [77] Companion.decrypt | RECV: AUDIO Media Data type: 0 flags: 11 size: 8202 dataOffset: 2
09-15 13:34:37.361 12567 12953 D OPENHU  : [77] Companion.decrypt | RECV: AUDIO Media Data type: 0 flags: 11 size: 8202 dataOffset: 2
09-15 13:34:37.404 12567 12953 D OPENHU  : [77] Companion.decrypt | RECV: AUDIO Media Data type: 0 flags: 11 size: 8202 dataOffset: 2
09-15 13:34:37.409 12567 12953 D OPENHU  : [77] Companion.decrypt | RECV: MUSIC_PLAYBACK Media Playback Status type: 32769 flags: 11 size: 17 dataOffset: 2
09-15 13:34:37.410 12567 12953 D OPENHU  : [77] AapMediaPlayback.processStatusPacket | AapMediaPlayback: status mediaSource='VLC', playbackSeconds(u32)=63, state=PLAYING
09-15 13:34:37.451 12567 12953 D OPENHU  : [77] Companion.decrypt | RECV: AUDIO Media Data type: 0 flags: 11 size: 8202 dataOffset: 2
09-15 13:34:37.489 12567 12953 D OPENHU  : [77] Companion.decrypt | RECV: AUDIO Media Data type: 0 flags: 11 size: 8202 dataOffset: 2
09-15 13:34:37.534 12567 12953 D OPENHU  : [77] Companion.decrypt | RECV: AUDIO Media Data type: 0 flags: 11 size: 8202 dataOffset: 2
09-15 13:34:37.573 12567 12953 D OPENHU  : [77] Companion.decrypt | RECV: AUDIO Media Data type: 0 flags: 11 size: 8202 dataOffset: 2
09-15 13:34:37.616 12567 12953 D OPENHU  : [77] Companion.decrypt | RECV: AUDIO Media Data type: 0 flags: 11 size: 8202 dataOffset: 2
09-15 13:34:37.658 12567 12953 D OPENHU  : [77] Companion.decrypt | RECV: AUDIO Media Data type: 0 flags: 11 size: 8202 dataOffset: 2
09-15 13:34:37.702 12567 12953 D OPENHU  : [77] Companion.decrypt | RECV: AUDIO Media Data type: 0 flags: 11 size: 8202 dataOffset: 2
09-15 13:34:37.744 12567 12953 D OPENHU  : [77] Companion.decrypt | RECV: AUDIO Media Data type: 0 flags: 11 size: 8202 dataOffset: 2
09-15 13:34:37.787 12567 12953 D OPENHU  : [77] Companion.decrypt | RECV: AUDIO Media Data type: 0 flags: 11 size: 8202 dataOffset: 2
09-15 13:34:37.829 12567 12953 D OPENHU  : [77] Companion.decrypt | RECV: AUDIO Media Data type: 0 flags: 11 size: 8202 dataOffset: 2
09-15 13:34:37.872 12567 12953 D OPENHU  : [77] Companion.decrypt | RECV: AUDIO Media Data type: 0 flags: 11 size: 8202 dataOffset: 2
09-15 13:34:37.916 12567 12953 D OPENHU  : [77] Companion.decrypt | RECV: AUDIO Media Data type: 0 flags: 11 size: 8202 dataOffset: 2
09-15 13:34:37.959 12567 12953 D OPENHU  : [77] Companion.decrypt | RECV: AUDIO Media Data type: 0 flags: 11 size: 8202 dataOffset: 2
09-15 13:34:37.996 12567 12567 V OPENHU  : [2] GpsLocation.onLocationChanged | GpsLocation: fix received
09-15 13:34:38.001 12567 12953 D OPENHU  : [77] Companion.decrypt | RECV: AUDIO Media Data type: 0 flags: 11 size: 8202 dataOffset: 2
09-15 13:34:38.012 12567 12567 V OPENHU  : [2] AapTransport.send | SENSOR Sensor Event type: 32771 flags: 11 size: 46 dataOffset: 6
09-15 13:34:38.044 12567 12953 D OPENHU  : [77] Companion.decrypt | RECV: AUDIO Media Data type: 0 flags: 11 size: 8202 dataOffset: 2
09-15 13:34:38.092 12567 12953 D OPENHU  : [77] Companion.decrypt | RECV: AUDIO Media Data type: 0 flags: 11 size: 8202 dataOffset: 2
09-15 13:34:38.130 12567 12953 D OPENHU  : [77] Companion.decrypt | RECV: AUDIO Media Data type: 0 flags: 11 size: 8202 dataOffset: 2
09-15 13:34:38.171 12567 12953 D OPENHU  : [77] Companion.decrypt | RECV: AUDIO Media Data type: 0 flags: 11 size: 8202 dataOffset: 2
09-15 13:34:38.214 12567 12953 D OPENHU  : [77] Companion.decrypt | RECV: AUDIO Media Data type: 0 flags: 11 size: 8202 dataOffset: 2
09-15 13:34:38.231 12567 12953 D OPENHU  : [77] Companion.decrypt | RECV: CONTROL Ping Request type: 11 flags: 11 size: 12 dataOffset: 2
09-15 13:34:38.232 12567 12953 V OPENHU  : [77] AapTransport.send | CONTROL Ping Response type: 12 flags: 11 size: 14 dataOffset: 6
09-15 13:34:38.257 12567 12953 D OPENHU  : [77] Companion.decrypt | RECV: AUDIO Media Data type: 0 flags: 11 size: 8202 dataOffset: 2
09-15 13:34:38.301 12567 12953 D OPENHU  : [77] Companion.decrypt | RECV: AUDIO Media Data type: 0 flags: 11 size: 8202 dataOffset: 2
09-15 13:34:38.341 12567 12953 D OPENHU  : [77] Companion.decrypt | RECV: AUDIO Media Data type: 0 flags: 11 size: 8202 dataOffset: 2
09-15 13:34:38.384 12567 12953 D OPENHU  : [77] Companion.decrypt | RECV: AUDIO Media Data type: 0 flags: 11 size: 8202 dataOffset: 2
09-15 13:34:38.408 12567 12953 D OPENHU  : [77] Companion.decrypt | RECV: MUSIC_PLAYBACK Media Playback Status type: 32769 flags: 11 size: 17 dataOffset: 2
09-15 13:34:38.409 12567 12953 D OPENHU  : [77] AapMediaPlayback.processStatusPacket | AapMediaPlayback: status mediaSource='VLC', playbackSeconds(u32)=64, state=PLAYING
09-15 13:34:38.426 12567 12953 D OPENHU  : [77] Companion.decrypt | RECV: AUDIO Media Data type: 0 flags: 11 size: 8202 dataOffset: 2
09-15 13:34:38.471 12567 12953 D OPENHU  : [77] Companion.decrypt | RECV: AUDIO Media Data type: 0 flags: 11 size: 8202 dataOffset: 2
09-15 13:34:38.515 12567 12953 D OPENHU  : [77] Companion.decrypt | RECV: AUDIO Media Data type: 0 flags: 11 size: 8202 dataOffset: 2
09-15 13:34:38.556 12567 12953 D OPENHU  : [77] Companion.decrypt | RECV: AUDIO Media Data type: 0 flags: 11 size: 8202 dataOffset: 2
09-15 13:34:38.599 12567 12953 D OPENHU  : [77] Companion.decrypt | RECV: AUDIO Media Data type: 0 flags: 11 size: 8202 dataOffset: 2
09-15 13:34:38.640 12567 12953 D OPENHU  : [77] Companion.decrypt | RECV: AUDIO Media Data type: 0 flags: 11 size: 8202 dataOffset: 2
09-15 13:34:38.685 12567 12953 D OPENHU  : [77] Companion.decrypt | RECV: AUDIO Media Data type: 0 flags: 11 size: 8202 dataOffset: 2
09-15 13:34:38.727 12567 12953 D OPENHU  : [77] Companion.decrypt | RECV: AUDIO Media Data type: 0 flags: 11 size: 8202 dataOffset: 2
09-15 13:34:38.769 12567 12953 D OPENHU  : [77] Companion.decrypt | RECV: AUDIO Media Data type: 0 flags: 11 size: 8202 dataOffset: 2
09-15 13:34:38.812 12567 12953 D OPENHU  : [77] Companion.decrypt | RECV: AUDIO Media Data type: 0 flags: 11 size: 8202 dataOffset: 2
09-15 13:34:38.854 12567 12953 D OPENHU  : [77] Companion.decrypt | RECV: AUDIO Media Data type: 0 flags: 11 size: 8202 dataOffset: 2
09-15 13:34:38.897 12567 12953 D OPENHU  : [77] Companion.decrypt | RECV: AUDIO Media Data type: 0 flags: 11 size: 8202 dataOffset: 2
09-15 13:34:38.939 12567 12953 D OPENHU  : [77] Companion.decrypt | RECV: AUDIO Media Data type: 0 flags: 11 size: 8202 dataOffset: 2
09-15 13:34:38.984 12567 12953 D OPENHU  : [77] Companion.decrypt | RECV: AUDIO Media Data type: 0 flags: 11 size: 8202 dataOffset: 2
09-15 13:34:39.020 12567 12567 V OPENHU  : [2] GpsLocation.onLocationChanged | GpsLocation: fix received
09-15 13:34:39.027 12567 12953 D OPENHU  : [77] Companion.decrypt | RECV: AUDIO Media Data type: 0 flags: 11 size: 8202 dataOffset: 2
09-15 13:34:39.032 12567 12567 V OPENHU  : [2] AapTransport.send | SENSOR Sensor Event type: 32771 flags: 11 size: 46 dataOffset: 6
09-15 13:34:39.067 12567 12953 D OPENHU  : [77] Companion.decrypt | RECV: AUDIO Media Data type: 0 flags: 11 size: 8202 dataOffset: 2
09-15 13:34:39.109 12567 12953 D OPENHU  : [77] Companion.decrypt | RECV: AUDIO Media Data type: 0 flags: 11 size: 8202 dataOffset: 2
09-15 13:34:39.154 12567 12953 D OPENHU  : [77] Companion.decrypt | RECV: AUDIO Media Data type: 0 flags: 11 size: 8202 dataOffset: 2
09-15 13:34:39.197 12567 12953 D OPENHU  : [77] Companion.decrypt | RECV: AUDIO Media Data type: 0 flags: 11 size: 8202 dataOffset: 2
09-15 13:34:39.233 12567 12953 D OPENHU  : [77] Companion.decrypt | RECV: CONTROL Ping Request type: 11 flags: 11 size: 12 dataOffset: 2
09-15 13:34:39.234 12567 12953 V OPENHU  : [77] AapTransport.send | CONTROL Ping Response type: 12 flags: 11 size: 14 dataOffset: 6
09-15 13:34:39.240 12567 12953 D OPENHU  : [77] Companion.decrypt | RECV: AUDIO Media Data type: 0 flags: 11 size: 8202 dataOffset: 2
09-15 13:34:39.284 12567 12953 D OPENHU  : [77] Companion.decrypt | RECV: AUDIO Media Data type: 0 flags: 11 size: 8202 dataOffset: 2
09-15 13:34:39.327 12567 12953 D OPENHU  : [77] Companion.decrypt | RECV: AUDIO Media Data type: 0 flags: 11 size: 8202 dataOffset: 2
09-15 13:34:39.368 12567 12953 D OPENHU  : [77] Companion.decrypt | RECV: AUDIO Media Data type: 0 flags: 11 size: 8202 dataOffset: 2
09-15 13:34:39.411 12567 12953 D OPENHU  : [77] Companion.decrypt | RECV: AUDIO Media Data type: 0 flags: 11 size: 8202 dataOffset: 2
09-15 13:34:39.414 12567 12953 D OPENHU  : [77] Companion.decrypt | RECV: MUSIC_PLAYBACK Media Playback Status type: 32769 flags: 11 size: 17 dataOffset: 2
09-15 13:34:39.416 12567 12953 D OPENHU  : [77] AapMediaPlayback.processStatusPacket | AapMediaPlayback: status mediaSource='VLC', playbackSeconds(u32)=65, state=PLAYING
09-15 13:34:39.453 12567 12953 D OPENHU  : [77] Companion.decrypt | RECV: AUDIO Media Data type: 0 flags: 11 size: 8202 dataOffset: 2
09-15 13:34:39.494 12567 12953 D OPENHU  : [77] Companion.decrypt | RECV: AUDIO Media Data type: 0 flags: 11 size: 8202 dataOffset: 2
09-15 13:34:39.537 12567 12953 D OPENHU  : [77] Companion.decrypt | RECV: AUDIO Media Data type: 0 flags: 11 size: 8202 dataOffset: 2
09-15 13:34:39.580 12567 12953 D OPENHU  : [77] Companion.decrypt | RECV: AUDIO Media Data type: 0 flags: 11 size: 8202 dataOffset: 2
09-15 13:34:39.624 12567 12953 D OPENHU  : [77] Companion.decrypt | RECV: AUDIO Media Data type: 0 flags: 11 size: 8202 dataOffset: 2
09-15 13:34:39.666 12567 12953 D OPENHU  : [77] Companion.decrypt | RECV: AUDIO Media Data type: 0 flags: 11 size: 8202 dataOffset: 2
09-15 13:34:39.707 12567 12953 D OPENHU  : [77] Companion.decrypt | RECV: AUDIO Media Data type: 0 flags: 11 size: 8202 dataOffset: 2
09-15 13:34:39.754 12567 12953 D OPENHU  : [77] Companion.decrypt | RECV: AUDIO Media Data type: 0 flags: 11 size: 8202 dataOffset: 2
09-15 13:34:39.793 12567 12953 D OPENHU  : [77] Companion.decrypt | RECV: AUDIO Media Data type: 0 flags: 11 size: 8202 dataOffset: 2
09-15 13:34:39.836 12567 12953 D OPENHU  : [77] Companion.decrypt | RECV: AUDIO Media Data type: 0 flags: 11 size: 8202 dataOffset: 2
09-15 13:34:39.880 12567 12953 D OPENHU  : [77] Companion.decrypt | RECV: AUDIO Media Data type: 0 flags: 11 size: 8202 dataOffset: 2
09-15 13:34:39.923 12567 12953 D OPENHU  : [77] Companion.decrypt | RECV: AUDIO Media Data type: 0 flags: 11 size: 8202 dataOffset: 2
09-15 13:34:39.967 12567 12953 D OPENHU  : [77] Companion.decrypt | RECV: AUDIO Media Data type: 0 flags: 11 size: 8202 dataOffset: 2
09-15 13:34:39.996 12567 12567 V OPENHU  : [2] GpsLocation.onLocationChanged | GpsLocation: fix received
09-15 13:34:40.006 12567 12953 D OPENHU  : [77] Companion.decrypt | RECV: AUDIO Media Data type: 0 flags: 11 size: 8202 dataOffset: 2
09-15 13:34:40.008 12567 12567 V OPENHU  : [2] AapTransport.send | SENSOR Sensor Event type: 32771 flags: 11 size: 46 dataOffset: 6
09-15 13:34:40.050 12567 12953 D OPENHU  : [77] Companion.decrypt | RECV: AUDIO Media Data type: 0 flags: 11 size: 8202 dataOffset: 2
09-15 13:34:40.092 12567 12953 D OPENHU  : [77] Companion.decrypt | RECV: AUDIO Media Data type: 0 flags: 11 size: 8202 dataOffset: 2
09-15 13:34:40.134 12567 12953 D OPENHU  : [77] Companion.decrypt | RECV: AUDIO Media Data type: 0 flags: 11 size: 8202 dataOffset: 2
09-15 13:34:40.178 12567 12953 D OPENHU  : [77] Companion.decrypt | RECV: AUDIO Media Data type: 0 flags: 11 size: 8202 dataOffset: 2
09-15 13:34:40.219 12567 12953 D OPENHU  : [77] Companion.decrypt | RECV: AUDIO Media Data type: 0 flags: 11 size: 8202 dataOffset: 2
09-15 13:34:40.233 12567 12953 D OPENHU  : [77] Companion.decrypt | RECV: CONTROL Ping Request type: 11 flags: 11 size: 12 dataOffset: 2
09-15 13:34:40.234 12567 12953 V OPENHU  : [77] AapTransport.send | CONTROL Ping Response type: 12 flags: 11 size: 14 dataOffset: 6
09-15 13:34:40.262 12567 12953 D OPENHU  : [77] Companion.decrypt | RECV: AUDIO Media Data type: 0 flags: 11 size: 8202 dataOffset: 2
09-15 13:34:40.305 12567 12953 D OPENHU  : [77] Companion.decrypt | RECV: AUDIO Media Data type: 0 flags: 11 size: 8202 dataOffset: 2
09-15 13:34:40.348 12567 12953 D OPENHU  : [77] Companion.decrypt | RECV: AUDIO Media Data type: 0 flags: 11 size: 8202 dataOffset: 2
09-15 13:34:40.391 12567 12953 D OPENHU  : [77] Companion.decrypt | RECV: AUDIO Media Data type: 0 flags: 11 size: 8202 dataOffset: 2
09-15 13:34:40.410 12567 12953 D OPENHU  : [77] Companion.decrypt | RECV: MUSIC_PLAYBACK Media Playback Status type: 32769 flags: 11 size: 17 dataOffset: 2
09-15 13:34:40.411 12567 12953 D OPENHU  : [77] AapMediaPlayback.processStatusPacket | AapMediaPlayback: status mediaSource='VLC', playbackSeconds(u32)=66, state=PLAYING
09-15 13:34:40.434 12567 12953 D OPENHU  : [77] Companion.decrypt | RECV: AUDIO Media Data type: 0 flags: 11 size: 8202 dataOffset: 2
09-15 13:34:40.475 12567 12953 D OPENHU  : [77] Companion.decrypt | RECV: AUDIO Media Data type: 0 flags: 11 size: 8202 dataOffset: 2
09-15 13:34:40.519 12567 12953 D OPENHU  : [77] Companion.decrypt | RECV: AUDIO Media Data type: 0 flags: 11 size: 8202 dataOffset: 2
09-15 13:34:40.562 12567 12953 D OPENHU  : [77] Companion.decrypt | RECV: AUDIO Media Data type: 0 flags: 11 size: 8202 dataOffset: 2
09-15 13:34:40.604 12567 12953 D OPENHU  : [77] Companion.decrypt | RECV: AUDIO Media Data type: 0 flags: 11 size: 8202 dataOffset: 2
09-15 13:34:40.649 12567 12953 D OPENHU  : [77] Companion.decrypt | RECV: AUDIO Media Data type: 0 flags: 11 size: 8202 dataOffset: 2
09-15 13:34:40.689 12567 12953 D OPENHU  : [77] Companion.decrypt | RECV: AUDIO Media Data type: 0 flags: 11 size: 8202 dataOffset: 2
09-15 13:34:40.731 12567 12953 D OPENHU  : [77] Companion.decrypt | RECV: AUDIO Media Data type: 0 flags: 11 size: 8202 dataOffset: 2
09-15 13:34:40.774 12567 12953 D OPENHU  : [77] Companion.decrypt | RECV: AUDIO Media Data type: 0 flags: 11 size: 8202 dataOffset: 2
09-15 13:34:40.816 12567 12953 D OPENHU  : [77] Companion.decrypt | RECV: AUDIO Media Data type: 0 flags: 11 size: 8202 dataOffset: 2
09-15 13:34:40.861 12567 12953 D OPENHU  : [77] Companion.decrypt | RECV: AUDIO Media Data type: 0 flags: 11 size: 8202 dataOffset: 2
09-15 13:34:40.904 12567 12953 D OPENHU  : [77] Companion.decrypt | RECV: AUDIO Media Data type: 0 flags: 11 size: 8202 dataOffset: 2
09-15 13:34:40.944 12567 12953 D OPENHU  : [77] Companion.decrypt | RECV: AUDIO Media Data type: 0 flags: 11 size: 8202 dataOffset: 2
09-15 13:34:40.988 12567 12953 D OPENHU  : [77] Companion.decrypt | RECV: AUDIO Media Data type: 0 flags: 11 size: 8202 dataOffset: 2
09-15 13:34:40.998 12567 12567 V OPENHU  : [2] GpsLocation.onLocationChanged | GpsLocation: fix received
09-15 13:34:41.009 12567 12567 V OPENHU  : [2] AapTransport.send | SENSOR Sensor Event type: 32771 flags: 11 size: 46 dataOffset: 6
09-15 13:34:41.031 12567 12953 D OPENHU  : [77] Companion.decrypt | RECV: AUDIO Media Data type: 0 flags: 11 size: 8202 dataOffset: 2
09-15 13:34:41.073 12567 12953 D OPENHU  : [77] Companion.decrypt | RECV: AUDIO Media Data type: 0 flags: 11 size: 8202 dataOffset: 2
09-15 13:34:41.108 12567 12983 I OPENHU  : [88] VideoDecoder.logThroughput | Throughput over 5002ms: rendered=187 (37fps), fed=187 (37fps), dropped=0, skipped=0, concealed=0, inputWait=87ms, enqueueWait=0ms, codec=c2.unisoc.avc.decoder, presented=187 (37fps), decodeLatency=9ms p95=11ms (187 frames)
09-15 13:34:41.116 12567 12953 D OPENHU  : [77] Companion.decrypt | RECV: AUDIO Media Data type: 0 flags: 11 size: 8202 dataOffset: 2
09-15 13:34:41.161 12567 12953 D OPENHU  : [77] Companion.decrypt | RECV: AUDIO Media Data type: 0 flags: 11 size: 8202 dataOffset: 2
09-15 13:34:41.203 12567 12953 D OPENHU  : [77] Companion.decrypt | RECV: AUDIO Media Data type: 0 flags: 11 size: 8202 dataOffset: 2
09-15 13:34:41.237 12567 12953 D OPENHU  : [77] Companion.decrypt | RECV: CONTROL Ping Request type: 11 flags: 11 size: 12 dataOffset: 2
09-15 13:34:41.239 12567 12953 V OPENHU  : [77] AapTransport.send | CONTROL Ping Response type: 12 flags: 11 size: 14 dataOffset: 6
09-15 13:34:41.246 12567 12953 D OPENHU  : [77] Companion.decrypt | RECV: AUDIO Media Data type: 0 flags: 11 size: 8202 dataOffset: 2
09-15 13:34:41.288 12567 12953 D OPENHU  : [77] Companion.decrypt | RECV: AUDIO Media Data type: 0 flags: 11 size: 8202 dataOffset: 2
09-15 13:34:41.333 12567 12953 D OPENHU  : [77] Companion.decrypt | RECV: AUDIO Media Data type: 0 flags: 11 size: 8202 dataOffset: 2
09-15 13:34:41.343 12567 12567 I OPENHU  : [2] TextureProjectionView.onSurfaceTextureUpdated | TextureProjectionView: displayed 156 frames in 5035ms (30fps), longFrames=1
09-15 13:34:41.371 12567 12953 D OPENHU  : [77] Companion.decrypt | RECV: AUDIO Media Data type: 0 flags: 11 size: 8202 dataOffset: 2
09-15 13:34:41.411 12567 12953 D OPENHU  : [77] Companion.decrypt | RECV: MUSIC_PLAYBACK Media Playback Status type: 32769 flags: 11 size: 17 dataOffset: 2
09-15 13:34:41.412 12567 12953 D OPENHU  : [77] AapMediaPlayback.processStatusPacket | AapMediaPlayback: status mediaSource='VLC', playbackSeconds(u32)=67, state=PLAYING
09-15 13:34:41.415 12567 12953 D OPENHU  : [77] Companion.decrypt | RECV: AUDIO Media Data type: 0 flags: 11 size: 8202 dataOffset: 2
09-15 13:34:41.457 12567 12953 D OPENHU  : [77] Companion.decrypt | RECV: AUDIO Media Data type: 0 flags: 11 size: 8202 dataOffset: 2
09-15 13:34:41.499 12567 12953 D OPENHU  : [77] Companion.decrypt | RECV: AUDIO Media Data type: 0 flags: 11 size: 8202 dataOffset: 2
09-15 13:34:41.543 12567 12953 D OPENHU  : [77] Companion.decrypt | RECV: AUDIO Media Data type: 0 flags: 11 size: 8202 dataOffset: 2
09-15 13:34:41.585 12567 12953 D OPENHU  : [77] Companion.decrypt | RECV: AUDIO Media Data type: 0 flags: 11 size: 8202 dataOffset: 2
09-15 13:34:41.627 12567 12953 D OPENHU  : [77] Companion.decrypt | RECV: AUDIO Media Data type: 0 flags: 11 size: 8202 dataOffset: 2
09-15 13:34:41.673 12567 12953 D OPENHU  : [77] Companion.decrypt | RECV: AUDIO Media Data type: 0 flags: 11 size: 8202 dataOffset: 2
09-15 13:34:41.716 12567 12953 D OPENHU  : [77] Companion.decrypt | RECV: AUDIO Media Data type: 0 flags: 11 size: 8202 dataOffset: 2
09-15 13:34:41.757 12567 12953 D OPENHU  : [77] Companion.decrypt | RECV: AUDIO Media Data type: 0 flags: 11 size: 8202 dataOffset: 2
09-15 13:34:41.804 12567 12953 D OPENHU  : [77] Companion.decrypt | RECV: AUDIO Media Data type: 0 flags: 11 size: 8202 dataOffset: 2
09-15 13:34:41.844 12567 12953 D OPENHU  : [77] Companion.decrypt | RECV: AUDIO Media Data type: 0 flags: 11 size: 8202 dataOffset: 2
09-15 13:34:41.886 12567 12953 D OPENHU  : [77] Companion.decrypt | RECV: AUDIO Media Data type: 0 flags: 11 size: 8202 dataOffset: 2
09-15 13:34:41.929 12567 12953 D OPENHU  : [77] Companion.decrypt | RECV: AUDIO Media Data type: 0 flags: 11 size: 8202 dataOffset: 2
09-15 13:34:41.969 12567 12953 D OPENHU  : [77] Companion.decrypt | RECV: AUDIO Media Data type: 0 flags: 11 size: 8202 dataOffset: 2
09-15 13:34:41.999 12567 12567 V OPENHU  : [2] GpsLocation.onLocationChanged | GpsLocation: fix received
09-15 13:34:42.012 12567 12953 D OPENHU  : [77] Companion.decrypt | RECV: AUDIO Media Data type: 0 flags: 11 size: 8202 dataOffset: 2
09-15 13:34:42.015 12567 12567 V OPENHU  : [2] AapTransport.send | SENSOR Sensor Event type: 32771 flags: 11 size: 46 dataOffset: 6
09-15 13:34:42.054 12567 12953 D OPENHU  : [77] Companion.decrypt | RECV: AUDIO Media Data type: 0 flags: 11 size: 8202 dataOffset: 2
09-15 13:34:42.098 12567 12953 D OPENHU  : [77] Companion.decrypt | RECV: AUDIO Media Data type: 0 flags: 11 size: 8202 dataOffset: 2
09-15 13:34:42.140 12567 12953 D OPENHU  : [77] Companion.decrypt | RECV: AUDIO Media Data type: 0 flags: 11 size: 8202 dataOffset: 2
09-15 13:34:42.183 12567 12953 D OPENHU  : [77] Companion.decrypt | RECV: AUDIO Media Data type: 0 flags: 11 size: 8202 dataOffset: 2
09-15 13:34:42.224 12567 12953 D OPENHU  : [77] Companion.decrypt | RECV: AUDIO Media Data type: 0 flags: 11 size: 8202 dataOffset: 2
09-15 13:34:42.236 12567 12953 D OPENHU  : [77] Companion.decrypt | RECV: CONTROL Ping Request type: 11 flags: 11 size: 12 dataOffset: 2
09-15 13:34:42.237 12567 12953 V OPENHU  : [77] AapTransport.send | CONTROL Ping Response type: 12 flags: 11 size: 14 dataOffset: 6
09-15 13:34:42.267 12567 12953 D OPENHU  : [77] Companion.decrypt | RECV: AUDIO Media Data type: 0 flags: 11 size: 8202 dataOffset: 2
09-15 13:34:42.310 12567 12953 D OPENHU  : [77] Companion.decrypt | RECV: AUDIO Media Data type: 0 flags: 11 size: 8202 dataOffset: 2
09-15 13:34:42.352 12567 12953 D OPENHU  : [77] Companion.decrypt | RECV: AUDIO Media Data type: 0 flags: 11 size: 8202 dataOffset: 2
09-15 13:34:42.395 12567 12953 D OPENHU  : [77] Companion.decrypt | RECV: AUDIO Media Data type: 0 flags: 11 size: 8202 dataOffset: 2
09-15 13:34:42.411 12567 12953 D OPENHU  : [77] Companion.decrypt | RECV: MUSIC_PLAYBACK Media Playback Status type: 32769 flags: 11 size: 17 dataOffset: 2
09-15 13:34:42.412 12567 12953 D OPENHU  : [77] AapMediaPlayback.processStatusPacket | AapMediaPlayback: status mediaSource='VLC', playbackSeconds(u32)=68, state=PLAYING
09-15 13:34:42.439 12567 12953 D OPENHU  : [77] Companion.decrypt | RECV: AUDIO Media Data type: 0 flags: 11 size: 8202 dataOffset: 2
09-15 13:34:42.480 12567 12953 D OPENHU  : [77] Companion.decrypt | RECV: AUDIO Media Data type: 0 flags: 11 size: 8202 dataOffset: 2
09-15 13:34:42.527 12567 12953 D OPENHU  : [77] Companion.decrypt | RECV: AUDIO Media Data type: 0 flags: 11 size: 8202 dataOffset: 2
09-15 13:34:42.567 12567 12953 D OPENHU  : [77] Companion.decrypt | RECV: AUDIO Media Data type: 0 flags: 11 size: 8202 dataOffset: 2
09-15 13:34:42.609 12567 12953 D OPENHU  : [77] Companion.decrypt | RECV: AUDIO Media Data type: 0 flags: 11 size: 8202 dataOffset: 2
09-15 13:34:42.652 12567 12953 D OPENHU  : [77] Companion.decrypt | RECV: AUDIO Media Data type: 0 flags: 11 size: 8202 dataOffset: 2
09-15 13:34:42.695 12567 12953 D OPENHU  : [77] Companion.decrypt | RECV: AUDIO Media Data type: 0 flags: 11 size: 8202 dataOffset: 2
09-15 13:34:42.735 12567 12953 D OPENHU  : [77] Companion.decrypt | RECV: AUDIO Media Data type: 0 flags: 11 size: 8202 dataOffset: 2
09-15 13:34:42.782 12567 12953 D OPENHU  : [77] Companion.decrypt | RECV: AUDIO Media Data type: 0 flags: 11 size: 8202 dataOffset: 2
09-15 13:34:42.822 12567 12953 D OPENHU  : [77] Companion.decrypt | RECV: AUDIO Media Data type: 0 flags: 11 size: 8202 dataOffset: 2
09-15 13:34:42.863 12567 12953 D OPENHU  : [77] Companion.decrypt | RECV: AUDIO Media Data type: 0 flags: 11 size: 8202 dataOffset: 2
09-15 13:34:42.908 12567 12953 D OPENHU  : [77] Companion.decrypt | RECV: AUDIO Media Data type: 0 flags: 11 size: 8202 dataOffset: 2
09-15 13:34:42.950 12567 12953 D OPENHU  : [77] Companion.decrypt | RECV: AUDIO Media Data type: 0 flags: 11 size: 8202 dataOffset: 2
09-15 13:34:42.992 12567 12953 D OPENHU  : [77] Companion.decrypt | RECV: AUDIO Media Data type: 0 flags: 11 size: 8202 dataOffset: 2
09-15 13:34:43.000 12567 12567 V OPENHU  : [2] GpsLocation.onLocationChanged | GpsLocation: fix received
09-15 13:34:43.009 12567 12567 V OPENHU  : [2] AapTransport.send | SENSOR Sensor Event type: 32771 flags: 11 size: 46 dataOffset: 6
09-15 13:34:43.035 12567 12953 D OPENHU  : [77] Companion.decrypt | RECV: AUDIO Media Data type: 0 flags: 11 size: 8202 dataOffset: 2
09-15 13:34:43.076 12567 12953 D OPENHU  : [77] Companion.decrypt | RECV: AUDIO Media Data type: 0 flags: 11 size: 8202 dataOffset: 2
09-15 13:34:43.123 12567 12953 D OPENHU  : [77] Companion.decrypt | RECV: AUDIO Media Data type: 0 flags: 11 size: 8202 dataOffset: 2
09-15 13:34:43.167 12567 12953 D OPENHU  : [77] Companion.decrypt | RECV: AUDIO Media Data type: 0 flags: 11 size: 8202 dataOffset: 2
09-15 13:34:43.208 12567 12953 D OPENHU  : [77] Companion.decrypt | RECV: AUDIO Media Data type: 0 flags: 11 size: 8202 dataOffset: 2
09-15 13:34:43.237 12567 12953 D OPENHU  : [77] Companion.decrypt | RECV: CONTROL Ping Request type: 11 flags: 11 size: 12 dataOffset: 2
09-15 13:34:43.238 12567 12953 V OPENHU  : [77] AapTransport.send | CONTROL Ping Response type: 12 flags: 11 size: 14 dataOffset: 6
09-15 13:34:43.251 12567 12953 D OPENHU  : [77] Companion.decrypt | RECV: AUDIO Media Data type: 0 flags: 11 size: 8202 dataOffset: 2
09-15 13:34:43.292 12567 12953 D OPENHU  : [77] Companion.decrypt | RECV: AUDIO Media Data type: 0 flags: 11 size: 8202 dataOffset: 2
09-15 13:34:43.334 12567 12953 D OPENHU  : [77] Companion.decrypt | RECV: AUDIO Media Data type: 0 flags: 11 size: 8202 dataOffset: 2
09-15 13:34:43.379 12567 12953 D OPENHU  : [77] Companion.decrypt | RECV: AUDIO Media Data type: 0 flags: 11 size: 8202 dataOffset: 2
09-15 13:34:43.411 12567 12953 D OPENHU  : [77] Companion.decrypt | RECV: MUSIC_PLAYBACK Media Playback Status type: 32769 flags: 11 size: 17 dataOffset: 2
09-15 13:34:43.412 12567 12953 D OPENHU  : [77] AapMediaPlayback.processStatusPacket | AapMediaPlayback: status mediaSource='VLC', playbackSeconds(u32)=69, state=PLAYING
09-15 13:34:43.418 12567 12953 D OPENHU  : [77] Companion.decrypt | RECV: AUDIO Media Data type: 0 flags: 11 size: 8202 dataOffset: 2
09-15 13:34:43.461 12567 12953 D OPENHU  : [77] Companion.decrypt | RECV: AUDIO Media Data type: 0 flags: 11 size: 8202 dataOffset: 2
09-15 13:34:43.505 12567 12953 D OPENHU  : [77] Companion.decrypt | RECV: AUDIO Media Data type: 0 flags: 11 size: 8202 dataOffset: 2
09-15 13:34:43.548 12567 12953 D OPENHU  : [77] Companion.decrypt | RECV: AUDIO Media Data type: 0 flags: 11 size: 8202 dataOffset: 2
09-15 13:34:43.591 12567 12953 D OPENHU  : [77] Companion.decrypt | RECV: AUDIO Media Data type: 0 flags: 11 size: 8202 dataOffset: 2
09-15 13:34:43.631 12567 12953 D OPENHU  : [77] Companion.decrypt | RECV: AUDIO Media Data type: 0 flags: 11 size: 8202 dataOffset: 2
09-15 13:34:43.675 12567 12953 D OPENHU  : [77] Companion.decrypt | RECV: AUDIO Media Data type: 0 flags: 11 size: 8202 dataOffset: 2
09-15 13:34:43.719 12567 12953 D OPENHU  : [77] Companion.decrypt | RECV: AUDIO Media Data type: 0 flags: 11 size: 8202 dataOffset: 2
09-15 13:34:43.761 12567 12953 D OPENHU  : [77] Companion.decrypt | RECV: AUDIO Media Data type: 0 flags: 11 size: 8202 dataOffset: 2
09-15 13:34:43.804 12567 12953 D OPENHU  : [77] Companion.decrypt | RECV: AUDIO Media Data type: 0 flags: 11 size: 8202 dataOffset: 2
09-15 13:34:43.846 12567 12953 D OPENHU  : [77] Companion.decrypt | RECV: AUDIO Media Data type: 0 flags: 11 size: 8202 dataOffset: 2
09-15 13:34:43.890 12567 12953 D OPENHU  : [77] Companion.decrypt | RECV: AUDIO Media Data type: 0 flags: 11 size: 8202 dataOffset: 2
09-15 13:34:43.931 12567 12953 D OPENHU  : [77] Companion.decrypt | RECV: AUDIO Media Data type: 0 flags: 11 size: 8202 dataOffset: 2
09-15 13:34:43.973 12567 12953 D OPENHU  : [77] Companion.decrypt | RECV: AUDIO Media Data type: 0 flags: 11 size: 8202 dataOffset: 2
09-15 13:34:43.999 12567 12567 V OPENHU  : [2] GpsLocation.onLocationChanged | GpsLocation: fix received
09-15 13:34:44.008 12567 12567 V OPENHU  : [2] AapTransport.send | SENSOR Sensor Event type: 32771 flags: 11 size: 46 dataOffset: 6
09-15 13:34:44.019 12567 12953 D OPENHU  : [77] Companion.decrypt | RECV: AUDIO Media Data type: 0 flags: 11 size: 8202 dataOffset: 2
09-15 13:34:44.059 12567 12953 D OPENHU  : [77] Companion.decrypt | RECV: AUDIO Media Data type: 0 flags: 11 size: 8202 dataOffset: 2
09-15 13:34:44.101 12567 12953 D OPENHU  : [77] Companion.decrypt | RECV: AUDIO Media Data type: 0 flags: 11 size: 8202 dataOffset: 2
09-15 13:34:44.144 12567 12953 D OPENHU  : [77] Companion.decrypt | RECV: AUDIO Media Data type: 0 flags: 11 size: 8202 dataOffset: 2
09-15 13:34:44.188 12567 12953 D OPENHU  : [77] Companion.decrypt | RECV: AUDIO Media Data type: 0 flags: 11 size: 8202 dataOffset: 2
09-15 13:34:44.231 12567 12953 D OPENHU  : [77] Companion.decrypt | RECV: AUDIO Media Data type: 0 flags: 11 size: 8202 dataOffset: 2
09-15 13:34:44.240 12567 12953 D OPENHU  : [77] Companion.decrypt | RECV: CONTROL Ping Request type: 11 flags: 11 size: 12 dataOffset: 2
09-15 13:34:44.241 12567 12953 V OPENHU  : [77] AapTransport.send | CONTROL Ping Response type: 12 flags: 11 size: 14 dataOffset: 6
09-15 13:34:44.273 12567 12953 D OPENHU  : [77] Companion.decrypt | RECV: AUDIO Media Data type: 0 flags: 11 size: 8202 dataOffset: 2
09-15 13:34:44.318 12567 12953 D OPENHU  : [77] Companion.decrypt | RECV: AUDIO Media Data type: 0 flags: 11 size: 8202 dataOffset: 2
09-15 13:34:44.358 12567 12953 D OPENHU  : [77] Companion.decrypt | RECV: AUDIO Media Data type: 0 flags: 11 size: 8202 dataOffset: 2
09-15 13:34:44.403 12567 12953 D OPENHU  : [77] Companion.decrypt | RECV: AUDIO Media Data type: 0 flags: 11 size: 8202 dataOffset: 2
09-15 13:34:44.411 12567 12953 D OPENHU  : [77] Companion.decrypt | RECV: MUSIC_PLAYBACK Media Playback Status type: 32769 flags: 11 size: 17 dataOffset: 2
09-15 13:34:44.412 12567 12953 D OPENHU  : [77] AapMediaPlayback.processStatusPacket | AapMediaPlayback: status mediaSource='VLC', playbackSeconds(u32)=70, state=PLAYING
09-15 13:34:44.444 12567 12953 D OPENHU  : [77] Companion.decrypt | RECV: AUDIO Media Data type: 0 flags: 11 size: 8202 dataOffset: 2
09-15 13:34:44.487 12567 12953 D OPENHU  : [77] Companion.decrypt | RECV: AUDIO Media Data type: 0 flags: 11 size: 8202 dataOffset: 2
09-15 13:34:44.530 12567 12953 D OPENHU  : [77] Companion.decrypt | RECV: AUDIO Media Data type: 0 flags: 11 size: 8202 dataOffset: 2
09-15 13:34:44.571 12567 12953 D OPENHU  : [77] Companion.decrypt | RECV: AUDIO Media Data type: 0 flags: 11 size: 8202 dataOffset: 2
09-15 13:34:44.617 12567 12953 D OPENHU  : [77] Companion.decrypt | RECV: AUDIO Media Data type: 0 flags: 11 size: 8202 dataOffset: 2
09-15 13:34:44.656 12567 12953 D OPENHU  : [77] Companion.decrypt | RECV: AUDIO Media Data type: 0 flags: 11 size: 8202 dataOffset: 2
09-15 13:34:44.701 12567 12953 D OPENHU  : [77] Companion.decrypt | RECV: AUDIO Media Data type: 0 flags: 11 size: 8202 dataOffset: 2
09-15 13:34:44.742 12567 12953 D OPENHU  : [77] Companion.decrypt | RECV: AUDIO Media Data type: 0 flags: 11 size: 8202 dataOffset: 2
09-15 13:34:44.786 12567 12953 D OPENHU  : [77] Companion.decrypt | RECV: AUDIO Media Data type: 0 flags: 11 size: 8202 dataOffset: 2
09-15 13:34:44.827 12567 12953 D OPENHU  : [77] Companion.decrypt | RECV: AUDIO Media Data type: 0 flags: 11 size: 8202 dataOffset: 2
09-15 13:34:44.870 12567 12953 D OPENHU  : [77] Companion.decrypt | RECV: AUDIO Media Data type: 0 flags: 11 size: 8202 dataOffset: 2
09-15 13:34:44.920 12567 12953 D OPENHU  : [77] Companion.decrypt | RECV: AUDIO Media Data type: 0 flags: 11 size: 8202 dataOffset: 2
09-15 13:34:44.955 12567 12953 D OPENHU  : [77] Companion.decrypt | RECV: AUDIO Media Data type: 0 flags: 11 size: 8202 dataOffset: 2
09-15 13:34:44.999 12567 12953 D OPENHU  : [77] Companion.decrypt | RECV: AUDIO Media Data type: 0 flags: 11 size: 8202 dataOffset: 2
09-15 13:34:45.001 12567 12567 V OPENHU  : [2] GpsLocation.onLocationChanged | GpsLocation: fix received
09-15 13:34:45.013 12567 12567 V OPENHU  : [2] AapTransport.send | SENSOR Sensor Event type: 32771 flags: 11 size: 46 dataOffset: 6
09-15 13:34:45.045 12567 12953 D OPENHU  : [77] Companion.decrypt | RECV: AUDIO Media Data type: 0 flags: 11 size: 8202 dataOffset: 2
09-15 13:34:45.085 12567 12953 D OPENHU  : [77] Companion.decrypt | RECV: AUDIO Media Data type: 0 flags: 11 size: 8202 dataOffset: 2
09-15 13:34:45.128 12567 12953 D OPENHU  : [77] Companion.decrypt | RECV: AUDIO Media Data type: 0 flags: 11 size: 8202 dataOffset: 2
09-15 13:34:45.170 12567 12953 D OPENHU  : [77] Companion.decrypt | RECV: AUDIO Media Data type: 0 flags: 11 size: 8202 dataOffset: 2
09-15 13:34:45.212 12567 12953 D OPENHU  : [77] Companion.decrypt | RECV: AUDIO Media Data type: 0 flags: 11 size: 8202 dataOffset: 2
09-15 13:34:45.239 12567 12953 D OPENHU  : [77] Companion.decrypt | RECV: CONTROL Ping Request type: 11 flags: 11 size: 12 dataOffset: 2
09-15 13:34:45.241 12567 12953 V OPENHU  : [77] AapTransport.send | CONTROL Ping Response type: 12 flags: 11 size: 14 dataOffset: 6
09-15 13:34:45.255 12567 12953 D OPENHU  : [77] Companion.decrypt | RECV: AUDIO Media Data type: 0 flags: 11 size: 8202 dataOffset: 2
09-15 13:34:45.298 12567 12953 D OPENHU  : [77] Companion.decrypt | RECV: AUDIO Media Data type: 0 flags: 11 size: 8202 dataOffset: 2
09-15 13:34:45.340 12567 12953 D OPENHU  : [77] Companion.decrypt | RECV: AUDIO Media Data type: 0 flags: 11 size: 8202 dataOffset: 2
09-15 13:34:45.383 12567 12953 D OPENHU  : [77] Companion.decrypt | RECV: AUDIO Media Data type: 0 flags: 11 size: 8202 dataOffset: 2
09-15 13:34:45.412 12567 12953 D OPENHU  : [77] Companion.decrypt | RECV: MUSIC_PLAYBACK Media Playback Status type: 32769 flags: 11 size: 17 dataOffset: 2
09-15 13:34:45.413 12567 12953 D OPENHU  : [77] AapMediaPlayback.processStatusPacket | AapMediaPlayback: status mediaSource='VLC', playbackSeconds(u32)=71, state=PLAYING
09-15 13:34:45.428 12567 12953 D OPENHU  : [77] Companion.decrypt | RECV: AUDIO Media Data type: 0 flags: 11 size: 8202 dataOffset: 2
09-15 13:34:45.470 12567 12953 D OPENHU  : [77] Companion.decrypt | RECV: AUDIO Media Data type: 0 flags: 11 size: 8202 dataOffset: 2
09-15 13:34:45.510 12567 12953 D OPENHU  : [77] Companion.decrypt | RECV: AUDIO Media Data type: 0 flags: 11 size: 8202 dataOffset: 2
09-15 13:34:45.552 12567 12953 D OPENHU  : [77] Companion.decrypt | RECV: AUDIO Media Data type: 0 flags: 11 size: 8202 dataOffset: 2
09-15 13:34:45.595 12567 12953 D OPENHU  : [77] Companion.decrypt | RECV: AUDIO Media Data type: 0 flags: 11 size: 8202 dataOffset: 2
09-15 13:34:45.641 12567 12953 D OPENHU  : [77] Companion.decrypt | RECV: AUDIO Media Data type: 0 flags: 11 size: 8202 dataOffset: 2
09-15 13:34:45.681 12567 12953 D OPENHU  : [77] Companion.decrypt | RECV: AUDIO Media Data type: 0 flags: 11 size: 8202 dataOffset: 2
09-15 13:34:45.729 12567 12953 D OPENHU  : [77] Companion.decrypt | RECV: AUDIO Media Data type: 0 flags: 11 size: 8202 dataOffset: 2
09-15 13:34:45.768 12567 12953 D OPENHU  : [77] Companion.decrypt | RECV: AUDIO Media Data type: 0 flags: 11 size: 8202 dataOffset: 2
09-15 13:34:45.809 12567 12953 D OPENHU  : [77] Companion.decrypt | RECV: AUDIO Media Data type: 0 flags: 11 size: 8202 dataOffset: 2
09-15 13:34:45.850 12567 12953 D OPENHU  : [77] Companion.decrypt | RECV: AUDIO Media Data type: 0 flags: 11 size: 8202 dataOffset: 2
09-15 13:34:45.894 12567 12953 D OPENHU  : [77] Companion.decrypt | RECV: AUDIO Media Data type: 0 flags: 11 size: 8202 dataOffset: 2
09-15 13:34:45.936 12567 12953 D OPENHU  : [77] Companion.decrypt | RECV: AUDIO Media Data type: 0 flags: 11 size: 8202 dataOffset: 2
09-15 13:34:45.980 12567 12953 D OPENHU  : [77] Companion.decrypt | RECV: AUDIO Media Data type: 0 flags: 11 size: 8202 dataOffset: 2
09-15 13:34:45.999 12567 12567 V OPENHU  : [2] GpsLocation.onLocationChanged | GpsLocation: fix received
09-15 13:34:46.007 12567 12567 V OPENHU  : [2] AapTransport.send | SENSOR Sensor Event type: 32771 flags: 11 size: 46 dataOffset: 6
09-15 13:34:46.022 12567 12953 D OPENHU  : [77] Companion.decrypt | RECV: AUDIO Media Data type: 0 flags: 11 size: 8202 dataOffset: 2
09-15 13:34:46.065 12567 12953 D OPENHU  : [77] Companion.decrypt | RECV: AUDIO Media Data type: 0 flags: 11 size: 8202 dataOffset: 2
09-15 13:34:46.107 12567 12953 D OPENHU  : [77] Companion.decrypt | RECV: AUDIO Media Data type: 0 flags: 11 size: 8202 dataOffset: 2
09-15 13:34:46.113 12567 12983 I OPENHU  : [88] VideoDecoder.logThroughput | Throughput over 5006ms: rendered=187 (37fps), fed=187 (37fps), dropped=0, skipped=0, concealed=0, inputWait=88ms, enqueueWait=0ms, codec=c2.unisoc.avc.decoder, presented=187 (37fps), decodeLatency=9ms p95=12ms (187 frames)
09-15 13:34:46.150 12567 12953 D OPENHU  : [77] Companion.decrypt | RECV: AUDIO Media Data type: 0 flags: 11 size: 8202 dataOffset: 2
09-15 13:34:46.192 12567 12953 D OPENHU  : [77] Companion.decrypt | RECV: AUDIO Media Data type: 0 flags: 11 size: 8202 dataOffset: 2
09-15 13:34:46.238 12567 12953 D OPENHU  : [77] Companion.decrypt | RECV: AUDIO Media Data type: 0 flags: 11 size: 8202 dataOffset: 2
09-15 13:34:46.246 12567 12953 D OPENHU  : [77] Companion.decrypt | RECV: CONTROL Ping Request type: 11 flags: 11 size: 12 dataOffset: 2
09-15 13:34:46.248 12567 12953 V OPENHU  : [77] AapTransport.send | CONTROL Ping Response type: 12 flags: 11 size: 14 dataOffset: 6
09-15 13:34:46.279 12567 12953 D OPENHU  : [77] Companion.decrypt | RECV: AUDIO Media Data type: 0 flags: 11 size: 8202 dataOffset: 2
09-15 13:34:46.321 12567 12953 D OPENHU  : [77] Companion.decrypt | RECV: AUDIO Media Data type: 0 flags: 11 size: 8202 dataOffset: 2
09-15 13:34:46.364 12567 12953 D OPENHU  : [77] Companion.decrypt | RECV: AUDIO Media Data type: 0 flags: 11 size: 8202 dataOffset: 2
09-15 13:34:46.407 12567 12953 D OPENHU  : [77] Companion.decrypt | RECV: AUDIO Media Data type: 0 flags: 11 size: 8202 dataOffset: 2
09-15 13:34:46.411 12567 12953 D OPENHU  : [77] Companion.decrypt | RECV: MUSIC_PLAYBACK Media Playback Status type: 32769 flags: 11 size: 17 dataOffset: 2
09-15 13:34:46.412 12567 12953 D OPENHU  : [77] AapMediaPlayback.processStatusPacket | AapMediaPlayback: status mediaSource='VLC', playbackSeconds(u32)=72, state=PLAYING
09-15 13:34:46.454 12567 12953 D OPENHU  : [77] Companion.decrypt | RECV: AUDIO Media Data type: 0 flags: 11 size: 8202 dataOffset: 2
09-15 13:34:46.465 12567 12567 I OPENHU  : [2] TextureProjectionView.onSurfaceTextureUpdated | TextureProjectionView: displayed 154 frames in 5123ms (30fps), longFrames=1
09-15 13:34:46.491 12567 12953 D OPENHU  : [77] Companion.decrypt | RECV: AUDIO Media Data type: 0 flags: 11 size: 8202 dataOffset: 2
09-15 13:34:46.534 12567 12953 D OPENHU  : [77] Companion.decrypt | RECV: AUDIO Media Data type: 0 flags: 11 size: 8202 dataOffset: 2
09-15 13:34:46.577 12567 12953 D OPENHU  : [77] Companion.decrypt | RECV: AUDIO Media Data type: 0 flags: 11 size: 8202 dataOffset: 2
09-15 13:34:46.619 12567 12953 D OPENHU  : [77] Companion.decrypt | RECV: AUDIO Media Data type: 0 flags: 11 size: 8202 dataOffset: 2
09-15 13:34:46.661 12567 12953 D OPENHU  : [77] Companion.decrypt | RECV: AUDIO Media Data type: 0 flags: 11 size: 8202 dataOffset: 2
09-15 13:34:46.705 12567 12953 D OPENHU  : [77] Companion.decrypt | RECV: AUDIO Media Data type: 0 flags: 11 size: 8202 dataOffset: 2
09-15 13:34:46.755 12567 12953 D OPENHU  : [77] Companion.decrypt | RECV: AUDIO Media Data type: 0 flags: 11 size: 8202 dataOffset: 2
09-15 13:34:46.790 12567 12953 D OPENHU  : [77] Companion.decrypt | RECV: AUDIO Media Data type: 0 flags: 11 size: 8202 dataOffset: 2
09-15 13:34:46.831 12567 12953 D OPENHU  : [77] Companion.decrypt | RECV: AUDIO Media Data type: 0 flags: 11 size: 8202 dataOffset: 2
09-15 13:34:46.879 12567 12953 D OPENHU  : [77] Companion.decrypt | RECV: AUDIO Media Data type: 0 flags: 11 size: 8202 dataOffset: 2
09-15 13:34:46.918 12567 12953 D OPENHU  : [77] Companion.decrypt | RECV: AUDIO Media Data type: 0 flags: 11 size: 8202 dataOffset: 2
09-15 13:34:46.962 12567 12953 D OPENHU  : [77] Companion.decrypt | RECV: AUDIO Media Data type: 0 flags: 11 size: 8202 dataOffset: 2
09-15 13:34:47.004 12567 12953 D OPENHU  : [77] Companion.decrypt | RECV: AUDIO Media Data type: 0 flags: 11 size: 8202 dataOffset: 2
09-15 13:34:47.012 12567 12567 V OPENHU  : [2] GpsLocation.onLocationChanged | GpsLocation: fix received
09-15 13:34:47.019 12567 12567 V OPENHU  : [2] AapTransport.send | SENSOR Sensor Event type: 32771 flags: 11 size: 46 dataOffset: 6
09-15 13:34:47.046 12567 12953 D OPENHU  : [77] Companion.decrypt | RECV: AUDIO Media Data type: 0 flags: 11 size: 8202 dataOffset: 2
09-15 13:34:47.089 12567 12953 D OPENHU  : [77] Companion.decrypt | RECV: AUDIO Media Data type: 0 flags: 11 size: 8202 dataOffset: 2
09-15 13:34:47.132 12567 12953 D OPENHU  : [77] Companion.decrypt | RECV: AUDIO Media Data type: 0 flags: 11 size: 8202 dataOffset: 2
09-15 13:34:47.177 12567 12953 D OPENHU  : [77] Companion.decrypt | RECV: AUDIO Media Data type: 0 flags: 11 size: 8202 dataOffset: 2
09-15 13:34:47.218 12567 12953 D OPENHU  : [77] Companion.decrypt | RECV: AUDIO Media Data type: 0 flags: 11 size: 8202 dataOffset: 2
09-15 13:34:47.244 12567 12953 D OPENHU  : [77] Companion.decrypt | RECV: CONTROL Ping Request type: 11 flags: 11 size: 12 dataOffset: 2
09-15 13:34:47.246 12567 12953 V OPENHU  : [77] AapTransport.send | CONTROL Ping Response type: 12 flags: 11 size: 14 dataOffset: 6
09-15 13:34:47.261 12567 12953 D OPENHU  : [77] Companion.decrypt | RECV: AUDIO Media Data type: 0 flags: 11 size: 8202 dataOffset: 2
09-15 13:34:47.303 12567 12953 D OPENHU  : [77] Companion.decrypt | RECV: AUDIO Media Data type: 0 flags: 11 size: 8202 dataOffset: 2
09-15 13:34:47.346 12567 12953 D OPENHU  : [77] Companion.decrypt | RECV: AUDIO Media Data type: 0 flags: 11 size: 8202 dataOffset: 2
09-15 13:34:47.386 12567 12953 D OPENHU  : [77] Companion.decrypt | RECV: AUDIO Media Data type: 0 flags: 11 size: 8202 dataOffset: 2
09-15 13:34:47.413 12567 12953 D OPENHU  : [77] Companion.decrypt | RECV: MUSIC_PLAYBACK Media Playback Status type: 32769 flags: 11 size: 17 dataOffset: 2
09-15 13:34:47.414 12567 12953 D OPENHU  : [77] AapMediaPlayback.processStatusPacket | AapMediaPlayback: status mediaSource='VLC', playbackSeconds(u32)=73, state=PLAYING
09-15 13:34:47.431 12567 12953 D OPENHU  : [77] Companion.decrypt | RECV: AUDIO Media Data type: 0 flags: 11 size: 8202 dataOffset: 2
09-15 13:34:47.474 12567 12953 D OPENHU  : [77] Companion.decrypt | RECV: AUDIO Media Data type: 0 flags: 11 size: 8202 dataOffset: 2
09-15 13:34:47.515 12567 12953 D OPENHU  : [77] Companion.decrypt | RECV: AUDIO Media Data type: 0 flags: 11 size: 8202 dataOffset: 2
09-15 13:34:47.559 12567 12953 D OPENHU  : [77] Companion.decrypt | RECV: AUDIO Media Data type: 0 flags: 11 size: 8202 dataOffset: 2
09-15 13:34:47.601 12567 12953 D OPENHU  : [77] Companion.decrypt | RECV: AUDIO Media Data type: 0 flags: 11 size: 8202 dataOffset: 2
09-15 13:34:47.644 12567 12953 D OPENHU  : [77] Companion.decrypt | RECV: AUDIO Media Data type: 0 flags: 11 size: 8202 dataOffset: 2
09-15 13:34:47.687 12567 12953 D OPENHU  : [77] Companion.decrypt | RECV: AUDIO Media Data type: 0 flags: 11 size: 8202 dataOffset: 2
09-15 13:34:47.731 12567 12953 D OPENHU  : [77] Companion.decrypt | RECV: AUDIO Media Data type: 0 flags: 11 size: 8202 dataOffset: 2
09-15 13:34:47.773 12567 12953 D OPENHU  : [77] Companion.decrypt | RECV: AUDIO Media Data type: 0 flags: 11 size: 8202 dataOffset: 2
09-15 13:34:47.816 12567 12953 D OPENHU  : [77] Companion.decrypt | RECV: AUDIO Media Data type: 0 flags: 11 size: 8202 dataOffset: 2
09-15 13:34:47.857 12567 12953 D OPENHU  : [77] Companion.decrypt | RECV: AUDIO Media Data type: 0 flags: 11 size: 8202 dataOffset: 2
09-15 13:34:47.901 12567 12953 D OPENHU  : [77] Companion.decrypt | RECV: AUDIO Media Data type: 0 flags: 11 size: 8202 dataOffset: 2
09-15 13:34:47.946 12567 12953 D OPENHU  : [77] Companion.decrypt | RECV: AUDIO Media Data type: 0 flags: 11 size: 8202 dataOffset: 2
09-15 13:34:47.984 12567 12953 D OPENHU  : [77] Companion.decrypt | RECV: AUDIO Media Data type: 0 flags: 11 size: 8202 dataOffset: 2
09-15 13:34:47.999 12567 12567 V OPENHU  : [2] GpsLocation.onLocationChanged | GpsLocation: fix received
09-15 13:34:48.009 12567 12567 V OPENHU  : [2] AapTransport.send | SENSOR Sensor Event type: 32771 flags: 11 size: 46 dataOffset: 6
09-15 13:34:48.028 12567 12953 D OPENHU  : [77] Companion.decrypt | RECV: AUDIO Media Data type: 0 flags: 11 size: 8202 dataOffset: 2
09-15 13:34:48.071 12567 12953 D OPENHU  : [77] Companion.decrypt | RECV: AUDIO Media Data type: 0 flags: 11 size: 8202 dataOffset: 2
09-15 13:34:48.112 12567 12953 D OPENHU  : [77] Companion.decrypt | RECV: AUDIO Media Data type: 0 flags: 11 size: 8202 dataOffset: 2
09-15 13:34:48.155 12567 12953 D OPENHU  : [77] Companion.decrypt | RECV: AUDIO Media Data type: 0 flags: 11 size: 8202 dataOffset: 2
09-15 13:34:48.202 12567 12953 D OPENHU  : [77] Companion.decrypt | RECV: AUDIO Media Data type: 0 flags: 11 size: 8202 dataOffset: 2
09-15 13:34:48.245 12567 12953 D OPENHU  : [77] Companion.decrypt | RECV: AUDIO Media Data type: 0 flags: 11 size: 8202 dataOffset: 2
09-15 13:34:48.251 12567 12953 D OPENHU  : [77] Companion.decrypt | RECV: CONTROL Ping Request type: 11 flags: 11 size: 12 dataOffset: 2
09-15 13:34:48.252 12567 12953 V OPENHU  : [77] AapTransport.send | CONTROL Ping Response type: 12 flags: 11 size: 14 dataOffset: 6
09-15 13:34:48.286 12567 12953 D OPENHU  : [77] Companion.decrypt | RECV: AUDIO Media Data type: 0 flags: 11 size: 8202 dataOffset: 2
09-15 13:34:48.329 12567 12953 D OPENHU  : [77] Companion.decrypt | RECV: AUDIO Media Data type: 0 flags: 11 size: 8202 dataOffset: 2
09-15 13:34:48.371 12567 12953 D OPENHU  : [77] Companion.decrypt | RECV: AUDIO Media Data type: 0 flags: 11 size: 8202 dataOffset: 2
09-15 13:34:48.414 12567 12953 D OPENHU  : [77] Companion.decrypt | RECV: AUDIO Media Data type: 0 flags: 11 size: 8202 dataOffset: 2
09-15 13:34:48.420 12567 12953 D OPENHU  : [77] Companion.decrypt | RECV: MUSIC_PLAYBACK Media Playback Status type: 32769 flags: 11 size: 17 dataOffset: 2
09-15 13:34:48.421 12567 12953 D OPENHU  : [77] AapMediaPlayback.processStatusPacket | AapMediaPlayback: status mediaSource='VLC', playbackSeconds(u32)=74, state=PLAYING
09-15 13:34:48.454 12567 12953 D OPENHU  : [77] Companion.decrypt | RECV: AUDIO Media Data type: 0 flags: 11 size: 8202 dataOffset: 2
09-15 13:34:48.496 12567 12953 D OPENHU  : [77] Companion.decrypt | RECV: AUDIO Media Data type: 0 flags: 11 size: 8202 dataOffset: 2
09-15 13:34:48.540 12567 12953 D OPENHU  : [77] Companion.decrypt | RECV: AUDIO Media Data type: 0 flags: 11 size: 8202 dataOffset: 2
09-15 13:34:48.584 12567 12953 D OPENHU  : [77] Companion.decrypt | RECV: AUDIO Media Data type: 0 flags: 11 size: 8202 dataOffset: 2
09-15 13:34:48.626 12567 12953 D OPENHU  : [77] Companion.decrypt | RECV: AUDIO Media Data type: 0 flags: 11 size: 8202 dataOffset: 2
09-15 13:34:48.667 12567 12953 D OPENHU  : [77] Companion.decrypt | RECV: AUDIO Media Data type: 0 flags: 11 size: 8202 dataOffset: 2
09-15 13:34:48.711 12567 12953 D OPENHU  : [77] Companion.decrypt | RECV: AUDIO Media Data type: 0 flags: 11 size: 8202 dataOffset: 2
09-15 13:34:48.754 12567 12953 D OPENHU  : [77] Companion.decrypt | RECV: AUDIO Media Data type: 0 flags: 11 size: 8202 dataOffset: 2
09-15 13:34:48.795 12567 12953 D OPENHU  : [77] Companion.decrypt | RECV: AUDIO Media Data type: 0 flags: 11 size: 8202 dataOffset: 2
09-15 13:34:48.841 12567 12953 D OPENHU  : [77] Companion.decrypt | RECV: AUDIO Media Data type: 0 flags: 11 size: 8202 dataOffset: 2
09-15 13:34:48.887 12567 12953 D OPENHU  : [77] Companion.decrypt | RECV: AUDIO Media Data type: 0 flags: 11 size: 8202 dataOffset: 2
09-15 13:34:48.924 12567 12953 D OPENHU  : [77] Companion.decrypt | RECV: AUDIO Media Data type: 0 flags: 11 size: 8202 dataOffset: 2
09-15 13:34:48.967 12567 12953 D OPENHU  : [77] Companion.decrypt | RECV: AUDIO Media Data type: 0 flags: 11 size: 8202 dataOffset: 2
09-15 13:34:49.011 12567 12953 D OPENHU  : [77] Companion.decrypt | RECV: AUDIO Media Data type: 0 flags: 11 size: 8202 dataOffset: 2
09-15 13:34:49.019 12567 12567 V OPENHU  : [2] GpsLocation.onLocationChanged | GpsLocation: fix received
09-15 13:34:49.026 12567 12567 V OPENHU  : [2] AapTransport.send | SENSOR Sensor Event type: 32771 flags: 11 size: 46 dataOffset: 6
09-15 13:34:49.051 12567 12953 D OPENHU  : [77] Companion.decrypt | RECV: AUDIO Media Data type: 0 flags: 11 size: 8202 dataOffset: 2
09-15 13:34:49.093 12567 12953 D OPENHU  : [77] Companion.decrypt | RECV: AUDIO Media Data type: 0 flags: 11 size: 8202 dataOffset: 2
09-15 13:34:49.136 12567 12953 D OPENHU  : [77] Companion.decrypt | RECV: AUDIO Media Data type: 0 flags: 11 size: 8202 dataOffset: 2
09-15 13:34:49.180 12567 12953 D OPENHU  : [77] Companion.decrypt | RECV: AUDIO Media Data type: 0 flags: 11 size: 8202 dataOffset: 2
09-15 13:34:49.223 12567 12953 D OPENHU  : [77] Companion.decrypt | RECV: AUDIO Media Data type: 0 flags: 11 size: 8202 dataOffset: 2
09-15 13:34:49.247 12567 12953 D OPENHU  : [77] Companion.decrypt | RECV: CONTROL Ping Request type: 11 flags: 11 size: 12 dataOffset: 2
09-15 13:34:49.248 12567 12953 V OPENHU  : [77] AapTransport.send | CONTROL Ping Response type: 12 flags: 11 size: 14 dataOffset: 6
09-15 13:34:49.264 12567 12953 D OPENHU  : [77] Companion.decrypt | RECV: AUDIO Media Data type: 0 flags: 11 size: 8202 dataOffset: 2
09-15 13:34:49.308 12567 12953 D OPENHU  : [77] Companion.decrypt | RECV: AUDIO Media Data type: 0 flags: 11 size: 8202 dataOffset: 2
09-15 13:34:49.351 12567 12953 D OPENHU  : [77] Companion.decrypt | RECV: AUDIO Media Data type: 0 flags: 11 size: 8202 dataOffset: 2
09-15 13:34:49.392 12567 12953 D OPENHU  : [77] Companion.decrypt | RECV: AUDIO Media Data type: 0 flags: 11 size: 8202 dataOffset: 2
09-15 13:34:49.412 12567 12953 D OPENHU  : [77] Companion.decrypt | RECV: MUSIC_PLAYBACK Media Playback Status type: 32769 flags: 11 size: 17 dataOffset: 2
09-15 13:34:49.413 12567 12953 D OPENHU  : [77] AapMediaPlayback.processStatusPacket | AapMediaPlayback: status mediaSource='VLC', playbackSeconds(u32)=75, state=PLAYING
09-15 13:34:49.435 12567 12953 D OPENHU  : [77] Companion.decrypt | RECV: AUDIO Media Data type: 0 flags: 11 size: 8202 dataOffset: 2
09-15 13:34:49.478 12567 12953 D OPENHU  : [77] Companion.decrypt | RECV: AUDIO Media Data type: 0 flags: 11 size: 8202 dataOffset: 2
09-15 13:34:49.523 12567 12953 D OPENHU  : [77] Companion.decrypt | RECV: AUDIO Media Data type: 0 flags: 11 size: 8202 dataOffset: 2
09-15 13:34:49.564 12567 12953 D OPENHU  : [77] Companion.decrypt | RECV: AUDIO Media Data type: 0 flags: 11 size: 8202 dataOffset: 2
09-15 13:34:49.609 12567 12953 D OPENHU  : [77] Companion.decrypt | RECV: AUDIO Media Data type: 0 flags: 11 size: 8202 dataOffset: 2
09-15 13:34:49.649 12567 12953 D OPENHU  : [77] Companion.decrypt | RECV: AUDIO Media Data type: 0 flags: 11 size: 8202 dataOffset: 2
09-15 13:34:49.692 12567 12953 D OPENHU  : [77] Companion.decrypt | RECV: AUDIO Media Data type: 0 flags: 11 size: 8202 dataOffset: 2
09-15 13:34:49.735 12567 12953 D OPENHU  : [77] Companion.decrypt | RECV: AUDIO Media Data type: 0 flags: 11 size: 8202 dataOffset: 2
09-15 13:34:49.777 12567 12953 D OPENHU  : [77] Companion.decrypt | RECV: AUDIO Media Data type: 0 flags: 11 size: 8202 dataOffset: 2
09-15 13:34:49.820 12567 12953 D OPENHU  : [77] Companion.decrypt | RECV: AUDIO Media Data type: 0 flags: 11 size: 8202 dataOffset: 2
09-15 13:34:49.861 12567 12953 D OPENHU  : [77] Companion.decrypt | RECV: AUDIO Media Data type: 0 flags: 11 size: 8202 dataOffset: 2
09-15 13:34:49.907 12567 12953 D OPENHU  : [77] Companion.decrypt | RECV: AUDIO Media Data type: 0 flags: 11 size: 8202 dataOffset: 2
09-15 13:34:49.951 12567 12953 D OPENHU  : [77] Companion.decrypt | RECV: AUDIO Media Data type: 0 flags: 11 size: 8202 dataOffset: 2
09-15 13:34:49.952 12567 12953 I OPENHU  : [77] AapTransport.noteMessageReceived$com_andrerinas_headunitrevived_3_4_0_beta3_githubDebug | AapTransport: inbound rate over 30003ms: video=90kB/s (1136 msgs), audio=151kB/s (575 msgs), other=0kB/s (69 msgs)
09-15 13:34:49.995 12567 12953 D OPENHU  : [77] Companion.decrypt | RECV: AUDIO Media Data type: 0 flags: 11 size: 8202 dataOffset: 2
09-15 13:34:49.996 12567 12567 V OPENHU  : [2] GpsLocation.onLocationChanged | GpsLocation: fix received
09-15 13:34:50.022 12567 12953 I OPENHU  : [77] AapMessageHandlerType.handle | AapTransport: transport dispatch over 30002ms: video=1376ms, audio=815ms, other=187ms, unread=7%, blocks=2, longest=82ms on VIDEO, videoQueue=7
09-15 13:34:50.036 12567 12953 D OPENHU  : [77] Companion.decrypt | RECV: AUDIO Media Data type: 0 flags: 11 size: 8202 dataOffset: 2
09-15 13:34:50.044 12567 12567 V OPENHU  : [2] AapTransport.send | SENSOR Sensor Event type: 32771 flags: 11 size: 46 dataOffset: 6
09-15 13:34:50.076 12567 12953 D OPENHU  : [77] Companion.decrypt | RECV: AUDIO Media Data type: 0 flags: 11 size: 8202 dataOffset: 2
09-15 13:34:50.120 12567 12953 D OPENHU  : [77] Companion.decrypt | RECV: AUDIO Media Data type: 0 flags: 11 size: 8202 dataOffset: 2
09-15 13:34:50.163 12567 12953 D OPENHU  : [77] Companion.decrypt | RECV: AUDIO Media Data type: 0 flags: 11 size: 8202 dataOffset: 2
09-15 13:34:50.204 12567 12953 D OPENHU  : [77] Companion.decrypt | RECV: AUDIO Media Data type: 0 flags: 11 size: 8202 dataOffset: 2
09-15 13:34:50.247 12567 12953 D OPENHU  : [77] Companion.decrypt | RECV: CONTROL Ping Request type: 11 flags: 11 size: 12 dataOffset: 2
09-15 13:34:50.248 12567 12953 V OPENHU  : [77] AapTransport.send | CONTROL Ping Response type: 12 flags: 11 size: 14 dataOffset: 6
09-15 13:34:50.251 12567 12953 D OPENHU  : [77] Companion.decrypt | RECV: AUDIO Media Data type: 0 flags: 11 size: 8202 dataOffset: 2
09-15 13:34:50.289 12567 12953 D OPENHU  : [77] Companion.decrypt | RECV: AUDIO Media Data type: 0 flags: 11 size: 8202 dataOffset: 2
09-15 13:34:50.334 12567 12953 D OPENHU  : [77] Companion.decrypt | RECV: AUDIO Media Data type: 0 flags: 11 size: 8202 dataOffset: 2
09-15 13:34:50.374 12567 12953 D OPENHU  : [77] Companion.decrypt | RECV: AUDIO Media Data type: 0 flags: 11 size: 8202 dataOffset: 2
09-15 13:34:50.414 12567 12953 D OPENHU  : [77] Companion.decrypt | RECV: MUSIC_PLAYBACK Media Playback Status type: 32769 flags: 11 size: 17 dataOffset: 2
09-15 13:34:50.415 12567 12953 D OPENHU  : [77] AapMediaPlayback.processStatusPacket | AapMediaPlayback: status mediaSource='VLC', playbackSeconds(u32)=76, state=PLAYING
09-15 13:34:50.420 12567 12953 D OPENHU  : [77] Companion.decrypt | RECV: AUDIO Media Data type: 0 flags: 11 size: 8202 dataOffset: 2
09-15 13:34:50.458 12567 12953 D OPENHU  : [77] Companion.decrypt | RECV: AUDIO Media Data type: 0 flags: 11 size: 8202 dataOffset: 2
09-15 13:34:50.503 12567 12953 D OPENHU  : [77] Companion.decrypt | RECV: AUDIO Media Data type: 0 flags: 11 size: 8202 dataOffset: 2
09-15 13:34:50.544 12567 12953 D OPENHU  : [77] Companion.decrypt | RECV: AUDIO Media Data type: 0 flags: 11 size: 8202 dataOffset: 2
09-15 13:34:50.587 12567 12953 D OPENHU  : [77] Companion.decrypt | RECV: AUDIO Media Data type: 0 flags: 11 size: 8202 dataOffset: 2
09-15 13:34:50.629 12567 12963 I OPENHU  : [80] AudioTrackWrapper.sampleHealth | audio sink AUDIO2 over 30097ms: underruns=0, silentCycles=0, rebanks=0, dropped=0, droppedFrames=0, shed=0, depth=0ms (min 0ms), queued=0, capacity=6400 frames (400ms), effective=6400 frames (400ms), target=1601 frames (100ms), drift=0ms
09-15 13:34:50.629 12567 12953 D OPENHU  : [77] Companion.decrypt | RECV: AUDIO Media Data type: 0 flags: 11 size: 8202 dataOffset: 2
09-15 13:34:50.665 12567 12965 I OPENHU  : [82] AudioTrackWrapper.sampleHealth | audio sink AUDIO1 over 30104ms: underruns=0, silentCycles=0, rebanks=0, dropped=0, droppedFrames=0, shed=0, depth=0ms (min 0ms), queued=0, capacity=6400 frames (400ms), effective=6400 frames (400ms), target=1601 frames (100ms), drift=0ms
09-15 13:34:50.675 12567 12953 D OPENHU  : [77] Companion.decrypt | RECV: AUDIO Media Data type: 0 flags: 11 size: 8202 dataOffset: 2
09-15 13:34:50.715 12567 12953 D OPENHU  : [77] Companion.decrypt | RECV: AUDIO Media Data type: 0 flags: 11 size: 8202 dataOffset: 2
09-15 13:34:50.757 12567 12953 D OPENHU  : [77] Companion.decrypt | RECV: AUDIO Media Data type: 0 flags: 11 size: 8202 dataOffset: 2
09-15 13:34:50.794 12567 12967 I OPENHU  : [84] AudioTrackWrapper.sampleHealth | audio sink AUDIO over 30208ms: underruns=0, silentCycles=0, rebanks=0, dropped=0, droppedFrames=0, shed=0, depth=645ms (min 0ms), queued=15, capacity=61568 frames (1282ms), effective=61568 frames (1282ms), target=19200 frames (400ms), drift=0ms
09-15 13:34:50.801 12567 12953 D OPENHU  : [77] Companion.decrypt | RECV: AUDIO Media Data type: 0 flags: 11 size: 8202 dataOffset: 2
09-15 13:34:50.846 12567 12953 D OPENHU  : [77] Companion.decrypt | RECV: AUDIO Media Data type: 0 flags: 11 size: 8202 dataOffset: 2
09-15 13:34:50.886 12567 12953 D OPENHU  : [77] Companion.decrypt | RECV: AUDIO Media Data type: 0 flags: 11 size: 8202 dataOffset: 2
09-15 13:34:50.931 12567 12953 D OPENHU  : [77] Companion.decrypt | RECV: AUDIO Media Data type: 0 flags: 11 size: 8202 dataOffset: 2
09-15 13:34:50.971 12567 12953 D OPENHU  : [77] Companion.decrypt | RECV: AUDIO Media Data type: 0 flags: 11 size: 8202 dataOffset: 2
09-15 13:34:51.014 12567 12953 D OPENHU  : [77] Companion.decrypt | RECV: AUDIO Media Data type: 0 flags: 11 size: 8202 dataOffset: 2
09-15 13:34:51.029 12567 12567 V OPENHU  : [2] GpsLocation.onLocationChanged | GpsLocation: fix received
09-15 13:34:51.038 12567 12567 V OPENHU  : [2] AapTransport.send | SENSOR Sensor Event type: 32771 flags: 11 size: 46 dataOffset: 6
09-15 13:34:51.058 12567 12953 D OPENHU  : [77] Companion.decrypt | RECV: AUDIO Media Data type: 0 flags: 11 size: 8202 dataOffset: 2
09-15 13:34:51.100 12567 12953 D OPENHU  : [77] Companion.decrypt | RECV: AUDIO Media Data type: 0 flags: 11 size: 8202 dataOffset: 2
09-15 13:34:51.119 12567 12983 I OPENHU  : [88] VideoDecoder.logThroughput | Throughput over 5004ms: rendered=169 (33fps), fed=169 (33fps), dropped=0, skipped=0, concealed=0, inputWait=75ms, enqueueWait=0ms, codec=c2.unisoc.avc.decoder, presented=169 (33fps), decodeLatency=9ms p95=12ms (169 frames)
09-15 13:34:51.142 12567 12953 D OPENHU  : [77] Companion.decrypt | RECV: AUDIO Media Data type: 0 flags: 11 size: 8202 dataOffset: 2
09-15 13:34:51.185 12567 12953 D OPENHU  : [77] Companion.decrypt | RECV: AUDIO Media Data type: 0 flags: 11 size: 8202 dataOffset: 2
09-15 13:34:51.228 12567 12953 D OPENHU  : [77] Companion.decrypt | RECV: AUDIO Media Data type: 0 flags: 11 size: 8202 dataOffset: 2
09-15 13:34:51.245 12567 12953 D OPENHU  : [77] Companion.decrypt | RECV: CONTROL Ping Request type: 11 flags: 11 size: 12 dataOffset: 2
09-15 13:34:51.246 12567 12953 V OPENHU  : [77] AapTransport.send | CONTROL Ping Response type: 12 flags: 11 size: 14 dataOffset: 6
09-15 13:34:51.270 12567 12953 D OPENHU  : [77] Companion.decrypt | RECV: AUDIO Media Data type: 0 flags: 11 size: 8202 dataOffset: 2
09-15 13:34:51.312 12567 12953 D OPENHU  : [77] Companion.decrypt | RECV: AUDIO Media Data type: 0 flags: 11 size: 8202 dataOffset: 2
09-15 13:34:51.358 12567 12953 D OPENHU  : [77] Companion.decrypt | RECV: AUDIO Media Data type: 0 flags: 11 size: 8202 dataOffset: 2
09-15 13:34:51.404 12567 12953 D OPENHU  : [77] Companion.decrypt | RECV: AUDIO Media Data type: 0 flags: 11 size: 8202 dataOffset: 2
09-15 13:34:51.415 12567 12953 D OPENHU  : [77] Companion.decrypt | RECV: MUSIC_PLAYBACK Media Playback Status type: 32769 flags: 11 size: 17 dataOffset: 2
09-15 13:34:51.416 12567 12953 D OPENHU  : [77] AapMediaPlayback.processStatusPacket | AapMediaPlayback: status mediaSource='VLC', playbackSeconds(u32)=77, state=PLAYING
09-15 13:34:51.442 12567 12953 D OPENHU  : [77] Companion.decrypt | RECV: AUDIO Media Data type: 0 flags: 11 size: 8202 dataOffset: 2
09-15 13:34:51.484 12567 12567 I OPENHU  : [2] TextureProjectionView.onSurfaceTextureUpdated | TextureProjectionView: displayed 141 frames in 5018ms (28fps), longFrames=1
09-15 13:34:51.486 12567 12953 D OPENHU  : [77] Companion.decrypt | RECV: AUDIO Media Data type: 0 flags: 11 size: 8202 dataOffset: 2
09-15 13:34:51.527 12567 12953 D OPENHU  : [77] Companion.decrypt | RECV: AUDIO Media Data type: 0 flags: 11 size: 8202 dataOffset: 2
09-15 13:34:51.568 12567 12953 D OPENHU  : [77] Companion.decrypt | RECV: AUDIO Media Data type: 0 flags: 11 size: 8202 dataOffset: 2
09-15 13:34:51.612 12567 12953 D OPENHU  : [77] Companion.decrypt | RECV: AUDIO Media Data type: 0 flags: 11 size: 8202 dataOffset: 2
09-15 13:34:51.654 12567 12953 D OPENHU  : [77] Companion.decrypt | RECV: AUDIO Media Data type: 0 flags: 11 size: 8202 dataOffset: 2
09-15 13:34:51.699 12567 12953 D OPENHU  : [77] Companion.decrypt | RECV: AUDIO Media Data type: 0 flags: 11 size: 8202 dataOffset: 2
09-15 13:34:51.739 12567 12953 D OPENHU  : [77] Companion.decrypt | RECV: AUDIO Media Data type: 0 flags: 11 size: 8202 dataOffset: 2
09-15 13:34:51.784 12567 12953 D OPENHU  : [77] Companion.decrypt | RECV: AUDIO Media Data type: 0 flags: 11 size: 8202 dataOffset: 2
09-15 13:34:51.827 12567 12953 D OPENHU  : [77] Companion.decrypt | RECV: AUDIO Media Data type: 0 flags: 11 size: 8202 dataOffset: 2
09-15 13:34:51.871 12567 12953 D OPENHU  : [77] Companion.decrypt | RECV: AUDIO Media Data type: 0 flags: 11 size: 8202 dataOffset: 2
09-15 13:34:51.912 12567 12953 D OPENHU  : [77] Companion.decrypt | RECV: AUDIO Media Data type: 0 flags: 11 size: 8202 dataOffset: 2
09-15 13:34:51.955 12567 12953 D OPENHU  : [77] Companion.decrypt | RECV: AUDIO Media Data type: 0 flags: 11 size: 8202 dataOffset: 2
09-15 13:34:51.997 12567 12567 V OPENHU  : [2] GpsLocation.onLocationChanged | GpsLocation: fix received
09-15 13:34:51.997 12567 12953 D OPENHU  : [77] Companion.decrypt | RECV: AUDIO Media Data type: 0 flags: 11 size: 8202 dataOffset: 2
09-15 13:34:52.013 12567 12567 V OPENHU  : [2] AapTransport.send | SENSOR Sensor Event type: 32771 flags: 11 size: 46 dataOffset: 6
09-15 13:34:52.039 12567 12953 D OPENHU  : [77] Companion.decrypt | RECV: AUDIO Media Data type: 0 flags: 11 size: 8202 dataOffset: 2
09-15 13:34:52.082 12567 12953 D OPENHU  : [77] Companion.decrypt | RECV: AUDIO Media Data type: 0 flags: 11 size: 8202 dataOffset: 2
09-15 13:34:52.123 12567 12953 D OPENHU  : [77] Companion.decrypt | RECV: AUDIO Media Data type: 0 flags: 11 size: 8202 dataOffset: 2
09-15 13:34:52.167 12567 12953 D OPENHU  : [77] Companion.decrypt | RECV: AUDIO Media Data type: 0 flags: 11 size: 8202 dataOffset: 2
09-15 13:34:52.209 12567 12953 D OPENHU  : [77] Companion.decrypt | RECV: AUDIO Media Data type: 0 flags: 11 size: 8202 dataOffset: 2
09-15 13:34:52.245 12567 12953 D OPENHU  : [77] Companion.decrypt | RECV: CONTROL Ping Request type: 11 flags: 11 size: 12 dataOffset: 2
09-15 13:34:52.246 12567 12953 V OPENHU  : [77] AapTransport.send | CONTROL Ping Response type: 12 flags: 11 size: 14 dataOffset: 6
09-15 13:34:52.250 12567 12953 D OPENHU  : [77] Companion.decrypt | RECV: AUDIO Media Data type: 0 flags: 11 size: 8202 dataOffset: 2
09-15 13:34:52.294 12567 12953 D OPENHU  : [77] Companion.decrypt | RECV: AUDIO Media Data type: 0 flags: 11 size: 8202 dataOffset: 2
09-15 13:34:52.336 12567 12953 D OPENHU  : [77] Companion.decrypt | RECV: AUDIO Media Data type: 0 flags: 11 size: 8202 dataOffset: 2
09-15 13:34:52.380 12567 12953 D OPENHU  : [77] Companion.decrypt | RECV: AUDIO Media Data type: 0 flags: 11 size: 8202 dataOffset: 2
09-15 13:34:52.415 12567 12953 D OPENHU  : [77] Companion.decrypt | RECV: MUSIC_PLAYBACK Media Playback Status type: 32769 flags: 11 size: 17 dataOffset: 2
09-15 13:34:52.416 12567 12953 D OPENHU  : [77] AapMediaPlayback.processStatusPacket | AapMediaPlayback: status mediaSource='VLC', playbackSeconds(u32)=78, state=PLAYING
09-15 13:34:52.422 12567 12953 D OPENHU  : [77] Companion.decrypt | RECV: AUDIO Media Data type: 0 flags: 11 size: 8202 dataOffset: 2
09-15 13:34:52.466 12567 12953 D OPENHU  : [77] Companion.decrypt | RECV: AUDIO Media Data type: 0 flags: 11 size: 8202 dataOffset: 2
09-15 13:34:52.507 12567 12953 D OPENHU  : [77] Companion.decrypt | RECV: AUDIO Media Data type: 0 flags: 11 size: 8202 dataOffset: 2
09-15 13:34:52.550 12567 12953 D OPENHU  : [77] Companion.decrypt | RECV: AUDIO Media Data type: 0 flags: 11 size: 8202 dataOffset: 2
09-15 13:34:52.591 12567 12953 D OPENHU  : [77] Companion.decrypt | RECV: AUDIO Media Data type: 0 flags: 11 size: 8202 dataOffset: 2
09-15 13:34:52.635 12567 12953 D OPENHU  : [77] Companion.decrypt | RECV: AUDIO Media Data type: 0 flags: 11 size: 8202 dataOffset: 2
09-15 13:34:52.678 12567 12953 D OPENHU  : [77] Companion.decrypt | RECV: AUDIO Media Data type: 0 flags: 11 size: 8202 dataOffset: 2
09-15 13:34:52.722 12567 12953 D OPENHU  : [77] Companion.decrypt | RECV: AUDIO Media Data type: 0 flags: 11 size: 8202 dataOffset: 2
09-15 13:34:52.764 12567 12953 D OPENHU  : [77] Companion.decrypt | RECV: AUDIO Media Data type: 0 flags: 11 size: 8202 dataOffset: 2
09-15 13:34:52.807 12567 12953 D OPENHU  : [77] Companion.decrypt | RECV: AUDIO Media Data type: 0 flags: 11 size: 8202 dataOffset: 2
09-15 13:34:52.848 12567 12953 D OPENHU  : [77] Companion.decrypt | RECV: AUDIO Media Data type: 0 flags: 11 size: 8202 dataOffset: 2
09-15 13:34:52.891 12567 12953 D OPENHU  : [77] Companion.decrypt | RECV: AUDIO Media Data type: 0 flags: 11 size: 8202 dataOffset: 2
09-15 13:34:52.935 12567 12953 D OPENHU  : [77] Companion.decrypt | RECV: AUDIO Media Data type: 0 flags: 11 size: 8202 dataOffset: 2
09-15 13:34:52.978 12567 12953 D OPENHU  : [77] Companion.decrypt | RECV: AUDIO Media Data type: 0 flags: 11 size: 8202 dataOffset: 2
09-15 13:34:53.017 12567 12567 V OPENHU  : [2] GpsLocation.onLocationChanged | GpsLocation: fix received
09-15 13:34:53.020 12567 12953 D OPENHU  : [77] Companion.decrypt | RECV: AUDIO Media Data type: 0 flags: 11 size: 8202 dataOffset: 2
09-15 13:34:53.023 12567 12567 V OPENHU  : [2] AapTransport.send | SENSOR Sensor Event type: 32771 flags: 11 size: 46 dataOffset: 6
09-15 13:34:53.063 12567 12953 D OPENHU  : [77] Companion.decrypt | RECV: AUDIO Media Data type: 0 flags: 11 size: 8202 dataOffset: 2
09-15 13:34:53.105 12567 12953 D OPENHU  : [77] Companion.decrypt | RECV: AUDIO Media Data type: 0 flags: 11 size: 8202 dataOffset: 2
09-15 13:34:53.147 12567 12953 D OPENHU  : [77] Companion.decrypt | RECV: AUDIO Media Data type: 0 flags: 11 size: 8202 dataOffset: 2
09-15 13:34:53.193 12567 12953 D OPENHU  : [77] Companion.decrypt | RECV: AUDIO Media Data type: 0 flags: 11 size: 8202 dataOffset: 2
09-15 13:34:53.235 12567 12953 D OPENHU  : [77] Companion.decrypt | RECV: AUDIO Media Data type: 0 flags: 11 size: 8202 dataOffset: 2
09-15 13:34:53.248 12567 12953 D OPENHU  : [77] Companion.decrypt | RECV: CONTROL Ping Request type: 11 flags: 11 size: 12 dataOffset: 2
09-15 13:34:53.250 12567 12953 V OPENHU  : [77] AapTransport.send | CONTROL Ping Response type: 12 flags: 11 size: 14 dataOffset: 6
09-15 13:34:53.279 12567 12953 D OPENHU  : [77] Companion.decrypt | RECV: AUDIO Media Data type: 0 flags: 11 size: 8202 dataOffset: 2
09-15 13:34:53.318 12567 12953 D OPENHU  : [77] Companion.decrypt | RECV: AUDIO Media Data type: 0 flags: 11 size: 8202 dataOffset: 2
09-15 13:34:53.362 12567 12953 D OPENHU  : [77] Companion.decrypt | RECV: AUDIO Media Data type: 0 flags: 11 size: 8202 dataOffset: 2
09-15 13:34:53.404 12567 12953 D OPENHU  : [77] Companion.decrypt | RECV: AUDIO Media Data type: 0 flags: 11 size: 8202 dataOffset: 2
09-15 13:34:53.413 12567 12953 D OPENHU  : [77] Companion.decrypt | RECV: MUSIC_PLAYBACK Media Playback Status type: 32769 flags: 11 size: 17 dataOffset: 2
09-15 13:34:53.414 12567 12953 D OPENHU  : [77] AapMediaPlayback.processStatusPacket | AapMediaPlayback: status mediaSource='VLC', playbackSeconds(u32)=79, state=PLAYING
09-15 13:34:53.447 12567 12953 D OPENHU  : [77] Companion.decrypt | RECV: AUDIO Media Data type: 0 flags: 11 size: 8202 dataOffset: 2
09-15 13:34:53.489 12567 12953 D OPENHU  : [77] Companion.decrypt | RECV: AUDIO Media Data type: 0 flags: 11 size: 8202 dataOffset: 2
09-15 13:34:53.531 12567 12953 D OPENHU  : [77] Companion.decrypt | RECV: AUDIO Media Data type: 0 flags: 11 size: 8202 dataOffset: 2
09-15 13:34:53.574 12567 12953 D OPENHU  : [77] Companion.decrypt | RECV: AUDIO Media Data type: 0 flags: 11 size: 8202 dataOffset: 2
09-15 13:34:53.616 12567 12953 D OPENHU  : [77] Companion.decrypt | RECV: AUDIO Media Data type: 0 flags: 11 size: 8202 dataOffset: 2
09-15 13:34:53.658 12567 12953 D OPENHU  : [77] Companion.decrypt | RECV: AUDIO Media Data type: 0 flags: 11 size: 8202 dataOffset: 2
09-15 13:34:53.706 12567 12953 D OPENHU  : [77] Companion.decrypt | RECV: AUDIO Media Data type: 0 flags: 11 size: 8202 dataOffset: 2
09-15 13:34:53.746 12567 12953 D OPENHU  : [77] Companion.decrypt | RECV: AUDIO Media Data type: 0 flags: 11 size: 8202 dataOffset: 2
09-15 13:34:53.790 12567 12953 D OPENHU  : [77] Companion.decrypt | RECV: AUDIO Media Data type: 0 flags: 11 size: 8202 dataOffset: 2
09-15 13:34:53.833 12567 12953 D OPENHU  : [77] Companion.decrypt | RECV: AUDIO Media Data type: 0 flags: 11 size: 8202 dataOffset: 2
09-15 13:34:53.876 12567 12953 D OPENHU  : [77] Companion.decrypt | RECV: AUDIO Media Data type: 0 flags: 11 size: 8202 dataOffset: 2
09-15 13:34:53.917 12567 12953 D OPENHU  : [77] Companion.decrypt | RECV: AUDIO Media Data type: 0 flags: 11 size: 8202 dataOffset: 2
09-15 13:34:53.958 12567 12953 D OPENHU  : [77] Companion.decrypt | RECV: AUDIO Media Data type: 0 flags: 11 size: 8202 dataOffset: 2
09-15 13:34:54.002 12567 12953 D OPENHU  : [77] Companion.decrypt | RECV: AUDIO Media Data type: 0 flags: 11 size: 8202 dataOffset: 2
09-15 13:34:54.014 12567 12567 V OPENHU  : [2] GpsLocation.onLocationChanged | GpsLocation: fix received
09-15 13:34:54.034 12567 12567 V OPENHU  : [2] AapTransport.send | SENSOR Sensor Event type: 32771 flags: 11 size: 46 dataOffset: 6
09-15 13:34:54.046 12567 12953 D OPENHU  : [77] Companion.decrypt | RECV: AUDIO Media Data type: 0 flags: 11 size: 8202 dataOffset: 2
09-15 13:34:54.086 12567 12953 D OPENHU  : [77] Companion.decrypt | RECV: AUDIO Media Data type: 0 flags: 11 size: 8202 dataOffset: 2
09-15 13:34:54.129 12567 12953 D OPENHU  : [77] Companion.decrypt | RECV: AUDIO Media Data type: 0 flags: 11 size: 8202 dataOffset: 2
09-15 13:34:54.172 12567 12953 D OPENHU  : [77] Companion.decrypt | RECV: AUDIO Media Data type: 0 flags: 11 size: 8202 dataOffset: 2
09-15 13:34:54.214 12567 12953 D OPENHU  : [77] Companion.decrypt | RECV: AUDIO Media Data type: 0 flags: 11 size: 8202 dataOffset: 2
09-15 13:34:54.248 12567 12953 D OPENHU  : [77] Companion.decrypt | RECV: CONTROL Ping Request type: 11 flags: 11 size: 12 dataOffset: 2
09-15 13:34:54.249 12567 12953 V OPENHU  : [77] AapTransport.send | CONTROL Ping Response type: 12 flags: 11 size: 14 dataOffset: 6
09-15 13:34:54.257 12567 12953 D OPENHU  : [77] Companion.decrypt | RECV: AUDIO Media Data type: 0 flags: 11 size: 8202 dataOffset: 2
09-15 13:34:54.302 12567 12953 D OPENHU  : [77] Companion.decrypt | RECV: AUDIO Media Data type: 0 flags: 11 size: 8202 dataOffset: 2
09-15 13:34:54.345 12567 12953 D OPENHU  : [77] Companion.decrypt | RECV: AUDIO Media Data type: 0 flags: 11 size: 8202 dataOffset: 2
09-15 13:34:54.386 12567 12953 D OPENHU  : [77] Companion.decrypt | RECV: AUDIO Media Data type: 0 flags: 11 size: 8202 dataOffset: 2
09-15 13:34:54.416 12567 12953 D OPENHU  : [77] Companion.decrypt | RECV: MUSIC_PLAYBACK Media Playback Status type: 32769 flags: 11 size: 17 dataOffset: 2
09-15 13:34:54.417 12567 12953 D OPENHU  : [77] AapMediaPlayback.processStatusPacket | AapMediaPlayback: status mediaSource='VLC', playbackSeconds(u32)=80, state=PLAYING
09-15 13:34:54.429 12567 12953 D OPENHU  : [77] Companion.decrypt | RECV: AUDIO Media Data type: 0 flags: 11 size: 8202 dataOffset: 2
09-15 13:34:54.473 12567 12953 D OPENHU  : [77] Companion.decrypt | RECV: AUDIO Media Data type: 0 flags: 11 size: 8202 dataOffset: 2
09-15 13:34:54.513 12567 12953 D OPENHU  : [77] Companion.decrypt | RECV: AUDIO Media Data type: 0 flags: 11 size: 8202 dataOffset: 2
09-15 13:34:54.556 12567 12953 D OPENHU  : [77] Companion.decrypt | RECV: AUDIO Media Data type: 0 flags: 11 size: 8202 dataOffset: 2
09-15 13:34:54.598 12567 12953 D OPENHU  : [77] Companion.decrypt | RECV: AUDIO Media Data type: 0 flags: 11 size: 8202 dataOffset: 2
09-15 13:34:54.644 12567 12953 D OPENHU  : [77] Companion.decrypt | RECV: AUDIO Media Data type: 0 flags: 11 size: 8202 dataOffset: 2
09-15 13:34:54.685 12567 12953 D OPENHU  : [77] Companion.decrypt | RECV: AUDIO Media Data type: 0 flags: 11 size: 8202 dataOffset: 2
09-15 13:34:54.726 12567 12953 D OPENHU  : [77] Companion.decrypt | RECV: AUDIO Media Data type: 0 flags: 11 size: 8202 dataOffset: 2
09-15 13:34:54.768 12567 12953 D OPENHU  : [77] Companion.decrypt | RECV: AUDIO Media Data type: 0 flags: 11 size: 8202 dataOffset: 2
09-15 13:34:54.812 12567 12953 D OPENHU  : [77] Companion.decrypt | RECV: AUDIO Media Data type: 0 flags: 11 size: 8202 dataOffset: 2
09-15 13:34:54.855 12567 12953 D OPENHU  : [77] Companion.decrypt | RECV: AUDIO Media Data type: 0 flags: 11 size: 8202 dataOffset: 2
09-15 13:34:54.898 12567 12953 D OPENHU  : [77] Companion.decrypt | RECV: AUDIO Media Data type: 0 flags: 11 size: 8202 dataOffset: 2
09-15 13:34:54.938 12567 12953 D OPENHU  : [77] Companion.decrypt | RECV: AUDIO Media Data type: 0 flags: 11 size: 8202 dataOffset: 2
09-15 13:34:54.983 12567 12953 D OPENHU  : [77] Companion.decrypt | RECV: AUDIO Media Data type: 0 flags: 11 size: 8202 dataOffset: 2
09-15 13:34:55.018 12567 12567 V OPENHU  : [2] GpsLocation.onLocationChanged | GpsLocation: fix received
09-15 13:34:55.024 12567 12953 D OPENHU  : [77] Companion.decrypt | RECV: AUDIO Media Data type: 0 flags: 11 size: 8202 dataOffset: 2
09-15 13:34:55.025 12567 12567 V OPENHU  : [2] AapTransport.send | SENSOR Sensor Event type: 32771 flags: 11 size: 46 dataOffset: 6
09-15 13:34:55.069 12567 12953 D OPENHU  : [77] Companion.decrypt | RECV: AUDIO Media Data type: 0 flags: 11 size: 8202 dataOffset: 2
09-15 13:34:55.110 12567 12953 D OPENHU  : [77] Companion.decrypt | RECV: AUDIO Media Data type: 0 flags: 11 size: 8202 dataOffset: 2
09-15 13:34:55.156 12567 12953 D OPENHU  : [77] Companion.decrypt | RECV: AUDIO Media Data type: 0 flags: 11 size: 8202 dataOffset: 2
09-15 13:34:55.197 12567 12953 D OPENHU  : [77] Companion.decrypt | RECV: AUDIO Media Data type: 0 flags: 11 size: 8202 dataOffset: 2
09-15 13:34:55.242 12567 12953 D OPENHU  : [77] Companion.decrypt | RECV: AUDIO Media Data type: 0 flags: 11 size: 8202 dataOffset: 2
09-15 13:34:55.251 12567 12953 D OPENHU  : [77] Companion.decrypt | RECV: CONTROL Ping Request type: 11 flags: 11 size: 12 dataOffset: 2
09-15 13:34:55.252 12567 12953 V OPENHU  : [77] AapTransport.send | CONTROL Ping Response type: 12 flags: 11 size: 14 dataOffset: 6
09-15 13:34:55.281 12567 12953 D OPENHU  : [77] Companion.decrypt | RECV: AUDIO Media Data type: 0 flags: 11 size: 8202 dataOffset: 2
09-15 13:34:55.323 12567 12953 D OPENHU  : [77] Companion.decrypt | RECV: AUDIO Media Data type: 0 flags: 11 size: 8202 dataOffset: 2
09-15 13:34:55.367 12567 12953 D OPENHU  : [77] Companion.decrypt | RECV: AUDIO Media Data type: 0 flags: 11 size: 8202 dataOffset: 2
09-15 13:34:55.410 12567 12953 D OPENHU  : [77] Companion.decrypt | RECV: AUDIO Media Data type: 0 flags: 11 size: 8202 dataOffset: 2
09-15 13:34:55.416 12567 12953 D OPENHU  : [77] Companion.decrypt | RECV: MUSIC_PLAYBACK Media Playback Status type: 32769 flags: 11 size: 17 dataOffset: 2
09-15 13:34:55.418 12567 12953 D OPENHU  : [77] AapMediaPlayback.processStatusPacket | AapMediaPlayback: status mediaSource='VLC', playbackSeconds(u32)=81, state=PLAYING
09-15 13:34:55.451 12567 12953 D OPENHU  : [77] Companion.decrypt | RECV: AUDIO Media Data type: 0 flags: 11 size: 8202 dataOffset: 2
09-15 13:34:55.494 12567 12953 D OPENHU  : [77] Companion.decrypt | RECV: AUDIO Media Data type: 0 flags: 11 size: 8202 dataOffset: 2
09-15 13:34:55.538 12567 12953 D OPENHU  : [77] Companion.decrypt | RECV: AUDIO Media Data type: 0 flags: 11 size: 8202 dataOffset: 2
09-15 13:34:55.580 12567 12953 D OPENHU  : [77] Companion.decrypt | RECV: AUDIO Media Data type: 0 flags: 11 size: 8202 dataOffset: 2
09-15 13:34:55.621 12567 12953 D OPENHU  : [77] Companion.decrypt | RECV: AUDIO Media Data type: 0 flags: 11 size: 8202 dataOffset: 2
09-15 13:34:55.666 12567 12953 D OPENHU  : [77] Companion.decrypt | RECV: AUDIO Media Data type: 0 flags: 11 size: 8202 dataOffset: 2
09-15 13:34:55.709 12567 12953 D OPENHU  : [77] Companion.decrypt | RECV: AUDIO Media Data type: 0 flags: 11 size: 8202 dataOffset: 2
09-15 13:34:55.751 12567 12953 D OPENHU  : [77] Companion.decrypt | RECV: AUDIO Media Data type: 0 flags: 11 size: 8202 dataOffset: 2
09-15 13:34:55.792 12567 12953 D OPENHU  : [77] Companion.decrypt | RECV: AUDIO Media Data type: 0 flags: 11 size: 8202 dataOffset: 2
09-15 13:34:55.839 12567 12953 D OPENHU  : [77] Companion.decrypt | RECV: AUDIO Media Data type: 0 flags: 11 size: 8202 dataOffset: 2
09-15 13:34:55.882 12567 12953 D OPENHU  : [77] Companion.decrypt | RECV: AUDIO Media Data type: 0 flags: 11 size: 8202 dataOffset: 2
09-15 13:34:55.921 12567 12953 D OPENHU  : [77] Companion.decrypt | RECV: AUDIO Media Data type: 0 flags: 11 size: 8202 dataOffset: 2
09-15 13:34:55.971 12567 12953 D OPENHU  : [77] Companion.decrypt | RECV: AUDIO Media Data type: 0 flags: 11 size: 8202 dataOffset: 2
09-15 13:34:56.001 12567 12567 V OPENHU  : [2] GpsLocation.onLocationChanged | GpsLocation: fix received
09-15 13:34:56.006 12567 12953 D OPENHU  : [77] Companion.decrypt | RECV: AUDIO Media Data type: 0 flags: 11 size: 8202 dataOffset: 2
09-15 13:34:56.011 12567 12567 V OPENHU  : [2] AapTransport.send | SENSOR Sensor Event type: 32771 flags: 11 size: 46 dataOffset: 6
09-15 13:34:56.051 12567 12953 D OPENHU  : [77] Companion.decrypt | RECV: AUDIO Media Data type: 0 flags: 11 size: 8202 dataOffset: 2
09-15 13:34:56.092 12567 12953 D OPENHU  : [77] Companion.decrypt | RECV: AUDIO Media Data type: 0 flags: 11 size: 8202 dataOffset: 2
09-15 13:34:56.125 12567 12983 I OPENHU  : [88] VideoDecoder.logThroughput | Throughput over 5008ms: rendered=174 (34fps), fed=175 (34fps), dropped=0, skipped=0, concealed=0, inputWait=70ms, enqueueWait=0ms, codec=c2.unisoc.avc.decoder, presented=174 (34fps), decodeLatency=9ms p95=12ms (174 frames)
09-15 13:34:56.134 12567 12953 D OPENHU  : [77] Companion.decrypt | RECV: AUDIO Media Data type: 0 flags: 11 size: 8202 dataOffset: 2
09-15 13:34:56.177 12567 12953 D OPENHU  : [77] Companion.decrypt | RECV: AUDIO Media Data type: 0 flags: 11 size: 8202 dataOffset: 2
09-15 13:34:56.220 12567 12953 D OPENHU  : [77] Companion.decrypt | RECV: AUDIO Media Data type: 0 flags: 11 size: 8202 dataOffset: 2
09-15 13:34:56.250 12567 12953 D OPENHU  : [77] Companion.decrypt | RECV: CONTROL Ping Request type: 11 flags: 11 size: 12 dataOffset: 2
09-15 13:34:56.251 12567 12953 V OPENHU  : [77] AapTransport.send | CONTROL Ping Response type: 12 flags: 11 size: 14 dataOffset: 6
09-15 13:34:56.263 12567 12953 D OPENHU  : [77] Companion.decrypt | RECV: AUDIO Media Data type: 0 flags: 11 size: 8202 dataOffset: 2
09-15 13:34:56.306 12567 12953 D OPENHU  : [77] Companion.decrypt | RECV: AUDIO Media Data type: 0 flags: 11 size: 8202 dataOffset: 2
09-15 13:34:56.348 12567 12953 D OPENHU  : [77] Companion.decrypt | RECV: AUDIO Media Data type: 0 flags: 11 size: 8202 dataOffset: 2
09-15 13:34:56.390 12567 12953 D OPENHU  : [77] Companion.decrypt | RECV: AUDIO Media Data type: 0 flags: 11 size: 8202 dataOffset: 2
09-15 13:34:56.415 12567 12953 D OPENHU  : [77] Companion.decrypt | RECV: MUSIC_PLAYBACK Media Playback Status type: 32769 flags: 11 size: 17 dataOffset: 2
09-15 13:34:56.416 12567 12953 D OPENHU  : [77] AapMediaPlayback.processStatusPacket | AapMediaPlayback: status mediaSource='VLC', playbackSeconds(u32)=82, state=PLAYING
09-15 13:34:56.434 12567 12953 D OPENHU  : [77] Companion.decrypt | RECV: AUDIO Media Data type: 0 flags: 11 size: 8202 dataOffset: 2
09-15 13:34:56.476 12567 12953 D OPENHU  : [77] Companion.decrypt | RECV: AUDIO Media Data type: 0 flags: 11 size: 8202 dataOffset: 2
09-15 13:34:56.483 12567 12567 I OPENHU  : [2] TextureProjectionView.onSurfaceTextureUpdated | TextureProjectionView: displayed 142 frames in 5000ms (28fps), longFrames=1
09-15 13:34:56.520 12567 12953 D OPENHU  : [77] Companion.decrypt | RECV: AUDIO Media Data type: 0 flags: 11 size: 8202 dataOffset: 2
09-15 13:34:56.561 12567 12953 D OPENHU  : [77] Companion.decrypt | RECV: AUDIO Media Data type: 0 flags: 11 size: 8202 dataOffset: 2
09-15 13:34:56.604 12567 12953 D OPENHU  : [77] Companion.decrypt | RECV: AUDIO Media Data type: 0 flags: 11 size: 8202 dataOffset: 2
09-15 13:34:56.648 12567 12953 D OPENHU  : [77] Companion.decrypt | RECV: AUDIO Media Data type: 0 flags: 11 size: 8202 dataOffset: 2
09-15 13:34:56.691 12567 12953 D OPENHU  : [77] Companion.decrypt | RECV: AUDIO Media Data type: 0 flags: 11 size: 8202 dataOffset: 2
09-15 13:34:56.731 12567 12953 D OPENHU  : [77] Companion.decrypt | RECV: AUDIO Media Data type: 0 flags: 11 size: 8202 dataOffset: 2
09-15 13:34:56.775 12567 12953 D OPENHU  : [77] Companion.decrypt | RECV: AUDIO Media Data type: 0 flags: 11 size: 8202 dataOffset: 2
09-15 13:34:56.815 12567 12953 D OPENHU  : [77] Companion.decrypt | RECV: AUDIO Media Data type: 0 flags: 11 size: 8202 dataOffset: 2
09-15 13:34:56.858 12567 12953 D OPENHU  : [77] Companion.decrypt | RECV: AUDIO Media Data type: 0 flags: 11 size: 8202 dataOffset: 2
09-15 13:34:56.902 12567 12953 D OPENHU  : [77] Companion.decrypt | RECV: AUDIO Media Data type: 0 flags: 11 size: 8202 dataOffset: 2
09-15 13:34:56.945 12567 12953 D OPENHU  : [77] Companion.decrypt | RECV: AUDIO Media Data type: 0 flags: 11 size: 8202 dataOffset: 2
09-15 13:34:56.998 12567 12953 D OPENHU  : [77] Companion.decrypt | RECV: AUDIO Media Data type: 0 flags: 11 size: 8202 dataOffset: 2
09-15 13:34:57.031 12567 12567 V OPENHU  : [2] GpsLocation.onLocationChanged | GpsLocation: fix received
09-15 13:34:57.032 12567 12953 D OPENHU  : [77] Companion.decrypt | RECV: AUDIO Media Data type: 0 flags: 11 size: 8202 dataOffset: 2
09-15 13:34:57.042 12567 12567 V OPENHU  : [2] AapTransport.send | SENSOR Sensor Event type: 32771 flags: 11 size: 46 dataOffset: 6
09-15 13:34:57.072 12567 12953 D OPENHU  : [77] Companion.decrypt | RECV: AUDIO Media Data type: 0 flags: 11 size: 8202 dataOffset: 2
09-15 13:34:57.116 12567 12953 D OPENHU  : [77] Companion.decrypt | RECV: AUDIO Media Data type: 0 flags: 11 size: 8202 dataOffset: 2
09-15 13:34:57.159 12567 12953 D OPENHU  : [77] Companion.decrypt | RECV: AUDIO Media Data type: 0 flags: 11 size: 8202 dataOffset: 2
09-15 13:34:57.201 12567 12953 D OPENHU  : [77] Companion.decrypt | RECV: AUDIO Media Data type: 0 flags: 11 size: 8202 dataOffset: 2
09-15 13:34:57.243 12567 12953 D OPENHU  : [77] Companion.decrypt | RECV: AUDIO Media Data type: 0 flags: 11 size: 8202 dataOffset: 2
09-15 13:34:57.251 12567 12953 D OPENHU  : [77] Companion.decrypt | RECV: CONTROL Ping Request type: 11 flags: 11 size: 12 dataOffset: 2
09-15 13:34:57.251 12567 12953 V OPENHU  : [77] AapTransport.send | CONTROL Ping Response type: 12 flags: 11 size: 14 dataOffset: 6
09-15 13:34:57.287 12567 12953 D OPENHU  : [77] Companion.decrypt | RECV: AUDIO Media Data type: 0 flags: 11 size: 8202 dataOffset: 2
09-15 13:34:57.329 12567 12953 D OPENHU  : [77] Companion.decrypt | RECV: AUDIO Media Data type: 0 flags: 11 size: 8202 dataOffset: 2
09-15 13:34:57.372 12567 12953 D OPENHU  : [77] Companion.decrypt | RECV: AUDIO Media Data type: 0 flags: 11 size: 8202 dataOffset: 2
09-15 13:34:57.414 12567 12953 D OPENHU  : [77] Companion.decrypt | RECV: AUDIO Media Data type: 0 flags: 11 size: 8202 dataOffset: 2
09-15 13:34:57.418 12567 12953 D OPENHU  : [77] Companion.decrypt | RECV: MUSIC_PLAYBACK Media Playback Status type: 32769 flags: 11 size: 17 dataOffset: 2
09-15 13:34:57.419 12567 12953 D OPENHU  : [77] AapMediaPlayback.processStatusPacket | AapMediaPlayback: status mediaSource='VLC', playbackSeconds(u32)=83, state=PLAYING
09-15 13:34:57.456 12567 12953 D OPENHU  : [77] Companion.decrypt | RECV: AUDIO Media Data type: 0 flags: 11 size: 8202 dataOffset: 2
09-15 13:34:57.500 12567 12953 D OPENHU  : [77] Companion.decrypt | RECV: AUDIO Media Data type: 0 flags: 11 size: 8202 dataOffset: 2
09-15 13:34:57.542 12567 12953 D OPENHU  : [77] Companion.decrypt | RECV: AUDIO Media Data type: 0 flags: 11 size: 8202 dataOffset: 2
09-15 13:34:57.586 12567 12953 D OPENHU  : [77] Companion.decrypt | RECV: AUDIO Media Data type: 0 flags: 11 size: 8202 dataOffset: 2
09-15 13:34:57.628 12567 12953 D OPENHU  : [77] Companion.decrypt | RECV: AUDIO Media Data type: 0 flags: 11 size: 8202 dataOffset: 2
09-15 13:34:57.670 12567 12953 D OPENHU  : [77] Companion.decrypt | RECV: AUDIO Media Data type: 0 flags: 11 size: 8202 dataOffset: 2
09-15 13:34:57.714 12567 12953 D OPENHU  : [77] Companion.decrypt | RECV: AUDIO Media Data type: 0 flags: 11 size: 8202 dataOffset: 2
09-15 13:34:57.757 12567 12953 D OPENHU  : [77] Companion.decrypt | RECV: AUDIO Media Data type: 0 flags: 11 size: 8202 dataOffset: 2
09-15 13:34:57.802 12567 12953 D OPENHU  : [77] Companion.decrypt | RECV: AUDIO Media Data type: 0 flags: 11 size: 8202 dataOffset: 2
09-15 13:34:57.842 12567 12953 D OPENHU  : [77] Companion.decrypt | RECV: AUDIO Media Data type: 0 flags: 11 size: 8202 dataOffset: 2
09-15 13:34:57.887 12567 12953 D OPENHU  : [77] Companion.decrypt | RECV: AUDIO Media Data type: 0 flags: 11 size: 8202 dataOffset: 2
09-15 13:34:57.930 12567 12953 D OPENHU  : [77] Companion.decrypt | RECV: AUDIO Media Data type: 0 flags: 11 size: 8202 dataOffset: 2
09-15 13:34:57.968 12567 12953 D OPENHU  : [77] Companion.decrypt | RECV: AUDIO Media Data type: 0 flags: 11 size: 8202 dataOffset: 2
09-15 13:34:57.997 12567 12567 V OPENHU  : [2] GpsLocation.onLocationChanged | GpsLocation: fix received
09-15 13:34:58.005 12567 12567 V OPENHU  : [2] AapTransport.send | SENSOR Sensor Event type: 32771 flags: 11 size: 46 dataOffset: 6
09-15 13:34:58.014 12567 12953 D OPENHU  : [77] Companion.decrypt | RECV: AUDIO Media Data type: 0 flags: 11 size: 8202 dataOffset: 2
09-15 13:34:58.054 12567 12953 D OPENHU  : [77] Companion.decrypt | RECV: AUDIO Media Data type: 0 flags: 11 size: 8202 dataOffset: 2
09-15 13:34:58.098 12567 12953 D OPENHU  : [77] Companion.decrypt | RECV: AUDIO Media Data type: 0 flags: 11 size: 8202 dataOffset: 2
09-15 13:34:58.139 12567 12953 D OPENHU  : [77] Companion.decrypt | RECV: AUDIO Media Data type: 0 flags: 11 size: 8202 dataOffset: 2
09-15 13:34:58.184 12567 12953 D OPENHU  : [77] Companion.decrypt | RECV: AUDIO Media Data type: 0 flags: 11 size: 8202 dataOffset: 2
09-15 13:34:58.227 12567 12953 D OPENHU  : [77] Companion.decrypt | RECV: AUDIO Media Data type: 0 flags: 11 size: 8202 dataOffset: 2
09-15 13:34:58.253 12567 12953 D OPENHU  : [77] Companion.decrypt | RECV: CONTROL Ping Request type: 11 flags: 11 size: 12 dataOffset: 2
09-15 13:34:58.255 12567 12953 V OPENHU  : [77] AapTransport.send | CONTROL Ping Response type: 12 flags: 11 size: 14 dataOffset: 6
09-15 13:34:58.268 12567 12953 D OPENHU  : [77] Companion.decrypt | RECV: AUDIO Media Data type: 0 flags: 11 size: 8202 dataOffset: 2
09-15 13:34:58.311 12567 12953 D OPENHU  : [77] Companion.decrypt | RECV: AUDIO Media Data type: 0 flags: 11 size: 8202 dataOffset: 2
09-15 13:34:58.354 12567 12953 D OPENHU  : [77] Companion.decrypt | RECV: AUDIO Media Data type: 0 flags: 11 size: 8202 dataOffset: 2
09-15 13:34:58.395 12567 12953 D OPENHU  : [77] Companion.decrypt | RECV: AUDIO Media Data type: 0 flags: 11 size: 8202 dataOffset: 2
09-15 13:34:58.416 12567 12953 D OPENHU  : [77] Companion.decrypt | RECV: MUSIC_PLAYBACK Media Playback Status type: 32769 flags: 11 size: 17 dataOffset: 2
09-15 13:34:58.417 12567 12953 D OPENHU  : [77] AapMediaPlayback.processStatusPacket | AapMediaPlayback: status mediaSource='VLC', playbackSeconds(u32)=84, state=PLAYING
09-15 13:34:58.439 12567 12953 D OPENHU  : [77] Companion.decrypt | RECV: AUDIO Media Data type: 0 flags: 11 size: 8202 dataOffset: 2
09-15 13:34:58.490 12567 12953 D OPENHU  : [77] Companion.decrypt | RECV: AUDIO Media Data type: 0 flags: 11 size: 8202 dataOffset: 2
09-15 13:34:58.525 12567 12953 D OPENHU  : [77] Companion.decrypt | RECV: AUDIO Media Data type: 0 flags: 11 size: 8202 dataOffset: 2
09-15 13:34:58.566 12567 12953 D OPENHU  : [77] Companion.decrypt | RECV: AUDIO Media Data type: 0 flags: 11 size: 8202 dataOffset: 2
09-15 13:34:58.608 12567 12953 D OPENHU  : [77] Companion.decrypt | RECV: AUDIO Media Data type: 0 flags: 11 size: 8202 dataOffset: 2
09-15 13:34:58.651 12567 12953 D OPENHU  : [77] Companion.decrypt | RECV: AUDIO Media Data type: 0 flags: 11 size: 8202 dataOffset: 2
09-15 13:34:58.696 12567 12953 D OPENHU  : [77] Companion.decrypt | RECV: AUDIO Media Data type: 0 flags: 11 size: 8202 dataOffset: 2
09-15 13:34:58.738 12567 12953 D OPENHU  : [77] Companion.decrypt | RECV: AUDIO Media Data type: 0 flags: 11 size: 8202 dataOffset: 2
09-15 13:34:58.784 12567 12953 D OPENHU  : [77] Companion.decrypt | RECV: AUDIO Media Data type: 0 flags: 11 size: 8202 dataOffset: 2
09-15 13:34:58.822 12567 12953 D OPENHU  : [77] Companion.decrypt | RECV: AUDIO Media Data type: 0 flags: 11 size: 8202 dataOffset: 2
09-15 13:34:58.864 12567 12953 D OPENHU  : [77] Companion.decrypt | RECV: AUDIO Media Data type: 0 flags: 11 size: 8202 dataOffset: 2
09-15 13:34:58.908 12567 12953 D OPENHU  : [77] Companion.decrypt | RECV: AUDIO Media Data type: 0 flags: 11 size: 8202 dataOffset: 2
09-15 13:34:58.952 12567 12953 D OPENHU  : [77] Companion.decrypt | RECV: AUDIO Media Data type: 0 flags: 11 size: 8202 dataOffset: 2
09-15 13:34:58.993 12567 12953 D OPENHU  : [77] Companion.decrypt | RECV: AUDIO Media Data type: 0 flags: 11 size: 8202 dataOffset: 2
09-15 13:34:59.018 12567 12567 V OPENHU  : [2] GpsLocation.onLocationChanged | GpsLocation: fix received
09-15 13:34:59.032 12567 12567 V OPENHU  : [2] AapTransport.send | SENSOR Sensor Event type: 32771 flags: 11 size: 46 dataOffset: 6
09-15 13:34:59.036 12567 12953 D OPENHU  : [77] Companion.decrypt | RECV: AUDIO Media Data type: 0 flags: 11 size: 8202 dataOffset: 2
09-15 13:34:59.078 12567 12953 D OPENHU  : [77] Companion.decrypt | RECV: AUDIO Media Data type: 0 flags: 11 size: 8202 dataOffset: 2
09-15 13:34:59.128 12567 12953 D OPENHU  : [77] Companion.decrypt | RECV: AUDIO Media Data type: 0 flags: 11 size: 8202 dataOffset: 2
09-15 13:34:59.164 12567 12953 D OPENHU  : [77] Companion.decrypt | RECV: AUDIO Media Data type: 0 flags: 11 size: 8202 dataOffset: 2
09-15 13:34:59.209 12567 12953 D OPENHU  : [77] Companion.decrypt | RECV: AUDIO Media Data type: 0 flags: 11 size: 8202 dataOffset: 2
09-15 13:34:59.250 12567 12953 D OPENHU  : [77] Companion.decrypt | RECV: AUDIO Media Data type: 0 flags: 11 size: 8202 dataOffset: 2
09-15 13:34:59.256 12567 12953 D OPENHU  : [77] Companion.decrypt | RECV: CONTROL Ping Request type: 11 flags: 11 size: 12 dataOffset: 2
09-15 13:34:59.258 12567 12953 V OPENHU  : [77] AapTransport.send | CONTROL Ping Response type: 12 flags: 11 size: 14 dataOffset: 6
09-15 13:34:59.293 12567 12953 D OPENHU  : [77] Companion.decrypt | RECV: AUDIO Media Data type: 0 flags: 11 size: 8202 dataOffset: 2
09-15 13:34:59.335 12567 12953 D OPENHU  : [77] Companion.decrypt | RECV: AUDIO Media Data type: 0 flags: 11 size: 8202 dataOffset: 2
09-15 13:34:59.379 12567 12953 D OPENHU  : [77] Companion.decrypt | RECV: AUDIO Media Data type: 0 flags: 11 size: 8202 dataOffset: 2
09-15 13:34:59.419 12567 12953 D OPENHU  : [77] Companion.decrypt | RECV: MUSIC_PLAYBACK Media Playback Status type: 32769 flags: 11 size: 17 dataOffset: 2
09-15 13:34:59.420 12567 12953 D OPENHU  : [77] AapMediaPlayback.processStatusPacket | AapMediaPlayback: status mediaSource='VLC', playbackSeconds(u32)=85, state=PLAYING
09-15 13:34:59.424 12567 12953 D OPENHU  : [77] Companion.decrypt | RECV: AUDIO Media Data type: 0 flags: 11 size: 8202 dataOffset: 2
09-15 13:34:59.463 12567 12953 D OPENHU  : [77] Companion.decrypt | RECV: AUDIO Media Data type: 0 flags: 11 size: 8202 dataOffset: 2
09-15 13:34:59.506 12567 12953 D OPENHU  : [77] Companion.decrypt | RECV: AUDIO Media Data type: 0 flags: 11 size: 8202 dataOffset: 2
09-15 13:34:59.548 12567 12953 D OPENHU  : [77] Companion.decrypt | RECV: AUDIO Media Data type: 0 flags: 11 size: 8202 dataOffset: 2
09-15 13:34:59.590 12567 12953 D OPENHU  : [77] Companion.decrypt | RECV: AUDIO Media Data type: 0 flags: 11 size: 8202 dataOffset: 2
09-15 13:34:59.633 12567 12953 D OPENHU  : [77] Companion.decrypt | RECV: AUDIO Media Data type: 0 flags: 11 size: 8202 dataOffset: 2
09-15 13:34:59.676 12567 12953 D OPENHU  : [77] Companion.decrypt | RECV: AUDIO Media Data type: 0 flags: 11 size: 8202 dataOffset: 2
09-15 13:34:59.718 12567 12953 D OPENHU  : [77] Companion.decrypt | RECV: AUDIO Media Data type: 0 flags: 11 size: 8202 dataOffset: 2
09-15 13:34:59.761 12567 12953 D OPENHU  : [77] Companion.decrypt | RECV: AUDIO Media Data type: 0 flags: 11 size: 8202 dataOffset: 2
09-15 13:34:59.806 12567 12953 D OPENHU  : [77] Companion.decrypt | RECV: AUDIO Media Data type: 0 flags: 11 size: 8202 dataOffset: 2
09-15 13:34:59.849 12567 12953 D OPENHU  : [77] Companion.decrypt | RECV: AUDIO Media Data type: 0 flags: 11 size: 8202 dataOffset: 2
09-15 13:34:59.891 12567 12953 D OPENHU  : [77] Companion.decrypt | RECV: AUDIO Media Data type: 0 flags: 11 size: 8202 dataOffset: 2
09-15 13:34:59.933 12567 12953 D OPENHU  : [77] Companion.decrypt | RECV: AUDIO Media Data type: 0 flags: 11 size: 8202 dataOffset: 2
09-15 13:34:59.978 12567 12953 D OPENHU  : [77] Companion.decrypt | RECV: AUDIO Media Data type: 0 flags: 11 size: 8202 dataOffset: 2
09-15 13:34:59.994 12567 12567 V OPENHU  : [2] GpsLocation.onLocationChanged | GpsLocation: fix received
09-15 13:35:00.005 12567 12567 V OPENHU  : [2] AapTransport.send | SENSOR Sensor Event type: 32771 flags: 11 size: 46 dataOffset: 6
09-15 13:35:00.017 12567 12953 D OPENHU  : [77] Companion.decrypt | RECV: AUDIO Media Data type: 0 flags: 11 size: 8202 dataOffset: 2
09-15 13:35:00.058 12567 12953 D OPENHU  : [77] Companion.decrypt | RECV: AUDIO Media Data type: 0 flags: 11 size: 8202 dataOffset: 2
09-15 13:35:00.103 12567 12953 D OPENHU  : [77] Companion.decrypt | RECV: AUDIO Media Data type: 0 flags: 11 size: 8202 dataOffset: 2
09-15 13:35:00.146 12567 12953 D OPENHU  : [77] Companion.decrypt | RECV: AUDIO Media Data type: 0 flags: 11 size: 8202 dataOffset: 2
09-15 13:35:00.189 12567 12953 D OPENHU  : [77] Companion.decrypt | RECV: AUDIO Media Data type: 0 flags: 11 size: 8202 dataOffset: 2
09-15 13:35:00.231 12567 12953 D OPENHU  : [77] Companion.decrypt | RECV: AUDIO Media Data type: 0 flags: 11 size: 8202 dataOffset: 2
09-15 13:35:00.254 12567 12953 D OPENHU  : [77] Companion.decrypt | RECV: CONTROL Ping Request type: 11 flags: 11 size: 12 dataOffset: 2
09-15 13:35:00.254 12567 12953 V OPENHU  : [77] AapTransport.send | CONTROL Ping Response type: 12 flags: 11 size: 14 dataOffset: 6
09-15 13:35:00.274 12567 12953 D OPENHU  : [77] Companion.decrypt | RECV: AUDIO Media Data type: 0 flags: 11 size: 8202 dataOffset: 2
09-15 13:35:00.315 12567 12953 D OPENHU  : [77] Companion.decrypt | RECV: AUDIO Media Data type: 0 flags: 11 size: 8202 dataOffset: 2
09-15 13:35:00.363 12567 12953 D OPENHU  : [77] Companion.decrypt | RECV: AUDIO Media Data type: 0 flags: 11 size: 8202 dataOffset: 2
09-15 13:35:00.404 12567 12953 D OPENHU  : [77] Companion.decrypt | RECV: AUDIO Media Data type: 0 flags: 11 size: 8202 dataOffset: 2
09-15 13:35:00.419 12567 12953 D OPENHU  : [77] Companion.decrypt | RECV: MUSIC_PLAYBACK Media Playback Status type: 32769 flags: 11 size: 17 dataOffset: 2
09-15 13:35:00.421 12567 12953 D OPENHU  : [77] AapMediaPlayback.processStatusPacket | AapMediaPlayback: status mediaSource='VLC', playbackSeconds(u32)=86, state=PLAYING
09-15 13:35:00.445 12567 12953 D OPENHU  : [77] Companion.decrypt | RECV: AUDIO Media Data type: 0 flags: 11 size: 8202 dataOffset: 2
09-15 13:35:00.486 12567 12953 D OPENHU  : [77] Companion.decrypt | RECV: AUDIO Media Data type: 0 flags: 11 size: 8202 dataOffset: 2
09-15 13:35:00.529 12567 12953 D OPENHU  : [77] Companion.decrypt | RECV: AUDIO Media Data type: 0 flags: 11 size: 8202 dataOffset: 2
09-15 13:35:00.573 12567 12953 D OPENHU  : [77] Companion.decrypt | RECV: AUDIO Media Data type: 0 flags: 11 size: 8202 dataOffset: 2
09-15 13:35:00.614 12567 12953 D OPENHU  : [77] Companion.decrypt | RECV: AUDIO Media Data type: 0 flags: 11 size: 8202 dataOffset: 2
09-15 13:35:00.657 12567 12953 D OPENHU  : [77] Companion.decrypt | RECV: AUDIO Media Data type: 0 flags: 11 size: 8202 dataOffset: 2
09-15 13:35:00.699 12567 12953 D OPENHU  : [77] Companion.decrypt | RECV: AUDIO Media Data type: 0 flags: 11 size: 8202 dataOffset: 2
09-15 13:35:00.743 12567 12953 D OPENHU  : [77] Companion.decrypt | RECV: AUDIO Media Data type: 0 flags: 11 size: 8202 dataOffset: 2
09-15 13:35:00.786 12567 12953 D OPENHU  : [77] Companion.decrypt | RECV: AUDIO Media Data type: 0 flags: 11 size: 8202 dataOffset: 2
09-15 13:35:00.826 12567 12953 D OPENHU  : [77] Companion.decrypt | RECV: AUDIO Media Data type: 0 flags: 11 size: 8202 dataOffset: 2
09-15 13:35:00.871 12567 12953 D OPENHU  : [77] Companion.decrypt | RECV: AUDIO Media Data type: 0 flags: 11 size: 8202 dataOffset: 2
09-15 13:35:00.912 12567 12953 D OPENHU  : [77] Companion.decrypt | RECV: AUDIO Media Data type: 0 flags: 11 size: 8202 dataOffset: 2
09-15 13:35:00.954 12567 12953 D OPENHU  : [77] Companion.decrypt | RECV: AUDIO Media Data type: 0 flags: 11 size: 8202 dataOffset: 2
09-15 13:35:00.998 12567 12953 D OPENHU  : [77] Companion.decrypt | RECV: AUDIO Media Data type: 0 flags: 11 size: 8202 dataOffset: 2
09-15 13:35:01.019 12567 12567 V OPENHU  : [2] GpsLocation.onLocationChanged | GpsLocation: fix received
09-15 13:35:01.025 12567 12567 V OPENHU  : [2] AapTransport.send | SENSOR Sensor Event type: 32771 flags: 11 size: 46 dataOffset: 6
09-15 13:35:01.043 12567 12953 D OPENHU  : [77] Companion.decrypt | RECV: AUDIO Media Data type: 0 flags: 11 size: 8202 dataOffset: 2
09-15 13:35:01.085 12567 12953 D OPENHU  : [77] Companion.decrypt | RECV: AUDIO Media Data type: 0 flags: 11 size: 8202 dataOffset: 2
09-15 13:35:01.126 12567 12953 D OPENHU  : [77] Companion.decrypt | RECV: AUDIO Media Data type: 0 flags: 11 size: 8202 dataOffset: 2
09-15 13:35:01.126 12567 12983 I OPENHU  : [88] VideoDecoder.logThroughput | Throughput over 5001ms: rendered=125 (24fps), fed=124 (24fps), dropped=0, skipped=0, concealed=0, inputWait=57ms, enqueueWait=0ms, codec=c2.unisoc.avc.decoder, presented=125 (24fps), decodeLatency=9ms p95=16ms (125 frames)
09-15 13:35:01.169 12567 12953 D OPENHU  : [77] Companion.decrypt | RECV: AUDIO Media Data type: 0 flags: 11 size: 8202 dataOffset: 2
09-15 13:35:01.212 12567 12953 D OPENHU  : [77] Companion.decrypt | RECV: AUDIO Media Data type: 0 flags: 11 size: 8202 dataOffset: 2
09-15 13:35:01.254 12567 12953 D OPENHU  : [77] Companion.decrypt | RECV: AUDIO Media Data type: 0 flags: 11 size: 8202 dataOffset: 2
09-15 13:35:01.258 12567 12953 D OPENHU  : [77] Companion.decrypt | RECV: CONTROL Ping Request type: 11 flags: 11 size: 12 dataOffset: 2
09-15 13:35:01.259 12567 12953 V OPENHU  : [77] AapTransport.send | CONTROL Ping Response type: 12 flags: 11 size: 14 dataOffset: 6
09-15 13:35:01.297 12567 12953 D OPENHU  : [77] Companion.decrypt | RECV: AUDIO Media Data type: 0 flags: 11 size: 8202 dataOffset: 2
09-15 13:35:01.340 12567 12953 D OPENHU  : [77] Companion.decrypt | RECV: AUDIO Media Data type: 0 flags: 11 size: 8202 dataOffset: 2
09-15 13:35:01.384 12567 12953 D OPENHU  : [77] Companion.decrypt | RECV: AUDIO Media Data type: 0 flags: 11 size: 8202 dataOffset: 2
09-15 13:35:01.420 12567 12953 D OPENHU  : [77] Companion.decrypt | RECV: MUSIC_PLAYBACK Media Playback Status type: 32769 flags: 11 size: 17 dataOffset: 2
09-15 13:35:01.421 12567 12953 D OPENHU  : [77] AapMediaPlayback.processStatusPacket | AapMediaPlayback: status mediaSource='VLC', playbackSeconds(u32)=87, state=PLAYING
09-15 13:35:01.425 12567 12953 D OPENHU  : [77] Companion.decrypt | RECV: AUDIO Media Data type: 0 flags: 11 size: 8202 dataOffset: 2
09-15 13:35:01.467 12567 12953 D OPENHU  : [77] Companion.decrypt | RECV: AUDIO Media Data type: 0 flags: 11 size: 8202 dataOffset: 2
09-15 13:35:01.484 12567 12567 I OPENHU  : [2] TextureProjectionView.onSurfaceTextureUpdated | TextureProjectionView: displayed 94 frames in 5000ms (18fps), longFrames=1
09-15 13:35:01.510 12567 12953 D OPENHU  : [77] Companion.decrypt | RECV: AUDIO Media Data type: 0 flags: 11 size: 8202 dataOffset: 2
09-15 13:35:01.551 12567 12953 D OPENHU  : [77] Companion.decrypt | RECV: AUDIO Media Data type: 0 flags: 11 size: 8202 dataOffset: 2
09-15 13:35:01.597 12567 12953 D OPENHU  : [77] Companion.decrypt | RECV: AUDIO Media Data type: 0 flags: 11 size: 8202 dataOffset: 2
09-15 13:35:01.644 12567 12953 D OPENHU  : [77] Companion.decrypt | RECV: AUDIO Media Data type: 0 flags: 11 size: 8202 dataOffset: 2
09-15 13:35:01.683 12567 12953 D OPENHU  : [77] Companion.decrypt | RECV: AUDIO Media Data type: 0 flags: 11 size: 8202 dataOffset: 2
09-15 13:35:01.726 12567 12953 D OPENHU  : [77] Companion.decrypt | RECV: AUDIO Media Data type: 0 flags: 11 size: 8202 dataOffset: 2
09-15 13:35:01.768 12567 12953 D OPENHU  : [77] Companion.decrypt | RECV: AUDIO Media Data type: 0 flags: 11 size: 8202 dataOffset: 2
09-15 13:35:01.811 12567 12953 D OPENHU  : [77] Companion.decrypt | RECV: AUDIO Media Data type: 0 flags: 11 size: 8202 dataOffset: 2
09-15 13:35:01.853 12567 12953 D OPENHU  : [77] Companion.decrypt | RECV: AUDIO Media Data type: 0 flags: 11 size: 8202 dataOffset: 2
09-15 13:35:01.895 12567 12953 D OPENHU  : [77] Companion.decrypt | RECV: AUDIO Media Data type: 0 flags: 11 size: 8202 dataOffset: 2
09-15 13:35:01.939 12567 12953 D OPENHU  : [77] Companion.decrypt | RECV: AUDIO Media Data type: 0 flags: 11 size: 8202 dataOffset: 2
09-15 13:35:01.984 12567 12953 D OPENHU  : [77] Companion.decrypt | RECV: AUDIO Media Data type: 0 flags: 11 size: 8202 dataOffset: 2
09-15 13:35:02.017 12567 12567 V OPENHU  : [2] GpsLocation.onLocationChanged | GpsLocation: fix received
09-15 13:35:02.022 12567 12567 V OPENHU  : [2] AapTransport.send | SENSOR Sensor Event type: 32771 flags: 11 size: 46 dataOffset: 6
09-15 13:35:02.023 12567 12953 D OPENHU  : [77] Companion.decrypt | RECV: AUDIO Media Data type: 0 flags: 11 size: 8202 dataOffset: 2
09-15 13:35:02.065 12567 12953 D OPENHU  : [77] Companion.decrypt | RECV: AUDIO Media Data type: 0 flags: 11 size: 8202 dataOffset: 2
09-15 13:35:02.107 12567 12953 D OPENHU  : [77] Companion.decrypt | RECV: AUDIO Media Data type: 0 flags: 11 size: 8202 dataOffset: 2
09-15 13:35:02.151 12567 12953 D OPENHU  : [77] Companion.decrypt | RECV: AUDIO Media Data type: 0 flags: 11 size: 8202 dataOffset: 2
09-15 13:35:02.195 12567 12953 D OPENHU  : [77] Companion.decrypt | RECV: AUDIO Media Data type: 0 flags: 11 size: 8202 dataOffset: 2
09-15 13:35:02.239 12567 12953 D OPENHU  : [77] Companion.decrypt | RECV: AUDIO Media Data type: 0 flags: 11 size: 8202 dataOffset: 2
09-15 13:35:02.259 12567 12953 D OPENHU  : [77] Companion.decrypt | RECV: CONTROL Ping Request type: 11 flags: 11 size: 12 dataOffset: 2
09-15 13:35:02.260 12567 12953 V OPENHU  : [77] AapTransport.send | CONTROL Ping Response type: 12 flags: 11 size: 14 dataOffset: 6
09-15 13:35:02.282 12567 12953 D OPENHU  : [77] Companion.decrypt | RECV: AUDIO Media Data type: 0 flags: 11 size: 8202 dataOffset: 2
09-15 13:35:02.321 12567 12953 D OPENHU  : [77] Companion.decrypt | RECV: AUDIO Media Data type: 0 flags: 11 size: 8202 dataOffset: 2
09-15 13:35:02.365 12567 12953 D OPENHU  : [77] Companion.decrypt | RECV: AUDIO Media Data type: 0 flags: 11 size: 8202 dataOffset: 2
09-15 13:35:02.406 12567 12953 D OPENHU  : [77] Companion.decrypt | RECV: AUDIO Media Data type: 0 flags: 11 size: 8202 dataOffset: 2
09-15 13:35:02.417 12567 12953 D OPENHU  : [77] Companion.decrypt | RECV: MUSIC_PLAYBACK Media Playback Status type: 32769 flags: 11 size: 17 dataOffset: 2
09-15 13:35:02.418 12567 12953 D OPENHU  : [77] AapMediaPlayback.processStatusPacket | AapMediaPlayback: status mediaSource='VLC', playbackSeconds(u32)=88, state=PLAYING
09-15 13:35:02.449 12567 12953 D OPENHU  : [77] Companion.decrypt | RECV: AUDIO Media Data type: 0 flags: 11 size: 8202 dataOffset: 2
09-15 13:35:02.492 12567 12953 D OPENHU  : [77] Companion.decrypt | RECV: AUDIO Media Data type: 0 flags: 11 size: 8202 dataOffset: 2
09-15 13:35:02.534 12567 12953 D OPENHU  : [77] Companion.decrypt | RECV: AUDIO Media Data type: 0 flags: 11 size: 8202 dataOffset: 2
09-15 13:35:02.578 12567 12953 D OPENHU  : [77] Companion.decrypt | RECV: AUDIO Media Data type: 0 flags: 11 size: 8202 dataOffset: 2
09-15 13:35:02.619 12567 12953 D OPENHU  : [77] Companion.decrypt | RECV: AUDIO Media Data type: 0 flags: 11 size: 8202 dataOffset: 2
09-15 13:35:02.662 12567 12953 D OPENHU  : [77] Companion.decrypt | RECV: AUDIO Media Data type: 0 flags: 11 size: 8202 dataOffset: 2
09-15 13:35:02.705 12567 12953 D OPENHU  : [77] Companion.decrypt | RECV: AUDIO Media Data type: 0 flags: 11 size: 8202 dataOffset: 2
09-15 13:35:02.750 12567 12953 D OPENHU  : [77] Companion.decrypt | RECV: AUDIO Media Data type: 0 flags: 11 size: 8202 dataOffset: 2
09-15 13:35:02.791 12567 12953 D OPENHU  : [77] Companion.decrypt | RECV: AUDIO Media Data type: 0 flags: 11 size: 8202 dataOffset: 2
09-15 13:35:02.832 12567 12953 D OPENHU  : [77] Companion.decrypt | RECV: AUDIO Media Data type: 0 flags: 11 size: 8202 dataOffset: 2
09-15 13:35:02.875 12567 12953 D OPENHU  : [77] Companion.decrypt | RECV: AUDIO Media Data type: 0 flags: 11 size: 8202 dataOffset: 2
09-15 13:35:02.919 12567 12953 D OPENHU  : [77] Companion.decrypt | RECV: AUDIO Media Data type: 0 flags: 11 size: 8202 dataOffset: 2
09-15 13:35:02.963 12567 12953 D OPENHU  : [77] Companion.decrypt | RECV: AUDIO Media Data type: 0 flags: 11 size: 8202 dataOffset: 2
09-15 13:35:03.003 12567 12953 D OPENHU  : [77] Companion.decrypt | RECV: AUDIO Media Data type: 0 flags: 11 size: 8202 dataOffset: 2
09-15 13:35:03.019 12567 12567 V OPENHU  : [2] GpsLocation.onLocationChanged | GpsLocation: fix received
09-15 13:35:03.033 12567 12567 V OPENHU  : [2] AapTransport.send | SENSOR Sensor Event type: 32771 flags: 11 size: 46 dataOffset: 6
09-15 13:35:03.048 12567 12953 D OPENHU  : [77] Companion.decrypt | RECV: AUDIO Media Data type: 0 flags: 11 size: 8202 dataOffset: 2
09-15 13:35:03.089 12567 12953 D OPENHU  : [77] Companion.decrypt | RECV: AUDIO Media Data type: 0 flags: 11 size: 8202 dataOffset: 2
09-15 13:35:03.131 12567 12953 D OPENHU  : [77] Companion.decrypt | RECV: AUDIO Media Data type: 0 flags: 11 size: 8202 dataOffset: 2
09-15 13:35:03.177 12567 12953 D OPENHU  : [77] Companion.decrypt | RECV: AUDIO Media Data type: 0 flags: 11 size: 8202 dataOffset: 2
09-15 13:35:03.216 12567 12953 D OPENHU  : [77] Companion.decrypt | RECV: AUDIO Media Data type: 0 flags: 11 size: 8202 dataOffset: 2
09-15 13:35:03.258 12567 12953 D OPENHU  : [77] Companion.decrypt | RECV: CONTROL Ping Request type: 11 flags: 11 size: 12 dataOffset: 2
09-15 13:35:03.259 12567 12953 V OPENHU  : [77] AapTransport.send | CONTROL Ping Response type: 12 flags: 11 size: 14 dataOffset: 6
09-15 13:35:03.261 12567 12953 D OPENHU  : [77] Companion.decrypt | RECV: AUDIO Media Data type: 0 flags: 11 size: 8202 dataOffset: 2
09-15 13:35:03.302 12567 12953 D OPENHU  : [77] Companion.decrypt | RECV: AUDIO Media Data type: 0 flags: 11 size: 8202 dataOffset: 2
09-15 13:35:03.345 12567 12953 D OPENHU  : [77] Companion.decrypt | RECV: AUDIO Media Data type: 0 flags: 11 size: 8202 dataOffset: 2
09-15 13:35:03.387 12567 12953 D OPENHU  : [77] Companion.decrypt | RECV: AUDIO Media Data type: 0 flags: 11 size: 8202 dataOffset: 2
09-15 13:35:03.416 12567 12953 D OPENHU  : [77] Companion.decrypt | RECV: MUSIC_PLAYBACK Media Playback Status type: 32769 flags: 11 size: 17 dataOffset: 2
09-15 13:35:03.417 12567 12953 D OPENHU  : [77] AapMediaPlayback.processStatusPacket | AapMediaPlayback: status mediaSource='VLC', playbackSeconds(u32)=89, state=PLAYING
09-15 13:35:03.430 12567 12953 D OPENHU  : [77] Companion.decrypt | RECV: AUDIO Media Data type: 0 flags: 11 size: 8202 dataOffset: 2
09-15 13:35:03.473 12567 12953 D OPENHU  : [77] Companion.decrypt | RECV: AUDIO Media Data type: 0 flags: 11 size: 8202 dataOffset: 2
09-15 13:35:03.515 12567 12953 D OPENHU  : [77] Companion.decrypt | RECV: AUDIO Media Data type: 0 flags: 11 size: 8202 dataOffset: 2
09-15 13:35:03.558 12567 12953 D OPENHU  : [77] Companion.decrypt | RECV: AUDIO Media Data type: 0 flags: 11 size: 8202 dataOffset: 2
09-15 13:35:03.601 12567 12953 D OPENHU  : [77] Companion.decrypt | RECV: AUDIO Media Data type: 0 flags: 11 size: 8202 dataOffset: 2
09-15 13:35:03.647 12567 12953 D OPENHU  : [77] Companion.decrypt | RECV: AUDIO Media Data type: 0 flags: 11 size: 8202 dataOffset: 2
09-15 13:35:03.689 12567 12953 D OPENHU  : [77] Companion.decrypt | RECV: AUDIO Media Data type: 0 flags: 11 size: 8202 dataOffset: 2
09-15 13:35:03.731 12567 12953 D OPENHU  : [77] Companion.decrypt | RECV: AUDIO Media Data type: 0 flags: 11 size: 8202 dataOffset: 2
09-15 13:35:03.773 12567 12953 D OPENHU  : [77] Companion.decrypt | RECV: AUDIO Media Data type: 0 flags: 11 size: 8202 dataOffset: 2
09-15 13:35:03.819 12567 12953 D OPENHU  : [77] Companion.decrypt | RECV: AUDIO Media Data type: 0 flags: 11 size: 8202 dataOffset: 2
09-15 13:35:03.856 12567 12953 D OPENHU  : [77] Companion.decrypt | RECV: AUDIO Media Data type: 0 flags: 11 size: 8202 dataOffset: 2
09-15 13:35:03.900 12567 12953 D OPENHU  : [77] Companion.decrypt | RECV: AUDIO Media Data type: 0 flags: 11 size: 8202 dataOffset: 2
09-15 13:35:03.942 12567 12953 D OPENHU  : [77] Companion.decrypt | RECV: AUDIO Media Data type: 0 flags: 11 size: 8202 dataOffset: 2
09-15 13:35:03.984 12567 12953 D OPENHU  : [77] Companion.decrypt | RECV: AUDIO Media Data type: 0 flags: 11 size: 8202 dataOffset: 2
09-15 13:35:04.001 12567 12567 V OPENHU  : [2] GpsLocation.onLocationChanged | GpsLocation: fix received
09-15 13:35:04.027 12567 12953 D OPENHU  : [77] Companion.decrypt | RECV: AUDIO Media Data type: 0 flags: 11 size: 8202 dataOffset: 2
09-15 13:35:04.030 12567 12567 V OPENHU  : [2] AapTransport.send | SENSOR Sensor Event type: 32771 flags: 11 size: 46 dataOffset: 6
09-15 13:35:04.070 12567 12953 D OPENHU  : [77] Companion.decrypt | RECV: AUDIO Media Data type: 0 flags: 11 size: 8202 dataOffset: 2
09-15 13:35:04.112 12567 12953 D OPENHU  : [77] Companion.decrypt | RECV: AUDIO Media Data type: 0 flags: 11 size: 8202 dataOffset: 2
09-15 13:35:04.155 12567 12953 D OPENHU  : [77] Companion.decrypt | RECV: AUDIO Media Data type: 0 flags: 11 size: 8202 dataOffset: 2
09-15 13:35:04.200 12567 12953 D OPENHU  : [77] Companion.decrypt | RECV: AUDIO Media Data type: 0 flags: 11 size: 8202 dataOffset: 2
09-15 13:35:04.243 12567 12953 D OPENHU  : [77] Companion.decrypt | RECV: AUDIO Media Data type: 0 flags: 11 size: 8202 dataOffset: 2
09-15 13:35:04.260 12567 12953 D OPENHU  : [77] Companion.decrypt | RECV: CONTROL Ping Request type: 11 flags: 11 size: 12 dataOffset: 2
09-15 13:35:04.262 12567 12953 V OPENHU  : [77] AapTransport.send | CONTROL Ping Response type: 12 flags: 11 size: 14 dataOffset: 6
09-15 13:35:04.285 12567 12953 D OPENHU  : [77] Companion.decrypt | RECV: AUDIO Media Data type: 0 flags: 11 size: 8202 dataOffset: 2
09-15 13:35:04.330 12567 12953 D OPENHU  : [77] Companion.decrypt | RECV: AUDIO Media Data type: 0 flags: 11 size: 8202 dataOffset: 2
09-15 13:35:04.368 12567 12953 D OPENHU  : [77] Companion.decrypt | RECV: AUDIO Media Data type: 0 flags: 11 size: 8202 dataOffset: 2
09-15 13:35:04.411 12567 12953 D OPENHU  : [77] Companion.decrypt | RECV: AUDIO Media Data type: 0 flags: 11 size: 8202 dataOffset: 2
09-15 13:35:04.417 12567 12953 D OPENHU  : [77] Companion.decrypt | RECV: MUSIC_PLAYBACK Media Playback Status type: 32769 flags: 11 size: 17 dataOffset: 2
09-15 13:35:04.418 12567 12953 D OPENHU  : [77] AapMediaPlayback.processStatusPacket | AapMediaPlayback: status mediaSource='VLC', playbackSeconds(u32)=90, state=PLAYING
09-15 13:35:04.454 12567 12953 D OPENHU  : [77] Companion.decrypt | RECV: AUDIO Media Data type: 0 flags: 11 size: 8202 dataOffset: 2
09-15 13:35:04.496 12567 12953 D OPENHU  : [77] Companion.decrypt | RECV: AUDIO Media Data type: 0 flags: 11 size: 8202 dataOffset: 2
09-15 13:35:04.539 12567 12953 D OPENHU  : [77] Companion.decrypt | RECV: AUDIO Media Data type: 0 flags: 11 size: 8202 dataOffset: 2
09-15 13:35:04.584 12567 12953 D OPENHU  : [77] Companion.decrypt | RECV: AUDIO Media Data type: 0 flags: 11 size: 8202 dataOffset: 2
09-15 13:35:04.627 12567 12953 D OPENHU  : [77] Companion.decrypt | RECV: AUDIO Media Data type: 0 flags: 11 size: 8202 dataOffset: 2
09-15 13:35:04.669 12567 12953 D OPENHU  : [77] Companion.decrypt | RECV: AUDIO Media Data type: 0 flags: 11 size: 8202 dataOffset: 2
09-15 13:35:04.712 12567 12953 D OPENHU  : [77] Companion.decrypt | RECV: AUDIO Media Data type: 0 flags: 11 size: 8202 dataOffset: 2
09-15 13:35:04.756 12567 12953 D OPENHU  : [77] Companion.decrypt | RECV: AUDIO Media Data type: 0 flags: 11 size: 8202 dataOffset: 2
09-15 13:35:04.798 12567 12953 D OPENHU  : [77] Companion.decrypt | RECV: AUDIO Media Data type: 0 flags: 11 size: 8202 dataOffset: 2
09-15 13:35:04.841 12567 12953 D OPENHU  : [77] Companion.decrypt | RECV: AUDIO Media Data type: 0 flags: 11 size: 8202 dataOffset: 2
09-15 13:35:04.883 12567 12953 D OPENHU  : [77] Companion.decrypt | RECV: AUDIO Media Data type: 0 flags: 11 size: 8202 dataOffset: 2
09-15 13:35:04.927 12567 12953 D OPENHU  : [77] Companion.decrypt | RECV: AUDIO Media Data type: 0 flags: 11 size: 8202 dataOffset: 2
09-15 13:35:04.971 12567 12953 D OPENHU  : [77] Companion.decrypt | RECV: AUDIO Media Data type: 0 flags: 11 size: 8202 dataOffset: 2
09-15 13:35:05.010 12567 12953 D OPENHU  : [77] Companion.decrypt | RECV: AUDIO Media Data type: 0 flags: 11 size: 8202 dataOffset: 2
09-15 13:35:05.018 12567 12567 V OPENHU  : [2] GpsLocation.onLocationChanged | GpsLocation: fix received
09-15 13:35:05.033 12567 12567 V OPENHU  : [2] AapTransport.send | SENSOR Sensor Event type: 32771 flags: 11 size: 46 dataOffset: 6
09-15 13:35:05.052 12567 12953 D OPENHU  : [77] Companion.decrypt | RECV: AUDIO Media Data type: 0 flags: 11 size: 8202 dataOffset: 2
09-15 13:35:05.095 12567 12953 D OPENHU  : [77] Companion.decrypt | RECV: AUDIO Media Data type: 0 flags: 11 size: 8202 dataOffset: 2
09-15 13:35:05.137 12567 12953 D OPENHU  : [77] Companion.decrypt | RECV: AUDIO Media Data type: 0 flags: 11 size: 8202 dataOffset: 2
09-15 13:35:05.179 12567 12953 D OPENHU  : [77] Companion.decrypt | RECV: AUDIO Media Data type: 0 flags: 11 size: 8202 dataOffset: 2
09-15 13:35:05.225 12567 12953 D OPENHU  : [77] Companion.decrypt | RECV: AUDIO Media Data type: 0 flags: 11 size: 8202 dataOffset: 2
09-15 13:35:05.260 12567 12953 D OPENHU  : [77] Companion.decrypt | RECV: CONTROL Ping Request type: 11 flags: 11 size: 12 dataOffset: 2
09-15 13:35:05.262 12567 12953 V OPENHU  : [77] AapTransport.send | CONTROL Ping Response type: 12 flags: 11 size: 14 dataOffset: 6
09-15 13:35:05.266 12567 12953 D OPENHU  : [77] Companion.decrypt | RECV: AUDIO Media Data type: 0 flags: 11 size: 8202 dataOffset: 2
09-15 13:35:05.309 12567 12953 D OPENHU  : [77] Companion.decrypt | RECV: AUDIO Media Data type: 0 flags: 11 size: 8202 dataOffset: 2
09-15 13:35:05.351 12567 12953 D OPENHU  : [77] Companion.decrypt | RECV: AUDIO Media Data type: 0 flags: 11 size: 8202 dataOffset: 2
09-15 13:35:05.394 12567 12953 D OPENHU  : [77] Companion.decrypt | RECV: AUDIO Media Data type: 0 flags: 11 size: 8202 dataOffset: 2
09-15 13:35:05.417 12567 12953 D OPENHU  : [77] Companion.decrypt | RECV: MUSIC_PLAYBACK Media Playback Status type: 32769 flags: 11 size: 17 dataOffset: 2
09-15 13:35:05.418 12567 12953 D OPENHU  : [77] AapMediaPlayback.processStatusPacket | AapMediaPlayback: status mediaSource='VLC', playbackSeconds(u32)=91, state=PLAYING
09-15 13:35:05.436 12567 12953 D OPENHU  : [77] Companion.decrypt | RECV: AUDIO Media Data type: 0 flags: 11 size: 8202 dataOffset: 2
09-15 13:35:05.481 12567 12953 D OPENHU  : [77] Companion.decrypt | RECV: AUDIO Media Data type: 0 flags: 11 size: 8202 dataOffset: 2
09-15 13:35:05.523 12567 12953 D OPENHU  : [77] Companion.decrypt | RECV: AUDIO Media Data type: 0 flags: 11 size: 8202 dataOffset: 2
09-15 13:35:05.564 12567 12953 D OPENHU  : [77] Companion.decrypt | RECV: AUDIO Media Data type: 0 flags: 11 size: 8202 dataOffset: 2
09-15 13:35:05.607 12567 12953 D OPENHU  : [77] Companion.decrypt | RECV: AUDIO Media Data type: 0 flags: 11 size: 8202 dataOffset: 2
09-15 13:35:05.649 12567 12953 D OPENHU  : [77] Companion.decrypt | RECV: AUDIO Media Data type: 0 flags: 11 size: 8202 dataOffset: 2
09-15 13:35:05.692 12567 12953 D OPENHU  : [77] Companion.decrypt | RECV: AUDIO Media Data type: 0 flags: 11 size: 8202 dataOffset: 2
09-15 13:35:05.736 12567 12953 D OPENHU  : [77] Companion.decrypt | RECV: AUDIO Media Data type: 0 flags: 11 size: 8202 dataOffset: 2
09-15 13:35:05.779 12567 12953 D OPENHU  : [77] Companion.decrypt | RECV: AUDIO Media Data type: 0 flags: 11 size: 8202 dataOffset: 2
09-15 13:35:05.822 12567 12953 D OPENHU  : [77] Companion.decrypt | RECV: AUDIO Media Data type: 0 flags: 11 size: 8202 dataOffset: 2
09-15 13:35:05.865 12567 12953 D OPENHU  : [77] Companion.decrypt | RECV: AUDIO Media Data type: 0 flags: 11 size: 8202 dataOffset: 2
09-15 13:35:05.908 12567 12953 D OPENHU  : [77] Companion.decrypt | RECV: AUDIO Media Data type: 0 flags: 11 size: 8202 dataOffset: 2
09-15 13:35:05.949 12567 12953 D OPENHU  : [77] Companion.decrypt | RECV: AUDIO Media Data type: 0 flags: 11 size: 8202 dataOffset: 2
09-15 13:35:05.989 12567 12953 D OPENHU  : [77] Companion.decrypt | RECV: AUDIO Media Data type: 0 flags: 11 size: 8202 dataOffset: 2
09-15 13:35:05.998 12567 12567 V OPENHU  : [2] GpsLocation.onLocationChanged | GpsLocation: fix received
09-15 13:35:06.013 12567 12567 V OPENHU  : [2] AapTransport.send | SENSOR Sensor Event type: 32771 flags: 11 size: 46 dataOffset: 6
09-15 13:35:06.033 12567 12953 D OPENHU  : [77] Companion.decrypt | RECV: AUDIO Media Data type: 0 flags: 11 size: 8202 dataOffset: 2
09-15 13:35:06.077 12567 12953 D OPENHU  : [77] Companion.decrypt | RECV: AUDIO Media Data type: 0 flags: 11 size: 8202 dataOffset: 2
09-15 13:35:06.119 12567 12953 D OPENHU  : [77] Companion.decrypt | RECV: AUDIO Media Data type: 0 flags: 11 size: 8202 dataOffset: 2
09-15 13:35:06.127 12567 12983 I OPENHU  : [88] VideoDecoder.logThroughput | Throughput over 5000ms: rendered=107 (21fps), fed=107 (21fps), dropped=0, skipped=0, concealed=0, inputWait=61ms, enqueueWait=0ms, codec=c2.unisoc.avc.decoder, presented=107 (21fps), decodeLatency=9ms p95=14ms (107 frames)
09-15 13:35:06.161 12567 12953 D OPENHU  : [77] Companion.decrypt | RECV: AUDIO Media Data type: 0 flags: 11 size: 8202 dataOffset: 2
09-15 13:35:06.206 12567 12953 D OPENHU  : [77] Companion.decrypt | RECV: AUDIO Media Data type: 0 flags: 11 size: 8202 dataOffset: 2
09-15 13:35:06.247 12567 12953 D OPENHU  : [77] Companion.decrypt | RECV: AUDIO Media Data type: 0 flags: 11 size: 8202 dataOffset: 2
09-15 13:35:06.260 12567 12953 D OPENHU  : [77] Companion.decrypt | RECV: CONTROL Ping Request type: 11 flags: 11 size: 12 dataOffset: 2
09-15 13:35:06.260 12567 12953 V OPENHU  : [77] AapTransport.send | CONTROL Ping Response type: 12 flags: 11 size: 14 dataOffset: 6
09-15 13:35:06.291 12567 12953 D OPENHU  : [77] Companion.decrypt | RECV: AUDIO Media Data type: 0 flags: 11 size: 8202 dataOffset: 2
09-15 13:35:06.334 12567 12953 D OPENHU  : [77] Companion.decrypt | RECV: AUDIO Media Data type: 0 flags: 11 size: 8202 dataOffset: 2
09-15 13:35:06.377 12567 12953 D OPENHU  : [77] Companion.decrypt | RECV: AUDIO Media Data type: 0 flags: 11 size: 8202 dataOffset: 2
09-15 13:35:06.419 12567 12953 D OPENHU  : [77] Companion.decrypt | RECV: AUDIO Media Data type: 0 flags: 11 size: 8202 dataOffset: 2
09-15 13:35:06.424 12567 12953 D OPENHU  : [77] Companion.decrypt | RECV: MUSIC_PLAYBACK Media Playback Status type: 32769 flags: 11 size: 17 dataOffset: 2
09-15 13:35:06.426 12567 12953 D OPENHU  : [77] AapMediaPlayback.processStatusPacket | AapMediaPlayback: status mediaSource='VLC', playbackSeconds(u32)=92, state=PLAYING
09-15 13:35:06.461 12567 12953 D OPENHU  : [77] Companion.decrypt | RECV: AUDIO Media Data type: 0 flags: 11 size: 8202 dataOffset: 2
09-15 13:35:06.500 12567 12567 I OPENHU  : [2] TextureProjectionView.onSurfaceTextureUpdated | TextureProjectionView: displayed 88 frames in 5017ms (17fps), longFrames=1
09-15 13:35:06.502 12567 12953 D OPENHU  : [77] Companion.decrypt | RECV: AUDIO Media Data type: 0 flags: 11 size: 8202 dataOffset: 2
09-15 13:35:06.544 12567 12953 D OPENHU  : [77] Companion.decrypt | RECV: AUDIO Media Data type: 0 flags: 11 size: 8202 dataOffset: 2
09-15 13:35:06.587 12567 12953 D OPENHU  : [77] Companion.decrypt | RECV: AUDIO Media Data type: 0 flags: 11 size: 8202 dataOffset: 2
09-15 13:35:06.631 12567 12953 D OPENHU  : [77] Companion.decrypt | RECV: AUDIO Media Data type: 0 flags: 11 size: 8202 dataOffset: 2
09-15 13:35:06.672 12567 12953 D OPENHU  : [77] Companion.decrypt | RECV: AUDIO Media Data type: 0 flags: 11 size: 8202 dataOffset: 2
09-15 13:35:06.716 12567 12953 D OPENHU  : [77] Companion.decrypt | RECV: AUDIO Media Data type: 0 flags: 11 size: 8202 dataOffset: 2
09-15 13:35:06.759 12567 12953 D OPENHU  : [77] Companion.decrypt | RECV: AUDIO Media Data type: 0 flags: 11 size: 8202 dataOffset: 2
09-15 13:35:06.802 12567 12953 D OPENHU  : [77] Companion.decrypt | RECV: AUDIO Media Data type: 0 flags: 11 size: 8202 dataOffset: 2
09-15 13:35:06.845 12567 12953 D OPENHU  : [77] Companion.decrypt | RECV: AUDIO Media Data type: 0 flags: 11 size: 8202 dataOffset: 2
09-15 13:35:06.885 12567 12953 D OPENHU  : [77] Companion.decrypt | RECV: AUDIO Media Data type: 0 flags: 11 size: 8202 dataOffset: 2
09-15 13:35:06.928 12567 12953 D OPENHU  : [77] Companion.decrypt | RECV: AUDIO Media Data type: 0 flags: 11 size: 8202 dataOffset: 2
09-15 13:35:06.971 12567 12953 D OPENHU  : [77] Companion.decrypt | RECV: AUDIO Media Data type: 0 flags: 11 size: 8202 dataOffset: 2
09-15 13:35:07.018 12567 12953 D OPENHU  : [77] Companion.decrypt | RECV: AUDIO Media Data type: 0 flags: 11 size: 8202 dataOffset: 2
09-15 13:35:07.030 12567 12567 V OPENHU  : [2] GpsLocation.onLocationChanged | GpsLocation: fix received
09-15 13:35:07.050 12567 12567 V OPENHU  : [2] AapTransport.send | SENSOR Sensor Event type: 32771 flags: 11 size: 46 dataOffset: 6
09-15 13:35:07.055 12567 12953 D OPENHU  : [77] Companion.decrypt | RECV: AUDIO Media Data type: 0 flags: 11 size: 8202 dataOffset: 2
09-15 13:35:07.100 12567 12953 D OPENHU  : [77] Companion.decrypt | RECV: AUDIO Media Data type: 0 flags: 11 size: 8202 dataOffset: 2
09-15 13:35:07.144 12567 12953 D OPENHU  : [77] Companion.decrypt | RECV: AUDIO Media Data type: 0 flags: 11 size: 8202 dataOffset: 2
09-15 13:35:07.185 12567 12953 D OPENHU  : [77] Companion.decrypt | RECV: AUDIO Media Data type: 0 flags: 11 size: 8202 dataOffset: 2
09-15 13:35:07.227 12567 12953 D OPENHU  : [77] Companion.decrypt | RECV: AUDIO Media Data type: 0 flags: 11 size: 8202 dataOffset: 2
09-15 13:35:07.262 12567 12953 D OPENHU  : [77] Companion.decrypt | RECV: CONTROL Ping Request type: 11 flags: 11 size: 12 dataOffset: 2
09-15 13:35:07.263 12567 12953 V OPENHU  : [77] AapTransport.send | CONTROL Ping Response type: 12 flags: 11 size: 14 dataOffset: 6
09-15 13:35:07.269 12567 12953 D OPENHU  : [77] Companion.decrypt | RECV: AUDIO Media Data type: 0 flags: 11 size: 8202 dataOffset: 2
09-15 13:35:07.313 12567 12953 D OPENHU  : [77] Companion.decrypt | RECV: AUDIO Media Data type: 0 flags: 11 size: 8202 dataOffset: 2
09-15 13:35:07.355 12567 12953 D OPENHU  : [77] Companion.decrypt | RECV: AUDIO Media Data type: 0 flags: 11 size: 8202 dataOffset: 2
09-15 13:35:07.399 12567 12953 D OPENHU  : [77] Companion.decrypt | RECV: AUDIO Media Data type: 0 flags: 11 size: 8202 dataOffset: 2
09-15 13:35:07.417 12567 12953 D OPENHU  : [77] Companion.decrypt | RECV: MUSIC_PLAYBACK Media Playback Status type: 32769 flags: 11 size: 17 dataOffset: 2
09-15 13:35:07.418 12567 12953 D OPENHU  : [77] AapMediaPlayback.processStatusPacket | AapMediaPlayback: status mediaSource='VLC', playbackSeconds(u32)=93, state=PLAYING
09-15 13:35:07.450 12567 12953 D OPENHU  : [77] Companion.decrypt | RECV: AUDIO Media Data type: 0 flags: 11 size: 8202 dataOffset: 2
09-15 13:35:07.484 12567 12953 D OPENHU  : [77] Companion.decrypt | RECV: AUDIO Media Data type: 0 flags: 11 size: 8202 dataOffset: 2
09-15 13:35:07.526 12567 12953 D OPENHU  : [77] Companion.decrypt | RECV: AUDIO Media Data type: 0 flags: 11 size: 8202 dataOffset: 2
09-15 13:35:07.568 12567 12953 D OPENHU  : [77] Companion.decrypt | RECV: AUDIO Media Data type: 0 flags: 11 size: 8202 dataOffset: 2
09-15 13:35:07.614 12567 12953 D OPENHU  : [77] Companion.decrypt | RECV: AUDIO Media Data type: 0 flags: 11 size: 8202 dataOffset: 2
09-15 13:35:07.654 12567 12953 D OPENHU  : [77] Companion.decrypt | RECV: AUDIO Media Data type: 0 flags: 11 size: 8202 dataOffset: 2
09-15 13:35:07.695 12567 12953 D OPENHU  : [77] Companion.decrypt | RECV: AUDIO Media Data type: 0 flags: 11 size: 8202 dataOffset: 2
09-15 13:35:07.740 12567 12953 D OPENHU  : [77] Companion.decrypt | RECV: AUDIO Media Data type: 0 flags: 11 size: 8202 dataOffset: 2
09-15 13:35:07.785 12567 12953 D OPENHU  : [77] Companion.decrypt | RECV: AUDIO Media Data type: 0 flags: 11 size: 8202 dataOffset: 2
09-15 13:35:07.830 12567 12953 D OPENHU  : [77] Companion.decrypt | RECV: AUDIO Media Data type: 0 flags: 11 size: 8202 dataOffset: 2
09-15 13:35:07.868 12567 12953 D OPENHU  : [77] Companion.decrypt | RECV: AUDIO Media Data type: 0 flags: 11 size: 8202 dataOffset: 2
09-15 13:35:07.912 12567 12953 D OPENHU  : [77] Companion.decrypt | RECV: AUDIO Media Data type: 0 flags: 11 size: 8202 dataOffset: 2
09-15 13:35:07.953 12567 12953 D OPENHU  : [77] Companion.decrypt | RECV: AUDIO Media Data type: 0 flags: 11 size: 8202 dataOffset: 2
09-15 13:35:07.997 12567 12953 D OPENHU  : [77] Companion.decrypt | RECV: AUDIO Media Data type: 0 flags: 11 size: 8202 dataOffset: 2
09-15 13:35:07.997 12567 12567 V OPENHU  : [2] GpsLocation.onLocationChanged | GpsLocation: fix received
09-15 13:35:08.013 12567 12567 V OPENHU  : [2] AapTransport.send | SENSOR Sensor Event type: 32771 flags: 11 size: 46 dataOffset: 6
09-15 13:35:08.038 12567 12953 D OPENHU  : [77] Companion.decrypt | RECV: AUDIO Media Data type: 0 flags: 11 size: 8202 dataOffset: 2
09-15 13:35:08.086 12567 12953 D OPENHU  : [77] Companion.decrypt | RECV: AUDIO Media Data type: 0 flags: 11 size: 8202 dataOffset: 2
09-15 13:35:08.124 12567 12953 D OPENHU  : [77] Companion.decrypt | RECV: AUDIO Media Data type: 0 flags: 11 size: 8202 dataOffset: 2
09-15 13:35:08.167 12567 12953 D OPENHU  : [77] Companion.decrypt | RECV: AUDIO Media Data type: 0 flags: 11 size: 8202 dataOffset: 2
09-15 13:35:08.209 12567 12953 D OPENHU  : [77] Companion.decrypt | RECV: AUDIO Media Data type: 0 flags: 11 size: 8202 dataOffset: 2
09-15 13:35:08.251 12567 12953 D OPENHU  : [77] Companion.decrypt | RECV: AUDIO Media Data type: 0 flags: 11 size: 8202 dataOffset: 2
09-15 13:35:08.262 12567 12953 D OPENHU  : [77] Companion.decrypt | RECV: CONTROL Ping Request type: 11 flags: 11 size: 12 dataOffset: 2
09-15 13:35:08.263 12567 12953 V OPENHU  : [77] AapTransport.send | CONTROL Ping Response type: 12 flags: 11 size: 14 dataOffset: 6
09-15 13:35:08.295 12567 12953 D OPENHU  : [77] Companion.decrypt | RECV: AUDIO Media Data type: 0 flags: 11 size: 8202 dataOffset: 2
09-15 13:35:08.336 12567 12953 D OPENHU  : [77] Companion.decrypt | RECV: AUDIO Media Data type: 0 flags: 11 size: 8202 dataOffset: 2
09-15 13:35:08.380 12567 12953 D OPENHU  : [77] Companion.decrypt | RECV: AUDIO Media Data type: 0 flags: 11 size: 8202 dataOffset: 2
09-15 13:35:08.420 12567 12953 D OPENHU  : [77] Companion.decrypt | RECV: MUSIC_PLAYBACK Media Playback Status type: 32769 flags: 11 size: 17 dataOffset: 2
09-15 13:35:08.421 12567 12953 D OPENHU  : [77] AapMediaPlayback.processStatusPacket | AapMediaPlayback: status mediaSource='VLC', playbackSeconds(u32)=94, state=PLAYING
09-15 13:35:08.423 12567 12953 D OPENHU  : [77] Companion.decrypt | RECV: AUDIO Media Data type: 0 flags: 11 size: 8202 dataOffset: 2
09-15 13:35:08.466 12567 12953 D OPENHU  : [77] Companion.decrypt | RECV: AUDIO Media Data type: 0 flags: 11 size: 8202 dataOffset: 2
09-15 13:35:08.507 12567 12953 D OPENHU  : [77] Companion.decrypt | RECV: AUDIO Media Data type: 0 flags: 11 size: 8202 dataOffset: 2
09-15 13:35:08.549 12567 12953 D OPENHU  : [77] Companion.decrypt | RECV: AUDIO Media Data type: 0 flags: 11 size: 8202 dataOffset: 2
09-15 13:35:08.594 12567 12953 D OPENHU  : [77] Companion.decrypt | RECV: AUDIO Media Data type: 0 flags: 11 size: 8202 dataOffset: 2
09-15 13:35:08.634 12567 12953 D OPENHU  : [77] Companion.decrypt | RECV: AUDIO Media Data type: 0 flags: 11 size: 8202 dataOffset: 2
09-15 13:35:08.680 12567 12953 D OPENHU  : [77] Companion.decrypt | RECV: AUDIO Media Data type: 0 flags: 11 size: 8202 dataOffset: 2
09-15 13:35:08.721 12567 12953 D OPENHU  : [77] Companion.decrypt | RECV: AUDIO Media Data type: 0 flags: 11 size: 8202 dataOffset: 2
09-15 13:35:08.764 12567 12953 D OPENHU  : [77] Companion.decrypt | RECV: AUDIO Media Data type: 0 flags: 11 size: 8202 dataOffset: 2
09-15 13:35:08.806 12567 12953 D OPENHU  : [77] Companion.decrypt | RECV: AUDIO Media Data type: 0 flags: 11 size: 8202 dataOffset: 2
09-15 13:35:08.848 12567 12953 D OPENHU  : [77] Companion.decrypt | RECV: AUDIO Media Data type: 0 flags: 11 size: 8202 dataOffset: 2
09-15 13:35:08.892 12567 12953 D OPENHU  : [77] Companion.decrypt | RECV: AUDIO Media Data type: 0 flags: 11 size: 8202 dataOffset: 2
09-15 13:35:08.934 12567 12953 D OPENHU  : [77] Companion.decrypt | RECV: AUDIO Media Data type: 0 flags: 11 size: 8202 dataOffset: 2
09-15 13:35:08.980 12567 12953 D OPENHU  : [77] Companion.decrypt | RECV: AUDIO Media Data type: 0 flags: 11 size: 8202 dataOffset: 2
09-15 13:35:09.016 12567 12567 V OPENHU  : [2] GpsLocation.onLocationChanged | GpsLocation: fix received
09-15 13:35:09.021 12567 12953 D OPENHU  : [77] Companion.decrypt | RECV: AUDIO Media Data type: 0 flags: 11 size: 8202 dataOffset: 2
09-15 13:35:09.032 12567 12567 V OPENHU  : [2] AapTransport.send | SENSOR Sensor Event type: 32771 flags: 11 size: 46 dataOffset: 6
09-15 13:35:09.063 12567 12953 D OPENHU  : [77] Companion.decrypt | RECV: AUDIO Media Data type: 0 flags: 11 size: 8202 dataOffset: 2
09-15 13:35:09.103 12567 12953 D OPENHU  : [77] Companion.decrypt | RECV: AUDIO Media Data type: 0 flags: 11 size: 8202 dataOffset: 2
09-15 13:35:09.148 12567 12953 D OPENHU  : [77] Companion.decrypt | RECV: AUDIO Media Data type: 0 flags: 11 size: 8202 dataOffset: 2
09-15 13:35:09.190 12567 12953 D OPENHU  : [77] Companion.decrypt | RECV: AUDIO Media Data type: 0 flags: 11 size: 8202 dataOffset: 2
09-15 13:35:09.234 12567 12953 D OPENHU  : [77] Companion.decrypt | RECV: AUDIO Media Data type: 0 flags: 11 size: 8202 dataOffset: 2
09-15 13:35:09.264 12567 12953 D OPENHU  : [77] Companion.decrypt | RECV: CONTROL Ping Request type: 11 flags: 11 size: 12 dataOffset: 2
09-15 13:35:09.265 12567 12953 V OPENHU  : [77] AapTransport.send | CONTROL Ping Response type: 12 flags: 11 size: 14 dataOffset: 6
09-15 13:35:09.280 12567 12953 D OPENHU  : [77] Companion.decrypt | RECV: AUDIO Media Data type: 0 flags: 11 size: 8202 dataOffset: 2
09-15 13:35:09.318 12567 12953 D OPENHU  : [77] Companion.decrypt | RECV: AUDIO Media Data type: 0 flags: 11 size: 8202 dataOffset: 2
09-15 13:35:09.363 12567 12953 D OPENHU  : [77] Companion.decrypt | RECV: AUDIO Media Data type: 0 flags: 11 size: 8202 dataOffset: 2
09-15 13:35:09.406 12567 12953 D OPENHU  : [77] Companion.decrypt | RECV: AUDIO Media Data type: 0 flags: 11 size: 8202 dataOffset: 2
09-15 13:35:09.418 12567 12953 D OPENHU  : [77] Companion.decrypt | RECV: MUSIC_PLAYBACK Media Playback Status type: 32769 flags: 11 size: 17 dataOffset: 2
09-15 13:35:09.419 12567 12953 D OPENHU  : [77] AapMediaPlayback.processStatusPacket | AapMediaPlayback: status mediaSource='VLC', playbackSeconds(u32)=95, state=PLAYING
09-15 13:35:09.446 12567 12953 D OPENHU  : [77] Companion.decrypt | RECV: AUDIO Media Data type: 0 flags: 11 size: 8202 dataOffset: 2
09-15 13:35:09.490 12567 12953 D OPENHU  : [77] Companion.decrypt | RECV: AUDIO Media Data type: 0 flags: 11 size: 8202 dataOffset: 2
09-15 13:35:09.533 12567 12953 D OPENHU  : [77] Companion.decrypt | RECV: AUDIO Media Data type: 0 flags: 11 size: 8202 dataOffset: 2
09-15 13:35:09.574 12567 12953 D OPENHU  : [77] Companion.decrypt | RECV: AUDIO Media Data type: 0 flags: 11 size: 8202 dataOffset: 2
09-15 13:35:09.616 12567 12953 D OPENHU  : [77] Companion.decrypt | RECV: AUDIO Media Data type: 0 flags: 11 size: 8202 dataOffset: 2
09-15 13:35:09.660 12567 12953 D OPENHU  : [77] Companion.decrypt | RECV: AUDIO Media Data type: 0 flags: 11 size: 8202 dataOffset: 2
09-15 13:35:09.702 12567 12953 D OPENHU  : [77] Companion.decrypt | RECV: AUDIO Media Data type: 0 flags: 11 size: 8202 dataOffset: 2
09-15 13:35:09.746 12567 12953 D OPENHU  : [77] Companion.decrypt | RECV: AUDIO Media Data type: 0 flags: 11 size: 8202 dataOffset: 2
09-15 13:35:09.787 12567 12953 D OPENHU  : [77] Companion.decrypt | RECV: AUDIO Media Data type: 0 flags: 11 size: 8202 dataOffset: 2
09-15 13:35:09.832 12567 12953 D OPENHU  : [77] Companion.decrypt | RECV: AUDIO Media Data type: 0 flags: 11 size: 8202 dataOffset: 2
09-15 13:35:09.875 12567 12953 D OPENHU  : [77] Companion.decrypt | RECV: AUDIO Media Data type: 0 flags: 11 size: 8202 dataOffset: 2
09-15 13:35:09.920 12567 12953 D OPENHU  : [77] Companion.decrypt | RECV: AUDIO Media Data type: 0 flags: 11 size: 8202 dataOffset: 2
09-15 13:35:09.961 12567 12953 D OPENHU  : [77] Companion.decrypt | RECV: AUDIO Media Data type: 0 flags: 11 size: 8202 dataOffset: 2
09-15 13:35:10.000 12567 12953 D OPENHU  : [77] Companion.decrypt | RECV: AUDIO Media Data type: 0 flags: 11 size: 8202 dataOffset: 2
09-15 13:35:10.001 12567 12567 V OPENHU  : [2] GpsLocation.onLocationChanged | GpsLocation: fix received
09-15 13:35:10.015 12567 12567 V OPENHU  : [2] AapTransport.send | SENSOR Sensor Event type: 32771 flags: 11 size: 46 dataOffset: 6
09-15 13:35:10.048 12567 12953 D OPENHU  : [77] Companion.decrypt | RECV: AUDIO Media Data type: 0 flags: 11 size: 8202 dataOffset: 2
09-15 13:35:10.087 12567 12953 D OPENHU  : [77] Companion.decrypt | RECV: AUDIO Media Data type: 0 flags: 11 size: 8202 dataOffset: 2
09-15 13:35:10.130 12567 12953 D OPENHU  : [77] Companion.decrypt | RECV: AUDIO Media Data type: 0 flags: 11 size: 8202 dataOffset: 2
09-15 13:35:10.171 12567 12953 D OPENHU  : [77] Companion.decrypt | RECV: AUDIO Media Data type: 0 flags: 11 size: 8202 dataOffset: 2
09-15 13:35:10.214 12567 12953 D OPENHU  : [77] Companion.decrypt | RECV: AUDIO Media Data type: 0 flags: 11 size: 8202 dataOffset: 2
09-15 13:35:10.258 12567 12953 D OPENHU  : [77] Companion.decrypt | RECV: AUDIO Media Data type: 0 flags: 11 size: 8202 dataOffset: 2
09-15 13:35:10.263 12567 12953 D OPENHU  : [77] Companion.decrypt | RECV: CONTROL Ping Request type: 11 flags: 11 size: 12 dataOffset: 2
09-15 13:35:10.264 12567 12953 V OPENHU  : [77] AapTransport.send | CONTROL Ping Response type: 12 flags: 11 size: 14 dataOffset: 6
09-15 13:35:10.299 12567 12953 D OPENHU  : [77] Companion.decrypt | RECV: AUDIO Media Data type: 0 flags: 11 size: 8202 dataOffset: 2
09-15 13:35:10.342 12567 12953 D OPENHU  : [77] Companion.decrypt | RECV: AUDIO Media Data type: 0 flags: 11 size: 8202 dataOffset: 2
09-15 13:35:10.384 12567 12953 D OPENHU  : [77] Companion.decrypt | RECV: AUDIO Media Data type: 0 flags: 11 size: 8202 dataOffset: 2
09-15 13:35:10.420 12567 12953 D OPENHU  : [77] Companion.decrypt | RECV: MUSIC_PLAYBACK Media Playback Status type: 32769 flags: 11 size: 17 dataOffset: 2
09-15 13:35:10.421 12567 12953 D OPENHU  : [77] AapMediaPlayback.processStatusPacket | AapMediaPlayback: status mediaSource='VLC', playbackSeconds(u32)=96, state=PLAYING
09-15 13:35:10.427 12567 12953 D OPENHU  : [77] Companion.decrypt | RECV: AUDIO Media Data type: 0 flags: 11 size: 8202 dataOffset: 2
09-15 13:35:10.473 12567 12953 D OPENHU  : [77] Companion.decrypt | RECV: AUDIO Media Data type: 0 flags: 11 size: 8202 dataOffset: 2
09-15 13:35:10.513 12567 12953 D OPENHU  : [77] Companion.decrypt | RECV: AUDIO Media Data type: 0 flags: 11 size: 8202 dataOffset: 2
09-15 13:35:10.557 12567 12953 D OPENHU  : [77] Companion.decrypt | RECV: AUDIO Media Data type: 0 flags: 11 size: 8202 dataOffset: 2
09-15 13:35:10.598 12567 12953 D OPENHU  : [77] Companion.decrypt | RECV: AUDIO Media Data type: 0 flags: 11 size: 8202 dataOffset: 2
09-15 13:35:10.642 12567 12953 D OPENHU  : [77] Companion.decrypt | RECV: AUDIO Media Data type: 0 flags: 11 size: 8202 dataOffset: 2
09-15 13:35:10.684 12567 12953 D OPENHU  : [77] Companion.decrypt | RECV: AUDIO Media Data type: 0 flags: 11 size: 8202 dataOffset: 2
09-15 13:35:10.727 12567 12953 D OPENHU  : [77] Companion.decrypt | RECV: AUDIO Media Data type: 0 flags: 11 size: 8202 dataOffset: 2
09-15 13:35:10.771 12567 12953 D OPENHU  : [77] Companion.decrypt | RECV: AUDIO Media Data type: 0 flags: 11 size: 8202 dataOffset: 2
09-15 13:35:10.812 12567 12953 D OPENHU  : [77] Companion.decrypt | RECV: AUDIO Media Data type: 0 flags: 11 size: 8202 dataOffset: 2
09-15 13:35:10.855 12567 12953 D OPENHU  : [77] Companion.decrypt | RECV: AUDIO Media Data type: 0 flags: 11 size: 8202 dataOffset: 2
09-15 13:35:10.899 12567 12953 D OPENHU  : [77] Companion.decrypt | RECV: AUDIO Media Data type: 0 flags: 11 size: 8202 dataOffset: 2
09-15 13:35:10.941 12567 12953 D OPENHU  : [77] Companion.decrypt | RECV: AUDIO Media Data type: 0 flags: 11 size: 8202 dataOffset: 2
09-15 13:35:10.985 12567 12953 D OPENHU  : [77] Companion.decrypt | RECV: AUDIO Media Data type: 0 flags: 11 size: 8202 dataOffset: 2
09-15 13:35:11.024 12567 12953 D OPENHU  : [77] Companion.decrypt | RECV: AUDIO Media Data type: 0 flags: 11 size: 8202 dataOffset: 2
09-15 13:35:11.032 12567 12567 V OPENHU  : [2] GpsLocation.onLocationChanged | GpsLocation: fix received
09-15 13:35:11.055 12567 12567 V OPENHU  : [2] AapTransport.send | SENSOR Sensor Event type: 32771 flags: 11 size: 46 dataOffset: 6
09-15 13:35:11.071 12567 12953 D OPENHU  : [77] Companion.decrypt | RECV: AUDIO Media Data type: 0 flags: 11 size: 8202 dataOffset: 2
09-15 13:35:11.110 12567 12953 D OPENHU  : [77] Companion.decrypt | RECV: AUDIO Media Data type: 0 flags: 11 size: 8202 dataOffset: 2
09-15 13:35:11.135 12567 12983 I OPENHU  : [88] VideoDecoder.logThroughput | Throughput over 5005ms: rendered=155 (30fps), fed=155 (30fps), dropped=0, skipped=0, concealed=0, inputWait=89ms, enqueueWait=0ms, codec=c2.unisoc.avc.decoder, presented=155 (30fps), decodeLatency=9ms p95=13ms (155 frames)
09-15 13:35:11.153 12567 12953 D OPENHU  : [77] Companion.decrypt | RECV: AUDIO Media Data type: 0 flags: 11 size: 8202 dataOffset: 2
09-15 13:35:11.196 12567 12953 D OPENHU  : [77] Companion.decrypt | RECV: AUDIO Media Data type: 0 flags: 11 size: 8202 dataOffset: 2
09-15 13:35:11.238 12567 12953 D OPENHU  : [77] Companion.decrypt | RECV: AUDIO Media Data type: 0 flags: 11 size: 8202 dataOffset: 2
09-15 13:35:11.264 12567 12953 D OPENHU  : [77] Companion.decrypt | RECV: CONTROL Ping Request type: 11 flags: 11 size: 12 dataOffset: 2
09-15 13:35:11.265 12567 12953 V OPENHU  : [77] AapTransport.send | CONTROL Ping Response type: 12 flags: 11 size: 14 dataOffset: 6
09-15 13:35:11.284 12567 12953 D OPENHU  : [77] Companion.decrypt | RECV: AUDIO Media Data type: 0 flags: 11 size: 8202 dataOffset: 2
09-15 13:35:11.324 12567 12953 D OPENHU  : [77] Companion.decrypt | RECV: AUDIO Media Data type: 0 flags: 11 size: 8202 dataOffset: 2
09-15 13:35:11.370 12567 12953 D OPENHU  : [77] Companion.decrypt | RECV: AUDIO Media Data type: 0 flags: 11 size: 8202 dataOffset: 2
09-15 13:35:11.409 12567 12953 D OPENHU  : [77] Companion.decrypt | RECV: AUDIO Media Data type: 0 flags: 11 size: 8202 dataOffset: 2
09-15 13:35:11.419 12567 12953 D OPENHU  : [77] Companion.decrypt | RECV: MUSIC_PLAYBACK Media Playback Status type: 32769 flags: 11 size: 17 dataOffset: 2
09-15 13:35:11.420 12567 12953 D OPENHU  : [77] AapMediaPlayback.processStatusPacket | AapMediaPlayback: status mediaSource='VLC', playbackSeconds(u32)=97, state=PLAYING
09-15 13:35:11.453 12567 12953 D OPENHU  : [77] Companion.decrypt | RECV: AUDIO Media Data type: 0 flags: 11 size: 8202 dataOffset: 2
09-15 13:35:11.493 12567 12953 D OPENHU  : [77] Companion.decrypt | RECV: AUDIO Media Data type: 0 flags: 11 size: 8202 dataOffset: 2
09-15 13:35:11.502 12567 12567 I OPENHU  : [2] TextureProjectionView.onSurfaceTextureUpdated | TextureProjectionView: displayed 144 frames in 5001ms (28fps), longFrames=1
09-15 13:35:11.537 12567 12953 D OPENHU  : [77] Companion.decrypt | RECV: AUDIO Media Data type: 0 flags: 11 size: 8202 dataOffset: 2
09-15 13:35:11.578 12567 12953 D OPENHU  : [77] Companion.decrypt | RECV: AUDIO Media Data type: 0 flags: 11 size: 8202 dataOffset: 2
09-15 13:35:11.620 12567 12953 D OPENHU  : [77] Companion.decrypt | RECV: AUDIO Media Data type: 0 flags: 11 size: 8202 dataOffset: 2
09-15 13:35:11.664 12567 12953 D OPENHU  : [77] Companion.decrypt | RECV: AUDIO Media Data type: 0 flags: 11 size: 8202 dataOffset: 2
09-15 13:35:11.708 12567 12953 D OPENHU  : [77] Companion.decrypt | RECV: AUDIO Media Data type: 0 flags: 11 size: 8202 dataOffset: 2
09-15 13:35:11.751 12567 12953 D OPENHU  : [77] Companion.decrypt | RECV: AUDIO Media Data type: 0 flags: 11 size: 8202 dataOffset: 2
09-15 13:35:11.794 12567 12953 D OPENHU  : [77] Companion.decrypt | RECV: AUDIO Media Data type: 0 flags: 11 size: 8202 dataOffset: 2
09-15 13:35:11.836 12567 12953 D OPENHU  : [77] Companion.decrypt | RECV: AUDIO Media Data type: 0 flags: 11 size: 8202 dataOffset: 2
09-15 13:35:11.880 12567 12953 D OPENHU  : [77] Companion.decrypt | RECV: AUDIO Media Data type: 0 flags: 11 size: 8202 dataOffset: 2
09-15 13:35:11.924 12567 12953 D OPENHU  : [77] Companion.decrypt | RECV: AUDIO Media Data type: 0 flags: 11 size: 8202 dataOffset: 2
09-15 13:35:11.964 12567 12953 D OPENHU  : [77] Companion.decrypt | RECV: AUDIO Media Data type: 0 flags: 11 size: 8202 dataOffset: 2
09-15 13:35:11.995 12567 12567 V OPENHU  : [2] GpsLocation.onLocationChanged | GpsLocation: fix received
09-15 13:35:12.004 12567 12567 V OPENHU  : [2] AapTransport.send | SENSOR Sensor Event type: 32771 flags: 11 size: 46 dataOffset: 6
09-15 13:35:12.008 12567 12953 D OPENHU  : [77] Companion.decrypt | RECV: AUDIO Media Data type: 0 flags: 11 size: 8202 dataOffset: 2
09-15 13:35:12.053 12567 12953 D OPENHU  : [77] Companion.decrypt | RECV: AUDIO Media Data type: 0 flags: 11 size: 8202 dataOffset: 2
09-15 13:35:12.092 12567 12953 D OPENHU  : [77] Companion.decrypt | RECV: AUDIO Media Data type: 0 flags: 11 size: 8202 dataOffset: 2
09-15 13:35:12.135 12567 12953 D OPENHU  : [77] Companion.decrypt | RECV: AUDIO Media Data type: 0 flags: 11 size: 8202 dataOffset: 2
09-15 13:35:12.177 12567 12953 D OPENHU  : [77] Companion.decrypt | RECV: AUDIO Media Data type: 0 flags: 11 size: 8202 dataOffset: 2
09-15 13:35:12.222 12567 12953 D OPENHU  : [77] Companion.decrypt | RECV: AUDIO Media Data type: 0 flags: 11 size: 8202 dataOffset: 2
09-15 13:35:12.262 12567 12953 D OPENHU  : [77] Companion.decrypt | RECV: AUDIO Media Data type: 0 flags: 11 size: 8202 dataOffset: 2
09-15 13:35:12.269 12567 12953 D OPENHU  : [77] Companion.decrypt | RECV: CONTROL Ping Request type: 11 flags: 11 size: 12 dataOffset: 2
09-15 13:35:12.269 12567 12953 V OPENHU  : [77] AapTransport.send | CONTROL Ping Response type: 12 flags: 11 size: 14 dataOffset: 6
09-15 13:35:12.305 12567 12953 D OPENHU  : [77] Companion.decrypt | RECV: AUDIO Media Data type: 0 flags: 11 size: 8202 dataOffset: 2
09-15 13:35:12.348 12567 12953 D OPENHU  : [77] Companion.decrypt | RECV: AUDIO Media Data type: 0 flags: 11 size: 8202 dataOffset: 2
09-15 13:35:12.390 12567 12953 D OPENHU  : [77] Companion.decrypt | RECV: AUDIO Media Data type: 0 flags: 11 size: 8202 dataOffset: 2
09-15 13:35:12.419 12567 12953 D OPENHU  : [77] Companion.decrypt | RECV: MUSIC_PLAYBACK Media Playback Status type: 32769 flags: 11 size: 17 dataOffset: 2
09-15 13:35:12.420 12567 12953 D OPENHU  : [77] AapMediaPlayback.processStatusPacket | AapMediaPlayback: status mediaSource='VLC', playbackSeconds(u32)=98, state=PLAYING
09-15 13:35:12.433 12567 12953 D OPENHU  : [77] Companion.decrypt | RECV: AUDIO Media Data type: 0 flags: 11 size: 8202 dataOffset: 2
09-15 13:35:12.476 12567 12953 D OPENHU  : [77] Companion.decrypt | RECV: AUDIO Media Data type: 0 flags: 11 size: 8202 dataOffset: 2
09-15 13:35:12.520 12567 12953 D OPENHU  : [77] Companion.decrypt | RECV: AUDIO Media Data type: 0 flags: 11 size: 8202 dataOffset: 2
09-15 13:35:12.562 12567 12953 D OPENHU  : [77] Companion.decrypt | RECV: AUDIO Media Data type: 0 flags: 11 size: 8202 dataOffset: 2
09-15 13:35:12.606 12567 12953 D OPENHU  : [77] Companion.decrypt | RECV: AUDIO Media Data type: 0 flags: 11 size: 8202 dataOffset: 2
09-15 13:35:12.649 12567 12953 D OPENHU  : [77] Companion.decrypt | RECV: AUDIO Media Data type: 0 flags: 11 size: 8202 dataOffset: 2
09-15 13:35:12.690 12567 12953 D OPENHU  : [77] Companion.decrypt | RECV: AUDIO Media Data type: 0 flags: 11 size: 8202 dataOffset: 2
09-15 13:35:12.731 12567 12953 D OPENHU  : [77] Companion.decrypt | RECV: AUDIO Media Data type: 0 flags: 11 size: 8202 dataOffset: 2
09-15 13:35:12.775 12567 12953 D OPENHU  : [77] Companion.decrypt | RECV: AUDIO Media Data type: 0 flags: 11 size: 8202 dataOffset: 2
09-15 13:35:12.817 12567 12953 D OPENHU  : [77] Companion.decrypt | RECV: AUDIO Media Data type: 0 flags: 11 size: 8202 dataOffset: 2
09-15 13:35:12.859 12567 12953 D OPENHU  : [77] Companion.decrypt | RECV: AUDIO Media Data type: 0 flags: 11 size: 8202 dataOffset: 2
09-15 13:35:12.903 12567 12953 D OPENHU  : [77] Companion.decrypt | RECV: AUDIO Media Data type: 0 flags: 11 size: 8202 dataOffset: 2
09-15 13:35:12.945 12567 12953 D OPENHU  : [77] Companion.decrypt | RECV: AUDIO Media Data type: 0 flags: 11 size: 8202 dataOffset: 2
09-15 13:35:12.987 12567 12953 D OPENHU  : [77] Companion.decrypt | RECV: AUDIO Media Data type: 0 flags: 11 size: 8202 dataOffset: 2
09-15 13:35:13.016 12567 12567 V OPENHU  : [2] GpsLocation.onLocationChanged | GpsLocation: fix received
09-15 13:35:13.031 12567 12953 D OPENHU  : [77] Companion.decrypt | RECV: AUDIO Media Data type: 0 flags: 11 size: 8202 dataOffset: 2
09-15 13:35:13.031 12567 12567 V OPENHU  : [2] AapTransport.send | SENSOR Sensor Event type: 32771 flags: 11 size: 46 dataOffset: 6
09-15 13:35:13.073 12567 12953 D OPENHU  : [77] Companion.decrypt | RECV: AUDIO Media Data type: 0 flags: 11 size: 8202 dataOffset: 2
09-15 13:35:13.115 12567 12953 D OPENHU  : [77] Companion.decrypt | RECV: AUDIO Media Data type: 0 flags: 11 size: 8202 dataOffset: 2
09-15 13:35:13.159 12567 12953 D OPENHU  : [77] Companion.decrypt | RECV: AUDIO Media Data type: 0 flags: 11 size: 8202 dataOffset: 2
09-15 13:35:13.208 12567 12953 D OPENHU  : [77] Companion.decrypt | RECV: AUDIO Media Data type: 0 flags: 11 size: 8202 dataOffset: 2
09-15 13:35:13.246 12567 12953 D OPENHU  : [77] Companion.decrypt | RECV: AUDIO Media Data type: 0 flags: 11 size: 8202 dataOffset: 2
09-15 13:35:13.266 12567 12953 D OPENHU  : [77] Companion.decrypt | RECV: CONTROL Ping Request type: 11 flags: 11 size: 12 dataOffset: 2
09-15 13:35:13.267 12567 12953 V OPENHU  : [77] AapTransport.send | CONTROL Ping Response type: 12 flags: 11 size: 14 dataOffset: 6
09-15 13:35:13.286 12567 12953 D OPENHU  : [77] Companion.decrypt | RECV: AUDIO Media Data type: 0 flags: 11 size: 8202 dataOffset: 2
09-15 13:35:13.330 12567 12953 D OPENHU  : [77] Companion.decrypt | RECV: AUDIO Media Data type: 0 flags: 11 size: 8202 dataOffset: 2
09-15 13:35:13.372 12567 12953 D OPENHU  : [77] Companion.decrypt | RECV: AUDIO Media Data type: 0 flags: 11 size: 8202 dataOffset: 2
09-15 13:35:13.415 12567 12953 D OPENHU  : [77] Companion.decrypt | RECV: AUDIO Media Data type: 0 flags: 11 size: 8202 dataOffset: 2
09-15 13:35:13.424 12567 12953 D OPENHU  : [77] Companion.decrypt | RECV: MUSIC_PLAYBACK Media Playback Status type: 32769 flags: 11 size: 17 dataOffset: 2
09-15 13:35:13.424 12567 12953 D OPENHU  : [77] AapMediaPlayback.processStatusPacket | AapMediaPlayback: status mediaSource='VLC', playbackSeconds(u32)=99, state=PLAYING
09-15 13:35:13.457 12567 12953 D OPENHU  : [77] Companion.decrypt | RECV: AUDIO Media Data type: 0 flags: 11 size: 8202 dataOffset: 2
09-15 13:35:13.502 12567 12953 D OPENHU  : [77] Companion.decrypt | RECV: AUDIO Media Data type: 0 flags: 11 size: 8202 dataOffset: 2
09-15 13:35:13.542 12567 12953 D OPENHU  : [77] Companion.decrypt | RECV: AUDIO Media Data type: 0 flags: 11 size: 8202 dataOffset: 2
09-15 13:35:13.585 12567 12953 D OPENHU  : [77] Companion.decrypt | RECV: AUDIO Media Data type: 0 flags: 11 size: 8202 dataOffset: 2
09-15 13:35:13.628 12567 12953 D OPENHU  : [77] Companion.decrypt | RECV: AUDIO Media Data type: 0 flags: 11 size: 8202 dataOffset: 2
09-15 13:35:13.670 12567 12953 D OPENHU  : [77] Companion.decrypt | RECV: AUDIO Media Data type: 0 flags: 11 size: 8202 dataOffset: 2
09-15 13:35:13.713 12567 12953 D OPENHU  : [77] Companion.decrypt | RECV: AUDIO Media Data type: 0 flags: 11 size: 8202 dataOffset: 2
09-15 13:35:13.758 12567 12953 D OPENHU  : [77] Companion.decrypt | RECV: AUDIO Media Data type: 0 flags: 11 size: 8202 dataOffset: 2
09-15 13:35:13.799 12567 12953 D OPENHU  : [77] Companion.decrypt | RECV: AUDIO Media Data type: 0 flags: 11 size: 8202 dataOffset: 2
09-15 13:35:13.842 12567 12953 D OPENHU  : [77] Companion.decrypt | RECV: AUDIO Media Data type: 0 flags: 11 size: 8202 dataOffset: 2
09-15 13:35:13.884 12567 12953 D OPENHU  : [77] Companion.decrypt | RECV: AUDIO Media Data type: 0 flags: 11 size: 8202 dataOffset: 2
09-15 13:35:13.928 12567 12953 D OPENHU  : [77] Companion.decrypt | RECV: AUDIO Media Data type: 0 flags: 11 size: 8202 dataOffset: 2
09-15 13:35:13.968 12567 12953 D OPENHU  : [77] Companion.decrypt | RECV: AUDIO Media Data type: 0 flags: 11 size: 8202 dataOffset: 2
09-15 13:35:13.994 12567 12567 V OPENHU  : [2] GpsLocation.onLocationChanged | GpsLocation: fix received
09-15 13:35:14.006 12567 12567 V OPENHU  : [2] AapTransport.send | SENSOR Sensor Event type: 32771 flags: 11 size: 46 dataOffset: 6
09-15 13:35:14.015 12567 12953 D OPENHU  : [77] Companion.decrypt | RECV: AUDIO Media Data type: 0 flags: 11 size: 8202 dataOffset: 2
09-15 13:35:14.055 12567 12953 D OPENHU  : [77] Companion.decrypt | RECV: AUDIO Media Data type: 0 flags: 11 size: 8202 dataOffset: 2
09-15 13:35:14.097 12567 12953 D OPENHU  : [77] Companion.decrypt | RECV: AUDIO Media Data type: 0 flags: 11 size: 8202 dataOffset: 2
09-15 13:35:14.140 12567 12953 D OPENHU  : [77] Companion.decrypt | RECV: AUDIO Media Data type: 0 flags: 11 size: 8202 dataOffset: 2
09-15 13:35:14.182 12567 12953 D OPENHU  : [77] Companion.decrypt | RECV: AUDIO Media Data type: 0 flags: 11 size: 8202 dataOffset: 2
09-15 13:35:14.226 12567 12953 D OPENHU  : [77] Companion.decrypt | RECV: AUDIO Media Data type: 0 flags: 11 size: 8202 dataOffset: 2
09-15 13:35:14.270 12567 12953 D OPENHU  : [77] Companion.decrypt | RECV: CONTROL Ping Request type: 11 flags: 11 size: 12 dataOffset: 2
09-15 13:35:14.271 12567 12953 V OPENHU  : [77] AapTransport.send | CONTROL Ping Response type: 12 flags: 11 size: 14 dataOffset: 6
09-15 13:35:14.276 12567 12953 D OPENHU  : [77] Companion.decrypt | RECV: AUDIO Media Data type: 0 flags: 11 size: 8202 dataOffset: 2
09-15 13:35:14.311 12567 12953 D OPENHU  : [77] Companion.decrypt | RECV: AUDIO Media Data type: 0 flags: 11 size: 8202 dataOffset: 2
09-15 13:35:14.353 12567 12953 D OPENHU  : [77] Companion.decrypt | RECV: AUDIO Media Data type: 0 flags: 11 size: 8202 dataOffset: 2
09-15 13:35:14.396 12567 12953 D OPENHU  : [77] Companion.decrypt | RECV: AUDIO Media Data type: 0 flags: 11 size: 8202 dataOffset: 2
09-15 13:35:14.427 12567 12953 D OPENHU  : [77] Companion.decrypt | RECV: MUSIC_PLAYBACK Media Playback Status type: 32769 flags: 11 size: 17 dataOffset: 2
09-15 13:35:14.427 12567 12953 D OPENHU  : [77] AapMediaPlayback.processStatusPacket | AapMediaPlayback: status mediaSource='VLC', playbackSeconds(u32)=100, state=PLAYING
09-15 13:35:14.438 12567 12953 D OPENHU  : [77] Companion.decrypt | RECV: AUDIO Media Data type: 0 flags: 11 size: 8202 dataOffset: 2
09-15 13:35:14.490 12567 12953 D OPENHU  : [77] Companion.decrypt | RECV: AUDIO Media Data type: 0 flags: 11 size: 8202 dataOffset: 2
09-15 13:35:14.526 12567 12953 D OPENHU  : [77] Companion.decrypt | RECV: AUDIO Media Data type: 0 flags: 11 size: 8202 dataOffset: 2
09-15 13:35:14.566 12567 12953 D OPENHU  : [77] Companion.decrypt | RECV: AUDIO Media Data type: 0 flags: 11 size: 8202 dataOffset: 2
09-15 13:35:14.610 12567 12953 D OPENHU  : [77] Companion.decrypt | RECV: AUDIO Media Data type: 0 flags: 11 size: 8202 dataOffset: 2
09-15 13:35:14.651 12567 12953 D OPENHU  : [77] Companion.decrypt | RECV: AUDIO Media Data type: 0 flags: 11 size: 8202 dataOffset: 2
09-15 13:35:14.694 12567 12953 D OPENHU  : [77] Companion.decrypt | RECV: AUDIO Media Data type: 0 flags: 11 size: 8202 dataOffset: 2
09-15 13:35:14.736 12567 12953 D OPENHU  : [77] Companion.decrypt | RECV: AUDIO Media Data type: 0 flags: 11 size: 8202 dataOffset: 2
09-15 13:35:14.779 12567 12953 D OPENHU  : [77] Companion.decrypt | RECV: AUDIO Media Data type: 0 flags: 11 size: 8202 dataOffset: 2
09-15 13:35:14.825 12567 12953 D OPENHU  : [77] Companion.decrypt | RECV: AUDIO Media Data type: 0 flags: 11 size: 8202 dataOffset: 2
09-15 13:35:14.865 12567 12953 D OPENHU  : [77] Companion.decrypt | RECV: AUDIO Media Data type: 0 flags: 11 size: 8202 dataOffset: 2
09-15 13:35:14.910 12567 12953 D OPENHU  : [77] Companion.decrypt | RECV: AUDIO Media Data type: 0 flags: 11 size: 8202 dataOffset: 2
09-15 13:35:14.951 12567 12953 D OPENHU  : [77] Companion.decrypt | RECV: AUDIO Media Data type: 0 flags: 11 size: 8202 dataOffset: 2
09-15 13:35:14.994 12567 12953 D OPENHU  : [77] Companion.decrypt | RECV: AUDIO Media Data type: 0 flags: 11 size: 8202 dataOffset: 2
09-15 13:35:15.024 12567 12567 V OPENHU  : [2] GpsLocation.onLocationChanged | GpsLocation: fix received
09-15 13:35:15.034 12567 12567 V OPENHU  : [2] AapTransport.send | SENSOR Sensor Event type: 32771 flags: 11 size: 46 dataOffset: 6
09-15 13:35:15.037 12567 12953 D OPENHU  : [77] Companion.decrypt | RECV: AUDIO Media Data type: 0 flags: 11 size: 8202 dataOffset: 2
09-15 13:35:15.081 12567 12953 D OPENHU  : [77] Companion.decrypt | RECV: AUDIO Media Data type: 0 flags: 11 size: 8202 dataOffset: 2
09-15 13:35:15.122 12567 12953 D OPENHU  : [77] Companion.decrypt | RECV: AUDIO Media Data type: 0 flags: 11 size: 8202 dataOffset: 2
09-15 13:35:15.164 12567 12953 D OPENHU  : [77] Companion.decrypt | RECV: AUDIO Media Data type: 0 flags: 11 size: 8202 dataOffset: 2
09-15 13:35:15.207 12567 12953 D OPENHU  : [77] Companion.decrypt | RECV: AUDIO Media Data type: 0 flags: 11 size: 8202 dataOffset: 2
09-15 13:35:15.248 12567 12953 D OPENHU  : [77] Companion.decrypt | RECV: AUDIO Media Data type: 0 flags: 11 size: 8202 dataOffset: 2
09-15 13:35:15.268 12567 12953 D OPENHU  : [77] Companion.decrypt | RECV: CONTROL Ping Request type: 11 flags: 11 size: 12 dataOffset: 2
09-15 13:35:15.269 12567 12953 V OPENHU  : [77] AapTransport.send | CONTROL Ping Response type: 12 flags: 11 size: 14 dataOffset: 6
09-15 13:35:15.292 12567 12953 D OPENHU  : [77] Companion.decrypt | RECV: AUDIO Media Data type: 0 flags: 11 size: 8202 dataOffset: 2
09-15 13:35:15.336 12567 12953 D OPENHU  : [77] Companion.decrypt | RECV: AUDIO Media Data type: 0 flags: 11 size: 8202 dataOffset: 2
09-15 13:35:15.378 12567 12953 D OPENHU  : [77] Companion.decrypt | RECV: AUDIO Media Data type: 0 flags: 11 size: 8202 dataOffset: 2
09-15 13:35:15.421 12567 12953 D OPENHU  : [77] Companion.decrypt | RECV: AUDIO Media Data type: 0 flags: 11 size: 8202 dataOffset: 2
09-15 13:35:15.433 12567 12953 D OPENHU  : [77] Companion.decrypt | RECV: MUSIC_PLAYBACK Media Playback Status type: 32769 flags: 11 size: 17 dataOffset: 2
09-15 13:35:15.436 12567 12953 D OPENHU  : [77] AapMediaPlayback.processStatusPacket | AapMediaPlayback: status mediaSource='VLC', playbackSeconds(u32)=101, state=PLAYING
09-15 13:35:15.463 12567 12953 D OPENHU  : [77] Companion.decrypt | RECV: AUDIO Media Data type: 0 flags: 11 size: 8202 dataOffset: 2
09-15 13:35:15.507 12567 12953 D OPENHU  : [77] Companion.decrypt | RECV: AUDIO Media Data type: 0 flags: 11 size: 8202 dataOffset: 2
09-15 13:35:15.547 12567 12953 D OPENHU  : [77] Companion.decrypt | RECV: AUDIO Media Data type: 0 flags: 11 size: 8202 dataOffset: 2
09-15 13:35:15.589 12567 12953 D OPENHU  : [77] Companion.decrypt | RECV: AUDIO Media Data type: 0 flags: 11 size: 8202 dataOffset: 2
09-15 13:35:15.634 12567 12953 D OPENHU  : [77] Companion.decrypt | RECV: AUDIO Media Data type: 0 flags: 11 size: 8202 dataOffset: 2
09-15 13:35:15.674 12567 12953 D OPENHU  : [77] Companion.decrypt | RECV: AUDIO Media Data type: 0 flags: 11 size: 8202 dataOffset: 2
09-15 13:35:15.719 12567 12953 D OPENHU  : [77] Companion.decrypt | RECV: AUDIO Media Data type: 0 flags: 11 size: 8202 dataOffset: 2
09-15 13:35:15.764 12567 12953 D OPENHU  : [77] Companion.decrypt | RECV: AUDIO Media Data type: 0 flags: 11 size: 8202 dataOffset: 2
09-15 13:35:15.806 12567 12953 D OPENHU  : [77] Companion.decrypt | RECV: AUDIO Media Data type: 0 flags: 11 size: 8202 dataOffset: 2
09-15 13:35:15.847 12567 12953 D OPENHU  : [77] Companion.decrypt | RECV: AUDIO Media Data type: 0 flags: 11 size: 8202 dataOffset: 2
09-15 13:35:15.890 12567 12953 D OPENHU  : [77] Companion.decrypt | RECV: AUDIO Media Data type: 0 flags: 11 size: 8202 dataOffset: 2
09-15 13:35:15.934 12567 12953 D OPENHU  : [77] Companion.decrypt | RECV: AUDIO Media Data type: 0 flags: 11 size: 8202 dataOffset: 2
09-15 13:35:15.977 12567 12953 D OPENHU  : [77] Companion.decrypt | RECV: AUDIO Media Data type: 0 flags: 11 size: 8202 dataOffset: 2
09-15 13:35:16.001 12567 12567 V OPENHU  : [2] GpsLocation.onLocationChanged | GpsLocation: fix received
09-15 13:35:16.012 12567 12567 V OPENHU  : [2] AapTransport.send | SENSOR Sensor Event type: 32771 flags: 11 size: 46 dataOffset: 6
09-15 13:35:16.019 12567 12953 D OPENHU  : [77] Companion.decrypt | RECV: AUDIO Media Data type: 0 flags: 11 size: 8202 dataOffset: 2
09-15 13:35:16.060 12567 12953 D OPENHU  : [77] Companion.decrypt | RECV: AUDIO Media Data type: 0 flags: 11 size: 8202 dataOffset: 2
09-15 13:35:16.105 12567 12953 D OPENHU  : [77] Companion.decrypt | RECV: AUDIO Media Data type: 0 flags: 11 size: 8202 dataOffset: 2
09-15 13:35:16.141 12567 12983 I OPENHU  : [88] VideoDecoder.logThroughput | Throughput over 5009ms: rendered=143 (28fps), fed=143 (28fps), dropped=0, skipped=0, concealed=0, inputWait=74ms, enqueueWait=0ms, codec=c2.unisoc.avc.decoder, presented=141 (28fps), decodeLatency=9ms p95=13ms (141 frames)
09-15 13:35:16.145 12567 12953 D OPENHU  : [77] Companion.decrypt | RECV: AUDIO Media Data type: 0 flags: 11 size: 8202 dataOffset: 2
09-15 13:35:16.187 12567 12953 D OPENHU  : [77] Companion.decrypt | RECV: AUDIO Media Data type: 0 flags: 11 size: 8202 dataOffset: 2
09-15 13:35:16.231 12567 12953 D OPENHU  : [77] Companion.decrypt | RECV: AUDIO Media Data type: 0 flags: 11 size: 8202 dataOffset: 2
09-15 13:35:16.269 12567 12953 D OPENHU  : [77] Companion.decrypt | RECV: CONTROL Ping Request type: 11 flags: 11 size: 12 dataOffset: 2
09-15 13:35:16.270 12567 12953 V OPENHU  : [77] AapTransport.send | CONTROL Ping Response type: 12 flags: 11 size: 14 dataOffset: 6
09-15 13:35:16.274 12567 12953 D OPENHU  : [77] Companion.decrypt | RECV: AUDIO Media Data type: 0 flags: 11 size: 8202 dataOffset: 2
09-15 13:35:16.317 12567 12953 D OPENHU  : [77] Companion.decrypt | RECV: AUDIO Media Data type: 0 flags: 11 size: 8202 dataOffset: 2
09-15 13:35:16.358 12567 12953 D OPENHU  : [77] Companion.decrypt | RECV: AUDIO Media Data type: 0 flags: 11 size: 8202 dataOffset: 2
09-15 13:35:16.401 12567 12953 D OPENHU  : [77] Companion.decrypt | RECV: AUDIO Media Data type: 0 flags: 11 size: 8202 dataOffset: 2
09-15 13:35:16.434 12567 12953 D OPENHU  : [77] Companion.decrypt | RECV: MUSIC_PLAYBACK Media Playback Status type: 32769 flags: 11 size: 17 dataOffset: 2
09-15 13:35:16.435 12567 12953 D OPENHU  : [77] AapMediaPlayback.processStatusPacket | AapMediaPlayback: status mediaSource='VLC', playbackSeconds(u32)=102, state=PLAYING
09-15 13:35:16.444 12567 12953 D OPENHU  : [77] Companion.decrypt | RECV: AUDIO Media Data type: 0 flags: 11 size: 8202 dataOffset: 2
09-15 13:35:16.486 12567 12953 D OPENHU  : [77] Companion.decrypt | RECV: AUDIO Media Data type: 0 flags: 11 size: 8202 dataOffset: 2
09-15 13:35:16.528 12567 12953 D OPENHU  : [77] Companion.decrypt | RECV: AUDIO Media Data type: 0 flags: 11 size: 8202 dataOffset: 2
09-15 13:35:16.537 12567 12567 I OPENHU  : [2] TextureProjectionView.onSurfaceTextureUpdated | TextureProjectionView: displayed 107 frames in 5035ms (21fps), longFrames=1
09-15 13:35:16.572 12567 12953 D OPENHU  : [77] Companion.decrypt | RECV: AUDIO Media Data type: 0 flags: 11 size: 8202 dataOffset: 2
09-15 13:35:16.614 12567 12953 D OPENHU  : [77] Companion.decrypt | RECV: AUDIO Media Data type: 0 flags: 11 size: 8202 dataOffset: 2
09-15 13:35:16.657 12567 12953 D OPENHU  : [77] Companion.decrypt | RECV: AUDIO Media Data type: 0 flags: 11 size: 8202 dataOffset: 2
09-15 13:35:16.700 12567 12953 D OPENHU  : [77] Companion.decrypt | RECV: AUDIO Media Data type: 0 flags: 11 size: 8202 dataOffset: 2
09-15 13:35:16.743 12567 12953 D OPENHU  : [77] Companion.decrypt | RECV: AUDIO Media Data type: 0 flags: 11 size: 8202 dataOffset: 2
09-15 13:35:16.786 12567 12953 D OPENHU  : [77] Companion.decrypt | RECV: AUDIO Media Data type: 0 flags: 11 size: 8202 dataOffset: 2
09-15 13:35:16.828 12567 12953 D OPENHU  : [77] Companion.decrypt | RECV: AUDIO Media Data type: 0 flags: 11 size: 8202 dataOffset: 2
09-15 13:35:16.871 12567 12953 D OPENHU  : [77] Companion.decrypt | RECV: AUDIO Media Data type: 0 flags: 11 size: 8202 dataOffset: 2
09-15 13:35:16.913 12567 12953 D OPENHU  : [77] Companion.decrypt | RECV: AUDIO Media Data type: 0 flags: 11 size: 8202 dataOffset: 2
09-15 13:35:16.957 12567 12953 D OPENHU  : [77] Companion.decrypt | RECV: AUDIO Media Data type: 0 flags: 11 size: 8202 dataOffset: 2
09-15 13:35:17.001 12567 12953 D OPENHU  : [77] Companion.decrypt | RECV: AUDIO Media Data type: 0 flags: 11 size: 8202 dataOffset: 2
09-15 13:35:17.016 12567 12567 V OPENHU  : [2] GpsLocation.onLocationChanged | GpsLocation: fix received
09-15 13:35:17.025 12567 12567 V OPENHU  : [2] AapTransport.send | SENSOR Sensor Event type: 32771 flags: 11 size: 46 dataOffset: 6
09-15 13:35:17.041 12567 12953 D OPENHU  : [77] Companion.decrypt | RECV: AUDIO Media Data type: 0 flags: 11 size: 8202 dataOffset: 2
09-15 13:35:17.085 12567 12953 D OPENHU  : [77] Companion.decrypt | RECV: AUDIO Media Data type: 0 flags: 11 size: 8202 dataOffset: 2
09-15 13:35:17.126 12567 12953 D OPENHU  : [77] Companion.decrypt | RECV: AUDIO Media Data type: 0 flags: 11 size: 8202 dataOffset: 2
09-15 13:35:17.170 12567 12953 D OPENHU  : [77] Companion.decrypt | RECV: AUDIO Media Data type: 0 flags: 11 size: 8202 dataOffset: 2
09-15 13:35:17.214 12567 12953 D OPENHU  : [77] Companion.decrypt | RECV: AUDIO Media Data type: 0 flags: 11 size: 8202 dataOffset: 2
09-15 13:35:17.254 12567 12953 D OPENHU  : [77] Companion.decrypt | RECV: AUDIO Media Data type: 0 flags: 11 size: 8202 dataOffset: 2
09-15 13:35:17.271 12567 12953 D OPENHU  : [77] Companion.decrypt | RECV: CONTROL Ping Request type: 11 flags: 11 size: 12 dataOffset: 2
09-15 13:35:17.272 12567 12953 V OPENHU  : [77] AapTransport.send | CONTROL Ping Response type: 12 flags: 11 size: 14 dataOffset: 6
09-15 13:35:17.298 12567 12953 D OPENHU  : [77] Companion.decrypt | RECV: AUDIO Media Data type: 0 flags: 11 size: 8202 dataOffset: 2
09-15 13:35:17.340 12567 12953 D OPENHU  : [77] Companion.decrypt | RECV: AUDIO Media Data type: 0 flags: 11 size: 8202 dataOffset: 2
09-15 13:35:17.383 12567 12953 D OPENHU  : [77] Companion.decrypt | RECV: AUDIO Media Data type: 0 flags: 11 size: 8202 dataOffset: 2
09-15 13:35:17.426 12567 12953 D OPENHU  : [77] Companion.decrypt | RECV: AUDIO Media Data type: 0 flags: 11 size: 8202 dataOffset: 2
09-15 13:35:17.440 12567 12953 D OPENHU  : [77] Companion.decrypt | RECV: MUSIC_PLAYBACK Media Playback Status type: 32769 flags: 11 size: 17 dataOffset: 2
09-15 13:35:17.442 12567 12953 D OPENHU  : [77] AapMediaPlayback.processStatusPacket | AapMediaPlayback: status mediaSource='VLC', playbackSeconds(u32)=103, state=PLAYING
09-15 13:35:17.471 12567 12953 D OPENHU  : [77] Companion.decrypt | RECV: AUDIO Media Data type: 0 flags: 11 size: 8202 dataOffset: 2
09-15 13:35:17.512 12567 12953 D OPENHU  : [77] Companion.decrypt | RECV: AUDIO Media Data type: 0 flags: 11 size: 8202 dataOffset: 2
09-15 13:35:17.552 12567 12953 D OPENHU  : [77] Companion.decrypt | RECV: AUDIO Media Data type: 0 flags: 11 size: 8202 dataOffset: 2
09-15 13:35:17.598 12567 12953 D OPENHU  : [77] Companion.decrypt | RECV: AUDIO Media Data type: 0 flags: 11 size: 8202 dataOffset: 2
09-15 13:35:17.640 12567 12953 D OPENHU  : [77] Companion.decrypt | RECV: AUDIO Media Data type: 0 flags: 11 size: 8202 dataOffset: 2
09-15 13:35:17.687 12567 12953 D OPENHU  : [77] Companion.decrypt | RECV: AUDIO Media Data type: 0 flags: 11 size: 8202 dataOffset: 2
09-15 13:35:17.724 12567 12953 D OPENHU  : [77] Companion.decrypt | RECV: AUDIO Media Data type: 0 flags: 11 size: 8202 dataOffset: 2
09-15 13:35:17.766 12567 12953 D OPENHU  : [77] Companion.decrypt | RECV: AUDIO Media Data type: 0 flags: 11 size: 8202 dataOffset: 2
09-15 13:35:17.809 12567 12953 D OPENHU  : [77] Companion.decrypt | RECV: AUDIO Media Data type: 0 flags: 11 size: 8202 dataOffset: 2
09-15 13:35:17.851 12567 12953 D OPENHU  : [77] Companion.decrypt | RECV: AUDIO Media Data type: 0 flags: 11 size: 8202 dataOffset: 2
09-15 13:35:17.893 12567 12953 D OPENHU  : [77] Companion.decrypt | RECV: AUDIO Media Data type: 0 flags: 11 size: 8202 dataOffset: 2
09-15 13:35:17.937 12567 12953 D OPENHU  : [77] Companion.decrypt | RECV: AUDIO Media Data type: 0 flags: 11 size: 8202 dataOffset: 2
09-15 13:35:17.980 12567 12953 D OPENHU  : [77] Companion.decrypt | RECV: AUDIO Media Data type: 0 flags: 11 size: 8202 dataOffset: 2
09-15 13:35:17.997 12567 12567 V OPENHU  : [2] GpsLocation.onLocationChanged | GpsLocation: fix received
09-15 13:35:18.013 12567 12567 V OPENHU  : [2] AapTransport.send | SENSOR Sensor Event type: 32771 flags: 11 size: 46 dataOffset: 6
09-15 13:35:18.022 12567 12953 D OPENHU  : [77] Companion.decrypt | RECV: AUDIO Media Data type: 0 flags: 11 size: 8202 dataOffset: 2
09-15 13:35:18.108 12567 12953 D OPENHU  : [77] Companion.decrypt | RECV: AUDIO Media Data type: 0 flags: 11 size: 8202 dataOffset: 2
09-15 13:35:18.114 12567 12953 D OPENHU  : [77] Companion.decrypt | RECV: AUDIO Media Data type: 0 flags: 11 size: 8202 dataOffset: 2
09-15 13:35:18.154 12567 12953 D OPENHU  : [77] Companion.decrypt | RECV: AUDIO Media Data type: 0 flags: 11 size: 8202 dataOffset: 2
09-15 13:35:18.204 12567 12953 D OPENHU  : [77] Companion.decrypt | RECV: AUDIO Media Data type: 0 flags: 11 size: 8202 dataOffset: 2
09-15 13:35:18.235 12567 12953 D OPENHU  : [77] Companion.decrypt | RECV: AUDIO Media Data type: 0 flags: 11 size: 8202 dataOffset: 2
09-15 13:35:18.302 12567 12953 D OPENHU  : [77] Companion.decrypt | RECV: CONTROL Ping Request type: 11 flags: 11 size: 12 dataOffset: 2
09-15 13:35:18.303 12567 12953 V OPENHU  : [77] AapTransport.send | CONTROL Ping Response type: 12 flags: 11 size: 14 dataOffset: 6
09-15 13:35:18.305 12567 12953 D OPENHU  : [77] Companion.decrypt | RECV: AUDIO Media Data type: 0 flags: 11 size: 8202 dataOffset: 2
09-15 13:35:18.324 12567 12953 D OPENHU  : [77] Companion.decrypt | RECV: AUDIO Media Data type: 0 flags: 11 size: 8202 dataOffset: 2
09-15 13:35:18.364 12567 12953 D OPENHU  : [77] Companion.decrypt | RECV: AUDIO Media Data type: 0 flags: 11 size: 8202 dataOffset: 2
09-15 13:35:18.407 12567 12953 D OPENHU  : [77] Companion.decrypt | RECV: AUDIO Media Data type: 0 flags: 11 size: 8202 dataOffset: 2
09-15 13:35:18.441 12567 12953 D OPENHU  : [77] Companion.decrypt | RECV: MUSIC_PLAYBACK Media Playback Status type: 32769 flags: 11 size: 17 dataOffset: 2
09-15 13:35:18.442 12567 12953 D OPENHU  : [77] AapMediaPlayback.processStatusPacket | AapMediaPlayback: status mediaSource='VLC', playbackSeconds(u32)=104, state=PLAYING
09-15 13:35:18.450 12567 12953 D OPENHU  : [77] Companion.decrypt | RECV: AUDIO Media Data type: 0 flags: 11 size: 8202 dataOffset: 2
09-15 13:35:18.492 12567 12953 D OPENHU  : [77] Companion.decrypt | RECV: AUDIO Media Data type: 0 flags: 11 size: 8202 dataOffset: 2
09-15 13:35:18.565 12567 12953 D OPENHU  : [77] Companion.decrypt | RECV: AUDIO Media Data type: 0 flags: 11 size: 8202 dataOffset: 2
09-15 13:35:18.608 12567 12953 D OPENHU  : [77] Companion.decrypt | RECV: AUDIO Media Data type: 0 flags: 11 size: 8202 dataOffset: 2
09-15 13:35:18.625 12567 12953 D OPENHU  : [77] Companion.decrypt | RECV: AUDIO Media Data type: 0 flags: 11 size: 8202 dataOffset: 2
09-15 13:35:18.663 12567 12953 D OPENHU  : [77] Companion.decrypt | RECV: AUDIO Media Data type: 0 flags: 11 size: 8202 dataOffset: 2
09-15 13:35:18.705 12567 12953 D OPENHU  : [77] Companion.decrypt | RECV: AUDIO Media Data type: 0 flags: 11 size: 8202 dataOffset: 2
09-15 13:35:18.748 12567 12953 D OPENHU  : [77] Companion.decrypt | RECV: AUDIO Media Data type: 0 flags: 11 size: 8202 dataOffset: 2
09-15 13:35:18.815 12567 12953 D OPENHU  : [77] Companion.decrypt | RECV: AUDIO Media Data type: 0 flags: 11 size: 8202 dataOffset: 2
09-15 13:35:18.832 12567 12953 D OPENHU  : [77] Companion.decrypt | RECV: AUDIO Media Data type: 0 flags: 11 size: 8202 dataOffset: 2
09-15 13:35:18.910 12567 12953 D OPENHU  : [77] Companion.decrypt | RECV: AUDIO Media Data type: 0 flags: 11 size: 8202 dataOffset: 2
09-15 13:35:18.919 12567 12953 D OPENHU  : [77] Companion.decrypt | RECV: AUDIO Media Data type: 0 flags: 11 size: 8202 dataOffset: 2
09-15 13:35:18.963 12567 12953 D OPENHU  : [77] Companion.decrypt | RECV: AUDIO Media Data type: 0 flags: 11 size: 8202 dataOffset: 2
09-15 13:35:19.013 12567 12953 D OPENHU  : [77] Companion.decrypt | RECV: AUDIO Media Data type: 0 flags: 11 size: 8202 dataOffset: 2
09-15 13:35:19.018 12567 12567 V OPENHU  : [2] GpsLocation.onLocationChanged | GpsLocation: fix received
09-15 13:35:19.027 12567 12567 V OPENHU  : [2] AapTransport.send | SENSOR Sensor Event type: 32771 flags: 11 size: 46 dataOffset: 6
09-15 13:35:19.046 12567 12953 D OPENHU  : [77] Companion.decrypt | RECV: AUDIO Media Data type: 0 flags: 11 size: 8202 dataOffset: 2
09-15 13:35:19.125 12567 12953 D OPENHU  : [77] Companion.decrypt | RECV: AUDIO Media Data type: 0 flags: 11 size: 8202 dataOffset: 2
09-15 13:35:19.131 12567 12953 D OPENHU  : [77] Companion.decrypt | RECV: AUDIO Media Data type: 0 flags: 11 size: 8202 dataOffset: 2
09-15 13:35:19.221 12567 12953 D OPENHU  : [77] Companion.decrypt | RECV: AUDIO Media Data type: 0 flags: 11 size: 8202 dataOffset: 2
09-15 13:35:19.225 12567 12953 D OPENHU  : [77] Companion.decrypt | RECV: AUDIO Media Data type: 0 flags: 11 size: 8202 dataOffset: 2
09-15 13:35:19.261 12567 12953 D OPENHU  : [77] Companion.decrypt | RECV: AUDIO Media Data type: 0 flags: 11 size: 8202 dataOffset: 2
09-15 13:35:19.275 12567 12953 D OPENHU  : [77] Companion.decrypt | RECV: CONTROL Ping Request type: 11 flags: 11 size: 12 dataOffset: 2
09-15 13:35:19.276 12567 12953 V OPENHU  : [77] AapTransport.send | CONTROL Ping Response type: 12 flags: 11 size: 14 dataOffset: 6
09-15 13:35:19.304 12567 12953 D OPENHU  : [77] Companion.decrypt | RECV: AUDIO Media Data type: 0 flags: 11 size: 8202 dataOffset: 2
09-15 13:35:19.346 12567 12953 D OPENHU  : [77] Companion.decrypt | RECV: AUDIO Media Data type: 0 flags: 11 size: 8202 dataOffset: 2
09-15 13:35:19.421 12567 12953 D OPENHU  : [77] Companion.decrypt | RECV: AUDIO Media Data type: 0 flags: 11 size: 8202 dataOffset: 2
09-15 13:35:19.431 12567 12953 D OPENHU  : [77] Companion.decrypt | RECV: AUDIO Media Data type: 0 flags: 11 size: 8202 dataOffset: 2
09-15 13:35:19.445 12567 12953 D OPENHU  : [77] Companion.decrypt | RECV: MUSIC_PLAYBACK Media Playback Status type: 32769 flags: 11 size: 17 dataOffset: 2
09-15 13:35:19.446 12567 12953 D OPENHU  : [77] AapMediaPlayback.processStatusPacket | AapMediaPlayback: status mediaSource='VLC', playbackSeconds(u32)=105, state=PLAYING
09-15 13:35:19.472 12567 12953 D OPENHU  : [77] Companion.decrypt | RECV: AUDIO Media Data type: 0 flags: 11 size: 8202 dataOffset: 2
09-15 13:35:19.532 12567 12953 D OPENHU  : [77] Companion.decrypt | RECV: AUDIO Media Data type: 0 flags: 11 size: 8202 dataOffset: 2
09-15 13:35:19.558 12567 12953 D OPENHU  : [77] Companion.decrypt | RECV: AUDIO Media Data type: 0 flags: 11 size: 8202 dataOffset: 2
09-15 13:35:19.627 12567 12953 D OPENHU  : [77] Companion.decrypt | RECV: AUDIO Media Data type: 0 flags: 11 size: 8202 dataOffset: 2
09-15 13:35:19.645 12567 12953 D OPENHU  : [77] Companion.decrypt | RECV: AUDIO Media Data type: 0 flags: 11 size: 8202 dataOffset: 2
09-15 13:35:19.718 12567 12953 D OPENHU  : [77] Companion.decrypt | RECV: AUDIO Media Data type: 0 flags: 11 size: 8202 dataOffset: 2
09-15 13:35:19.730 12567 12953 D OPENHU  : [77] Companion.decrypt | RECV: AUDIO Media Data type: 0 flags: 11 size: 8202 dataOffset: 2
09-15 13:35:19.772 12567 12953 D OPENHU  : [77] Companion.decrypt | RECV: AUDIO Media Data type: 0 flags: 11 size: 8202 dataOffset: 2
09-15 13:35:19.854 12567 12953 D OPENHU  : [77] Companion.decrypt | RECV: AUDIO Media Data type: 0 flags: 11 size: 8202 dataOffset: 2
09-15 13:35:19.860 12567 12953 D OPENHU  : [77] Companion.decrypt | RECV: AUDIO Media Data type: 0 flags: 11 size: 8202 dataOffset: 2
09-15 13:35:19.994 12567 12567 V OPENHU  : [2] GpsLocation.onLocationChanged | GpsLocation: fix received
09-15 13:35:20.004 12567 12567 V OPENHU  : [2] AapTransport.send | SENSOR Sensor Event type: 32771 flags: 11 size: 46 dataOffset: 6
09-15 13:35:20.160 12567 12953 D OPENHU  : [77] Companion.decrypt | RECV: AUDIO Media Data type: 0 flags: 11 size: 8202 dataOffset: 2
09-15 13:35:20.161 12567 12953 I OPENHU  : [77] AapTransport.noteMessageReceived$com_andrerinas_headunitrevived_3_4_0_beta3_githubDebug | AapTransport: inbound rate over 30209ms: video=39kB/s (862 msgs), audio=186kB/s (702 msgs), other=0kB/s (60 msgs)
09-15 13:35:20.164 12567 12953 I OPENHU  : [77] AapMessageHandlerType.handle | AapTransport: transport dispatch over 30142ms: video=933ms, audio=866ms, other=67ms, unread=6%, blocks=0, longest=5ms on AUDIO, videoQueue=2
09-15 13:35:20.167 12567 12953 D OPENHU  : [77] Companion.decrypt | RECV: AUDIO Media Data type: 0 flags: 11 size: 8202 dataOffset: 2
09-15 13:35:20.173 12567 12953 D OPENHU  : [77] Companion.decrypt | RECV: AUDIO Media Data type: 0 flags: 11 size: 8202 dataOffset: 2
09-15 13:35:20.180 12567 12953 D OPENHU  : [77] Companion.decrypt | RECV: AUDIO Media Data type: 0 flags: 11 size: 8202 dataOffset: 2
09-15 13:35:20.183 12567 12953 D OPENHU  : [77] Companion.decrypt | RECV: AUDIO Media Data type: 0 flags: 11 size: 8202 dataOffset: 2
09-15 13:35:20.187 12567 12953 D OPENHU  : [77] Companion.decrypt | RECV: AUDIO Media Data type: 0 flags: 11 size: 8202 dataOffset: 2
09-15 13:35:20.191 12567 12953 D OPENHU  : [77] Companion.decrypt | RECV: AUDIO Media Data type: 0 flags: 11 size: 8202 dataOffset: 2
09-15 13:35:20.379 12567 12953 D OPENHU  : [77] Companion.decrypt | RECV: AUDIO Media Data type: 0 flags: 11 size: 8202 dataOffset: 2
09-15 13:35:20.389 12567 12953 D OPENHU  : [77] Companion.decrypt | RECV: AUDIO Media Data type: 0 flags: 11 size: 8202 dataOffset: 2
09-15 13:35:20.399 12567 12953 D OPENHU  : [77] Companion.decrypt | RECV: CONTROL Ping Request type: 11 flags: 11 size: 12 dataOffset: 2
09-15 13:35:20.400 12567 12953 V OPENHU  : [77] AapTransport.send | CONTROL Ping Response type: 12 flags: 11 size: 14 dataOffset: 6
09-15 13:35:20.585 12567 12953 D OPENHU  : [77] Companion.decrypt | RECV: AUDIO Media Data type: 0 flags: 11 size: 8202 dataOffset: 2
09-15 13:35:20.589 12567 12953 D OPENHU  : [77] Companion.decrypt | RECV: AUDIO Media Data type: 0 flags: 11 size: 8202 dataOffset: 2
09-15 13:35:20.592 12567 12953 D OPENHU  : [77] Companion.decrypt | RECV: AUDIO Media Data type: 0 flags: 11 size: 8202 dataOffset: 2
09-15 13:35:20.597 12567 12953 D OPENHU  : [77] Companion.decrypt | RECV: AUDIO Media Data type: 0 flags: 11 size: 8202 dataOffset: 2
09-15 13:35:20.602 12567 12953 D OPENHU  : [77] Companion.decrypt | RECV: MUSIC_PLAYBACK Media Playback Status type: 32769 flags: 11 size: 17 dataOffset: 2
09-15 13:35:20.603 12567 12953 D OPENHU  : [77] AapMediaPlayback.processStatusPacket | AapMediaPlayback: status mediaSource='VLC', playbackSeconds(u32)=106, state=PLAYING
09-15 13:35:20.720 12567 12963 I OPENHU  : [80] AudioTrackWrapper.sampleHealth | audio sink AUDIO2 over 30093ms: underruns=0, silentCycles=0, rebanks=0, dropped=0, droppedFrames=0, shed=0, depth=0ms (min 0ms), queued=0, capacity=6400 frames (400ms), effective=6400 frames (400ms), target=1601 frames (100ms), drift=0ms
09-15 13:35:20.755 12567 12965 I OPENHU  : [82] AudioTrackWrapper.sampleHealth | audio sink AUDIO1 over 30093ms: underruns=0, silentCycles=0, rebanks=0, dropped=0, droppedFrames=0, shed=0, depth=0ms (min 0ms), queued=0, capacity=6400 frames (400ms), effective=6400 frames (400ms), target=1601 frames (100ms), drift=0ms
09-15 13:35:20.780 12567 12953 D OPENHU  : [77] Companion.decrypt | RECV: AUDIO Media Data type: 0 flags: 11 size: 8202 dataOffset: 2
09-15 13:35:20.784 12567 12953 D OPENHU  : [77] Companion.decrypt | RECV: AUDIO Media Data type: 0 flags: 11 size: 8202 dataOffset: 2
09-15 13:35:20.788 12567 12953 D OPENHU  : [77] Companion.decrypt | RECV: AUDIO Media Data type: 0 flags: 11 size: 8202 dataOffset: 2
09-15 13:35:20.791 12567 12953 D OPENHU  : [77] Companion.decrypt | RECV: AUDIO Media Data type: 0 flags: 11 size: 8202 dataOffset: 2
09-15 13:35:20.794 12567 12967 I OPENHU  : [84] AudioTrackWrapper.sampleHealth | audio sink AUDIO over 30000ms: underruns=0, silentCycles=0, rebanks=0, dropped=0, droppedFrames=0, shed=0, depth=1086ms (min 624ms), queued=15, capacity=61568 frames (1282ms), effective=61568 frames (1282ms), target=19200 frames (400ms), drift=0ms
09-15 13:35:20.794 12567 12953 D OPENHU  : [77] Companion.decrypt | RECV: AUDIO Media Data type: 0 flags: 11 size: 8202 dataOffset: 2
09-15 13:35:20.798 12567 12953 D OPENHU  : [77] Companion.decrypt | RECV: AUDIO Media Data type: 0 flags: 11 size: 8202 dataOffset: 2
09-15 13:35:20.802 12567 12953 D OPENHU  : [77] Companion.decrypt | RECV: AUDIO Media Data type: 0 flags: 11 size: 8202 dataOffset: 2
09-15 13:35:20.807 12567 12953 D OPENHU  : [77] Companion.decrypt | RECV: AUDIO Media Data type: 0 flags: 11 size: 8202 dataOffset: 2
09-15 13:35:20.981 12567 12953 D OPENHU  : [77] Companion.decrypt | RECV: AUDIO Media Data type: 0 flags: 11 size: 8202 dataOffset: 2
09-15 13:35:20.987 12567 12953 D OPENHU  : [77] Companion.decrypt | RECV: AUDIO Media Data type: 0 flags: 11 size: 8202 dataOffset: 2
09-15 13:35:21.002 12567 12953 D OPENHU  : [77] Companion.decrypt | RECV: AUDIO Media Data type: 0 flags: 11 size: 8202 dataOffset: 2
09-15 13:35:21.008 12567 12953 D OPENHU  : [77] Companion.decrypt | RECV: AUDIO Media Data type: 0 flags: 11 size: 8202 dataOffset: 2
09-15 13:35:21.014 12567 12953 D OPENHU  : [77] Companion.decrypt | RECV: AUDIO Media Data type: 0 flags: 11 size: 8202 dataOffset: 2
09-15 13:35:21.030 12567 12567 V OPENHU  : [2] GpsLocation.onLocationChanged | GpsLocation: fix received
09-15 13:35:21.050 12567 12567 V OPENHU  : [2] AapTransport.send | SENSOR Sensor Event type: 32771 flags: 11 size: 47 dataOffset: 6
09-15 13:35:21.148 12567 12983 I OPENHU  : [88] VideoDecoder.logThroughput | Throughput over 5008ms: rendered=117 (23fps), fed=117 (23fps), dropped=0, skipped=0, concealed=0, inputWait=47ms, enqueueWait=0ms, codec=c2.unisoc.avc.decoder, presented=117 (23fps), decodeLatency=9ms p95=13ms (117 frames)
09-15 13:35:21.195 12567 12953 D OPENHU  : [77] Companion.decrypt | RECV: AUDIO Media Data type: 0 flags: 11 size: 8202 dataOffset: 2
09-15 13:35:21.214 12567 12953 D OPENHU  : [77] Companion.decrypt | RECV: AUDIO Media Data type: 0 flags: 11 size: 8202 dataOffset: 2
09-15 13:35:21.227 12567 12953 D OPENHU  : [77] Companion.decrypt | RECV: AUDIO Media Data type: 0 flags: 11 size: 8202 dataOffset: 2
09-15 13:35:21.234 12567 12953 D OPENHU  : [77] Companion.decrypt | RECV: AUDIO Media Data type: 0 flags: 11 size: 8202 dataOffset: 2
09-15 13:35:21.238 12567 12953 D OPENHU  : [77] Companion.decrypt | RECV: AUDIO Media Data type: 0 flags: 11 size: 8202 dataOffset: 2
09-15 13:35:21.400 12567 12953 D OPENHU  : [77] Companion.decrypt | RECV: AUDIO Media Data type: 0 flags: 11 size: 8202 dataOffset: 2
09-15 13:35:21.414 12567 12953 D OPENHU  : [77] Companion.decrypt | RECV: AUDIO Media Data type: 0 flags: 11 size: 8202 dataOffset: 2
09-15 13:35:21.418 12567 12953 D OPENHU  : [77] Companion.decrypt | RECV: CONTROL Ping Request type: 11 flags: 11 size: 12 dataOffset: 2
09-15 13:35:21.419 12567 12953 V OPENHU  : [77] AapTransport.send | CONTROL Ping Response type: 12 flags: 11 size: 14 dataOffset: 6
09-15 13:35:21.430 12567 12953 D OPENHU  : [77] Companion.decrypt | RECV: AUDIO Media Data type: 0 flags: 11 size: 8202 dataOffset: 2
09-15 13:35:21.446 12567 12953 D OPENHU  : [77] Companion.decrypt | RECV: AUDIO Media Data type: 0 flags: 11 size: 8202 dataOffset: 2
09-15 13:35:21.449 12567 12953 D OPENHU  : [77] Companion.decrypt | RECV: AUDIO Media Data type: 0 flags: 11 size: 8202 dataOffset: 2
09-15 13:35:21.498 12567 12953 D OPENHU  : [77] Companion.decrypt | RECV: AUDIO Media Data type: 0 flags: 11 size: 8202 dataOffset: 2
09-15 13:35:21.506 12567 12953 D OPENHU  : [77] Companion.decrypt | RECV: MUSIC_PLAYBACK Media Playback Status type: 32769 flags: 11 size: 17 dataOffset: 2
09-15 13:35:21.507 12567 12953 D OPENHU  : [77] AapMediaPlayback.processStatusPacket | AapMediaPlayback: status mediaSource='VLC', playbackSeconds(u32)=107, state=PLAYING
09-15 13:35:21.515 12567 12953 D OPENHU  : [77] Companion.decrypt | RECV: AUDIO Media Data type: 0 flags: 11 size: 8202 dataOffset: 2
09-15 13:35:21.536 12567 12567 I OPENHU  : [2] TextureProjectionView.onSurfaceTextureUpdated | TextureProjectionView: displayed 82 frames in 5000ms (16fps), longFrames=1
09-15 13:35:21.705 12567 12953 D OPENHU  : [77] Companion.decrypt | RECV: AUDIO Media Data type: 0 flags: 11 size: 8202 dataOffset: 2
09-15 13:35:21.717 12567 12953 D OPENHU  : [77] Companion.decrypt | RECV: AUDIO Media Data type: 0 flags: 11 size: 8202 dataOffset: 2
09-15 13:35:21.729 12567 12953 D OPENHU  : [77] Companion.decrypt | RECV: AUDIO Media Data type: 0 flags: 11 size: 8202 dataOffset: 2
09-15 13:35:21.802 12567 12953 D OPENHU  : [77] Companion.decrypt | RECV: AUDIO Media Data type: 0 flags: 11 size: 8202 dataOffset: 2
09-15 13:35:21.807 12567 12953 D OPENHU  : [77] Companion.decrypt | RECV: AUDIO Media Data type: 0 flags: 11 size: 8202 dataOffset: 2
09-15 13:35:21.820 12567 12953 D OPENHU  : [77] Companion.decrypt | RECV: AUDIO Media Data type: 0 flags: 11 size: 8202 dataOffset: 2
09-15 13:35:21.830 12567 12953 D OPENHU  : [77] Companion.decrypt | RECV: AUDIO Media Data type: 0 flags: 11 size: 8202 dataOffset: 2
09-15 13:35:21.906 12567 12953 D OPENHU  : [77] Companion.decrypt | RECV: AUDIO Media Data type: 0 flags: 11 size: 8202 dataOffset: 2
09-15 13:35:21.913 12567 12953 D OPENHU  : [77] Companion.decrypt | RECV: AUDIO Media Data type: 0 flags: 11 size: 8202 dataOffset: 2
09-15 13:35:21.929 12567 12953 D OPENHU  : [77] Companion.decrypt | RECV: AUDIO Media Data type: 0 flags: 11 size: 8202 dataOffset: 2
09-15 13:35:21.997 12567 12567 V OPENHU  : [2] GpsLocation.onLocationChanged | GpsLocation: fix received
09-15 13:35:22.008 12567 12567 V OPENHU  : [2] AapTransport.send | SENSOR Sensor Event type: 32771 flags: 11 size: 47 dataOffset: 6
09-15 13:35:22.118 12567 12953 D OPENHU  : [77] Companion.decrypt | RECV: AUDIO Media Data type: 0 flags: 11 size: 8202 dataOffset: 2
09-15 13:35:22.123 12567 12953 D OPENHU  : [77] Companion.decrypt | RECV: AUDIO Media Data type: 0 flags: 11 size: 8202 dataOffset: 2
09-15 13:35:22.134 12567 12953 D OPENHU  : [77] Companion.decrypt | RECV: AUDIO Media Data type: 0 flags: 11 size: 8202 dataOffset: 2
09-15 13:35:22.144 12567 12953 D OPENHU  : [77] Companion.decrypt | RECV: AUDIO Media Data type: 0 flags: 11 size: 8202 dataOffset: 2
09-15 13:35:22.159 12567 12953 D OPENHU  : [77] Companion.decrypt | RECV: AUDIO Media Data type: 0 flags: 11 size: 8202 dataOffset: 2
09-15 13:35:22.208 12567 12953 D OPENHU  : [77] Companion.decrypt | RECV: AUDIO Media Data type: 0 flags: 11 size: 8202 dataOffset: 2
09-15 13:35:22.222 12567 12953 D OPENHU  : [77] Companion.decrypt | RECV: AUDIO Media Data type: 0 flags: 11 size: 8202 dataOffset: 2
09-15 13:35:22.246 12567 12567 I OPENHU  : [2] StationScanMonitor.record | StationScanMonitor: station scans: 1 in 78602ms, one scan, so no cadence yet. Each one takes the radio off the group's channel.
09-15 13:35:22.248 12567 12953 D OPENHU  : [77] Companion.decrypt | RECV: AUDIO Media Data type: 0 flags: 11 size: 8202 dataOffset: 2
09-15 13:35:22.277 12567 12953 D OPENHU  : [77] Companion.decrypt | RECV: CONTROL Ping Request type: 11 flags: 11 size: 12 dataOffset: 2
09-15 13:35:22.278 12567 12953 V OPENHU  : [77] AapTransport.send | CONTROL Ping Response type: 12 flags: 11 size: 14 dataOffset: 6
09-15 13:35:22.289 12567 12953 D OPENHU  : [77] Companion.decrypt | RECV: AUDIO Media Data type: 0 flags: 11 size: 8202 dataOffset: 2
09-15 13:35:22.333 12567 12953 D OPENHU  : [77] Companion.decrypt | RECV: AUDIO Media Data type: 0 flags: 11 size: 8202 dataOffset: 2
09-15 13:35:22.374 12567 12953 D OPENHU  : [77] Companion.decrypt | RECV: AUDIO Media Data type: 0 flags: 11 size: 8202 dataOffset: 2
09-15 13:35:22.416 12567 12953 D OPENHU  : [77] Companion.decrypt | RECV: AUDIO Media Data type: 0 flags: 11 size: 8202 dataOffset: 2
09-15 13:35:22.457 12567 12953 D OPENHU  : [77] Companion.decrypt | RECV: MUSIC_PLAYBACK Media Playback Status type: 32769 flags: 11 size: 17 dataOffset: 2
09-15 13:35:22.458 12567 12953 D OPENHU  : [77] AapMediaPlayback.processStatusPacket | AapMediaPlayback: status mediaSource='VLC', playbackSeconds(u32)=108, state=PLAYING
09-15 13:35:22.463 12567 12953 D OPENHU  : [77] Companion.decrypt | RECV: AUDIO Media Data type: 0 flags: 11 size: 8202 dataOffset: 2
09-15 13:35:22.502 12567 12953 D OPENHU  : [77] Companion.decrypt | RECV: AUDIO Media Data type: 0 flags: 11 size: 8202 dataOffset: 2
09-15 13:35:22.546 12567 12953 D OPENHU  : [77] Companion.decrypt | RECV: AUDIO Media Data type: 0 flags: 11 size: 8202 dataOffset: 2
09-15 13:35:22.588 12567 12953 D OPENHU  : [77] Companion.decrypt | RECV: AUDIO Media Data type: 0 flags: 11 size: 8202 dataOffset: 2
09-15 13:35:22.633 12567 12953 D OPENHU  : [77] Companion.decrypt | RECV: AUDIO Media Data type: 0 flags: 11 size: 8202 dataOffset: 2
09-15 13:35:22.673 12567 12953 D OPENHU  : [77] Companion.decrypt | RECV: AUDIO Media Data type: 0 flags: 11 size: 8202 dataOffset: 2
09-15 13:35:22.716 12567 12953 D OPENHU  : [77] Companion.decrypt | RECV: AUDIO Media Data type: 0 flags: 11 size: 8202 dataOffset: 2
09-15 13:35:22.759 12567 12953 D OPENHU  : [77] Companion.decrypt | RECV: AUDIO Media Data type: 0 flags: 11 size: 8202 dataOffset: 2
09-15 13:35:22.803 12567 12953 D OPENHU  : [77] Companion.decrypt | RECV: AUDIO Media Data type: 0 flags: 11 size: 8202 dataOffset: 2
09-15 13:35:22.844 12567 12953 D OPENHU  : [77] Companion.decrypt | RECV: AUDIO Media Data type: 0 flags: 11 size: 8202 dataOffset: 2
09-15 13:35:22.890 12567 12953 D OPENHU  : [77] Companion.decrypt | RECV: AUDIO Media Data type: 0 flags: 11 size: 8202 dataOffset: 2
09-15 13:35:22.931 12567 12953 D OPENHU  : [77] Companion.decrypt | RECV: AUDIO Media Data type: 0 flags: 11 size: 8202 dataOffset: 2
09-15 13:35:22.970 12567 12953 D OPENHU  : [77] Companion.decrypt | RECV: AUDIO Media Data type: 0 flags: 11 size: 8202 dataOffset: 2
09-15 13:35:23.016 12567 12953 D OPENHU  : [77] Companion.decrypt | RECV: AUDIO Media Data type: 0 flags: 11 size: 8202 dataOffset: 2
09-15 13:35:23.020 12567 12567 V OPENHU  : [2] GpsLocation.onLocationChanged | GpsLocation: fix received
09-15 13:35:23.028 12567 12567 V OPENHU  : [2] AapTransport.send | SENSOR Sensor Event type: 32771 flags: 11 size: 46 dataOffset: 6
09-15 13:35:23.057 12567 12953 D OPENHU  : [77] Companion.decrypt | RECV: AUDIO Media Data type: 0 flags: 11 size: 8202 dataOffset: 2
09-15 13:35:23.100 12567 12953 D OPENHU  : [77] Companion.decrypt | RECV: AUDIO Media Data type: 0 flags: 11 size: 8202 dataOffset: 2
09-15 13:35:23.143 12567 12953 D OPENHU  : [77] Companion.decrypt | RECV: AUDIO Media Data type: 0 flags: 11 size: 8202 dataOffset: 2
09-15 13:35:23.185 12567 12953 D OPENHU  : [77] Companion.decrypt | RECV: AUDIO Media Data type: 0 flags: 11 size: 8202 dataOffset: 2
09-15 13:35:23.228 12567 12953 D OPENHU  : [77] Companion.decrypt | RECV: AUDIO Media Data type: 0 flags: 11 size: 8202 dataOffset: 2
09-15 13:35:23.271 12567 12953 D OPENHU  : [77] Companion.decrypt | RECV: AUDIO Media Data type: 0 flags: 11 size: 8202 dataOffset: 2
09-15 13:35:23.277 12567 12953 D OPENHU  : [77] Companion.decrypt | RECV: CONTROL Ping Request type: 11 flags: 11 size: 12 dataOffset: 2
09-15 13:35:23.280 12567 12953 V OPENHU  : [77] AapTransport.send | CONTROL Ping Response type: 12 flags: 11 size: 14 dataOffset: 6
09-15 13:35:23.314 12567 12953 D OPENHU  : [77] Companion.decrypt | RECV: AUDIO Media Data type: 0 flags: 11 size: 8202 dataOffset: 2
09-15 13:35:23.356 12567 12953 D OPENHU  : [77] Companion.decrypt | RECV: AUDIO Media Data type: 0 flags: 11 size: 8202 dataOffset: 2
09-15 13:35:23.399 12567 12953 D OPENHU  : [77] Companion.decrypt | RECV: AUDIO Media Data type: 0 flags: 11 size: 8202 dataOffset: 2
09-15 13:35:23.442 12567 12953 D OPENHU  : [77] Companion.decrypt | RECV: AUDIO Media Data type: 0 flags: 11 size: 8202 dataOffset: 2
09-15 13:35:23.457 12567 12953 D OPENHU  : [77] Companion.decrypt | RECV: MUSIC_PLAYBACK Media Playback Status type: 32769 flags: 11 size: 17 dataOffset: 2
09-15 13:35:23.457 12567 12953 D OPENHU  : [77] AapMediaPlayback.processStatusPacket | AapMediaPlayback: status mediaSource='VLC', playbackSeconds(u32)=109, state=PLAYING
09-15 13:35:23.488 12567 12953 D OPENHU  : [77] Companion.decrypt | RECV: AUDIO Media Data type: 0 flags: 11 size: 8202 dataOffset: 2
09-15 13:35:23.530 12567 12953 D OPENHU  : [77] Companion.decrypt | RECV: AUDIO Media Data type: 0 flags: 11 size: 8202 dataOffset: 2
09-15 13:35:23.569 12567 12953 D OPENHU  : [77] Companion.decrypt | RECV: AUDIO Media Data type: 0 flags: 11 size: 8202 dataOffset: 2
09-15 13:35:23.612 12567 12953 D OPENHU  : [77] Companion.decrypt | RECV: AUDIO Media Data type: 0 flags: 11 size: 8202 dataOffset: 2
09-15 13:35:23.655 12567 12953 D OPENHU  : [77] Companion.decrypt | RECV: AUDIO Media Data type: 0 flags: 11 size: 8202 dataOffset: 2
09-15 13:35:23.698 12567 12953 D OPENHU  : [77] Companion.decrypt | RECV: AUDIO Media Data type: 0 flags: 11 size: 8202 dataOffset: 2
09-15 13:35:23.739 12567 12953 D OPENHU  : [77] Companion.decrypt | RECV: AUDIO Media Data type: 0 flags: 11 size: 8202 dataOffset: 2
09-15 13:35:23.784 12567 12953 D OPENHU  : [77] Companion.decrypt | RECV: AUDIO Media Data type: 0 flags: 11 size: 8202 dataOffset: 2
09-15 13:35:23.826 12567 12953 D OPENHU  : [77] Companion.decrypt | RECV: AUDIO Media Data type: 0 flags: 11 size: 8202 dataOffset: 2
09-15 13:35:23.869 12567 12953 D OPENHU  : [77] Companion.decrypt | RECV: AUDIO Media Data type: 0 flags: 11 size: 8202 dataOffset: 2
09-15 13:35:23.911 12567 12953 D OPENHU  : [77] Companion.decrypt | RECV: AUDIO Media Data type: 0 flags: 11 size: 8202 dataOffset: 2
09-15 13:35:23.955 12567 12953 D OPENHU  : [77] Companion.decrypt | RECV: AUDIO Media Data type: 0 flags: 11 size: 8202 dataOffset: 2
09-15 13:35:23.995 12567 12953 D OPENHU  : [77] Companion.decrypt | RECV: AUDIO Media Data type: 0 flags: 11 size: 8202 dataOffset: 2
09-15 13:35:23.996 12567 12567 V OPENHU  : [2] GpsLocation.onLocationChanged | GpsLocation: fix received
09-15 13:35:24.005 12567 12567 V OPENHU  : [2] AapTransport.send | SENSOR Sensor Event type: 32771 flags: 11 size: 46 dataOffset: 6
09-15 13:35:24.040 12567 12953 D OPENHU  : [77] Companion.decrypt | RECV: AUDIO Media Data type: 0 flags: 11 size: 8202 dataOffset: 2
09-15 13:35:24.084 12567 12953 D OPENHU  : [77] Companion.decrypt | RECV: AUDIO Media Data type: 0 flags: 11 size: 8202 dataOffset: 2
09-15 13:35:24.127 12567 12953 D OPENHU  : [77] Companion.decrypt | RECV: AUDIO Media Data type: 0 flags: 11 size: 8202 dataOffset: 2
09-15 13:35:24.167 12567 12953 D OPENHU  : [77] Companion.decrypt | RECV: AUDIO Media Data type: 0 flags: 11 size: 8202 dataOffset: 2
09-15 13:35:24.209 12567 12953 D OPENHU  : [77] Companion.decrypt | RECV: AUDIO Media Data type: 0 flags: 11 size: 8202 dataOffset: 2
09-15 13:35:24.251 12567 12953 D OPENHU  : [77] Companion.decrypt | RECV: AUDIO Media Data type: 0 flags: 11 size: 8202 dataOffset: 2
09-15 13:35:24.279 12567 12953 D OPENHU  : [77] Companion.decrypt | RECV: CONTROL Ping Request type: 11 flags: 11 size: 12 dataOffset: 2
09-15 13:35:24.280 12567 12953 V OPENHU  : [77] AapTransport.send | CONTROL Ping Response type: 12 flags: 11 size: 14 dataOffset: 6
09-15 13:35:24.296 12567 12953 D OPENHU  : [77] Companion.decrypt | RECV: AUDIO Media Data type: 0 flags: 11 size: 8202 dataOffset: 2
09-15 13:35:24.339 12567 12953 D OPENHU  : [77] Companion.decrypt | RECV: AUDIO Media Data type: 0 flags: 11 size: 8202 dataOffset: 2
09-15 13:35:24.379 12567 12953 D OPENHU  : [77] Companion.decrypt | RECV: AUDIO Media Data type: 0 flags: 11 size: 8202 dataOffset: 2
09-15 13:35:24.423 12567 12953 D OPENHU  : [77] Companion.decrypt | RECV: AUDIO Media Data type: 0 flags: 11 size: 8202 dataOffset: 2
09-15 13:35:24.460 12567 12953 D OPENHU  : [77] Companion.decrypt | RECV: MUSIC_PLAYBACK Media Playback Status type: 32769 flags: 11 size: 17 dataOffset: 2
09-15 13:35:24.461 12567 12953 D OPENHU  : [77] AapMediaPlayback.processStatusPacket | AapMediaPlayback: status mediaSource='VLC', playbackSeconds(u32)=110, state=PLAYING
09-15 13:35:24.466 12567 12953 D OPENHU  : [77] Companion.decrypt | RECV: AUDIO Media Data type: 0 flags: 11 size: 8202 dataOffset: 2
09-15 13:35:24.508 12567 12953 D OPENHU  : [77] Companion.decrypt | RECV: AUDIO Media Data type: 0 flags: 11 size: 8202 dataOffset: 2
09-15 13:35:24.551 12567 12953 D OPENHU  : [77] Companion.decrypt | RECV: AUDIO Media Data type: 0 flags: 11 size: 8202 dataOffset: 2
09-15 13:35:24.595 12567 12953 D OPENHU  : [77] Companion.decrypt | RECV: AUDIO Media Data type: 0 flags: 11 size: 8202 dataOffset: 2
09-15 13:35:24.637 12567 12953 D OPENHU  : [77] Companion.decrypt | RECV: AUDIO Media Data type: 0 flags: 11 size: 8202 dataOffset: 2
09-15 13:35:24.681 12567 12953 D OPENHU  : [77] Companion.decrypt | RECV: AUDIO Media Data type: 0 flags: 11 size: 8202 dataOffset: 2
09-15 13:35:24.724 12567 12953 D OPENHU  : [77] Companion.decrypt | RECV: AUDIO Media Data type: 0 flags: 11 size: 8202 dataOffset: 2
09-15 13:35:24.766 12567 12953 D OPENHU  : [77] Companion.decrypt | RECV: AUDIO Media Data type: 0 flags: 11 size: 8202 dataOffset: 2
09-15 13:35:24.808 12567 12953 D OPENHU  : [77] Companion.decrypt | RECV: AUDIO Media Data type: 0 flags: 11 size: 8202 dataOffset: 2
09-15 13:35:24.850 12567 12953 D OPENHU  : [77] Companion.decrypt | RECV: AUDIO Media Data type: 0 flags: 11 size: 8202 dataOffset: 2
09-15 13:35:24.894 12567 12953 D OPENHU  : [77] Companion.decrypt | RECV: AUDIO Media Data type: 0 flags: 11 size: 8202 dataOffset: 2
09-15 13:35:24.935 12567 12953 D OPENHU  : [77] Companion.decrypt | RECV: AUDIO Media Data type: 0 flags: 11 size: 8202 dataOffset: 2
09-15 13:35:24.979 12567 12953 D OPENHU  : [77] Companion.decrypt | RECV: AUDIO Media Data type: 0 flags: 11 size: 8202 dataOffset: 2
09-15 13:35:25.017 12567 12567 V OPENHU  : [2] GpsLocation.onLocationChanged | GpsLocation: fix received
09-15 13:35:25.021 12567 12953 D OPENHU  : [77] Companion.decrypt | RECV: AUDIO Media Data type: 0 flags: 11 size: 8202 dataOffset: 2
09-15 13:35:25.024 12567 12567 V OPENHU  : [2] AapTransport.send | SENSOR Sensor Event type: 32771 flags: 11 size: 46 dataOffset: 6
09-15 13:35:25.063 12567 12953 D OPENHU  : [77] Companion.decrypt | RECV: AUDIO Media Data type: 0 flags: 11 size: 8202 dataOffset: 2
09-15 13:35:25.105 12567 12953 D OPENHU  : [77] Companion.decrypt | RECV: AUDIO Media Data type: 0 flags: 11 size: 8202 dataOffset: 2
09-15 13:35:25.148 12567 12953 D OPENHU  : [77] Companion.decrypt | RECV: AUDIO Media Data type: 0 flags: 11 size: 8202 dataOffset: 2
09-15 13:35:25.191 12567 12953 D OPENHU  : [77] Companion.decrypt | RECV: AUDIO Media Data type: 0 flags: 11 size: 8202 dataOffset: 2
09-15 13:35:25.233 12567 12953 D OPENHU  : [77] Companion.decrypt | RECV: AUDIO Media Data type: 0 flags: 11 size: 8202 dataOffset: 2
09-15 13:35:25.279 12567 12953 D OPENHU  : [77] Companion.decrypt | RECV: AUDIO Media Data type: 0 flags: 11 size: 8202 dataOffset: 2
09-15 13:35:25.286 12567 12953 D OPENHU  : [77] Companion.decrypt | RECV: CONTROL Ping Request type: 11 flags: 11 size: 12 dataOffset: 2
09-15 13:35:25.287 12567 12953 V OPENHU  : [77] AapTransport.send | CONTROL Ping Response type: 12 flags: 11 size: 14 dataOffset: 6
09-15 13:35:25.318 12567 12953 D OPENHU  : [77] Companion.decrypt | RECV: AUDIO Media Data type: 0 flags: 11 size: 8202 dataOffset: 2
09-15 13:35:25.361 12567 12953 D OPENHU  : [77] Companion.decrypt | RECV: AUDIO Media Data type: 0 flags: 11 size: 8202 dataOffset: 2
09-15 13:35:25.404 12567 12953 D OPENHU  : [77] Companion.decrypt | RECV: AUDIO Media Data type: 0 flags: 11 size: 8202 dataOffset: 2
09-15 13:35:25.446 12567 12953 D OPENHU  : [77] Companion.decrypt | RECV: AUDIO Media Data type: 0 flags: 11 size: 8202 dataOffset: 2
09-15 13:35:25.459 12567 12953 D OPENHU  : [77] Companion.decrypt | RECV: MUSIC_PLAYBACK Media Playback Status type: 32769 flags: 11 size: 17 dataOffset: 2
09-15 13:35:25.460 12567 12953 D OPENHU  : [77] AapMediaPlayback.processStatusPacket | AapMediaPlayback: status mediaSource='VLC', playbackSeconds(u32)=111, state=PLAYING
09-15 13:35:25.490 12567 12953 D OPENHU  : [77] Companion.decrypt | RECV: AUDIO Media Data type: 0 flags: 11 size: 8202 dataOffset: 2
09-15 13:35:25.532 12567 12953 D OPENHU  : [77] Companion.decrypt | RECV: AUDIO Media Data type: 0 flags: 11 size: 8202 dataOffset: 2
09-15 13:35:25.574 12567 12953 D OPENHU  : [77] Companion.decrypt | RECV: AUDIO Media Data type: 0 flags: 11 size: 8202 dataOffset: 2
09-15 13:35:25.617 12567 12953 D OPENHU  : [77] Companion.decrypt | RECV: AUDIO Media Data type: 0 flags: 11 size: 8202 dataOffset: 2
09-15 13:35:25.660 12567 12953 D OPENHU  : [77] Companion.decrypt | RECV: AUDIO Media Data type: 0 flags: 11 size: 8202 dataOffset: 2
09-15 13:35:25.701 12567 12953 D OPENHU  : [77] Companion.decrypt | RECV: AUDIO Media Data type: 0 flags: 11 size: 8202 dataOffset: 2
09-15 13:35:25.745 12567 12953 D OPENHU  : [77] Companion.decrypt | RECV: AUDIO Media Data type: 0 flags: 11 size: 8202 dataOffset: 2
09-15 13:35:25.788 12567 12953 D OPENHU  : [77] Companion.decrypt | RECV: AUDIO Media Data type: 0 flags: 11 size: 8202 dataOffset: 2
09-15 13:35:25.829 12567 12953 D OPENHU  : [77] Companion.decrypt | RECV: AUDIO Media Data type: 0 flags: 11 size: 8202 dataOffset: 2
09-15 13:35:25.873 12567 12953 D OPENHU  : [77] Companion.decrypt | RECV: AUDIO Media Data type: 0 flags: 11 size: 8202 dataOffset: 2
09-15 13:35:25.915 12567 12953 D OPENHU  : [77] Companion.decrypt | RECV: AUDIO Media Data type: 0 flags: 11 size: 8202 dataOffset: 2
09-15 13:35:25.960 12567 12953 D OPENHU  : [77] Companion.decrypt | RECV: AUDIO Media Data type: 0 flags: 11 size: 8202 dataOffset: 2
09-15 13:35:25.995 12567 12567 V OPENHU  : [2] GpsLocation.onLocationChanged | GpsLocation: fix received
09-15 13:35:26.001 12567 12953 D OPENHU  : [77] Companion.decrypt | RECV: AUDIO Media Data type: 0 flags: 11 size: 8202 dataOffset: 2
09-15 13:35:26.004 12567 12567 V OPENHU  : [2] AapTransport.send | SENSOR Sensor Event type: 32771 flags: 11 size: 46 dataOffset: 6
09-15 13:35:26.043 12567 12953 D OPENHU  : [77] Companion.decrypt | RECV: AUDIO Media Data type: 0 flags: 11 size: 8202 dataOffset: 2
09-15 13:35:26.087 12567 12953 D OPENHU  : [77] Companion.decrypt | RECV: AUDIO Media Data type: 0 flags: 11 size: 8202 dataOffset: 2
09-15 13:35:26.128 12567 12953 D OPENHU  : [77] Companion.decrypt | RECV: AUDIO Media Data type: 0 flags: 11 size: 8202 dataOffset: 2
09-15 13:35:26.156 12567 12983 I OPENHU  : [88] VideoDecoder.logThroughput | Throughput over 5006ms: rendered=152 (30fps), fed=152 (30fps), dropped=0, skipped=0, concealed=0, inputWait=101ms, enqueueWait=0ms, codec=c2.unisoc.avc.decoder, presented=150 (29fps), decodeLatency=10ms p95=19ms (150 frames)
09-15 13:35:26.172 12567 12953 D OPENHU  : [77] Companion.decrypt | RECV: AUDIO Media Data type: 0 flags: 11 size: 8202 dataOffset: 2
09-15 13:35:26.213 12567 12953 D OPENHU  : [77] Companion.decrypt | RECV: AUDIO Media Data type: 0 flags: 11 size: 8202 dataOffset: 2
09-15 13:35:26.258 12567 12953 D OPENHU  : [77] Companion.decrypt | RECV: AUDIO Media Data type: 0 flags: 11 size: 8202 dataOffset: 2
09-15 13:35:26.285 12567 12953 D OPENHU  : [77] Companion.decrypt | RECV: CONTROL Ping Request type: 11 flags: 11 size: 12 dataOffset: 2
09-15 13:35:26.287 12567 12953 V OPENHU  : [77] AapTransport.send | CONTROL Ping Response type: 12 flags: 11 size: 14 dataOffset: 6
09-15 13:35:26.302 12567 12953 D OPENHU  : [77] Companion.decrypt | RECV: AUDIO Media Data type: 0 flags: 11 size: 8202 dataOffset: 2
09-15 13:35:26.344 12567 12953 D OPENHU  : [77] Companion.decrypt | RECV: AUDIO Media Data type: 0 flags: 11 size: 8202 dataOffset: 2
09-15 13:35:26.385 12567 12953 D OPENHU  : [77] Companion.decrypt | RECV: AUDIO Media Data type: 0 flags: 11 size: 8202 dataOffset: 2
09-15 13:35:26.426 12567 12953 D OPENHU  : [77] Companion.decrypt | RECV: AUDIO Media Data type: 0 flags: 11 size: 8202 dataOffset: 2
09-15 13:35:26.464 12567 12953 D OPENHU  : [77] Companion.decrypt | RECV: MUSIC_PLAYBACK Media Playback Status type: 32769 flags: 11 size: 17 dataOffset: 2
09-15 13:35:26.464 12567 12953 D OPENHU  : [77] AapMediaPlayback.processStatusPacket | AapMediaPlayback: status mediaSource='VLC', playbackSeconds(u32)=112, state=PLAYING
09-15 13:35:26.470 12567 12953 D OPENHU  : [77] Companion.decrypt | RECV: AUDIO Media Data type: 0 flags: 11 size: 8202 dataOffset: 2
09-15 13:35:26.512 12567 12953 D OPENHU  : [77] Companion.decrypt | RECV: AUDIO Media Data type: 0 flags: 11 size: 8202 dataOffset: 2
09-15 13:35:26.554 12567 12567 I OPENHU  : [2] TextureProjectionView.onSurfaceTextureUpdated | TextureProjectionView: displayed 107 frames in 5017ms (21fps), longFrames=1
09-15 13:35:26.558 12567 12953 D OPENHU  : [77] Companion.decrypt | RECV: AUDIO Media Data type: 0 flags: 11 size: 8202 dataOffset: 2
09-15 13:35:26.599 12567 12953 D OPENHU  : [77] Companion.decrypt | RECV: AUDIO Media Data type: 0 flags: 11 size: 8202 dataOffset: 2
09-15 13:35:26.643 12567 12953 D OPENHU  : [77] Companion.decrypt | RECV: AUDIO Media Data type: 0 flags: 11 size: 8202 dataOffset: 2
09-15 13:35:26.685 12567 12953 D OPENHU  : [77] Companion.decrypt | RECV: AUDIO Media Data type: 0 flags: 11 size: 8202 dataOffset: 2
09-15 13:35:26.727 12567 12953 D OPENHU  : [77] Companion.decrypt | RECV: AUDIO Media Data type: 0 flags: 11 size: 8202 dataOffset: 2
09-15 13:35:26.769 12567 12953 D OPENHU  : [77] Companion.decrypt | RECV: AUDIO Media Data type: 0 flags: 11 size: 8202 dataOffset: 2
09-15 13:35:26.812 12567 12953 D OPENHU  : [77] Companion.decrypt | RECV: AUDIO Media Data type: 0 flags: 11 size: 8202 dataOffset: 2
09-15 13:35:26.854 12567 12953 D OPENHU  : [77] Companion.decrypt | RECV: AUDIO Media Data type: 0 flags: 11 size: 8202 dataOffset: 2
09-15 13:35:26.899 12567 12953 D OPENHU  : [77] Companion.decrypt | RECV: AUDIO Media Data type: 0 flags: 11 size: 8202 dataOffset: 2
09-15 13:35:26.942 12567 12953 D OPENHU  : [77] Companion.decrypt | RECV: AUDIO Media Data type: 0 flags: 11 size: 8202 dataOffset: 2
09-15 13:35:26.984 12567 12953 D OPENHU  : [77] Companion.decrypt | RECV: AUDIO Media Data type: 0 flags: 11 size: 8202 dataOffset: 2
09-15 13:35:27.017 12567 12567 V OPENHU  : [2] GpsLocation.onLocationChanged | GpsLocation: fix received
09-15 13:35:27.024 12567 12567 V OPENHU  : [2] AapTransport.send | SENSOR Sensor Event type: 32771 flags: 11 size: 46 dataOffset: 6
09-15 13:35:27.028 12567 12953 D OPENHU  : [77] Companion.decrypt | RECV: AUDIO Media Data type: 0 flags: 11 size: 8202 dataOffset: 2
09-15 13:35:27.068 12567 12953 D OPENHU  : [77] Companion.decrypt | RECV: AUDIO Media Data type: 0 flags: 11 size: 8202 dataOffset: 2
09-15 13:35:27.110 12567 12953 D OPENHU  : [77] Companion.decrypt | RECV: AUDIO Media Data type: 0 flags: 11 size: 8202 dataOffset: 2
09-15 13:35:27.152 12567 12953 D OPENHU  : [77] Companion.decrypt | RECV: AUDIO Media Data type: 0 flags: 11 size: 8202 dataOffset: 2
09-15 13:35:27.195 12567 12953 D OPENHU  : [77] Companion.decrypt | RECV: AUDIO Media Data type: 0 flags: 11 size: 8202 dataOffset: 2
09-15 13:35:27.239 12567 12953 D OPENHU  : [77] Companion.decrypt | RECV: AUDIO Media Data type: 0 flags: 11 size: 8202 dataOffset: 2
09-15 13:35:27.283 12567 12953 D OPENHU  : [77] Companion.decrypt | RECV: AUDIO Media Data type: 0 flags: 11 size: 8202 dataOffset: 2
09-15 13:35:27.290 12567 12953 D OPENHU  : [77] Companion.decrypt | RECV: CONTROL Ping Request type: 11 flags: 11 size: 12 dataOffset: 2
09-15 13:35:27.291 12567 12953 V OPENHU  : [77] AapTransport.send | CONTROL Ping Response type: 12 flags: 11 size: 14 dataOffset: 6
09-15 13:35:27.325 12567 12953 D OPENHU  : [77] Companion.decrypt | RECV: AUDIO Media Data type: 0 flags: 11 size: 8202 dataOffset: 2
09-15 13:35:27.368 12567 12953 D OPENHU  : [77] Companion.decrypt | RECV: AUDIO Media Data type: 0 flags: 11 size: 8202 dataOffset: 2
09-15 13:35:27.410 12567 12953 D OPENHU  : [77] Companion.decrypt | RECV: AUDIO Media Data type: 0 flags: 11 size: 8202 dataOffset: 2
09-15 13:35:27.451 12567 12953 D OPENHU  : [77] Companion.decrypt | RECV: AUDIO Media Data type: 0 flags: 11 size: 8202 dataOffset: 2
09-15 13:35:27.468 12567 12953 D OPENHU  : [77] Companion.decrypt | RECV: MUSIC_PLAYBACK Media Playback Status type: 32769 flags: 11 size: 17 dataOffset: 2
09-15 13:35:27.468 12567 12953 D OPENHU  : [77] AapMediaPlayback.processStatusPacket | AapMediaPlayback: status mediaSource='VLC', playbackSeconds(u32)=113, state=PLAYING
09-15 13:35:27.495 12567 12953 D OPENHU  : [77] Companion.decrypt | RECV: AUDIO Media Data type: 0 flags: 11 size: 8202 dataOffset: 2
09-15 13:35:27.540 12567 12953 D OPENHU  : [77] Companion.decrypt | RECV: AUDIO Media Data type: 0 flags: 11 size: 8202 dataOffset: 2
09-15 13:35:27.580 12567 12953 D OPENHU  : [77] Companion.decrypt | RECV: AUDIO Media Data type: 0 flags: 11 size: 8202 dataOffset: 2
09-15 13:35:27.622 12567 12953 D OPENHU  : [77] Companion.decrypt | RECV: AUDIO Media Data type: 0 flags: 11 size: 8202 dataOffset: 2
09-15 13:35:27.666 12567 12953 D OPENHU  : [77] Companion.decrypt | RECV: AUDIO Media Data type: 0 flags: 11 size: 8202 dataOffset: 2
09-15 13:35:27.708 12567 12953 D OPENHU  : [77] Companion.decrypt | RECV: AUDIO Media Data type: 0 flags: 11 size: 8202 dataOffset: 2
09-15 13:35:27.751 12567 12953 D OPENHU  : [77] Companion.decrypt | RECV: AUDIO Media Data type: 0 flags: 11 size: 8202 dataOffset: 2
09-15 13:35:27.793 12567 12953 D OPENHU  : [77] Companion.decrypt | RECV: AUDIO Media Data type: 0 flags: 11 size: 8202 dataOffset: 2
09-15 13:35:27.835 12567 12953 D OPENHU  : [77] Companion.decrypt | RECV: AUDIO Media Data type: 0 flags: 11 size: 8202 dataOffset: 2
09-15 13:35:27.879 12567 12953 D OPENHU  : [77] Companion.decrypt | RECV: AUDIO Media Data type: 0 flags: 11 size: 8202 dataOffset: 2
09-15 13:35:27.921 12567 12953 D OPENHU  : [77] Companion.decrypt | RECV: AUDIO Media Data type: 0 flags: 11 size: 8202 dataOffset: 2
09-15 13:35:27.964 12567 12953 D OPENHU  : [77] Companion.decrypt | RECV: AUDIO Media Data type: 0 flags: 11 size: 8202 dataOffset: 2
09-15 13:35:27.994 12567 12567 V OPENHU  : [2] GpsLocation.onLocationChanged | GpsLocation: fix received
09-15 13:35:28.003 12567 12567 V OPENHU  : [2] AapTransport.send | SENSOR Sensor Event type: 32771 flags: 11 size: 46 dataOffset: 6
09-15 13:35:28.007 12567 12953 D OPENHU  : [77] Companion.decrypt | RECV: AUDIO Media Data type: 0 flags: 11 size: 8202 dataOffset: 2
09-15 13:35:28.050 12567 12953 D OPENHU  : [77] Companion.decrypt | RECV: AUDIO Media Data type: 0 flags: 11 size: 8202 dataOffset: 2
09-15 13:35:28.091 12567 12953 D OPENHU  : [77] Companion.decrypt | RECV: AUDIO Media Data type: 0 flags: 11 size: 8202 dataOffset: 2
09-15 13:35:28.134 12567 12953 D OPENHU  : [77] Companion.decrypt | RECV: AUDIO Media Data type: 0 flags: 11 size: 8202 dataOffset: 2
09-15 13:35:28.177 12567 12953 D OPENHU  : [77] Companion.decrypt | RECV: AUDIO Media Data type: 0 flags: 11 size: 8202 dataOffset: 2
09-15 13:35:28.219 12567 12953 D OPENHU  : [77] Companion.decrypt | RECV: AUDIO Media Data type: 0 flags: 11 size: 8202 dataOffset: 2
09-15 13:35:28.263 12567 12953 D OPENHU  : [77] Companion.decrypt | RECV: AUDIO Media Data type: 0 flags: 11 size: 8202 dataOffset: 2
09-15 13:35:28.283 12567 12953 D OPENHU  : [77] Companion.decrypt | RECV: CONTROL Ping Request type: 11 flags: 11 size: 12 dataOffset: 2
09-15 13:35:28.284 12567 12953 V OPENHU  : [77] AapTransport.send | CONTROL Ping Response type: 12 flags: 11 size: 14 dataOffset: 6
09-15 13:35:28.305 12567 12953 D OPENHU  : [77] Companion.decrypt | RECV: AUDIO Media Data type: 0 flags: 11 size: 8202 dataOffset: 2
09-15 13:35:28.347 12567 12953 D OPENHU  : [77] Companion.decrypt | RECV: AUDIO Media Data type: 0 flags: 11 size: 8202 dataOffset: 2
09-15 13:35:28.389 12567 12953 D OPENHU  : [77] Companion.decrypt | RECV: AUDIO Media Data type: 0 flags: 11 size: 8202 dataOffset: 2
09-15 13:35:28.431 12567 12953 D OPENHU  : [77] Companion.decrypt | RECV: AUDIO Media Data type: 0 flags: 11 size: 8202 dataOffset: 2
09-15 13:35:28.473 12567 12953 D OPENHU  : [77] Companion.decrypt | RECV: MUSIC_PLAYBACK Media Playback Status type: 32769 flags: 11 size: 17 dataOffset: 2
09-15 13:35:28.474 12567 12953 D OPENHU  : [77] AapMediaPlayback.processStatusPacket | AapMediaPlayback: status mediaSource='VLC', playbackSeconds(u32)=114, state=PLAYING
09-15 13:35:28.477 12567 12953 D OPENHU  : [77] Companion.decrypt | RECV: AUDIO Media Data type: 0 flags: 11 size: 8202 dataOffset: 2
09-15 13:35:28.521 12567 12953 D OPENHU  : [77] Companion.decrypt | RECV: AUDIO Media Data type: 0 flags: 11 size: 8202 dataOffset: 2
09-15 13:35:28.561 12567 12953 D OPENHU  : [77] Companion.decrypt | RECV: AUDIO Media Data type: 0 flags: 11 size: 8202 dataOffset: 2
09-15 13:35:28.604 12567 12953 D OPENHU  : [77] Companion.decrypt | RECV: AUDIO Media Data type: 0 flags: 11 size: 8202 dataOffset: 2
09-15 13:35:28.649 12567 12953 D OPENHU  : [77] Companion.decrypt | RECV: AUDIO Media Data type: 0 flags: 11 size: 8202 dataOffset: 2
09-15 13:35:28.689 12567 12953 D OPENHU  : [77] Companion.decrypt | RECV: AUDIO Media Data type: 0 flags: 11 size: 8202 dataOffset: 2
09-15 13:35:28.731 12567 12953 D OPENHU  : [77] Companion.decrypt | RECV: AUDIO Media Data type: 0 flags: 11 size: 8202 dataOffset: 2
09-15 13:35:28.775 12567 12953 D OPENHU  : [77] Companion.decrypt | RECV: AUDIO Media Data type: 0 flags: 11 size: 8202 dataOffset: 2
09-15 13:35:28.818 12567 12953 D OPENHU  : [77] Companion.decrypt | RECV: AUDIO Media Data type: 0 flags: 11 size: 8202 dataOffset: 2
09-15 13:35:28.859 12567 12953 D OPENHU  : [77] Companion.decrypt | RECV: AUDIO Media Data type: 0 flags: 11 size: 8202 dataOffset: 2
09-15 13:35:28.901 12567 12953 D OPENHU  : [77] Companion.decrypt | RECV: AUDIO Media Data type: 0 flags: 11 size: 8202 dataOffset: 2
09-15 13:35:28.945 12567 12953 D OPENHU  : [77] Companion.decrypt | RECV: AUDIO Media Data type: 0 flags: 11 size: 8202 dataOffset: 2
09-15 13:35:28.986 12567 12953 D OPENHU  : [77] Companion.decrypt | RECV: AUDIO Media Data type: 0 flags: 11 size: 8202 dataOffset: 2
09-15 13:35:29.030 12567 12567 V OPENHU  : [2] GpsLocation.onLocationChanged | GpsLocation: fix received
09-15 13:35:29.032 12567 12953 D OPENHU  : [77] Companion.decrypt | RECV: AUDIO Media Data type: 0 flags: 11 size: 8202 dataOffset: 2
09-15 13:35:29.040 12567 12567 V OPENHU  : [2] AapTransport.send | SENSOR Sensor Event type: 32771 flags: 11 size: 46 dataOffset: 6
09-15 13:35:29.073 12567 12953 D OPENHU  : [77] Companion.decrypt | RECV: AUDIO Media Data type: 0 flags: 11 size: 8202 dataOffset: 2
09-15 13:35:29.116 12567 12953 D OPENHU  : [77] Companion.decrypt | RECV: AUDIO Media Data type: 0 flags: 11 size: 8202 dataOffset: 2
09-15 13:35:29.159 12567 12953 D OPENHU  : [77] Companion.decrypt | RECV: AUDIO Media Data type: 0 flags: 11 size: 8202 dataOffset: 2
09-15 13:35:29.200 12567 12953 D OPENHU  : [77] Companion.decrypt | RECV: AUDIO Media Data type: 0 flags: 11 size: 8202 dataOffset: 2
09-15 13:35:29.244 12567 12953 D OPENHU  : [77] Companion.decrypt | RECV: AUDIO Media Data type: 0 flags: 11 size: 8202 dataOffset: 2
09-15 13:35:29.284 12567 12953 D OPENHU  : [77] Companion.decrypt | RECV: CONTROL Ping Request type: 11 flags: 11 size: 12 dataOffset: 2
09-15 13:35:29.285 12567 12953 V OPENHU  : [77] AapTransport.send | CONTROL Ping Response type: 12 flags: 11 size: 14 dataOffset: 6
09-15 13:35:29.288 12567 12953 D OPENHU  : [77] Companion.decrypt | RECV: AUDIO Media Data type: 0 flags: 11 size: 8202 dataOffset: 2
09-15 13:35:29.329 12567 12953 D OPENHU  : [77] Companion.decrypt | RECV: AUDIO Media Data type: 0 flags: 11 size: 8202 dataOffset: 2
09-15 13:35:29.371 12567 12953 D OPENHU  : [77] Companion.decrypt | RECV: AUDIO Media Data type: 0 flags: 11 size: 8202 dataOffset: 2
09-15 13:35:29.415 12567 12953 D OPENHU  : [77] Companion.decrypt | RECV: AUDIO Media Data type: 0 flags: 11 size: 8202 dataOffset: 2
09-15 13:35:29.457 12567 12953 D OPENHU  : [77] Companion.decrypt | RECV: AUDIO Media Data type: 0 flags: 11 size: 8202 dataOffset: 2
09-15 13:35:29.475 12567 12953 D OPENHU  : [77] Companion.decrypt | RECV: MUSIC_PLAYBACK Media Playback Status type: 32769 flags: 11 size: 17 dataOffset: 2
09-15 13:35:29.476 12567 12953 D OPENHU  : [77] AapMediaPlayback.processStatusPacket | AapMediaPlayback: status mediaSource='VLC', playbackSeconds(u32)=115, state=PLAYING
09-15 13:35:29.499 12567 12953 D OPENHU  : [77] Companion.decrypt | RECV: AUDIO Media Data type: 0 flags: 11 size: 8202 dataOffset: 2
09-15 13:35:29.542 12567 12953 D OPENHU  : [77] Companion.decrypt | RECV: AUDIO Media Data type: 0 flags: 11 size: 8202 dataOffset: 2
09-15 13:35:29.583 12567 12953 D OPENHU  : [77] Companion.decrypt | RECV: AUDIO Media Data type: 0 flags: 11 size: 8202 dataOffset: 2
09-15 13:35:29.627 12567 12953 D OPENHU  : [77] Companion.decrypt | RECV: AUDIO Media Data type: 0 flags: 11 size: 8202 dataOffset: 2
09-15 13:35:29.669 12567 12953 D OPENHU  : [77] Companion.decrypt | RECV: AUDIO Media Data type: 0 flags: 11 size: 8202 dataOffset: 2
09-15 13:35:29.714 12567 12953 D OPENHU  : [77] Companion.decrypt | RECV: AUDIO Media Data type: 0 flags: 11 size: 8202 dataOffset: 2
09-15 13:35:29.757 12567 12953 D OPENHU  : [77] Companion.decrypt | RECV: AUDIO Media Data type: 0 flags: 11 size: 8202 dataOffset: 2
09-15 13:35:29.797 12567 12953 D OPENHU  : [77] Companion.decrypt | RECV: AUDIO Media Data type: 0 flags: 11 size: 8202 dataOffset: 2
09-15 13:35:29.841 12567 12953 D OPENHU  : [77] Companion.decrypt | RECV: AUDIO Media Data type: 0 flags: 11 size: 8202 dataOffset: 2
09-15 13:35:29.882 12567 12953 D OPENHU  : [77] Companion.decrypt | RECV: AUDIO Media Data type: 0 flags: 11 size: 8202 dataOffset: 2
09-15 13:35:29.925 12567 12953 D OPENHU  : [77] Companion.decrypt | RECV: AUDIO Media Data type: 0 flags: 11 size: 8202 dataOffset: 2
09-15 13:35:29.969 12567 12953 D OPENHU  : [77] Companion.decrypt | RECV: AUDIO Media Data type: 0 flags: 11 size: 8202 dataOffset: 2
09-15 13:35:29.998 12567 12567 V OPENHU  : [2] GpsLocation.onLocationChanged | GpsLocation: fix received
09-15 13:35:30.012 12567 12567 V OPENHU  : [2] AapTransport.send | SENSOR Sensor Event type: 32771 flags: 11 size: 46 dataOffset: 6
09-15 13:35:30.012 12567 12953 D OPENHU  : [77] Companion.decrypt | RECV: AUDIO Media Data type: 0 flags: 11 size: 8202 dataOffset: 2
09-15 13:35:30.054 12567 12953 D OPENHU  : [77] Companion.decrypt | RECV: AUDIO Media Data type: 0 flags: 11 size: 8202 dataOffset: 2
09-15 13:35:30.096 12567 12953 D OPENHU  : [77] Companion.decrypt | RECV: AUDIO Media Data type: 0 flags: 11 size: 8202 dataOffset: 2
09-15 13:35:30.139 12567 12953 D OPENHU  : [77] Companion.decrypt | RECV: AUDIO Media Data type: 0 flags: 11 size: 8202 dataOffset: 2
09-15 13:35:30.182 12567 12953 D OPENHU  : [77] Companion.decrypt | RECV: AUDIO Media Data type: 0 flags: 11 size: 8202 dataOffset: 2
09-15 13:35:30.225 12567 12953 D OPENHU  : [77] Companion.decrypt | RECV: AUDIO Media Data type: 0 flags: 11 size: 8202 dataOffset: 2
09-15 13:35:30.266 12567 12953 D OPENHU  : [77] Companion.decrypt | RECV: AUDIO Media Data type: 0 flags: 11 size: 8202 dataOffset: 2
09-15 13:35:30.285 12567 12953 D OPENHU  : [77] Companion.decrypt | RECV: CONTROL Ping Request type: 11 flags: 11 size: 12 dataOffset: 2
09-15 13:35:30.286 12567 12953 V OPENHU  : [77] AapTransport.send | CONTROL Ping Response type: 12 flags: 11 size: 14 dataOffset: 6
09-15 13:35:30.309 12567 12953 D OPENHU  : [77] Companion.decrypt | RECV: AUDIO Media Data type: 0 flags: 11 size: 8202 dataOffset: 2
09-15 13:35:30.352 12567 12953 D OPENHU  : [77] Companion.decrypt | RECV: AUDIO Media Data type: 0 flags: 11 size: 8202 dataOffset: 2
09-15 13:35:30.394 12567 12953 D OPENHU  : [77] Companion.decrypt | RECV: AUDIO Media Data type: 0 flags: 11 size: 8202 dataOffset: 2
09-15 13:35:30.437 12567 12953 D OPENHU  : [77] Companion.decrypt | RECV: AUDIO Media Data type: 0 flags: 11 size: 8202 dataOffset: 2
09-15 13:35:30.471 12567 12953 D OPENHU  : [77] Companion.decrypt | RECV: MUSIC_PLAYBACK Media Playback Status type: 32769 flags: 11 size: 17 dataOffset: 2
09-15 13:35:30.472 12567 12953 D OPENHU  : [77] AapMediaPlayback.processStatusPacket | AapMediaPlayback: status mediaSource='VLC', playbackSeconds(u32)=116, state=PLAYING
09-15 13:35:30.484 12567 12953 D OPENHU  : [77] Companion.decrypt | RECV: AUDIO Media Data type: 0 flags: 11 size: 8202 dataOffset: 2
09-15 13:35:30.525 12567 12953 D OPENHU  : [77] Companion.decrypt | RECV: AUDIO Media Data type: 0 flags: 11 size: 8202 dataOffset: 2
09-15 13:35:30.567 12567 12953 D OPENHU  : [77] Companion.decrypt | RECV: AUDIO Media Data type: 0 flags: 11 size: 8202 dataOffset: 2
09-15 13:35:30.609 12567 12953 D OPENHU  : [77] Companion.decrypt | RECV: AUDIO Media Data type: 0 flags: 11 size: 8202 dataOffset: 2
09-15 13:35:30.651 12567 12953 D OPENHU  : [77] Companion.decrypt | RECV: AUDIO Media Data type: 0 flags: 11 size: 8202 dataOffset: 2
09-15 13:35:30.695 12567 12953 D OPENHU  : [77] Companion.decrypt | RECV: AUDIO Media Data type: 0 flags: 11 size: 8202 dataOffset: 2
09-15 13:35:30.739 12567 12953 D OPENHU  : [77] Companion.decrypt | RECV: AUDIO Media Data type: 0 flags: 11 size: 8202 dataOffset: 2
09-15 13:35:30.781 12567 12953 D OPENHU  : [77] Companion.decrypt | RECV: AUDIO Media Data type: 0 flags: 11 size: 8202 dataOffset: 2
09-15 13:35:30.823 12567 12953 D OPENHU  : [77] Companion.decrypt | RECV: AUDIO Media Data type: 0 flags: 11 size: 8202 dataOffset: 2
09-15 13:35:30.864 12567 12953 D OPENHU  : [77] Companion.decrypt | RECV: AUDIO Media Data type: 0 flags: 11 size: 8202 dataOffset: 2
09-15 13:35:30.907 12567 12953 D OPENHU  : [77] Companion.decrypt | RECV: AUDIO Media Data type: 0 flags: 11 size: 8202 dataOffset: 2
09-15 13:35:30.950 12567 12953 D OPENHU  : [77] Companion.decrypt | RECV: AUDIO Media Data type: 0 flags: 11 size: 8202 dataOffset: 2
09-15 13:35:30.995 12567 12953 D OPENHU  : [77] Companion.decrypt | RECV: AUDIO Media Data type: 0 flags: 11 size: 8202 dataOffset: 2
09-15 13:35:31.020 12567 12567 V OPENHU  : [2] GpsLocation.onLocationChanged | GpsLocation: fix received
09-15 13:35:31.029 12567 12567 V OPENHU  : [2] AapTransport.send | SENSOR Sensor Event type: 32771 flags: 11 size: 46 dataOffset: 6
09-15 13:35:31.037 12567 12953 D OPENHU  : [77] Companion.decrypt | RECV: AUDIO Media Data type: 0 flags: 11 size: 8202 dataOffset: 2
09-15 13:35:31.080 12567 12953 D OPENHU  : [77] Companion.decrypt | RECV: AUDIO Media Data type: 0 flags: 11 size: 8202 dataOffset: 2
09-15 13:35:31.121 12567 12953 D OPENHU  : [77] Companion.decrypt | RECV: AUDIO Media Data type: 0 flags: 11 size: 8202 dataOffset: 2
09-15 13:35:31.159 12567 12983 I OPENHU  : [88] VideoDecoder.logThroughput | Throughput over 5004ms: rendered=191 (38fps), fed=191 (38fps), dropped=0, skipped=0, concealed=0, inputWait=88ms, enqueueWait=0ms, codec=c2.unisoc.avc.decoder, presented=191 (38fps), decodeLatency=9ms p95=12ms (191 frames)
09-15 13:35:31.163 12567 12953 D OPENHU  : [77] Companion.decrypt | RECV: AUDIO Media Data type: 0 flags: 11 size: 8202 dataOffset: 2
09-15 13:35:31.206 12567 12953 D OPENHU  : [77] Companion.decrypt | RECV: AUDIO Media Data type: 0 flags: 11 size: 8202 dataOffset: 2
09-15 13:35:31.248 12567 12953 D OPENHU  : [77] Companion.decrypt | RECV: AUDIO Media Data type: 0 flags: 11 size: 8202 dataOffset: 2
09-15 13:35:31.287 12567 12953 D OPENHU  : [77] Companion.decrypt | RECV: CONTROL Ping Request type: 11 flags: 11 size: 12 dataOffset: 2
09-15 13:35:31.290 12567 12953 V OPENHU  : [77] AapTransport.send | CONTROL Ping Response type: 12 flags: 11 size: 14 dataOffset: 6
09-15 13:35:31.294 12567 12953 D OPENHU  : [77] Companion.decrypt | RECV: AUDIO Media Data type: 0 flags: 11 size: 8202 dataOffset: 2
09-15 13:35:31.334 12567 12953 D OPENHU  : [77] Companion.decrypt | RECV: AUDIO Media Data type: 0 flags: 11 size: 8202 dataOffset: 2
09-15 13:35:31.377 12567 12953 D OPENHU  : [77] Companion.decrypt | RECV: AUDIO Media Data type: 0 flags: 11 size: 8202 dataOffset: 2
09-15 13:35:31.419 12567 12953 D OPENHU  : [77] Companion.decrypt | RECV: AUDIO Media Data type: 0 flags: 11 size: 8202 dataOffset: 2
09-15 13:35:31.463 12567 12953 D OPENHU  : [77] Companion.decrypt | RECV: AUDIO Media Data type: 0 flags: 11 size: 8202 dataOffset: 2
09-15 13:35:31.478 12567 12953 D OPENHU  : [77] Companion.decrypt | RECV: MUSIC_PLAYBACK Media Playback Status type: 32769 flags: 11 size: 17 dataOffset: 2
09-15 13:35:31.479 12567 12953 D OPENHU  : [77] AapMediaPlayback.processStatusPacket | AapMediaPlayback: status mediaSource='VLC', playbackSeconds(u32)=117, state=PLAYING
09-15 13:35:31.505 12567 12953 D OPENHU  : [77] Companion.decrypt | RECV: AUDIO Media Data type: 0 flags: 11 size: 8202 dataOffset: 2
09-15 13:35:31.548 12567 12953 D OPENHU  : [77] Companion.decrypt | RECV: AUDIO Media Data type: 0 flags: 11 size: 8202 dataOffset: 2
09-15 13:35:31.571 12567 12567 I OPENHU  : [2] TextureProjectionView.onSurfaceTextureUpdated | TextureProjectionView: displayed 140 frames in 5017ms (27fps), longFrames=1
09-15 13:35:31.590 12567 12953 D OPENHU  : [77] Companion.decrypt | RECV: AUDIO Media Data type: 0 flags: 11 size: 8202 dataOffset: 2
09-15 13:35:31.633 12567 12953 D OPENHU  : [77] Companion.decrypt | RECV: AUDIO Media Data type: 0 flags: 11 size: 8202 dataOffset: 2
09-15 13:35:31.679 12567 12953 D OPENHU  : [77] Companion.decrypt | RECV: AUDIO Media Data type: 0 flags: 11 size: 8202 dataOffset: 2
09-15 13:35:31.722 12567 12953 D OPENHU  : [77] Companion.decrypt | RECV: AUDIO Media Data type: 0 flags: 11 size: 8202 dataOffset: 2
09-15 13:35:31.762 12567 12953 D OPENHU  : [77] Companion.decrypt | RECV: AUDIO Media Data type: 0 flags: 11 size: 8202 dataOffset: 2
09-15 13:35:31.806 12567 12953 D OPENHU  : [77] Companion.decrypt | RECV: AUDIO Media Data type: 0 flags: 11 size: 8202 dataOffset: 2
09-15 13:35:31.848 12567 12953 D OPENHU  : [77] Companion.decrypt | RECV: AUDIO Media Data type: 0 flags: 11 size: 8202 dataOffset: 2
09-15 13:35:31.891 12567 12953 D OPENHU  : [77] Companion.decrypt | RECV: AUDIO Media Data type: 0 flags: 11 size: 8202 dataOffset: 2
09-15 13:35:31.933 12567 12953 D OPENHU  : [77] Companion.decrypt | RECV: AUDIO Media Data type: 0 flags: 11 size: 8202 dataOffset: 2
09-15 13:35:31.976 12567 12953 D OPENHU  : [77] Companion.decrypt | RECV: AUDIO Media Data type: 0 flags: 11 size: 8202 dataOffset: 2
09-15 13:35:31.994 12567 12567 V OPENHU  : [2] GpsLocation.onLocationChanged | GpsLocation: fix received
09-15 13:35:32.004 12567 12567 V OPENHU  : [2] AapTransport.send | SENSOR Sensor Event type: 32771 flags: 11 size: 46 dataOffset: 6
09-15 13:35:32.018 12567 12953 D OPENHU  : [77] Companion.decrypt | RECV: AUDIO Media Data type: 0 flags: 11 size: 8202 dataOffset: 2
09-15 13:35:32.059 12567 12953 D OPENHU  : [77] Companion.decrypt | RECV: AUDIO Media Data type: 0 flags: 11 size: 8202 dataOffset: 2
09-15 13:35:32.101 12567 12953 D OPENHU  : [77] Companion.decrypt | RECV: AUDIO Media Data type: 0 flags: 11 size: 8202 dataOffset: 2
09-15 13:35:32.143 12567 12953 D OPENHU  : [77] Companion.decrypt | RECV: AUDIO Media Data type: 0 flags: 11 size: 8202 dataOffset: 2
09-15 13:35:32.186 12567 12953 D OPENHU  : [77] Companion.decrypt | RECV: AUDIO Media Data type: 0 flags: 11 size: 8202 dataOffset: 2
09-15 13:35:32.228 12567 12953 D OPENHU  : [77] Companion.decrypt | RECV: AUDIO Media Data type: 0 flags: 11 size: 8202 dataOffset: 2
09-15 13:35:32.273 12567 12953 D OPENHU  : [77] Companion.decrypt | RECV: AUDIO Media Data type: 0 flags: 11 size: 8202 dataOffset: 2
09-15 13:35:32.286 12567 12953 D OPENHU  : [77] Companion.decrypt | RECV: CONTROL Ping Request type: 11 flags: 11 size: 12 dataOffset: 2
09-15 13:35:32.287 12567 12953 V OPENHU  : [77] AapTransport.send | CONTROL Ping Response type: 12 flags: 11 size: 14 dataOffset: 6
09-15 13:35:32.314 12567 12953 D OPENHU  : [77] Companion.decrypt | RECV: AUDIO Media Data type: 0 flags: 11 size: 8202 dataOffset: 2
09-15 13:35:32.357 12567 12953 D OPENHU  : [77] Companion.decrypt | RECV: AUDIO Media Data type: 0 flags: 11 size: 8202 dataOffset: 2
09-15 13:35:32.401 12567 12953 D OPENHU  : [77] Companion.decrypt | RECV: AUDIO Media Data type: 0 flags: 11 size: 8202 dataOffset: 2
09-15 13:35:32.443 12567 12953 D OPENHU  : [77] Companion.decrypt | RECV: AUDIO Media Data type: 0 flags: 11 size: 8202 dataOffset: 2
09-15 13:35:32.479 12567 12953 D OPENHU  : [77] Companion.decrypt | RECV: MUSIC_PLAYBACK Media Playback Status type: 32769 flags: 11 size: 17 dataOffset: 2
09-15 13:35:32.480 12567 12953 D OPENHU  : [77] AapMediaPlayback.processStatusPacket | AapMediaPlayback: status mediaSource='VLC', playbackSeconds(u32)=118, state=PLAYING
09-15 13:35:32.486 12567 12953 D OPENHU  : [77] Companion.decrypt | RECV: AUDIO Media Data type: 0 flags: 11 size: 8202 dataOffset: 2
09-15 13:35:32.528 12567 12953 D OPENHU  : [77] Companion.decrypt | RECV: AUDIO Media Data type: 0 flags: 11 size: 8202 dataOffset: 2
09-15 13:35:32.570 12567 12953 D OPENHU  : [77] Companion.decrypt | RECV: AUDIO Media Data type: 0 flags: 11 size: 8202 dataOffset: 2
09-15 13:35:32.616 12567 12953 D OPENHU  : [77] Companion.decrypt | RECV: AUDIO Media Data type: 0 flags: 11 size: 8202 dataOffset: 2
09-15 13:35:32.655 12567 12953 D OPENHU  : [77] Companion.decrypt | RECV: AUDIO Media Data type: 0 flags: 11 size: 8202 dataOffset: 2
09-15 13:35:32.698 12567 12953 D OPENHU  : [77] Companion.decrypt | RECV: AUDIO Media Data type: 0 flags: 11 size: 8202 dataOffset: 2
09-15 13:35:32.740 12567 12953 D OPENHU  : [77] Companion.decrypt | RECV: AUDIO Media Data type: 0 flags: 11 size: 8202 dataOffset: 2
09-15 13:35:32.783 12567 12953 D OPENHU  : [77] Companion.decrypt | RECV: AUDIO Media Data type: 0 flags: 11 size: 8202 dataOffset: 2
09-15 13:35:32.826 12567 12953 D OPENHU  : [77] Companion.decrypt | RECV: AUDIO Media Data type: 0 flags: 11 size: 8202 dataOffset: 2
09-15 13:35:32.869 12567 12953 D OPENHU  : [77] Companion.decrypt | RECV: AUDIO Media Data type: 0 flags: 11 size: 8202 dataOffset: 2
09-15 13:35:32.911 12567 12953 D OPENHU  : [77] Companion.decrypt | RECV: AUDIO Media Data type: 0 flags: 11 size: 8202 dataOffset: 2
09-15 13:35:32.957 12567 12953 D OPENHU  : [77] Companion.decrypt | RECV: AUDIO Media Data type: 0 flags: 11 size: 8202 dataOffset: 2
09-15 13:35:32.987 12567 12953 D OPENHU  : [77] Companion.decrypt | RECV: MUSIC_PLAYBACK Media Playback Status type: 32769 flags: 11 size: 17 dataOffset: 2
09-15 13:35:32.988 12567 12953 D OPENHU  : [77] AapMediaPlayback.processStatusPacket | AapMediaPlayback: status mediaSource='VLC', playbackSeconds(u32)=118, state=PAUSED
09-15 13:35:32.999 12567 12953 D OPENHU  : [77] Companion.decrypt | RECV: AUDIO Media Data type: 0 flags: 11 size: 8202 dataOffset: 2
09-15 13:35:33.017 12567 12567 V OPENHU  : [2] GpsLocation.onLocationChanged | GpsLocation: fix received
09-15 13:35:33.025 12567 12567 V OPENHU  : [2] AapTransport.send | SENSOR Sensor Event type: 32771 flags: 11 size: 46 dataOffset: 6
09-15 13:35:33.039 12567 12953 D OPENHU  : [77] Companion.decrypt | RECV: AUDIO Media Data type: 0 flags: 11 size: 8202 dataOffset: 2
09-15 13:35:33.085 12567 12953 D OPENHU  : [77] Companion.decrypt | RECV: AUDIO Media Data type: 0 flags: 11 size: 8202 dataOffset: 2
09-15 13:35:33.126 12567 12953 D OPENHU  : [77] Companion.decrypt | RECV: AUDIO Media Data type: 0 flags: 11 size: 8202 dataOffset: 2
09-15 13:35:33.168 12567 12953 D OPENHU  : [77] Companion.decrypt | RECV: AUDIO Media Data type: 0 flags: 11 size: 8202 dataOffset: 2
09-15 13:35:33.212 12567 12953 D OPENHU  : [77] Companion.decrypt | RECV: AUDIO Media Data type: 0 flags: 11 size: 8202 dataOffset: 2
09-15 13:35:33.252 12567 12953 D OPENHU  : [77] Companion.decrypt | RECV: AUDIO Media Data type: 0 flags: 11 size: 8202 dataOffset: 2
09-15 13:35:33.287 12567 12953 D OPENHU  : [77] Companion.decrypt | RECV: CONTROL Ping Request type: 11 flags: 11 size: 12 dataOffset: 2
09-15 13:35:33.287 12567 12953 V OPENHU  : [77] AapTransport.send | CONTROL Ping Response type: 12 flags: 11 size: 14 dataOffset: 6
09-15 13:35:33.295 12567 12953 D OPENHU  : [77] Companion.decrypt | RECV: AUDIO Media Data type: 0 flags: 11 size: 8202 dataOffset: 2
09-15 13:35:33.338 12567 12953 D OPENHU  : [77] Companion.decrypt | RECV: AUDIO Media Data type: 0 flags: 11 size: 8202 dataOffset: 2
09-15 13:35:33.382 12567 12953 D OPENHU  : [77] Companion.decrypt | RECV: AUDIO Media Data type: 0 flags: 11 size: 8202 dataOffset: 2
09-15 13:35:33.425 12567 12953 D OPENHU  : [77] Companion.decrypt | RECV: AUDIO Media Data type: 0 flags: 11 size: 8202 dataOffset: 2
09-15 13:35:33.468 12567 12953 D OPENHU  : [77] Companion.decrypt | RECV: AUDIO Media Data type: 0 flags: 11 size: 8202 dataOffset: 2
09-15 13:35:33.511 12567 12953 D OPENHU  : [77] Companion.decrypt | RECV: AUDIO Media Data type: 0 flags: 11 size: 8202 dataOffset: 2
09-15 13:35:33.553 12567 12953 D OPENHU  : [77] Companion.decrypt | RECV: AUDIO Media Data type: 0 flags: 11 size: 8202 dataOffset: 2
09-15 13:35:33.601 12567 12953 D OPENHU  : [77] Companion.decrypt | RECV: AUDIO Media Data type: 0 flags: 11 size: 8202 dataOffset: 2
09-15 13:35:33.639 12567 12953 D OPENHU  : [77] Companion.decrypt | RECV: AUDIO Media Data type: 0 flags: 11 size: 8202 dataOffset: 2
09-15 13:35:33.684 12567 12953 D OPENHU  : [77] Companion.decrypt | RECV: AUDIO Media Data type: 0 flags: 11 size: 8202 dataOffset: 2
09-15 13:35:33.723 12567 12953 D OPENHU  : [77] Companion.decrypt | RECV: AUDIO Media Data type: 0 flags: 11 size: 8202 dataOffset: 2
09-15 13:35:33.769 12567 12953 D OPENHU  : [77] Companion.decrypt | RECV: AUDIO Media Data type: 0 flags: 11 size: 8202 dataOffset: 2
09-15 13:35:33.808 12567 12953 D OPENHU  : [77] Companion.decrypt | RECV: AUDIO Media Data type: 0 flags: 11 size: 8202 dataOffset: 2
09-15 13:35:33.850 12567 12953 D OPENHU  : [77] Companion.decrypt | RECV: AUDIO Media Data type: 0 flags: 11 size: 8202 dataOffset: 2
09-15 13:35:33.893 12567 12953 D OPENHU  : [77] Companion.decrypt | RECV: AUDIO Media Data type: 0 flags: 11 size: 8202 dataOffset: 2
09-15 13:35:33.935 12567 12953 D OPENHU  : [77] Companion.decrypt | RECV: AUDIO Media Data type: 0 flags: 11 size: 8202 dataOffset: 2
09-15 13:35:33.979 12567 12953 D OPENHU  : [77] Companion.decrypt | RECV: AUDIO Media Data type: 0 flags: 11 size: 8202 dataOffset: 2
09-15 13:35:33.993 12567 12567 V OPENHU  : [2] GpsLocation.onLocationChanged | GpsLocation: fix received
09-15 13:35:34.002 12567 12567 V OPENHU  : [2] AapTransport.send | SENSOR Sensor Event type: 32771 flags: 11 size: 46 dataOffset: 6
09-15 13:35:34.027 12567 12953 D OPENHU  : [77] Companion.decrypt | RECV: AUDIO Media Data type: 0 flags: 11 size: 8202 dataOffset: 2
09-15 13:35:34.066 12567 12953 D OPENHU  : [77] Companion.decrypt | RECV: AUDIO Media Data type: 0 flags: 11 size: 8202 dataOffset: 2
09-15 13:35:34.107 12567 12953 D OPENHU  : [77] Companion.decrypt | RECV: AUDIO Media Data type: 0 flags: 11 size: 8202 dataOffset: 2
09-15 13:35:34.149 12567 12953 D OPENHU  : [77] Companion.decrypt | RECV: AUDIO Media Data type: 0 flags: 11 size: 8202 dataOffset: 2
09-15 13:35:34.191 12567 12953 D OPENHU  : [77] Companion.decrypt | RECV: AUDIO Media Data type: 0 flags: 11 size: 8202 dataOffset: 2
09-15 13:35:34.235 12567 12953 D OPENHU  : [77] Companion.decrypt | RECV: AUDIO Media Data type: 0 flags: 11 size: 8202 dataOffset: 2
09-15 13:35:34.280 12567 12953 D OPENHU  : [77] Companion.decrypt | RECV: AUDIO Media Data type: 0 flags: 11 size: 8202 dataOffset: 2
09-15 13:35:34.289 12567 12953 D OPENHU  : [77] Companion.decrypt | RECV: CONTROL Ping Request type: 11 flags: 11 size: 12 dataOffset: 2
09-15 13:35:34.290 12567 12953 V OPENHU  : [77] AapTransport.send | CONTROL Ping Response type: 12 flags: 11 size: 14 dataOffset: 6
09-15 13:35:34.326 12567 12953 D OPENHU  : [77] Companion.decrypt | RECV: AUDIO Media Data type: 0 flags: 11 size: 8202 dataOffset: 2
09-15 13:35:34.365 12567 12953 D OPENHU  : [77] Companion.decrypt | RECV: AUDIO Media Data type: 0 flags: 11 size: 8202 dataOffset: 2
