09-15 13:32:18.089 11458 11458 D OPENHU  : [2] App.onCreate | native library dir /data/app/~~l9pOWRlo2TOMHkS80eeASw==/com.andrerinas.headunitrevived-I4oqNCib9_5fO0KVvxY96w==/lib/arm64
09-15 13:32:18.091 11458 11458 D OPENHU  : [2] App.onCreate |    libusb1.0.so
09-15 13:32:18.091 11458 11458 D OPENHU  : [2] App.onCreate |    libavutil.so
09-15 13:32:18.092 11458 11458 D OPENHU  : [2] App.onCreate |    libconscrypt_jni.so
09-15 13:32:18.092 11458 11458 D OPENHU  : [2] App.onCreate |    libswscale.so
09-15 13:32:18.093 11458 11458 D OPENHU  : [2] App.onCreate |    libusbhelper.so
09-15 13:32:18.094 11458 11458 D OPENHU  : [2] App.onCreate |    libavcodec.so
09-15 13:32:18.094 11458 11458 D OPENHU  : [2] App.onCreate |    libhur_soft_hevc.so
09-15 13:32:18.269 11458 11458 I OPENHU  : [2] MainActivity.logLaunchSource | App launched by third party: android-app://com.android.shell (action: null)
09-15 13:32:18.548 11458 11458 D OPENHU  : [2] UsbReceiver.<init> | UsbReceiver registered
09-15 13:32:18.555 11458 11458 I OPENHU  : [2] UsbDeviceDiagnostics.logDeviceList | UsbDiagnostics: USB list sees 0 USB device(s), 0 usable for Android Auto
09-15 13:32:18.556 11458 11458 I OPENHU  : [2] UsbDeviceDiagnostics.logDeviceList | UsbDiagnostics: nothing is on the bus. Either the port carries no data, the unit is not in USB host mode, or a wireless adapter is waiting for its phone before it presents itself.
09-15 13:32:18.785 11458 11458 D OPENHU  : [2] MainActivity.requestPermissions | All required permissions already granted.
09-15 13:32:18.795 11458 11458 I OPENHU  : [2] HomeFragment.onResume | HomeFragment: onResume. isConnected=false
09-15 13:32:18.831 11458 11458 D OPENHU  : [2] BluetoothHelper.driverCandidates | BluetoothHelper: driver candidate motorola edge 30 neo (A0:46:5A:97:E4:95) -> PHONE, vouched for by a stored MAC
09-15 13:32:18.850 11458 11458 D OPENHU  : [2] BluetoothHelper.driverCandidates | BluetoothHelper: driver candidate POCO X3 NFC (DC:B7:2E:5E:4E:59) -> PHONE, advertises the Audio Gateway record
09-15 13:32:18.852 11458 11458 I OPENHU  : [2] BluetoothHelper.driverCandidates | BluetoothHelper: driver candidates: 2 phone, 0 unknown, 0 not a phone
09-15 13:32:18.872 11458 11458 D OPENHU  : [2] BluetoothHelper.driverCandidates | BluetoothHelper: driver candidate motorola edge 30 neo (A0:46:5A:97:E4:95) -> PHONE, vouched for by a stored MAC
09-15 13:32:18.890 11458 11458 D OPENHU  : [2] BluetoothHelper.driverCandidates | BluetoothHelper: driver candidate POCO X3 NFC (DC:B7:2E:5E:4E:59) -> PHONE, advertises the Audio Gateway record
09-15 13:32:18.892 11458 11458 D OPENHU  : [2] BluetoothHelper.driverCandidates | BluetoothHelper: driver candidates: 2 phone, 0 unknown, 0 not a phone
09-15 13:32:19.100 11458 11458 D OPENHU  : [2] BluetoothHelper.driverCandidates | BluetoothHelper: driver candidate motorola edge 30 neo (A0:46:5A:97:E4:95) -> PHONE, vouched for by a stored MAC
09-15 13:32:19.116 11458 11458 D OPENHU  : [2] BluetoothHelper.driverCandidates | BluetoothHelper: driver candidate POCO X3 NFC (DC:B7:2E:5E:4E:59) -> PHONE, advertises the Audio Gateway record
09-15 13:32:19.117 11458 11458 D OPENHU  : [2] BluetoothHelper.driverCandidates | BluetoothHelper: driver candidates: 2 phone, 0 unknown, 0 not a phone
09-15 13:32:19.700 11458 11458 I OPENHU  : [2] AapService.onCreate | AapService creating...
09-15 13:32:19.734 11458 11458 I OPENHU  : [2] BluetoothHelper.logAddressSourceDump | BluetoothHelper: == Bluetooth address source dump ==
09-15 13:32:19.738 11458 11458 I OPENHU  : [2] BluetoothHelper.logAddressSourceDump | BluetoothHelper:   adapter.address                      = 02:00:00:00:00:00
09-15 13:32:19.739 11458 11458 I OPENHU  : [2] BluetoothHelper.logAddressSourceDump | BluetoothHelper:   getAddress() reflection              = 02:00:00:00:00:00
09-15 13:32:19.739 11458 11458 I OPENHU  : [2] BluetoothHelper.logAddressSourceDump | BluetoothHelper:   Settings.Secure bluetooth_address    = null
09-15 13:32:19.740 11458 11458 I OPENHU  : [2] BluetoothHelper.logAddressSourceDump | BluetoothHelper:   property persist.sys.bt.mac          = null
09-15 13:32:19.740 11458 11458 I OPENHU  : [2] BluetoothHelper.logAddressSourceDump | BluetoothHelper:   property persist.sys.btmac           = null
09-15 13:32:19.741 11458 11458 I OPENHU  : [2] BluetoothHelper.logAddressSourceDump | BluetoothHelper:   property persist.vendor.bt.mac       = null
09-15 13:32:19.742 11458 11458 I OPENHU  : [2] BluetoothHelper.logAddressSourceDump | BluetoothHelper:   property sys.bt.mac                  = null
09-15 13:32:19.742 11458 11458 I OPENHU  : [2] BluetoothHelper.logAddressSourceDump | BluetoothHelper:   property persist.sys.bluetooth.mac   = null
09-15 13:32:19.743 11458 11458 I OPENHU  : [2] BluetoothHelper.logAddressSourceDump | BluetoothHelper:   property ro.boot.btmacaddr           = null
09-15 13:32:19.743 11458 11458 I OPENHU  : [2] BluetoothHelper.logAddressSourceDump | BluetoothHelper:   property vendor.bt.bdaddr            = null
09-15 13:32:19.744 11458 11458 I OPENHU  : [2] BluetoothHelper.logAddressSourceDump | BluetoothHelper:   property persist.zj.BTmac            = null
09-15 13:32:19.745 11458 11458 I OPENHU  : [2] BluetoothHelper.logAddressSourceDump | BluetoothHelper:   property persist.zlink.carplay.mac   = null
09-15 13:32:19.745 11458 11458 I OPENHU  : [2] BluetoothHelper.logAddressSourceDump | BluetoothHelper:   property sys.bt.bdaddr               = null
09-15 13:32:19.746 11458 11458 I OPENHU  : [2] BluetoothHelper.logAddressSourceDump | BluetoothHelper: == end Bluetooth address source dump ==
09-15 13:32:19.746 11458 11458 W OPENHU  : [2] BluetoothHelper.logAddressSourceDump | BluetoothHelper: no source named this unit's Bluetooth address. Read it under Settings/About/Status, or off the paired phone under the gear beside this device, and enter it under Wireless connection. Without it the phone is not told where to connect hands-free and no setup QR can be drawn.
09-15 13:32:19.768 11458 11458 D OPENHU  : [2] UsbReceiver.<init> | UsbReceiver registered
09-15 13:32:19.779 11458 11458 I OPENHU  : [2] AapService.registerReceivers | Registered runtime MEDIA_BUTTON receiver
09-15 13:32:19.782 11458 11458 I OPENHU  : [2] AapService.registerReceivers | Registered dynamic WiFi Auto-start receiver
09-15 13:32:19.785 11458 11458 I OPENHU  : [2] AapService.registerReceivers | Registered wake detection receiver (18 actions)
09-15 13:32:19.787 11458 11458 I OPENHU  : [2] AapService.registerReceivers | Registered Bluetooth auto-disconnect receiver
09-15 13:32:19.792 11458 11458 I OPENHU  : [2] CarBydReceiver.register | CarKeyReceiver: Listening for BYD panel keys on APP_REV_DATA (com.byd.multimediaservice not found)
09-15 13:32:19.792 11458 11458 D OPENHU  : [2] CarKeysManager.registerIdleReceivers | CarKeysManager: 2 idle CarKeyReceivers registered
09-15 13:32:19.828 11458 11458 D OPENHU  : [2] AapService.updateMediaSessionState | MediaSession: State updated to STOPPED, positionMs=0
09-15 13:32:19.838 11458 11458 I OPENHU  : [2] WifiLauncherManager.setActive | WifiLauncher: Initializing WiFi Mode: NATIVE
09-15 13:32:19.839 11458 11458 I OPENHU  : [2] MainActivity.renderStagePill | MainActivity: status pill step: ARMED
09-15 13:32:19.860 11458 11458 I OPENHU  : [2] WifiDirectManager.<init> | WifiDirectManager: Device supports WiFi Direct. Initializing...
09-15 13:32:19.866 11458 11458 D OPENHU  : [2] WifiDirectManager.registerReceiverIfNeeded | WifiDirectManager: BroadcastReceiver registered.
09-15 13:32:19.872 11458 11521 I OPENHU  : [52] 1.invokeSuspend | AapService: Mode requires WiFi Direct — ensuring hotspot is disabled first...
09-15 13:32:19.873 11458 11458 D OPENHU  : [2] WifiLauncherSharedServices.startWirelessServer | AapService: Starting the wireless server on 5288 - no server yet.
09-15 13:32:19.878 11458 11521 I OPENHU  : [52] HotspotManager.setHotspotEnabled | HotspotManager: Setting hotspot enabled=false (API 34, canWriteSettings=true)
09-15 13:32:19.880 11458 11458 I OPENHU  : [2] WirelessServer.start | WirelessServer: binding port 5288...
09-15 13:32:19.884 11458 11523 I OPENHU  : [54] 1.invokeSuspend | Wireless Server listening on port 5288
09-15 13:32:19.887 11458 11523 I OPENHU  : [54] WirelessServer.logLocalNetworkInterfaces | Interface: seth_lte0, IP: 172.23.212.177
09-15 13:32:19.888 11458 11523 I OPENHU  : [54] WirelessServer.logLocalNetworkInterfaces | Interface: p2p-wlan0-26, IP: 192.168.49.1
09-15 13:32:19.889 11458 11523 D OPENHU  : [54] 1.invokeSuspend | WirelessServer: Waiting for TCP connection on port 5288...
09-15 13:32:19.892 11458 11521 D OPENHU  : [52] SoftApStateReader.read | SoftApStateReader: getWifiApState reports 11 (13 = enabled).
09-15 13:32:19.910 11458 11458 I OPENHU  : [2] StationStandDown.standDown | StationStandDown: this unit is not joined to another WiFi network, so there is nothing to stand down before creating the group.
09-15 13:32:19.912 11458 11458 I OPENHU  : [2] WifiDirectManager.claimNativeCreateWindow | WifiDirectManager: a Native AA group create is claimed (bringing the Native AA group up); a refresh in the next 15s waits for it.
09-15 13:32:19.912 11458 11458 I OPENHU  : [2] WifiDirectManager.startNativeAaQuietHost | WifiDirectManager: startNativeAaQuietHost() requested. Removing old group if any...
09-15 13:32:19.913 11458 11458 I OPENHU  : [2] MainActivity.renderStagePill | MainActivity: status pill step: PREPARING_NETWORK
09-15 13:32:19.916 11458 11458 I OPENHU  : [2] WifiDirectManager.claimNativeCreateWindow | WifiDirectManager: a Native AA group create is claimed (recreating the group); a refresh in the next 15s waits for it.
09-15 13:32:19.916 11458 11458 I OPENHU  : [2] WifiDirectManager.invalidateNativeGroupCredentials | WifiDirectManager: the group is being removed (recreating the group), so its credentials are no longer handed out.
09-15 13:32:19.934 11458 11458 I OPENHU  : [2] NativeAaHandshakeManager.start | NativeAA: Starting Bluetooth Handshake Servers (primary radio [Navegadortz2])...
09-15 13:32:19.949 11458 11458 I OPENHU  : [2] NativeAaHandshakeManager.shouldRegisterDummyHfp | NativeAA: radio [Navegadortz2] already advertises Hands-Free, so the stand-in HFP record is not registered - the real stack answers calls, this app cannot.
09-15 13:32:19.952 11458 11522 I OPENHU  : [53] 1.invokeSuspend | NativeAA: ACTIVELY LISTENING on Android Auto UUID (4de17a00-52cb-11e6-bdf4-0800200c9a66) on radio [Navegadortz2]... Waiting for phone to connect back!
09-15 13:32:20.022 11458 11458 D OPENHU  : [2] BluetoothHelper.adapterForService | BluetoothHelper: adapterForService(android.hardware.bluetooth.audio.IBluetoothAudioProviderFactory/default) failed: android.bluetooth.BluetoothAdapter.<init> [interface android.bluetooth.IBluetoothManager]
09-15 13:32:20.024 11458 11458 I OPENHU  : [2] NativeAaHandshakeManager.triggerEarlyWake | NativeAA: waking the phone while the WiFi group is still forming.
09-15 13:32:20.029 11458 11542 D OPENHU  : [63] 2.invokeSuspend | NativeAA: wake poke starting (listeners ready after 0ms).
09-15 13:32:20.033 11458 11458 I OPENHU  : [2] AapService.registerNetworkMonitor | NetworkMonitor: Registered network change listener
09-15 13:32:20.060 11458 11542 I OPENHU  : [63] 2.invokeSuspend | NativeAA: WiFi credentials not ready before poke. Requesting WiFi refresh...
09-15 13:32:20.061 11458 11542 I OPENHU  : [63] WifiLauncherNative.triggerWifiDirectRefresh | AapService: WiFi Direct credential refresh requested.
09-15 13:32:20.110 11458 11521 I OPENHU  : [52] 1.invokeSuspend | WppTcpServer: listening for Android Auto on TCP 5299
09-15 13:32:20.120 11458 11458 I OPENHU  : [2] 1.onReceive | WifiDirectManager: WIFI_P2P_STATE_CHANGED_ACTION state=2
09-15 13:32:20.122 11458 11458 I OPENHU  : [2] 1.invoke | WifiDirectManager: requestDeviceInfo success: 02:00:00:00:00:00
09-15 13:32:20.124 11458 11458 I OPENHU  : [2] MainActivity.renderStagePill | MainActivity: status pill step: WAITING_FOR_PHONE
09-15 13:32:20.174 11458 11458 I OPENHU  : [2] AapService.onStartCommand | AapService: ACTION_NATIVE_AA_PROMPT_SHOWN received
09-15 13:32:20.182 11458 11458 I OPENHU  : [2] WifiDirectManager.refreshNativeCredentials$lambda$23 | WifiDirectManager: refresh: a group was asked for 264ms ago and has not answered yet, so nothing is remade underneath it.
09-15 13:32:20.184 11458 11458 I OPENHU  : [2] WifiDirectManager.refreshNativeCredentials$lambda$23 | WifiDirectManager: refresh: asking again in 15236ms, once that create's grace is up.
09-15 13:32:20.628 11458 11458 I OPENHU  : [2] WifiDirectManager.createQuietGroup | WifiDirectManager: Attempting createGroup for Native AA (Attempt 0)...
09-15 13:32:20.630 11458 11458 I OPENHU  : [2] WifiDirectManager.createQuietGroup | WifiDirectManager: this unit's WiFi radio reports a 5 GHz band.
09-15 13:32:20.631 11458 11458 I OPENHU  : [2] WifiDirectManager.createQuietGroup | WifiDirectManager: Band preference is automatic (5 GHz, then whatever this unit will host).
09-15 13:32:20.636 11458 11458 I OPENHU  : [2] WifiDirectManager.chooseNativeGroupIdentity | WifiDirectManager: group identity: asking for the kept network DIRECT-G3-Navegadortz2 again, so a phone that saved it can rejoin without being set up for a new one.
09-15 13:32:20.638 11458 11458 I OPENHU  : [2] WifiDirectManager.createQuietGroup | WifiDirectManager: Requesting Native AA P2P group on 5GHz band.
09-15 13:32:20.639 11458 11458 I OPENHU  : [2] WifiDirectManager.createQuietGroup | WifiDirectManager: 5 GHz channel is automatic, so the driver picks within the band.
09-15 13:32:20.678 11458 11458 I OPENHU  : [2] 1.onSuccess | WifiDirectManager: 5GHz createGroup SUCCESS!
09-15 13:32:20.691 11458 11458 D OPENHU  : [2] WifiDirectManager.onConnectionInfoAvailable | WifiDirectManager: onConnectionInfoAvailable: group not formed yet
09-15 13:32:20.694 11458 11458 W OPENHU  : [2] WifiDirectManager.onGroupInfoAvailable | WifiDirectManager: Group info was null! Retrying in 1s (Attempt 1/20)...
09-15 13:32:20.802 11458 11458 I OPENHU  : [2] 1.onReceive | WifiDirectManager: Connected. Requesting info...
09-15 13:32:20.819 11458 11458 D OPENHU  : [2] 2.invoke | WifiDirectManager: Pre-fetched localDeviceAddress on connect: 02:00:00:00:00:00
09-15 13:32:20.821 11458 11458 I OPENHU  : [2] WifiDirectManager.onConnectionInfoAvailable | WifiDirectManager: Group formed. Owner: true, GO IP: 192.168.49.1
09-15 13:32:20.837 11458 11458 I OPENHU  : [2] 1.invoke | WifiDirectManager: Updated localDeviceAddress via requestDeviceInfo: 02:00:00:00:00:00
09-15 13:32:20.857 11458 11458 I OPENHU  : [2] WifiDirectManager.onGroupInfoAvailable | WifiDirectManager: System Location Check: GPS=true, Network=true
09-15 13:32:20.859 11458 11458 I OPENHU  : [2] WifiDirectManager.logBssidSourceDump | WifiDirectManager: == BSSID source dump (iface=p2p-wlan0-27) ==
09-15 13:32:20.861 11458 11458 I OPENHU  : [2] WifiDirectManager.logBssidSourceDump$report | WifiDirectManager:   static override (Settings)       = 0
09-15 13:32:20.863 11458 11458 I OPENHU  : [2] WifiDirectManager.logBssidSourceDump$report | WifiDirectManager:   getGroupOwnerBssid()             = null
09-15 13:32:20.882 11458 11458 I OPENHU  : [2] WifiDirectManager.logBssidSourceDump$report | WifiDirectManager:   IPv6 link-local (p2p-wlan0-27)   = fe:c6:68:e3:ba:c0
09-15 13:32:20.887 11458 11458 I OPENHU  : [2] WifiDirectManager.logBssidSourceDump$report | WifiDirectManager:   IPv6 link-local (any p2p/ap)     = fe:c6:68:e3:ba:c0
09-15 13:32:20.888 11458 11458 D OPENHU  : [2] WifiDirectManager.getWifiDirectMac | WifiDirectManager: getWifiDirectMac for interface: p2p-wlan0-27
09-15 13:32:20.893 11458 11458 D OPENHU  : [2] WifiDirectManager.getWifiDirectMac | WifiDirectManager: Found interface: p2p-wlan0-27, MAC: null
09-15 13:32:20.896 11458 11458 D OPENHU  : [2] WifiDirectManager.getWifiDirectMac | WifiDirectManager: Found interface: dummy0, MAC: null
09-15 13:32:20.899 11458 11458 D OPENHU  : [2] WifiDirectManager.getWifiDirectMac | WifiDirectManager: Found interface: seth_lte0, MAC: null
09-15 13:32:20.901 11458 11458 D OPENHU  : [2] WifiDirectManager.getWifiDirectMac | WifiDirectManager: Found interface: lo, MAC: null
09-15 13:32:20.902 11458 11458 W OPENHU  : [2] WifiDirectManager.getWifiDirectMac | WifiDirectManager: No valid MAC found in NetworkInterface scan for p2p-wlan0-27
09-15 13:32:20.903 11458 11458 I OPENHU  : [2] WifiDirectManager.logBssidSourceDump$report | WifiDirectManager:   NetworkInterface.hardwareAddress = 00:00:00:00:00:00
09-15 13:32:20.903 11458 11458 I OPENHU  : [2] WifiDirectManager.logBssidSourceDump$report | WifiDirectManager:   lastKnownBssid (null)            = null
09-15 13:32:20.904 11458 11458 I OPENHU  : [2] WifiDirectManager.logBssidSourceDump$report | WifiDirectManager:   requestDeviceInfo                = 02:00:00:00:00:00
09-15 13:32:20.905 11458 11458 I OPENHU  : [2] WifiDirectManager.logBssidSourceDump$report | WifiDirectManager:   group.owner.deviceAddress        = 02:00:00:00:00:00
09-15 13:32:20.909 11458 11458 I OPENHU  : [2] WifiDirectManager.getMacFromShell | WifiDirectManager: MAC retrieved via sysfs (p2p-wlan0-27): fe:c6:68:e3:ba:c0
09-15 13:32:20.910 11458 11458 I OPENHU  : [2] WifiDirectManager.logBssidSourceDump$report | WifiDirectManager:   sysfs / ip link                  = fe:c6:68:e3:ba:c0
09-15 13:32:20.914 11458 11458 I OPENHU  : [2] WifiDirectManager.logBssidSourceDump$report | WifiDirectManager:   Settings.Secure p2p address      = null
09-15 13:32:20.915 11458 11458 I OPENHU  : [2] WifiDirectManager.logBssidSourceDump$report | WifiDirectManager:   reflection over WifiP2pGroup     = null
09-15 13:32:20.916 11458 11458 I OPENHU  : [2] WifiDirectManager.logBssidSourceDump | WifiDirectManager: == end BSSID source dump ==
09-15 13:32:20.922 11458 11458 I OPENHU  : [2] WifiDirectManager.onGroupInfoAvailable | WifiDirectManager: BSSID read from the IPv6 link-local address of p2p-wlan0-27 (EUI-64): FE:C6:68:E3:BA:C0
09-15 13:32:20.923 11458 11458 I OPENHU  : [2] WifiDirectManager.onGroupInfoAvailable | WifiDirectManager: Initial BSSID from IPv6 link-local: FE:C6:68:E3:BA:C0
09-15 13:32:20.925 11458 11458 I OPENHU  : [2] WifiDirectManager.onGroupInfoAvailable | WifiDirectManager: onGroupInfoAvailable: SSID: DIRECT-G3-Navegadortz2, BSSID: FE:C6:68:E3:BA:C0 (source=IPv6 link-local), GO: true, IFACE: p2p-wlan0-27, Freq: 5765 MHz (5GHz)
09-15 13:32:20.928 11458 11458 I OPENHU  : [2] WifiDirectManager.onGroupInfoAvailable | WifiDirectManager: group identity ssid=DIRECT-G3-Navegadortz2 persistent=yes (netId 9) asked=persistent matchesRequest=yes bssid=FE:C6:68:E3:BA:C0 stable=no (same name but the BSSID moved from 52:0C:9F:F1:79:E8 to FE:C6:68:E3:BA:C0; this unit re-addresses the group on every create) source=IPv6 link-local
09-15 13:32:20.934 11458 11458 I OPENHU  : [2] WifiDirectManager.logStationCoexistence | WifiDirectManager: This unit is not connected to any other WiFi network while hosting the WiFi Direct group on 5765 MHz. The radio serves the group alone.
09-15 13:32:20.936 11458 11458 I OPENHU  : [2] WifiDirectManager.notifyNativeGroupStarted | WifiDirectManager: Native AA WiFi Direct: 5GHz (5765 MHz), 5GHz requested, SSID=DIRECT-G3-Navegadortz2
09-15 13:32:20.939 11458 11458 I OPENHU  : [2] MainActivity.renderNetworkLine | MainActivity: status pill network: WiFi Direct on 5 GHz (5765 MHz)
09-15 13:32:20.948 11458 11557 I OPENHU  : [68] WifiDirectManager.onGroupInfoAvailable$lambda$11 | WifiDirectManager: SUCCESS - Providing credentials to listener. SSID=DIRECT-G3-Navegadortz2, IP=192.168.49.1, BSSID=FE:C6:68:E3:BA:C0, identity stable=no
09-15 13:32:20.950 11458 11557 I OPENHU  : [68] WifiLauncherNative.onNativeCredentials | AapService: Received WiFi credentials from manager (SSID=DIRECT-G3-Navegadortz2, IP=192.168.49.1). Updating and Triggering Poke.
09-15 13:32:20.951 11458 11557 I OPENHU  : [68] NativeAaHandshakeManager.updateWifiCredentials | NativeAA: Credentials updated. SSID=DIRECT-G3-Navegadortz2, IP=192.168.49.1, BSSID=FE:C6:68:E3:BA:C0, identity stable=no
09-15 13:32:20.953 11458 11557 D OPENHU  : [68] NativeAaHandshakeManager.triggerPoke | NativeAA: a wake poke is already running for these credentials - not restarting it.
09-15 13:32:20.954 11458 11458 I OPENHU  : [2] MainActivity.renderStagePill | MainActivity: status pill step: WAKING_PHONE
09-15 13:32:21.080 11458 11542 I OPENHU  : [63] 2.invokeSuspend | NativeAA: Attempting active poke to device: motorola edge 30 neo (A0:46:5A:97:E4:95)...
09-15 13:32:21.102 11458 11542 I OPENHU  : [63] NativeAaHandshakeManager.pokeDevice | NativeAA: Calling socket.connect() for motorola edge 30 neo via HFP-AG (0000111f-0000-1000-8000-00805f9b34fb)...
09-15 13:32:21.702 11458 11458 I OPENHU  : [2] WifiDirectManager.onGroupInfoAvailable | WifiDirectManager: System Location Check: GPS=true, Network=true
09-15 13:32:21.714 11458 11458 I OPENHU  : [2] WifiDirectManager.onGroupInfoAvailable | WifiDirectManager: BSSID read from the IPv6 link-local address of p2p-wlan0-27 (EUI-64): FE:C6:68:E3:BA:C0
09-15 13:32:21.715 11458 11458 I OPENHU  : [2] WifiDirectManager.onGroupInfoAvailable | WifiDirectManager: Initial BSSID from IPv6 link-local: FE:C6:68:E3:BA:C0
09-15 13:32:21.717 11458 11458 I OPENHU  : [2] WifiDirectManager.onGroupInfoAvailable | WifiDirectManager: onGroupInfoAvailable: SSID: DIRECT-G3-Navegadortz2, BSSID: FE:C6:68:E3:BA:C0 (source=IPv6 link-local), GO: true, IFACE: p2p-wlan0-27, Freq: 5765 MHz (5GHz)
09-15 13:32:21.722 11458 11562 I OPENHU  : [69] WifiDirectManager.onGroupInfoAvailable$lambda$11 | WifiDirectManager: SUCCESS - Providing credentials to listener. SSID=DIRECT-G3-Navegadortz2, IP=192.168.49.1, BSSID=FE:C6:68:E3:BA:C0, identity stable=no
09-15 13:32:21.723 11458 11562 I OPENHU  : [69] WifiLauncherNative.onNativeCredentials | AapService: Received WiFi credentials from manager (SSID=DIRECT-G3-Navegadortz2, IP=192.168.49.1). Updating and Triggering Poke.
09-15 13:32:21.724 11458 11562 I OPENHU  : [69] NativeAaHandshakeManager.updateWifiCredentials | NativeAA: Credentials updated. SSID=DIRECT-G3-Navegadortz2, IP=192.168.49.1, BSSID=FE:C6:68:E3:BA:C0, identity stable=no
09-15 13:32:21.726 11458 11562 D OPENHU  : [69] NativeAaHandshakeManager.triggerPoke | NativeAA: a wake poke is already running for these credentials - not restarting it.
09-15 13:32:24.508 11458 11542 I OPENHU  : [63] NativeAaHandshakeManager.pokeDevice | NativeAA: Successfully poked motorola edge 30 neo via HFP-AG. Holding 15000ms...
09-15 13:32:24.935 11458 11522 I OPENHU  : [53] 1.invokeSuspend | NativeAA: Connection accepted from motorola edge 30 neo (A0:46:5A:97:E4:95) on local radio [Navegadortz2]
09-15 13:32:24.936 11458 11522 I OPENHU  : [53] NativeAaHandshakeManager.refuseAtGate | NativeAA: Selection prompt active (target=null) — refusing connection from A0:46:5A:97:E4:95
09-15 13:32:30.123 11458 11458 I OPENHU  : [2] HomeFragment.connectToNativeDevice | HomeFragment: Connecting to Native-AA device: motorola edge 30 neo (A0:46:5A:97:E4:95), btConnected=false
09-15 13:32:30.125 11458 11458 I OPENHU  : [2] MainActivity.beginAutoConnect | Auto-connect: begin (Native-AA driver: motorola edge 30 neo, mode=PILL_THEN_OVERLAY)
09-15 13:32:30.141 11458 11458 I OPENHU  : [2] MainActivity.startAutoConnectWatchdog | Auto-connect: this attempt gives up in 149s (mode=PILL_THEN_OVERLAY)
09-15 13:32:30.166 11458 11458 I OPENHU  : [2] AapService.onStartCommand | AapService: Received manual Native-AA poke request for A0:46:5A:97:E4:95
09-15 13:32:30.167 11458 11458 D OPENHU  : [2] AapService.onStartCommand | AapService: Already in Native AA mode, skipping re-init.
09-15 13:32:30.168 11458 11458 I OPENHU  : [2] NativeAaHandshakeManager.selectDriver | NativeAA: Driver selected: A0:46:5A:97:E4:95
09-15 13:32:30.174 11458 11458 I OPENHU  : [2] NativeAaHandshakeManager.manualPoke | NativeAA: Manual poke requested for motorola edge 30 neo (A0:46:5A:97:E4:95)
09-15 13:32:30.186 11458 11541 I OPENHU  : [62] 2.invokeSuspend | NativeAA: Attempting manual poke to motorola edge 30 neo...
09-15 13:32:30.196 11458 11541 I OPENHU  : [62] NativeAaHandshakeManager.pokeDevice | NativeAA: Calling socket.connect() for motorola edge 30 neo via HFP-AG (0000111f-0000-1000-8000-00805f9b34fb)...
09-15 13:32:30.768 11458 11541 I OPENHU  : [62] NativeAaHandshakeManager.pokeDevice | NativeAA: Successfully poked motorola edge 30 neo via HFP-AG. Holding 20000ms...
09-15 13:32:31.252 11458 11522 I OPENHU  : [53] 1.invokeSuspend | NativeAA: Connection accepted from motorola edge 30 neo (A0:46:5A:97:E4:95) on local radio [Navegadortz2]
09-15 13:32:31.257 11458 11458 I OPENHU  : [2] MainActivity.renderStagePill | MainActivity: status pill step: PHONE_ANSWERED
09-15 13:32:31.279 11458 11541 I OPENHU  : [62] 2.invokeSuspend | NativeAA: Handling handshake for motorola edge 30 neo (A0:46:5A:97:E4:95) on local radio [Navegadortz2]
09-15 13:32:31.596 11458 11767 D OPENHU  : [73] 2.invokeSuspend$feed | NativeAA: Handshake stage NEW -> AWAIT_CREDENTIALS
09-15 13:32:31.597 11458 11767 I OPENHU  : [73] 2.invokeSuspend | NativeAA: Phone connected. Current credentials state: SSID=DIRECT-G3-Navegadortz2, IP=192.168.49.1
09-15 13:32:31.597 11458 11767 I OPENHU  : [73] 2.invokeSuspend | NativeAA: Waiting for WiFi credentials to be ready (Max 60s)...
09-15 13:32:31.599 11458 11767 I OPENHU  : [73] 2.invokeSuspend | NativeAA: this unit read its own WiFi address, so the missing-BSSID record is retired.
09-15 13:32:31.600 11458 11767 I OPENHU  : [73] 2.invokeSuspend | NativeAA: Starting Handshake Exchange:
09-15 13:32:31.601 11458 11767 I OPENHU  : [73] 2.invokeSuspend |   > Target SSID: DIRECT-G3-Navegadortz2
09-15 13:32:31.601 11458 11767 I OPENHU  : [73] 2.invokeSuspend |   > Target IP:   192.168.49.1:5288
09-15 13:32:31.602 11458 11767 I OPENHU  : [73] 2.invokeSuspend |   > BSSID:       FE:C6:68:E3:BA:C0
09-15 13:32:31.603 11458 11767 I OPENHU  : [73] 2.invokeSuspend$runAction | NativeAA: [TX] Sending WifiStartRequest (Type 1)
09-15 13:32:31.630 11458 11767 I OPENHU  : [73] NativeAaHandshakeManager.sendProtobuf | NativeAA: [TX] Wrote TYPE 1 (size 19) to Bluetooth (write() returned; delivery unconfirmed)
09-15 13:32:31.631 11458 11767 D OPENHU  : [73] 2.invokeSuspend$feed | NativeAA: Handshake stage AWAIT_CREDENTIALS -> AWAIT_INFO_REQUEST
09-15 13:32:31.686 11458 11767 I OPENHU  : [73] 2.invokeSuspend$tick | NativeAA: [RX] Received Type 2 (Payload size: 0)
09-15 13:32:31.687 11458 11767 I OPENHU  : [73] 2.invokeSuspend$runAction | NativeAA: Phone ready for WiFi association. Delivering credentials...
09-15 13:32:31.688 11458 11767 I OPENHU  : [73] 2.invokeSuspend$runAction | NativeAA: [TX] Sending WifiInfoResponse (Type 3) with full credentials in 1000ms...
09-15 13:32:31.690 11458 11458 I OPENHU  : [2] MainActivity.renderStagePill | MainActivity: status pill step: SENDING_CREDENTIALS
09-15 13:32:32.691 11458 11767 D OPENHU  : [73] 2.invokeSuspend$runAction | NativeAA: the live credentials still match the ones this handshake captured.
09-15 13:32:32.695 11458 11767 I OPENHU  : [73] NativeAaHandshakeManager.sendProtobuf | NativeAA: [TX] Wrote TYPE 3 (size 61) to Bluetooth (write() returned; delivery unconfirmed)
09-15 13:32:32.696 11458 11767 I OPENHU  : [73] 2.invokeSuspend$runAction | NativeAA: Handshake completed successfully on Bluetooth side.
09-15 13:32:32.698 11458 11767 D OPENHU  : [73] 2.invokeSuspend$feed | NativeAA: Handshake stage AWAIT_INFO_REQUEST -> SETTLING
09-15 13:32:32.699 11458 11767 I OPENHU  : [73] 2.invokeSuspend$tick | NativeAA: [RX] Received Type 7 (Payload size: 2)
09-15 13:32:32.704 11458 11767 I OPENHU  : [73] NativeAaHandshakeManager.logReceivedDetail | NativeAA: [RX] WifiStartResponse ip= status=SUCCESS(0)
09-15 13:32:32.705 11458 11458 I OPENHU  : [2] MainActivity.renderStagePill | MainActivity: status pill step: PHONE_JOINING
09-15 13:32:35.207 11458 11458 I OPENHU  : [2] 1.onReceive | WifiDirectManager: Connected. Requesting info...
09-15 13:32:35.213 11458 11458 D OPENHU  : [2] 2.invoke | WifiDirectManager: Pre-fetched localDeviceAddress on connect: 02:00:00:00:00:00
09-15 13:32:35.215 11458 11458 I OPENHU  : [2] WifiDirectManager.onConnectionInfoAvailable | WifiDirectManager: Group formed. Owner: true, GO IP: 192.168.49.1
09-15 13:32:35.220 11458 11458 I OPENHU  : [2] 1.invoke | WifiDirectManager: Updated localDeviceAddress via requestDeviceInfo: 02:00:00:00:00:00
09-15 13:32:35.227 11458 11458 I OPENHU  : [2] WifiDirectManager.onGroupInfoAvailable | WifiDirectManager: System Location Check: GPS=true, Network=true
09-15 13:32:35.238 11458 11458 I OPENHU  : [2] WifiDirectManager.onGroupInfoAvailable | WifiDirectManager: BSSID read from the IPv6 link-local address of p2p-wlan0-27 (EUI-64): FE:C6:68:E3:BA:C0
09-15 13:32:35.239 11458 11458 I OPENHU  : [2] WifiDirectManager.onGroupInfoAvailable | WifiDirectManager: Initial BSSID from IPv6 link-local: FE:C6:68:E3:BA:C0
09-15 13:32:35.241 11458 11458 I OPENHU  : [2] WifiDirectManager.onGroupInfoAvailable | WifiDirectManager: onGroupInfoAvailable: SSID: DIRECT-G3-Navegadortz2, BSSID: FE:C6:68:E3:BA:C0 (source=IPv6 link-local), GO: true, IFACE: p2p-wlan0-27, Freq: 5765 MHz (5GHz)
09-15 13:32:35.248 11458 11819 I OPENHU  : [75] WifiDirectManager.onGroupInfoAvailable$lambda$11 | WifiDirectManager: SUCCESS - Providing credentials to listener. SSID=DIRECT-G3-Navegadortz2, IP=192.168.49.1, BSSID=FE:C6:68:E3:BA:C0, identity stable=no
09-15 13:32:35.249 11458 11819 I OPENHU  : [75] WifiLauncherNative.onNativeCredentials | AapService: Received WiFi credentials from manager (SSID=DIRECT-G3-Navegadortz2, IP=192.168.49.1). Updating and Triggering Poke.
09-15 13:32:35.250 11458 11819 I OPENHU  : [75] NativeAaHandshakeManager.updateWifiCredentials | NativeAA: Credentials updated. SSID=DIRECT-G3-Navegadortz2, IP=192.168.49.1, BSSID=FE:C6:68:E3:BA:C0, identity stable=no
09-15 13:32:35.251 11458 11819 I OPENHU  : [75] NativeAaHandshakeManager.triggerPoke | NativeAA: Handoff still settling — not starting a poke that would compete with the phone's WiFi association.
09-15 13:32:35.411 11458 11767 I OPENHU  : [73] 2.invokeSuspend$tick | NativeAA: [RX] Received Type 6 (Payload size: 2)
09-15 13:32:35.417 11458 11767 I OPENHU  : [73] NativeAaHandshakeManager.logReceivedDetail | NativeAA: [RX] WifiConnectStatus status=SUCCESS(0) (SUCCESS = the phone got onto our network)
09-15 13:32:35.419 11458 11767 I OPENHU  : [73] 2.invokeSuspend$runAction | NativeAA: Phone reports it is still joining — extending the settling window.
09-15 13:32:35.425 11458 11458 I OPENHU  : [2] WifiDirectManager.refreshNativeCredentials$lambda$23 | WifiDirectManager: refresh: the group DIRECT-G3-Navegadortz2 is up, so its credentials are read again rather than the group remade.
09-15 13:32:35.429 11458 11458 I OPENHU  : [2] WifiDirectManager.onGroupInfoAvailable | WifiDirectManager: System Location Check: GPS=true, Network=true
09-15 13:32:35.437 11458 11458 I OPENHU  : [2] WifiDirectManager.onGroupInfoAvailable | WifiDirectManager: BSSID read from the IPv6 link-local address of p2p-wlan0-27 (EUI-64): FE:C6:68:E3:BA:C0
09-15 13:32:35.438 11458 11458 I OPENHU  : [2] WifiDirectManager.onGroupInfoAvailable | WifiDirectManager: Initial BSSID from IPv6 link-local: FE:C6:68:E3:BA:C0
09-15 13:32:35.440 11458 11458 I OPENHU  : [2] WifiDirectManager.onGroupInfoAvailable | WifiDirectManager: onGroupInfoAvailable: SSID: DIRECT-G3-Navegadortz2, BSSID: FE:C6:68:E3:BA:C0 (source=IPv6 link-local), GO: true, IFACE: p2p-wlan0-27, Freq: 5765 MHz (5GHz)
09-15 13:32:35.444 11458 11458 I OPENHU  : [2] WifiDirectManager.onConnectionInfoAvailable | WifiDirectManager: Group formed. Owner: true, GO IP: 192.168.49.1
09-15 13:32:35.450 11458 11458 I OPENHU  : [2] 1.invoke | WifiDirectManager: Updated localDeviceAddress via requestDeviceInfo: 02:00:00:00:00:00
09-15 13:32:35.450 11458 11828 I OPENHU  : [76] WifiDirectManager.onGroupInfoAvailable$lambda$11 | WifiDirectManager: SUCCESS - Providing credentials to listener. SSID=DIRECT-G3-Navegadortz2, IP=192.168.49.1, BSSID=FE:C6:68:E3:BA:C0, identity stable=no
09-15 13:32:35.451 11458 11828 I OPENHU  : [76] WifiLauncherNative.onNativeCredentials | AapService: Received WiFi credentials from manager (SSID=DIRECT-G3-Navegadortz2, IP=192.168.49.1). Updating and Triggering Poke.
09-15 13:32:35.452 11458 11828 I OPENHU  : [76] NativeAaHandshakeManager.updateWifiCredentials | NativeAA: Credentials updated. SSID=DIRECT-G3-Navegadortz2, IP=192.168.49.1, BSSID=FE:C6:68:E3:BA:C0, identity stable=no
09-15 13:32:35.453 11458 11828 I OPENHU  : [76] NativeAaHandshakeManager.triggerPoke | NativeAA: Handoff still settling — not starting a poke that would compete with the phone's WiFi association.
09-15 13:32:35.457 11458 11458 I OPENHU  : [2] WifiDirectManager.onGroupInfoAvailable | WifiDirectManager: System Location Check: GPS=true, Network=true
09-15 13:32:35.462 11458 11458 I OPENHU  : [2] WifiDirectManager.onGroupInfoAvailable | WifiDirectManager: BSSID read from the IPv6 link-local address of p2p-wlan0-27 (EUI-64): FE:C6:68:E3:BA:C0
09-15 13:32:35.463 11458 11458 I OPENHU  : [2] WifiDirectManager.onGroupInfoAvailable | WifiDirectManager: Initial BSSID from IPv6 link-local: FE:C6:68:E3:BA:C0
09-15 13:32:35.464 11458 11458 I OPENHU  : [2] WifiDirectManager.onGroupInfoAvailable | WifiDirectManager: onGroupInfoAvailable: SSID: DIRECT-G3-Navegadortz2, BSSID: FE:C6:68:E3:BA:C0 (source=IPv6 link-local), GO: true, IFACE: p2p-wlan0-27, Freq: 5765 MHz (5GHz)
09-15 13:32:35.472 11458 11830 I OPENHU  : [77] WifiDirectManager.onGroupInfoAvailable$lambda$11 | WifiDirectManager: SUCCESS - Providing credentials to listener. SSID=DIRECT-G3-Navegadortz2, IP=192.168.49.1, BSSID=FE:C6:68:E3:BA:C0, identity stable=no
09-15 13:32:35.472 11458 11830 I OPENHU  : [77] WifiLauncherNative.onNativeCredentials | AapService: Received WiFi credentials from manager (SSID=DIRECT-G3-Navegadortz2, IP=192.168.49.1). Updating and Triggering Poke.
09-15 13:32:35.473 11458 11830 I OPENHU  : [77] NativeAaHandshakeManager.updateWifiCredentials | NativeAA: Credentials updated. SSID=DIRECT-G3-Navegadortz2, IP=192.168.49.1, BSSID=FE:C6:68:E3:BA:C0, identity stable=no
09-15 13:32:35.473 11458 11830 I OPENHU  : [77] NativeAaHandshakeManager.triggerPoke | NativeAA: Handoff still settling — not starting a poke that would compete with the phone's WiFi association.
09-15 13:32:35.801 11458 11523 I OPENHU  : [54] 1.invokeSuspend | WirelessServer: Incoming connection detected from /192.168.49.81
09-15 13:32:35.805 11458 11523 D OPENHU  : [54] 1.invokeSuspend | WirelessServer: Waiting for TCP connection on port 5288...
09-15 13:32:35.806 11458 11458 I OPENHU  : [2] 2.invokeSuspend | WirelessServer: Accepted client connection from /192.168.49.81. Passing to CommManager...
09-15 13:32:35.816 11458 11458 I OPENHU  : [2] MainActivity.renderStagePill | MainActivity: status pill step: CONNECTING
09-15 13:32:35.820 11458 11458 I OPENHU  : [2] 1.emit | Auto-connect: a phone is answering, taking the full screen.
09-15 13:32:35.821 11458 11767 I OPENHU  : [73] SocketProjectionConnection.applyLowLatencySocketOptions | Socket low-latency options: tcpNoDelay=true, recvBuf=524288, sendBuf=524288
09-15 13:32:35.825 11458 11458 I OPENHU  : [2] AapService.emitSessionState | AapService: session state connected
09-15 13:32:35.835 11458 11458 I OPENHU  : [2] WifiDirectManager.noteSessionHosted | WifiDirectManager: this group has carried a session, so the join watchdog will not recreate it if the phone leaves.
09-15 13:32:35.838 11458 11458 I OPENHU  : [2] AapService.acquireWifiLock | WifiLock acquired (HIGH_PERF)
09-15 13:32:35.844 11458 11458 D OPENHU  : [2] AapService.updateMediaSessionState | MediaSession: State updated to PLAYING, positionMs=0
09-15 13:32:35.847 11458 11458 D OPENHU  : [2] AapService.requestPermanentAudioFocus | Static Audio Focus disabled - skipping permanent audio focus request; focus will be acquired on demand.
09-15 13:32:35.848 11458 11458 I OPENHU  : [2] AapService.onConnected | AapService: Starting GpsLocationService and NightModeManager since connection is established
09-15 13:32:35.858 11458 11458 I OPENHU  : [2] 1.invoke | NightMode update: false
09-15 13:32:35.900 11458 11458 I OPENHU  : [2] GpsLocation.start | Request location updates
09-15 13:32:35.914 11458 11458 I OPENHU  : [2] GpsLocation.start | Last known location:  Location[gps 6****** , -76******  hAcc=8.996306 et=+5h11m55s722ms alt=1519.623 vAcc=6.4725604 vel=0.0 sAcc=0.04001215 bear=345.752 bAcc=28.967678 {Bundle[{satellites=4, maxCn0=29, meanCn0=20}]}]
09-15 13:32:35.923 11458 11458 I OPENHU  : [2] MainActivity.renderStagePill | MainActivity: status pill step: SECURING (not shown, the overlay owns the screen)
09-15 13:32:35.952 11458 11541 I OPENHU  : [62] AudioStreamCatalog.discover | AudioStreamCatalog: 12 streams available (reported count 12): 0=VOICE_CALL, 1=SYSTEM, 2=RING, 3=MUSIC, 4=ALARM, 5=NOTIFICATION, 6=BLUETOOTH_SCO, 7=SYSTEM_ENFORCED, 8=DTMF, 9=TTS, 10=ACCESSIBILITY, 11=ASSISTANT
09-15 13:32:35.957 11458 11541 I OPENHU  : [62] AapTransport.startHandshake$com_andrerinas_headunitrevived_3_4_0_beta3_githubDebug | Start Aap transport handshake for com.andrerinas.openheadunit.connection.projection.SocketProjectionConnection@b5a3ff1
09-15 13:32:35.962 11458 11541 D OPENHU  : [62] AapTransport.handshake | Handshake: Starting version request. TS: 18717695
09-15 13:32:35.964 11458 11541 D OPENHU  : [62] AapTransport.handshake | Handshake: Version request sent. ret: 10. attempt: 1. TS: 18717697
09-15 13:32:35.965 11458 11541 D OPENHU  : [62] AapTransport.handshake | Handshake: Waiting for version response. TS: 18717698
09-15 13:32:35.969 11458 11767 I OPENHU  : [73] 2.invokeSuspend$runAction | NativeAA: WiFi session landed. Handshake session ending, releasing Bluetooth connection.
09-15 13:32:35.971 11458 11767 D OPENHU  : [73] 2.invokeSuspend$feed | NativeAA: Handshake stage SETTLING -> DONE
09-15 13:32:35.972 11458 11522 I OPENHU  : [53] 1.invokeSuspend | NativeAA: AA Server socket closed after successful handoff.
09-15 13:32:35.974 11458 11767 I OPENHU  : [73] 2.invokeSuspend | NativeAA: BT Handshake link closed.
09-15 13:32:35.978 11458 11542 D OPENHU  : [63] 1.invokeSuspend | NativeAA: Bluetooth reader ended: bt socket closed, read return: -1
09-15 13:32:35.979 11458 11541 I OPENHU  : [62] AapTransport.handshake | Handshake: Version response received (ret=12, attempt=1).
09-15 13:32:35.980 11458 11541 I OPENHU  : [62] AapTransport.handshake | Handshake: Version response recv ret: 12
09-15 13:32:35.980 11458 11541 D OPENHU  : [62] AapTransport.handshake | Handshake: Starting SSL handshake via performHandshake(). TS: 18717714
09-15 13:32:35.993 11458 11458 I OPENHU  : [2] GpsLocation.onLocationChanged | GpsLocation: first fix after 0s
09-15 13:32:35.994 11458 11458 V OPENHU  : [2] GpsLocation.onLocationChanged | GpsLocation: fix received
09-15 13:32:36.086 11458 11541 I OPENHU  : [62] AapSslContext.performHandshake | SSL handshake complete. Session id: 3HJUfAM1Fyri6JwROW7lduups18E0BdFcDxTJOw/G1U=
09-15 13:32:36.087 11458 11541 D OPENHU  : [62] AapTransport.handshake | Handshake: SSL buffers reset after handshake.
09-15 13:32:36.087 11458 11541 D OPENHU  : [62] AapTransport.handshake | Handshake: SSL handshake complete. TS: 18717821
09-15 13:32:36.088 11458 11541 D OPENHU  : [62] AapTransport.handshake | Handshake: Status OK sent. ret: 8. TS: 18717822
09-15 13:32:36.089 11458 11541 I OPENHU  : [62] AapTransport.handshake | Handshake: Status OK sent: 8
09-15 13:32:36.090 11458 11541 D OPENHU  : [62] AapTransport.handshake | Handshake: Handshake successful. TS: 18717823
09-15 13:32:36.094 11458 11458 I OPENHU  : [2] MainActivity.renderStagePill | MainActivity: status pill step: STARTING_PROJECTION (not shown, the overlay owns the screen)
09-15 13:32:36.095 11458 11458 I OPENHU  : [2] 1.emit | Auto-connect overlay: handshake complete, handing off to projection
09-15 13:32:36.197 11458 11458 I OPENHU  : [2] AapService.launchViaOverlayTrampoline | Overlay trampoline: startActivity succeeded
09-15 13:32:36.400 11458 11458 I OPENHU  : [2] AapProjectionActivity.onCreate | HeadUnit for Android Auto (tm) - Copyright 2011-2015 Michael A. Reid., since 2025 André Rinas All Rights Reserved...
09-15 13:32:36.402 11458 11458 I OPENHU  : [2] AapProjectionActivity.setupProjectionView | Projection backend: viewMode=TEXTURE override=false SoC=uis7861_6h10 board=uis7861_6h10 mfr=UNISOC model=MT50_YT610E4GFPSL_U API=34
09-15 13:32:36.403 11458 11458 I OPENHU  : [2] AapProjectionActivity.setupProjectionView | Using TextureView
09-15 13:32:36.405 11458 11458 I OPENHU  : [2] HeadUnitScreenConfig.init | [UI_DEBUG] HeadUnitScreenConfig: Raw size: 1304x720, usable: 1440x720, orientation setting: SYSTEM, configOrientation: 2
09-15 13:32:36.406 11458 11458 I OPENHU  : [2] HeadUnitScreenConfig.init | [UI_DEBUG] HeadUnitScreenConfig: Final normalized size: 1304x720, usable: 1440x720
09-15 13:32:36.409 11458 11458 I OPENHU  : [2] HeadUnitScreenConfig.init | [UI_DEBUG] HeadUnitScreenConfig: Honest Init | Mode: IMMERSIVE | Anchor: 1440x720 (from WINDOW) | Seeded Insets: L0 T0 R0 B0
09-15 13:32:36.576 11458 11458 I OPENHU  : [2] HeadUnitScreenConfig.recalculate | [RES_CAP] resolutionId=0 realScreen=1440x720 usable=1440x720 portrait=false locked=false chosen=_1280x720 capped=_1280x720 changed=false linkCapped=none
09-15 13:32:36.577 11458 11458 I OPENHU  : [2] HeadUnitScreenConfig.recalculate | [UI_DEBUG] CarScreen: usable area 1440x720, using _1280x720
09-15 13:32:36.580 11458 11458 I OPENHU  : [2] HeadUnitScreenConfig.recalculate | [UI_DEBUG] CarScreen isSmallScreen: true, scaleFactor: 1.0, portraitScaled: false, shape=PAR, margins: w=0, h=0
09-15 13:32:36.593 11458 11458 I OPENHU  : [2] HeadUnitScreenConfig.lockResolution | [UI_DEBUG] HeadUnitScreenConfig: Locking resolution at _1280x720
09-15 13:32:36.597 11458 11458 I OPENHU  : [2] AapProjectionActivity.onNewIntent | AapProjectionActivity: onNewIntent received
09-15 13:32:36.599 11458 11458 I OPENHU  : [2] AapProjectionActivity.onResume | AapProjectionActivity: onResume
09-15 13:32:36.685 11458 11458 I OPENHU  : [2] TextureProjectionView.onSurfaceTextureAvailable | TextureProjectionView: Surface available: 1440x720
09-15 13:32:36.686 11458 11458 I OPENHU  : [2] AapProjectionActivity.onSurfaceCreated | [UI_DEBUG] [AapProjectionActivity] onSurfaceCreated
09-15 13:32:36.687 11458 11458 I OPENHU  : [2] AapProjectionActivity.onSurfaceChanged | [UI_DEBUG] [AapProjectionActivity] onSurfaceChanged. Actual surface dimensions: width=1440, height=720
09-15 13:32:36.688 11458 11458 I OPENHU  : [2] VideoDecoder.setSurface | New surface set: Surface(name=android.graphics.SurfaceTexture@e231e5c)/@0xf5c2565
09-15 13:32:36.689 11458 11458 I OPENHU  : [2] VideoDecoder.stop | Decoder stopped: New surface
09-15 13:32:36.693 11458 11541 I OPENHU  : [62] AapTransport.startReading$com_andrerinas_headunitrevived_3_4_0_beta3_githubDebug | Start Aap transport read loop
09-15 13:32:36.713 11458 11842 I OPENHU  : [80] Base.auditFragment | AapRead: largest message body so far: 874 bytes (on CONTROL)
09-15 13:32:36.716 11458 11458 I OPENHU  : [2] 1.onReceive | Received request to resend night mode state
09-15 13:32:36.716 11458 11842 D OPENHU  : [80] Companion.decrypt | RECV: CONTROL Service Discovery Request type: 5 flags: 11 size: 845 dataOffset: 2
09-15 13:32:36.718 11458 11458 I OPENHU  : [2] 1.invoke | NightMode update: false
09-15 13:32:36.720 11458 11458 I OPENHU  : [2] AapTransport.noteDroppedSensorEvent | AapTransport: dropping sensor events, isAlive=true startedSensors=[] droppedByType={10=1}
09-15 13:32:36.724 11458 11842 I OPENHU  : [80] AapControlService.serviceDiscoveryRequest | Service Discovery Request: Android
09-15 13:32:36.734 11458 11842 I OPENHU  : [80] HeadUnitScreenConfig.init | [UI_DEBUG] HeadUnitScreenConfig: Raw size: 1304x720, usable: 1440x720, orientation setting: SYSTEM, configOrientation: 2
09-15 13:32:36.735 11458 11842 I OPENHU  : [80] HeadUnitScreenConfig.init | [UI_DEBUG] HeadUnitScreenConfig: Final normalized size: 1304x720, usable: 1440x720
09-15 13:32:36.744 11458 11842 I OPENHU  : [80] Companion.makeProto | [ServiceDiscovery] Announcing NIGHT sensor support. Strategy: AUTO
09-15 13:32:36.751 11458 11458 I OPENHU  : [2] AapService.emitSessionState | AapService: session state projecting
09-15 13:32:36.752 11458 11842 I OPENHU  : [80] Companion.makeProto | [ServiceDiscovery] NegotiatedResolution is: 1280x720
09-15 13:32:36.754 11458 11458 D OPENHU  : [2] AapService.maybeAutoResumePlaybackOnReconnect | AapService: Skipping auto-resume playback (wasPlaying=false, elapsed=18718487ms)
09-15 13:32:36.756 11458 11842 I OPENHU  : [80] Companion.logNegotiatedCodecCapability | [ServiceDiscovery] Negotiating a profile this device claims to carry: codec=c2.unisoc.avc.decoder mime=video/avc target=1280x720@60 sizeSupported=true rateSupported=true sustains=true widths=[64, 1920] heights=[64, 3840] featureLowLatency=false featureAdaptivePlayback=true
09-15 13:32:36.758 11458 11842 I OPENHU  : [80] Companion.makeProto | [ServiceDiscovery] Margins are: 0x0
09-15 13:32:36.759 11458 11842 I OPENHU  : [80] Companion.makeProto | [ServiceDiscovery] PixelAspectRatioE4 is: 11250 (10000 = square)
09-15 13:32:36.763 11458 11458 I OPENHU  : [2] 1.onReceive | Received request to resend night mode state
09-15 13:32:36.765 11458 11458 I OPENHU  : [2] 1.invoke | NightMode update: false
09-15 13:32:36.773 11458 11842 I OPENHU  : [80] Companion.makeProto | BT MAC Address is empty, so no Bluetooth service is announced. The phone is not told where to connect hands-free, and Android Auto keeps phone calls on the phone until it is
09-15 13:32:36.785 11458 11842 V OPENHU  : [80] AapTransport.send | CONTROL Service Discovery Response type: 6 flags: 11 size: 477 dataOffset: 6
09-15 13:32:36.894 11458 11842 D OPENHU  : [80] Companion.decrypt | RECV: CONTROL Audio Focus Request type: 18 flags: 11 size: 4 dataOffset: 2
09-15 13:32:36.897 11458 11842 I OPENHU  : [80] AapControlService.audioFocusRequest | Audio Focus Request: RELEASE
09-15 13:32:36.899 11458 11842 I OPENHU  : [80] AapControlService.audioFocusRequest | Sending immediate AudioFocusNotification: STATE_LOSS (always-grant)
09-15 13:32:36.899 11458 11842 V OPENHU  : [80] AapTransport.send | CONTROL Audio Focus Notification type: 19 flags: 11 size: 8 dataOffset: 6
09-15 13:32:36.901 11458 11842 D OPENHU  : [80] AapService.updateMediaSessionState | MediaSession: State updated to STOPPED, positionMs=0
09-15 13:32:36.902 11458 11842 I OPENHU  : [80] AapAudio.requestFocusChange | Audio Focus Request: stream=3, type=4
09-15 13:32:36.903 11458 11842 I OPENHU  : [80] AapAudio.requestFocusChange | Releasing audio focus
09-15 13:32:36.905 11458 11842 D OPENHU  : [80] Companion.decrypt | RECV: SENSOR Channel Open Request type: 7 flags: 15 size: 6 dataOffset: 2
09-15 13:32:36.909 11458 11842 V OPENHU  : [80] AapTransport.send | SENSOR Channel Open Response type: 8 flags: 15 size: 8 dataOffset: 6
09-15 13:32:36.912 11458 11842 V OPENHU  : [80] AapTransport.send | SENSOR Sensor Event type: 32771 flags: 11 size: 10 dataOffset: 6
09-15 13:32:36.915 11458 11842 D OPENHU  : [80] Companion.decrypt | RECV: VIDEO Channel Open Request type: 7 flags: 15 size: 6 dataOffset: 2
09-15 13:32:36.916 11458 11842 V OPENHU  : [80] AapTransport.send | VIDEO Channel Open Response type: 8 flags: 15 size: 8 dataOffset: 6
09-15 13:32:36.919 11458 11842 D OPENHU  : [80] Companion.decrypt | RECV: INPUT Channel Open Request type: 7 flags: 15 size: 6 dataOffset: 2
09-15 13:32:36.920 11458 11842 V OPENHU  : [80] AapTransport.send | INPUT Channel Open Response type: 8 flags: 15 size: 8 dataOffset: 6
09-15 13:32:36.923 11458 11842 D OPENHU  : [80] Companion.decrypt | RECV: AUDIO2 Channel Open Request type: 7 flags: 15 size: 6 dataOffset: 2
09-15 13:32:36.924 11458 11842 V OPENHU  : [80] AapTransport.send | AUDIO2 Channel Open Response type: 8 flags: 15 size: 8 dataOffset: 6
09-15 13:32:36.927 11458 11842 D OPENHU  : [80] Companion.decrypt | RECV: AUDIO1 Channel Open Request type: 7 flags: 15 size: 6 dataOffset: 2
09-15 13:32:36.928 11458 11842 V OPENHU  : [80] AapTransport.send | AUDIO1 Channel Open Response type: 8 flags: 15 size: 8 dataOffset: 6
09-15 13:32:36.931 11458 11842 D OPENHU  : [80] Companion.decrypt | RECV: AUDIO Channel Open Request type: 7 flags: 15 size: 6 dataOffset: 2
09-15 13:32:36.932 11458 11842 V OPENHU  : [80] AapTransport.send | AUDIO Channel Open Response type: 8 flags: 15 size: 8 dataOffset: 6
09-15 13:32:36.935 11458 11842 D OPENHU  : [80] Companion.decrypt | RECV: MIC Channel Open Request type: 7 flags: 15 size: 6 dataOffset: 2
09-15 13:32:36.936 11458 11842 V OPENHU  : [80] AapTransport.send | MIC Channel Open Response type: 8 flags: 15 size: 8 dataOffset: 6
09-15 13:32:36.938 11458 11842 D OPENHU  : [80] Companion.decrypt | RECV: MUSIC_PLAYBACK Channel Open Request type: 7 flags: 15 size: 6 dataOffset: 2
09-15 13:32:36.939 11458 11842 V OPENHU  : [80] AapTransport.send | MUSIC_PLAYBACK Channel Open Response type: 8 flags: 15 size: 8 dataOffset: 6
09-15 13:32:36.942 11458 11842 D OPENHU  : [80] Companion.decrypt | RECV: NAVIGATION_DIRECTIONS Channel Open Request type: 7 flags: 15 size: 6 dataOffset: 2
09-15 13:32:36.943 11458 11842 V OPENHU  : [80] AapTransport.send | NAVIGATION_DIRECTIONS Channel Open Response type: 8 flags: 15 size: 8 dataOffset: 6
09-15 13:32:36.946 11458 11842 D OPENHU  : [80] Companion.decrypt | RECV: SENSOR Sensor Start Request type: 32769 flags: 11 size: 6 dataOffset: 2
09-15 13:32:36.948 11458 11842 I OPENHU  : [80] AapControlSensor.sensorStartRequest | Sensor Start Request sensor: DRIVING_STATUS, minUpdatePeriod: 0
09-15 13:32:36.950 11458 11842 I OPENHU  : [80] AapControlSensor.sensorStartRequest | SENSOR Sensor Start Response type: 32770 flags: 11 size: 8 dataOffset: 6
09-15 13:32:36.951 11458 11842 V OPENHU  : [80] AapTransport.send | SENSOR Sensor Start Response type: 32770 flags: 11 size: 8 dataOffset: 6
09-15 13:32:36.953 11458 11842 D OPENHU  : [80] Companion.decrypt | RECV: VIDEO Media Setup Request type: 32768 flags: 11 size: 4 dataOffset: 2
09-15 13:32:36.954 11458 11840 W OPENHU  : [78] AapVideo.process | AapVideo: Dropped Flag 11 packet. len=4
09-15 13:32:36.955 11458 11842 I OPENHU  : [80] AapControlMedia.mediaSinkSetupRequest | Media Sink Setup Request: 3 on channel VIDEO
09-15 13:32:36.991 11458 11458 V OPENHU  : [2] GpsLocation.onLocationChanged | GpsLocation: fix received
09-15 13:32:37.000 11458 11458 I OPENHU  : [2] AapTransport.noteDroppedSensorEvent | AapTransport: dropping sensor events, isAlive=true startedSensors=[13] droppedByType={1=1, 10=2}
09-15 13:32:37.035 11458 11842 I OPENHU  : [80] AapControlMedia.mediaSinkSetupRequest | Config response: status: HEADUNIT
09-15 13:32:37.035 11458 11842 I OPENHU  : max_unacked: 12
09-15 13:32:37.035 11458 11842 I OPENHU  : configuration_indices: 0
09-15 13:32:37.035 11458 11842 I OPENHU  :  (maxUnacked=12)
09-15 13:32:37.036 11458 11842 V OPENHU  : [80] AapTransport.send | VIDEO Media Config Response type: 32771 flags: 11 size: 12 dataOffset: 6
09-15 13:32:37.040 11458 11842 D OPENHU  : [80] Companion.decrypt | RECV: INPUT Input Binding Request type: 32770 flags: 11 size: 68 dataOffset: 2
09-15 13:32:37.043 11458 11842 V OPENHU  : [80] AapTransport.send | INPUT Input Binding Response type: 32771 flags: 11 size: 8 dataOffset: 6
09-15 13:32:37.046 11458 11842 D OPENHU  : [80] Companion.decrypt | RECV: AUDIO2 Media Setup Request type: 32768 flags: 11 size: 4 dataOffset: 2
09-15 13:32:37.047 11458 11842 I OPENHU  : [80] AapControlMedia.mediaSinkSetupRequest | Media Sink Setup Request: 1 on channel AUDIO2
09-15 13:32:37.049 11458 11842 I OPENHU  : [80] AapControlMedia.mediaSinkSetupRequest | Config response: status: HEADUNIT
09-15 13:32:37.049 11458 11842 I OPENHU  : max_unacked: 30
09-15 13:32:37.049 11458 11842 I OPENHU  : configuration_indices: 0
09-15 13:32:37.049 11458 11842 I OPENHU  :  (maxUnacked=30)
09-15 13:32:37.050 11458 11842 V OPENHU  : [80] AapTransport.send | AUDIO2 Media Config Response type: 32771 flags: 11 size: 12 dataOffset: 6
09-15 13:32:37.051 11458 11842 I OPENHU  : [80] AapAudio.startAudioTrack | AudioDecoder.start: channel=5, stream=3, gain=1.0, sampleRate=16000, numberOfBits=16, numberOfChannels=1, isAac=false, source=setup, latencyMultiplier=2, queueCapacity=50, attachHwDspEqualizer=false
09-15 13:32:37.059 11458 11842 I OPENHU  : [80] AudioTrackWrapper.createAudioTrack | Audio stream: 3 buffer size: 12800 (min: 2592) sampleRateInHz: 16000 channelCount: 1
09-15 13:32:37.076 11458 11842 I OPENHU  : [80] AudioTrackWrapper.<init> | AudioTrackWrapper: AUDIO2 can hold 6400 frames (400ms) of the 12800 bytes asked for, keeps 400ms filled, banking 100ms before playing and 250ms after an underrun
09-15 13:32:37.077 11458 11842 V OPENHU  : [80] AapTransport.send | CONTROL Audio Focus Notification type: 19 flags: 11 size: 10 dataOffset: 6
09-15 13:32:37.079 11458 11842 D OPENHU  : [80] Companion.decrypt | RECV: AUDIO1 Media Setup Request type: 32768 flags: 11 size: 4 dataOffset: 2
09-15 13:32:37.080 11458 11842 I OPENHU  : [80] AapControlMedia.mediaSinkSetupRequest | Media Sink Setup Request: 1 on channel AUDIO1
09-15 13:32:37.082 11458 11842 I OPENHU  : [80] AapControlMedia.mediaSinkSetupRequest | Config response: status: HEADUNIT
09-15 13:32:37.082 11458 11842 I OPENHU  : max_unacked: 30
09-15 13:32:37.082 11458 11842 I OPENHU  : configuration_indices: 0
09-15 13:32:37.082 11458 11842 I OPENHU  :  (maxUnacked=30)
09-15 13:32:37.083 11458 11842 V OPENHU  : [80] AapTransport.send | AUDIO1 Media Config Response type: 32771 flags: 11 size: 12 dataOffset: 6
09-15 13:32:37.085 11458 11842 I OPENHU  : [80] AapAudio.startAudioTrack | AudioDecoder.start: channel=4, stream=3, gain=1.0, sampleRate=16000, numberOfBits=16, numberOfChannels=1, isAac=false, source=setup, latencyMultiplier=2, queueCapacity=50, attachHwDspEqualizer=false
09-15 13:32:37.089 11458 11842 I OPENHU  : [80] AudioTrackWrapper.createAudioTrack | Audio stream: 3 buffer size: 12800 (min: 2592) sampleRateInHz: 16000 channelCount: 1
09-15 13:32:37.106 11458 11842 I OPENHU  : [80] AudioTrackWrapper.<init> | AudioTrackWrapper: AUDIO1 can hold 6400 frames (400ms) of the 12800 bytes asked for, keeps 400ms filled, banking 100ms before playing and 250ms after an underrun
09-15 13:32:37.107 11458 11842 V OPENHU  : [80] AapTransport.send | CONTROL Audio Focus Notification type: 19 flags: 11 size: 10 dataOffset: 6
09-15 13:32:37.109 11458 11842 D OPENHU  : [80] Companion.decrypt | RECV: AUDIO Media Setup Request type: 32768 flags: 11 size: 4 dataOffset: 2
09-15 13:32:37.110 11458 11842 I OPENHU  : [80] AapControlMedia.mediaSinkSetupRequest | Media Sink Setup Request: 1 on channel AUDIO
09-15 13:32:37.112 11458 11842 I OPENHU  : [80] AapControlMedia.mediaSinkSetupRequest | Config response: status: HEADUNIT
09-15 13:32:37.112 11458 11842 I OPENHU  : max_unacked: 30
09-15 13:32:37.112 11458 11842 I OPENHU  : configuration_indices: 0
09-15 13:32:37.112 11458 11842 I OPENHU  :  (maxUnacked=30)
09-15 13:32:37.112 11458 11842 V OPENHU  : [80] AapTransport.send | AUDIO Media Config Response type: 32771 flags: 11 size: 12 dataOffset: 6
09-15 13:32:37.113 11458 11842 I OPENHU  : [80] AapAudio.startAudioTrack | AudioDecoder.start: channel=6, stream=3, gain=1.0, sampleRate=48000, numberOfBits=16, numberOfChannels=2, isAac=false, source=setup, latencyMultiplier=2, queueCapacity=50, attachHwDspEqualizer=false
09-15 13:32:37.117 11458 11842 I OPENHU  : [80] AudioTrackWrapper.createAudioTrack | Audio stream: 3 buffer size: 76800 (min: 15392) sampleRateInHz: 48000 channelCount: 2
09-15 13:32:37.133 11458 11842 I OPENHU  : [80] AudioTrackWrapper.<init> | AudioTrackWrapper: AUDIO can hold 19200 frames (400ms) of the 76800 bytes asked for, keeps 400ms filled, banking 100ms before playing and 250ms after an underrun
09-15 13:32:37.134 11458 11842 V OPENHU  : [80] AapTransport.send | CONTROL Audio Focus Notification type: 19 flags: 11 size: 10 dataOffset: 6
09-15 13:32:37.137 11458 11842 D OPENHU  : [80] Companion.decrypt | RECV: SENSOR Sensor Start Request type: 32769 flags: 11 size: 6 dataOffset: 2
09-15 13:32:37.138 11458 11842 I OPENHU  : [80] AapControlSensor.sensorStartRequest | Sensor Start Request sensor: NIGHT, minUpdatePeriod: 0
09-15 13:32:37.139 11458 11842 I OPENHU  : [80] AapControlSensor.sensorStartRequest | SENSOR Sensor Start Response type: 32770 flags: 11 size: 8 dataOffset: 6
09-15 13:32:37.139 11458 11842 V OPENHU  : [80] AapTransport.send | SENSOR Sensor Start Response type: 32770 flags: 11 size: 8 dataOffset: 6
09-15 13:32:37.140 11458 11842 I OPENHU  : [80] AapControlSensor.sensorStartRequest | Night sensor requested. Triggering immediate update.
09-15 13:32:37.143 11458 11842 D OPENHU  : [80] Companion.decrypt | RECV: CONTROL Ping Request type: 11 flags: 11 size: 12 dataOffset: 2
09-15 13:32:37.144 11458 11458 I OPENHU  : [2] 1.onReceive | Received request to resend night mode state
09-15 13:32:37.146 11458 11842 V OPENHU  : [80] AapTransport.send | CONTROL Ping Response type: 12 flags: 11 size: 14 dataOffset: 6
09-15 13:32:37.148 11458 11458 I OPENHU  : [2] 1.invoke | NightMode update: false
09-15 13:32:37.150 11458 11458 V OPENHU  : [2] AapTransport.send | SENSOR Sensor Event type: 32771 flags: 11 size: 10 dataOffset: 6
09-15 13:32:37.595 11458 11458 W OPENHU  : [2] 1.run | Watchdog: No video received yet. Requesting Keyframe (Unsolicited Focus)...
09-15 13:32:37.600 11458 11458 V OPENHU  : [2] AapTransport.send | VIDEO Video Focus Notification type: 32776 flags: 11 size: 10 dataOffset: 6
09-15 13:32:37.609 11458 11842 D OPENHU  : [80] Companion.decrypt | RECV: VIDEO Media Start Request type: 32769 flags: 11 size: 6 dataOffset: 2
09-15 13:32:37.611 11458 11840 W OPENHU  : [78] AapVideo.process | AapVideo: Dropped Flag 11 packet. len=6
09-15 13:32:37.612 11458 11842 I OPENHU  : [80] AapControlMedia.mediaStartRequest | Media Start Request VIDEO: session=0, config_index=0
09-15 13:32:37.755 11458 11842 D OPENHU  : [80] Companion.decrypt | RECV: VIDEO Version Request type: 1 flags: 11 size: 31 dataOffset: 2
09-15 13:32:37.758 11458 11842 I OPENHU  : [80] Base.auditFragment | AapRead: largest message body so far: 4151 bytes (on VIDEO)
09-15 13:32:37.765 11458 11840 I OPENHU  : [78] VideoDecoder.applyStreamDimensions | H.264 SPS parsed: 1280x720 (negotiated 1280x720)
09-15 13:32:37.766 11458 11840 I OPENHU  : [78] AapProjectionActivity.onVideoDimensionsChanged | [AapProjectionActivity] Received video dimensions: 1280x720
09-15 13:32:37.768 11458 11840 I OPENHU  : [78] VideoDecoder.applyParameterSet | Stream SPS (H.264): profile=66 level=32 poc_type=2 num_ref_frames=1 size=1280x720 vui=true bitstream_restriction=true num_reorder_frames=0 max_dec_frame_buffering=1
09-15 13:32:37.770 11458 11458 I OPENHU  : [2] TextureProjectionView.setVideoSize | TextureProjectionView: Video size set to 1280x720
09-15 13:32:37.775 11458 11840 I OPENHU  : [78] VideoDecoder.findBestCodec | findBestCodec: hw=c2.unisoc.avc.decoder, sw=c2.android.avc.decoder, preferHardware=true, selected=c2.unisoc.avc.decoder
09-15 13:32:37.775 11458 11458 I OPENHU  : [2] HeadUnitScreenConfig.init | [UI_DEBUG] HeadUnitScreenConfig: Raw size: 1304x720, usable: 1440x720, orientation setting: SYSTEM, configOrientation: 2
09-15 13:32:37.776 11458 11458 I OPENHU  : [2] HeadUnitScreenConfig.init | [UI_DEBUG] HeadUnitScreenConfig: Final normalized size: 1304x720, usable: 1440x720
09-15 13:32:37.778 11458 11840 I OPENHU  : [78] VideoDecoder.logDecoderCapability | Decoder capability: codec=c2.unisoc.avc.decoder mime=video/avc target=1280x720@60 sizeSupported=true rateSupported=true sustains=true widths=[64, 1920] heights=[64, 3840] featureLowLatency=false featureAdaptivePlayback=true
09-15 13:32:37.782 11458 11458 I OPENHU  : [2] ProjectionViewScaler.updateScale | [UI_DEBUG] Normal Scale. scaleX: 1.0, scaleY: 1.0
09-15 13:32:37.783 11458 11458 I OPENHU  : [2] HeadUnitScreenConfig.init | [UI_DEBUG] HeadUnitScreenConfig: Raw size: 1304x720, usable: 1440x720, orientation setting: SYSTEM, configOrientation: 2
09-15 13:32:37.784 11458 11458 I OPENHU  : [2] HeadUnitScreenConfig.init | [UI_DEBUG] HeadUnitScreenConfig: Final normalized size: 1304x720, usable: 1440x720
09-15 13:32:37.786 11458 11458 I OPENHU  : [2] ProjectionViewScaler.updateScale | [UI_DEBUG] Normal Scale. scaleX: 1.0, scaleY: 1.0
09-15 13:32:37.812 11458 11840 I OPENHU  : [78] VideoDecoder.start | Configuring decoder: c2.unisoc.avc.decoder for 1280x720, max-input-size=675KB, memory=AMPLE (totalRam=3745MB heapLimit=512MB memoryClass=192MB lowRamFlag=false), queue=30 frames, optionalKeys=none
09-15 13:32:37.829 11458 11870 I OPENHU  : [89] VideoDecoder.outputThreadLoop | Output thread started
09-15 13:32:37.829 11458 11840 I OPENHU  : [78] VideoDecoder.start | Codec initialized: c2.unisoc.avc.decoder
09-15 13:32:37.830 11458 11871 I OPENHU  : [90] VideoDecoder.feedThreadLoop | Feed thread started (queue holds 30 frames, 500ms at 60fps)
09-15 13:32:37.834 11458 11871 I OPENHU  : [90] VideoDecoder.feedInputBuffer | Codec input buffer: requested 675KB, got 1024KB per buffer
09-15 13:32:37.837 11458 11871 I OPENHU  : [90] VideoDecoder.reportContentOnce | VideoDecoder: access unit classified PARAMETER_SETS_ONLY - flagged to the codec as configuration (first this session)
09-15 13:32:37.844 11458 11871 I OPENHU  : [90] VideoDecoder.reportContentOnce | VideoDecoder: access unit classified NO_PARAMETER_SETS - an ordinary frame (first this session)
09-15 13:32:37.846 11458 11871 I OPENHU  : [90] VideoDecoder.feedInputBuffer | VideoDecoder: keyframe reached the codec (4112 bytes)
09-15 13:32:37.859 11458 11870 I OPENHU  : [89] VideoDecoder.handleOutputFormatChange | Output Format Changed: {crop-right=1279, max-height=720, sar-width=1, color-format=2130708361, mime=video/raw, priority=1, color-standard=2, vendor.coding.scene-mode.value=6, color-transfer=3, sar-height=1, crop-bottom=719, max-width=1280, crop-left=0, width=1280, color-range=2, crop-top=0, rotation-degrees=0, height=720}
09-15 13:32:37.864 11458 11870 I OPENHU  : [89] VideoDecoder.outputThreadLoop | VideoDecoder: keyframe decoded - the picture is repaired
09-15 13:32:37.865 11458 11870 I OPENHU  : [89] VideoDecoder.outputThreadLoop | First frame rendered (hardware decode)
09-15 13:32:37.870 11458 11458 I OPENHU  : [2] AapProjectionActivity.hideLoadingOverlay | Hiding loading overlay after first video frame
09-15 13:32:37.901 11458 11458 D OPENHU  : [2] BluetoothHelper.driverCandidates | BluetoothHelper: driver candidate motorola edge 30 neo (A0:46:5A:97:E4:95) -> PHONE, vouched for by a stored MAC
09-15 13:32:37.912 11458 11842 D OPENHU  : [80] Companion.decrypt | RECV: SENSOR Sensor Start Request type: 32769 flags: 11 size: 6 dataOffset: 2
09-15 13:32:37.913 11458 11842 I OPENHU  : [80] AapControlSensor.sensorStartRequest | Sensor Start Request sensor: LOCATION, minUpdatePeriod: 0
09-15 13:32:37.914 11458 11842 I OPENHU  : [80] AapControlSensor.sensorStartRequest | SENSOR Sensor Start Response type: 32770 flags: 11 size: 8 dataOffset: 6
09-15 13:32:37.914 11458 11842 V OPENHU  : [80] AapTransport.send | SENSOR Sensor Start Response type: 32770 flags: 11 size: 8 dataOffset: 6
09-15 13:32:37.919 11458 11842 V OPENHU  : [80] AapTransport.send | SENSOR Sensor Event type: 32771 flags: 11 size: 46 dataOffset: 6
09-15 13:32:37.920 11458 11842 I OPENHU  : [80] AapControlSensor.sensorStartRequest | LOCATION sensor requested. Sending current fix immediately. sentOnWire=true
09-15 13:32:37.923 11458 11458 D OPENHU  : [2] BluetoothHelper.driverCandidates | BluetoothHelper: driver candidate POCO X3 NFC (DC:B7:2E:5E:4E:59) -> PHONE, advertises the Audio Gateway record
09-15 13:32:37.925 11458 11458 D OPENHU  : [2] BluetoothHelper.driverCandidates | BluetoothHelper: driver candidates: 2 phone, 0 unknown, 0 not a phone
09-15 13:32:37.981 11458 11842 D OPENHU  : [80] Companion.decrypt | RECV: CONTROL Ping Request type: 11 flags: 11 size: 12 dataOffset: 2
09-15 13:32:37.982 11458 11842 V OPENHU  : [80] AapTransport.send | CONTROL Ping Response type: 12 flags: 11 size: 14 dataOffset: 6
09-15 13:32:37.984 11458 11458 V OPENHU  : [2] GpsLocation.onLocationChanged | GpsLocation: fix received
09-15 13:32:37.990 11458 11458 V OPENHU  : [2] AapTransport.send | SENSOR Sensor Event type: 32771 flags: 11 size: 46 dataOffset: 6
09-15 13:32:39.000 11458 11458 V OPENHU  : [2] GpsLocation.onLocationChanged | GpsLocation: fix received
09-15 13:32:39.003 11458 11842 D OPENHU  : [80] Companion.decrypt | RECV: CONTROL Ping Request type: 11 flags: 11 size: 12 dataOffset: 2
09-15 13:32:39.005 11458 11842 V OPENHU  : [80] AapTransport.send | CONTROL Ping Response type: 12 flags: 11 size: 14 dataOffset: 6
09-15 13:32:39.007 11458 11458 V OPENHU  : [2] AapTransport.send | SENSOR Sensor Event type: 32771 flags: 11 size: 46 dataOffset: 6
09-15 13:32:39.981 11458 11842 D OPENHU  : [80] Companion.decrypt | RECV: CONTROL Ping Request type: 11 flags: 11 size: 12 dataOffset: 2
09-15 13:32:39.982 11458 11842 V OPENHU  : [80] AapTransport.send | CONTROL Ping Response type: 12 flags: 11 size: 14 dataOffset: 6
09-15 13:32:39.998 11458 11458 V OPENHU  : [2] GpsLocation.onLocationChanged | GpsLocation: fix received
09-15 13:32:40.007 11458 11458 V OPENHU  : [2] AapTransport.send | SENSOR Sensor Event type: 32771 flags: 11 size: 46 dataOffset: 6
09-15 13:32:41.037 11458 11458 V OPENHU  : [2] GpsLocation.onLocationChanged | GpsLocation: fix received
09-15 13:32:41.044 11458 11842 D OPENHU  : [80] Companion.decrypt | RECV: CONTROL Ping Request type: 11 flags: 11 size: 12 dataOffset: 2
09-15 13:32:41.047 11458 11842 V OPENHU  : [80] AapTransport.send | CONTROL Ping Response type: 12 flags: 11 size: 14 dataOffset: 6
09-15 13:32:41.067 11458 11458 V OPENHU  : [2] AapTransport.send | SENSOR Sensor Event type: 32771 flags: 11 size: 46 dataOffset: 6
09-15 13:32:41.199 11458 11458 I OPENHU  : [2] AutomationReceiver.onReceive | AutomationReceiver: com.andrerinas.openheadunit.ACTION_QUERY_STATE
09-15 13:32:41.414 11458 11842 I OPENHU  : [80] Base.auditFragment | AapRead: largest message body so far: 8559 bytes (on VIDEO)
09-15 13:32:41.421 11458 11842 D OPENHU  : [80] Companion.decrypt | RECV: MUSIC_PLAYBACK Media Playback Status type: 32769 flags: 11 size: 18 dataOffset: 2
09-15 13:32:41.424 11458 11842 D OPENHU  : [80] AapMediaPlayback.processStatusPacket | AapMediaPlayback: status mediaSource='VLC', playbackSeconds(u32)=194, state=PAUSED
09-15 13:32:41.793 11458 11842 I OPENHU  : [80] Base.auditFragment | AapRead: fragment accounting established for VIDEO: channel=2 fragments=2 declaredTotal=30369 observed=30427 delta=-58 perFragment=-29
09-15 13:32:41.795 11458 11842 D OPENHU  : [80] Companion.decrypt | RECV: VIDEO Unknown (64619) type: 64619 flags: 10 size: 14249 dataOffset: 2
09-15 13:32:41.803 11458 11842 D OPENHU  : [80] Companion.decrypt | RECV: VIDEO Unknown (48944) type: 48944 flags: 10 size: 14169 dataOffset: 2
09-15 13:32:41.812 11458 11842 D OPENHU  : [80] Companion.decrypt | RECV: VIDEO Unknown (62433) type: 62433 flags: 8 size: 16124 dataOffset: 2
09-15 13:32:41.897 11458 11842 D OPENHU  : [80] Companion.decrypt | RECV: VIDEO Unknown (11520) type: 11520 flags: 10 size: 3530 dataOffset: 2
09-15 13:32:41.904 11458 11842 D OPENHU  : [80] Companion.decrypt | RECV: VIDEO Media Setup Request type: 32768 flags: 8 size: 16124 dataOffset: 2
09-15 13:32:41.907 11458 11842 D OPENHU  : [80] Companion.decrypt | RECV: VIDEO Unknown (39454) type: 39454 flags: 10 size: 3601 dataOffset: 2
09-15 13:32:41.915 11458 11842 D OPENHU  : [80] Companion.decrypt | RECV: VIDEO Unknown (45874) type: 45874 flags: 10 size: 146 dataOffset: 2
09-15 13:32:41.995 11458 11458 V OPENHU  : [2] GpsLocation.onLocationChanged | GpsLocation: fix received
09-15 13:32:42.005 11458 11458 V OPENHU  : [2] AapTransport.send | SENSOR Sensor Event type: 32771 flags: 11 size: 46 dataOffset: 6
09-15 13:32:42.006 11458 11842 D OPENHU  : [80] Companion.decrypt | RECV: CONTROL Ping Request type: 11 flags: 11 size: 12 dataOffset: 2
09-15 13:32:42.007 11458 11842 V OPENHU  : [80] AapTransport.send | CONTROL Ping Response type: 12 flags: 11 size: 14 dataOffset: 6
09-15 13:32:42.356 11458 11842 D OPENHU  : [80] Companion.decrypt | RECV: VIDEO Unknown (53484) type: 53484 flags: 8 size: 16124 dataOffset: 2
09-15 13:32:42.410 11458 11842 D OPENHU  : [80] Companion.decrypt | RECV: VIDEO Unknown (8450) type: 8450 flags: 8 size: 16124 dataOffset: 2
09-15 13:32:42.413 11458 11842 D OPENHU  : [80] Companion.decrypt | RECV: MUSIC_PLAYBACK Media Playback Status type: 32771 flags: 11 size: 6002 dataOffset: 2
09-15 13:32:42.417 11458 11842 D OPENHU  : [80] Companion.decrypt | RECV: VIDEO Unknown (54337) type: 54337 flags: 8 size: 16124 dataOffset: 2
09-15 13:32:42.421 11458 11842 D OPENHU  : [80] Companion.decrypt | RECV: VIDEO Unknown (51705) type: 51705 flags: 8 size: 16124 dataOffset: 2
09-15 13:32:42.423 11458 11842 D OPENHU  : [80] Companion.decrypt | RECV: VIDEO Unknown (34744) type: 34744 flags: 8 size: 16124 dataOffset: 2
09-15 13:32:42.426 11458 11842 D OPENHU  : [80] Companion.decrypt | RECV: VIDEO Unknown (40602) type: 40602 flags: 8 size: 16124 dataOffset: 2
09-15 13:32:42.614 11458 11842 D OPENHU  : [80] Companion.decrypt | RECV: VIDEO Unknown (6232) type: 6232 flags: 8 size: 16124 dataOffset: 2
09-15 13:32:42.617 11458 11842 D OPENHU  : [80] Companion.decrypt | RECV: VIDEO Unknown (49196) type: 49196 flags: 10 size: 1548 dataOffset: 2
09-15 13:32:42.629 11458 11842 D OPENHU  : [80] Companion.decrypt | RECV: VIDEO Unknown (51814) type: 51814 flags: 8 size: 16124 dataOffset: 2
09-15 13:32:42.632 11458 11842 D OPENHU  : [80] Companion.decrypt | RECV: VIDEO Unknown (63064) type: 63064 flags: 8 size: 16124 dataOffset: 2
09-15 13:32:42.635 11458 11842 D OPENHU  : [80] Companion.decrypt | RECV: VIDEO Unknown (45326) type: 45326 flags: 8 size: 16124 dataOffset: 2
09-15 13:32:42.637 11458 11842 D OPENHU  : [80] Companion.decrypt | RECV: VIDEO Unknown (12655) type: 12655 flags: 8 size: 16124 dataOffset: 2
09-15 13:32:42.640 11458 11842 D OPENHU  : [80] Companion.decrypt | RECV: VIDEO Unknown (37679) type: 37679 flags: 8 size: 16124 dataOffset: 2
09-15 13:32:42.642 11458 11842 D OPENHU  : [80] Companion.decrypt | RECV: VIDEO Unknown (44131) type: 44131 flags: 8 size: 16124 dataOffset: 2
09-15 13:32:42.649 11458 11842 D OPENHU  : [80] Companion.decrypt | RECV: VIDEO Unknown (9725) type: 9725 flags: 8 size: 16124 dataOffset: 2
09-15 13:32:42.655 11458 11842 D OPENHU  : [80] Companion.decrypt | RECV: VIDEO Unknown (16867) type: 16867 flags: 8 size: 16124 dataOffset: 2
09-15 13:32:42.657 11458 11842 D OPENHU  : [80] Companion.decrypt | RECV: VIDEO Unknown (16308) type: 16308 flags: 8 size: 16124 dataOffset: 2
09-15 13:32:42.660 11458 11842 D OPENHU  : [80] Companion.decrypt | RECV: VIDEO Unknown (56427) type: 56427 flags: 10 size: 3205 dataOffset: 2
09-15 13:32:42.770 11458 11842 D OPENHU  : [80] Companion.decrypt | RECV: AUDIO Media Start Request type: 32769 flags: 11 size: 6 dataOffset: 2
09-15 13:32:42.771 11458 11842 I OPENHU  : [80] AapControlMedia.mediaStartRequest | Media Start Request AUDIO: session=0, config_index=0
09-15 13:32:42.774 11458 11842 D OPENHU  : [80] Companion.decrypt | RECV: AUDIO Media Data type: 0 flags: 11 size: 8202 dataOffset: 2
09-15 13:32:42.776 11458 11842 I OPENHU  : [80] AapAudio.onAudioPlaybackStarted | AapAudio: AA audio started (AUDIO) - acquiring transient system audio focus (mode=AUTO)
09-15 13:32:42.779 11458 11842 I OPENHU  : [80] AapAudio.requestPlaybackFocus | AapAudio: Playback transient focus request result: GRANTED
09-15 13:32:42.784 11458 11842 D OPENHU  : [80] Companion.decrypt | RECV: AUDIO Media Data type: 0 flags: 11 size: 8202 dataOffset: 2
09-15 13:32:42.787 11458 11842 D OPENHU  : [80] Companion.decrypt | RECV: AUDIO Media Data type: 0 flags: 11 size: 8202 dataOffset: 2
09-15 13:32:42.791 11458 11842 D OPENHU  : [80] Companion.decrypt | RECV: AUDIO Media Data type: 0 flags: 11 size: 8202 dataOffset: 2
09-15 13:32:42.794 11458 11842 D OPENHU  : [80] Companion.decrypt | RECV: AUDIO Media Data type: 0 flags: 11 size: 8202 dataOffset: 2
09-15 13:32:42.800 11458 11853 I OPENHU  : [85] AudioTrackWrapper.maybeStartPlayback | AudioTrackWrapper: playback started with 6144 frames banked (target 6849) after 11ms
09-15 13:32:42.811 11458 11842 D OPENHU  : [80] Companion.decrypt | RECV: AUDIO Media Data type: 0 flags: 11 size: 8202 dataOffset: 2
09-15 13:32:42.847 11458 11870 I OPENHU  : [89] VideoDecoder.logThroughput | Throughput over 5000ms: rendered=138 (27fps), fed=140 (28fps), dropped=0, skipped=0, concealed=0, inputWait=83ms, enqueueWait=0ms, codec=c2.unisoc.avc.decoder, presented=136 (27fps), decodeLatency=13ms p95=46ms (136 frames)
09-15 13:32:42.854 11458 11842 D OPENHU  : [80] Companion.decrypt | RECV: AUDIO Media Data type: 0 flags: 11 size: 8202 dataOffset: 2
09-15 13:32:42.870 11458 11458 I OPENHU  : [2] TextureProjectionView.onSurfaceTextureUpdated | TextureProjectionView: displayed 74 frames in 5000ms (14fps), longFrames=1
09-15 13:32:42.895 11458 11842 D OPENHU  : [80] Companion.decrypt | RECV: AUDIO Media Data type: 0 flags: 11 size: 8202 dataOffset: 2
09-15 13:32:42.939 11458 11842 D OPENHU  : [80] Companion.decrypt | RECV: AUDIO Media Data type: 0 flags: 11 size: 8202 dataOffset: 2
09-15 13:32:42.982 11458 11842 D OPENHU  : [80] Companion.decrypt | RECV: VIDEO Unknown (8772) type: 8772 flags: 10 size: 4640 dataOffset: 2
09-15 13:32:42.984 11458 11842 D OPENHU  : [80] Companion.decrypt | RECV: AUDIO Media Data type: 0 flags: 11 size: 8202 dataOffset: 2
09-15 13:32:42.988 11458 11842 D OPENHU  : [80] Companion.decrypt | RECV: CONTROL Ping Request type: 11 flags: 11 size: 12 dataOffset: 2
09-15 13:32:42.989 11458 11842 V OPENHU  : [80] AapTransport.send | CONTROL Ping Response type: 12 flags: 11 size: 14 dataOffset: 6
09-15 13:32:42.998 11458 11842 D OPENHU  : [80] Companion.decrypt | RECV: MUSIC_PLAYBACK Media Playback Status type: 32769 flags: 11 size: 18 dataOffset: 2
09-15 13:32:42.999 11458 11842 D OPENHU  : [80] AapMediaPlayback.processStatusPacket | AapMediaPlayback: status mediaSource='VLC', playbackSeconds(u32)=195, state=PLAYING
09-15 13:32:43.016 11458 11458 V OPENHU  : [2] GpsLocation.onLocationChanged | GpsLocation: fix received
09-15 13:32:43.025 11458 11458 V OPENHU  : [2] AapTransport.send | SENSOR Sensor Event type: 32771 flags: 11 size: 46 dataOffset: 6
09-15 13:32:43.028 11458 11842 D OPENHU  : [80] Companion.decrypt | RECV: AUDIO Media Data type: 0 flags: 11 size: 8202 dataOffset: 2
09-15 13:32:43.067 11458 11842 D OPENHU  : [80] Companion.decrypt | RECV: AUDIO Media Data type: 0 flags: 11 size: 8202 dataOffset: 2
09-15 13:32:43.108 11458 11842 D OPENHU  : [80] Companion.decrypt | RECV: AUDIO Media Data type: 0 flags: 11 size: 8202 dataOffset: 2
09-15 13:32:43.144 11458 11842 D OPENHU  : [80] Companion.decrypt | RECV: MUSIC_PLAYBACK Media Playback Status type: 32769 flags: 11 size: 18 dataOffset: 2
09-15 13:32:43.145 11458 11842 D OPENHU  : [80] AapMediaPlayback.processStatusPacket | AapMediaPlayback: status mediaSource='VLC', playbackSeconds(u32)=196, state=PLAYING
09-15 13:32:43.150 11458 11842 D OPENHU  : [80] Companion.decrypt | RECV: AUDIO Media Data type: 0 flags: 11 size: 8202 dataOffset: 2
09-15 13:32:43.193 11458 11842 D OPENHU  : [80] Companion.decrypt | RECV: AUDIO Media Data type: 0 flags: 11 size: 8202 dataOffset: 2
09-15 13:32:43.210 11458 11842 D OPENHU  : [80] Companion.decrypt | RECV: MUSIC_PLAYBACK Media Playback Status type: 32771 flags: 11 size: 7819 dataOffset: 2
09-15 13:32:43.235 11458 11842 D OPENHU  : [80] Companion.decrypt | RECV: AUDIO Media Data type: 0 flags: 11 size: 8202 dataOffset: 2
09-15 13:32:43.278 11458 11842 D OPENHU  : [80] Companion.decrypt | RECV: AUDIO Media Data type: 0 flags: 11 size: 8202 dataOffset: 2
09-15 13:32:43.320 11458 11842 D OPENHU  : [80] Companion.decrypt | RECV: AUDIO Media Data type: 0 flags: 11 size: 8202 dataOffset: 2
09-15 13:32:43.364 11458 11842 D OPENHU  : [80] Companion.decrypt | RECV: AUDIO Media Data type: 0 flags: 11 size: 8202 dataOffset: 2
09-15 13:32:43.406 11458 11842 D OPENHU  : [80] Companion.decrypt | RECV: AUDIO Media Data type: 0 flags: 11 size: 8202 dataOffset: 2
09-15 13:32:43.451 11458 11842 D OPENHU  : [80] Companion.decrypt | RECV: AUDIO Media Data type: 0 flags: 11 size: 8202 dataOffset: 2
09-15 13:32:43.494 11458 11842 D OPENHU  : [80] Companion.decrypt | RECV: AUDIO Media Data type: 0 flags: 11 size: 8202 dataOffset: 2
09-15 13:32:43.534 11458 11842 D OPENHU  : [80] Companion.decrypt | RECV: AUDIO Media Data type: 0 flags: 11 size: 8202 dataOffset: 2
09-15 13:32:43.581 11458 11842 D OPENHU  : [80] Companion.decrypt | RECV: AUDIO Media Data type: 0 flags: 11 size: 8202 dataOffset: 2
09-15 13:32:43.620 11458 11842 D OPENHU  : [80] Companion.decrypt | RECV: AUDIO Media Data type: 0 flags: 11 size: 8202 dataOffset: 2
09-15 13:32:43.662 11458 11842 D OPENHU  : [80] Companion.decrypt | RECV: AUDIO Media Data type: 0 flags: 11 size: 8202 dataOffset: 2
09-15 13:32:43.705 11458 11842 D OPENHU  : [80] Companion.decrypt | RECV: AUDIO Media Data type: 0 flags: 11 size: 8202 dataOffset: 2
09-15 13:32:43.747 11458 11842 D OPENHU  : [80] Companion.decrypt | RECV: AUDIO Media Data type: 0 flags: 11 size: 8202 dataOffset: 2
09-15 13:32:43.790 11458 11842 D OPENHU  : [80] Companion.decrypt | RECV: AUDIO Media Data type: 0 flags: 11 size: 8202 dataOffset: 2
09-15 13:32:43.832 11458 11842 D OPENHU  : [80] Companion.decrypt | RECV: AUDIO Media Data type: 0 flags: 11 size: 8202 dataOffset: 2
09-15 13:32:43.875 11458 11842 D OPENHU  : [80] Companion.decrypt | RECV: AUDIO Media Data type: 0 flags: 11 size: 8202 dataOffset: 2
09-15 13:32:43.918 11458 11842 D OPENHU  : [80] Companion.decrypt | RECV: AUDIO Media Data type: 0 flags: 11 size: 8202 dataOffset: 2
09-15 13:32:43.960 11458 11842 D OPENHU  : [80] Companion.decrypt | RECV: AUDIO Media Data type: 0 flags: 11 size: 8202 dataOffset: 2
09-15 13:32:43.982 11458 11842 D OPENHU  : [80] Companion.decrypt | RECV: CONTROL Ping Request type: 11 flags: 11 size: 12 dataOffset: 2
09-15 13:32:43.983 11458 11842 V OPENHU  : [80] AapTransport.send | CONTROL Ping Response type: 12 flags: 11 size: 14 dataOffset: 6
09-15 13:32:43.997 11458 11458 V OPENHU  : [2] GpsLocation.onLocationChanged | GpsLocation: fix received
09-15 13:32:44.004 11458 11842 D OPENHU  : [80] Companion.decrypt | RECV: AUDIO Media Data type: 0 flags: 11 size: 8202 dataOffset: 2
09-15 13:32:44.005 11458 11458 V OPENHU  : [2] AapTransport.send | SENSOR Sensor Event type: 32771 flags: 11 size: 46 dataOffset: 6
09-15 13:32:44.051 11458 11842 D OPENHU  : [80] Companion.decrypt | RECV: AUDIO Media Data type: 0 flags: 11 size: 8202 dataOffset: 2
09-15 13:32:44.091 11458 11842 D OPENHU  : [80] Companion.decrypt | RECV: AUDIO Media Data type: 0 flags: 11 size: 8202 dataOffset: 2
09-15 13:32:44.134 11458 11842 D OPENHU  : [80] Companion.decrypt | RECV: AUDIO Media Data type: 0 flags: 11 size: 8202 dataOffset: 2
09-15 13:32:44.144 11458 11842 D OPENHU  : [80] Companion.decrypt | RECV: MUSIC_PLAYBACK Media Playback Status type: 32769 flags: 11 size: 18 dataOffset: 2
09-15 13:32:44.145 11458 11842 D OPENHU  : [80] AapMediaPlayback.processStatusPacket | AapMediaPlayback: status mediaSource='VLC', playbackSeconds(u32)=197, state=PLAYING
09-15 13:32:44.175 11458 11842 D OPENHU  : [80] Companion.decrypt | RECV: AUDIO Media Data type: 0 flags: 11 size: 8202 dataOffset: 2
09-15 13:32:44.217 11458 11842 D OPENHU  : [80] Companion.decrypt | RECV: AUDIO Media Data type: 0 flags: 11 size: 8202 dataOffset: 2
09-15 13:32:44.259 11458 11842 D OPENHU  : [80] Companion.decrypt | RECV: AUDIO Media Data type: 0 flags: 11 size: 8202 dataOffset: 2
09-15 13:32:44.301 11458 11842 D OPENHU  : [80] Companion.decrypt | RECV: AUDIO Media Data type: 0 flags: 11 size: 8202 dataOffset: 2
09-15 13:32:44.345 11458 11842 D OPENHU  : [80] Companion.decrypt | RECV: AUDIO Media Data type: 0 flags: 11 size: 8202 dataOffset: 2
09-15 13:32:44.387 11458 11842 D OPENHU  : [80] Companion.decrypt | RECV: AUDIO Media Data type: 0 flags: 11 size: 8202 dataOffset: 2
09-15 13:32:44.431 11458 11842 D OPENHU  : [80] Companion.decrypt | RECV: AUDIO Media Data type: 0 flags: 11 size: 8202 dataOffset: 2
09-15 13:32:44.473 11458 11842 D OPENHU  : [80] Companion.decrypt | RECV: AUDIO Media Data type: 0 flags: 11 size: 8202 dataOffset: 2
09-15 13:32:44.516 11458 11842 D OPENHU  : [80] Companion.decrypt | RECV: AUDIO Media Data type: 0 flags: 11 size: 8202 dataOffset: 2
09-15 13:32:44.558 11458 11842 D OPENHU  : [80] Companion.decrypt | RECV: AUDIO Media Data type: 0 flags: 11 size: 8202 dataOffset: 2
09-15 13:32:44.601 11458 11842 D OPENHU  : [80] Companion.decrypt | RECV: AUDIO Media Data type: 0 flags: 11 size: 8202 dataOffset: 2
09-15 13:32:44.644 11458 11842 D OPENHU  : [80] Companion.decrypt | RECV: AUDIO Media Data type: 0 flags: 11 size: 8202 dataOffset: 2
09-15 13:32:44.686 11458 11842 D OPENHU  : [80] Companion.decrypt | RECV: AUDIO Media Data type: 0 flags: 11 size: 8202 dataOffset: 2
09-15 13:32:44.731 11458 11842 D OPENHU  : [80] Companion.decrypt | RECV: AUDIO Media Data type: 0 flags: 11 size: 8202 dataOffset: 2
09-15 13:32:44.772 11458 11842 D OPENHU  : [80] Companion.decrypt | RECV: AUDIO Media Data type: 0 flags: 11 size: 8202 dataOffset: 2
09-15 13:32:44.817 11458 11842 D OPENHU  : [80] Companion.decrypt | RECV: AUDIO Media Data type: 0 flags: 11 size: 8202 dataOffset: 2
09-15 13:32:44.858 11458 11842 D OPENHU  : [80] Companion.decrypt | RECV: AUDIO Media Data type: 0 flags: 11 size: 8202 dataOffset: 2
09-15 13:32:44.901 11458 11842 D OPENHU  : [80] Companion.decrypt | RECV: AUDIO Media Data type: 0 flags: 11 size: 8202 dataOffset: 2
09-15 13:32:44.946 11458 11842 D OPENHU  : [80] Companion.decrypt | RECV: AUDIO Media Data type: 0 flags: 11 size: 8202 dataOffset: 2
09-15 13:32:44.982 11458 11842 D OPENHU  : [80] Companion.decrypt | RECV: CONTROL Ping Request type: 11 flags: 11 size: 12 dataOffset: 2
09-15 13:32:44.983 11458 11842 V OPENHU  : [80] AapTransport.send | CONTROL Ping Response type: 12 flags: 11 size: 14 dataOffset: 6
09-15 13:32:44.986 11458 11842 D OPENHU  : [80] Companion.decrypt | RECV: AUDIO Media Data type: 0 flags: 11 size: 8202 dataOffset: 2
09-15 13:32:45.017 11458 11458 V OPENHU  : [2] GpsLocation.onLocationChanged | GpsLocation: fix received
09-15 13:32:45.024 11458 11458 V OPENHU  : [2] AapTransport.send | SENSOR Sensor Event type: 32771 flags: 11 size: 46 dataOffset: 6
09-15 13:32:45.029 11458 11842 D OPENHU  : [80] Companion.decrypt | RECV: AUDIO Media Data type: 0 flags: 11 size: 8202 dataOffset: 2
09-15 13:32:45.070 11458 11842 D OPENHU  : [80] Companion.decrypt | RECV: AUDIO Media Data type: 0 flags: 11 size: 8202 dataOffset: 2
09-15 13:32:45.115 11458 11842 D OPENHU  : [80] Companion.decrypt | RECV: AUDIO Media Data type: 0 flags: 11 size: 8202 dataOffset: 2
09-15 13:32:45.145 11458 11842 D OPENHU  : [80] Companion.decrypt | RECV: MUSIC_PLAYBACK Media Playback Status type: 32769 flags: 11 size: 18 dataOffset: 2
09-15 13:32:45.146 11458 11842 D OPENHU  : [80] AapMediaPlayback.processStatusPacket | AapMediaPlayback: status mediaSource='VLC', playbackSeconds(u32)=198, state=PLAYING
09-15 13:32:45.155 11458 11842 D OPENHU  : [80] Companion.decrypt | RECV: AUDIO Media Data type: 0 flags: 11 size: 8202 dataOffset: 2
09-15 13:32:45.197 11458 11842 D OPENHU  : [80] Companion.decrypt | RECV: AUDIO Media Data type: 0 flags: 11 size: 8202 dataOffset: 2
09-15 13:32:45.241 11458 11842 D OPENHU  : [80] Companion.decrypt | RECV: AUDIO Media Data type: 0 flags: 11 size: 8202 dataOffset: 2
09-15 13:32:45.284 11458 11842 D OPENHU  : [80] Companion.decrypt | RECV: AUDIO Media Data type: 0 flags: 11 size: 8202 dataOffset: 2
09-15 13:32:45.326 11458 11842 D OPENHU  : [80] Companion.decrypt | RECV: AUDIO Media Data type: 0 flags: 11 size: 8202 dataOffset: 2
09-15 13:32:45.371 11458 11842 D OPENHU  : [80] Companion.decrypt | RECV: AUDIO Media Data type: 0 flags: 11 size: 8202 dataOffset: 2
09-15 13:32:45.411 11458 11842 D OPENHU  : [80] Companion.decrypt | RECV: AUDIO Media Data type: 0 flags: 11 size: 8202 dataOffset: 2
09-15 13:32:45.455 11458 11842 D OPENHU  : [80] Companion.decrypt | RECV: AUDIO Media Data type: 0 flags: 11 size: 8202 dataOffset: 2
09-15 13:32:45.496 11458 11842 D OPENHU  : [80] Companion.decrypt | RECV: AUDIO Media Data type: 0 flags: 11 size: 8202 dataOffset: 2
09-15 13:32:45.540 11458 11842 D OPENHU  : [80] Companion.decrypt | RECV: AUDIO Media Data type: 0 flags: 11 size: 8202 dataOffset: 2
09-15 13:32:45.583 11458 11842 D OPENHU  : [80] Companion.decrypt | RECV: AUDIO Media Data type: 0 flags: 11 size: 8202 dataOffset: 2
09-15 13:32:45.625 11458 11842 D OPENHU  : [80] Companion.decrypt | RECV: AUDIO Media Data type: 0 flags: 11 size: 8202 dataOffset: 2
09-15 13:32:45.667 11458 11842 D OPENHU  : [80] Companion.decrypt | RECV: AUDIO Media Data type: 0 flags: 11 size: 8202 dataOffset: 2
09-15 13:32:45.710 11458 11842 D OPENHU  : [80] Companion.decrypt | RECV: AUDIO Media Data type: 0 flags: 11 size: 8202 dataOffset: 2
09-15 13:32:45.753 11458 11842 D OPENHU  : [80] Companion.decrypt | RECV: AUDIO Media Data type: 0 flags: 11 size: 8202 dataOffset: 2
09-15 13:32:45.796 11458 11842 D OPENHU  : [80] Companion.decrypt | RECV: AUDIO Media Data type: 0 flags: 11 size: 8202 dataOffset: 2
09-15 13:32:45.838 11458 11842 D OPENHU  : [80] Companion.decrypt | RECV: AUDIO Media Data type: 0 flags: 11 size: 8202 dataOffset: 2
09-15 13:32:45.881 11458 11842 D OPENHU  : [80] Companion.decrypt | RECV: AUDIO Media Data type: 0 flags: 11 size: 8202 dataOffset: 2
09-15 13:32:45.925 11458 11842 D OPENHU  : [80] Companion.decrypt | RECV: AUDIO Media Data type: 0 flags: 11 size: 8202 dataOffset: 2
09-15 13:32:45.969 11458 11842 D OPENHU  : [80] Companion.decrypt | RECV: AUDIO Media Data type: 0 flags: 11 size: 8202 dataOffset: 2
09-15 13:32:45.981 11458 11842 D OPENHU  : [80] Companion.decrypt | RECV: CONTROL Ping Request type: 11 flags: 11 size: 12 dataOffset: 2
09-15 13:32:45.982 11458 11842 V OPENHU  : [80] AapTransport.send | CONTROL Ping Response type: 12 flags: 11 size: 14 dataOffset: 6
09-15 13:32:46.012 11458 11842 D OPENHU  : [80] Companion.decrypt | RECV: AUDIO Media Data type: 0 flags: 11 size: 8202 dataOffset: 2
09-15 13:32:46.017 11458 11458 V OPENHU  : [2] GpsLocation.onLocationChanged | GpsLocation: fix received
09-15 13:32:46.022 11458 11458 V OPENHU  : [2] AapTransport.send | SENSOR Sensor Event type: 32771 flags: 11 size: 46 dataOffset: 6
09-15 13:32:46.054 11458 11842 D OPENHU  : [80] Companion.decrypt | RECV: AUDIO Media Data type: 0 flags: 11 size: 8202 dataOffset: 2
09-15 13:32:46.095 11458 11842 D OPENHU  : [80] Companion.decrypt | RECV: AUDIO Media Data type: 0 flags: 11 size: 8202 dataOffset: 2
09-15 13:32:46.137 11458 11842 D OPENHU  : [80] Companion.decrypt | RECV: AUDIO Media Data type: 0 flags: 11 size: 8202 dataOffset: 2
09-15 13:32:46.145 11458 11842 D OPENHU  : [80] Companion.decrypt | RECV: MUSIC_PLAYBACK Media Playback Status type: 32769 flags: 11 size: 18 dataOffset: 2
09-15 13:32:46.146 11458 11842 D OPENHU  : [80] AapMediaPlayback.processStatusPacket | AapMediaPlayback: status mediaSource='VLC', playbackSeconds(u32)=199, state=PLAYING
09-15 13:32:46.180 11458 11842 D OPENHU  : [80] Companion.decrypt | RECV: AUDIO Media Data type: 0 flags: 11 size: 8202 dataOffset: 2
09-15 13:32:46.223 11458 11842 D OPENHU  : [80] Companion.decrypt | RECV: AUDIO Media Data type: 0 flags: 11 size: 8202 dataOffset: 2
09-15 13:32:46.264 11458 11842 D OPENHU  : [80] Companion.decrypt | RECV: AUDIO Media Data type: 0 flags: 11 size: 8202 dataOffset: 2
09-15 13:32:46.307 11458 11842 D OPENHU  : [80] Companion.decrypt | RECV: AUDIO Media Data type: 0 flags: 11 size: 8202 dataOffset: 2
09-15 13:32:46.352 11458 11842 D OPENHU  : [80] Companion.decrypt | RECV: AUDIO Media Data type: 0 flags: 11 size: 8202 dataOffset: 2
09-15 13:32:46.395 11458 11842 D OPENHU  : [80] Companion.decrypt | RECV: AUDIO Media Data type: 0 flags: 11 size: 8202 dataOffset: 2
09-15 13:32:46.437 11458 11842 D OPENHU  : [80] Companion.decrypt | RECV: AUDIO Media Data type: 0 flags: 11 size: 8202 dataOffset: 2
09-15 13:32:46.478 11458 11842 D OPENHU  : [80] Companion.decrypt | RECV: AUDIO Media Data type: 0 flags: 11 size: 8202 dataOffset: 2
09-15 13:32:46.522 11458 11842 D OPENHU  : [80] Companion.decrypt | RECV: AUDIO Media Data type: 0 flags: 11 size: 8202 dataOffset: 2
09-15 13:32:46.565 11458 11842 D OPENHU  : [80] Companion.decrypt | RECV: AUDIO Media Data type: 0 flags: 11 size: 8202 dataOffset: 2
09-15 13:32:46.608 11458 11842 D OPENHU  : [80] Companion.decrypt | RECV: AUDIO Media Data type: 0 flags: 11 size: 8202 dataOffset: 2
09-15 13:32:46.651 11458 11842 D OPENHU  : [80] Companion.decrypt | RECV: AUDIO Media Data type: 0 flags: 11 size: 8202 dataOffset: 2
09-15 13:32:46.694 11458 11842 D OPENHU  : [80] Companion.decrypt | RECV: AUDIO Media Data type: 0 flags: 11 size: 8202 dataOffset: 2
09-15 13:32:46.736 11458 11842 D OPENHU  : [80] Companion.decrypt | RECV: AUDIO Media Data type: 0 flags: 11 size: 8202 dataOffset: 2
09-15 13:32:46.777 11458 11842 D OPENHU  : [80] Companion.decrypt | RECV: AUDIO Media Data type: 0 flags: 11 size: 8202 dataOffset: 2
09-15 13:32:46.820 11458 11842 D OPENHU  : [80] Companion.decrypt | RECV: AUDIO Media Data type: 0 flags: 11 size: 8202 dataOffset: 2
09-15 13:32:46.862 11458 11842 D OPENHU  : [80] Companion.decrypt | RECV: AUDIO Media Data type: 0 flags: 11 size: 8202 dataOffset: 2
09-15 13:32:46.906 11458 11842 D OPENHU  : [80] Companion.decrypt | RECV: AUDIO Media Data type: 0 flags: 11 size: 8202 dataOffset: 2
09-15 13:32:46.947 11458 11842 D OPENHU  : [80] Companion.decrypt | RECV: AUDIO Media Data type: 0 flags: 11 size: 8202 dataOffset: 2
09-15 13:32:46.984 11458 11842 D OPENHU  : [80] Companion.decrypt | RECV: CONTROL Ping Request type: 11 flags: 11 size: 12 dataOffset: 2
09-15 13:32:46.984 11458 11842 V OPENHU  : [80] AapTransport.send | CONTROL Ping Response type: 12 flags: 11 size: 14 dataOffset: 6
09-15 13:32:46.990 11458 11842 D OPENHU  : [80] Companion.decrypt | RECV: AUDIO Media Data type: 0 flags: 11 size: 8202 dataOffset: 2
09-15 13:32:47.016 11458 11458 V OPENHU  : [2] GpsLocation.onLocationChanged | GpsLocation: fix received
09-15 13:32:47.031 11458 11458 V OPENHU  : [2] AapTransport.send | SENSOR Sensor Event type: 32771 flags: 11 size: 46 dataOffset: 6
09-15 13:32:47.034 11458 11842 D OPENHU  : [80] Companion.decrypt | RECV: AUDIO Media Data type: 0 flags: 11 size: 8202 dataOffset: 2
09-15 13:32:47.075 11458 11842 D OPENHU  : [80] Companion.decrypt | RECV: AUDIO Media Data type: 0 flags: 11 size: 8202 dataOffset: 2
09-15 13:32:47.119 11458 11842 D OPENHU  : [80] Companion.decrypt | RECV: AUDIO Media Data type: 0 flags: 11 size: 8202 dataOffset: 2
09-15 13:32:47.147 11458 11842 D OPENHU  : [80] Companion.decrypt | RECV: MUSIC_PLAYBACK Media Playback Status type: 32769 flags: 11 size: 18 dataOffset: 2
09-15 13:32:47.148 11458 11842 D OPENHU  : [80] AapMediaPlayback.processStatusPacket | AapMediaPlayback: status mediaSource='VLC', playbackSeconds(u32)=200, state=PLAYING
09-15 13:32:47.160 11458 11842 D OPENHU  : [80] Companion.decrypt | RECV: AUDIO Media Data type: 0 flags: 11 size: 8202 dataOffset: 2
09-15 13:32:47.204 11458 11842 D OPENHU  : [80] Companion.decrypt | RECV: AUDIO Media Data type: 0 flags: 11 size: 8202 dataOffset: 2
09-15 13:32:47.249 11458 11842 D OPENHU  : [80] Companion.decrypt | RECV: AUDIO Media Data type: 0 flags: 11 size: 8202 dataOffset: 2
09-15 13:32:47.291 11458 11842 D OPENHU  : [80] Companion.decrypt | RECV: AUDIO Media Data type: 0 flags: 11 size: 8202 dataOffset: 2
09-15 13:32:47.333 11458 11842 D OPENHU  : [80] Companion.decrypt | RECV: AUDIO Media Data type: 0 flags: 11 size: 8202 dataOffset: 2
09-15 13:32:47.375 11458 11842 D OPENHU  : [80] Companion.decrypt | RECV: AUDIO Media Data type: 0 flags: 11 size: 8202 dataOffset: 2
09-15 13:32:47.417 11458 11842 D OPENHU  : [80] Companion.decrypt | RECV: AUDIO Media Data type: 0 flags: 11 size: 8202 dataOffset: 2
09-15 13:32:47.462 11458 11842 D OPENHU  : [80] Companion.decrypt | RECV: AUDIO Media Data type: 0 flags: 11 size: 8202 dataOffset: 2
09-15 13:32:47.505 11458 11842 D OPENHU  : [80] Companion.decrypt | RECV: AUDIO Media Data type: 0 flags: 11 size: 8202 dataOffset: 2
09-15 13:32:47.547 11458 11842 D OPENHU  : [80] Companion.decrypt | RECV: AUDIO Media Data type: 0 flags: 11 size: 8202 dataOffset: 2
09-15 13:32:47.589 11458 11842 D OPENHU  : [80] Companion.decrypt | RECV: AUDIO Media Data type: 0 flags: 11 size: 8202 dataOffset: 2
09-15 13:32:47.630 11458 11842 D OPENHU  : [80] Companion.decrypt | RECV: AUDIO Media Data type: 0 flags: 11 size: 8202 dataOffset: 2
09-15 13:32:47.673 11458 11842 D OPENHU  : [80] Companion.decrypt | RECV: AUDIO Media Data type: 0 flags: 11 size: 8202 dataOffset: 2
09-15 13:32:47.719 11458 11842 D OPENHU  : [80] Companion.decrypt | RECV: AUDIO Media Data type: 0 flags: 11 size: 8202 dataOffset: 2
09-15 13:32:47.759 11458 11842 D OPENHU  : [80] Companion.decrypt | RECV: AUDIO Media Data type: 0 flags: 11 size: 8202 dataOffset: 2
09-15 13:32:47.803 11458 11842 D OPENHU  : [80] Companion.decrypt | RECV: AUDIO Media Data type: 0 flags: 11 size: 8202 dataOffset: 2
09-15 13:32:47.844 11458 11842 D OPENHU  : [80] Companion.decrypt | RECV: AUDIO Media Data type: 0 flags: 11 size: 8202 dataOffset: 2
09-15 13:32:47.850 11458 11870 I OPENHU  : [89] VideoDecoder.logThroughput | Throughput over 5004ms: rendered=246 (49fps), fed=245 (48fps), dropped=0, skipped=0, concealed=0, inputWait=108ms, enqueueWait=0ms, codec=c2.unisoc.avc.decoder, presented=246 (49fps), decodeLatency=9ms p95=13ms (246 frames)
09-15 13:32:47.889 11458 11458 I OPENHU  : [2] TextureProjectionView.onSurfaceTextureUpdated | TextureProjectionView: displayed 195 frames in 5020ms (38fps), longFrames=1
09-15 13:32:47.889 11458 11842 D OPENHU  : [80] Companion.decrypt | RECV: AUDIO Media Data type: 0 flags: 11 size: 8202 dataOffset: 2
09-15 13:32:47.930 11458 11842 D OPENHU  : [80] Companion.decrypt | RECV: AUDIO Media Data type: 0 flags: 11 size: 8202 dataOffset: 2
09-15 13:32:47.971 11458 11842 D OPENHU  : [80] Companion.decrypt | RECV: AUDIO Media Data type: 0 flags: 11 size: 8202 dataOffset: 2
09-15 13:32:47.984 11458 11842 D OPENHU  : [80] Companion.decrypt | RECV: CONTROL Ping Request type: 11 flags: 11 size: 12 dataOffset: 2
09-15 13:32:47.985 11458 11842 V OPENHU  : [80] AapTransport.send | CONTROL Ping Response type: 12 flags: 11 size: 14 dataOffset: 6
09-15 13:32:47.994 11458 11458 V OPENHU  : [2] GpsLocation.onLocationChanged | GpsLocation: fix received
09-15 13:32:48.005 11458 11458 V OPENHU  : [2] AapTransport.send | SENSOR Sensor Event type: 32771 flags: 11 size: 46 dataOffset: 6
09-15 13:32:48.018 11458 11842 D OPENHU  : [80] Companion.decrypt | RECV: AUDIO Media Data type: 0 flags: 11 size: 8202 dataOffset: 2
09-15 13:32:48.058 11458 11842 D OPENHU  : [80] Companion.decrypt | RECV: AUDIO Media Data type: 0 flags: 11 size: 8202 dataOffset: 2
09-15 13:32:48.099 11458 11842 D OPENHU  : [80] Companion.decrypt | RECV: AUDIO Media Data type: 0 flags: 11 size: 8202 dataOffset: 2
09-15 13:32:48.142 11458 11842 D OPENHU  : [80] Companion.decrypt | RECV: AUDIO Media Data type: 0 flags: 11 size: 8202 dataOffset: 2
09-15 13:32:48.149 11458 11842 D OPENHU  : [80] Companion.decrypt | RECV: MUSIC_PLAYBACK Media Playback Status type: 32769 flags: 11 size: 18 dataOffset: 2
09-15 13:32:48.150 11458 11842 D OPENHU  : [80] AapMediaPlayback.processStatusPacket | AapMediaPlayback: status mediaSource='VLC', playbackSeconds(u32)=201, state=PLAYING
09-15 13:32:48.186 11458 11842 D OPENHU  : [80] Companion.decrypt | RECV: AUDIO Media Data type: 0 flags: 11 size: 8202 dataOffset: 2
09-15 13:32:48.228 11458 11842 D OPENHU  : [80] Companion.decrypt | RECV: AUDIO Media Data type: 0 flags: 11 size: 8202 dataOffset: 2
09-15 13:32:48.271 11458 11842 D OPENHU  : [80] Companion.decrypt | RECV: AUDIO Media Data type: 0 flags: 11 size: 8202 dataOffset: 2
09-15 13:32:48.315 11458 11842 D OPENHU  : [80] Companion.decrypt | RECV: AUDIO Media Data type: 0 flags: 11 size: 8202 dataOffset: 2
09-15 13:32:48.356 11458 11842 D OPENHU  : [80] Companion.decrypt | RECV: AUDIO Media Data type: 0 flags: 11 size: 8202 dataOffset: 2
09-15 13:32:48.400 11458 11842 D OPENHU  : [80] Companion.decrypt | RECV: AUDIO Media Data type: 0 flags: 11 size: 8202 dataOffset: 2
09-15 13:32:48.446 11458 11842 D OPENHU  : [80] Companion.decrypt | RECV: AUDIO Media Data type: 0 flags: 11 size: 8202 dataOffset: 2
09-15 13:32:48.488 11458 11842 D OPENHU  : [80] Companion.decrypt | RECV: AUDIO Media Data type: 0 flags: 11 size: 8202 dataOffset: 2
09-15 13:32:48.528 11458 11842 D OPENHU  : [80] Companion.decrypt | RECV: AUDIO Media Data type: 0 flags: 11 size: 8202 dataOffset: 2
09-15 13:32:48.569 11458 11842 D OPENHU  : [80] Companion.decrypt | RECV: AUDIO Media Data type: 0 flags: 11 size: 8202 dataOffset: 2
09-15 13:32:48.615 11458 11842 D OPENHU  : [80] Companion.decrypt | RECV: AUDIO Media Data type: 0 flags: 11 size: 8202 dataOffset: 2
09-15 13:32:48.656 11458 11842 D OPENHU  : [80] Companion.decrypt | RECV: AUDIO Media Data type: 0 flags: 11 size: 8202 dataOffset: 2
09-15 13:32:48.699 11458 11842 D OPENHU  : [80] Companion.decrypt | RECV: AUDIO Media Data type: 0 flags: 11 size: 8202 dataOffset: 2
09-15 13:32:48.739 11458 11842 D OPENHU  : [80] Companion.decrypt | RECV: AUDIO Media Data type: 0 flags: 11 size: 8202 dataOffset: 2
09-15 13:32:48.783 11458 11842 D OPENHU  : [80] Companion.decrypt | RECV: AUDIO Media Data type: 0 flags: 11 size: 8202 dataOffset: 2
09-15 13:32:48.826 11458 11842 D OPENHU  : [80] Companion.decrypt | RECV: AUDIO Media Data type: 0 flags: 11 size: 8202 dataOffset: 2
09-15 13:32:48.869 11458 11842 D OPENHU  : [80] Companion.decrypt | RECV: AUDIO Media Data type: 0 flags: 11 size: 8202 dataOffset: 2
09-15 13:32:48.914 11458 11842 D OPENHU  : [80] Companion.decrypt | RECV: AUDIO Media Data type: 0 flags: 11 size: 8202 dataOffset: 2
09-15 13:32:48.956 11458 11842 D OPENHU  : [80] Companion.decrypt | RECV: AUDIO Media Data type: 0 flags: 11 size: 8202 dataOffset: 2
09-15 13:32:48.987 11458 11842 D OPENHU  : [80] Companion.decrypt | RECV: CONTROL Ping Request type: 11 flags: 11 size: 12 dataOffset: 2
09-15 13:32:48.988 11458 11842 V OPENHU  : [80] AapTransport.send | CONTROL Ping Response type: 12 flags: 11 size: 14 dataOffset: 6
09-15 13:32:48.996 11458 11842 D OPENHU  : [80] Companion.decrypt | RECV: AUDIO Media Data type: 0 flags: 11 size: 8202 dataOffset: 2
09-15 13:32:49.010 11458 11458 V OPENHU  : [2] GpsLocation.onLocationChanged | GpsLocation: fix received
09-15 13:32:49.017 11458 11458 V OPENHU  : [2] AapTransport.send | SENSOR Sensor Event type: 32771 flags: 11 size: 46 dataOffset: 6
09-15 13:32:49.038 11458 11842 D OPENHU  : [80] Companion.decrypt | RECV: AUDIO Media Data type: 0 flags: 11 size: 8202 dataOffset: 2
09-15 13:32:49.080 11458 11842 D OPENHU  : [80] Companion.decrypt | RECV: AUDIO Media Data type: 0 flags: 11 size: 8202 dataOffset: 2
09-15 13:32:49.124 11458 11842 D OPENHU  : [80] Companion.decrypt | RECV: AUDIO Media Data type: 0 flags: 11 size: 8202 dataOffset: 2
09-15 13:32:49.146 11458 11842 D OPENHU  : [80] Companion.decrypt | RECV: MUSIC_PLAYBACK Media Playback Status type: 32769 flags: 11 size: 18 dataOffset: 2
09-15 13:32:49.147 11458 11842 D OPENHU  : [80] AapMediaPlayback.processStatusPacket | AapMediaPlayback: status mediaSource='VLC', playbackSeconds(u32)=202, state=PLAYING
09-15 13:32:49.166 11458 11842 D OPENHU  : [80] Companion.decrypt | RECV: AUDIO Media Data type: 0 flags: 11 size: 8202 dataOffset: 2
09-15 13:32:49.209 11458 11842 D OPENHU  : [80] Companion.decrypt | RECV: AUDIO Media Data type: 0 flags: 11 size: 8202 dataOffset: 2
09-15 13:32:49.251 11458 11842 D OPENHU  : [80] Companion.decrypt | RECV: AUDIO Media Data type: 0 flags: 11 size: 8202 dataOffset: 2
09-15 13:32:49.295 11458 11842 D OPENHU  : [80] Companion.decrypt | RECV: AUDIO Media Data type: 0 flags: 11 size: 8202 dataOffset: 2
09-15 13:32:49.337 11458 11842 D OPENHU  : [80] Companion.decrypt | RECV: AUDIO Media Data type: 0 flags: 11 size: 8202 dataOffset: 2
09-15 13:32:49.379 11458 11842 D OPENHU  : [80] Companion.decrypt | RECV: AUDIO Media Data type: 0 flags: 11 size: 8202 dataOffset: 2
09-15 13:32:49.426 11458 11842 D OPENHU  : [80] Companion.decrypt | RECV: AUDIO Media Data type: 0 flags: 11 size: 8202 dataOffset: 2
09-15 13:32:49.468 11458 11842 D OPENHU  : [80] Companion.decrypt | RECV: AUDIO Media Data type: 0 flags: 11 size: 8202 dataOffset: 2
09-15 13:32:49.511 11458 11842 D OPENHU  : [80] Companion.decrypt | RECV: AUDIO Media Data type: 0 flags: 11 size: 8202 dataOffset: 2
09-15 13:32:49.554 11458 11842 D OPENHU  : [80] Companion.decrypt | RECV: AUDIO Media Data type: 0 flags: 11 size: 8202 dataOffset: 2
09-15 13:32:49.595 11458 11842 D OPENHU  : [80] Companion.decrypt | RECV: AUDIO Media Data type: 0 flags: 11 size: 8202 dataOffset: 2
09-15 13:32:49.635 11458 11842 D OPENHU  : [80] Companion.decrypt | RECV: AUDIO Media Data type: 0 flags: 11 size: 8202 dataOffset: 2
09-15 13:32:49.678 11458 11842 D OPENHU  : [80] Companion.decrypt | RECV: AUDIO Media Data type: 0 flags: 11 size: 8202 dataOffset: 2
09-15 13:32:49.722 11458 11842 D OPENHU  : [80] Companion.decrypt | RECV: AUDIO Media Data type: 0 flags: 11 size: 8202 dataOffset: 2
09-15 13:32:49.770 11458 11842 D OPENHU  : [80] Companion.decrypt | RECV: AUDIO Media Data type: 0 flags: 11 size: 8202 dataOffset: 2
09-15 13:32:49.810 11458 11842 D OPENHU  : [80] Companion.decrypt | RECV: AUDIO Media Data type: 0 flags: 11 size: 8202 dataOffset: 2
09-15 13:32:49.850 11458 11842 D OPENHU  : [80] Companion.decrypt | RECV: AUDIO Media Data type: 0 flags: 11 size: 8202 dataOffset: 2
09-15 13:32:49.895 11458 11842 D OPENHU  : [80] Companion.decrypt | RECV: AUDIO Media Data type: 0 flags: 11 size: 8202 dataOffset: 2
09-15 13:32:49.937 11458 11842 D OPENHU  : [80] Companion.decrypt | RECV: AUDIO Media Data type: 0 flags: 11 size: 8202 dataOffset: 2
09-15 13:32:49.981 11458 11842 D OPENHU  : [80] Companion.decrypt | RECV: AUDIO Media Data type: 0 flags: 11 size: 8202 dataOffset: 2
09-15 13:32:49.990 11458 11842 D OPENHU  : [80] Companion.decrypt | RECV: CONTROL Ping Request type: 11 flags: 11 size: 12 dataOffset: 2
09-15 13:32:49.992 11458 11842 V OPENHU  : [80] AapTransport.send | CONTROL Ping Response type: 12 flags: 11 size: 14 dataOffset: 6
09-15 13:32:49.995 11458 11458 V OPENHU  : [2] GpsLocation.onLocationChanged | GpsLocation: fix received
09-15 13:32:50.004 11458 11458 V OPENHU  : [2] AapTransport.send | SENSOR Sensor Event type: 32771 flags: 11 size: 46 dataOffset: 6
09-15 13:32:50.020 11458 11842 D OPENHU  : [80] Companion.decrypt | RECV: AUDIO Media Data type: 0 flags: 11 size: 8202 dataOffset: 2
09-15 13:32:50.065 11458 11842 D OPENHU  : [80] Companion.decrypt | RECV: AUDIO Media Data type: 0 flags: 11 size: 8202 dataOffset: 2
09-15 13:32:50.105 11458 11842 D OPENHU  : [80] Companion.decrypt | RECV: AUDIO Media Data type: 0 flags: 11 size: 8202 dataOffset: 2
09-15 13:32:50.148 11458 11842 D OPENHU  : [80] Companion.decrypt | RECV: MUSIC_PLAYBACK Media Playback Status type: 32769 flags: 11 size: 18 dataOffset: 2
09-15 13:32:50.149 11458 11842 D OPENHU  : [80] AapMediaPlayback.processStatusPacket | AapMediaPlayback: status mediaSource='VLC', playbackSeconds(u32)=203, state=PLAYING
09-15 13:32:50.151 11458 11842 D OPENHU  : [80] Companion.decrypt | RECV: AUDIO Media Data type: 0 flags: 11 size: 8202 dataOffset: 2
09-15 13:32:50.190 11458 11842 D OPENHU  : [80] Companion.decrypt | RECV: AUDIO Media Data type: 0 flags: 11 size: 8202 dataOffset: 2
09-15 13:32:50.233 11458 11842 D OPENHU  : [80] Companion.decrypt | RECV: AUDIO Media Data type: 0 flags: 11 size: 8202 dataOffset: 2
09-15 13:32:50.276 11458 11842 D OPENHU  : [80] Companion.decrypt | RECV: AUDIO Media Data type: 0 flags: 11 size: 8202 dataOffset: 2
09-15 13:32:50.317 11458 11842 D OPENHU  : [80] Companion.decrypt | RECV: AUDIO Media Data type: 0 flags: 11 size: 8202 dataOffset: 2
09-15 13:32:50.364 11458 11842 D OPENHU  : [80] Companion.decrypt | RECV: AUDIO Media Data type: 0 flags: 11 size: 8202 dataOffset: 2
09-15 13:32:50.403 11458 11842 D OPENHU  : [80] Companion.decrypt | RECV: AUDIO Media Data type: 0 flags: 11 size: 8202 dataOffset: 2
09-15 13:32:50.450 11458 11842 D OPENHU  : [80] Companion.decrypt | RECV: AUDIO Media Data type: 0 flags: 11 size: 8202 dataOffset: 2
09-15 13:32:50.491 11458 11842 D OPENHU  : [80] Companion.decrypt | RECV: AUDIO Media Data type: 0 flags: 11 size: 8202 dataOffset: 2
09-15 13:32:50.533 11458 11842 D OPENHU  : [80] Companion.decrypt | RECV: AUDIO Media Data type: 0 flags: 11 size: 8202 dataOffset: 2
09-15 13:32:50.575 11458 11842 D OPENHU  : [80] Companion.decrypt | RECV: AUDIO Media Data type: 0 flags: 11 size: 8202 dataOffset: 2
09-15 13:32:50.617 11458 11842 D OPENHU  : [80] Companion.decrypt | RECV: AUDIO Media Data type: 0 flags: 11 size: 8202 dataOffset: 2
09-15 13:32:50.662 11458 11842 D OPENHU  : [80] Companion.decrypt | RECV: AUDIO Media Data type: 0 flags: 11 size: 8202 dataOffset: 2
09-15 13:32:50.702 11458 11842 D OPENHU  : [80] Companion.decrypt | RECV: AUDIO Media Data type: 0 flags: 11 size: 8202 dataOffset: 2
09-15 13:32:50.746 11458 11842 D OPENHU  : [80] Companion.decrypt | RECV: AUDIO Media Data type: 0 flags: 11 size: 8202 dataOffset: 2
09-15 13:32:50.789 11458 11842 D OPENHU  : [80] Companion.decrypt | RECV: AUDIO Media Data type: 0 flags: 11 size: 8202 dataOffset: 2
09-15 13:32:50.830 11458 11842 D OPENHU  : [80] Companion.decrypt | RECV: AUDIO Media Data type: 0 flags: 11 size: 8202 dataOffset: 2
09-15 13:32:50.874 11458 11842 D OPENHU  : [80] Companion.decrypt | RECV: AUDIO Media Data type: 0 flags: 11 size: 8202 dataOffset: 2
09-15 13:32:50.916 11458 11842 D OPENHU  : [80] Companion.decrypt | RECV: AUDIO Media Data type: 0 flags: 11 size: 8202 dataOffset: 2
09-15 13:32:50.960 11458 11842 D OPENHU  : [80] Companion.decrypt | RECV: AUDIO Media Data type: 0 flags: 11 size: 8202 dataOffset: 2
09-15 13:32:50.988 11458 11842 D OPENHU  : [80] Companion.decrypt | RECV: CONTROL Ping Request type: 11 flags: 11 size: 12 dataOffset: 2
09-15 13:32:50.989 11458 11842 V OPENHU  : [80] AapTransport.send | CONTROL Ping Response type: 12 flags: 11 size: 14 dataOffset: 6
09-15 13:32:51.002 11458 11842 D OPENHU  : [80] Companion.decrypt | RECV: AUDIO Media Data type: 0 flags: 11 size: 8202 dataOffset: 2
09-15 13:32:51.017 11458 11458 V OPENHU  : [2] GpsLocation.onLocationChanged | GpsLocation: fix received
09-15 13:32:51.027 11458 11458 V OPENHU  : [2] AapTransport.send | SENSOR Sensor Event type: 32771 flags: 11 size: 46 dataOffset: 6
09-15 13:32:51.045 11458 11842 D OPENHU  : [80] Companion.decrypt | RECV: AUDIO Media Data type: 0 flags: 11 size: 8202 dataOffset: 2
09-15 13:32:51.088 11458 11842 D OPENHU  : [80] Companion.decrypt | RECV: AUDIO Media Data type: 0 flags: 11 size: 8202 dataOffset: 2
09-15 13:32:51.129 11458 11842 D OPENHU  : [80] Companion.decrypt | RECV: AUDIO Media Data type: 0 flags: 11 size: 8202 dataOffset: 2
09-15 13:32:51.152 11458 11842 D OPENHU  : [80] Companion.decrypt | RECV: MUSIC_PLAYBACK Media Playback Status type: 32769 flags: 11 size: 18 dataOffset: 2
09-15 13:32:51.153 11458 11842 D OPENHU  : [80] AapMediaPlayback.processStatusPacket | AapMediaPlayback: status mediaSource='VLC', playbackSeconds(u32)=204, state=PLAYING
09-15 13:32:51.174 11458 11842 D OPENHU  : [80] Companion.decrypt | RECV: AUDIO Media Data type: 0 flags: 11 size: 8202 dataOffset: 2
09-15 13:32:51.216 11458 11842 D OPENHU  : [80] Companion.decrypt | RECV: AUDIO Media Data type: 0 flags: 11 size: 8202 dataOffset: 2
09-15 13:32:51.258 11458 11842 D OPENHU  : [80] Companion.decrypt | RECV: AUDIO Media Data type: 0 flags: 11 size: 8202 dataOffset: 2
09-15 13:32:51.301 11458 11842 D OPENHU  : [80] Companion.decrypt | RECV: AUDIO Media Data type: 0 flags: 11 size: 8202 dataOffset: 2
09-15 13:32:51.342 11458 11842 D OPENHU  : [80] Companion.decrypt | RECV: AUDIO Media Data type: 0 flags: 11 size: 8202 dataOffset: 2
09-15 13:32:51.386 11458 11842 D OPENHU  : [80] Companion.decrypt | RECV: AUDIO Media Data type: 0 flags: 11 size: 8202 dataOffset: 2
09-15 13:32:51.426 11458 11842 D OPENHU  : [80] Companion.decrypt | RECV: AUDIO Media Data type: 0 flags: 11 size: 8202 dataOffset: 2
09-15 13:32:51.471 11458 11842 D OPENHU  : [80] Companion.decrypt | RECV: AUDIO Media Data type: 0 flags: 11 size: 8202 dataOffset: 2
09-15 13:32:51.513 11458 11842 D OPENHU  : [80] Companion.decrypt | RECV: AUDIO Media Data type: 0 flags: 11 size: 8202 dataOffset: 2
09-15 13:32:51.558 11458 11842 D OPENHU  : [80] Companion.decrypt | RECV: AUDIO Media Data type: 0 flags: 11 size: 8202 dataOffset: 2
09-15 13:32:51.600 11458 11842 D OPENHU  : [80] Companion.decrypt | RECV: AUDIO Media Data type: 0 flags: 11 size: 8202 dataOffset: 2
09-15 13:32:51.642 11458 11842 D OPENHU  : [80] Companion.decrypt | RECV: AUDIO Media Data type: 0 flags: 11 size: 8202 dataOffset: 2
09-15 13:32:51.685 11458 11842 D OPENHU  : [80] Companion.decrypt | RECV: AUDIO Media Data type: 0 flags: 11 size: 8202 dataOffset: 2
09-15 13:32:51.726 11458 11842 D OPENHU  : [80] Companion.decrypt | RECV: AUDIO Media Data type: 0 flags: 11 size: 8202 dataOffset: 2
09-15 13:32:51.771 11458 11842 D OPENHU  : [80] Companion.decrypt | RECV: AUDIO Media Data type: 0 flags: 11 size: 8202 dataOffset: 2
09-15 13:32:51.812 11458 11842 D OPENHU  : [80] Companion.decrypt | RECV: AUDIO Media Data type: 0 flags: 11 size: 8202 dataOffset: 2
09-15 13:32:51.856 11458 11842 D OPENHU  : [80] Companion.decrypt | RECV: AUDIO Media Data type: 0 flags: 11 size: 8202 dataOffset: 2
09-15 13:32:51.898 11458 11842 D OPENHU  : [80] Companion.decrypt | RECV: AUDIO Media Data type: 0 flags: 11 size: 8202 dataOffset: 2
09-15 13:32:51.941 11458 11842 D OPENHU  : [80] Companion.decrypt | RECV: AUDIO Media Data type: 0 flags: 11 size: 8202 dataOffset: 2
09-15 13:32:51.985 11458 11842 D OPENHU  : [80] Companion.decrypt | RECV: AUDIO Media Data type: 0 flags: 11 size: 8202 dataOffset: 2
09-15 13:32:51.988 11458 11842 D OPENHU  : [80] Companion.decrypt | RECV: CONTROL Ping Request type: 11 flags: 11 size: 12 dataOffset: 2
09-15 13:32:51.989 11458 11842 V OPENHU  : [80] AapTransport.send | CONTROL Ping Response type: 12 flags: 11 size: 14 dataOffset: 6
09-15 13:32:51.997 11458 11458 V OPENHU  : [2] GpsLocation.onLocationChanged | GpsLocation: fix received
09-15 13:32:52.005 11458 11458 V OPENHU  : [2] AapTransport.send | SENSOR Sensor Event type: 32771 flags: 11 size: 46 dataOffset: 6
09-15 13:32:52.025 11458 11842 D OPENHU  : [80] Companion.decrypt | RECV: AUDIO Media Data type: 0 flags: 11 size: 8202 dataOffset: 2
09-15 13:32:52.068 11458 11842 D OPENHU  : [80] Companion.decrypt | RECV: AUDIO Media Data type: 0 flags: 11 size: 8202 dataOffset: 2
09-15 13:32:52.110 11458 11842 D OPENHU  : [80] Companion.decrypt | RECV: AUDIO Media Data type: 0 flags: 11 size: 8202 dataOffset: 2
09-15 13:32:52.151 11458 11842 D OPENHU  : [80] Companion.decrypt | RECV: MUSIC_PLAYBACK Media Playback Status type: 32769 flags: 11 size: 18 dataOffset: 2
09-15 13:32:52.152 11458 11842 D OPENHU  : [80] AapMediaPlayback.processStatusPacket | AapMediaPlayback: status mediaSource='VLC', playbackSeconds(u32)=205, state=PLAYING
09-15 13:32:52.155 11458 11842 D OPENHU  : [80] Companion.decrypt | RECV: AUDIO Media Data type: 0 flags: 11 size: 8202 dataOffset: 2
09-15 13:32:52.196 11458 11842 D OPENHU  : [80] Companion.decrypt | RECV: AUDIO Media Data type: 0 flags: 11 size: 8202 dataOffset: 2
09-15 13:32:52.240 11458 11842 D OPENHU  : [80] Companion.decrypt | RECV: AUDIO Media Data type: 0 flags: 11 size: 8202 dataOffset: 2
09-15 13:32:52.282 11458 11842 D OPENHU  : [80] Companion.decrypt | RECV: AUDIO Media Data type: 0 flags: 11 size: 8202 dataOffset: 2
09-15 13:32:52.325 11458 11842 D OPENHU  : [80] Companion.decrypt | RECV: AUDIO Media Data type: 0 flags: 11 size: 8202 dataOffset: 2
09-15 13:32:52.372 11458 11842 D OPENHU  : [80] Companion.decrypt | RECV: AUDIO Media Data type: 0 flags: 11 size: 8202 dataOffset: 2
09-15 13:32:52.413 11458 11842 D OPENHU  : [80] Companion.decrypt | RECV: AUDIO Media Data type: 0 flags: 11 size: 8202 dataOffset: 2
09-15 13:32:52.453 11458 11842 D OPENHU  : [80] Companion.decrypt | RECV: AUDIO Media Data type: 0 flags: 11 size: 8202 dataOffset: 2
09-15 13:32:52.495 11458 11842 D OPENHU  : [80] Companion.decrypt | RECV: AUDIO Media Data type: 0 flags: 11 size: 8202 dataOffset: 2
09-15 13:32:52.537 11458 11842 D OPENHU  : [80] Companion.decrypt | RECV: AUDIO Media Data type: 0 flags: 11 size: 8202 dataOffset: 2
09-15 13:32:52.581 11458 11842 D OPENHU  : [80] Companion.decrypt | RECV: AUDIO Media Data type: 0 flags: 11 size: 8202 dataOffset: 2
09-15 13:32:52.621 11458 11842 D OPENHU  : [80] Companion.decrypt | RECV: AUDIO Media Data type: 0 flags: 11 size: 8202 dataOffset: 2
09-15 13:32:52.665 11458 11842 D OPENHU  : [80] Companion.decrypt | RECV: AUDIO Media Data type: 0 flags: 11 size: 8202 dataOffset: 2
09-15 13:32:52.708 11458 11842 D OPENHU  : [80] Companion.decrypt | RECV: AUDIO Media Data type: 0 flags: 11 size: 8202 dataOffset: 2
09-15 13:32:52.751 11458 11842 D OPENHU  : [80] Companion.decrypt | RECV: AUDIO Media Data type: 0 flags: 11 size: 8202 dataOffset: 2
09-15 13:32:52.793 11458 11842 D OPENHU  : [80] Companion.decrypt | RECV: AUDIO Media Data type: 0 flags: 11 size: 8202 dataOffset: 2
09-15 13:32:52.836 11458 11842 D OPENHU  : [80] Companion.decrypt | RECV: AUDIO Media Data type: 0 flags: 11 size: 8202 dataOffset: 2
09-15 13:32:52.858 11458 11870 I OPENHU  : [89] VideoDecoder.logThroughput | Throughput over 5008ms: rendered=171 (34fps), fed=172 (34fps), dropped=0, skipped=0, concealed=0, inputWait=81ms, enqueueWait=0ms, codec=c2.unisoc.avc.decoder, presented=171 (34fps), decodeLatency=9ms p95=12ms (171 frames)
09-15 13:32:52.880 11458 11842 D OPENHU  : [80] Companion.decrypt | RECV: AUDIO Media Data type: 0 flags: 11 size: 8202 dataOffset: 2
09-15 13:32:52.921 11458 11842 D OPENHU  : [80] Companion.decrypt | RECV: AUDIO Media Data type: 0 flags: 11 size: 8202 dataOffset: 2
09-15 13:32:52.922 11458 11458 I OPENHU  : [2] TextureProjectionView.onSurfaceTextureUpdated | TextureProjectionView: displayed 142 frames in 5033ms (28fps), longFrames=1
09-15 13:32:52.968 11458 11842 D OPENHU  : [80] Companion.decrypt | RECV: AUDIO Media Data type: 0 flags: 11 size: 8202 dataOffset: 2
09-15 13:32:52.989 11458 11842 D OPENHU  : [80] Companion.decrypt | RECV: CONTROL Ping Request type: 11 flags: 11 size: 12 dataOffset: 2
09-15 13:32:52.990 11458 11842 V OPENHU  : [80] AapTransport.send | CONTROL Ping Response type: 12 flags: 11 size: 14 dataOffset: 6
09-15 13:32:53.006 11458 11842 D OPENHU  : [80] Companion.decrypt | RECV: AUDIO Media Data type: 0 flags: 11 size: 8202 dataOffset: 2
09-15 13:32:53.022 11458 11458 V OPENHU  : [2] GpsLocation.onLocationChanged | GpsLocation: fix received
09-15 13:32:53.053 11458 11458 V OPENHU  : [2] AapTransport.send | SENSOR Sensor Event type: 32771 flags: 11 size: 46 dataOffset: 6
09-15 13:32:53.054 11458 11842 D OPENHU  : [80] Companion.decrypt | RECV: AUDIO Media Data type: 0 flags: 11 size: 8202 dataOffset: 2
09-15 13:32:53.094 11458 11842 D OPENHU  : [80] Companion.decrypt | RECV: AUDIO Media Data type: 0 flags: 11 size: 8202 dataOffset: 2
09-15 13:32:53.136 11458 11842 D OPENHU  : [80] Companion.decrypt | RECV: AUDIO Media Data type: 0 flags: 11 size: 8202 dataOffset: 2
09-15 13:32:53.151 11458 11842 D OPENHU  : [80] Companion.decrypt | RECV: MUSIC_PLAYBACK Media Playback Status type: 32769 flags: 11 size: 18 dataOffset: 2
09-15 13:32:53.152 11458 11842 D OPENHU  : [80] AapMediaPlayback.processStatusPacket | AapMediaPlayback: status mediaSource='VLC', playbackSeconds(u32)=206, state=PLAYING
09-15 13:32:53.179 11458 11842 D OPENHU  : [80] Companion.decrypt | RECV: AUDIO Media Data type: 0 flags: 11 size: 8202 dataOffset: 2
09-15 13:32:53.221 11458 11842 D OPENHU  : [80] Companion.decrypt | RECV: AUDIO Media Data type: 0 flags: 11 size: 8202 dataOffset: 2
09-15 13:32:53.263 11458 11842 D OPENHU  : [80] Companion.decrypt | RECV: AUDIO Media Data type: 0 flags: 11 size: 8202 dataOffset: 2
09-15 13:32:53.304 11458 11842 D OPENHU  : [80] Companion.decrypt | RECV: AUDIO Media Data type: 0 flags: 11 size: 8202 dataOffset: 2
09-15 13:32:53.350 11458 11842 D OPENHU  : [80] Companion.decrypt | RECV: AUDIO Media Data type: 0 flags: 11 size: 8202 dataOffset: 2
09-15 13:32:53.392 11458 11842 D OPENHU  : [80] Companion.decrypt | RECV: AUDIO Media Data type: 0 flags: 11 size: 8202 dataOffset: 2
09-15 13:32:53.434 11458 11842 D OPENHU  : [80] Companion.decrypt | RECV: AUDIO Media Data type: 0 flags: 11 size: 8202 dataOffset: 2
09-15 13:32:53.476 11458 11842 D OPENHU  : [80] Companion.decrypt | RECV: AUDIO Media Data type: 0 flags: 11 size: 8202 dataOffset: 2
09-15 13:32:53.519 11458 11842 D OPENHU  : [80] Companion.decrypt | RECV: AUDIO Media Data type: 0 flags: 11 size: 8202 dataOffset: 2
09-15 13:32:53.561 11458 11842 D OPENHU  : [80] Companion.decrypt | RECV: AUDIO Media Data type: 0 flags: 11 size: 8202 dataOffset: 2
09-15 13:32:53.604 11458 11842 D OPENHU  : [80] Companion.decrypt | RECV: AUDIO Media Data type: 0 flags: 11 size: 8202 dataOffset: 2
09-15 13:32:53.652 11458 11842 D OPENHU  : [80] Companion.decrypt | RECV: AUDIO Media Data type: 0 flags: 11 size: 8202 dataOffset: 2
09-15 13:32:53.692 11458 11842 D OPENHU  : [80] Companion.decrypt | RECV: AUDIO Media Data type: 0 flags: 11 size: 8202 dataOffset: 2
09-15 13:32:53.732 11458 11842 D OPENHU  : [80] Companion.decrypt | RECV: AUDIO Media Data type: 0 flags: 11 size: 8202 dataOffset: 2
09-15 13:32:53.778 11458 11842 D OPENHU  : [80] Companion.decrypt | RECV: AUDIO Media Data type: 0 flags: 11 size: 8202 dataOffset: 2
09-15 13:32:53.817 11458 11842 D OPENHU  : [80] Companion.decrypt | RECV: AUDIO Media Data type: 0 flags: 11 size: 8202 dataOffset: 2
09-15 13:32:53.862 11458 11842 D OPENHU  : [80] Companion.decrypt | RECV: AUDIO Media Data type: 0 flags: 11 size: 8202 dataOffset: 2
09-15 13:32:53.904 11458 11842 D OPENHU  : [80] Companion.decrypt | RECV: AUDIO Media Data type: 0 flags: 11 size: 8202 dataOffset: 2
09-15 13:32:53.947 11458 11842 D OPENHU  : [80] Companion.decrypt | RECV: AUDIO Media Data type: 0 flags: 11 size: 8202 dataOffset: 2
09-15 13:32:53.988 11458 11842 D OPENHU  : [80] Companion.decrypt | RECV: AUDIO Media Data type: 0 flags: 11 size: 8202 dataOffset: 2
09-15 13:32:53.992 11458 11842 D OPENHU  : [80] Companion.decrypt | RECV: CONTROL Ping Request type: 11 flags: 11 size: 12 dataOffset: 2
09-15 13:32:53.992 11458 11842 V OPENHU  : [80] AapTransport.send | CONTROL Ping Response type: 12 flags: 11 size: 14 dataOffset: 6
09-15 13:32:54.000 11458 11458 V OPENHU  : [2] GpsLocation.onLocationChanged | GpsLocation: fix received
09-15 13:32:54.021 11458 11458 V OPENHU  : [2] AapTransport.send | SENSOR Sensor Event type: 32771 flags: 11 size: 46 dataOffset: 6
09-15 13:32:54.033 11458 11842 D OPENHU  : [80] Companion.decrypt | RECV: AUDIO Media Data type: 0 flags: 11 size: 8202 dataOffset: 2
09-15 13:32:54.074 11458 11842 D OPENHU  : [80] Companion.decrypt | RECV: AUDIO Media Data type: 0 flags: 11 size: 8202 dataOffset: 2
09-15 13:32:54.116 11458 11842 D OPENHU  : [80] Companion.decrypt | RECV: AUDIO Media Data type: 0 flags: 11 size: 8202 dataOffset: 2
09-15 13:32:54.151 11458 11842 D OPENHU  : [80] Companion.decrypt | RECV: MUSIC_PLAYBACK Media Playback Status type: 32769 flags: 11 size: 18 dataOffset: 2
09-15 13:32:54.152 11458 11842 D OPENHU  : [80] AapMediaPlayback.processStatusPacket | AapMediaPlayback: status mediaSource='VLC', playbackSeconds(u32)=207, state=PLAYING
09-15 13:32:54.159 11458 11842 D OPENHU  : [80] Companion.decrypt | RECV: AUDIO Media Data type: 0 flags: 11 size: 8202 dataOffset: 2
09-15 13:32:54.205 11458 11842 D OPENHU  : [80] Companion.decrypt | RECV: AUDIO Media Data type: 0 flags: 11 size: 8202 dataOffset: 2
09-15 13:32:54.245 11458 11842 D OPENHU  : [80] Companion.decrypt | RECV: AUDIO Media Data type: 0 flags: 11 size: 8202 dataOffset: 2
09-15 13:32:54.288 11458 11842 D OPENHU  : [80] Companion.decrypt | RECV: AUDIO Media Data type: 0 flags: 11 size: 8202 dataOffset: 2
09-15 13:32:54.332 11458 11842 D OPENHU  : [80] Companion.decrypt | RECV: AUDIO Media Data type: 0 flags: 11 size: 8202 dataOffset: 2
09-15 13:32:54.373 11458 11842 D OPENHU  : [80] Companion.decrypt | RECV: AUDIO Media Data type: 0 flags: 11 size: 8202 dataOffset: 2
09-15 13:32:54.418 11458 11842 D OPENHU  : [80] Companion.decrypt | RECV: AUDIO Media Data type: 0 flags: 11 size: 8202 dataOffset: 2
09-15 13:32:54.458 11458 11842 D OPENHU  : [80] Companion.decrypt | RECV: AUDIO Media Data type: 0 flags: 11 size: 8202 dataOffset: 2
09-15 13:32:54.500 11458 11842 D OPENHU  : [80] Companion.decrypt | RECV: AUDIO Media Data type: 0 flags: 11 size: 8202 dataOffset: 2
09-15 13:32:54.542 11458 11842 D OPENHU  : [80] Companion.decrypt | RECV: AUDIO Media Data type: 0 flags: 11 size: 8202 dataOffset: 2
09-15 13:32:54.585 11458 11842 D OPENHU  : [80] Companion.decrypt | RECV: AUDIO Media Data type: 0 flags: 11 size: 8202 dataOffset: 2
09-15 13:32:54.630 11458 11842 D OPENHU  : [80] Companion.decrypt | RECV: AUDIO Media Data type: 0 flags: 11 size: 8202 dataOffset: 2
09-15 13:32:54.670 11458 11842 D OPENHU  : [80] Companion.decrypt | RECV: AUDIO Media Data type: 0 flags: 11 size: 8202 dataOffset: 2
09-15 13:32:54.714 11458 11842 D OPENHU  : [80] Companion.decrypt | RECV: AUDIO Media Data type: 0 flags: 11 size: 8202 dataOffset: 2
09-15 13:32:54.756 11458 11842 D OPENHU  : [80] Companion.decrypt | RECV: AUDIO Media Data type: 0 flags: 11 size: 8202 dataOffset: 2
09-15 13:32:54.798 11458 11842 D OPENHU  : [80] Companion.decrypt | RECV: AUDIO Media Data type: 0 flags: 11 size: 8202 dataOffset: 2
09-15 13:32:54.842 11458 11842 D OPENHU  : [80] Companion.decrypt | RECV: AUDIO Media Data type: 0 flags: 11 size: 8202 dataOffset: 2
09-15 13:32:54.886 11458 11842 D OPENHU  : [80] Companion.decrypt | RECV: AUDIO Media Data type: 0 flags: 11 size: 8202 dataOffset: 2
09-15 13:32:54.932 11458 11842 D OPENHU  : [80] Companion.decrypt | RECV: AUDIO Media Data type: 0 flags: 11 size: 8202 dataOffset: 2
09-15 13:32:54.970 11458 11842 D OPENHU  : [80] Companion.decrypt | RECV: AUDIO Media Data type: 0 flags: 11 size: 8202 dataOffset: 2
09-15 13:32:54.992 11458 11842 D OPENHU  : [80] Companion.decrypt | RECV: CONTROL Ping Request type: 11 flags: 11 size: 12 dataOffset: 2
09-15 13:32:54.993 11458 11842 V OPENHU  : [80] AapTransport.send | CONTROL Ping Response type: 12 flags: 11 size: 14 dataOffset: 6
09-15 13:32:55.013 11458 11842 D OPENHU  : [80] Companion.decrypt | RECV: AUDIO Media Data type: 0 flags: 11 size: 8202 dataOffset: 2
09-15 13:32:55.017 11458 11458 V OPENHU  : [2] GpsLocation.onLocationChanged | GpsLocation: fix received
09-15 13:32:55.031 11458 11458 V OPENHU  : [2] AapTransport.send | SENSOR Sensor Event type: 32771 flags: 11 size: 47 dataOffset: 6
09-15 13:32:55.055 11458 11842 D OPENHU  : [80] Companion.decrypt | RECV: AUDIO Media Data type: 0 flags: 11 size: 8202 dataOffset: 2
09-15 13:32:55.102 11458 11842 D OPENHU  : [80] Companion.decrypt | RECV: AUDIO Media Data type: 0 flags: 11 size: 8202 dataOffset: 2
09-15 13:32:55.141 11458 11842 D OPENHU  : [80] Companion.decrypt | RECV: AUDIO Media Data type: 0 flags: 11 size: 8202 dataOffset: 2
09-15 13:32:55.150 11458 11842 D OPENHU  : [80] Companion.decrypt | RECV: MUSIC_PLAYBACK Media Playback Status type: 32769 flags: 11 size: 18 dataOffset: 2
09-15 13:32:55.151 11458 11842 D OPENHU  : [80] AapMediaPlayback.processStatusPacket | AapMediaPlayback: status mediaSource='VLC', playbackSeconds(u32)=208, state=PLAYING
09-15 13:32:55.183 11458 11842 D OPENHU  : [80] Companion.decrypt | RECV: AUDIO Media Data type: 0 flags: 11 size: 8202 dataOffset: 2
09-15 13:32:55.226 11458 11842 D OPENHU  : [80] Companion.decrypt | RECV: AUDIO Media Data type: 0 flags: 11 size: 8202 dataOffset: 2
09-15 13:32:55.269 11458 11842 D OPENHU  : [80] Companion.decrypt | RECV: AUDIO Media Data type: 0 flags: 11 size: 8202 dataOffset: 2
09-15 13:32:55.312 11458 11842 D OPENHU  : [80] Companion.decrypt | RECV: AUDIO Media Data type: 0 flags: 11 size: 8202 dataOffset: 2
09-15 13:32:55.353 11458 11842 D OPENHU  : [80] Companion.decrypt | RECV: AUDIO Media Data type: 0 flags: 11 size: 8202 dataOffset: 2
09-15 13:32:55.398 11458 11842 D OPENHU  : [80] Companion.decrypt | RECV: AUDIO Media Data type: 0 flags: 11 size: 8202 dataOffset: 2
09-15 13:32:55.440 11458 11842 D OPENHU  : [80] Companion.decrypt | RECV: AUDIO Media Data type: 0 flags: 11 size: 8202 dataOffset: 2
09-15 13:32:55.485 11458 11842 D OPENHU  : [80] Companion.decrypt | RECV: AUDIO Media Data type: 0 flags: 11 size: 8202 dataOffset: 2
09-15 13:32:55.525 11458 11842 D OPENHU  : [80] Companion.decrypt | RECV: AUDIO Media Data type: 0 flags: 11 size: 8202 dataOffset: 2
09-15 13:32:55.571 11458 11842 D OPENHU  : [80] Companion.decrypt | RECV: AUDIO Media Data type: 0 flags: 11 size: 8202 dataOffset: 2
09-15 13:32:55.611 11458 11842 D OPENHU  : [80] Companion.decrypt | RECV: AUDIO Media Data type: 0 flags: 11 size: 8202 dataOffset: 2
09-15 13:32:55.653 11458 11842 D OPENHU  : [80] Companion.decrypt | RECV: AUDIO Media Data type: 0 flags: 11 size: 8202 dataOffset: 2
09-15 13:32:55.695 11458 11842 D OPENHU  : [80] Companion.decrypt | RECV: AUDIO Media Data type: 0 flags: 11 size: 8202 dataOffset: 2
09-15 13:32:55.738 11458 11842 D OPENHU  : [80] Companion.decrypt | RECV: AUDIO Media Data type: 0 flags: 11 size: 8202 dataOffset: 2
09-15 13:32:55.781 11458 11842 D OPENHU  : [80] Companion.decrypt | RECV: AUDIO Media Data type: 0 flags: 11 size: 8202 dataOffset: 2
09-15 13:32:55.823 11458 11842 D OPENHU  : [80] Companion.decrypt | RECV: AUDIO Media Data type: 0 flags: 11 size: 8202 dataOffset: 2
09-15 13:32:55.865 11458 11842 D OPENHU  : [80] Companion.decrypt | RECV: AUDIO Media Data type: 0 flags: 11 size: 8202 dataOffset: 2
09-15 13:32:55.908 11458 11842 D OPENHU  : [80] Companion.decrypt | RECV: AUDIO Media Data type: 0 flags: 11 size: 8202 dataOffset: 2
09-15 13:32:55.951 11458 11842 D OPENHU  : [80] Companion.decrypt | RECV: AUDIO Media Data type: 0 flags: 11 size: 8202 dataOffset: 2
09-15 13:32:55.993 11458 11458 V OPENHU  : [2] GpsLocation.onLocationChanged | GpsLocation: fix received
09-15 13:32:55.994 11458 11842 D OPENHU  : [80] Companion.decrypt | RECV: CONTROL Ping Request type: 11 flags: 11 size: 12 dataOffset: 2
09-15 13:32:55.995 11458 11842 V OPENHU  : [80] AapTransport.send | CONTROL Ping Response type: 12 flags: 11 size: 14 dataOffset: 6
09-15 13:32:55.998 11458 11842 D OPENHU  : [80] Companion.decrypt | RECV: AUDIO Media Data type: 0 flags: 11 size: 8202 dataOffset: 2
09-15 13:32:56.002 11458 11458 V OPENHU  : [2] AapTransport.send | SENSOR Sensor Event type: 32771 flags: 11 size: 47 dataOffset: 6
09-15 13:32:56.036 11458 11842 D OPENHU  : [80] Companion.decrypt | RECV: AUDIO Media Data type: 0 flags: 11 size: 8202 dataOffset: 2
09-15 13:32:56.080 11458 11842 D OPENHU  : [80] Companion.decrypt | RECV: AUDIO Media Data type: 0 flags: 11 size: 8202 dataOffset: 2
09-15 13:32:56.121 11458 11842 D OPENHU  : [80] Companion.decrypt | RECV: AUDIO Media Data type: 0 flags: 11 size: 8202 dataOffset: 2
09-15 13:32:56.152 11458 11842 D OPENHU  : [80] Companion.decrypt | RECV: MUSIC_PLAYBACK Media Playback Status type: 32769 flags: 11 size: 18 dataOffset: 2
09-15 13:32:56.153 11458 11842 D OPENHU  : [80] AapMediaPlayback.processStatusPacket | AapMediaPlayback: status mediaSource='VLC', playbackSeconds(u32)=209, state=PLAYING
09-15 13:32:56.165 11458 11842 D OPENHU  : [80] Companion.decrypt | RECV: AUDIO Media Data type: 0 flags: 11 size: 8202 dataOffset: 2
09-15 13:32:56.210 11458 11842 D OPENHU  : [80] Companion.decrypt | RECV: AUDIO Media Data type: 0 flags: 11 size: 8202 dataOffset: 2
09-15 13:32:56.252 11458 11842 D OPENHU  : [80] Companion.decrypt | RECV: AUDIO Media Data type: 0 flags: 11 size: 8202 dataOffset: 2
09-15 13:32:56.295 11458 11842 D OPENHU  : [80] Companion.decrypt | RECV: AUDIO Media Data type: 0 flags: 11 size: 8202 dataOffset: 2
09-15 13:32:56.336 11458 11842 D OPENHU  : [80] Companion.decrypt | RECV: AUDIO Media Data type: 0 flags: 11 size: 8202 dataOffset: 2
09-15 13:32:56.378 11458 11842 D OPENHU  : [80] Companion.decrypt | RECV: AUDIO Media Data type: 0 flags: 11 size: 8202 dataOffset: 2
09-15 13:32:56.423 11458 11842 D OPENHU  : [80] Companion.decrypt | RECV: AUDIO Media Data type: 0 flags: 11 size: 8202 dataOffset: 2
09-15 13:32:56.465 11458 11842 D OPENHU  : [80] Companion.decrypt | RECV: AUDIO Media Data type: 0 flags: 11 size: 8202 dataOffset: 2
09-15 13:32:56.507 11458 11842 D OPENHU  : [80] Companion.decrypt | RECV: AUDIO Media Data type: 0 flags: 11 size: 8202 dataOffset: 2
09-15 13:32:56.550 11458 11842 D OPENHU  : [80] Companion.decrypt | RECV: AUDIO Media Data type: 0 flags: 11 size: 8202 dataOffset: 2
09-15 13:32:56.593 11458 11842 D OPENHU  : [80] Companion.decrypt | RECV: AUDIO Media Data type: 0 flags: 11 size: 8202 dataOffset: 2
09-15 13:32:56.635 11458 11842 D OPENHU  : [80] Companion.decrypt | RECV: AUDIO Media Data type: 0 flags: 11 size: 8202 dataOffset: 2
09-15 13:32:56.679 11458 11842 D OPENHU  : [80] Companion.decrypt | RECV: AUDIO Media Data type: 0 flags: 11 size: 8202 dataOffset: 2
09-15 13:32:56.717 11458 11842 D OPENHU  : [80] Companion.decrypt | RECV: AUDIO Media Data type: 0 flags: 11 size: 8202 dataOffset: 2
09-15 13:32:56.760 11458 11842 D OPENHU  : [80] Companion.decrypt | RECV: AUDIO Media Data type: 0 flags: 11 size: 8202 dataOffset: 2
09-15 13:32:56.805 11458 11842 D OPENHU  : [80] Companion.decrypt | RECV: AUDIO Media Data type: 0 flags: 11 size: 8202 dataOffset: 2
09-15 13:32:56.852 11458 11842 D OPENHU  : [80] Companion.decrypt | RECV: AUDIO Media Data type: 0 flags: 11 size: 8202 dataOffset: 2
09-15 13:32:56.890 11458 11842 D OPENHU  : [80] Companion.decrypt | RECV: AUDIO Media Data type: 0 flags: 11 size: 8202 dataOffset: 2
09-15 13:32:56.933 11458 11842 D OPENHU  : [80] Companion.decrypt | RECV: AUDIO Media Data type: 0 flags: 11 size: 8202 dataOffset: 2
09-15 13:32:56.975 11458 11842 D OPENHU  : [80] Companion.decrypt | RECV: AUDIO Media Data type: 0 flags: 11 size: 8202 dataOffset: 2
09-15 13:32:56.995 11458 11842 D OPENHU  : [80] Companion.decrypt | RECV: CONTROL Ping Request type: 11 flags: 11 size: 12 dataOffset: 2
09-15 13:32:56.996 11458 11842 V OPENHU  : [80] AapTransport.send | CONTROL Ping Response type: 12 flags: 11 size: 14 dataOffset: 6
09-15 13:32:57.019 11458 11842 D OPENHU  : [80] Companion.decrypt | RECV: AUDIO Media Data type: 0 flags: 11 size: 8202 dataOffset: 2
09-15 13:32:57.020 11458 11458 V OPENHU  : [2] GpsLocation.onLocationChanged | GpsLocation: fix received
09-15 13:32:57.030 11458 11458 V OPENHU  : [2] AapTransport.send | SENSOR Sensor Event type: 32771 flags: 11 size: 47 dataOffset: 6
09-15 13:32:57.059 11458 11842 D OPENHU  : [80] Companion.decrypt | RECV: AUDIO Media Data type: 0 flags: 11 size: 8202 dataOffset: 2
09-15 13:32:57.103 11458 11842 D OPENHU  : [80] Companion.decrypt | RECV: AUDIO Media Data type: 0 flags: 11 size: 8202 dataOffset: 2
09-15 13:32:57.144 11458 11842 D OPENHU  : [80] Companion.decrypt | RECV: AUDIO Media Data type: 0 flags: 11 size: 8202 dataOffset: 2
09-15 13:32:57.153 11458 11842 D OPENHU  : [80] Companion.decrypt | RECV: MUSIC_PLAYBACK Media Playback Status type: 32769 flags: 11 size: 18 dataOffset: 2
09-15 13:32:57.154 11458 11842 D OPENHU  : [80] AapMediaPlayback.processStatusPacket | AapMediaPlayback: status mediaSource='VLC', playbackSeconds(u32)=210, state=PLAYING
09-15 13:32:57.188 11458 11842 D OPENHU  : [80] Companion.decrypt | RECV: AUDIO Media Data type: 0 flags: 11 size: 8202 dataOffset: 2
09-15 13:32:57.231 11458 11842 D OPENHU  : [80] Companion.decrypt | RECV: AUDIO Media Data type: 0 flags: 11 size: 8202 dataOffset: 2
09-15 13:32:57.273 11458 11842 D OPENHU  : [80] Companion.decrypt | RECV: AUDIO Media Data type: 0 flags: 11 size: 8202 dataOffset: 2
09-15 13:32:57.316 11458 11842 D OPENHU  : [80] Companion.decrypt | RECV: AUDIO Media Data type: 0 flags: 11 size: 8202 dataOffset: 2
09-15 13:32:57.363 11458 11842 D OPENHU  : [80] Companion.decrypt | RECV: AUDIO Media Data type: 0 flags: 11 size: 8202 dataOffset: 2
09-15 13:32:57.402 11458 11842 D OPENHU  : [80] Companion.decrypt | RECV: AUDIO Media Data type: 0 flags: 11 size: 8202 dataOffset: 2
09-15 13:32:57.444 11458 11842 D OPENHU  : [80] Companion.decrypt | RECV: AUDIO Media Data type: 0 flags: 11 size: 8202 dataOffset: 2
09-15 13:32:57.487 11458 11842 D OPENHU  : [80] Companion.decrypt | RECV: AUDIO Media Data type: 0 flags: 11 size: 8202 dataOffset: 2
09-15 13:32:57.529 11458 11842 D OPENHU  : [80] Companion.decrypt | RECV: AUDIO Media Data type: 0 flags: 11 size: 8202 dataOffset: 2
09-15 13:32:57.575 11458 11842 D OPENHU  : [80] Companion.decrypt | RECV: AUDIO Media Data type: 0 flags: 11 size: 8202 dataOffset: 2
09-15 13:32:57.616 11458 11842 D OPENHU  : [80] Companion.decrypt | RECV: AUDIO Media Data type: 0 flags: 11 size: 8202 dataOffset: 2
09-15 13:32:57.660 11458 11842 D OPENHU  : [80] Companion.decrypt | RECV: AUDIO Media Data type: 0 flags: 11 size: 8202 dataOffset: 2
09-15 13:32:57.702 11458 11842 D OPENHU  : [80] Companion.decrypt | RECV: AUDIO Media Data type: 0 flags: 11 size: 8202 dataOffset: 2
09-15 13:32:57.742 11458 11842 D OPENHU  : [80] Companion.decrypt | RECV: AUDIO Media Data type: 0 flags: 11 size: 8202 dataOffset: 2
09-15 13:32:57.786 11458 11842 D OPENHU  : [80] Companion.decrypt | RECV: AUDIO Media Data type: 0 flags: 11 size: 8202 dataOffset: 2
09-15 13:32:57.828 11458 11842 D OPENHU  : [80] Companion.decrypt | RECV: AUDIO Media Data type: 0 flags: 11 size: 8202 dataOffset: 2
09-15 13:32:57.860 11458 11870 I OPENHU  : [89] VideoDecoder.logThroughput | Throughput over 5002ms: rendered=165 (32fps), fed=165 (32fps), dropped=0, skipped=0, concealed=0, inputWait=67ms, enqueueWait=0ms, codec=c2.unisoc.avc.decoder, presented=165 (32fps), decodeLatency=9ms p95=13ms (165 frames)
09-15 13:32:57.871 11458 11842 D OPENHU  : [80] Companion.decrypt | RECV: AUDIO Media Data type: 0 flags: 11 size: 8202 dataOffset: 2
09-15 13:32:57.913 11458 11842 D OPENHU  : [80] Companion.decrypt | RECV: AUDIO Media Data type: 0 flags: 11 size: 8202 dataOffset: 2
09-15 13:32:57.922 11458 11458 I OPENHU  : [2] TextureProjectionView.onSurfaceTextureUpdated | TextureProjectionView: displayed 133 frames in 5000ms (26fps), longFrames=1
09-15 13:32:57.955 11458 11842 D OPENHU  : [80] Companion.decrypt | RECV: AUDIO Media Data type: 0 flags: 11 size: 8202 dataOffset: 2
09-15 13:32:57.995 11458 11458 V OPENHU  : [2] GpsLocation.onLocationChanged | GpsLocation: fix received
09-15 13:32:57.996 11458 11842 D OPENHU  : [80] Companion.decrypt | RECV: CONTROL Ping Request type: 11 flags: 11 size: 12 dataOffset: 2
09-15 13:32:57.997 11458 11842 V OPENHU  : [80] AapTransport.send | CONTROL Ping Response type: 12 flags: 11 size: 14 dataOffset: 6
09-15 13:32:58.002 11458 11458 V OPENHU  : [2] AapTransport.send | SENSOR Sensor Event type: 32771 flags: 11 size: 47 dataOffset: 6
09-15 13:32:58.003 11458 11842 D OPENHU  : [80] Companion.decrypt | RECV: AUDIO Media Data type: 0 flags: 11 size: 8202 dataOffset: 2
09-15 13:32:58.042 11458 11842 D OPENHU  : [80] Companion.decrypt | RECV: AUDIO Media Data type: 0 flags: 11 size: 8202 dataOffset: 2
09-15 13:32:58.086 11458 11842 D OPENHU  : [80] Companion.decrypt | RECV: AUDIO Media Data type: 0 flags: 11 size: 8202 dataOffset: 2
09-15 13:32:58.127 11458 11842 D OPENHU  : [80] Companion.decrypt | RECV: AUDIO Media Data type: 0 flags: 11 size: 8202 dataOffset: 2
09-15 13:32:58.153 11458 11842 D OPENHU  : [80] Companion.decrypt | RECV: MUSIC_PLAYBACK Media Playback Status type: 32769 flags: 11 size: 18 dataOffset: 2
09-15 13:32:58.154 11458 11842 D OPENHU  : [80] AapMediaPlayback.processStatusPacket | AapMediaPlayback: status mediaSource='VLC', playbackSeconds(u32)=211, state=PLAYING
09-15 13:32:58.171 11458 11842 D OPENHU  : [80] Companion.decrypt | RECV: AUDIO Media Data type: 0 flags: 11 size: 8202 dataOffset: 2
09-15 13:32:58.215 11458 11842 D OPENHU  : [80] Companion.decrypt | RECV: AUDIO Media Data type: 0 flags: 11 size: 8202 dataOffset: 2
09-15 13:32:58.255 11458 11842 D OPENHU  : [80] Companion.decrypt | RECV: AUDIO Media Data type: 0 flags: 11 size: 8202 dataOffset: 2
09-15 13:32:58.299 11458 11842 D OPENHU  : [80] Companion.decrypt | RECV: AUDIO Media Data type: 0 flags: 11 size: 8202 dataOffset: 2
09-15 13:32:58.339 11458 11842 D OPENHU  : [80] Companion.decrypt | RECV: AUDIO Media Data type: 0 flags: 11 size: 8202 dataOffset: 2
09-15 13:32:58.383 11458 11842 D OPENHU  : [80] Companion.decrypt | RECV: AUDIO Media Data type: 0 flags: 11 size: 8202 dataOffset: 2
09-15 13:32:58.427 11458 11842 D OPENHU  : [80] Companion.decrypt | RECV: AUDIO Media Data type: 0 flags: 11 size: 8202 dataOffset: 2
09-15 13:32:58.470 11458 11842 D OPENHU  : [80] Companion.decrypt | RECV: AUDIO Media Data type: 0 flags: 11 size: 8202 dataOffset: 2
09-15 13:32:58.510 11458 11842 D OPENHU  : [80] Companion.decrypt | RECV: AUDIO Media Data type: 0 flags: 11 size: 8202 dataOffset: 2
09-15 13:32:58.552 11458 11842 D OPENHU  : [80] Companion.decrypt | RECV: AUDIO Media Data type: 0 flags: 11 size: 8202 dataOffset: 2
09-15 13:32:58.597 11458 11842 D OPENHU  : [80] Companion.decrypt | RECV: AUDIO Media Data type: 0 flags: 11 size: 8202 dataOffset: 2
09-15 13:32:58.639 11458 11842 D OPENHU  : [80] Companion.decrypt | RECV: AUDIO Media Data type: 0 flags: 11 size: 8202 dataOffset: 2
09-15 13:32:58.682 11458 11842 D OPENHU  : [80] Companion.decrypt | RECV: AUDIO Media Data type: 0 flags: 11 size: 8202 dataOffset: 2
09-15 13:32:58.726 11458 11842 D OPENHU  : [80] Companion.decrypt | RECV: AUDIO Media Data type: 0 flags: 11 size: 8202 dataOffset: 2
09-15 13:32:58.767 11458 11842 D OPENHU  : [80] Companion.decrypt | RECV: AUDIO Media Data type: 0 flags: 11 size: 8202 dataOffset: 2
09-15 13:32:58.809 11458 11842 D OPENHU  : [80] Companion.decrypt | RECV: AUDIO Media Data type: 0 flags: 11 size: 8202 dataOffset: 2
09-15 13:32:58.855 11458 11842 D OPENHU  : [80] Companion.decrypt | RECV: AUDIO Media Data type: 0 flags: 11 size: 8202 dataOffset: 2
09-15 13:32:58.895 11458 11842 D OPENHU  : [80] Companion.decrypt | RECV: AUDIO Media Data type: 0 flags: 11 size: 8202 dataOffset: 2
09-15 13:32:58.940 11458 11842 D OPENHU  : [80] Companion.decrypt | RECV: AUDIO Media Data type: 0 flags: 11 size: 8202 dataOffset: 2
09-15 13:32:58.983 11458 11842 D OPENHU  : [80] Companion.decrypt | RECV: AUDIO Media Data type: 0 flags: 11 size: 8202 dataOffset: 2
09-15 13:32:58.996 11458 11842 D OPENHU  : [80] Companion.decrypt | RECV: CONTROL Ping Request type: 11 flags: 11 size: 12 dataOffset: 2
09-15 13:32:58.997 11458 11842 V OPENHU  : [80] AapTransport.send | CONTROL Ping Response type: 12 flags: 11 size: 14 dataOffset: 6
09-15 13:32:59.014 11458 11458 V OPENHU  : [2] GpsLocation.onLocationChanged | GpsLocation: fix received
09-15 13:32:59.019 11458 11458 V OPENHU  : [2] AapTransport.send | SENSOR Sensor Event type: 32771 flags: 11 size: 46 dataOffset: 6
09-15 13:32:59.023 11458 11842 D OPENHU  : [80] Companion.decrypt | RECV: AUDIO Media Data type: 0 flags: 11 size: 8202 dataOffset: 2
09-15 13:32:59.065 11458 11842 D OPENHU  : [80] Companion.decrypt | RECV: AUDIO Media Data type: 0 flags: 11 size: 8202 dataOffset: 2
09-15 13:32:59.108 11458 11842 D OPENHU  : [80] Companion.decrypt | RECV: AUDIO Media Data type: 0 flags: 11 size: 8202 dataOffset: 2
09-15 13:32:59.154 11458 11842 D OPENHU  : [80] Companion.decrypt | RECV: AUDIO Media Data type: 0 flags: 11 size: 8202 dataOffset: 2
09-15 13:32:59.158 11458 11842 D OPENHU  : [80] Companion.decrypt | RECV: MUSIC_PLAYBACK Media Playback Status type: 32769 flags: 11 size: 18 dataOffset: 2
09-15 13:32:59.159 11458 11842 D OPENHU  : [80] AapMediaPlayback.processStatusPacket | AapMediaPlayback: status mediaSource='VLC', playbackSeconds(u32)=212, state=PLAYING
09-15 13:32:59.193 11458 11842 D OPENHU  : [80] Companion.decrypt | RECV: AUDIO Media Data type: 0 flags: 11 size: 8202 dataOffset: 2
09-15 13:32:59.238 11458 11842 D OPENHU  : [80] Companion.decrypt | RECV: AUDIO Media Data type: 0 flags: 11 size: 8202 dataOffset: 2
09-15 13:32:59.278 11458 11842 D OPENHU  : [80] Companion.decrypt | RECV: AUDIO Media Data type: 0 flags: 11 size: 8202 dataOffset: 2
09-15 13:32:59.322 11458 11842 D OPENHU  : [80] Companion.decrypt | RECV: AUDIO Media Data type: 0 flags: 11 size: 8202 dataOffset: 2
09-15 13:32:59.365 11458 11842 D OPENHU  : [80] Companion.decrypt | RECV: AUDIO Media Data type: 0 flags: 11 size: 8202 dataOffset: 2
09-15 13:32:59.407 11458 11842 D OPENHU  : [80] Companion.decrypt | RECV: AUDIO Media Data type: 0 flags: 11 size: 8202 dataOffset: 2
09-15 13:32:59.451 11458 11842 D OPENHU  : [80] Companion.decrypt | RECV: AUDIO Media Data type: 0 flags: 11 size: 8202 dataOffset: 2
09-15 13:32:59.494 11458 11842 D OPENHU  : [80] Companion.decrypt | RECV: AUDIO Media Data type: 0 flags: 11 size: 8202 dataOffset: 2
09-15 13:32:59.535 11458 11842 D OPENHU  : [80] Companion.decrypt | RECV: AUDIO Media Data type: 0 flags: 11 size: 8202 dataOffset: 2
09-15 13:32:59.578 11458 11842 D OPENHU  : [80] Companion.decrypt | RECV: AUDIO Media Data type: 0 flags: 11 size: 8202 dataOffset: 2
09-15 13:32:59.622 11458 11842 D OPENHU  : [80] Companion.decrypt | RECV: AUDIO Media Data type: 0 flags: 11 size: 8202 dataOffset: 2
09-15 13:32:59.663 11458 11842 D OPENHU  : [80] Companion.decrypt | RECV: AUDIO Media Data type: 0 flags: 11 size: 8202 dataOffset: 2
09-15 13:32:59.705 11458 11842 D OPENHU  : [80] Companion.decrypt | RECV: AUDIO Media Data type: 0 flags: 11 size: 8202 dataOffset: 2
09-15 13:32:59.749 11458 11842 D OPENHU  : [80] Companion.decrypt | RECV: AUDIO Media Data type: 0 flags: 11 size: 8202 dataOffset: 2
09-15 13:32:59.791 11458 11842 D OPENHU  : [80] Companion.decrypt | RECV: AUDIO Media Data type: 0 flags: 11 size: 8202 dataOffset: 2
09-15 13:32:59.834 11458 11842 D OPENHU  : [80] Companion.decrypt | RECV: AUDIO Media Data type: 0 flags: 11 size: 8202 dataOffset: 2
09-15 13:32:59.878 11458 11842 D OPENHU  : [80] Companion.decrypt | RECV: AUDIO Media Data type: 0 flags: 11 size: 8202 dataOffset: 2
09-15 13:32:59.921 11458 11842 D OPENHU  : [80] Companion.decrypt | RECV: AUDIO Media Data type: 0 flags: 11 size: 8202 dataOffset: 2
09-15 13:32:59.965 11458 11842 D OPENHU  : [80] Companion.decrypt | RECV: AUDIO Media Data type: 0 flags: 11 size: 8202 dataOffset: 2
09-15 13:32:59.993 11458 11458 V OPENHU  : [2] GpsLocation.onLocationChanged | GpsLocation: fix received
09-15 13:33:00.000 11458 11842 D OPENHU  : [80] Companion.decrypt | RECV: CONTROL Ping Request type: 11 flags: 11 size: 12 dataOffset: 2
09-15 13:33:00.002 11458 11458 V OPENHU  : [2] AapTransport.send | SENSOR Sensor Event type: 32771 flags: 11 size: 46 dataOffset: 6
09-15 13:33:00.002 11458 11842 V OPENHU  : [80] AapTransport.send | CONTROL Ping Response type: 12 flags: 11 size: 14 dataOffset: 6
09-15 13:33:00.005 11458 11842 D OPENHU  : [80] Companion.decrypt | RECV: AUDIO Media Data type: 0 flags: 11 size: 8202 dataOffset: 2
09-15 13:33:00.049 11458 11842 D OPENHU  : [80] Companion.decrypt | RECV: AUDIO Media Data type: 0 flags: 11 size: 8202 dataOffset: 2
09-15 13:33:00.091 11458 11842 D OPENHU  : [80] Companion.decrypt | RECV: AUDIO Media Data type: 0 flags: 11 size: 8202 dataOffset: 2
09-15 13:33:00.133 11458 11842 D OPENHU  : [80] Companion.decrypt | RECV: AUDIO Media Data type: 0 flags: 11 size: 8202 dataOffset: 2
09-15 13:33:00.154 11458 11842 D OPENHU  : [80] Companion.decrypt | RECV: MUSIC_PLAYBACK Media Playback Status type: 32769 flags: 11 size: 18 dataOffset: 2
09-15 13:33:00.155 11458 11842 D OPENHU  : [80] AapMediaPlayback.processStatusPacket | AapMediaPlayback: status mediaSource='VLC', playbackSeconds(u32)=213, state=PLAYING
09-15 13:33:00.177 11458 11842 D OPENHU  : [80] Companion.decrypt | RECV: AUDIO Media Data type: 0 flags: 11 size: 8202 dataOffset: 2
09-15 13:33:00.219 11458 11842 D OPENHU  : [80] Companion.decrypt | RECV: AUDIO Media Data type: 0 flags: 11 size: 8202 dataOffset: 2
09-15 13:33:00.261 11458 11842 D OPENHU  : [80] Companion.decrypt | RECV: AUDIO Media Data type: 0 flags: 11 size: 8202 dataOffset: 2
09-15 13:33:00.303 11458 11842 D OPENHU  : [80] Companion.decrypt | RECV: AUDIO Media Data type: 0 flags: 11 size: 8202 dataOffset: 2
09-15 13:33:00.346 11458 11842 D OPENHU  : [80] Companion.decrypt | RECV: AUDIO Media Data type: 0 flags: 11 size: 8202 dataOffset: 2
09-15 13:33:00.387 11458 11842 D OPENHU  : [80] Companion.decrypt | RECV: AUDIO Media Data type: 0 flags: 11 size: 8202 dataOffset: 2
09-15 13:33:00.433 11458 11842 D OPENHU  : [80] Companion.decrypt | RECV: AUDIO Media Data type: 0 flags: 11 size: 8202 dataOffset: 2
09-15 13:33:00.474 11458 11842 D OPENHU  : [80] Companion.decrypt | RECV: AUDIO Media Data type: 0 flags: 11 size: 8202 dataOffset: 2
09-15 13:33:00.516 11458 11842 D OPENHU  : [80] Companion.decrypt | RECV: AUDIO Media Data type: 0 flags: 11 size: 8202 dataOffset: 2
09-15 13:33:00.558 11458 11842 D OPENHU  : [80] Companion.decrypt | RECV: AUDIO Media Data type: 0 flags: 11 size: 8202 dataOffset: 2
09-15 13:33:00.600 11458 11842 D OPENHU  : [80] Companion.decrypt | RECV: AUDIO Media Data type: 0 flags: 11 size: 8202 dataOffset: 2
09-15 13:33:00.648 11458 11842 D OPENHU  : [80] Companion.decrypt | RECV: AUDIO Media Data type: 0 flags: 11 size: 8202 dataOffset: 2
09-15 13:33:00.694 11458 11842 D OPENHU  : [80] Companion.decrypt | RECV: AUDIO Media Data type: 0 flags: 11 size: 8202 dataOffset: 2
09-15 13:33:00.732 11458 11842 D OPENHU  : [80] Companion.decrypt | RECV: AUDIO Media Data type: 0 flags: 11 size: 8202 dataOffset: 2
09-15 13:33:00.773 11458 11842 D OPENHU  : [80] Companion.decrypt | RECV: AUDIO Media Data type: 0 flags: 11 size: 8202 dataOffset: 2
09-15 13:33:00.814 11458 11842 D OPENHU  : [80] Companion.decrypt | RECV: AUDIO Media Data type: 0 flags: 11 size: 8202 dataOffset: 2
09-15 13:33:00.859 11458 11842 D OPENHU  : [80] Companion.decrypt | RECV: AUDIO Media Data type: 0 flags: 11 size: 8202 dataOffset: 2
09-15 13:33:00.903 11458 11842 D OPENHU  : [80] Companion.decrypt | RECV: AUDIO Media Data type: 0 flags: 11 size: 8202 dataOffset: 2
09-15 13:33:00.945 11458 11842 D OPENHU  : [80] Companion.decrypt | RECV: AUDIO Media Data type: 0 flags: 11 size: 8202 dataOffset: 2
09-15 13:33:00.988 11458 11842 D OPENHU  : [80] Companion.decrypt | RECV: AUDIO Media Data type: 0 flags: 11 size: 8202 dataOffset: 2
09-15 13:33:01.000 11458 11842 D OPENHU  : [80] Companion.decrypt | RECV: CONTROL Ping Request type: 11 flags: 11 size: 12 dataOffset: 2
09-15 13:33:01.002 11458 11842 V OPENHU  : [80] AapTransport.send | CONTROL Ping Response type: 12 flags: 11 size: 14 dataOffset: 6
09-15 13:33:01.015 11458 11458 V OPENHU  : [2] GpsLocation.onLocationChanged | GpsLocation: fix received
09-15 13:33:01.022 11458 11458 V OPENHU  : [2] AapTransport.send | SENSOR Sensor Event type: 32771 flags: 11 size: 46 dataOffset: 6
09-15 13:33:01.028 11458 11842 D OPENHU  : [80] Companion.decrypt | RECV: AUDIO Media Data type: 0 flags: 11 size: 8202 dataOffset: 2
09-15 13:33:01.070 11458 11842 D OPENHU  : [80] Companion.decrypt | RECV: AUDIO Media Data type: 0 flags: 11 size: 8202 dataOffset: 2
09-15 13:33:01.114 11458 11842 D OPENHU  : [80] Companion.decrypt | RECV: AUDIO Media Data type: 0 flags: 11 size: 8202 dataOffset: 2
09-15 13:33:01.154 11458 11842 D OPENHU  : [80] Companion.decrypt | RECV: MUSIC_PLAYBACK Media Playback Status type: 32769 flags: 11 size: 18 dataOffset: 2
09-15 13:33:01.155 11458 11842 D OPENHU  : [80] AapMediaPlayback.processStatusPacket | AapMediaPlayback: status mediaSource='VLC', playbackSeconds(u32)=214, state=PLAYING
09-15 13:33:01.158 11458 11842 D OPENHU  : [80] Companion.decrypt | RECV: AUDIO Media Data type: 0 flags: 11 size: 8202 dataOffset: 2
09-15 13:33:01.204 11458 11842 D OPENHU  : [80] Companion.decrypt | RECV: AUDIO Media Data type: 0 flags: 11 size: 8202 dataOffset: 2
09-15 13:33:01.243 11458 11842 D OPENHU  : [80] Companion.decrypt | RECV: AUDIO Media Data type: 0 flags: 11 size: 8202 dataOffset: 2
09-15 13:33:01.284 11458 11842 D OPENHU  : [80] Companion.decrypt | RECV: AUDIO Media Data type: 0 flags: 11 size: 8202 dataOffset: 2
09-15 13:33:01.328 11458 11842 D OPENHU  : [80] Companion.decrypt | RECV: AUDIO Media Data type: 0 flags: 11 size: 8202 dataOffset: 2
09-15 13:33:01.370 11458 11842 D OPENHU  : [80] Companion.decrypt | RECV: AUDIO Media Data type: 0 flags: 11 size: 8202 dataOffset: 2
09-15 13:33:01.413 11458 11842 D OPENHU  : [80] Companion.decrypt | RECV: AUDIO Media Data type: 0 flags: 11 size: 8202 dataOffset: 2
09-15 13:33:01.455 11458 11842 D OPENHU  : [80] Companion.decrypt | RECV: AUDIO Media Data type: 0 flags: 11 size: 8202 dataOffset: 2
09-15 13:33:01.500 11458 11842 D OPENHU  : [80] Companion.decrypt | RECV: AUDIO Media Data type: 0 flags: 11 size: 8202 dataOffset: 2
09-15 13:33:01.542 11458 11842 D OPENHU  : [80] Companion.decrypt | RECV: AUDIO Media Data type: 0 flags: 11 size: 8202 dataOffset: 2
09-15 13:33:01.585 11458 11842 D OPENHU  : [80] Companion.decrypt | RECV: AUDIO Media Data type: 0 flags: 11 size: 8202 dataOffset: 2
09-15 13:33:01.628 11458 11842 D OPENHU  : [80] Companion.decrypt | RECV: AUDIO Media Data type: 0 flags: 11 size: 8202 dataOffset: 2
09-15 13:33:01.671 11458 11842 D OPENHU  : [80] Companion.decrypt | RECV: AUDIO Media Data type: 0 flags: 11 size: 8202 dataOffset: 2
09-15 13:33:01.712 11458 11842 D OPENHU  : [80] Companion.decrypt | RECV: AUDIO Media Data type: 0 flags: 11 size: 8202 dataOffset: 2
09-15 13:33:01.754 11458 11842 D OPENHU  : [80] Companion.decrypt | RECV: AUDIO Media Data type: 0 flags: 11 size: 8202 dataOffset: 2
09-15 13:33:01.795 11458 11842 D OPENHU  : [80] Companion.decrypt | RECV: AUDIO Media Data type: 0 flags: 11 size: 8202 dataOffset: 2
09-15 13:33:01.840 11458 11842 D OPENHU  : [80] Companion.decrypt | RECV: AUDIO Media Data type: 0 flags: 11 size: 8202 dataOffset: 2
09-15 13:33:01.882 11458 11842 D OPENHU  : [80] Companion.decrypt | RECV: AUDIO Media Data type: 0 flags: 11 size: 8202 dataOffset: 2
09-15 13:33:01.928 11458 11842 D OPENHU  : [80] Companion.decrypt | RECV: AUDIO Media Data type: 0 flags: 11 size: 8202 dataOffset: 2
09-15 13:33:01.975 11458 11842 D OPENHU  : [80] Companion.decrypt | RECV: AUDIO Media Data type: 0 flags: 11 size: 8202 dataOffset: 2
09-15 13:33:01.995 11458 11458 V OPENHU  : [2] GpsLocation.onLocationChanged | GpsLocation: fix received
09-15 13:33:02.001 11458 11842 D OPENHU  : [80] Companion.decrypt | RECV: CONTROL Ping Request type: 11 flags: 11 size: 12 dataOffset: 2
09-15 13:33:02.001 11458 11842 V OPENHU  : [80] AapTransport.send | CONTROL Ping Response type: 12 flags: 11 size: 14 dataOffset: 6
09-15 13:33:02.013 11458 11842 D OPENHU  : [80] Companion.decrypt | RECV: AUDIO Media Data type: 0 flags: 11 size: 8202 dataOffset: 2
09-15 13:33:02.018 11458 11458 V OPENHU  : [2] AapTransport.send | SENSOR Sensor Event type: 32771 flags: 11 size: 46 dataOffset: 6
09-15 13:33:02.053 11458 11842 D OPENHU  : [80] Companion.decrypt | RECV: AUDIO Media Data type: 0 flags: 11 size: 8202 dataOffset: 2
09-15 13:33:02.096 11458 11842 D OPENHU  : [80] Companion.decrypt | RECV: AUDIO Media Data type: 0 flags: 11 size: 8202 dataOffset: 2
09-15 13:33:02.137 11458 11842 D OPENHU  : [80] Companion.decrypt | RECV: AUDIO Media Data type: 0 flags: 11 size: 8202 dataOffset: 2
09-15 13:33:02.153 11458 11842 D OPENHU  : [80] Companion.decrypt | RECV: MUSIC_PLAYBACK Media Playback Status type: 32769 flags: 11 size: 18 dataOffset: 2
09-15 13:33:02.154 11458 11842 D OPENHU  : [80] AapMediaPlayback.processStatusPacket | AapMediaPlayback: status mediaSource='VLC', playbackSeconds(u32)=215, state=PLAYING
09-15 13:33:02.180 11458 11842 D OPENHU  : [80] Companion.decrypt | RECV: AUDIO Media Data type: 0 flags: 11 size: 8202 dataOffset: 2
09-15 13:33:02.226 11458 11842 D OPENHU  : [80] Companion.decrypt | RECV: AUDIO Media Data type: 0 flags: 11 size: 8202 dataOffset: 2
09-15 13:33:02.267 11458 11842 D OPENHU  : [80] Companion.decrypt | RECV: AUDIO Media Data type: 0 flags: 11 size: 8202 dataOffset: 2
09-15 13:33:02.309 11458 11842 D OPENHU  : [80] Companion.decrypt | RECV: AUDIO Media Data type: 0 flags: 11 size: 8202 dataOffset: 2
09-15 13:33:02.351 11458 11842 D OPENHU  : [80] Companion.decrypt | RECV: AUDIO Media Data type: 0 flags: 11 size: 8202 dataOffset: 2
09-15 13:33:02.394 11458 11842 D OPENHU  : [80] Companion.decrypt | RECV: AUDIO Media Data type: 0 flags: 11 size: 8202 dataOffset: 2
09-15 13:33:02.437 11458 11842 D OPENHU  : [80] Companion.decrypt | RECV: AUDIO Media Data type: 0 flags: 11 size: 8202 dataOffset: 2
09-15 13:33:02.479 11458 11842 D OPENHU  : [80] Companion.decrypt | RECV: AUDIO Media Data type: 0 flags: 11 size: 8202 dataOffset: 2
09-15 13:33:02.522 11458 11842 D OPENHU  : [80] Companion.decrypt | RECV: AUDIO Media Data type: 0 flags: 11 size: 8202 dataOffset: 2
09-15 13:33:02.565 11458 11842 D OPENHU  : [80] Companion.decrypt | RECV: AUDIO Media Data type: 0 flags: 11 size: 8202 dataOffset: 2
09-15 13:33:02.610 11458 11842 D OPENHU  : [80] Companion.decrypt | RECV: AUDIO Media Data type: 0 flags: 11 size: 8202 dataOffset: 2
09-15 13:33:02.652 11458 11842 D OPENHU  : [80] Companion.decrypt | RECV: AUDIO Media Data type: 0 flags: 11 size: 8202 dataOffset: 2
09-15 13:33:02.693 11458 11842 D OPENHU  : [80] Companion.decrypt | RECV: AUDIO Media Data type: 0 flags: 11 size: 8202 dataOffset: 2
09-15 13:33:02.735 11458 11842 D OPENHU  : [80] Companion.decrypt | RECV: AUDIO Media Data type: 0 flags: 11 size: 8202 dataOffset: 2
09-15 13:33:02.778 11458 11842 D OPENHU  : [80] Companion.decrypt | RECV: AUDIO Media Data type: 0 flags: 11 size: 8202 dataOffset: 2
09-15 13:33:02.820 11458 11842 D OPENHU  : [80] Companion.decrypt | RECV: AUDIO Media Data type: 0 flags: 11 size: 8202 dataOffset: 2
09-15 13:33:02.862 11458 11842 D OPENHU  : [80] Companion.decrypt | RECV: AUDIO Media Data type: 0 flags: 11 size: 8202 dataOffset: 2
09-15 13:33:02.872 11458 11870 I OPENHU  : [89] VideoDecoder.logThroughput | Throughput over 5009ms: rendered=158 (31fps), fed=157 (31fps), dropped=0, skipped=0, concealed=0, inputWait=56ms, enqueueWait=0ms, codec=c2.unisoc.avc.decoder, presented=158 (31fps), decodeLatency=9ms p95=12ms (158 frames)
09-15 13:33:02.907 11458 11842 D OPENHU  : [80] Companion.decrypt | RECV: AUDIO Media Data type: 0 flags: 11 size: 8202 dataOffset: 2
09-15 13:33:02.923 11458 11458 I OPENHU  : [2] TextureProjectionView.onSurfaceTextureUpdated | TextureProjectionView: displayed 136 frames in 5000ms (27fps), longFrames=1
09-15 13:33:02.947 11458 11842 D OPENHU  : [80] Companion.decrypt | RECV: AUDIO Media Data type: 0 flags: 11 size: 8202 dataOffset: 2
09-15 13:33:02.991 11458 11842 D OPENHU  : [80] Companion.decrypt | RECV: AUDIO Media Data type: 0 flags: 11 size: 8202 dataOffset: 2
09-15 13:33:02.999 11458 11842 D OPENHU  : [80] Companion.decrypt | RECV: CONTROL Ping Request type: 11 flags: 11 size: 12 dataOffset: 2
09-15 13:33:03.000 11458 11842 V OPENHU  : [80] AapTransport.send | CONTROL Ping Response type: 12 flags: 11 size: 14 dataOffset: 6
09-15 13:33:03.020 11458 11458 V OPENHU  : [2] GpsLocation.onLocationChanged | GpsLocation: fix received
09-15 13:33:03.028 11458 11458 V OPENHU  : [2] AapTransport.send | SENSOR Sensor Event type: 32771 flags: 11 size: 46 dataOffset: 6
09-15 13:33:03.034 11458 11842 D OPENHU  : [80] Companion.decrypt | RECV: AUDIO Media Data type: 0 flags: 11 size: 8202 dataOffset: 2
09-15 13:33:03.075 11458 11842 D OPENHU  : [80] Companion.decrypt | RECV: AUDIO Media Data type: 0 flags: 11 size: 8202 dataOffset: 2
09-15 13:33:03.120 11458 11842 D OPENHU  : [80] Companion.decrypt | RECV: AUDIO Media Data type: 0 flags: 11 size: 8202 dataOffset: 2
09-15 13:33:03.153 11458 11842 D OPENHU  : [80] Companion.decrypt | RECV: MUSIC_PLAYBACK Media Playback Status type: 32769 flags: 11 size: 18 dataOffset: 2
09-15 13:33:03.154 11458 11842 D OPENHU  : [80] AapMediaPlayback.processStatusPacket | AapMediaPlayback: status mediaSource='VLC', playbackSeconds(u32)=216, state=PLAYING
09-15 13:33:03.161 11458 11842 D OPENHU  : [80] Companion.decrypt | RECV: AUDIO Media Data type: 0 flags: 11 size: 8202 dataOffset: 2
09-15 13:33:03.205 11458 11842 D OPENHU  : [80] Companion.decrypt | RECV: AUDIO Media Data type: 0 flags: 11 size: 8202 dataOffset: 2
09-15 13:33:03.247 11458 11842 D OPENHU  : [80] Companion.decrypt | RECV: AUDIO Media Data type: 0 flags: 11 size: 8202 dataOffset: 2
09-15 13:33:03.293 11458 11842 D OPENHU  : [80] Companion.decrypt | RECV: AUDIO Media Data type: 0 flags: 11 size: 8202 dataOffset: 2
09-15 13:33:03.332 11458 11842 D OPENHU  : [80] Companion.decrypt | RECV: AUDIO Media Data type: 0 flags: 11 size: 8202 dataOffset: 2
09-15 13:33:03.374 11458 11842 D OPENHU  : [80] Companion.decrypt | RECV: AUDIO Media Data type: 0 flags: 11 size: 8202 dataOffset: 2
09-15 13:33:03.417 11458 11842 D OPENHU  : [80] Companion.decrypt | RECV: AUDIO Media Data type: 0 flags: 11 size: 8202 dataOffset: 2
09-15 13:33:03.459 11458 11842 D OPENHU  : [80] Companion.decrypt | RECV: AUDIO Media Data type: 0 flags: 11 size: 8202 dataOffset: 2
09-15 13:33:03.504 11458 11842 D OPENHU  : [80] Companion.decrypt | RECV: AUDIO Media Data type: 0 flags: 11 size: 8202 dataOffset: 2
09-15 13:33:03.547 11458 11842 D OPENHU  : [80] Companion.decrypt | RECV: AUDIO Media Data type: 0 flags: 11 size: 8202 dataOffset: 2
09-15 13:33:03.587 11458 11842 D OPENHU  : [80] Companion.decrypt | RECV: AUDIO Media Data type: 0 flags: 11 size: 8202 dataOffset: 2
09-15 13:33:03.629 11458 11842 D OPENHU  : [80] Companion.decrypt | RECV: AUDIO Media Data type: 0 flags: 11 size: 8202 dataOffset: 2
09-15 13:33:03.672 11458 11842 D OPENHU  : [80] Companion.decrypt | RECV: AUDIO Media Data type: 0 flags: 11 size: 8202 dataOffset: 2
09-15 13:33:03.716 11458 11842 D OPENHU  : [80] Companion.decrypt | RECV: AUDIO Media Data type: 0 flags: 11 size: 8202 dataOffset: 2
09-15 13:33:03.729 11458 11842 D OPENHU  : [80] Companion.decrypt | RECV: MUSIC_PLAYBACK Media Playback Status type: 32771 flags: 11 size: 7819 dataOffset: 2
09-15 13:33:03.743 11458 11842 D OPENHU  : [80] Companion.decrypt | RECV: MUSIC_PLAYBACK Media Playback Status type: 32769 flags: 11 size: 17 dataOffset: 2
09-15 13:33:03.743 11458 11842 D OPENHU  : [80] AapMediaPlayback.processStatusPacket | AapMediaPlayback: status mediaSource='VLC', playbackSeconds(u32)=1, state=PLAYING
09-15 13:33:03.759 11458 11842 D OPENHU  : [80] Companion.decrypt | RECV: AUDIO Media Data type: 0 flags: 11 size: 8202 dataOffset: 2
09-15 13:33:03.800 11458 11842 D OPENHU  : [80] Companion.decrypt | RECV: AUDIO Media Data type: 0 flags: 11 size: 8202 dataOffset: 2
09-15 13:33:03.846 11458 11842 D OPENHU  : [80] Companion.decrypt | RECV: AUDIO Media Data type: 0 flags: 11 size: 8202 dataOffset: 2
09-15 13:33:03.888 11458 11842 D OPENHU  : [80] Companion.decrypt | RECV: AUDIO Media Data type: 0 flags: 11 size: 8202 dataOffset: 2
09-15 13:33:03.932 11458 11842 D OPENHU  : [80] Companion.decrypt | RECV: AUDIO Media Data type: 0 flags: 11 size: 8202 dataOffset: 2
09-15 13:33:03.972 11458 11842 D OPENHU  : [80] Companion.decrypt | RECV: AUDIO Media Data type: 0 flags: 11 size: 8202 dataOffset: 2
09-15 13:33:03.993 11458 11458 V OPENHU  : [2] GpsLocation.onLocationChanged | GpsLocation: fix received
09-15 13:33:04.000 11458 11842 D OPENHU  : [80] Companion.decrypt | RECV: CONTROL Ping Request type: 11 flags: 11 size: 12 dataOffset: 2
09-15 13:33:04.001 11458 11842 V OPENHU  : [80] AapTransport.send | CONTROL Ping Response type: 12 flags: 11 size: 14 dataOffset: 6
09-15 13:33:04.002 11458 11458 V OPENHU  : [2] AapTransport.send | SENSOR Sensor Event type: 32771 flags: 11 size: 46 dataOffset: 6
09-15 13:33:04.016 11458 11842 D OPENHU  : [80] Companion.decrypt | RECV: AUDIO Media Data type: 0 flags: 11 size: 8202 dataOffset: 2
09-15 13:33:04.056 11458 11842 D OPENHU  : [80] Companion.decrypt | RECV: AUDIO Media Data type: 0 flags: 11 size: 8202 dataOffset: 2
09-15 13:33:04.100 11458 11842 D OPENHU  : [80] Companion.decrypt | RECV: AUDIO Media Data type: 0 flags: 11 size: 8202 dataOffset: 2
09-15 13:33:04.143 11458 11842 D OPENHU  : [80] Companion.decrypt | RECV: AUDIO Media Data type: 0 flags: 11 size: 8202 dataOffset: 2
09-15 13:33:04.188 11458 11842 D OPENHU  : [80] Companion.decrypt | RECV: AUDIO Media Data type: 0 flags: 11 size: 8202 dataOffset: 2
09-15 13:33:04.230 11458 11842 D OPENHU  : [80] Companion.decrypt | RECV: AUDIO Media Data type: 0 flags: 11 size: 8202 dataOffset: 2
09-15 13:33:04.272 11458 11842 D OPENHU  : [80] Companion.decrypt | RECV: AUDIO Media Data type: 0 flags: 11 size: 8202 dataOffset: 2
09-15 13:33:04.317 11458 11842 D OPENHU  : [80] Companion.decrypt | RECV: AUDIO Media Data type: 0 flags: 11 size: 8202 dataOffset: 2
09-15 13:33:04.356 11458 11842 D OPENHU  : [80] Companion.decrypt | RECV: AUDIO Media Data type: 0 flags: 11 size: 8202 dataOffset: 2
09-15 13:33:04.399 11458 11842 D OPENHU  : [80] Companion.decrypt | RECV: AUDIO Media Data type: 0 flags: 11 size: 8202 dataOffset: 2
09-15 13:33:04.442 11458 11842 D OPENHU  : [80] Companion.decrypt | RECV: AUDIO Media Data type: 0 flags: 11 size: 8202 dataOffset: 2
09-15 13:33:04.485 11458 11842 D OPENHU  : [80] Companion.decrypt | RECV: AUDIO Media Data type: 0 flags: 11 size: 8202 dataOffset: 2
09-15 13:33:04.527 11458 11842 D OPENHU  : [80] Companion.decrypt | RECV: AUDIO Media Data type: 0 flags: 11 size: 8202 dataOffset: 2
09-15 13:33:04.572 11458 11842 D OPENHU  : [80] Companion.decrypt | RECV: AUDIO Media Data type: 0 flags: 11 size: 8202 dataOffset: 2
09-15 13:33:04.614 11458 11842 D OPENHU  : [80] Companion.decrypt | RECV: AUDIO Media Data type: 0 flags: 11 size: 8202 dataOffset: 2
09-15 13:33:04.656 11458 11842 D OPENHU  : [80] Companion.decrypt | RECV: AUDIO Media Data type: 0 flags: 11 size: 8202 dataOffset: 2
09-15 13:33:04.700 11458 11842 D OPENHU  : [80] Companion.decrypt | RECV: AUDIO Media Data type: 0 flags: 11 size: 8202 dataOffset: 2
09-15 13:33:04.742 11458 11842 D OPENHU  : [80] Companion.decrypt | RECV: AUDIO Media Data type: 0 flags: 11 size: 8202 dataOffset: 2
09-15 13:33:04.750 11458 11842 D OPENHU  : [80] Companion.decrypt | RECV: MUSIC_PLAYBACK Media Playback Status type: 32769 flags: 11 size: 17 dataOffset: 2
09-15 13:33:04.752 11458 11842 D OPENHU  : [80] AapMediaPlayback.processStatusPacket | AapMediaPlayback: status mediaSource='VLC', playbackSeconds(u32)=2, state=PLAYING
09-15 13:33:04.786 11458 11842 D OPENHU  : [80] Companion.decrypt | RECV: AUDIO Media Data type: 0 flags: 11 size: 8202 dataOffset: 2
09-15 13:33:04.827 11458 11842 D OPENHU  : [80] Companion.decrypt | RECV: AUDIO Media Data type: 0 flags: 11 size: 8202 dataOffset: 2
09-15 13:33:04.869 11458 11842 D OPENHU  : [80] Companion.decrypt | RECV: AUDIO Media Data type: 0 flags: 11 size: 8202 dataOffset: 2
09-15 13:33:04.911 11458 11842 D OPENHU  : [80] Companion.decrypt | RECV: AUDIO Media Data type: 0 flags: 11 size: 8202 dataOffset: 2
09-15 13:33:04.954 11458 11842 D OPENHU  : [80] Companion.decrypt | RECV: AUDIO Media Data type: 0 flags: 11 size: 8202 dataOffset: 2
09-15 13:33:04.996 11458 11842 D OPENHU  : [80] Companion.decrypt | RECV: AUDIO Media Data type: 0 flags: 11 size: 8202 dataOffset: 2
09-15 13:33:05.000 11458 11842 D OPENHU  : [80] Companion.decrypt | RECV: CONTROL Ping Request type: 11 flags: 11 size: 12 dataOffset: 2
09-15 13:33:05.001 11458 11842 V OPENHU  : [80] AapTransport.send | CONTROL Ping Response type: 12 flags: 11 size: 14 dataOffset: 6
09-15 13:33:05.010 11458 11458 V OPENHU  : [2] GpsLocation.onLocationChanged | GpsLocation: fix received
09-15 13:33:05.020 11458 11458 V OPENHU  : [2] AapTransport.send | SENSOR Sensor Event type: 32771 flags: 11 size: 46 dataOffset: 6
09-15 13:33:05.037 11458 11842 D OPENHU  : [80] Companion.decrypt | RECV: AUDIO Media Data type: 0 flags: 11 size: 8202 dataOffset: 2
09-15 13:33:05.087 11458 11842 D OPENHU  : [80] Companion.decrypt | RECV: AUDIO Media Data type: 0 flags: 11 size: 8202 dataOffset: 2
09-15 13:33:05.126 11458 11842 D OPENHU  : [80] Companion.decrypt | RECV: AUDIO Media Data type: 0 flags: 11 size: 8202 dataOffset: 2
09-15 13:33:05.169 11458 11842 D OPENHU  : [80] Companion.decrypt | RECV: AUDIO Media Data type: 0 flags: 11 size: 8202 dataOffset: 2
09-15 13:33:05.211 11458 11842 D OPENHU  : [80] Companion.decrypt | RECV: AUDIO Media Data type: 0 flags: 11 size: 8202 dataOffset: 2
09-15 13:33:05.252 11458 11842 D OPENHU  : [80] Companion.decrypt | RECV: AUDIO Media Data type: 0 flags: 11 size: 8202 dataOffset: 2
09-15 13:33:05.295 11458 11842 D OPENHU  : [80] Companion.decrypt | RECV: AUDIO Media Data type: 0 flags: 11 size: 8202 dataOffset: 2
09-15 13:33:05.338 11458 11842 D OPENHU  : [80] Companion.decrypt | RECV: AUDIO Media Data type: 0 flags: 11 size: 8202 dataOffset: 2
09-15 13:33:05.381 11458 11842 D OPENHU  : [80] Companion.decrypt | RECV: AUDIO Media Data type: 0 flags: 11 size: 8202 dataOffset: 2
09-15 13:33:05.423 11458 11842 D OPENHU  : [80] Companion.decrypt | RECV: AUDIO Media Data type: 0 flags: 11 size: 8202 dataOffset: 2
09-15 13:33:05.467 11458 11842 D OPENHU  : [80] Companion.decrypt | RECV: AUDIO Media Data type: 0 flags: 11 size: 8202 dataOffset: 2
09-15 13:33:05.507 11458 11842 D OPENHU  : [80] Companion.decrypt | RECV: AUDIO Media Data type: 0 flags: 11 size: 8202 dataOffset: 2
09-15 13:33:05.551 11458 11842 D OPENHU  : [80] Companion.decrypt | RECV: AUDIO Media Data type: 0 flags: 11 size: 8202 dataOffset: 2
09-15 13:33:05.593 11458 11842 D OPENHU  : [80] Companion.decrypt | RECV: AUDIO Media Data type: 0 flags: 11 size: 8202 dataOffset: 2
09-15 13:33:05.636 11458 11842 D OPENHU  : [80] Companion.decrypt | RECV: AUDIO Media Data type: 0 flags: 11 size: 8202 dataOffset: 2
09-15 13:33:05.680 11458 11842 D OPENHU  : [80] Companion.decrypt | RECV: AUDIO Media Data type: 0 flags: 11 size: 8202 dataOffset: 2
09-15 13:33:05.722 11458 11842 D OPENHU  : [80] Companion.decrypt | RECV: AUDIO Media Data type: 0 flags: 11 size: 8202 dataOffset: 2
09-15 13:33:05.741 11458 11842 D OPENHU  : [80] Companion.decrypt | RECV: MUSIC_PLAYBACK Media Playback Status type: 32769 flags: 11 size: 17 dataOffset: 2
09-15 13:33:05.742 11458 11842 D OPENHU  : [80] AapMediaPlayback.processStatusPacket | AapMediaPlayback: status mediaSource='VLC', playbackSeconds(u32)=3, state=PLAYING
09-15 13:33:05.764 11458 11842 D OPENHU  : [80] Companion.decrypt | RECV: AUDIO Media Data type: 0 flags: 11 size: 8202 dataOffset: 2
09-15 13:33:05.808 11458 11842 D OPENHU  : [80] Companion.decrypt | RECV: AUDIO Media Data type: 0 flags: 11 size: 8202 dataOffset: 2
09-15 13:33:05.856 11458 11842 D OPENHU  : [80] Companion.decrypt | RECV: AUDIO Media Data type: 0 flags: 11 size: 8202 dataOffset: 2
09-15 13:33:05.893 11458 11842 D OPENHU  : [80] Companion.decrypt | RECV: AUDIO Media Data type: 0 flags: 11 size: 8202 dataOffset: 2
09-15 13:33:05.935 11458 11842 D OPENHU  : [80] Companion.decrypt | RECV: AUDIO Media Data type: 0 flags: 11 size: 8202 dataOffset: 2
09-15 13:33:05.978 11458 11842 D OPENHU  : [80] Companion.decrypt | RECV: AUDIO Media Data type: 0 flags: 11 size: 8202 dataOffset: 2
09-15 13:33:05.994 11458 11458 V OPENHU  : [2] GpsLocation.onLocationChanged | GpsLocation: fix received
09-15 13:33:06.003 11458 11842 D OPENHU  : [80] Companion.decrypt | RECV: CONTROL Ping Request type: 11 flags: 11 size: 12 dataOffset: 2
09-15 13:33:06.004 11458 11842 V OPENHU  : [80] AapTransport.send | CONTROL Ping Response type: 12 flags: 11 size: 14 dataOffset: 6
09-15 13:33:06.004 11458 11458 V OPENHU  : [2] AapTransport.send | SENSOR Sensor Event type: 32771 flags: 11 size: 46 dataOffset: 6
09-15 13:33:06.020 11458 11842 D OPENHU  : [80] Companion.decrypt | RECV: AUDIO Media Data type: 0 flags: 11 size: 8202 dataOffset: 2
09-15 13:33:06.065 11458 11842 D OPENHU  : [80] Companion.decrypt | RECV: AUDIO Media Data type: 0 flags: 11 size: 8202 dataOffset: 2
09-15 13:33:06.108 11458 11842 D OPENHU  : [80] Companion.decrypt | RECV: AUDIO Media Data type: 0 flags: 11 size: 8202 dataOffset: 2
09-15 13:33:06.155 11458 11842 D OPENHU  : [80] Companion.decrypt | RECV: AUDIO Media Data type: 0 flags: 11 size: 8202 dataOffset: 2
09-15 13:33:06.193 11458 11842 D OPENHU  : [80] Companion.decrypt | RECV: AUDIO Media Data type: 0 flags: 11 size: 8202 dataOffset: 2
09-15 13:33:06.235 11458 11842 D OPENHU  : [80] Companion.decrypt | RECV: AUDIO Media Data type: 0 flags: 11 size: 8202 dataOffset: 2
09-15 13:33:06.281 11458 11842 D OPENHU  : [80] Companion.decrypt | RECV: AUDIO Media Data type: 0 flags: 11 size: 8202 dataOffset: 2
09-15 13:33:06.320 11458 11842 D OPENHU  : [80] Companion.decrypt | RECV: AUDIO Media Data type: 0 flags: 11 size: 8202 dataOffset: 2
09-15 13:33:06.365 11458 11842 D OPENHU  : [80] Companion.decrypt | RECV: AUDIO Media Data type: 0 flags: 11 size: 8202 dataOffset: 2
09-15 13:33:06.406 11458 11842 D OPENHU  : [80] Companion.decrypt | RECV: AUDIO Media Data type: 0 flags: 11 size: 8202 dataOffset: 2
09-15 13:33:06.455 11458 11842 D OPENHU  : [80] Companion.decrypt | RECV: AUDIO Media Data type: 0 flags: 11 size: 8202 dataOffset: 2
09-15 13:33:06.494 11458 11842 D OPENHU  : [80] Companion.decrypt | RECV: AUDIO Media Data type: 0 flags: 11 size: 8202 dataOffset: 2
09-15 13:33:06.533 11458 11842 D OPENHU  : [80] Companion.decrypt | RECV: AUDIO Media Data type: 0 flags: 11 size: 8202 dataOffset: 2
09-15 13:33:06.576 11458 11842 D OPENHU  : [80] Companion.decrypt | RECV: AUDIO Media Data type: 0 flags: 11 size: 8202 dataOffset: 2
09-15 13:33:06.621 11458 11842 D OPENHU  : [80] Companion.decrypt | RECV: AUDIO Media Data type: 0 flags: 11 size: 8202 dataOffset: 2
09-15 13:33:06.662 11458 11842 D OPENHU  : [80] Companion.decrypt | RECV: AUDIO Media Data type: 0 flags: 11 size: 8202 dataOffset: 2
09-15 13:33:06.705 11458 11842 D OPENHU  : [80] Companion.decrypt | RECV: AUDIO Media Data type: 0 flags: 11 size: 8202 dataOffset: 2
09-15 13:33:06.746 11458 11842 D OPENHU  : [80] Companion.decrypt | RECV: MUSIC_PLAYBACK Media Playback Status type: 32769 flags: 11 size: 17 dataOffset: 2
09-15 13:33:06.748 11458 11842 I OPENHU  : [80] AapTransport.noteMessageReceived$com_andrerinas_headunitrevived_3_4_0_beta3_githubDebug | AapTransport: inbound rate over 30030ms: video=55kB/s (1023 msgs), audio=150kB/s (573 msgs), other=0kB/s (71 msgs)
09-15 13:33:06.750 11458 11842 D OPENHU  : [80] AapMediaPlayback.processStatusPacket | AapMediaPlayback: status mediaSource='VLC', playbackSeconds(u32)=4, state=PLAYING
09-15 13:33:06.754 11458 11842 D OPENHU  : [80] Companion.decrypt | RECV: AUDIO Media Data type: 0 flags: 11 size: 8202 dataOffset: 2
09-15 13:33:06.788 11458 11842 D OPENHU  : [80] Companion.decrypt | RECV: AUDIO Media Data type: 0 flags: 11 size: 8202 dataOffset: 2
09-15 13:33:06.791 11458 11842 I OPENHU  : [80] AapMessageHandlerType.handle | AapTransport: transport dispatch over 30004ms: video=1224ms, audio=827ms, other=186ms, unread=7%, blocks=2, longest=85ms on VIDEO, videoQueue=7
09-15 13:33:06.833 11458 11842 D OPENHU  : [80] Companion.decrypt | RECV: AUDIO Media Data type: 0 flags: 11 size: 8202 dataOffset: 2
09-15 13:33:06.875 11458 11842 D OPENHU  : [80] Companion.decrypt | RECV: AUDIO Media Data type: 0 flags: 11 size: 8202 dataOffset: 2
09-15 13:33:06.917 11458 11842 D OPENHU  : [80] Companion.decrypt | RECV: AUDIO Media Data type: 0 flags: 11 size: 8202 dataOffset: 2
09-15 13:33:06.960 11458 11842 D OPENHU  : [80] Companion.decrypt | RECV: AUDIO Media Data type: 0 flags: 11 size: 8202 dataOffset: 2
09-15 13:33:06.999 11458 11458 V OPENHU  : [2] GpsLocation.onLocationChanged | GpsLocation: fix received
09-15 13:33:07.003 11458 11842 D OPENHU  : [80] Companion.decrypt | RECV: AUDIO Media Data type: 0 flags: 11 size: 8202 dataOffset: 2
09-15 13:33:07.007 11458 11842 D OPENHU  : [80] Companion.decrypt | RECV: CONTROL Ping Request type: 11 flags: 11 size: 12 dataOffset: 2
09-15 13:33:07.007 11458 11458 V OPENHU  : [2] AapTransport.send | SENSOR Sensor Event type: 32771 flags: 11 size: 46 dataOffset: 6
09-15 13:33:07.008 11458 11842 V OPENHU  : [80] AapTransport.send | CONTROL Ping Response type: 12 flags: 11 size: 14 dataOffset: 6
09-15 13:33:07.046 11458 11842 D OPENHU  : [80] Companion.decrypt | RECV: AUDIO Media Data type: 0 flags: 11 size: 8202 dataOffset: 2
09-15 13:33:07.088 11458 11842 D OPENHU  : [80] Companion.decrypt | RECV: AUDIO Media Data type: 0 flags: 11 size: 8202 dataOffset: 2
09-15 13:33:07.131 11458 11842 D OPENHU  : [80] Companion.decrypt | RECV: AUDIO Media Data type: 0 flags: 11 size: 8202 dataOffset: 2
09-15 13:33:07.173 11458 11842 D OPENHU  : [80] Companion.decrypt | RECV: AUDIO Media Data type: 0 flags: 11 size: 8202 dataOffset: 2
09-15 13:33:07.214 11458 11842 D OPENHU  : [80] Companion.decrypt | RECV: AUDIO Media Data type: 0 flags: 11 size: 8202 dataOffset: 2
09-15 13:33:07.259 11458 11842 D OPENHU  : [80] Companion.decrypt | RECV: AUDIO Media Data type: 0 flags: 11 size: 8202 dataOffset: 2
09-15 13:33:07.303 11458 11842 D OPENHU  : [80] Companion.decrypt | RECV: AUDIO Media Data type: 0 flags: 11 size: 8202 dataOffset: 2
09-15 13:33:07.346 11458 11842 D OPENHU  : [80] Companion.decrypt | RECV: AUDIO Media Data type: 0 flags: 11 size: 8202 dataOffset: 2
09-15 13:33:07.376 11458 11849 I OPENHU  : [81] AudioTrackWrapper.sampleHealth | audio sink AUDIO2 over 30095ms: underruns=0, silentCycles=0, rebanks=0, dropped=0, droppedFrames=0, shed=0, depth=0ms (min 0ms), queued=0, capacity=6400 frames (400ms), effective=6400 frames (400ms), target=1601 frames (100ms), drift=0ms
09-15 13:33:07.386 11458 11842 D OPENHU  : [80] Companion.decrypt | RECV: AUDIO Media Data type: 0 flags: 11 size: 8202 dataOffset: 2
09-15 13:33:07.400 11458 11851 I OPENHU  : [83] AudioTrackWrapper.sampleHealth | audio sink AUDIO1 over 30090ms: underruns=0, silentCycles=0, rebanks=0, dropped=0, droppedFrames=0, shed=0, depth=0ms (min 0ms), queued=0, capacity=6400 frames (400ms), effective=6400 frames (400ms), target=1601 frames (100ms), drift=0ms
09-15 13:33:07.427 11458 11842 D OPENHU  : [80] Companion.decrypt | RECV: AUDIO Media Data type: 0 flags: 11 size: 8202 dataOffset: 2
09-15 13:33:07.471 11458 11842 D OPENHU  : [80] Companion.decrypt | RECV: AUDIO Media Data type: 0 flags: 11 size: 8202 dataOffset: 2
09-15 13:33:07.489 11458 11853 I OPENHU  : [85] AudioTrackWrapper.sampleHealth | audio sink AUDIO over 30153ms: underruns=0, silentCycles=0, rebanks=0, dropped=0, droppedFrames=0, shed=0, depth=226ms (min 0ms), queued=3, capacity=19200 frames (400ms), effective=19200 frames (400ms), target=6849 frames (142ms), drift=0ms
09-15 13:33:07.513 11458 11842 D OPENHU  : [80] Companion.decrypt | RECV: AUDIO Media Data type: 0 flags: 11 size: 8202 dataOffset: 2
09-15 13:33:07.557 11458 11842 D OPENHU  : [80] Companion.decrypt | RECV: AUDIO Media Data type: 0 flags: 11 size: 8202 dataOffset: 2
09-15 13:33:07.598 11458 11842 D OPENHU  : [80] Companion.decrypt | RECV: AUDIO Media Data type: 0 flags: 11 size: 8202 dataOffset: 2
09-15 13:33:07.644 11458 11842 D OPENHU  : [80] Companion.decrypt | RECV: AUDIO Media Data type: 0 flags: 11 size: 8202 dataOffset: 2
09-15 13:33:07.684 11458 11842 D OPENHU  : [80] Companion.decrypt | RECV: AUDIO Media Data type: 0 flags: 11 size: 8202 dataOffset: 2
09-15 13:33:07.734 11458 11842 D OPENHU  : [80] Companion.decrypt | RECV: AUDIO Media Data type: 0 flags: 11 size: 8202 dataOffset: 2
09-15 13:33:07.746 11458 11842 D OPENHU  : [80] Companion.decrypt | RECV: MUSIC_PLAYBACK Media Playback Status type: 32769 flags: 11 size: 17 dataOffset: 2
09-15 13:33:07.747 11458 11842 D OPENHU  : [80] AapMediaPlayback.processStatusPacket | AapMediaPlayback: status mediaSource='VLC', playbackSeconds(u32)=5, state=PLAYING
09-15 13:33:07.770 11458 11842 D OPENHU  : [80] Companion.decrypt | RECV: AUDIO Media Data type: 0 flags: 11 size: 8202 dataOffset: 2
09-15 13:33:07.814 11458 11842 D OPENHU  : [80] Companion.decrypt | RECV: AUDIO Media Data type: 0 flags: 11 size: 8202 dataOffset: 2
09-15 13:33:07.855 11458 11842 D OPENHU  : [80] Companion.decrypt | RECV: AUDIO Media Data type: 0 flags: 11 size: 8202 dataOffset: 2
09-15 13:33:07.873 11458 11870 I OPENHU  : [89] VideoDecoder.logThroughput | Throughput over 5004ms: rendered=150 (29fps), fed=150 (29fps), dropped=0, skipped=0, concealed=0, inputWait=64ms, enqueueWait=0ms, codec=c2.unisoc.avc.decoder, presented=150 (29fps), decodeLatency=9ms p95=11ms (150 frames)
09-15 13:33:07.899 11458 11842 D OPENHU  : [80] Companion.decrypt | RECV: AUDIO Media Data type: 0 flags: 11 size: 8202 dataOffset: 2
09-15 13:33:07.922 11458 11458 I OPENHU  : [2] TextureProjectionView.onSurfaceTextureUpdated | TextureProjectionView: displayed 127 frames in 5000ms (25fps), longFrames=1
09-15 13:33:07.942 11458 11842 D OPENHU  : [80] Companion.decrypt | RECV: AUDIO Media Data type: 0 flags: 11 size: 8202 dataOffset: 2
09-15 13:33:07.983 11458 11842 D OPENHU  : [80] Companion.decrypt | RECV: AUDIO Media Data type: 0 flags: 11 size: 8202 dataOffset: 2
09-15 13:33:07.997 11458 11458 V OPENHU  : [2] GpsLocation.onLocationChanged | GpsLocation: fix received
09-15 13:33:08.002 11458 11842 D OPENHU  : [80] Companion.decrypt | RECV: CONTROL Ping Request type: 11 flags: 11 size: 12 dataOffset: 2
09-15 13:33:08.003 11458 11842 V OPENHU  : [80] AapTransport.send | CONTROL Ping Response type: 12 flags: 11 size: 14 dataOffset: 6
09-15 13:33:08.010 11458 11458 V OPENHU  : [2] AapTransport.send | SENSOR Sensor Event type: 32771 flags: 11 size: 46 dataOffset: 6
09-15 13:33:08.025 11458 11842 D OPENHU  : [80] Companion.decrypt | RECV: AUDIO Media Data type: 0 flags: 11 size: 8202 dataOffset: 2
09-15 13:33:08.068 11458 11842 D OPENHU  : [80] Companion.decrypt | RECV: AUDIO Media Data type: 0 flags: 11 size: 8202 dataOffset: 2
09-15 13:33:08.113 11458 11842 D OPENHU  : [80] Companion.decrypt | RECV: AUDIO Media Data type: 0 flags: 11 size: 8202 dataOffset: 2
09-15 13:33:08.155 11458 11842 D OPENHU  : [80] Companion.decrypt | RECV: AUDIO Media Data type: 0 flags: 11 size: 8202 dataOffset: 2
09-15 13:33:08.198 11458 11842 D OPENHU  : [80] Companion.decrypt | RECV: AUDIO Media Data type: 0 flags: 11 size: 8202 dataOffset: 2
09-15 13:33:08.238 11458 11842 D OPENHU  : [80] Companion.decrypt | RECV: AUDIO Media Data type: 0 flags: 11 size: 8202 dataOffset: 2
09-15 13:33:08.283 11458 11842 D OPENHU  : [80] Companion.decrypt | RECV: AUDIO Media Data type: 0 flags: 11 size: 8202 dataOffset: 2
09-15 13:33:08.328 11458 11842 D OPENHU  : [80] Companion.decrypt | RECV: AUDIO Media Data type: 0 flags: 11 size: 8202 dataOffset: 2
09-15 13:33:08.370 11458 11842 D OPENHU  : [80] Companion.decrypt | RECV: AUDIO Media Data type: 0 flags: 11 size: 8202 dataOffset: 2
09-15 13:33:08.410 11458 11842 D OPENHU  : [80] Companion.decrypt | RECV: AUDIO Media Data type: 0 flags: 11 size: 8202 dataOffset: 2
09-15 13:33:08.453 11458 11842 D OPENHU  : [80] Companion.decrypt | RECV: AUDIO Media Data type: 0 flags: 11 size: 8202 dataOffset: 2
09-15 13:33:08.496 11458 11842 D OPENHU  : [80] Companion.decrypt | RECV: AUDIO Media Data type: 0 flags: 11 size: 8202 dataOffset: 2
09-15 13:33:08.538 11458 11842 D OPENHU  : [80] Companion.decrypt | RECV: AUDIO Media Data type: 0 flags: 11 size: 8202 dataOffset: 2
09-15 13:33:08.579 11458 11842 D OPENHU  : [80] Companion.decrypt | RECV: AUDIO Media Data type: 0 flags: 11 size: 8202 dataOffset: 2
09-15 13:33:08.622 11458 11842 D OPENHU  : [80] Companion.decrypt | RECV: AUDIO Media Data type: 0 flags: 11 size: 8202 dataOffset: 2
09-15 13:33:08.666 11458 11842 D OPENHU  : [80] Companion.decrypt | RECV: AUDIO Media Data type: 0 flags: 11 size: 8202 dataOffset: 2
09-15 13:33:08.709 11458 11842 D OPENHU  : [80] Companion.decrypt | RECV: AUDIO Media Data type: 0 flags: 11 size: 8202 dataOffset: 2
09-15 13:33:08.750 11458 11842 D OPENHU  : [80] Companion.decrypt | RECV: MUSIC_PLAYBACK Media Playback Status type: 32769 flags: 11 size: 17 dataOffset: 2
09-15 13:33:08.751 11458 11842 D OPENHU  : [80] AapMediaPlayback.processStatusPacket | AapMediaPlayback: status mediaSource='VLC', playbackSeconds(u32)=6, state=PLAYING
09-15 13:33:08.753 11458 11842 D OPENHU  : [80] Companion.decrypt | RECV: AUDIO Media Data type: 0 flags: 11 size: 8202 dataOffset: 2
09-15 13:33:08.793 11458 11842 D OPENHU  : [80] Companion.decrypt | RECV: AUDIO Media Data type: 0 flags: 11 size: 8202 dataOffset: 2
09-15 13:33:08.836 11458 11842 D OPENHU  : [80] Companion.decrypt | RECV: AUDIO Media Data type: 0 flags: 11 size: 8202 dataOffset: 2
09-15 13:33:08.881 11458 11842 D OPENHU  : [80] Companion.decrypt | RECV: AUDIO Media Data type: 0 flags: 11 size: 8202 dataOffset: 2
09-15 13:33:08.923 11458 11842 D OPENHU  : [80] Companion.decrypt | RECV: AUDIO Media Data type: 0 flags: 11 size: 8202 dataOffset: 2
09-15 13:33:08.965 11458 11842 D OPENHU  : [80] Companion.decrypt | RECV: AUDIO Media Data type: 0 flags: 11 size: 8202 dataOffset: 2
09-15 13:33:09.000 11458 11458 V OPENHU  : [2] GpsLocation.onLocationChanged | GpsLocation: fix received
09-15 13:33:09.004 11458 11842 D OPENHU  : [80] Companion.decrypt | RECV: CONTROL Ping Request type: 11 flags: 11 size: 12 dataOffset: 2
09-15 13:33:09.005 11458 11842 V OPENHU  : [80] AapTransport.send | CONTROL Ping Response type: 12 flags: 11 size: 14 dataOffset: 6
09-15 13:33:09.009 11458 11842 D OPENHU  : [80] Companion.decrypt | RECV: AUDIO Media Data type: 0 flags: 11 size: 8202 dataOffset: 2
09-15 13:33:09.013 11458 11458 V OPENHU  : [2] AapTransport.send | SENSOR Sensor Event type: 32771 flags: 11 size: 46 dataOffset: 6
09-15 13:33:09.051 11458 11842 D OPENHU  : [80] Companion.decrypt | RECV: AUDIO Media Data type: 0 flags: 11 size: 8202 dataOffset: 2
09-15 13:33:09.092 11458 11842 D OPENHU  : [80] Companion.decrypt | RECV: AUDIO Media Data type: 0 flags: 11 size: 8202 dataOffset: 2
09-15 13:33:09.136 11458 11842 D OPENHU  : [80] Companion.decrypt | RECV: AUDIO Media Data type: 0 flags: 11 size: 8202 dataOffset: 2
09-15 13:33:09.178 11458 11842 D OPENHU  : [80] Companion.decrypt | RECV: AUDIO Media Data type: 0 flags: 11 size: 8202 dataOffset: 2
09-15 13:33:09.221 11458 11842 D OPENHU  : [80] Companion.decrypt | RECV: AUDIO Media Data type: 0 flags: 11 size: 8202 dataOffset: 2
09-15 13:33:09.263 11458 11842 D OPENHU  : [80] Companion.decrypt | RECV: AUDIO Media Data type: 0 flags: 11 size: 8202 dataOffset: 2
09-15 13:33:09.305 11458 11842 D OPENHU  : [80] Companion.decrypt | RECV: AUDIO Media Data type: 0 flags: 11 size: 8202 dataOffset: 2
09-15 13:33:09.349 11458 11842 D OPENHU  : [80] Companion.decrypt | RECV: AUDIO Media Data type: 0 flags: 11 size: 8202 dataOffset: 2
09-15 13:33:09.390 11458 11842 D OPENHU  : [80] Companion.decrypt | RECV: AUDIO Media Data type: 0 flags: 11 size: 8202 dataOffset: 2
09-15 13:33:09.436 11458 11842 D OPENHU  : [80] Companion.decrypt | RECV: AUDIO Media Data type: 0 flags: 11 size: 8202 dataOffset: 2
09-15 13:33:09.477 11458 11842 D OPENHU  : [80] Companion.decrypt | RECV: AUDIO Media Data type: 0 flags: 11 size: 8202 dataOffset: 2
09-15 13:33:09.519 11458 11842 D OPENHU  : [80] Companion.decrypt | RECV: AUDIO Media Data type: 0 flags: 11 size: 8202 dataOffset: 2
09-15 13:33:09.565 11458 11842 D OPENHU  : [80] Companion.decrypt | RECV: AUDIO Media Data type: 0 flags: 11 size: 8202 dataOffset: 2
09-15 13:33:09.603 11458 11842 D OPENHU  : [80] Companion.decrypt | RECV: AUDIO Media Data type: 0 flags: 11 size: 8202 dataOffset: 2
09-15 13:33:09.649 11458 11842 D OPENHU  : [80] Companion.decrypt | RECV: AUDIO Media Data type: 0 flags: 11 size: 8202 dataOffset: 2
09-15 13:33:09.690 11458 11842 D OPENHU  : [80] Companion.decrypt | RECV: AUDIO Media Data type: 0 flags: 11 size: 8202 dataOffset: 2
09-15 13:33:09.734 11458 11842 D OPENHU  : [80] Companion.decrypt | RECV: AUDIO Media Data type: 0 flags: 11 size: 8202 dataOffset: 2
09-15 13:33:09.754 11458 11842 D OPENHU  : [80] Companion.decrypt | RECV: MUSIC_PLAYBACK Media Playback Status type: 32769 flags: 11 size: 17 dataOffset: 2
09-15 13:33:09.755 11458 11842 D OPENHU  : [80] AapMediaPlayback.processStatusPacket | AapMediaPlayback: status mediaSource='VLC', playbackSeconds(u32)=7, state=PLAYING
09-15 13:33:09.778 11458 11842 D OPENHU  : [80] Companion.decrypt | RECV: AUDIO Media Data type: 0 flags: 11 size: 8202 dataOffset: 2
09-15 13:33:09.820 11458 11842 D OPENHU  : [80] Companion.decrypt | RECV: AUDIO Media Data type: 0 flags: 11 size: 8202 dataOffset: 2
09-15 13:33:09.861 11458 11842 D OPENHU  : [80] Companion.decrypt | RECV: AUDIO Media Data type: 0 flags: 11 size: 8202 dataOffset: 2
09-15 13:33:09.903 11458 11842 D OPENHU  : [80] Companion.decrypt | RECV: AUDIO Media Data type: 0 flags: 11 size: 8202 dataOffset: 2
09-15 13:33:09.946 11458 11842 D OPENHU  : [80] Companion.decrypt | RECV: AUDIO Media Data type: 0 flags: 11 size: 8202 dataOffset: 2
09-15 13:33:09.991 11458 11842 D OPENHU  : [80] Companion.decrypt | RECV: AUDIO Media Data type: 0 flags: 11 size: 8202 dataOffset: 2
09-15 13:33:09.998 11458 11458 V OPENHU  : [2] GpsLocation.onLocationChanged | GpsLocation: fix received
09-15 13:33:10.004 11458 11458 V OPENHU  : [2] AapTransport.send | SENSOR Sensor Event type: 32771 flags: 11 size: 46 dataOffset: 6
09-15 13:33:10.005 11458 11842 D OPENHU  : [80] Companion.decrypt | RECV: CONTROL Ping Request type: 11 flags: 11 size: 12 dataOffset: 2
09-15 13:33:10.006 11458 11842 V OPENHU  : [80] AapTransport.send | CONTROL Ping Response type: 12 flags: 11 size: 14 dataOffset: 6
09-15 13:33:10.031 11458 11842 D OPENHU  : [80] Companion.decrypt | RECV: AUDIO Media Data type: 0 flags: 11 size: 8202 dataOffset: 2
09-15 13:33:10.074 11458 11842 D OPENHU  : [80] Companion.decrypt | RECV: AUDIO Media Data type: 0 flags: 11 size: 8202 dataOffset: 2
09-15 13:33:10.116 11458 11842 D OPENHU  : [80] Companion.decrypt | RECV: AUDIO Media Data type: 0 flags: 11 size: 8202 dataOffset: 2
09-15 13:33:10.158 11458 11842 D OPENHU  : [80] Companion.decrypt | RECV: AUDIO Media Data type: 0 flags: 11 size: 8202 dataOffset: 2
09-15 13:33:10.204 11458 11842 D OPENHU  : [80] Companion.decrypt | RECV: AUDIO Media Data type: 0 flags: 11 size: 8202 dataOffset: 2
09-15 13:33:10.247 11458 11842 D OPENHU  : [80] Companion.decrypt | RECV: AUDIO Media Data type: 0 flags: 11 size: 8202 dataOffset: 2
09-15 13:33:10.291 11458 11842 D OPENHU  : [80] Companion.decrypt | RECV: AUDIO Media Data type: 0 flags: 11 size: 8202 dataOffset: 2
09-15 13:33:10.331 11458 11842 D OPENHU  : [80] Companion.decrypt | RECV: AUDIO Media Data type: 0 flags: 11 size: 8202 dataOffset: 2
09-15 13:33:10.373 11458 11842 D OPENHU  : [80] Companion.decrypt | RECV: AUDIO Media Data type: 0 flags: 11 size: 8202 dataOffset: 2
09-15 13:33:10.416 11458 11842 D OPENHU  : [80] Companion.decrypt | RECV: AUDIO Media Data type: 0 flags: 11 size: 8202 dataOffset: 2
09-15 13:33:10.459 11458 11842 D OPENHU  : [80] Companion.decrypt | RECV: AUDIO Media Data type: 0 flags: 11 size: 8202 dataOffset: 2
09-15 13:33:10.500 11458 11842 D OPENHU  : [80] Companion.decrypt | RECV: AUDIO Media Data type: 0 flags: 11 size: 8202 dataOffset: 2
09-15 13:33:10.543 11458 11842 D OPENHU  : [80] Companion.decrypt | RECV: AUDIO Media Data type: 0 flags: 11 size: 8202 dataOffset: 2
09-15 13:33:10.586 11458 11842 D OPENHU  : [80] Companion.decrypt | RECV: AUDIO Media Data type: 0 flags: 11 size: 8202 dataOffset: 2
09-15 13:33:10.628 11458 11842 D OPENHU  : [80] Companion.decrypt | RECV: AUDIO Media Data type: 0 flags: 11 size: 8202 dataOffset: 2
09-15 13:33:10.671 11458 11842 D OPENHU  : [80] Companion.decrypt | RECV: AUDIO Media Data type: 0 flags: 11 size: 8202 dataOffset: 2
09-15 13:33:10.718 11458 11842 D OPENHU  : [80] Companion.decrypt | RECV: AUDIO Media Data type: 0 flags: 11 size: 8202 dataOffset: 2
09-15 13:33:10.756 11458 11842 D OPENHU  : [80] Companion.decrypt | RECV: MUSIC_PLAYBACK Media Playback Status type: 32769 flags: 11 size: 17 dataOffset: 2
09-15 13:33:10.757 11458 11842 D OPENHU  : [80] AapMediaPlayback.processStatusPacket | AapMediaPlayback: status mediaSource='VLC', playbackSeconds(u32)=8, state=PLAYING
09-15 13:33:10.759 11458 11842 D OPENHU  : [80] Companion.decrypt | RECV: AUDIO Media Data type: 0 flags: 11 size: 8202 dataOffset: 2
09-15 13:33:10.804 11458 11842 D OPENHU  : [80] Companion.decrypt | RECV: AUDIO Media Data type: 0 flags: 11 size: 8202 dataOffset: 2
09-15 13:33:10.843 11458 11842 D OPENHU  : [80] Companion.decrypt | RECV: AUDIO Media Data type: 0 flags: 11 size: 8202 dataOffset: 2
09-15 13:33:10.894 11458 11842 D OPENHU  : [80] Companion.decrypt | RECV: AUDIO Media Data type: 0 flags: 11 size: 8202 dataOffset: 2
09-15 13:33:10.931 11458 11842 D OPENHU  : [80] Companion.decrypt | RECV: AUDIO Media Data type: 0 flags: 11 size: 8202 dataOffset: 2
09-15 13:33:10.972 11458 11842 D OPENHU  : [80] Companion.decrypt | RECV: AUDIO Media Data type: 0 flags: 11 size: 8202 dataOffset: 2
09-15 13:33:11.000 11458 11458 V OPENHU  : [2] GpsLocation.onLocationChanged | GpsLocation: fix received
09-15 13:33:11.006 11458 11842 D OPENHU  : [80] Companion.decrypt | RECV: CONTROL Ping Request type: 11 flags: 11 size: 12 dataOffset: 2
09-15 13:33:11.007 11458 11842 V OPENHU  : [80] AapTransport.send | CONTROL Ping Response type: 12 flags: 11 size: 14 dataOffset: 6
09-15 13:33:11.015 11458 11458 V OPENHU  : [2] AapTransport.send | SENSOR Sensor Event type: 32771 flags: 11 size: 46 dataOffset: 6
09-15 13:33:11.016 11458 11842 D OPENHU  : [80] Companion.decrypt | RECV: AUDIO Media Data type: 0 flags: 11 size: 8202 dataOffset: 2
09-15 13:33:11.054 11458 11842 D OPENHU  : [80] Companion.decrypt | RECV: AUDIO Media Data type: 0 flags: 11 size: 8202 dataOffset: 2
09-15 13:33:11.099 11458 11842 D OPENHU  : [80] Companion.decrypt | RECV: AUDIO Media Data type: 0 flags: 11 size: 8202 dataOffset: 2
09-15 13:33:11.141 11458 11842 D OPENHU  : [80] Companion.decrypt | RECV: AUDIO Media Data type: 0 flags: 11 size: 8202 dataOffset: 2
09-15 13:33:11.182 11458 11842 D OPENHU  : [80] Companion.decrypt | RECV: AUDIO Media Data type: 0 flags: 11 size: 8202 dataOffset: 2
09-15 13:33:11.226 11458 11842 D OPENHU  : [80] Companion.decrypt | RECV: AUDIO Media Data type: 0 flags: 11 size: 8202 dataOffset: 2
09-15 13:33:11.268 11458 11842 D OPENHU  : [80] Companion.decrypt | RECV: AUDIO Media Data type: 0 flags: 11 size: 8202 dataOffset: 2
09-15 13:33:11.315 11458 11842 D OPENHU  : [80] Companion.decrypt | RECV: AUDIO Media Data type: 0 flags: 11 size: 8202 dataOffset: 2
09-15 13:33:11.354 11458 11842 D OPENHU  : [80] Companion.decrypt | RECV: AUDIO Media Data type: 0 flags: 11 size: 8202 dataOffset: 2
09-15 13:33:11.397 11458 11842 D OPENHU  : [80] Companion.decrypt | RECV: AUDIO Media Data type: 0 flags: 11 size: 8202 dataOffset: 2
09-15 13:33:11.438 11458 11842 D OPENHU  : [80] Companion.decrypt | RECV: AUDIO Media Data type: 0 flags: 11 size: 8202 dataOffset: 2
09-15 13:33:11.483 11458 11842 D OPENHU  : [80] Companion.decrypt | RECV: AUDIO Media Data type: 0 flags: 11 size: 8202 dataOffset: 2
09-15 13:33:11.526 11458 11842 D OPENHU  : [80] Companion.decrypt | RECV: AUDIO Media Data type: 0 flags: 11 size: 8202 dataOffset: 2
09-15 13:33:11.567 11458 11842 D OPENHU  : [80] Companion.decrypt | RECV: AUDIO Media Data type: 0 flags: 11 size: 8202 dataOffset: 2
09-15 13:33:11.613 11458 11842 D OPENHU  : [80] Companion.decrypt | RECV: AUDIO Media Data type: 0 flags: 11 size: 8202 dataOffset: 2
09-15 13:33:11.653 11458 11842 D OPENHU  : [80] Companion.decrypt | RECV: AUDIO Media Data type: 0 flags: 11 size: 8202 dataOffset: 2
09-15 13:33:11.696 11458 11842 D OPENHU  : [80] Companion.decrypt | RECV: AUDIO Media Data type: 0 flags: 11 size: 8202 dataOffset: 2
09-15 13:33:11.738 11458 11842 D OPENHU  : [80] Companion.decrypt | RECV: AUDIO Media Data type: 0 flags: 11 size: 8202 dataOffset: 2
09-15 13:33:11.759 11458 11842 D OPENHU  : [80] Companion.decrypt | RECV: MUSIC_PLAYBACK Media Playback Status type: 32769 flags: 11 size: 17 dataOffset: 2
09-15 13:33:11.760 11458 11842 D OPENHU  : [80] AapMediaPlayback.processStatusPacket | AapMediaPlayback: status mediaSource='VLC', playbackSeconds(u32)=9, state=PLAYING
09-15 13:33:11.780 11458 11842 D OPENHU  : [80] Companion.decrypt | RECV: AUDIO Media Data type: 0 flags: 11 size: 8202 dataOffset: 2
09-15 13:33:11.824 11458 11842 D OPENHU  : [80] Companion.decrypt | RECV: AUDIO Media Data type: 0 flags: 11 size: 8202 dataOffset: 2
09-15 13:33:11.866 11458 11842 D OPENHU  : [80] Companion.decrypt | RECV: AUDIO Media Data type: 0 flags: 11 size: 8202 dataOffset: 2
09-15 13:33:11.910 11458 11842 D OPENHU  : [80] Companion.decrypt | RECV: AUDIO Media Data type: 0 flags: 11 size: 8202 dataOffset: 2
09-15 13:33:11.952 11458 11842 D OPENHU  : [80] Companion.decrypt | RECV: AUDIO Media Data type: 0 flags: 11 size: 8202 dataOffset: 2
09-15 13:33:11.991 11458 11458 V OPENHU  : [2] GpsLocation.onLocationChanged | GpsLocation: fix received
09-15 13:33:11.995 11458 11842 D OPENHU  : [80] Companion.decrypt | RECV: AUDIO Media Data type: 0 flags: 11 size: 8202 dataOffset: 2
09-15 13:33:12.003 11458 11458 V OPENHU  : [2] AapTransport.send | SENSOR Sensor Event type: 32771 flags: 11 size: 46 dataOffset: 6
09-15 13:33:12.007 11458 11842 D OPENHU  : [80] Companion.decrypt | RECV: CONTROL Ping Request type: 11 flags: 11 size: 12 dataOffset: 2
09-15 13:33:12.008 11458 11842 V OPENHU  : [80] AapTransport.send | CONTROL Ping Response type: 12 flags: 11 size: 14 dataOffset: 6
09-15 13:33:12.037 11458 11842 D OPENHU  : [80] Companion.decrypt | RECV: AUDIO Media Data type: 0 flags: 11 size: 8202 dataOffset: 2
09-15 13:33:12.080 11458 11842 D OPENHU  : [80] Companion.decrypt | RECV: AUDIO Media Data type: 0 flags: 11 size: 8202 dataOffset: 2
09-15 13:33:12.122 11458 11842 D OPENHU  : [80] Companion.decrypt | RECV: AUDIO Media Data type: 0 flags: 11 size: 8202 dataOffset: 2
09-15 13:33:12.166 11458 11842 D OPENHU  : [80] Companion.decrypt | RECV: AUDIO Media Data type: 0 flags: 11 size: 8202 dataOffset: 2
09-15 13:33:12.208 11458 11842 D OPENHU  : [80] Companion.decrypt | RECV: AUDIO Media Data type: 0 flags: 11 size: 8202 dataOffset: 2
09-15 13:33:12.252 11458 11842 D OPENHU  : [80] Companion.decrypt | RECV: AUDIO Media Data type: 0 flags: 11 size: 8202 dataOffset: 2
09-15 13:33:12.294 11458 11842 D OPENHU  : [80] Companion.decrypt | RECV: AUDIO Media Data type: 0 flags: 11 size: 8202 dataOffset: 2
09-15 13:33:12.339 11458 11842 D OPENHU  : [80] Companion.decrypt | RECV: AUDIO Media Data type: 0 flags: 11 size: 8202 dataOffset: 2
09-15 13:33:12.378 11458 11842 D OPENHU  : [80] Companion.decrypt | RECV: AUDIO Media Data type: 0 flags: 11 size: 8202 dataOffset: 2
09-15 13:33:12.421 11458 11842 D OPENHU  : [80] Companion.decrypt | RECV: AUDIO Media Data type: 0 flags: 11 size: 8202 dataOffset: 2
09-15 13:33:12.463 11458 11842 D OPENHU  : [80] Companion.decrypt | RECV: AUDIO Media Data type: 0 flags: 11 size: 8202 dataOffset: 2
09-15 13:33:12.506 11458 11842 D OPENHU  : [80] Companion.decrypt | RECV: AUDIO Media Data type: 0 flags: 11 size: 8202 dataOffset: 2
09-15 13:33:12.549 11458 11842 D OPENHU  : [80] Companion.decrypt | RECV: AUDIO Media Data type: 0 flags: 11 size: 8202 dataOffset: 2
09-15 13:33:12.594 11458 11842 D OPENHU  : [80] Companion.decrypt | RECV: AUDIO Media Data type: 0 flags: 11 size: 8202 dataOffset: 2
09-15 13:33:12.636 11458 11842 D OPENHU  : [80] Companion.decrypt | RECV: AUDIO Media Data type: 0 flags: 11 size: 8202 dataOffset: 2
09-15 13:33:12.678 11458 11842 D OPENHU  : [80] Companion.decrypt | RECV: AUDIO Media Data type: 0 flags: 11 size: 8202 dataOffset: 2
09-15 13:33:12.721 11458 11842 D OPENHU  : [80] Companion.decrypt | RECV: AUDIO Media Data type: 0 flags: 11 size: 8202 dataOffset: 2
09-15 13:33:12.765 11458 11842 D OPENHU  : [80] Companion.decrypt | RECV: AUDIO Media Data type: 0 flags: 11 size: 8202 dataOffset: 2
09-15 13:33:12.772 11458 11842 D OPENHU  : [80] Companion.decrypt | RECV: MUSIC_PLAYBACK Media Playback Status type: 32769 flags: 11 size: 17 dataOffset: 2
09-15 13:33:12.774 11458 11842 D OPENHU  : [80] AapMediaPlayback.processStatusPacket | AapMediaPlayback: status mediaSource='VLC', playbackSeconds(u32)=10, state=PLAYING
09-15 13:33:12.803 11458 11842 D OPENHU  : [80] Companion.decrypt | RECV: AUDIO Media Data type: 0 flags: 11 size: 8202 dataOffset: 2
09-15 13:33:12.853 11458 11842 D OPENHU  : [80] Companion.decrypt | RECV: AUDIO Media Data type: 0 flags: 11 size: 8202 dataOffset: 2
09-15 13:33:12.880 11458 11870 I OPENHU  : [89] VideoDecoder.logThroughput | Throughput over 5008ms: rendered=149 (29fps), fed=150 (29fps), dropped=0, skipped=0, concealed=0, inputWait=63ms, enqueueWait=0ms, codec=c2.unisoc.avc.decoder, presented=149 (29fps), decodeLatency=9ms p95=12ms (149 frames)
09-15 13:33:12.892 11458 11842 D OPENHU  : [80] Companion.decrypt | RECV: AUDIO Media Data type: 0 flags: 11 size: 8202 dataOffset: 2
09-15 13:33:12.921 11458 11458 I OPENHU  : [2] TextureProjectionView.onSurfaceTextureUpdated | TextureProjectionView: displayed 124 frames in 5000ms (24fps), longFrames=1
09-15 13:33:12.934 11458 11842 D OPENHU  : [80] Companion.decrypt | RECV: AUDIO Media Data type: 0 flags: 11 size: 8202 dataOffset: 2
09-15 13:33:12.975 11458 11842 D OPENHU  : [80] Companion.decrypt | RECV: AUDIO Media Data type: 0 flags: 11 size: 8202 dataOffset: 2
09-15 13:33:13.003 11458 11458 V OPENHU  : [2] GpsLocation.onLocationChanged | GpsLocation: fix received
09-15 13:33:13.008 11458 11842 D OPENHU  : [80] Companion.decrypt | RECV: CONTROL Ping Request type: 11 flags: 11 size: 12 dataOffset: 2
09-15 13:33:13.009 11458 11842 V OPENHU  : [80] AapTransport.send | CONTROL Ping Response type: 12 flags: 11 size: 14 dataOffset: 6
09-15 13:33:13.017 11458 11458 V OPENHU  : [2] AapTransport.send | SENSOR Sensor Event type: 32771 flags: 11 size: 46 dataOffset: 6
09-15 13:33:13.019 11458 11842 D OPENHU  : [80] Companion.decrypt | RECV: AUDIO Media Data type: 0 flags: 11 size: 8202 dataOffset: 2
09-15 13:33:13.061 11458 11842 D OPENHU  : [80] Companion.decrypt | RECV: AUDIO Media Data type: 0 flags: 11 size: 8202 dataOffset: 2
09-15 13:33:13.104 11458 11842 D OPENHU  : [80] Companion.decrypt | RECV: AUDIO Media Data type: 0 flags: 11 size: 8202 dataOffset: 2
09-15 13:33:13.146 11458 11842 D OPENHU  : [80] Companion.decrypt | RECV: AUDIO Media Data type: 0 flags: 11 size: 8202 dataOffset: 2
09-15 13:33:13.188 11458 11842 D OPENHU  : [80] Companion.decrypt | RECV: AUDIO Media Data type: 0 flags: 11 size: 8202 dataOffset: 2
09-15 13:33:13.230 11458 11842 D OPENHU  : [80] Companion.decrypt | RECV: AUDIO Media Data type: 0 flags: 11 size: 8202 dataOffset: 2
09-15 13:33:13.276 11458 11842 D OPENHU  : [80] Companion.decrypt | RECV: AUDIO Media Data type: 0 flags: 11 size: 8202 dataOffset: 2
09-15 13:33:13.318 11458 11842 D OPENHU  : [80] Companion.decrypt | RECV: AUDIO Media Data type: 0 flags: 11 size: 8202 dataOffset: 2
09-15 13:33:13.362 11458 11842 D OPENHU  : [80] Companion.decrypt | RECV: AUDIO Media Data type: 0 flags: 11 size: 8202 dataOffset: 2
09-15 13:33:13.401 11458 11842 D OPENHU  : [80] Companion.decrypt | RECV: AUDIO Media Data type: 0 flags: 11 size: 8202 dataOffset: 2
09-15 13:33:13.444 11458 11842 D OPENHU  : [80] Companion.decrypt | RECV: AUDIO Media Data type: 0 flags: 11 size: 8202 dataOffset: 2
09-15 13:33:13.488 11458 11842 D OPENHU  : [80] Companion.decrypt | RECV: AUDIO Media Data type: 0 flags: 11 size: 8202 dataOffset: 2
09-15 13:33:13.533 11458 11842 D OPENHU  : [80] Companion.decrypt | RECV: AUDIO Media Data type: 0 flags: 11 size: 8202 dataOffset: 2
09-15 13:33:13.573 11458 11842 D OPENHU  : [80] Companion.decrypt | RECV: AUDIO Media Data type: 0 flags: 11 size: 8202 dataOffset: 2
09-15 13:33:13.615 11458 11842 D OPENHU  : [80] Companion.decrypt | RECV: AUDIO Media Data type: 0 flags: 11 size: 8202 dataOffset: 2
09-15 13:33:13.659 11458 11842 D OPENHU  : [80] Companion.decrypt | RECV: AUDIO Media Data type: 0 flags: 11 size: 8202 dataOffset: 2
09-15 13:33:13.700 11458 11842 D OPENHU  : [80] Companion.decrypt | RECV: AUDIO Media Data type: 0 flags: 11 size: 8202 dataOffset: 2
09-15 13:33:13.743 11458 11842 D OPENHU  : [80] Companion.decrypt | RECV: AUDIO Media Data type: 0 flags: 11 size: 8202 dataOffset: 2
09-15 13:33:13.767 11458 11842 D OPENHU  : [80] Companion.decrypt | RECV: MUSIC_PLAYBACK Media Playback Status type: 32769 flags: 11 size: 17 dataOffset: 2
09-15 13:33:13.770 11458 11842 D OPENHU  : [80] AapMediaPlayback.processStatusPacket | AapMediaPlayback: status mediaSource='VLC', playbackSeconds(u32)=11, state=PLAYING
09-15 13:33:13.787 11458 11842 D OPENHU  : [80] Companion.decrypt | RECV: AUDIO Media Data type: 0 flags: 11 size: 8202 dataOffset: 2
09-15 13:33:13.829 11458 11842 D OPENHU  : [80] Companion.decrypt | RECV: AUDIO Media Data type: 0 flags: 11 size: 8202 dataOffset: 2
09-15 13:33:13.870 11458 11842 D OPENHU  : [80] Companion.decrypt | RECV: AUDIO Media Data type: 0 flags: 11 size: 8202 dataOffset: 2
09-15 13:33:13.913 11458 11842 D OPENHU  : [80] Companion.decrypt | RECV: AUDIO Media Data type: 0 flags: 11 size: 8202 dataOffset: 2
09-15 13:33:13.957 11458 11842 D OPENHU  : [80] Companion.decrypt | RECV: AUDIO Media Data type: 0 flags: 11 size: 8202 dataOffset: 2
09-15 13:33:14.000 11458 11842 D OPENHU  : [80] Companion.decrypt | RECV: AUDIO Media Data type: 0 flags: 11 size: 8202 dataOffset: 2
09-15 13:33:14.000 11458 11458 V OPENHU  : [2] GpsLocation.onLocationChanged | GpsLocation: fix received
09-15 13:33:14.009 11458 11842 D OPENHU  : [80] Companion.decrypt | RECV: CONTROL Ping Request type: 11 flags: 11 size: 12 dataOffset: 2
09-15 13:33:14.009 11458 11458 V OPENHU  : [2] AapTransport.send | SENSOR Sensor Event type: 32771 flags: 11 size: 46 dataOffset: 6
09-15 13:33:14.010 11458 11842 V OPENHU  : [80] AapTransport.send | CONTROL Ping Response type: 12 flags: 11 size: 14 dataOffset: 6
09-15 13:33:14.043 11458 11842 D OPENHU  : [80] Companion.decrypt | RECV: AUDIO Media Data type: 0 flags: 11 size: 8202 dataOffset: 2
09-15 13:33:14.086 11458 11842 D OPENHU  : [80] Companion.decrypt | RECV: AUDIO Media Data type: 0 flags: 11 size: 8202 dataOffset: 2
09-15 13:33:14.134 11458 11842 D OPENHU  : [80] Companion.decrypt | RECV: AUDIO Media Data type: 0 flags: 11 size: 8202 dataOffset: 2
09-15 13:33:14.171 11458 11842 D OPENHU  : [80] Companion.decrypt | RECV: AUDIO Media Data type: 0 flags: 11 size: 8202 dataOffset: 2
09-15 13:33:14.214 11458 11842 D OPENHU  : [80] Companion.decrypt | RECV: AUDIO Media Data type: 0 flags: 11 size: 8202 dataOffset: 2
09-15 13:33:14.256 11458 11842 D OPENHU  : [80] Companion.decrypt | RECV: AUDIO Media Data type: 0 flags: 11 size: 8202 dataOffset: 2
09-15 13:33:14.298 11458 11842 D OPENHU  : [80] Companion.decrypt | RECV: AUDIO Media Data type: 0 flags: 11 size: 8202 dataOffset: 2
09-15 13:33:14.340 11458 11842 D OPENHU  : [80] Companion.decrypt | RECV: AUDIO Media Data type: 0 flags: 11 size: 8202 dataOffset: 2
09-15 13:33:14.382 11458 11842 D OPENHU  : [80] Companion.decrypt | RECV: AUDIO Media Data type: 0 flags: 11 size: 8202 dataOffset: 2
09-15 13:33:14.427 11458 11842 D OPENHU  : [80] Companion.decrypt | RECV: AUDIO Media Data type: 0 flags: 11 size: 8202 dataOffset: 2
09-15 13:33:14.469 11458 11842 D OPENHU  : [80] Companion.decrypt | RECV: AUDIO Media Data type: 0 flags: 11 size: 8202 dataOffset: 2
09-15 13:33:14.510 11458 11842 D OPENHU  : [80] Companion.decrypt | RECV: AUDIO Media Data type: 0 flags: 11 size: 8202 dataOffset: 2
09-15 13:33:14.555 11458 11842 D OPENHU  : [80] Companion.decrypt | RECV: AUDIO Media Data type: 0 flags: 11 size: 8202 dataOffset: 2
09-15 13:33:14.596 11458 11842 D OPENHU  : [80] Companion.decrypt | RECV: AUDIO Media Data type: 0 flags: 11 size: 8202 dataOffset: 2
09-15 13:33:14.639 11458 11842 D OPENHU  : [80] Companion.decrypt | RECV: AUDIO Media Data type: 0 flags: 11 size: 8202 dataOffset: 2
09-15 13:33:14.682 11458 11842 D OPENHU  : [80] Companion.decrypt | RECV: AUDIO Media Data type: 0 flags: 11 size: 8202 dataOffset: 2
09-15 13:33:14.724 11458 11842 D OPENHU  : [80] Companion.decrypt | RECV: AUDIO Media Data type: 0 flags: 11 size: 8202 dataOffset: 2
09-15 13:33:14.769 11458 11842 D OPENHU  : [80] Companion.decrypt | RECV: AUDIO Media Data type: 0 flags: 11 size: 8202 dataOffset: 2
09-15 13:33:14.773 11458 11842 D OPENHU  : [80] Companion.decrypt | RECV: MUSIC_PLAYBACK Media Playback Status type: 32769 flags: 11 size: 17 dataOffset: 2
09-15 13:33:14.773 11458 11842 D OPENHU  : [80] AapMediaPlayback.processStatusPacket | AapMediaPlayback: status mediaSource='VLC', playbackSeconds(u32)=12, state=PLAYING
09-15 13:33:14.812 11458 11842 D OPENHU  : [80] Companion.decrypt | RECV: AUDIO Media Data type: 0 flags: 11 size: 8202 dataOffset: 2
09-15 13:33:14.853 11458 11842 D OPENHU  : [80] Companion.decrypt | RECV: AUDIO Media Data type: 0 flags: 11 size: 8202 dataOffset: 2
09-15 13:33:14.895 11458 11842 D OPENHU  : [80] Companion.decrypt | RECV: AUDIO Media Data type: 0 flags: 11 size: 8202 dataOffset: 2
09-15 13:33:14.937 11458 11842 D OPENHU  : [80] Companion.decrypt | RECV: AUDIO Media Data type: 0 flags: 11 size: 8202 dataOffset: 2
09-15 13:33:14.984 11458 11842 D OPENHU  : [80] Companion.decrypt | RECV: AUDIO Media Data type: 0 flags: 11 size: 8202 dataOffset: 2
09-15 13:33:15.010 11458 11842 D OPENHU  : [80] Companion.decrypt | RECV: CONTROL Ping Request type: 11 flags: 11 size: 12 dataOffset: 2
09-15 13:33:15.011 11458 11842 V OPENHU  : [80] AapTransport.send | CONTROL Ping Response type: 12 flags: 11 size: 14 dataOffset: 6
09-15 13:33:15.023 11458 11842 D OPENHU  : [80] Companion.decrypt | RECV: AUDIO Media Data type: 0 flags: 11 size: 8202 dataOffset: 2
09-15 13:33:15.031 11458 11458 V OPENHU  : [2] GpsLocation.onLocationChanged | GpsLocation: fix received
09-15 13:33:15.038 11458 11458 V OPENHU  : [2] AapTransport.send | SENSOR Sensor Event type: 32771 flags: 11 size: 46 dataOffset: 6
09-15 13:33:15.067 11458 11842 D OPENHU  : [80] Companion.decrypt | RECV: AUDIO Media Data type: 0 flags: 11 size: 8202 dataOffset: 2
09-15 13:33:15.108 11458 11842 D OPENHU  : [80] Companion.decrypt | RECV: AUDIO Media Data type: 0 flags: 11 size: 8202 dataOffset: 2
09-15 13:33:15.152 11458 11842 D OPENHU  : [80] Companion.decrypt | RECV: AUDIO Media Data type: 0 flags: 11 size: 8202 dataOffset: 2
09-15 13:33:15.194 11458 11842 D OPENHU  : [80] Companion.decrypt | RECV: AUDIO Media Data type: 0 flags: 11 size: 8202 dataOffset: 2
09-15 13:33:15.236 11458 11842 D OPENHU  : [80] Companion.decrypt | RECV: AUDIO Media Data type: 0 flags: 11 size: 8202 dataOffset: 2
09-15 13:33:15.278 11458 11842 D OPENHU  : [80] Companion.decrypt | RECV: AUDIO Media Data type: 0 flags: 11 size: 8202 dataOffset: 2
09-15 13:33:15.323 11458 11842 D OPENHU  : [80] Companion.decrypt | RECV: AUDIO Media Data type: 0 flags: 11 size: 8202 dataOffset: 2
09-15 13:33:15.365 11458 11842 D OPENHU  : [80] Companion.decrypt | RECV: AUDIO Media Data type: 0 flags: 11 size: 8202 dataOffset: 2
09-15 13:33:15.410 11458 11842 D OPENHU  : [80] Companion.decrypt | RECV: AUDIO Media Data type: 0 flags: 11 size: 8202 dataOffset: 2
09-15 13:33:15.451 11458 11842 D OPENHU  : [80] Companion.decrypt | RECV: AUDIO Media Data type: 0 flags: 11 size: 8202 dataOffset: 2
09-15 13:33:15.493 11458 11842 D OPENHU  : [80] Companion.decrypt | RECV: AUDIO Media Data type: 0 flags: 11 size: 8202 dataOffset: 2
09-15 13:33:15.535 11458 11842 D OPENHU  : [80] Companion.decrypt | RECV: AUDIO Media Data type: 0 flags: 11 size: 8202 dataOffset: 2
09-15 13:33:15.578 11458 11842 D OPENHU  : [80] Companion.decrypt | RECV: AUDIO Media Data type: 0 flags: 11 size: 8202 dataOffset: 2
09-15 13:33:15.620 11458 11842 D OPENHU  : [80] Companion.decrypt | RECV: AUDIO Media Data type: 0 flags: 11 size: 8202 dataOffset: 2
09-15 13:33:15.663 11458 11842 D OPENHU  : [80] Companion.decrypt | RECV: AUDIO Media Data type: 0 flags: 11 size: 8202 dataOffset: 2
09-15 13:33:15.706 11458 11842 D OPENHU  : [80] Companion.decrypt | RECV: AUDIO Media Data type: 0 flags: 11 size: 8202 dataOffset: 2
09-15 13:33:15.750 11458 11842 D OPENHU  : [80] Companion.decrypt | RECV: AUDIO Media Data type: 0 flags: 11 size: 8202 dataOffset: 2
09-15 13:33:15.772 11458 11842 D OPENHU  : [80] Companion.decrypt | RECV: MUSIC_PLAYBACK Media Playback Status type: 32769 flags: 11 size: 17 dataOffset: 2
09-15 13:33:15.774 11458 11842 D OPENHU  : [80] AapMediaPlayback.processStatusPacket | AapMediaPlayback: status mediaSource='VLC', playbackSeconds(u32)=13, state=PLAYING
09-15 13:33:15.790 11458 11842 D OPENHU  : [80] Companion.decrypt | RECV: AUDIO Media Data type: 0 flags: 11 size: 8202 dataOffset: 2
09-15 13:33:15.837 11458 11842 D OPENHU  : [80] Companion.decrypt | RECV: AUDIO Media Data type: 0 flags: 11 size: 8202 dataOffset: 2
09-15 13:33:15.877 11458 11842 D OPENHU  : [80] Companion.decrypt | RECV: AUDIO Media Data type: 0 flags: 11 size: 8202 dataOffset: 2
09-15 13:33:15.920 11458 11842 D OPENHU  : [80] Companion.decrypt | RECV: AUDIO Media Data type: 0 flags: 11 size: 8202 dataOffset: 2
09-15 13:33:15.963 11458 11842 D OPENHU  : [80] Companion.decrypt | RECV: AUDIO Media Data type: 0 flags: 11 size: 8202 dataOffset: 2
09-15 13:33:15.993 11458 11458 V OPENHU  : [2] GpsLocation.onLocationChanged | GpsLocation: fix received
09-15 13:33:16.002 11458 11458 V OPENHU  : [2] AapTransport.send | SENSOR Sensor Event type: 32771 flags: 11 size: 46 dataOffset: 6
09-15 13:33:16.005 11458 11842 D OPENHU  : [80] Companion.decrypt | RECV: AUDIO Media Data type: 0 flags: 11 size: 8202 dataOffset: 2
09-15 13:33:16.011 11458 11842 D OPENHU  : [80] Companion.decrypt | RECV: CONTROL Ping Request type: 11 flags: 11 size: 12 dataOffset: 2
09-15 13:33:16.012 11458 11842 V OPENHU  : [80] AapTransport.send | CONTROL Ping Response type: 12 flags: 11 size: 14 dataOffset: 6
09-15 13:33:16.048 11458 11842 D OPENHU  : [80] Companion.decrypt | RECV: AUDIO Media Data type: 0 flags: 11 size: 8202 dataOffset: 2
09-15 13:33:16.094 11458 11842 D OPENHU  : [80] Companion.decrypt | RECV: AUDIO Media Data type: 0 flags: 11 size: 8202 dataOffset: 2
09-15 13:33:16.135 11458 11842 D OPENHU  : [80] Companion.decrypt | RECV: AUDIO Media Data type: 0 flags: 11 size: 8202 dataOffset: 2
09-15 13:33:16.174 11458 11842 D OPENHU  : [80] Companion.decrypt | RECV: AUDIO Media Data type: 0 flags: 11 size: 8202 dataOffset: 2
09-15 13:33:16.219 11458 11842 D OPENHU  : [80] Companion.decrypt | RECV: AUDIO Media Data type: 0 flags: 11 size: 8202 dataOffset: 2
09-15 13:33:16.260 11458 11842 D OPENHU  : [80] Companion.decrypt | RECV: AUDIO Media Data type: 0 flags: 11 size: 8202 dataOffset: 2
09-15 13:33:16.303 11458 11842 D OPENHU  : [80] Companion.decrypt | RECV: AUDIO Media Data type: 0 flags: 11 size: 8202 dataOffset: 2
09-15 13:33:16.348 11458 11842 D OPENHU  : [80] Companion.decrypt | RECV: AUDIO Media Data type: 0 flags: 11 size: 8202 dataOffset: 2
09-15 13:33:16.388 11458 11842 D OPENHU  : [80] Companion.decrypt | RECV: AUDIO Media Data type: 0 flags: 11 size: 8202 dataOffset: 2
09-15 13:33:16.432 11458 11842 D OPENHU  : [80] Companion.decrypt | RECV: AUDIO Media Data type: 0 flags: 11 size: 8202 dataOffset: 2
09-15 13:33:16.474 11458 11842 D OPENHU  : [80] Companion.decrypt | RECV: AUDIO Media Data type: 0 flags: 11 size: 8202 dataOffset: 2
09-15 13:33:16.516 11458 11842 D OPENHU  : [80] Companion.decrypt | RECV: AUDIO Media Data type: 0 flags: 11 size: 8202 dataOffset: 2
09-15 13:33:16.561 11458 11842 D OPENHU  : [80] Companion.decrypt | RECV: AUDIO Media Data type: 0 flags: 11 size: 8202 dataOffset: 2
09-15 13:33:16.606 11458 11842 D OPENHU  : [80] Companion.decrypt | RECV: AUDIO Media Data type: 0 flags: 11 size: 8202 dataOffset: 2
09-15 13:33:16.646 11458 11842 D OPENHU  : [80] Companion.decrypt | RECV: AUDIO Media Data type: 0 flags: 11 size: 8202 dataOffset: 2
09-15 13:33:16.687 11458 11842 D OPENHU  : [80] Companion.decrypt | RECV: AUDIO Media Data type: 0 flags: 11 size: 8202 dataOffset: 2
09-15 13:33:16.731 11458 11842 D OPENHU  : [80] Companion.decrypt | RECV: AUDIO Media Data type: 0 flags: 11 size: 8202 dataOffset: 2
09-15 13:33:16.773 11458 11842 D OPENHU  : [80] Companion.decrypt | RECV: MUSIC_PLAYBACK Media Playback Status type: 32769 flags: 11 size: 17 dataOffset: 2
09-15 13:33:16.774 11458 11842 D OPENHU  : [80] AapMediaPlayback.processStatusPacket | AapMediaPlayback: status mediaSource='VLC', playbackSeconds(u32)=14, state=PLAYING
09-15 13:33:16.776 11458 11842 D OPENHU  : [80] Companion.decrypt | RECV: AUDIO Media Data type: 0 flags: 11 size: 8202 dataOffset: 2
09-15 13:33:16.816 11458 11842 D OPENHU  : [80] Companion.decrypt | RECV: AUDIO Media Data type: 0 flags: 11 size: 8202 dataOffset: 2
09-15 13:33:16.860 11458 11842 D OPENHU  : [80] Companion.decrypt | RECV: AUDIO Media Data type: 0 flags: 11 size: 8202 dataOffset: 2
09-15 13:33:16.902 11458 11842 D OPENHU  : [80] Companion.decrypt | RECV: AUDIO Media Data type: 0 flags: 11 size: 8202 dataOffset: 2
09-15 13:33:16.944 11458 11842 D OPENHU  : [80] Companion.decrypt | RECV: AUDIO Media Data type: 0 flags: 11 size: 8202 dataOffset: 2
09-15 13:33:16.986 11458 11842 D OPENHU  : [80] Companion.decrypt | RECV: AUDIO Media Data type: 0 flags: 11 size: 8202 dataOffset: 2
09-15 13:33:17.011 11458 11842 D OPENHU  : [80] Companion.decrypt | RECV: CONTROL Ping Request type: 11 flags: 11 size: 12 dataOffset: 2
09-15 13:33:17.012 11458 11842 V OPENHU  : [80] AapTransport.send | CONTROL Ping Response type: 12 flags: 11 size: 14 dataOffset: 6
09-15 13:33:17.012 11458 11458 V OPENHU  : [2] GpsLocation.onLocationChanged | GpsLocation: fix received
09-15 13:33:17.025 11458 11458 V OPENHU  : [2] AapTransport.send | SENSOR Sensor Event type: 32771 flags: 11 size: 46 dataOffset: 6
09-15 13:33:17.030 11458 11842 D OPENHU  : [80] Companion.decrypt | RECV: AUDIO Media Data type: 0 flags: 11 size: 8202 dataOffset: 2
09-15 13:33:17.073 11458 11842 D OPENHU  : [80] Companion.decrypt | RECV: AUDIO Media Data type: 0 flags: 11 size: 8202 dataOffset: 2
09-15 13:33:17.118 11458 11842 D OPENHU  : [80] Companion.decrypt | RECV: AUDIO Media Data type: 0 flags: 11 size: 8202 dataOffset: 2
09-15 13:33:17.159 11458 11842 D OPENHU  : [80] Companion.decrypt | RECV: AUDIO Media Data type: 0 flags: 11 size: 8202 dataOffset: 2
09-15 13:33:17.199 11458 11842 D OPENHU  : [80] Companion.decrypt | RECV: AUDIO Media Data type: 0 flags: 11 size: 8202 dataOffset: 2
09-15 13:33:17.243 11458 11842 D OPENHU  : [80] Companion.decrypt | RECV: AUDIO Media Data type: 0 flags: 11 size: 8202 dataOffset: 2
09-15 13:33:17.285 11458 11842 D OPENHU  : [80] Companion.decrypt | RECV: AUDIO Media Data type: 0 flags: 11 size: 8202 dataOffset: 2
09-15 13:33:17.328 11458 11842 D OPENHU  : [80] Companion.decrypt | RECV: AUDIO Media Data type: 0 flags: 11 size: 8202 dataOffset: 2
09-15 13:33:17.372 11458 11842 D OPENHU  : [80] Companion.decrypt | RECV: AUDIO Media Data type: 0 flags: 11 size: 8202 dataOffset: 2
09-15 13:33:17.414 11458 11842 D OPENHU  : [80] Companion.decrypt | RECV: AUDIO Media Data type: 0 flags: 11 size: 8202 dataOffset: 2
09-15 13:33:17.455 11458 11842 D OPENHU  : [80] Companion.decrypt | RECV: AUDIO Media Data type: 0 flags: 11 size: 8202 dataOffset: 2
09-15 13:33:17.498 11458 11842 D OPENHU  : [80] Companion.decrypt | RECV: AUDIO Media Data type: 0 flags: 11 size: 8202 dataOffset: 2
09-15 13:33:17.541 11458 11842 D OPENHU  : [80] Companion.decrypt | RECV: AUDIO Media Data type: 0 flags: 11 size: 8202 dataOffset: 2
09-15 13:33:17.586 11458 11842 D OPENHU  : [80] Companion.decrypt | RECV: AUDIO Media Data type: 0 flags: 11 size: 8202 dataOffset: 2
09-15 13:33:17.631 11458 11842 D OPENHU  : [80] Companion.decrypt | RECV: AUDIO Media Data type: 0 flags: 11 size: 8202 dataOffset: 2
09-15 13:33:17.669 11458 11842 D OPENHU  : [80] Companion.decrypt | RECV: AUDIO Media Data type: 0 flags: 11 size: 8202 dataOffset: 2
09-15 13:33:17.712 11458 11842 D OPENHU  : [80] Companion.decrypt | RECV: AUDIO Media Data type: 0 flags: 11 size: 8202 dataOffset: 2
09-15 13:33:17.755 11458 11842 D OPENHU  : [80] Companion.decrypt | RECV: AUDIO Media Data type: 0 flags: 11 size: 8202 dataOffset: 2
09-15 13:33:17.777 11458 11842 D OPENHU  : [80] Companion.decrypt | RECV: MUSIC_PLAYBACK Media Playback Status type: 32769 flags: 11 size: 17 dataOffset: 2
09-15 13:33:17.777 11458 11842 D OPENHU  : [80] AapMediaPlayback.processStatusPacket | AapMediaPlayback: status mediaSource='VLC', playbackSeconds(u32)=15, state=PLAYING
09-15 13:33:17.796 11458 11842 D OPENHU  : [80] Companion.decrypt | RECV: AUDIO Media Data type: 0 flags: 11 size: 8202 dataOffset: 2
09-15 13:33:17.840 11458 11842 D OPENHU  : [80] Companion.decrypt | RECV: AUDIO Media Data type: 0 flags: 11 size: 8202 dataOffset: 2
09-15 13:33:17.883 11458 11842 D OPENHU  : [80] Companion.decrypt | RECV: AUDIO Media Data type: 0 flags: 11 size: 8202 dataOffset: 2
09-15 13:33:17.891 11458 11870 I OPENHU  : [89] VideoDecoder.logThroughput | Throughput over 5008ms: rendered=161 (32fps), fed=161 (32fps), dropped=0, skipped=0, concealed=0, inputWait=73ms, enqueueWait=0ms, codec=c2.unisoc.avc.decoder, presented=161 (32fps), decodeLatency=9ms p95=11ms (161 frames)
09-15 13:33:17.922 11458 11458 I OPENHU  : [2] TextureProjectionView.onSurfaceTextureUpdated | TextureProjectionView: displayed 133 frames in 5000ms (26fps), longFrames=1
09-15 13:33:17.927 11458 11842 D OPENHU  : [80] Companion.decrypt | RECV: AUDIO Media Data type: 0 flags: 11 size: 8202 dataOffset: 2
09-15 13:33:17.969 11458 11842 D OPENHU  : [80] Companion.decrypt | RECV: AUDIO Media Data type: 0 flags: 11 size: 8202 dataOffset: 2
09-15 13:33:17.993 11458 11458 V OPENHU  : [2] GpsLocation.onLocationChanged | GpsLocation: fix received
09-15 13:33:18.002 11458 11458 V OPENHU  : [2] AapTransport.send | SENSOR Sensor Event type: 32771 flags: 11 size: 46 dataOffset: 6
09-15 13:33:18.013 11458 11842 D OPENHU  : [80] Companion.decrypt | RECV: AUDIO Media Data type: 0 flags: 11 size: 8202 dataOffset: 2
09-15 13:33:18.018 11458 11842 D OPENHU  : [80] Companion.decrypt | RECV: CONTROL Ping Request type: 11 flags: 11 size: 12 dataOffset: 2
09-15 13:33:18.019 11458 11842 V OPENHU  : [80] AapTransport.send | CONTROL Ping Response type: 12 flags: 11 size: 14 dataOffset: 6
09-15 13:33:18.053 11458 11842 D OPENHU  : [80] Companion.decrypt | RECV: AUDIO Media Data type: 0 flags: 11 size: 8202 dataOffset: 2
09-15 13:33:18.095 11458 11842 D OPENHU  : [80] Companion.decrypt | RECV: AUDIO Media Data type: 0 flags: 11 size: 8202 dataOffset: 2
09-15 13:33:18.138 11458 11842 D OPENHU  : [80] Companion.decrypt | RECV: AUDIO Media Data type: 0 flags: 11 size: 8202 dataOffset: 2
09-15 13:33:18.181 11458 11842 D OPENHU  : [80] Companion.decrypt | RECV: AUDIO Media Data type: 0 flags: 11 size: 8202 dataOffset: 2
09-15 13:33:18.224 11458 11842 D OPENHU  : [80] Companion.decrypt | RECV: AUDIO Media Data type: 0 flags: 11 size: 8202 dataOffset: 2
09-15 13:33:18.265 11458 11842 D OPENHU  : [80] Companion.decrypt | RECV: AUDIO Media Data type: 0 flags: 11 size: 8202 dataOffset: 2
09-15 13:33:18.309 11458 11842 D OPENHU  : [80] Companion.decrypt | RECV: AUDIO Media Data type: 0 flags: 11 size: 8202 dataOffset: 2
09-15 13:33:18.350 11458 11842 D OPENHU  : [80] Companion.decrypt | RECV: AUDIO Media Data type: 0 flags: 11 size: 8202 dataOffset: 2
09-15 13:33:18.394 11458 11842 D OPENHU  : [80] Companion.decrypt | RECV: AUDIO Media Data type: 0 flags: 11 size: 8202 dataOffset: 2
09-15 13:33:18.437 11458 11842 D OPENHU  : [80] Companion.decrypt | RECV: AUDIO Media Data type: 0 flags: 11 size: 8202 dataOffset: 2
09-15 13:33:18.480 11458 11842 D OPENHU  : [80] Companion.decrypt | RECV: AUDIO Media Data type: 0 flags: 11 size: 8202 dataOffset: 2
09-15 13:33:18.521 11458 11842 D OPENHU  : [80] Companion.decrypt | RECV: AUDIO Media Data type: 0 flags: 11 size: 8202 dataOffset: 2
09-15 13:33:18.565 11458 11842 D OPENHU  : [80] Companion.decrypt | RECV: AUDIO Media Data type: 0 flags: 11 size: 8202 dataOffset: 2
09-15 13:33:18.609 11458 11842 D OPENHU  : [80] Companion.decrypt | RECV: AUDIO Media Data type: 0 flags: 11 size: 8202 dataOffset: 2
09-15 13:33:18.652 11458 11842 D OPENHU  : [80] Companion.decrypt | RECV: AUDIO Media Data type: 0 flags: 11 size: 8202 dataOffset: 2
09-15 13:33:18.695 11458 11842 D OPENHU  : [80] Companion.decrypt | RECV: AUDIO Media Data type: 0 flags: 11 size: 8202 dataOffset: 2
09-15 13:33:18.737 11458 11842 D OPENHU  : [80] Companion.decrypt | RECV: AUDIO Media Data type: 0 flags: 11 size: 8202 dataOffset: 2
09-15 13:33:18.779 11458 11842 D OPENHU  : [80] Companion.decrypt | RECV: AUDIO Media Data type: 0 flags: 11 size: 8202 dataOffset: 2
09-15 13:33:18.785 11458 11842 D OPENHU  : [80] Companion.decrypt | RECV: MUSIC_PLAYBACK Media Playback Status type: 32769 flags: 11 size: 17 dataOffset: 2
09-15 13:33:18.786 11458 11842 D OPENHU  : [80] AapMediaPlayback.processStatusPacket | AapMediaPlayback: status mediaSource='VLC', playbackSeconds(u32)=16, state=PLAYING
09-15 13:33:18.821 11458 11842 D OPENHU  : [80] Companion.decrypt | RECV: AUDIO Media Data type: 0 flags: 11 size: 8202 dataOffset: 2
09-15 13:33:18.863 11458 11842 D OPENHU  : [80] Companion.decrypt | RECV: AUDIO Media Data type: 0 flags: 11 size: 8202 dataOffset: 2
09-15 13:33:18.907 11458 11842 D OPENHU  : [80] Companion.decrypt | RECV: AUDIO Media Data type: 0 flags: 11 size: 8202 dataOffset: 2
09-15 13:33:18.949 11458 11842 D OPENHU  : [80] Companion.decrypt | RECV: AUDIO Media Data type: 0 flags: 11 size: 8202 dataOffset: 2
09-15 13:33:18.991 11458 11842 D OPENHU  : [80] Companion.decrypt | RECV: AUDIO Media Data type: 0 flags: 11 size: 8202 dataOffset: 2
09-15 13:33:19.013 11458 11458 V OPENHU  : [2] GpsLocation.onLocationChanged | GpsLocation: fix received
09-15 13:33:19.014 11458 11842 D OPENHU  : [80] Companion.decrypt | RECV: CONTROL Ping Request type: 11 flags: 11 size: 12 dataOffset: 2
09-15 13:33:19.015 11458 11842 V OPENHU  : [80] AapTransport.send | CONTROL Ping Response type: 12 flags: 11 size: 14 dataOffset: 6
09-15 13:33:19.021 11458 11458 V OPENHU  : [2] AapTransport.send | SENSOR Sensor Event type: 32771 flags: 11 size: 46 dataOffset: 6
09-15 13:33:19.033 11458 11842 D OPENHU  : [80] Companion.decrypt | RECV: AUDIO Media Data type: 0 flags: 11 size: 8202 dataOffset: 2
09-15 13:33:19.077 11458 11842 D OPENHU  : [80] Companion.decrypt | RECV: AUDIO Media Data type: 0 flags: 11 size: 8202 dataOffset: 2
09-15 13:33:19.121 11458 11842 D OPENHU  : [80] Companion.decrypt | RECV: AUDIO Media Data type: 0 flags: 11 size: 8202 dataOffset: 2
09-15 13:33:19.163 11458 11842 D OPENHU  : [80] Companion.decrypt | RECV: AUDIO Media Data type: 0 flags: 11 size: 8202 dataOffset: 2
09-15 13:33:19.208 11458 11842 D OPENHU  : [80] Companion.decrypt | RECV: AUDIO Media Data type: 0 flags: 11 size: 8202 dataOffset: 2
09-15 13:33:19.249 11458 11842 D OPENHU  : [80] Companion.decrypt | RECV: AUDIO Media Data type: 0 flags: 11 size: 8202 dataOffset: 2
09-15 13:33:19.293 11458 11842 D OPENHU  : [80] Companion.decrypt | RECV: AUDIO Media Data type: 0 flags: 11 size: 8202 dataOffset: 2
09-15 13:33:19.334 11458 11842 D OPENHU  : [80] Companion.decrypt | RECV: AUDIO Media Data type: 0 flags: 11 size: 8202 dataOffset: 2
09-15 13:33:19.383 11458 11842 D OPENHU  : [80] Companion.decrypt | RECV: AUDIO Media Data type: 0 flags: 11 size: 8202 dataOffset: 2
09-15 13:33:19.417 11458 11842 D OPENHU  : [80] Companion.decrypt | RECV: AUDIO Media Data type: 0 flags: 11 size: 8202 dataOffset: 2
09-15 13:33:19.461 11458 11842 D OPENHU  : [80] Companion.decrypt | RECV: AUDIO Media Data type: 0 flags: 11 size: 8202 dataOffset: 2
09-15 13:33:19.503 11458 11842 D OPENHU  : [80] Companion.decrypt | RECV: AUDIO Media Data type: 0 flags: 11 size: 8202 dataOffset: 2
09-15 13:33:19.545 11458 11842 D OPENHU  : [80] Companion.decrypt | RECV: AUDIO Media Data type: 0 flags: 11 size: 8202 dataOffset: 2
09-15 13:33:19.589 11458 11842 D OPENHU  : [80] Companion.decrypt | RECV: AUDIO Media Data type: 0 flags: 11 size: 8202 dataOffset: 2
09-15 13:33:19.630 11458 11842 D OPENHU  : [80] Companion.decrypt | RECV: AUDIO Media Data type: 0 flags: 11 size: 8202 dataOffset: 2
09-15 13:33:19.674 11458 11842 D OPENHU  : [80] Companion.decrypt | RECV: AUDIO Media Data type: 0 flags: 11 size: 8202 dataOffset: 2
09-15 13:33:19.715 11458 11842 D OPENHU  : [80] Companion.decrypt | RECV: AUDIO Media Data type: 0 flags: 11 size: 8202 dataOffset: 2
09-15 13:33:19.760 11458 11842 D OPENHU  : [80] Companion.decrypt | RECV: AUDIO Media Data type: 0 flags: 11 size: 8202 dataOffset: 2
09-15 13:33:19.779 11458 11842 D OPENHU  : [80] Companion.decrypt | RECV: MUSIC_PLAYBACK Media Playback Status type: 32769 flags: 11 size: 17 dataOffset: 2
09-15 13:33:19.780 11458 11842 D OPENHU  : [80] AapMediaPlayback.processStatusPacket | AapMediaPlayback: status mediaSource='VLC', playbackSeconds(u32)=17, state=PLAYING
09-15 13:33:19.802 11458 11842 D OPENHU  : [80] Companion.decrypt | RECV: AUDIO Media Data type: 0 flags: 11 size: 8202 dataOffset: 2
09-15 13:33:19.845 11458 11842 D OPENHU  : [80] Companion.decrypt | RECV: AUDIO Media Data type: 0 flags: 11 size: 8202 dataOffset: 2
09-15 13:33:19.889 11458 11842 D OPENHU  : [80] Companion.decrypt | RECV: AUDIO Media Data type: 0 flags: 11 size: 8202 dataOffset: 2
09-15 13:33:19.929 11458 11842 D OPENHU  : [80] Companion.decrypt | RECV: AUDIO Media Data type: 0 flags: 11 size: 8202 dataOffset: 2
09-15 13:33:19.974 11458 11842 D OPENHU  : [80] Companion.decrypt | RECV: AUDIO Media Data type: 0 flags: 11 size: 8202 dataOffset: 2
09-15 13:33:19.996 11458 11458 V OPENHU  : [2] GpsLocation.onLocationChanged | GpsLocation: fix received
09-15 13:33:20.004 11458 11458 V OPENHU  : [2] AapTransport.send | SENSOR Sensor Event type: 32771 flags: 11 size: 46 dataOffset: 6
09-15 13:33:20.019 11458 11842 D OPENHU  : [80] Companion.decrypt | RECV: CONTROL Ping Request type: 11 flags: 11 size: 12 dataOffset: 2
09-15 13:33:20.020 11458 11842 V OPENHU  : [80] AapTransport.send | CONTROL Ping Response type: 12 flags: 11 size: 14 dataOffset: 6
09-15 13:33:20.023 11458 11842 D OPENHU  : [80] Companion.decrypt | RECV: AUDIO Media Data type: 0 flags: 11 size: 8202 dataOffset: 2
09-15 13:33:20.061 11458 11842 D OPENHU  : [80] Companion.decrypt | RECV: AUDIO Media Data type: 0 flags: 11 size: 8202 dataOffset: 2
09-15 13:33:20.100 11458 11842 D OPENHU  : [80] Companion.decrypt | RECV: AUDIO Media Data type: 0 flags: 11 size: 8202 dataOffset: 2
09-15 13:33:20.143 11458 11842 D OPENHU  : [80] Companion.decrypt | RECV: AUDIO Media Data type: 0 flags: 11 size: 8202 dataOffset: 2
09-15 13:33:20.186 11458 11842 D OPENHU  : [80] Companion.decrypt | RECV: AUDIO Media Data type: 0 flags: 11 size: 8202 dataOffset: 2
09-15 13:33:20.228 11458 11842 D OPENHU  : [80] Companion.decrypt | RECV: AUDIO Media Data type: 0 flags: 11 size: 8202 dataOffset: 2
09-15 13:33:20.270 11458 11842 D OPENHU  : [80] Companion.decrypt | RECV: AUDIO Media Data type: 0 flags: 11 size: 8202 dataOffset: 2
09-15 13:33:20.315 11458 11842 D OPENHU  : [80] Companion.decrypt | RECV: AUDIO Media Data type: 0 flags: 11 size: 8202 dataOffset: 2
09-15 13:33:20.358 11458 11842 D OPENHU  : [80] Companion.decrypt | RECV: AUDIO Media Data type: 0 flags: 11 size: 8202 dataOffset: 2
09-15 13:33:20.399 11458 11842 D OPENHU  : [80] Companion.decrypt | RECV: AUDIO Media Data type: 0 flags: 11 size: 8202 dataOffset: 2
09-15 13:33:20.441 11458 11842 D OPENHU  : [80] Companion.decrypt | RECV: AUDIO Media Data type: 0 flags: 11 size: 8202 dataOffset: 2
09-15 13:33:20.484 11458 11842 D OPENHU  : [80] Companion.decrypt | RECV: AUDIO Media Data type: 0 flags: 11 size: 8202 dataOffset: 2
09-15 13:33:20.530 11458 11842 D OPENHU  : [80] Companion.decrypt | RECV: AUDIO Media Data type: 0 flags: 11 size: 8202 dataOffset: 2
09-15 13:33:20.570 11458 11842 D OPENHU  : [80] Companion.decrypt | RECV: AUDIO Media Data type: 0 flags: 11 size: 8202 dataOffset: 2
09-15 13:33:20.613 11458 11842 D OPENHU  : [80] Companion.decrypt | RECV: AUDIO Media Data type: 0 flags: 11 size: 8202 dataOffset: 2
09-15 13:33:20.657 11458 11842 D OPENHU  : [80] Companion.decrypt | RECV: AUDIO Media Data type: 0 flags: 11 size: 8202 dataOffset: 2
09-15 13:33:20.702 11458 11842 D OPENHU  : [80] Companion.decrypt | RECV: AUDIO Media Data type: 0 flags: 11 size: 8202 dataOffset: 2
09-15 13:33:20.741 11458 11842 D OPENHU  : [80] Companion.decrypt | RECV: AUDIO Media Data type: 0 flags: 11 size: 8202 dataOffset: 2
09-15 13:33:20.783 11458 11842 D OPENHU  : [80] Companion.decrypt | RECV: AUDIO Media Data type: 0 flags: 11 size: 8202 dataOffset: 2
09-15 13:33:20.791 11458 11842 D OPENHU  : [80] Companion.decrypt | RECV: MUSIC_PLAYBACK Media Playback Status type: 32769 flags: 11 size: 17 dataOffset: 2
09-15 13:33:20.792 11458 11842 D OPENHU  : [80] AapMediaPlayback.processStatusPacket | AapMediaPlayback: status mediaSource='VLC', playbackSeconds(u32)=18, state=PLAYING
09-15 13:33:20.825 11458 11842 D OPENHU  : [80] Companion.decrypt | RECV: AUDIO Media Data type: 0 flags: 11 size: 8202 dataOffset: 2
09-15 13:33:20.868 11458 11842 D OPENHU  : [80] Companion.decrypt | RECV: AUDIO Media Data type: 0 flags: 11 size: 8202 dataOffset: 2
09-15 13:33:20.914 11458 11842 D OPENHU  : [80] Companion.decrypt | RECV: AUDIO Media Data type: 0 flags: 11 size: 8202 dataOffset: 2
09-15 13:33:20.954 11458 11842 D OPENHU  : [80] Companion.decrypt | RECV: AUDIO Media Data type: 0 flags: 11 size: 8202 dataOffset: 2
09-15 13:33:20.996 11458 11842 D OPENHU  : [80] Companion.decrypt | RECV: AUDIO Media Data type: 0 flags: 11 size: 8202 dataOffset: 2
09-15 13:33:21.017 11458 11842 D OPENHU  : [80] Companion.decrypt | RECV: CONTROL Ping Request type: 11 flags: 11 size: 12 dataOffset: 2
09-15 13:33:21.018 11458 11842 V OPENHU  : [80] AapTransport.send | CONTROL Ping Response type: 12 flags: 11 size: 14 dataOffset: 6
09-15 13:33:21.019 11458 11458 V OPENHU  : [2] GpsLocation.onLocationChanged | GpsLocation: fix received
09-15 13:33:21.026 11458 11458 V OPENHU  : [2] AapTransport.send | SENSOR Sensor Event type: 32771 flags: 11 size: 47 dataOffset: 6
09-15 13:33:21.039 11458 11842 D OPENHU  : [80] Companion.decrypt | RECV: AUDIO Media Data type: 0 flags: 11 size: 8202 dataOffset: 2
09-15 13:33:21.085 11458 11842 D OPENHU  : [80] Companion.decrypt | RECV: AUDIO Media Data type: 0 flags: 11 size: 8202 dataOffset: 2
09-15 13:33:21.128 11458 11842 D OPENHU  : [80] Companion.decrypt | RECV: AUDIO Media Data type: 0 flags: 11 size: 8202 dataOffset: 2
09-15 13:33:21.171 11458 11842 D OPENHU  : [80] Companion.decrypt | RECV: AUDIO Media Data type: 0 flags: 11 size: 8202 dataOffset: 2
09-15 13:33:21.213 11458 11842 D OPENHU  : [80] Companion.decrypt | RECV: AUDIO Media Data type: 0 flags: 11 size: 8202 dataOffset: 2
09-15 13:33:21.255 11458 11842 D OPENHU  : [80] Companion.decrypt | RECV: AUDIO Media Data type: 0 flags: 11 size: 8202 dataOffset: 2
09-15 13:33:21.297 11458 11842 D OPENHU  : [80] Companion.decrypt | RECV: AUDIO Media Data type: 0 flags: 11 size: 8202 dataOffset: 2
09-15 13:33:21.339 11458 11842 D OPENHU  : [80] Companion.decrypt | RECV: AUDIO Media Data type: 0 flags: 11 size: 8202 dataOffset: 2
09-15 13:33:21.388 11458 11842 D OPENHU  : [80] Companion.decrypt | RECV: AUDIO Media Data type: 0 flags: 11 size: 8202 dataOffset: 2
09-15 13:33:21.423 11458 11842 D OPENHU  : [80] Companion.decrypt | RECV: AUDIO Media Data type: 0 flags: 11 size: 8202 dataOffset: 2
09-15 13:33:21.467 11458 11842 D OPENHU  : [80] Companion.decrypt | RECV: AUDIO Media Data type: 0 flags: 11 size: 8202 dataOffset: 2
09-15 13:33:21.508 11458 11842 D OPENHU  : [80] Companion.decrypt | RECV: AUDIO Media Data type: 0 flags: 11 size: 8202 dataOffset: 2
09-15 13:33:21.550 11458 11842 D OPENHU  : [80] Companion.decrypt | RECV: AUDIO Media Data type: 0 flags: 11 size: 8202 dataOffset: 2
09-15 13:33:21.594 11458 11842 D OPENHU  : [80] Companion.decrypt | RECV: AUDIO Media Data type: 0 flags: 11 size: 8202 dataOffset: 2
09-15 13:33:21.635 11458 11842 D OPENHU  : [80] Companion.decrypt | RECV: AUDIO Media Data type: 0 flags: 11 size: 8202 dataOffset: 2
09-15 13:33:21.680 11458 11842 D OPENHU  : [80] Companion.decrypt | RECV: AUDIO Media Data type: 0 flags: 11 size: 8202 dataOffset: 2
09-15 13:33:21.723 11458 11842 D OPENHU  : [80] Companion.decrypt | RECV: AUDIO Media Data type: 0 flags: 11 size: 8202 dataOffset: 2
09-15 13:33:21.765 11458 11842 D OPENHU  : [80] Companion.decrypt | RECV: AUDIO Media Data type: 0 flags: 11 size: 8202 dataOffset: 2
09-15 13:33:21.796 11458 11842 D OPENHU  : [80] Companion.decrypt | RECV: MUSIC_PLAYBACK Media Playback Status type: 32769 flags: 11 size: 17 dataOffset: 2
09-15 13:33:21.797 11458 11842 D OPENHU  : [80] AapMediaPlayback.processStatusPacket | AapMediaPlayback: status mediaSource='VLC', playbackSeconds(u32)=19, state=PLAYING
09-15 13:33:21.807 11458 11842 D OPENHU  : [80] Companion.decrypt | RECV: AUDIO Media Data type: 0 flags: 11 size: 8202 dataOffset: 2
09-15 13:33:21.851 11458 11842 D OPENHU  : [80] Companion.decrypt | RECV: AUDIO Media Data type: 0 flags: 11 size: 8202 dataOffset: 2
09-15 13:33:21.893 11458 11842 D OPENHU  : [80] Companion.decrypt | RECV: AUDIO Media Data type: 0 flags: 11 size: 8202 dataOffset: 2
09-15 13:33:21.936 11458 11842 D OPENHU  : [80] Companion.decrypt | RECV: AUDIO Media Data type: 0 flags: 11 size: 8202 dataOffset: 2
09-15 13:33:21.979 11458 11842 D OPENHU  : [80] Companion.decrypt | RECV: AUDIO Media Data type: 0 flags: 11 size: 8202 dataOffset: 2
09-15 13:33:21.995 11458 11458 V OPENHU  : [2] GpsLocation.onLocationChanged | GpsLocation: fix received
09-15 13:33:22.004 11458 11458 V OPENHU  : [2] AapTransport.send | SENSOR Sensor Event type: 32771 flags: 11 size: 47 dataOffset: 6
09-15 13:33:22.019 11458 11842 D OPENHU  : [80] Companion.decrypt | RECV: CONTROL Ping Request type: 11 flags: 11 size: 12 dataOffset: 2
09-15 13:33:22.020 11458 11842 V OPENHU  : [80] AapTransport.send | CONTROL Ping Response type: 12 flags: 11 size: 14 dataOffset: 6
09-15 13:33:22.022 11458 11842 D OPENHU  : [80] Companion.decrypt | RECV: AUDIO Media Data type: 0 flags: 11 size: 8202 dataOffset: 2
09-15 13:33:22.063 11458 11842 D OPENHU  : [80] Companion.decrypt | RECV: AUDIO Media Data type: 0 flags: 11 size: 8202 dataOffset: 2
09-15 13:33:22.106 11458 11842 D OPENHU  : [80] Companion.decrypt | RECV: AUDIO Media Data type: 0 flags: 11 size: 8202 dataOffset: 2
09-15 13:33:22.147 11458 11842 D OPENHU  : [80] Companion.decrypt | RECV: AUDIO Media Data type: 0 flags: 11 size: 8202 dataOffset: 2
09-15 13:33:22.192 11458 11842 D OPENHU  : [80] Companion.decrypt | RECV: AUDIO Media Data type: 0 flags: 11 size: 8202 dataOffset: 2
09-15 13:33:22.233 11458 11842 D OPENHU  : [80] Companion.decrypt | RECV: AUDIO Media Data type: 0 flags: 11 size: 8202 dataOffset: 2
09-15 13:33:22.275 11458 11842 D OPENHU  : [80] Companion.decrypt | RECV: AUDIO Media Data type: 0 flags: 11 size: 8202 dataOffset: 2
09-15 13:33:22.318 11458 11842 D OPENHU  : [80] Companion.decrypt | RECV: AUDIO Media Data type: 0 flags: 11 size: 8202 dataOffset: 2
09-15 13:33:22.362 11458 11842 D OPENHU  : [80] Companion.decrypt | RECV: AUDIO Media Data type: 0 flags: 11 size: 8202 dataOffset: 2
09-15 13:33:22.404 11458 11842 D OPENHU  : [80] Companion.decrypt | RECV: AUDIO Media Data type: 0 flags: 11 size: 8202 dataOffset: 2
09-15 13:33:22.448 11458 11842 D OPENHU  : [80] Companion.decrypt | RECV: AUDIO Media Data type: 0 flags: 11 size: 8202 dataOffset: 2
09-15 13:33:22.491 11458 11842 D OPENHU  : [80] Companion.decrypt | RECV: AUDIO Media Data type: 0 flags: 11 size: 8202 dataOffset: 2
09-15 13:33:22.532 11458 11842 D OPENHU  : [80] Companion.decrypt | RECV: AUDIO Media Data type: 0 flags: 11 size: 8202 dataOffset: 2
09-15 13:33:22.575 11458 11842 D OPENHU  : [80] Companion.decrypt | RECV: AUDIO Media Data type: 0 flags: 11 size: 8202 dataOffset: 2
09-15 13:33:22.617 11458 11842 D OPENHU  : [80] Companion.decrypt | RECV: AUDIO Media Data type: 0 flags: 11 size: 8202 dataOffset: 2
09-15 13:33:22.661 11458 11842 D OPENHU  : [80] Companion.decrypt | RECV: AUDIO Media Data type: 0 flags: 11 size: 8202 dataOffset: 2
09-15 13:33:22.703 11458 11842 D OPENHU  : [80] Companion.decrypt | RECV: AUDIO Media Data type: 0 flags: 11 size: 8202 dataOffset: 2
09-15 13:33:22.750 11458 11842 D OPENHU  : [80] Companion.decrypt | RECV: AUDIO Media Data type: 0 flags: 11 size: 8202 dataOffset: 2
09-15 13:33:22.789 11458 11842 D OPENHU  : [80] Companion.decrypt | RECV: AUDIO Media Data type: 0 flags: 11 size: 8202 dataOffset: 2
09-15 13:33:22.801 11458 11842 D OPENHU  : [80] Companion.decrypt | RECV: MUSIC_PLAYBACK Media Playback Status type: 32769 flags: 11 size: 17 dataOffset: 2
09-15 13:33:22.802 11458 11842 D OPENHU  : [80] AapMediaPlayback.processStatusPacket | AapMediaPlayback: status mediaSource='VLC', playbackSeconds(u32)=20, state=PLAYING
09-15 13:33:22.831 11458 11842 D OPENHU  : [80] Companion.decrypt | RECV: AUDIO Media Data type: 0 flags: 11 size: 8202 dataOffset: 2
09-15 13:33:22.873 11458 11842 D OPENHU  : [80] Companion.decrypt | RECV: AUDIO Media Data type: 0 flags: 11 size: 8202 dataOffset: 2
09-15 13:33:22.892 11458 11870 I OPENHU  : [89] VideoDecoder.logThroughput | Throughput over 5004ms: rendered=176 (35fps), fed=175 (34fps), dropped=0, skipped=0, concealed=0, inputWait=77ms, enqueueWait=0ms, codec=c2.unisoc.avc.decoder, presented=176 (35fps), decodeLatency=9ms p95=12ms (176 frames)
09-15 13:33:22.917 11458 11842 D OPENHU  : [80] Companion.decrypt | RECV: AUDIO Media Data type: 0 flags: 11 size: 8202 dataOffset: 2
09-15 13:33:22.923 11458 11458 I OPENHU  : [2] TextureProjectionView.onSurfaceTextureUpdated | TextureProjectionView: displayed 145 frames in 5000ms (29fps), longFrames=1
09-15 13:33:22.963 11458 11842 D OPENHU  : [80] Companion.decrypt | RECV: AUDIO Media Data type: 0 flags: 11 size: 8202 dataOffset: 2
09-15 13:33:23.002 11458 11842 D OPENHU  : [80] Companion.decrypt | RECV: AUDIO Media Data type: 0 flags: 11 size: 8202 dataOffset: 2
09-15 13:33:23.018 11458 11842 D OPENHU  : [80] Companion.decrypt | RECV: CONTROL Ping Request type: 11 flags: 11 size: 12 dataOffset: 2
09-15 13:33:23.018 11458 11458 V OPENHU  : [2] GpsLocation.onLocationChanged | GpsLocation: fix received
09-15 13:33:23.019 11458 11842 V OPENHU  : [80] AapTransport.send | CONTROL Ping Response type: 12 flags: 11 size: 14 dataOffset: 6
09-15 13:33:23.028 11458 11458 V OPENHU  : [2] AapTransport.send | SENSOR Sensor Event type: 32771 flags: 11 size: 47 dataOffset: 6
09-15 13:33:23.047 11458 11842 D OPENHU  : [80] Companion.decrypt | RECV: AUDIO Media Data type: 0 flags: 11 size: 8202 dataOffset: 2
09-15 13:33:23.090 11458 11842 D OPENHU  : [80] Companion.decrypt | RECV: AUDIO Media Data type: 0 flags: 11 size: 8202 dataOffset: 2
09-15 13:33:23.131 11458 11842 D OPENHU  : [80] Companion.decrypt | RECV: AUDIO Media Data type: 0 flags: 11 size: 8202 dataOffset: 2
09-15 13:33:23.173 11458 11842 D OPENHU  : [80] Companion.decrypt | RECV: AUDIO Media Data type: 0 flags: 11 size: 8202 dataOffset: 2
09-15 13:33:23.215 11458 11842 D OPENHU  : [80] Companion.decrypt | RECV: AUDIO Media Data type: 0 flags: 11 size: 8202 dataOffset: 2
09-15 13:33:23.259 11458 11842 D OPENHU  : [80] Companion.decrypt | RECV: AUDIO Media Data type: 0 flags: 11 size: 8202 dataOffset: 2
09-15 13:33:23.301 11458 11842 D OPENHU  : [80] Companion.decrypt | RECV: AUDIO Media Data type: 0 flags: 11 size: 8202 dataOffset: 2
09-15 13:33:23.342 11458 11842 D OPENHU  : [80] Companion.decrypt | RECV: AUDIO Media Data type: 0 flags: 11 size: 8202 dataOffset: 2
09-15 13:33:23.386 11458 11842 D OPENHU  : [80] Companion.decrypt | RECV: AUDIO Media Data type: 0 flags: 11 size: 8202 dataOffset: 2
09-15 13:33:23.429 11458 11842 D OPENHU  : [80] Companion.decrypt | RECV: AUDIO Media Data type: 0 flags: 11 size: 8202 dataOffset: 2
09-15 13:33:23.472 11458 11842 D OPENHU  : [80] Companion.decrypt | RECV: AUDIO Media Data type: 0 flags: 11 size: 8202 dataOffset: 2
09-15 13:33:23.514 11458 11842 D OPENHU  : [80] Companion.decrypt | RECV: AUDIO Media Data type: 0 flags: 11 size: 8202 dataOffset: 2
09-15 13:33:23.557 11458 11842 D OPENHU  : [80] Companion.decrypt | RECV: AUDIO Media Data type: 0 flags: 11 size: 8202 dataOffset: 2
09-15 13:33:23.599 11458 11842 D OPENHU  : [80] Companion.decrypt | RECV: AUDIO Media Data type: 0 flags: 11 size: 8202 dataOffset: 2
09-15 13:33:23.645 11458 11842 D OPENHU  : [80] Companion.decrypt | RECV: AUDIO Media Data type: 0 flags: 11 size: 8202 dataOffset: 2
09-15 13:33:23.685 11458 11842 D OPENHU  : [80] Companion.decrypt | RECV: AUDIO Media Data type: 0 flags: 11 size: 8202 dataOffset: 2
09-15 13:33:23.728 11458 11842 D OPENHU  : [80] Companion.decrypt | RECV: AUDIO Media Data type: 0 flags: 11 size: 8202 dataOffset: 2
09-15 13:33:23.772 11458 11842 D OPENHU  : [80] Companion.decrypt | RECV: AUDIO Media Data type: 0 flags: 11 size: 8202 dataOffset: 2
09-15 13:33:23.813 11458 11842 D OPENHU  : [80] Companion.decrypt | RECV: AUDIO Media Data type: 0 flags: 11 size: 8202 dataOffset: 2
09-15 13:33:23.818 11458 11842 D OPENHU  : [80] Companion.decrypt | RECV: MUSIC_PLAYBACK Media Playback Status type: 32769 flags: 11 size: 17 dataOffset: 2
09-15 13:33:23.819 11458 11842 D OPENHU  : [80] AapMediaPlayback.processStatusPacket | AapMediaPlayback: status mediaSource='VLC', playbackSeconds(u32)=21, state=PLAYING
09-15 13:33:23.858 11458 11842 D OPENHU  : [80] Companion.decrypt | RECV: AUDIO Media Data type: 0 flags: 11 size: 8202 dataOffset: 2
09-15 13:33:23.904 11458 11842 D OPENHU  : [80] Companion.decrypt | RECV: AUDIO Media Data type: 0 flags: 11 size: 8202 dataOffset: 2
09-15 13:33:23.943 11458 11842 D OPENHU  : [80] Companion.decrypt | RECV: AUDIO Media Data type: 0 flags: 11 size: 8202 dataOffset: 2
09-15 13:33:23.984 11458 11842 D OPENHU  : [80] Companion.decrypt | RECV: AUDIO Media Data type: 0 flags: 11 size: 8202 dataOffset: 2
09-15 13:33:23.997 11458 11458 V OPENHU  : [2] GpsLocation.onLocationChanged | GpsLocation: fix received
09-15 13:33:24.006 11458 11458 V OPENHU  : [2] AapTransport.send | SENSOR Sensor Event type: 32771 flags: 11 size: 47 dataOffset: 6
09-15 13:33:24.020 11458 11842 D OPENHU  : [80] Companion.decrypt | RECV: CONTROL Ping Request type: 11 flags: 11 size: 12 dataOffset: 2
09-15 13:33:24.021 11458 11842 V OPENHU  : [80] AapTransport.send | CONTROL Ping Response type: 12 flags: 11 size: 14 dataOffset: 6
09-15 13:33:24.026 11458 11842 D OPENHU  : [80] Companion.decrypt | RECV: AUDIO Media Data type: 0 flags: 11 size: 8202 dataOffset: 2
09-15 13:33:24.068 11458 11842 D OPENHU  : [80] Companion.decrypt | RECV: AUDIO Media Data type: 0 flags: 11 size: 8202 dataOffset: 2
09-15 13:33:24.113 11458 11842 D OPENHU  : [80] Companion.decrypt | RECV: AUDIO Media Data type: 0 flags: 11 size: 8202 dataOffset: 2
09-15 13:33:24.156 11458 11842 D OPENHU  : [80] Companion.decrypt | RECV: AUDIO Media Data type: 0 flags: 11 size: 8202 dataOffset: 2
09-15 13:33:24.196 11458 11842 D OPENHU  : [80] Companion.decrypt | RECV: AUDIO Media Data type: 0 flags: 11 size: 8202 dataOffset: 2
09-15 13:33:24.239 11458 11842 D OPENHU  : [80] Companion.decrypt | RECV: AUDIO Media Data type: 0 flags: 11 size: 8202 dataOffset: 2
09-15 13:33:24.284 11458 11842 D OPENHU  : [80] Companion.decrypt | RECV: AUDIO Media Data type: 0 flags: 11 size: 8202 dataOffset: 2
09-15 13:33:24.325 11458 11842 D OPENHU  : [80] Companion.decrypt | RECV: AUDIO Media Data type: 0 flags: 11 size: 8202 dataOffset: 2
09-15 13:33:24.368 11458 11842 D OPENHU  : [80] Companion.decrypt | RECV: AUDIO Media Data type: 0 flags: 11 size: 8202 dataOffset: 2
09-15 13:33:24.411 11458 11842 D OPENHU  : [80] Companion.decrypt | RECV: AUDIO Media Data type: 0 flags: 11 size: 8202 dataOffset: 2
09-15 13:33:24.456 11458 11842 D OPENHU  : [80] Companion.decrypt | RECV: AUDIO Media Data type: 0 flags: 11 size: 8202 dataOffset: 2
09-15 13:33:24.496 11458 11842 D OPENHU  : [80] Companion.decrypt | RECV: AUDIO Media Data type: 0 flags: 11 size: 8202 dataOffset: 2
09-15 13:33:24.538 11458 11842 D OPENHU  : [80] Companion.decrypt | RECV: AUDIO Media Data type: 0 flags: 11 size: 8202 dataOffset: 2
09-15 13:33:24.581 11458 11842 D OPENHU  : [80] Companion.decrypt | RECV: AUDIO Media Data type: 0 flags: 11 size: 8202 dataOffset: 2
09-15 13:33:24.623 11458 11842 D OPENHU  : [80] Companion.decrypt | RECV: AUDIO Media Data type: 0 flags: 11 size: 8202 dataOffset: 2
09-15 13:33:24.668 11458 11842 D OPENHU  : [80] Companion.decrypt | RECV: AUDIO Media Data type: 0 flags: 11 size: 8202 dataOffset: 2
09-15 13:33:24.711 11458 11842 D OPENHU  : [80] Companion.decrypt | RECV: AUDIO Media Data type: 0 flags: 11 size: 8202 dataOffset: 2
09-15 13:33:24.753 11458 11842 D OPENHU  : [80] Companion.decrypt | RECV: AUDIO Media Data type: 0 flags: 11 size: 8202 dataOffset: 2
09-15 13:33:24.796 11458 11842 D OPENHU  : [80] Companion.decrypt | RECV: AUDIO Media Data type: 0 flags: 11 size: 8202 dataOffset: 2
09-15 13:33:24.821 11458 11842 D OPENHU  : [80] Companion.decrypt | RECV: MUSIC_PLAYBACK Media Playback Status type: 32769 flags: 11 size: 17 dataOffset: 2
09-15 13:33:24.823 11458 11842 D OPENHU  : [80] AapMediaPlayback.processStatusPacket | AapMediaPlayback: status mediaSource='VLC', playbackSeconds(u32)=22, state=PLAYING
09-15 13:33:24.839 11458 11842 D OPENHU  : [80] Companion.decrypt | RECV: AUDIO Media Data type: 0 flags: 11 size: 8202 dataOffset: 2
09-15 13:33:24.881 11458 11842 D OPENHU  : [80] Companion.decrypt | RECV: AUDIO Media Data type: 0 flags: 11 size: 8202 dataOffset: 2
09-15 13:33:24.923 11458 11842 D OPENHU  : [80] Companion.decrypt | RECV: AUDIO Media Data type: 0 flags: 11 size: 8202 dataOffset: 2
09-15 13:33:24.965 11458 11842 D OPENHU  : [80] Companion.decrypt | RECV: AUDIO Media Data type: 0 flags: 11 size: 8202 dataOffset: 2
09-15 13:33:24.997 11458 11458 V OPENHU  : [2] GpsLocation.onLocationChanged | GpsLocation: fix received
09-15 13:33:25.005 11458 11458 V OPENHU  : [2] AapTransport.send | SENSOR Sensor Event type: 32771 flags: 11 size: 47 dataOffset: 6
09-15 13:33:25.007 11458 11842 D OPENHU  : [80] Companion.decrypt | RECV: AUDIO Media Data type: 0 flags: 11 size: 8202 dataOffset: 2
09-15 13:33:25.021 11458 11842 D OPENHU  : [80] Companion.decrypt | RECV: CONTROL Ping Request type: 11 flags: 11 size: 12 dataOffset: 2
09-15 13:33:25.021 11458 11842 V OPENHU  : [80] AapTransport.send | CONTROL Ping Response type: 12 flags: 11 size: 14 dataOffset: 6
09-15 13:33:25.051 11458 11842 D OPENHU  : [80] Companion.decrypt | RECV: AUDIO Media Data type: 0 flags: 11 size: 8202 dataOffset: 2
09-15 13:33:25.092 11458 11842 D OPENHU  : [80] Companion.decrypt | RECV: AUDIO Media Data type: 0 flags: 11 size: 8202 dataOffset: 2
09-15 13:33:25.135 11458 11842 D OPENHU  : [80] Companion.decrypt | RECV: AUDIO Media Data type: 0 flags: 11 size: 8202 dataOffset: 2
09-15 13:33:25.179 11458 11842 D OPENHU  : [80] Companion.decrypt | RECV: AUDIO Media Data type: 0 flags: 11 size: 8202 dataOffset: 2
09-15 13:33:25.221 11458 11842 D OPENHU  : [80] Companion.decrypt | RECV: AUDIO Media Data type: 0 flags: 11 size: 8202 dataOffset: 2
09-15 13:33:25.265 11458 11842 D OPENHU  : [80] Companion.decrypt | RECV: AUDIO Media Data type: 0 flags: 11 size: 8202 dataOffset: 2
09-15 13:33:25.307 11458 11842 D OPENHU  : [80] Companion.decrypt | RECV: AUDIO Media Data type: 0 flags: 11 size: 8202 dataOffset: 2
09-15 13:33:25.349 11458 11842 D OPENHU  : [80] Companion.decrypt | RECV: AUDIO Media Data type: 0 flags: 11 size: 8202 dataOffset: 2
09-15 13:33:25.392 11458 11842 D OPENHU  : [80] Companion.decrypt | RECV: AUDIO Media Data type: 0 flags: 11 size: 8202 dataOffset: 2
09-15 13:33:25.434 11458 11842 D OPENHU  : [80] Companion.decrypt | RECV: AUDIO Media Data type: 0 flags: 11 size: 8202 dataOffset: 2
09-15 13:33:25.476 11458 11842 D OPENHU  : [80] Companion.decrypt | RECV: AUDIO Media Data type: 0 flags: 11 size: 8202 dataOffset: 2
09-15 13:33:25.518 11458 11842 D OPENHU  : [80] Companion.decrypt | RECV: AUDIO Media Data type: 0 flags: 11 size: 8202 dataOffset: 2
09-15 13:33:25.562 11458 11842 D OPENHU  : [80] Companion.decrypt | RECV: AUDIO Media Data type: 0 flags: 11 size: 8202 dataOffset: 2
09-15 13:33:25.607 11458 11842 D OPENHU  : [80] Companion.decrypt | RECV: AUDIO Media Data type: 0 flags: 11 size: 8202 dataOffset: 2
09-15 13:33:25.651 11458 11842 D OPENHU  : [80] Companion.decrypt | RECV: AUDIO Media Data type: 0 flags: 11 size: 8202 dataOffset: 2
09-15 13:33:25.689 11458 11842 D OPENHU  : [80] Companion.decrypt | RECV: AUDIO Media Data type: 0 flags: 11 size: 8202 dataOffset: 2
09-15 13:33:25.733 11458 11842 D OPENHU  : [80] Companion.decrypt | RECV: AUDIO Media Data type: 0 flags: 11 size: 8202 dataOffset: 2
09-15 13:33:25.775 11458 11842 D OPENHU  : [80] Companion.decrypt | RECV: AUDIO Media Data type: 0 flags: 11 size: 8202 dataOffset: 2
09-15 13:33:25.819 11458 11842 D OPENHU  : [80] Companion.decrypt | RECV: AUDIO Media Data type: 0 flags: 11 size: 8202 dataOffset: 2
09-15 13:33:25.823 11458 11842 D OPENHU  : [80] Companion.decrypt | RECV: MUSIC_PLAYBACK Media Playback Status type: 32769 flags: 11 size: 17 dataOffset: 2
09-15 13:33:25.825 11458 11842 D OPENHU  : [80] AapMediaPlayback.processStatusPacket | AapMediaPlayback: status mediaSource='VLC', playbackSeconds(u32)=23, state=PLAYING
09-15 13:33:25.860 11458 11842 D OPENHU  : [80] Companion.decrypt | RECV: AUDIO Media Data type: 0 flags: 11 size: 8202 dataOffset: 2
09-15 13:33:25.902 11458 11842 D OPENHU  : [80] Companion.decrypt | RECV: AUDIO Media Data type: 0 flags: 11 size: 8202 dataOffset: 2
09-15 13:33:25.946 11458 11842 D OPENHU  : [80] Companion.decrypt | RECV: AUDIO Media Data type: 0 flags: 11 size: 8202 dataOffset: 2
09-15 13:33:25.988 11458 11842 D OPENHU  : [80] Companion.decrypt | RECV: AUDIO Media Data type: 0 flags: 11 size: 8202 dataOffset: 2
09-15 13:33:25.996 11458 11458 V OPENHU  : [2] GpsLocation.onLocationChanged | GpsLocation: fix received
09-15 13:33:26.005 11458 11458 V OPENHU  : [2] AapTransport.send | SENSOR Sensor Event type: 32771 flags: 11 size: 47 dataOffset: 6
09-15 13:33:26.022 11458 11842 D OPENHU  : [80] Companion.decrypt | RECV: CONTROL Ping Request type: 11 flags: 11 size: 12 dataOffset: 2
09-15 13:33:26.023 11458 11842 V OPENHU  : [80] AapTransport.send | CONTROL Ping Response type: 12 flags: 11 size: 14 dataOffset: 6
09-15 13:33:26.031 11458 11842 D OPENHU  : [80] Companion.decrypt | RECV: AUDIO Media Data type: 0 flags: 11 size: 8202 dataOffset: 2
09-15 13:33:26.073 11458 11842 D OPENHU  : [80] Companion.decrypt | RECV: AUDIO Media Data type: 0 flags: 11 size: 8202 dataOffset: 2
09-15 13:33:26.116 11458 11842 D OPENHU  : [80] Companion.decrypt | RECV: AUDIO Media Data type: 0 flags: 11 size: 8202 dataOffset: 2
09-15 13:33:26.161 11458 11842 D OPENHU  : [80] Companion.decrypt | RECV: AUDIO Media Data type: 0 flags: 11 size: 8202 dataOffset: 2
09-15 13:33:26.210 11458 11842 D OPENHU  : [80] Companion.decrypt | RECV: AUDIO Media Data type: 0 flags: 11 size: 8202 dataOffset: 2
09-15 13:33:26.249 11458 11842 D OPENHU  : [80] Companion.decrypt | RECV: AUDIO Media Data type: 0 flags: 11 size: 8202 dataOffset: 2
09-15 13:33:26.288 11458 11842 D OPENHU  : [80] Companion.decrypt | RECV: AUDIO Media Data type: 0 flags: 11 size: 8202 dataOffset: 2
09-15 13:33:26.331 11458 11842 D OPENHU  : [80] Companion.decrypt | RECV: AUDIO Media Data type: 0 flags: 11 size: 8202 dataOffset: 2
09-15 13:33:26.373 11458 11842 D OPENHU  : [80] Companion.decrypt | RECV: AUDIO Media Data type: 0 flags: 11 size: 8202 dataOffset: 2
09-15 13:33:26.418 11458 11842 D OPENHU  : [80] Companion.decrypt | RECV: AUDIO Media Data type: 0 flags: 11 size: 8202 dataOffset: 2
09-15 13:33:26.458 11458 11842 D OPENHU  : [80] Companion.decrypt | RECV: AUDIO Media Data type: 0 flags: 11 size: 8202 dataOffset: 2
09-15 13:33:26.501 11458 11842 D OPENHU  : [80] Companion.decrypt | RECV: AUDIO Media Data type: 0 flags: 11 size: 8202 dataOffset: 2
09-15 13:33:26.544 11458 11842 D OPENHU  : [80] Companion.decrypt | RECV: AUDIO Media Data type: 0 flags: 11 size: 8202 dataOffset: 2
09-15 13:33:26.587 11458 11842 D OPENHU  : [80] Companion.decrypt | RECV: AUDIO Media Data type: 0 flags: 11 size: 8202 dataOffset: 2
09-15 13:33:26.630 11458 11842 D OPENHU  : [80] Companion.decrypt | RECV: AUDIO Media Data type: 0 flags: 11 size: 8202 dataOffset: 2
09-15 13:33:26.672 11458 11842 D OPENHU  : [80] Companion.decrypt | RECV: AUDIO Media Data type: 0 flags: 11 size: 8202 dataOffset: 2
09-15 13:33:26.716 11458 11842 D OPENHU  : [80] Companion.decrypt | RECV: AUDIO Media Data type: 0 flags: 11 size: 8202 dataOffset: 2
09-15 13:33:26.759 11458 11842 D OPENHU  : [80] Companion.decrypt | RECV: AUDIO Media Data type: 0 flags: 11 size: 8202 dataOffset: 2
09-15 13:33:26.803 11458 11842 D OPENHU  : [80] Companion.decrypt | RECV: AUDIO Media Data type: 0 flags: 11 size: 8202 dataOffset: 2
09-15 13:33:26.822 11458 11842 D OPENHU  : [80] Companion.decrypt | RECV: MUSIC_PLAYBACK Media Playback Status type: 32769 flags: 11 size: 17 dataOffset: 2
09-15 13:33:26.824 11458 11842 D OPENHU  : [80] AapMediaPlayback.processStatusPacket | AapMediaPlayback: status mediaSource='VLC', playbackSeconds(u32)=24, state=PLAYING
09-15 13:33:26.845 11458 11842 D OPENHU  : [80] Companion.decrypt | RECV: AUDIO Media Data type: 0 flags: 11 size: 8202 dataOffset: 2
09-15 13:33:26.893 11458 11842 D OPENHU  : [80] Companion.decrypt | RECV: AUDIO Media Data type: 0 flags: 11 size: 8202 dataOffset: 2
09-15 13:33:26.927 11458 11842 D OPENHU  : [80] Companion.decrypt | RECV: AUDIO Media Data type: 0 flags: 11 size: 8202 dataOffset: 2
09-15 13:33:26.971 11458 11842 D OPENHU  : [80] Companion.decrypt | RECV: AUDIO Media Data type: 0 flags: 11 size: 8202 dataOffset: 2
09-15 13:33:26.996 11458 11458 V OPENHU  : [2] GpsLocation.onLocationChanged | GpsLocation: fix received
09-15 13:33:27.006 11458 11458 V OPENHU  : [2] AapTransport.send | SENSOR Sensor Event type: 32771 flags: 11 size: 46 dataOffset: 6
09-15 13:33:27.013 11458 11842 D OPENHU  : [80] Companion.decrypt | RECV: AUDIO Media Data type: 0 flags: 11 size: 8202 dataOffset: 2
09-15 13:33:27.022 11458 11842 D OPENHU  : [80] Companion.decrypt | RECV: CONTROL Ping Request type: 11 flags: 11 size: 12 dataOffset: 2
09-15 13:33:27.022 11458 11842 V OPENHU  : [80] AapTransport.send | CONTROL Ping Response type: 12 flags: 11 size: 14 dataOffset: 6
09-15 13:33:27.055 11458 11842 D OPENHU  : [80] Companion.decrypt | RECV: AUDIO Media Data type: 0 flags: 11 size: 8202 dataOffset: 2
09-15 13:33:27.100 11458 11842 D OPENHU  : [80] Companion.decrypt | RECV: AUDIO Media Data type: 0 flags: 11 size: 8202 dataOffset: 2
09-15 13:33:27.143 11458 11842 D OPENHU  : [80] Companion.decrypt | RECV: AUDIO Media Data type: 0 flags: 11 size: 8202 dataOffset: 2
09-15 13:33:27.184 11458 11842 D OPENHU  : [80] Companion.decrypt | RECV: AUDIO Media Data type: 0 flags: 11 size: 8202 dataOffset: 2
09-15 13:33:27.228 11458 11842 D OPENHU  : [80] Companion.decrypt | RECV: AUDIO Media Data type: 0 flags: 11 size: 8202 dataOffset: 2
09-15 13:33:27.271 11458 11842 D OPENHU  : [80] Companion.decrypt | RECV: AUDIO Media Data type: 0 flags: 11 size: 8202 dataOffset: 2
09-15 13:33:27.313 11458 11842 D OPENHU  : [80] Companion.decrypt | RECV: AUDIO Media Data type: 0 flags: 11 size: 8202 dataOffset: 2
09-15 13:33:27.355 11458 11842 D OPENHU  : [80] Companion.decrypt | RECV: AUDIO Media Data type: 0 flags: 11 size: 8202 dataOffset: 2
09-15 13:33:27.401 11458 11842 D OPENHU  : [80] Companion.decrypt | RECV: AUDIO Media Data type: 0 flags: 11 size: 8202 dataOffset: 2
09-15 13:33:27.440 11458 11842 D OPENHU  : [80] Companion.decrypt | RECV: AUDIO Media Data type: 0 flags: 11 size: 8202 dataOffset: 2
09-15 13:33:27.484 11458 11842 D OPENHU  : [80] Companion.decrypt | RECV: AUDIO Media Data type: 0 flags: 11 size: 8202 dataOffset: 2
09-15 13:33:27.526 11458 11842 D OPENHU  : [80] Companion.decrypt | RECV: AUDIO Media Data type: 0 flags: 11 size: 8202 dataOffset: 2
09-15 13:33:27.566 11458 11842 D OPENHU  : [80] Companion.decrypt | RECV: AUDIO Media Data type: 0 flags: 11 size: 8202 dataOffset: 2
09-15 13:33:27.611 11458 11842 D OPENHU  : [80] Companion.decrypt | RECV: AUDIO Media Data type: 0 flags: 11 size: 8202 dataOffset: 2
09-15 13:33:27.653 11458 11842 D OPENHU  : [80] Companion.decrypt | RECV: AUDIO Media Data type: 0 flags: 11 size: 8202 dataOffset: 2
09-15 13:33:27.697 11458 11842 D OPENHU  : [80] Companion.decrypt | RECV: AUDIO Media Data type: 0 flags: 11 size: 8202 dataOffset: 2
09-15 13:33:27.738 11458 11842 D OPENHU  : [80] Companion.decrypt | RECV: AUDIO Media Data type: 0 flags: 11 size: 8202 dataOffset: 2
09-15 13:33:27.780 11458 11842 D OPENHU  : [80] Companion.decrypt | RECV: AUDIO Media Data type: 0 flags: 11 size: 8202 dataOffset: 2
09-15 13:33:27.822 11458 11842 D OPENHU  : [80] Companion.decrypt | RECV: MUSIC_PLAYBACK Media Playback Status type: 32769 flags: 11 size: 17 dataOffset: 2
09-15 13:33:27.823 11458 11842 D OPENHU  : [80] AapMediaPlayback.processStatusPacket | AapMediaPlayback: status mediaSource='VLC', playbackSeconds(u32)=25, state=PLAYING
09-15 13:33:27.825 11458 11842 D OPENHU  : [80] Companion.decrypt | RECV: AUDIO Media Data type: 0 flags: 11 size: 8202 dataOffset: 2
09-15 13:33:27.866 11458 11842 D OPENHU  : [80] Companion.decrypt | RECV: AUDIO Media Data type: 0 flags: 11 size: 8202 dataOffset: 2
09-15 13:33:27.902 11458 11870 I OPENHU  : [89] VideoDecoder.logThroughput | Throughput over 5010ms: rendered=131 (26fps), fed=132 (26fps), dropped=0, skipped=0, concealed=0, inputWait=48ms, enqueueWait=0ms, codec=c2.unisoc.avc.decoder, presented=131 (26fps), decodeLatency=9ms p95=11ms (131 frames)
09-15 13:33:27.909 11458 11842 D OPENHU  : [80] Companion.decrypt | RECV: AUDIO Media Data type: 0 flags: 11 size: 8202 dataOffset: 2
09-15 13:33:27.923 11458 11458 I OPENHU  : [2] TextureProjectionView.onSurfaceTextureUpdated | TextureProjectionView: displayed 103 frames in 5000ms (20fps), longFrames=1
09-15 13:33:27.953 11458 11842 D OPENHU  : [80] Companion.decrypt | RECV: AUDIO Media Data type: 0 flags: 11 size: 8202 dataOffset: 2
09-15 13:33:27.995 11458 11842 D OPENHU  : [80] Companion.decrypt | RECV: AUDIO Media Data type: 0 flags: 11 size: 8202 dataOffset: 2
09-15 13:33:27.997 11458 11458 V OPENHU  : [2] GpsLocation.onLocationChanged | GpsLocation: fix received
09-15 13:33:28.002 11458 11458 V OPENHU  : [2] AapTransport.send | SENSOR Sensor Event type: 32771 flags: 11 size: 46 dataOffset: 6
09-15 13:33:28.023 11458 11842 D OPENHU  : [80] Companion.decrypt | RECV: CONTROL Ping Request type: 11 flags: 11 size: 12 dataOffset: 2
09-15 13:33:28.024 11458 11842 V OPENHU  : [80] AapTransport.send | CONTROL Ping Response type: 12 flags: 11 size: 14 dataOffset: 6
09-15 13:33:28.036 11458 11842 D OPENHU  : [80] Companion.decrypt | RECV: AUDIO Media Data type: 0 flags: 11 size: 8202 dataOffset: 2
09-15 13:33:28.081 11458 11842 D OPENHU  : [80] Companion.decrypt | RECV: AUDIO Media Data type: 0 flags: 11 size: 8202 dataOffset: 2
09-15 13:33:28.123 11458 11842 D OPENHU  : [80] Companion.decrypt | RECV: AUDIO Media Data type: 0 flags: 11 size: 8202 dataOffset: 2
09-15 13:33:28.165 11458 11842 D OPENHU  : [80] Companion.decrypt | RECV: AUDIO Media Data type: 0 flags: 11 size: 8202 dataOffset: 2
09-15 13:33:28.208 11458 11842 D OPENHU  : [80] Companion.decrypt | RECV: AUDIO Media Data type: 0 flags: 11 size: 8202 dataOffset: 2
09-15 13:33:28.250 11458 11842 D OPENHU  : [80] Companion.decrypt | RECV: AUDIO Media Data type: 0 flags: 11 size: 8202 dataOffset: 2
09-15 13:33:28.296 11458 11842 D OPENHU  : [80] Companion.decrypt | RECV: AUDIO Media Data type: 0 flags: 11 size: 8202 dataOffset: 2
09-15 13:33:28.337 11458 11842 D OPENHU  : [80] Companion.decrypt | RECV: AUDIO Media Data type: 0 flags: 11 size: 8202 dataOffset: 2
09-15 13:33:28.380 11458 11842 D OPENHU  : [80] Companion.decrypt | RECV: AUDIO Media Data type: 0 flags: 11 size: 8202 dataOffset: 2
09-15 13:33:28.423 11458 11842 D OPENHU  : [80] Companion.decrypt | RECV: AUDIO Media Data type: 0 flags: 11 size: 8202 dataOffset: 2
09-15 13:33:28.463 11458 11842 D OPENHU  : [80] Companion.decrypt | RECV: AUDIO Media Data type: 0 flags: 11 size: 8202 dataOffset: 2
09-15 13:33:28.504 11458 11842 D OPENHU  : [80] Companion.decrypt | RECV: AUDIO Media Data type: 0 flags: 11 size: 8202 dataOffset: 2
09-15 13:33:28.547 11458 11842 D OPENHU  : [80] Companion.decrypt | RECV: AUDIO Media Data type: 0 flags: 11 size: 8202 dataOffset: 2
09-15 13:33:28.591 11458 11842 D OPENHU  : [80] Companion.decrypt | RECV: AUDIO Media Data type: 0 flags: 11 size: 8202 dataOffset: 2
09-15 13:33:28.634 11458 11842 D OPENHU  : [80] Companion.decrypt | RECV: AUDIO Media Data type: 0 flags: 11 size: 8202 dataOffset: 2
09-15 13:33:28.677 11458 11842 D OPENHU  : [80] Companion.decrypt | RECV: AUDIO Media Data type: 0 flags: 11 size: 8202 dataOffset: 2
09-15 13:33:28.719 11458 11842 D OPENHU  : [80] Companion.decrypt | RECV: AUDIO Media Data type: 0 flags: 11 size: 8202 dataOffset: 2
09-15 13:33:28.762 11458 11842 D OPENHU  : [80] Companion.decrypt | RECV: AUDIO Media Data type: 0 flags: 11 size: 8202 dataOffset: 2
09-15 13:33:28.806 11458 11842 D OPENHU  : [80] Companion.decrypt | RECV: AUDIO Media Data type: 0 flags: 11 size: 8202 dataOffset: 2
09-15 13:33:28.822 11458 11842 D OPENHU  : [80] Companion.decrypt | RECV: MUSIC_PLAYBACK Media Playback Status type: 32769 flags: 11 size: 17 dataOffset: 2
09-15 13:33:28.823 11458 11842 D OPENHU  : [80] AapMediaPlayback.processStatusPacket | AapMediaPlayback: status mediaSource='VLC', playbackSeconds(u32)=26, state=PLAYING
09-15 13:33:28.847 11458 11842 D OPENHU  : [80] Companion.decrypt | RECV: AUDIO Media Data type: 0 flags: 11 size: 8202 dataOffset: 2
09-15 13:33:28.892 11458 11842 D OPENHU  : [80] Companion.decrypt | RECV: AUDIO Media Data type: 0 flags: 11 size: 8202 dataOffset: 2
09-15 13:33:28.933 11458 11842 D OPENHU  : [80] Companion.decrypt | RECV: AUDIO Media Data type: 0 flags: 11 size: 8202 dataOffset: 2
09-15 13:33:28.975 11458 11842 D OPENHU  : [80] Companion.decrypt | RECV: AUDIO Media Data type: 0 flags: 11 size: 8202 dataOffset: 2
09-15 13:33:28.998 11458 11458 V OPENHU  : [2] GpsLocation.onLocationChanged | GpsLocation: fix received
09-15 13:33:29.007 11458 11458 V OPENHU  : [2] AapTransport.send | SENSOR Sensor Event type: 32771 flags: 11 size: 46 dataOffset: 6
09-15 13:33:29.018 11458 11842 D OPENHU  : [80] Companion.decrypt | RECV: AUDIO Media Data type: 0 flags: 11 size: 8202 dataOffset: 2
09-15 13:33:29.024 11458 11842 D OPENHU  : [80] Companion.decrypt | RECV: CONTROL Ping Request type: 11 flags: 11 size: 12 dataOffset: 2
09-15 13:33:29.024 11458 11842 V OPENHU  : [80] AapTransport.send | CONTROL Ping Response type: 12 flags: 11 size: 14 dataOffset: 6
09-15 13:33:29.060 11458 11842 D OPENHU  : [80] Companion.decrypt | RECV: AUDIO Media Data type: 0 flags: 11 size: 8202 dataOffset: 2
09-15 13:33:29.103 11458 11842 D OPENHU  : [80] Companion.decrypt | RECV: AUDIO Media Data type: 0 flags: 11 size: 8202 dataOffset: 2
09-15 13:33:29.149 11458 11842 D OPENHU  : [80] Companion.decrypt | RECV: AUDIO Media Data type: 0 flags: 11 size: 8202 dataOffset: 2
09-15 13:33:29.188 11458 11842 D OPENHU  : [80] Companion.decrypt | RECV: AUDIO Media Data type: 0 flags: 11 size: 8202 dataOffset: 2
09-15 13:33:29.231 11458 11842 D OPENHU  : [80] Companion.decrypt | RECV: AUDIO Media Data type: 0 flags: 11 size: 8202 dataOffset: 2
09-15 13:33:29.275 11458 11842 D OPENHU  : [80] Companion.decrypt | RECV: AUDIO Media Data type: 0 flags: 11 size: 8202 dataOffset: 2
09-15 13:33:29.317 11458 11842 D OPENHU  : [80] Companion.decrypt | RECV: AUDIO Media Data type: 0 flags: 11 size: 8202 dataOffset: 2
09-15 13:33:29.369 11458 11842 D OPENHU  : [80] Companion.decrypt | RECV: AUDIO Media Data type: 0 flags: 11 size: 8202 dataOffset: 2
09-15 13:33:29.401 11458 11842 D OPENHU  : [80] Companion.decrypt | RECV: AUDIO Media Data type: 0 flags: 11 size: 8202 dataOffset: 2
09-15 13:33:29.445 11458 11842 D OPENHU  : [80] Companion.decrypt | RECV: AUDIO Media Data type: 0 flags: 11 size: 8202 dataOffset: 2
09-15 13:33:29.488 11458 11842 D OPENHU  : [80] Companion.decrypt | RECV: AUDIO Media Data type: 0 flags: 11 size: 8202 dataOffset: 2
09-15 13:33:29.530 11458 11842 D OPENHU  : [80] Companion.decrypt | RECV: AUDIO Media Data type: 0 flags: 11 size: 8202 dataOffset: 2
09-15 13:33:29.574 11458 11842 D OPENHU  : [80] Companion.decrypt | RECV: AUDIO Media Data type: 0 flags: 11 size: 8202 dataOffset: 2
09-15 13:33:29.615 11458 11842 D OPENHU  : [80] Companion.decrypt | RECV: AUDIO Media Data type: 0 flags: 11 size: 8202 dataOffset: 2
09-15 13:33:29.659 11458 11842 D OPENHU  : [80] Companion.decrypt | RECV: AUDIO Media Data type: 0 flags: 11 size: 8202 dataOffset: 2
09-15 13:33:29.700 11458 11842 D OPENHU  : [80] Companion.decrypt | RECV: AUDIO Media Data type: 0 flags: 11 size: 8202 dataOffset: 2
09-15 13:33:29.744 11458 11842 D OPENHU  : [80] Companion.decrypt | RECV: AUDIO Media Data type: 0 flags: 11 size: 8202 dataOffset: 2
09-15 13:33:29.786 11458 11842 D OPENHU  : [80] Companion.decrypt | RECV: AUDIO Media Data type: 0 flags: 11 size: 8202 dataOffset: 2
09-15 13:33:29.824 11458 11842 D OPENHU  : [80] Companion.decrypt | RECV: MUSIC_PLAYBACK Media Playback Status type: 32769 flags: 11 size: 17 dataOffset: 2
09-15 13:33:29.826 11458 11842 D OPENHU  : [80] AapMediaPlayback.processStatusPacket | AapMediaPlayback: status mediaSource='VLC', playbackSeconds(u32)=27, state=PLAYING
09-15 13:33:29.830 11458 11842 D OPENHU  : [80] Companion.decrypt | RECV: AUDIO Media Data type: 0 flags: 11 size: 8202 dataOffset: 2
09-15 13:33:29.873 11458 11842 D OPENHU  : [80] Companion.decrypt | RECV: AUDIO Media Data type: 0 flags: 11 size: 8202 dataOffset: 2
09-15 13:33:29.921 11458 11842 D OPENHU  : [80] Companion.decrypt | RECV: AUDIO Media Data type: 0 flags: 11 size: 8202 dataOffset: 2
09-15 13:33:29.957 11458 11842 D OPENHU  : [80] Companion.decrypt | RECV: AUDIO Media Data type: 0 flags: 11 size: 8202 dataOffset: 2
09-15 13:33:29.996 11458 11458 V OPENHU  : [2] GpsLocation.onLocationChanged | GpsLocation: fix received
09-15 13:33:30.003 11458 11842 D OPENHU  : [80] Companion.decrypt | RECV: AUDIO Media Data type: 0 flags: 11 size: 8202 dataOffset: 2
09-15 13:33:30.006 11458 11458 V OPENHU  : [2] AapTransport.send | SENSOR Sensor Event type: 32771 flags: 11 size: 46 dataOffset: 6
09-15 13:33:30.025 11458 11842 D OPENHU  : [80] Companion.decrypt | RECV: CONTROL Ping Request type: 11 flags: 11 size: 12 dataOffset: 2
09-15 13:33:30.026 11458 11842 V OPENHU  : [80] AapTransport.send | CONTROL Ping Response type: 12 flags: 11 size: 14 dataOffset: 6
09-15 13:33:30.043 11458 11842 D OPENHU  : [80] Companion.decrypt | RECV: AUDIO Media Data type: 0 flags: 11 size: 8202 dataOffset: 2
09-15 13:33:30.087 11458 11842 D OPENHU  : [80] Companion.decrypt | RECV: AUDIO Media Data type: 0 flags: 11 size: 8202 dataOffset: 2
09-15 13:33:30.127 11458 11842 D OPENHU  : [80] Companion.decrypt | RECV: AUDIO Media Data type: 0 flags: 11 size: 8202 dataOffset: 2
09-15 13:33:30.171 11458 11842 D OPENHU  : [80] Companion.decrypt | RECV: AUDIO Media Data type: 0 flags: 11 size: 8202 dataOffset: 2
09-15 13:33:30.213 11458 11842 D OPENHU  : [80] Companion.decrypt | RECV: AUDIO Media Data type: 0 flags: 11 size: 8202 dataOffset: 2
09-15 13:33:30.258 11458 11842 D OPENHU  : [80] Companion.decrypt | RECV: AUDIO Media Data type: 0 flags: 11 size: 8202 dataOffset: 2
09-15 13:33:30.299 11458 11842 D OPENHU  : [80] Companion.decrypt | RECV: AUDIO Media Data type: 0 flags: 11 size: 8202 dataOffset: 2
09-15 13:33:30.341 11458 11842 D OPENHU  : [80] Companion.decrypt | RECV: AUDIO Media Data type: 0 flags: 11 size: 8202 dataOffset: 2
09-15 13:33:30.385 11458 11842 D OPENHU  : [80] Companion.decrypt | RECV: AUDIO Media Data type: 0 flags: 11 size: 8202 dataOffset: 2
09-15 13:33:30.427 11458 11842 D OPENHU  : [80] Companion.decrypt | RECV: AUDIO Media Data type: 0 flags: 11 size: 8202 dataOffset: 2
09-15 13:33:30.471 11458 11842 D OPENHU  : [80] Companion.decrypt | RECV: AUDIO Media Data type: 0 flags: 11 size: 8202 dataOffset: 2
09-15 13:33:30.511 11458 11842 D OPENHU  : [80] Companion.decrypt | RECV: AUDIO Media Data type: 0 flags: 11 size: 8202 dataOffset: 2
09-15 13:33:30.554 11458 11842 D OPENHU  : [80] Companion.decrypt | RECV: AUDIO Media Data type: 0 flags: 11 size: 8202 dataOffset: 2
09-15 13:33:30.595 11458 11842 D OPENHU  : [80] Companion.decrypt | RECV: AUDIO Media Data type: 0 flags: 11 size: 8202 dataOffset: 2
09-15 13:33:30.638 11458 11842 D OPENHU  : [80] Companion.decrypt | RECV: AUDIO Media Data type: 0 flags: 11 size: 8202 dataOffset: 2
09-15 13:33:30.683 11458 11842 D OPENHU  : [80] Companion.decrypt | RECV: AUDIO Media Data type: 0 flags: 11 size: 8202 dataOffset: 2
09-15 13:33:30.729 11458 11842 D OPENHU  : [80] Companion.decrypt | RECV: AUDIO Media Data type: 0 flags: 11 size: 8202 dataOffset: 2
09-15 13:33:30.770 11458 11842 D OPENHU  : [80] Companion.decrypt | RECV: AUDIO Media Data type: 0 flags: 11 size: 8202 dataOffset: 2
09-15 13:33:30.811 11458 11842 D OPENHU  : [80] Companion.decrypt | RECV: AUDIO Media Data type: 0 flags: 11 size: 8202 dataOffset: 2
09-15 13:33:30.824 11458 11842 D OPENHU  : [80] Companion.decrypt | RECV: MUSIC_PLAYBACK Media Playback Status type: 32769 flags: 11 size: 17 dataOffset: 2
09-15 13:33:30.825 11458 11842 D OPENHU  : [80] AapMediaPlayback.processStatusPacket | AapMediaPlayback: status mediaSource='VLC', playbackSeconds(u32)=28, state=PLAYING
09-15 13:33:30.852 11458 11842 D OPENHU  : [80] Companion.decrypt | RECV: AUDIO Media Data type: 0 flags: 11 size: 8202 dataOffset: 2
09-15 13:33:30.898 11458 11842 D OPENHU  : [80] Companion.decrypt | RECV: AUDIO Media Data type: 0 flags: 11 size: 8202 dataOffset: 2
09-15 13:33:30.940 11458 11842 D OPENHU  : [80] Companion.decrypt | RECV: AUDIO Media Data type: 0 flags: 11 size: 8202 dataOffset: 2
09-15 13:33:30.981 11458 11842 D OPENHU  : [80] Companion.decrypt | RECV: AUDIO Media Data type: 0 flags: 11 size: 8202 dataOffset: 2
09-15 13:33:31.013 11458 11458 V OPENHU  : [2] GpsLocation.onLocationChanged | GpsLocation: fix received
09-15 13:33:31.022 11458 11458 V OPENHU  : [2] AapTransport.send | SENSOR Sensor Event type: 32771 flags: 11 size: 46 dataOffset: 6
09-15 13:33:31.024 11458 11842 D OPENHU  : [80] Companion.decrypt | RECV: AUDIO Media Data type: 0 flags: 11 size: 8202 dataOffset: 2
09-15 13:33:31.027 11458 11842 D OPENHU  : [80] Companion.decrypt | RECV: CONTROL Ping Request type: 11 flags: 11 size: 12 dataOffset: 2
09-15 13:33:31.028 11458 11842 V OPENHU  : [80] AapTransport.send | CONTROL Ping Response type: 12 flags: 11 size: 14 dataOffset: 6
09-15 13:33:31.066 11458 11842 D OPENHU  : [80] Companion.decrypt | RECV: AUDIO Media Data type: 0 flags: 11 size: 8202 dataOffset: 2
09-15 13:33:31.109 11458 11842 D OPENHU  : [80] Companion.decrypt | RECV: AUDIO Media Data type: 0 flags: 11 size: 8202 dataOffset: 2
09-15 13:33:31.151 11458 11842 D OPENHU  : [80] Companion.decrypt | RECV: AUDIO Media Data type: 0 flags: 11 size: 8202 dataOffset: 2
09-15 13:33:31.195 11458 11842 D OPENHU  : [80] Companion.decrypt | RECV: AUDIO Media Data type: 0 flags: 11 size: 8202 dataOffset: 2
09-15 13:33:31.237 11458 11842 D OPENHU  : [80] Companion.decrypt | RECV: AUDIO Media Data type: 0 flags: 11 size: 8202 dataOffset: 2
09-15 13:33:31.282 11458 11842 D OPENHU  : [80] Companion.decrypt | RECV: AUDIO Media Data type: 0 flags: 11 size: 8202 dataOffset: 2
09-15 13:33:31.322 11458 11842 D OPENHU  : [80] Companion.decrypt | RECV: AUDIO Media Data type: 0 flags: 11 size: 8202 dataOffset: 2
09-15 13:33:31.366 11458 11842 D OPENHU  : [80] Companion.decrypt | RECV: AUDIO Media Data type: 0 flags: 11 size: 8202 dataOffset: 2
09-15 13:33:31.408 11458 11842 D OPENHU  : [80] Companion.decrypt | RECV: AUDIO Media Data type: 0 flags: 11 size: 8202 dataOffset: 2
09-15 13:33:31.450 11458 11842 D OPENHU  : [80] Companion.decrypt | RECV: AUDIO Media Data type: 0 flags: 11 size: 8202 dataOffset: 2
09-15 13:33:31.493 11458 11842 D OPENHU  : [80] Companion.decrypt | RECV: AUDIO Media Data type: 0 flags: 11 size: 8202 dataOffset: 2
09-15 13:33:31.535 11458 11842 D OPENHU  : [80] Companion.decrypt | RECV: AUDIO Media Data type: 0 flags: 11 size: 8202 dataOffset: 2
09-15 13:33:31.578 11458 11842 D OPENHU  : [80] Companion.decrypt | RECV: AUDIO Media Data type: 0 flags: 11 size: 8202 dataOffset: 2
09-15 13:33:31.623 11458 11842 D OPENHU  : [80] Companion.decrypt | RECV: AUDIO Media Data type: 0 flags: 11 size: 8202 dataOffset: 2
09-15 13:33:31.671 11458 11842 D OPENHU  : [80] Companion.decrypt | RECV: AUDIO Media Data type: 0 flags: 11 size: 8202 dataOffset: 2
09-15 13:33:31.704 11458 11842 D OPENHU  : [80] Companion.decrypt | RECV: AUDIO Media Data type: 0 flags: 11 size: 8202 dataOffset: 2
09-15 13:33:31.749 11458 11842 D OPENHU  : [80] Companion.decrypt | RECV: AUDIO Media Data type: 0 flags: 11 size: 8202 dataOffset: 2
09-15 13:33:31.791 11458 11842 D OPENHU  : [80] Companion.decrypt | RECV: AUDIO Media Data type: 0 flags: 11 size: 8202 dataOffset: 2
09-15 13:33:31.826 11458 11842 D OPENHU  : [80] Companion.decrypt | RECV: MUSIC_PLAYBACK Media Playback Status type: 32769 flags: 11 size: 17 dataOffset: 2
09-15 13:33:31.828 11458 11842 D OPENHU  : [80] AapMediaPlayback.processStatusPacket | AapMediaPlayback: status mediaSource='VLC', playbackSeconds(u32)=29, state=PLAYING
09-15 13:33:31.836 11458 11842 D OPENHU  : [80] Companion.decrypt | RECV: AUDIO Media Data type: 0 flags: 11 size: 8202 dataOffset: 2
09-15 13:33:31.877 11458 11842 D OPENHU  : [80] Companion.decrypt | RECV: AUDIO Media Data type: 0 flags: 11 size: 8202 dataOffset: 2
09-15 13:33:31.920 11458 11842 D OPENHU  : [80] Companion.decrypt | RECV: AUDIO Media Data type: 0 flags: 11 size: 8202 dataOffset: 2
09-15 13:33:31.964 11458 11842 D OPENHU  : [80] Companion.decrypt | RECV: AUDIO Media Data type: 0 flags: 11 size: 8202 dataOffset: 2
09-15 13:33:31.996 11458 11458 V OPENHU  : [2] GpsLocation.onLocationChanged | GpsLocation: fix received
09-15 13:33:32.007 11458 11458 V OPENHU  : [2] AapTransport.send | SENSOR Sensor Event type: 32771 flags: 11 size: 46 dataOffset: 6
09-15 13:33:32.015 11458 11842 D OPENHU  : [80] Companion.decrypt | RECV: AUDIO Media Data type: 0 flags: 11 size: 8202 dataOffset: 2
09-15 13:33:32.031 11458 11842 D OPENHU  : [80] Companion.decrypt | RECV: CONTROL Ping Request type: 11 flags: 11 size: 12 dataOffset: 2
09-15 13:33:32.032 11458 11842 V OPENHU  : [80] AapTransport.send | CONTROL Ping Response type: 12 flags: 11 size: 14 dataOffset: 6
09-15 13:33:32.050 11458 11842 D OPENHU  : [80] Companion.decrypt | RECV: AUDIO Media Data type: 0 flags: 11 size: 8202 dataOffset: 2
09-15 13:33:32.093 11458 11842 D OPENHU  : [80] Companion.decrypt | RECV: AUDIO Media Data type: 0 flags: 11 size: 8202 dataOffset: 2
09-15 13:33:32.135 11458 11842 D OPENHU  : [80] Companion.decrypt | RECV: AUDIO Media Data type: 0 flags: 11 size: 8202 dataOffset: 2
09-15 13:33:32.176 11458 11842 D OPENHU  : [80] Companion.decrypt | RECV: AUDIO Media Data type: 0 flags: 11 size: 8202 dataOffset: 2
09-15 13:33:32.221 11458 11842 D OPENHU  : [80] Companion.decrypt | RECV: AUDIO Media Data type: 0 flags: 11 size: 8202 dataOffset: 2
09-15 13:33:32.263 11458 11842 D OPENHU  : [80] Companion.decrypt | RECV: AUDIO Media Data type: 0 flags: 11 size: 8202 dataOffset: 2
09-15 13:33:32.304 11458 11842 D OPENHU  : [80] Companion.decrypt | RECV: AUDIO Media Data type: 0 flags: 11 size: 8202 dataOffset: 2
09-15 13:33:32.347 11458 11842 D OPENHU  : [80] Companion.decrypt | RECV: AUDIO Media Data type: 0 flags: 11 size: 8202 dataOffset: 2
09-15 13:33:32.389 11458 11842 D OPENHU  : [80] Companion.decrypt | RECV: AUDIO Media Data type: 0 flags: 11 size: 8202 dataOffset: 2
09-15 13:33:32.431 11458 11842 D OPENHU  : [80] Companion.decrypt | RECV: AUDIO Media Data type: 0 flags: 11 size: 8202 dataOffset: 2
09-15 13:33:32.474 11458 11842 D OPENHU  : [80] Companion.decrypt | RECV: AUDIO Media Data type: 0 flags: 11 size: 8202 dataOffset: 2
09-15 13:33:32.517 11458 11842 D OPENHU  : [80] Companion.decrypt | RECV: AUDIO Media Data type: 0 flags: 11 size: 8202 dataOffset: 2
09-15 13:33:32.560 11458 11842 D OPENHU  : [80] Companion.decrypt | RECV: AUDIO Media Data type: 0 flags: 11 size: 8202 dataOffset: 2
09-15 13:33:32.602 11458 11842 D OPENHU  : [80] Companion.decrypt | RECV: AUDIO Media Data type: 0 flags: 11 size: 8202 dataOffset: 2
09-15 13:33:32.648 11458 11842 D OPENHU  : [80] Companion.decrypt | RECV: AUDIO Media Data type: 0 flags: 11 size: 8202 dataOffset: 2
09-15 13:33:32.688 11458 11842 D OPENHU  : [80] Companion.decrypt | RECV: AUDIO Media Data type: 0 flags: 11 size: 8202 dataOffset: 2
09-15 13:33:32.733 11458 11842 D OPENHU  : [80] Companion.decrypt | RECV: AUDIO Media Data type: 0 flags: 11 size: 8202 dataOffset: 2
09-15 13:33:32.775 11458 11842 D OPENHU  : [80] Companion.decrypt | RECV: AUDIO Media Data type: 0 flags: 11 size: 8202 dataOffset: 2
09-15 13:33:32.816 11458 11842 D OPENHU  : [80] Companion.decrypt | RECV: AUDIO Media Data type: 0 flags: 11 size: 8202 dataOffset: 2
09-15 13:33:32.829 11458 11842 D OPENHU  : [80] Companion.decrypt | RECV: MUSIC_PLAYBACK Media Playback Status type: 32769 flags: 11 size: 17 dataOffset: 2
09-15 13:33:32.830 11458 11842 D OPENHU  : [80] AapMediaPlayback.processStatusPacket | AapMediaPlayback: status mediaSource='VLC', playbackSeconds(u32)=30, state=PLAYING
09-15 13:33:32.859 11458 11842 D OPENHU  : [80] Companion.decrypt | RECV: AUDIO Media Data type: 0 flags: 11 size: 8202 dataOffset: 2
09-15 13:33:32.900 11458 11842 D OPENHU  : [80] Companion.decrypt | RECV: AUDIO Media Data type: 0 flags: 11 size: 8202 dataOffset: 2
09-15 13:33:32.909 11458 11870 I OPENHU  : [89] VideoDecoder.logThroughput | Throughput over 5007ms: rendered=136 (27fps), fed=135 (26fps), dropped=0, skipped=0, concealed=0, inputWait=58ms, enqueueWait=0ms, codec=c2.unisoc.avc.decoder, presented=136 (27fps), decodeLatency=9ms p95=12ms (136 frames)
09-15 13:33:32.923 11458 11458 I OPENHU  : [2] TextureProjectionView.onSurfaceTextureUpdated | TextureProjectionView: displayed 102 frames in 5000ms (20fps), longFrames=1
09-15 13:33:32.945 11458 11842 D OPENHU  : [80] Companion.decrypt | RECV: AUDIO Media Data type: 0 flags: 11 size: 8202 dataOffset: 2
09-15 13:33:32.986 11458 11842 D OPENHU  : [80] Companion.decrypt | RECV: AUDIO Media Data type: 0 flags: 11 size: 8202 dataOffset: 2
09-15 13:33:33.011 11458 11458 V OPENHU  : [2] GpsLocation.onLocationChanged | GpsLocation: fix received
09-15 13:33:33.019 11458 11458 V OPENHU  : [2] AapTransport.send | SENSOR Sensor Event type: 32771 flags: 11 size: 46 dataOffset: 6
09-15 13:33:33.027 11458 11842 D OPENHU  : [80] Companion.decrypt | RECV: CONTROL Ping Request type: 11 flags: 11 size: 12 dataOffset: 2
09-15 13:33:33.028 11458 11842 V OPENHU  : [80] AapTransport.send | CONTROL Ping Response type: 12 flags: 11 size: 14 dataOffset: 6
09-15 13:33:33.030 11458 11842 D OPENHU  : [80] Companion.decrypt | RECV: AUDIO Media Data type: 0 flags: 11 size: 8202 dataOffset: 2
09-15 13:33:33.071 11458 11842 D OPENHU  : [80] Companion.decrypt | RECV: AUDIO Media Data type: 0 flags: 11 size: 8202 dataOffset: 2
09-15 13:33:33.114 11458 11842 D OPENHU  : [80] Companion.decrypt | RECV: AUDIO Media Data type: 0 flags: 11 size: 8202 dataOffset: 2
09-15 13:33:33.157 11458 11842 D OPENHU  : [80] Companion.decrypt | RECV: AUDIO Media Data type: 0 flags: 11 size: 8202 dataOffset: 2
09-15 13:33:33.199 11458 11842 D OPENHU  : [80] Companion.decrypt | RECV: AUDIO Media Data type: 0 flags: 11 size: 8202 dataOffset: 2
09-15 13:33:33.243 11458 11842 D OPENHU  : [80] Companion.decrypt | RECV: AUDIO Media Data type: 0 flags: 11 size: 8202 dataOffset: 2
09-15 13:33:33.287 11458 11842 D OPENHU  : [80] Companion.decrypt | RECV: AUDIO Media Data type: 0 flags: 11 size: 8202 dataOffset: 2
09-15 13:33:33.331 11458 11842 D OPENHU  : [80] Companion.decrypt | RECV: AUDIO Media Data type: 0 flags: 11 size: 8202 dataOffset: 2
09-15 13:33:33.371 11458 11842 D OPENHU  : [80] Companion.decrypt | RECV: AUDIO Media Data type: 0 flags: 11 size: 8202 dataOffset: 2
09-15 13:33:33.415 11458 11842 D OPENHU  : [80] Companion.decrypt | RECV: AUDIO Media Data type: 0 flags: 11 size: 8202 dataOffset: 2
09-15 13:33:33.456 11458 11842 D OPENHU  : [80] Companion.decrypt | RECV: AUDIO Media Data type: 0 flags: 11 size: 8202 dataOffset: 2
09-15 13:33:33.498 11458 11842 D OPENHU  : [80] Companion.decrypt | RECV: AUDIO Media Data type: 0 flags: 11 size: 8202 dataOffset: 2
09-15 13:33:33.540 11458 11842 D OPENHU  : [80] Companion.decrypt | RECV: AUDIO Media Data type: 0 flags: 11 size: 8202 dataOffset: 2
09-15 13:33:33.583 11458 11842 D OPENHU  : [80] Companion.decrypt | RECV: AUDIO Media Data type: 0 flags: 11 size: 8202 dataOffset: 2
09-15 13:33:33.626 11458 11842 D OPENHU  : [80] Companion.decrypt | RECV: AUDIO Media Data type: 0 flags: 11 size: 8202 dataOffset: 2
09-15 13:33:33.670 11458 11842 D OPENHU  : [80] Companion.decrypt | RECV: AUDIO Media Data type: 0 flags: 11 size: 8202 dataOffset: 2
09-15 13:33:33.713 11458 11842 D OPENHU  : [80] Companion.decrypt | RECV: AUDIO Media Data type: 0 flags: 11 size: 8202 dataOffset: 2
09-15 13:33:33.756 11458 11842 D OPENHU  : [80] Companion.decrypt | RECV: AUDIO Media Data type: 0 flags: 11 size: 8202 dataOffset: 2
09-15 13:33:33.799 11458 11842 D OPENHU  : [80] Companion.decrypt | RECV: AUDIO Media Data type: 0 flags: 11 size: 8202 dataOffset: 2
09-15 13:33:33.831 11458 11842 D OPENHU  : [80] Companion.decrypt | RECV: MUSIC_PLAYBACK Media Playback Status type: 32769 flags: 11 size: 17 dataOffset: 2
09-15 13:33:33.833 11458 11842 D OPENHU  : [80] AapMediaPlayback.processStatusPacket | AapMediaPlayback: status mediaSource='VLC', playbackSeconds(u32)=31, state=PLAYING
09-15 13:33:33.841 11458 11842 D OPENHU  : [80] Companion.decrypt | RECV: AUDIO Media Data type: 0 flags: 11 size: 8202 dataOffset: 2
09-15 13:33:33.888 11458 11842 D OPENHU  : [80] Companion.decrypt | RECV: AUDIO Media Data type: 0 flags: 11 size: 8202 dataOffset: 2
09-15 13:33:33.927 11458 11842 D OPENHU  : [80] Companion.decrypt | RECV: AUDIO Media Data type: 0 flags: 11 size: 8202 dataOffset: 2
09-15 13:33:33.967 11458 11842 D OPENHU  : [80] Companion.decrypt | RECV: AUDIO Media Data type: 0 flags: 11 size: 8202 dataOffset: 2
09-15 13:33:33.995 11458 11458 V OPENHU  : [2] GpsLocation.onLocationChanged | GpsLocation: fix received
09-15 13:33:34.007 11458 11458 V OPENHU  : [2] AapTransport.send | SENSOR Sensor Event type: 32771 flags: 11 size: 46 dataOffset: 6
09-15 13:33:34.013 11458 11842 D OPENHU  : [80] Companion.decrypt | RECV: AUDIO Media Data type: 0 flags: 11 size: 8202 dataOffset: 2
09-15 13:33:34.028 11458 11842 D OPENHU  : [80] Companion.decrypt | RECV: CONTROL Ping Request type: 11 flags: 11 size: 12 dataOffset: 2
09-15 13:33:34.029 11458 11842 V OPENHU  : [80] AapTransport.send | CONTROL Ping Response type: 12 flags: 11 size: 14 dataOffset: 6
09-15 13:33:34.052 11458 11842 D OPENHU  : [80] Companion.decrypt | RECV: AUDIO Media Data type: 0 flags: 11 size: 8202 dataOffset: 2
09-15 13:33:34.094 11458 11842 D OPENHU  : [80] Companion.decrypt | RECV: AUDIO Media Data type: 0 flags: 11 size: 8202 dataOffset: 2
09-15 13:33:34.138 11458 11842 D OPENHU  : [80] Companion.decrypt | RECV: AUDIO Media Data type: 0 flags: 11 size: 8202 dataOffset: 2
09-15 13:33:34.180 11458 11842 D OPENHU  : [80] Companion.decrypt | RECV: AUDIO Media Data type: 0 flags: 11 size: 8202 dataOffset: 2
09-15 13:33:34.229 11458 11842 D OPENHU  : [80] Companion.decrypt | RECV: AUDIO Media Data type: 0 flags: 11 size: 8202 dataOffset: 2
09-15 13:33:34.267 11458 11842 D OPENHU  : [80] Companion.decrypt | RECV: AUDIO Media Data type: 0 flags: 11 size: 8202 dataOffset: 2
09-15 13:33:34.310 11458 11842 D OPENHU  : [80] Companion.decrypt | RECV: AUDIO Media Data type: 0 flags: 11 size: 8202 dataOffset: 2
09-15 13:33:34.350 11458 11842 D OPENHU  : [80] Companion.decrypt | RECV: AUDIO Media Data type: 0 flags: 11 size: 8202 dataOffset: 2
09-15 13:33:34.393 11458 11842 D OPENHU  : [80] Companion.decrypt | RECV: AUDIO Media Data type: 0 flags: 11 size: 8202 dataOffset: 2
09-15 13:33:34.436 11458 11842 D OPENHU  : [80] Companion.decrypt | RECV: AUDIO Media Data type: 0 flags: 11 size: 8202 dataOffset: 2
09-15 13:33:34.478 11458 11842 D OPENHU  : [80] Companion.decrypt | RECV: AUDIO Media Data type: 0 flags: 11 size: 8202 dataOffset: 2
09-15 13:33:34.523 11458 11842 D OPENHU  : [80] Companion.decrypt | RECV: AUDIO Media Data type: 0 flags: 11 size: 8202 dataOffset: 2
09-15 13:33:34.566 11458 11842 D OPENHU  : [80] Companion.decrypt | RECV: AUDIO Media Data type: 0 flags: 11 size: 8202 dataOffset: 2
09-15 13:33:34.609 11458 11842 D OPENHU  : [80] Companion.decrypt | RECV: AUDIO Media Data type: 0 flags: 11 size: 8202 dataOffset: 2
09-15 13:33:34.651 11458 11842 D OPENHU  : [80] Companion.decrypt | RECV: AUDIO Media Data type: 0 flags: 11 size: 8202 dataOffset: 2
09-15 13:33:34.695 11458 11842 D OPENHU  : [80] Companion.decrypt | RECV: AUDIO Media Data type: 0 flags: 11 size: 8202 dataOffset: 2
09-15 13:33:34.735 11458 11842 D OPENHU  : [80] Companion.decrypt | RECV: AUDIO Media Data type: 0 flags: 11 size: 8202 dataOffset: 2
09-15 13:33:34.778 11458 11842 D OPENHU  : [80] Companion.decrypt | RECV: AUDIO Media Data type: 0 flags: 11 size: 8202 dataOffset: 2
09-15 13:33:34.821 11458 11842 D OPENHU  : [80] Companion.decrypt | RECV: AUDIO Media Data type: 0 flags: 11 size: 8202 dataOffset: 2
09-15 13:33:34.834 11458 11842 D OPENHU  : [80] Companion.decrypt | RECV: MUSIC_PLAYBACK Media Playback Status type: 32769 flags: 11 size: 17 dataOffset: 2
09-15 13:33:34.835 11458 11842 D OPENHU  : [80] AapMediaPlayback.processStatusPacket | AapMediaPlayback: status mediaSource='VLC', playbackSeconds(u32)=32, state=PLAYING
09-15 13:33:34.863 11458 11842 D OPENHU  : [80] Companion.decrypt | RECV: AUDIO Media Data type: 0 flags: 11 size: 8202 dataOffset: 2
09-15 13:33:34.908 11458 11842 D OPENHU  : [80] Companion.decrypt | RECV: AUDIO Media Data type: 0 flags: 11 size: 8202 dataOffset: 2
09-15 13:33:34.949 11458 11842 D OPENHU  : [80] Companion.decrypt | RECV: AUDIO Media Data type: 0 flags: 11 size: 8202 dataOffset: 2
09-15 13:33:34.994 11458 11842 D OPENHU  : [80] Companion.decrypt | RECV: AUDIO Media Data type: 0 flags: 11 size: 8202 dataOffset: 2
09-15 13:33:35.029 11458 11458 V OPENHU  : [2] GpsLocation.onLocationChanged | GpsLocation: fix received
09-15 13:33:35.033 11458 11842 D OPENHU  : [80] Companion.decrypt | RECV: CONTROL Ping Request type: 11 flags: 11 size: 12 dataOffset: 2
09-15 13:33:35.034 11458 11842 V OPENHU  : [80] AapTransport.send | CONTROL Ping Response type: 12 flags: 11 size: 14 dataOffset: 6
09-15 13:33:35.037 11458 11842 D OPENHU  : [80] Companion.decrypt | RECV: AUDIO Media Data type: 0 flags: 11 size: 8202 dataOffset: 2
09-15 13:33:35.039 11458 11458 V OPENHU  : [2] AapTransport.send | SENSOR Sensor Event type: 32771 flags: 11 size: 46 dataOffset: 6
09-15 13:33:35.078 11458 11842 D OPENHU  : [80] Companion.decrypt | RECV: AUDIO Media Data type: 0 flags: 11 size: 8202 dataOffset: 2
09-15 13:33:35.120 11458 11842 D OPENHU  : [80] Companion.decrypt | RECV: AUDIO Media Data type: 0 flags: 11 size: 8202 dataOffset: 2
09-15 13:33:35.162 11458 11842 D OPENHU  : [80] Companion.decrypt | RECV: AUDIO Media Data type: 0 flags: 11 size: 8202 dataOffset: 2
09-15 13:33:35.205 11458 11842 D OPENHU  : [80] Companion.decrypt | RECV: AUDIO Media Data type: 0 flags: 11 size: 8202 dataOffset: 2
09-15 13:33:35.247 11458 11842 D OPENHU  : [80] Companion.decrypt | RECV: AUDIO Media Data type: 0 flags: 11 size: 8202 dataOffset: 2
09-15 13:33:35.291 11458 11842 D OPENHU  : [80] Companion.decrypt | RECV: AUDIO Media Data type: 0 flags: 11 size: 8202 dataOffset: 2
09-15 13:33:35.334 11458 11842 D OPENHU  : [80] Companion.decrypt | RECV: AUDIO Media Data type: 0 flags: 11 size: 8202 dataOffset: 2
09-15 13:33:35.375 11458 11842 D OPENHU  : [80] Companion.decrypt | RECV: AUDIO Media Data type: 0 flags: 11 size: 8202 dataOffset: 2
09-15 13:33:35.420 11458 11842 D OPENHU  : [80] Companion.decrypt | RECV: AUDIO Media Data type: 0 flags: 11 size: 8202 dataOffset: 2
09-15 13:33:35.460 11458 11842 D OPENHU  : [80] Companion.decrypt | RECV: AUDIO Media Data type: 0 flags: 11 size: 8202 dataOffset: 2
09-15 13:33:35.503 11458 11842 D OPENHU  : [80] Companion.decrypt | RECV: AUDIO Media Data type: 0 flags: 11 size: 8202 dataOffset: 2
09-15 13:33:35.547 11458 11842 D OPENHU  : [80] Companion.decrypt | RECV: AUDIO Media Data type: 0 flags: 11 size: 8202 dataOffset: 2
09-15 13:33:35.588 11458 11842 D OPENHU  : [80] Companion.decrypt | RECV: AUDIO Media Data type: 0 flags: 11 size: 8202 dataOffset: 2
09-15 13:33:35.635 11458 11842 D OPENHU  : [80] Companion.decrypt | RECV: AUDIO Media Data type: 0 flags: 11 size: 8202 dataOffset: 2
09-15 13:33:35.674 11458 11842 D OPENHU  : [80] Companion.decrypt | RECV: AUDIO Media Data type: 0 flags: 11 size: 8202 dataOffset: 2
09-15 13:33:35.716 11458 11842 D OPENHU  : [80] Companion.decrypt | RECV: AUDIO Media Data type: 0 flags: 11 size: 8202 dataOffset: 2
09-15 13:33:35.759 11458 11842 D OPENHU  : [80] Companion.decrypt | RECV: AUDIO Media Data type: 0 flags: 11 size: 8202 dataOffset: 2
09-15 13:33:35.803 11458 11842 D OPENHU  : [80] Companion.decrypt | RECV: AUDIO Media Data type: 0 flags: 11 size: 8202 dataOffset: 2
09-15 13:33:35.843 11458 11842 D OPENHU  : [80] Companion.decrypt | RECV: MUSIC_PLAYBACK Media Playback Status type: 32769 flags: 11 size: 17 dataOffset: 2
09-15 13:33:35.844 11458 11842 D OPENHU  : [80] AapMediaPlayback.processStatusPacket | AapMediaPlayback: status mediaSource='VLC', playbackSeconds(u32)=33, state=PLAYING
09-15 13:33:35.847 11458 11842 D OPENHU  : [80] Companion.decrypt | RECV: AUDIO Media Data type: 0 flags: 11 size: 8202 dataOffset: 2
09-15 13:33:35.889 11458 11842 D OPENHU  : [80] Companion.decrypt | RECV: AUDIO Media Data type: 0 flags: 11 size: 8202 dataOffset: 2
09-15 13:33:35.930 11458 11842 D OPENHU  : [80] Companion.decrypt | RECV: AUDIO Media Data type: 0 flags: 11 size: 8202 dataOffset: 2
09-15 13:33:35.973 11458 11842 D OPENHU  : [80] Companion.decrypt | RECV: AUDIO Media Data type: 0 flags: 11 size: 8202 dataOffset: 2
09-15 13:33:35.995 11458 11458 V OPENHU  : [2] GpsLocation.onLocationChanged | GpsLocation: fix received
09-15 13:33:36.007 11458 11458 V OPENHU  : [2] AapTransport.send | SENSOR Sensor Event type: 32771 flags: 11 size: 46 dataOffset: 6
09-15 13:33:36.015 11458 11842 D OPENHU  : [80] Companion.decrypt | RECV: AUDIO Media Data type: 0 flags: 11 size: 8202 dataOffset: 2
09-15 13:33:36.031 11458 11842 D OPENHU  : [80] Companion.decrypt | RECV: CONTROL Ping Request type: 11 flags: 11 size: 12 dataOffset: 2
09-15 13:33:36.032 11458 11842 V OPENHU  : [80] AapTransport.send | CONTROL Ping Response type: 12 flags: 11 size: 14 dataOffset: 6
09-15 13:33:36.058 11458 11842 D OPENHU  : [80] Companion.decrypt | RECV: AUDIO Media Data type: 0 flags: 11 size: 8202 dataOffset: 2
09-15 13:33:36.103 11458 11842 D OPENHU  : [80] Companion.decrypt | RECV: AUDIO Media Data type: 0 flags: 11 size: 8202 dataOffset: 2
09-15 13:33:36.145 11458 11842 D OPENHU  : [80] Companion.decrypt | RECV: AUDIO Media Data type: 0 flags: 11 size: 8202 dataOffset: 2
09-15 13:33:36.188 11458 11842 D OPENHU  : [80] Companion.decrypt | RECV: AUDIO Media Data type: 0 flags: 11 size: 8202 dataOffset: 2
09-15 13:33:36.229 11458 11842 D OPENHU  : [80] Companion.decrypt | RECV: AUDIO Media Data type: 0 flags: 11 size: 8202 dataOffset: 2
09-15 13:33:36.272 11458 11842 D OPENHU  : [80] Companion.decrypt | RECV: AUDIO Media Data type: 0 flags: 11 size: 8202 dataOffset: 2
09-15 13:33:36.315 11458 11842 D OPENHU  : [80] Companion.decrypt | RECV: AUDIO Media Data type: 0 flags: 11 size: 8202 dataOffset: 2
09-15 13:33:36.358 11458 11842 D OPENHU  : [80] Companion.decrypt | RECV: AUDIO Media Data type: 0 flags: 11 size: 8202 dataOffset: 2
09-15 13:33:36.400 11458 11842 D OPENHU  : [80] Companion.decrypt | RECV: AUDIO Media Data type: 0 flags: 11 size: 8202 dataOffset: 2
09-15 13:33:36.442 11458 11842 D OPENHU  : [80] Companion.decrypt | RECV: AUDIO Media Data type: 0 flags: 11 size: 8202 dataOffset: 2
09-15 13:33:36.488 11458 11842 D OPENHU  : [80] Companion.decrypt | RECV: AUDIO Media Data type: 0 flags: 11 size: 8202 dataOffset: 2
09-15 13:33:36.529 11458 11842 D OPENHU  : [80] Companion.decrypt | RECV: AUDIO Media Data type: 0 flags: 11 size: 8202 dataOffset: 2
09-15 13:33:36.572 11458 11842 D OPENHU  : [80] Companion.decrypt | RECV: AUDIO Media Data type: 0 flags: 11 size: 8202 dataOffset: 2
09-15 13:33:36.613 11458 11842 D OPENHU  : [80] Companion.decrypt | RECV: AUDIO Media Data type: 0 flags: 11 size: 8202 dataOffset: 2
09-15 13:33:36.655 11458 11842 D OPENHU  : [80] Companion.decrypt | RECV: AUDIO Media Data type: 0 flags: 11 size: 8202 dataOffset: 2
09-15 13:33:36.697 11458 11842 D OPENHU  : [80] Companion.decrypt | RECV: AUDIO Media Data type: 0 flags: 11 size: 8202 dataOffset: 2
09-15 13:33:36.740 11458 11842 D OPENHU  : [80] Companion.decrypt | RECV: AUDIO Media Data type: 0 flags: 11 size: 8202 dataOffset: 2
09-15 13:33:36.765 11458 11842 I OPENHU  : [80] AapTransport.noteMessageReceived$com_andrerinas_headunitrevived_3_4_0_beta3_githubDebug | AapTransport: inbound rate over 30018ms: video=36kB/s (901 msgs), audio=187kB/s (704 msgs), other=0kB/s (59 msgs)
09-15 13:33:36.783 11458 11842 D OPENHU  : [80] Companion.decrypt | RECV: AUDIO Media Data type: 0 flags: 11 size: 8202 dataOffset: 2
09-15 13:33:36.799 11458 11842 I OPENHU  : [80] AapMessageHandlerType.handle | AapTransport: transport dispatch over 30009ms: video=980ms, audio=881ms, other=69ms, unread=6%, blocks=0, longest=3ms on AUDIO, videoQueue=1
09-15 13:33:36.826 11458 11842 D OPENHU  : [80] Companion.decrypt | RECV: AUDIO Media Data type: 0 flags: 11 size: 8202 dataOffset: 2
09-15 13:33:36.842 11458 11842 D OPENHU  : [80] Companion.decrypt | RECV: MUSIC_PLAYBACK Media Playback Status type: 32769 flags: 11 size: 17 dataOffset: 2
09-15 13:33:36.843 11458 11842 D OPENHU  : [80] AapMediaPlayback.processStatusPacket | AapMediaPlayback: status mediaSource='VLC', playbackSeconds(u32)=34, state=PLAYING
09-15 13:33:36.868 11458 11842 D OPENHU  : [80] Companion.decrypt | RECV: AUDIO Media Data type: 0 flags: 11 size: 8202 dataOffset: 2
09-15 13:33:36.912 11458 11842 D OPENHU  : [80] Companion.decrypt | RECV: AUDIO Media Data type: 0 flags: 11 size: 8202 dataOffset: 2
09-15 13:33:36.954 11458 11842 D OPENHU  : [80] Companion.decrypt | RECV: AUDIO Media Data type: 0 flags: 11 size: 8202 dataOffset: 2
09-15 13:33:36.997 11458 11842 D OPENHU  : [80] Companion.decrypt | RECV: AUDIO Media Data type: 0 flags: 11 size: 8202 dataOffset: 2
09-15 13:33:37.008 11458 11458 V OPENHU  : [2] GpsLocation.onLocationChanged | GpsLocation: fix received
09-15 13:33:37.017 11458 11458 V OPENHU  : [2] AapTransport.send | SENSOR Sensor Event type: 32771 flags: 11 size: 46 dataOffset: 6
09-15 13:33:37.031 11458 11842 D OPENHU  : [80] Companion.decrypt | RECV: CONTROL Ping Request type: 11 flags: 11 size: 12 dataOffset: 2
09-15 13:33:37.032 11458 11842 V OPENHU  : [80] AapTransport.send | CONTROL Ping Response type: 12 flags: 11 size: 14 dataOffset: 6
09-15 13:33:37.038 11458 11842 D OPENHU  : [80] Companion.decrypt | RECV: AUDIO Media Data type: 0 flags: 11 size: 8202 dataOffset: 2
09-15 13:33:37.086 11458 11842 D OPENHU  : [80] Companion.decrypt | RECV: AUDIO Media Data type: 0 flags: 11 size: 8202 dataOffset: 2
09-15 13:33:37.127 11458 11842 D OPENHU  : [80] Companion.decrypt | RECV: AUDIO Media Data type: 0 flags: 11 size: 8202 dataOffset: 2
09-15 13:33:37.169 11458 11842 D OPENHU  : [80] Companion.decrypt | RECV: AUDIO Media Data type: 0 flags: 11 size: 8202 dataOffset: 2
09-15 13:33:37.213 11458 11842 D OPENHU  : [80] Companion.decrypt | RECV: AUDIO Media Data type: 0 flags: 11 size: 8202 dataOffset: 2
09-15 13:33:37.255 11458 11842 D OPENHU  : [80] Companion.decrypt | RECV: AUDIO Media Data type: 0 flags: 11 size: 8202 dataOffset: 2
09-15 13:33:37.296 11458 11842 D OPENHU  : [80] Companion.decrypt | RECV: AUDIO Media Data type: 0 flags: 11 size: 8202 dataOffset: 2
09-15 13:33:37.339 11458 11842 D OPENHU  : [80] Companion.decrypt | RECV: AUDIO Media Data type: 0 flags: 11 size: 8202 dataOffset: 2
09-15 13:33:37.381 11458 11842 D OPENHU  : [80] Companion.decrypt | RECV: AUDIO Media Data type: 0 flags: 11 size: 8202 dataOffset: 2
09-15 13:33:37.423 11458 11842 D OPENHU  : [80] Companion.decrypt | RECV: AUDIO Media Data type: 0 flags: 11 size: 8202 dataOffset: 2
09-15 13:33:37.467 11458 11842 D OPENHU  : [80] Companion.decrypt | RECV: AUDIO Media Data type: 0 flags: 11 size: 8202 dataOffset: 2
09-15 13:33:37.472 11458 11849 I OPENHU  : [81] AudioTrackWrapper.sampleHealth | audio sink AUDIO2 over 30098ms: underruns=0, silentCycles=0, rebanks=0, dropped=0, droppedFrames=0, shed=0, depth=0ms (min 0ms), queued=0, capacity=6400 frames (400ms), effective=6400 frames (400ms), target=1601 frames (100ms), drift=0ms
09-15 13:33:37.499 11458 11851 I OPENHU  : [83] AudioTrackWrapper.sampleHealth | audio sink AUDIO1 over 30100ms: underruns=0, silentCycles=0, rebanks=0, dropped=0, droppedFrames=0, shed=0, depth=0ms (min 0ms), queued=0, capacity=6400 frames (400ms), effective=6400 frames (400ms), target=1601 frames (100ms), drift=0ms
09-15 13:33:37.509 11458 11842 D OPENHU  : [80] Companion.decrypt | RECV: AUDIO Media Data type: 0 flags: 11 size: 8202 dataOffset: 2
09-15 13:33:37.551 11458 11842 D OPENHU  : [80] Companion.decrypt | RECV: AUDIO Media Data type: 0 flags: 11 size: 8202 dataOffset: 2
09-15 13:33:37.568 11458 11853 I OPENHU  : [85] AudioTrackWrapper.sampleHealth | audio sink AUDIO over 30079ms: underruns=0, silentCycles=0, rebanks=0, dropped=0, droppedFrames=0, shed=0, depth=226ms (min 206ms), queued=3, capacity=19200 frames (400ms), effective=19200 frames (400ms), target=6849 frames (142ms), drift=0ms
09-15 13:33:37.595 11458 11842 D OPENHU  : [80] Companion.decrypt | RECV: AUDIO Media Data type: 0 flags: 11 size: 8202 dataOffset: 2
09-15 13:33:37.637 11458 11842 D OPENHU  : [80] Companion.decrypt | RECV: AUDIO Media Data type: 0 flags: 11 size: 8202 dataOffset: 2
09-15 13:33:37.681 11458 11842 D OPENHU  : [80] Companion.decrypt | RECV: AUDIO Media Data type: 0 flags: 11 size: 8202 dataOffset: 2
09-15 13:33:37.725 11458 11842 D OPENHU  : [80] Companion.decrypt | RECV: AUDIO Media Data type: 0 flags: 11 size: 8202 dataOffset: 2
09-15 13:33:37.768 11458 11842 D OPENHU  : [80] Companion.decrypt | RECV: AUDIO Media Data type: 0 flags: 11 size: 8202 dataOffset: 2
09-15 13:33:37.808 11458 11842 D OPENHU  : [80] Companion.decrypt | RECV: AUDIO Media Data type: 0 flags: 11 size: 8202 dataOffset: 2
09-15 13:33:37.843 11458 11842 D OPENHU  : [80] Companion.decrypt | RECV: MUSIC_PLAYBACK Media Playback Status type: 32769 flags: 11 size: 17 dataOffset: 2
09-15 13:33:37.844 11458 11842 D OPENHU  : [80] AapMediaPlayback.processStatusPacket | AapMediaPlayback: status mediaSource='VLC', playbackSeconds(u32)=35, state=PLAYING
09-15 13:33:37.849 11458 11842 D OPENHU  : [80] Companion.decrypt | RECV: AUDIO Media Data type: 0 flags: 11 size: 8202 dataOffset: 2
09-15 13:33:37.893 11458 11842 D OPENHU  : [80] Companion.decrypt | RECV: AUDIO Media Data type: 0 flags: 11 size: 8202 dataOffset: 2
09-15 13:33:37.911 11458 11870 I OPENHU  : [89] VideoDecoder.logThroughput | Throughput over 5002ms: rendered=138 (27fps), fed=138 (27fps), dropped=0, skipped=0, concealed=0, inputWait=54ms, enqueueWait=0ms, codec=c2.unisoc.avc.decoder, presented=138 (27fps), decodeLatency=9ms p95=12ms (138 frames)
09-15 13:33:37.923 11458 11458 I OPENHU  : [2] TextureProjectionView.onSurfaceTextureUpdated | TextureProjectionView: displayed 115 frames in 5001ms (22fps), longFrames=1
09-15 13:33:37.936 11458 11842 D OPENHU  : [80] Companion.decrypt | RECV: AUDIO Media Data type: 0 flags: 11 size: 8202 dataOffset: 2
09-15 13:33:37.978 11458 11842 D OPENHU  : [80] Companion.decrypt | RECV: AUDIO Media Data type: 0 flags: 11 size: 8202 dataOffset: 2
09-15 13:33:37.995 11458 11458 V OPENHU  : [2] GpsLocation.onLocationChanged | GpsLocation: fix received
09-15 13:33:38.004 11458 11458 V OPENHU  : [2] AapTransport.send | SENSOR Sensor Event type: 32771 flags: 11 size: 46 dataOffset: 6
09-15 13:33:38.020 11458 11842 D OPENHU  : [80] Companion.decrypt | RECV: AUDIO Media Data type: 0 flags: 11 size: 8202 dataOffset: 2
09-15 13:33:38.033 11458 11842 D OPENHU  : [80] Companion.decrypt | RECV: CONTROL Ping Request type: 11 flags: 11 size: 12 dataOffset: 2
09-15 13:33:38.034 11458 11842 V OPENHU  : [80] AapTransport.send | CONTROL Ping Response type: 12 flags: 11 size: 14 dataOffset: 6
09-15 13:33:38.064 11458 11842 D OPENHU  : [80] Companion.decrypt | RECV: AUDIO Media Data type: 0 flags: 11 size: 8202 dataOffset: 2
09-15 13:33:38.106 11458 11842 D OPENHU  : [80] Companion.decrypt | RECV: AUDIO Media Data type: 0 flags: 11 size: 8202 dataOffset: 2
09-15 13:33:38.150 11458 11842 D OPENHU  : [80] Companion.decrypt | RECV: AUDIO Media Data type: 0 flags: 11 size: 8202 dataOffset: 2
09-15 13:33:38.193 11458 11842 D OPENHU  : [80] Companion.decrypt | RECV: AUDIO Media Data type: 0 flags: 11 size: 8202 dataOffset: 2
09-15 13:33:38.236 11458 11842 D OPENHU  : [80] Companion.decrypt | RECV: AUDIO Media Data type: 0 flags: 11 size: 8202 dataOffset: 2
09-15 13:33:38.280 11458 11842 D OPENHU  : [80] Companion.decrypt | RECV: AUDIO Media Data type: 0 flags: 11 size: 8202 dataOffset: 2
09-15 13:33:38.323 11458 11842 D OPENHU  : [80] Companion.decrypt | RECV: AUDIO Media Data type: 0 flags: 11 size: 8202 dataOffset: 2
09-15 13:33:38.365 11458 11842 D OPENHU  : [80] Companion.decrypt | RECV: AUDIO Media Data type: 0 flags: 11 size: 8202 dataOffset: 2
09-15 13:33:38.407 11458 11842 D OPENHU  : [80] Companion.decrypt | RECV: AUDIO Media Data type: 0 flags: 11 size: 8202 dataOffset: 2
09-15 13:33:38.455 11458 11842 D OPENHU  : [80] Companion.decrypt | RECV: AUDIO Media Data type: 0 flags: 11 size: 8202 dataOffset: 2
09-15 13:33:38.491 11458 11842 D OPENHU  : [80] Companion.decrypt | RECV: AUDIO Media Data type: 0 flags: 11 size: 8202 dataOffset: 2
09-15 13:33:38.532 11458 11842 D OPENHU  : [80] Companion.decrypt | RECV: AUDIO Media Data type: 0 flags: 11 size: 8202 dataOffset: 2
09-15 13:33:38.576 11458 11842 D OPENHU  : [80] Companion.decrypt | RECV: AUDIO Media Data type: 0 flags: 11 size: 8202 dataOffset: 2
09-15 13:33:38.619 11458 11842 D OPENHU  : [80] Companion.decrypt | RECV: AUDIO Media Data type: 0 flags: 11 size: 8202 dataOffset: 2
09-15 13:33:38.663 11458 11842 D OPENHU  : [80] Companion.decrypt | RECV: AUDIO Media Data type: 0 flags: 11 size: 8202 dataOffset: 2
09-15 13:33:38.705 11458 11842 D OPENHU  : [80] Companion.decrypt | RECV: AUDIO Media Data type: 0 flags: 11 size: 8202 dataOffset: 2
09-15 13:33:38.748 11458 11842 D OPENHU  : [80] Companion.decrypt | RECV: AUDIO Media Data type: 0 flags: 11 size: 8202 dataOffset: 2
09-15 13:33:38.791 11458 11842 D OPENHU  : [80] Companion.decrypt | RECV: AUDIO Media Data type: 0 flags: 11 size: 8202 dataOffset: 2
09-15 13:33:38.832 11458 11842 D OPENHU  : [80] Companion.decrypt | RECV: AUDIO Media Data type: 0 flags: 11 size: 8202 dataOffset: 2
09-15 13:33:38.849 11458 11842 D OPENHU  : [80] Companion.decrypt | RECV: MUSIC_PLAYBACK Media Playback Status type: 32769 flags: 11 size: 17 dataOffset: 2
09-15 13:33:38.851 11458 11842 D OPENHU  : [80] AapMediaPlayback.processStatusPacket | AapMediaPlayback: status mediaSource='VLC', playbackSeconds(u32)=36, state=PLAYING
09-15 13:33:38.876 11458 11842 D OPENHU  : [80] Companion.decrypt | RECV: AUDIO Media Data type: 0 flags: 11 size: 8202 dataOffset: 2
09-15 13:33:38.918 11458 11842 D OPENHU  : [80] Companion.decrypt | RECV: AUDIO Media Data type: 0 flags: 11 size: 8202 dataOffset: 2
09-15 13:33:38.960 11458 11842 D OPENHU  : [80] Companion.decrypt | RECV: AUDIO Media Data type: 0 flags: 11 size: 8202 dataOffset: 2
09-15 13:33:39.004 11458 11842 D OPENHU  : [80] Companion.decrypt | RECV: AUDIO Media Data type: 0 flags: 11 size: 8202 dataOffset: 2
09-15 13:33:39.017 11458 11458 V OPENHU  : [2] GpsLocation.onLocationChanged | GpsLocation: fix received
09-15 13:33:39.033 11458 11842 D OPENHU  : [80] Companion.decrypt | RECV: CONTROL Ping Request type: 11 flags: 11 size: 12 dataOffset: 2
09-15 13:33:39.033 11458 11458 V OPENHU  : [2] AapTransport.send | SENSOR Sensor Event type: 32771 flags: 11 size: 46 dataOffset: 6
09-15 13:33:39.034 11458 11842 V OPENHU  : [80] AapTransport.send | CONTROL Ping Response type: 12 flags: 11 size: 14 dataOffset: 6
09-15 13:33:39.045 11458 11842 D OPENHU  : [80] Companion.decrypt | RECV: AUDIO Media Data type: 0 flags: 11 size: 8202 dataOffset: 2
09-15 13:33:39.088 11458 11842 D OPENHU  : [80] Companion.decrypt | RECV: AUDIO Media Data type: 0 flags: 11 size: 8202 dataOffset: 2
09-15 13:33:39.131 11458 11842 D OPENHU  : [80] Companion.decrypt | RECV: AUDIO Media Data type: 0 flags: 11 size: 8202 dataOffset: 2
09-15 13:33:39.172 11458 11842 D OPENHU  : [80] Companion.decrypt | RECV: AUDIO Media Data type: 0 flags: 11 size: 8202 dataOffset: 2
09-15 13:33:39.214 11458 11842 D OPENHU  : [80] Companion.decrypt | RECV: AUDIO Media Data type: 0 flags: 11 size: 8202 dataOffset: 2
09-15 13:33:39.258 11458 11842 D OPENHU  : [80] Companion.decrypt | RECV: AUDIO Media Data type: 0 flags: 11 size: 8202 dataOffset: 2
09-15 13:33:39.300 11458 11842 D OPENHU  : [80] Companion.decrypt | RECV: AUDIO Media Data type: 0 flags: 11 size: 8202 dataOffset: 2
09-15 13:33:39.343 11458 11842 D OPENHU  : [80] Companion.decrypt | RECV: AUDIO Media Data type: 0 flags: 11 size: 8202 dataOffset: 2
09-15 13:33:39.385 11458 11842 D OPENHU  : [80] Companion.decrypt | RECV: AUDIO Media Data type: 0 flags: 11 size: 8202 dataOffset: 2
09-15 13:33:39.428 11458 11842 D OPENHU  : [80] Companion.decrypt | RECV: AUDIO Media Data type: 0 flags: 11 size: 8202 dataOffset: 2
09-15 13:33:39.472 11458 11842 D OPENHU  : [80] Companion.decrypt | RECV: AUDIO Media Data type: 0 flags: 11 size: 8202 dataOffset: 2
09-15 13:33:39.515 11458 11842 D OPENHU  : [80] Companion.decrypt | RECV: AUDIO Media Data type: 0 flags: 11 size: 8202 dataOffset: 2
09-15 13:33:39.557 11458 11842 D OPENHU  : [80] Companion.decrypt | RECV: AUDIO Media Data type: 0 flags: 11 size: 8202 dataOffset: 2
09-15 13:33:39.598 11458 11842 D OPENHU  : [80] Companion.decrypt | RECV: AUDIO Media Data type: 0 flags: 11 size: 8202 dataOffset: 2
09-15 13:33:39.644 11458 11842 D OPENHU  : [80] Companion.decrypt | RECV: AUDIO Media Data type: 0 flags: 11 size: 8202 dataOffset: 2
09-15 13:33:39.684 11458 11842 D OPENHU  : [80] Companion.decrypt | RECV: AUDIO Media Data type: 0 flags: 11 size: 8202 dataOffset: 2
09-15 13:33:39.730 11458 11842 D OPENHU  : [80] Companion.decrypt | RECV: AUDIO Media Data type: 0 flags: 11 size: 8202 dataOffset: 2
09-15 13:33:39.772 11458 11842 D OPENHU  : [80] Companion.decrypt | RECV: AUDIO Media Data type: 0 flags: 11 size: 8202 dataOffset: 2
09-15 13:33:39.812 11458 11842 D OPENHU  : [80] Companion.decrypt | RECV: AUDIO Media Data type: 0 flags: 11 size: 8202 dataOffset: 2
09-15 13:33:39.849 11458 11842 D OPENHU  : [80] Companion.decrypt | RECV: MUSIC_PLAYBACK Media Playback Status type: 32769 flags: 11 size: 17 dataOffset: 2
09-15 13:33:39.850 11458 11842 D OPENHU  : [80] AapMediaPlayback.processStatusPacket | AapMediaPlayback: status mediaSource='VLC', playbackSeconds(u32)=37, state=PLAYING
09-15 13:33:39.855 11458 11842 D OPENHU  : [80] Companion.decrypt | RECV: AUDIO Media Data type: 0 flags: 11 size: 8202 dataOffset: 2
09-15 13:33:39.901 11458 11842 D OPENHU  : [80] Companion.decrypt | RECV: AUDIO Media Data type: 0 flags: 11 size: 8202 dataOffset: 2
09-15 13:33:39.939 11458 11842 D OPENHU  : [80] Companion.decrypt | RECV: AUDIO Media Data type: 0 flags: 11 size: 8202 dataOffset: 2
09-15 13:33:39.984 11458 11842 D OPENHU  : [80] Companion.decrypt | RECV: AUDIO Media Data type: 0 flags: 11 size: 8202 dataOffset: 2
09-15 13:33:39.996 11458 11458 V OPENHU  : [2] GpsLocation.onLocationChanged | GpsLocation: fix received
09-15 13:33:40.020 11458 11458 V OPENHU  : [2] AapTransport.send | SENSOR Sensor Event type: 32771 flags: 11 size: 46 dataOffset: 6
09-15 13:33:40.029 11458 11842 D OPENHU  : [80] Companion.decrypt | RECV: AUDIO Media Data type: 0 flags: 11 size: 8202 dataOffset: 2
09-15 13:33:40.034 11458 11842 D OPENHU  : [80] Companion.decrypt | RECV: CONTROL Ping Request type: 11 flags: 11 size: 12 dataOffset: 2
09-15 13:33:40.035 11458 11842 V OPENHU  : [80] AapTransport.send | CONTROL Ping Response type: 12 flags: 11 size: 14 dataOffset: 6
09-15 13:33:40.068 11458 11842 D OPENHU  : [80] Companion.decrypt | RECV: AUDIO Media Data type: 0 flags: 11 size: 8202 dataOffset: 2
09-15 13:33:40.111 11458 11842 D OPENHU  : [80] Companion.decrypt | RECV: AUDIO Media Data type: 0 flags: 11 size: 8202 dataOffset: 2
09-15 13:33:40.157 11458 11842 D OPENHU  : [80] Companion.decrypt | RECV: AUDIO Media Data type: 0 flags: 11 size: 8202 dataOffset: 2
09-15 13:33:40.196 11458 11842 D OPENHU  : [80] Companion.decrypt | RECV: AUDIO Media Data type: 0 flags: 11 size: 8202 dataOffset: 2
09-15 13:33:40.238 11458 11842 D OPENHU  : [80] Companion.decrypt | RECV: AUDIO Media Data type: 0 flags: 11 size: 8202 dataOffset: 2
09-15 13:33:40.283 11458 11842 D OPENHU  : [80] Companion.decrypt | RECV: AUDIO Media Data type: 0 flags: 11 size: 8202 dataOffset: 2
09-15 13:33:40.327 11458 11842 D OPENHU  : [80] Companion.decrypt | RECV: AUDIO Media Data type: 0 flags: 11 size: 8202 dataOffset: 2
09-15 13:33:40.369 11458 11842 D OPENHU  : [80] Companion.decrypt | RECV: AUDIO Media Data type: 0 flags: 11 size: 8202 dataOffset: 2
09-15 13:33:40.409 11458 11842 D OPENHU  : [80] Companion.decrypt | RECV: AUDIO Media Data type: 0 flags: 11 size: 8202 dataOffset: 2
09-15 13:33:40.460 11458 11842 D OPENHU  : [80] Companion.decrypt | RECV: AUDIO Media Data type: 0 flags: 11 size: 8202 dataOffset: 2
09-15 13:33:40.495 11458 11842 D OPENHU  : [80] Companion.decrypt | RECV: AUDIO Media Data type: 0 flags: 11 size: 8202 dataOffset: 2
09-15 13:33:40.538 11458 11842 D OPENHU  : [80] Companion.decrypt | RECV: AUDIO Media Data type: 0 flags: 11 size: 8202 dataOffset: 2
09-15 13:33:40.580 11458 11842 D OPENHU  : [80] Companion.decrypt | RECV: AUDIO Media Data type: 0 flags: 11 size: 8202 dataOffset: 2
09-15 13:33:40.622 11458 11842 D OPENHU  : [80] Companion.decrypt | RECV: AUDIO Media Data type: 0 flags: 11 size: 8202 dataOffset: 2
09-15 13:33:40.665 11458 11842 D OPENHU  : [80] Companion.decrypt | RECV: AUDIO Media Data type: 0 flags: 11 size: 8202 dataOffset: 2
09-15 13:33:40.709 11458 11842 D OPENHU  : [80] Companion.decrypt | RECV: AUDIO Media Data type: 0 flags: 11 size: 8202 dataOffset: 2
09-15 13:33:40.752 11458 11842 D OPENHU  : [80] Companion.decrypt | RECV: AUDIO Media Data type: 0 flags: 11 size: 8202 dataOffset: 2
09-15 13:33:40.794 11458 11842 D OPENHU  : [80] Companion.decrypt | RECV: AUDIO Media Data type: 0 flags: 11 size: 8202 dataOffset: 2
09-15 13:33:40.838 11458 11842 D OPENHU  : [80] Companion.decrypt | RECV: AUDIO Media Data type: 0 flags: 11 size: 8202 dataOffset: 2
09-15 13:33:40.853 11458 11842 D OPENHU  : [80] Companion.decrypt | RECV: MUSIC_PLAYBACK Media Playback Status type: 32769 flags: 11 size: 17 dataOffset: 2
09-15 13:33:40.854 11458 11842 D OPENHU  : [80] AapMediaPlayback.processStatusPacket | AapMediaPlayback: status mediaSource='VLC', playbackSeconds(u32)=38, state=PLAYING
09-15 13:33:40.878 11458 11842 D OPENHU  : [80] Companion.decrypt | RECV: AUDIO Media Data type: 0 flags: 11 size: 8202 dataOffset: 2
09-15 13:33:40.922 11458 11842 D OPENHU  : [80] Companion.decrypt | RECV: AUDIO Media Data type: 0 flags: 11 size: 8202 dataOffset: 2
09-15 13:33:40.965 11458 11842 D OPENHU  : [80] Companion.decrypt | RECV: AUDIO Media Data type: 0 flags: 11 size: 8202 dataOffset: 2
09-15 13:33:41.006 11458 11842 D OPENHU  : [80] Companion.decrypt | RECV: AUDIO Media Data type: 0 flags: 11 size: 8202 dataOffset: 2
09-15 13:33:41.010 11458 11458 V OPENHU  : [2] GpsLocation.onLocationChanged | GpsLocation: fix received
09-15 13:33:41.019 11458 11458 V OPENHU  : [2] AapTransport.send | SENSOR Sensor Event type: 32771 flags: 11 size: 46 dataOffset: 6
09-15 13:33:41.036 11458 11842 D OPENHU  : [80] Companion.decrypt | RECV: CONTROL Ping Request type: 11 flags: 11 size: 12 dataOffset: 2
09-15 13:33:41.037 11458 11842 V OPENHU  : [80] AapTransport.send | CONTROL Ping Response type: 12 flags: 11 size: 14 dataOffset: 6
09-15 13:33:41.051 11458 11842 D OPENHU  : [80] Companion.decrypt | RECV: AUDIO Media Data type: 0 flags: 11 size: 8202 dataOffset: 2
09-15 13:33:41.093 11458 11842 D OPENHU  : [80] Companion.decrypt | RECV: AUDIO Media Data type: 0 flags: 11 size: 8202 dataOffset: 2
09-15 13:33:41.136 11458 11842 D OPENHU  : [80] Companion.decrypt | RECV: AUDIO Media Data type: 0 flags: 11 size: 8202 dataOffset: 2
09-15 13:33:41.178 11458 11842 D OPENHU  : [80] Companion.decrypt | RECV: AUDIO Media Data type: 0 flags: 11 size: 8202 dataOffset: 2
09-15 13:33:41.221 11458 11842 D OPENHU  : [80] Companion.decrypt | RECV: AUDIO Media Data type: 0 flags: 11 size: 8202 dataOffset: 2
09-15 13:33:41.265 11458 11842 D OPENHU  : [80] Companion.decrypt | RECV: AUDIO Media Data type: 0 flags: 11 size: 8202 dataOffset: 2
09-15 13:33:41.332 11458 11842 D OPENHU  : [80] Companion.decrypt | RECV: AUDIO Media Data type: 0 flags: 11 size: 8202 dataOffset: 2
09-15 13:33:41.348 11458 11842 D OPENHU  : [80] Companion.decrypt | RECV: AUDIO Media Data type: 0 flags: 11 size: 8202 dataOffset: 2
09-15 13:33:41.389 11458 11842 D OPENHU  : [80] Companion.decrypt | RECV: AUDIO Media Data type: 0 flags: 11 size: 8202 dataOffset: 2
09-15 13:33:41.436 11458 11842 D OPENHU  : [80] Companion.decrypt | RECV: AUDIO Media Data type: 0 flags: 11 size: 8202 dataOffset: 2
09-15 13:33:41.477 11458 11842 D OPENHU  : [80] Companion.decrypt | RECV: AUDIO Media Data type: 0 flags: 11 size: 8202 dataOffset: 2
09-15 13:33:41.518 11458 11842 D OPENHU  : [80] Companion.decrypt | RECV: AUDIO Media Data type: 0 flags: 11 size: 8202 dataOffset: 2
09-15 13:33:41.562 11458 11842 D OPENHU  : [80] Companion.decrypt | RECV: AUDIO Media Data type: 0 flags: 11 size: 8202 dataOffset: 2
09-15 13:33:41.604 11458 11842 D OPENHU  : [80] Companion.decrypt | RECV: AUDIO Media Data type: 0 flags: 11 size: 8202 dataOffset: 2
09-15 13:33:41.647 11458 11842 D OPENHU  : [80] Companion.decrypt | RECV: AUDIO Media Data type: 0 flags: 11 size: 8202 dataOffset: 2
09-15 13:33:41.692 11458 11842 D OPENHU  : [80] Companion.decrypt | RECV: AUDIO Media Data type: 0 flags: 11 size: 8202 dataOffset: 2
09-15 13:33:41.735 11458 11842 D OPENHU  : [80] Companion.decrypt | RECV: AUDIO Media Data type: 0 flags: 11 size: 8202 dataOffset: 2
09-15 13:33:41.778 11458 11842 D OPENHU  : [80] Companion.decrypt | RECV: AUDIO Media Data type: 0 flags: 11 size: 8202 dataOffset: 2
09-15 13:33:41.818 11458 11842 D OPENHU  : [80] Companion.decrypt | RECV: AUDIO Media Data type: 0 flags: 11 size: 8202 dataOffset: 2
09-15 13:33:41.857 11458 11842 D OPENHU  : [80] Companion.decrypt | RECV: MUSIC_PLAYBACK Media Playback Status type: 32769 flags: 11 size: 17 dataOffset: 2
09-15 13:33:41.858 11458 11842 D OPENHU  : [80] AapMediaPlayback.processStatusPacket | AapMediaPlayback: status mediaSource='VLC', playbackSeconds(u32)=39, state=PLAYING
09-15 13:33:41.860 11458 11842 D OPENHU  : [80] Companion.decrypt | RECV: AUDIO Media Data type: 0 flags: 11 size: 8202 dataOffset: 2
09-15 13:33:41.903 11458 11842 D OPENHU  : [80] Companion.decrypt | RECV: AUDIO Media Data type: 0 flags: 11 size: 8202 dataOffset: 2
09-15 13:33:41.945 11458 11842 D OPENHU  : [80] Companion.decrypt | RECV: AUDIO Media Data type: 0 flags: 11 size: 8202 dataOffset: 2
09-15 13:33:41.987 11458 11842 D OPENHU  : [80] Companion.decrypt | RECV: AUDIO Media Data type: 0 flags: 11 size: 8202 dataOffset: 2
09-15 13:33:42.016 11458 11458 V OPENHU  : [2] GpsLocation.onLocationChanged | GpsLocation: fix received
09-15 13:33:42.031 11458 11842 D OPENHU  : [80] Companion.decrypt | RECV: AUDIO Media Data type: 0 flags: 11 size: 8202 dataOffset: 2
09-15 13:33:42.032 11458 11458 V OPENHU  : [2] AapTransport.send | SENSOR Sensor Event type: 32771 flags: 11 size: 46 dataOffset: 6
09-15 13:33:42.036 11458 11842 D OPENHU  : [80] Companion.decrypt | RECV: CONTROL Ping Request type: 11 flags: 11 size: 12 dataOffset: 2
09-15 13:33:42.037 11458 11842 V OPENHU  : [80] AapTransport.send | CONTROL Ping Response type: 12 flags: 11 size: 14 dataOffset: 6
09-15 13:33:42.074 11458 11842 D OPENHU  : [80] Companion.decrypt | RECV: AUDIO Media Data type: 0 flags: 11 size: 8202 dataOffset: 2
09-15 13:33:42.116 11458 11842 D OPENHU  : [80] Companion.decrypt | RECV: AUDIO Media Data type: 0 flags: 11 size: 8202 dataOffset: 2
09-15 13:33:42.158 11458 11842 D OPENHU  : [80] Companion.decrypt | RECV: AUDIO Media Data type: 0 flags: 11 size: 8202 dataOffset: 2
09-15 13:33:42.202 11458 11842 D OPENHU  : [80] Companion.decrypt | RECV: AUDIO Media Data type: 0 flags: 11 size: 8202 dataOffset: 2
09-15 13:33:42.247 11458 11842 D OPENHU  : [80] Companion.decrypt | RECV: AUDIO Media Data type: 0 flags: 11 size: 8202 dataOffset: 2
09-15 13:33:42.288 11458 11842 D OPENHU  : [80] Companion.decrypt | RECV: AUDIO Media Data type: 0 flags: 11 size: 8202 dataOffset: 2
09-15 13:33:42.333 11458 11842 D OPENHU  : [80] Companion.decrypt | RECV: AUDIO Media Data type: 0 flags: 11 size: 8202 dataOffset: 2
09-15 13:33:42.372 11458 11842 D OPENHU  : [80] Companion.decrypt | RECV: AUDIO Media Data type: 0 flags: 11 size: 8202 dataOffset: 2
09-15 13:33:42.417 11458 11842 D OPENHU  : [80] Companion.decrypt | RECV: AUDIO Media Data type: 0 flags: 11 size: 8202 dataOffset: 2
09-15 13:33:42.457 11458 11842 D OPENHU  : [80] Companion.decrypt | RECV: AUDIO Media Data type: 0 flags: 11 size: 8202 dataOffset: 2
09-15 13:33:42.501 11458 11842 D OPENHU  : [80] Companion.decrypt | RECV: AUDIO Media Data type: 0 flags: 11 size: 8202 dataOffset: 2
09-15 13:33:42.542 11458 11842 D OPENHU  : [80] Companion.decrypt | RECV: AUDIO Media Data type: 0 flags: 11 size: 8202 dataOffset: 2
09-15 13:33:42.586 11458 11842 D OPENHU  : [80] Companion.decrypt | RECV: AUDIO Media Data type: 0 flags: 11 size: 8202 dataOffset: 2
09-15 13:33:42.628 11458 11842 D OPENHU  : [80] Companion.decrypt | RECV: AUDIO Media Data type: 0 flags: 11 size: 8202 dataOffset: 2
09-15 13:33:42.670 11458 11842 D OPENHU  : [80] Companion.decrypt | RECV: AUDIO Media Data type: 0 flags: 11 size: 8202 dataOffset: 2
09-15 13:33:42.716 11458 11842 D OPENHU  : [80] Companion.decrypt | RECV: AUDIO Media Data type: 0 flags: 11 size: 8202 dataOffset: 2
09-15 13:33:42.757 11458 11842 D OPENHU  : [80] Companion.decrypt | RECV: AUDIO Media Data type: 0 flags: 11 size: 8202 dataOffset: 2
09-15 13:33:42.803 11458 11842 D OPENHU  : [80] Companion.decrypt | RECV: AUDIO Media Data type: 0 flags: 11 size: 8202 dataOffset: 2
09-15 13:33:42.845 11458 11842 D OPENHU  : [80] Companion.decrypt | RECV: AUDIO Media Data type: 0 flags: 11 size: 8202 dataOffset: 2
09-15 13:33:42.856 11458 11842 D OPENHU  : [80] Companion.decrypt | RECV: MUSIC_PLAYBACK Media Playback Status type: 32769 flags: 11 size: 17 dataOffset: 2
09-15 13:33:42.857 11458 11842 D OPENHU  : [80] AapMediaPlayback.processStatusPacket | AapMediaPlayback: status mediaSource='VLC', playbackSeconds(u32)=40, state=PLAYING
09-15 13:33:42.885 11458 11842 D OPENHU  : [80] Companion.decrypt | RECV: AUDIO Media Data type: 0 flags: 11 size: 8202 dataOffset: 2
09-15 13:33:42.917 11458 11870 I OPENHU  : [89] VideoDecoder.logThroughput | Throughput over 5005ms: rendered=170 (33fps), fed=170 (33fps), dropped=0, skipped=0, concealed=0, inputWait=76ms, enqueueWait=0ms, codec=c2.unisoc.avc.decoder, presented=170 (33fps), decodeLatency=9ms p95=12ms (170 frames)
09-15 13:33:42.927 11458 11842 D OPENHU  : [80] Companion.decrypt | RECV: AUDIO Media Data type: 0 flags: 11 size: 8202 dataOffset: 2
09-15 13:33:42.956 11458 11458 I OPENHU  : [2] TextureProjectionView.onSurfaceTextureUpdated | TextureProjectionView: displayed 141 frames in 5034ms (28fps), longFrames=1
09-15 13:33:42.969 11458 11842 D OPENHU  : [80] Companion.decrypt | RECV: AUDIO Media Data type: 0 flags: 11 size: 8202 dataOffset: 2
09-15 13:33:43.013 11458 11458 V OPENHU  : [2] GpsLocation.onLocationChanged | GpsLocation: fix received
09-15 13:33:43.015 11458 11842 D OPENHU  : [80] Companion.decrypt | RECV: AUDIO Media Data type: 0 flags: 11 size: 8202 dataOffset: 2
09-15 13:33:43.032 11458 11458 V OPENHU  : [2] AapTransport.send | SENSOR Sensor Event type: 32771 flags: 11 size: 46 dataOffset: 6
09-15 13:33:43.037 11458 11842 D OPENHU  : [80] Companion.decrypt | RECV: CONTROL Ping Request type: 11 flags: 11 size: 12 dataOffset: 2
09-15 13:33:43.037 11458 11842 V OPENHU  : [80] AapTransport.send | CONTROL Ping Response type: 12 flags: 11 size: 14 dataOffset: 6
09-15 13:33:43.055 11458 11842 D OPENHU  : [80] Companion.decrypt | RECV: AUDIO Media Data type: 0 flags: 11 size: 8202 dataOffset: 2
09-15 13:33:43.098 11458 11842 D OPENHU  : [80] Companion.decrypt | RECV: AUDIO Media Data type: 0 flags: 11 size: 8202 dataOffset: 2
09-15 13:33:43.142 11458 11842 D OPENHU  : [80] Companion.decrypt | RECV: AUDIO Media Data type: 0 flags: 11 size: 8202 dataOffset: 2
09-15 13:33:43.185 11458 11842 D OPENHU  : [80] Companion.decrypt | RECV: AUDIO Media Data type: 0 flags: 11 size: 8202 dataOffset: 2
09-15 13:33:43.228 11458 11842 D OPENHU  : [80] Companion.decrypt | RECV: AUDIO Media Data type: 0 flags: 11 size: 8202 dataOffset: 2
09-15 13:33:43.270 11458 11842 D OPENHU  : [80] Companion.decrypt | RECV: AUDIO Media Data type: 0 flags: 11 size: 8202 dataOffset: 2
09-15 13:33:43.313 11458 11842 D OPENHU  : [80] Companion.decrypt | RECV: AUDIO Media Data type: 0 flags: 11 size: 8202 dataOffset: 2
09-15 13:33:43.354 11458 11842 D OPENHU  : [80] Companion.decrypt | RECV: AUDIO Media Data type: 0 flags: 11 size: 8202 dataOffset: 2
09-15 13:33:43.398 11458 11842 D OPENHU  : [80] Companion.decrypt | RECV: AUDIO Media Data type: 0 flags: 11 size: 8202 dataOffset: 2
09-15 13:33:43.439 11458 11842 D OPENHU  : [80] Companion.decrypt | RECV: AUDIO Media Data type: 0 flags: 11 size: 8202 dataOffset: 2
09-15 13:33:43.483 11458 11842 D OPENHU  : [80] Companion.decrypt | RECV: AUDIO Media Data type: 0 flags: 11 size: 8202 dataOffset: 2
09-15 13:33:43.526 11458 11842 D OPENHU  : [80] Companion.decrypt | RECV: AUDIO Media Data type: 0 flags: 11 size: 8202 dataOffset: 2
09-15 13:33:43.568 11458 11842 D OPENHU  : [80] Companion.decrypt | RECV: AUDIO Media Data type: 0 flags: 11 size: 8202 dataOffset: 2
09-15 13:33:43.612 11458 11842 D OPENHU  : [80] Companion.decrypt | RECV: AUDIO Media Data type: 0 flags: 11 size: 8202 dataOffset: 2
09-15 13:33:43.653 11458 11842 D OPENHU  : [80] Companion.decrypt | RECV: AUDIO Media Data type: 0 flags: 11 size: 8202 dataOffset: 2
09-15 13:33:43.695 11458 11842 D OPENHU  : [80] Companion.decrypt | RECV: AUDIO Media Data type: 0 flags: 11 size: 8202 dataOffset: 2
09-15 13:33:43.740 11458 11842 D OPENHU  : [80] Companion.decrypt | RECV: AUDIO Media Data type: 0 flags: 11 size: 8202 dataOffset: 2
09-15 13:33:43.782 11458 11842 D OPENHU  : [80] Companion.decrypt | RECV: AUDIO Media Data type: 0 flags: 11 size: 8202 dataOffset: 2
09-15 13:33:43.825 11458 11842 D OPENHU  : [80] Companion.decrypt | RECV: AUDIO Media Data type: 0 flags: 11 size: 8202 dataOffset: 2
09-15 13:33:43.857 11458 11842 D OPENHU  : [80] Companion.decrypt | RECV: MUSIC_PLAYBACK Media Playback Status type: 32769 flags: 11 size: 17 dataOffset: 2
09-15 13:33:43.859 11458 11842 D OPENHU  : [80] AapMediaPlayback.processStatusPacket | AapMediaPlayback: status mediaSource='VLC', playbackSeconds(u32)=41, state=PLAYING
09-15 13:33:43.868 11458 11842 D OPENHU  : [80] Companion.decrypt | RECV: AUDIO Media Data type: 0 flags: 11 size: 8202 dataOffset: 2
09-15 13:33:43.910 11458 11842 D OPENHU  : [80] Companion.decrypt | RECV: AUDIO Media Data type: 0 flags: 11 size: 8202 dataOffset: 2
09-15 13:33:43.952 11458 11842 D OPENHU  : [80] Companion.decrypt | RECV: AUDIO Media Data type: 0 flags: 11 size: 8202 dataOffset: 2
09-15 13:33:43.995 11458 11842 D OPENHU  : [80] Companion.decrypt | RECV: AUDIO Media Data type: 0 flags: 11 size: 8202 dataOffset: 2
09-15 13:33:43.998 11458 11458 V OPENHU  : [2] GpsLocation.onLocationChanged | GpsLocation: fix received
09-15 13:33:44.012 11458 11458 V OPENHU  : [2] AapTransport.send | SENSOR Sensor Event type: 32771 flags: 11 size: 46 dataOffset: 6
09-15 13:33:44.036 11458 11842 D OPENHU  : [80] Companion.decrypt | RECV: AUDIO Media Data type: 0 flags: 11 size: 8202 dataOffset: 2
09-15 13:33:44.040 11458 11842 D OPENHU  : [80] Companion.decrypt | RECV: CONTROL Ping Request type: 11 flags: 11 size: 12 dataOffset: 2
09-15 13:33:44.040 11458 11842 V OPENHU  : [80] AapTransport.send | CONTROL Ping Response type: 12 flags: 11 size: 14 dataOffset: 6
09-15 13:33:44.080 11458 11842 D OPENHU  : [80] Companion.decrypt | RECV: AUDIO Media Data type: 0 flags: 11 size: 8202 dataOffset: 2
09-15 13:33:44.122 11458 11842 D OPENHU  : [80] Companion.decrypt | RECV: AUDIO Media Data type: 0 flags: 11 size: 8202 dataOffset: 2
09-15 13:33:44.165 11458 11842 D OPENHU  : [80] Companion.decrypt | RECV: AUDIO Media Data type: 0 flags: 11 size: 8202 dataOffset: 2
09-15 13:33:44.208 11458 11842 D OPENHU  : [80] Companion.decrypt | RECV: AUDIO Media Data type: 0 flags: 11 size: 8202 dataOffset: 2
09-15 13:33:44.250 11458 11842 D OPENHU  : [80] Companion.decrypt | RECV: AUDIO Media Data type: 0 flags: 11 size: 8202 dataOffset: 2
09-15 13:33:44.294 11458 11842 D OPENHU  : [80] Companion.decrypt | RECV: AUDIO Media Data type: 0 flags: 11 size: 8202 dataOffset: 2
09-15 13:33:44.337 11458 11842 D OPENHU  : [80] Companion.decrypt | RECV: AUDIO Media Data type: 0 flags: 11 size: 8202 dataOffset: 2
09-15 13:33:44.380 11458 11842 D OPENHU  : [80] Companion.decrypt | RECV: AUDIO Media Data type: 0 flags: 11 size: 8202 dataOffset: 2
09-15 13:33:44.422 11458 11842 D OPENHU  : [80] Companion.decrypt | RECV: AUDIO Media Data type: 0 flags: 11 size: 8202 dataOffset: 2
09-15 13:33:44.466 11458 11842 D OPENHU  : [80] Companion.decrypt | RECV: AUDIO Media Data type: 0 flags: 11 size: 8202 dataOffset: 2
09-15 13:33:44.506 11458 11842 D OPENHU  : [80] Companion.decrypt | RECV: AUDIO Media Data type: 0 flags: 11 size: 8202 dataOffset: 2
09-15 13:33:44.550 11458 11842 D OPENHU  : [80] Companion.decrypt | RECV: AUDIO Media Data type: 0 flags: 11 size: 8202 dataOffset: 2
09-15 13:33:44.592 11458 11842 D OPENHU  : [80] Companion.decrypt | RECV: AUDIO Media Data type: 0 flags: 11 size: 8202 dataOffset: 2
09-15 13:33:44.635 11458 11842 D OPENHU  : [80] Companion.decrypt | RECV: AUDIO Media Data type: 0 flags: 11 size: 8202 dataOffset: 2
09-15 13:33:44.677 11458 11842 D OPENHU  : [80] Companion.decrypt | RECV: AUDIO Media Data type: 0 flags: 11 size: 8202 dataOffset: 2
09-15 13:33:44.718 11458 11842 D OPENHU  : [80] Companion.decrypt | RECV: AUDIO Media Data type: 0 flags: 11 size: 8202 dataOffset: 2
09-15 13:33:44.762 11458 11842 D OPENHU  : [80] Companion.decrypt | RECV: AUDIO Media Data type: 0 flags: 11 size: 8202 dataOffset: 2
09-15 13:33:44.806 11458 11842 D OPENHU  : [80] Companion.decrypt | RECV: AUDIO Media Data type: 0 flags: 11 size: 8202 dataOffset: 2
09-15 13:33:44.855 11458 11842 D OPENHU  : [80] Companion.decrypt | RECV: AUDIO Media Data type: 0 flags: 11 size: 8202 dataOffset: 2
09-15 13:33:44.858 11458 11842 D OPENHU  : [80] Companion.decrypt | RECV: MUSIC_PLAYBACK Media Playback Status type: 32769 flags: 11 size: 17 dataOffset: 2
09-15 13:33:44.859 11458 11842 D OPENHU  : [80] AapMediaPlayback.processStatusPacket | AapMediaPlayback: status mediaSource='VLC', playbackSeconds(u32)=42, state=PLAYING
09-15 13:33:44.890 11458 11842 D OPENHU  : [80] Companion.decrypt | RECV: AUDIO Media Data type: 0 flags: 11 size: 8202 dataOffset: 2
09-15 13:33:44.933 11458 11842 D OPENHU  : [80] Companion.decrypt | RECV: AUDIO Media Data type: 0 flags: 11 size: 8202 dataOffset: 2
09-15 13:33:44.975 11458 11842 D OPENHU  : [80] Companion.decrypt | RECV: AUDIO Media Data type: 0 flags: 11 size: 8202 dataOffset: 2
09-15 13:33:45.018 11458 11842 D OPENHU  : [80] Companion.decrypt | RECV: AUDIO Media Data type: 0 flags: 11 size: 8202 dataOffset: 2
09-15 13:33:45.020 11458 11458 V OPENHU  : [2] GpsLocation.onLocationChanged | GpsLocation: fix received
09-15 13:33:45.032 11458 11458 V OPENHU  : [2] AapTransport.send | SENSOR Sensor Event type: 32771 flags: 11 size: 46 dataOffset: 6
09-15 13:33:45.038 11458 11842 D OPENHU  : [80] Companion.decrypt | RECV: CONTROL Ping Request type: 11 flags: 11 size: 12 dataOffset: 2
09-15 13:33:45.039 11458 11842 V OPENHU  : [80] AapTransport.send | CONTROL Ping Response type: 12 flags: 11 size: 14 dataOffset: 6
09-15 13:33:45.059 11458 11842 D OPENHU  : [80] Companion.decrypt | RECV: AUDIO Media Data type: 0 flags: 11 size: 8202 dataOffset: 2
09-15 13:33:45.104 11458 11842 D OPENHU  : [80] Companion.decrypt | RECV: AUDIO Media Data type: 0 flags: 11 size: 8202 dataOffset: 2
09-15 13:33:45.146 11458 11842 D OPENHU  : [80] Companion.decrypt | RECV: AUDIO Media Data type: 0 flags: 11 size: 8202 dataOffset: 2
09-15 13:33:45.189 11458 11842 D OPENHU  : [80] Companion.decrypt | RECV: AUDIO Media Data type: 0 flags: 11 size: 8202 dataOffset: 2
09-15 13:33:45.231 11458 11842 D OPENHU  : [80] Companion.decrypt | RECV: AUDIO Media Data type: 0 flags: 11 size: 8202 dataOffset: 2
09-15 13:33:45.274 11458 11842 D OPENHU  : [80] Companion.decrypt | RECV: AUDIO Media Data type: 0 flags: 11 size: 8202 dataOffset: 2
09-15 13:33:45.317 11458 11842 D OPENHU  : [80] Companion.decrypt | RECV: AUDIO Media Data type: 0 flags: 11 size: 8202 dataOffset: 2
09-15 13:33:45.359 11458 11842 D OPENHU  : [80] Companion.decrypt | RECV: AUDIO Media Data type: 0 flags: 11 size: 8202 dataOffset: 2
09-15 13:33:45.401 11458 11842 D OPENHU  : [80] Companion.decrypt | RECV: AUDIO Media Data type: 0 flags: 11 size: 8202 dataOffset: 2
09-15 13:33:45.445 11458 11842 D OPENHU  : [80] Companion.decrypt | RECV: AUDIO Media Data type: 0 flags: 11 size: 8202 dataOffset: 2
09-15 13:33:45.491 11458 11842 D OPENHU  : [80] Companion.decrypt | RECV: AUDIO Media Data type: 0 flags: 11 size: 8202 dataOffset: 2
09-15 13:33:45.530 11458 11842 D OPENHU  : [80] Companion.decrypt | RECV: AUDIO Media Data type: 0 flags: 11 size: 8202 dataOffset: 2
09-15 13:33:45.573 11458 11842 D OPENHU  : [80] Companion.decrypt | RECV: AUDIO Media Data type: 0 flags: 11 size: 8202 dataOffset: 2
09-15 13:33:45.614 11458 11842 D OPENHU  : [80] Companion.decrypt | RECV: AUDIO Media Data type: 0 flags: 11 size: 8202 dataOffset: 2
09-15 13:33:45.658 11458 11842 D OPENHU  : [80] Companion.decrypt | RECV: AUDIO Media Data type: 0 flags: 11 size: 8202 dataOffset: 2
09-15 13:33:45.700 11458 11842 D OPENHU  : [80] Companion.decrypt | RECV: AUDIO Media Data type: 0 flags: 11 size: 8202 dataOffset: 2
09-15 13:33:45.743 11458 11842 D OPENHU  : [80] Companion.decrypt | RECV: AUDIO Media Data type: 0 flags: 11 size: 8202 dataOffset: 2
09-15 13:33:45.786 11458 11842 D OPENHU  : [80] Companion.decrypt | RECV: AUDIO Media Data type: 0 flags: 11 size: 8202 dataOffset: 2
09-15 13:33:45.830 11458 11842 D OPENHU  : [80] Companion.decrypt | RECV: AUDIO Media Data type: 0 flags: 11 size: 8202 dataOffset: 2
09-15 13:33:45.857 11458 11842 D OPENHU  : [80] Companion.decrypt | RECV: MUSIC_PLAYBACK Media Playback Status type: 32769 flags: 11 size: 17 dataOffset: 2
09-15 13:33:45.859 11458 11842 D OPENHU  : [80] AapMediaPlayback.processStatusPacket | AapMediaPlayback: status mediaSource='VLC', playbackSeconds(u32)=43, state=PLAYING
09-15 13:33:45.872 11458 11842 D OPENHU  : [80] Companion.decrypt | RECV: AUDIO Media Data type: 0 flags: 11 size: 8202 dataOffset: 2
09-15 13:33:45.915 11458 11842 D OPENHU  : [80] Companion.decrypt | RECV: AUDIO Media Data type: 0 flags: 11 size: 8202 dataOffset: 2
09-15 13:33:45.957 11458 11842 D OPENHU  : [80] Companion.decrypt | RECV: AUDIO Media Data type: 0 flags: 11 size: 8202 dataOffset: 2
09-15 13:33:45.997 11458 11458 V OPENHU  : [2] GpsLocation.onLocationChanged | GpsLocation: fix received
09-15 13:33:46.000 11458 11842 D OPENHU  : [80] Companion.decrypt | RECV: AUDIO Media Data type: 0 flags: 11 size: 8202 dataOffset: 2
09-15 13:33:46.008 11458 11458 V OPENHU  : [2] AapTransport.send | SENSOR Sensor Event type: 32771 flags: 11 size: 46 dataOffset: 6
09-15 13:33:46.039 11458 11842 D OPENHU  : [80] Companion.decrypt | RECV: CONTROL Ping Request type: 11 flags: 11 size: 12 dataOffset: 2
09-15 13:33:46.040 11458 11842 V OPENHU  : [80] AapTransport.send | CONTROL Ping Response type: 12 flags: 11 size: 14 dataOffset: 6
09-15 13:33:46.044 11458 11842 D OPENHU  : [80] Companion.decrypt | RECV: AUDIO Media Data type: 0 flags: 11 size: 8202 dataOffset: 2
09-15 13:33:46.087 11458 11842 D OPENHU  : [80] Companion.decrypt | RECV: AUDIO Media Data type: 0 flags: 11 size: 8202 dataOffset: 2
09-15 13:33:46.127 11458 11842 D OPENHU  : [80] Companion.decrypt | RECV: AUDIO Media Data type: 0 flags: 11 size: 8202 dataOffset: 2
09-15 13:33:46.172 11458 11842 D OPENHU  : [80] Companion.decrypt | RECV: AUDIO Media Data type: 0 flags: 11 size: 8202 dataOffset: 2
09-15 13:33:46.213 11458 11842 D OPENHU  : [80] Companion.decrypt | RECV: AUDIO Media Data type: 0 flags: 11 size: 8202 dataOffset: 2
09-15 13:33:46.255 11458 11842 D OPENHU  : [80] Companion.decrypt | RECV: AUDIO Media Data type: 0 flags: 11 size: 8202 dataOffset: 2
09-15 13:33:46.299 11458 11842 D OPENHU  : [80] Companion.decrypt | RECV: AUDIO Media Data type: 0 flags: 11 size: 8202 dataOffset: 2
09-15 13:33:46.341 11458 11842 D OPENHU  : [80] Companion.decrypt | RECV: AUDIO Media Data type: 0 flags: 11 size: 8202 dataOffset: 2
09-15 13:33:46.383 11458 11842 D OPENHU  : [80] Companion.decrypt | RECV: AUDIO Media Data type: 0 flags: 11 size: 8202 dataOffset: 2
09-15 13:33:46.425 11458 11842 D OPENHU  : [80] Companion.decrypt | RECV: AUDIO Media Data type: 0 flags: 11 size: 8202 dataOffset: 2
09-15 13:33:46.468 11458 11842 D OPENHU  : [80] Companion.decrypt | RECV: AUDIO Media Data type: 0 flags: 11 size: 8202 dataOffset: 2
09-15 13:33:46.511 11458 11842 D OPENHU  : [80] Companion.decrypt | RECV: AUDIO Media Data type: 0 flags: 11 size: 8202 dataOffset: 2
09-15 13:33:46.556 11458 11842 D OPENHU  : [80] Companion.decrypt | RECV: AUDIO Media Data type: 0 flags: 11 size: 8202 dataOffset: 2
09-15 13:33:46.597 11458 11842 D OPENHU  : [80] Companion.decrypt | RECV: AUDIO Media Data type: 0 flags: 11 size: 8202 dataOffset: 2
09-15 13:33:46.638 11458 11842 D OPENHU  : [80] Companion.decrypt | RECV: AUDIO Media Data type: 0 flags: 11 size: 8202 dataOffset: 2
09-15 13:33:46.685 11458 11842 D OPENHU  : [80] Companion.decrypt | RECV: AUDIO Media Data type: 0 flags: 11 size: 8202 dataOffset: 2
09-15 13:33:46.726 11458 11842 D OPENHU  : [80] Companion.decrypt | RECV: AUDIO Media Data type: 0 flags: 11 size: 8202 dataOffset: 2
09-15 13:33:46.768 11458 11842 D OPENHU  : [80] Companion.decrypt | RECV: AUDIO Media Data type: 0 flags: 11 size: 8202 dataOffset: 2
09-15 13:33:46.810 11458 11842 D OPENHU  : [80] Companion.decrypt | RECV: AUDIO Media Data type: 0 flags: 11 size: 8202 dataOffset: 2
09-15 13:33:46.854 11458 11842 D OPENHU  : [80] Companion.decrypt | RECV: AUDIO Media Data type: 0 flags: 11 size: 8202 dataOffset: 2
09-15 13:33:46.859 11458 11842 D OPENHU  : [80] Companion.decrypt | RECV: MUSIC_PLAYBACK Media Playback Status type: 32769 flags: 11 size: 17 dataOffset: 2
09-15 13:33:46.860 11458 11842 D OPENHU  : [80] AapMediaPlayback.processStatusPacket | AapMediaPlayback: status mediaSource='VLC', playbackSeconds(u32)=44, state=PLAYING
09-15 13:33:46.895 11458 11842 D OPENHU  : [80] Companion.decrypt | RECV: AUDIO Media Data type: 0 flags: 11 size: 8202 dataOffset: 2
09-15 13:33:46.938 11458 11842 D OPENHU  : [80] Companion.decrypt | RECV: AUDIO Media Data type: 0 flags: 11 size: 8202 dataOffset: 2
09-15 13:33:46.981 11458 11842 D OPENHU  : [80] Companion.decrypt | RECV: AUDIO Media Data type: 0 flags: 11 size: 8202 dataOffset: 2
09-15 13:33:47.018 11458 11458 V OPENHU  : [2] GpsLocation.onLocationChanged | GpsLocation: fix received
09-15 13:33:47.029 11458 11458 V OPENHU  : [2] AapTransport.send | SENSOR Sensor Event type: 32771 flags: 11 size: 46 dataOffset: 6
09-15 13:33:47.029 11458 11842 D OPENHU  : [80] Companion.decrypt | RECV: AUDIO Media Data type: 0 flags: 11 size: 8202 dataOffset: 2
09-15 13:33:47.040 11458 11842 D OPENHU  : [80] Companion.decrypt | RECV: CONTROL Ping Request type: 11 flags: 11 size: 12 dataOffset: 2
09-15 13:33:47.041 11458 11842 V OPENHU  : [80] AapTransport.send | CONTROL Ping Response type: 12 flags: 11 size: 14 dataOffset: 6
09-15 13:33:47.067 11458 11842 D OPENHU  : [80] Companion.decrypt | RECV: AUDIO Media Data type: 0 flags: 11 size: 8202 dataOffset: 2
09-15 13:33:47.109 11458 11842 D OPENHU  : [80] Companion.decrypt | RECV: AUDIO Media Data type: 0 flags: 11 size: 8202 dataOffset: 2
09-15 13:33:47.152 11458 11842 D OPENHU  : [80] Companion.decrypt | RECV: AUDIO Media Data type: 0 flags: 11 size: 8202 dataOffset: 2
09-15 13:33:47.195 11458 11842 D OPENHU  : [80] Companion.decrypt | RECV: AUDIO Media Data type: 0 flags: 11 size: 8202 dataOffset: 2
09-15 13:33:47.236 11458 11842 D OPENHU  : [80] Companion.decrypt | RECV: AUDIO Media Data type: 0 flags: 11 size: 8202 dataOffset: 2
09-15 13:33:47.280 11458 11842 D OPENHU  : [80] Companion.decrypt | RECV: AUDIO Media Data type: 0 flags: 11 size: 8202 dataOffset: 2
09-15 13:33:47.322 11458 11842 D OPENHU  : [80] Companion.decrypt | RECV: AUDIO Media Data type: 0 flags: 11 size: 8202 dataOffset: 2
09-15 13:33:47.367 11458 11842 D OPENHU  : [80] Companion.decrypt | RECV: AUDIO Media Data type: 0 flags: 11 size: 8202 dataOffset: 2
09-15 13:33:47.409 11458 11842 D OPENHU  : [80] Companion.decrypt | RECV: AUDIO Media Data type: 0 flags: 11 size: 8202 dataOffset: 2
09-15 13:33:47.453 11458 11842 D OPENHU  : [80] Companion.decrypt | RECV: AUDIO Media Data type: 0 flags: 11 size: 8202 dataOffset: 2
09-15 13:33:47.494 11458 11842 D OPENHU  : [80] Companion.decrypt | RECV: AUDIO Media Data type: 0 flags: 11 size: 8202 dataOffset: 2
09-15 13:33:47.535 11458 11842 D OPENHU  : [80] Companion.decrypt | RECV: AUDIO Media Data type: 0 flags: 11 size: 8202 dataOffset: 2
09-15 13:33:47.578 11458 11842 D OPENHU  : [80] Companion.decrypt | RECV: AUDIO Media Data type: 0 flags: 11 size: 8202 dataOffset: 2
09-15 13:33:47.620 11458 11842 D OPENHU  : [80] Companion.decrypt | RECV: AUDIO Media Data type: 0 flags: 11 size: 8202 dataOffset: 2
09-15 13:33:47.664 11458 11842 D OPENHU  : [80] Companion.decrypt | RECV: AUDIO Media Data type: 0 flags: 11 size: 8202 dataOffset: 2
09-15 13:33:47.705 11458 11842 D OPENHU  : [80] Companion.decrypt | RECV: AUDIO Media Data type: 0 flags: 11 size: 8202 dataOffset: 2
09-15 13:33:47.751 11458 11842 D OPENHU  : [80] Companion.decrypt | RECV: AUDIO Media Data type: 0 flags: 11 size: 8202 dataOffset: 2
09-15 13:33:47.792 11458 11842 D OPENHU  : [80] Companion.decrypt | RECV: AUDIO Media Data type: 0 flags: 11 size: 8202 dataOffset: 2
09-15 13:33:47.834 11458 11842 D OPENHU  : [80] Companion.decrypt | RECV: AUDIO Media Data type: 0 flags: 11 size: 8202 dataOffset: 2
09-15 13:33:47.859 11458 11842 D OPENHU  : [80] Companion.decrypt | RECV: MUSIC_PLAYBACK Media Playback Status type: 32769 flags: 11 size: 17 dataOffset: 2
09-15 13:33:47.859 11458 11842 D OPENHU  : [80] AapMediaPlayback.processStatusPacket | AapMediaPlayback: status mediaSource='VLC', playbackSeconds(u32)=45, state=PLAYING
09-15 13:33:47.876 11458 11842 D OPENHU  : [80] Companion.decrypt | RECV: AUDIO Media Data type: 0 flags: 11 size: 8202 dataOffset: 2
09-15 13:33:47.918 11458 11870 I OPENHU  : [89] VideoDecoder.logThroughput | Throughput over 5001ms: rendered=151 (30fps), fed=151 (30fps), dropped=0, skipped=0, concealed=0, inputWait=81ms, enqueueWait=0ms, codec=c2.unisoc.avc.decoder, presented=151 (30fps), decodeLatency=9ms p95=12ms (151 frames)
09-15 13:33:47.919 11458 11842 D OPENHU  : [80] Companion.decrypt | RECV: AUDIO Media Data type: 0 flags: 11 size: 8202 dataOffset: 2
09-15 13:33:47.965 11458 11842 D OPENHU  : [80] Companion.decrypt | RECV: AUDIO Media Data type: 0 flags: 11 size: 8202 dataOffset: 2
09-15 13:33:47.991 11458 11458 I OPENHU  : [2] TextureProjectionView.onSurfaceTextureUpdated | TextureProjectionView: displayed 121 frames in 5035ms (24fps), longFrames=1
09-15 13:33:48.000 11458 11458 V OPENHU  : [2] GpsLocation.onLocationChanged | GpsLocation: fix received
09-15 13:33:48.006 11458 11842 D OPENHU  : [80] Companion.decrypt | RECV: AUDIO Media Data type: 0 flags: 11 size: 8202 dataOffset: 2
09-15 13:33:48.016 11458 11458 V OPENHU  : [2] AapTransport.send | SENSOR Sensor Event type: 32771 flags: 11 size: 46 dataOffset: 6
09-15 13:33:48.042 11458 11842 D OPENHU  : [80] Companion.decrypt | RECV: CONTROL Ping Request type: 11 flags: 11 size: 12 dataOffset: 2
09-15 13:33:48.043 11458 11842 V OPENHU  : [80] AapTransport.send | CONTROL Ping Response type: 12 flags: 11 size: 14 dataOffset: 6
09-15 13:33:48.050 11458 11842 D OPENHU  : [80] Companion.decrypt | RECV: AUDIO Media Data type: 0 flags: 11 size: 8202 dataOffset: 2
09-15 13:33:48.090 11458 11842 D OPENHU  : [80] Companion.decrypt | RECV: AUDIO Media Data type: 0 flags: 11 size: 8202 dataOffset: 2
09-15 13:33:48.133 11458 11842 D OPENHU  : [80] Companion.decrypt | RECV: AUDIO Media Data type: 0 flags: 11 size: 8202 dataOffset: 2
09-15 13:33:48.176 11458 11842 D OPENHU  : [80] Companion.decrypt | RECV: AUDIO Media Data type: 0 flags: 11 size: 8202 dataOffset: 2
09-15 13:33:48.219 11458 11842 D OPENHU  : [80] Companion.decrypt | RECV: AUDIO Media Data type: 0 flags: 11 size: 8202 dataOffset: 2
09-15 13:33:48.264 11458 11842 D OPENHU  : [80] Companion.decrypt | RECV: AUDIO Media Data type: 0 flags: 11 size: 8202 dataOffset: 2
09-15 13:33:48.302 11458 11842 D OPENHU  : [80] Companion.decrypt | RECV: AUDIO Media Data type: 0 flags: 11 size: 8202 dataOffset: 2
09-15 13:33:48.346 11458 11842 D OPENHU  : [80] Companion.decrypt | RECV: AUDIO Media Data type: 0 flags: 11 size: 8202 dataOffset: 2
09-15 13:33:48.389 11458 11842 D OPENHU  : [80] Companion.decrypt | RECV: AUDIO Media Data type: 0 flags: 11 size: 8202 dataOffset: 2
09-15 13:33:48.432 11458 11842 D OPENHU  : [80] Companion.decrypt | RECV: AUDIO Media Data type: 0 flags: 11 size: 8202 dataOffset: 2
09-15 13:33:48.474 11458 11842 D OPENHU  : [80] Companion.decrypt | RECV: AUDIO Media Data type: 0 flags: 11 size: 8202 dataOffset: 2
09-15 13:33:48.516 11458 11842 D OPENHU  : [80] Companion.decrypt | RECV: AUDIO Media Data type: 0 flags: 11 size: 8202 dataOffset: 2
09-15 13:33:48.559 11458 11842 D OPENHU  : [80] Companion.decrypt | RECV: AUDIO Media Data type: 0 flags: 11 size: 8202 dataOffset: 2
09-15 13:33:48.602 11458 11842 D OPENHU  : [80] Companion.decrypt | RECV: AUDIO Media Data type: 0 flags: 11 size: 8202 dataOffset: 2
09-15 13:33:48.647 11458 11842 D OPENHU  : [80] Companion.decrypt | RECV: AUDIO Media Data type: 0 flags: 11 size: 8202 dataOffset: 2
09-15 13:33:48.689 11458 11842 D OPENHU  : [80] Companion.decrypt | RECV: AUDIO Media Data type: 0 flags: 11 size: 8202 dataOffset: 2
09-15 13:33:48.735 11458 11842 D OPENHU  : [80] Companion.decrypt | RECV: AUDIO Media Data type: 0 flags: 11 size: 8202 dataOffset: 2
09-15 13:33:48.773 11458 11842 D OPENHU  : [80] Companion.decrypt | RECV: AUDIO Media Data type: 0 flags: 11 size: 8202 dataOffset: 2
09-15 13:33:48.815 11458 11842 D OPENHU  : [80] Companion.decrypt | RECV: AUDIO Media Data type: 0 flags: 11 size: 8202 dataOffset: 2
