09-15 13:35:51.419 13751 13751 D OPENHU  : [2] App.onCreate | native library dir /data/app/~~l9pOWRlo2TOMHkS80eeASw==/com.andrerinas.headunitrevived-I4oqNCib9_5fO0KVvxY96w==/lib/arm64
09-15 13:35:51.421 13751 13751 D OPENHU  : [2] App.onCreate |    libusb1.0.so
09-15 13:35:51.421 13751 13751 D OPENHU  : [2] App.onCreate |    libavutil.so
09-15 13:35:51.422 13751 13751 D OPENHU  : [2] App.onCreate |    libconscrypt_jni.so
09-15 13:35:51.422 13751 13751 D OPENHU  : [2] App.onCreate |    libswscale.so
09-15 13:35:51.423 13751 13751 D OPENHU  : [2] App.onCreate |    libusbhelper.so
09-15 13:35:51.423 13751 13751 D OPENHU  : [2] App.onCreate |    libavcodec.so
09-15 13:35:51.424 13751 13751 D OPENHU  : [2] App.onCreate |    libhur_soft_hevc.so
09-15 13:35:51.596 13751 13751 I OPENHU  : [2] MainActivity.logLaunchSource | App launched by third party: android-app://com.android.shell (action: null)
09-15 13:35:51.867 13751 13751 D OPENHU  : [2] UsbReceiver.<init> | UsbReceiver registered
09-15 13:35:51.874 13751 13751 I OPENHU  : [2] UsbDeviceDiagnostics.logDeviceList | UsbDiagnostics: USB list sees 0 USB device(s), 0 usable for Android Auto
09-15 13:35:51.875 13751 13751 I OPENHU  : [2] UsbDeviceDiagnostics.logDeviceList | UsbDiagnostics: nothing is on the bus. Either the port carries no data, the unit is not in USB host mode, or a wireless adapter is waiting for its phone before it presents itself.
09-15 13:35:52.108 13751 13751 D OPENHU  : [2] MainActivity.requestPermissions | All required permissions already granted.
09-15 13:35:52.118 13751 13751 I OPENHU  : [2] HomeFragment.onResume | HomeFragment: onResume. isConnected=false
09-15 13:35:52.151 13751 13751 D OPENHU  : [2] BluetoothHelper.driverCandidates | BluetoothHelper: driver candidate motorola edge 30 neo (A0:46:5A:97:E4:95) -> PHONE, vouched for by a stored MAC
09-15 13:35:52.171 13751 13751 D OPENHU  : [2] BluetoothHelper.driverCandidates | BluetoothHelper: driver candidate POCO X3 NFC (DC:B7:2E:5E:4E:59) -> PHONE, advertises the Audio Gateway record
09-15 13:35:52.173 13751 13751 I OPENHU  : [2] BluetoothHelper.driverCandidates | BluetoothHelper: driver candidates: 2 phone, 0 unknown, 0 not a phone
09-15 13:35:52.192 13751 13751 D OPENHU  : [2] BluetoothHelper.driverCandidates | BluetoothHelper: driver candidate motorola edge 30 neo (A0:46:5A:97:E4:95) -> PHONE, vouched for by a stored MAC
09-15 13:35:52.212 13751 13751 D OPENHU  : [2] BluetoothHelper.driverCandidates | BluetoothHelper: driver candidate POCO X3 NFC (DC:B7:2E:5E:4E:59) -> PHONE, advertises the Audio Gateway record
09-15 13:35:52.213 13751 13751 D OPENHU  : [2] BluetoothHelper.driverCandidates | BluetoothHelper: driver candidates: 2 phone, 0 unknown, 0 not a phone
09-15 13:35:52.421 13751 13751 D OPENHU  : [2] BluetoothHelper.driverCandidates | BluetoothHelper: driver candidate motorola edge 30 neo (A0:46:5A:97:E4:95) -> PHONE, vouched for by a stored MAC
09-15 13:35:52.441 13751 13751 D OPENHU  : [2] BluetoothHelper.driverCandidates | BluetoothHelper: driver candidate POCO X3 NFC (DC:B7:2E:5E:4E:59) -> PHONE, advertises the Audio Gateway record
09-15 13:35:52.442 13751 13751 D OPENHU  : [2] BluetoothHelper.driverCandidates | BluetoothHelper: driver candidates: 2 phone, 0 unknown, 0 not a phone
09-15 13:35:53.028 13751 13751 I OPENHU  : [2] AapService.onCreate | AapService creating...
09-15 13:35:53.064 13751 13751 I OPENHU  : [2] BluetoothHelper.logAddressSourceDump | BluetoothHelper: == Bluetooth address source dump ==
09-15 13:35:53.068 13751 13751 I OPENHU  : [2] BluetoothHelper.logAddressSourceDump | BluetoothHelper:   adapter.address                      = 02:00:00:00:00:00
09-15 13:35:53.069 13751 13751 I OPENHU  : [2] BluetoothHelper.logAddressSourceDump | BluetoothHelper:   getAddress() reflection              = 02:00:00:00:00:00
09-15 13:35:53.069 13751 13751 I OPENHU  : [2] BluetoothHelper.logAddressSourceDump | BluetoothHelper:   Settings.Secure bluetooth_address    = null
09-15 13:35:53.070 13751 13751 I OPENHU  : [2] BluetoothHelper.logAddressSourceDump | BluetoothHelper:   property persist.sys.bt.mac          = null
09-15 13:35:53.071 13751 13751 I OPENHU  : [2] BluetoothHelper.logAddressSourceDump | BluetoothHelper:   property persist.sys.btmac           = null
09-15 13:35:53.071 13751 13751 I OPENHU  : [2] BluetoothHelper.logAddressSourceDump | BluetoothHelper:   property persist.vendor.bt.mac       = null
09-15 13:35:53.072 13751 13751 I OPENHU  : [2] BluetoothHelper.logAddressSourceDump | BluetoothHelper:   property sys.bt.mac                  = null
09-15 13:35:53.072 13751 13751 I OPENHU  : [2] BluetoothHelper.logAddressSourceDump | BluetoothHelper:   property persist.sys.bluetooth.mac   = null
09-15 13:35:53.073 13751 13751 I OPENHU  : [2] BluetoothHelper.logAddressSourceDump | BluetoothHelper:   property ro.boot.btmacaddr           = null
09-15 13:35:53.074 13751 13751 I OPENHU  : [2] BluetoothHelper.logAddressSourceDump | BluetoothHelper:   property vendor.bt.bdaddr            = null
09-15 13:35:53.074 13751 13751 I OPENHU  : [2] BluetoothHelper.logAddressSourceDump | BluetoothHelper:   property persist.zj.BTmac            = null
09-15 13:35:53.075 13751 13751 I OPENHU  : [2] BluetoothHelper.logAddressSourceDump | BluetoothHelper:   property persist.zlink.carplay.mac   = null
09-15 13:35:53.076 13751 13751 I OPENHU  : [2] BluetoothHelper.logAddressSourceDump | BluetoothHelper:   property sys.bt.bdaddr               = null
09-15 13:35:53.076 13751 13751 I OPENHU  : [2] BluetoothHelper.logAddressSourceDump | BluetoothHelper: == end Bluetooth address source dump ==
09-15 13:35:53.077 13751 13751 W OPENHU  : [2] BluetoothHelper.logAddressSourceDump | BluetoothHelper: no source named this unit's Bluetooth address. Read it under Settings/About/Status, or off the paired phone under the gear beside this device, and enter it under Wireless connection. Without it the phone is not told where to connect hands-free and no setup QR can be drawn.
09-15 13:35:53.098 13751 13751 D OPENHU  : [2] UsbReceiver.<init> | UsbReceiver registered
09-15 13:35:53.106 13751 13751 I OPENHU  : [2] AapService.registerReceivers | Registered runtime MEDIA_BUTTON receiver
09-15 13:35:53.109 13751 13751 I OPENHU  : [2] AapService.registerReceivers | Registered dynamic WiFi Auto-start receiver
09-15 13:35:53.113 13751 13751 I OPENHU  : [2] AapService.registerReceivers | Registered wake detection receiver (18 actions)
09-15 13:35:53.116 13751 13751 I OPENHU  : [2] AapService.registerReceivers | Registered Bluetooth auto-disconnect receiver
09-15 13:35:53.122 13751 13751 I OPENHU  : [2] CarBydReceiver.register | CarKeyReceiver: Listening for BYD panel keys on APP_REV_DATA (com.byd.multimediaservice not found)
09-15 13:35:53.123 13751 13751 D OPENHU  : [2] CarKeysManager.registerIdleReceivers | CarKeysManager: 2 idle CarKeyReceivers registered
09-15 13:35:53.157 13751 13751 D OPENHU  : [2] AapService.updateMediaSessionState | MediaSession: State updated to STOPPED, positionMs=0
09-15 13:35:53.167 13751 13751 I OPENHU  : [2] WifiLauncherManager.setActive | WifiLauncher: Initializing WiFi Mode: NATIVE
09-15 13:35:53.168 13751 13751 I OPENHU  : [2] MainActivity.renderStagePill | MainActivity: status pill step: ARMED
09-15 13:35:53.188 13751 13751 I OPENHU  : [2] WifiDirectManager.<init> | WifiDirectManager: Device supports WiFi Direct. Initializing...
09-15 13:35:53.196 13751 13751 D OPENHU  : [2] WifiDirectManager.registerReceiverIfNeeded | WifiDirectManager: BroadcastReceiver registered.
09-15 13:35:53.204 13751 13751 D OPENHU  : [2] WifiLauncherSharedServices.startWirelessServer | AapService: Starting the wireless server on 5288 - no server yet.
09-15 13:35:53.205 13751 13809 I OPENHU  : [52] 1.invokeSuspend | AapService: Mode requires WiFi Direct — ensuring hotspot is disabled first...
09-15 13:35:53.210 13751 13809 I OPENHU  : [52] HotspotManager.setHotspotEnabled | HotspotManager: Setting hotspot enabled=false (API 34, canWriteSettings=true)
09-15 13:35:53.210 13751 13751 I OPENHU  : [2] WirelessServer.start | WirelessServer: binding port 5288...
09-15 13:35:53.214 13751 13811 I OPENHU  : [54] 1.invokeSuspend | Wireless Server listening on port 5288
09-15 13:35:53.216 13751 13811 I OPENHU  : [54] WirelessServer.logLocalNetworkInterfaces | Interface: seth_lte0, IP: 172.23.212.177
09-15 13:35:53.217 13751 13811 I OPENHU  : [54] WirelessServer.logLocalNetworkInterfaces | Interface: p2p-wlan0-28, IP: 192.168.49.1
09-15 13:35:53.219 13751 13811 D OPENHU  : [54] 1.invokeSuspend | WirelessServer: Waiting for TCP connection on port 5288...
09-15 13:35:53.224 13751 13809 D OPENHU  : [52] SoftApStateReader.read | SoftApStateReader: getWifiApState reports 11 (13 = enabled).
09-15 13:35:53.232 13751 13751 I OPENHU  : [2] StationStandDown.standDown | StationStandDown: this unit is not joined to another WiFi network, so there is nothing to stand down before creating the group.
09-15 13:35:53.234 13751 13751 I OPENHU  : [2] WifiDirectManager.claimNativeCreateWindow | WifiDirectManager: a Native AA group create is claimed (bringing the Native AA group up); a refresh in the next 15s waits for it.
09-15 13:35:53.234 13751 13751 I OPENHU  : [2] WifiDirectManager.startNativeAaQuietHost | WifiDirectManager: startNativeAaQuietHost() requested. Removing old group if any...
09-15 13:35:53.236 13751 13751 I OPENHU  : [2] MainActivity.renderStagePill | MainActivity: status pill step: PREPARING_NETWORK
09-15 13:35:53.239 13751 13751 I OPENHU  : [2] WifiDirectManager.claimNativeCreateWindow | WifiDirectManager: a Native AA group create is claimed (recreating the group); a refresh in the next 15s waits for it.
09-15 13:35:53.239 13751 13751 I OPENHU  : [2] WifiDirectManager.invalidateNativeGroupCredentials | WifiDirectManager: the group is being removed (recreating the group), so its credentials are no longer handed out.
09-15 13:35:53.263 13751 13751 I OPENHU  : [2] NativeAaHandshakeManager.start | NativeAA: Starting Bluetooth Handshake Servers (primary radio [Navegadortz2])...
09-15 13:35:53.276 13751 13751 I OPENHU  : [2] NativeAaHandshakeManager.shouldRegisterDummyHfp | NativeAA: radio [Navegadortz2] already advertises Hands-Free, so the stand-in HFP record is not registered - the real stack answers calls, this app cannot.
09-15 13:35:53.283 13751 13810 I OPENHU  : [53] 1.invokeSuspend | NativeAA: ACTIVELY LISTENING on Android Auto UUID (4de17a00-52cb-11e6-bdf4-0800200c9a66) on radio [Navegadortz2]... Waiting for phone to connect back!
09-15 13:35:53.353 13751 13751 D OPENHU  : [2] BluetoothHelper.adapterForService | BluetoothHelper: adapterForService(android.hardware.bluetooth.audio.IBluetoothAudioProviderFactory/default) failed: android.bluetooth.BluetoothAdapter.<init> [interface android.bluetooth.IBluetoothManager]
09-15 13:35:53.354 13751 13751 I OPENHU  : [2] NativeAaHandshakeManager.triggerEarlyWake | NativeAA: waking the phone while the WiFi group is still forming.
09-15 13:35:53.361 13751 13850 D OPENHU  : [62] 2.invokeSuspend | NativeAA: wake poke starting (listeners ready after 0ms).
09-15 13:35:53.366 13751 13751 I OPENHU  : [2] AapService.registerNetworkMonitor | NetworkMonitor: Registered network change listener
09-15 13:35:53.386 13751 13850 I OPENHU  : [62] 2.invokeSuspend | NativeAA: WiFi credentials not ready before poke. Requesting WiFi refresh...
09-15 13:35:53.387 13751 13850 I OPENHU  : [62] WifiLauncherNative.triggerWifiDirectRefresh | AapService: WiFi Direct credential refresh requested.
09-15 13:35:53.400 13751 13809 I OPENHU  : [52] 1.invokeSuspend | WppTcpServer: listening for Android Auto on TCP 5299
09-15 13:35:53.448 13751 13751 I OPENHU  : [2] 1.onReceive | WifiDirectManager: WIFI_P2P_STATE_CHANGED_ACTION state=2
09-15 13:35:53.450 13751 13751 I OPENHU  : [2] 1.invoke | WifiDirectManager: requestDeviceInfo success: 02:00:00:00:00:00
09-15 13:35:53.452 13751 13751 I OPENHU  : [2] MainActivity.renderStagePill | MainActivity: status pill step: WAITING_FOR_PHONE
09-15 13:35:53.477 13751 13751 I OPENHU  : [2] WifiDirectManager.refreshNativeCredentials$lambda$23 | WifiDirectManager: refresh: a group was asked for 238ms ago and has not answered yet, so nothing is remade underneath it.
09-15 13:35:53.478 13751 13751 I OPENHU  : [2] WifiDirectManager.refreshNativeCredentials$lambda$23 | WifiDirectManager: refresh: asking again in 15262ms, once that create's grace is up.
09-15 13:35:53.493 13751 13751 I OPENHU  : [2] AapService.onStartCommand | AapService: ACTION_NATIVE_AA_PROMPT_SHOWN received
09-15 13:35:53.955 13751 13751 I OPENHU  : [2] WifiDirectManager.createQuietGroup | WifiDirectManager: Attempting createGroup for Native AA (Attempt 0)...
09-15 13:35:53.958 13751 13751 I OPENHU  : [2] WifiDirectManager.createQuietGroup | WifiDirectManager: this unit's WiFi radio reports a 5 GHz band.
09-15 13:35:53.960 13751 13751 I OPENHU  : [2] WifiDirectManager.createQuietGroup | WifiDirectManager: Band preference is automatic (5 GHz, then whatever this unit will host).
09-15 13:35:53.969 13751 13751 I OPENHU  : [2] WifiDirectManager.chooseNativeGroupIdentity | WifiDirectManager: group identity: asking for the kept network DIRECT-G3-Navegadortz2 again, so a phone that saved it can rejoin without being set up for a new one.
09-15 13:35:53.975 13751 13751 I OPENHU  : [2] WifiDirectManager.createQuietGroup | WifiDirectManager: Requesting Native AA P2P group on 5GHz band.
09-15 13:35:53.977 13751 13751 I OPENHU  : [2] WifiDirectManager.createQuietGroup | WifiDirectManager: 5 GHz channel is automatic, so the driver picks within the band.
09-15 13:35:54.013 13751 13751 I OPENHU  : [2] 1.onSuccess | WifiDirectManager: 5GHz createGroup SUCCESS!
09-15 13:35:54.029 13751 13751 D OPENHU  : [2] WifiDirectManager.onConnectionInfoAvailable | WifiDirectManager: onConnectionInfoAvailable: group not formed yet
09-15 13:35:54.032 13751 13751 W OPENHU  : [2] WifiDirectManager.onGroupInfoAvailable | WifiDirectManager: Group info was null! Retrying in 1s (Attempt 1/20)...
09-15 13:35:54.136 13751 13751 I OPENHU  : [2] 1.onReceive | WifiDirectManager: Connected. Requesting info...
09-15 13:35:54.154 13751 13751 D OPENHU  : [2] 2.invoke | WifiDirectManager: Pre-fetched localDeviceAddress on connect: 02:00:00:00:00:00
09-15 13:35:54.156 13751 13751 I OPENHU  : [2] WifiDirectManager.onConnectionInfoAvailable | WifiDirectManager: Group formed. Owner: true, GO IP: 192.168.49.1
09-15 13:35:54.171 13751 13751 I OPENHU  : [2] 1.invoke | WifiDirectManager: Updated localDeviceAddress via requestDeviceInfo: 02:00:00:00:00:00
09-15 13:35:54.189 13751 13751 I OPENHU  : [2] WifiDirectManager.onGroupInfoAvailable | WifiDirectManager: System Location Check: GPS=true, Network=true
09-15 13:35:54.191 13751 13751 I OPENHU  : [2] WifiDirectManager.logBssidSourceDump | WifiDirectManager: == BSSID source dump (iface=p2p-wlan0-29) ==
09-15 13:35:54.192 13751 13751 I OPENHU  : [2] WifiDirectManager.logBssidSourceDump$report | WifiDirectManager:   static override (Settings)       = 0
09-15 13:35:54.193 13751 13751 I OPENHU  : [2] WifiDirectManager.logBssidSourceDump$report | WifiDirectManager:   getGroupOwnerBssid()             = null
09-15 13:35:54.210 13751 13751 I OPENHU  : [2] WifiDirectManager.logBssidSourceDump$report | WifiDirectManager:   IPv6 link-local (p2p-wlan0-29)   = a2:b1:69:10:68:72
09-15 13:35:54.215 13751 13751 I OPENHU  : [2] WifiDirectManager.logBssidSourceDump$report | WifiDirectManager:   IPv6 link-local (any p2p/ap)     = a2:b1:69:10:68:72
09-15 13:35:54.216 13751 13751 D OPENHU  : [2] WifiDirectManager.getWifiDirectMac | WifiDirectManager: getWifiDirectMac for interface: p2p-wlan0-29
09-15 13:35:54.220 13751 13751 D OPENHU  : [2] WifiDirectManager.getWifiDirectMac | WifiDirectManager: Found interface: dummy0, MAC: null
09-15 13:35:54.223 13751 13751 D OPENHU  : [2] WifiDirectManager.getWifiDirectMac | WifiDirectManager: Found interface: seth_lte0, MAC: null
09-15 13:35:54.226 13751 13751 D OPENHU  : [2] WifiDirectManager.getWifiDirectMac | WifiDirectManager: Found interface: lo, MAC: null
09-15 13:35:54.228 13751 13751 D OPENHU  : [2] WifiDirectManager.getWifiDirectMac | WifiDirectManager: Found interface: p2p-wlan0-29, MAC: null
09-15 13:35:54.229 13751 13751 W OPENHU  : [2] WifiDirectManager.getWifiDirectMac | WifiDirectManager: No valid MAC found in NetworkInterface scan for p2p-wlan0-29
09-15 13:35:54.230 13751 13751 I OPENHU  : [2] WifiDirectManager.logBssidSourceDump$report | WifiDirectManager:   NetworkInterface.hardwareAddress = 00:00:00:00:00:00
09-15 13:35:54.231 13751 13751 I OPENHU  : [2] WifiDirectManager.logBssidSourceDump$report | WifiDirectManager:   lastKnownBssid (null)            = null
09-15 13:35:54.231 13751 13751 I OPENHU  : [2] WifiDirectManager.logBssidSourceDump$report | WifiDirectManager:   requestDeviceInfo                = 02:00:00:00:00:00
09-15 13:35:54.232 13751 13751 I OPENHU  : [2] WifiDirectManager.logBssidSourceDump$report | WifiDirectManager:   group.owner.deviceAddress        = 02:00:00:00:00:00
09-15 13:35:54.237 13751 13751 I OPENHU  : [2] WifiDirectManager.getMacFromShell | WifiDirectManager: MAC retrieved via sysfs (p2p-wlan0-29): a2:b1:69:10:68:72
09-15 13:35:54.238 13751 13751 I OPENHU  : [2] WifiDirectManager.logBssidSourceDump$report | WifiDirectManager:   sysfs / ip link                  = a2:b1:69:10:68:72
09-15 13:35:54.243 13751 13751 I OPENHU  : [2] WifiDirectManager.logBssidSourceDump$report | WifiDirectManager:   Settings.Secure p2p address      = null
09-15 13:35:54.246 13751 13751 I OPENHU  : [2] WifiDirectManager.logBssidSourceDump$report | WifiDirectManager:   reflection over WifiP2pGroup     = null
09-15 13:35:54.248 13751 13751 I OPENHU  : [2] WifiDirectManager.logBssidSourceDump | WifiDirectManager: == end BSSID source dump ==
09-15 13:35:54.255 13751 13751 I OPENHU  : [2] WifiDirectManager.onGroupInfoAvailable | WifiDirectManager: BSSID read from the IPv6 link-local address of p2p-wlan0-29 (EUI-64): A2:B1:69:10:68:72
09-15 13:35:54.256 13751 13751 I OPENHU  : [2] WifiDirectManager.onGroupInfoAvailable | WifiDirectManager: Initial BSSID from IPv6 link-local: A2:B1:69:10:68:72
09-15 13:35:54.258 13751 13751 I OPENHU  : [2] WifiDirectManager.onGroupInfoAvailable | WifiDirectManager: onGroupInfoAvailable: SSID: DIRECT-G3-Navegadortz2, BSSID: A2:B1:69:10:68:72 (source=IPv6 link-local), GO: true, IFACE: p2p-wlan0-29, Freq: 5200 MHz (5GHz)
09-15 13:35:54.261 13751 13751 I OPENHU  : [2] WifiDirectManager.onGroupInfoAvailable | WifiDirectManager: group identity ssid=DIRECT-G3-Navegadortz2 persistent=yes (netId 9) asked=persistent matchesRequest=yes bssid=A2:B1:69:10:68:72 stable=no (same name but the BSSID moved from 12:C9:A2:ED:26:C5 to A2:B1:69:10:68:72; this unit re-addresses the group on every create) source=IPv6 link-local
09-15 13:35:54.265 13751 13751 I OPENHU  : [2] WifiDirectManager.logStationCoexistence | WifiDirectManager: This unit is not connected to any other WiFi network while hosting the WiFi Direct group on 5200 MHz. The radio serves the group alone.
09-15 13:35:54.266 13751 13751 I OPENHU  : [2] WifiDirectManager.notifyNativeGroupStarted | WifiDirectManager: Native AA WiFi Direct: 5GHz (5200 MHz), 5GHz requested, SSID=DIRECT-G3-Navegadortz2
09-15 13:35:54.269 13751 13751 I OPENHU  : [2] MainActivity.renderNetworkLine | MainActivity: status pill network: WiFi Direct on 5 GHz (5200 MHz)
09-15 13:35:54.278 13751 13865 I OPENHU  : [67] WifiDirectManager.onGroupInfoAvailable$lambda$11 | WifiDirectManager: SUCCESS - Providing credentials to listener. SSID=DIRECT-G3-Navegadortz2, IP=192.168.49.1, BSSID=A2:B1:69:10:68:72, identity stable=no
09-15 13:35:54.282 13751 13865 I OPENHU  : [67] WifiLauncherNative.onNativeCredentials | AapService: Received WiFi credentials from manager (SSID=DIRECT-G3-Navegadortz2, IP=192.168.49.1). Updating and Triggering Poke.
09-15 13:35:54.283 13751 13865 I OPENHU  : [67] NativeAaHandshakeManager.updateWifiCredentials | NativeAA: Credentials updated. SSID=DIRECT-G3-Navegadortz2, IP=192.168.49.1, BSSID=A2:B1:69:10:68:72, identity stable=no
09-15 13:35:54.285 13751 13751 I OPENHU  : [2] MainActivity.renderStagePill | MainActivity: status pill step: WAKING_PHONE
09-15 13:35:54.288 13751 13865 D OPENHU  : [67] NativeAaHandshakeManager.triggerPoke | NativeAA: a wake poke is already running for these credentials - not restarting it.
09-15 13:35:54.405 13751 13850 I OPENHU  : [62] 2.invokeSuspend | NativeAA: Attempting active poke to device: motorola edge 30 neo (A0:46:5A:97:E4:95)...
09-15 13:35:54.421 13751 13850 I OPENHU  : [62] NativeAaHandshakeManager.pokeDevice | NativeAA: Calling socket.connect() for motorola edge 30 neo via HFP-AG (0000111f-0000-1000-8000-00805f9b34fb)...
09-15 13:35:55.041 13751 13751 I OPENHU  : [2] WifiDirectManager.onGroupInfoAvailable | WifiDirectManager: System Location Check: GPS=true, Network=true
09-15 13:35:55.052 13751 13751 I OPENHU  : [2] WifiDirectManager.onGroupInfoAvailable | WifiDirectManager: BSSID read from the IPv6 link-local address of p2p-wlan0-29 (EUI-64): A2:B1:69:10:68:72
09-15 13:35:55.053 13751 13751 I OPENHU  : [2] WifiDirectManager.onGroupInfoAvailable | WifiDirectManager: Initial BSSID from IPv6 link-local: A2:B1:69:10:68:72
09-15 13:35:55.055 13751 13751 I OPENHU  : [2] WifiDirectManager.onGroupInfoAvailable | WifiDirectManager: onGroupInfoAvailable: SSID: DIRECT-G3-Navegadortz2, BSSID: A2:B1:69:10:68:72 (source=IPv6 link-local), GO: true, IFACE: p2p-wlan0-29, Freq: 5200 MHz (5GHz)
09-15 13:35:55.060 13751 13886 I OPENHU  : [68] WifiDirectManager.onGroupInfoAvailable$lambda$11 | WifiDirectManager: SUCCESS - Providing credentials to listener. SSID=DIRECT-G3-Navegadortz2, IP=192.168.49.1, BSSID=A2:B1:69:10:68:72, identity stable=no
09-15 13:35:55.061 13751 13886 I OPENHU  : [68] WifiLauncherNative.onNativeCredentials | AapService: Received WiFi credentials from manager (SSID=DIRECT-G3-Navegadortz2, IP=192.168.49.1). Updating and Triggering Poke.
09-15 13:35:55.062 13751 13886 I OPENHU  : [68] NativeAaHandshakeManager.updateWifiCredentials | NativeAA: Credentials updated. SSID=DIRECT-G3-Navegadortz2, IP=192.168.49.1, BSSID=A2:B1:69:10:68:72, identity stable=no
09-15 13:35:55.063 13751 13886 D OPENHU  : [68] NativeAaHandshakeManager.triggerPoke | NativeAA: a wake poke is already running for these credentials - not restarting it.
09-15 13:35:55.788 13751 13850 I OPENHU  : [62] NativeAaHandshakeManager.pokeDevice | NativeAA: Successfully poked motorola edge 30 neo via HFP-AG. Holding 15000ms...
09-15 13:35:56.273 13751 13810 I OPENHU  : [53] 1.invokeSuspend | NativeAA: Connection accepted from motorola edge 30 neo (A0:46:5A:97:E4:95) on local radio [Navegadortz2]
09-15 13:35:56.274 13751 13810 I OPENHU  : [53] NativeAaHandshakeManager.refuseAtGate | NativeAA: Selection prompt active (target=null) — refusing connection from A0:46:5A:97:E4:95
09-15 13:36:03.459 13751 13751 I OPENHU  : [2] HomeFragment.connectToNativeDevice | HomeFragment: Connecting to Native-AA device: motorola edge 30 neo (A0:46:5A:97:E4:95), btConnected=false
09-15 13:36:03.461 13751 13751 I OPENHU  : [2] MainActivity.beginAutoConnect | Auto-connect: begin (Native-AA driver: motorola edge 30 neo, mode=PILL_THEN_OVERLAY)
09-15 13:36:03.477 13751 13751 I OPENHU  : [2] MainActivity.startAutoConnectWatchdog | Auto-connect: this attempt gives up in 149s (mode=PILL_THEN_OVERLAY)
09-15 13:36:03.500 13751 13751 I OPENHU  : [2] AapService.onStartCommand | AapService: Received manual Native-AA poke request for A0:46:5A:97:E4:95
09-15 13:36:03.501 13751 13751 D OPENHU  : [2] AapService.onStartCommand | AapService: Already in Native AA mode, skipping re-init.
09-15 13:36:03.502 13751 13751 I OPENHU  : [2] NativeAaHandshakeManager.selectDriver | NativeAA: Driver selected: A0:46:5A:97:E4:95
09-15 13:36:03.506 13751 13751 I OPENHU  : [2] NativeAaHandshakeManager.manualPoke | NativeAA: Manual poke requested for motorola edge 30 neo (A0:46:5A:97:E4:95)
09-15 13:36:03.519 13751 13849 I OPENHU  : [61] 2.invokeSuspend | NativeAA: Attempting manual poke to motorola edge 30 neo...
09-15 13:36:03.532 13751 13849 I OPENHU  : [61] NativeAaHandshakeManager.pokeDevice | NativeAA: Calling socket.connect() for motorola edge 30 neo via HFP-AG (0000111f-0000-1000-8000-00805f9b34fb)...
09-15 13:36:03.973 13751 13849 I OPENHU  : [61] NativeAaHandshakeManager.pokeDevice | NativeAA: Successfully poked motorola edge 30 neo via HFP-AG. Holding 20000ms...
09-15 13:36:04.667 13751 13810 I OPENHU  : [53] 1.invokeSuspend | NativeAA: Connection accepted from motorola edge 30 neo (A0:46:5A:97:E4:95) on local radio [Navegadortz2]
09-15 13:36:04.671 13751 13751 I OPENHU  : [2] MainActivity.renderStagePill | MainActivity: status pill step: PHONE_ANSWERED
09-15 13:36:04.688 13751 13849 I OPENHU  : [61] 2.invokeSuspend | NativeAA: Handling handshake for motorola edge 30 neo (A0:46:5A:97:E4:95) on local radio [Navegadortz2]
09-15 13:36:05.002 13751 13849 D OPENHU  : [61] 2.invokeSuspend$feed | NativeAA: Handshake stage NEW -> AWAIT_CREDENTIALS
09-15 13:36:05.003 13751 13849 I OPENHU  : [61] 2.invokeSuspend | NativeAA: Phone connected. Current credentials state: SSID=DIRECT-G3-Navegadortz2, IP=192.168.49.1
09-15 13:36:05.004 13751 13849 I OPENHU  : [61] 2.invokeSuspend | NativeAA: Waiting for WiFi credentials to be ready (Max 60s)...
09-15 13:36:05.005 13751 13849 I OPENHU  : [61] 2.invokeSuspend | NativeAA: this unit read its own WiFi address, so the missing-BSSID record is retired.
09-15 13:36:05.006 13751 13849 I OPENHU  : [61] 2.invokeSuspend | NativeAA: Starting Handshake Exchange:
09-15 13:36:05.007 13751 13849 I OPENHU  : [61] 2.invokeSuspend |   > Target SSID: DIRECT-G3-Navegadortz2
09-15 13:36:05.007 13751 13849 I OPENHU  : [61] 2.invokeSuspend |   > Target IP:   192.168.49.1:5288
09-15 13:36:05.008 13751 13849 I OPENHU  : [61] 2.invokeSuspend |   > BSSID:       A2:B1:69:10:68:72
09-15 13:36:05.009 13751 13849 I OPENHU  : [61] 2.invokeSuspend$runAction | NativeAA: [TX] Sending WifiStartRequest (Type 1)
09-15 13:36:05.034 13751 13849 I OPENHU  : [61] NativeAaHandshakeManager.sendProtobuf | NativeAA: [TX] Wrote TYPE 1 (size 19) to Bluetooth (write() returned; delivery unconfirmed)
09-15 13:36:05.035 13751 13849 D OPENHU  : [61] 2.invokeSuspend$feed | NativeAA: Handshake stage AWAIT_CREDENTIALS -> AWAIT_INFO_REQUEST
09-15 13:36:05.144 13751 13849 I OPENHU  : [61] 2.invokeSuspend$tick | NativeAA: [RX] Received Type 2 (Payload size: 0)
09-15 13:36:05.145 13751 13849 I OPENHU  : [61] 2.invokeSuspend$runAction | NativeAA: Phone ready for WiFi association. Delivering credentials...
09-15 13:36:05.145 13751 13849 I OPENHU  : [61] 2.invokeSuspend$runAction | NativeAA: [TX] Sending WifiInfoResponse (Type 3) with full credentials in 1000ms...
09-15 13:36:05.147 13751 13751 I OPENHU  : [2] MainActivity.renderStagePill | MainActivity: status pill step: SENDING_CREDENTIALS
09-15 13:36:06.148 13751 13849 D OPENHU  : [61] 2.invokeSuspend$runAction | NativeAA: the live credentials still match the ones this handshake captured.
09-15 13:36:06.152 13751 13849 I OPENHU  : [61] NativeAaHandshakeManager.sendProtobuf | NativeAA: [TX] Wrote TYPE 3 (size 61) to Bluetooth (write() returned; delivery unconfirmed)
09-15 13:36:06.153 13751 13849 I OPENHU  : [61] 2.invokeSuspend$runAction | NativeAA: Handshake completed successfully on Bluetooth side.
09-15 13:36:06.156 13751 13849 D OPENHU  : [61] 2.invokeSuspend$feed | NativeAA: Handshake stage AWAIT_INFO_REQUEST -> SETTLING
09-15 13:36:06.157 13751 13849 I OPENHU  : [61] 2.invokeSuspend$tick | NativeAA: [RX] Received Type 7 (Payload size: 2)
09-15 13:36:06.162 13751 13849 I OPENHU  : [61] NativeAaHandshakeManager.logReceivedDetail | NativeAA: [RX] WifiStartResponse ip= status=SUCCESS(0)
09-15 13:36:06.164 13751 13751 I OPENHU  : [2] MainActivity.renderStagePill | MainActivity: status pill step: PHONE_JOINING
09-15 13:36:06.553 13751 13751 I OPENHU  : [2] 1.onReceive | WifiDirectManager: Connected. Requesting info...
09-15 13:36:06.561 13751 13751 D OPENHU  : [2] 2.invoke | WifiDirectManager: Pre-fetched localDeviceAddress on connect: 02:00:00:00:00:00
09-15 13:36:06.563 13751 13751 I OPENHU  : [2] WifiDirectManager.onConnectionInfoAvailable | WifiDirectManager: Group formed. Owner: true, GO IP: 192.168.49.1
09-15 13:36:06.567 13751 13751 I OPENHU  : [2] 1.invoke | WifiDirectManager: Updated localDeviceAddress via requestDeviceInfo: 02:00:00:00:00:00
09-15 13:36:06.573 13751 13751 I OPENHU  : [2] WifiDirectManager.onGroupInfoAvailable | WifiDirectManager: System Location Check: GPS=true, Network=true
09-15 13:36:06.579 13751 13751 I OPENHU  : [2] WifiDirectManager.onGroupInfoAvailable | WifiDirectManager: BSSID read from the IPv6 link-local address of p2p-wlan0-29 (EUI-64): A2:B1:69:10:68:72
09-15 13:36:06.579 13751 13751 I OPENHU  : [2] WifiDirectManager.onGroupInfoAvailable | WifiDirectManager: Initial BSSID from IPv6 link-local: A2:B1:69:10:68:72
09-15 13:36:06.581 13751 13751 I OPENHU  : [2] WifiDirectManager.onGroupInfoAvailable | WifiDirectManager: onGroupInfoAvailable: SSID: DIRECT-G3-Navegadortz2, BSSID: A2:B1:69:10:68:72 (source=IPv6 link-local), GO: true, IFACE: p2p-wlan0-29, Freq: 5200 MHz (5GHz)
09-15 13:36:06.587 13751 14119 I OPENHU  : [74] WifiDirectManager.onGroupInfoAvailable$lambda$11 | WifiDirectManager: SUCCESS - Providing credentials to listener. SSID=DIRECT-G3-Navegadortz2, IP=192.168.49.1, BSSID=A2:B1:69:10:68:72, identity stable=no
09-15 13:36:06.588 13751 14119 I OPENHU  : [74] WifiLauncherNative.onNativeCredentials | AapService: Received WiFi credentials from manager (SSID=DIRECT-G3-Navegadortz2, IP=192.168.49.1). Updating and Triggering Poke.
09-15 13:36:06.589 13751 14119 I OPENHU  : [74] NativeAaHandshakeManager.updateWifiCredentials | NativeAA: Credentials updated. SSID=DIRECT-G3-Navegadortz2, IP=192.168.49.1, BSSID=A2:B1:69:10:68:72, identity stable=no
09-15 13:36:06.589 13751 14119 I OPENHU  : [74] NativeAaHandshakeManager.triggerPoke | NativeAA: Handoff still settling — not starting a poke that would compete with the phone's WiFi association.
09-15 13:36:06.733 13751 13849 I OPENHU  : [61] 2.invokeSuspend$tick | NativeAA: [RX] Received Type 6 (Payload size: 2)
09-15 13:36:06.738 13751 13849 I OPENHU  : [61] NativeAaHandshakeManager.logReceivedDetail | NativeAA: [RX] WifiConnectStatus status=SUCCESS(0) (SUCCESS = the phone got onto our network)
09-15 13:36:06.740 13751 13849 I OPENHU  : [61] 2.invokeSuspend$runAction | NativeAA: Phone reports it is still joining — extending the settling window.
09-15 13:36:07.147 13751 13811 I OPENHU  : [54] 1.invokeSuspend | WirelessServer: Incoming connection detected from /192.168.49.81
09-15 13:36:07.149 13751 13811 D OPENHU  : [54] 1.invokeSuspend | WirelessServer: Waiting for TCP connection on port 5288...
09-15 13:36:07.150 13751 13751 I OPENHU  : [2] 2.invokeSuspend | WirelessServer: Accepted client connection from /192.168.49.81. Passing to CommManager...
09-15 13:36:07.161 13751 13751 I OPENHU  : [2] MainActivity.renderStagePill | MainActivity: status pill step: CONNECTING
09-15 13:36:07.165 13751 13751 I OPENHU  : [2] 1.emit | Auto-connect: a phone is answering, taking the full screen.
09-15 13:36:07.165 13751 13849 I OPENHU  : [61] SocketProjectionConnection.applyLowLatencySocketOptions | Socket low-latency options: tcpNoDelay=true, recvBuf=524288, sendBuf=524288
09-15 13:36:07.170 13751 13751 I OPENHU  : [2] AapService.emitSessionState | AapService: session state connecting
09-15 13:36:07.172 13751 13751 I OPENHU  : [2] AapService.emitSessionState | AapService: session state connected
09-15 13:36:07.182 13751 13751 I OPENHU  : [2] WifiDirectManager.noteSessionHosted | WifiDirectManager: this group has carried a session, so the join watchdog will not recreate it if the phone leaves.
09-15 13:36:07.186 13751 13751 I OPENHU  : [2] AapService.acquireWifiLock | WifiLock acquired (HIGH_PERF)
09-15 13:36:07.192 13751 13751 D OPENHU  : [2] AapService.updateMediaSessionState | MediaSession: State updated to PLAYING, positionMs=0
09-15 13:36:07.195 13751 13751 D OPENHU  : [2] AapService.requestPermanentAudioFocus | Static Audio Focus disabled - skipping permanent audio focus request; focus will be acquired on demand.
09-15 13:36:07.196 13751 13751 I OPENHU  : [2] AapService.onConnected | AapService: Starting GpsLocationService and NightModeManager since connection is established
09-15 13:36:07.206 13751 13751 I OPENHU  : [2] 1.invoke | NightMode update: false
09-15 13:36:07.248 13751 13751 I OPENHU  : [2] GpsLocation.start | Request location updates
09-15 13:36:07.261 13751 13751 I OPENHU  : [2] GpsLocation.start | Last known location:  Location[gps 6****** , -76******  hAcc=5.174181 et=+5h15m28s744ms alt=1519.623 vAcc=6.5685596 vel=0.0 sAcc=0.22372459 bear=345.752 bAcc=39.800415 {Bundle[{satellites=8, maxCn0=25, meanCn0=19}]}]
09-15 13:36:07.268 13751 13751 I OPENHU  : [2] MainActivity.renderStagePill | MainActivity: status pill step: SECURING (not shown, the overlay owns the screen)
09-15 13:36:07.285 13751 13849 I OPENHU  : [61] 2.invokeSuspend$runAction | NativeAA: WiFi session landed. Handshake session ending, releasing Bluetooth connection.
09-15 13:36:07.287 13751 13849 D OPENHU  : [61] 2.invokeSuspend$feed | NativeAA: Handshake stage SETTLING -> DONE
09-15 13:36:07.288 13751 13810 I OPENHU  : [53] 1.invokeSuspend | NativeAA: AA Server socket closed after successful handoff.
09-15 13:36:07.290 13751 13849 I OPENHU  : [61] 2.invokeSuspend | NativeAA: BT Handshake link closed.
09-15 13:36:07.293 13751 13850 D OPENHU  : [62] 1.invokeSuspend | NativeAA: Bluetooth reader ended: bt socket closed, read return: -1
09-15 13:36:07.301 13751 14092 I OPENHU  : [72] AudioStreamCatalog.discover | AudioStreamCatalog: 12 streams available (reported count 12): 0=VOICE_CALL, 1=SYSTEM, 2=RING, 3=MUSIC, 4=ALARM, 5=NOTIFICATION, 6=BLUETOOTH_SCO, 7=SYSTEM_ENFORCED, 8=DTMF, 9=TTS, 10=ACCESSIBILITY, 11=ASSISTANT
09-15 13:36:07.305 13751 14092 I OPENHU  : [72] AapTransport.startHandshake$com_andrerinas_headunitrevived_3_4_0_beta3_githubDebug | Start Aap transport handshake for com.andrerinas.openheadunit.connection.projection.SocketProjectionConnection@7d9f2b9
09-15 13:36:07.308 13751 14092 D OPENHU  : [72] AapTransport.handshake | Handshake: Starting version request. TS: 18929042
09-15 13:36:07.310 13751 14092 D OPENHU  : [72] AapTransport.handshake | Handshake: Version request sent. ret: 10. attempt: 1. TS: 18929043
09-15 13:36:07.311 13751 14092 D OPENHU  : [72] AapTransport.handshake | Handshake: Waiting for version response. TS: 18929044
09-15 13:36:07.360 13751 14092 I OPENHU  : [72] AapTransport.handshake | Handshake: Version response received (ret=12, attempt=1).
09-15 13:36:07.361 13751 14092 I OPENHU  : [72] AapTransport.handshake | Handshake: Version response recv ret: 12
09-15 13:36:07.361 13751 14092 D OPENHU  : [72] AapTransport.handshake | Handshake: Starting SSL handshake via performHandshake(). TS: 18929095
09-15 13:36:07.557 13751 14092 I OPENHU  : [72] AapSslContext.performHandshake | SSL handshake complete. Session id: snYhiX3g7nuOiaoIQMluuDD/0IWgFQ7zoFJUckoZdhE=
09-15 13:36:07.558 13751 14092 D OPENHU  : [72] AapTransport.handshake | Handshake: SSL buffers reset after handshake.
09-15 13:36:07.559 13751 14092 D OPENHU  : [72] AapTransport.handshake | Handshake: SSL handshake complete. TS: 18929292
09-15 13:36:07.560 13751 14092 D OPENHU  : [72] AapTransport.handshake | Handshake: Status OK sent. ret: 8. TS: 18929293
09-15 13:36:07.561 13751 14092 I OPENHU  : [72] AapTransport.handshake | Handshake: Status OK sent: 8
09-15 13:36:07.561 13751 14092 D OPENHU  : [72] AapTransport.handshake | Handshake: Handshake successful. TS: 18929295
09-15 13:36:07.568 13751 13751 I OPENHU  : [2] MainActivity.renderStagePill | MainActivity: status pill step: STARTING_PROJECTION (not shown, the overlay owns the screen)
09-15 13:36:07.570 13751 13751 I OPENHU  : [2] 1.emit | Auto-connect overlay: handshake complete, handing off to projection
09-15 13:36:07.639 13751 13751 I OPENHU  : [2] AapService.launchViaOverlayTrampoline | Overlay trampoline: startActivity succeeded
09-15 13:36:07.846 13751 13751 I OPENHU  : [2] AapProjectionActivity.onCreate | HeadUnit for Android Auto (tm) - Copyright 2011-2015 Michael A. Reid., since 2025 André Rinas All Rights Reserved...
09-15 13:36:07.848 13751 13751 I OPENHU  : [2] AapProjectionActivity.setupProjectionView | Projection backend: viewMode=TEXTURE override=false SoC=uis7861_6h10 board=uis7861_6h10 mfr=UNISOC model=MT50_YT610E4GFPSL_U API=34
09-15 13:36:07.848 13751 13751 I OPENHU  : [2] AapProjectionActivity.setupProjectionView | Using TextureView
09-15 13:36:07.850 13751 13751 I OPENHU  : [2] HeadUnitScreenConfig.init | [UI_DEBUG] HeadUnitScreenConfig: Raw size: 1304x720, usable: 1440x720, orientation setting: SYSTEM, configOrientation: 2
09-15 13:36:07.851 13751 13751 I OPENHU  : [2] HeadUnitScreenConfig.init | [UI_DEBUG] HeadUnitScreenConfig: Final normalized size: 1304x720, usable: 1440x720
09-15 13:36:07.854 13751 13751 I OPENHU  : [2] HeadUnitScreenConfig.init | [UI_DEBUG] HeadUnitScreenConfig: Honest Init | Mode: IMMERSIVE | Anchor: 1440x720 (from WINDOW) | Seeded Insets: L0 T0 R0 B0
09-15 13:36:08.021 13751 13751 I OPENHU  : [2] HeadUnitScreenConfig.recalculate | [RES_CAP] resolutionId=0 realScreen=1440x720 usable=1440x720 portrait=false locked=false chosen=_1280x720 capped=_1280x720 changed=false linkCapped=none
09-15 13:36:08.021 13751 13751 I OPENHU  : [2] HeadUnitScreenConfig.recalculate | [UI_DEBUG] CarScreen: usable area 1440x720, using _1280x720
09-15 13:36:08.025 13751 13751 I OPENHU  : [2] HeadUnitScreenConfig.recalculate | [UI_DEBUG] CarScreen isSmallScreen: true, scaleFactor: 1.0, portraitScaled: false, shape=PAR, margins: w=0, h=0
09-15 13:36:08.039 13751 13751 I OPENHU  : [2] HeadUnitScreenConfig.lockResolution | [UI_DEBUG] HeadUnitScreenConfig: Locking resolution at _1280x720
09-15 13:36:08.043 13751 13751 I OPENHU  : [2] AapProjectionActivity.onNewIntent | AapProjectionActivity: onNewIntent received
09-15 13:36:08.045 13751 13751 I OPENHU  : [2] AapProjectionActivity.onResume | AapProjectionActivity: onResume
09-15 13:36:08.128 13751 13751 I OPENHU  : [2] TextureProjectionView.onSurfaceTextureAvailable | TextureProjectionView: Surface available: 1440x720
09-15 13:36:08.128 13751 13751 I OPENHU  : [2] AapProjectionActivity.onSurfaceCreated | [UI_DEBUG] [AapProjectionActivity] onSurfaceCreated
09-15 13:36:08.129 13751 13751 I OPENHU  : [2] AapProjectionActivity.onSurfaceChanged | [UI_DEBUG] [AapProjectionActivity] onSurfaceChanged. Actual surface dimensions: width=1440, height=720
09-15 13:36:08.130 13751 13751 I OPENHU  : [2] VideoDecoder.setSurface | New surface set: Surface(name=android.graphics.SurfaceTexture@c775c7e)/@0x474f5df
09-15 13:36:08.131 13751 13751 I OPENHU  : [2] VideoDecoder.stop | Decoder stopped: New surface
09-15 13:36:08.135 13751 14092 I OPENHU  : [72] AapTransport.startReading$com_andrerinas_headunitrevived_3_4_0_beta3_githubDebug | Start Aap transport read loop
09-15 13:36:08.153 13751 14127 I OPENHU  : [77] Base.auditFragment | AapRead: largest message body so far: 874 bytes (on CONTROL)
09-15 13:36:08.156 13751 14127 D OPENHU  : [77] Companion.decrypt | RECV: CONTROL Service Discovery Request type: 5 flags: 11 size: 845 dataOffset: 2
09-15 13:36:08.160 13751 13751 I OPENHU  : [2] GpsLocation.onLocationChanged | GpsLocation: first fix after 0s
09-15 13:36:08.160 13751 13751 V OPENHU  : [2] GpsLocation.onLocationChanged | GpsLocation: fix received
09-15 13:36:08.166 13751 13751 I OPENHU  : [2] 1.onReceive | Received request to resend night mode state
09-15 13:36:08.168 13751 14127 I OPENHU  : [77] AapControlService.serviceDiscoveryRequest | Service Discovery Request: Android
09-15 13:36:08.169 13751 13751 I OPENHU  : [2] 1.invoke | NightMode update: false
09-15 13:36:08.170 13751 13751 I OPENHU  : [2] AapTransport.noteDroppedSensorEvent | AapTransport: dropping sensor events, isAlive=true startedSensors=[] droppedByType={10=1}
09-15 13:36:08.178 13751 14127 I OPENHU  : [77] HeadUnitScreenConfig.init | [UI_DEBUG] HeadUnitScreenConfig: Raw size: 1304x720, usable: 1440x720, orientation setting: SYSTEM, configOrientation: 2
09-15 13:36:08.179 13751 14127 I OPENHU  : [77] HeadUnitScreenConfig.init | [UI_DEBUG] HeadUnitScreenConfig: Final normalized size: 1304x720, usable: 1440x720
09-15 13:36:08.188 13751 14127 I OPENHU  : [77] Companion.makeProto | [ServiceDiscovery] Announcing NIGHT sensor support. Strategy: AUTO
09-15 13:36:08.192 13751 13751 I OPENHU  : [2] AapService.emitSessionState | AapService: session state projecting
09-15 13:36:08.195 13751 14127 I OPENHU  : [77] Companion.makeProto | [ServiceDiscovery] NegotiatedResolution is: 1280x720
09-15 13:36:08.200 13751 14127 I OPENHU  : [77] Companion.logNegotiatedCodecCapability | [ServiceDiscovery] Negotiating a profile this device claims to carry: codec=c2.unisoc.avc.decoder mime=video/avc target=1280x720@60 sizeSupported=true rateSupported=true sustains=true widths=[64, 1920] heights=[64, 3840] featureLowLatency=false featureAdaptivePlayback=true
09-15 13:36:08.201 13751 13751 D OPENHU  : [2] AapService.maybeAutoResumePlaybackOnReconnect | AapService: Skipping auto-resume playback (wasPlaying=false, elapsed=18929934ms)
09-15 13:36:08.202 13751 14127 I OPENHU  : [77] Companion.makeProto | [ServiceDiscovery] Margins are: 0x0
09-15 13:36:08.205 13751 14127 I OPENHU  : [77] Companion.makeProto | [ServiceDiscovery] PixelAspectRatioE4 is: 11250 (10000 = square)
09-15 13:36:08.206 13751 13751 I OPENHU  : [2] AapTransport.noteDroppedSensorEvent | AapTransport: dropping sensor events, isAlive=true startedSensors=[] droppedByType={1=1, 10=1}
09-15 13:36:08.216 13751 13751 I OPENHU  : [2] 1.onReceive | Received request to resend night mode state
09-15 13:36:08.218 13751 13751 I OPENHU  : [2] 1.invoke | NightMode update: false
09-15 13:36:08.221 13751 14127 I OPENHU  : [77] Companion.makeProto | BT MAC Address is empty, so no Bluetooth service is announced. The phone is not told where to connect hands-free, and Android Auto keeps phone calls on the phone until it is
09-15 13:36:08.233 13751 14127 V OPENHU  : [77] AapTransport.send | CONTROL Service Discovery Response type: 6 flags: 11 size: 477 dataOffset: 6
09-15 13:36:08.394 13751 14127 D OPENHU  : [77] Companion.decrypt | RECV: CONTROL Audio Focus Request type: 18 flags: 11 size: 4 dataOffset: 2
09-15 13:36:08.396 13751 14127 I OPENHU  : [77] AapControlService.audioFocusRequest | Audio Focus Request: RELEASE
09-15 13:36:08.398 13751 14127 I OPENHU  : [77] AapControlService.audioFocusRequest | Sending immediate AudioFocusNotification: STATE_LOSS (always-grant)
09-15 13:36:08.399 13751 14127 V OPENHU  : [77] AapTransport.send | CONTROL Audio Focus Notification type: 19 flags: 11 size: 8 dataOffset: 6
09-15 13:36:08.402 13751 14127 D OPENHU  : [77] AapService.updateMediaSessionState | MediaSession: State updated to STOPPED, positionMs=0
09-15 13:36:08.403 13751 14127 I OPENHU  : [77] AapAudio.requestFocusChange | Audio Focus Request: stream=3, type=4
09-15 13:36:08.403 13751 14127 I OPENHU  : [77] AapAudio.requestFocusChange | Releasing audio focus
09-15 13:36:08.406 13751 14127 D OPENHU  : [77] Companion.decrypt | RECV: SENSOR Channel Open Request type: 7 flags: 15 size: 6 dataOffset: 2
09-15 13:36:08.409 13751 14127 V OPENHU  : [77] AapTransport.send | SENSOR Channel Open Response type: 8 flags: 15 size: 8 dataOffset: 6
09-15 13:36:08.412 13751 14127 V OPENHU  : [77] AapTransport.send | SENSOR Sensor Event type: 32771 flags: 11 size: 10 dataOffset: 6
09-15 13:36:08.415 13751 14127 D OPENHU  : [77] Companion.decrypt | RECV: VIDEO Channel Open Request type: 7 flags: 15 size: 6 dataOffset: 2
09-15 13:36:08.417 13751 14127 V OPENHU  : [77] AapTransport.send | VIDEO Channel Open Response type: 8 flags: 15 size: 8 dataOffset: 6
09-15 13:36:08.419 13751 14127 D OPENHU  : [77] Companion.decrypt | RECV: INPUT Channel Open Request type: 7 flags: 15 size: 6 dataOffset: 2
09-15 13:36:08.420 13751 14127 V OPENHU  : [77] AapTransport.send | INPUT Channel Open Response type: 8 flags: 15 size: 8 dataOffset: 6
09-15 13:36:08.423 13751 14127 D OPENHU  : [77] Companion.decrypt | RECV: AUDIO2 Channel Open Request type: 7 flags: 15 size: 6 dataOffset: 2
09-15 13:36:08.424 13751 14127 V OPENHU  : [77] AapTransport.send | AUDIO2 Channel Open Response type: 8 flags: 15 size: 8 dataOffset: 6
09-15 13:36:08.426 13751 14127 D OPENHU  : [77] Companion.decrypt | RECV: AUDIO1 Channel Open Request type: 7 flags: 15 size: 6 dataOffset: 2
09-15 13:36:08.427 13751 14127 V OPENHU  : [77] AapTransport.send | AUDIO1 Channel Open Response type: 8 flags: 15 size: 8 dataOffset: 6
09-15 13:36:08.429 13751 14127 D OPENHU  : [77] Companion.decrypt | RECV: AUDIO Channel Open Request type: 7 flags: 15 size: 6 dataOffset: 2
09-15 13:36:08.430 13751 14127 V OPENHU  : [77] AapTransport.send | AUDIO Channel Open Response type: 8 flags: 15 size: 8 dataOffset: 6
09-15 13:36:08.441 13751 14127 D OPENHU  : [77] Companion.decrypt | RECV: MIC Channel Open Request type: 7 flags: 15 size: 6 dataOffset: 2
09-15 13:36:08.441 13751 14127 V OPENHU  : [77] AapTransport.send | MIC Channel Open Response type: 8 flags: 15 size: 8 dataOffset: 6
09-15 13:36:08.444 13751 14127 D OPENHU  : [77] Companion.decrypt | RECV: MUSIC_PLAYBACK Channel Open Request type: 7 flags: 15 size: 6 dataOffset: 2
09-15 13:36:08.445 13751 14127 V OPENHU  : [77] AapTransport.send | MUSIC_PLAYBACK Channel Open Response type: 8 flags: 15 size: 8 dataOffset: 6
09-15 13:36:08.448 13751 14127 D OPENHU  : [77] Companion.decrypt | RECV: NAVIGATION_DIRECTIONS Channel Open Request type: 7 flags: 15 size: 6 dataOffset: 2
09-15 13:36:08.448 13751 14127 V OPENHU  : [77] AapTransport.send | NAVIGATION_DIRECTIONS Channel Open Response type: 8 flags: 15 size: 8 dataOffset: 6
09-15 13:36:08.476 13751 14127 D OPENHU  : [77] Companion.decrypt | RECV: SENSOR Sensor Start Request type: 32769 flags: 11 size: 6 dataOffset: 2
09-15 13:36:08.478 13751 14127 I OPENHU  : [77] AapControlSensor.sensorStartRequest | Sensor Start Request sensor: DRIVING_STATUS, minUpdatePeriod: 0
09-15 13:36:08.480 13751 14127 I OPENHU  : [77] AapControlSensor.sensorStartRequest | SENSOR Sensor Start Response type: 32770 flags: 11 size: 8 dataOffset: 6
09-15 13:36:08.481 13751 14127 V OPENHU  : [77] AapTransport.send | SENSOR Sensor Start Response type: 32770 flags: 11 size: 8 dataOffset: 6
09-15 13:36:08.484 13751 14127 D OPENHU  : [77] Companion.decrypt | RECV: INPUT Input Binding Request type: 32770 flags: 11 size: 68 dataOffset: 2
09-15 13:36:08.488 13751 14127 V OPENHU  : [77] AapTransport.send | INPUT Input Binding Response type: 32771 flags: 11 size: 8 dataOffset: 6
09-15 13:36:08.491 13751 14127 D OPENHU  : [77] Companion.decrypt | RECV: VIDEO Media Setup Request type: 32768 flags: 11 size: 4 dataOffset: 2
09-15 13:36:08.493 13751 14125 W OPENHU  : [75] AapVideo.process | AapVideo: Dropped Flag 11 packet. len=4
09-15 13:36:08.493 13751 14127 I OPENHU  : [77] AapControlMedia.mediaSinkSetupRequest | Media Sink Setup Request: 3 on channel VIDEO
09-15 13:36:08.569 13751 14127 I OPENHU  : [77] AapControlMedia.mediaSinkSetupRequest | Config response: status: HEADUNIT
09-15 13:36:08.569 13751 14127 I OPENHU  : max_unacked: 12
09-15 13:36:08.569 13751 14127 I OPENHU  : configuration_indices: 0
09-15 13:36:08.569 13751 14127 I OPENHU  :  (maxUnacked=12)
09-15 13:36:08.570 13751 14127 V OPENHU  : [77] AapTransport.send | VIDEO Media Config Response type: 32771 flags: 11 size: 12 dataOffset: 6
09-15 13:36:08.574 13751 14127 D OPENHU  : [77] Companion.decrypt | RECV: AUDIO2 Media Setup Request type: 32768 flags: 11 size: 4 dataOffset: 2
09-15 13:36:08.575 13751 14127 I OPENHU  : [77] AapControlMedia.mediaSinkSetupRequest | Media Sink Setup Request: 1 on channel AUDIO2
09-15 13:36:08.577 13751 14127 I OPENHU  : [77] AapControlMedia.mediaSinkSetupRequest | Config response: status: HEADUNIT
09-15 13:36:08.577 13751 14127 I OPENHU  : max_unacked: 30
09-15 13:36:08.577 13751 14127 I OPENHU  : configuration_indices: 0
09-15 13:36:08.577 13751 14127 I OPENHU  :  (maxUnacked=30)
09-15 13:36:08.578 13751 14127 V OPENHU  : [77] AapTransport.send | AUDIO2 Media Config Response type: 32771 flags: 11 size: 12 dataOffset: 6
09-15 13:36:08.579 13751 14127 I OPENHU  : [77] AapAudio.startAudioTrack | AudioDecoder.start: channel=5, stream=3, gain=1.0, sampleRate=16000, numberOfBits=16, numberOfChannels=1, isAac=false, source=setup, latencyMultiplier=4, queueCapacity=50, attachHwDspEqualizer=false
09-15 13:36:08.586 13751 14127 I OPENHU  : [77] AudioTrackWrapper.createAudioTrack | Audio stream: 3 buffer size: 12800 (min: 2592) sampleRateInHz: 16000 channelCount: 1
09-15 13:36:08.604 13751 14127 I OPENHU  : [77] AudioTrackWrapper.<init> | AudioTrackWrapper: AUDIO2 can hold 6400 frames (400ms) of the 12800 bytes asked for, keeps 400ms filled, banking 100ms before playing and 250ms after an underrun
09-15 13:36:08.606 13751 14127 V OPENHU  : [77] AapTransport.send | CONTROL Audio Focus Notification type: 19 flags: 11 size: 10 dataOffset: 6
09-15 13:36:08.609 13751 14127 D OPENHU  : [77] Companion.decrypt | RECV: AUDIO1 Media Setup Request type: 32768 flags: 11 size: 4 dataOffset: 2
09-15 13:36:08.610 13751 14127 I OPENHU  : [77] AapControlMedia.mediaSinkSetupRequest | Media Sink Setup Request: 1 on channel AUDIO1
09-15 13:36:08.611 13751 14127 I OPENHU  : [77] AapControlMedia.mediaSinkSetupRequest | Config response: status: HEADUNIT
09-15 13:36:08.611 13751 14127 I OPENHU  : max_unacked: 30
09-15 13:36:08.611 13751 14127 I OPENHU  : configuration_indices: 0
09-15 13:36:08.611 13751 14127 I OPENHU  :  (maxUnacked=30)
09-15 13:36:08.612 13751 14127 V OPENHU  : [77] AapTransport.send | AUDIO1 Media Config Response type: 32771 flags: 11 size: 12 dataOffset: 6
09-15 13:36:08.613 13751 14127 I OPENHU  : [77] AapAudio.startAudioTrack | AudioDecoder.start: channel=4, stream=3, gain=1.0, sampleRate=16000, numberOfBits=16, numberOfChannels=1, isAac=false, source=setup, latencyMultiplier=4, queueCapacity=50, attachHwDspEqualizer=false
09-15 13:36:08.616 13751 14127 I OPENHU  : [77] AudioTrackWrapper.createAudioTrack | Audio stream: 3 buffer size: 12800 (min: 2592) sampleRateInHz: 16000 channelCount: 1
09-15 13:36:08.630 13751 14127 I OPENHU  : [77] AudioTrackWrapper.<init> | AudioTrackWrapper: AUDIO1 can hold 6400 frames (400ms) of the 12800 bytes asked for, keeps 400ms filled, banking 100ms before playing and 250ms after an underrun
09-15 13:36:08.631 13751 14127 V OPENHU  : [77] AapTransport.send | CONTROL Audio Focus Notification type: 19 flags: 11 size: 10 dataOffset: 6
09-15 13:36:08.634 13751 14127 D OPENHU  : [77] Companion.decrypt | RECV: AUDIO Media Setup Request type: 32768 flags: 11 size: 4 dataOffset: 2
09-15 13:36:08.635 13751 14127 I OPENHU  : [77] AapControlMedia.mediaSinkSetupRequest | Media Sink Setup Request: 1 on channel AUDIO
09-15 13:36:08.637 13751 14127 I OPENHU  : [77] AapControlMedia.mediaSinkSetupRequest | Config response: status: HEADUNIT
09-15 13:36:08.637 13751 14127 I OPENHU  : max_unacked: 30
09-15 13:36:08.637 13751 14127 I OPENHU  : configuration_indices: 0
09-15 13:36:08.637 13751 14127 I OPENHU  :  (maxUnacked=30)
09-15 13:36:08.638 13751 14127 V OPENHU  : [77] AapTransport.send | AUDIO Media Config Response type: 32771 flags: 11 size: 12 dataOffset: 6
09-15 13:36:08.639 13751 14127 I OPENHU  : [77] AapAudio.startAudioTrack | AudioDecoder.start: channel=6, stream=3, gain=1.0, sampleRate=48000, numberOfBits=16, numberOfChannels=2, isAac=false, source=setup, latencyMultiplier=8, queueCapacity=50, attachHwDspEqualizer=false
09-15 13:36:08.645 13751 14127 I OPENHU  : [77] AudioTrackWrapper.createAudioTrack | Audio stream: 3 buffer size: 123136 (min: 15392) sampleRateInHz: 48000 channelCount: 2
09-15 13:36:08.659 13751 14127 I OPENHU  : [77] AudioTrackWrapper.<init> | AudioTrackWrapper: AUDIO can hold 30784 frames (641ms) of the 123136 bytes asked for, keeps 641ms filled, banking 200ms before playing and 350ms after an underrun
09-15 13:36:08.661 13751 14127 V OPENHU  : [77] AapTransport.send | CONTROL Audio Focus Notification type: 19 flags: 11 size: 10 dataOffset: 6
09-15 13:36:08.664 13751 14127 D OPENHU  : [77] Companion.decrypt | RECV: SENSOR Sensor Start Request type: 32769 flags: 11 size: 6 dataOffset: 2
09-15 13:36:08.665 13751 14127 I OPENHU  : [77] AapControlSensor.sensorStartRequest | Sensor Start Request sensor: NIGHT, minUpdatePeriod: 0
09-15 13:36:08.665 13751 14127 I OPENHU  : [77] AapControlSensor.sensorStartRequest | SENSOR Sensor Start Response type: 32770 flags: 11 size: 8 dataOffset: 6
09-15 13:36:08.666 13751 14127 V OPENHU  : [77] AapTransport.send | SENSOR Sensor Start Response type: 32770 flags: 11 size: 8 dataOffset: 6
09-15 13:36:08.667 13751 14127 I OPENHU  : [77] AapControlSensor.sensorStartRequest | Night sensor requested. Triggering immediate update.
09-15 13:36:08.672 13751 14127 D OPENHU  : [77] Companion.decrypt | RECV: CONTROL Ping Request type: 11 flags: 11 size: 12 dataOffset: 2
09-15 13:36:08.672 13751 13751 I OPENHU  : [2] 1.onReceive | Received request to resend night mode state
09-15 13:36:08.676 13751 14127 V OPENHU  : [77] AapTransport.send | CONTROL Ping Response type: 12 flags: 11 size: 14 dataOffset: 6
09-15 13:36:08.676 13751 13751 I OPENHU  : [2] 1.invoke | NightMode update: false
09-15 13:36:08.680 13751 13751 V OPENHU  : [2] AapTransport.send | SENSOR Sensor Event type: 32771 flags: 11 size: 10 dataOffset: 6
09-15 13:36:08.783 13751 13751 I OPENHU  : [2] WifiDirectManager.refreshNativeCredentials$lambda$23 | WifiDirectManager: refresh: the group DIRECT-G3-Navegadortz2 is up, so its credentials are read again rather than the group remade.
09-15 13:36:08.787 13751 13751 I OPENHU  : [2] WifiDirectManager.onGroupInfoAvailable | WifiDirectManager: System Location Check: GPS=true, Network=true
09-15 13:36:08.793 13751 13751 I OPENHU  : [2] WifiDirectManager.onGroupInfoAvailable | WifiDirectManager: BSSID read from the IPv6 link-local address of p2p-wlan0-29 (EUI-64): A2:B1:69:10:68:72
09-15 13:36:08.794 13751 13751 I OPENHU  : [2] WifiDirectManager.onGroupInfoAvailable | WifiDirectManager: Initial BSSID from IPv6 link-local: A2:B1:69:10:68:72
09-15 13:36:08.796 13751 13751 I OPENHU  : [2] WifiDirectManager.onGroupInfoAvailable | WifiDirectManager: onGroupInfoAvailable: SSID: DIRECT-G3-Navegadortz2, BSSID: A2:B1:69:10:68:72 (source=IPv6 link-local), GO: true, IFACE: p2p-wlan0-29, Freq: 5200 MHz (5GHz)
09-15 13:36:08.805 13751 13751 I OPENHU  : [2] WifiDirectManager.onConnectionInfoAvailable | WifiDirectManager: Group formed. Owner: true, GO IP: 192.168.49.1
09-15 13:36:08.809 13751 14141 I OPENHU  : [84] WifiDirectManager.onGroupInfoAvailable$lambda$11 | WifiDirectManager: SUCCESS - Providing credentials to listener. SSID=DIRECT-G3-Navegadortz2, IP=192.168.49.1, BSSID=A2:B1:69:10:68:72, identity stable=no
09-15 13:36:08.811 13751 14141 I OPENHU  : [84] WifiLauncherNative.onNativeCredentials | AapService: Received WiFi credentials from manager (SSID=DIRECT-G3-Navegadortz2, IP=192.168.49.1). Updating and Triggering Poke.
09-15 13:36:08.811 13751 13751 I OPENHU  : [2] 1.invoke | WifiDirectManager: Updated localDeviceAddress via requestDeviceInfo: 02:00:00:00:00:00
09-15 13:36:08.812 13751 14141 I OPENHU  : [84] NativeAaHandshakeManager.updateWifiCredentials | NativeAA: Credentials updated. SSID=DIRECT-G3-Navegadortz2, IP=192.168.49.1, BSSID=A2:B1:69:10:68:72, identity stable=no
09-15 13:36:08.812 13751 14141 I OPENHU  : [84] WifiLauncherNative.onNativeCredentials | AapService: USB/other session already active. Skipping auto-poke to avoid pulling phone into wireless flow.
09-15 13:36:08.819 13751 13751 I OPENHU  : [2] WifiDirectManager.onGroupInfoAvailable | WifiDirectManager: System Location Check: GPS=true, Network=true
09-15 13:36:08.825 13751 13751 I OPENHU  : [2] WifiDirectManager.onGroupInfoAvailable | WifiDirectManager: BSSID read from the IPv6 link-local address of p2p-wlan0-29 (EUI-64): A2:B1:69:10:68:72
09-15 13:36:08.826 13751 13751 I OPENHU  : [2] WifiDirectManager.onGroupInfoAvailable | WifiDirectManager: Initial BSSID from IPv6 link-local: A2:B1:69:10:68:72
09-15 13:36:08.827 13751 13751 I OPENHU  : [2] WifiDirectManager.onGroupInfoAvailable | WifiDirectManager: onGroupInfoAvailable: SSID: DIRECT-G3-Navegadortz2, BSSID: A2:B1:69:10:68:72 (source=IPv6 link-local), GO: true, IFACE: p2p-wlan0-29, Freq: 5200 MHz (5GHz)
09-15 13:36:08.848 13751 14142 I OPENHU  : [85] WifiDirectManager.onGroupInfoAvailable$lambda$11 | WifiDirectManager: SUCCESS - Providing credentials to listener. SSID=DIRECT-G3-Navegadortz2, IP=192.168.49.1, BSSID=A2:B1:69:10:68:72, identity stable=no
09-15 13:36:08.849 13751 14142 I OPENHU  : [85] WifiLauncherNative.onNativeCredentials | AapService: Received WiFi credentials from manager (SSID=DIRECT-G3-Navegadortz2, IP=192.168.49.1). Updating and Triggering Poke.
09-15 13:36:08.850 13751 14142 I OPENHU  : [85] NativeAaHandshakeManager.updateWifiCredentials | NativeAA: Credentials updated. SSID=DIRECT-G3-Navegadortz2, IP=192.168.49.1, BSSID=A2:B1:69:10:68:72, identity stable=no
09-15 13:36:08.850 13751 14142 I OPENHU  : [85] WifiLauncherNative.onNativeCredentials | AapService: USB/other session already active. Skipping auto-poke to avoid pulling phone into wireless flow.
09-15 13:36:09.019 13751 13751 V OPENHU  : [2] GpsLocation.onLocationChanged | GpsLocation: fix received
09-15 13:36:09.040 13751 13751 W OPENHU  : [2] 1.run | Watchdog: No video received yet. Requesting Keyframe (Unsolicited Focus)...
09-15 13:36:09.047 13751 13751 V OPENHU  : [2] AapTransport.send | VIDEO Video Focus Notification type: 32776 flags: 11 size: 10 dataOffset: 6
09-15 13:36:09.091 13751 14127 D OPENHU  : [77] Companion.decrypt | RECV: VIDEO Media Start Request type: 32769 flags: 11 size: 6 dataOffset: 2
09-15 13:36:09.092 13751 14125 W OPENHU  : [75] AapVideo.process | AapVideo: Dropped Flag 11 packet. len=6
09-15 13:36:09.093 13751 14127 I OPENHU  : [77] AapControlMedia.mediaStartRequest | Media Start Request VIDEO: session=0, config_index=0
09-15 13:36:09.294 13751 14127 D OPENHU  : [77] Companion.decrypt | RECV: VIDEO Version Request type: 1 flags: 11 size: 31 dataOffset: 2
09-15 13:36:09.298 13751 14127 I OPENHU  : [77] Base.auditFragment | AapRead: largest message body so far: 3655 bytes (on VIDEO)
09-15 13:36:09.300 13751 14125 I OPENHU  : [75] VideoDecoder.applyStreamDimensions | H.264 SPS parsed: 1280x720 (negotiated 1280x720)
09-15 13:36:09.301 13751 14125 I OPENHU  : [75] AapProjectionActivity.onVideoDimensionsChanged | [AapProjectionActivity] Received video dimensions: 1280x720
09-15 13:36:09.301 13751 14125 I OPENHU  : [75] VideoDecoder.applyParameterSet | Stream SPS (H.264): profile=66 level=32 poc_type=2 num_ref_frames=1 size=1280x720 vui=true bitstream_restriction=true num_reorder_frames=0 max_dec_frame_buffering=1
09-15 13:36:09.303 13751 13751 I OPENHU  : [2] TextureProjectionView.setVideoSize | TextureProjectionView: Video size set to 1280x720
09-15 13:36:09.305 13751 13751 I OPENHU  : [2] HeadUnitScreenConfig.init | [UI_DEBUG] HeadUnitScreenConfig: Raw size: 1304x720, usable: 1440x720, orientation setting: SYSTEM, configOrientation: 2
09-15 13:36:09.306 13751 14125 I OPENHU  : [75] VideoDecoder.findBestCodec | findBestCodec: hw=c2.unisoc.avc.decoder, sw=c2.android.avc.decoder, preferHardware=true, selected=c2.unisoc.avc.decoder
09-15 13:36:09.306 13751 13751 I OPENHU  : [2] HeadUnitScreenConfig.init | [UI_DEBUG] HeadUnitScreenConfig: Final normalized size: 1304x720, usable: 1440x720
09-15 13:36:09.308 13751 14125 I OPENHU  : [75] VideoDecoder.logDecoderCapability | Decoder capability: codec=c2.unisoc.avc.decoder mime=video/avc target=1280x720@60 sizeSupported=true rateSupported=true sustains=true widths=[64, 1920] heights=[64, 3840] featureLowLatency=false featureAdaptivePlayback=true
09-15 13:36:09.312 13751 13751 I OPENHU  : [2] ProjectionViewScaler.updateScale | [UI_DEBUG] Normal Scale. scaleX: 1.0, scaleY: 1.0
09-15 13:36:09.313 13751 13751 I OPENHU  : [2] HeadUnitScreenConfig.init | [UI_DEBUG] HeadUnitScreenConfig: Raw size: 1304x720, usable: 1440x720, orientation setting: SYSTEM, configOrientation: 2
09-15 13:36:09.315 13751 13751 I OPENHU  : [2] HeadUnitScreenConfig.init | [UI_DEBUG] HeadUnitScreenConfig: Final normalized size: 1304x720, usable: 1440x720
09-15 13:36:09.317 13751 13751 I OPENHU  : [2] ProjectionViewScaler.updateScale | [UI_DEBUG] Normal Scale. scaleX: 1.0, scaleY: 1.0
09-15 13:36:09.347 13751 14125 I OPENHU  : [75] VideoDecoder.start | Configuring decoder: c2.unisoc.avc.decoder for 1280x720, max-input-size=675KB, memory=AMPLE (totalRam=3745MB heapLimit=512MB memoryClass=192MB lowRamFlag=false), queue=30 frames, optionalKeys=none
09-15 13:36:09.369 13751 14162 I OPENHU  : [88] VideoDecoder.outputThreadLoop | Output thread started
09-15 13:36:09.369 13751 14125 I OPENHU  : [75] VideoDecoder.start | Codec initialized: c2.unisoc.avc.decoder
09-15 13:36:09.370 13751 14163 I OPENHU  : [89] VideoDecoder.feedThreadLoop | Feed thread started (queue holds 30 frames, 500ms at 60fps)
09-15 13:36:09.373 13751 14163 I OPENHU  : [89] VideoDecoder.feedInputBuffer | Codec input buffer: requested 675KB, got 1024KB per buffer
09-15 13:36:09.375 13751 14163 I OPENHU  : [89] VideoDecoder.reportContentOnce | VideoDecoder: access unit classified PARAMETER_SETS_ONLY - flagged to the codec as configuration (first this session)
09-15 13:36:09.382 13751 14163 I OPENHU  : [89] VideoDecoder.reportContentOnce | VideoDecoder: access unit classified NO_PARAMETER_SETS - an ordinary frame (first this session)
09-15 13:36:09.385 13751 14163 I OPENHU  : [89] VideoDecoder.feedInputBuffer | VideoDecoder: keyframe reached the codec (3616 bytes)
09-15 13:36:09.399 13751 14162 I OPENHU  : [88] VideoDecoder.handleOutputFormatChange | Output Format Changed: {crop-right=1279, max-height=720, sar-width=1, color-format=2130708361, mime=video/raw, priority=1, color-standard=2, vendor.coding.scene-mode.value=6, color-transfer=3, sar-height=1, crop-bottom=719, max-width=1280, crop-left=0, width=1280, color-range=2, crop-top=0, rotation-degrees=0, height=720}
09-15 13:36:09.415 13751 14162 I OPENHU  : [88] VideoDecoder.outputThreadLoop | VideoDecoder: keyframe decoded - the picture is repaired
09-15 13:36:09.416 13751 14162 I OPENHU  : [88] VideoDecoder.outputThreadLoop | First frame rendered (hardware decode)
09-15 13:36:09.432 13751 13751 I OPENHU  : [2] AapProjectionActivity.hideLoadingOverlay | Hiding loading overlay after first video frame
09-15 13:36:09.463 13751 13751 D OPENHU  : [2] BluetoothHelper.driverCandidates | BluetoothHelper: driver candidate motorola edge 30 neo (A0:46:5A:97:E4:95) -> PHONE, vouched for by a stored MAC
09-15 13:36:09.486 13751 13751 D OPENHU  : [2] BluetoothHelper.driverCandidates | BluetoothHelper: driver candidate POCO X3 NFC (DC:B7:2E:5E:4E:59) -> PHONE, advertises the Audio Gateway record
09-15 13:36:09.487 13751 13751 D OPENHU  : [2] BluetoothHelper.driverCandidates | BluetoothHelper: driver candidates: 2 phone, 0 unknown, 0 not a phone
09-15 13:36:09.615 13751 14127 D OPENHU  : [77] Companion.decrypt | RECV: CONTROL Ping Request type: 11 flags: 11 size: 12 dataOffset: 2
09-15 13:36:09.616 13751 14127 V OPENHU  : [77] AapTransport.send | CONTROL Ping Response type: 12 flags: 11 size: 14 dataOffset: 6
09-15 13:36:09.619 13751 14127 D OPENHU  : [77] Companion.decrypt | RECV: SENSOR Sensor Start Request type: 32769 flags: 11 size: 6 dataOffset: 2
09-15 13:36:09.620 13751 14127 I OPENHU  : [77] AapControlSensor.sensorStartRequest | Sensor Start Request sensor: LOCATION, minUpdatePeriod: 0
09-15 13:36:09.621 13751 14127 I OPENHU  : [77] AapControlSensor.sensorStartRequest | SENSOR Sensor Start Response type: 32770 flags: 11 size: 8 dataOffset: 6
09-15 13:36:09.621 13751 14127 V OPENHU  : [77] AapTransport.send | SENSOR Sensor Start Response type: 32770 flags: 11 size: 8 dataOffset: 6
09-15 13:36:09.628 13751 14127 V OPENHU  : [77] AapTransport.send | SENSOR Sensor Event type: 32771 flags: 11 size: 46 dataOffset: 6
09-15 13:36:09.629 13751 14127 I OPENHU  : [77] AapControlSensor.sensorStartRequest | LOCATION sensor requested. Sending current fix immediately. sentOnWire=true
09-15 13:36:09.994 13751 13751 V OPENHU  : [2] GpsLocation.onLocationChanged | GpsLocation: fix received
09-15 13:36:10.001 13751 13751 V OPENHU  : [2] AapTransport.send | SENSOR Sensor Event type: 32771 flags: 11 size: 46 dataOffset: 6
09-15 13:36:10.504 13751 14127 D OPENHU  : [77] Companion.decrypt | RECV: CONTROL Ping Request type: 11 flags: 11 size: 12 dataOffset: 2
09-15 13:36:10.506 13751 14127 V OPENHU  : [77] AapTransport.send | CONTROL Ping Response type: 12 flags: 11 size: 14 dataOffset: 6
09-15 13:36:11.014 13751 13751 V OPENHU  : [2] GpsLocation.onLocationChanged | GpsLocation: fix received
09-15 13:36:11.020 13751 13751 V OPENHU  : [2] AapTransport.send | SENSOR Sensor Event type: 32771 flags: 11 size: 46 dataOffset: 6
09-15 13:36:11.499 13751 14127 D OPENHU  : [77] Companion.decrypt | RECV: CONTROL Ping Request type: 11 flags: 11 size: 12 dataOffset: 2
09-15 13:36:11.501 13751 14127 V OPENHU  : [77] AapTransport.send | CONTROL Ping Response type: 12 flags: 11 size: 14 dataOffset: 6
09-15 13:36:11.993 13751 13751 V OPENHU  : [2] GpsLocation.onLocationChanged | GpsLocation: fix received
09-15 13:36:12.001 13751 13751 V OPENHU  : [2] AapTransport.send | SENSOR Sensor Event type: 32771 flags: 11 size: 46 dataOffset: 6
09-15 13:36:12.498 13751 14127 D OPENHU  : [77] Companion.decrypt | RECV: CONTROL Ping Request type: 11 flags: 11 size: 12 dataOffset: 2
09-15 13:36:12.499 13751 14127 V OPENHU  : [77] AapTransport.send | CONTROL Ping Response type: 12 flags: 11 size: 14 dataOffset: 6
09-15 13:36:13.013 13751 13751 V OPENHU  : [2] GpsLocation.onLocationChanged | GpsLocation: fix received
09-15 13:36:13.021 13751 13751 V OPENHU  : [2] AapTransport.send | SENSOR Sensor Event type: 32771 flags: 11 size: 46 dataOffset: 6
09-15 13:36:13.499 13751 14127 D OPENHU  : [77] Companion.decrypt | RECV: CONTROL Ping Request type: 11 flags: 11 size: 12 dataOffset: 2
09-15 13:36:13.500 13751 14127 V OPENHU  : [77] AapTransport.send | CONTROL Ping Response type: 12 flags: 11 size: 14 dataOffset: 6
09-15 13:36:13.912 13751 14127 I OPENHU  : [77] Base.auditFragment | AapRead: largest message body so far: 5707 bytes (on VIDEO)
09-15 13:36:13.967 13751 14127 I OPENHU  : [77] Base.auditFragment | AapRead: largest message body so far: 13426 bytes (on VIDEO)
09-15 13:36:13.998 13751 14127 D OPENHU  : [77] Companion.decrypt | RECV: MUSIC_PLAYBACK Media Playback Status type: 32769 flags: 11 size: 17 dataOffset: 2
09-15 13:36:14.004 13751 14127 D OPENHU  : [77] AapMediaPlayback.processStatusPacket | AapMediaPlayback: status mediaSource='VLC', playbackSeconds(u32)=118, state=PAUSED
09-15 13:36:14.015 13751 13751 V OPENHU  : [2] GpsLocation.onLocationChanged | GpsLocation: fix received
09-15 13:36:14.030 13751 13751 V OPENHU  : [2] AapTransport.send | SENSOR Sensor Event type: 32771 flags: 11 size: 46 dataOffset: 6
09-15 13:36:14.038 13751 14127 I OPENHU  : [77] Base.auditFragment | AapRead: fragment accounting established for VIDEO: channel=2 fragments=2 declaredTotal=17472 observed=17530 delta=-58 perFragment=-29
09-15 13:36:14.040 13751 14127 D OPENHU  : [77] Companion.decrypt | RECV: VIDEO Unknown (57581) type: 57581 flags: 10 size: 1352 dataOffset: 2
09-15 13:36:14.054 13751 14127 D OPENHU  : [77] Companion.decrypt | RECV: VIDEO Unknown (56705) type: 56705 flags: 10 size: 2846 dataOffset: 2
09-15 13:36:14.068 13751 14127 D OPENHU  : [77] Companion.decrypt | RECV: VIDEO Unknown (59343) type: 59343 flags: 10 size: 5209 dataOffset: 2
09-15 13:36:14.087 13751 14127 D OPENHU  : [77] Companion.decrypt | RECV: VIDEO Unknown (27710) type: 27710 flags: 10 size: 7064 dataOffset: 2
09-15 13:36:14.103 13751 14127 D OPENHU  : [77] Companion.decrypt | RECV: VIDEO Unknown (27772) type: 27772 flags: 10 size: 8790 dataOffset: 2
09-15 13:36:14.133 13751 14127 D OPENHU  : [77] Companion.decrypt | RECV: VIDEO Unknown (35673) type: 35673 flags: 10 size: 10514 dataOffset: 2
09-15 13:36:14.139 13751 14127 D OPENHU  : [77] Companion.decrypt | RECV: VIDEO Unknown (60806) type: 60806 flags: 10 size: 12617 dataOffset: 2
09-15 13:36:14.152 13751 14127 D OPENHU  : [77] Companion.decrypt | RECV: VIDEO Unknown (61445) type: 61445 flags: 10 size: 15030 dataOffset: 2
09-15 13:36:14.167 13751 14127 D OPENHU  : [77] Companion.decrypt | RECV: VIDEO Unknown (14945) type: 14945 flags: 8 size: 16124 dataOffset: 2
09-15 13:36:14.170 13751 14127 D OPENHU  : [77] Companion.decrypt | RECV: VIDEO Unknown (59342) type: 59342 flags: 10 size: 61 dataOffset: 2
09-15 13:36:14.187 13751 14127 D OPENHU  : [77] Companion.decrypt | RECV: VIDEO Unknown (3262) type: 3262 flags: 8 size: 16124 dataOffset: 2
09-15 13:36:14.190 13751 14127 D OPENHU  : [77] Companion.decrypt | RECV: VIDEO Unknown (32432) type: 32432 flags: 10 size: 1477 dataOffset: 2
09-15 13:36:14.218 13751 14127 D OPENHU  : [77] Companion.decrypt | RECV: VIDEO Unknown (7390) type: 7390 flags: 8 size: 16124 dataOffset: 2
09-15 13:36:14.220 13751 14127 D OPENHU  : [77] Companion.decrypt | RECV: VIDEO Unknown (54287) type: 54287 flags: 10 size: 2127 dataOffset: 2
09-15 13:36:14.239 13751 14127 D OPENHU  : [77] Companion.decrypt | RECV: VIDEO Unknown (7425) type: 7425 flags: 8 size: 16124 dataOffset: 2
09-15 13:36:14.242 13751 14127 D OPENHU  : [77] Companion.decrypt | RECV: VIDEO Unknown (588) type: 588 flags: 10 size: 2242 dataOffset: 2
09-15 13:36:14.254 13751 14127 D OPENHU  : [77] Companion.decrypt | RECV: VIDEO Unknown (16487) type: 16487 flags: 8 size: 16124 dataOffset: 2
09-15 13:36:14.256 13751 14127 D OPENHU  : [77] Companion.decrypt | RECV: VIDEO Unknown (29886) type: 29886 flags: 10 size: 4832 dataOffset: 2
09-15 13:36:14.275 13751 14127 D OPENHU  : [77] Companion.decrypt | RECV: VIDEO Unknown (28825) type: 28825 flags: 8 size: 16124 dataOffset: 2
09-15 13:36:14.278 13751 14127 D OPENHU  : [77] Companion.decrypt | RECV: VIDEO Unknown (39942) type: 39942 flags: 10 size: 6610 dataOffset: 2
09-15 13:36:14.287 13751 14127 D OPENHU  : [77] Companion.decrypt | RECV: VIDEO Unknown (64) type: 64 flags: 8 size: 16124 dataOffset: 2
09-15 13:36:14.290 13751 14127 D OPENHU  : [77] Companion.decrypt | RECV: VIDEO Unknown (512) type: 512 flags: 10 size: 7160 dataOffset: 2
09-15 13:36:14.300 13751 14127 D OPENHU  : [77] Companion.decrypt | RECV: VIDEO Unknown (33618) type: 33618 flags: 10 size: 8575 dataOffset: 2
09-15 13:36:14.336 13751 14127 D OPENHU  : [77] Companion.decrypt | RECV: VIDEO Unknown (65464) type: 65464 flags: 10 size: 4048 dataOffset: 2
09-15 13:36:14.367 13751 14127 D OPENHU  : [77] Companion.decrypt | RECV: VIDEO Unknown (21845) type: 21845 flags: 10 size: 5597 dataOffset: 2
09-15 13:36:14.390 13751 14162 I OPENHU  : [88] VideoDecoder.logThroughput | Throughput over 5006ms: rendered=124 (24fps), fed=125 (24fps), dropped=0, skipped=0, concealed=0, inputWait=57ms, enqueueWait=0ms, codec=c2.unisoc.avc.decoder, presented=122 (24fps), decodeLatency=10ms p95=22ms (122 frames)
09-15 13:36:14.411 13751 14127 D OPENHU  : [77] Companion.decrypt | RECV: VIDEO Unknown (42260) type: 42260 flags: 10 size: 3363 dataOffset: 2
09-15 13:36:14.432 13751 13751 I OPENHU  : [2] TextureProjectionView.onSurfaceTextureUpdated | TextureProjectionView: displayed 90 frames in 5000ms (18fps), longFrames=1
09-15 13:36:14.432 13751 14127 D OPENHU  : [77] Companion.decrypt | RECV: VIDEO Unknown (30514) type: 30514 flags: 10 size: 7706 dataOffset: 2
09-15 13:36:14.463 13751 14127 D OPENHU  : [77] Companion.decrypt | RECV: VIDEO Unknown (63810) type: 63810 flags: 10 size: 620 dataOffset: 2
09-15 13:36:14.497 13751 14127 D OPENHU  : [77] Companion.decrypt | RECV: VIDEO Unknown (27516) type: 27516 flags: 10 size: 3028 dataOffset: 2
09-15 13:36:14.503 13751 14127 D OPENHU  : [77] Companion.decrypt | RECV: CONTROL Ping Request type: 11 flags: 11 size: 12 dataOffset: 2
09-15 13:36:14.504 13751 14127 V OPENHU  : [77] AapTransport.send | CONTROL Ping Response type: 12 flags: 11 size: 14 dataOffset: 6
09-15 13:36:14.532 13751 14127 D OPENHU  : [77] Companion.decrypt | RECV: VIDEO Unknown (42077) type: 42077 flags: 10 size: 2855 dataOffset: 2
09-15 13:36:14.567 13751 14127 D OPENHU  : [77] Companion.decrypt | RECV: VIDEO Unknown (51435) type: 51435 flags: 10 size: 1720 dataOffset: 2
09-15 13:36:14.720 13751 13751 I OPENHU  : [2] AutomationReceiver.onReceive | AutomationReceiver: com.andrerinas.openheadunit.ACTION_QUERY_STATE
09-15 13:36:14.926 13751 14127 D OPENHU  : [77] Companion.decrypt | RECV: VIDEO Unknown (16488) type: 16488 flags: 8 size: 16124 dataOffset: 2
09-15 13:36:14.929 13751 14127 D OPENHU  : [77] Companion.decrypt | RECV: VIDEO Unknown (24135) type: 24135 flags: 10 size: 790 dataOffset: 2
09-15 13:36:15.031 13751 13751 V OPENHU  : [2] GpsLocation.onLocationChanged | GpsLocation: fix received
09-15 13:36:15.040 13751 13751 V OPENHU  : [2] AapTransport.send | SENSOR Sensor Event type: 32771 flags: 11 size: 46 dataOffset: 6
09-15 13:36:15.051 13751 14127 D OPENHU  : [77] Companion.decrypt | RECV: VIDEO Unknown (527) type: 527 flags: 10 size: 15863 dataOffset: 2
09-15 13:36:15.161 13751 14127 D OPENHU  : [77] Companion.decrypt | RECV: VIDEO Unknown (25072) type: 25072 flags: 8 size: 16124 dataOffset: 2
09-15 13:36:15.165 13751 14127 D OPENHU  : [77] Companion.decrypt | RECV: VIDEO Unknown (9566) type: 9566 flags: 8 size: 16124 dataOffset: 2
09-15 13:36:15.168 13751 14127 D OPENHU  : [77] Companion.decrypt | RECV: VIDEO Unknown (47754) type: 47754 flags: 8 size: 16124 dataOffset: 2
09-15 13:36:15.171 13751 14127 D OPENHU  : [77] Companion.decrypt | RECV: VIDEO Unknown (53376) type: 53376 flags: 8 size: 16124 dataOffset: 2
09-15 13:36:15.173 13751 14127 D OPENHU  : [77] Companion.decrypt | RECV: VIDEO Unknown (28574) type: 28574 flags: 8 size: 16124 dataOffset: 2
09-15 13:36:15.175 13751 14127 D OPENHU  : [77] Companion.decrypt | RECV: VIDEO Unknown (29992) type: 29992 flags: 8 size: 16124 dataOffset: 2
09-15 13:36:15.177 13751 14127 D OPENHU  : [77] Companion.decrypt | RECV: VIDEO Unknown (11448) type: 11448 flags: 8 size: 16124 dataOffset: 2
09-15 13:36:15.179 13751 14127 D OPENHU  : [77] Companion.decrypt | RECV: VIDEO Unknown (48271) type: 48271 flags: 10 size: 15526 dataOffset: 2
09-15 13:36:15.188 13751 14127 D OPENHU  : [77] Companion.decrypt | RECV: MUSIC_PLAYBACK Media Playback Status type: 32771 flags: 11 size: 6002 dataOffset: 2
09-15 13:36:15.275 13751 14127 D OPENHU  : [77] Companion.decrypt | RECV: VIDEO Unknown (16024) type: 16024 flags: 8 size: 16124 dataOffset: 2
09-15 13:36:15.277 13751 14127 D OPENHU  : [77] Companion.decrypt | RECV: VIDEO Unknown (35878) type: 35878 flags: 8 size: 16124 dataOffset: 2
09-15 13:36:15.280 13751 14127 D OPENHU  : [77] Companion.decrypt | RECV: VIDEO Unknown (53234) type: 53234 flags: 8 size: 16124 dataOffset: 2
09-15 13:36:15.283 13751 14127 D OPENHU  : [77] Companion.decrypt | RECV: VIDEO Unknown (65495) type: 65495 flags: 8 size: 16124 dataOffset: 2
09-15 13:36:15.285 13751 14127 D OPENHU  : [77] Companion.decrypt | RECV: VIDEO Unknown (56247) type: 56247 flags: 10 size: 11244 dataOffset: 2
09-15 13:36:15.292 13751 14127 D OPENHU  : [77] Companion.decrypt | RECV: VIDEO Unknown (55172) type: 55172 flags: 10 size: 14939 dataOffset: 2
09-15 13:36:15.387 13751 14127 D OPENHU  : [77] Companion.decrypt | RECV: VIDEO Unknown (59634) type: 59634 flags: 8 size: 16124 dataOffset: 2
09-15 13:36:15.389 13751 14127 D OPENHU  : [77] Companion.decrypt | RECV: VIDEO Unknown (52789) type: 52789 flags: 10 size: 910 dataOffset: 2
09-15 13:36:15.448 13751 14127 D OPENHU  : [77] Companion.decrypt | RECV: VIDEO Unknown (16397) type: 16397 flags: 10 size: 493 dataOffset: 2
09-15 13:36:15.500 13751 14127 D OPENHU  : [77] Companion.decrypt | RECV: CONTROL Ping Request type: 11 flags: 11 size: 12 dataOffset: 2
09-15 13:36:15.501 13751 14127 V OPENHU  : [77] AapTransport.send | CONTROL Ping Response type: 12 flags: 11 size: 14 dataOffset: 6
09-15 13:36:15.890 13751 14127 D OPENHU  : [77] Companion.decrypt | RECV: AUDIO Media Start Request type: 32769 flags: 11 size: 6 dataOffset: 2
09-15 13:36:15.892 13751 14127 I OPENHU  : [77] AapControlMedia.mediaStartRequest | Media Start Request AUDIO: session=0, config_index=0
09-15 13:36:15.897 13751 14127 D OPENHU  : [77] Companion.decrypt | RECV: AUDIO Media Data type: 0 flags: 11 size: 8202 dataOffset: 2
09-15 13:36:15.899 13751 14127 I OPENHU  : [77] AapAudio.onAudioPlaybackStarted | AapAudio: AA audio started (AUDIO) - acquiring transient system audio focus (mode=AUTO)
09-15 13:36:15.903 13751 14127 I OPENHU  : [77] AapAudio.requestPlaybackFocus | AapAudio: Playback transient focus request result: GRANTED
09-15 13:36:15.907 13751 14127 D OPENHU  : [77] Companion.decrypt | RECV: AUDIO Media Data type: 0 flags: 11 size: 8202 dataOffset: 2
09-15 13:36:15.910 13751 14127 D OPENHU  : [77] Companion.decrypt | RECV: AUDIO Media Data type: 0 flags: 11 size: 8202 dataOffset: 2
09-15 13:36:15.914 13751 14127 D OPENHU  : [77] Companion.decrypt | RECV: AUDIO Media Data type: 0 flags: 11 size: 8202 dataOffset: 2
09-15 13:36:15.918 13751 14127 D OPENHU  : [77] Companion.decrypt | RECV: AUDIO Media Data type: 0 flags: 11 size: 8202 dataOffset: 2
09-15 13:36:15.925 13751 14138 I OPENHU  : [82] AudioTrackWrapper.maybeStartPlayback | AudioTrackWrapper: playback started with 8192 frames banked (target 9600) after 16ms
09-15 13:36:15.931 13751 14127 D OPENHU  : [77] Companion.decrypt | RECV: AUDIO Media Data type: 0 flags: 11 size: 8202 dataOffset: 2
09-15 13:36:15.967 13751 14127 D OPENHU  : [77] Companion.decrypt | RECV: AUDIO Media Data type: 0 flags: 11 size: 8202 dataOffset: 2
09-15 13:36:15.996 13751 13751 V OPENHU  : [2] GpsLocation.onLocationChanged | GpsLocation: fix received
09-15 13:36:16.006 13751 13751 V OPENHU  : [2] AapTransport.send | SENSOR Sensor Event type: 32771 flags: 11 size: 46 dataOffset: 6
09-15 13:36:16.010 13751 14127 D OPENHU  : [77] Companion.decrypt | RECV: AUDIO Media Data type: 0 flags: 11 size: 8202 dataOffset: 2
09-15 13:36:16.054 13751 14127 D OPENHU  : [77] Companion.decrypt | RECV: AUDIO Media Data type: 0 flags: 11 size: 8202 dataOffset: 2
09-15 13:36:16.096 13751 14127 D OPENHU  : [77] Companion.decrypt | RECV: AUDIO Media Data type: 0 flags: 11 size: 8202 dataOffset: 2
09-15 13:36:16.137 13751 14127 D OPENHU  : [77] Companion.decrypt | RECV: AUDIO Media Data type: 0 flags: 11 size: 8202 dataOffset: 2
09-15 13:36:16.180 13751 14127 D OPENHU  : [77] Companion.decrypt | RECV: AUDIO Media Data type: 0 flags: 11 size: 8202 dataOffset: 2
09-15 13:36:16.222 13751 14127 D OPENHU  : [77] Companion.decrypt | RECV: VIDEO Unknown (57274) type: 57274 flags: 10 size: 4770 dataOffset: 2
09-15 13:36:16.230 13751 14127 D OPENHU  : [77] Companion.decrypt | RECV: AUDIO Media Data type: 0 flags: 11 size: 8202 dataOffset: 2
09-15 13:36:16.276 13751 14127 D OPENHU  : [77] Companion.decrypt | RECV: AUDIO Media Data type: 0 flags: 11 size: 8202 dataOffset: 2
09-15 13:36:16.308 13751 14127 D OPENHU  : [77] Companion.decrypt | RECV: AUDIO Media Data type: 0 flags: 11 size: 8202 dataOffset: 2
09-15 13:36:16.352 13751 14127 D OPENHU  : [77] Companion.decrypt | RECV: AUDIO Media Data type: 0 flags: 11 size: 8202 dataOffset: 2
09-15 13:36:16.356 13751 14127 D OPENHU  : [77] Companion.decrypt | RECV: MUSIC_PLAYBACK Media Playback Status type: 32769 flags: 11 size: 17 dataOffset: 2
09-15 13:36:16.357 13751 14127 D OPENHU  : [77] AapMediaPlayback.processStatusPacket | AapMediaPlayback: status mediaSource='VLC', playbackSeconds(u32)=119, state=PLAYING
09-15 13:36:16.403 13751 14127 D OPENHU  : [77] Companion.decrypt | RECV: AUDIO Media Data type: 0 flags: 11 size: 8202 dataOffset: 2
09-15 13:36:16.436 13751 14127 D OPENHU  : [77] Companion.decrypt | RECV: AUDIO Media Data type: 0 flags: 11 size: 8202 dataOffset: 2
09-15 13:36:16.484 13751 14127 D OPENHU  : [77] Companion.decrypt | RECV: AUDIO Media Data type: 0 flags: 11 size: 8202 dataOffset: 2
09-15 13:36:16.501 13751 14127 D OPENHU  : [77] Companion.decrypt | RECV: CONTROL Ping Request type: 11 flags: 11 size: 12 dataOffset: 2
09-15 13:36:16.502 13751 14127 V OPENHU  : [77] AapTransport.send | CONTROL Ping Response type: 12 flags: 11 size: 14 dataOffset: 6
09-15 13:36:16.505 13751 14127 D OPENHU  : [77] Companion.decrypt | RECV: MUSIC_PLAYBACK Media Playback Status type: 32769 flags: 11 size: 17 dataOffset: 2
09-15 13:36:16.506 13751 14127 D OPENHU  : [77] AapMediaPlayback.processStatusPacket | AapMediaPlayback: status mediaSource='VLC', playbackSeconds(u32)=119, state=PLAYING
09-15 13:36:16.522 13751 14127 D OPENHU  : [77] Companion.decrypt | RECV: AUDIO Media Data type: 0 flags: 11 size: 8202 dataOffset: 2
09-15 13:36:16.543 13751 14127 D OPENHU  : [77] Companion.decrypt | RECV: MUSIC_PLAYBACK Media Playback Status type: 32771 flags: 11 size: 7819 dataOffset: 2
09-15 13:36:16.567 13751 14127 D OPENHU  : [77] Companion.decrypt | RECV: AUDIO Media Data type: 0 flags: 11 size: 8202 dataOffset: 2
09-15 13:36:16.606 13751 14127 D OPENHU  : [77] Companion.decrypt | RECV: AUDIO Media Data type: 0 flags: 11 size: 8202 dataOffset: 2
09-15 13:36:16.649 13751 14127 D OPENHU  : [77] Companion.decrypt | RECV: AUDIO Media Data type: 0 flags: 11 size: 8202 dataOffset: 2
09-15 13:36:16.692 13751 14127 D OPENHU  : [77] Companion.decrypt | RECV: AUDIO Media Data type: 0 flags: 11 size: 8202 dataOffset: 2
09-15 13:36:16.734 13751 14127 D OPENHU  : [77] Companion.decrypt | RECV: AUDIO Media Data type: 0 flags: 11 size: 8202 dataOffset: 2
09-15 13:36:16.780 13751 14127 D OPENHU  : [77] Companion.decrypt | RECV: AUDIO Media Data type: 0 flags: 11 size: 8202 dataOffset: 2
09-15 13:36:16.820 13751 14127 D OPENHU  : [77] Companion.decrypt | RECV: AUDIO Media Data type: 0 flags: 11 size: 8202 dataOffset: 2
09-15 13:36:16.862 13751 14127 D OPENHU  : [77] Companion.decrypt | RECV: AUDIO Media Data type: 0 flags: 11 size: 8202 dataOffset: 2
09-15 13:36:16.905 13751 14127 D OPENHU  : [77] Companion.decrypt | RECV: AUDIO Media Data type: 0 flags: 11 size: 8202 dataOffset: 2
09-15 13:36:16.947 13751 14127 D OPENHU  : [77] Companion.decrypt | RECV: AUDIO Media Data type: 0 flags: 11 size: 8202 dataOffset: 2
09-15 13:36:16.990 13751 14127 D OPENHU  : [77] Companion.decrypt | RECV: AUDIO Media Data type: 0 flags: 11 size: 8202 dataOffset: 2
09-15 13:36:17.029 13751 13751 V OPENHU  : [2] GpsLocation.onLocationChanged | GpsLocation: fix received
09-15 13:36:17.033 13751 14127 D OPENHU  : [77] Companion.decrypt | RECV: AUDIO Media Data type: 0 flags: 11 size: 8202 dataOffset: 2
09-15 13:36:17.051 13751 13751 V OPENHU  : [2] AapTransport.send | SENSOR Sensor Event type: 32771 flags: 11 size: 46 dataOffset: 6
09-15 13:36:17.077 13751 14127 D OPENHU  : [77] Companion.decrypt | RECV: AUDIO Media Data type: 0 flags: 11 size: 8202 dataOffset: 2
09-15 13:36:17.123 13751 14127 D OPENHU  : [77] Companion.decrypt | RECV: AUDIO Media Data type: 0 flags: 11 size: 8202 dataOffset: 2
09-15 13:36:17.164 13751 14127 D OPENHU  : [77] Companion.decrypt | RECV: AUDIO Media Data type: 0 flags: 11 size: 8202 dataOffset: 2
09-15 13:36:17.204 13751 14127 D OPENHU  : [77] Companion.decrypt | RECV: AUDIO Media Data type: 0 flags: 11 size: 8202 dataOffset: 2
09-15 13:36:17.246 13751 14127 D OPENHU  : [77] Companion.decrypt | RECV: AUDIO Media Data type: 0 flags: 11 size: 8202 dataOffset: 2
09-15 13:36:17.288 13751 14127 D OPENHU  : [77] Companion.decrypt | RECV: AUDIO Media Data type: 0 flags: 11 size: 8202 dataOffset: 2
09-15 13:36:17.335 13751 14127 D OPENHU  : [77] Companion.decrypt | RECV: AUDIO Media Data type: 0 flags: 11 size: 8202 dataOffset: 2
09-15 13:36:17.373 13751 14127 D OPENHU  : [77] Companion.decrypt | RECV: AUDIO Media Data type: 0 flags: 11 size: 8202 dataOffset: 2
09-15 13:36:17.417 13751 14127 D OPENHU  : [77] Companion.decrypt | RECV: AUDIO Media Data type: 0 flags: 11 size: 8202 dataOffset: 2
09-15 13:36:17.459 13751 14127 D OPENHU  : [77] Companion.decrypt | RECV: AUDIO Media Data type: 0 flags: 11 size: 8202 dataOffset: 2
09-15 13:36:17.503 13751 14127 D OPENHU  : [77] Companion.decrypt | RECV: AUDIO Media Data type: 0 flags: 11 size: 8202 dataOffset: 2
09-15 13:36:17.507 13751 14127 D OPENHU  : [77] Companion.decrypt | RECV: CONTROL Ping Request type: 11 flags: 11 size: 12 dataOffset: 2
09-15 13:36:17.508 13751 14127 V OPENHU  : [77] AapTransport.send | CONTROL Ping Response type: 12 flags: 11 size: 14 dataOffset: 6
09-15 13:36:17.510 13751 14127 D OPENHU  : [77] Companion.decrypt | RECV: MUSIC_PLAYBACK Media Playback Status type: 32769 flags: 11 size: 17 dataOffset: 2
09-15 13:36:17.511 13751 14127 D OPENHU  : [77] AapMediaPlayback.processStatusPacket | AapMediaPlayback: status mediaSource='VLC', playbackSeconds(u32)=120, state=PLAYING
09-15 13:36:17.546 13751 14127 D OPENHU  : [77] Companion.decrypt | RECV: AUDIO Media Data type: 0 flags: 11 size: 8202 dataOffset: 2
09-15 13:36:17.587 13751 14127 D OPENHU  : [77] Companion.decrypt | RECV: AUDIO Media Data type: 0 flags: 11 size: 8202 dataOffset: 2
09-15 13:36:17.630 13751 14127 D OPENHU  : [77] Companion.decrypt | RECV: AUDIO Media Data type: 0 flags: 11 size: 8202 dataOffset: 2
09-15 13:36:17.672 13751 14127 D OPENHU  : [77] Companion.decrypt | RECV: AUDIO Media Data type: 0 flags: 11 size: 8202 dataOffset: 2
09-15 13:36:17.716 13751 14127 D OPENHU  : [77] Companion.decrypt | RECV: AUDIO Media Data type: 0 flags: 11 size: 8202 dataOffset: 2
09-15 13:36:17.759 13751 14127 D OPENHU  : [77] Companion.decrypt | RECV: AUDIO Media Data type: 0 flags: 11 size: 8202 dataOffset: 2
09-15 13:36:17.803 13751 14127 D OPENHU  : [77] Companion.decrypt | RECV: AUDIO Media Data type: 0 flags: 11 size: 8202 dataOffset: 2
09-15 13:36:17.844 13751 14127 D OPENHU  : [77] Companion.decrypt | RECV: AUDIO Media Data type: 0 flags: 11 size: 8202 dataOffset: 2
09-15 13:36:17.887 13751 14127 D OPENHU  : [77] Companion.decrypt | RECV: AUDIO Media Data type: 0 flags: 11 size: 8202 dataOffset: 2
09-15 13:36:17.929 13751 14127 D OPENHU  : [77] Companion.decrypt | RECV: AUDIO Media Data type: 0 flags: 11 size: 8202 dataOffset: 2
09-15 13:36:17.973 13751 14127 D OPENHU  : [77] Companion.decrypt | RECV: AUDIO Media Data type: 0 flags: 11 size: 8202 dataOffset: 2
09-15 13:36:18.012 13751 13751 V OPENHU  : [2] GpsLocation.onLocationChanged | GpsLocation: fix received
09-15 13:36:18.017 13751 14127 D OPENHU  : [77] Companion.decrypt | RECV: AUDIO Media Data type: 0 flags: 11 size: 8202 dataOffset: 2
09-15 13:36:18.032 13751 13751 V OPENHU  : [2] AapTransport.send | SENSOR Sensor Event type: 32771 flags: 11 size: 46 dataOffset: 6
09-15 13:36:18.061 13751 14127 D OPENHU  : [77] Companion.decrypt | RECV: AUDIO Media Data type: 0 flags: 11 size: 8202 dataOffset: 2
09-15 13:36:18.100 13751 14127 D OPENHU  : [77] Companion.decrypt | RECV: AUDIO Media Data type: 0 flags: 11 size: 8202 dataOffset: 2
09-15 13:36:18.144 13751 14127 D OPENHU  : [77] Companion.decrypt | RECV: AUDIO Media Data type: 0 flags: 11 size: 8202 dataOffset: 2
09-15 13:36:18.186 13751 14127 D OPENHU  : [77] Companion.decrypt | RECV: AUDIO Media Data type: 0 flags: 11 size: 8202 dataOffset: 2
09-15 13:36:18.228 13751 14127 D OPENHU  : [77] Companion.decrypt | RECV: AUDIO Media Data type: 0 flags: 11 size: 8202 dataOffset: 2
09-15 13:36:18.273 13751 14127 D OPENHU  : [77] Companion.decrypt | RECV: AUDIO Media Data type: 0 flags: 11 size: 8202 dataOffset: 2
09-15 13:36:18.315 13751 14127 D OPENHU  : [77] Companion.decrypt | RECV: AUDIO Media Data type: 0 flags: 11 size: 8202 dataOffset: 2
09-15 13:36:18.358 13751 14127 D OPENHU  : [77] Companion.decrypt | RECV: AUDIO Media Data type: 0 flags: 11 size: 8202 dataOffset: 2
09-15 13:36:18.401 13751 14127 D OPENHU  : [77] Companion.decrypt | RECV: AUDIO Media Data type: 0 flags: 11 size: 8202 dataOffset: 2
09-15 13:36:18.445 13751 14127 D OPENHU  : [77] Companion.decrypt | RECV: AUDIO Media Data type: 0 flags: 11 size: 8202 dataOffset: 2
09-15 13:36:18.485 13751 14127 D OPENHU  : [77] Companion.decrypt | RECV: AUDIO Media Data type: 0 flags: 11 size: 8202 dataOffset: 2
09-15 13:36:18.506 13751 14127 D OPENHU  : [77] Companion.decrypt | RECV: CONTROL Ping Request type: 11 flags: 11 size: 12 dataOffset: 2
09-15 13:36:18.507 13751 14127 V OPENHU  : [77] AapTransport.send | CONTROL Ping Response type: 12 flags: 11 size: 14 dataOffset: 6
09-15 13:36:18.510 13751 14127 D OPENHU  : [77] Companion.decrypt | RECV: MUSIC_PLAYBACK Media Playback Status type: 32769 flags: 11 size: 17 dataOffset: 2
09-15 13:36:18.511 13751 14127 D OPENHU  : [77] AapMediaPlayback.processStatusPacket | AapMediaPlayback: status mediaSource='VLC', playbackSeconds(u32)=121, state=PLAYING
09-15 13:36:18.528 13751 14127 D OPENHU  : [77] Companion.decrypt | RECV: AUDIO Media Data type: 0 flags: 11 size: 8202 dataOffset: 2
09-15 13:36:18.569 13751 14127 D OPENHU  : [77] Companion.decrypt | RECV: AUDIO Media Data type: 0 flags: 11 size: 8202 dataOffset: 2
09-15 13:36:18.611 13751 14127 D OPENHU  : [77] Companion.decrypt | RECV: AUDIO Media Data type: 0 flags: 11 size: 8202 dataOffset: 2
09-15 13:36:18.654 13751 14127 D OPENHU  : [77] Companion.decrypt | RECV: AUDIO Media Data type: 0 flags: 11 size: 8202 dataOffset: 2
09-15 13:36:18.699 13751 14127 D OPENHU  : [77] Companion.decrypt | RECV: AUDIO Media Data type: 0 flags: 11 size: 8202 dataOffset: 2
09-15 13:36:18.739 13751 14127 D OPENHU  : [77] Companion.decrypt | RECV: AUDIO Media Data type: 0 flags: 11 size: 8202 dataOffset: 2
09-15 13:36:18.782 13751 14127 D OPENHU  : [77] Companion.decrypt | RECV: AUDIO Media Data type: 0 flags: 11 size: 8202 dataOffset: 2
09-15 13:36:18.826 13751 14127 D OPENHU  : [77] Companion.decrypt | RECV: AUDIO Media Data type: 0 flags: 11 size: 8202 dataOffset: 2
09-15 13:36:18.869 13751 14127 D OPENHU  : [77] Companion.decrypt | RECV: AUDIO Media Data type: 0 flags: 11 size: 8202 dataOffset: 2
09-15 13:36:18.911 13751 14127 D OPENHU  : [77] Companion.decrypt | RECV: AUDIO Media Data type: 0 flags: 11 size: 8202 dataOffset: 2
09-15 13:36:18.954 13751 14127 D OPENHU  : [77] Companion.decrypt | RECV: AUDIO Media Data type: 0 flags: 11 size: 8202 dataOffset: 2
09-15 13:36:18.998 13751 14127 D OPENHU  : [77] Companion.decrypt | RECV: AUDIO Media Data type: 0 flags: 11 size: 8202 dataOffset: 2
09-15 13:36:19.018 13751 13751 V OPENHU  : [2] GpsLocation.onLocationChanged | GpsLocation: fix received
09-15 13:36:19.025 13751 13751 V OPENHU  : [2] AapTransport.send | SENSOR Sensor Event type: 32771 flags: 11 size: 46 dataOffset: 6
09-15 13:36:19.041 13751 14127 D OPENHU  : [77] Companion.decrypt | RECV: AUDIO Media Data type: 0 flags: 11 size: 8202 dataOffset: 2
09-15 13:36:19.084 13751 14127 D OPENHU  : [77] Companion.decrypt | RECV: AUDIO Media Data type: 0 flags: 11 size: 8202 dataOffset: 2
09-15 13:36:19.125 13751 14127 D OPENHU  : [77] Companion.decrypt | RECV: AUDIO Media Data type: 0 flags: 11 size: 8202 dataOffset: 2
09-15 13:36:19.167 13751 14127 D OPENHU  : [77] Companion.decrypt | RECV: AUDIO Media Data type: 0 flags: 11 size: 8202 dataOffset: 2
09-15 13:36:19.208 13751 14127 D OPENHU  : [77] Companion.decrypt | RECV: AUDIO Media Data type: 0 flags: 11 size: 8202 dataOffset: 2
09-15 13:36:19.252 13751 14127 D OPENHU  : [77] Companion.decrypt | RECV: AUDIO Media Data type: 0 flags: 11 size: 8202 dataOffset: 2
09-15 13:36:19.295 13751 14127 D OPENHU  : [77] Companion.decrypt | RECV: AUDIO Media Data type: 0 flags: 11 size: 8202 dataOffset: 2
09-15 13:36:19.337 13751 14127 D OPENHU  : [77] Companion.decrypt | RECV: AUDIO Media Data type: 0 flags: 11 size: 8202 dataOffset: 2
09-15 13:36:19.381 13751 14127 D OPENHU  : [77] Companion.decrypt | RECV: AUDIO Media Data type: 0 flags: 11 size: 8202 dataOffset: 2
09-15 13:36:19.398 13751 14162 I OPENHU  : [88] VideoDecoder.logThroughput | Throughput over 5005ms: rendered=242 (48fps), fed=242 (48fps), dropped=0, skipped=0, concealed=0, inputWait=99ms, enqueueWait=0ms, codec=c2.unisoc.avc.decoder, presented=242 (48fps), decodeLatency=9ms p95=12ms (242 frames)
09-15 13:36:19.423 13751 14127 D OPENHU  : [77] Companion.decrypt | RECV: AUDIO Media Data type: 0 flags: 11 size: 8202 dataOffset: 2
09-15 13:36:19.465 13751 14127 D OPENHU  : [77] Companion.decrypt | RECV: AUDIO Media Data type: 0 flags: 11 size: 8202 dataOffset: 2
09-15 13:36:19.505 13751 14127 D OPENHU  : [77] Companion.decrypt | RECV: CONTROL Ping Request type: 11 flags: 11 size: 12 dataOffset: 2
09-15 13:36:19.506 13751 14127 V OPENHU  : [77] AapTransport.send | CONTROL Ping Response type: 12 flags: 11 size: 14 dataOffset: 6
09-15 13:36:19.508 13751 14127 D OPENHU  : [77] Companion.decrypt | RECV: MUSIC_PLAYBACK Media Playback Status type: 32769 flags: 11 size: 17 dataOffset: 2
09-15 13:36:19.509 13751 14127 D OPENHU  : [77] AapMediaPlayback.processStatusPacket | AapMediaPlayback: status mediaSource='VLC', playbackSeconds(u32)=122, state=PLAYING
09-15 13:36:19.511 13751 14127 D OPENHU  : [77] Companion.decrypt | RECV: AUDIO Media Data type: 0 flags: 11 size: 8202 dataOffset: 2
09-15 13:36:19.550 13751 14127 D OPENHU  : [77] Companion.decrypt | RECV: AUDIO Media Data type: 0 flags: 11 size: 8202 dataOffset: 2
09-15 13:36:19.554 13751 13751 I OPENHU  : [2] TextureProjectionView.onSurfaceTextureUpdated | TextureProjectionView: displayed 188 frames in 5123ms (36fps), longFrames=1
09-15 13:36:19.597 13751 14127 D OPENHU  : [77] Companion.decrypt | RECV: AUDIO Media Data type: 0 flags: 11 size: 8202 dataOffset: 2
09-15 13:36:19.636 13751 14127 D OPENHU  : [77] Companion.decrypt | RECV: AUDIO Media Data type: 0 flags: 11 size: 8202 dataOffset: 2
09-15 13:36:19.680 13751 14127 D OPENHU  : [77] Companion.decrypt | RECV: AUDIO Media Data type: 0 flags: 11 size: 8202 dataOffset: 2
09-15 13:36:19.723 13751 14127 D OPENHU  : [77] Companion.decrypt | RECV: AUDIO Media Data type: 0 flags: 11 size: 8202 dataOffset: 2
09-15 13:36:19.764 13751 14127 D OPENHU  : [77] Companion.decrypt | RECV: AUDIO Media Data type: 0 flags: 11 size: 8202 dataOffset: 2
09-15 13:36:19.807 13751 14127 D OPENHU  : [77] Companion.decrypt | RECV: AUDIO Media Data type: 0 flags: 11 size: 8202 dataOffset: 2
09-15 13:36:19.851 13751 14127 D OPENHU  : [77] Companion.decrypt | RECV: AUDIO Media Data type: 0 flags: 11 size: 8202 dataOffset: 2
09-15 13:36:19.892 13751 14127 D OPENHU  : [77] Companion.decrypt | RECV: AUDIO Media Data type: 0 flags: 11 size: 8202 dataOffset: 2
09-15 13:36:19.937 13751 14127 D OPENHU  : [77] Companion.decrypt | RECV: AUDIO Media Data type: 0 flags: 11 size: 8202 dataOffset: 2
09-15 13:36:19.977 13751 14127 D OPENHU  : [77] Companion.decrypt | RECV: AUDIO Media Data type: 0 flags: 11 size: 8202 dataOffset: 2
09-15 13:36:19.999 13751 13751 V OPENHU  : [2] GpsLocation.onLocationChanged | GpsLocation: fix received
09-15 13:36:20.006 13751 13751 V OPENHU  : [2] AapTransport.send | SENSOR Sensor Event type: 32771 flags: 11 size: 46 dataOffset: 6
09-15 13:36:20.020 13751 14127 D OPENHU  : [77] Companion.decrypt | RECV: AUDIO Media Data type: 0 flags: 11 size: 8202 dataOffset: 2
09-15 13:36:20.065 13751 14127 D OPENHU  : [77] Companion.decrypt | RECV: AUDIO Media Data type: 0 flags: 11 size: 8202 dataOffset: 2
09-15 13:36:20.106 13751 14127 D OPENHU  : [77] Companion.decrypt | RECV: AUDIO Media Data type: 0 flags: 11 size: 8202 dataOffset: 2
09-15 13:36:20.148 13751 14127 D OPENHU  : [77] Companion.decrypt | RECV: AUDIO Media Data type: 0 flags: 11 size: 8202 dataOffset: 2
09-15 13:36:20.191 13751 14127 D OPENHU  : [77] Companion.decrypt | RECV: AUDIO Media Data type: 0 flags: 11 size: 8202 dataOffset: 2
09-15 13:36:20.241 13751 14127 D OPENHU  : [77] Companion.decrypt | RECV: AUDIO Media Data type: 0 flags: 11 size: 8202 dataOffset: 2
09-15 13:36:20.276 13751 14127 D OPENHU  : [77] Companion.decrypt | RECV: AUDIO Media Data type: 0 flags: 11 size: 8202 dataOffset: 2
09-15 13:36:20.319 13751 14127 D OPENHU  : [77] Companion.decrypt | RECV: AUDIO Media Data type: 0 flags: 11 size: 8202 dataOffset: 2
09-15 13:36:20.363 13751 14127 D OPENHU  : [77] Companion.decrypt | RECV: AUDIO Media Data type: 0 flags: 11 size: 8202 dataOffset: 2
09-15 13:36:20.404 13751 14127 D OPENHU  : [77] Companion.decrypt | RECV: AUDIO Media Data type: 0 flags: 11 size: 8202 dataOffset: 2
09-15 13:36:20.447 13751 14127 D OPENHU  : [77] Companion.decrypt | RECV: AUDIO Media Data type: 0 flags: 11 size: 8202 dataOffset: 2
09-15 13:36:20.488 13751 14127 D OPENHU  : [77] Companion.decrypt | RECV: AUDIO Media Data type: 0 flags: 11 size: 8202 dataOffset: 2
09-15 13:36:20.506 13751 14127 D OPENHU  : [77] Companion.decrypt | RECV: CONTROL Ping Request type: 11 flags: 11 size: 12 dataOffset: 2
09-15 13:36:20.507 13751 14127 V OPENHU  : [77] AapTransport.send | CONTROL Ping Response type: 12 flags: 11 size: 14 dataOffset: 6
09-15 13:36:20.509 13751 14127 D OPENHU  : [77] Companion.decrypt | RECV: MUSIC_PLAYBACK Media Playback Status type: 32769 flags: 11 size: 17 dataOffset: 2
09-15 13:36:20.510 13751 14127 D OPENHU  : [77] AapMediaPlayback.processStatusPacket | AapMediaPlayback: status mediaSource='VLC', playbackSeconds(u32)=123, state=PLAYING
09-15 13:36:20.531 13751 14127 D OPENHU  : [77] Companion.decrypt | RECV: AUDIO Media Data type: 0 flags: 11 size: 8202 dataOffset: 2
09-15 13:36:20.575 13751 14127 D OPENHU  : [77] Companion.decrypt | RECV: AUDIO Media Data type: 0 flags: 11 size: 8202 dataOffset: 2
09-15 13:36:20.617 13751 14127 D OPENHU  : [77] Companion.decrypt | RECV: AUDIO Media Data type: 0 flags: 11 size: 8202 dataOffset: 2
09-15 13:36:20.661 13751 14127 D OPENHU  : [77] Companion.decrypt | RECV: AUDIO Media Data type: 0 flags: 11 size: 8202 dataOffset: 2
09-15 13:36:20.704 13751 14127 D OPENHU  : [77] Companion.decrypt | RECV: AUDIO Media Data type: 0 flags: 11 size: 8202 dataOffset: 2
09-15 13:36:20.747 13751 14127 D OPENHU  : [77] Companion.decrypt | RECV: AUDIO Media Data type: 0 flags: 11 size: 8202 dataOffset: 2
09-15 13:36:20.790 13751 14127 D OPENHU  : [77] Companion.decrypt | RECV: AUDIO Media Data type: 0 flags: 11 size: 8202 dataOffset: 2
09-15 13:36:20.830 13751 14127 D OPENHU  : [77] Companion.decrypt | RECV: AUDIO Media Data type: 0 flags: 11 size: 8202 dataOffset: 2
09-15 13:36:20.876 13751 14127 D OPENHU  : [77] Companion.decrypt | RECV: AUDIO Media Data type: 0 flags: 11 size: 8202 dataOffset: 2
09-15 13:36:20.917 13751 14127 D OPENHU  : [77] Companion.decrypt | RECV: AUDIO Media Data type: 0 flags: 11 size: 8202 dataOffset: 2
09-15 13:36:20.960 13751 14127 D OPENHU  : [77] Companion.decrypt | RECV: AUDIO Media Data type: 0 flags: 11 size: 8202 dataOffset: 2
09-15 13:36:21.001 13751 14127 D OPENHU  : [77] Companion.decrypt | RECV: AUDIO Media Data type: 0 flags: 11 size: 8202 dataOffset: 2
09-15 13:36:21.029 13751 13751 V OPENHU  : [2] GpsLocation.onLocationChanged | GpsLocation: fix received
09-15 13:36:21.040 13751 13751 V OPENHU  : [2] AapTransport.send | SENSOR Sensor Event type: 32771 flags: 11 size: 46 dataOffset: 6
09-15 13:36:21.047 13751 14127 D OPENHU  : [77] Companion.decrypt | RECV: AUDIO Media Data type: 0 flags: 11 size: 8202 dataOffset: 2
09-15 13:36:21.087 13751 14127 D OPENHU  : [77] Companion.decrypt | RECV: AUDIO Media Data type: 0 flags: 11 size: 8202 dataOffset: 2
09-15 13:36:21.130 13751 14127 D OPENHU  : [77] Companion.decrypt | RECV: AUDIO Media Data type: 0 flags: 11 size: 8202 dataOffset: 2
09-15 13:36:21.174 13751 14127 D OPENHU  : [77] Companion.decrypt | RECV: AUDIO Media Data type: 0 flags: 11 size: 8202 dataOffset: 2
09-15 13:36:21.216 13751 14127 D OPENHU  : [77] Companion.decrypt | RECV: AUDIO Media Data type: 0 flags: 11 size: 8202 dataOffset: 2
09-15 13:36:21.258 13751 14127 D OPENHU  : [77] Companion.decrypt | RECV: AUDIO Media Data type: 0 flags: 11 size: 8202 dataOffset: 2
09-15 13:36:21.301 13751 14127 D OPENHU  : [77] Companion.decrypt | RECV: AUDIO Media Data type: 0 flags: 11 size: 8202 dataOffset: 2
09-15 13:36:21.344 13751 14127 D OPENHU  : [77] Companion.decrypt | RECV: AUDIO Media Data type: 0 flags: 11 size: 8202 dataOffset: 2
09-15 13:36:21.385 13751 14127 D OPENHU  : [77] Companion.decrypt | RECV: AUDIO Media Data type: 0 flags: 11 size: 8202 dataOffset: 2
09-15 13:36:21.428 13751 14127 D OPENHU  : [77] Companion.decrypt | RECV: AUDIO Media Data type: 0 flags: 11 size: 8202 dataOffset: 2
09-15 13:36:21.471 13751 14127 D OPENHU  : [77] Companion.decrypt | RECV: AUDIO Media Data type: 0 flags: 11 size: 8202 dataOffset: 2
09-15 13:36:21.507 13751 14127 D OPENHU  : [77] Companion.decrypt | RECV: MUSIC_PLAYBACK Media Playback Status type: 32769 flags: 11 size: 17 dataOffset: 2
09-15 13:36:21.508 13751 14127 D OPENHU  : [77] AapMediaPlayback.processStatusPacket | AapMediaPlayback: status mediaSource='VLC', playbackSeconds(u32)=124, state=PLAYING
09-15 13:36:21.510 13751 14127 D OPENHU  : [77] Companion.decrypt | RECV: CONTROL Ping Request type: 11 flags: 11 size: 12 dataOffset: 2
09-15 13:36:21.510 13751 14127 V OPENHU  : [77] AapTransport.send | CONTROL Ping Response type: 12 flags: 11 size: 14 dataOffset: 6
09-15 13:36:21.517 13751 14127 D OPENHU  : [77] Companion.decrypt | RECV: AUDIO Media Data type: 0 flags: 11 size: 8202 dataOffset: 2
09-15 13:36:21.558 13751 14127 D OPENHU  : [77] Companion.decrypt | RECV: AUDIO Media Data type: 0 flags: 11 size: 8202 dataOffset: 2
09-15 13:36:21.602 13751 14127 D OPENHU  : [77] Companion.decrypt | RECV: AUDIO Media Data type: 0 flags: 11 size: 8202 dataOffset: 2
09-15 13:36:21.642 13751 14127 D OPENHU  : [77] Companion.decrypt | RECV: AUDIO Media Data type: 0 flags: 11 size: 8202 dataOffset: 2
09-15 13:36:21.684 13751 14127 D OPENHU  : [77] Companion.decrypt | RECV: AUDIO Media Data type: 0 flags: 11 size: 8202 dataOffset: 2
09-15 13:36:21.726 13751 14127 D OPENHU  : [77] Companion.decrypt | RECV: AUDIO Media Data type: 0 flags: 11 size: 8202 dataOffset: 2
09-15 13:36:21.769 13751 14127 D OPENHU  : [77] Companion.decrypt | RECV: AUDIO Media Data type: 0 flags: 11 size: 8202 dataOffset: 2
09-15 13:36:21.813 13751 14127 D OPENHU  : [77] Companion.decrypt | RECV: AUDIO Media Data type: 0 flags: 11 size: 8202 dataOffset: 2
09-15 13:36:21.859 13751 14127 D OPENHU  : [77] Companion.decrypt | RECV: AUDIO Media Data type: 0 flags: 11 size: 8202 dataOffset: 2
09-15 13:36:21.897 13751 14127 D OPENHU  : [77] Companion.decrypt | RECV: AUDIO Media Data type: 0 flags: 11 size: 8202 dataOffset: 2
09-15 13:36:21.940 13751 14127 D OPENHU  : [77] Companion.decrypt | RECV: AUDIO Media Data type: 0 flags: 11 size: 8202 dataOffset: 2
09-15 13:36:21.982 13751 14127 D OPENHU  : [77] Companion.decrypt | RECV: AUDIO Media Data type: 0 flags: 11 size: 8202 dataOffset: 2
09-15 13:36:21.998 13751 13751 V OPENHU  : [2] GpsLocation.onLocationChanged | GpsLocation: fix received
09-15 13:36:22.008 13751 13751 V OPENHU  : [2] AapTransport.send | SENSOR Sensor Event type: 32771 flags: 11 size: 46 dataOffset: 6
09-15 13:36:22.030 13751 14127 D OPENHU  : [77] Companion.decrypt | RECV: AUDIO Media Data type: 0 flags: 11 size: 8202 dataOffset: 2
09-15 13:36:22.068 13751 14127 D OPENHU  : [77] Companion.decrypt | RECV: AUDIO Media Data type: 0 flags: 11 size: 8202 dataOffset: 2
09-15 13:36:22.112 13751 14127 D OPENHU  : [77] Companion.decrypt | RECV: AUDIO Media Data type: 0 flags: 11 size: 8202 dataOffset: 2
09-15 13:36:22.154 13751 14127 D OPENHU  : [77] Companion.decrypt | RECV: AUDIO Media Data type: 0 flags: 11 size: 8202 dataOffset: 2
09-15 13:36:22.199 13751 14127 D OPENHU  : [77] Companion.decrypt | RECV: AUDIO Media Data type: 0 flags: 11 size: 8202 dataOffset: 2
09-15 13:36:22.241 13751 14127 D OPENHU  : [77] Companion.decrypt | RECV: AUDIO Media Data type: 0 flags: 11 size: 8202 dataOffset: 2
09-15 13:36:22.285 13751 14127 D OPENHU  : [77] Companion.decrypt | RECV: AUDIO Media Data type: 0 flags: 11 size: 8202 dataOffset: 2
09-15 13:36:22.326 13751 14127 D OPENHU  : [77] Companion.decrypt | RECV: AUDIO Media Data type: 0 flags: 11 size: 8202 dataOffset: 2
09-15 13:36:22.366 13751 14127 D OPENHU  : [77] Companion.decrypt | RECV: AUDIO Media Data type: 0 flags: 11 size: 8202 dataOffset: 2
09-15 13:36:22.408 13751 14127 D OPENHU  : [77] Companion.decrypt | RECV: AUDIO Media Data type: 0 flags: 11 size: 8202 dataOffset: 2
09-15 13:36:22.451 13751 14127 D OPENHU  : [77] Companion.decrypt | RECV: AUDIO Media Data type: 0 flags: 11 size: 8202 dataOffset: 2
09-15 13:36:22.495 13751 14127 D OPENHU  : [77] Companion.decrypt | RECV: AUDIO Media Data type: 0 flags: 11 size: 8202 dataOffset: 2
09-15 13:36:22.506 13751 14127 D OPENHU  : [77] Companion.decrypt | RECV: MUSIC_PLAYBACK Media Playback Status type: 32769 flags: 11 size: 17 dataOffset: 2
09-15 13:36:22.507 13751 14127 D OPENHU  : [77] AapMediaPlayback.processStatusPacket | AapMediaPlayback: status mediaSource='VLC', playbackSeconds(u32)=125, state=PLAYING
09-15 13:36:22.509 13751 14127 D OPENHU  : [77] Companion.decrypt | RECV: CONTROL Ping Request type: 11 flags: 11 size: 12 dataOffset: 2
09-15 13:36:22.510 13751 14127 V OPENHU  : [77] AapTransport.send | CONTROL Ping Response type: 12 flags: 11 size: 14 dataOffset: 6
09-15 13:36:22.538 13751 14127 D OPENHU  : [77] Companion.decrypt | RECV: AUDIO Media Data type: 0 flags: 11 size: 8202 dataOffset: 2
09-15 13:36:22.579 13751 14127 D OPENHU  : [77] Companion.decrypt | RECV: AUDIO Media Data type: 0 flags: 11 size: 8202 dataOffset: 2
09-15 13:36:22.623 13751 14127 D OPENHU  : [77] Companion.decrypt | RECV: AUDIO Media Data type: 0 flags: 11 size: 8202 dataOffset: 2
09-15 13:36:22.666 13751 14127 D OPENHU  : [77] Companion.decrypt | RECV: AUDIO Media Data type: 0 flags: 11 size: 8202 dataOffset: 2
09-15 13:36:22.709 13751 14127 D OPENHU  : [77] Companion.decrypt | RECV: AUDIO Media Data type: 0 flags: 11 size: 8202 dataOffset: 2
09-15 13:36:22.753 13751 14127 D OPENHU  : [77] Companion.decrypt | RECV: AUDIO Media Data type: 0 flags: 11 size: 8202 dataOffset: 2
09-15 13:36:22.795 13751 14127 D OPENHU  : [77] Companion.decrypt | RECV: AUDIO Media Data type: 0 flags: 11 size: 8202 dataOffset: 2
09-15 13:36:22.838 13751 14127 D OPENHU  : [77] Companion.decrypt | RECV: AUDIO Media Data type: 0 flags: 11 size: 8202 dataOffset: 2
09-15 13:36:22.883 13751 14127 D OPENHU  : [77] Companion.decrypt | RECV: AUDIO Media Data type: 0 flags: 11 size: 8202 dataOffset: 2
09-15 13:36:22.921 13751 14127 D OPENHU  : [77] Companion.decrypt | RECV: AUDIO Media Data type: 0 flags: 11 size: 8202 dataOffset: 2
09-15 13:36:22.965 13751 14127 D OPENHU  : [77] Companion.decrypt | RECV: AUDIO Media Data type: 0 flags: 11 size: 8202 dataOffset: 2
09-15 13:36:23.008 13751 14127 D OPENHU  : [77] Companion.decrypt | RECV: AUDIO Media Data type: 0 flags: 11 size: 8202 dataOffset: 2
09-15 13:36:23.031 13751 13751 V OPENHU  : [2] GpsLocation.onLocationChanged | GpsLocation: fix received
09-15 13:36:23.049 13751 13751 V OPENHU  : [2] AapTransport.send | SENSOR Sensor Event type: 32771 flags: 11 size: 46 dataOffset: 6
09-15 13:36:23.051 13751 14127 D OPENHU  : [77] Companion.decrypt | RECV: AUDIO Media Data type: 0 flags: 11 size: 8202 dataOffset: 2
09-15 13:36:23.092 13751 14127 D OPENHU  : [77] Companion.decrypt | RECV: AUDIO Media Data type: 0 flags: 11 size: 8202 dataOffset: 2
09-15 13:36:23.136 13751 14127 D OPENHU  : [77] Companion.decrypt | RECV: AUDIO Media Data type: 0 flags: 11 size: 8202 dataOffset: 2
09-15 13:36:23.177 13751 14127 D OPENHU  : [77] Companion.decrypt | RECV: AUDIO Media Data type: 0 flags: 11 size: 8202 dataOffset: 2
09-15 13:36:23.222 13751 14127 D OPENHU  : [77] Companion.decrypt | RECV: AUDIO Media Data type: 0 flags: 11 size: 8202 dataOffset: 2
09-15 13:36:23.264 13751 14127 D OPENHU  : [77] Companion.decrypt | RECV: AUDIO Media Data type: 0 flags: 11 size: 8202 dataOffset: 2
09-15 13:36:23.307 13751 14127 D OPENHU  : [77] Companion.decrypt | RECV: AUDIO Media Data type: 0 flags: 11 size: 8202 dataOffset: 2
09-15 13:36:23.351 13751 14127 D OPENHU  : [77] Companion.decrypt | RECV: AUDIO Media Data type: 0 flags: 11 size: 8202 dataOffset: 2
09-15 13:36:23.394 13751 14127 D OPENHU  : [77] Companion.decrypt | RECV: AUDIO Media Data type: 0 flags: 11 size: 8202 dataOffset: 2
09-15 13:36:23.438 13751 14127 D OPENHU  : [77] Companion.decrypt | RECV: AUDIO Media Data type: 0 flags: 11 size: 8202 dataOffset: 2
09-15 13:36:23.479 13751 14127 D OPENHU  : [77] Companion.decrypt | RECV: AUDIO Media Data type: 0 flags: 11 size: 8202 dataOffset: 2
09-15 13:36:23.509 13751 14127 D OPENHU  : [77] Companion.decrypt | RECV: CONTROL Ping Request type: 11 flags: 11 size: 12 dataOffset: 2
09-15 13:36:23.511 13751 14127 V OPENHU  : [77] AapTransport.send | CONTROL Ping Response type: 12 flags: 11 size: 14 dataOffset: 6
09-15 13:36:23.515 13751 14127 D OPENHU  : [77] Companion.decrypt | RECV: MUSIC_PLAYBACK Media Playback Status type: 32769 flags: 11 size: 17 dataOffset: 2
09-15 13:36:23.517 13751 14127 D OPENHU  : [77] AapMediaPlayback.processStatusPacket | AapMediaPlayback: status mediaSource='VLC', playbackSeconds(u32)=126, state=PLAYING
09-15 13:36:23.522 13751 14127 D OPENHU  : [77] Companion.decrypt | RECV: AUDIO Media Data type: 0 flags: 11 size: 8202 dataOffset: 2
09-15 13:36:23.563 13751 14127 D OPENHU  : [77] Companion.decrypt | RECV: AUDIO Media Data type: 0 flags: 11 size: 8202 dataOffset: 2
09-15 13:36:23.606 13751 14127 D OPENHU  : [77] Companion.decrypt | RECV: AUDIO Media Data type: 0 flags: 11 size: 8202 dataOffset: 2
09-15 13:36:23.649 13751 14127 D OPENHU  : [77] Companion.decrypt | RECV: AUDIO Media Data type: 0 flags: 11 size: 8202 dataOffset: 2
09-15 13:36:23.690 13751 14127 D OPENHU  : [77] Companion.decrypt | RECV: AUDIO Media Data type: 0 flags: 11 size: 8202 dataOffset: 2
09-15 13:36:23.733 13751 14127 D OPENHU  : [77] Companion.decrypt | RECV: AUDIO Media Data type: 0 flags: 11 size: 8202 dataOffset: 2
09-15 13:36:23.777 13751 14127 D OPENHU  : [77] Companion.decrypt | RECV: AUDIO Media Data type: 0 flags: 11 size: 8202 dataOffset: 2
09-15 13:36:23.820 13751 14127 D OPENHU  : [77] Companion.decrypt | RECV: AUDIO Media Data type: 0 flags: 11 size: 8202 dataOffset: 2
09-15 13:36:23.861 13751 14127 D OPENHU  : [77] Companion.decrypt | RECV: AUDIO Media Data type: 0 flags: 11 size: 8202 dataOffset: 2
09-15 13:36:23.906 13751 14127 D OPENHU  : [77] Companion.decrypt | RECV: AUDIO Media Data type: 0 flags: 11 size: 8202 dataOffset: 2
09-15 13:36:23.949 13751 14127 D OPENHU  : [77] Companion.decrypt | RECV: AUDIO Media Data type: 0 flags: 11 size: 8202 dataOffset: 2
09-15 13:36:23.989 13751 14127 D OPENHU  : [77] Companion.decrypt | RECV: AUDIO Media Data type: 0 flags: 11 size: 8202 dataOffset: 2
09-15 13:36:23.995 13751 13751 V OPENHU  : [2] GpsLocation.onLocationChanged | GpsLocation: fix received
09-15 13:36:24.003 13751 13751 V OPENHU  : [2] AapTransport.send | SENSOR Sensor Event type: 32771 flags: 11 size: 46 dataOffset: 6
09-15 13:36:24.035 13751 14127 D OPENHU  : [77] Companion.decrypt | RECV: AUDIO Media Data type: 0 flags: 11 size: 8202 dataOffset: 2
09-15 13:36:24.074 13751 14127 D OPENHU  : [77] Companion.decrypt | RECV: AUDIO Media Data type: 0 flags: 11 size: 8202 dataOffset: 2
09-15 13:36:24.118 13751 14127 D OPENHU  : [77] Companion.decrypt | RECV: AUDIO Media Data type: 0 flags: 11 size: 8202 dataOffset: 2
09-15 13:36:24.160 13751 14127 D OPENHU  : [77] Companion.decrypt | RECV: AUDIO Media Data type: 0 flags: 11 size: 8202 dataOffset: 2
09-15 13:36:24.206 13751 14127 D OPENHU  : [77] Companion.decrypt | RECV: AUDIO Media Data type: 0 flags: 11 size: 8202 dataOffset: 2
09-15 13:36:24.245 13751 14127 D OPENHU  : [77] Companion.decrypt | RECV: AUDIO Media Data type: 0 flags: 11 size: 8202 dataOffset: 2
09-15 13:36:24.287 13751 14127 D OPENHU  : [77] Companion.decrypt | RECV: AUDIO Media Data type: 0 flags: 11 size: 8202 dataOffset: 2
09-15 13:36:24.330 13751 14127 D OPENHU  : [77] Companion.decrypt | RECV: AUDIO Media Data type: 0 flags: 11 size: 8202 dataOffset: 2
09-15 13:36:24.372 13751 14127 D OPENHU  : [77] Companion.decrypt | RECV: AUDIO Media Data type: 0 flags: 11 size: 8202 dataOffset: 2
09-15 13:36:24.404 13751 14162 I OPENHU  : [88] VideoDecoder.logThroughput | Throughput over 5008ms: rendered=187 (37fps), fed=188 (37fps), dropped=0, skipped=0, concealed=0, inputWait=82ms, enqueueWait=0ms, codec=c2.unisoc.avc.decoder, presented=187 (37fps), decodeLatency=9ms p95=12ms (187 frames)
09-15 13:36:24.416 13751 14127 D OPENHU  : [77] Companion.decrypt | RECV: AUDIO Media Data type: 0 flags: 11 size: 8202 dataOffset: 2
09-15 13:36:24.459 13751 14127 D OPENHU  : [77] Companion.decrypt | RECV: AUDIO Media Data type: 0 flags: 11 size: 8202 dataOffset: 2
09-15 13:36:24.501 13751 14127 D OPENHU  : [77] Companion.decrypt | RECV: AUDIO Media Data type: 0 flags: 11 size: 8202 dataOffset: 2
09-15 13:36:24.508 13751 14127 D OPENHU  : [77] Companion.decrypt | RECV: MUSIC_PLAYBACK Media Playback Status type: 32769 flags: 11 size: 17 dataOffset: 2
09-15 13:36:24.509 13751 14127 D OPENHU  : [77] AapMediaPlayback.processStatusPacket | AapMediaPlayback: status mediaSource='VLC', playbackSeconds(u32)=127, state=PLAYING
09-15 13:36:24.511 13751 14127 D OPENHU  : [77] Companion.decrypt | RECV: CONTROL Ping Request type: 11 flags: 11 size: 12 dataOffset: 2
09-15 13:36:24.512 13751 14127 V OPENHU  : [77] AapTransport.send | CONTROL Ping Response type: 12 flags: 11 size: 14 dataOffset: 6
09-15 13:36:24.544 13751 14127 D OPENHU  : [77] Companion.decrypt | RECV: AUDIO Media Data type: 0 flags: 11 size: 8202 dataOffset: 2
09-15 13:36:24.553 13751 13751 I OPENHU  : [2] TextureProjectionView.onSurfaceTextureUpdated | TextureProjectionView: displayed 161 frames in 5000ms (32fps), longFrames=1
09-15 13:36:24.586 13751 14127 D OPENHU  : [77] Companion.decrypt | RECV: AUDIO Media Data type: 0 flags: 11 size: 8202 dataOffset: 2
09-15 13:36:24.628 13751 14127 D OPENHU  : [77] Companion.decrypt | RECV: AUDIO Media Data type: 0 flags: 11 size: 8202 dataOffset: 2
09-15 13:36:24.673 13751 14127 D OPENHU  : [77] Companion.decrypt | RECV: AUDIO Media Data type: 0 flags: 11 size: 8202 dataOffset: 2
09-15 13:36:24.712 13751 14127 D OPENHU  : [77] Companion.decrypt | RECV: AUDIO Media Data type: 0 flags: 11 size: 8202 dataOffset: 2
09-15 13:36:24.758 13751 14127 D OPENHU  : [77] Companion.decrypt | RECV: AUDIO Media Data type: 0 flags: 11 size: 8202 dataOffset: 2
09-15 13:36:24.803 13751 14127 D OPENHU  : [77] Companion.decrypt | RECV: AUDIO Media Data type: 0 flags: 11 size: 8202 dataOffset: 2
09-15 13:36:24.847 13751 14127 D OPENHU  : [77] Companion.decrypt | RECV: AUDIO Media Data type: 0 flags: 11 size: 8202 dataOffset: 2
09-15 13:36:24.883 13751 14127 D OPENHU  : [77] Companion.decrypt | RECV: AUDIO Media Data type: 0 flags: 11 size: 8202 dataOffset: 2
09-15 13:36:24.932 13751 14127 D OPENHU  : [77] Companion.decrypt | RECV: AUDIO Media Data type: 0 flags: 11 size: 8202 dataOffset: 2
09-15 13:36:24.971 13751 14127 D OPENHU  : [77] Companion.decrypt | RECV: AUDIO Media Data type: 0 flags: 11 size: 8202 dataOffset: 2
09-15 13:36:25.012 13751 14127 D OPENHU  : [77] Companion.decrypt | RECV: AUDIO Media Data type: 0 flags: 11 size: 8202 dataOffset: 2
09-15 13:36:25.029 13751 13751 V OPENHU  : [2] GpsLocation.onLocationChanged | GpsLocation: fix received
09-15 13:36:25.040 13751 13751 V OPENHU  : [2] AapTransport.send | SENSOR Sensor Event type: 32771 flags: 11 size: 46 dataOffset: 6
09-15 13:36:25.056 13751 14127 D OPENHU  : [77] Companion.decrypt | RECV: AUDIO Media Data type: 0 flags: 11 size: 8202 dataOffset: 2
09-15 13:36:25.099 13751 14127 D OPENHU  : [77] Companion.decrypt | RECV: AUDIO Media Data type: 0 flags: 11 size: 8202 dataOffset: 2
09-15 13:36:25.140 13751 14127 D OPENHU  : [77] Companion.decrypt | RECV: AUDIO Media Data type: 0 flags: 11 size: 8202 dataOffset: 2
09-15 13:36:25.182 13751 14127 D OPENHU  : [77] Companion.decrypt | RECV: AUDIO Media Data type: 0 flags: 11 size: 8202 dataOffset: 2
09-15 13:36:25.228 13751 14127 D OPENHU  : [77] Companion.decrypt | RECV: AUDIO Media Data type: 0 flags: 11 size: 8202 dataOffset: 2
09-15 13:36:25.269 13751 14127 D OPENHU  : [77] Companion.decrypt | RECV: AUDIO Media Data type: 0 flags: 11 size: 8202 dataOffset: 2
09-15 13:36:25.311 13751 14127 D OPENHU  : [77] Companion.decrypt | RECV: AUDIO Media Data type: 0 flags: 11 size: 8202 dataOffset: 2
09-15 13:36:25.354 13751 14127 D OPENHU  : [77] Companion.decrypt | RECV: AUDIO Media Data type: 0 flags: 11 size: 8202 dataOffset: 2
09-15 13:36:25.395 13751 14127 D OPENHU  : [77] Companion.decrypt | RECV: AUDIO Media Data type: 0 flags: 11 size: 8202 dataOffset: 2
09-15 13:36:25.442 13751 14127 D OPENHU  : [77] Companion.decrypt | RECV: AUDIO Media Data type: 0 flags: 11 size: 8202 dataOffset: 2
09-15 13:36:25.485 13751 14127 D OPENHU  : [77] Companion.decrypt | RECV: AUDIO Media Data type: 0 flags: 11 size: 8202 dataOffset: 2
09-15 13:36:25.509 13751 14127 D OPENHU  : [77] Companion.decrypt | RECV: MUSIC_PLAYBACK Media Playback Status type: 32769 flags: 11 size: 18 dataOffset: 2
09-15 13:36:25.509 13751 14127 D OPENHU  : [77] AapMediaPlayback.processStatusPacket | AapMediaPlayback: status mediaSource='VLC', playbackSeconds(u32)=128, state=PLAYING
09-15 13:36:25.511 13751 14127 D OPENHU  : [77] Companion.decrypt | RECV: CONTROL Ping Request type: 11 flags: 11 size: 12 dataOffset: 2
09-15 13:36:25.512 13751 14127 V OPENHU  : [77] AapTransport.send | CONTROL Ping Response type: 12 flags: 11 size: 14 dataOffset: 6
09-15 13:36:25.526 13751 14127 D OPENHU  : [77] Companion.decrypt | RECV: AUDIO Media Data type: 0 flags: 11 size: 8202 dataOffset: 2
09-15 13:36:25.569 13751 14127 D OPENHU  : [77] Companion.decrypt | RECV: AUDIO Media Data type: 0 flags: 11 size: 8202 dataOffset: 2
09-15 13:36:25.613 13751 14127 D OPENHU  : [77] Companion.decrypt | RECV: AUDIO Media Data type: 0 flags: 11 size: 8202 dataOffset: 2
09-15 13:36:25.656 13751 14127 D OPENHU  : [77] Companion.decrypt | RECV: AUDIO Media Data type: 0 flags: 11 size: 8202 dataOffset: 2
09-15 13:36:25.696 13751 14127 D OPENHU  : [77] Companion.decrypt | RECV: AUDIO Media Data type: 0 flags: 11 size: 8202 dataOffset: 2
09-15 13:36:25.737 13751 14127 D OPENHU  : [77] Companion.decrypt | RECV: AUDIO Media Data type: 0 flags: 11 size: 8202 dataOffset: 2
09-15 13:36:25.784 13751 14127 D OPENHU  : [77] Companion.decrypt | RECV: AUDIO Media Data type: 0 flags: 11 size: 8202 dataOffset: 2
09-15 13:36:25.824 13751 14127 D OPENHU  : [77] Companion.decrypt | RECV: AUDIO Media Data type: 0 flags: 11 size: 8202 dataOffset: 2
09-15 13:36:25.866 13751 14127 D OPENHU  : [77] Companion.decrypt | RECV: AUDIO Media Data type: 0 flags: 11 size: 8202 dataOffset: 2
09-15 13:36:25.909 13751 14127 D OPENHU  : [77] Companion.decrypt | RECV: AUDIO Media Data type: 0 flags: 11 size: 8202 dataOffset: 2
09-15 13:36:25.952 13751 14127 D OPENHU  : [77] Companion.decrypt | RECV: AUDIO Media Data type: 0 flags: 11 size: 8202 dataOffset: 2
09-15 13:36:25.996 13751 13751 V OPENHU  : [2] GpsLocation.onLocationChanged | GpsLocation: fix received
09-15 13:36:25.999 13751 14127 D OPENHU  : [77] Companion.decrypt | RECV: AUDIO Media Data type: 0 flags: 11 size: 8202 dataOffset: 2
09-15 13:36:26.008 13751 13751 V OPENHU  : [2] AapTransport.send | SENSOR Sensor Event type: 32771 flags: 11 size: 46 dataOffset: 6
09-15 13:36:26.037 13751 14127 D OPENHU  : [77] Companion.decrypt | RECV: AUDIO Media Data type: 0 flags: 11 size: 8202 dataOffset: 2
09-15 13:36:26.082 13751 14127 D OPENHU  : [77] Companion.decrypt | RECV: AUDIO Media Data type: 0 flags: 11 size: 8202 dataOffset: 2
09-15 13:36:26.122 13751 14127 D OPENHU  : [77] Companion.decrypt | RECV: AUDIO Media Data type: 0 flags: 11 size: 8202 dataOffset: 2
09-15 13:36:26.166 13751 14127 D OPENHU  : [77] Companion.decrypt | RECV: AUDIO Media Data type: 0 flags: 11 size: 8202 dataOffset: 2
09-15 13:36:26.206 13751 14127 D OPENHU  : [77] Companion.decrypt | RECV: AUDIO Media Data type: 0 flags: 11 size: 8202 dataOffset: 2
09-15 13:36:26.249 13751 14127 D OPENHU  : [77] Companion.decrypt | RECV: AUDIO Media Data type: 0 flags: 11 size: 8202 dataOffset: 2
09-15 13:36:26.293 13751 14127 D OPENHU  : [77] Companion.decrypt | RECV: AUDIO Media Data type: 0 flags: 11 size: 8202 dataOffset: 2
09-15 13:36:26.336 13751 14127 D OPENHU  : [77] Companion.decrypt | RECV: AUDIO Media Data type: 0 flags: 11 size: 8202 dataOffset: 2
09-15 13:36:26.376 13751 14127 D OPENHU  : [77] Companion.decrypt | RECV: AUDIO Media Data type: 0 flags: 11 size: 8202 dataOffset: 2
09-15 13:36:26.421 13751 14127 D OPENHU  : [77] Companion.decrypt | RECV: AUDIO Media Data type: 0 flags: 11 size: 8202 dataOffset: 2
09-15 13:36:26.463 13751 14127 D OPENHU  : [77] Companion.decrypt | RECV: AUDIO Media Data type: 0 flags: 11 size: 8202 dataOffset: 2
09-15 13:36:26.505 13751 14127 D OPENHU  : [77] Companion.decrypt | RECV: AUDIO Media Data type: 0 flags: 11 size: 8202 dataOffset: 2
09-15 13:36:26.509 13751 14127 D OPENHU  : [77] Companion.decrypt | RECV: MUSIC_PLAYBACK Media Playback Status type: 32769 flags: 11 size: 18 dataOffset: 2
09-15 13:36:26.510 13751 14127 D OPENHU  : [77] AapMediaPlayback.processStatusPacket | AapMediaPlayback: status mediaSource='VLC', playbackSeconds(u32)=129, state=PLAYING
09-15 13:36:26.512 13751 14127 D OPENHU  : [77] Companion.decrypt | RECV: CONTROL Ping Request type: 11 flags: 11 size: 12 dataOffset: 2
09-15 13:36:26.513 13751 14127 V OPENHU  : [77] AapTransport.send | CONTROL Ping Response type: 12 flags: 11 size: 14 dataOffset: 6
09-15 13:36:26.547 13751 14127 D OPENHU  : [77] Companion.decrypt | RECV: AUDIO Media Data type: 0 flags: 11 size: 8202 dataOffset: 2
09-15 13:36:26.591 13751 14127 D OPENHU  : [77] Companion.decrypt | RECV: AUDIO Media Data type: 0 flags: 11 size: 8202 dataOffset: 2
09-15 13:36:26.634 13751 14127 D OPENHU  : [77] Companion.decrypt | RECV: AUDIO Media Data type: 0 flags: 11 size: 8202 dataOffset: 2
09-15 13:36:26.679 13751 14127 D OPENHU  : [77] Companion.decrypt | RECV: AUDIO Media Data type: 0 flags: 11 size: 8202 dataOffset: 2
09-15 13:36:26.727 13751 14127 D OPENHU  : [77] Companion.decrypt | RECV: AUDIO Media Data type: 0 flags: 11 size: 8202 dataOffset: 2
09-15 13:36:26.762 13751 14127 D OPENHU  : [77] Companion.decrypt | RECV: AUDIO Media Data type: 0 flags: 11 size: 8202 dataOffset: 2
09-15 13:36:26.809 13751 14127 D OPENHU  : [77] Companion.decrypt | RECV: AUDIO Media Data type: 0 flags: 11 size: 8202 dataOffset: 2
09-15 13:36:26.849 13751 14127 D OPENHU  : [77] Companion.decrypt | RECV: AUDIO Media Data type: 0 flags: 11 size: 8202 dataOffset: 2
09-15 13:36:26.892 13751 14127 D OPENHU  : [77] Companion.decrypt | RECV: AUDIO Media Data type: 0 flags: 11 size: 8202 dataOffset: 2
09-15 13:36:26.933 13751 14127 D OPENHU  : [77] Companion.decrypt | RECV: AUDIO Media Data type: 0 flags: 11 size: 8202 dataOffset: 2
09-15 13:36:26.976 13751 14127 D OPENHU  : [77] Companion.decrypt | RECV: AUDIO Media Data type: 0 flags: 11 size: 8202 dataOffset: 2
09-15 13:36:27.019 13751 14127 D OPENHU  : [77] Companion.decrypt | RECV: AUDIO Media Data type: 0 flags: 11 size: 8202 dataOffset: 2
09-15 13:36:27.031 13751 13751 V OPENHU  : [2] GpsLocation.onLocationChanged | GpsLocation: fix received
09-15 13:36:27.043 13751 13751 V OPENHU  : [2] AapTransport.send | SENSOR Sensor Event type: 32771 flags: 11 size: 46 dataOffset: 6
09-15 13:36:27.060 13751 14127 D OPENHU  : [77] Companion.decrypt | RECV: AUDIO Media Data type: 0 flags: 11 size: 8202 dataOffset: 2
09-15 13:36:27.104 13751 14127 D OPENHU  : [77] Companion.decrypt | RECV: AUDIO Media Data type: 0 flags: 11 size: 8202 dataOffset: 2
09-15 13:36:27.146 13751 14127 D OPENHU  : [77] Companion.decrypt | RECV: AUDIO Media Data type: 0 flags: 11 size: 8202 dataOffset: 2
09-15 13:36:27.190 13751 14127 D OPENHU  : [77] Companion.decrypt | RECV: AUDIO Media Data type: 0 flags: 11 size: 8202 dataOffset: 2
09-15 13:36:27.230 13751 14127 D OPENHU  : [77] Companion.decrypt | RECV: AUDIO Media Data type: 0 flags: 11 size: 8202 dataOffset: 2
09-15 13:36:27.276 13751 14127 D OPENHU  : [77] Companion.decrypt | RECV: AUDIO Media Data type: 0 flags: 11 size: 8202 dataOffset: 2
09-15 13:36:27.318 13751 14127 D OPENHU  : [77] Companion.decrypt | RECV: AUDIO Media Data type: 0 flags: 11 size: 8202 dataOffset: 2
09-15 13:36:27.361 13751 14127 D OPENHU  : [77] Companion.decrypt | RECV: AUDIO Media Data type: 0 flags: 11 size: 8202 dataOffset: 2
09-15 13:36:27.403 13751 14127 D OPENHU  : [77] Companion.decrypt | RECV: AUDIO Media Data type: 0 flags: 11 size: 8202 dataOffset: 2
09-15 13:36:27.445 13751 14127 D OPENHU  : [77] Companion.decrypt | RECV: AUDIO Media Data type: 0 flags: 11 size: 8202 dataOffset: 2
09-15 13:36:27.487 13751 14127 D OPENHU  : [77] Companion.decrypt | RECV: AUDIO Media Data type: 0 flags: 11 size: 8202 dataOffset: 2
09-15 13:36:27.509 13751 14127 D OPENHU  : [77] Companion.decrypt | RECV: MUSIC_PLAYBACK Media Playback Status type: 32769 flags: 11 size: 18 dataOffset: 2
09-15 13:36:27.510 13751 14127 D OPENHU  : [77] AapMediaPlayback.processStatusPacket | AapMediaPlayback: status mediaSource='VLC', playbackSeconds(u32)=130, state=PLAYING
09-15 13:36:27.516 13751 14127 D OPENHU  : [77] Companion.decrypt | RECV: CONTROL Ping Request type: 11 flags: 11 size: 12 dataOffset: 2
09-15 13:36:27.517 13751 14127 V OPENHU  : [77] AapTransport.send | CONTROL Ping Response type: 12 flags: 11 size: 14 dataOffset: 6
09-15 13:36:27.531 13751 14127 D OPENHU  : [77] Companion.decrypt | RECV: AUDIO Media Data type: 0 flags: 11 size: 8202 dataOffset: 2
09-15 13:36:27.574 13751 14127 D OPENHU  : [77] Companion.decrypt | RECV: AUDIO Media Data type: 0 flags: 11 size: 8202 dataOffset: 2
09-15 13:36:27.619 13751 14127 D OPENHU  : [77] Companion.decrypt | RECV: AUDIO Media Data type: 0 flags: 11 size: 8202 dataOffset: 2
09-15 13:36:27.658 13751 14127 D OPENHU  : [77] Companion.decrypt | RECV: AUDIO Media Data type: 0 flags: 11 size: 8202 dataOffset: 2
09-15 13:36:27.701 13751 14127 D OPENHU  : [77] Companion.decrypt | RECV: AUDIO Media Data type: 0 flags: 11 size: 8202 dataOffset: 2
09-15 13:36:27.743 13751 14127 D OPENHU  : [77] Companion.decrypt | RECV: AUDIO Media Data type: 0 flags: 11 size: 8202 dataOffset: 2
09-15 13:36:27.786 13751 14127 D OPENHU  : [77] Companion.decrypt | RECV: AUDIO Media Data type: 0 flags: 11 size: 8202 dataOffset: 2
09-15 13:36:27.830 13751 14127 D OPENHU  : [77] Companion.decrypt | RECV: AUDIO Media Data type: 0 flags: 11 size: 8202 dataOffset: 2
09-15 13:36:27.875 13751 14127 D OPENHU  : [77] Companion.decrypt | RECV: AUDIO Media Data type: 0 flags: 11 size: 8202 dataOffset: 2
09-15 13:36:27.917 13751 14127 D OPENHU  : [77] Companion.decrypt | RECV: AUDIO Media Data type: 0 flags: 11 size: 8202 dataOffset: 2
09-15 13:36:27.957 13751 14127 D OPENHU  : [77] Companion.decrypt | RECV: AUDIO Media Data type: 0 flags: 11 size: 8202 dataOffset: 2
09-15 13:36:28.000 13751 13751 V OPENHU  : [2] GpsLocation.onLocationChanged | GpsLocation: fix received
09-15 13:36:28.001 13751 14127 D OPENHU  : [77] Companion.decrypt | RECV: AUDIO Media Data type: 0 flags: 11 size: 8202 dataOffset: 2
09-15 13:36:28.010 13751 13751 V OPENHU  : [2] AapTransport.send | SENSOR Sensor Event type: 32771 flags: 11 size: 46 dataOffset: 6
09-15 13:36:28.043 13751 14127 D OPENHU  : [77] Companion.decrypt | RECV: AUDIO Media Data type: 0 flags: 11 size: 8202 dataOffset: 2
09-15 13:36:28.084 13751 14127 D OPENHU  : [77] Companion.decrypt | RECV: AUDIO Media Data type: 0 flags: 11 size: 8202 dataOffset: 2
09-15 13:36:28.128 13751 14127 D OPENHU  : [77] Companion.decrypt | RECV: AUDIO Media Data type: 0 flags: 11 size: 8202 dataOffset: 2
09-15 13:36:28.170 13751 14127 D OPENHU  : [77] Companion.decrypt | RECV: AUDIO Media Data type: 0 flags: 11 size: 8202 dataOffset: 2
09-15 13:36:28.212 13751 14127 D OPENHU  : [77] Companion.decrypt | RECV: AUDIO Media Data type: 0 flags: 11 size: 8202 dataOffset: 2
09-15 13:36:28.258 13751 14127 D OPENHU  : [77] Companion.decrypt | RECV: AUDIO Media Data type: 0 flags: 11 size: 8202 dataOffset: 2
09-15 13:36:28.300 13751 14127 D OPENHU  : [77] Companion.decrypt | RECV: AUDIO Media Data type: 0 flags: 11 size: 8202 dataOffset: 2
09-15 13:36:28.343 13751 14127 D OPENHU  : [77] Companion.decrypt | RECV: AUDIO Media Data type: 0 flags: 11 size: 8202 dataOffset: 2
09-15 13:36:28.386 13751 14127 D OPENHU  : [77] Companion.decrypt | RECV: AUDIO Media Data type: 0 flags: 11 size: 8202 dataOffset: 2
09-15 13:36:28.427 13751 14127 D OPENHU  : [77] Companion.decrypt | RECV: AUDIO Media Data type: 0 flags: 11 size: 8202 dataOffset: 2
09-15 13:36:28.471 13751 14127 D OPENHU  : [77] Companion.decrypt | RECV: AUDIO Media Data type: 0 flags: 11 size: 8202 dataOffset: 2
09-15 13:36:28.512 13751 14127 D OPENHU  : [77] Companion.decrypt | RECV: MUSIC_PLAYBACK Media Playback Status type: 32769 flags: 11 size: 18 dataOffset: 2
09-15 13:36:28.514 13751 14127 D OPENHU  : [77] AapMediaPlayback.processStatusPacket | AapMediaPlayback: status mediaSource='VLC', playbackSeconds(u32)=131, state=PLAYING
09-15 13:36:28.519 13751 14127 D OPENHU  : [77] Companion.decrypt | RECV: CONTROL Ping Request type: 11 flags: 11 size: 12 dataOffset: 2
09-15 13:36:28.521 13751 14127 V OPENHU  : [77] AapTransport.send | CONTROL Ping Response type: 12 flags: 11 size: 14 dataOffset: 6
09-15 13:36:28.524 13751 14127 D OPENHU  : [77] Companion.decrypt | RECV: AUDIO Media Data type: 0 flags: 11 size: 8202 dataOffset: 2
09-15 13:36:28.560 13751 14127 D OPENHU  : [77] Companion.decrypt | RECV: AUDIO Media Data type: 0 flags: 11 size: 8202 dataOffset: 2
09-15 13:36:28.598 13751 14127 D OPENHU  : [77] Companion.decrypt | RECV: AUDIO Media Data type: 0 flags: 11 size: 8202 dataOffset: 2
09-15 13:36:28.640 13751 14127 D OPENHU  : [77] Companion.decrypt | RECV: AUDIO Media Data type: 0 flags: 11 size: 8202 dataOffset: 2
09-15 13:36:28.684 13751 14127 D OPENHU  : [77] Companion.decrypt | RECV: AUDIO Media Data type: 0 flags: 11 size: 8202 dataOffset: 2
09-15 13:36:28.725 13751 14127 D OPENHU  : [77] Companion.decrypt | RECV: AUDIO Media Data type: 0 flags: 11 size: 8202 dataOffset: 2
09-15 13:36:28.767 13751 14127 D OPENHU  : [77] Companion.decrypt | RECV: AUDIO Media Data type: 0 flags: 11 size: 8202 dataOffset: 2
09-15 13:36:28.812 13751 14127 D OPENHU  : [77] Companion.decrypt | RECV: AUDIO Media Data type: 0 flags: 11 size: 8202 dataOffset: 2
09-15 13:36:28.855 13751 14127 D OPENHU  : [77] Companion.decrypt | RECV: AUDIO Media Data type: 0 flags: 11 size: 8202 dataOffset: 2
09-15 13:36:28.897 13751 14127 D OPENHU  : [77] Companion.decrypt | RECV: AUDIO Media Data type: 0 flags: 11 size: 8202 dataOffset: 2
09-15 13:36:28.939 13751 14127 D OPENHU  : [77] Companion.decrypt | RECV: AUDIO Media Data type: 0 flags: 11 size: 8202 dataOffset: 2
09-15 13:36:28.983 13751 14127 D OPENHU  : [77] Companion.decrypt | RECV: AUDIO Media Data type: 0 flags: 11 size: 8202 dataOffset: 2
09-15 13:36:29.018 13751 13751 V OPENHU  : [2] GpsLocation.onLocationChanged | GpsLocation: fix received
09-15 13:36:29.025 13751 14127 D OPENHU  : [77] Companion.decrypt | RECV: AUDIO Media Data type: 0 flags: 11 size: 8202 dataOffset: 2
09-15 13:36:29.025 13751 13751 V OPENHU  : [2] AapTransport.send | SENSOR Sensor Event type: 32771 flags: 11 size: 46 dataOffset: 6
09-15 13:36:29.071 13751 14127 D OPENHU  : [77] Companion.decrypt | RECV: AUDIO Media Data type: 0 flags: 11 size: 8202 dataOffset: 2
09-15 13:36:29.107 13751 14127 D OPENHU  : [77] Companion.decrypt | RECV: AUDIO Media Data type: 0 flags: 11 size: 8202 dataOffset: 2
09-15 13:36:29.151 13751 14127 D OPENHU  : [77] Companion.decrypt | RECV: AUDIO Media Data type: 0 flags: 11 size: 8202 dataOffset: 2
09-15 13:36:29.201 13751 14127 D OPENHU  : [77] Companion.decrypt | RECV: AUDIO Media Data type: 0 flags: 11 size: 8202 dataOffset: 2
09-15 13:36:29.239 13751 14127 D OPENHU  : [77] Companion.decrypt | RECV: AUDIO Media Data type: 0 flags: 11 size: 8202 dataOffset: 2
09-15 13:36:29.280 13751 14127 D OPENHU  : [77] Companion.decrypt | RECV: AUDIO Media Data type: 0 flags: 11 size: 8202 dataOffset: 2
09-15 13:36:29.320 13751 14127 D OPENHU  : [77] Companion.decrypt | RECV: AUDIO Media Data type: 0 flags: 11 size: 8202 dataOffset: 2
09-15 13:36:29.366 13751 14127 D OPENHU  : [77] Companion.decrypt | RECV: AUDIO Media Data type: 0 flags: 11 size: 8202 dataOffset: 2
09-15 13:36:29.406 13751 14162 I OPENHU  : [88] VideoDecoder.logThroughput | Throughput over 5002ms: rendered=202 (40fps), fed=202 (40fps), dropped=0, skipped=0, concealed=0, inputWait=91ms, enqueueWait=0ms, codec=c2.unisoc.avc.decoder, presented=202 (40fps), decodeLatency=9ms p95=13ms (202 frames)
09-15 13:36:29.408 13751 14127 D OPENHU  : [77] Companion.decrypt | RECV: AUDIO Media Data type: 0 flags: 11 size: 8202 dataOffset: 2
09-15 13:36:29.450 13751 14127 D OPENHU  : [77] Companion.decrypt | RECV: AUDIO Media Data type: 0 flags: 11 size: 8202 dataOffset: 2
09-15 13:36:29.493 13751 14127 D OPENHU  : [77] Companion.decrypt | RECV: AUDIO Media Data type: 0 flags: 11 size: 8202 dataOffset: 2
09-15 13:36:29.509 13751 14127 D OPENHU  : [77] Companion.decrypt | RECV: MUSIC_PLAYBACK Media Playback Status type: 32769 flags: 11 size: 18 dataOffset: 2
09-15 13:36:29.510 13751 14127 D OPENHU  : [77] AapMediaPlayback.processStatusPacket | AapMediaPlayback: status mediaSource='VLC', playbackSeconds(u32)=132, state=PLAYING
09-15 13:36:29.515 13751 14127 D OPENHU  : [77] Companion.decrypt | RECV: CONTROL Ping Request type: 11 flags: 11 size: 12 dataOffset: 2
09-15 13:36:29.516 13751 14127 V OPENHU  : [77] AapTransport.send | CONTROL Ping Response type: 12 flags: 11 size: 14 dataOffset: 6
09-15 13:36:29.535 13751 14127 D OPENHU  : [77] Companion.decrypt | RECV: AUDIO Media Data type: 0 flags: 11 size: 8202 dataOffset: 2
09-15 13:36:29.555 13751 13751 I OPENHU  : [2] TextureProjectionView.onSurfaceTextureUpdated | TextureProjectionView: displayed 162 frames in 5000ms (32fps), longFrames=1
09-15 13:36:29.577 13751 14127 D OPENHU  : [77] Companion.decrypt | RECV: AUDIO Media Data type: 0 flags: 11 size: 8202 dataOffset: 2
09-15 13:36:29.619 13751 14127 D OPENHU  : [77] Companion.decrypt | RECV: AUDIO Media Data type: 0 flags: 11 size: 8202 dataOffset: 2
09-15 13:36:29.665 13751 14127 D OPENHU  : [77] Companion.decrypt | RECV: AUDIO Media Data type: 0 flags: 11 size: 8202 dataOffset: 2
09-15 13:36:29.707 13751 14127 D OPENHU  : [77] Companion.decrypt | RECV: AUDIO Media Data type: 0 flags: 11 size: 8202 dataOffset: 2
09-15 13:36:29.748 13751 14127 D OPENHU  : [77] Companion.decrypt | RECV: AUDIO Media Data type: 0 flags: 11 size: 8202 dataOffset: 2
09-15 13:36:29.792 13751 14127 D OPENHU  : [77] Companion.decrypt | RECV: AUDIO Media Data type: 0 flags: 11 size: 8202 dataOffset: 2
09-15 13:36:29.836 13751 14127 D OPENHU  : [77] Companion.decrypt | RECV: AUDIO Media Data type: 0 flags: 11 size: 8202 dataOffset: 2
09-15 13:36:29.876 13751 14127 D OPENHU  : [77] Companion.decrypt | RECV: AUDIO Media Data type: 0 flags: 11 size: 8202 dataOffset: 2
09-15 13:36:29.919 13751 14127 D OPENHU  : [77] Companion.decrypt | RECV: AUDIO Media Data type: 0 flags: 11 size: 8202 dataOffset: 2
09-15 13:36:29.962 13751 14127 D OPENHU  : [77] Companion.decrypt | RECV: AUDIO Media Data type: 0 flags: 11 size: 8202 dataOffset: 2
09-15 13:36:30.003 13751 13751 V OPENHU  : [2] GpsLocation.onLocationChanged | GpsLocation: fix received
09-15 13:36:30.005 13751 14127 D OPENHU  : [77] Companion.decrypt | RECV: AUDIO Media Data type: 0 flags: 11 size: 8202 dataOffset: 2
09-15 13:36:30.018 13751 13751 V OPENHU  : [2] AapTransport.send | SENSOR Sensor Event type: 32771 flags: 11 size: 46 dataOffset: 6
09-15 13:36:30.049 13751 14127 D OPENHU  : [77] Companion.decrypt | RECV: AUDIO Media Data type: 0 flags: 11 size: 8202 dataOffset: 2
09-15 13:36:30.091 13751 14127 D OPENHU  : [77] Companion.decrypt | RECV: AUDIO Media Data type: 0 flags: 11 size: 8202 dataOffset: 2
09-15 13:36:30.133 13751 14127 D OPENHU  : [77] Companion.decrypt | RECV: AUDIO Media Data type: 0 flags: 11 size: 8202 dataOffset: 2
09-15 13:36:30.176 13751 14127 D OPENHU  : [77] Companion.decrypt | RECV: AUDIO Media Data type: 0 flags: 11 size: 8202 dataOffset: 2
09-15 13:36:30.218 13751 14127 D OPENHU  : [77] Companion.decrypt | RECV: AUDIO Media Data type: 0 flags: 11 size: 8202 dataOffset: 2
09-15 13:36:30.263 13751 14127 D OPENHU  : [77] Companion.decrypt | RECV: AUDIO Media Data type: 0 flags: 11 size: 8202 dataOffset: 2
09-15 13:36:30.303 13751 14127 D OPENHU  : [77] Companion.decrypt | RECV: AUDIO Media Data type: 0 flags: 11 size: 8202 dataOffset: 2
09-15 13:36:30.346 13751 14127 D OPENHU  : [77] Companion.decrypt | RECV: AUDIO Media Data type: 0 flags: 11 size: 8202 dataOffset: 2
09-15 13:36:30.390 13751 14127 D OPENHU  : [77] Companion.decrypt | RECV: AUDIO Media Data type: 0 flags: 11 size: 8202 dataOffset: 2
09-15 13:36:30.432 13751 14127 D OPENHU  : [77] Companion.decrypt | RECV: AUDIO Media Data type: 0 flags: 11 size: 8202 dataOffset: 2
09-15 13:36:30.475 13751 14127 D OPENHU  : [77] Companion.decrypt | RECV: AUDIO Media Data type: 0 flags: 11 size: 8202 dataOffset: 2
09-15 13:36:30.509 13751 14127 D OPENHU  : [77] Companion.decrypt | RECV: MUSIC_PLAYBACK Media Playback Status type: 32769 flags: 11 size: 18 dataOffset: 2
09-15 13:36:30.510 13751 14127 D OPENHU  : [77] AapMediaPlayback.processStatusPacket | AapMediaPlayback: status mediaSource='VLC', playbackSeconds(u32)=133, state=PLAYING
09-15 13:36:30.517 13751 14127 D OPENHU  : [77] Companion.decrypt | RECV: CONTROL Ping Request type: 11 flags: 11 size: 12 dataOffset: 2
09-15 13:36:30.518 13751 14127 V OPENHU  : [77] AapTransport.send | CONTROL Ping Response type: 12 flags: 11 size: 14 dataOffset: 6
09-15 13:36:30.521 13751 14127 D OPENHU  : [77] Companion.decrypt | RECV: AUDIO Media Data type: 0 flags: 11 size: 8202 dataOffset: 2
09-15 13:36:30.562 13751 14127 D OPENHU  : [77] Companion.decrypt | RECV: AUDIO Media Data type: 0 flags: 11 size: 8202 dataOffset: 2
09-15 13:36:30.603 13751 14127 D OPENHU  : [77] Companion.decrypt | RECV: AUDIO Media Data type: 0 flags: 11 size: 8202 dataOffset: 2
09-15 13:36:30.645 13751 14127 D OPENHU  : [77] Companion.decrypt | RECV: AUDIO Media Data type: 0 flags: 11 size: 8202 dataOffset: 2
09-15 13:36:30.688 13751 14127 D OPENHU  : [77] Companion.decrypt | RECV: AUDIO Media Data type: 0 flags: 11 size: 8202 dataOffset: 2
09-15 13:36:30.731 13751 14127 D OPENHU  : [77] Companion.decrypt | RECV: AUDIO Media Data type: 0 flags: 11 size: 8202 dataOffset: 2
09-15 13:36:30.773 13751 14127 D OPENHU  : [77] Companion.decrypt | RECV: AUDIO Media Data type: 0 flags: 11 size: 8202 dataOffset: 2
09-15 13:36:30.818 13751 14127 D OPENHU  : [77] Companion.decrypt | RECV: AUDIO Media Data type: 0 flags: 11 size: 8202 dataOffset: 2
09-15 13:36:30.858 13751 14127 D OPENHU  : [77] Companion.decrypt | RECV: AUDIO Media Data type: 0 flags: 11 size: 8202 dataOffset: 2
09-15 13:36:30.900 13751 14127 D OPENHU  : [77] Companion.decrypt | RECV: AUDIO Media Data type: 0 flags: 11 size: 8202 dataOffset: 2
09-15 13:36:30.944 13751 14127 D OPENHU  : [77] Companion.decrypt | RECV: AUDIO Media Data type: 0 flags: 11 size: 8202 dataOffset: 2
09-15 13:36:30.986 13751 14127 D OPENHU  : [77] Companion.decrypt | RECV: AUDIO Media Data type: 0 flags: 11 size: 8202 dataOffset: 2
09-15 13:36:31.012 13751 13751 V OPENHU  : [2] GpsLocation.onLocationChanged | GpsLocation: fix received
09-15 13:36:31.020 13751 13751 V OPENHU  : [2] AapTransport.send | SENSOR Sensor Event type: 32771 flags: 11 size: 46 dataOffset: 6
09-15 13:36:31.028 13751 14127 D OPENHU  : [77] Companion.decrypt | RECV: AUDIO Media Data type: 0 flags: 11 size: 8202 dataOffset: 2
09-15 13:36:31.071 13751 14127 D OPENHU  : [77] Companion.decrypt | RECV: AUDIO Media Data type: 0 flags: 11 size: 8202 dataOffset: 2
09-15 13:36:31.115 13751 14127 D OPENHU  : [77] Companion.decrypt | RECV: AUDIO Media Data type: 0 flags: 11 size: 8202 dataOffset: 2
09-15 13:36:31.157 13751 14127 D OPENHU  : [77] Companion.decrypt | RECV: AUDIO Media Data type: 0 flags: 11 size: 8202 dataOffset: 2
09-15 13:36:31.199 13751 14127 D OPENHU  : [77] Companion.decrypt | RECV: AUDIO Media Data type: 0 flags: 11 size: 8202 dataOffset: 2
09-15 13:36:31.244 13751 14127 D OPENHU  : [77] Companion.decrypt | RECV: AUDIO Media Data type: 0 flags: 11 size: 8202 dataOffset: 2
09-15 13:36:31.285 13751 14127 D OPENHU  : [77] Companion.decrypt | RECV: AUDIO Media Data type: 0 flags: 11 size: 8202 dataOffset: 2
09-15 13:36:31.328 13751 14127 D OPENHU  : [77] Companion.decrypt | RECV: AUDIO Media Data type: 0 flags: 11 size: 8202 dataOffset: 2
09-15 13:36:31.369 13751 14127 D OPENHU  : [77] Companion.decrypt | RECV: AUDIO Media Data type: 0 flags: 11 size: 8202 dataOffset: 2
09-15 13:36:31.413 13751 14127 D OPENHU  : [77] Companion.decrypt | RECV: AUDIO Media Data type: 0 flags: 11 size: 8202 dataOffset: 2
09-15 13:36:31.455 13751 14127 D OPENHU  : [77] Companion.decrypt | RECV: AUDIO Media Data type: 0 flags: 11 size: 8202 dataOffset: 2
09-15 13:36:31.497 13751 14127 D OPENHU  : [77] Companion.decrypt | RECV: AUDIO Media Data type: 0 flags: 11 size: 8202 dataOffset: 2
09-15 13:36:31.510 13751 14127 D OPENHU  : [77] Companion.decrypt | RECV: MUSIC_PLAYBACK Media Playback Status type: 32769 flags: 11 size: 18 dataOffset: 2
09-15 13:36:31.510 13751 14127 D OPENHU  : [77] AapMediaPlayback.processStatusPacket | AapMediaPlayback: status mediaSource='VLC', playbackSeconds(u32)=134, state=PLAYING
09-15 13:36:31.518 13751 14127 D OPENHU  : [77] Companion.decrypt | RECV: CONTROL Ping Request type: 11 flags: 11 size: 12 dataOffset: 2
09-15 13:36:31.519 13751 14127 V OPENHU  : [77] AapTransport.send | CONTROL Ping Response type: 12 flags: 11 size: 14 dataOffset: 6
09-15 13:36:31.540 13751 14127 D OPENHU  : [77] Companion.decrypt | RECV: AUDIO Media Data type: 0 flags: 11 size: 8202 dataOffset: 2
09-15 13:36:31.583 13751 14127 D OPENHU  : [77] Companion.decrypt | RECV: AUDIO Media Data type: 0 flags: 11 size: 8202 dataOffset: 2
09-15 13:36:31.626 13751 14127 D OPENHU  : [77] Companion.decrypt | RECV: AUDIO Media Data type: 0 flags: 11 size: 8202 dataOffset: 2
09-15 13:36:31.668 13751 14127 D OPENHU  : [77] Companion.decrypt | RECV: AUDIO Media Data type: 0 flags: 11 size: 8202 dataOffset: 2
09-15 13:36:31.712 13751 14127 D OPENHU  : [77] Companion.decrypt | RECV: AUDIO Media Data type: 0 flags: 11 size: 8202 dataOffset: 2
09-15 13:36:31.755 13751 14127 D OPENHU  : [77] Companion.decrypt | RECV: AUDIO Media Data type: 0 flags: 11 size: 8202 dataOffset: 2
09-15 13:36:31.797 13751 14127 D OPENHU  : [77] Companion.decrypt | RECV: AUDIO Media Data type: 0 flags: 11 size: 8202 dataOffset: 2
09-15 13:36:31.841 13751 14127 D OPENHU  : [77] Companion.decrypt | RECV: AUDIO Media Data type: 0 flags: 11 size: 8202 dataOffset: 2
09-15 13:36:31.884 13751 14127 D OPENHU  : [77] Companion.decrypt | RECV: AUDIO Media Data type: 0 flags: 11 size: 8202 dataOffset: 2
09-15 13:36:31.926 13751 14127 D OPENHU  : [77] Companion.decrypt | RECV: AUDIO Media Data type: 0 flags: 11 size: 8202 dataOffset: 2
09-15 13:36:31.971 13751 14127 D OPENHU  : [77] Companion.decrypt | RECV: AUDIO Media Data type: 0 flags: 11 size: 8202 dataOffset: 2
09-15 13:36:31.993 13751 13751 V OPENHU  : [2] GpsLocation.onLocationChanged | GpsLocation: fix received
09-15 13:36:32.001 13751 13751 V OPENHU  : [2] AapTransport.send | SENSOR Sensor Event type: 32771 flags: 11 size: 46 dataOffset: 6
09-15 13:36:32.013 13751 14127 D OPENHU  : [77] Companion.decrypt | RECV: AUDIO Media Data type: 0 flags: 11 size: 8202 dataOffset: 2
09-15 13:36:32.055 13751 14127 D OPENHU  : [77] Companion.decrypt | RECV: AUDIO Media Data type: 0 flags: 11 size: 8202 dataOffset: 2
09-15 13:36:32.095 13751 14127 D OPENHU  : [77] Companion.decrypt | RECV: AUDIO Media Data type: 0 flags: 11 size: 8202 dataOffset: 2
09-15 13:36:32.138 13751 14127 D OPENHU  : [77] Companion.decrypt | RECV: AUDIO Media Data type: 0 flags: 11 size: 8202 dataOffset: 2
09-15 13:36:32.182 13751 14127 D OPENHU  : [77] Companion.decrypt | RECV: AUDIO Media Data type: 0 flags: 11 size: 8202 dataOffset: 2
09-15 13:36:32.224 13751 14127 D OPENHU  : [77] Companion.decrypt | RECV: AUDIO Media Data type: 0 flags: 11 size: 8202 dataOffset: 2
09-15 13:36:32.265 13751 14127 D OPENHU  : [77] Companion.decrypt | RECV: AUDIO Media Data type: 0 flags: 11 size: 8202 dataOffset: 2
09-15 13:36:32.308 13751 14127 D OPENHU  : [77] Companion.decrypt | RECV: AUDIO Media Data type: 0 flags: 11 size: 8202 dataOffset: 2
09-15 13:36:32.355 13751 14127 D OPENHU  : [77] Companion.decrypt | RECV: AUDIO Media Data type: 0 flags: 11 size: 8202 dataOffset: 2
09-15 13:36:32.394 13751 14127 D OPENHU  : [77] Companion.decrypt | RECV: AUDIO Media Data type: 0 flags: 11 size: 8202 dataOffset: 2
09-15 13:36:32.438 13751 14127 D OPENHU  : [77] Companion.decrypt | RECV: AUDIO Media Data type: 0 flags: 11 size: 8202 dataOffset: 2
09-15 13:36:32.479 13751 14127 D OPENHU  : [77] Companion.decrypt | RECV: AUDIO Media Data type: 0 flags: 11 size: 8202 dataOffset: 2
09-15 13:36:32.509 13751 14127 D OPENHU  : [77] Companion.decrypt | RECV: MUSIC_PLAYBACK Media Playback Status type: 32769 flags: 11 size: 18 dataOffset: 2
09-15 13:36:32.510 13751 14127 D OPENHU  : [77] AapMediaPlayback.processStatusPacket | AapMediaPlayback: status mediaSource='VLC', playbackSeconds(u32)=135, state=PLAYING
09-15 13:36:32.518 13751 14127 D OPENHU  : [77] Companion.decrypt | RECV: CONTROL Ping Request type: 11 flags: 11 size: 12 dataOffset: 2
09-15 13:36:32.519 13751 14127 V OPENHU  : [77] AapTransport.send | CONTROL Ping Response type: 12 flags: 11 size: 14 dataOffset: 6
09-15 13:36:32.523 13751 14127 D OPENHU  : [77] Companion.decrypt | RECV: AUDIO Media Data type: 0 flags: 11 size: 8202 dataOffset: 2
09-15 13:36:32.565 13751 14127 D OPENHU  : [77] Companion.decrypt | RECV: AUDIO Media Data type: 0 flags: 11 size: 8202 dataOffset: 2
09-15 13:36:32.609 13751 14127 D OPENHU  : [77] Companion.decrypt | RECV: AUDIO Media Data type: 0 flags: 11 size: 8202 dataOffset: 2
09-15 13:36:32.650 13751 14127 D OPENHU  : [77] Companion.decrypt | RECV: AUDIO Media Data type: 0 flags: 11 size: 8202 dataOffset: 2
09-15 13:36:32.692 13751 14127 D OPENHU  : [77] Companion.decrypt | RECV: AUDIO Media Data type: 0 flags: 11 size: 8202 dataOffset: 2
09-15 13:36:32.736 13751 14127 D OPENHU  : [77] Companion.decrypt | RECV: AUDIO Media Data type: 0 flags: 11 size: 8202 dataOffset: 2
09-15 13:36:32.778 13751 14127 D OPENHU  : [77] Companion.decrypt | RECV: AUDIO Media Data type: 0 flags: 11 size: 8202 dataOffset: 2
09-15 13:36:32.822 13751 14127 D OPENHU  : [77] Companion.decrypt | RECV: AUDIO Media Data type: 0 flags: 11 size: 8202 dataOffset: 2
09-15 13:36:32.863 13751 14127 D OPENHU  : [77] Companion.decrypt | RECV: AUDIO Media Data type: 0 flags: 11 size: 8202 dataOffset: 2
09-15 13:36:32.907 13751 14127 D OPENHU  : [77] Companion.decrypt | RECV: AUDIO Media Data type: 0 flags: 11 size: 8202 dataOffset: 2
09-15 13:36:32.949 13751 14127 D OPENHU  : [77] Companion.decrypt | RECV: AUDIO Media Data type: 0 flags: 11 size: 8202 dataOffset: 2
09-15 13:36:32.992 13751 14127 D OPENHU  : [77] Companion.decrypt | RECV: AUDIO Media Data type: 0 flags: 11 size: 8202 dataOffset: 2
09-15 13:36:33.015 13751 13751 V OPENHU  : [2] GpsLocation.onLocationChanged | GpsLocation: fix received
09-15 13:36:33.022 13751 13751 V OPENHU  : [2] AapTransport.send | SENSOR Sensor Event type: 32771 flags: 11 size: 46 dataOffset: 6
09-15 13:36:33.038 13751 14127 D OPENHU  : [77] Companion.decrypt | RECV: AUDIO Media Data type: 0 flags: 11 size: 8202 dataOffset: 2
09-15 13:36:33.081 13751 14127 D OPENHU  : [77] Companion.decrypt | RECV: AUDIO Media Data type: 0 flags: 11 size: 8202 dataOffset: 2
09-15 13:36:33.122 13751 14127 D OPENHU  : [77] Companion.decrypt | RECV: AUDIO Media Data type: 0 flags: 11 size: 8202 dataOffset: 2
09-15 13:36:33.162 13751 14127 D OPENHU  : [77] Companion.decrypt | RECV: AUDIO Media Data type: 0 flags: 11 size: 8202 dataOffset: 2
09-15 13:36:33.205 13751 14127 D OPENHU  : [77] Companion.decrypt | RECV: AUDIO Media Data type: 0 flags: 11 size: 8202 dataOffset: 2
09-15 13:36:33.247 13751 14127 D OPENHU  : [77] Companion.decrypt | RECV: AUDIO Media Data type: 0 flags: 11 size: 8202 dataOffset: 2
09-15 13:36:33.291 13751 14127 D OPENHU  : [77] Companion.decrypt | RECV: AUDIO Media Data type: 0 flags: 11 size: 8202 dataOffset: 2
09-15 13:36:33.335 13751 14127 D OPENHU  : [77] Companion.decrypt | RECV: AUDIO Media Data type: 0 flags: 11 size: 8202 dataOffset: 2
09-15 13:36:33.378 13751 14127 D OPENHU  : [77] Companion.decrypt | RECV: AUDIO Media Data type: 0 flags: 11 size: 8202 dataOffset: 2
09-15 13:36:33.420 13751 14127 D OPENHU  : [77] Companion.decrypt | RECV: AUDIO Media Data type: 0 flags: 11 size: 8202 dataOffset: 2
09-15 13:36:33.461 13751 14127 D OPENHU  : [77] Companion.decrypt | RECV: AUDIO Media Data type: 0 flags: 11 size: 8202 dataOffset: 2
09-15 13:36:33.504 13751 14127 D OPENHU  : [77] Companion.decrypt | RECV: AUDIO Media Data type: 0 flags: 11 size: 8202 dataOffset: 2
09-15 13:36:33.509 13751 14127 D OPENHU  : [77] Companion.decrypt | RECV: MUSIC_PLAYBACK Media Playback Status type: 32769 flags: 11 size: 18 dataOffset: 2
09-15 13:36:33.510 13751 14127 D OPENHU  : [77] AapMediaPlayback.processStatusPacket | AapMediaPlayback: status mediaSource='VLC', playbackSeconds(u32)=136, state=PLAYING
09-15 13:36:33.520 13751 14127 D OPENHU  : [77] Companion.decrypt | RECV: CONTROL Ping Request type: 11 flags: 11 size: 12 dataOffset: 2
09-15 13:36:33.521 13751 14127 V OPENHU  : [77] AapTransport.send | CONTROL Ping Response type: 12 flags: 11 size: 14 dataOffset: 6
09-15 13:36:33.545 13751 14127 D OPENHU  : [77] Companion.decrypt | RECV: AUDIO Media Data type: 0 flags: 11 size: 8202 dataOffset: 2
09-15 13:36:33.589 13751 14127 D OPENHU  : [77] Companion.decrypt | RECV: AUDIO Media Data type: 0 flags: 11 size: 8202 dataOffset: 2
09-15 13:36:33.633 13751 14127 D OPENHU  : [77] Companion.decrypt | RECV: AUDIO Media Data type: 0 flags: 11 size: 8202 dataOffset: 2
09-15 13:36:33.677 13751 14127 D OPENHU  : [77] Companion.decrypt | RECV: AUDIO Media Data type: 0 flags: 11 size: 8202 dataOffset: 2
09-15 13:36:33.717 13751 14127 D OPENHU  : [77] Companion.decrypt | RECV: AUDIO Media Data type: 0 flags: 11 size: 8202 dataOffset: 2
09-15 13:36:33.760 13751 14127 D OPENHU  : [77] Companion.decrypt | RECV: AUDIO Media Data type: 0 flags: 11 size: 8202 dataOffset: 2
09-15 13:36:33.803 13751 14127 D OPENHU  : [77] Companion.decrypt | RECV: AUDIO Media Data type: 0 flags: 11 size: 8202 dataOffset: 2
09-15 13:36:33.845 13751 14127 D OPENHU  : [77] Companion.decrypt | RECV: AUDIO Media Data type: 0 flags: 11 size: 8202 dataOffset: 2
09-15 13:36:33.889 13751 14127 D OPENHU  : [77] Companion.decrypt | RECV: AUDIO Media Data type: 0 flags: 11 size: 8202 dataOffset: 2
09-15 13:36:33.932 13751 14127 D OPENHU  : [77] Companion.decrypt | RECV: AUDIO Media Data type: 0 flags: 11 size: 8202 dataOffset: 2
09-15 13:36:33.975 13751 14127 D OPENHU  : [77] Companion.decrypt | RECV: AUDIO Media Data type: 0 flags: 11 size: 8202 dataOffset: 2
09-15 13:36:33.999 13751 13751 V OPENHU  : [2] GpsLocation.onLocationChanged | GpsLocation: fix received
09-15 13:36:34.008 13751 13751 V OPENHU  : [2] AapTransport.send | SENSOR Sensor Event type: 32771 flags: 11 size: 46 dataOffset: 6
09-15 13:36:34.021 13751 14127 D OPENHU  : [77] Companion.decrypt | RECV: AUDIO Media Data type: 0 flags: 11 size: 8202 dataOffset: 2
09-15 13:36:34.057 13751 14127 D OPENHU  : [77] Companion.decrypt | RECV: AUDIO Media Data type: 0 flags: 11 size: 8202 dataOffset: 2
09-15 13:36:34.101 13751 14127 D OPENHU  : [77] Companion.decrypt | RECV: AUDIO Media Data type: 0 flags: 11 size: 8202 dataOffset: 2
09-15 13:36:34.143 13751 14127 D OPENHU  : [77] Companion.decrypt | RECV: AUDIO Media Data type: 0 flags: 11 size: 8202 dataOffset: 2
09-15 13:36:34.188 13751 14127 D OPENHU  : [77] Companion.decrypt | RECV: AUDIO Media Data type: 0 flags: 11 size: 8202 dataOffset: 2
09-15 13:36:34.230 13751 14127 D OPENHU  : [77] Companion.decrypt | RECV: AUDIO Media Data type: 0 flags: 11 size: 8202 dataOffset: 2
09-15 13:36:34.270 13751 14127 D OPENHU  : [77] Companion.decrypt | RECV: AUDIO Media Data type: 0 flags: 11 size: 8202 dataOffset: 2
09-15 13:36:34.315 13751 14127 D OPENHU  : [77] Companion.decrypt | RECV: AUDIO Media Data type: 0 flags: 11 size: 8202 dataOffset: 2
09-15 13:36:34.358 13751 14127 D OPENHU  : [77] Companion.decrypt | RECV: AUDIO Media Data type: 0 flags: 11 size: 8202 dataOffset: 2
09-15 13:36:34.404 13751 14127 D OPENHU  : [77] Companion.decrypt | RECV: AUDIO Media Data type: 0 flags: 11 size: 8202 dataOffset: 2
09-15 13:36:34.407 13751 14162 I OPENHU  : [88] VideoDecoder.logThroughput | Throughput over 5001ms: rendered=192 (38fps), fed=191 (38fps), dropped=0, skipped=0, concealed=0, inputWait=83ms, enqueueWait=0ms, codec=c2.unisoc.avc.decoder, presented=192 (38fps), decodeLatency=9ms p95=11ms (192 frames)
09-15 13:36:34.448 13751 14127 D OPENHU  : [77] Companion.decrypt | RECV: AUDIO Media Data type: 0 flags: 11 size: 8202 dataOffset: 2
09-15 13:36:34.486 13751 14127 D OPENHU  : [77] Companion.decrypt | RECV: AUDIO Media Data type: 0 flags: 11 size: 8202 dataOffset: 2
09-15 13:36:34.512 13751 14127 D OPENHU  : [77] Companion.decrypt | RECV: MUSIC_PLAYBACK Media Playback Status type: 32769 flags: 11 size: 18 dataOffset: 2
09-15 13:36:34.513 13751 14127 D OPENHU  : [77] AapMediaPlayback.processStatusPacket | AapMediaPlayback: status mediaSource='VLC', playbackSeconds(u32)=137, state=PLAYING
09-15 13:36:34.520 13751 14127 D OPENHU  : [77] Companion.decrypt | RECV: CONTROL Ping Request type: 11 flags: 11 size: 12 dataOffset: 2
09-15 13:36:34.521 13751 14127 V OPENHU  : [77] AapTransport.send | CONTROL Ping Response type: 12 flags: 11 size: 14 dataOffset: 6
09-15 13:36:34.530 13751 14127 D OPENHU  : [77] Companion.decrypt | RECV: AUDIO Media Data type: 0 flags: 11 size: 8202 dataOffset: 2
09-15 13:36:34.555 13751 13751 I OPENHU  : [2] TextureProjectionView.onSurfaceTextureUpdated | TextureProjectionView: displayed 159 frames in 5001ms (31fps), longFrames=1
09-15 13:36:34.569 13751 14127 D OPENHU  : [77] Companion.decrypt | RECV: AUDIO Media Data type: 0 flags: 11 size: 8202 dataOffset: 2
09-15 13:36:34.615 13751 14127 D OPENHU  : [77] Companion.decrypt | RECV: AUDIO Media Data type: 0 flags: 11 size: 8202 dataOffset: 2
09-15 13:36:34.655 13751 14127 D OPENHU  : [77] Companion.decrypt | RECV: AUDIO Media Data type: 0 flags: 11 size: 8202 dataOffset: 2
09-15 13:36:34.698 13751 14127 D OPENHU  : [77] Companion.decrypt | RECV: AUDIO Media Data type: 0 flags: 11 size: 8202 dataOffset: 2
09-15 13:36:34.741 13751 14127 D OPENHU  : [77] Companion.decrypt | RECV: AUDIO Media Data type: 0 flags: 11 size: 8202 dataOffset: 2
09-15 13:36:34.784 13751 14127 D OPENHU  : [77] Companion.decrypt | RECV: AUDIO Media Data type: 0 flags: 11 size: 8202 dataOffset: 2
09-15 13:36:34.826 13751 14127 D OPENHU  : [77] Companion.decrypt | RECV: AUDIO Media Data type: 0 flags: 11 size: 8202 dataOffset: 2
09-15 13:36:34.871 13751 14127 D OPENHU  : [77] Companion.decrypt | RECV: AUDIO Media Data type: 0 flags: 11 size: 8202 dataOffset: 2
09-15 13:36:34.915 13751 14127 D OPENHU  : [77] Companion.decrypt | RECV: AUDIO Media Data type: 0 flags: 11 size: 8202 dataOffset: 2
09-15 13:36:34.956 13751 14127 D OPENHU  : [77] Companion.decrypt | RECV: AUDIO Media Data type: 0 flags: 11 size: 8202 dataOffset: 2
09-15 13:36:34.999 13751 14127 D OPENHU  : [77] Companion.decrypt | RECV: AUDIO Media Data type: 0 flags: 11 size: 8202 dataOffset: 2
09-15 13:36:35.019 13751 13751 V OPENHU  : [2] GpsLocation.onLocationChanged | GpsLocation: fix received
09-15 13:36:35.025 13751 13751 V OPENHU  : [2] AapTransport.send | SENSOR Sensor Event type: 32771 flags: 11 size: 46 dataOffset: 6
09-15 13:36:35.047 13751 14127 D OPENHU  : [77] Companion.decrypt | RECV: AUDIO Media Data type: 0 flags: 11 size: 8202 dataOffset: 2
09-15 13:36:35.089 13751 14127 D OPENHU  : [77] Companion.decrypt | RECV: AUDIO Media Data type: 0 flags: 11 size: 8202 dataOffset: 2
09-15 13:36:35.124 13751 14127 D OPENHU  : [77] Companion.decrypt | RECV: AUDIO Media Data type: 0 flags: 11 size: 8202 dataOffset: 2
09-15 13:36:35.167 13751 14127 D OPENHU  : [77] Companion.decrypt | RECV: AUDIO Media Data type: 0 flags: 11 size: 8202 dataOffset: 2
09-15 13:36:35.211 13751 14127 D OPENHU  : [77] Companion.decrypt | RECV: AUDIO Media Data type: 0 flags: 11 size: 8202 dataOffset: 2
09-15 13:36:35.254 13751 14127 D OPENHU  : [77] Companion.decrypt | RECV: AUDIO Media Data type: 0 flags: 11 size: 8202 dataOffset: 2
09-15 13:36:35.295 13751 14127 D OPENHU  : [77] Companion.decrypt | RECV: AUDIO Media Data type: 0 flags: 11 size: 8202 dataOffset: 2
09-15 13:36:35.337 13751 14127 D OPENHU  : [77] Companion.decrypt | RECV: AUDIO Media Data type: 0 flags: 11 size: 8202 dataOffset: 2
09-15 13:36:35.380 13751 14127 D OPENHU  : [77] Companion.decrypt | RECV: AUDIO Media Data type: 0 flags: 11 size: 8202 dataOffset: 2
09-15 13:36:35.423 13751 14127 D OPENHU  : [77] Companion.decrypt | RECV: AUDIO Media Data type: 0 flags: 11 size: 8202 dataOffset: 2
09-15 13:36:35.465 13751 14127 D OPENHU  : [77] Companion.decrypt | RECV: AUDIO Media Data type: 0 flags: 11 size: 8202 dataOffset: 2
09-15 13:36:35.510 13751 14127 D OPENHU  : [77] Companion.decrypt | RECV: AUDIO Media Data type: 0 flags: 11 size: 8202 dataOffset: 2
09-15 13:36:35.514 13751 14127 D OPENHU  : [77] Companion.decrypt | RECV: MUSIC_PLAYBACK Media Playback Status type: 32769 flags: 11 size: 18 dataOffset: 2
09-15 13:36:35.515 13751 14127 D OPENHU  : [77] AapMediaPlayback.processStatusPacket | AapMediaPlayback: status mediaSource='VLC', playbackSeconds(u32)=138, state=PLAYING
09-15 13:36:35.521 13751 14127 D OPENHU  : [77] Companion.decrypt | RECV: CONTROL Ping Request type: 11 flags: 11 size: 12 dataOffset: 2
09-15 13:36:35.522 13751 14127 V OPENHU  : [77] AapTransport.send | CONTROL Ping Response type: 12 flags: 11 size: 14 dataOffset: 6
09-15 13:36:35.551 13751 14127 D OPENHU  : [77] Companion.decrypt | RECV: AUDIO Media Data type: 0 flags: 11 size: 8202 dataOffset: 2
09-15 13:36:35.601 13751 14127 D OPENHU  : [77] Companion.decrypt | RECV: AUDIO Media Data type: 0 flags: 11 size: 8202 dataOffset: 2
09-15 13:36:35.647 13751 14127 D OPENHU  : [77] Companion.decrypt | RECV: AUDIO Media Data type: 0 flags: 11 size: 8202 dataOffset: 2
09-15 13:36:35.681 13751 14127 D OPENHU  : [77] Companion.decrypt | RECV: AUDIO Media Data type: 0 flags: 11 size: 8202 dataOffset: 2
09-15 13:36:35.721 13751 14127 D OPENHU  : [77] Companion.decrypt | RECV: AUDIO Media Data type: 0 flags: 11 size: 8202 dataOffset: 2
09-15 13:36:35.766 13751 14127 D OPENHU  : [77] Companion.decrypt | RECV: AUDIO Media Data type: 0 flags: 11 size: 8202 dataOffset: 2
09-15 13:36:35.809 13751 14127 D OPENHU  : [77] Companion.decrypt | RECV: AUDIO Media Data type: 0 flags: 11 size: 8202 dataOffset: 2
09-15 13:36:35.851 13751 14127 D OPENHU  : [77] Companion.decrypt | RECV: AUDIO Media Data type: 0 flags: 11 size: 8202 dataOffset: 2
09-15 13:36:35.893 13751 14127 D OPENHU  : [77] Companion.decrypt | RECV: AUDIO Media Data type: 0 flags: 11 size: 8202 dataOffset: 2
09-15 13:36:35.936 13751 14127 D OPENHU  : [77] Companion.decrypt | RECV: AUDIO Media Data type: 0 flags: 11 size: 8202 dataOffset: 2
09-15 13:36:35.978 13751 14127 D OPENHU  : [77] Companion.decrypt | RECV: AUDIO Media Data type: 0 flags: 11 size: 8202 dataOffset: 2
09-15 13:36:35.998 13751 13751 V OPENHU  : [2] GpsLocation.onLocationChanged | GpsLocation: fix received
09-15 13:36:36.006 13751 13751 V OPENHU  : [2] AapTransport.send | SENSOR Sensor Event type: 32771 flags: 11 size: 46 dataOffset: 6
09-15 13:36:36.020 13751 14127 D OPENHU  : [77] Companion.decrypt | RECV: AUDIO Media Data type: 0 flags: 11 size: 8202 dataOffset: 2
09-15 13:36:36.064 13751 14127 D OPENHU  : [77] Companion.decrypt | RECV: AUDIO Media Data type: 0 flags: 11 size: 8202 dataOffset: 2
09-15 13:36:36.106 13751 14127 D OPENHU  : [77] Companion.decrypt | RECV: AUDIO Media Data type: 0 flags: 11 size: 8202 dataOffset: 2
09-15 13:36:36.148 13751 14127 D OPENHU  : [77] Companion.decrypt | RECV: AUDIO Media Data type: 0 flags: 11 size: 8202 dataOffset: 2
09-15 13:36:36.192 13751 14127 D OPENHU  : [77] Companion.decrypt | RECV: AUDIO Media Data type: 0 flags: 11 size: 8202 dataOffset: 2
09-15 13:36:36.234 13751 14127 D OPENHU  : [77] Companion.decrypt | RECV: AUDIO Media Data type: 0 flags: 11 size: 8202 dataOffset: 2
09-15 13:36:36.278 13751 14127 D OPENHU  : [77] Companion.decrypt | RECV: AUDIO Media Data type: 0 flags: 11 size: 8202 dataOffset: 2
09-15 13:36:36.319 13751 14127 D OPENHU  : [77] Companion.decrypt | RECV: AUDIO Media Data type: 0 flags: 11 size: 8202 dataOffset: 2
09-15 13:36:36.366 13751 14127 D OPENHU  : [77] Companion.decrypt | RECV: AUDIO Media Data type: 0 flags: 11 size: 8202 dataOffset: 2
09-15 13:36:36.404 13751 14127 D OPENHU  : [77] Companion.decrypt | RECV: AUDIO Media Data type: 0 flags: 11 size: 8202 dataOffset: 2
09-15 13:36:36.448 13751 14127 D OPENHU  : [77] Companion.decrypt | RECV: AUDIO Media Data type: 0 flags: 11 size: 8202 dataOffset: 2
09-15 13:36:36.491 13751 14127 D OPENHU  : [77] Companion.decrypt | RECV: AUDIO Media Data type: 0 flags: 11 size: 8202 dataOffset: 2
09-15 13:36:36.511 13751 14127 D OPENHU  : [77] Companion.decrypt | RECV: MUSIC_PLAYBACK Media Playback Status type: 32769 flags: 11 size: 18 dataOffset: 2
09-15 13:36:36.512 13751 14127 D OPENHU  : [77] AapMediaPlayback.processStatusPacket | AapMediaPlayback: status mediaSource='VLC', playbackSeconds(u32)=139, state=PLAYING
09-15 13:36:36.523 13751 14127 D OPENHU  : [77] Companion.decrypt | RECV: CONTROL Ping Request type: 11 flags: 11 size: 12 dataOffset: 2
09-15 13:36:36.524 13751 14127 V OPENHU  : [77] AapTransport.send | CONTROL Ping Response type: 12 flags: 11 size: 14 dataOffset: 6
09-15 13:36:36.531 13751 14127 D OPENHU  : [77] Companion.decrypt | RECV: AUDIO Media Data type: 0 flags: 11 size: 8202 dataOffset: 2
09-15 13:36:36.577 13751 14127 D OPENHU  : [77] Companion.decrypt | RECV: AUDIO Media Data type: 0 flags: 11 size: 8202 dataOffset: 2
09-15 13:36:36.618 13751 14127 D OPENHU  : [77] Companion.decrypt | RECV: AUDIO Media Data type: 0 flags: 11 size: 8202 dataOffset: 2
09-15 13:36:36.661 13751 14127 D OPENHU  : [77] Companion.decrypt | RECV: AUDIO Media Data type: 0 flags: 11 size: 8202 dataOffset: 2
09-15 13:36:36.706 13751 14127 D OPENHU  : [77] Companion.decrypt | RECV: AUDIO Media Data type: 0 flags: 11 size: 8202 dataOffset: 2
09-15 13:36:36.745 13751 14127 D OPENHU  : [77] Companion.decrypt | RECV: AUDIO Media Data type: 0 flags: 11 size: 8202 dataOffset: 2
09-15 13:36:36.788 13751 14127 D OPENHU  : [77] Companion.decrypt | RECV: AUDIO Media Data type: 0 flags: 11 size: 8202 dataOffset: 2
09-15 13:36:36.832 13751 14127 D OPENHU  : [77] Companion.decrypt | RECV: AUDIO Media Data type: 0 flags: 11 size: 8202 dataOffset: 2
09-15 13:36:36.873 13751 14127 D OPENHU  : [77] Companion.decrypt | RECV: AUDIO Media Data type: 0 flags: 11 size: 8202 dataOffset: 2
09-15 13:36:36.920 13751 14127 D OPENHU  : [77] Companion.decrypt | RECV: AUDIO Media Data type: 0 flags: 11 size: 8202 dataOffset: 2
09-15 13:36:36.960 13751 14127 D OPENHU  : [77] Companion.decrypt | RECV: AUDIO Media Data type: 0 flags: 11 size: 8202 dataOffset: 2
09-15 13:36:37.003 13751 14127 D OPENHU  : [77] Companion.decrypt | RECV: AUDIO Media Data type: 0 flags: 11 size: 8202 dataOffset: 2
09-15 13:36:37.029 13751 13751 V OPENHU  : [2] GpsLocation.onLocationChanged | GpsLocation: fix received
09-15 13:36:37.040 13751 13751 V OPENHU  : [2] AapTransport.send | SENSOR Sensor Event type: 32771 flags: 11 size: 46 dataOffset: 6
09-15 13:36:37.045 13751 14127 D OPENHU  : [77] Companion.decrypt | RECV: AUDIO Media Data type: 0 flags: 11 size: 8202 dataOffset: 2
09-15 13:36:37.087 13751 14127 D OPENHU  : [77] Companion.decrypt | RECV: AUDIO Media Data type: 0 flags: 11 size: 8202 dataOffset: 2
09-15 13:36:37.131 13751 14127 D OPENHU  : [77] Companion.decrypt | RECV: AUDIO Media Data type: 0 flags: 11 size: 8202 dataOffset: 2
09-15 13:36:37.172 13751 14127 D OPENHU  : [77] Companion.decrypt | RECV: AUDIO Media Data type: 0 flags: 11 size: 8202 dataOffset: 2
09-15 13:36:37.215 13751 14127 D OPENHU  : [77] Companion.decrypt | RECV: AUDIO Media Data type: 0 flags: 11 size: 8202 dataOffset: 2
09-15 13:36:37.259 13751 14127 D OPENHU  : [77] Companion.decrypt | RECV: AUDIO Media Data type: 0 flags: 11 size: 8202 dataOffset: 2
09-15 13:36:37.301 13751 14127 D OPENHU  : [77] Companion.decrypt | RECV: AUDIO Media Data type: 0 flags: 11 size: 8202 dataOffset: 2
09-15 13:36:37.343 13751 14127 D OPENHU  : [77] Companion.decrypt | RECV: AUDIO Media Data type: 0 flags: 11 size: 8202 dataOffset: 2
09-15 13:36:37.387 13751 14127 D OPENHU  : [77] Companion.decrypt | RECV: AUDIO Media Data type: 0 flags: 11 size: 8202 dataOffset: 2
09-15 13:36:37.428 13751 14127 D OPENHU  : [77] Companion.decrypt | RECV: AUDIO Media Data type: 0 flags: 11 size: 8202 dataOffset: 2
09-15 13:36:37.472 13751 14127 D OPENHU  : [77] Companion.decrypt | RECV: AUDIO Media Data type: 0 flags: 11 size: 8202 dataOffset: 2
09-15 13:36:37.512 13751 14127 D OPENHU  : [77] Companion.decrypt | RECV: MUSIC_PLAYBACK Media Playback Status type: 32769 flags: 11 size: 18 dataOffset: 2
09-15 13:36:37.513 13751 14127 D OPENHU  : [77] AapMediaPlayback.processStatusPacket | AapMediaPlayback: status mediaSource='VLC', playbackSeconds(u32)=140, state=PLAYING
09-15 13:36:37.521 13751 14127 D OPENHU  : [77] Companion.decrypt | RECV: AUDIO Media Data type: 0 flags: 11 size: 8202 dataOffset: 2
09-15 13:36:37.529 13751 14127 D OPENHU  : [77] Companion.decrypt | RECV: CONTROL Ping Request type: 11 flags: 11 size: 12 dataOffset: 2
09-15 13:36:37.529 13751 14127 V OPENHU  : [77] AapTransport.send | CONTROL Ping Response type: 12 flags: 11 size: 14 dataOffset: 6
09-15 13:36:37.558 13751 14127 D OPENHU  : [77] Companion.decrypt | RECV: AUDIO Media Data type: 0 flags: 11 size: 8202 dataOffset: 2
09-15 13:36:37.603 13751 14127 D OPENHU  : [77] Companion.decrypt | RECV: AUDIO Media Data type: 0 flags: 11 size: 8202 dataOffset: 2
09-15 13:36:37.644 13751 14127 D OPENHU  : [77] Companion.decrypt | RECV: AUDIO Media Data type: 0 flags: 11 size: 8202 dataOffset: 2
09-15 13:36:37.685 13751 14127 D OPENHU  : [77] Companion.decrypt | RECV: AUDIO Media Data type: 0 flags: 11 size: 8202 dataOffset: 2
09-15 13:36:37.728 13751 14127 D OPENHU  : [77] Companion.decrypt | RECV: AUDIO Media Data type: 0 flags: 11 size: 8202 dataOffset: 2
09-15 13:36:37.769 13751 14127 D OPENHU  : [77] Companion.decrypt | RECV: AUDIO Media Data type: 0 flags: 11 size: 8202 dataOffset: 2
09-15 13:36:37.811 13751 14127 D OPENHU  : [77] Companion.decrypt | RECV: AUDIO Media Data type: 0 flags: 11 size: 8202 dataOffset: 2
09-15 13:36:37.855 13751 14127 D OPENHU  : [77] Companion.decrypt | RECV: AUDIO Media Data type: 0 flags: 11 size: 8202 dataOffset: 2
09-15 13:36:37.899 13751 14127 D OPENHU  : [77] Companion.decrypt | RECV: AUDIO Media Data type: 0 flags: 11 size: 8202 dataOffset: 2
09-15 13:36:37.942 13751 14127 D OPENHU  : [77] Companion.decrypt | RECV: AUDIO Media Data type: 0 flags: 11 size: 8202 dataOffset: 2
09-15 13:36:37.985 13751 14127 D OPENHU  : [77] Companion.decrypt | RECV: AUDIO Media Data type: 0 flags: 11 size: 8202 dataOffset: 2
09-15 13:36:38.002 13751 13751 V OPENHU  : [2] GpsLocation.onLocationChanged | GpsLocation: fix received
09-15 13:36:38.012 13751 13751 V OPENHU  : [2] AapTransport.send | SENSOR Sensor Event type: 32771 flags: 11 size: 46 dataOffset: 6
09-15 13:36:38.026 13751 14127 D OPENHU  : [77] Companion.decrypt | RECV: AUDIO Media Data type: 0 flags: 11 size: 8202 dataOffset: 2
09-15 13:36:38.072 13751 14127 D OPENHU  : [77] Companion.decrypt | RECV: AUDIO Media Data type: 0 flags: 11 size: 8202 dataOffset: 2
09-15 13:36:38.112 13751 14127 D OPENHU  : [77] Companion.decrypt | RECV: AUDIO Media Data type: 0 flags: 11 size: 8202 dataOffset: 2
09-15 13:36:38.155 13751 14127 D OPENHU  : [77] Companion.decrypt | RECV: AUDIO Media Data type: 0 flags: 11 size: 8202 dataOffset: 2
09-15 13:36:38.197 13751 14127 D OPENHU  : [77] Companion.decrypt | RECV: AUDIO Media Data type: 0 flags: 11 size: 8202 dataOffset: 2
09-15 13:36:38.199 13751 14127 I OPENHU  : [77] AapTransport.noteMessageReceived$com_andrerinas_headunitrevived_3_4_0_beta3_githubDebug | AapTransport: inbound rate over 30041ms: video=83kB/s (1164 msgs), audio=140kB/s (535 msgs), other=0kB/s (67 msgs)
09-15 13:36:38.240 13751 14127 D OPENHU  : [77] Companion.decrypt | RECV: AUDIO Media Data type: 0 flags: 11 size: 8202 dataOffset: 2
09-15 13:36:38.243 13751 14127 I OPENHU  : [77] AapMessageHandlerType.handle | AapTransport: transport dispatch over 30009ms: video=1355ms, audio=761ms, other=188ms, unread=7%, blocks=2, longest=81ms on VIDEO, videoQueue=5
09-15 13:36:38.282 13751 14127 D OPENHU  : [77] Companion.decrypt | RECV: AUDIO Media Data type: 0 flags: 11 size: 8202 dataOffset: 2
09-15 13:36:38.326 13751 14127 D OPENHU  : [77] Companion.decrypt | RECV: AUDIO Media Data type: 0 flags: 11 size: 8202 dataOffset: 2
09-15 13:36:38.370 13751 14127 D OPENHU  : [77] Companion.decrypt | RECV: AUDIO Media Data type: 0 flags: 11 size: 8202 dataOffset: 2
09-15 13:36:38.410 13751 14127 D OPENHU  : [77] Companion.decrypt | RECV: AUDIO Media Data type: 0 flags: 11 size: 8202 dataOffset: 2
09-15 13:36:38.454 13751 14127 D OPENHU  : [77] Companion.decrypt | RECV: AUDIO Media Data type: 0 flags: 11 size: 8202 dataOffset: 2
09-15 13:36:38.497 13751 14127 D OPENHU  : [77] Companion.decrypt | RECV: AUDIO Media Data type: 0 flags: 11 size: 8202 dataOffset: 2
09-15 13:36:38.513 13751 14127 D OPENHU  : [77] Companion.decrypt | RECV: MUSIC_PLAYBACK Media Playback Status type: 32769 flags: 11 size: 18 dataOffset: 2
09-15 13:36:38.514 13751 14127 D OPENHU  : [77] AapMediaPlayback.processStatusPacket | AapMediaPlayback: status mediaSource='VLC', playbackSeconds(u32)=141, state=PLAYING
09-15 13:36:38.523 13751 14127 D OPENHU  : [77] Companion.decrypt | RECV: CONTROL Ping Request type: 11 flags: 11 size: 12 dataOffset: 2
09-15 13:36:38.524 13751 14127 V OPENHU  : [77] AapTransport.send | CONTROL Ping Response type: 12 flags: 11 size: 14 dataOffset: 6
09-15 13:36:38.537 13751 14127 D OPENHU  : [77] Companion.decrypt | RECV: AUDIO Media Data type: 0 flags: 11 size: 8202 dataOffset: 2
09-15 13:36:38.584 13751 14127 D OPENHU  : [77] Companion.decrypt | RECV: AUDIO Media Data type: 0 flags: 11 size: 8202 dataOffset: 2
09-15 13:36:38.623 13751 14127 D OPENHU  : [77] Companion.decrypt | RECV: AUDIO Media Data type: 0 flags: 11 size: 8202 dataOffset: 2
09-15 13:36:38.667 13751 14127 D OPENHU  : [77] Companion.decrypt | RECV: AUDIO Media Data type: 0 flags: 11 size: 8202 dataOffset: 2
09-15 13:36:38.708 13751 14127 D OPENHU  : [77] Companion.decrypt | RECV: AUDIO Media Data type: 0 flags: 11 size: 8202 dataOffset: 2
09-15 13:36:38.752 13751 14127 D OPENHU  : [77] Companion.decrypt | RECV: AUDIO Media Data type: 0 flags: 11 size: 8202 dataOffset: 2
09-15 13:36:38.794 13751 14127 D OPENHU  : [77] Companion.decrypt | RECV: AUDIO Media Data type: 0 flags: 11 size: 8202 dataOffset: 2
09-15 13:36:38.840 13751 14127 D OPENHU  : [77] Companion.decrypt | RECV: AUDIO Media Data type: 0 flags: 11 size: 8202 dataOffset: 2
09-15 13:36:38.880 13751 14127 D OPENHU  : [77] Companion.decrypt | RECV: AUDIO Media Data type: 0 flags: 11 size: 8202 dataOffset: 2
09-15 13:36:38.901 13751 14134 I OPENHU  : [78] AudioTrackWrapper.sampleHealth | audio sink AUDIO2 over 30092ms: underruns=0, silentCycles=0, rebanks=0, dropped=0, droppedFrames=0, shed=0, depth=0ms (min 0ms), queued=0, capacity=6400 frames (400ms), effective=6400 frames (400ms), target=1601 frames (100ms), drift=0ms
09-15 13:36:38.925 13751 14136 I OPENHU  : [80] AudioTrackWrapper.sampleHealth | audio sink AUDIO1 over 30090ms: underruns=0, silentCycles=0, rebanks=0, dropped=0, droppedFrames=0, shed=0, depth=0ms (min 0ms), queued=0, capacity=6400 frames (400ms), effective=6400 frames (400ms), target=1601 frames (100ms), drift=0ms
09-15 13:36:38.925 13751 14127 D OPENHU  : [77] Companion.decrypt | RECV: AUDIO Media Data type: 0 flags: 11 size: 8202 dataOffset: 2
09-15 13:36:38.967 13751 14127 D OPENHU  : [77] Companion.decrypt | RECV: AUDIO Media Data type: 0 flags: 11 size: 8202 dataOffset: 2
09-15 13:36:39.007 13751 14127 D OPENHU  : [77] Companion.decrypt | RECV: AUDIO Media Data type: 0 flags: 11 size: 8202 dataOffset: 2
09-15 13:36:39.018 13751 13751 V OPENHU  : [2] GpsLocation.onLocationChanged | GpsLocation: fix received
09-15 13:36:39.025 13751 13751 V OPENHU  : [2] AapTransport.send | SENSOR Sensor Event type: 32771 flags: 11 size: 46 dataOffset: 6
09-15 13:36:39.051 13751 14127 D OPENHU  : [77] Companion.decrypt | RECV: AUDIO Media Data type: 0 flags: 11 size: 8202 dataOffset: 2
09-15 13:36:39.092 13751 14127 D OPENHU  : [77] Companion.decrypt | RECV: AUDIO Media Data type: 0 flags: 11 size: 8202 dataOffset: 2
09-15 13:36:39.135 13751 14127 D OPENHU  : [77] Companion.decrypt | RECV: AUDIO Media Data type: 0 flags: 11 size: 8202 dataOffset: 2
09-15 13:36:39.157 13751 14138 I OPENHU  : [82] AudioTrackWrapper.sampleHealth | audio sink AUDIO over 30293ms: underruns=0, silentCycles=0, rebanks=0, dropped=0, droppedFrames=0, shed=0, depth=305ms (min 0ms), queued=7, capacity=30784 frames (641ms), effective=30784 frames (641ms), target=9600 frames (200ms), drift=0ms
09-15 13:36:39.179 13751 14127 D OPENHU  : [77] Companion.decrypt | RECV: AUDIO Media Data type: 0 flags: 11 size: 8202 dataOffset: 2
09-15 13:36:39.221 13751 14127 D OPENHU  : [77] Companion.decrypt | RECV: AUDIO Media Data type: 0 flags: 11 size: 8202 dataOffset: 2
09-15 13:36:39.263 13751 14127 D OPENHU  : [77] Companion.decrypt | RECV: AUDIO Media Data type: 0 flags: 11 size: 8202 dataOffset: 2
09-15 13:36:39.306 13751 14127 D OPENHU  : [77] Companion.decrypt | RECV: AUDIO Media Data type: 0 flags: 11 size: 8202 dataOffset: 2
09-15 13:36:39.351 13751 14127 D OPENHU  : [77] Companion.decrypt | RECV: AUDIO Media Data type: 0 flags: 11 size: 8202 dataOffset: 2
09-15 13:36:39.394 13751 14127 D OPENHU  : [77] Companion.decrypt | RECV: AUDIO Media Data type: 0 flags: 11 size: 8202 dataOffset: 2
09-15 13:36:39.415 13751 14162 I OPENHU  : [88] VideoDecoder.logThroughput | Throughput over 5008ms: rendered=186 (37fps), fed=186 (37fps), dropped=0, skipped=0, concealed=0, inputWait=70ms, enqueueWait=0ms, codec=c2.unisoc.avc.decoder, presented=186 (37fps), decodeLatency=9ms p95=11ms (186 frames)
09-15 13:36:39.437 13751 14127 D OPENHU  : [77] Companion.decrypt | RECV: AUDIO Media Data type: 0 flags: 11 size: 8202 dataOffset: 2
09-15 13:36:39.479 13751 14127 D OPENHU  : [77] Companion.decrypt | RECV: AUDIO Media Data type: 0 flags: 11 size: 8202 dataOffset: 2
09-15 13:36:39.526 13751 14127 D OPENHU  : [77] Companion.decrypt | RECV: MUSIC_PLAYBACK Media Playback Status type: 32769 flags: 11 size: 18 dataOffset: 2
09-15 13:36:39.527 13751 14127 D OPENHU  : [77] AapMediaPlayback.processStatusPacket | AapMediaPlayback: status mediaSource='VLC', playbackSeconds(u32)=142, state=PLAYING
09-15 13:36:39.529 13751 14127 D OPENHU  : [77] Companion.decrypt | RECV: AUDIO Media Data type: 0 flags: 11 size: 8202 dataOffset: 2
09-15 13:36:39.532 13751 14127 D OPENHU  : [77] Companion.decrypt | RECV: CONTROL Ping Request type: 11 flags: 11 size: 12 dataOffset: 2
09-15 13:36:39.533 13751 14127 V OPENHU  : [77] AapTransport.send | CONTROL Ping Response type: 12 flags: 11 size: 14 dataOffset: 6
09-15 13:36:39.565 13751 14127 D OPENHU  : [77] Companion.decrypt | RECV: AUDIO Media Data type: 0 flags: 11 size: 8202 dataOffset: 2
09-15 13:36:39.573 13751 13751 I OPENHU  : [2] TextureProjectionView.onSurfaceTextureUpdated | TextureProjectionView: displayed 158 frames in 5018ms (31fps), longFrames=1
09-15 13:36:39.605 13751 14127 D OPENHU  : [77] Companion.decrypt | RECV: AUDIO Media Data type: 0 flags: 11 size: 8202 dataOffset: 2
09-15 13:36:39.648 13751 14127 D OPENHU  : [77] Companion.decrypt | RECV: AUDIO Media Data type: 0 flags: 11 size: 8202 dataOffset: 2
09-15 13:36:39.690 13751 14127 D OPENHU  : [77] Companion.decrypt | RECV: AUDIO Media Data type: 0 flags: 11 size: 8202 dataOffset: 2
09-15 13:36:39.734 13751 14127 D OPENHU  : [77] Companion.decrypt | RECV: AUDIO Media Data type: 0 flags: 11 size: 8202 dataOffset: 2
09-15 13:36:39.777 13751 14127 D OPENHU  : [77] Companion.decrypt | RECV: AUDIO Media Data type: 0 flags: 11 size: 8202 dataOffset: 2
09-15 13:36:39.819 13751 14127 D OPENHU  : [77] Companion.decrypt | RECV: AUDIO Media Data type: 0 flags: 11 size: 8202 dataOffset: 2
09-15 13:36:39.863 13751 14127 D OPENHU  : [77] Companion.decrypt | RECV: AUDIO Media Data type: 0 flags: 11 size: 8202 dataOffset: 2
09-15 13:36:39.906 13751 14127 D OPENHU  : [77] Companion.decrypt | RECV: AUDIO Media Data type: 0 flags: 11 size: 8202 dataOffset: 2
09-15 13:36:39.949 13751 14127 D OPENHU  : [77] Companion.decrypt | RECV: AUDIO Media Data type: 0 flags: 11 size: 8202 dataOffset: 2
09-15 13:36:39.991 13751 14127 D OPENHU  : [77] Companion.decrypt | RECV: AUDIO Media Data type: 0 flags: 11 size: 8202 dataOffset: 2
09-15 13:36:40.000 13751 13751 V OPENHU  : [2] GpsLocation.onLocationChanged | GpsLocation: fix received
09-15 13:36:40.007 13751 13751 V OPENHU  : [2] AapTransport.send | SENSOR Sensor Event type: 32771 flags: 11 size: 46 dataOffset: 6
09-15 13:36:40.036 13751 14127 D OPENHU  : [77] Companion.decrypt | RECV: AUDIO Media Data type: 0 flags: 11 size: 8202 dataOffset: 2
09-15 13:36:40.077 13751 14127 D OPENHU  : [77] Companion.decrypt | RECV: AUDIO Media Data type: 0 flags: 11 size: 8202 dataOffset: 2
09-15 13:36:40.117 13751 14127 D OPENHU  : [77] Companion.decrypt | RECV: AUDIO Media Data type: 0 flags: 11 size: 8202 dataOffset: 2
09-15 13:36:40.162 13751 14127 D OPENHU  : [77] Companion.decrypt | RECV: AUDIO Media Data type: 0 flags: 11 size: 8202 dataOffset: 2
09-15 13:36:40.203 13751 14127 D OPENHU  : [77] Companion.decrypt | RECV: AUDIO Media Data type: 0 flags: 11 size: 8202 dataOffset: 2
09-15 13:36:40.245 13751 14127 D OPENHU  : [77] Companion.decrypt | RECV: AUDIO Media Data type: 0 flags: 11 size: 8202 dataOffset: 2
09-15 13:36:40.290 13751 14127 D OPENHU  : [77] Companion.decrypt | RECV: AUDIO Media Data type: 0 flags: 11 size: 8202 dataOffset: 2
09-15 13:36:40.332 13751 14127 D OPENHU  : [77] Companion.decrypt | RECV: AUDIO Media Data type: 0 flags: 11 size: 8202 dataOffset: 2
09-15 13:36:40.375 13751 14127 D OPENHU  : [77] Companion.decrypt | RECV: AUDIO Media Data type: 0 flags: 11 size: 8202 dataOffset: 2
09-15 13:36:40.419 13751 14127 D OPENHU  : [77] Companion.decrypt | RECV: AUDIO Media Data type: 0 flags: 11 size: 8202 dataOffset: 2
09-15 13:36:40.460 13751 14127 D OPENHU  : [77] Companion.decrypt | RECV: AUDIO Media Data type: 0 flags: 11 size: 8202 dataOffset: 2
09-15 13:36:40.502 13751 14127 D OPENHU  : [77] Companion.decrypt | RECV: AUDIO Media Data type: 0 flags: 11 size: 8202 dataOffset: 2
09-15 13:36:40.523 13751 14127 D OPENHU  : [77] Companion.decrypt | RECV: MUSIC_PLAYBACK Media Playback Status type: 32769 flags: 11 size: 18 dataOffset: 2
09-15 13:36:40.525 13751 14127 D OPENHU  : [77] AapMediaPlayback.processStatusPacket | AapMediaPlayback: status mediaSource='VLC', playbackSeconds(u32)=143, state=PLAYING
09-15 13:36:40.529 13751 14127 D OPENHU  : [77] Companion.decrypt | RECV: CONTROL Ping Request type: 11 flags: 11 size: 12 dataOffset: 2
09-15 13:36:40.530 13751 14127 V OPENHU  : [77] AapTransport.send | CONTROL Ping Response type: 12 flags: 11 size: 14 dataOffset: 6
09-15 13:36:40.544 13751 14127 D OPENHU  : [77] Companion.decrypt | RECV: AUDIO Media Data type: 0 flags: 11 size: 8202 dataOffset: 2
09-15 13:36:40.586 13751 14127 D OPENHU  : [77] Companion.decrypt | RECV: AUDIO Media Data type: 0 flags: 11 size: 8202 dataOffset: 2
09-15 13:36:40.629 13751 14127 D OPENHU  : [77] Companion.decrypt | RECV: AUDIO Media Data type: 0 flags: 11 size: 8202 dataOffset: 2
09-15 13:36:40.671 13751 14127 D OPENHU  : [77] Companion.decrypt | RECV: AUDIO Media Data type: 0 flags: 11 size: 8202 dataOffset: 2
09-15 13:36:40.714 13751 14127 D OPENHU  : [77] Companion.decrypt | RECV: AUDIO Media Data type: 0 flags: 11 size: 8202 dataOffset: 2
09-15 13:36:40.765 13751 14127 D OPENHU  : [77] Companion.decrypt | RECV: AUDIO Media Data type: 0 flags: 11 size: 8202 dataOffset: 2
09-15 13:36:40.804 13751 14127 D OPENHU  : [77] Companion.decrypt | RECV: AUDIO Media Data type: 0 flags: 11 size: 8202 dataOffset: 2
09-15 13:36:40.844 13751 14127 D OPENHU  : [77] Companion.decrypt | RECV: AUDIO Media Data type: 0 flags: 11 size: 8202 dataOffset: 2
09-15 13:36:40.886 13751 14127 D OPENHU  : [77] Companion.decrypt | RECV: AUDIO Media Data type: 0 flags: 11 size: 8202 dataOffset: 2
09-15 13:36:40.927 13751 14127 D OPENHU  : [77] Companion.decrypt | RECV: AUDIO Media Data type: 0 flags: 11 size: 8202 dataOffset: 2
09-15 13:36:40.968 13751 14127 D OPENHU  : [77] Companion.decrypt | RECV: AUDIO Media Data type: 0 flags: 11 size: 8202 dataOffset: 2
09-15 13:36:41.013 13751 14127 D OPENHU  : [77] Companion.decrypt | RECV: AUDIO Media Data type: 0 flags: 11 size: 8202 dataOffset: 2
09-15 13:36:41.020 13751 13751 V OPENHU  : [2] GpsLocation.onLocationChanged | GpsLocation: fix received
09-15 13:36:41.027 13751 13751 V OPENHU  : [2] AapTransport.send | SENSOR Sensor Event type: 32771 flags: 11 size: 46 dataOffset: 6
09-15 13:36:41.058 13751 14127 D OPENHU  : [77] Companion.decrypt | RECV: AUDIO Media Data type: 0 flags: 11 size: 8202 dataOffset: 2
09-15 13:36:41.102 13751 14127 D OPENHU  : [77] Companion.decrypt | RECV: AUDIO Media Data type: 0 flags: 11 size: 8202 dataOffset: 2
09-15 13:36:41.140 13751 14127 D OPENHU  : [77] Companion.decrypt | RECV: AUDIO Media Data type: 0 flags: 11 size: 8202 dataOffset: 2
09-15 13:36:41.185 13751 14127 D OPENHU  : [77] Companion.decrypt | RECV: AUDIO Media Data type: 0 flags: 11 size: 8202 dataOffset: 2
09-15 13:36:41.226 13751 14127 D OPENHU  : [77] Companion.decrypt | RECV: AUDIO Media Data type: 0 flags: 11 size: 8202 dataOffset: 2
09-15 13:36:41.268 13751 14127 D OPENHU  : [77] Companion.decrypt | RECV: AUDIO Media Data type: 0 flags: 11 size: 8202 dataOffset: 2
09-15 13:36:41.311 13751 14127 D OPENHU  : [77] Companion.decrypt | RECV: AUDIO Media Data type: 0 flags: 11 size: 8202 dataOffset: 2
09-15 13:36:41.354 13751 14127 D OPENHU  : [77] Companion.decrypt | RECV: AUDIO Media Data type: 0 flags: 11 size: 8202 dataOffset: 2
09-15 13:36:41.401 13751 14127 D OPENHU  : [77] Companion.decrypt | RECV: AUDIO Media Data type: 0 flags: 11 size: 8202 dataOffset: 2
09-15 13:36:41.442 13751 14127 D OPENHU  : [77] Companion.decrypt | RECV: AUDIO Media Data type: 0 flags: 11 size: 8202 dataOffset: 2
09-15 13:36:41.486 13751 14127 D OPENHU  : [77] Companion.decrypt | RECV: AUDIO Media Data type: 0 flags: 11 size: 8202 dataOffset: 2
09-15 13:36:41.525 13751 14127 D OPENHU  : [77] Companion.decrypt | RECV: MUSIC_PLAYBACK Media Playback Status type: 32769 flags: 11 size: 18 dataOffset: 2
09-15 13:36:41.527 13751 14127 D OPENHU  : [77] AapMediaPlayback.processStatusPacket | AapMediaPlayback: status mediaSource='VLC', playbackSeconds(u32)=144, state=PLAYING
09-15 13:36:41.530 13751 14127 D OPENHU  : [77] Companion.decrypt | RECV: AUDIO Media Data type: 0 flags: 11 size: 8202 dataOffset: 2
09-15 13:36:41.534 13751 14127 D OPENHU  : [77] Companion.decrypt | RECV: CONTROL Ping Request type: 11 flags: 11 size: 12 dataOffset: 2
09-15 13:36:41.536 13751 14127 V OPENHU  : [77] AapTransport.send | CONTROL Ping Response type: 12 flags: 11 size: 14 dataOffset: 6
09-15 13:36:41.567 13751 14127 D OPENHU  : [77] Companion.decrypt | RECV: AUDIO Media Data type: 0 flags: 11 size: 8202 dataOffset: 2
09-15 13:36:41.609 13751 14127 D OPENHU  : [77] Companion.decrypt | RECV: AUDIO Media Data type: 0 flags: 11 size: 8202 dataOffset: 2
09-15 13:36:41.654 13751 14127 D OPENHU  : [77] Companion.decrypt | RECV: AUDIO Media Data type: 0 flags: 11 size: 8202 dataOffset: 2
09-15 13:36:41.698 13751 14127 D OPENHU  : [77] Companion.decrypt | RECV: AUDIO Media Data type: 0 flags: 11 size: 8202 dataOffset: 2
09-15 13:36:41.739 13751 14127 D OPENHU  : [77] Companion.decrypt | RECV: AUDIO Media Data type: 0 flags: 11 size: 8202 dataOffset: 2
09-15 13:36:41.780 13751 14127 D OPENHU  : [77] Companion.decrypt | RECV: AUDIO Media Data type: 0 flags: 11 size: 8202 dataOffset: 2
09-15 13:36:41.823 13751 14127 D OPENHU  : [77] Companion.decrypt | RECV: AUDIO Media Data type: 0 flags: 11 size: 8202 dataOffset: 2
09-15 13:36:41.865 13751 14127 D OPENHU  : [77] Companion.decrypt | RECV: AUDIO Media Data type: 0 flags: 11 size: 8202 dataOffset: 2
09-15 13:36:41.908 13751 14127 D OPENHU  : [77] Companion.decrypt | RECV: AUDIO Media Data type: 0 flags: 11 size: 8202 dataOffset: 2
09-15 13:36:41.951 13751 14127 D OPENHU  : [77] Companion.decrypt | RECV: AUDIO Media Data type: 0 flags: 11 size: 8202 dataOffset: 2
09-15 13:36:41.993 13751 14127 D OPENHU  : [77] Companion.decrypt | RECV: AUDIO Media Data type: 0 flags: 11 size: 8202 dataOffset: 2
09-15 13:36:42.000 13751 13751 V OPENHU  : [2] GpsLocation.onLocationChanged | GpsLocation: fix received
09-15 13:36:42.007 13751 13751 V OPENHU  : [2] AapTransport.send | SENSOR Sensor Event type: 32771 flags: 11 size: 46 dataOffset: 6
09-15 13:36:42.037 13751 14127 D OPENHU  : [77] Companion.decrypt | RECV: AUDIO Media Data type: 0 flags: 11 size: 8202 dataOffset: 2
09-15 13:36:42.080 13751 14127 D OPENHU  : [77] Companion.decrypt | RECV: AUDIO Media Data type: 0 flags: 11 size: 8202 dataOffset: 2
09-15 13:36:42.125 13751 14127 D OPENHU  : [77] Companion.decrypt | RECV: AUDIO Media Data type: 0 flags: 11 size: 8202 dataOffset: 2
09-15 13:36:42.164 13751 14127 D OPENHU  : [77] Companion.decrypt | RECV: AUDIO Media Data type: 0 flags: 11 size: 8202 dataOffset: 2
09-15 13:36:42.208 13751 14127 D OPENHU  : [77] Companion.decrypt | RECV: AUDIO Media Data type: 0 flags: 11 size: 8202 dataOffset: 2
09-15 13:36:42.249 13751 14127 D OPENHU  : [77] Companion.decrypt | RECV: AUDIO Media Data type: 0 flags: 11 size: 8202 dataOffset: 2
09-15 13:36:42.298 13751 14127 D OPENHU  : [77] Companion.decrypt | RECV: AUDIO Media Data type: 0 flags: 11 size: 8202 dataOffset: 2
09-15 13:36:42.335 13751 14127 D OPENHU  : [77] Companion.decrypt | RECV: AUDIO Media Data type: 0 flags: 11 size: 8202 dataOffset: 2
09-15 13:36:42.380 13751 14127 D OPENHU  : [77] Companion.decrypt | RECV: AUDIO Media Data type: 0 flags: 11 size: 8202 dataOffset: 2
09-15 13:36:42.420 13751 14127 D OPENHU  : [77] Companion.decrypt | RECV: AUDIO Media Data type: 0 flags: 11 size: 8202 dataOffset: 2
09-15 13:36:42.463 13751 14127 D OPENHU  : [77] Companion.decrypt | RECV: AUDIO Media Data type: 0 flags: 11 size: 8202 dataOffset: 2
09-15 13:36:42.507 13751 14127 D OPENHU  : [77] Companion.decrypt | RECV: AUDIO Media Data type: 0 flags: 11 size: 8202 dataOffset: 2
09-15 13:36:42.527 13751 14127 D OPENHU  : [77] Companion.decrypt | RECV: MUSIC_PLAYBACK Media Playback Status type: 32769 flags: 11 size: 18 dataOffset: 2
09-15 13:36:42.528 13751 14127 D OPENHU  : [77] AapMediaPlayback.processStatusPacket | AapMediaPlayback: status mediaSource='VLC', playbackSeconds(u32)=145, state=PLAYING
09-15 13:36:42.530 13751 14127 D OPENHU  : [77] Companion.decrypt | RECV: CONTROL Ping Request type: 11 flags: 11 size: 12 dataOffset: 2
09-15 13:36:42.531 13751 14127 V OPENHU  : [77] AapTransport.send | CONTROL Ping Response type: 12 flags: 11 size: 14 dataOffset: 6
09-15 13:36:42.549 13751 14127 D OPENHU  : [77] Companion.decrypt | RECV: AUDIO Media Data type: 0 flags: 11 size: 8202 dataOffset: 2
09-15 13:36:42.593 13751 14127 D OPENHU  : [77] Companion.decrypt | RECV: AUDIO Media Data type: 0 flags: 11 size: 8202 dataOffset: 2
09-15 13:36:42.634 13751 14127 D OPENHU  : [77] Companion.decrypt | RECV: AUDIO Media Data type: 0 flags: 11 size: 8202 dataOffset: 2
09-15 13:36:42.679 13751 14127 D OPENHU  : [77] Companion.decrypt | RECV: AUDIO Media Data type: 0 flags: 11 size: 8202 dataOffset: 2
09-15 13:36:42.722 13751 14127 D OPENHU  : [77] Companion.decrypt | RECV: AUDIO Media Data type: 0 flags: 11 size: 8202 dataOffset: 2
09-15 13:36:42.764 13751 14127 D OPENHU  : [77] Companion.decrypt | RECV: AUDIO Media Data type: 0 flags: 11 size: 8202 dataOffset: 2
09-15 13:36:42.805 13751 14127 D OPENHU  : [77] Companion.decrypt | RECV: AUDIO Media Data type: 0 flags: 11 size: 8202 dataOffset: 2
09-15 13:36:42.849 13751 14127 D OPENHU  : [77] Companion.decrypt | RECV: AUDIO Media Data type: 0 flags: 11 size: 8202 dataOffset: 2
09-15 13:36:42.892 13751 14127 D OPENHU  : [77] Companion.decrypt | RECV: AUDIO Media Data type: 0 flags: 11 size: 8202 dataOffset: 2
09-15 13:36:42.933 13751 14127 D OPENHU  : [77] Companion.decrypt | RECV: AUDIO Media Data type: 0 flags: 11 size: 8202 dataOffset: 2
09-15 13:36:42.975 13751 14127 D OPENHU  : [77] Companion.decrypt | RECV: AUDIO Media Data type: 0 flags: 11 size: 8202 dataOffset: 2
09-15 13:36:43.018 13751 14127 D OPENHU  : [77] Companion.decrypt | RECV: AUDIO Media Data type: 0 flags: 11 size: 8202 dataOffset: 2
09-15 13:36:43.030 13751 13751 V OPENHU  : [2] GpsLocation.onLocationChanged | GpsLocation: fix received
09-15 13:36:43.039 13751 13751 V OPENHU  : [2] AapTransport.send | SENSOR Sensor Event type: 32771 flags: 11 size: 46 dataOffset: 6
09-15 13:36:43.060 13751 14127 D OPENHU  : [77] Companion.decrypt | RECV: AUDIO Media Data type: 0 flags: 11 size: 8202 dataOffset: 2
09-15 13:36:43.102 13751 14127 D OPENHU  : [77] Companion.decrypt | RECV: AUDIO Media Data type: 0 flags: 11 size: 8202 dataOffset: 2
09-15 13:36:43.150 13751 14127 D OPENHU  : [77] Companion.decrypt | RECV: AUDIO Media Data type: 0 flags: 11 size: 8202 dataOffset: 2
09-15 13:36:43.189 13751 14127 D OPENHU  : [77] Companion.decrypt | RECV: AUDIO Media Data type: 0 flags: 11 size: 8202 dataOffset: 2
09-15 13:36:43.236 13751 14127 D OPENHU  : [77] Companion.decrypt | RECV: AUDIO Media Data type: 0 flags: 11 size: 8202 dataOffset: 2
09-15 13:36:43.275 13751 14127 D OPENHU  : [77] Companion.decrypt | RECV: AUDIO Media Data type: 0 flags: 11 size: 8202 dataOffset: 2
09-15 13:36:43.324 13751 14127 D OPENHU  : [77] Companion.decrypt | RECV: AUDIO Media Data type: 0 flags: 11 size: 8202 dataOffset: 2
09-15 13:36:43.360 13751 14127 D OPENHU  : [77] Companion.decrypt | RECV: AUDIO Media Data type: 0 flags: 11 size: 8202 dataOffset: 2
09-15 13:36:43.403 13751 14127 D OPENHU  : [77] Companion.decrypt | RECV: AUDIO Media Data type: 0 flags: 11 size: 8202 dataOffset: 2
09-15 13:36:43.447 13751 14127 D OPENHU  : [77] Companion.decrypt | RECV: AUDIO Media Data type: 0 flags: 11 size: 8202 dataOffset: 2
09-15 13:36:43.491 13751 14127 D OPENHU  : [77] Companion.decrypt | RECV: AUDIO Media Data type: 0 flags: 11 size: 8202 dataOffset: 2
09-15 13:36:43.529 13751 14127 D OPENHU  : [77] Companion.decrypt | RECV: CONTROL Ping Request type: 11 flags: 11 size: 12 dataOffset: 2
09-15 13:36:43.531 13751 14127 V OPENHU  : [77] AapTransport.send | CONTROL Ping Response type: 12 flags: 11 size: 14 dataOffset: 6
09-15 13:36:43.535 13751 14127 D OPENHU  : [77] Companion.decrypt | RECV: MUSIC_PLAYBACK Media Playback Status type: 32769 flags: 11 size: 18 dataOffset: 2
09-15 13:36:43.537 13751 14127 D OPENHU  : [77] AapMediaPlayback.processStatusPacket | AapMediaPlayback: status mediaSource='VLC', playbackSeconds(u32)=146, state=PLAYING
09-15 13:36:43.539 13751 14127 D OPENHU  : [77] Companion.decrypt | RECV: AUDIO Media Data type: 0 flags: 11 size: 8202 dataOffset: 2
09-15 13:36:43.573 13751 14127 D OPENHU  : [77] Companion.decrypt | RECV: AUDIO Media Data type: 0 flags: 11 size: 8202 dataOffset: 2
09-15 13:36:43.616 13751 14127 D OPENHU  : [77] Companion.decrypt | RECV: AUDIO Media Data type: 0 flags: 11 size: 8202 dataOffset: 2
09-15 13:36:43.658 13751 14127 D OPENHU  : [77] Companion.decrypt | RECV: AUDIO Media Data type: 0 flags: 11 size: 8202 dataOffset: 2
09-15 13:36:43.701 13751 14127 D OPENHU  : [77] Companion.decrypt | RECV: AUDIO Media Data type: 0 flags: 11 size: 8202 dataOffset: 2
09-15 13:36:43.744 13751 14127 D OPENHU  : [77] Companion.decrypt | RECV: AUDIO Media Data type: 0 flags: 11 size: 8202 dataOffset: 2
09-15 13:36:43.786 13751 14127 D OPENHU  : [77] Companion.decrypt | RECV: AUDIO Media Data type: 0 flags: 11 size: 8202 dataOffset: 2
09-15 13:36:43.829 13751 14127 D OPENHU  : [77] Companion.decrypt | RECV: AUDIO Media Data type: 0 flags: 11 size: 8202 dataOffset: 2
09-15 13:36:43.876 13751 14127 D OPENHU  : [77] Companion.decrypt | RECV: AUDIO Media Data type: 0 flags: 11 size: 8202 dataOffset: 2
09-15 13:36:43.916 13751 14127 D OPENHU  : [77] Companion.decrypt | RECV: AUDIO Media Data type: 0 flags: 11 size: 8202 dataOffset: 2
09-15 13:36:43.959 13751 14127 D OPENHU  : [77] Companion.decrypt | RECV: AUDIO Media Data type: 0 flags: 11 size: 8202 dataOffset: 2
09-15 13:36:43.998 13751 13751 V OPENHU  : [2] GpsLocation.onLocationChanged | GpsLocation: fix received
09-15 13:36:44.005 13751 14127 D OPENHU  : [77] Companion.decrypt | RECV: AUDIO Media Data type: 0 flags: 11 size: 8202 dataOffset: 2
09-15 13:36:44.009 13751 13751 V OPENHU  : [2] AapTransport.send | SENSOR Sensor Event type: 32771 flags: 11 size: 46 dataOffset: 6
09-15 13:36:44.044 13751 14127 D OPENHU  : [77] Companion.decrypt | RECV: AUDIO Media Data type: 0 flags: 11 size: 8202 dataOffset: 2
09-15 13:36:44.087 13751 14127 D OPENHU  : [77] Companion.decrypt | RECV: AUDIO Media Data type: 0 flags: 11 size: 8202 dataOffset: 2
09-15 13:36:44.128 13751 14127 D OPENHU  : [77] Companion.decrypt | RECV: AUDIO Media Data type: 0 flags: 11 size: 8202 dataOffset: 2
09-15 13:36:44.170 13751 14127 D OPENHU  : [77] Companion.decrypt | RECV: AUDIO Media Data type: 0 flags: 11 size: 8202 dataOffset: 2
09-15 13:36:44.213 13751 14127 D OPENHU  : [77] Companion.decrypt | RECV: AUDIO Media Data type: 0 flags: 11 size: 8202 dataOffset: 2
09-15 13:36:44.256 13751 14127 D OPENHU  : [77] Companion.decrypt | RECV: AUDIO Media Data type: 0 flags: 11 size: 8202 dataOffset: 2
09-15 13:36:44.299 13751 14127 D OPENHU  : [77] Companion.decrypt | RECV: AUDIO Media Data type: 0 flags: 11 size: 8202 dataOffset: 2
09-15 13:36:44.344 13751 14127 D OPENHU  : [77] Companion.decrypt | RECV: AUDIO Media Data type: 0 flags: 11 size: 8202 dataOffset: 2
09-15 13:36:44.387 13751 14127 D OPENHU  : [77] Companion.decrypt | RECV: AUDIO Media Data type: 0 flags: 11 size: 8202 dataOffset: 2
09-15 13:36:44.423 13751 14162 I OPENHU  : [88] VideoDecoder.logThroughput | Throughput over 5008ms: rendered=147 (29fps), fed=147 (29fps), dropped=0, skipped=0, concealed=0, inputWait=70ms, enqueueWait=0ms, codec=c2.unisoc.avc.decoder, presented=147 (29fps), decodeLatency=9ms p95=13ms (147 frames)
09-15 13:36:44.429 13751 14127 D OPENHU  : [77] Companion.decrypt | RECV: AUDIO Media Data type: 0 flags: 11 size: 8202 dataOffset: 2
09-15 13:36:44.471 13751 14127 D OPENHU  : [77] Companion.decrypt | RECV: AUDIO Media Data type: 0 flags: 11 size: 8202 dataOffset: 2
09-15 13:36:44.515 13751 14127 D OPENHU  : [77] Companion.decrypt | RECV: AUDIO Media Data type: 0 flags: 11 size: 8202 dataOffset: 2
09-15 13:36:44.528 13751 14127 D OPENHU  : [77] Companion.decrypt | RECV: CONTROL Ping Request type: 11 flags: 11 size: 12 dataOffset: 2
09-15 13:36:44.529 13751 14127 V OPENHU  : [77] AapTransport.send | CONTROL Ping Response type: 12 flags: 11 size: 14 dataOffset: 6
09-15 13:36:44.534 13751 14127 D OPENHU  : [77] Companion.decrypt | RECV: MUSIC_PLAYBACK Media Playback Status type: 32769 flags: 11 size: 18 dataOffset: 2
09-15 13:36:44.535 13751 14127 D OPENHU  : [77] AapMediaPlayback.processStatusPacket | AapMediaPlayback: status mediaSource='VLC', playbackSeconds(u32)=147, state=PLAYING
09-15 13:36:44.554 13751 14127 D OPENHU  : [77] Companion.decrypt | RECV: AUDIO Media Data type: 0 flags: 11 size: 8202 dataOffset: 2
09-15 13:36:44.589 13751 13751 I OPENHU  : [2] TextureProjectionView.onSurfaceTextureUpdated | TextureProjectionView: displayed 124 frames in 5016ms (24fps), longFrames=1
09-15 13:36:44.597 13751 14127 D OPENHU  : [77] Companion.decrypt | RECV: AUDIO Media Data type: 0 flags: 11 size: 8202 dataOffset: 2
09-15 13:36:44.639 13751 14127 D OPENHU  : [77] Companion.decrypt | RECV: AUDIO Media Data type: 0 flags: 11 size: 8202 dataOffset: 2
09-15 13:36:44.682 13751 14127 D OPENHU  : [77] Companion.decrypt | RECV: AUDIO Media Data type: 0 flags: 11 size: 8202 dataOffset: 2
09-15 13:36:44.724 13751 14127 D OPENHU  : [77] Companion.decrypt | RECV: AUDIO Media Data type: 0 flags: 11 size: 8202 dataOffset: 2
09-15 13:36:44.767 13751 14127 D OPENHU  : [77] Companion.decrypt | RECV: AUDIO Media Data type: 0 flags: 11 size: 8202 dataOffset: 2
09-15 13:36:44.813 13751 14127 D OPENHU  : [77] Companion.decrypt | RECV: AUDIO Media Data type: 0 flags: 11 size: 8202 dataOffset: 2
09-15 13:36:44.855 13751 14127 D OPENHU  : [77] Companion.decrypt | RECV: AUDIO Media Data type: 0 flags: 11 size: 8202 dataOffset: 2
09-15 13:36:44.897 13751 14127 D OPENHU  : [77] Companion.decrypt | RECV: AUDIO Media Data type: 0 flags: 11 size: 8202 dataOffset: 2
09-15 13:36:44.940 13751 14127 D OPENHU  : [77] Companion.decrypt | RECV: AUDIO Media Data type: 0 flags: 11 size: 8202 dataOffset: 2
09-15 13:36:44.983 13751 14127 D OPENHU  : [77] Companion.decrypt | RECV: AUDIO Media Data type: 0 flags: 11 size: 8202 dataOffset: 2
09-15 13:36:45.019 13751 13751 V OPENHU  : [2] GpsLocation.onLocationChanged | GpsLocation: fix received
09-15 13:36:45.025 13751 14127 D OPENHU  : [77] Companion.decrypt | RECV: AUDIO Media Data type: 0 flags: 11 size: 8202 dataOffset: 2
09-15 13:36:45.025 13751 13751 V OPENHU  : [2] AapTransport.send | SENSOR Sensor Event type: 32771 flags: 11 size: 46 dataOffset: 6
09-15 13:36:45.068 13751 14127 D OPENHU  : [77] Companion.decrypt | RECV: AUDIO Media Data type: 0 flags: 11 size: 8202 dataOffset: 2
09-15 13:36:45.109 13751 14127 D OPENHU  : [77] Companion.decrypt | RECV: AUDIO Media Data type: 0 flags: 11 size: 8202 dataOffset: 2
09-15 13:36:45.153 13751 14127 D OPENHU  : [77] Companion.decrypt | RECV: AUDIO Media Data type: 0 flags: 11 size: 8202 dataOffset: 2
09-15 13:36:45.195 13751 14127 D OPENHU  : [77] Companion.decrypt | RECV: AUDIO Media Data type: 0 flags: 11 size: 8202 dataOffset: 2
09-15 13:36:45.237 13751 14127 D OPENHU  : [77] Companion.decrypt | RECV: AUDIO Media Data type: 0 flags: 11 size: 8202 dataOffset: 2
09-15 13:36:45.279 13751 14127 D OPENHU  : [77] Companion.decrypt | RECV: AUDIO Media Data type: 0 flags: 11 size: 8202 dataOffset: 2
09-15 13:36:45.322 13751 14127 D OPENHU  : [77] Companion.decrypt | RECV: AUDIO Media Data type: 0 flags: 11 size: 8202 dataOffset: 2
09-15 13:36:45.365 13751 14127 D OPENHU  : [77] Companion.decrypt | RECV: AUDIO Media Data type: 0 flags: 11 size: 8202 dataOffset: 2
09-15 13:36:45.407 13751 14127 D OPENHU  : [77] Companion.decrypt | RECV: AUDIO Media Data type: 0 flags: 11 size: 8202 dataOffset: 2
09-15 13:36:45.450 13751 14127 D OPENHU  : [77] Companion.decrypt | RECV: AUDIO Media Data type: 0 flags: 11 size: 8202 dataOffset: 2
09-15 13:36:45.493 13751 14127 D OPENHU  : [77] Companion.decrypt | RECV: AUDIO Media Data type: 0 flags: 11 size: 8202 dataOffset: 2
09-15 13:36:45.528 13751 14127 D OPENHU  : [77] Companion.decrypt | RECV: CONTROL Ping Request type: 11 flags: 11 size: 12 dataOffset: 2
09-15 13:36:45.529 13751 14127 V OPENHU  : [77] AapTransport.send | CONTROL Ping Response type: 12 flags: 11 size: 14 dataOffset: 6
09-15 13:36:45.534 13751 14127 D OPENHU  : [77] Companion.decrypt | RECV: AUDIO Media Data type: 0 flags: 11 size: 8202 dataOffset: 2
09-15 13:36:45.538 13751 14127 D OPENHU  : [77] Companion.decrypt | RECV: MUSIC_PLAYBACK Media Playback Status type: 32769 flags: 11 size: 18 dataOffset: 2
09-15 13:36:45.538 13751 14127 D OPENHU  : [77] AapMediaPlayback.processStatusPacket | AapMediaPlayback: status mediaSource='VLC', playbackSeconds(u32)=148, state=PLAYING
09-15 13:36:45.578 13751 14127 D OPENHU  : [77] Companion.decrypt | RECV: AUDIO Media Data type: 0 flags: 11 size: 8202 dataOffset: 2
09-15 13:36:45.619 13751 14127 D OPENHU  : [77] Companion.decrypt | RECV: AUDIO Media Data type: 0 flags: 11 size: 8202 dataOffset: 2
09-15 13:36:45.664 13751 14127 D OPENHU  : [77] Companion.decrypt | RECV: AUDIO Media Data type: 0 flags: 11 size: 8202 dataOffset: 2
09-15 13:36:45.705 13751 14127 D OPENHU  : [77] Companion.decrypt | RECV: AUDIO Media Data type: 0 flags: 11 size: 8202 dataOffset: 2
09-15 13:36:45.750 13751 14127 D OPENHU  : [77] Companion.decrypt | RECV: AUDIO Media Data type: 0 flags: 11 size: 8202 dataOffset: 2
09-15 13:36:45.793 13751 14127 D OPENHU  : [77] Companion.decrypt | RECV: AUDIO Media Data type: 0 flags: 11 size: 8202 dataOffset: 2
09-15 13:36:45.836 13751 14127 D OPENHU  : [77] Companion.decrypt | RECV: AUDIO Media Data type: 0 flags: 11 size: 8202 dataOffset: 2
09-15 13:36:45.879 13751 14127 D OPENHU  : [77] Companion.decrypt | RECV: AUDIO Media Data type: 0 flags: 11 size: 8202 dataOffset: 2
09-15 13:36:45.918 13751 14127 D OPENHU  : [77] Companion.decrypt | RECV: AUDIO Media Data type: 0 flags: 11 size: 8202 dataOffset: 2
09-15 13:36:45.964 13751 14127 D OPENHU  : [77] Companion.decrypt | RECV: AUDIO Media Data type: 0 flags: 11 size: 8202 dataOffset: 2
09-15 13:36:46.003 13751 13751 V OPENHU  : [2] GpsLocation.onLocationChanged | GpsLocation: fix received
09-15 13:36:46.005 13751 14127 D OPENHU  : [77] Companion.decrypt | RECV: AUDIO Media Data type: 0 flags: 11 size: 8202 dataOffset: 2
09-15 13:36:46.032 13751 13751 V OPENHU  : [2] AapTransport.send | SENSOR Sensor Event type: 32771 flags: 11 size: 46 dataOffset: 6
09-15 13:36:46.047 13751 14127 D OPENHU  : [77] Companion.decrypt | RECV: AUDIO Media Data type: 0 flags: 11 size: 8202 dataOffset: 2
09-15 13:36:46.090 13751 14127 D OPENHU  : [77] Companion.decrypt | RECV: AUDIO Media Data type: 0 flags: 11 size: 8202 dataOffset: 2
09-15 13:36:46.133 13751 14127 D OPENHU  : [77] Companion.decrypt | RECV: AUDIO Media Data type: 0 flags: 11 size: 8202 dataOffset: 2
09-15 13:36:46.176 13751 14127 D OPENHU  : [77] Companion.decrypt | RECV: AUDIO Media Data type: 0 flags: 11 size: 8202 dataOffset: 2
09-15 13:36:46.219 13751 14127 D OPENHU  : [77] Companion.decrypt | RECV: AUDIO Media Data type: 0 flags: 11 size: 8202 dataOffset: 2
09-15 13:36:46.260 13751 14127 D OPENHU  : [77] Companion.decrypt | RECV: AUDIO Media Data type: 0 flags: 11 size: 8202 dataOffset: 2
09-15 13:36:46.304 13751 14127 D OPENHU  : [77] Companion.decrypt | RECV: AUDIO Media Data type: 0 flags: 11 size: 8202 dataOffset: 2
09-15 13:36:46.347 13751 14127 D OPENHU  : [77] Companion.decrypt | RECV: AUDIO Media Data type: 0 flags: 11 size: 8202 dataOffset: 2
09-15 13:36:46.388 13751 14127 D OPENHU  : [77] Companion.decrypt | RECV: AUDIO Media Data type: 0 flags: 11 size: 8202 dataOffset: 2
09-15 13:36:46.431 13751 14127 D OPENHU  : [77] Companion.decrypt | RECV: AUDIO Media Data type: 0 flags: 11 size: 8202 dataOffset: 2
09-15 13:36:46.476 13751 14127 D OPENHU  : [77] Companion.decrypt | RECV: AUDIO Media Data type: 0 flags: 11 size: 8202 dataOffset: 2
09-15 13:36:46.521 13751 14127 D OPENHU  : [77] Companion.decrypt | RECV: AUDIO Media Data type: 0 flags: 11 size: 8202 dataOffset: 2
09-15 13:36:46.530 13751 14127 D OPENHU  : [77] Companion.decrypt | RECV: CONTROL Ping Request type: 11 flags: 11 size: 12 dataOffset: 2
09-15 13:36:46.530 13751 14127 V OPENHU  : [77] AapTransport.send | CONTROL Ping Response type: 12 flags: 11 size: 14 dataOffset: 6
09-15 13:36:46.541 13751 14127 D OPENHU  : [77] Companion.decrypt | RECV: MUSIC_PLAYBACK Media Playback Status type: 32769 flags: 11 size: 18 dataOffset: 2
09-15 13:36:46.542 13751 14127 D OPENHU  : [77] AapMediaPlayback.processStatusPacket | AapMediaPlayback: status mediaSource='VLC', playbackSeconds(u32)=149, state=PLAYING
09-15 13:36:46.559 13751 14127 D OPENHU  : [77] Companion.decrypt | RECV: AUDIO Media Data type: 0 flags: 11 size: 8202 dataOffset: 2
09-15 13:36:46.603 13751 14127 D OPENHU  : [77] Companion.decrypt | RECV: AUDIO Media Data type: 0 flags: 11 size: 8202 dataOffset: 2
09-15 13:36:46.645 13751 14127 D OPENHU  : [77] Companion.decrypt | RECV: AUDIO Media Data type: 0 flags: 11 size: 8202 dataOffset: 2
09-15 13:36:46.686 13751 14127 D OPENHU  : [77] Companion.decrypt | RECV: AUDIO Media Data type: 0 flags: 11 size: 8202 dataOffset: 2
09-15 13:36:46.731 13751 14127 D OPENHU  : [77] Companion.decrypt | RECV: AUDIO Media Data type: 0 flags: 11 size: 8202 dataOffset: 2
09-15 13:36:46.772 13751 14127 D OPENHU  : [77] Companion.decrypt | RECV: AUDIO Media Data type: 0 flags: 11 size: 8202 dataOffset: 2
09-15 13:36:46.816 13751 14127 D OPENHU  : [77] Companion.decrypt | RECV: AUDIO Media Data type: 0 flags: 11 size: 8202 dataOffset: 2
09-15 13:36:46.859 13751 14127 D OPENHU  : [77] Companion.decrypt | RECV: AUDIO Media Data type: 0 flags: 11 size: 8202 dataOffset: 2
09-15 13:36:46.901 13751 14127 D OPENHU  : [77] Companion.decrypt | RECV: AUDIO Media Data type: 0 flags: 11 size: 8202 dataOffset: 2
09-15 13:36:46.944 13751 14127 D OPENHU  : [77] Companion.decrypt | RECV: AUDIO Media Data type: 0 flags: 11 size: 8202 dataOffset: 2
09-15 13:36:46.986 13751 14127 D OPENHU  : [77] Companion.decrypt | RECV: AUDIO Media Data type: 0 flags: 11 size: 8202 dataOffset: 2
09-15 13:36:47.028 13751 14127 D OPENHU  : [77] Companion.decrypt | RECV: AUDIO Media Data type: 0 flags: 11 size: 8202 dataOffset: 2
09-15 13:36:47.031 13751 13751 V OPENHU  : [2] GpsLocation.onLocationChanged | GpsLocation: fix received
09-15 13:36:47.049 13751 13751 V OPENHU  : [2] AapTransport.send | SENSOR Sensor Event type: 32771 flags: 11 size: 46 dataOffset: 6
09-15 13:36:47.070 13751 14127 D OPENHU  : [77] Companion.decrypt | RECV: AUDIO Media Data type: 0 flags: 11 size: 8202 dataOffset: 2
09-15 13:36:47.119 13751 14127 D OPENHU  : [77] Companion.decrypt | RECV: AUDIO Media Data type: 0 flags: 11 size: 8202 dataOffset: 2
09-15 13:36:47.159 13751 14127 D OPENHU  : [77] Companion.decrypt | RECV: AUDIO Media Data type: 0 flags: 11 size: 8202 dataOffset: 2
09-15 13:36:47.202 13751 14127 D OPENHU  : [77] Companion.decrypt | RECV: AUDIO Media Data type: 0 flags: 11 size: 8202 dataOffset: 2
09-15 13:36:47.243 13751 14127 D OPENHU  : [77] Companion.decrypt | RECV: AUDIO Media Data type: 0 flags: 11 size: 8202 dataOffset: 2
09-15 13:36:47.284 13751 14127 D OPENHU  : [77] Companion.decrypt | RECV: AUDIO Media Data type: 0 flags: 11 size: 8202 dataOffset: 2
09-15 13:36:47.327 13751 14127 D OPENHU  : [77] Companion.decrypt | RECV: AUDIO Media Data type: 0 flags: 11 size: 8202 dataOffset: 2
09-15 13:36:47.370 13751 14127 D OPENHU  : [77] Companion.decrypt | RECV: AUDIO Media Data type: 0 flags: 11 size: 8202 dataOffset: 2
09-15 13:36:47.416 13751 14127 D OPENHU  : [77] Companion.decrypt | RECV: AUDIO Media Data type: 0 flags: 11 size: 8202 dataOffset: 2
09-15 13:36:47.458 13751 14127 D OPENHU  : [77] Companion.decrypt | RECV: AUDIO Media Data type: 0 flags: 11 size: 8202 dataOffset: 2
09-15 13:36:47.502 13751 14127 D OPENHU  : [77] Companion.decrypt | RECV: AUDIO Media Data type: 0 flags: 11 size: 8202 dataOffset: 2
09-15 13:36:47.533 13751 14127 D OPENHU  : [77] Companion.decrypt | RECV: CONTROL Ping Request type: 11 flags: 11 size: 12 dataOffset: 2
09-15 13:36:47.535 13751 14127 V OPENHU  : [77] AapTransport.send | CONTROL Ping Response type: 12 flags: 11 size: 14 dataOffset: 6
09-15 13:36:47.542 13751 14127 D OPENHU  : [77] Companion.decrypt | RECV: AUDIO Media Data type: 0 flags: 11 size: 8202 dataOffset: 2
09-15 13:36:47.547 13751 14127 D OPENHU  : [77] Companion.decrypt | RECV: MUSIC_PLAYBACK Media Playback Status type: 32769 flags: 11 size: 18 dataOffset: 2
09-15 13:36:47.548 13751 14127 D OPENHU  : [77] AapMediaPlayback.processStatusPacket | AapMediaPlayback: status mediaSource='VLC', playbackSeconds(u32)=150, state=PLAYING
09-15 13:36:47.584 13751 14127 D OPENHU  : [77] Companion.decrypt | RECV: AUDIO Media Data type: 0 flags: 11 size: 8202 dataOffset: 2
09-15 13:36:47.625 13751 14127 D OPENHU  : [77] Companion.decrypt | RECV: AUDIO Media Data type: 0 flags: 11 size: 8202 dataOffset: 2
09-15 13:36:47.667 13751 14127 D OPENHU  : [77] Companion.decrypt | RECV: AUDIO Media Data type: 0 flags: 11 size: 8202 dataOffset: 2
09-15 13:36:47.711 13751 14127 D OPENHU  : [77] Companion.decrypt | RECV: AUDIO Media Data type: 0 flags: 11 size: 8202 dataOffset: 2
09-15 13:36:47.754 13751 14127 D OPENHU  : [77] Companion.decrypt | RECV: AUDIO Media Data type: 0 flags: 11 size: 8202 dataOffset: 2
09-15 13:36:47.797 13751 14127 D OPENHU  : [77] Companion.decrypt | RECV: AUDIO Media Data type: 0 flags: 11 size: 8202 dataOffset: 2
09-15 13:36:47.840 13751 14127 D OPENHU  : [77] Companion.decrypt | RECV: AUDIO Media Data type: 0 flags: 11 size: 8202 dataOffset: 2
09-15 13:36:47.884 13751 14127 D OPENHU  : [77] Companion.decrypt | RECV: AUDIO Media Data type: 0 flags: 11 size: 8202 dataOffset: 2
09-15 13:36:47.924 13751 14127 D OPENHU  : [77] Companion.decrypt | RECV: AUDIO Media Data type: 0 flags: 11 size: 8202 dataOffset: 2
09-15 13:36:47.969 13751 14127 D OPENHU  : [77] Companion.decrypt | RECV: AUDIO Media Data type: 0 flags: 11 size: 8202 dataOffset: 2
09-15 13:36:47.996 13751 13751 V OPENHU  : [2] GpsLocation.onLocationChanged | GpsLocation: fix received
09-15 13:36:48.006 13751 13751 V OPENHU  : [2] AapTransport.send | SENSOR Sensor Event type: 32771 flags: 11 size: 46 dataOffset: 6
09-15 13:36:48.012 13751 14127 D OPENHU  : [77] Companion.decrypt | RECV: AUDIO Media Data type: 0 flags: 11 size: 8202 dataOffset: 2
09-15 13:36:48.052 13751 14127 D OPENHU  : [77] Companion.decrypt | RECV: AUDIO Media Data type: 0 flags: 11 size: 8202 dataOffset: 2
09-15 13:36:48.096 13751 14127 D OPENHU  : [77] Companion.decrypt | RECV: AUDIO Media Data type: 0 flags: 11 size: 8202 dataOffset: 2
09-15 13:36:48.137 13751 14127 D OPENHU  : [77] Companion.decrypt | RECV: AUDIO Media Data type: 0 flags: 11 size: 8202 dataOffset: 2
09-15 13:36:48.181 13751 14127 D OPENHU  : [77] Companion.decrypt | RECV: AUDIO Media Data type: 0 flags: 11 size: 8202 dataOffset: 2
09-15 13:36:48.224 13751 14127 D OPENHU  : [77] Companion.decrypt | RECV: AUDIO Media Data type: 0 flags: 11 size: 8202 dataOffset: 2
09-15 13:36:48.266 13751 14127 D OPENHU  : [77] Companion.decrypt | RECV: AUDIO Media Data type: 0 flags: 11 size: 8202 dataOffset: 2
09-15 13:36:48.310 13751 14127 D OPENHU  : [77] Companion.decrypt | RECV: AUDIO Media Data type: 0 flags: 11 size: 8202 dataOffset: 2
09-15 13:36:48.350 13751 14127 D OPENHU  : [77] Companion.decrypt | RECV: AUDIO Media Data type: 0 flags: 11 size: 8202 dataOffset: 2
09-15 13:36:48.394 13751 14127 D OPENHU  : [77] Companion.decrypt | RECV: AUDIO Media Data type: 0 flags: 11 size: 8202 dataOffset: 2
09-15 13:36:48.438 13751 14127 D OPENHU  : [77] Companion.decrypt | RECV: AUDIO Media Data type: 0 flags: 11 size: 8202 dataOffset: 2
09-15 13:36:48.481 13751 14127 D OPENHU  : [77] Companion.decrypt | RECV: AUDIO Media Data type: 0 flags: 11 size: 8202 dataOffset: 2
09-15 13:36:48.523 13751 14127 D OPENHU  : [77] Companion.decrypt | RECV: AUDIO Media Data type: 0 flags: 11 size: 8202 dataOffset: 2
09-15 13:36:48.532 13751 14127 D OPENHU  : [77] Companion.decrypt | RECV: CONTROL Ping Request type: 11 flags: 11 size: 12 dataOffset: 2
09-15 13:36:48.533 13751 14127 V OPENHU  : [77] AapTransport.send | CONTROL Ping Response type: 12 flags: 11 size: 14 dataOffset: 6
09-15 13:36:48.545 13751 14127 D OPENHU  : [77] Companion.decrypt | RECV: MUSIC_PLAYBACK Media Playback Status type: 32769 flags: 11 size: 18 dataOffset: 2
09-15 13:36:48.546 13751 14127 D OPENHU  : [77] AapMediaPlayback.processStatusPacket | AapMediaPlayback: status mediaSource='VLC', playbackSeconds(u32)=151, state=PLAYING
09-15 13:36:48.565 13751 14127 D OPENHU  : [77] Companion.decrypt | RECV: AUDIO Media Data type: 0 flags: 11 size: 8202 dataOffset: 2
09-15 13:36:48.613 13751 14127 D OPENHU  : [77] Companion.decrypt | RECV: AUDIO Media Data type: 0 flags: 11 size: 8202 dataOffset: 2
09-15 13:36:48.650 13751 14127 D OPENHU  : [77] Companion.decrypt | RECV: AUDIO Media Data type: 0 flags: 11 size: 8202 dataOffset: 2
09-15 13:36:48.692 13751 14127 D OPENHU  : [77] Companion.decrypt | RECV: AUDIO Media Data type: 0 flags: 11 size: 8202 dataOffset: 2
09-15 13:36:48.736 13751 14127 D OPENHU  : [77] Companion.decrypt | RECV: AUDIO Media Data type: 0 flags: 11 size: 8202 dataOffset: 2
09-15 13:36:48.778 13751 14127 D OPENHU  : [77] Companion.decrypt | RECV: AUDIO Media Data type: 0 flags: 11 size: 8202 dataOffset: 2
09-15 13:36:48.820 13751 14127 D OPENHU  : [77] Companion.decrypt | RECV: AUDIO Media Data type: 0 flags: 11 size: 8202 dataOffset: 2
09-15 13:36:48.864 13751 14127 D OPENHU  : [77] Companion.decrypt | RECV: AUDIO Media Data type: 0 flags: 11 size: 8202 dataOffset: 2
09-15 13:36:48.906 13751 14127 D OPENHU  : [77] Companion.decrypt | RECV: AUDIO Media Data type: 0 flags: 11 size: 8202 dataOffset: 2
09-15 13:36:48.948 13751 14127 D OPENHU  : [77] Companion.decrypt | RECV: AUDIO Media Data type: 0 flags: 11 size: 8202 dataOffset: 2
09-15 13:36:48.993 13751 14127 D OPENHU  : [77] Companion.decrypt | RECV: AUDIO Media Data type: 0 flags: 11 size: 8202 dataOffset: 2
09-15 13:36:49.016 13751 13751 V OPENHU  : [2] GpsLocation.onLocationChanged | GpsLocation: fix received
09-15 13:36:49.023 13751 13751 V OPENHU  : [2] AapTransport.send | SENSOR Sensor Event type: 32771 flags: 11 size: 46 dataOffset: 6
09-15 13:36:49.037 13751 14127 D OPENHU  : [77] Companion.decrypt | RECV: AUDIO Media Data type: 0 flags: 11 size: 8202 dataOffset: 2
09-15 13:36:49.080 13751 14127 D OPENHU  : [77] Companion.decrypt | RECV: AUDIO Media Data type: 0 flags: 11 size: 8202 dataOffset: 2
09-15 13:36:49.125 13751 14127 D OPENHU  : [77] Companion.decrypt | RECV: AUDIO Media Data type: 0 flags: 11 size: 8202 dataOffset: 2
09-15 13:36:49.163 13751 14127 D OPENHU  : [77] Companion.decrypt | RECV: AUDIO Media Data type: 0 flags: 11 size: 8202 dataOffset: 2
09-15 13:36:49.206 13751 14127 D OPENHU  : [77] Companion.decrypt | RECV: AUDIO Media Data type: 0 flags: 11 size: 8202 dataOffset: 2
09-15 13:36:49.248 13751 14127 D OPENHU  : [77] Companion.decrypt | RECV: AUDIO Media Data type: 0 flags: 11 size: 8202 dataOffset: 2
09-15 13:36:49.293 13751 14127 D OPENHU  : [77] Companion.decrypt | RECV: AUDIO Media Data type: 0 flags: 11 size: 8202 dataOffset: 2
09-15 13:36:49.333 13751 14127 D OPENHU  : [77] Companion.decrypt | RECV: AUDIO Media Data type: 0 flags: 11 size: 8202 dataOffset: 2
09-15 13:36:49.376 13751 14127 D OPENHU  : [77] Companion.decrypt | RECV: AUDIO Media Data type: 0 flags: 11 size: 8202 dataOffset: 2
09-15 13:36:49.421 13751 14127 D OPENHU  : [77] Companion.decrypt | RECV: AUDIO Media Data type: 0 flags: 11 size: 8202 dataOffset: 2
09-15 13:36:49.425 13751 14162 I OPENHU  : [88] VideoDecoder.logThroughput | Throughput over 5003ms: rendered=168 (33fps), fed=168 (33fps), dropped=0, skipped=0, concealed=0, inputWait=86ms, enqueueWait=0ms, codec=c2.unisoc.avc.decoder, presented=168 (33fps), decodeLatency=9ms p95=12ms (168 frames)
09-15 13:36:49.463 13751 14127 D OPENHU  : [77] Companion.decrypt | RECV: AUDIO Media Data type: 0 flags: 11 size: 8202 dataOffset: 2
09-15 13:36:49.507 13751 14127 D OPENHU  : [77] Companion.decrypt | RECV: AUDIO Media Data type: 0 flags: 11 size: 8202 dataOffset: 2
09-15 13:36:49.541 13751 14127 D OPENHU  : [77] Companion.decrypt | RECV: CONTROL Ping Request type: 11 flags: 11 size: 12 dataOffset: 2
09-15 13:36:49.543 13751 14127 V OPENHU  : [77] AapTransport.send | CONTROL Ping Response type: 12 flags: 11 size: 14 dataOffset: 6
09-15 13:36:49.545 13751 14127 D OPENHU  : [77] Companion.decrypt | RECV: AUDIO Media Data type: 0 flags: 11 size: 8202 dataOffset: 2
09-15 13:36:49.552 13751 14127 D OPENHU  : [77] Companion.decrypt | RECV: MUSIC_PLAYBACK Media Playback Status type: 32769 flags: 11 size: 18 dataOffset: 2
09-15 13:36:49.553 13751 14127 D OPENHU  : [77] AapMediaPlayback.processStatusPacket | AapMediaPlayback: status mediaSource='VLC', playbackSeconds(u32)=152, state=PLAYING
09-15 13:36:49.589 13751 13751 I OPENHU  : [2] TextureProjectionView.onSurfaceTextureUpdated | TextureProjectionView: displayed 141 frames in 5000ms (28fps), longFrames=1
09-15 13:36:49.591 13751 14127 D OPENHU  : [77] Companion.decrypt | RECV: AUDIO Media Data type: 0 flags: 11 size: 8202 dataOffset: 2
09-15 13:36:49.633 13751 14127 D OPENHU  : [77] Companion.decrypt | RECV: AUDIO Media Data type: 0 flags: 11 size: 8202 dataOffset: 2
09-15 13:36:49.674 13751 14127 D OPENHU  : [77] Companion.decrypt | RECV: AUDIO Media Data type: 0 flags: 11 size: 8202 dataOffset: 2
09-15 13:36:49.719 13751 14127 D OPENHU  : [77] Companion.decrypt | RECV: AUDIO Media Data type: 0 flags: 11 size: 8202 dataOffset: 2
09-15 13:36:49.760 13751 14127 D OPENHU  : [77] Companion.decrypt | RECV: AUDIO Media Data type: 0 flags: 11 size: 8202 dataOffset: 2
09-15 13:36:49.804 13751 14127 D OPENHU  : [77] Companion.decrypt | RECV: AUDIO Media Data type: 0 flags: 11 size: 8202 dataOffset: 2
09-15 13:36:49.844 13751 14127 D OPENHU  : [77] Companion.decrypt | RECV: AUDIO Media Data type: 0 flags: 11 size: 8202 dataOffset: 2
09-15 13:36:49.889 13751 14127 D OPENHU  : [77] Companion.decrypt | RECV: AUDIO Media Data type: 0 flags: 11 size: 8202 dataOffset: 2
09-15 13:36:49.931 13751 14127 D OPENHU  : [77] Companion.decrypt | RECV: AUDIO Media Data type: 0 flags: 11 size: 8202 dataOffset: 2
09-15 13:36:49.974 13751 14127 D OPENHU  : [77] Companion.decrypt | RECV: AUDIO Media Data type: 0 flags: 11 size: 8202 dataOffset: 2
09-15 13:36:49.994 13751 13751 V OPENHU  : [2] GpsLocation.onLocationChanged | GpsLocation: fix received
09-15 13:36:50.005 13751 13751 V OPENHU  : [2] AapTransport.send | SENSOR Sensor Event type: 32771 flags: 11 size: 46 dataOffset: 6
09-15 13:36:50.017 13751 14127 D OPENHU  : [77] Companion.decrypt | RECV: AUDIO Media Data type: 0 flags: 11 size: 8202 dataOffset: 2
09-15 13:36:50.061 13751 14127 D OPENHU  : [77] Companion.decrypt | RECV: AUDIO Media Data type: 0 flags: 11 size: 8202 dataOffset: 2
09-15 13:36:50.104 13751 14127 D OPENHU  : [77] Companion.decrypt | RECV: AUDIO Media Data type: 0 flags: 11 size: 8202 dataOffset: 2
09-15 13:36:50.144 13751 14127 D OPENHU  : [77] Companion.decrypt | RECV: AUDIO Media Data type: 0 flags: 11 size: 8202 dataOffset: 2
09-15 13:36:50.186 13751 14127 D OPENHU  : [77] Companion.decrypt | RECV: AUDIO Media Data type: 0 flags: 11 size: 8202 dataOffset: 2
09-15 13:36:50.227 13751 14127 D OPENHU  : [77] Companion.decrypt | RECV: AUDIO Media Data type: 0 flags: 11 size: 8202 dataOffset: 2
09-15 13:36:50.271 13751 14127 D OPENHU  : [77] Companion.decrypt | RECV: AUDIO Media Data type: 0 flags: 11 size: 8202 dataOffset: 2
09-15 13:36:50.314 13751 14127 D OPENHU  : [77] Companion.decrypt | RECV: AUDIO Media Data type: 0 flags: 11 size: 8202 dataOffset: 2
09-15 13:36:50.359 13751 14127 D OPENHU  : [77] Companion.decrypt | RECV: AUDIO Media Data type: 0 flags: 11 size: 8202 dataOffset: 2
09-15 13:36:50.403 13751 14127 D OPENHU  : [77] Companion.decrypt | RECV: AUDIO Media Data type: 0 flags: 11 size: 8202 dataOffset: 2
09-15 13:36:50.444 13751 14127 D OPENHU  : [77] Companion.decrypt | RECV: AUDIO Media Data type: 0 flags: 11 size: 8202 dataOffset: 2
09-15 13:36:50.488 13751 14127 D OPENHU  : [77] Companion.decrypt | RECV: AUDIO Media Data type: 0 flags: 11 size: 8202 dataOffset: 2
09-15 13:36:50.532 13751 14127 D OPENHU  : [77] Companion.decrypt | RECV: AUDIO Media Data type: 0 flags: 11 size: 8202 dataOffset: 2
09-15 13:36:50.539 13751 14127 D OPENHU  : [77] Companion.decrypt | RECV: CONTROL Ping Request type: 11 flags: 11 size: 12 dataOffset: 2
09-15 13:36:50.541 13751 14127 V OPENHU  : [77] AapTransport.send | CONTROL Ping Response type: 12 flags: 11 size: 14 dataOffset: 6
09-15 13:36:50.555 13751 14127 D OPENHU  : [77] Companion.decrypt | RECV: MUSIC_PLAYBACK Media Playback Status type: 32769 flags: 11 size: 18 dataOffset: 2
09-15 13:36:50.558 13751 14127 D OPENHU  : [77] AapMediaPlayback.processStatusPacket | AapMediaPlayback: status mediaSource='VLC', playbackSeconds(u32)=153, state=PLAYING
09-15 13:36:50.573 13751 14127 D OPENHU  : [77] Companion.decrypt | RECV: AUDIO Media Data type: 0 flags: 11 size: 8202 dataOffset: 2
09-15 13:36:50.611 13751 14127 D OPENHU  : [77] Companion.decrypt | RECV: AUDIO Media Data type: 0 flags: 11 size: 8202 dataOffset: 2
09-15 13:36:50.656 13751 14127 D OPENHU  : [77] Companion.decrypt | RECV: AUDIO Media Data type: 0 flags: 11 size: 8202 dataOffset: 2
09-15 13:36:50.698 13751 14127 D OPENHU  : [77] Companion.decrypt | RECV: AUDIO Media Data type: 0 flags: 11 size: 8202 dataOffset: 2
09-15 13:36:50.739 13751 14127 D OPENHU  : [77] Companion.decrypt | RECV: AUDIO Media Data type: 0 flags: 11 size: 8202 dataOffset: 2
09-15 13:36:50.785 13751 14127 D OPENHU  : [77] Companion.decrypt | RECV: AUDIO Media Data type: 0 flags: 11 size: 8202 dataOffset: 2
09-15 13:36:50.825 13751 14127 D OPENHU  : [77] Companion.decrypt | RECV: AUDIO Media Data type: 0 flags: 11 size: 8202 dataOffset: 2
09-15 13:36:50.868 13751 14127 D OPENHU  : [77] Companion.decrypt | RECV: AUDIO Media Data type: 0 flags: 11 size: 8202 dataOffset: 2
09-15 13:36:50.913 13751 14127 D OPENHU  : [77] Companion.decrypt | RECV: AUDIO Media Data type: 0 flags: 11 size: 8202 dataOffset: 2
09-15 13:36:50.954 13751 14127 D OPENHU  : [77] Companion.decrypt | RECV: AUDIO Media Data type: 0 flags: 11 size: 8202 dataOffset: 2
09-15 13:36:50.997 13751 14127 D OPENHU  : [77] Companion.decrypt | RECV: AUDIO Media Data type: 0 flags: 11 size: 8202 dataOffset: 2
09-15 13:36:51.017 13751 13751 V OPENHU  : [2] GpsLocation.onLocationChanged | GpsLocation: fix received
09-15 13:36:51.024 13751 13751 V OPENHU  : [2] AapTransport.send | SENSOR Sensor Event type: 32771 flags: 11 size: 46 dataOffset: 6
09-15 13:36:51.039 13751 14127 D OPENHU  : [77] Companion.decrypt | RECV: AUDIO Media Data type: 0 flags: 11 size: 8202 dataOffset: 2
09-15 13:36:51.084 13751 14127 D OPENHU  : [77] Companion.decrypt | RECV: AUDIO Media Data type: 0 flags: 11 size: 8202 dataOffset: 2
09-15 13:36:51.127 13751 14127 D OPENHU  : [77] Companion.decrypt | RECV: AUDIO Media Data type: 0 flags: 11 size: 8202 dataOffset: 2
09-15 13:36:51.168 13751 14127 D OPENHU  : [77] Companion.decrypt | RECV: AUDIO Media Data type: 0 flags: 11 size: 8202 dataOffset: 2
09-15 13:36:51.209 13751 14127 D OPENHU  : [77] Companion.decrypt | RECV: AUDIO Media Data type: 0 flags: 11 size: 8202 dataOffset: 2
09-15 13:36:51.252 13751 14127 D OPENHU  : [77] Companion.decrypt | RECV: AUDIO Media Data type: 0 flags: 11 size: 8202 dataOffset: 2
09-15 13:36:51.296 13751 14127 D OPENHU  : [77] Companion.decrypt | RECV: AUDIO Media Data type: 0 flags: 11 size: 8202 dataOffset: 2
09-15 13:36:51.337 13751 14127 D OPENHU  : [77] Companion.decrypt | RECV: AUDIO Media Data type: 0 flags: 11 size: 8202 dataOffset: 2
09-15 13:36:51.381 13751 14127 D OPENHU  : [77] Companion.decrypt | RECV: AUDIO Media Data type: 0 flags: 11 size: 8202 dataOffset: 2
09-15 13:36:51.422 13751 14127 D OPENHU  : [77] Companion.decrypt | RECV: AUDIO Media Data type: 0 flags: 11 size: 8202 dataOffset: 2
09-15 13:36:51.467 13751 14127 D OPENHU  : [77] Companion.decrypt | RECV: AUDIO Media Data type: 0 flags: 11 size: 8202 dataOffset: 2
09-15 13:36:51.511 13751 14127 D OPENHU  : [77] Companion.decrypt | RECV: AUDIO Media Data type: 0 flags: 11 size: 8202 dataOffset: 2
09-15 13:36:51.537 13751 14127 D OPENHU  : [77] Companion.decrypt | RECV: CONTROL Ping Request type: 11 flags: 11 size: 12 dataOffset: 2
09-15 13:36:51.537 13751 14127 V OPENHU  : [77] AapTransport.send | CONTROL Ping Response type: 12 flags: 11 size: 14 dataOffset: 6
09-15 13:36:51.550 13751 14127 D OPENHU  : [77] Companion.decrypt | RECV: AUDIO Media Data type: 0 flags: 11 size: 8202 dataOffset: 2
09-15 13:36:51.559 13751 14127 D OPENHU  : [77] Companion.decrypt | RECV: MUSIC_PLAYBACK Media Playback Status type: 32769 flags: 11 size: 18 dataOffset: 2
09-15 13:36:51.560 13751 14127 D OPENHU  : [77] AapMediaPlayback.processStatusPacket | AapMediaPlayback: status mediaSource='VLC', playbackSeconds(u32)=154, state=PLAYING
09-15 13:36:51.594 13751 14127 D OPENHU  : [77] Companion.decrypt | RECV: AUDIO Media Data type: 0 flags: 11 size: 8202 dataOffset: 2
09-15 13:36:51.636 13751 14127 D OPENHU  : [77] Companion.decrypt | RECV: AUDIO Media Data type: 0 flags: 11 size: 8202 dataOffset: 2
09-15 13:36:51.679 13751 14127 D OPENHU  : [77] Companion.decrypt | RECV: AUDIO Media Data type: 0 flags: 11 size: 8202 dataOffset: 2
09-15 13:36:51.722 13751 14127 D OPENHU  : [77] Companion.decrypt | RECV: AUDIO Media Data type: 0 flags: 11 size: 8202 dataOffset: 2
09-15 13:36:51.766 13751 14127 D OPENHU  : [77] Companion.decrypt | RECV: AUDIO Media Data type: 0 flags: 11 size: 8202 dataOffset: 2
09-15 13:36:51.809 13751 14127 D OPENHU  : [77] Companion.decrypt | RECV: AUDIO Media Data type: 0 flags: 11 size: 8202 dataOffset: 2
09-15 13:36:51.849 13751 14127 D OPENHU  : [77] Companion.decrypt | RECV: AUDIO Media Data type: 0 flags: 11 size: 8202 dataOffset: 2
09-15 13:36:51.892 13751 14127 D OPENHU  : [77] Companion.decrypt | RECV: AUDIO Media Data type: 0 flags: 11 size: 8202 dataOffset: 2
09-15 13:36:51.935 13751 14127 D OPENHU  : [77] Companion.decrypt | RECV: AUDIO Media Data type: 0 flags: 11 size: 8202 dataOffset: 2
09-15 13:36:51.979 13751 14127 D OPENHU  : [77] Companion.decrypt | RECV: AUDIO Media Data type: 0 flags: 11 size: 8202 dataOffset: 2
09-15 13:36:51.993 13751 13751 V OPENHU  : [2] GpsLocation.onLocationChanged | GpsLocation: fix received
09-15 13:36:52.004 13751 13751 V OPENHU  : [2] AapTransport.send | SENSOR Sensor Event type: 32771 flags: 11 size: 46 dataOffset: 6
09-15 13:36:52.020 13751 14127 D OPENHU  : [77] Companion.decrypt | RECV: AUDIO Media Data type: 0 flags: 11 size: 8202 dataOffset: 2
09-15 13:36:52.067 13751 14127 D OPENHU  : [77] Companion.decrypt | RECV: AUDIO Media Data type: 0 flags: 11 size: 8202 dataOffset: 2
09-15 13:36:52.106 13751 14127 D OPENHU  : [77] Companion.decrypt | RECV: AUDIO Media Data type: 0 flags: 11 size: 8202 dataOffset: 2
09-15 13:36:52.158 13751 14127 D OPENHU  : [77] Companion.decrypt | RECV: AUDIO Media Data type: 0 flags: 11 size: 8202 dataOffset: 2
09-15 13:36:52.193 13751 14127 D OPENHU  : [77] Companion.decrypt | RECV: AUDIO Media Data type: 0 flags: 11 size: 8202 dataOffset: 2
09-15 13:36:52.235 13751 14127 D OPENHU  : [77] Companion.decrypt | RECV: AUDIO Media Data type: 0 flags: 11 size: 8202 dataOffset: 2
09-15 13:36:52.278 13751 14127 D OPENHU  : [77] Companion.decrypt | RECV: AUDIO Media Data type: 0 flags: 11 size: 8202 dataOffset: 2
09-15 13:36:52.324 13751 14127 D OPENHU  : [77] Companion.decrypt | RECV: AUDIO Media Data type: 0 flags: 11 size: 8202 dataOffset: 2
09-15 13:36:52.362 13751 14127 D OPENHU  : [77] Companion.decrypt | RECV: AUDIO Media Data type: 0 flags: 11 size: 8202 dataOffset: 2
09-15 13:36:52.406 13751 14127 D OPENHU  : [77] Companion.decrypt | RECV: AUDIO Media Data type: 0 flags: 11 size: 8202 dataOffset: 2
09-15 13:36:52.447 13751 14127 D OPENHU  : [77] Companion.decrypt | RECV: AUDIO Media Data type: 0 flags: 11 size: 8202 dataOffset: 2
09-15 13:36:52.490 13751 14127 D OPENHU  : [77] Companion.decrypt | RECV: AUDIO Media Data type: 0 flags: 11 size: 8202 dataOffset: 2
09-15 13:36:52.533 13751 14127 D OPENHU  : [77] Companion.decrypt | RECV: AUDIO Media Data type: 0 flags: 11 size: 8202 dataOffset: 2
09-15 13:36:52.536 13751 14127 D OPENHU  : [77] Companion.decrypt | RECV: CONTROL Ping Request type: 11 flags: 11 size: 12 dataOffset: 2
09-15 13:36:52.537 13751 14127 V OPENHU  : [77] AapTransport.send | CONTROL Ping Response type: 12 flags: 11 size: 14 dataOffset: 6
09-15 13:36:52.561 13751 14127 D OPENHU  : [77] Companion.decrypt | RECV: MUSIC_PLAYBACK Media Playback Status type: 32769 flags: 11 size: 18 dataOffset: 2
09-15 13:36:52.563 13751 14127 D OPENHU  : [77] AapMediaPlayback.processStatusPacket | AapMediaPlayback: status mediaSource='VLC', playbackSeconds(u32)=155, state=PLAYING
09-15 13:36:52.578 13751 14127 D OPENHU  : [77] Companion.decrypt | RECV: AUDIO Media Data type: 0 flags: 11 size: 8202 dataOffset: 2
09-15 13:36:52.618 13751 14127 D OPENHU  : [77] Companion.decrypt | RECV: AUDIO Media Data type: 0 flags: 11 size: 8202 dataOffset: 2
09-15 13:36:52.661 13751 14127 D OPENHU  : [77] Companion.decrypt | RECV: AUDIO Media Data type: 0 flags: 11 size: 8202 dataOffset: 2
09-15 13:36:52.703 13751 14127 D OPENHU  : [77] Companion.decrypt | RECV: AUDIO Media Data type: 0 flags: 11 size: 8202 dataOffset: 2
09-15 13:36:52.746 13751 14127 D OPENHU  : [77] Companion.decrypt | RECV: AUDIO Media Data type: 0 flags: 11 size: 8202 dataOffset: 2
09-15 13:36:52.789 13751 14127 D OPENHU  : [77] Companion.decrypt | RECV: AUDIO Media Data type: 0 flags: 11 size: 8202 dataOffset: 2
09-15 13:36:52.833 13751 14127 D OPENHU  : [77] Companion.decrypt | RECV: AUDIO Media Data type: 0 flags: 11 size: 8202 dataOffset: 2
09-15 13:36:52.876 13751 14127 D OPENHU  : [77] Companion.decrypt | RECV: AUDIO Media Data type: 0 flags: 11 size: 8202 dataOffset: 2
09-15 13:36:52.919 13751 14127 D OPENHU  : [77] Companion.decrypt | RECV: AUDIO Media Data type: 0 flags: 11 size: 8202 dataOffset: 2
09-15 13:36:52.962 13751 14127 D OPENHU  : [77] Companion.decrypt | RECV: AUDIO Media Data type: 0 flags: 11 size: 8202 dataOffset: 2
09-15 13:36:53.006 13751 14127 D OPENHU  : [77] Companion.decrypt | RECV: AUDIO Media Data type: 0 flags: 11 size: 8202 dataOffset: 2
09-15 13:36:53.030 13751 13751 V OPENHU  : [2] GpsLocation.onLocationChanged | GpsLocation: fix received
09-15 13:36:53.045 13751 14127 D OPENHU  : [77] Companion.decrypt | RECV: AUDIO Media Data type: 0 flags: 11 size: 8202 dataOffset: 2
09-15 13:36:53.050 13751 13751 V OPENHU  : [2] AapTransport.send | SENSOR Sensor Event type: 32771 flags: 11 size: 46 dataOffset: 6
09-15 13:36:53.089 13751 14127 D OPENHU  : [77] Companion.decrypt | RECV: AUDIO Media Data type: 0 flags: 11 size: 8202 dataOffset: 2
09-15 13:36:53.130 13751 14127 D OPENHU  : [77] Companion.decrypt | RECV: AUDIO Media Data type: 0 flags: 11 size: 8202 dataOffset: 2
09-15 13:36:53.173 13751 14127 D OPENHU  : [77] Companion.decrypt | RECV: AUDIO Media Data type: 0 flags: 11 size: 8202 dataOffset: 2
09-15 13:36:53.216 13751 14127 D OPENHU  : [77] Companion.decrypt | RECV: AUDIO Media Data type: 0 flags: 11 size: 8202 dataOffset: 2
09-15 13:36:53.258 13751 14127 D OPENHU  : [77] Companion.decrypt | RECV: AUDIO Media Data type: 0 flags: 11 size: 8202 dataOffset: 2
09-15 13:36:53.302 13751 14127 D OPENHU  : [77] Companion.decrypt | RECV: AUDIO Media Data type: 0 flags: 11 size: 8202 dataOffset: 2
09-15 13:36:53.343 13751 14127 D OPENHU  : [77] Companion.decrypt | RECV: AUDIO Media Data type: 0 flags: 11 size: 8202 dataOffset: 2
09-15 13:36:53.386 13751 14127 D OPENHU  : [77] Companion.decrypt | RECV: AUDIO Media Data type: 0 flags: 11 size: 8202 dataOffset: 2
09-15 13:36:53.429 13751 14127 D OPENHU  : [77] Companion.decrypt | RECV: AUDIO Media Data type: 0 flags: 11 size: 8202 dataOffset: 2
09-15 13:36:53.471 13751 14127 D OPENHU  : [77] Companion.decrypt | RECV: AUDIO Media Data type: 0 flags: 11 size: 8202 dataOffset: 2
09-15 13:36:53.514 13751 14127 D OPENHU  : [77] Companion.decrypt | RECV: AUDIO Media Data type: 0 flags: 11 size: 8202 dataOffset: 2
09-15 13:36:53.538 13751 14127 D OPENHU  : [77] Companion.decrypt | RECV: CONTROL Ping Request type: 11 flags: 11 size: 12 dataOffset: 2
09-15 13:36:53.539 13751 14127 V OPENHU  : [77] AapTransport.send | CONTROL Ping Response type: 12 flags: 11 size: 14 dataOffset: 6
09-15 13:36:53.556 13751 14127 D OPENHU  : [77] Companion.decrypt | RECV: AUDIO Media Data type: 0 flags: 11 size: 8202 dataOffset: 2
09-15 13:36:53.566 13751 14127 D OPENHU  : [77] Companion.decrypt | RECV: MUSIC_PLAYBACK Media Playback Status type: 32769 flags: 11 size: 18 dataOffset: 2
09-15 13:36:53.567 13751 14127 D OPENHU  : [77] AapMediaPlayback.processStatusPacket | AapMediaPlayback: status mediaSource='VLC', playbackSeconds(u32)=156, state=PLAYING
09-15 13:36:53.601 13751 14127 D OPENHU  : [77] Companion.decrypt | RECV: AUDIO Media Data type: 0 flags: 11 size: 8202 dataOffset: 2
09-15 13:36:53.643 13751 14127 D OPENHU  : [77] Companion.decrypt | RECV: AUDIO Media Data type: 0 flags: 11 size: 8202 dataOffset: 2
09-15 13:36:53.685 13751 14127 D OPENHU  : [77] Companion.decrypt | RECV: AUDIO Media Data type: 0 flags: 11 size: 8202 dataOffset: 2
09-15 13:36:53.728 13751 14127 D OPENHU  : [77] Companion.decrypt | RECV: AUDIO Media Data type: 0 flags: 11 size: 8202 dataOffset: 2
09-15 13:36:53.770 13751 14127 D OPENHU  : [77] Companion.decrypt | RECV: AUDIO Media Data type: 0 flags: 11 size: 8202 dataOffset: 2
09-15 13:36:53.813 13751 14127 D OPENHU  : [77] Companion.decrypt | RECV: AUDIO Media Data type: 0 flags: 11 size: 8202 dataOffset: 2
09-15 13:36:53.855 13751 14127 D OPENHU  : [77] Companion.decrypt | RECV: AUDIO Media Data type: 0 flags: 11 size: 8202 dataOffset: 2
09-15 13:36:53.899 13751 14127 D OPENHU  : [77] Companion.decrypt | RECV: AUDIO Media Data type: 0 flags: 11 size: 8202 dataOffset: 2
09-15 13:36:53.941 13751 14127 D OPENHU  : [77] Companion.decrypt | RECV: AUDIO Media Data type: 0 flags: 11 size: 8202 dataOffset: 2
09-15 13:36:53.983 13751 14127 D OPENHU  : [77] Companion.decrypt | RECV: AUDIO Media Data type: 0 flags: 11 size: 8202 dataOffset: 2
09-15 13:36:53.995 13751 13751 V OPENHU  : [2] GpsLocation.onLocationChanged | GpsLocation: fix received
09-15 13:36:54.005 13751 13751 V OPENHU  : [2] AapTransport.send | SENSOR Sensor Event type: 32771 flags: 11 size: 46 dataOffset: 6
09-15 13:36:54.025 13751 14127 D OPENHU  : [77] Companion.decrypt | RECV: AUDIO Media Data type: 0 flags: 11 size: 8202 dataOffset: 2
09-15 13:36:54.069 13751 14127 D OPENHU  : [77] Companion.decrypt | RECV: AUDIO Media Data type: 0 flags: 11 size: 8202 dataOffset: 2
09-15 13:36:54.113 13751 14127 D OPENHU  : [77] Companion.decrypt | RECV: AUDIO Media Data type: 0 flags: 11 size: 8202 dataOffset: 2
09-15 13:36:54.156 13751 14127 D OPENHU  : [77] Companion.decrypt | RECV: AUDIO Media Data type: 0 flags: 11 size: 8202 dataOffset: 2
09-15 13:36:54.197 13751 14127 D OPENHU  : [77] Companion.decrypt | RECV: AUDIO Media Data type: 0 flags: 11 size: 8202 dataOffset: 2
09-15 13:36:54.242 13751 14127 D OPENHU  : [77] Companion.decrypt | RECV: AUDIO Media Data type: 0 flags: 11 size: 8202 dataOffset: 2
09-15 13:36:54.283 13751 14127 D OPENHU  : [77] Companion.decrypt | RECV: AUDIO Media Data type: 0 flags: 11 size: 8202 dataOffset: 2
09-15 13:36:54.324 13751 14127 D OPENHU  : [77] Companion.decrypt | RECV: AUDIO Media Data type: 0 flags: 11 size: 8202 dataOffset: 2
09-15 13:36:54.368 13751 14127 D OPENHU  : [77] Companion.decrypt | RECV: AUDIO Media Data type: 0 flags: 11 size: 8202 dataOffset: 2
09-15 13:36:54.414 13751 14127 D OPENHU  : [77] Companion.decrypt | RECV: AUDIO Media Data type: 0 flags: 11 size: 8202 dataOffset: 2
09-15 13:36:54.425 13751 14162 I OPENHU  : [88] VideoDecoder.logThroughput | Throughput over 5000ms: rendered=143 (28fps), fed=143 (28fps), dropped=0, skipped=0, concealed=0, inputWait=61ms, enqueueWait=0ms, codec=c2.unisoc.avc.decoder, presented=143 (28fps), decodeLatency=9ms p95=11ms (143 frames)
09-15 13:36:54.455 13751 14127 D OPENHU  : [77] Companion.decrypt | RECV: AUDIO Media Data type: 0 flags: 11 size: 8202 dataOffset: 2
09-15 13:36:54.497 13751 14127 D OPENHU  : [77] Companion.decrypt | RECV: AUDIO Media Data type: 0 flags: 11 size: 8202 dataOffset: 2
09-15 13:36:54.542 13751 14127 D OPENHU  : [77] Companion.decrypt | RECV: AUDIO Media Data type: 0 flags: 11 size: 8202 dataOffset: 2
09-15 13:36:54.547 13751 14127 D OPENHU  : [77] Companion.decrypt | RECV: CONTROL Ping Request type: 11 flags: 11 size: 12 dataOffset: 2
09-15 13:36:54.548 13751 14127 V OPENHU  : [77] AapTransport.send | CONTROL Ping Response type: 12 flags: 11 size: 14 dataOffset: 6
09-15 13:36:54.565 13751 14127 D OPENHU  : [77] Companion.decrypt | RECV: MUSIC_PLAYBACK Media Playback Status type: 32769 flags: 11 size: 18 dataOffset: 2
09-15 13:36:54.566 13751 14127 D OPENHU  : [77] AapMediaPlayback.processStatusPacket | AapMediaPlayback: status mediaSource='VLC', playbackSeconds(u32)=157, state=PLAYING
09-15 13:36:54.581 13751 14127 D OPENHU  : [77] Companion.decrypt | RECV: AUDIO Media Data type: 0 flags: 11 size: 8202 dataOffset: 2
09-15 13:36:54.624 13751 14127 D OPENHU  : [77] Companion.decrypt | RECV: AUDIO Media Data type: 0 flags: 11 size: 8202 dataOffset: 2
09-15 13:36:54.660 13751 13751 I OPENHU  : [2] TextureProjectionView.onSurfaceTextureUpdated | TextureProjectionView: displayed 117 frames in 5070ms (23fps), longFrames=1
09-15 13:36:54.667 13751 14127 D OPENHU  : [77] Companion.decrypt | RECV: AUDIO Media Data type: 0 flags: 11 size: 8202 dataOffset: 2
09-15 13:36:54.708 13751 14127 D OPENHU  : [77] Companion.decrypt | RECV: AUDIO Media Data type: 0 flags: 11 size: 8202 dataOffset: 2
09-15 13:36:54.752 13751 14127 D OPENHU  : [77] Companion.decrypt | RECV: AUDIO Media Data type: 0 flags: 11 size: 8202 dataOffset: 2
09-15 13:36:54.795 13751 14127 D OPENHU  : [77] Companion.decrypt | RECV: AUDIO Media Data type: 0 flags: 11 size: 8202 dataOffset: 2
09-15 13:36:54.839 13751 14127 D OPENHU  : [77] Companion.decrypt | RECV: AUDIO Media Data type: 0 flags: 11 size: 8202 dataOffset: 2
09-15 13:36:54.880 13751 14127 D OPENHU  : [77] Companion.decrypt | RECV: AUDIO Media Data type: 0 flags: 11 size: 8202 dataOffset: 2
09-15 13:36:54.924 13751 14127 D OPENHU  : [77] Companion.decrypt | RECV: AUDIO Media Data type: 0 flags: 11 size: 8202 dataOffset: 2
09-15 13:36:54.966 13751 14127 D OPENHU  : [77] Companion.decrypt | RECV: AUDIO Media Data type: 0 flags: 11 size: 8202 dataOffset: 2
09-15 13:36:55.009 13751 14127 D OPENHU  : [77] Companion.decrypt | RECV: AUDIO Media Data type: 0 flags: 11 size: 8202 dataOffset: 2
09-15 13:36:55.020 13751 13751 V OPENHU  : [2] GpsLocation.onLocationChanged | GpsLocation: fix received
09-15 13:36:55.027 13751 13751 V OPENHU  : [2] AapTransport.send | SENSOR Sensor Event type: 32771 flags: 11 size: 46 dataOffset: 6
09-15 13:36:55.051 13751 14127 D OPENHU  : [77] Companion.decrypt | RECV: AUDIO Media Data type: 0 flags: 11 size: 8202 dataOffset: 2
09-15 13:36:55.094 13751 14127 D OPENHU  : [77] Companion.decrypt | RECV: AUDIO Media Data type: 0 flags: 11 size: 8202 dataOffset: 2
09-15 13:36:55.139 13751 14127 D OPENHU  : [77] Companion.decrypt | RECV: AUDIO Media Data type: 0 flags: 11 size: 8202 dataOffset: 2
09-15 13:36:55.179 13751 14127 D OPENHU  : [77] Companion.decrypt | RECV: AUDIO Media Data type: 0 flags: 11 size: 8202 dataOffset: 2
09-15 13:36:55.221 13751 14127 D OPENHU  : [77] Companion.decrypt | RECV: AUDIO Media Data type: 0 flags: 11 size: 8202 dataOffset: 2
09-15 13:36:55.264 13751 14127 D OPENHU  : [77] Companion.decrypt | RECV: AUDIO Media Data type: 0 flags: 11 size: 8202 dataOffset: 2
09-15 13:36:55.306 13751 14127 D OPENHU  : [77] Companion.decrypt | RECV: AUDIO Media Data type: 0 flags: 11 size: 8202 dataOffset: 2
09-15 13:36:55.348 13751 14127 D OPENHU  : [77] Companion.decrypt | RECV: AUDIO Media Data type: 0 flags: 11 size: 8202 dataOffset: 2
09-15 13:36:55.394 13751 14127 D OPENHU  : [77] Companion.decrypt | RECV: AUDIO Media Data type: 0 flags: 11 size: 8202 dataOffset: 2
09-15 13:36:55.436 13751 14127 D OPENHU  : [77] Companion.decrypt | RECV: AUDIO Media Data type: 0 flags: 11 size: 8202 dataOffset: 2
09-15 13:36:55.478 13751 14127 D OPENHU  : [77] Companion.decrypt | RECV: AUDIO Media Data type: 0 flags: 11 size: 8202 dataOffset: 2
09-15 13:36:55.523 13751 14127 D OPENHU  : [77] Companion.decrypt | RECV: AUDIO Media Data type: 0 flags: 11 size: 8202 dataOffset: 2
09-15 13:36:55.542 13751 14127 D OPENHU  : [77] Companion.decrypt | RECV: CONTROL Ping Request type: 11 flags: 11 size: 12 dataOffset: 2
09-15 13:36:55.543 13751 14127 V OPENHU  : [77] AapTransport.send | CONTROL Ping Response type: 12 flags: 11 size: 14 dataOffset: 6
09-15 13:36:55.564 13751 14127 D OPENHU  : [77] Companion.decrypt | RECV: AUDIO Media Data type: 0 flags: 11 size: 8202 dataOffset: 2
09-15 13:36:55.571 13751 14127 D OPENHU  : [77] Companion.decrypt | RECV: MUSIC_PLAYBACK Media Playback Status type: 32769 flags: 11 size: 18 dataOffset: 2
09-15 13:36:55.572 13751 14127 D OPENHU  : [77] AapMediaPlayback.processStatusPacket | AapMediaPlayback: status mediaSource='VLC', playbackSeconds(u32)=158, state=PLAYING
09-15 13:36:55.605 13751 14127 D OPENHU  : [77] Companion.decrypt | RECV: AUDIO Media Data type: 0 flags: 11 size: 8202 dataOffset: 2
09-15 13:36:55.651 13751 14127 D OPENHU  : [77] Companion.decrypt | RECV: AUDIO Media Data type: 0 flags: 11 size: 8202 dataOffset: 2
09-15 13:36:55.689 13751 14127 D OPENHU  : [77] Companion.decrypt | RECV: AUDIO Media Data type: 0 flags: 11 size: 8202 dataOffset: 2
09-15 13:36:55.734 13751 14127 D OPENHU  : [77] Companion.decrypt | RECV: AUDIO Media Data type: 0 flags: 11 size: 8202 dataOffset: 2
09-15 13:36:55.774 13751 14127 D OPENHU  : [77] Companion.decrypt | RECV: AUDIO Media Data type: 0 flags: 11 size: 8202 dataOffset: 2
09-15 13:36:55.817 13751 14127 D OPENHU  : [77] Companion.decrypt | RECV: AUDIO Media Data type: 0 flags: 11 size: 8202 dataOffset: 2
09-15 13:36:55.860 13751 14127 D OPENHU  : [77] Companion.decrypt | RECV: AUDIO Media Data type: 0 flags: 11 size: 8202 dataOffset: 2
09-15 13:36:55.903 13751 14127 D OPENHU  : [77] Companion.decrypt | RECV: AUDIO Media Data type: 0 flags: 11 size: 8202 dataOffset: 2
09-15 13:36:55.946 13751 14127 D OPENHU  : [77] Companion.decrypt | RECV: AUDIO Media Data type: 0 flags: 11 size: 8202 dataOffset: 2
09-15 13:36:55.989 13751 14127 D OPENHU  : [77] Companion.decrypt | RECV: AUDIO Media Data type: 0 flags: 11 size: 8202 dataOffset: 2
09-15 13:36:56.001 13751 13751 V OPENHU  : [2] GpsLocation.onLocationChanged | GpsLocation: fix received
09-15 13:36:56.007 13751 13751 V OPENHU  : [2] AapTransport.send | SENSOR Sensor Event type: 32771 flags: 11 size: 46 dataOffset: 6
09-15 13:36:56.033 13751 14127 D OPENHU  : [77] Companion.decrypt | RECV: AUDIO Media Data type: 0 flags: 11 size: 8202 dataOffset: 2
09-15 13:36:56.080 13751 14127 D OPENHU  : [77] Companion.decrypt | RECV: AUDIO Media Data type: 0 flags: 11 size: 8202 dataOffset: 2
09-15 13:36:56.121 13751 14127 D OPENHU  : [77] Companion.decrypt | RECV: AUDIO Media Data type: 0 flags: 11 size: 8202 dataOffset: 2
09-15 13:36:56.161 13751 14127 D OPENHU  : [77] Companion.decrypt | RECV: AUDIO Media Data type: 0 flags: 11 size: 8202 dataOffset: 2
09-15 13:36:56.205 13751 14127 D OPENHU  : [77] Companion.decrypt | RECV: AUDIO Media Data type: 0 flags: 11 size: 8202 dataOffset: 2
09-15 13:36:56.246 13751 14127 D OPENHU  : [77] Companion.decrypt | RECV: AUDIO Media Data type: 0 flags: 11 size: 8202 dataOffset: 2
09-15 13:36:56.286 13751 14127 D OPENHU  : [77] Companion.decrypt | RECV: AUDIO Media Data type: 0 flags: 11 size: 8202 dataOffset: 2
09-15 13:36:56.330 13751 14127 D OPENHU  : [77] Companion.decrypt | RECV: AUDIO Media Data type: 0 flags: 11 size: 8202 dataOffset: 2
09-15 13:36:56.372 13751 14127 D OPENHU  : [77] Companion.decrypt | RECV: AUDIO Media Data type: 0 flags: 11 size: 8202 dataOffset: 2
09-15 13:36:56.416 13751 14127 D OPENHU  : [77] Companion.decrypt | RECV: AUDIO Media Data type: 0 flags: 11 size: 8202 dataOffset: 2
09-15 13:36:56.458 13751 14127 D OPENHU  : [77] Companion.decrypt | RECV: AUDIO Media Data type: 0 flags: 11 size: 8202 dataOffset: 2
09-15 13:36:56.501 13751 14127 D OPENHU  : [77] Companion.decrypt | RECV: AUDIO Media Data type: 0 flags: 11 size: 8202 dataOffset: 2
09-15 13:36:56.542 13751 14127 D OPENHU  : [77] Companion.decrypt | RECV: CONTROL Ping Request type: 11 flags: 11 size: 12 dataOffset: 2
09-15 13:36:56.543 13751 14127 V OPENHU  : [77] AapTransport.send | CONTROL Ping Response type: 12 flags: 11 size: 14 dataOffset: 6
09-15 13:36:56.545 13751 14127 D OPENHU  : [77] Companion.decrypt | RECV: AUDIO Media Data type: 0 flags: 11 size: 8202 dataOffset: 2
09-15 13:36:56.573 13751 14127 D OPENHU  : [77] Companion.decrypt | RECV: MUSIC_PLAYBACK Media Playback Status type: 32769 flags: 11 size: 18 dataOffset: 2
09-15 13:36:56.574 13751 14127 D OPENHU  : [77] AapMediaPlayback.processStatusPacket | AapMediaPlayback: status mediaSource='VLC', playbackSeconds(u32)=159, state=PLAYING
09-15 13:36:56.587 13751 14127 D OPENHU  : [77] Companion.decrypt | RECV: AUDIO Media Data type: 0 flags: 11 size: 8202 dataOffset: 2
09-15 13:36:56.630 13751 14127 D OPENHU  : [77] Companion.decrypt | RECV: AUDIO Media Data type: 0 flags: 11 size: 8202 dataOffset: 2
09-15 13:36:56.671 13751 14127 D OPENHU  : [77] Companion.decrypt | RECV: AUDIO Media Data type: 0 flags: 11 size: 8202 dataOffset: 2
09-15 13:36:56.715 13751 14127 D OPENHU  : [77] Companion.decrypt | RECV: AUDIO Media Data type: 0 flags: 11 size: 8202 dataOffset: 2
09-15 13:36:56.762 13751 14127 D OPENHU  : [77] Companion.decrypt | RECV: AUDIO Media Data type: 0 flags: 11 size: 8202 dataOffset: 2
09-15 13:36:56.802 13751 14127 D OPENHU  : [77] Companion.decrypt | RECV: AUDIO Media Data type: 0 flags: 11 size: 8202 dataOffset: 2
09-15 13:36:56.843 13751 14127 D OPENHU  : [77] Companion.decrypt | RECV: AUDIO Media Data type: 0 flags: 11 size: 8202 dataOffset: 2
09-15 13:36:56.885 13751 14127 D OPENHU  : [77] Companion.decrypt | RECV: AUDIO Media Data type: 0 flags: 11 size: 8202 dataOffset: 2
09-15 13:36:56.928 13751 14127 D OPENHU  : [77] Companion.decrypt | RECV: AUDIO Media Data type: 0 flags: 11 size: 8202 dataOffset: 2
09-15 13:36:56.969 13751 14127 D OPENHU  : [77] Companion.decrypt | RECV: AUDIO Media Data type: 0 flags: 11 size: 8202 dataOffset: 2
09-15 13:36:57.013 13751 14127 D OPENHU  : [77] Companion.decrypt | RECV: AUDIO Media Data type: 0 flags: 11 size: 8202 dataOffset: 2
09-15 13:36:57.032 13751 13751 V OPENHU  : [2] GpsLocation.onLocationChanged | GpsLocation: fix received
09-15 13:36:57.050 13751 13751 V OPENHU  : [2] AapTransport.send | SENSOR Sensor Event type: 32771 flags: 11 size: 46 dataOffset: 6
09-15 13:36:57.055 13751 14127 D OPENHU  : [77] Companion.decrypt | RECV: AUDIO Media Data type: 0 flags: 11 size: 8202 dataOffset: 2
09-15 13:36:57.097 13751 14127 D OPENHU  : [77] Companion.decrypt | RECV: AUDIO Media Data type: 0 flags: 11 size: 8202 dataOffset: 2
09-15 13:36:57.140 13751 14127 D OPENHU  : [77] Companion.decrypt | RECV: AUDIO Media Data type: 0 flags: 11 size: 8202 dataOffset: 2
09-15 13:36:57.979 13751 14138 I OPENHU  : [82] AudioTrackWrapper.maybeRebank | AudioTrackWrapper: AUDIO underran, re-banking 350ms (re-bank 1)
09-15 13:36:57.997 13751 13751 V OPENHU  : [2] GpsLocation.onLocationChanged | GpsLocation: fix received
09-15 13:36:58.006 13751 13751 V OPENHU  : [2] AapTransport.send | SENSOR Sensor Event type: 32771 flags: 11 size: 46 dataOffset: 6
09-15 13:36:59.017 13751 13751 V OPENHU  : [2] GpsLocation.onLocationChanged | GpsLocation: fix received
09-15 13:36:59.022 13751 13751 V OPENHU  : [2] AapTransport.send | SENSOR Sensor Event type: 32771 flags: 11 size: 46 dataOffset: 6
09-15 13:36:59.424 13751 14162 I OPENHU  : [88] VideoDecoder.logThroughput | Throughput over 5000ms: rendered=77 (15fps), fed=77 (15fps), dropped=0, skipped=0, concealed=0, inputWait=31ms, enqueueWait=0ms, codec=c2.unisoc.avc.decoder, presented=77 (15fps), decodeLatency=9ms p95=11ms (77 frames)
09-15 13:36:59.996 13751 13751 V OPENHU  : [2] GpsLocation.onLocationChanged | GpsLocation: fix received
09-15 13:37:00.003 13751 13751 V OPENHU  : [2] AapTransport.send | SENSOR Sensor Event type: 32771 flags: 11 size: 46 dataOffset: 6
09-15 13:37:00.301 13751 14127 D OPENHU  : [77] Companion.decrypt | RECV: AUDIO Media Data type: 0 flags: 11 size: 8202 dataOffset: 2
09-15 13:37:00.308 13751 13751 I OPENHU  : [2] TextureProjectionView.onSurfaceTextureUpdated | TextureProjectionView: displayed 66 frames in 5649ms (11fps), longFrames=2
09-15 13:37:00.320 13751 14127 D OPENHU  : [77] Companion.decrypt | RECV: AUDIO Media Data type: 0 flags: 11 size: 8202 dataOffset: 2
09-15 13:37:00.336 13751 14127 D OPENHU  : [77] Companion.decrypt | RECV: CONTROL Ping Request type: 11 flags: 11 size: 12 dataOffset: 2
09-15 13:37:00.337 13751 14127 V OPENHU  : [77] AapTransport.send | CONTROL Ping Response type: 12 flags: 11 size: 14 dataOffset: 6
09-15 13:37:00.340 13751 14127 D OPENHU  : [77] Companion.decrypt | RECV: MUSIC_PLAYBACK Media Playback Status type: 32769 flags: 11 size: 18 dataOffset: 2
09-15 13:37:00.341 13751 14127 D OPENHU  : [77] AapMediaPlayback.processStatusPacket | AapMediaPlayback: status mediaSource='VLC', playbackSeconds(u32)=160, state=PLAYING
09-15 13:37:00.344 13751 14127 D OPENHU  : [77] Companion.decrypt | RECV: CONTROL Ping Request type: 11 flags: 11 size: 12 dataOffset: 2
09-15 13:37:00.344 13751 14127 V OPENHU  : [77] AapTransport.send | CONTROL Ping Response type: 12 flags: 11 size: 14 dataOffset: 6
09-15 13:37:00.348 13751 14127 D OPENHU  : [77] Companion.decrypt | RECV: MUSIC_PLAYBACK Media Playback Status type: 32769 flags: 11 size: 18 dataOffset: 2
09-15 13:37:00.349 13751 14127 D OPENHU  : [77] AapMediaPlayback.processStatusPacket | AapMediaPlayback: status mediaSource='VLC', playbackSeconds(u32)=161, state=PLAYING
09-15 13:37:00.351 13751 14127 D OPENHU  : [77] Companion.decrypt | RECV: CONTROL Ping Request type: 11 flags: 11 size: 12 dataOffset: 2
09-15 13:37:00.352 13751 14127 V OPENHU  : [77] AapTransport.send | CONTROL Ping Response type: 12 flags: 11 size: 14 dataOffset: 6
09-15 13:37:00.355 13751 14127 D OPENHU  : [77] Companion.decrypt | RECV: MUSIC_PLAYBACK Media Playback Status type: 32769 flags: 11 size: 18 dataOffset: 2
09-15 13:37:00.356 13751 14127 D OPENHU  : [77] AapMediaPlayback.processStatusPacket | AapMediaPlayback: status mediaSource='VLC', playbackSeconds(u32)=162, state=PLAYING
09-15 13:37:00.358 13751 14127 D OPENHU  : [77] Companion.decrypt | RECV: AUDIO Media Data type: 0 flags: 11 size: 8202 dataOffset: 2
09-15 13:37:00.364 13751 14127 D OPENHU  : [77] Companion.decrypt | RECV: AUDIO Media Data type: 0 flags: 11 size: 8202 dataOffset: 2
09-15 13:37:00.369 13751 14127 D OPENHU  : [77] Companion.decrypt | RECV: AUDIO Media Data type: 0 flags: 11 size: 8202 dataOffset: 2
09-15 13:37:00.373 13751 14127 D OPENHU  : [77] Companion.decrypt | RECV: AUDIO Media Data type: 0 flags: 11 size: 8202 dataOffset: 2
09-15 13:37:00.377 13751 14127 D OPENHU  : [77] Companion.decrypt | RECV: AUDIO Media Data type: 0 flags: 11 size: 8202 dataOffset: 2
09-15 13:37:00.381 13751 14127 D OPENHU  : [77] Companion.decrypt | RECV: AUDIO Media Data type: 0 flags: 11 size: 8202 dataOffset: 2
09-15 13:37:00.385 13751 14127 D OPENHU  : [77] Companion.decrypt | RECV: AUDIO Media Data type: 0 flags: 11 size: 8202 dataOffset: 2
09-15 13:37:00.391 13751 14127 D OPENHU  : [77] Companion.decrypt | RECV: AUDIO Media Data type: 0 flags: 11 size: 8202 dataOffset: 2
09-15 13:37:00.391 13751 14138 I OPENHU  : [82] AudioTrackWrapper.maybeResumeAfterRebank | AudioTrackWrapper: AUDIO resumed with 341ms banked after 84ms
09-15 13:37:00.398 13751 14127 D OPENHU  : [77] Companion.decrypt | RECV: AUDIO Media Data type: 0 flags: 11 size: 8202 dataOffset: 2
09-15 13:37:00.402 13751 14127 D OPENHU  : [77] Companion.decrypt | RECV: AUDIO Media Data type: 0 flags: 11 size: 8202 dataOffset: 2
09-15 13:37:00.405 13751 14127 D OPENHU  : [77] Companion.decrypt | RECV: AUDIO Media Data type: 0 flags: 11 size: 8202 dataOffset: 2
09-15 13:37:00.414 13751 14127 D OPENHU  : [77] Companion.decrypt | RECV: AUDIO Media Data type: 0 flags: 11 size: 8202 dataOffset: 2
09-15 13:37:00.418 13751 14127 D OPENHU  : [77] Companion.decrypt | RECV: AUDIO Media Data type: 0 flags: 11 size: 8202 dataOffset: 2
09-15 13:37:00.421 13751 14127 D OPENHU  : [77] Companion.decrypt | RECV: AUDIO Media Data type: 0 flags: 11 size: 8202 dataOffset: 2
09-15 13:37:00.426 13751 14127 D OPENHU  : [77] Companion.decrypt | RECV: AUDIO Media Data type: 0 flags: 11 size: 8202 dataOffset: 2
09-15 13:37:00.430 13751 14127 D OPENHU  : [77] Companion.decrypt | RECV: AUDIO Media Data type: 0 flags: 11 size: 8202 dataOffset: 2
09-15 13:37:00.436 13751 14127 D OPENHU  : [77] Companion.decrypt | RECV: AUDIO Media Data type: 0 flags: 11 size: 8202 dataOffset: 2
09-15 13:37:00.455 13751 14127 D OPENHU  : [77] Companion.decrypt | RECV: AUDIO Media Data type: 0 flags: 11 size: 8202 dataOffset: 2
09-15 13:37:00.462 13751 14127 D OPENHU  : [77] Companion.decrypt | RECV: AUDIO Media Data type: 0 flags: 11 size: 8202 dataOffset: 2
09-15 13:37:00.486 13751 14127 D OPENHU  : [77] Companion.decrypt | RECV: AUDIO Media Data type: 0 flags: 11 size: 8202 dataOffset: 2
09-15 13:37:00.494 13751 14127 D OPENHU  : [77] Companion.decrypt | RECV: AUDIO Media Data type: 0 flags: 11 size: 8202 dataOffset: 2
09-15 13:37:00.513 13751 14127 D OPENHU  : [77] Companion.decrypt | RECV: AUDIO Media Data type: 0 flags: 11 size: 8202 dataOffset: 2
09-15 13:37:00.546 13751 14127 D OPENHU  : [77] Companion.decrypt | RECV: CONTROL Ping Request type: 11 flags: 11 size: 12 dataOffset: 2
09-15 13:37:00.547 13751 14127 V OPENHU  : [77] AapTransport.send | CONTROL Ping Response type: 12 flags: 11 size: 14 dataOffset: 6
09-15 13:37:00.555 13751 14127 D OPENHU  : [77] Companion.decrypt | RECV: AUDIO Media Data type: 0 flags: 11 size: 8202 dataOffset: 2
09-15 13:37:00.580 13751 14127 D OPENHU  : [77] Companion.decrypt | RECV: MUSIC_PLAYBACK Media Playback Status type: 32769 flags: 11 size: 18 dataOffset: 2
09-15 13:37:00.581 13751 14127 D OPENHU  : [77] AapMediaPlayback.processStatusPacket | AapMediaPlayback: status mediaSource='VLC', playbackSeconds(u32)=163, state=PLAYING
09-15 13:37:00.597 13751 14127 D OPENHU  : [77] Companion.decrypt | RECV: AUDIO Media Data type: 0 flags: 11 size: 8202 dataOffset: 2
09-15 13:37:00.640 13751 14127 D OPENHU  : [77] Companion.decrypt | RECV: AUDIO Media Data type: 0 flags: 11 size: 8202 dataOffset: 2
09-15 13:37:00.683 13751 14127 D OPENHU  : [77] Companion.decrypt | RECV: AUDIO Media Data type: 0 flags: 11 size: 8202 dataOffset: 2
09-15 13:37:00.725 13751 14127 D OPENHU  : [77] Companion.decrypt | RECV: AUDIO Media Data type: 0 flags: 11 size: 8202 dataOffset: 2
09-15 13:37:00.768 13751 14127 D OPENHU  : [77] Companion.decrypt | RECV: AUDIO Media Data type: 0 flags: 11 size: 8202 dataOffset: 2
09-15 13:37:00.810 13751 14127 D OPENHU  : [77] Companion.decrypt | RECV: AUDIO Media Data type: 0 flags: 11 size: 8202 dataOffset: 2
09-15 13:37:00.854 13751 14127 D OPENHU  : [77] Companion.decrypt | RECV: AUDIO Media Data type: 0 flags: 11 size: 8202 dataOffset: 2
09-15 13:37:00.896 13751 14127 D OPENHU  : [77] Companion.decrypt | RECV: AUDIO Media Data type: 0 flags: 11 size: 8202 dataOffset: 2
09-15 13:37:00.938 13751 14127 D OPENHU  : [77] Companion.decrypt | RECV: AUDIO Media Data type: 0 flags: 11 size: 8202 dataOffset: 2
09-15 13:37:00.983 13751 14127 D OPENHU  : [77] Companion.decrypt | RECV: AUDIO Media Data type: 0 flags: 11 size: 8202 dataOffset: 2
09-15 13:37:01.018 13751 13751 V OPENHU  : [2] GpsLocation.onLocationChanged | GpsLocation: fix received
09-15 13:37:01.025 13751 13751 V OPENHU  : [2] AapTransport.send | SENSOR Sensor Event type: 32771 flags: 11 size: 46 dataOffset: 6
09-15 13:37:01.025 13751 14127 D OPENHU  : [77] Companion.decrypt | RECV: AUDIO Media Data type: 0 flags: 11 size: 8202 dataOffset: 2
09-15 13:37:01.067 13751 14127 D OPENHU  : [77] Companion.decrypt | RECV: AUDIO Media Data type: 0 flags: 11 size: 8202 dataOffset: 2
09-15 13:37:01.109 13751 14127 D OPENHU  : [77] Companion.decrypt | RECV: AUDIO Media Data type: 0 flags: 11 size: 8202 dataOffset: 2
09-15 13:37:01.154 13751 14127 D OPENHU  : [77] Companion.decrypt | RECV: AUDIO Media Data type: 0 flags: 11 size: 8202 dataOffset: 2
09-15 13:37:01.195 13751 14127 D OPENHU  : [77] Companion.decrypt | RECV: AUDIO Media Data type: 0 flags: 11 size: 8202 dataOffset: 2
09-15 13:37:01.237 13751 14127 D OPENHU  : [77] Companion.decrypt | RECV: AUDIO Media Data type: 0 flags: 11 size: 8202 dataOffset: 2
09-15 13:37:01.282 13751 14127 D OPENHU  : [77] Companion.decrypt | RECV: AUDIO Media Data type: 0 flags: 11 size: 8202 dataOffset: 2
09-15 13:37:01.324 13751 14127 D OPENHU  : [77] Companion.decrypt | RECV: AUDIO Media Data type: 0 flags: 11 size: 8202 dataOffset: 2
09-15 13:37:01.366 13751 14127 D OPENHU  : [77] Companion.decrypt | RECV: AUDIO Media Data type: 0 flags: 11 size: 8202 dataOffset: 2
09-15 13:37:01.408 13751 14127 D OPENHU  : [77] Companion.decrypt | RECV: AUDIO Media Data type: 0 flags: 11 size: 8202 dataOffset: 2
09-15 13:37:01.452 13751 14127 D OPENHU  : [77] Companion.decrypt | RECV: AUDIO Media Data type: 0 flags: 11 size: 8202 dataOffset: 2
09-15 13:37:01.494 13751 14127 D OPENHU  : [77] Companion.decrypt | RECV: AUDIO Media Data type: 0 flags: 11 size: 8202 dataOffset: 2
09-15 13:37:01.537 13751 14127 D OPENHU  : [77] Companion.decrypt | RECV: AUDIO Media Data type: 0 flags: 11 size: 8202 dataOffset: 2
09-15 13:37:01.548 13751 14127 D OPENHU  : [77] Companion.decrypt | RECV: CONTROL Ping Request type: 11 flags: 11 size: 12 dataOffset: 2
09-15 13:37:01.550 13751 14127 V OPENHU  : [77] AapTransport.send | CONTROL Ping Response type: 12 flags: 11 size: 14 dataOffset: 6
09-15 13:37:01.579 13751 14127 D OPENHU  : [77] Companion.decrypt | RECV: AUDIO Media Data type: 0 flags: 11 size: 8202 dataOffset: 2
09-15 13:37:01.585 13751 14127 D OPENHU  : [77] Companion.decrypt | RECV: MUSIC_PLAYBACK Media Playback Status type: 32769 flags: 11 size: 18 dataOffset: 2
09-15 13:37:01.587 13751 14127 D OPENHU  : [77] AapMediaPlayback.processStatusPacket | AapMediaPlayback: status mediaSource='VLC', playbackSeconds(u32)=164, state=PLAYING
09-15 13:37:01.621 13751 14127 D OPENHU  : [77] Companion.decrypt | RECV: AUDIO Media Data type: 0 flags: 11 size: 8202 dataOffset: 2
09-15 13:37:01.664 13751 14127 D OPENHU  : [77] Companion.decrypt | RECV: AUDIO Media Data type: 0 flags: 11 size: 8202 dataOffset: 2
09-15 13:37:01.707 13751 14127 D OPENHU  : [77] Companion.decrypt | RECV: AUDIO Media Data type: 0 flags: 11 size: 8202 dataOffset: 2
09-15 13:37:01.750 13751 14127 D OPENHU  : [77] Companion.decrypt | RECV: AUDIO Media Data type: 0 flags: 11 size: 8202 dataOffset: 2
09-15 13:37:01.792 13751 14127 D OPENHU  : [77] Companion.decrypt | RECV: AUDIO Media Data type: 0 flags: 11 size: 8202 dataOffset: 2
09-15 13:37:01.835 13751 14127 D OPENHU  : [77] Companion.decrypt | RECV: AUDIO Media Data type: 0 flags: 11 size: 8202 dataOffset: 2
09-15 13:37:01.881 13751 14127 D OPENHU  : [77] Companion.decrypt | RECV: AUDIO Media Data type: 0 flags: 11 size: 8202 dataOffset: 2
09-15 13:37:01.920 13751 14127 D OPENHU  : [77] Companion.decrypt | RECV: AUDIO Media Data type: 0 flags: 11 size: 8202 dataOffset: 2
09-15 13:37:01.965 13751 14127 D OPENHU  : [77] Companion.decrypt | RECV: AUDIO Media Data type: 0 flags: 11 size: 8202 dataOffset: 2
09-15 13:37:01.995 13751 13751 V OPENHU  : [2] GpsLocation.onLocationChanged | GpsLocation: fix received
09-15 13:37:02.005 13751 13751 V OPENHU  : [2] AapTransport.send | SENSOR Sensor Event type: 32771 flags: 11 size: 46 dataOffset: 6
09-15 13:37:02.005 13751 14127 D OPENHU  : [77] Companion.decrypt | RECV: AUDIO Media Data type: 0 flags: 11 size: 8202 dataOffset: 2
09-15 13:37:02.049 13751 14127 D OPENHU  : [77] Companion.decrypt | RECV: AUDIO Media Data type: 0 flags: 11 size: 8202 dataOffset: 2
09-15 13:37:02.088 13751 14127 D OPENHU  : [77] Companion.decrypt | RECV: AUDIO Media Data type: 0 flags: 11 size: 8202 dataOffset: 2
09-15 13:37:02.133 13751 14127 D OPENHU  : [77] Companion.decrypt | RECV: AUDIO Media Data type: 0 flags: 11 size: 8202 dataOffset: 2
09-15 13:37:02.176 13751 14127 D OPENHU  : [77] Companion.decrypt | RECV: AUDIO Media Data type: 0 flags: 11 size: 8202 dataOffset: 2
09-15 13:37:02.220 13751 14127 D OPENHU  : [77] Companion.decrypt | RECV: AUDIO Media Data type: 0 flags: 11 size: 8202 dataOffset: 2
09-15 13:37:02.261 13751 14127 D OPENHU  : [77] Companion.decrypt | RECV: AUDIO Media Data type: 0 flags: 11 size: 8202 dataOffset: 2
09-15 13:37:02.303 13751 14127 D OPENHU  : [77] Companion.decrypt | RECV: AUDIO Media Data type: 0 flags: 11 size: 8202 dataOffset: 2
09-15 13:37:02.347 13751 14127 D OPENHU  : [77] Companion.decrypt | RECV: AUDIO Media Data type: 0 flags: 11 size: 8202 dataOffset: 2
09-15 13:37:02.388 13751 14127 D OPENHU  : [77] Companion.decrypt | RECV: AUDIO Media Data type: 0 flags: 11 size: 8202 dataOffset: 2
09-15 13:37:02.433 13751 14127 D OPENHU  : [77] Companion.decrypt | RECV: AUDIO Media Data type: 0 flags: 11 size: 8202 dataOffset: 2
09-15 13:37:02.477 13751 14127 D OPENHU  : [77] Companion.decrypt | RECV: AUDIO Media Data type: 0 flags: 11 size: 8202 dataOffset: 2
09-15 13:37:02.519 13751 14127 D OPENHU  : [77] Companion.decrypt | RECV: AUDIO Media Data type: 0 flags: 11 size: 8202 dataOffset: 2
09-15 13:37:02.549 13751 14127 D OPENHU  : [77] Companion.decrypt | RECV: CONTROL Ping Request type: 11 flags: 11 size: 12 dataOffset: 2
09-15 13:37:02.551 13751 14127 V OPENHU  : [77] AapTransport.send | CONTROL Ping Response type: 12 flags: 11 size: 14 dataOffset: 6
09-15 13:37:02.563 13751 14127 D OPENHU  : [77] Companion.decrypt | RECV: AUDIO Media Data type: 0 flags: 11 size: 8202 dataOffset: 2
09-15 13:37:02.586 13751 14127 D OPENHU  : [77] Companion.decrypt | RECV: MUSIC_PLAYBACK Media Playback Status type: 32769 flags: 11 size: 18 dataOffset: 2
09-15 13:37:02.588 13751 14127 D OPENHU  : [77] AapMediaPlayback.processStatusPacket | AapMediaPlayback: status mediaSource='VLC', playbackSeconds(u32)=165, state=PLAYING
09-15 13:37:02.604 13751 14127 D OPENHU  : [77] Companion.decrypt | RECV: AUDIO Media Data type: 0 flags: 11 size: 8202 dataOffset: 2
09-15 13:37:02.647 13751 14127 D OPENHU  : [77] Companion.decrypt | RECV: AUDIO Media Data type: 0 flags: 11 size: 8202 dataOffset: 2
09-15 13:37:02.690 13751 14127 D OPENHU  : [77] Companion.decrypt | RECV: AUDIO Media Data type: 0 flags: 11 size: 8202 dataOffset: 2
09-15 13:37:02.730 13751 14127 D OPENHU  : [77] Companion.decrypt | RECV: AUDIO Media Data type: 0 flags: 11 size: 8202 dataOffset: 2
09-15 13:37:02.774 13751 14127 D OPENHU  : [77] Companion.decrypt | RECV: AUDIO Media Data type: 0 flags: 11 size: 8202 dataOffset: 2
09-15 13:37:02.816 13751 14127 D OPENHU  : [77] Companion.decrypt | RECV: AUDIO Media Data type: 0 flags: 11 size: 8202 dataOffset: 2
09-15 13:37:02.858 13751 14127 D OPENHU  : [77] Companion.decrypt | RECV: AUDIO Media Data type: 0 flags: 11 size: 8202 dataOffset: 2
09-15 13:37:02.900 13751 14127 D OPENHU  : [77] Companion.decrypt | RECV: AUDIO Media Data type: 0 flags: 11 size: 8202 dataOffset: 2
09-15 13:37:02.945 13751 14127 D OPENHU  : [77] Companion.decrypt | RECV: AUDIO Media Data type: 0 flags: 11 size: 8202 dataOffset: 2
09-15 13:37:02.988 13751 14127 D OPENHU  : [77] Companion.decrypt | RECV: AUDIO Media Data type: 0 flags: 11 size: 8202 dataOffset: 2
09-15 13:37:03.019 13751 13751 V OPENHU  : [2] GpsLocation.onLocationChanged | GpsLocation: fix received
09-15 13:37:03.025 13751 13751 V OPENHU  : [2] AapTransport.send | SENSOR Sensor Event type: 32771 flags: 11 size: 46 dataOffset: 6
09-15 13:37:03.031 13751 14127 D OPENHU  : [77] Companion.decrypt | RECV: AUDIO Media Data type: 0 flags: 11 size: 8202 dataOffset: 2
09-15 13:37:03.074 13751 14127 D OPENHU  : [77] Companion.decrypt | RECV: AUDIO Media Data type: 0 flags: 11 size: 8202 dataOffset: 2
09-15 13:37:03.117 13751 14127 D OPENHU  : [77] Companion.decrypt | RECV: AUDIO Media Data type: 0 flags: 11 size: 8202 dataOffset: 2
09-15 13:37:03.160 13751 14127 D OPENHU  : [77] Companion.decrypt | RECV: AUDIO Media Data type: 0 flags: 11 size: 8202 dataOffset: 2
09-15 13:37:03.206 13751 14127 D OPENHU  : [77] Companion.decrypt | RECV: AUDIO Media Data type: 0 flags: 11 size: 8202 dataOffset: 2
09-15 13:37:03.242 13751 14127 D OPENHU  : [77] Companion.decrypt | RECV: AUDIO Media Data type: 0 flags: 11 size: 8202 dataOffset: 2
09-15 13:37:03.285 13751 14127 D OPENHU  : [77] Companion.decrypt | RECV: AUDIO Media Data type: 0 flags: 11 size: 8202 dataOffset: 2
09-15 13:37:03.328 13751 14127 D OPENHU  : [77] Companion.decrypt | RECV: AUDIO Media Data type: 0 flags: 11 size: 8202 dataOffset: 2
09-15 13:37:03.373 13751 14127 D OPENHU  : [77] Companion.decrypt | RECV: AUDIO Media Data type: 0 flags: 11 size: 8202 dataOffset: 2
09-15 13:37:03.413 13751 14127 D OPENHU  : [77] Companion.decrypt | RECV: AUDIO Media Data type: 0 flags: 11 size: 8202 dataOffset: 2
09-15 13:37:03.456 13751 14127 D OPENHU  : [77] Companion.decrypt | RECV: AUDIO Media Data type: 0 flags: 11 size: 8202 dataOffset: 2
09-15 13:37:03.497 13751 14127 D OPENHU  : [77] Companion.decrypt | RECV: AUDIO Media Data type: 0 flags: 11 size: 8202 dataOffset: 2
09-15 13:37:03.541 13751 14127 D OPENHU  : [77] Companion.decrypt | RECV: AUDIO Media Data type: 0 flags: 11 size: 8202 dataOffset: 2
09-15 13:37:03.552 13751 14127 D OPENHU  : [77] Companion.decrypt | RECV: CONTROL Ping Request type: 11 flags: 11 size: 12 dataOffset: 2
09-15 13:37:03.554 13751 14127 V OPENHU  : [77] AapTransport.send | CONTROL Ping Response type: 12 flags: 11 size: 14 dataOffset: 6
09-15 13:37:03.584 13751 14127 D OPENHU  : [77] Companion.decrypt | RECV: AUDIO Media Data type: 0 flags: 11 size: 8202 dataOffset: 2
09-15 13:37:03.588 13751 14127 D OPENHU  : [77] Companion.decrypt | RECV: MUSIC_PLAYBACK Media Playback Status type: 32769 flags: 11 size: 18 dataOffset: 2
09-15 13:37:03.589 13751 14127 D OPENHU  : [77] AapMediaPlayback.processStatusPacket | AapMediaPlayback: status mediaSource='VLC', playbackSeconds(u32)=166, state=PLAYING
09-15 13:37:03.625 13751 14127 D OPENHU  : [77] Companion.decrypt | RECV: AUDIO Media Data type: 0 flags: 11 size: 8202 dataOffset: 2
09-15 13:37:03.668 13751 14127 D OPENHU  : [77] Companion.decrypt | RECV: AUDIO Media Data type: 0 flags: 11 size: 8202 dataOffset: 2
09-15 13:37:03.712 13751 14127 D OPENHU  : [77] Companion.decrypt | RECV: AUDIO Media Data type: 0 flags: 11 size: 8202 dataOffset: 2
09-15 13:37:03.754 13751 14127 D OPENHU  : [77] Companion.decrypt | RECV: AUDIO Media Data type: 0 flags: 11 size: 8202 dataOffset: 2
09-15 13:37:03.800 13751 14127 D OPENHU  : [77] Companion.decrypt | RECV: AUDIO Media Data type: 0 flags: 11 size: 8202 dataOffset: 2
09-15 13:37:03.843 13751 14127 D OPENHU  : [77] Companion.decrypt | RECV: AUDIO Media Data type: 0 flags: 11 size: 8202 dataOffset: 2
09-15 13:37:03.883 13751 14127 D OPENHU  : [77] Companion.decrypt | RECV: AUDIO Media Data type: 0 flags: 11 size: 8202 dataOffset: 2
09-15 13:37:03.926 13751 14127 D OPENHU  : [77] Companion.decrypt | RECV: AUDIO Media Data type: 0 flags: 11 size: 8202 dataOffset: 2
09-15 13:37:03.969 13751 14127 D OPENHU  : [77] Companion.decrypt | RECV: AUDIO Media Data type: 0 flags: 11 size: 8202 dataOffset: 2
09-15 13:37:04.000 13751 13751 V OPENHU  : [2] GpsLocation.onLocationChanged | GpsLocation: fix received
09-15 13:37:04.012 13751 14127 D OPENHU  : [77] Companion.decrypt | RECV: AUDIO Media Data type: 0 flags: 11 size: 8202 dataOffset: 2
09-15 13:37:04.013 13751 13751 V OPENHU  : [2] AapTransport.send | SENSOR Sensor Event type: 32771 flags: 11 size: 46 dataOffset: 6
09-15 13:37:04.053 13751 14127 D OPENHU  : [77] Companion.decrypt | RECV: AUDIO Media Data type: 0 flags: 11 size: 8202 dataOffset: 2
09-15 13:37:04.096 13751 14127 D OPENHU  : [77] Companion.decrypt | RECV: AUDIO Media Data type: 0 flags: 11 size: 8202 dataOffset: 2
09-15 13:37:04.137 13751 14127 D OPENHU  : [77] Companion.decrypt | RECV: AUDIO Media Data type: 0 flags: 11 size: 8202 dataOffset: 2
09-15 13:37:04.181 13751 14127 D OPENHU  : [77] Companion.decrypt | RECV: AUDIO Media Data type: 0 flags: 11 size: 8202 dataOffset: 2
09-15 13:37:04.223 13751 14127 D OPENHU  : [77] Companion.decrypt | RECV: AUDIO Media Data type: 0 flags: 11 size: 8202 dataOffset: 2
09-15 13:37:04.265 13751 14127 D OPENHU  : [77] Companion.decrypt | RECV: AUDIO Media Data type: 0 flags: 11 size: 8202 dataOffset: 2
09-15 13:37:04.309 13751 14127 D OPENHU  : [77] Companion.decrypt | RECV: AUDIO Media Data type: 0 flags: 11 size: 8202 dataOffset: 2
09-15 13:37:04.354 13751 14127 D OPENHU  : [77] Companion.decrypt | RECV: AUDIO Media Data type: 0 flags: 11 size: 8202 dataOffset: 2
09-15 13:37:04.395 13751 14127 D OPENHU  : [77] Companion.decrypt | RECV: AUDIO Media Data type: 0 flags: 11 size: 8202 dataOffset: 2
09-15 13:37:04.427 13751 14162 I OPENHU  : [88] VideoDecoder.logThroughput | Throughput over 5001ms: rendered=116 (23fps), fed=116 (23fps), dropped=0, skipped=0, concealed=0, inputWait=48ms, enqueueWait=0ms, codec=c2.unisoc.avc.decoder, presented=116 (23fps), decodeLatency=9ms p95=15ms (116 frames)
09-15 13:37:04.438 13751 14127 D OPENHU  : [77] Companion.decrypt | RECV: AUDIO Media Data type: 0 flags: 11 size: 8202 dataOffset: 2
09-15 13:37:04.479 13751 14127 D OPENHU  : [77] Companion.decrypt | RECV: AUDIO Media Data type: 0 flags: 11 size: 8202 dataOffset: 2
09-15 13:37:04.524 13751 14127 D OPENHU  : [77] Companion.decrypt | RECV: AUDIO Media Data type: 0 flags: 11 size: 8202 dataOffset: 2
09-15 13:37:04.549 13751 14127 D OPENHU  : [77] Companion.decrypt | RECV: CONTROL Ping Request type: 11 flags: 11 size: 12 dataOffset: 2
09-15 13:37:04.550 13751 14127 V OPENHU  : [77] AapTransport.send | CONTROL Ping Response type: 12 flags: 11 size: 14 dataOffset: 6
09-15 13:37:04.566 13751 14127 D OPENHU  : [77] Companion.decrypt | RECV: AUDIO Media Data type: 0 flags: 11 size: 8202 dataOffset: 2
09-15 13:37:04.590 13751 14127 D OPENHU  : [77] Companion.decrypt | RECV: MUSIC_PLAYBACK Media Playback Status type: 32769 flags: 11 size: 18 dataOffset: 2
09-15 13:37:04.591 13751 14127 D OPENHU  : [77] AapMediaPlayback.processStatusPacket | AapMediaPlayback: status mediaSource='VLC', playbackSeconds(u32)=167, state=PLAYING
09-15 13:37:04.607 13751 14127 D OPENHU  : [77] Companion.decrypt | RECV: AUDIO Media Data type: 0 flags: 11 size: 8202 dataOffset: 2
09-15 13:37:04.650 13751 14127 D OPENHU  : [77] Companion.decrypt | RECV: AUDIO Media Data type: 0 flags: 11 size: 8202 dataOffset: 2
09-15 13:37:04.693 13751 14127 D OPENHU  : [77] Companion.decrypt | RECV: AUDIO Media Data type: 0 flags: 11 size: 8202 dataOffset: 2
09-15 13:37:04.735 13751 14127 D OPENHU  : [77] Companion.decrypt | RECV: AUDIO Media Data type: 0 flags: 11 size: 8202 dataOffset: 2
09-15 13:37:04.779 13751 14127 D OPENHU  : [77] Companion.decrypt | RECV: AUDIO Media Data type: 0 flags: 11 size: 8202 dataOffset: 2
09-15 13:37:04.821 13751 14127 D OPENHU  : [77] Companion.decrypt | RECV: AUDIO Media Data type: 0 flags: 11 size: 8202 dataOffset: 2
09-15 13:37:04.863 13751 14127 D OPENHU  : [77] Companion.decrypt | RECV: AUDIO Media Data type: 0 flags: 11 size: 8202 dataOffset: 2
09-15 13:37:04.906 13751 14127 D OPENHU  : [77] Companion.decrypt | RECV: AUDIO Media Data type: 0 flags: 11 size: 8202 dataOffset: 2
09-15 13:37:04.951 13751 14127 D OPENHU  : [77] Companion.decrypt | RECV: AUDIO Media Data type: 0 flags: 11 size: 8202 dataOffset: 2
09-15 13:37:04.992 13751 14127 D OPENHU  : [77] Companion.decrypt | RECV: AUDIO Media Data type: 0 flags: 11 size: 8202 dataOffset: 2
09-15 13:37:05.016 13751 13751 V OPENHU  : [2] GpsLocation.onLocationChanged | GpsLocation: fix received
09-15 13:37:05.025 13751 13751 V OPENHU  : [2] AapTransport.send | SENSOR Sensor Event type: 32771 flags: 11 size: 46 dataOffset: 6
09-15 13:37:05.035 13751 14127 D OPENHU  : [77] Companion.decrypt | RECV: AUDIO Media Data type: 0 flags: 11 size: 8202 dataOffset: 2
09-15 13:37:05.081 13751 14127 D OPENHU  : [77] Companion.decrypt | RECV: AUDIO Media Data type: 0 flags: 11 size: 8202 dataOffset: 2
09-15 13:37:05.121 13751 14127 D OPENHU  : [77] Companion.decrypt | RECV: AUDIO Media Data type: 0 flags: 11 size: 8202 dataOffset: 2
09-15 13:37:05.165 13751 14127 D OPENHU  : [77] Companion.decrypt | RECV: AUDIO Media Data type: 0 flags: 11 size: 8202 dataOffset: 2
09-15 13:37:05.206 13751 14127 D OPENHU  : [77] Companion.decrypt | RECV: AUDIO Media Data type: 0 flags: 11 size: 8202 dataOffset: 2
09-15 13:37:05.247 13751 14127 D OPENHU  : [77] Companion.decrypt | RECV: AUDIO Media Data type: 0 flags: 11 size: 8202 dataOffset: 2
09-15 13:37:05.291 13751 14127 D OPENHU  : [77] Companion.decrypt | RECV: AUDIO Media Data type: 0 flags: 11 size: 8202 dataOffset: 2
09-15 13:37:05.326 13751 13751 I OPENHU  : [2] TextureProjectionView.onSurfaceTextureUpdated | TextureProjectionView: displayed 132 frames in 5018ms (26fps), longFrames=2
09-15 13:37:05.333 13751 14127 D OPENHU  : [77] Companion.decrypt | RECV: AUDIO Media Data type: 0 flags: 11 size: 8202 dataOffset: 2
09-15 13:37:05.375 13751 14127 D OPENHU  : [77] Companion.decrypt | RECV: AUDIO Media Data type: 0 flags: 11 size: 8202 dataOffset: 2
09-15 13:37:05.418 13751 14127 D OPENHU  : [77] Companion.decrypt | RECV: AUDIO Media Data type: 0 flags: 11 size: 8202 dataOffset: 2
09-15 13:37:05.463 13751 14127 D OPENHU  : [77] Companion.decrypt | RECV: AUDIO Media Data type: 0 flags: 11 size: 8202 dataOffset: 2
09-15 13:37:05.505 13751 14127 D OPENHU  : [77] Companion.decrypt | RECV: AUDIO Media Data type: 0 flags: 11 size: 8202 dataOffset: 2
09-15 13:37:05.548 13751 14127 D OPENHU  : [77] Companion.decrypt | RECV: AUDIO Media Data type: 0 flags: 11 size: 8202 dataOffset: 2
09-15 13:37:05.555 13751 14127 D OPENHU  : [77] Companion.decrypt | RECV: CONTROL Ping Request type: 11 flags: 11 size: 12 dataOffset: 2
09-15 13:37:05.557 13751 14127 V OPENHU  : [77] AapTransport.send | CONTROL Ping Response type: 12 flags: 11 size: 14 dataOffset: 6
09-15 13:37:05.589 13751 14127 D OPENHU  : [77] Companion.decrypt | RECV: AUDIO Media Data type: 0 flags: 11 size: 8202 dataOffset: 2
09-15 13:37:05.594 13751 14127 D OPENHU  : [77] Companion.decrypt | RECV: MUSIC_PLAYBACK Media Playback Status type: 32769 flags: 11 size: 18 dataOffset: 2
09-15 13:37:05.595 13751 14127 D OPENHU  : [77] AapMediaPlayback.processStatusPacket | AapMediaPlayback: status mediaSource='VLC', playbackSeconds(u32)=168, state=PLAYING
09-15 13:37:05.632 13751 14127 D OPENHU  : [77] Companion.decrypt | RECV: AUDIO Media Data type: 0 flags: 11 size: 8202 dataOffset: 2
09-15 13:37:05.674 13751 14127 D OPENHU  : [77] Companion.decrypt | RECV: AUDIO Media Data type: 0 flags: 11 size: 8202 dataOffset: 2
09-15 13:37:05.718 13751 14127 D OPENHU  : [77] Companion.decrypt | RECV: AUDIO Media Data type: 0 flags: 11 size: 8202 dataOffset: 2
09-15 13:37:05.760 13751 14127 D OPENHU  : [77] Companion.decrypt | RECV: AUDIO Media Data type: 0 flags: 11 size: 8202 dataOffset: 2
09-15 13:37:05.804 13751 14127 D OPENHU  : [77] Companion.decrypt | RECV: AUDIO Media Data type: 0 flags: 11 size: 8202 dataOffset: 2
09-15 13:37:05.845 13751 14127 D OPENHU  : [77] Companion.decrypt | RECV: AUDIO Media Data type: 0 flags: 11 size: 8202 dataOffset: 2
09-15 13:37:05.888 13751 14127 D OPENHU  : [77] Companion.decrypt | RECV: AUDIO Media Data type: 0 flags: 11 size: 8202 dataOffset: 2
09-15 13:37:05.932 13751 14127 D OPENHU  : [77] Companion.decrypt | RECV: AUDIO Media Data type: 0 flags: 11 size: 8202 dataOffset: 2
09-15 13:37:05.974 13751 14127 D OPENHU  : [77] Companion.decrypt | RECV: AUDIO Media Data type: 0 flags: 11 size: 8202 dataOffset: 2
09-15 13:37:05.994 13751 13751 V OPENHU  : [2] GpsLocation.onLocationChanged | GpsLocation: fix received
09-15 13:37:06.003 13751 13751 V OPENHU  : [2] AapTransport.send | SENSOR Sensor Event type: 32771 flags: 11 size: 46 dataOffset: 6
09-15 13:37:06.017 13751 14127 D OPENHU  : [77] Companion.decrypt | RECV: AUDIO Media Data type: 0 flags: 11 size: 8202 dataOffset: 2
09-15 13:37:06.063 13751 14127 D OPENHU  : [77] Companion.decrypt | RECV: AUDIO Media Data type: 0 flags: 11 size: 8202 dataOffset: 2
09-15 13:37:06.103 13751 14127 D OPENHU  : [77] Companion.decrypt | RECV: AUDIO Media Data type: 0 flags: 11 size: 8202 dataOffset: 2
09-15 13:37:06.145 13751 14127 D OPENHU  : [77] Companion.decrypt | RECV: AUDIO Media Data type: 0 flags: 11 size: 8202 dataOffset: 2
09-15 13:37:06.188 13751 14127 D OPENHU  : [77] Companion.decrypt | RECV: AUDIO Media Data type: 0 flags: 11 size: 8202 dataOffset: 2
09-15 13:37:06.229 13751 14127 D OPENHU  : [77] Companion.decrypt | RECV: AUDIO Media Data type: 0 flags: 11 size: 8202 dataOffset: 2
09-15 13:37:06.271 13751 14127 D OPENHU  : [77] Companion.decrypt | RECV: AUDIO Media Data type: 0 flags: 11 size: 8202 dataOffset: 2
09-15 13:37:06.315 13751 14127 D OPENHU  : [77] Companion.decrypt | RECV: AUDIO Media Data type: 0 flags: 11 size: 8202 dataOffset: 2
09-15 13:37:06.357 13751 14127 D OPENHU  : [77] Companion.decrypt | RECV: AUDIO Media Data type: 0 flags: 11 size: 8202 dataOffset: 2
09-15 13:37:06.403 13751 14127 D OPENHU  : [77] Companion.decrypt | RECV: AUDIO Media Data type: 0 flags: 11 size: 8202 dataOffset: 2
09-15 13:37:06.442 13751 14127 D OPENHU  : [77] Companion.decrypt | RECV: AUDIO Media Data type: 0 flags: 11 size: 8202 dataOffset: 2
09-15 13:37:06.484 13751 14127 D OPENHU  : [77] Companion.decrypt | RECV: AUDIO Media Data type: 0 flags: 11 size: 8202 dataOffset: 2
09-15 13:37:06.528 13751 14127 D OPENHU  : [77] Companion.decrypt | RECV: AUDIO Media Data type: 0 flags: 11 size: 8202 dataOffset: 2
09-15 13:37:06.553 13751 14127 D OPENHU  : [77] Companion.decrypt | RECV: CONTROL Ping Request type: 11 flags: 11 size: 12 dataOffset: 2
09-15 13:37:06.554 13751 14127 V OPENHU  : [77] AapTransport.send | CONTROL Ping Response type: 12 flags: 11 size: 14 dataOffset: 6
09-15 13:37:06.571 13751 14127 D OPENHU  : [77] Companion.decrypt | RECV: AUDIO Media Data type: 0 flags: 11 size: 8202 dataOffset: 2
09-15 13:37:06.598 13751 14127 D OPENHU  : [77] Companion.decrypt | RECV: MUSIC_PLAYBACK Media Playback Status type: 32769 flags: 11 size: 18 dataOffset: 2
09-15 13:37:06.599 13751 14127 D OPENHU  : [77] AapMediaPlayback.processStatusPacket | AapMediaPlayback: status mediaSource='VLC', playbackSeconds(u32)=169, state=PLAYING
09-15 13:37:06.614 13751 14127 D OPENHU  : [77] Companion.decrypt | RECV: AUDIO Media Data type: 0 flags: 11 size: 8202 dataOffset: 2
09-15 13:37:06.657 13751 14127 D OPENHU  : [77] Companion.decrypt | RECV: AUDIO Media Data type: 0 flags: 11 size: 8202 dataOffset: 2
09-15 13:37:06.701 13751 14127 D OPENHU  : [77] Companion.decrypt | RECV: AUDIO Media Data type: 0 flags: 11 size: 8202 dataOffset: 2
09-15 13:37:06.740 13751 14127 D OPENHU  : [77] Companion.decrypt | RECV: AUDIO Media Data type: 0 flags: 11 size: 8202 dataOffset: 2
09-15 13:37:06.785 13751 14127 D OPENHU  : [77] Companion.decrypt | RECV: AUDIO Media Data type: 0 flags: 11 size: 8202 dataOffset: 2
09-15 13:37:06.827 13751 14127 D OPENHU  : [77] Companion.decrypt | RECV: AUDIO Media Data type: 0 flags: 11 size: 8202 dataOffset: 2
09-15 13:37:06.868 13751 14127 D OPENHU  : [77] Companion.decrypt | RECV: AUDIO Media Data type: 0 flags: 11 size: 8202 dataOffset: 2
09-15 13:37:06.911 13751 14127 D OPENHU  : [77] Companion.decrypt | RECV: AUDIO Media Data type: 0 flags: 11 size: 8202 dataOffset: 2
09-15 13:37:06.955 13751 14127 D OPENHU  : [77] Companion.decrypt | RECV: AUDIO Media Data type: 0 flags: 11 size: 8202 dataOffset: 2
09-15 13:37:07.000 13751 14127 D OPENHU  : [77] Companion.decrypt | RECV: AUDIO Media Data type: 0 flags: 11 size: 8202 dataOffset: 2
09-15 13:37:07.018 13751 13751 V OPENHU  : [2] GpsLocation.onLocationChanged | GpsLocation: fix received
09-15 13:37:07.024 13751 13751 V OPENHU  : [2] AapTransport.send | SENSOR Sensor Event type: 32771 flags: 11 size: 46 dataOffset: 6
09-15 13:37:07.039 13751 14127 D OPENHU  : [77] Companion.decrypt | RECV: AUDIO Media Data type: 0 flags: 11 size: 8202 dataOffset: 2
09-15 13:37:07.086 13751 14127 D OPENHU  : [77] Companion.decrypt | RECV: AUDIO Media Data type: 0 flags: 11 size: 8202 dataOffset: 2
09-15 13:37:07.126 13751 14127 D OPENHU  : [77] Companion.decrypt | RECV: AUDIO Media Data type: 0 flags: 11 size: 8202 dataOffset: 2
09-15 13:37:07.167 13751 14127 D OPENHU  : [77] Companion.decrypt | RECV: AUDIO Media Data type: 0 flags: 11 size: 8202 dataOffset: 2
09-15 13:37:07.210 13751 14127 D OPENHU  : [77] Companion.decrypt | RECV: AUDIO Media Data type: 0 flags: 11 size: 8202 dataOffset: 2
09-15 13:37:07.253 13751 14127 D OPENHU  : [77] Companion.decrypt | RECV: AUDIO Media Data type: 0 flags: 11 size: 8202 dataOffset: 2
09-15 13:37:07.296 13751 14127 D OPENHU  : [77] Companion.decrypt | RECV: AUDIO Media Data type: 0 flags: 11 size: 8202 dataOffset: 2
09-15 13:37:07.339 13751 14127 D OPENHU  : [77] Companion.decrypt | RECV: AUDIO Media Data type: 0 flags: 11 size: 8202 dataOffset: 2
09-15 13:37:07.380 13751 14127 D OPENHU  : [77] Companion.decrypt | RECV: AUDIO Media Data type: 0 flags: 11 size: 8202 dataOffset: 2
09-15 13:37:07.424 13751 14127 D OPENHU  : [77] Companion.decrypt | RECV: AUDIO Media Data type: 0 flags: 11 size: 8202 dataOffset: 2
09-15 13:37:07.473 13751 14127 D OPENHU  : [77] Companion.decrypt | RECV: AUDIO Media Data type: 0 flags: 11 size: 8202 dataOffset: 2
09-15 13:37:07.508 13751 14127 D OPENHU  : [77] Companion.decrypt | RECV: AUDIO Media Data type: 0 flags: 11 size: 8202 dataOffset: 2
09-15 13:37:07.552 13751 14127 D OPENHU  : [77] Companion.decrypt | RECV: AUDIO Media Data type: 0 flags: 11 size: 8202 dataOffset: 2
09-15 13:37:07.557 13751 14127 D OPENHU  : [77] Companion.decrypt | RECV: CONTROL Ping Request type: 11 flags: 11 size: 12 dataOffset: 2
09-15 13:37:07.558 13751 14127 V OPENHU  : [77] AapTransport.send | CONTROL Ping Response type: 12 flags: 11 size: 14 dataOffset: 6
09-15 13:37:07.598 13751 14127 D OPENHU  : [77] Companion.decrypt | RECV: AUDIO Media Data type: 0 flags: 11 size: 8202 dataOffset: 2
09-15 13:37:07.602 13751 14127 D OPENHU  : [77] Companion.decrypt | RECV: MUSIC_PLAYBACK Media Playback Status type: 32769 flags: 11 size: 18 dataOffset: 2
09-15 13:37:07.603 13751 14127 D OPENHU  : [77] AapMediaPlayback.processStatusPacket | AapMediaPlayback: status mediaSource='VLC', playbackSeconds(u32)=170, state=PLAYING
09-15 13:37:07.642 13751 14127 D OPENHU  : [77] Companion.decrypt | RECV: AUDIO Media Data type: 0 flags: 11 size: 8202 dataOffset: 2
09-15 13:37:07.681 13751 14127 D OPENHU  : [77] Companion.decrypt | RECV: AUDIO Media Data type: 0 flags: 11 size: 8202 dataOffset: 2
09-15 13:37:07.723 13751 14127 D OPENHU  : [77] Companion.decrypt | RECV: AUDIO Media Data type: 0 flags: 11 size: 8202 dataOffset: 2
09-15 13:37:07.766 13751 14127 D OPENHU  : [77] Companion.decrypt | RECV: AUDIO Media Data type: 0 flags: 11 size: 8202 dataOffset: 2
09-15 13:37:07.808 13751 14127 D OPENHU  : [77] Companion.decrypt | RECV: AUDIO Media Data type: 0 flags: 11 size: 8202 dataOffset: 2
09-15 13:37:07.850 13751 14127 D OPENHU  : [77] Companion.decrypt | RECV: AUDIO Media Data type: 0 flags: 11 size: 8202 dataOffset: 2
09-15 13:37:07.894 13751 14127 D OPENHU  : [77] Companion.decrypt | RECV: AUDIO Media Data type: 0 flags: 11 size: 8202 dataOffset: 2
09-15 13:37:07.936 13751 14127 D OPENHU  : [77] Companion.decrypt | RECV: AUDIO Media Data type: 0 flags: 11 size: 8202 dataOffset: 2
09-15 13:37:07.980 13751 14127 D OPENHU  : [77] Companion.decrypt | RECV: AUDIO Media Data type: 0 flags: 11 size: 8202 dataOffset: 2
09-15 13:37:07.996 13751 13751 V OPENHU  : [2] GpsLocation.onLocationChanged | GpsLocation: fix received
09-15 13:37:08.004 13751 13751 V OPENHU  : [2] AapTransport.send | SENSOR Sensor Event type: 32771 flags: 11 size: 46 dataOffset: 6
09-15 13:37:08.023 13751 14127 D OPENHU  : [77] Companion.decrypt | RECV: AUDIO Media Data type: 0 flags: 11 size: 8202 dataOffset: 2
09-15 13:37:08.066 13751 14127 D OPENHU  : [77] Companion.decrypt | RECV: AUDIO Media Data type: 0 flags: 11 size: 8202 dataOffset: 2
09-15 13:37:08.109 13751 14127 D OPENHU  : [77] Companion.decrypt | RECV: AUDIO Media Data type: 0 flags: 11 size: 8202 dataOffset: 2
09-15 13:37:08.151 13751 14127 D OPENHU  : [77] Companion.decrypt | RECV: AUDIO Media Data type: 0 flags: 11 size: 8202 dataOffset: 2
09-15 13:37:08.196 13751 14127 D OPENHU  : [77] Companion.decrypt | RECV: AUDIO Media Data type: 0 flags: 11 size: 8202 dataOffset: 2
09-15 13:37:08.206 13751 14127 I OPENHU  : [77] AapTransport.noteMessageReceived$com_andrerinas_headunitrevived_3_4_0_beta3_githubDebug | AapTransport: inbound link quiet 1 time in 30007ms: dead=3140ms (10%), longest=3140ms
09-15 13:37:08.207 13751 14127 I OPENHU  : [77] AapTransport.noteMessageReceived$com_andrerinas_headunitrevived_3_4_0_beta3_githubDebug | AapTransport: inbound rate over 30007ms: video=35kB/s (792 msgs), audio=172kB/s (648 msgs), other=0kB/s (60 msgs)
09-15 13:37:08.235 13751 14127 D OPENHU  : [77] Companion.decrypt | RECV: AUDIO Media Data type: 0 flags: 11 size: 8202 dataOffset: 2
09-15 13:37:08.279 13751 14127 D OPENHU  : [77] Companion.decrypt | RECV: AUDIO Media Data type: 0 flags: 11 size: 8202 dataOffset: 2
09-15 13:37:08.280 13751 14127 I OPENHU  : [77] AapMessageHandlerType.handle | AapTransport: transport dispatch over 30037ms: video=865ms, audio=800ms, other=77ms, unread=5%, blocks=0, longest=5ms on AUDIO, videoQueue=2
09-15 13:37:08.322 13751 14127 D OPENHU  : [77] Companion.decrypt | RECV: AUDIO Media Data type: 0 flags: 11 size: 8202 dataOffset: 2
09-15 13:37:08.363 13751 14127 D OPENHU  : [77] Companion.decrypt | RECV: AUDIO Media Data type: 0 flags: 11 size: 8202 dataOffset: 2
09-15 13:37:08.406 13751 14127 D OPENHU  : [77] Companion.decrypt | RECV: AUDIO Media Data type: 0 flags: 11 size: 8202 dataOffset: 2
09-15 13:37:08.449 13751 14127 D OPENHU  : [77] Companion.decrypt | RECV: AUDIO Media Data type: 0 flags: 11 size: 8202 dataOffset: 2
09-15 13:37:08.492 13751 14127 D OPENHU  : [77] Companion.decrypt | RECV: AUDIO Media Data type: 0 flags: 11 size: 8202 dataOffset: 2
09-15 13:37:08.533 13751 14127 D OPENHU  : [77] Companion.decrypt | RECV: AUDIO Media Data type: 0 flags: 11 size: 8202 dataOffset: 2
09-15 13:37:08.557 13751 14127 D OPENHU  : [77] Companion.decrypt | RECV: CONTROL Ping Request type: 11 flags: 11 size: 12 dataOffset: 2
09-15 13:37:08.559 13751 14127 V OPENHU  : [77] AapTransport.send | CONTROL Ping Response type: 12 flags: 11 size: 14 dataOffset: 6
09-15 13:37:08.577 13751 14127 D OPENHU  : [77] Companion.decrypt | RECV: AUDIO Media Data type: 0 flags: 11 size: 8202 dataOffset: 2
09-15 13:37:08.605 13751 14127 D OPENHU  : [77] Companion.decrypt | RECV: MUSIC_PLAYBACK Media Playback Status type: 32769 flags: 11 size: 18 dataOffset: 2
09-15 13:37:08.606 13751 14127 D OPENHU  : [77] AapMediaPlayback.processStatusPacket | AapMediaPlayback: status mediaSource='VLC', playbackSeconds(u32)=171, state=PLAYING
09-15 13:37:08.619 13751 14127 D OPENHU  : [77] Companion.decrypt | RECV: AUDIO Media Data type: 0 flags: 11 size: 8202 dataOffset: 2
09-15 13:37:08.664 13751 14127 D OPENHU  : [77] Companion.decrypt | RECV: AUDIO Media Data type: 0 flags: 11 size: 8202 dataOffset: 2
09-15 13:37:08.703 13751 14127 D OPENHU  : [77] Companion.decrypt | RECV: AUDIO Media Data type: 0 flags: 11 size: 8202 dataOffset: 2
09-15 13:37:08.745 13751 14127 D OPENHU  : [77] Companion.decrypt | RECV: AUDIO Media Data type: 0 flags: 11 size: 8202 dataOffset: 2
09-15 13:37:08.790 13751 14127 D OPENHU  : [77] Companion.decrypt | RECV: AUDIO Media Data type: 0 flags: 11 size: 8202 dataOffset: 2
09-15 13:37:08.832 13751 14127 D OPENHU  : [77] Companion.decrypt | RECV: AUDIO Media Data type: 0 flags: 11 size: 8202 dataOffset: 2
09-15 13:37:08.875 13751 14127 D OPENHU  : [77] Companion.decrypt | RECV: AUDIO Media Data type: 0 flags: 11 size: 8202 dataOffset: 2
09-15 13:37:08.918 13751 14127 D OPENHU  : [77] Companion.decrypt | RECV: AUDIO Media Data type: 0 flags: 11 size: 8202 dataOffset: 2
09-15 13:37:08.962 13751 14127 D OPENHU  : [77] Companion.decrypt | RECV: AUDIO Media Data type: 0 flags: 11 size: 8202 dataOffset: 2
09-15 13:37:08.987 13751 14134 I OPENHU  : [78] AudioTrackWrapper.sampleHealth | audio sink AUDIO2 over 30087ms: underruns=0, silentCycles=0, rebanks=0, dropped=0, droppedFrames=0, shed=0, depth=0ms (min 0ms), queued=0, capacity=6400 frames (400ms), effective=6400 frames (400ms), target=1601 frames (100ms), drift=0ms
09-15 13:37:09.005 13751 14127 D OPENHU  : [77] Companion.decrypt | RECV: AUDIO Media Data type: 0 flags: 11 size: 8202 dataOffset: 2
09-15 13:37:09.013 13751 14136 I OPENHU  : [80] AudioTrackWrapper.sampleHealth | audio sink AUDIO1 over 30087ms: underruns=0, silentCycles=0, rebanks=0, dropped=0, droppedFrames=0, shed=0, depth=0ms (min 0ms), queued=0, capacity=6400 frames (400ms), effective=6400 frames (400ms), target=1601 frames (100ms), drift=0ms
09-15 13:37:09.017 13751 13751 V OPENHU  : [2] GpsLocation.onLocationChanged | GpsLocation: fix received
09-15 13:37:09.024 13751 13751 V OPENHU  : [2] AapTransport.send | SENSOR Sensor Event type: 32771 flags: 11 size: 46 dataOffset: 6
09-15 13:37:09.047 13751 14127 D OPENHU  : [77] Companion.decrypt | RECV: AUDIO Media Data type: 0 flags: 11 size: 8202 dataOffset: 2
09-15 13:37:09.091 13751 14127 D OPENHU  : [77] Companion.decrypt | RECV: AUDIO Media Data type: 0 flags: 11 size: 8202 dataOffset: 2
09-15 13:37:09.129 13751 14127 D OPENHU  : [77] Companion.decrypt | RECV: AUDIO Media Data type: 0 flags: 11 size: 8202 dataOffset: 2
09-15 13:37:09.172 13751 14127 D OPENHU  : [77] Companion.decrypt | RECV: AUDIO Media Data type: 0 flags: 11 size: 8202 dataOffset: 2
09-15 13:37:09.215 13751 14127 D OPENHU  : [77] Companion.decrypt | RECV: AUDIO Media Data type: 0 flags: 11 size: 8202 dataOffset: 2
09-15 13:37:09.256 13751 14138 I OPENHU  : [82] AudioTrackWrapper.sampleHealth | audio sink AUDIO over 30100ms: underruns=1, silentCycles=0, rebanks=1, dropped=0, droppedFrames=0, shed=0, depth=333ms (min 0ms), queued=13, capacity=30784 frames (641ms), effective=30784 frames (641ms), target=9600 frames (200ms), drift=0ms
09-15 13:37:09.259 13751 14127 D OPENHU  : [77] Companion.decrypt | RECV: AUDIO Media Data type: 0 flags: 11 size: 8202 dataOffset: 2
09-15 13:37:09.301 13751 14127 D OPENHU  : [77] Companion.decrypt | RECV: AUDIO Media Data type: 0 flags: 11 size: 8202 dataOffset: 2
09-15 13:37:09.343 13751 14127 D OPENHU  : [77] Companion.decrypt | RECV: AUDIO Media Data type: 0 flags: 11 size: 8202 dataOffset: 2
09-15 13:37:09.386 13751 14127 D OPENHU  : [77] Companion.decrypt | RECV: AUDIO Media Data type: 0 flags: 11 size: 8202 dataOffset: 2
09-15 13:37:09.427 13751 14162 I OPENHU  : [88] VideoDecoder.logThroughput | Throughput over 5001ms: rendered=154 (30fps), fed=154 (30fps), dropped=0, skipped=0, concealed=0, inputWait=65ms, enqueueWait=0ms, codec=c2.unisoc.avc.decoder, presented=154 (30fps), decodeLatency=9ms p95=11ms (154 frames)
09-15 13:37:09.428 13751 14127 D OPENHU  : [77] Companion.decrypt | RECV: AUDIO Media Data type: 0 flags: 11 size: 8202 dataOffset: 2
09-15 13:37:09.473 13751 14127 D OPENHU  : [77] Companion.decrypt | RECV: AUDIO Media Data type: 0 flags: 11 size: 8202 dataOffset: 2
09-15 13:37:09.518 13751 14127 D OPENHU  : [77] Companion.decrypt | RECV: AUDIO Media Data type: 0 flags: 11 size: 8202 dataOffset: 2
09-15 13:37:09.561 13751 14127 D OPENHU  : [77] Companion.decrypt | RECV: CONTROL Ping Request type: 11 flags: 11 size: 12 dataOffset: 2
09-15 13:37:09.562 13751 14127 V OPENHU  : [77] AapTransport.send | CONTROL Ping Response type: 12 flags: 11 size: 14 dataOffset: 6
09-15 13:37:09.564 13751 14127 D OPENHU  : [77] Companion.decrypt | RECV: AUDIO Media Data type: 0 flags: 11 size: 8202 dataOffset: 2
09-15 13:37:09.602 13751 14127 D OPENHU  : [77] Companion.decrypt | RECV: AUDIO Media Data type: 0 flags: 11 size: 8202 dataOffset: 2
09-15 13:37:09.607 13751 14127 D OPENHU  : [77] Companion.decrypt | RECV: MUSIC_PLAYBACK Media Playback Status type: 32769 flags: 11 size: 18 dataOffset: 2
09-15 13:37:09.608 13751 14127 D OPENHU  : [77] AapMediaPlayback.processStatusPacket | AapMediaPlayback: status mediaSource='VLC', playbackSeconds(u32)=172, state=PLAYING
09-15 13:37:09.644 13751 14127 D OPENHU  : [77] Companion.decrypt | RECV: AUDIO Media Data type: 0 flags: 11 size: 8202 dataOffset: 2
09-15 13:37:09.685 13751 14127 D OPENHU  : [77] Companion.decrypt | RECV: AUDIO Media Data type: 0 flags: 11 size: 8202 dataOffset: 2
09-15 13:37:09.727 13751 14127 D OPENHU  : [77] Companion.decrypt | RECV: AUDIO Media Data type: 0 flags: 11 size: 8202 dataOffset: 2
09-15 13:37:09.770 13751 14127 D OPENHU  : [77] Companion.decrypt | RECV: AUDIO Media Data type: 0 flags: 11 size: 8202 dataOffset: 2
09-15 13:37:09.814 13751 14127 D OPENHU  : [77] Companion.decrypt | RECV: AUDIO Media Data type: 0 flags: 11 size: 8202 dataOffset: 2
09-15 13:37:09.856 13751 14127 D OPENHU  : [77] Companion.decrypt | RECV: AUDIO Media Data type: 0 flags: 11 size: 8202 dataOffset: 2
09-15 13:37:09.902 13751 14127 D OPENHU  : [77] Companion.decrypt | RECV: AUDIO Media Data type: 0 flags: 11 size: 8202 dataOffset: 2
09-15 13:37:09.940 13751 14127 D OPENHU  : [77] Companion.decrypt | RECV: AUDIO Media Data type: 0 flags: 11 size: 8202 dataOffset: 2
09-15 13:37:09.983 13751 14127 D OPENHU  : [77] Companion.decrypt | RECV: AUDIO Media Data type: 0 flags: 11 size: 8202 dataOffset: 2
09-15 13:37:09.999 13751 13751 V OPENHU  : [2] GpsLocation.onLocationChanged | GpsLocation: fix received
09-15 13:37:10.010 13751 13751 V OPENHU  : [2] AapTransport.send | SENSOR Sensor Event type: 32771 flags: 11 size: 46 dataOffset: 6
09-15 13:37:10.027 13751 14127 D OPENHU  : [77] Companion.decrypt | RECV: AUDIO Media Data type: 0 flags: 11 size: 8202 dataOffset: 2
09-15 13:37:10.069 13751 14127 D OPENHU  : [77] Companion.decrypt | RECV: AUDIO Media Data type: 0 flags: 11 size: 8202 dataOffset: 2
09-15 13:37:10.112 13751 14127 D OPENHU  : [77] Companion.decrypt | RECV: AUDIO Media Data type: 0 flags: 11 size: 8202 dataOffset: 2
09-15 13:37:10.156 13751 14127 D OPENHU  : [77] Companion.decrypt | RECV: AUDIO Media Data type: 0 flags: 11 size: 8202 dataOffset: 2
09-15 13:37:10.204 13751 14127 D OPENHU  : [77] Companion.decrypt | RECV: AUDIO Media Data type: 0 flags: 11 size: 8202 dataOffset: 2
09-15 13:37:10.243 13751 14127 D OPENHU  : [77] Companion.decrypt | RECV: AUDIO Media Data type: 0 flags: 11 size: 8202 dataOffset: 2
09-15 13:37:10.283 13751 14127 D OPENHU  : [77] Companion.decrypt | RECV: AUDIO Media Data type: 0 flags: 11 size: 8202 dataOffset: 2
09-15 13:37:10.327 13751 14127 D OPENHU  : [77] Companion.decrypt | RECV: AUDIO Media Data type: 0 flags: 11 size: 8202 dataOffset: 2
09-15 13:37:10.367 13751 14127 D OPENHU  : [77] Companion.decrypt | RECV: AUDIO Media Data type: 0 flags: 11 size: 8202 dataOffset: 2
09-15 13:37:10.410 13751 14127 D OPENHU  : [77] Companion.decrypt | RECV: AUDIO Media Data type: 0 flags: 11 size: 8202 dataOffset: 2
09-15 13:37:10.431 13751 13751 I OPENHU  : [2] TextureProjectionView.onSurfaceTextureUpdated | TextureProjectionView: displayed 123 frames in 5105ms (24fps), longFrames=2
09-15 13:37:10.452 13751 14127 D OPENHU  : [77] Companion.decrypt | RECV: AUDIO Media Data type: 0 flags: 11 size: 8202 dataOffset: 2
09-15 13:37:10.496 13751 14127 D OPENHU  : [77] Companion.decrypt | RECV: AUDIO Media Data type: 0 flags: 11 size: 8202 dataOffset: 2
09-15 13:37:10.539 13751 14127 D OPENHU  : [77] Companion.decrypt | RECV: AUDIO Media Data type: 0 flags: 11 size: 8202 dataOffset: 2
09-15 13:37:10.558 13751 14127 D OPENHU  : [77] Companion.decrypt | RECV: CONTROL Ping Request type: 11 flags: 11 size: 12 dataOffset: 2
09-15 13:37:10.559 13751 14127 V OPENHU  : [77] AapTransport.send | CONTROL Ping Response type: 12 flags: 11 size: 14 dataOffset: 6
09-15 13:37:10.581 13751 14127 D OPENHU  : [77] Companion.decrypt | RECV: AUDIO Media Data type: 0 flags: 11 size: 8202 dataOffset: 2
09-15 13:37:10.611 13751 14127 D OPENHU  : [77] Companion.decrypt | RECV: MUSIC_PLAYBACK Media Playback Status type: 32769 flags: 11 size: 18 dataOffset: 2
09-15 13:37:10.613 13751 14127 D OPENHU  : [77] AapMediaPlayback.processStatusPacket | AapMediaPlayback: status mediaSource='VLC', playbackSeconds(u32)=173, state=PLAYING
09-15 13:37:10.625 13751 14127 D OPENHU  : [77] Companion.decrypt | RECV: AUDIO Media Data type: 0 flags: 11 size: 8202 dataOffset: 2
09-15 13:37:10.668 13751 14127 D OPENHU  : [77] Companion.decrypt | RECV: AUDIO Media Data type: 0 flags: 11 size: 8202 dataOffset: 2
09-15 13:37:10.710 13751 14127 D OPENHU  : [77] Companion.decrypt | RECV: AUDIO Media Data type: 0 flags: 11 size: 8202 dataOffset: 2
09-15 13:37:10.752 13751 14127 D OPENHU  : [77] Companion.decrypt | RECV: AUDIO Media Data type: 0 flags: 11 size: 8202 dataOffset: 2
09-15 13:37:10.794 13751 14127 D OPENHU  : [77] Companion.decrypt | RECV: AUDIO Media Data type: 0 flags: 11 size: 8202 dataOffset: 2
09-15 13:37:10.839 13751 14127 D OPENHU  : [77] Companion.decrypt | RECV: AUDIO Media Data type: 0 flags: 11 size: 8202 dataOffset: 2
09-15 13:37:10.879 13751 14127 D OPENHU  : [77] Companion.decrypt | RECV: AUDIO Media Data type: 0 flags: 11 size: 8202 dataOffset: 2
09-15 13:37:10.923 13751 14127 D OPENHU  : [77] Companion.decrypt | RECV: AUDIO Media Data type: 0 flags: 11 size: 8202 dataOffset: 2
09-15 13:37:10.964 13751 14127 D OPENHU  : [77] Companion.decrypt | RECV: AUDIO Media Data type: 0 flags: 11 size: 8202 dataOffset: 2
09-15 13:37:11.011 13751 14127 D OPENHU  : [77] Companion.decrypt | RECV: AUDIO Media Data type: 0 flags: 11 size: 8202 dataOffset: 2
09-15 13:37:11.016 13751 13751 V OPENHU  : [2] GpsLocation.onLocationChanged | GpsLocation: fix received
09-15 13:37:11.032 13751 13751 V OPENHU  : [2] AapTransport.send | SENSOR Sensor Event type: 32771 flags: 11 size: 46 dataOffset: 6
09-15 13:37:11.052 13751 14127 D OPENHU  : [77] Companion.decrypt | RECV: AUDIO Media Data type: 0 flags: 11 size: 8202 dataOffset: 2
09-15 13:37:11.094 13751 14127 D OPENHU  : [77] Companion.decrypt | RECV: AUDIO Media Data type: 0 flags: 11 size: 8202 dataOffset: 2
09-15 13:37:11.137 13751 14127 D OPENHU  : [77] Companion.decrypt | RECV: AUDIO Media Data type: 0 flags: 11 size: 8202 dataOffset: 2
09-15 13:37:11.178 13751 14127 D OPENHU  : [77] Companion.decrypt | RECV: AUDIO Media Data type: 0 flags: 11 size: 8202 dataOffset: 2
09-15 13:37:11.222 13751 14127 D OPENHU  : [77] Companion.decrypt | RECV: AUDIO Media Data type: 0 flags: 11 size: 8202 dataOffset: 2
09-15 13:37:11.264 13751 14127 D OPENHU  : [77] Companion.decrypt | RECV: AUDIO Media Data type: 0 flags: 11 size: 8202 dataOffset: 2
09-15 13:37:11.305 13751 14127 D OPENHU  : [77] Companion.decrypt | RECV: AUDIO Media Data type: 0 flags: 11 size: 8202 dataOffset: 2
09-15 13:37:11.348 13751 14127 D OPENHU  : [77] Companion.decrypt | RECV: AUDIO Media Data type: 0 flags: 11 size: 8202 dataOffset: 2
09-15 13:37:11.394 13751 14127 D OPENHU  : [77] Companion.decrypt | RECV: AUDIO Media Data type: 0 flags: 11 size: 8202 dataOffset: 2
09-15 13:37:11.433 13751 14127 D OPENHU  : [77] Companion.decrypt | RECV: AUDIO Media Data type: 0 flags: 11 size: 8202 dataOffset: 2
09-15 13:37:11.476 13751 14127 D OPENHU  : [77] Companion.decrypt | RECV: AUDIO Media Data type: 0 flags: 11 size: 8202 dataOffset: 2
09-15 13:37:11.521 13751 14127 D OPENHU  : [77] Companion.decrypt | RECV: AUDIO Media Data type: 0 flags: 11 size: 8202 dataOffset: 2
09-15 13:37:11.558 13751 14127 D OPENHU  : [77] Companion.decrypt | RECV: CONTROL Ping Request type: 11 flags: 11 size: 12 dataOffset: 2
09-15 13:37:11.559 13751 14127 V OPENHU  : [77] AapTransport.send | CONTROL Ping Response type: 12 flags: 11 size: 14 dataOffset: 6
09-15 13:37:11.563 13751 14127 D OPENHU  : [77] Companion.decrypt | RECV: AUDIO Media Data type: 0 flags: 11 size: 8202 dataOffset: 2
09-15 13:37:11.604 13751 14127 D OPENHU  : [77] Companion.decrypt | RECV: AUDIO Media Data type: 0 flags: 11 size: 8202 dataOffset: 2
09-15 13:37:11.610 13751 14127 D OPENHU  : [77] Companion.decrypt | RECV: MUSIC_PLAYBACK Media Playback Status type: 32769 flags: 11 size: 18 dataOffset: 2
09-15 13:37:11.611 13751 14127 D OPENHU  : [77] AapMediaPlayback.processStatusPacket | AapMediaPlayback: status mediaSource='VLC', playbackSeconds(u32)=174, state=PLAYING
09-15 13:37:11.648 13751 14127 D OPENHU  : [77] Companion.decrypt | RECV: AUDIO Media Data type: 0 flags: 11 size: 8202 dataOffset: 2
09-15 13:37:11.692 13751 14127 D OPENHU  : [77] Companion.decrypt | RECV: AUDIO Media Data type: 0 flags: 11 size: 8202 dataOffset: 2
09-15 13:37:11.734 13751 14127 D OPENHU  : [77] Companion.decrypt | RECV: AUDIO Media Data type: 0 flags: 11 size: 8202 dataOffset: 2
09-15 13:37:11.776 13751 14127 D OPENHU  : [77] Companion.decrypt | RECV: AUDIO Media Data type: 0 flags: 11 size: 8202 dataOffset: 2
09-15 13:37:11.819 13751 14127 D OPENHU  : [77] Companion.decrypt | RECV: AUDIO Media Data type: 0 flags: 11 size: 8202 dataOffset: 2
09-15 13:37:11.864 13751 14127 D OPENHU  : [77] Companion.decrypt | RECV: AUDIO Media Data type: 0 flags: 11 size: 8202 dataOffset: 2
09-15 13:37:11.903 13751 14127 D OPENHU  : [77] Companion.decrypt | RECV: AUDIO Media Data type: 0 flags: 11 size: 8202 dataOffset: 2
09-15 13:37:11.947 13751 14127 D OPENHU  : [77] Companion.decrypt | RECV: AUDIO Media Data type: 0 flags: 11 size: 8202 dataOffset: 2
09-15 13:37:11.990 13751 14127 D OPENHU  : [77] Companion.decrypt | RECV: AUDIO Media Data type: 0 flags: 11 size: 8202 dataOffset: 2
09-15 13:37:12.004 13751 13751 V OPENHU  : [2] GpsLocation.onLocationChanged | GpsLocation: fix received
09-15 13:37:12.013 13751 13751 V OPENHU  : [2] AapTransport.send | SENSOR Sensor Event type: 32771 flags: 11 size: 46 dataOffset: 6
09-15 13:37:12.032 13751 14127 D OPENHU  : [77] Companion.decrypt | RECV: AUDIO Media Data type: 0 flags: 11 size: 8202 dataOffset: 2
09-15 13:37:12.075 13751 14127 D OPENHU  : [77] Companion.decrypt | RECV: AUDIO Media Data type: 0 flags: 11 size: 8202 dataOffset: 2
09-15 13:37:12.121 13751 14127 D OPENHU  : [77] Companion.decrypt | RECV: AUDIO Media Data type: 0 flags: 11 size: 8202 dataOffset: 2
09-15 13:37:12.162 13751 14127 D OPENHU  : [77] Companion.decrypt | RECV: AUDIO Media Data type: 0 flags: 11 size: 8202 dataOffset: 2
09-15 13:37:12.209 13751 14127 D OPENHU  : [77] Companion.decrypt | RECV: AUDIO Media Data type: 0 flags: 11 size: 8202 dataOffset: 2
09-15 13:37:12.245 13751 14127 D OPENHU  : [77] Companion.decrypt | RECV: AUDIO Media Data type: 0 flags: 11 size: 8202 dataOffset: 2
09-15 13:37:12.287 13751 14127 D OPENHU  : [77] Companion.decrypt | RECV: AUDIO Media Data type: 0 flags: 11 size: 8202 dataOffset: 2
09-15 13:37:12.330 13751 14127 D OPENHU  : [77] Companion.decrypt | RECV: AUDIO Media Data type: 0 flags: 11 size: 8202 dataOffset: 2
09-15 13:37:12.373 13751 14127 D OPENHU  : [77] Companion.decrypt | RECV: AUDIO Media Data type: 0 flags: 11 size: 8202 dataOffset: 2
09-15 13:37:12.415 13751 14127 D OPENHU  : [77] Companion.decrypt | RECV: AUDIO Media Data type: 0 flags: 11 size: 8202 dataOffset: 2
09-15 13:37:12.458 13751 14127 D OPENHU  : [77] Companion.decrypt | RECV: AUDIO Media Data type: 0 flags: 11 size: 8202 dataOffset: 2
09-15 13:37:12.507 13751 14127 D OPENHU  : [77] Companion.decrypt | RECV: AUDIO Media Data type: 0 flags: 11 size: 8202 dataOffset: 2
09-15 13:37:12.546 13751 14127 D OPENHU  : [77] Companion.decrypt | RECV: AUDIO Media Data type: 0 flags: 11 size: 8202 dataOffset: 2
09-15 13:37:12.560 13751 14127 D OPENHU  : [77] Companion.decrypt | RECV: CONTROL Ping Request type: 11 flags: 11 size: 12 dataOffset: 2
09-15 13:37:12.560 13751 14127 V OPENHU  : [77] AapTransport.send | CONTROL Ping Response type: 12 flags: 11 size: 14 dataOffset: 6
09-15 13:37:12.585 13751 14127 D OPENHU  : [77] Companion.decrypt | RECV: AUDIO Media Data type: 0 flags: 11 size: 8202 dataOffset: 2
09-15 13:37:12.613 13751 14127 D OPENHU  : [77] Companion.decrypt | RECV: MUSIC_PLAYBACK Media Playback Status type: 32769 flags: 11 size: 18 dataOffset: 2
09-15 13:37:12.614 13751 14127 D OPENHU  : [77] AapMediaPlayback.processStatusPacket | AapMediaPlayback: status mediaSource='VLC', playbackSeconds(u32)=175, state=PLAYING
09-15 13:37:12.629 13751 14127 D OPENHU  : [77] Companion.decrypt | RECV: AUDIO Media Data type: 0 flags: 11 size: 8202 dataOffset: 2
09-15 13:37:12.672 13751 14127 D OPENHU  : [77] Companion.decrypt | RECV: AUDIO Media Data type: 0 flags: 11 size: 8202 dataOffset: 2
09-15 13:37:12.719 13751 14127 D OPENHU  : [77] Companion.decrypt | RECV: AUDIO Media Data type: 0 flags: 11 size: 8202 dataOffset: 2
09-15 13:37:12.758 13751 14127 D OPENHU  : [77] Companion.decrypt | RECV: AUDIO Media Data type: 0 flags: 11 size: 8202 dataOffset: 2
09-15 13:37:12.800 13751 14127 D OPENHU  : [77] Companion.decrypt | RECV: AUDIO Media Data type: 0 flags: 11 size: 8202 dataOffset: 2
09-15 13:37:12.843 13751 14127 D OPENHU  : [77] Companion.decrypt | RECV: AUDIO Media Data type: 0 flags: 11 size: 8202 dataOffset: 2
09-15 13:37:12.885 13751 14127 D OPENHU  : [77] Companion.decrypt | RECV: AUDIO Media Data type: 0 flags: 11 size: 8202 dataOffset: 2
09-15 13:37:12.929 13751 14127 D OPENHU  : [77] Companion.decrypt | RECV: AUDIO Media Data type: 0 flags: 11 size: 8202 dataOffset: 2
09-15 13:37:12.970 13751 14127 D OPENHU  : [77] Companion.decrypt | RECV: AUDIO Media Data type: 0 flags: 11 size: 8202 dataOffset: 2
09-15 13:37:13.016 13751 14127 D OPENHU  : [77] Companion.decrypt | RECV: AUDIO Media Data type: 0 flags: 11 size: 8202 dataOffset: 2
09-15 13:37:13.018 13751 13751 V OPENHU  : [2] GpsLocation.onLocationChanged | GpsLocation: fix received
09-15 13:37:13.027 13751 13751 V OPENHU  : [2] AapTransport.send | SENSOR Sensor Event type: 32771 flags: 11 size: 46 dataOffset: 6
09-15 13:37:13.057 13751 14127 D OPENHU  : [77] Companion.decrypt | RECV: AUDIO Media Data type: 0 flags: 11 size: 8202 dataOffset: 2
09-15 13:37:13.097 13751 14127 D OPENHU  : [77] Companion.decrypt | RECV: AUDIO Media Data type: 0 flags: 11 size: 8202 dataOffset: 2
09-15 13:37:13.140 13751 14127 D OPENHU  : [77] Companion.decrypt | RECV: AUDIO Media Data type: 0 flags: 11 size: 8202 dataOffset: 2
09-15 13:37:13.184 13751 14127 D OPENHU  : [77] Companion.decrypt | RECV: AUDIO Media Data type: 0 flags: 11 size: 8202 dataOffset: 2
09-15 13:37:13.228 13751 14127 D OPENHU  : [77] Companion.decrypt | RECV: AUDIO Media Data type: 0 flags: 11 size: 8202 dataOffset: 2
09-15 13:37:13.268 13751 14127 D OPENHU  : [77] Companion.decrypt | RECV: AUDIO Media Data type: 0 flags: 11 size: 8202 dataOffset: 2
09-15 13:37:13.312 13751 14127 D OPENHU  : [77] Companion.decrypt | RECV: AUDIO Media Data type: 0 flags: 11 size: 8202 dataOffset: 2
09-15 13:37:13.354 13751 14127 D OPENHU  : [77] Companion.decrypt | RECV: AUDIO Media Data type: 0 flags: 11 size: 8202 dataOffset: 2
09-15 13:37:13.398 13751 14127 D OPENHU  : [77] Companion.decrypt | RECV: AUDIO Media Data type: 0 flags: 11 size: 8202 dataOffset: 2
09-15 13:37:13.441 13751 14127 D OPENHU  : [77] Companion.decrypt | RECV: AUDIO Media Data type: 0 flags: 11 size: 8202 dataOffset: 2
09-15 13:37:13.483 13751 14127 D OPENHU  : [77] Companion.decrypt | RECV: AUDIO Media Data type: 0 flags: 11 size: 8202 dataOffset: 2
09-15 13:37:13.526 13751 14127 D OPENHU  : [77] Companion.decrypt | RECV: AUDIO Media Data type: 0 flags: 11 size: 8202 dataOffset: 2
09-15 13:37:13.560 13751 14127 D OPENHU  : [77] Companion.decrypt | RECV: CONTROL Ping Request type: 11 flags: 11 size: 12 dataOffset: 2
09-15 13:37:13.562 13751 14127 V OPENHU  : [77] AapTransport.send | CONTROL Ping Response type: 12 flags: 11 size: 14 dataOffset: 6
09-15 13:37:13.575 13751 14127 D OPENHU  : [77] Companion.decrypt | RECV: AUDIO Media Data type: 0 flags: 11 size: 8202 dataOffset: 2
09-15 13:37:13.614 13751 14127 D OPENHU  : [77] Companion.decrypt | RECV: AUDIO Media Data type: 0 flags: 11 size: 8202 dataOffset: 2
09-15 13:37:13.617 13751 14127 D OPENHU  : [77] Companion.decrypt | RECV: MUSIC_PLAYBACK Media Playback Status type: 32769 flags: 11 size: 18 dataOffset: 2
09-15 13:37:13.618 13751 14127 D OPENHU  : [77] AapMediaPlayback.processStatusPacket | AapMediaPlayback: status mediaSource='VLC', playbackSeconds(u32)=176, state=PLAYING
09-15 13:37:13.652 13751 14127 D OPENHU  : [77] Companion.decrypt | RECV: AUDIO Media Data type: 0 flags: 11 size: 8202 dataOffset: 2
09-15 13:37:13.696 13751 14127 D OPENHU  : [77] Companion.decrypt | RECV: AUDIO Media Data type: 0 flags: 11 size: 8202 dataOffset: 2
09-15 13:37:13.737 13751 14127 D OPENHU  : [77] Companion.decrypt | RECV: AUDIO Media Data type: 0 flags: 11 size: 8202 dataOffset: 2
09-15 13:37:13.782 13751 14127 D OPENHU  : [77] Companion.decrypt | RECV: AUDIO Media Data type: 0 flags: 11 size: 8202 dataOffset: 2
09-15 13:37:13.823 13751 14127 D OPENHU  : [77] Companion.decrypt | RECV: AUDIO Media Data type: 0 flags: 11 size: 8202 dataOffset: 2
09-15 13:37:13.867 13751 14127 D OPENHU  : [77] Companion.decrypt | RECV: AUDIO Media Data type: 0 flags: 11 size: 8202 dataOffset: 2
09-15 13:37:13.909 13751 14127 D OPENHU  : [77] Companion.decrypt | RECV: AUDIO Media Data type: 0 flags: 11 size: 8202 dataOffset: 2
09-15 13:37:13.951 13751 14127 D OPENHU  : [77] Companion.decrypt | RECV: AUDIO Media Data type: 0 flags: 11 size: 8202 dataOffset: 2
09-15 13:37:13.997 13751 14127 D OPENHU  : [77] Companion.decrypt | RECV: AUDIO Media Data type: 0 flags: 11 size: 8202 dataOffset: 2
09-15 13:37:13.998 13751 13751 V OPENHU  : [2] GpsLocation.onLocationChanged | GpsLocation: fix received
09-15 13:37:14.007 13751 13751 V OPENHU  : [2] AapTransport.send | SENSOR Sensor Event type: 32771 flags: 11 size: 46 dataOffset: 6
09-15 13:37:14.038 13751 14127 D OPENHU  : [77] Companion.decrypt | RECV: AUDIO Media Data type: 0 flags: 11 size: 8202 dataOffset: 2
09-15 13:37:14.082 13751 14127 D OPENHU  : [77] Companion.decrypt | RECV: AUDIO Media Data type: 0 flags: 11 size: 8202 dataOffset: 2
09-15 13:37:14.124 13751 14127 D OPENHU  : [77] Companion.decrypt | RECV: AUDIO Media Data type: 0 flags: 11 size: 8202 dataOffset: 2
09-15 13:37:14.166 13751 14127 D OPENHU  : [77] Companion.decrypt | RECV: AUDIO Media Data type: 0 flags: 11 size: 8202 dataOffset: 2
09-15 13:37:14.207 13751 14127 D OPENHU  : [77] Companion.decrypt | RECV: AUDIO Media Data type: 0 flags: 11 size: 8202 dataOffset: 2
09-15 13:37:14.250 13751 14127 D OPENHU  : [77] Companion.decrypt | RECV: AUDIO Media Data type: 0 flags: 11 size: 8202 dataOffset: 2
09-15 13:37:14.293 13751 14127 D OPENHU  : [77] Companion.decrypt | RECV: AUDIO Media Data type: 0 flags: 11 size: 8202 dataOffset: 2
09-15 13:37:14.335 13751 14127 D OPENHU  : [77] Companion.decrypt | RECV: AUDIO Media Data type: 0 flags: 11 size: 8202 dataOffset: 2
09-15 13:37:14.379 13751 14127 D OPENHU  : [77] Companion.decrypt | RECV: AUDIO Media Data type: 0 flags: 11 size: 8202 dataOffset: 2
09-15 13:37:14.422 13751 14127 D OPENHU  : [77] Companion.decrypt | RECV: AUDIO Media Data type: 0 flags: 11 size: 8202 dataOffset: 2
09-15 13:37:14.428 13751 14162 I OPENHU  : [88] VideoDecoder.logThroughput | Throughput over 5001ms: rendered=153 (30fps), fed=153 (30fps), dropped=0, skipped=0, concealed=0, inputWait=52ms, enqueueWait=0ms, codec=c2.unisoc.avc.decoder, presented=153 (30fps), decodeLatency=9ms p95=11ms (153 frames)
09-15 13:37:14.465 13751 14127 D OPENHU  : [77] Companion.decrypt | RECV: AUDIO Media Data type: 0 flags: 11 size: 8202 dataOffset: 2
09-15 13:37:14.507 13751 14127 D OPENHU  : [77] Companion.decrypt | RECV: AUDIO Media Data type: 0 flags: 11 size: 8202 dataOffset: 2
09-15 13:37:14.551 13751 14127 D OPENHU  : [77] Companion.decrypt | RECV: AUDIO Media Data type: 0 flags: 11 size: 8202 dataOffset: 2
09-15 13:37:14.561 13751 14127 D OPENHU  : [77] Companion.decrypt | RECV: CONTROL Ping Request type: 11 flags: 11 size: 12 dataOffset: 2
09-15 13:37:14.562 13751 14127 V OPENHU  : [77] AapTransport.send | CONTROL Ping Response type: 12 flags: 11 size: 14 dataOffset: 6
09-15 13:37:14.594 13751 14127 D OPENHU  : [77] Companion.decrypt | RECV: AUDIO Media Data type: 0 flags: 11 size: 8202 dataOffset: 2
09-15 13:37:14.636 13751 14127 D OPENHU  : [77] Companion.decrypt | RECV: AUDIO Media Data type: 0 flags: 11 size: 8202 dataOffset: 2
09-15 13:37:14.642 13751 14127 D OPENHU  : [77] Companion.decrypt | RECV: MUSIC_PLAYBACK Media Playback Status type: 32769 flags: 11 size: 18 dataOffset: 2
09-15 13:37:14.644 13751 14127 D OPENHU  : [77] AapMediaPlayback.processStatusPacket | AapMediaPlayback: status mediaSource='VLC', playbackSeconds(u32)=177, state=PLAYING
09-15 13:37:14.678 13751 14127 D OPENHU  : [77] Companion.decrypt | RECV: AUDIO Media Data type: 0 flags: 11 size: 8202 dataOffset: 2
09-15 13:37:14.724 13751 14127 D OPENHU  : [77] Companion.decrypt | RECV: AUDIO Media Data type: 0 flags: 11 size: 8202 dataOffset: 2
09-15 13:37:14.763 13751 14127 D OPENHU  : [77] Companion.decrypt | RECV: AUDIO Media Data type: 0 flags: 11 size: 8202 dataOffset: 2
09-15 13:37:14.806 13751 14127 D OPENHU  : [77] Companion.decrypt | RECV: AUDIO Media Data type: 0 flags: 11 size: 8202 dataOffset: 2
09-15 13:37:14.848 13751 14127 D OPENHU  : [77] Companion.decrypt | RECV: AUDIO Media Data type: 0 flags: 11 size: 8202 dataOffset: 2
09-15 13:37:14.891 13751 14127 D OPENHU  : [77] Companion.decrypt | RECV: AUDIO Media Data type: 0 flags: 11 size: 8202 dataOffset: 2
09-15 13:37:14.933 13751 14127 D OPENHU  : [77] Companion.decrypt | RECV: AUDIO Media Data type: 0 flags: 11 size: 8202 dataOffset: 2
09-15 13:37:14.977 13751 14127 D OPENHU  : [77] Companion.decrypt | RECV: AUDIO Media Data type: 0 flags: 11 size: 8202 dataOffset: 2
09-15 13:37:15.020 13751 13751 V OPENHU  : [2] GpsLocation.onLocationChanged | GpsLocation: fix received
09-15 13:37:15.020 13751 14127 D OPENHU  : [77] Companion.decrypt | RECV: AUDIO Media Data type: 0 flags: 11 size: 8202 dataOffset: 2
09-15 13:37:15.029 13751 13751 V OPENHU  : [2] AapTransport.send | SENSOR Sensor Event type: 32771 flags: 11 size: 46 dataOffset: 6
09-15 13:37:15.063 13751 14127 D OPENHU  : [77] Companion.decrypt | RECV: AUDIO Media Data type: 0 flags: 11 size: 8202 dataOffset: 2
09-15 13:37:15.106 13751 14127 D OPENHU  : [77] Companion.decrypt | RECV: AUDIO Media Data type: 0 flags: 11 size: 8202 dataOffset: 2
09-15 13:37:15.148 13751 14127 D OPENHU  : [77] Companion.decrypt | RECV: AUDIO Media Data type: 0 flags: 11 size: 8202 dataOffset: 2
09-15 13:37:15.190 13751 14127 D OPENHU  : [77] Companion.decrypt | RECV: AUDIO Media Data type: 0 flags: 11 size: 8202 dataOffset: 2
09-15 13:37:15.232 13751 14127 D OPENHU  : [77] Companion.decrypt | RECV: AUDIO Media Data type: 0 flags: 11 size: 8202 dataOffset: 2
09-15 13:37:15.276 13751 14127 D OPENHU  : [77] Companion.decrypt | RECV: AUDIO Media Data type: 0 flags: 11 size: 8202 dataOffset: 2
09-15 13:37:15.318 13751 14127 D OPENHU  : [77] Companion.decrypt | RECV: AUDIO Media Data type: 0 flags: 11 size: 8202 dataOffset: 2
09-15 13:37:15.361 13751 14127 D OPENHU  : [77] Companion.decrypt | RECV: AUDIO Media Data type: 0 flags: 11 size: 8202 dataOffset: 2
09-15 13:37:15.405 13751 14127 D OPENHU  : [77] Companion.decrypt | RECV: AUDIO Media Data type: 0 flags: 11 size: 8202 dataOffset: 2
09-15 13:37:15.446 13751 14127 D OPENHU  : [77] Companion.decrypt | RECV: AUDIO Media Data type: 0 flags: 11 size: 8202 dataOffset: 2
09-15 13:37:15.448 13751 13751 I OPENHU  : [2] TextureProjectionView.onSurfaceTextureUpdated | TextureProjectionView: displayed 108 frames in 5018ms (21fps), longFrames=2
09-15 13:37:15.488 13751 14127 D OPENHU  : [77] Companion.decrypt | RECV: AUDIO Media Data type: 0 flags: 11 size: 8202 dataOffset: 2
09-15 13:37:15.531 13751 14127 D OPENHU  : [77] Companion.decrypt | RECV: AUDIO Media Data type: 0 flags: 11 size: 8202 dataOffset: 2
09-15 13:37:15.561 13751 14127 D OPENHU  : [77] Companion.decrypt | RECV: CONTROL Ping Request type: 11 flags: 11 size: 12 dataOffset: 2
09-15 13:37:15.562 13751 14127 V OPENHU  : [77] AapTransport.send | CONTROL Ping Response type: 12 flags: 11 size: 14 dataOffset: 6
09-15 13:37:15.573 13751 14127 D OPENHU  : [77] Companion.decrypt | RECV: AUDIO Media Data type: 0 flags: 11 size: 8202 dataOffset: 2
09-15 13:37:15.617 13751 14127 D OPENHU  : [77] Companion.decrypt | RECV: AUDIO Media Data type: 0 flags: 11 size: 8202 dataOffset: 2
09-15 13:37:15.635 13751 14127 D OPENHU  : [77] Companion.decrypt | RECV: MUSIC_PLAYBACK Media Playback Status type: 32769 flags: 11 size: 18 dataOffset: 2
09-15 13:37:15.636 13751 14127 D OPENHU  : [77] AapMediaPlayback.processStatusPacket | AapMediaPlayback: status mediaSource='VLC', playbackSeconds(u32)=178, state=PLAYING
09-15 13:37:15.658 13751 14127 D OPENHU  : [77] Companion.decrypt | RECV: AUDIO Media Data type: 0 flags: 11 size: 8202 dataOffset: 2
09-15 13:37:15.702 13751 14127 D OPENHU  : [77] Companion.decrypt | RECV: AUDIO Media Data type: 0 flags: 11 size: 8202 dataOffset: 2
09-15 13:37:15.744 13751 14127 D OPENHU  : [77] Companion.decrypt | RECV: AUDIO Media Data type: 0 flags: 11 size: 8202 dataOffset: 2
09-15 13:37:15.785 13751 14127 D OPENHU  : [77] Companion.decrypt | RECV: AUDIO Media Data type: 0 flags: 11 size: 8202 dataOffset: 2
09-15 13:37:15.827 13751 14127 D OPENHU  : [77] Companion.decrypt | RECV: AUDIO Media Data type: 0 flags: 11 size: 8202 dataOffset: 2
09-15 13:37:15.873 13751 14127 D OPENHU  : [77] Companion.decrypt | RECV: AUDIO Media Data type: 0 flags: 11 size: 8202 dataOffset: 2
09-15 13:37:15.915 13751 14127 D OPENHU  : [77] Companion.decrypt | RECV: AUDIO Media Data type: 0 flags: 11 size: 8202 dataOffset: 2
09-15 13:37:15.960 13751 14127 D OPENHU  : [77] Companion.decrypt | RECV: AUDIO Media Data type: 0 flags: 11 size: 8202 dataOffset: 2
09-15 13:37:16.002 13751 14127 D OPENHU  : [77] Companion.decrypt | RECV: AUDIO Media Data type: 0 flags: 11 size: 8202 dataOffset: 2
09-15 13:37:16.004 13751 13751 V OPENHU  : [2] GpsLocation.onLocationChanged | GpsLocation: fix received
09-15 13:37:16.032 13751 13751 V OPENHU  : [2] AapTransport.send | SENSOR Sensor Event type: 32771 flags: 11 size: 46 dataOffset: 6
09-15 13:37:16.042 13751 14127 D OPENHU  : [77] Companion.decrypt | RECV: AUDIO Media Data type: 0 flags: 11 size: 8202 dataOffset: 2
09-15 13:37:16.085 13751 14127 D OPENHU  : [77] Companion.decrypt | RECV: AUDIO Media Data type: 0 flags: 11 size: 8202 dataOffset: 2
09-15 13:37:16.129 13751 14127 D OPENHU  : [77] Companion.decrypt | RECV: AUDIO Media Data type: 0 flags: 11 size: 8202 dataOffset: 2
09-15 13:37:16.169 13751 14127 D OPENHU  : [77] Companion.decrypt | RECV: AUDIO Media Data type: 0 flags: 11 size: 8202 dataOffset: 2
09-15 13:37:16.216 13751 14127 D OPENHU  : [77] Companion.decrypt | RECV: AUDIO Media Data type: 0 flags: 11 size: 8202 dataOffset: 2
09-15 13:37:16.256 13751 14127 D OPENHU  : [77] Companion.decrypt | RECV: AUDIO Media Data type: 0 flags: 11 size: 8202 dataOffset: 2
09-15 13:37:16.298 13751 14127 D OPENHU  : [77] Companion.decrypt | RECV: AUDIO Media Data type: 0 flags: 11 size: 8202 dataOffset: 2
09-15 13:37:16.341 13751 14127 D OPENHU  : [77] Companion.decrypt | RECV: AUDIO Media Data type: 0 flags: 11 size: 8202 dataOffset: 2
09-15 13:37:16.384 13751 14127 D OPENHU  : [77] Companion.decrypt | RECV: AUDIO Media Data type: 0 flags: 11 size: 8202 dataOffset: 2
09-15 13:37:16.426 13751 14127 D OPENHU  : [77] Companion.decrypt | RECV: AUDIO Media Data type: 0 flags: 11 size: 8202 dataOffset: 2
09-15 13:37:16.469 13751 14127 D OPENHU  : [77] Companion.decrypt | RECV: AUDIO Media Data type: 0 flags: 11 size: 8202 dataOffset: 2
09-15 13:37:16.511 13751 14127 D OPENHU  : [77] Companion.decrypt | RECV: AUDIO Media Data type: 0 flags: 11 size: 8202 dataOffset: 2
09-15 13:37:16.557 13751 14127 D OPENHU  : [77] Companion.decrypt | RECV: AUDIO Media Data type: 0 flags: 11 size: 8202 dataOffset: 2
09-15 13:37:16.564 13751 14127 D OPENHU  : [77] Companion.decrypt | RECV: CONTROL Ping Request type: 11 flags: 11 size: 12 dataOffset: 2
09-15 13:37:16.565 13751 14127 V OPENHU  : [77] AapTransport.send | CONTROL Ping Response type: 12 flags: 11 size: 14 dataOffset: 6
09-15 13:37:16.598 13751 14127 D OPENHU  : [77] Companion.decrypt | RECV: AUDIO Media Data type: 0 flags: 11 size: 8202 dataOffset: 2
09-15 13:37:16.635 13751 14127 D OPENHU  : [77] Companion.decrypt | RECV: MUSIC_PLAYBACK Media Playback Status type: 32769 flags: 11 size: 18 dataOffset: 2
09-15 13:37:16.636 13751 14127 D OPENHU  : [77] AapMediaPlayback.processStatusPacket | AapMediaPlayback: status mediaSource='VLC', playbackSeconds(u32)=179, state=PLAYING
09-15 13:37:16.639 13751 14127 D OPENHU  : [77] Companion.decrypt | RECV: AUDIO Media Data type: 0 flags: 11 size: 8202 dataOffset: 2
09-15 13:37:16.683 13751 14127 D OPENHU  : [77] Companion.decrypt | RECV: AUDIO Media Data type: 0 flags: 11 size: 8202 dataOffset: 2
09-15 13:37:16.724 13751 14127 D OPENHU  : [77] Companion.decrypt | RECV: AUDIO Media Data type: 0 flags: 11 size: 8202 dataOffset: 2
09-15 13:37:16.768 13751 14127 D OPENHU  : [77] Companion.decrypt | RECV: AUDIO Media Data type: 0 flags: 11 size: 8202 dataOffset: 2
09-15 13:37:16.810 13751 14127 D OPENHU  : [77] Companion.decrypt | RECV: AUDIO Media Data type: 0 flags: 11 size: 8202 dataOffset: 2
09-15 13:37:16.855 13751 14127 D OPENHU  : [77] Companion.decrypt | RECV: AUDIO Media Data type: 0 flags: 11 size: 8202 dataOffset: 2
09-15 13:37:16.895 13751 14127 D OPENHU  : [77] Companion.decrypt | RECV: AUDIO Media Data type: 0 flags: 11 size: 8202 dataOffset: 2
09-15 13:37:16.939 13751 14127 D OPENHU  : [77] Companion.decrypt | RECV: AUDIO Media Data type: 0 flags: 11 size: 8202 dataOffset: 2
09-15 13:37:16.983 13751 14127 D OPENHU  : [77] Companion.decrypt | RECV: AUDIO Media Data type: 0 flags: 11 size: 8202 dataOffset: 2
09-15 13:37:17.024 13751 14127 D OPENHU  : [77] Companion.decrypt | RECV: AUDIO Media Data type: 0 flags: 11 size: 8202 dataOffset: 2
09-15 13:37:17.030 13751 13751 V OPENHU  : [2] GpsLocation.onLocationChanged | GpsLocation: fix received
09-15 13:37:17.050 13751 13751 V OPENHU  : [2] AapTransport.send | SENSOR Sensor Event type: 32771 flags: 11 size: 46 dataOffset: 6
09-15 13:37:17.067 13751 14127 D OPENHU  : [77] Companion.decrypt | RECV: AUDIO Media Data type: 0 flags: 11 size: 8202 dataOffset: 2
09-15 13:37:17.110 13751 14127 D OPENHU  : [77] Companion.decrypt | RECV: AUDIO Media Data type: 0 flags: 11 size: 8202 dataOffset: 2
09-15 13:37:17.152 13751 14127 D OPENHU  : [77] Companion.decrypt | RECV: AUDIO Media Data type: 0 flags: 11 size: 8202 dataOffset: 2
09-15 13:37:17.194 13751 14127 D OPENHU  : [77] Companion.decrypt | RECV: AUDIO Media Data type: 0 flags: 11 size: 8202 dataOffset: 2
09-15 13:37:17.240 13751 14127 D OPENHU  : [77] Companion.decrypt | RECV: AUDIO Media Data type: 0 flags: 11 size: 8202 dataOffset: 2
09-15 13:37:17.283 13751 14127 D OPENHU  : [77] Companion.decrypt | RECV: AUDIO Media Data type: 0 flags: 11 size: 8202 dataOffset: 2
09-15 13:37:17.323 13751 14127 D OPENHU  : [77] Companion.decrypt | RECV: AUDIO Media Data type: 0 flags: 11 size: 8202 dataOffset: 2
09-15 13:37:17.366 13751 14127 D OPENHU  : [77] Companion.decrypt | RECV: AUDIO Media Data type: 0 flags: 11 size: 8202 dataOffset: 2
09-15 13:37:17.409 13751 14127 D OPENHU  : [77] Companion.decrypt | RECV: AUDIO Media Data type: 0 flags: 11 size: 8202 dataOffset: 2
09-15 13:37:17.451 13751 14127 D OPENHU  : [77] Companion.decrypt | RECV: AUDIO Media Data type: 0 flags: 11 size: 8202 dataOffset: 2
09-15 13:37:17.496 13751 14127 D OPENHU  : [77] Companion.decrypt | RECV: AUDIO Media Data type: 0 flags: 11 size: 8202 dataOffset: 2
09-15 13:37:17.541 13751 14127 D OPENHU  : [77] Companion.decrypt | RECV: AUDIO Media Data type: 0 flags: 11 size: 8202 dataOffset: 2
09-15 13:37:17.563 13751 14127 D OPENHU  : [77] Companion.decrypt | RECV: CONTROL Ping Request type: 11 flags: 11 size: 12 dataOffset: 2
09-15 13:37:17.564 13751 14127 V OPENHU  : [77] AapTransport.send | CONTROL Ping Response type: 12 flags: 11 size: 14 dataOffset: 6
09-15 13:37:17.579 13751 14127 D OPENHU  : [77] Companion.decrypt | RECV: AUDIO Media Data type: 0 flags: 11 size: 8202 dataOffset: 2
09-15 13:37:17.620 13751 14127 D OPENHU  : [77] Companion.decrypt | RECV: AUDIO Media Data type: 0 flags: 11 size: 8202 dataOffset: 2
09-15 13:37:17.641 13751 14127 D OPENHU  : [77] Companion.decrypt | RECV: MUSIC_PLAYBACK Media Playback Status type: 32769 flags: 11 size: 18 dataOffset: 2
09-15 13:37:17.643 13751 14127 D OPENHU  : [77] AapMediaPlayback.processStatusPacket | AapMediaPlayback: status mediaSource='VLC', playbackSeconds(u32)=180, state=PLAYING
09-15 13:37:17.665 13751 14127 D OPENHU  : [77] Companion.decrypt | RECV: AUDIO Media Data type: 0 flags: 11 size: 8202 dataOffset: 2
09-15 13:37:17.707 13751 14127 D OPENHU  : [77] Companion.decrypt | RECV: AUDIO Media Data type: 0 flags: 11 size: 8202 dataOffset: 2
09-15 13:37:17.750 13751 14127 D OPENHU  : [77] Companion.decrypt | RECV: AUDIO Media Data type: 0 flags: 11 size: 8202 dataOffset: 2
09-15 13:37:17.792 13751 14127 D OPENHU  : [77] Companion.decrypt | RECV: AUDIO Media Data type: 0 flags: 11 size: 8202 dataOffset: 2
09-15 13:37:17.835 13751 14127 D OPENHU  : [77] Companion.decrypt | RECV: AUDIO Media Data type: 0 flags: 11 size: 8202 dataOffset: 2
09-15 13:37:17.878 13751 14127 D OPENHU  : [77] Companion.decrypt | RECV: AUDIO Media Data type: 0 flags: 11 size: 8202 dataOffset: 2
09-15 13:37:17.920 13751 14127 D OPENHU  : [77] Companion.decrypt | RECV: AUDIO Media Data type: 0 flags: 11 size: 8202 dataOffset: 2
09-15 13:37:17.964 13751 14127 D OPENHU  : [77] Companion.decrypt | RECV: AUDIO Media Data type: 0 flags: 11 size: 8202 dataOffset: 2
09-15 13:37:18.002 13751 13751 V OPENHU  : [2] GpsLocation.onLocationChanged | GpsLocation: fix received
09-15 13:37:18.005 13751 14127 D OPENHU  : [77] Companion.decrypt | RECV: AUDIO Media Data type: 0 flags: 11 size: 8202 dataOffset: 2
09-15 13:37:18.016 13751 13751 V OPENHU  : [2] AapTransport.send | SENSOR Sensor Event type: 32771 flags: 11 size: 46 dataOffset: 6
09-15 13:37:18.048 13751 14127 D OPENHU  : [77] Companion.decrypt | RECV: AUDIO Media Data type: 0 flags: 11 size: 8202 dataOffset: 2
09-15 13:37:18.092 13751 14127 D OPENHU  : [77] Companion.decrypt | RECV: AUDIO Media Data type: 0 flags: 11 size: 8202 dataOffset: 2
09-15 13:37:18.134 13751 14127 D OPENHU  : [77] Companion.decrypt | RECV: AUDIO Media Data type: 0 flags: 11 size: 8202 dataOffset: 2
09-15 13:37:18.175 13751 14127 D OPENHU  : [77] Companion.decrypt | RECV: AUDIO Media Data type: 0 flags: 11 size: 8202 dataOffset: 2
09-15 13:37:18.223 13751 14127 D OPENHU  : [77] Companion.decrypt | RECV: AUDIO Media Data type: 0 flags: 11 size: 8202 dataOffset: 2
09-15 13:37:18.260 13751 14127 D OPENHU  : [77] Companion.decrypt | RECV: AUDIO Media Data type: 0 flags: 11 size: 8202 dataOffset: 2
09-15 13:37:18.303 13751 14127 D OPENHU  : [77] Companion.decrypt | RECV: AUDIO Media Data type: 0 flags: 11 size: 8202 dataOffset: 2
09-15 13:37:18.347 13751 14127 D OPENHU  : [77] Companion.decrypt | RECV: AUDIO Media Data type: 0 flags: 11 size: 8202 dataOffset: 2
09-15 13:37:18.388 13751 14127 D OPENHU  : [77] Companion.decrypt | RECV: AUDIO Media Data type: 0 flags: 11 size: 8202 dataOffset: 2
09-15 13:37:18.435 13751 14127 D OPENHU  : [77] Companion.decrypt | RECV: AUDIO Media Data type: 0 flags: 11 size: 8202 dataOffset: 2
09-15 13:37:18.475 13751 14127 D OPENHU  : [77] Companion.decrypt | RECV: AUDIO Media Data type: 0 flags: 11 size: 8202 dataOffset: 2
09-15 13:37:18.516 13751 14127 D OPENHU  : [77] Companion.decrypt | RECV: AUDIO Media Data type: 0 flags: 11 size: 8202 dataOffset: 2
09-15 13:37:18.562 13751 14127 D OPENHU  : [77] Companion.decrypt | RECV: AUDIO Media Data type: 0 flags: 11 size: 8202 dataOffset: 2
09-15 13:37:18.565 13751 14127 D OPENHU  : [77] Companion.decrypt | RECV: CONTROL Ping Request type: 11 flags: 11 size: 12 dataOffset: 2
09-15 13:37:18.566 13751 14127 V OPENHU  : [77] AapTransport.send | CONTROL Ping Response type: 12 flags: 11 size: 14 dataOffset: 6
09-15 13:37:18.603 13751 14127 D OPENHU  : [77] Companion.decrypt | RECV: AUDIO Media Data type: 0 flags: 11 size: 8202 dataOffset: 2
09-15 13:37:18.637 13751 14127 D OPENHU  : [77] Companion.decrypt | RECV: MUSIC_PLAYBACK Media Playback Status type: 32769 flags: 11 size: 18 dataOffset: 2
09-15 13:37:18.637 13751 14127 D OPENHU  : [77] AapMediaPlayback.processStatusPacket | AapMediaPlayback: status mediaSource='VLC', playbackSeconds(u32)=181, state=PLAYING
09-15 13:37:18.644 13751 14127 D OPENHU  : [77] Companion.decrypt | RECV: AUDIO Media Data type: 0 flags: 11 size: 8202 dataOffset: 2
09-15 13:37:18.687 13751 14127 D OPENHU  : [77] Companion.decrypt | RECV: AUDIO Media Data type: 0 flags: 11 size: 8202 dataOffset: 2
09-15 13:37:18.730 13751 14127 D OPENHU  : [77] Companion.decrypt | RECV: AUDIO Media Data type: 0 flags: 11 size: 8202 dataOffset: 2
09-15 13:37:18.773 13751 14127 D OPENHU  : [77] Companion.decrypt | RECV: AUDIO Media Data type: 0 flags: 11 size: 8202 dataOffset: 2
09-15 13:37:18.815 13751 14127 D OPENHU  : [77] Companion.decrypt | RECV: AUDIO Media Data type: 0 flags: 11 size: 8202 dataOffset: 2
09-15 13:37:18.859 13751 14127 D OPENHU  : [77] Companion.decrypt | RECV: AUDIO Media Data type: 0 flags: 11 size: 8202 dataOffset: 2
09-15 13:37:18.901 13751 14127 D OPENHU  : [77] Companion.decrypt | RECV: AUDIO Media Data type: 0 flags: 11 size: 8202 dataOffset: 2
09-15 13:37:18.944 13751 14127 D OPENHU  : [77] Companion.decrypt | RECV: AUDIO Media Data type: 0 flags: 11 size: 8202 dataOffset: 2
09-15 13:37:18.987 13751 14127 D OPENHU  : [77] Companion.decrypt | RECV: AUDIO Media Data type: 0 flags: 11 size: 8202 dataOffset: 2
09-15 13:37:19.016 13751 13751 V OPENHU  : [2] GpsLocation.onLocationChanged | GpsLocation: fix received
09-15 13:37:19.022 13751 13751 V OPENHU  : [2] AapTransport.send | SENSOR Sensor Event type: 32771 flags: 11 size: 46 dataOffset: 6
09-15 13:37:19.032 13751 14127 D OPENHU  : [77] Companion.decrypt | RECV: AUDIO Media Data type: 0 flags: 11 size: 8202 dataOffset: 2
09-15 13:37:19.073 13751 14127 D OPENHU  : [77] Companion.decrypt | RECV: AUDIO Media Data type: 0 flags: 11 size: 8202 dataOffset: 2
09-15 13:37:19.117 13751 14127 D OPENHU  : [77] Companion.decrypt | RECV: AUDIO Media Data type: 0 flags: 11 size: 8202 dataOffset: 2
09-15 13:37:19.159 13751 14127 D OPENHU  : [77] Companion.decrypt | RECV: AUDIO Media Data type: 0 flags: 11 size: 8202 dataOffset: 2
09-15 13:37:19.201 13751 14127 D OPENHU  : [77] Companion.decrypt | RECV: AUDIO Media Data type: 0 flags: 11 size: 8202 dataOffset: 2
09-15 13:37:19.246 13751 14127 D OPENHU  : [77] Companion.decrypt | RECV: AUDIO Media Data type: 0 flags: 11 size: 8202 dataOffset: 2
09-15 13:37:19.284 13751 14127 D OPENHU  : [77] Companion.decrypt | RECV: AUDIO Media Data type: 0 flags: 11 size: 8202 dataOffset: 2
09-15 13:37:19.327 13751 14127 D OPENHU  : [77] Companion.decrypt | RECV: AUDIO Media Data type: 0 flags: 11 size: 8202 dataOffset: 2
09-15 13:37:19.371 13751 14127 D OPENHU  : [77] Companion.decrypt | RECV: AUDIO Media Data type: 0 flags: 11 size: 8202 dataOffset: 2
09-15 13:37:19.413 13751 14127 D OPENHU  : [77] Companion.decrypt | RECV: AUDIO Media Data type: 0 flags: 11 size: 8202 dataOffset: 2
09-15 13:37:19.434 13751 14162 I OPENHU  : [88] VideoDecoder.logThroughput | Throughput over 5005ms: rendered=159 (31fps), fed=159 (31fps), dropped=0, skipped=0, concealed=0, inputWait=75ms, enqueueWait=0ms, codec=c2.unisoc.avc.decoder, presented=159 (31fps), decodeLatency=9ms p95=12ms (159 frames)
09-15 13:37:19.456 13751 14127 D OPENHU  : [77] Companion.decrypt | RECV: AUDIO Media Data type: 0 flags: 11 size: 8202 dataOffset: 2
09-15 13:37:19.498 13751 14127 D OPENHU  : [77] Companion.decrypt | RECV: AUDIO Media Data type: 0 flags: 11 size: 8202 dataOffset: 2
09-15 13:37:19.542 13751 14127 D OPENHU  : [77] Companion.decrypt | RECV: AUDIO Media Data type: 0 flags: 11 size: 8202 dataOffset: 2
09-15 13:37:19.565 13751 14127 D OPENHU  : [77] Companion.decrypt | RECV: CONTROL Ping Request type: 11 flags: 11 size: 12 dataOffset: 2
09-15 13:37:19.566 13751 14127 V OPENHU  : [77] AapTransport.send | CONTROL Ping Response type: 12 flags: 11 size: 14 dataOffset: 6
09-15 13:37:19.585 13751 14127 D OPENHU  : [77] Companion.decrypt | RECV: AUDIO Media Data type: 0 flags: 11 size: 8202 dataOffset: 2
09-15 13:37:19.628 13751 14127 D OPENHU  : [77] Companion.decrypt | RECV: AUDIO Media Data type: 0 flags: 11 size: 8202 dataOffset: 2
09-15 13:37:19.639 13751 14127 D OPENHU  : [77] Companion.decrypt | RECV: MUSIC_PLAYBACK Media Playback Status type: 32769 flags: 11 size: 18 dataOffset: 2
09-15 13:37:19.640 13751 14127 D OPENHU  : [77] AapMediaPlayback.processStatusPacket | AapMediaPlayback: status mediaSource='VLC', playbackSeconds(u32)=182, state=PLAYING
09-15 13:37:19.667 13751 14127 D OPENHU  : [77] Companion.decrypt | RECV: AUDIO Media Data type: 0 flags: 11 size: 8202 dataOffset: 2
09-15 13:37:19.712 13751 14127 D OPENHU  : [77] Companion.decrypt | RECV: AUDIO Media Data type: 0 flags: 11 size: 8202 dataOffset: 2
09-15 13:37:19.756 13751 14127 D OPENHU  : [77] Companion.decrypt | RECV: AUDIO Media Data type: 0 flags: 11 size: 8202 dataOffset: 2
09-15 13:37:19.797 13751 14127 D OPENHU  : [77] Companion.decrypt | RECV: AUDIO Media Data type: 0 flags: 11 size: 8202 dataOffset: 2
09-15 13:37:19.841 13751 14127 D OPENHU  : [77] Companion.decrypt | RECV: AUDIO Media Data type: 0 flags: 11 size: 8202 dataOffset: 2
09-15 13:37:19.882 13751 14127 D OPENHU  : [77] Companion.decrypt | RECV: AUDIO Media Data type: 0 flags: 11 size: 8202 dataOffset: 2
09-15 13:37:19.925 13751 14127 D OPENHU  : [77] Companion.decrypt | RECV: AUDIO Media Data type: 0 flags: 11 size: 8202 dataOffset: 2
09-15 13:37:19.968 13751 14127 D OPENHU  : [77] Companion.decrypt | RECV: AUDIO Media Data type: 0 flags: 11 size: 8202 dataOffset: 2
09-15 13:37:19.997 13751 13751 V OPENHU  : [2] GpsLocation.onLocationChanged | GpsLocation: fix received
09-15 13:37:20.005 13751 13751 V OPENHU  : [2] AapTransport.send | SENSOR Sensor Event type: 32771 flags: 11 size: 46 dataOffset: 6
09-15 13:37:20.011 13751 14127 D OPENHU  : [77] Companion.decrypt | RECV: AUDIO Media Data type: 0 flags: 11 size: 8202 dataOffset: 2
09-15 13:37:20.053 13751 14127 D OPENHU  : [77] Companion.decrypt | RECV: AUDIO Media Data type: 0 flags: 11 size: 8202 dataOffset: 2
09-15 13:37:20.095 13751 14127 D OPENHU  : [77] Companion.decrypt | RECV: AUDIO Media Data type: 0 flags: 11 size: 8202 dataOffset: 2
09-15 13:37:20.139 13751 14127 D OPENHU  : [77] Companion.decrypt | RECV: AUDIO Media Data type: 0 flags: 11 size: 8202 dataOffset: 2
09-15 13:37:20.182 13751 14127 D OPENHU  : [77] Companion.decrypt | RECV: AUDIO Media Data type: 0 flags: 11 size: 8202 dataOffset: 2
09-15 13:37:20.222 13751 14127 D OPENHU  : [77] Companion.decrypt | RECV: AUDIO Media Data type: 0 flags: 11 size: 8202 dataOffset: 2
09-15 13:37:20.266 13751 14127 D OPENHU  : [77] Companion.decrypt | RECV: AUDIO Media Data type: 0 flags: 11 size: 8202 dataOffset: 2
09-15 13:37:20.309 13751 14127 D OPENHU  : [77] Companion.decrypt | RECV: AUDIO Media Data type: 0 flags: 11 size: 8202 dataOffset: 2
09-15 13:37:20.351 13751 14127 D OPENHU  : [77] Companion.decrypt | RECV: AUDIO Media Data type: 0 flags: 11 size: 8202 dataOffset: 2
09-15 13:37:20.394 13751 14127 D OPENHU  : [77] Companion.decrypt | RECV: AUDIO Media Data type: 0 flags: 11 size: 8202 dataOffset: 2
09-15 13:37:20.438 13751 14127 D OPENHU  : [77] Companion.decrypt | RECV: AUDIO Media Data type: 0 flags: 11 size: 8202 dataOffset: 2
09-15 13:37:20.480 13751 14127 D OPENHU  : [77] Companion.decrypt | RECV: AUDIO Media Data type: 0 flags: 11 size: 8202 dataOffset: 2
09-15 13:37:20.522 13751 14127 D OPENHU  : [77] Companion.decrypt | RECV: AUDIO Media Data type: 0 flags: 11 size: 8202 dataOffset: 2
09-15 13:37:20.565 13751 14127 D OPENHU  : [77] Companion.decrypt | RECV: AUDIO Media Data type: 0 flags: 11 size: 8202 dataOffset: 2
09-15 13:37:20.570 13751 14127 D OPENHU  : [77] Companion.decrypt | RECV: CONTROL Ping Request type: 11 flags: 11 size: 12 dataOffset: 2
09-15 13:37:20.571 13751 14127 V OPENHU  : [77] AapTransport.send | CONTROL Ping Response type: 12 flags: 11 size: 14 dataOffset: 6
09-15 13:37:20.608 13751 14127 D OPENHU  : [77] Companion.decrypt | RECV: AUDIO Media Data type: 0 flags: 11 size: 8202 dataOffset: 2
09-15 13:37:20.624 13751 13751 I OPENHU  : [2] TextureProjectionView.onSurfaceTextureUpdated | TextureProjectionView: displayed 123 frames in 5175ms (23fps), longFrames=2
09-15 13:37:20.638 13751 14127 D OPENHU  : [77] Companion.decrypt | RECV: MUSIC_PLAYBACK Media Playback Status type: 32769 flags: 11 size: 18 dataOffset: 2
09-15 13:37:20.639 13751 14127 D OPENHU  : [77] AapMediaPlayback.processStatusPacket | AapMediaPlayback: status mediaSource='VLC', playbackSeconds(u32)=183, state=PLAYING
09-15 13:37:20.649 13751 14127 D OPENHU  : [77] Companion.decrypt | RECV: AUDIO Media Data type: 0 flags: 11 size: 8202 dataOffset: 2
09-15 13:37:20.693 13751 14127 D OPENHU  : [77] Companion.decrypt | RECV: AUDIO Media Data type: 0 flags: 11 size: 8202 dataOffset: 2
09-15 13:37:20.735 13751 14127 D OPENHU  : [77] Companion.decrypt | RECV: AUDIO Media Data type: 0 flags: 11 size: 8202 dataOffset: 2
09-15 13:37:20.777 13751 14127 D OPENHU  : [77] Companion.decrypt | RECV: AUDIO Media Data type: 0 flags: 11 size: 8202 dataOffset: 2
09-15 13:37:20.820 13751 14127 D OPENHU  : [77] Companion.decrypt | RECV: AUDIO Media Data type: 0 flags: 11 size: 8202 dataOffset: 2
09-15 13:37:20.861 13751 14127 D OPENHU  : [77] Companion.decrypt | RECV: AUDIO Media Data type: 0 flags: 11 size: 8202 dataOffset: 2
09-15 13:37:20.904 13751 14127 D OPENHU  : [77] Companion.decrypt | RECV: AUDIO Media Data type: 0 flags: 11 size: 8202 dataOffset: 2
09-15 13:37:20.949 13751 14127 D OPENHU  : [77] Companion.decrypt | RECV: AUDIO Media Data type: 0 flags: 11 size: 8202 dataOffset: 2
09-15 13:37:20.993 13751 14127 D OPENHU  : [77] Companion.decrypt | RECV: AUDIO Media Data type: 0 flags: 11 size: 8202 dataOffset: 2
09-15 13:37:21.027 13751 13751 V OPENHU  : [2] GpsLocation.onLocationChanged | GpsLocation: fix received
09-15 13:37:21.038 13751 14127 D OPENHU  : [77] Companion.decrypt | RECV: AUDIO Media Data type: 0 flags: 11 size: 8202 dataOffset: 2
09-15 13:37:21.042 13751 13751 V OPENHU  : [2] AapTransport.send | SENSOR Sensor Event type: 32771 flags: 11 size: 46 dataOffset: 6
09-15 13:37:21.075 13751 14127 D OPENHU  : [77] Companion.decrypt | RECV: AUDIO Media Data type: 0 flags: 11 size: 8202 dataOffset: 2
09-15 13:37:21.118 13751 14127 D OPENHU  : [77] Companion.decrypt | RECV: AUDIO Media Data type: 0 flags: 11 size: 8202 dataOffset: 2
09-15 13:37:21.162 13751 14127 D OPENHU  : [77] Companion.decrypt | RECV: AUDIO Media Data type: 0 flags: 11 size: 8202 dataOffset: 2
09-15 13:37:21.203 13751 14127 D OPENHU  : [77] Companion.decrypt | RECV: AUDIO Media Data type: 0 flags: 11 size: 8202 dataOffset: 2
09-15 13:37:21.246 13751 14127 D OPENHU  : [77] Companion.decrypt | RECV: AUDIO Media Data type: 0 flags: 11 size: 8202 dataOffset: 2
09-15 13:37:21.289 13751 14127 D OPENHU  : [77] Companion.decrypt | RECV: AUDIO Media Data type: 0 flags: 11 size: 8202 dataOffset: 2
09-15 13:37:21.332 13751 14127 D OPENHU  : [77] Companion.decrypt | RECV: AUDIO Media Data type: 0 flags: 11 size: 8202 dataOffset: 2
09-15 13:37:21.375 13751 14127 D OPENHU  : [77] Companion.decrypt | RECV: AUDIO Media Data type: 0 flags: 11 size: 8202 dataOffset: 2
09-15 13:37:21.420 13751 14127 D OPENHU  : [77] Companion.decrypt | RECV: AUDIO Media Data type: 0 flags: 11 size: 8202 dataOffset: 2
09-15 13:37:21.459 13751 14127 D OPENHU  : [77] Companion.decrypt | RECV: AUDIO Media Data type: 0 flags: 11 size: 8202 dataOffset: 2
09-15 13:37:21.502 13751 14127 D OPENHU  : [77] Companion.decrypt | RECV: AUDIO Media Data type: 0 flags: 11 size: 8202 dataOffset: 2
09-15 13:37:21.546 13751 14127 D OPENHU  : [77] Companion.decrypt | RECV: AUDIO Media Data type: 0 flags: 11 size: 8202 dataOffset: 2
09-15 13:37:21.566 13751 14127 D OPENHU  : [77] Companion.decrypt | RECV: CONTROL Ping Request type: 11 flags: 11 size: 12 dataOffset: 2
09-15 13:37:21.567 13751 14127 V OPENHU  : [77] AapTransport.send | CONTROL Ping Response type: 12 flags: 11 size: 14 dataOffset: 6
09-15 13:37:21.589 13751 14127 D OPENHU  : [77] Companion.decrypt | RECV: AUDIO Media Data type: 0 flags: 11 size: 8202 dataOffset: 2
09-15 13:37:21.633 13751 14127 D OPENHU  : [77] Companion.decrypt | RECV: AUDIO Media Data type: 0 flags: 11 size: 8202 dataOffset: 2
09-15 13:37:21.640 13751 14127 D OPENHU  : [77] Companion.decrypt | RECV: MUSIC_PLAYBACK Media Playback Status type: 32769 flags: 11 size: 18 dataOffset: 2
09-15 13:37:21.641 13751 14127 D OPENHU  : [77] AapMediaPlayback.processStatusPacket | AapMediaPlayback: status mediaSource='VLC', playbackSeconds(u32)=184, state=PLAYING
09-15 13:37:21.678 13751 14127 D OPENHU  : [77] Companion.decrypt | RECV: AUDIO Media Data type: 0 flags: 11 size: 8202 dataOffset: 2
09-15 13:37:21.717 13751 14127 D OPENHU  : [77] Companion.decrypt | RECV: AUDIO Media Data type: 0 flags: 11 size: 8202 dataOffset: 2
09-15 13:37:21.760 13751 14127 D OPENHU  : [77] Companion.decrypt | RECV: AUDIO Media Data type: 0 flags: 11 size: 8202 dataOffset: 2
09-15 13:37:21.802 13751 14127 D OPENHU  : [77] Companion.decrypt | RECV: AUDIO Media Data type: 0 flags: 11 size: 8202 dataOffset: 2
09-15 13:37:21.844 13751 14127 D OPENHU  : [77] Companion.decrypt | RECV: AUDIO Media Data type: 0 flags: 11 size: 8202 dataOffset: 2
09-15 13:37:21.889 13751 14127 D OPENHU  : [77] Companion.decrypt | RECV: AUDIO Media Data type: 0 flags: 11 size: 8202 dataOffset: 2
09-15 13:37:21.930 13751 14127 D OPENHU  : [77] Companion.decrypt | RECV: AUDIO Media Data type: 0 flags: 11 size: 8202 dataOffset: 2
09-15 13:37:21.971 13751 14127 D OPENHU  : [77] Companion.decrypt | RECV: AUDIO Media Data type: 0 flags: 11 size: 8202 dataOffset: 2
09-15 13:37:22.003 13751 13751 V OPENHU  : [2] GpsLocation.onLocationChanged | GpsLocation: fix received
09-15 13:37:22.017 13751 14127 D OPENHU  : [77] Companion.decrypt | RECV: AUDIO Media Data type: 0 flags: 11 size: 8202 dataOffset: 2
09-15 13:37:22.032 13751 13751 V OPENHU  : [2] AapTransport.send | SENSOR Sensor Event type: 32771 flags: 11 size: 46 dataOffset: 6
09-15 13:37:22.062 13751 14127 D OPENHU  : [77] Companion.decrypt | RECV: AUDIO Media Data type: 0 flags: 11 size: 8202 dataOffset: 2
09-15 13:37:22.101 13751 14127 D OPENHU  : [77] Companion.decrypt | RECV: AUDIO Media Data type: 0 flags: 11 size: 8202 dataOffset: 2
09-15 13:37:22.142 13751 14127 D OPENHU  : [77] Companion.decrypt | RECV: AUDIO Media Data type: 0 flags: 11 size: 8202 dataOffset: 2
09-15 13:37:22.185 13751 14127 D OPENHU  : [77] Companion.decrypt | RECV: AUDIO Media Data type: 0 flags: 11 size: 8202 dataOffset: 2
09-15 13:37:22.228 13751 14127 D OPENHU  : [77] Companion.decrypt | RECV: AUDIO Media Data type: 0 flags: 11 size: 8202 dataOffset: 2
09-15 13:37:22.271 13751 14127 D OPENHU  : [77] Companion.decrypt | RECV: AUDIO Media Data type: 0 flags: 11 size: 8202 dataOffset: 2
09-15 13:37:22.317 13751 14127 D OPENHU  : [77] Companion.decrypt | RECV: AUDIO Media Data type: 0 flags: 11 size: 8202 dataOffset: 2
09-15 13:37:22.356 13751 14127 D OPENHU  : [77] Companion.decrypt | RECV: AUDIO Media Data type: 0 flags: 11 size: 8202 dataOffset: 2
09-15 13:37:22.400 13751 14127 D OPENHU  : [77] Companion.decrypt | RECV: AUDIO Media Data type: 0 flags: 11 size: 8202 dataOffset: 2
09-15 13:37:22.442 13751 14127 D OPENHU  : [77] Companion.decrypt | RECV: AUDIO Media Data type: 0 flags: 11 size: 8202 dataOffset: 2
09-15 13:37:22.484 13751 14127 D OPENHU  : [77] Companion.decrypt | RECV: AUDIO Media Data type: 0 flags: 11 size: 8202 dataOffset: 2
09-15 13:37:22.528 13751 14127 D OPENHU  : [77] Companion.decrypt | RECV: AUDIO Media Data type: 0 flags: 11 size: 8202 dataOffset: 2
09-15 13:37:22.567 13751 14127 D OPENHU  : [77] Companion.decrypt | RECV: CONTROL Ping Request type: 11 flags: 11 size: 12 dataOffset: 2
09-15 13:37:22.568 13751 14127 V OPENHU  : [77] AapTransport.send | CONTROL Ping Response type: 12 flags: 11 size: 14 dataOffset: 6
09-15 13:37:22.571 13751 14127 D OPENHU  : [77] Companion.decrypt | RECV: AUDIO Media Data type: 0 flags: 11 size: 8202 dataOffset: 2
09-15 13:37:22.612 13751 14127 D OPENHU  : [77] Companion.decrypt | RECV: AUDIO Media Data type: 0 flags: 11 size: 8202 dataOffset: 2
09-15 13:37:22.640 13751 14127 D OPENHU  : [77] Companion.decrypt | RECV: MUSIC_PLAYBACK Media Playback Status type: 32769 flags: 11 size: 18 dataOffset: 2
09-15 13:37:22.641 13751 14127 D OPENHU  : [77] AapMediaPlayback.processStatusPacket | AapMediaPlayback: status mediaSource='VLC', playbackSeconds(u32)=185, state=PLAYING
09-15 13:37:22.654 13751 14127 D OPENHU  : [77] Companion.decrypt | RECV: AUDIO Media Data type: 0 flags: 11 size: 8202 dataOffset: 2
09-15 13:37:22.697 13751 14127 D OPENHU  : [77] Companion.decrypt | RECV: AUDIO Media Data type: 0 flags: 11 size: 8202 dataOffset: 2
09-15 13:37:22.741 13751 14127 D OPENHU  : [77] Companion.decrypt | RECV: AUDIO Media Data type: 0 flags: 11 size: 8202 dataOffset: 2
09-15 13:37:22.785 13751 14127 D OPENHU  : [77] Companion.decrypt | RECV: AUDIO Media Data type: 0 flags: 11 size: 8202 dataOffset: 2
09-15 13:37:22.826 13751 14127 D OPENHU  : [77] Companion.decrypt | RECV: AUDIO Media Data type: 0 flags: 11 size: 8202 dataOffset: 2
09-15 13:37:22.868 13751 14127 D OPENHU  : [77] Companion.decrypt | RECV: AUDIO Media Data type: 0 flags: 11 size: 8202 dataOffset: 2
09-15 13:37:22.915 13751 14127 D OPENHU  : [77] Companion.decrypt | RECV: AUDIO Media Data type: 0 flags: 11 size: 8202 dataOffset: 2
09-15 13:37:22.958 13751 14127 D OPENHU  : [77] Companion.decrypt | RECV: AUDIO Media Data type: 0 flags: 11 size: 8202 dataOffset: 2
09-15 13:37:23.000 13751 14127 D OPENHU  : [77] Companion.decrypt | RECV: AUDIO Media Data type: 0 flags: 11 size: 8202 dataOffset: 2
09-15 13:37:23.029 13751 13751 V OPENHU  : [2] GpsLocation.onLocationChanged | GpsLocation: fix received
09-15 13:37:23.040 13751 14127 D OPENHU  : [77] Companion.decrypt | RECV: AUDIO Media Data type: 0 flags: 11 size: 8202 dataOffset: 2
09-15 13:37:23.040 13751 13751 V OPENHU  : [2] AapTransport.send | SENSOR Sensor Event type: 32771 flags: 11 size: 46 dataOffset: 6
09-15 13:37:23.081 13751 14127 D OPENHU  : [77] Companion.decrypt | RECV: AUDIO Media Data type: 0 flags: 11 size: 8202 dataOffset: 2
09-15 13:37:23.125 13751 14127 D OPENHU  : [77] Companion.decrypt | RECV: AUDIO Media Data type: 0 flags: 11 size: 8202 dataOffset: 2
09-15 13:37:23.170 13751 14127 D OPENHU  : [77] Companion.decrypt | RECV: AUDIO Media Data type: 0 flags: 11 size: 8202 dataOffset: 2
09-15 13:37:23.210 13751 14127 D OPENHU  : [77] Companion.decrypt | RECV: AUDIO Media Data type: 0 flags: 11 size: 8202 dataOffset: 2
09-15 13:37:23.253 13751 14127 D OPENHU  : [77] Companion.decrypt | RECV: AUDIO Media Data type: 0 flags: 11 size: 8202 dataOffset: 2
09-15 13:37:23.298 13751 14127 D OPENHU  : [77] Companion.decrypt | RECV: AUDIO Media Data type: 0 flags: 11 size: 8202 dataOffset: 2
09-15 13:37:23.338 13751 14127 D OPENHU  : [77] Companion.decrypt | RECV: AUDIO Media Data type: 0 flags: 11 size: 8202 dataOffset: 2
09-15 13:37:23.381 13751 14127 D OPENHU  : [77] Companion.decrypt | RECV: AUDIO Media Data type: 0 flags: 11 size: 8202 dataOffset: 2
09-15 13:37:23.423 13751 14127 D OPENHU  : [77] Companion.decrypt | RECV: AUDIO Media Data type: 0 flags: 11 size: 8202 dataOffset: 2
09-15 13:37:23.466 13751 14127 D OPENHU  : [77] Companion.decrypt | RECV: AUDIO Media Data type: 0 flags: 11 size: 8202 dataOffset: 2
09-15 13:37:23.509 13751 14127 D OPENHU  : [77] Companion.decrypt | RECV: AUDIO Media Data type: 0 flags: 11 size: 8202 dataOffset: 2
09-15 13:37:23.554 13751 14127 D OPENHU  : [77] Companion.decrypt | RECV: AUDIO Media Data type: 0 flags: 11 size: 8202 dataOffset: 2
09-15 13:37:23.568 13751 14127 D OPENHU  : [77] Companion.decrypt | RECV: CONTROL Ping Request type: 11 flags: 11 size: 12 dataOffset: 2
09-15 13:37:23.569 13751 14127 V OPENHU  : [77] AapTransport.send | CONTROL Ping Response type: 12 flags: 11 size: 14 dataOffset: 6
09-15 13:37:23.594 13751 14127 D OPENHU  : [77] Companion.decrypt | RECV: AUDIO Media Data type: 0 flags: 11 size: 8202 dataOffset: 2
09-15 13:37:23.636 13751 14127 D OPENHU  : [77] Companion.decrypt | RECV: AUDIO Media Data type: 0 flags: 11 size: 8202 dataOffset: 2
09-15 13:37:23.644 13751 14127 D OPENHU  : [77] Companion.decrypt | RECV: MUSIC_PLAYBACK Media Playback Status type: 32769 flags: 11 size: 18 dataOffset: 2
09-15 13:37:23.645 13751 14127 D OPENHU  : [77] AapMediaPlayback.processStatusPacket | AapMediaPlayback: status mediaSource='VLC', playbackSeconds(u32)=186, state=PLAYING
09-15 13:37:23.685 13751 14127 D OPENHU  : [77] Companion.decrypt | RECV: AUDIO Media Data type: 0 flags: 11 size: 8202 dataOffset: 2
09-15 13:37:23.722 13751 14127 D OPENHU  : [77] Companion.decrypt | RECV: AUDIO Media Data type: 0 flags: 11 size: 8202 dataOffset: 2
09-15 13:37:23.766 13751 14127 D OPENHU  : [77] Companion.decrypt | RECV: AUDIO Media Data type: 0 flags: 11 size: 8202 dataOffset: 2
09-15 13:37:23.810 13751 14127 D OPENHU  : [77] Companion.decrypt | RECV: AUDIO Media Data type: 0 flags: 11 size: 8202 dataOffset: 2
09-15 13:37:23.853 13751 14127 D OPENHU  : [77] Companion.decrypt | RECV: AUDIO Media Data type: 0 flags: 11 size: 8202 dataOffset: 2
09-15 13:37:23.894 13751 14127 D OPENHU  : [77] Companion.decrypt | RECV: AUDIO Media Data type: 0 flags: 11 size: 8202 dataOffset: 2
09-15 13:37:23.935 13751 14127 D OPENHU  : [77] Companion.decrypt | RECV: AUDIO Media Data type: 0 flags: 11 size: 8202 dataOffset: 2
09-15 13:37:23.979 13751 14127 D OPENHU  : [77] Companion.decrypt | RECV: AUDIO Media Data type: 0 flags: 11 size: 8202 dataOffset: 2
09-15 13:37:23.999 13751 13751 V OPENHU  : [2] GpsLocation.onLocationChanged | GpsLocation: fix received
09-15 13:37:24.007 13751 13751 V OPENHU  : [2] AapTransport.send | SENSOR Sensor Event type: 32771 flags: 11 size: 46 dataOffset: 6
09-15 13:37:24.020 13751 14127 D OPENHU  : [77] Companion.decrypt | RECV: AUDIO Media Data type: 0 flags: 11 size: 8202 dataOffset: 2
09-15 13:37:24.064 13751 14127 D OPENHU  : [77] Companion.decrypt | RECV: AUDIO Media Data type: 0 flags: 11 size: 8202 dataOffset: 2
09-15 13:37:24.106 13751 14127 D OPENHU  : [77] Companion.decrypt | RECV: AUDIO Media Data type: 0 flags: 11 size: 8202 dataOffset: 2
09-15 13:37:24.152 13751 14127 D OPENHU  : [77] Companion.decrypt | RECV: AUDIO Media Data type: 0 flags: 11 size: 8202 dataOffset: 2
09-15 13:37:24.195 13751 14127 D OPENHU  : [77] Companion.decrypt | RECV: AUDIO Media Data type: 0 flags: 11 size: 8202 dataOffset: 2
09-15 13:37:24.239 13751 14127 D OPENHU  : [77] Companion.decrypt | RECV: AUDIO Media Data type: 0 flags: 11 size: 8202 dataOffset: 2
09-15 13:37:24.278 13751 14127 D OPENHU  : [77] Companion.decrypt | RECV: AUDIO Media Data type: 0 flags: 11 size: 8202 dataOffset: 2
09-15 13:37:24.320 13751 14127 D OPENHU  : [77] Companion.decrypt | RECV: AUDIO Media Data type: 0 flags: 11 size: 8202 dataOffset: 2
09-15 13:37:24.362 13751 14127 D OPENHU  : [77] Companion.decrypt | RECV: AUDIO Media Data type: 0 flags: 11 size: 8202 dataOffset: 2
09-15 13:37:24.406 13751 14127 D OPENHU  : [77] Companion.decrypt | RECV: AUDIO Media Data type: 0 flags: 11 size: 8202 dataOffset: 2
09-15 13:37:24.441 13751 14162 I OPENHU  : [88] VideoDecoder.logThroughput | Throughput over 5006ms: rendered=168 (33fps), fed=169 (33fps), dropped=0, skipped=0, concealed=0, inputWait=80ms, enqueueWait=0ms, codec=c2.unisoc.avc.decoder, presented=168 (33fps), decodeLatency=9ms p95=12ms (168 frames)
09-15 13:37:24.448 13751 14127 D OPENHU  : [77] Companion.decrypt | RECV: AUDIO Media Data type: 0 flags: 11 size: 8202 dataOffset: 2
09-15 13:37:24.490 13751 14127 D OPENHU  : [77] Companion.decrypt | RECV: AUDIO Media Data type: 0 flags: 11 size: 8202 dataOffset: 2
09-15 13:37:24.533 13751 14127 D OPENHU  : [77] Companion.decrypt | RECV: AUDIO Media Data type: 0 flags: 11 size: 8202 dataOffset: 2
09-15 13:37:24.569 13751 14127 D OPENHU  : [77] Companion.decrypt | RECV: CONTROL Ping Request type: 11 flags: 11 size: 12 dataOffset: 2
09-15 13:37:24.570 13751 14127 V OPENHU  : [77] AapTransport.send | CONTROL Ping Response type: 12 flags: 11 size: 14 dataOffset: 6
09-15 13:37:24.576 13751 14127 D OPENHU  : [77] Companion.decrypt | RECV: AUDIO Media Data type: 0 flags: 11 size: 8202 dataOffset: 2
09-15 13:37:24.619 13751 14127 D OPENHU  : [77] Companion.decrypt | RECV: AUDIO Media Data type: 0 flags: 11 size: 8202 dataOffset: 2
09-15 13:37:24.646 13751 14127 D OPENHU  : [77] Companion.decrypt | RECV: MUSIC_PLAYBACK Media Playback Status type: 32769 flags: 11 size: 18 dataOffset: 2
09-15 13:37:24.646 13751 14127 D OPENHU  : [77] AapMediaPlayback.processStatusPacket | AapMediaPlayback: status mediaSource='VLC', playbackSeconds(u32)=187, state=PLAYING
09-15 13:37:24.662 13751 14127 D OPENHU  : [77] Companion.decrypt | RECV: AUDIO Media Data type: 0 flags: 11 size: 8202 dataOffset: 2
09-15 13:37:24.703 13751 14127 D OPENHU  : [77] Companion.decrypt | RECV: AUDIO Media Data type: 0 flags: 11 size: 8202 dataOffset: 2
09-15 13:37:24.746 13751 14127 D OPENHU  : [77] Companion.decrypt | RECV: AUDIO Media Data type: 0 flags: 11 size: 8202 dataOffset: 2
09-15 13:37:24.789 13751 14127 D OPENHU  : [77] Companion.decrypt | RECV: AUDIO Media Data type: 0 flags: 11 size: 8202 dataOffset: 2
09-15 13:37:24.832 13751 14127 D OPENHU  : [77] Companion.decrypt | RECV: AUDIO Media Data type: 0 flags: 11 size: 8202 dataOffset: 2
09-15 13:37:24.876 13751 14127 D OPENHU  : [77] Companion.decrypt | RECV: AUDIO Media Data type: 0 flags: 11 size: 8202 dataOffset: 2
09-15 13:37:24.916 13751 14127 D OPENHU  : [77] Companion.decrypt | RECV: AUDIO Media Data type: 0 flags: 11 size: 8202 dataOffset: 2
09-15 13:37:24.960 13751 14127 D OPENHU  : [77] Companion.decrypt | RECV: AUDIO Media Data type: 0 flags: 11 size: 8202 dataOffset: 2
09-15 13:37:25.003 13751 14127 D OPENHU  : [77] Companion.decrypt | RECV: AUDIO Media Data type: 0 flags: 11 size: 8202 dataOffset: 2
09-15 13:37:25.020 13751 13751 V OPENHU  : [2] GpsLocation.onLocationChanged | GpsLocation: fix received
09-15 13:37:25.030 13751 13751 V OPENHU  : [2] AapTransport.send | SENSOR Sensor Event type: 32771 flags: 11 size: 46 dataOffset: 6
09-15 13:37:25.046 13751 14127 D OPENHU  : [77] Companion.decrypt | RECV: AUDIO Media Data type: 0 flags: 11 size: 8202 dataOffset: 2
09-15 13:37:25.089 13751 14127 D OPENHU  : [77] Companion.decrypt | RECV: AUDIO Media Data type: 0 flags: 11 size: 8202 dataOffset: 2
09-15 13:37:25.130 13751 14127 D OPENHU  : [77] Companion.decrypt | RECV: AUDIO Media Data type: 0 flags: 11 size: 8202 dataOffset: 2
09-15 13:37:25.172 13751 14127 D OPENHU  : [77] Companion.decrypt | RECV: AUDIO Media Data type: 0 flags: 11 size: 8202 dataOffset: 2
09-15 13:37:25.214 13751 14127 D OPENHU  : [77] Companion.decrypt | RECV: AUDIO Media Data type: 0 flags: 11 size: 8202 dataOffset: 2
09-15 13:37:25.258 13751 14127 D OPENHU  : [77] Companion.decrypt | RECV: AUDIO Media Data type: 0 flags: 11 size: 8202 dataOffset: 2
09-15 13:37:25.300 13751 14127 D OPENHU  : [77] Companion.decrypt | RECV: AUDIO Media Data type: 0 flags: 11 size: 8202 dataOffset: 2
09-15 13:37:25.342 13751 14127 D OPENHU  : [77] Companion.decrypt | RECV: AUDIO Media Data type: 0 flags: 11 size: 8202 dataOffset: 2
09-15 13:37:25.386 13751 14127 D OPENHU  : [77] Companion.decrypt | RECV: AUDIO Media Data type: 0 flags: 11 size: 8202 dataOffset: 2
09-15 13:37:25.428 13751 14127 D OPENHU  : [77] Companion.decrypt | RECV: AUDIO Media Data type: 0 flags: 11 size: 8202 dataOffset: 2
09-15 13:37:25.473 13751 14127 D OPENHU  : [77] Companion.decrypt | RECV: AUDIO Media Data type: 0 flags: 11 size: 8202 dataOffset: 2
09-15 13:37:25.515 13751 14127 D OPENHU  : [77] Companion.decrypt | RECV: AUDIO Media Data type: 0 flags: 11 size: 8202 dataOffset: 2
09-15 13:37:25.558 13751 14127 D OPENHU  : [77] Companion.decrypt | RECV: AUDIO Media Data type: 0 flags: 11 size: 8202 dataOffset: 2
09-15 13:37:25.572 13751 14127 D OPENHU  : [77] Companion.decrypt | RECV: CONTROL Ping Request type: 11 flags: 11 size: 12 dataOffset: 2
09-15 13:37:25.573 13751 14127 V OPENHU  : [77] AapTransport.send | CONTROL Ping Response type: 12 flags: 11 size: 14 dataOffset: 6
09-15 13:37:25.602 13751 14127 D OPENHU  : [77] Companion.decrypt | RECV: AUDIO Media Data type: 0 flags: 11 size: 8202 dataOffset: 2
09-15 13:37:25.624 13751 13751 I OPENHU  : [2] TextureProjectionView.onSurfaceTextureUpdated | TextureProjectionView: displayed 153 frames in 5000ms (30fps), longFrames=2
09-15 13:37:25.643 13751 14127 D OPENHU  : [77] Companion.decrypt | RECV: AUDIO Media Data type: 0 flags: 11 size: 8202 dataOffset: 2
09-15 13:37:25.647 13751 14127 D OPENHU  : [77] Companion.decrypt | RECV: MUSIC_PLAYBACK Media Playback Status type: 32769 flags: 11 size: 18 dataOffset: 2
09-15 13:37:25.648 13751 14127 D OPENHU  : [77] AapMediaPlayback.processStatusPacket | AapMediaPlayback: status mediaSource='VLC', playbackSeconds(u32)=188, state=PLAYING
09-15 13:37:25.687 13751 14127 D OPENHU  : [77] Companion.decrypt | RECV: AUDIO Media Data type: 0 flags: 11 size: 8202 dataOffset: 2
09-15 13:37:25.727 13751 14127 D OPENHU  : [77] Companion.decrypt | RECV: AUDIO Media Data type: 0 flags: 11 size: 8202 dataOffset: 2
09-15 13:37:25.771 13751 14127 D OPENHU  : [77] Companion.decrypt | RECV: AUDIO Media Data type: 0 flags: 11 size: 8202 dataOffset: 2
09-15 13:37:25.812 13751 14127 D OPENHU  : [77] Companion.decrypt | RECV: AUDIO Media Data type: 0 flags: 11 size: 8202 dataOffset: 2
09-15 13:37:25.855 13751 14127 D OPENHU  : [77] Companion.decrypt | RECV: AUDIO Media Data type: 0 flags: 11 size: 8202 dataOffset: 2
09-15 13:37:25.901 13751 14127 D OPENHU  : [77] Companion.decrypt | RECV: AUDIO Media Data type: 0 flags: 11 size: 8202 dataOffset: 2
09-15 13:37:25.940 13751 14127 D OPENHU  : [77] Companion.decrypt | RECV: AUDIO Media Data type: 0 flags: 11 size: 8202 dataOffset: 2
09-15 13:37:25.983 13751 14127 D OPENHU  : [77] Companion.decrypt | RECV: AUDIO Media Data type: 0 flags: 11 size: 8202 dataOffset: 2
09-15 13:37:26.000 13751 13751 V OPENHU  : [2] GpsLocation.onLocationChanged | GpsLocation: fix received
09-15 13:37:26.008 13751 13751 V OPENHU  : [2] AapTransport.send | SENSOR Sensor Event type: 32771 flags: 11 size: 46 dataOffset: 6
09-15 13:37:26.028 13751 14127 D OPENHU  : [77] Companion.decrypt | RECV: AUDIO Media Data type: 0 flags: 11 size: 8202 dataOffset: 2
09-15 13:37:26.069 13751 14127 D OPENHU  : [77] Companion.decrypt | RECV: AUDIO Media Data type: 0 flags: 11 size: 8202 dataOffset: 2
09-15 13:37:26.112 13751 14127 D OPENHU  : [77] Companion.decrypt | RECV: AUDIO Media Data type: 0 flags: 11 size: 8202 dataOffset: 2
09-15 13:37:26.155 13751 14127 D OPENHU  : [77] Companion.decrypt | RECV: AUDIO Media Data type: 0 flags: 11 size: 8202 dataOffset: 2
09-15 13:37:26.203 13751 14127 D OPENHU  : [77] Companion.decrypt | RECV: AUDIO Media Data type: 0 flags: 11 size: 8202 dataOffset: 2
09-15 13:37:26.242 13751 14127 D OPENHU  : [77] Companion.decrypt | RECV: AUDIO Media Data type: 0 flags: 11 size: 8202 dataOffset: 2
09-15 13:37:26.283 13751 14127 D OPENHU  : [77] Companion.decrypt | RECV: AUDIO Media Data type: 0 flags: 11 size: 8202 dataOffset: 2
09-15 13:37:26.325 13751 14127 D OPENHU  : [77] Companion.decrypt | RECV: AUDIO Media Data type: 0 flags: 11 size: 8202 dataOffset: 2
09-15 13:37:26.369 13751 14127 D OPENHU  : [77] Companion.decrypt | RECV: AUDIO Media Data type: 0 flags: 11 size: 8202 dataOffset: 2
09-15 13:37:26.412 13751 14127 D OPENHU  : [77] Companion.decrypt | RECV: AUDIO Media Data type: 0 flags: 11 size: 8202 dataOffset: 2
09-15 13:37:26.453 13751 14127 D OPENHU  : [77] Companion.decrypt | RECV: AUDIO Media Data type: 0 flags: 11 size: 8202 dataOffset: 2
09-15 13:37:26.496 13751 14127 D OPENHU  : [77] Companion.decrypt | RECV: AUDIO Media Data type: 0 flags: 11 size: 8202 dataOffset: 2
09-15 13:37:26.541 13751 14127 D OPENHU  : [77] Companion.decrypt | RECV: AUDIO Media Data type: 0 flags: 11 size: 8202 dataOffset: 2
09-15 13:37:26.573 13751 14127 D OPENHU  : [77] Companion.decrypt | RECV: CONTROL Ping Request type: 11 flags: 11 size: 12 dataOffset: 2
09-15 13:37:26.575 13751 14127 V OPENHU  : [77] AapTransport.send | CONTROL Ping Response type: 12 flags: 11 size: 14 dataOffset: 6
09-15 13:37:26.581 13751 14127 D OPENHU  : [77] Companion.decrypt | RECV: AUDIO Media Data type: 0 flags: 11 size: 8202 dataOffset: 2
09-15 13:37:26.624 13751 14127 D OPENHU  : [77] Companion.decrypt | RECV: AUDIO Media Data type: 0 flags: 11 size: 8202 dataOffset: 2
09-15 13:37:26.657 13751 14127 D OPENHU  : [77] Companion.decrypt | RECV: MUSIC_PLAYBACK Media Playback Status type: 32769 flags: 11 size: 18 dataOffset: 2
09-15 13:37:26.658 13751 14127 D OPENHU  : [77] AapMediaPlayback.processStatusPacket | AapMediaPlayback: status mediaSource='VLC', playbackSeconds(u32)=189, state=PLAYING
09-15 13:37:26.669 13751 14127 D OPENHU  : [77] Companion.decrypt | RECV: AUDIO Media Data type: 0 flags: 11 size: 8202 dataOffset: 2
09-15 13:37:26.709 13751 14127 D OPENHU  : [77] Companion.decrypt | RECV: AUDIO Media Data type: 0 flags: 11 size: 8202 dataOffset: 2
09-15 13:37:26.754 13751 14127 D OPENHU  : [77] Companion.decrypt | RECV: AUDIO Media Data type: 0 flags: 11 size: 8202 dataOffset: 2
09-15 13:37:26.797 13751 14127 D OPENHU  : [77] Companion.decrypt | RECV: AUDIO Media Data type: 0 flags: 11 size: 8202 dataOffset: 2
09-15 13:37:26.837 13751 14127 D OPENHU  : [77] Companion.decrypt | RECV: AUDIO Media Data type: 0 flags: 11 size: 8202 dataOffset: 2
09-15 13:37:26.880 13751 14127 D OPENHU  : [77] Companion.decrypt | RECV: AUDIO Media Data type: 0 flags: 11 size: 8202 dataOffset: 2
09-15 13:37:26.926 13751 14127 D OPENHU  : [77] Companion.decrypt | RECV: AUDIO Media Data type: 0 flags: 11 size: 8202 dataOffset: 2
09-15 13:37:26.966 13751 14127 D OPENHU  : [77] Companion.decrypt | RECV: AUDIO Media Data type: 0 flags: 11 size: 8202 dataOffset: 2
09-15 13:37:27.007 13751 14127 D OPENHU  : [77] Companion.decrypt | RECV: AUDIO Media Data type: 0 flags: 11 size: 8202 dataOffset: 2
09-15 13:37:27.029 13751 13751 V OPENHU  : [2] GpsLocation.onLocationChanged | GpsLocation: fix received
09-15 13:37:27.049 13751 13751 V OPENHU  : [2] AapTransport.send | SENSOR Sensor Event type: 32771 flags: 11 size: 46 dataOffset: 6
09-15 13:37:27.051 13751 14127 D OPENHU  : [77] Companion.decrypt | RECV: AUDIO Media Data type: 0 flags: 11 size: 8202 dataOffset: 2
09-15 13:37:27.092 13751 14127 D OPENHU  : [77] Companion.decrypt | RECV: AUDIO Media Data type: 0 flags: 11 size: 8202 dataOffset: 2
09-15 13:37:27.136 13751 14127 D OPENHU  : [77] Companion.decrypt | RECV: AUDIO Media Data type: 0 flags: 11 size: 8202 dataOffset: 2
09-15 13:37:27.178 13751 14127 D OPENHU  : [77] Companion.decrypt | RECV: AUDIO Media Data type: 0 flags: 11 size: 8202 dataOffset: 2
09-15 13:37:27.222 13751 14127 D OPENHU  : [77] Companion.decrypt | RECV: AUDIO Media Data type: 0 flags: 11 size: 8202 dataOffset: 2
09-15 13:37:27.266 13751 14127 D OPENHU  : [77] Companion.decrypt | RECV: AUDIO Media Data type: 0 flags: 11 size: 8202 dataOffset: 2
09-15 13:37:27.305 13751 14127 D OPENHU  : [77] Companion.decrypt | RECV: AUDIO Media Data type: 0 flags: 11 size: 8202 dataOffset: 2
09-15 13:37:27.349 13751 14127 D OPENHU  : [77] Companion.decrypt | RECV: AUDIO Media Data type: 0 flags: 11 size: 8202 dataOffset: 2
09-15 13:37:27.392 13751 14127 D OPENHU  : [77] Companion.decrypt | RECV: AUDIO Media Data type: 0 flags: 11 size: 8202 dataOffset: 2
09-15 13:37:27.437 13751 14127 D OPENHU  : [77] Companion.decrypt | RECV: AUDIO Media Data type: 0 flags: 11 size: 8202 dataOffset: 2
09-15 13:37:27.476 13751 14127 D OPENHU  : [77] Companion.decrypt | RECV: AUDIO Media Data type: 0 flags: 11 size: 8202 dataOffset: 2
09-15 13:37:27.521 13751 14127 D OPENHU  : [77] Companion.decrypt | RECV: AUDIO Media Data type: 0 flags: 11 size: 8202 dataOffset: 2
09-15 13:37:27.563 13751 14127 D OPENHU  : [77] Companion.decrypt | RECV: AUDIO Media Data type: 0 flags: 11 size: 8202 dataOffset: 2
09-15 13:37:27.572 13751 14127 D OPENHU  : [77] Companion.decrypt | RECV: CONTROL Ping Request type: 11 flags: 11 size: 12 dataOffset: 2
09-15 13:37:27.573 13751 14127 V OPENHU  : [77] AapTransport.send | CONTROL Ping Response type: 12 flags: 11 size: 14 dataOffset: 6
09-15 13:37:27.606 13751 14127 D OPENHU  : [77] Companion.decrypt | RECV: AUDIO Media Data type: 0 flags: 11 size: 8202 dataOffset: 2
09-15 13:37:27.648 13751 14127 D OPENHU  : [77] Companion.decrypt | RECV: AUDIO Media Data type: 0 flags: 11 size: 8202 dataOffset: 2
09-15 13:37:27.651 13751 14127 D OPENHU  : [77] Companion.decrypt | RECV: MUSIC_PLAYBACK Media Playback Status type: 32769 flags: 11 size: 18 dataOffset: 2
09-15 13:37:27.652 13751 14127 D OPENHU  : [77] AapMediaPlayback.processStatusPacket | AapMediaPlayback: status mediaSource='VLC', playbackSeconds(u32)=190, state=PLAYING
09-15 13:37:27.690 13751 14127 D OPENHU  : [77] Companion.decrypt | RECV: AUDIO Media Data type: 0 flags: 11 size: 8202 dataOffset: 2
09-15 13:37:27.735 13751 14127 D OPENHU  : [77] Companion.decrypt | RECV: AUDIO Media Data type: 0 flags: 11 size: 8202 dataOffset: 2
09-15 13:37:27.775 13751 14127 D OPENHU  : [77] Companion.decrypt | RECV: AUDIO Media Data type: 0 flags: 11 size: 8202 dataOffset: 2
09-15 13:37:27.818 13751 14127 D OPENHU  : [77] Companion.decrypt | RECV: AUDIO Media Data type: 0 flags: 11 size: 8202 dataOffset: 2
09-15 13:37:27.863 13751 14127 D OPENHU  : [77] Companion.decrypt | RECV: AUDIO Media Data type: 0 flags: 11 size: 8202 dataOffset: 2
09-15 13:37:27.905 13751 14127 D OPENHU  : [77] Companion.decrypt | RECV: AUDIO Media Data type: 0 flags: 11 size: 8202 dataOffset: 2
09-15 13:37:27.946 13751 14127 D OPENHU  : [77] Companion.decrypt | RECV: AUDIO Media Data type: 0 flags: 11 size: 8202 dataOffset: 2
09-15 13:37:27.988 13751 14127 D OPENHU  : [77] Companion.decrypt | RECV: AUDIO Media Data type: 0 flags: 11 size: 8202 dataOffset: 2
09-15 13:37:28.015 13751 13751 V OPENHU  : [2] GpsLocation.onLocationChanged | GpsLocation: fix received
09-15 13:37:28.031 13751 14127 D OPENHU  : [77] Companion.decrypt | RECV: AUDIO Media Data type: 0 flags: 11 size: 8202 dataOffset: 2
09-15 13:37:28.031 13751 13751 V OPENHU  : [2] AapTransport.send | SENSOR Sensor Event type: 32771 flags: 11 size: 46 dataOffset: 6
09-15 13:37:28.081 13751 14127 D OPENHU  : [77] Companion.decrypt | RECV: AUDIO Media Data type: 0 flags: 11 size: 8202 dataOffset: 2
09-15 13:37:28.121 13751 14127 D OPENHU  : [77] Companion.decrypt | RECV: AUDIO Media Data type: 0 flags: 11 size: 8202 dataOffset: 2
09-15 13:37:28.162 13751 14127 D OPENHU  : [77] Companion.decrypt | RECV: AUDIO Media Data type: 0 flags: 11 size: 8202 dataOffset: 2
09-15 13:37:28.204 13751 14127 D OPENHU  : [77] Companion.decrypt | RECV: AUDIO Media Data type: 0 flags: 11 size: 8202 dataOffset: 2
09-15 13:37:28.245 13751 14127 D OPENHU  : [77] Companion.decrypt | RECV: AUDIO Media Data type: 0 flags: 11 size: 8202 dataOffset: 2
09-15 13:37:28.287 13751 14127 D OPENHU  : [77] Companion.decrypt | RECV: AUDIO Media Data type: 0 flags: 11 size: 8202 dataOffset: 2
09-15 13:37:28.332 13751 14127 D OPENHU  : [77] Companion.decrypt | RECV: AUDIO Media Data type: 0 flags: 11 size: 8202 dataOffset: 2
09-15 13:37:28.373 13751 14127 D OPENHU  : [77] Companion.decrypt | RECV: AUDIO Media Data type: 0 flags: 11 size: 8202 dataOffset: 2
09-15 13:37:28.415 13751 14127 D OPENHU  : [77] Companion.decrypt | RECV: AUDIO Media Data type: 0 flags: 11 size: 8202 dataOffset: 2
09-15 13:37:28.458 13751 14127 D OPENHU  : [77] Companion.decrypt | RECV: AUDIO Media Data type: 0 flags: 11 size: 8202 dataOffset: 2
09-15 13:37:28.502 13751 14127 D OPENHU  : [77] Companion.decrypt | RECV: AUDIO Media Data type: 0 flags: 11 size: 8202 dataOffset: 2
09-15 13:37:28.543 13751 14127 D OPENHU  : [77] Companion.decrypt | RECV: AUDIO Media Data type: 0 flags: 11 size: 8202 dataOffset: 2
09-15 13:37:28.572 13751 14127 D OPENHU  : [77] Companion.decrypt | RECV: CONTROL Ping Request type: 11 flags: 11 size: 12 dataOffset: 2
09-15 13:37:28.573 13751 14127 V OPENHU  : [77] AapTransport.send | CONTROL Ping Response type: 12 flags: 11 size: 14 dataOffset: 6
09-15 13:37:28.586 13751 14127 D OPENHU  : [77] Companion.decrypt | RECV: AUDIO Media Data type: 0 flags: 11 size: 8202 dataOffset: 2
09-15 13:37:28.628 13751 14127 D OPENHU  : [77] Companion.decrypt | RECV: AUDIO Media Data type: 0 flags: 11 size: 8202 dataOffset: 2
09-15 13:37:28.649 13751 14127 D OPENHU  : [77] Companion.decrypt | RECV: MUSIC_PLAYBACK Media Playback Status type: 32769 flags: 11 size: 18 dataOffset: 2
09-15 13:37:28.650 13751 14127 D OPENHU  : [77] AapMediaPlayback.processStatusPacket | AapMediaPlayback: status mediaSource='VLC', playbackSeconds(u32)=191, state=PLAYING
09-15 13:37:28.671 13751 14127 D OPENHU  : [77] Companion.decrypt | RECV: AUDIO Media Data type: 0 flags: 11 size: 8202 dataOffset: 2
09-15 13:37:28.718 13751 14127 D OPENHU  : [77] Companion.decrypt | RECV: AUDIO Media Data type: 0 flags: 11 size: 8202 dataOffset: 2
09-15 13:37:28.757 13751 14127 D OPENHU  : [77] Companion.decrypt | RECV: AUDIO Media Data type: 0 flags: 11 size: 8202 dataOffset: 2
09-15 13:37:28.803 13751 14127 D OPENHU  : [77] Companion.decrypt | RECV: AUDIO Media Data type: 0 flags: 11 size: 8202 dataOffset: 2
09-15 13:37:28.843 13751 14127 D OPENHU  : [77] Companion.decrypt | RECV: AUDIO Media Data type: 0 flags: 11 size: 8202 dataOffset: 2
09-15 13:37:28.885 13751 14127 D OPENHU  : [77] Companion.decrypt | RECV: AUDIO Media Data type: 0 flags: 11 size: 8202 dataOffset: 2
09-15 13:37:28.928 13751 14127 D OPENHU  : [77] Companion.decrypt | RECV: AUDIO Media Data type: 0 flags: 11 size: 8202 dataOffset: 2
09-15 13:37:28.972 13751 14127 D OPENHU  : [77] Companion.decrypt | RECV: AUDIO Media Data type: 0 flags: 11 size: 8202 dataOffset: 2
09-15 13:37:29.013 13751 14127 D OPENHU  : [77] Companion.decrypt | RECV: AUDIO Media Data type: 0 flags: 11 size: 8202 dataOffset: 2
09-15 13:37:29.030 13751 13751 V OPENHU  : [2] GpsLocation.onLocationChanged | GpsLocation: fix received
09-15 13:37:29.049 13751 13751 V OPENHU  : [2] AapTransport.send | SENSOR Sensor Event type: 32771 flags: 11 size: 46 dataOffset: 6
09-15 13:37:29.055 13751 14127 D OPENHU  : [77] Companion.decrypt | RECV: AUDIO Media Data type: 0 flags: 11 size: 8202 dataOffset: 2
09-15 13:37:29.100 13751 14127 D OPENHU  : [77] Companion.decrypt | RECV: AUDIO Media Data type: 0 flags: 11 size: 8202 dataOffset: 2
09-15 13:37:29.140 13751 14127 D OPENHU  : [77] Companion.decrypt | RECV: AUDIO Media Data type: 0 flags: 11 size: 8202 dataOffset: 2
09-15 13:37:29.184 13751 14127 D OPENHU  : [77] Companion.decrypt | RECV: AUDIO Media Data type: 0 flags: 11 size: 8202 dataOffset: 2
09-15 13:37:29.226 13751 14127 D OPENHU  : [77] Companion.decrypt | RECV: AUDIO Media Data type: 0 flags: 11 size: 8202 dataOffset: 2
09-15 13:37:29.268 13751 14127 D OPENHU  : [77] Companion.decrypt | RECV: AUDIO Media Data type: 0 flags: 11 size: 8202 dataOffset: 2
09-15 13:37:29.314 13751 14127 D OPENHU  : [77] Companion.decrypt | RECV: AUDIO Media Data type: 0 flags: 11 size: 8202 dataOffset: 2
09-15 13:37:29.354 13751 14127 D OPENHU  : [77] Companion.decrypt | RECV: AUDIO Media Data type: 0 flags: 11 size: 8202 dataOffset: 2
09-15 13:37:29.397 13751 14127 D OPENHU  : [77] Companion.decrypt | RECV: AUDIO Media Data type: 0 flags: 11 size: 8202 dataOffset: 2
09-15 13:37:29.442 13751 14162 I OPENHU  : [88] VideoDecoder.logThroughput | Throughput over 5002ms: rendered=218 (43fps), fed=218 (43fps), dropped=0, skipped=0, concealed=0, inputWait=98ms, enqueueWait=0ms, codec=c2.unisoc.avc.decoder, presented=218 (43fps), decodeLatency=9ms p95=12ms (218 frames)
09-15 13:37:29.442 13751 14127 D OPENHU  : [77] Companion.decrypt | RECV: AUDIO Media Data type: 0 flags: 11 size: 8202 dataOffset: 2
09-15 13:37:29.482 13751 14127 D OPENHU  : [77] Companion.decrypt | RECV: AUDIO Media Data type: 0 flags: 11 size: 8202 dataOffset: 2
09-15 13:37:29.524 13751 14127 D OPENHU  : [77] Companion.decrypt | RECV: AUDIO Media Data type: 0 flags: 11 size: 8202 dataOffset: 2
09-15 13:37:29.568 13751 14127 D OPENHU  : [77] Companion.decrypt | RECV: AUDIO Media Data type: 0 flags: 11 size: 8202 dataOffset: 2
09-15 13:37:29.575 13751 14127 D OPENHU  : [77] Companion.decrypt | RECV: CONTROL Ping Request type: 11 flags: 11 size: 12 dataOffset: 2
09-15 13:37:29.576 13751 14127 V OPENHU  : [77] AapTransport.send | CONTROL Ping Response type: 12 flags: 11 size: 14 dataOffset: 6
09-15 13:37:29.610 13751 14127 D OPENHU  : [77] Companion.decrypt | RECV: AUDIO Media Data type: 0 flags: 11 size: 8202 dataOffset: 2
09-15 13:37:29.651 13751 14127 D OPENHU  : [77] Companion.decrypt | RECV: MUSIC_PLAYBACK Media Playback Status type: 32769 flags: 11 size: 18 dataOffset: 2
09-15 13:37:29.652 13751 14127 D OPENHU  : [77] AapMediaPlayback.processStatusPacket | AapMediaPlayback: status mediaSource='VLC', playbackSeconds(u32)=192, state=PLAYING
09-15 13:37:29.653 13751 14127 D OPENHU  : [77] Companion.decrypt | RECV: AUDIO Media Data type: 0 flags: 11 size: 8202 dataOffset: 2
09-15 13:37:29.697 13751 14127 D OPENHU  : [77] Companion.decrypt | RECV: AUDIO Media Data type: 0 flags: 11 size: 8202 dataOffset: 2
09-15 13:37:29.738 13751 14127 D OPENHU  : [77] Companion.decrypt | RECV: AUDIO Media Data type: 0 flags: 11 size: 8202 dataOffset: 2
09-15 13:37:29.780 13751 14127 D OPENHU  : [77] Companion.decrypt | RECV: AUDIO Media Data type: 0 flags: 11 size: 8202 dataOffset: 2
09-15 13:37:29.823 13751 14127 D OPENHU  : [77] Companion.decrypt | RECV: AUDIO Media Data type: 0 flags: 11 size: 8202 dataOffset: 2
09-15 13:37:29.868 13751 14127 D OPENHU  : [77] Companion.decrypt | RECV: AUDIO Media Data type: 0 flags: 11 size: 8202 dataOffset: 2
09-15 13:37:29.908 13751 14127 D OPENHU  : [77] Companion.decrypt | RECV: AUDIO Media Data type: 0 flags: 11 size: 8202 dataOffset: 2
09-15 13:37:29.951 13751 14127 D OPENHU  : [77] Companion.decrypt | RECV: AUDIO Media Data type: 0 flags: 11 size: 8202 dataOffset: 2
09-15 13:37:29.997 13751 14127 D OPENHU  : [77] Companion.decrypt | RECV: AUDIO Media Data type: 0 flags: 11 size: 8202 dataOffset: 2
09-15 13:37:29.997 13751 13751 V OPENHU  : [2] GpsLocation.onLocationChanged | GpsLocation: fix received
09-15 13:37:30.005 13751 13751 V OPENHU  : [2] AapTransport.send | SENSOR Sensor Event type: 32771 flags: 11 size: 46 dataOffset: 6
09-15 13:37:30.039 13751 14127 D OPENHU  : [77] Companion.decrypt | RECV: AUDIO Media Data type: 0 flags: 11 size: 8202 dataOffset: 2
09-15 13:37:30.082 13751 14127 D OPENHU  : [77] Companion.decrypt | RECV: AUDIO Media Data type: 0 flags: 11 size: 8202 dataOffset: 2
09-15 13:37:30.122 13751 14127 D OPENHU  : [77] Companion.decrypt | RECV: AUDIO Media Data type: 0 flags: 11 size: 8202 dataOffset: 2
09-15 13:37:30.167 13751 14127 D OPENHU  : [77] Companion.decrypt | RECV: AUDIO Media Data type: 0 flags: 11 size: 8202 dataOffset: 2
09-15 13:37:30.210 13751 14127 D OPENHU  : [77] Companion.decrypt | RECV: AUDIO Media Data type: 0 flags: 11 size: 8202 dataOffset: 2
09-15 13:37:30.250 13751 14127 D OPENHU  : [77] Companion.decrypt | RECV: AUDIO Media Data type: 0 flags: 11 size: 8202 dataOffset: 2
09-15 13:37:30.294 13751 14127 D OPENHU  : [77] Companion.decrypt | RECV: AUDIO Media Data type: 0 flags: 11 size: 8202 dataOffset: 2
09-15 13:37:30.336 13751 14127 D OPENHU  : [77] Companion.decrypt | RECV: AUDIO Media Data type: 0 flags: 11 size: 8202 dataOffset: 2
09-15 13:37:30.377 13751 14127 D OPENHU  : [77] Companion.decrypt | RECV: AUDIO Media Data type: 0 flags: 11 size: 8202 dataOffset: 2
09-15 13:37:30.424 13751 14127 D OPENHU  : [77] Companion.decrypt | RECV: AUDIO Media Data type: 0 flags: 11 size: 8202 dataOffset: 2
09-15 13:37:30.465 13751 14127 D OPENHU  : [77] Companion.decrypt | RECV: AUDIO Media Data type: 0 flags: 11 size: 8202 dataOffset: 2
09-15 13:37:30.509 13751 14127 D OPENHU  : [77] Companion.decrypt | RECV: AUDIO Media Data type: 0 flags: 11 size: 8202 dataOffset: 2
09-15 13:37:30.554 13751 14127 D OPENHU  : [77] Companion.decrypt | RECV: AUDIO Media Data type: 0 flags: 11 size: 8202 dataOffset: 2
09-15 13:37:30.576 13751 14127 D OPENHU  : [77] Companion.decrypt | RECV: CONTROL Ping Request type: 11 flags: 11 size: 12 dataOffset: 2
09-15 13:37:30.578 13751 14127 V OPENHU  : [77] AapTransport.send | CONTROL Ping Response type: 12 flags: 11 size: 14 dataOffset: 6
09-15 13:37:30.596 13751 14127 D OPENHU  : [77] Companion.decrypt | RECV: AUDIO Media Data type: 0 flags: 11 size: 8202 dataOffset: 2
09-15 13:37:30.637 13751 14127 D OPENHU  : [77] Companion.decrypt | RECV: AUDIO Media Data type: 0 flags: 11 size: 8202 dataOffset: 2
09-15 13:37:30.652 13751 14127 D OPENHU  : [77] Companion.decrypt | RECV: MUSIC_PLAYBACK Media Playback Status type: 32769 flags: 11 size: 18 dataOffset: 2
09-15 13:37:30.653 13751 14127 D OPENHU  : [77] AapMediaPlayback.processStatusPacket | AapMediaPlayback: status mediaSource='VLC', playbackSeconds(u32)=193, state=PLAYING
09-15 13:37:30.659 13751 13751 I OPENHU  : [2] TextureProjectionView.onSurfaceTextureUpdated | TextureProjectionView: displayed 171 frames in 5035ms (33fps), longFrames=2
09-15 13:37:30.679 13751 14127 D OPENHU  : [77] Companion.decrypt | RECV: AUDIO Media Data type: 0 flags: 11 size: 8202 dataOffset: 2
09-15 13:37:30.719 13751 14127 D OPENHU  : [77] Companion.decrypt | RECV: AUDIO Media Data type: 0 flags: 11 size: 8202 dataOffset: 2
09-15 13:37:30.762 13751 14127 D OPENHU  : [77] Companion.decrypt | RECV: AUDIO Media Data type: 0 flags: 11 size: 8202 dataOffset: 2
09-15 13:37:30.812 13751 14127 D OPENHU  : [77] Companion.decrypt | RECV: AUDIO Media Data type: 0 flags: 11 size: 8202 dataOffset: 2
09-15 13:37:30.847 13751 14127 D OPENHU  : [77] Companion.decrypt | RECV: AUDIO Media Data type: 0 flags: 11 size: 8202 dataOffset: 2
09-15 13:37:30.890 13751 14127 D OPENHU  : [77] Companion.decrypt | RECV: AUDIO Media Data type: 0 flags: 11 size: 8202 dataOffset: 2
09-15 13:37:30.934 13751 14127 D OPENHU  : [77] Companion.decrypt | RECV: AUDIO Media Data type: 0 flags: 11 size: 8202 dataOffset: 2
09-15 13:37:30.977 13751 14127 D OPENHU  : [77] Companion.decrypt | RECV: AUDIO Media Data type: 0 flags: 11 size: 8202 dataOffset: 2
09-15 13:37:31.020 13751 13751 V OPENHU  : [2] GpsLocation.onLocationChanged | GpsLocation: fix received
09-15 13:37:31.022 13751 14127 D OPENHU  : [77] Companion.decrypt | RECV: AUDIO Media Data type: 0 flags: 11 size: 8202 dataOffset: 2
09-15 13:37:31.027 13751 13751 V OPENHU  : [2] AapTransport.send | SENSOR Sensor Event type: 32771 flags: 11 size: 46 dataOffset: 6
09-15 13:37:31.063 13751 14127 D OPENHU  : [77] Companion.decrypt | RECV: AUDIO Media Data type: 0 flags: 11 size: 8202 dataOffset: 2
09-15 13:37:31.105 13751 14127 D OPENHU  : [77] Companion.decrypt | RECV: AUDIO Media Data type: 0 flags: 11 size: 8202 dataOffset: 2
09-15 13:37:31.149 13751 14127 D OPENHU  : [77] Companion.decrypt | RECV: AUDIO Media Data type: 0 flags: 11 size: 8202 dataOffset: 2
09-15 13:37:31.191 13751 14127 D OPENHU  : [77] Companion.decrypt | RECV: AUDIO Media Data type: 0 flags: 11 size: 8202 dataOffset: 2
09-15 13:37:31.232 13751 14127 D OPENHU  : [77] Companion.decrypt | RECV: AUDIO Media Data type: 0 flags: 11 size: 8202 dataOffset: 2
09-15 13:37:31.273 13751 14127 D OPENHU  : [77] Companion.decrypt | RECV: AUDIO Media Data type: 0 flags: 11 size: 8202 dataOffset: 2
09-15 13:37:31.318 13751 14127 D OPENHU  : [77] Companion.decrypt | RECV: AUDIO Media Data type: 0 flags: 11 size: 8202 dataOffset: 2
09-15 13:37:31.360 13751 14127 D OPENHU  : [77] Companion.decrypt | RECV: AUDIO Media Data type: 0 flags: 11 size: 8202 dataOffset: 2
09-15 13:37:31.402 13751 14127 D OPENHU  : [77] Companion.decrypt | RECV: AUDIO Media Data type: 0 flags: 11 size: 8202 dataOffset: 2
09-15 13:37:31.444 13751 14127 D OPENHU  : [77] Companion.decrypt | RECV: AUDIO Media Data type: 0 flags: 11 size: 8202 dataOffset: 2
09-15 13:37:31.489 13751 14127 D OPENHU  : [77] Companion.decrypt | RECV: AUDIO Media Data type: 0 flags: 11 size: 8202 dataOffset: 2
09-15 13:37:31.532 13751 14127 D OPENHU  : [77] Companion.decrypt | RECV: AUDIO Media Data type: 0 flags: 11 size: 8202 dataOffset: 2
09-15 13:37:31.571 13751 14127 D OPENHU  : [77] Companion.decrypt | RECV: AUDIO Media Data type: 0 flags: 11 size: 8202 dataOffset: 2
09-15 13:37:31.575 13751 14127 D OPENHU  : [77] Companion.decrypt | RECV: CONTROL Ping Request type: 11 flags: 11 size: 12 dataOffset: 2
09-15 13:37:31.576 13751 14127 V OPENHU  : [77] AapTransport.send | CONTROL Ping Response type: 12 flags: 11 size: 14 dataOffset: 6
09-15 13:37:31.616 13751 14127 D OPENHU  : [77] Companion.decrypt | RECV: AUDIO Media Data type: 0 flags: 11 size: 8202 dataOffset: 2
09-15 13:37:31.654 13751 14127 D OPENHU  : [77] Companion.decrypt | RECV: MUSIC_PLAYBACK Media Playback Status type: 32769 flags: 11 size: 18 dataOffset: 2
09-15 13:37:31.655 13751 14127 D OPENHU  : [77] AapMediaPlayback.processStatusPacket | AapMediaPlayback: status mediaSource='VLC', playbackSeconds(u32)=194, state=PLAYING
09-15 13:37:31.660 13751 14127 D OPENHU  : [77] Companion.decrypt | RECV: AUDIO Media Data type: 0 flags: 11 size: 8202 dataOffset: 2
09-15 13:37:31.701 13751 14127 D OPENHU  : [77] Companion.decrypt | RECV: AUDIO Media Data type: 0 flags: 11 size: 8202 dataOffset: 2
09-15 13:37:31.744 13751 14127 D OPENHU  : [77] Companion.decrypt | RECV: AUDIO Media Data type: 0 flags: 11 size: 8202 dataOffset: 2
09-15 13:37:31.785 13751 14127 D OPENHU  : [77] Companion.decrypt | RECV: AUDIO Media Data type: 0 flags: 11 size: 8202 dataOffset: 2
09-15 13:37:31.829 13751 14127 D OPENHU  : [77] Companion.decrypt | RECV: AUDIO Media Data type: 0 flags: 11 size: 8202 dataOffset: 2
09-15 13:37:31.871 13751 14127 D OPENHU  : [77] Companion.decrypt | RECV: AUDIO Media Data type: 0 flags: 11 size: 8202 dataOffset: 2
09-15 13:37:31.915 13751 14127 D OPENHU  : [77] Companion.decrypt | RECV: AUDIO Media Data type: 0 flags: 11 size: 8202 dataOffset: 2
09-15 13:37:31.956 13751 14127 D OPENHU  : [77] Companion.decrypt | RECV: AUDIO Media Data type: 0 flags: 11 size: 8202 dataOffset: 2
09-15 13:37:31.999 13751 13751 V OPENHU  : [2] GpsLocation.onLocationChanged | GpsLocation: fix received
09-15 13:37:32.001 13751 14127 D OPENHU  : [77] Companion.decrypt | RECV: AUDIO Media Data type: 0 flags: 11 size: 8202 dataOffset: 2
09-15 13:37:32.008 13751 13751 V OPENHU  : [2] AapTransport.send | SENSOR Sensor Event type: 32771 flags: 11 size: 46 dataOffset: 6
09-15 13:37:32.042 13751 14127 D OPENHU  : [77] Companion.decrypt | RECV: AUDIO Media Data type: 0 flags: 11 size: 8202 dataOffset: 2
09-15 13:37:32.084 13751 14127 D OPENHU  : [77] Companion.decrypt | RECV: AUDIO Media Data type: 0 flags: 11 size: 8202 dataOffset: 2
09-15 13:37:32.127 13751 14127 D OPENHU  : [77] Companion.decrypt | RECV: AUDIO Media Data type: 0 flags: 11 size: 8202 dataOffset: 2
09-15 13:37:32.175 13751 14127 D OPENHU  : [77] Companion.decrypt | RECV: AUDIO Media Data type: 0 flags: 11 size: 8202 dataOffset: 2
09-15 13:37:32.212 13751 14127 D OPENHU  : [77] Companion.decrypt | RECV: AUDIO Media Data type: 0 flags: 11 size: 8202 dataOffset: 2
09-15 13:37:32.256 13751 14127 D OPENHU  : [77] Companion.decrypt | RECV: AUDIO Media Data type: 0 flags: 11 size: 8202 dataOffset: 2
09-15 13:37:32.300 13751 14127 D OPENHU  : [77] Companion.decrypt | RECV: AUDIO Media Data type: 0 flags: 11 size: 8202 dataOffset: 2
09-15 13:37:32.340 13751 14127 D OPENHU  : [77] Companion.decrypt | RECV: AUDIO Media Data type: 0 flags: 11 size: 8202 dataOffset: 2
09-15 13:37:32.384 13751 14127 D OPENHU  : [77] Companion.decrypt | RECV: AUDIO Media Data type: 0 flags: 11 size: 8202 dataOffset: 2
09-15 13:37:32.426 13751 14127 D OPENHU  : [77] Companion.decrypt | RECV: AUDIO Media Data type: 0 flags: 11 size: 8202 dataOffset: 2
09-15 13:37:32.470 13751 14127 D OPENHU  : [77] Companion.decrypt | RECV: AUDIO Media Data type: 0 flags: 11 size: 8202 dataOffset: 2
09-15 13:37:32.511 13751 14127 D OPENHU  : [77] Companion.decrypt | RECV: AUDIO Media Data type: 0 flags: 11 size: 8202 dataOffset: 2
09-15 13:37:32.556 13751 14127 D OPENHU  : [77] Companion.decrypt | RECV: AUDIO Media Data type: 0 flags: 11 size: 8202 dataOffset: 2
09-15 13:37:32.576 13751 14127 D OPENHU  : [77] Companion.decrypt | RECV: CONTROL Ping Request type: 11 flags: 11 size: 12 dataOffset: 2
09-15 13:37:32.577 13751 14127 V OPENHU  : [77] AapTransport.send | CONTROL Ping Response type: 12 flags: 11 size: 14 dataOffset: 6
09-15 13:37:32.598 13751 14127 D OPENHU  : [77] Companion.decrypt | RECV: AUDIO Media Data type: 0 flags: 11 size: 8202 dataOffset: 2
09-15 13:37:32.648 13751 14127 D OPENHU  : [77] Companion.decrypt | RECV: AUDIO Media Data type: 0 flags: 11 size: 8202 dataOffset: 2
09-15 13:37:32.656 13751 14127 D OPENHU  : [77] Companion.decrypt | RECV: MUSIC_PLAYBACK Media Playback Status type: 32769 flags: 11 size: 18 dataOffset: 2
09-15 13:37:32.657 13751 14127 D OPENHU  : [77] AapMediaPlayback.processStatusPacket | AapMediaPlayback: status mediaSource='VLC', playbackSeconds(u32)=195, state=PLAYING
09-15 13:37:32.683 13751 14127 D OPENHU  : [77] Companion.decrypt | RECV: AUDIO Media Data type: 0 flags: 11 size: 8202 dataOffset: 2
09-15 13:37:32.725 13751 14127 D OPENHU  : [77] Companion.decrypt | RECV: AUDIO Media Data type: 0 flags: 11 size: 8202 dataOffset: 2
09-15 13:37:32.768 13751 14127 D OPENHU  : [77] Companion.decrypt | RECV: AUDIO Media Data type: 0 flags: 11 size: 8202 dataOffset: 2
09-15 13:37:32.812 13751 14127 D OPENHU  : [77] Companion.decrypt | RECV: AUDIO Media Data type: 0 flags: 11 size: 8202 dataOffset: 2
09-15 13:37:32.852 13751 14127 D OPENHU  : [77] Companion.decrypt | RECV: AUDIO Media Data type: 0 flags: 11 size: 8202 dataOffset: 2
09-15 13:37:32.898 13751 14127 D OPENHU  : [77] Companion.decrypt | RECV: AUDIO Media Data type: 0 flags: 11 size: 8202 dataOffset: 2
09-15 13:37:32.938 13751 14127 D OPENHU  : [77] Companion.decrypt | RECV: AUDIO Media Data type: 0 flags: 11 size: 8202 dataOffset: 2
09-15 13:37:32.981 13751 14127 D OPENHU  : [77] Companion.decrypt | RECV: AUDIO Media Data type: 0 flags: 11 size: 8202 dataOffset: 2
09-15 13:37:33.021 13751 13751 V OPENHU  : [2] GpsLocation.onLocationChanged | GpsLocation: fix received
09-15 13:37:33.027 13751 14127 D OPENHU  : [77] Companion.decrypt | RECV: AUDIO Media Data type: 0 flags: 11 size: 8202 dataOffset: 2
09-15 13:37:33.027 13751 13751 V OPENHU  : [2] AapTransport.send | SENSOR Sensor Event type: 32771 flags: 11 size: 46 dataOffset: 6
09-15 13:37:33.067 13751 14127 D OPENHU  : [77] Companion.decrypt | RECV: AUDIO Media Data type: 0 flags: 11 size: 8202 dataOffset: 2
09-15 13:37:33.109 13751 14127 D OPENHU  : [77] Companion.decrypt | RECV: AUDIO Media Data type: 0 flags: 11 size: 8202 dataOffset: 2
09-15 13:37:33.155 13751 14127 D OPENHU  : [77] Companion.decrypt | RECV: AUDIO Media Data type: 0 flags: 11 size: 8202 dataOffset: 2
09-15 13:37:33.196 13751 14127 D OPENHU  : [77] Companion.decrypt | RECV: AUDIO Media Data type: 0 flags: 11 size: 8202 dataOffset: 2
09-15 13:37:33.241 13751 14127 D OPENHU  : [77] Companion.decrypt | RECV: AUDIO Media Data type: 0 flags: 11 size: 8202 dataOffset: 2
09-15 13:37:33.284 13751 14127 D OPENHU  : [77] Companion.decrypt | RECV: AUDIO Media Data type: 0 flags: 11 size: 8202 dataOffset: 2
09-15 13:37:33.321 13751 14127 D OPENHU  : [77] Companion.decrypt | RECV: AUDIO Media Data type: 0 flags: 11 size: 8202 dataOffset: 2
09-15 13:37:33.366 13751 14127 D OPENHU  : [77] Companion.decrypt | RECV: AUDIO Media Data type: 0 flags: 11 size: 8202 dataOffset: 2
09-15 13:37:33.410 13751 14127 D OPENHU  : [77] Companion.decrypt | RECV: AUDIO Media Data type: 0 flags: 11 size: 8202 dataOffset: 2
09-15 13:37:33.451 13751 14127 D OPENHU  : [77] Companion.decrypt | RECV: AUDIO Media Data type: 0 flags: 11 size: 8202 dataOffset: 2
09-15 13:37:33.493 13751 14127 D OPENHU  : [77] Companion.decrypt | RECV: AUDIO Media Data type: 0 flags: 11 size: 8202 dataOffset: 2
09-15 13:37:33.535 13751 14127 D OPENHU  : [77] Companion.decrypt | RECV: AUDIO Media Data type: 0 flags: 11 size: 8202 dataOffset: 2
09-15 13:37:33.577 13751 14127 D OPENHU  : [77] Companion.decrypt | RECV: CONTROL Ping Request type: 11 flags: 11 size: 12 dataOffset: 2
09-15 13:37:33.578 13751 14127 V OPENHU  : [77] AapTransport.send | CONTROL Ping Response type: 12 flags: 11 size: 14 dataOffset: 6
09-15 13:37:33.580 13751 14127 D OPENHU  : [77] Companion.decrypt | RECV: AUDIO Media Data type: 0 flags: 11 size: 8202 dataOffset: 2
09-15 13:37:33.620 13751 14127 D OPENHU  : [77] Companion.decrypt | RECV: AUDIO Media Data type: 0 flags: 11 size: 8202 dataOffset: 2
09-15 13:37:33.653 13751 14127 D OPENHU  : [77] Companion.decrypt | RECV: MUSIC_PLAYBACK Media Playback Status type: 32769 flags: 11 size: 18 dataOffset: 2
09-15 13:37:33.654 13751 14127 D OPENHU  : [77] AapMediaPlayback.processStatusPacket | AapMediaPlayback: status mediaSource='VLC', playbackSeconds(u32)=196, state=PLAYING
09-15 13:37:33.664 13751 14127 D OPENHU  : [77] Companion.decrypt | RECV: AUDIO Media Data type: 0 flags: 11 size: 8202 dataOffset: 2
09-15 13:37:33.705 13751 14127 D OPENHU  : [77] Companion.decrypt | RECV: AUDIO Media Data type: 0 flags: 11 size: 8202 dataOffset: 2
09-15 13:37:33.756 13751 14127 D OPENHU  : [77] Companion.decrypt | RECV: AUDIO Media Data type: 0 flags: 11 size: 8202 dataOffset: 2
09-15 13:37:33.792 13751 14127 D OPENHU  : [77] Companion.decrypt | RECV: AUDIO Media Data type: 0 flags: 11 size: 8202 dataOffset: 2
09-15 13:37:33.833 13751 14127 D OPENHU  : [77] Companion.decrypt | RECV: AUDIO Media Data type: 0 flags: 11 size: 8202 dataOffset: 2
09-15 13:37:33.878 13751 14127 D OPENHU  : [77] Companion.decrypt | RECV: AUDIO Media Data type: 0 flags: 11 size: 8202 dataOffset: 2
09-15 13:37:33.921 13751 14127 D OPENHU  : [77] Companion.decrypt | RECV: AUDIO Media Data type: 0 flags: 11 size: 8202 dataOffset: 2
09-15 13:37:33.963 13751 14127 D OPENHU  : [77] Companion.decrypt | RECV: AUDIO Media Data type: 0 flags: 11 size: 8202 dataOffset: 2
09-15 13:37:33.999 13751 13751 V OPENHU  : [2] GpsLocation.onLocationChanged | GpsLocation: fix received
09-15 13:37:34.005 13751 14127 D OPENHU  : [77] Companion.decrypt | RECV: AUDIO Media Data type: 0 flags: 11 size: 8202 dataOffset: 2
09-15 13:37:34.006 13751 13751 V OPENHU  : [2] AapTransport.send | SENSOR Sensor Event type: 32771 flags: 11 size: 46 dataOffset: 6
09-15 13:37:34.048 13751 14127 D OPENHU  : [77] Companion.decrypt | RECV: AUDIO Media Data type: 0 flags: 11 size: 8202 dataOffset: 2
09-15 13:37:34.090 13751 14127 D OPENHU  : [77] Companion.decrypt | RECV: AUDIO Media Data type: 0 flags: 11 size: 8202 dataOffset: 2
09-15 13:37:34.132 13751 14127 D OPENHU  : [77] Companion.decrypt | RECV: AUDIO Media Data type: 0 flags: 11 size: 8202 dataOffset: 2
09-15 13:37:34.175 13751 14127 D OPENHU  : [77] Companion.decrypt | RECV: AUDIO Media Data type: 0 flags: 11 size: 8202 dataOffset: 2
09-15 13:37:34.217 13751 14127 D OPENHU  : [77] Companion.decrypt | RECV: AUDIO Media Data type: 0 flags: 11 size: 8202 dataOffset: 2
09-15 13:37:34.260 13751 14127 D OPENHU  : [77] Companion.decrypt | RECV: AUDIO Media Data type: 0 flags: 11 size: 8202 dataOffset: 2
09-15 13:37:34.304 13751 14127 D OPENHU  : [77] Companion.decrypt | RECV: AUDIO Media Data type: 0 flags: 11 size: 8202 dataOffset: 2
09-15 13:37:34.345 13751 14127 D OPENHU  : [77] Companion.decrypt | RECV: AUDIO Media Data type: 0 flags: 11 size: 8202 dataOffset: 2
09-15 13:37:34.391 13751 14127 D OPENHU  : [77] Companion.decrypt | RECV: AUDIO Media Data type: 0 flags: 11 size: 8202 dataOffset: 2
09-15 13:37:34.433 13751 14127 D OPENHU  : [77] Companion.decrypt | RECV: AUDIO Media Data type: 0 flags: 11 size: 8202 dataOffset: 2
09-15 13:37:34.442 13751 14162 I OPENHU  : [88] VideoDecoder.logThroughput | Throughput over 5000ms: rendered=187 (37fps), fed=186 (37fps), dropped=0, skipped=0, concealed=0, inputWait=99ms, enqueueWait=0ms, codec=c2.unisoc.avc.decoder, presented=187 (37fps), decodeLatency=9ms p95=13ms (187 frames)
09-15 13:37:34.474 13751 14127 D OPENHU  : [77] Companion.decrypt | RECV: AUDIO Media Data type: 0 flags: 11 size: 8202 dataOffset: 2
09-15 13:37:34.519 13751 14127 D OPENHU  : [77] Companion.decrypt | RECV: AUDIO Media Data type: 0 flags: 11 size: 8202 dataOffset: 2
09-15 13:37:34.563 13751 14127 D OPENHU  : [77] Companion.decrypt | RECV: AUDIO Media Data type: 0 flags: 11 size: 8202 dataOffset: 2
09-15 13:37:34.577 13751 14127 D OPENHU  : [77] Companion.decrypt | RECV: CONTROL Ping Request type: 11 flags: 11 size: 12 dataOffset: 2
09-15 13:37:34.578 13751 14127 V OPENHU  : [77] AapTransport.send | CONTROL Ping Response type: 12 flags: 11 size: 14 dataOffset: 6
09-15 13:37:34.603 13751 14127 D OPENHU  : [77] Companion.decrypt | RECV: AUDIO Media Data type: 0 flags: 11 size: 8202 dataOffset: 2
09-15 13:37:34.645 13751 14127 D OPENHU  : [77] Companion.decrypt | RECV: AUDIO Media Data type: 0 flags: 11 size: 8202 dataOffset: 2
09-15 13:37:34.656 13751 14127 D OPENHU  : [77] Companion.decrypt | RECV: MUSIC_PLAYBACK Media Playback Status type: 32769 flags: 11 size: 18 dataOffset: 2
09-15 13:37:34.657 13751 14127 D OPENHU  : [77] AapMediaPlayback.processStatusPacket | AapMediaPlayback: status mediaSource='VLC', playbackSeconds(u32)=197, state=PLAYING
09-15 13:37:34.687 13751 14127 D OPENHU  : [77] Companion.decrypt | RECV: AUDIO Media Data type: 0 flags: 11 size: 8202 dataOffset: 2
09-15 13:37:34.735 13751 14127 D OPENHU  : [77] Companion.decrypt | RECV: AUDIO Media Data type: 0 flags: 11 size: 8202 dataOffset: 2
09-15 13:37:34.772 13751 14127 D OPENHU  : [77] Companion.decrypt | RECV: AUDIO Media Data type: 0 flags: 11 size: 8202 dataOffset: 2
09-15 13:37:34.819 13751 14127 D OPENHU  : [77] Companion.decrypt | RECV: AUDIO Media Data type: 0 flags: 11 size: 8202 dataOffset: 2
09-15 13:37:34.857 13751 14127 D OPENHU  : [77] Companion.decrypt | RECV: AUDIO Media Data type: 0 flags: 11 size: 8202 dataOffset: 2
09-15 13:37:34.901 13751 14127 D OPENHU  : [77] Companion.decrypt | RECV: AUDIO Media Data type: 0 flags: 11 size: 8202 dataOffset: 2
09-15 13:37:34.943 13751 14127 D OPENHU  : [77] Companion.decrypt | RECV: AUDIO Media Data type: 0 flags: 11 size: 8202 dataOffset: 2
09-15 13:37:34.986 13751 14127 D OPENHU  : [77] Companion.decrypt | RECV: AUDIO Media Data type: 0 flags: 11 size: 8202 dataOffset: 2
09-15 13:37:35.029 13751 14127 D OPENHU  : [77] Companion.decrypt | RECV: AUDIO Media Data type: 0 flags: 11 size: 8202 dataOffset: 2
09-15 13:37:35.029 13751 13751 V OPENHU  : [2] GpsLocation.onLocationChanged | GpsLocation: fix received
09-15 13:37:35.049 13751 13751 V OPENHU  : [2] AapTransport.send | SENSOR Sensor Event type: 32771 flags: 11 size: 46 dataOffset: 6
09-15 13:37:35.071 13751 14127 D OPENHU  : [77] Companion.decrypt | RECV: AUDIO Media Data type: 0 flags: 11 size: 8202 dataOffset: 2
09-15 13:37:35.118 13751 14127 D OPENHU  : [77] Companion.decrypt | RECV: AUDIO Media Data type: 0 flags: 11 size: 8202 dataOffset: 2
09-15 13:37:35.160 13751 14127 D OPENHU  : [77] Companion.decrypt | RECV: AUDIO Media Data type: 0 flags: 11 size: 8202 dataOffset: 2
09-15 13:37:35.201 13751 14127 D OPENHU  : [77] Companion.decrypt | RECV: AUDIO Media Data type: 0 flags: 11 size: 8202 dataOffset: 2
09-15 13:37:35.242 13751 14127 D OPENHU  : [77] Companion.decrypt | RECV: AUDIO Media Data type: 0 flags: 11 size: 8202 dataOffset: 2
09-15 13:37:35.285 13751 14127 D OPENHU  : [77] Companion.decrypt | RECV: AUDIO Media Data type: 0 flags: 11 size: 8202 dataOffset: 2
09-15 13:37:35.328 13751 14127 D OPENHU  : [77] Companion.decrypt | RECV: AUDIO Media Data type: 0 flags: 11 size: 8202 dataOffset: 2
09-15 13:37:35.369 13751 14127 D OPENHU  : [77] Companion.decrypt | RECV: AUDIO Media Data type: 0 flags: 11 size: 8202 dataOffset: 2
09-15 13:37:35.413 13751 14127 D OPENHU  : [77] Companion.decrypt | RECV: AUDIO Media Data type: 0 flags: 11 size: 8202 dataOffset: 2
09-15 13:37:35.456 13751 14127 D OPENHU  : [77] Companion.decrypt | RECV: AUDIO Media Data type: 0 flags: 11 size: 8202 dataOffset: 2
09-15 13:37:35.498 13751 14127 D OPENHU  : [77] Companion.decrypt | RECV: AUDIO Media Data type: 0 flags: 11 size: 8202 dataOffset: 2
09-15 13:37:35.540 13751 14127 D OPENHU  : [77] Companion.decrypt | RECV: AUDIO Media Data type: 0 flags: 11 size: 8202 dataOffset: 2
09-15 13:37:35.579 13751 14127 D OPENHU  : [77] Companion.decrypt | RECV: CONTROL Ping Request type: 11 flags: 11 size: 12 dataOffset: 2
09-15 13:37:35.579 13751 14127 V OPENHU  : [77] AapTransport.send | CONTROL Ping Response type: 12 flags: 11 size: 14 dataOffset: 6
09-15 13:37:35.584 13751 14127 D OPENHU  : [77] Companion.decrypt | RECV: AUDIO Media Data type: 0 flags: 11 size: 8202 dataOffset: 2
09-15 13:37:35.627 13751 14127 D OPENHU  : [77] Companion.decrypt | RECV: AUDIO Media Data type: 0 flags: 11 size: 8202 dataOffset: 2
09-15 13:37:35.656 13751 14127 D OPENHU  : [77] Companion.decrypt | RECV: MUSIC_PLAYBACK Media Playback Status type: 32769 flags: 11 size: 18 dataOffset: 2
09-15 13:37:35.657 13751 14127 D OPENHU  : [77] AapMediaPlayback.processStatusPacket | AapMediaPlayback: status mediaSource='VLC', playbackSeconds(u32)=198, state=PLAYING
09-15 13:37:35.659 13751 13751 I OPENHU  : [2] TextureProjectionView.onSurfaceTextureUpdated | TextureProjectionView: displayed 178 frames in 5000ms (35fps), longFrames=2
09-15 13:37:35.668 13751 14127 D OPENHU  : [77] Companion.decrypt | RECV: AUDIO Media Data type: 0 flags: 11 size: 8202 dataOffset: 2
09-15 13:37:35.712 13751 14127 D OPENHU  : [77] Companion.decrypt | RECV: AUDIO Media Data type: 0 flags: 11 size: 8202 dataOffset: 2
09-15 13:37:35.758 13751 14127 D OPENHU  : [77] Companion.decrypt | RECV: AUDIO Media Data type: 0 flags: 11 size: 8202 dataOffset: 2
09-15 13:37:35.799 13751 14127 D OPENHU  : [77] Companion.decrypt | RECV: AUDIO Media Data type: 0 flags: 11 size: 8202 dataOffset: 2
09-15 13:37:35.845 13751 14127 D OPENHU  : [77] Companion.decrypt | RECV: AUDIO Media Data type: 0 flags: 11 size: 8202 dataOffset: 2
09-15 13:37:35.884 13751 14127 D OPENHU  : [77] Companion.decrypt | RECV: AUDIO Media Data type: 0 flags: 11 size: 8202 dataOffset: 2
09-15 13:37:35.924 13751 14127 D OPENHU  : [77] Companion.decrypt | RECV: AUDIO Media Data type: 0 flags: 11 size: 8202 dataOffset: 2
09-15 13:37:35.968 13751 14127 D OPENHU  : [77] Companion.decrypt | RECV: AUDIO Media Data type: 0 flags: 11 size: 8202 dataOffset: 2
09-15 13:37:35.993 13751 13751 V OPENHU  : [2] GpsLocation.onLocationChanged | GpsLocation: fix received
09-15 13:37:36.004 13751 13751 V OPENHU  : [2] AapTransport.send | SENSOR Sensor Event type: 32771 flags: 11 size: 46 dataOffset: 6
09-15 13:37:36.010 13751 14127 D OPENHU  : [77] Companion.decrypt | RECV: AUDIO Media Data type: 0 flags: 11 size: 8202 dataOffset: 2
09-15 13:37:36.053 13751 14127 D OPENHU  : [77] Companion.decrypt | RECV: AUDIO Media Data type: 0 flags: 11 size: 8202 dataOffset: 2
09-15 13:37:36.097 13751 14127 D OPENHU  : [77] Companion.decrypt | RECV: AUDIO Media Data type: 0 flags: 11 size: 8202 dataOffset: 2
09-15 13:37:36.142 13751 14127 D OPENHU  : [77] Companion.decrypt | RECV: AUDIO Media Data type: 0 flags: 11 size: 8202 dataOffset: 2
09-15 13:37:36.180 13751 14127 D OPENHU  : [77] Companion.decrypt | RECV: AUDIO Media Data type: 0 flags: 11 size: 8202 dataOffset: 2
09-15 13:37:36.224 13751 14127 D OPENHU  : [77] Companion.decrypt | RECV: AUDIO Media Data type: 0 flags: 11 size: 8202 dataOffset: 2
09-15 13:37:36.266 13751 14127 D OPENHU  : [77] Companion.decrypt | RECV: AUDIO Media Data type: 0 flags: 11 size: 8202 dataOffset: 2
09-15 13:37:36.308 13751 14127 D OPENHU  : [77] Companion.decrypt | RECV: AUDIO Media Data type: 0 flags: 11 size: 8202 dataOffset: 2
09-15 13:37:36.351 13751 14127 D OPENHU  : [77] Companion.decrypt | RECV: AUDIO Media Data type: 0 flags: 11 size: 8202 dataOffset: 2
09-15 13:37:36.398 13751 14127 D OPENHU  : [77] Companion.decrypt | RECV: AUDIO Media Data type: 0 flags: 11 size: 8202 dataOffset: 2
09-15 13:37:36.441 13751 14127 D OPENHU  : [77] Companion.decrypt | RECV: AUDIO Media Data type: 0 flags: 11 size: 8202 dataOffset: 2
09-15 13:37:36.478 13751 14127 D OPENHU  : [77] Companion.decrypt | RECV: AUDIO Media Data type: 0 flags: 11 size: 8202 dataOffset: 2
09-15 13:37:36.523 13751 14127 D OPENHU  : [77] Companion.decrypt | RECV: AUDIO Media Data type: 0 flags: 11 size: 8202 dataOffset: 2
09-15 13:37:36.564 13751 14127 D OPENHU  : [77] Companion.decrypt | RECV: AUDIO Media Data type: 0 flags: 11 size: 8202 dataOffset: 2
09-15 13:37:36.580 13751 14127 D OPENHU  : [77] Companion.decrypt | RECV: CONTROL Ping Request type: 11 flags: 11 size: 12 dataOffset: 2
09-15 13:37:36.581 13751 14127 V OPENHU  : [77] AapTransport.send | CONTROL Ping Response type: 12 flags: 11 size: 14 dataOffset: 6
09-15 13:37:36.606 13751 14127 D OPENHU  : [77] Companion.decrypt | RECV: AUDIO Media Data type: 0 flags: 11 size: 8202 dataOffset: 2
09-15 13:37:36.651 13751 14127 D OPENHU  : [77] Companion.decrypt | RECV: AUDIO Media Data type: 0 flags: 11 size: 8202 dataOffset: 2
09-15 13:37:36.657 13751 14127 D OPENHU  : [77] Companion.decrypt | RECV: MUSIC_PLAYBACK Media Playback Status type: 32769 flags: 11 size: 18 dataOffset: 2
09-15 13:37:36.657 13751 14127 D OPENHU  : [77] AapMediaPlayback.processStatusPacket | AapMediaPlayback: status mediaSource='VLC', playbackSeconds(u32)=199, state=PLAYING
09-15 13:37:36.695 13751 14127 D OPENHU  : [77] Companion.decrypt | RECV: AUDIO Media Data type: 0 flags: 11 size: 8202 dataOffset: 2
09-15 13:37:36.736 13751 14127 D OPENHU  : [77] Companion.decrypt | RECV: AUDIO Media Data type: 0 flags: 11 size: 8202 dataOffset: 2
09-15 13:37:36.778 13751 14127 D OPENHU  : [77] Companion.decrypt | RECV: AUDIO Media Data type: 0 flags: 11 size: 8202 dataOffset: 2
09-15 13:37:36.821 13751 14127 D OPENHU  : [77] Companion.decrypt | RECV: AUDIO Media Data type: 0 flags: 11 size: 8202 dataOffset: 2
09-15 13:37:36.864 13751 14127 D OPENHU  : [77] Companion.decrypt | RECV: AUDIO Media Data type: 0 flags: 11 size: 8202 dataOffset: 2
09-15 13:37:36.906 13751 14127 D OPENHU  : [77] Companion.decrypt | RECV: AUDIO Media Data type: 0 flags: 11 size: 8202 dataOffset: 2
09-15 13:37:36.948 13751 14127 D OPENHU  : [77] Companion.decrypt | RECV: AUDIO Media Data type: 0 flags: 11 size: 8202 dataOffset: 2
09-15 13:37:36.993 13751 14127 D OPENHU  : [77] Companion.decrypt | RECV: AUDIO Media Data type: 0 flags: 11 size: 8202 dataOffset: 2
09-15 13:37:37.019 13751 13751 V OPENHU  : [2] GpsLocation.onLocationChanged | GpsLocation: fix received
09-15 13:37:37.026 13751 13751 V OPENHU  : [2] AapTransport.send | SENSOR Sensor Event type: 32771 flags: 11 size: 46 dataOffset: 6
09-15 13:37:37.038 13751 14127 D OPENHU  : [77] Companion.decrypt | RECV: AUDIO Media Data type: 0 flags: 11 size: 8202 dataOffset: 2
09-15 13:37:37.076 13751 14127 D OPENHU  : [77] Companion.decrypt | RECV: AUDIO Media Data type: 0 flags: 11 size: 8202 dataOffset: 2
09-15 13:37:37.120 13751 14127 D OPENHU  : [77] Companion.decrypt | RECV: AUDIO Media Data type: 0 flags: 11 size: 8202 dataOffset: 2
09-15 13:37:37.161 13751 14127 D OPENHU  : [77] Companion.decrypt | RECV: AUDIO Media Data type: 0 flags: 11 size: 8202 dataOffset: 2
09-15 13:37:37.207 13751 14127 D OPENHU  : [77] Companion.decrypt | RECV: AUDIO Media Data type: 0 flags: 11 size: 8202 dataOffset: 2
09-15 13:37:37.249 13751 14127 D OPENHU  : [77] Companion.decrypt | RECV: AUDIO Media Data type: 0 flags: 11 size: 8202 dataOffset: 2
09-15 13:37:37.290 13751 14127 D OPENHU  : [77] Companion.decrypt | RECV: AUDIO Media Data type: 0 flags: 11 size: 8202 dataOffset: 2
09-15 13:37:37.333 13751 14127 D OPENHU  : [77] Companion.decrypt | RECV: AUDIO Media Data type: 0 flags: 11 size: 8202 dataOffset: 2
09-15 13:37:37.375 13751 14127 D OPENHU  : [77] Companion.decrypt | RECV: AUDIO Media Data type: 0 flags: 11 size: 8202 dataOffset: 2
09-15 13:37:37.419 13751 14127 D OPENHU  : [77] Companion.decrypt | RECV: AUDIO Media Data type: 0 flags: 11 size: 8202 dataOffset: 2
09-15 13:37:37.460 13751 14127 D OPENHU  : [77] Companion.decrypt | RECV: AUDIO Media Data type: 0 flags: 11 size: 8202 dataOffset: 2
09-15 13:37:37.504 13751 14127 D OPENHU  : [77] Companion.decrypt | RECV: AUDIO Media Data type: 0 flags: 11 size: 8202 dataOffset: 2
09-15 13:37:37.546 13751 14127 D OPENHU  : [77] Companion.decrypt | RECV: AUDIO Media Data type: 0 flags: 11 size: 8202 dataOffset: 2
09-15 13:37:37.582 13751 14127 D OPENHU  : [77] Companion.decrypt | RECV: CONTROL Ping Request type: 11 flags: 11 size: 12 dataOffset: 2
09-15 13:37:37.584 13751 14127 V OPENHU  : [77] AapTransport.send | CONTROL Ping Response type: 12 flags: 11 size: 14 dataOffset: 6
09-15 13:37:37.591 13751 14127 D OPENHU  : [77] Companion.decrypt | RECV: AUDIO Media Data type: 0 flags: 11 size: 8202 dataOffset: 2
09-15 13:37:37.632 13751 14127 D OPENHU  : [77] Companion.decrypt | RECV: AUDIO Media Data type: 0 flags: 11 size: 8202 dataOffset: 2
09-15 13:37:37.658 13751 14127 D OPENHU  : [77] Companion.decrypt | RECV: MUSIC_PLAYBACK Media Playback Status type: 32769 flags: 11 size: 18 dataOffset: 2
09-15 13:37:37.659 13751 14127 D OPENHU  : [77] AapMediaPlayback.processStatusPacket | AapMediaPlayback: status mediaSource='VLC', playbackSeconds(u32)=200, state=PLAYING
09-15 13:37:37.674 13751 14127 D OPENHU  : [77] Companion.decrypt | RECV: AUDIO Media Data type: 0 flags: 11 size: 8202 dataOffset: 2
09-15 13:37:37.721 13751 14127 D OPENHU  : [77] Companion.decrypt | RECV: AUDIO Media Data type: 0 flags: 11 size: 8202 dataOffset: 2
09-15 13:37:37.760 13751 14127 D OPENHU  : [77] Companion.decrypt | RECV: AUDIO Media Data type: 0 flags: 11 size: 8202 dataOffset: 2
09-15 13:37:37.804 13751 14127 D OPENHU  : [77] Companion.decrypt | RECV: AUDIO Media Data type: 0 flags: 11 size: 8202 dataOffset: 2
09-15 13:37:37.846 13751 14127 D OPENHU  : [77] Companion.decrypt | RECV: AUDIO Media Data type: 0 flags: 11 size: 8202 dataOffset: 2
09-15 13:37:37.889 13751 14127 D OPENHU  : [77] Companion.decrypt | RECV: AUDIO Media Data type: 0 flags: 11 size: 8202 dataOffset: 2
09-15 13:37:37.930 13751 14127 D OPENHU  : [77] Companion.decrypt | RECV: AUDIO Media Data type: 0 flags: 11 size: 8202 dataOffset: 2
09-15 13:37:37.974 13751 14127 D OPENHU  : [77] Companion.decrypt | RECV: AUDIO Media Data type: 0 flags: 11 size: 8202 dataOffset: 2
09-15 13:37:37.998 13751 13751 V OPENHU  : [2] GpsLocation.onLocationChanged | GpsLocation: fix received
09-15 13:37:38.007 13751 13751 V OPENHU  : [2] AapTransport.send | SENSOR Sensor Event type: 32771 flags: 11 size: 46 dataOffset: 6
09-15 13:37:38.018 13751 14127 D OPENHU  : [77] Companion.decrypt | RECV: AUDIO Media Data type: 0 flags: 11 size: 8202 dataOffset: 2
09-15 13:37:38.060 13751 14127 D OPENHU  : [77] Companion.decrypt | RECV: AUDIO Media Data type: 0 flags: 11 size: 8202 dataOffset: 2
09-15 13:37:38.103 13751 14127 D OPENHU  : [77] Companion.decrypt | RECV: AUDIO Media Data type: 0 flags: 11 size: 8202 dataOffset: 2
09-15 13:37:38.145 13751 14127 D OPENHU  : [77] Companion.decrypt | RECV: AUDIO Media Data type: 0 flags: 11 size: 8202 dataOffset: 2
09-15 13:37:38.188 13751 14127 D OPENHU  : [77] Companion.decrypt | RECV: AUDIO Media Data type: 0 flags: 11 size: 8202 dataOffset: 2
09-15 13:37:38.230 13751 14127 D OPENHU  : [77] Companion.decrypt | RECV: AUDIO Media Data type: 0 flags: 11 size: 8202 dataOffset: 2
09-15 13:37:38.232 13751 14127 I OPENHU  : [77] AapTransport.noteMessageReceived$com_andrerinas_headunitrevived_3_4_0_beta3_githubDebug | AapTransport: inbound rate over 30026ms: video=47kB/s (1070 msgs), audio=187kB/s (704 msgs), other=0kB/s (60 msgs)
09-15 13:37:38.271 13751 14127 D OPENHU  : [77] Companion.decrypt | RECV: AUDIO Media Data type: 0 flags: 11 size: 8202 dataOffset: 2
09-15 13:37:38.284 13751 14127 I OPENHU  : [77] AapMessageHandlerType.handle | AapTransport: transport dispatch over 30004ms: video=1064ms, audio=780ms, other=70ms, unread=6%, blocks=0, longest=5ms on VIDEO, videoQueue=1
09-15 13:37:38.314 13751 14127 D OPENHU  : [77] Companion.decrypt | RECV: AUDIO Media Data type: 0 flags: 11 size: 8202 dataOffset: 2
09-15 13:37:38.361 13751 14127 D OPENHU  : [77] Companion.decrypt | RECV: AUDIO Media Data type: 0 flags: 11 size: 8202 dataOffset: 2
09-15 13:37:38.401 13751 14127 D OPENHU  : [77] Companion.decrypt | RECV: AUDIO Media Data type: 0 flags: 11 size: 8202 dataOffset: 2
09-15 13:37:38.443 13751 14127 D OPENHU  : [77] Companion.decrypt | RECV: AUDIO Media Data type: 0 flags: 11 size: 8202 dataOffset: 2
09-15 13:37:38.486 13751 14127 D OPENHU  : [77] Companion.decrypt | RECV: AUDIO Media Data type: 0 flags: 11 size: 8202 dataOffset: 2
09-15 13:37:38.529 13751 14127 D OPENHU  : [77] Companion.decrypt | RECV: AUDIO Media Data type: 0 flags: 11 size: 8202 dataOffset: 2
09-15 13:37:38.572 13751 14127 D OPENHU  : [77] Companion.decrypt | RECV: AUDIO Media Data type: 0 flags: 11 size: 8202 dataOffset: 2
09-15 13:37:38.582 13751 14127 D OPENHU  : [77] Companion.decrypt | RECV: CONTROL Ping Request type: 11 flags: 11 size: 12 dataOffset: 2
09-15 13:37:38.584 13751 14127 V OPENHU  : [77] AapTransport.send | CONTROL Ping Response type: 12 flags: 11 size: 14 dataOffset: 6
09-15 13:37:38.615 13751 14127 D OPENHU  : [77] Companion.decrypt | RECV: AUDIO Media Data type: 0 flags: 11 size: 8202 dataOffset: 2
09-15 13:37:38.658 13751 14127 D OPENHU  : [77] Companion.decrypt | RECV: AUDIO Media Data type: 0 flags: 11 size: 8202 dataOffset: 2
09-15 13:37:38.664 13751 14127 D OPENHU  : [77] Companion.decrypt | RECV: MUSIC_PLAYBACK Media Playback Status type: 32769 flags: 11 size: 18 dataOffset: 2
09-15 13:37:38.665 13751 14127 D OPENHU  : [77] AapMediaPlayback.processStatusPacket | AapMediaPlayback: status mediaSource='VLC', playbackSeconds(u32)=201, state=PLAYING
09-15 13:37:38.698 13751 14127 D OPENHU  : [77] Companion.decrypt | RECV: AUDIO Media Data type: 0 flags: 11 size: 8202 dataOffset: 2
09-15 13:37:38.741 13751 14127 D OPENHU  : [77] Companion.decrypt | RECV: AUDIO Media Data type: 0 flags: 11 size: 8202 dataOffset: 2
09-15 13:37:38.784 13751 14127 D OPENHU  : [77] Companion.decrypt | RECV: AUDIO Media Data type: 0 flags: 11 size: 8202 dataOffset: 2
09-15 13:37:38.827 13751 14127 D OPENHU  : [77] Companion.decrypt | RECV: AUDIO Media Data type: 0 flags: 11 size: 8202 dataOffset: 2
09-15 13:37:38.870 13751 14127 D OPENHU  : [77] Companion.decrypt | RECV: AUDIO Media Data type: 0 flags: 11 size: 8202 dataOffset: 2
09-15 13:37:38.912 13751 14127 D OPENHU  : [77] Companion.decrypt | RECV: AUDIO Media Data type: 0 flags: 11 size: 8202 dataOffset: 2
09-15 13:37:38.955 13751 14127 D OPENHU  : [77] Companion.decrypt | RECV: AUDIO Media Data type: 0 flags: 11 size: 8202 dataOffset: 2
09-15 13:37:38.999 13751 14127 D OPENHU  : [77] Companion.decrypt | RECV: AUDIO Media Data type: 0 flags: 11 size: 8202 dataOffset: 2
09-15 13:37:39.022 13751 13751 V OPENHU  : [2] GpsLocation.onLocationChanged | GpsLocation: fix received
09-15 13:37:39.029 13751 13751 V OPENHU  : [2] AapTransport.send | SENSOR Sensor Event type: 32771 flags: 11 size: 46 dataOffset: 6
09-15 13:37:39.038 13751 14127 D OPENHU  : [77] Companion.decrypt | RECV: AUDIO Media Data type: 0 flags: 11 size: 8202 dataOffset: 2
09-15 13:37:39.085 13751 14127 D OPENHU  : [77] Companion.decrypt | RECV: AUDIO Media Data type: 0 flags: 11 size: 8202 dataOffset: 2
09-15 13:37:39.092 13751 14134 I OPENHU  : [78] AudioTrackWrapper.sampleHealth | audio sink AUDIO2 over 30105ms: underruns=0, silentCycles=0, rebanks=0, dropped=0, droppedFrames=0, shed=0, depth=0ms (min 0ms), queued=0, capacity=6400 frames (400ms), effective=6400 frames (400ms), target=1601 frames (100ms), drift=0ms
09-15 13:37:39.105 13751 14136 I OPENHU  : [80] AudioTrackWrapper.sampleHealth | audio sink AUDIO1 over 30094ms: underruns=0, silentCycles=0, rebanks=0, dropped=0, droppedFrames=0, shed=0, depth=0ms (min 0ms), queued=0, capacity=6400 frames (400ms), effective=6400 frames (400ms), target=1601 frames (100ms), drift=0ms
09-15 13:37:39.126 13751 14127 D OPENHU  : [77] Companion.decrypt | RECV: AUDIO Media Data type: 0 flags: 11 size: 8202 dataOffset: 2
09-15 13:37:39.169 13751 14127 D OPENHU  : [77] Companion.decrypt | RECV: AUDIO Media Data type: 0 flags: 11 size: 8202 dataOffset: 2
09-15 13:37:39.212 13751 14127 D OPENHU  : [77] Companion.decrypt | RECV: AUDIO Media Data type: 0 flags: 11 size: 8202 dataOffset: 2
09-15 13:37:39.253 13751 14127 D OPENHU  : [77] Companion.decrypt | RECV: AUDIO Media Data type: 0 flags: 11 size: 8202 dataOffset: 2
09-15 13:37:39.300 13751 14127 D OPENHU  : [77] Companion.decrypt | RECV: AUDIO Media Data type: 0 flags: 11 size: 8202 dataOffset: 2
09-15 13:37:39.339 13751 14127 D OPENHU  : [77] Companion.decrypt | RECV: AUDIO Media Data type: 0 flags: 11 size: 8202 dataOffset: 2
09-15 13:37:39.380 13751 14127 D OPENHU  : [77] Companion.decrypt | RECV: AUDIO Media Data type: 0 flags: 11 size: 8202 dataOffset: 2
09-15 13:37:39.425 13751 14127 D OPENHU  : [77] Companion.decrypt | RECV: AUDIO Media Data type: 0 flags: 11 size: 8202 dataOffset: 2
09-15 13:37:39.451 13751 14162 I OPENHU  : [88] VideoDecoder.logThroughput | Throughput over 5010ms: rendered=169 (33fps), fed=169 (33fps), dropped=0, skipped=0, concealed=0, inputWait=78ms, enqueueWait=0ms, codec=c2.unisoc.avc.decoder, presented=169 (33fps), decodeLatency=9ms p95=12ms (169 frames)
09-15 13:37:39.465 13751 14127 D OPENHU  : [77] Companion.decrypt | RECV: AUDIO Media Data type: 0 flags: 11 size: 8202 dataOffset: 2
09-15 13:37:39.508 13751 14127 D OPENHU  : [77] Companion.decrypt | RECV: AUDIO Media Data type: 0 flags: 11 size: 8202 dataOffset: 2
09-15 13:37:39.515 13751 14138 I OPENHU  : [82] AudioTrackWrapper.sampleHealth | audio sink AUDIO over 30259ms: underruns=0, silentCycles=0, rebanks=0, dropped=0, droppedFrames=0, shed=0, depth=324ms (min 302ms), queued=13, capacity=30784 frames (641ms), effective=30784 frames (641ms), target=9600 frames (200ms), drift=0ms
09-15 13:37:39.551 13751 14127 D OPENHU  : [77] Companion.decrypt | RECV: AUDIO Media Data type: 0 flags: 11 size: 8202 dataOffset: 2
09-15 13:37:39.582 13751 14127 D OPENHU  : [77] Companion.decrypt | RECV: CONTROL Ping Request type: 11 flags: 11 size: 12 dataOffset: 2
09-15 13:37:39.583 13751 14127 V OPENHU  : [77] AapTransport.send | CONTROL Ping Response type: 12 flags: 11 size: 14 dataOffset: 6
09-15 13:37:39.597 13751 14127 D OPENHU  : [77] Companion.decrypt | RECV: AUDIO Media Data type: 0 flags: 11 size: 8202 dataOffset: 2
09-15 13:37:39.637 13751 14127 D OPENHU  : [77] Companion.decrypt | RECV: AUDIO Media Data type: 0 flags: 11 size: 8202 dataOffset: 2
09-15 13:37:39.660 13751 14127 D OPENHU  : [77] Companion.decrypt | RECV: MUSIC_PLAYBACK Media Playback Status type: 32769 flags: 11 size: 18 dataOffset: 2
09-15 13:37:39.660 13751 14127 D OPENHU  : [77] AapMediaPlayback.processStatusPacket | AapMediaPlayback: status mediaSource='VLC', playbackSeconds(u32)=202, state=PLAYING
09-15 13:37:39.680 13751 14127 D OPENHU  : [77] Companion.decrypt | RECV: AUDIO Media Data type: 0 flags: 11 size: 8202 dataOffset: 2
09-15 13:37:39.722 13751 14127 D OPENHU  : [77] Companion.decrypt | RECV: AUDIO Media Data type: 0 flags: 11 size: 8202 dataOffset: 2
09-15 13:37:39.767 13751 14127 D OPENHU  : [77] Companion.decrypt | RECV: AUDIO Media Data type: 0 flags: 11 size: 8202 dataOffset: 2
09-15 13:37:39.810 13751 14127 D OPENHU  : [77] Companion.decrypt | RECV: AUDIO Media Data type: 0 flags: 11 size: 8202 dataOffset: 2
09-15 13:37:39.854 13751 14127 D OPENHU  : [77] Companion.decrypt | RECV: AUDIO Media Data type: 0 flags: 11 size: 8202 dataOffset: 2
09-15 13:37:39.893 13751 14127 D OPENHU  : [77] Companion.decrypt | RECV: AUDIO Media Data type: 0 flags: 11 size: 8202 dataOffset: 2
09-15 13:37:39.937 13751 14127 D OPENHU  : [77] Companion.decrypt | RECV: AUDIO Media Data type: 0 flags: 11 size: 8202 dataOffset: 2
09-15 13:37:39.978 13751 14127 D OPENHU  : [77] Companion.decrypt | RECV: AUDIO Media Data type: 0 flags: 11 size: 8202 dataOffset: 2
09-15 13:37:39.998 13751 13751 V OPENHU  : [2] GpsLocation.onLocationChanged | GpsLocation: fix received
09-15 13:37:40.005 13751 13751 V OPENHU  : [2] AapTransport.send | SENSOR Sensor Event type: 32771 flags: 11 size: 46 dataOffset: 6
09-15 13:37:40.021 13751 14127 D OPENHU  : [77] Companion.decrypt | RECV: AUDIO Media Data type: 0 flags: 11 size: 8202 dataOffset: 2
09-15 13:37:40.064 13751 14127 D OPENHU  : [77] Companion.decrypt | RECV: AUDIO Media Data type: 0 flags: 11 size: 8202 dataOffset: 2
09-15 13:37:40.107 13751 14127 D OPENHU  : [77] Companion.decrypt | RECV: AUDIO Media Data type: 0 flags: 11 size: 8202 dataOffset: 2
09-15 13:37:40.151 13751 14127 D OPENHU  : [77] Companion.decrypt | RECV: AUDIO Media Data type: 0 flags: 11 size: 8202 dataOffset: 2
09-15 13:37:40.194 13751 14127 D OPENHU  : [77] Companion.decrypt | RECV: AUDIO Media Data type: 0 flags: 11 size: 8202 dataOffset: 2
09-15 13:37:40.235 13751 14127 D OPENHU  : [77] Companion.decrypt | RECV: AUDIO Media Data type: 0 flags: 11 size: 8202 dataOffset: 2
09-15 13:37:40.278 13751 14127 D OPENHU  : [77] Companion.decrypt | RECV: AUDIO Media Data type: 0 flags: 11 size: 8202 dataOffset: 2
09-15 13:37:40.321 13751 14127 D OPENHU  : [77] Companion.decrypt | RECV: AUDIO Media Data type: 0 flags: 11 size: 8202 dataOffset: 2
09-15 13:37:40.362 13751 14127 D OPENHU  : [77] Companion.decrypt | RECV: AUDIO Media Data type: 0 flags: 11 size: 8202 dataOffset: 2
09-15 13:37:40.405 13751 14127 D OPENHU  : [77] Companion.decrypt | RECV: AUDIO Media Data type: 0 flags: 11 size: 8202 dataOffset: 2
09-15 13:37:40.448 13751 14127 D OPENHU  : [77] Companion.decrypt | RECV: AUDIO Media Data type: 0 flags: 11 size: 8202 dataOffset: 2
09-15 13:37:40.490 13751 14127 D OPENHU  : [77] Companion.decrypt | RECV: AUDIO Media Data type: 0 flags: 11 size: 8202 dataOffset: 2
09-15 13:37:40.535 13751 14127 D OPENHU  : [77] Companion.decrypt | RECV: AUDIO Media Data type: 0 flags: 11 size: 8202 dataOffset: 2
09-15 13:37:40.576 13751 14127 D OPENHU  : [77] Companion.decrypt | RECV: AUDIO Media Data type: 0 flags: 11 size: 8202 dataOffset: 2
09-15 13:37:40.584 13751 14127 D OPENHU  : [77] Companion.decrypt | RECV: CONTROL Ping Request type: 11 flags: 11 size: 12 dataOffset: 2
09-15 13:37:40.585 13751 14127 V OPENHU  : [77] AapTransport.send | CONTROL Ping Response type: 12 flags: 11 size: 14 dataOffset: 6
09-15 13:37:40.617 13751 14127 D OPENHU  : [77] Companion.decrypt | RECV: AUDIO Media Data type: 0 flags: 11 size: 8202 dataOffset: 2
09-15 13:37:40.659 13751 13751 I OPENHU  : [2] TextureProjectionView.onSurfaceTextureUpdated | TextureProjectionView: displayed 124 frames in 5001ms (24fps), longFrames=2
09-15 13:37:40.662 13751 14127 D OPENHU  : [77] Companion.decrypt | RECV: MUSIC_PLAYBACK Media Playback Status type: 32769 flags: 11 size: 18 dataOffset: 2
09-15 13:37:40.663 13751 14127 D OPENHU  : [77] AapMediaPlayback.processStatusPacket | AapMediaPlayback: status mediaSource='VLC', playbackSeconds(u32)=203, state=PLAYING
09-15 13:37:40.665 13751 14127 D OPENHU  : [77] Companion.decrypt | RECV: AUDIO Media Data type: 0 flags: 11 size: 8202 dataOffset: 2
09-15 13:37:40.705 13751 14127 D OPENHU  : [77] Companion.decrypt | RECV: AUDIO Media Data type: 0 flags: 11 size: 8202 dataOffset: 2
09-15 13:37:40.746 13751 14127 D OPENHU  : [77] Companion.decrypt | RECV: AUDIO Media Data type: 0 flags: 11 size: 8202 dataOffset: 2
09-15 13:37:40.790 13751 14127 D OPENHU  : [77] Companion.decrypt | RECV: AUDIO Media Data type: 0 flags: 11 size: 8202 dataOffset: 2
09-15 13:37:40.830 13751 14127 D OPENHU  : [77] Companion.decrypt | RECV: AUDIO Media Data type: 0 flags: 11 size: 8202 dataOffset: 2
09-15 13:37:40.875 13751 14127 D OPENHU  : [77] Companion.decrypt | RECV: AUDIO Media Data type: 0 flags: 11 size: 8202 dataOffset: 2
09-15 13:37:40.919 13751 14127 D OPENHU  : [77] Companion.decrypt | RECV: AUDIO Media Data type: 0 flags: 11 size: 8202 dataOffset: 2
09-15 13:37:40.960 13751 14127 D OPENHU  : [77] Companion.decrypt | RECV: AUDIO Media Data type: 0 flags: 11 size: 8202 dataOffset: 2
09-15 13:37:41.003 13751 14127 D OPENHU  : [77] Companion.decrypt | RECV: AUDIO Media Data type: 0 flags: 11 size: 8202 dataOffset: 2
09-15 13:37:41.029 13751 13751 V OPENHU  : [2] GpsLocation.onLocationChanged | GpsLocation: fix received
09-15 13:37:41.044 13751 14127 D OPENHU  : [77] Companion.decrypt | RECV: AUDIO Media Data type: 0 flags: 11 size: 8202 dataOffset: 2
09-15 13:37:41.051 13751 13751 V OPENHU  : [2] AapTransport.send | SENSOR Sensor Event type: 32771 flags: 11 size: 46 dataOffset: 6
09-15 13:37:41.087 13751 14127 D OPENHU  : [77] Companion.decrypt | RECV: AUDIO Media Data type: 0 flags: 11 size: 8202 dataOffset: 2
09-15 13:37:41.131 13751 14127 D OPENHU  : [77] Companion.decrypt | RECV: AUDIO Media Data type: 0 flags: 11 size: 8202 dataOffset: 2
09-15 13:37:41.175 13751 14127 D OPENHU  : [77] Companion.decrypt | RECV: AUDIO Media Data type: 0 flags: 11 size: 8202 dataOffset: 2
09-15 13:37:41.215 13751 14127 D OPENHU  : [77] Companion.decrypt | RECV: AUDIO Media Data type: 0 flags: 11 size: 8202 dataOffset: 2
09-15 13:37:41.257 13751 14127 D OPENHU  : [77] Companion.decrypt | RECV: AUDIO Media Data type: 0 flags: 11 size: 8202 dataOffset: 2
09-15 13:37:41.302 13751 14127 D OPENHU  : [77] Companion.decrypt | RECV: AUDIO Media Data type: 0 flags: 11 size: 8202 dataOffset: 2
09-15 13:37:41.343 13751 14127 D OPENHU  : [77] Companion.decrypt | RECV: AUDIO Media Data type: 0 flags: 11 size: 8202 dataOffset: 2
09-15 13:37:41.388 13751 14127 D OPENHU  : [77] Companion.decrypt | RECV: AUDIO Media Data type: 0 flags: 11 size: 8202 dataOffset: 2
09-15 13:37:41.430 13751 14127 D OPENHU  : [77] Companion.decrypt | RECV: AUDIO Media Data type: 0 flags: 11 size: 8202 dataOffset: 2
09-15 13:37:41.473 13751 14127 D OPENHU  : [77] Companion.decrypt | RECV: AUDIO Media Data type: 0 flags: 11 size: 8202 dataOffset: 2
09-15 13:37:41.514 13751 14127 D OPENHU  : [77] Companion.decrypt | RECV: AUDIO Media Data type: 0 flags: 11 size: 8202 dataOffset: 2
09-15 13:37:41.560 13751 14127 D OPENHU  : [77] Companion.decrypt | RECV: AUDIO Media Data type: 0 flags: 11 size: 8202 dataOffset: 2
09-15 13:37:41.586 13751 14127 D OPENHU  : [77] Companion.decrypt | RECV: CONTROL Ping Request type: 11 flags: 11 size: 12 dataOffset: 2
09-15 13:37:41.587 13751 14127 V OPENHU  : [77] AapTransport.send | CONTROL Ping Response type: 12 flags: 11 size: 14 dataOffset: 6
09-15 13:37:41.601 13751 14127 D OPENHU  : [77] Companion.decrypt | RECV: AUDIO Media Data type: 0 flags: 11 size: 8202 dataOffset: 2
09-15 13:37:41.643 13751 14127 D OPENHU  : [77] Companion.decrypt | RECV: AUDIO Media Data type: 0 flags: 11 size: 8202 dataOffset: 2
09-15 13:37:41.661 13751 14127 D OPENHU  : [77] Companion.decrypt | RECV: MUSIC_PLAYBACK Media Playback Status type: 32769 flags: 11 size: 18 dataOffset: 2
09-15 13:37:41.662 13751 14127 D OPENHU  : [77] AapMediaPlayback.processStatusPacket | AapMediaPlayback: status mediaSource='VLC', playbackSeconds(u32)=204, state=PLAYING
09-15 13:37:41.685 13751 14127 D OPENHU  : [77] Companion.decrypt | RECV: AUDIO Media Data type: 0 flags: 11 size: 8202 dataOffset: 2
09-15 13:37:41.727 13751 14127 D OPENHU  : [77] Companion.decrypt | RECV: AUDIO Media Data type: 0 flags: 11 size: 8202 dataOffset: 2
09-15 13:37:41.769 13751 14127 D OPENHU  : [77] Companion.decrypt | RECV: AUDIO Media Data type: 0 flags: 11 size: 8202 dataOffset: 2
09-15 13:37:41.812 13751 14127 D OPENHU  : [77] Companion.decrypt | RECV: AUDIO Media Data type: 0 flags: 11 size: 8202 dataOffset: 2
09-15 13:37:41.855 13751 14127 D OPENHU  : [77] Companion.decrypt | RECV: AUDIO Media Data type: 0 flags: 11 size: 8202 dataOffset: 2
09-15 13:37:41.898 13751 14127 D OPENHU  : [77] Companion.decrypt | RECV: AUDIO Media Data type: 0 flags: 11 size: 8202 dataOffset: 2
09-15 13:37:41.940 13751 14127 D OPENHU  : [77] Companion.decrypt | RECV: AUDIO Media Data type: 0 flags: 11 size: 8202 dataOffset: 2
09-15 13:37:41.984 13751 14127 D OPENHU  : [77] Companion.decrypt | RECV: AUDIO Media Data type: 0 flags: 11 size: 8202 dataOffset: 2
09-15 13:37:42.000 13751 13751 V OPENHU  : [2] GpsLocation.onLocationChanged | GpsLocation: fix received
09-15 13:37:42.006 13751 13751 V OPENHU  : [2] AapTransport.send | SENSOR Sensor Event type: 32771 flags: 11 size: 46 dataOffset: 6
09-15 13:37:42.027 13751 14127 D OPENHU  : [77] Companion.decrypt | RECV: AUDIO Media Data type: 0 flags: 11 size: 8202 dataOffset: 2
09-15 13:37:42.071 13751 14127 D OPENHU  : [77] Companion.decrypt | RECV: AUDIO Media Data type: 0 flags: 11 size: 8202 dataOffset: 2
09-15 13:37:42.114 13751 14127 D OPENHU  : [77] Companion.decrypt | RECV: AUDIO Media Data type: 0 flags: 11 size: 8202 dataOffset: 2
09-15 13:37:42.155 13751 14127 D OPENHU  : [77] Companion.decrypt | RECV: AUDIO Media Data type: 0 flags: 11 size: 8202 dataOffset: 2
09-15 13:37:42.196 13751 14127 D OPENHU  : [77] Companion.decrypt | RECV: AUDIO Media Data type: 0 flags: 11 size: 8202 dataOffset: 2
09-15 13:37:42.242 13751 14127 D OPENHU  : [77] Companion.decrypt | RECV: AUDIO Media Data type: 0 flags: 11 size: 8202 dataOffset: 2
09-15 13:37:42.281 13751 14127 D OPENHU  : [77] Companion.decrypt | RECV: AUDIO Media Data type: 0 flags: 11 size: 8202 dataOffset: 2
09-15 13:37:42.325 13751 14127 D OPENHU  : [77] Companion.decrypt | RECV: AUDIO Media Data type: 0 flags: 11 size: 8202 dataOffset: 2
09-15 13:37:42.368 13751 14127 D OPENHU  : [77] Companion.decrypt | RECV: AUDIO Media Data type: 0 flags: 11 size: 8202 dataOffset: 2
09-15 13:37:42.409 13751 14127 D OPENHU  : [77] Companion.decrypt | RECV: AUDIO Media Data type: 0 flags: 11 size: 8202 dataOffset: 2
09-15 13:37:42.453 13751 14127 D OPENHU  : [77] Companion.decrypt | RECV: AUDIO Media Data type: 0 flags: 11 size: 8202 dataOffset: 2
09-15 13:37:42.498 13751 14127 D OPENHU  : [77] Companion.decrypt | RECV: AUDIO Media Data type: 0 flags: 11 size: 8202 dataOffset: 2
09-15 13:37:42.541 13751 14127 D OPENHU  : [77] Companion.decrypt | RECV: AUDIO Media Data type: 0 flags: 11 size: 8202 dataOffset: 2
09-15 13:37:42.582 13751 14127 D OPENHU  : [77] Companion.decrypt | RECV: AUDIO Media Data type: 0 flags: 11 size: 8202 dataOffset: 2
09-15 13:37:42.590 13751 14127 D OPENHU  : [77] Companion.decrypt | RECV: CONTROL Ping Request type: 11 flags: 11 size: 12 dataOffset: 2
09-15 13:37:42.592 13751 14127 V OPENHU  : [77] AapTransport.send | CONTROL Ping Response type: 12 flags: 11 size: 14 dataOffset: 6
09-15 13:37:42.625 13751 14127 D OPENHU  : [77] Companion.decrypt | RECV: AUDIO Media Data type: 0 flags: 11 size: 8202 dataOffset: 2
09-15 13:37:42.663 13751 14127 D OPENHU  : [77] Companion.decrypt | RECV: MUSIC_PLAYBACK Media Playback Status type: 32769 flags: 11 size: 18 dataOffset: 2
09-15 13:37:42.665 13751 14127 D OPENHU  : [77] AapMediaPlayback.processStatusPacket | AapMediaPlayback: status mediaSource='VLC', playbackSeconds(u32)=205, state=PLAYING
09-15 13:37:42.668 13751 14127 D OPENHU  : [77] Companion.decrypt | RECV: AUDIO Media Data type: 0 flags: 11 size: 8202 dataOffset: 2
09-15 13:37:42.711 13751 14127 D OPENHU  : [77] Companion.decrypt | RECV: AUDIO Media Data type: 0 flags: 11 size: 8202 dataOffset: 2
09-15 13:37:42.755 13751 14127 D OPENHU  : [77] Companion.decrypt | RECV: AUDIO Media Data type: 0 flags: 11 size: 8202 dataOffset: 2
09-15 13:37:42.797 13751 14127 D OPENHU  : [77] Companion.decrypt | RECV: AUDIO Media Data type: 0 flags: 11 size: 8202 dataOffset: 2
09-15 13:37:42.838 13751 14127 D OPENHU  : [77] Companion.decrypt | RECV: AUDIO Media Data type: 0 flags: 11 size: 8202 dataOffset: 2
09-15 13:37:42.879 13751 14127 D OPENHU  : [77] Companion.decrypt | RECV: AUDIO Media Data type: 0 flags: 11 size: 8202 dataOffset: 2
09-15 13:37:42.921 13751 14127 D OPENHU  : [77] Companion.decrypt | RECV: AUDIO Media Data type: 0 flags: 11 size: 8202 dataOffset: 2
09-15 13:37:42.967 13751 14127 D OPENHU  : [77] Companion.decrypt | RECV: AUDIO Media Data type: 0 flags: 11 size: 8202 dataOffset: 2
09-15 13:37:43.008 13751 14127 D OPENHU  : [77] Companion.decrypt | RECV: AUDIO Media Data type: 0 flags: 11 size: 8202 dataOffset: 2
09-15 13:37:43.032 13751 13751 V OPENHU  : [2] GpsLocation.onLocationChanged | GpsLocation: fix received
09-15 13:37:43.042 13751 13751 V OPENHU  : [2] AapTransport.send | SENSOR Sensor Event type: 32771 flags: 11 size: 46 dataOffset: 6
09-15 13:37:43.051 13751 14127 D OPENHU  : [77] Companion.decrypt | RECV: AUDIO Media Data type: 0 flags: 11 size: 8202 dataOffset: 2
09-15 13:37:43.093 13751 14127 D OPENHU  : [77] Companion.decrypt | RECV: AUDIO Media Data type: 0 flags: 11 size: 8202 dataOffset: 2
09-15 13:37:43.136 13751 14127 D OPENHU  : [77] Companion.decrypt | RECV: AUDIO Media Data type: 0 flags: 11 size: 8202 dataOffset: 2
09-15 13:37:43.178 13751 14127 D OPENHU  : [77] Companion.decrypt | RECV: AUDIO Media Data type: 0 flags: 11 size: 8202 dataOffset: 2
09-15 13:37:43.221 13751 14127 D OPENHU  : [77] Companion.decrypt | RECV: AUDIO Media Data type: 0 flags: 11 size: 8202 dataOffset: 2
09-15 13:37:43.267 13751 14127 D OPENHU  : [77] Companion.decrypt | RECV: AUDIO Media Data type: 0 flags: 11 size: 8202 dataOffset: 2
09-15 13:37:43.306 13751 14127 D OPENHU  : [77] Companion.decrypt | RECV: AUDIO Media Data type: 0 flags: 11 size: 8202 dataOffset: 2
09-15 13:37:43.348 13751 14127 D OPENHU  : [77] Companion.decrypt | RECV: AUDIO Media Data type: 0 flags: 11 size: 8202 dataOffset: 2
09-15 13:37:43.392 13751 14127 D OPENHU  : [77] Companion.decrypt | RECV: AUDIO Media Data type: 0 flags: 11 size: 8202 dataOffset: 2
09-15 13:37:43.435 13751 14127 D OPENHU  : [77] Companion.decrypt | RECV: AUDIO Media Data type: 0 flags: 11 size: 8202 dataOffset: 2
09-15 13:37:43.479 13751 14127 D OPENHU  : [77] Companion.decrypt | RECV: AUDIO Media Data type: 0 flags: 11 size: 8202 dataOffset: 2
09-15 13:37:43.522 13751 14127 D OPENHU  : [77] Companion.decrypt | RECV: AUDIO Media Data type: 0 flags: 11 size: 8202 dataOffset: 2
09-15 13:37:43.563 13751 14127 D OPENHU  : [77] Companion.decrypt | RECV: AUDIO Media Data type: 0 flags: 11 size: 8202 dataOffset: 2
09-15 13:37:43.589 13751 14127 D OPENHU  : [77] Companion.decrypt | RECV: CONTROL Ping Request type: 11 flags: 11 size: 12 dataOffset: 2
09-15 13:37:43.590 13751 14127 V OPENHU  : [77] AapTransport.send | CONTROL Ping Response type: 12 flags: 11 size: 14 dataOffset: 6
09-15 13:37:43.607 13751 14127 D OPENHU  : [77] Companion.decrypt | RECV: AUDIO Media Data type: 0 flags: 11 size: 8202 dataOffset: 2
09-15 13:37:43.647 13751 14127 D OPENHU  : [77] Companion.decrypt | RECV: AUDIO Media Data type: 0 flags: 11 size: 8202 dataOffset: 2
09-15 13:37:43.663 13751 14127 D OPENHU  : [77] Companion.decrypt | RECV: MUSIC_PLAYBACK Media Playback Status type: 32769 flags: 11 size: 18 dataOffset: 2
09-15 13:37:43.664 13751 14127 D OPENHU  : [77] AapMediaPlayback.processStatusPacket | AapMediaPlayback: status mediaSource='VLC', playbackSeconds(u32)=206, state=PLAYING
09-15 13:37:43.690 13751 14127 D OPENHU  : [77] Companion.decrypt | RECV: AUDIO Media Data type: 0 flags: 11 size: 8202 dataOffset: 2
09-15 13:37:43.734 13751 14127 D OPENHU  : [77] Companion.decrypt | RECV: AUDIO Media Data type: 0 flags: 11 size: 8202 dataOffset: 2
09-15 13:37:43.776 13751 14127 D OPENHU  : [77] Companion.decrypt | RECV: AUDIO Media Data type: 0 flags: 11 size: 8202 dataOffset: 2
09-15 13:37:43.819 13751 14127 D OPENHU  : [77] Companion.decrypt | RECV: AUDIO Media Data type: 0 flags: 11 size: 8202 dataOffset: 2
09-15 13:37:43.864 13751 14127 D OPENHU  : [77] Companion.decrypt | RECV: AUDIO Media Data type: 0 flags: 11 size: 8202 dataOffset: 2
09-15 13:37:43.902 13751 14127 D OPENHU  : [77] Companion.decrypt | RECV: AUDIO Media Data type: 0 flags: 11 size: 8202 dataOffset: 2
09-15 13:37:43.947 13751 14127 D OPENHU  : [77] Companion.decrypt | RECV: AUDIO Media Data type: 0 flags: 11 size: 8202 dataOffset: 2
09-15 13:37:43.988 13751 14127 D OPENHU  : [77] Companion.decrypt | RECV: AUDIO Media Data type: 0 flags: 11 size: 8202 dataOffset: 2
09-15 13:37:43.999 13751 13751 V OPENHU  : [2] GpsLocation.onLocationChanged | GpsLocation: fix received
09-15 13:37:44.007 13751 13751 V OPENHU  : [2] AapTransport.send | SENSOR Sensor Event type: 32771 flags: 11 size: 46 dataOffset: 6
09-15 13:37:44.033 13751 14127 D OPENHU  : [77] Companion.decrypt | RECV: AUDIO Media Data type: 0 flags: 11 size: 8202 dataOffset: 2
09-15 13:37:44.074 13751 14127 D OPENHU  : [77] Companion.decrypt | RECV: AUDIO Media Data type: 0 flags: 11 size: 8202 dataOffset: 2
09-15 13:37:44.121 13751 14127 D OPENHU  : [77] Companion.decrypt | RECV: AUDIO Media Data type: 0 flags: 11 size: 8202 dataOffset: 2
09-15 13:37:44.162 13751 14127 D OPENHU  : [77] Companion.decrypt | RECV: AUDIO Media Data type: 0 flags: 11 size: 8202 dataOffset: 2
09-15 13:37:44.202 13751 14127 D OPENHU  : [77] Companion.decrypt | RECV: AUDIO Media Data type: 0 flags: 11 size: 8202 dataOffset: 2
09-15 13:37:44.245 13751 14127 D OPENHU  : [77] Companion.decrypt | RECV: AUDIO Media Data type: 0 flags: 11 size: 8202 dataOffset: 2
09-15 13:37:44.292 13751 14127 D OPENHU  : [77] Companion.decrypt | RECV: AUDIO Media Data type: 0 flags: 11 size: 8202 dataOffset: 2
09-15 13:37:44.332 13751 14127 D OPENHU  : [77] Companion.decrypt | RECV: AUDIO Media Data type: 0 flags: 11 size: 8202 dataOffset: 2
09-15 13:37:44.375 13751 14127 D OPENHU  : [77] Companion.decrypt | RECV: AUDIO Media Data type: 0 flags: 11 size: 8202 dataOffset: 2
09-15 13:37:44.415 13751 14127 D OPENHU  : [77] Companion.decrypt | RECV: AUDIO Media Data type: 0 flags: 11 size: 8202 dataOffset: 2
09-15 13:37:44.454 13751 14162 I OPENHU  : [88] VideoDecoder.logThroughput | Throughput over 5002ms: rendered=219 (43fps), fed=219 (43fps), dropped=0, skipped=0, concealed=0, inputWait=93ms, enqueueWait=0ms, codec=c2.unisoc.avc.decoder, presented=219 (43fps), decodeLatency=9ms p95=12ms (219 frames)
09-15 13:37:44.461 13751 14127 D OPENHU  : [77] Companion.decrypt | RECV: AUDIO Media Data type: 0 flags: 11 size: 8202 dataOffset: 2
09-15 13:37:44.503 13751 14127 D OPENHU  : [77] Companion.decrypt | RECV: AUDIO Media Data type: 0 flags: 11 size: 8202 dataOffset: 2
09-15 13:37:44.545 13751 14127 D OPENHU  : [77] Companion.decrypt | RECV: AUDIO Media Data type: 0 flags: 11 size: 8202 dataOffset: 2
09-15 13:37:44.587 13751 14127 D OPENHU  : [77] Companion.decrypt | RECV: AUDIO Media Data type: 0 flags: 11 size: 8202 dataOffset: 2
09-15 13:37:44.593 13751 14127 D OPENHU  : [77] Companion.decrypt | RECV: CONTROL Ping Request type: 11 flags: 11 size: 12 dataOffset: 2
09-15 13:37:44.593 13751 14127 V OPENHU  : [77] AapTransport.send | CONTROL Ping Response type: 12 flags: 11 size: 14 dataOffset: 6
09-15 13:37:44.628 13751 14127 D OPENHU  : [77] Companion.decrypt | RECV: AUDIO Media Data type: 0 flags: 11 size: 8202 dataOffset: 2
09-15 13:37:44.663 13751 14127 D OPENHU  : [77] Companion.decrypt | RECV: MUSIC_PLAYBACK Media Playback Status type: 32769 flags: 11 size: 18 dataOffset: 2
09-15 13:37:44.664 13751 14127 D OPENHU  : [77] AapMediaPlayback.processStatusPacket | AapMediaPlayback: status mediaSource='VLC', playbackSeconds(u32)=207, state=PLAYING
09-15 13:37:44.672 13751 14127 D OPENHU  : [77] Companion.decrypt | RECV: AUDIO Media Data type: 0 flags: 11 size: 8202 dataOffset: 2
09-15 13:37:44.717 13751 14127 D OPENHU  : [77] Companion.decrypt | RECV: AUDIO Media Data type: 0 flags: 11 size: 8202 dataOffset: 2
09-15 13:37:44.758 13751 14127 D OPENHU  : [77] Companion.decrypt | RECV: AUDIO Media Data type: 0 flags: 11 size: 8202 dataOffset: 2
09-15 13:37:44.804 13751 14127 D OPENHU  : [77] Companion.decrypt | RECV: AUDIO Media Data type: 0 flags: 11 size: 8202 dataOffset: 2
09-15 13:37:44.842 13751 14127 D OPENHU  : [77] Companion.decrypt | RECV: AUDIO Media Data type: 0 flags: 11 size: 8202 dataOffset: 2
09-15 13:37:44.885 13751 14127 D OPENHU  : [77] Companion.decrypt | RECV: AUDIO Media Data type: 0 flags: 11 size: 8202 dataOffset: 2
09-15 13:37:44.927 13751 14127 D OPENHU  : [77] Companion.decrypt | RECV: AUDIO Media Data type: 0 flags: 11 size: 8202 dataOffset: 2
09-15 13:37:44.971 13751 14127 D OPENHU  : [77] Companion.decrypt | RECV: AUDIO Media Data type: 0 flags: 11 size: 8202 dataOffset: 2
09-15 13:37:45.014 13751 14127 D OPENHU  : [77] Companion.decrypt | RECV: AUDIO Media Data type: 0 flags: 11 size: 8202 dataOffset: 2
09-15 13:37:45.021 13751 13751 V OPENHU  : [2] GpsLocation.onLocationChanged | GpsLocation: fix received
09-15 13:37:45.027 13751 13751 V OPENHU  : [2] AapTransport.send | SENSOR Sensor Event type: 32771 flags: 11 size: 46 dataOffset: 6
09-15 13:37:45.056 13751 14127 D OPENHU  : [77] Companion.decrypt | RECV: AUDIO Media Data type: 0 flags: 11 size: 8202 dataOffset: 2
09-15 13:37:45.100 13751 14127 D OPENHU  : [77] Companion.decrypt | RECV: AUDIO Media Data type: 0 flags: 11 size: 8202 dataOffset: 2
09-15 13:37:45.142 13751 14127 D OPENHU  : [77] Companion.decrypt | RECV: AUDIO Media Data type: 0 flags: 11 size: 8202 dataOffset: 2
09-15 13:37:45.193 13751 14127 D OPENHU  : [77] Companion.decrypt | RECV: AUDIO Media Data type: 0 flags: 11 size: 8202 dataOffset: 2
09-15 13:37:45.226 13751 14127 D OPENHU  : [77] Companion.decrypt | RECV: AUDIO Media Data type: 0 flags: 11 size: 8202 dataOffset: 2
09-15 13:37:45.269 13751 14127 D OPENHU  : [77] Companion.decrypt | RECV: AUDIO Media Data type: 0 flags: 11 size: 8202 dataOffset: 2
09-15 13:37:45.315 13751 14127 D OPENHU  : [77] Companion.decrypt | RECV: AUDIO Media Data type: 0 flags: 11 size: 8202 dataOffset: 2
09-15 13:37:45.357 13751 14127 D OPENHU  : [77] Companion.decrypt | RECV: AUDIO Media Data type: 0 flags: 11 size: 8202 dataOffset: 2
09-15 13:37:45.399 13751 14127 D OPENHU  : [77] Companion.decrypt | RECV: AUDIO Media Data type: 0 flags: 11 size: 8202 dataOffset: 2
09-15 13:37:45.441 13751 14127 D OPENHU  : [77] Companion.decrypt | RECV: AUDIO Media Data type: 0 flags: 11 size: 8202 dataOffset: 2
09-15 13:37:45.482 13751 14127 D OPENHU  : [77] Companion.decrypt | RECV: AUDIO Media Data type: 0 flags: 11 size: 8202 dataOffset: 2
09-15 13:37:45.526 13751 14127 D OPENHU  : [77] Companion.decrypt | RECV: AUDIO Media Data type: 0 flags: 11 size: 8202 dataOffset: 2
09-15 13:37:45.569 13751 14127 D OPENHU  : [77] Companion.decrypt | RECV: AUDIO Media Data type: 0 flags: 11 size: 8202 dataOffset: 2
09-15 13:37:45.593 13751 14127 D OPENHU  : [77] Companion.decrypt | RECV: CONTROL Ping Request type: 11 flags: 11 size: 12 dataOffset: 2
09-15 13:37:45.595 13751 14127 V OPENHU  : [77] AapTransport.send | CONTROL Ping Response type: 12 flags: 11 size: 14 dataOffset: 6
09-15 13:37:45.611 13751 14127 D OPENHU  : [77] Companion.decrypt | RECV: AUDIO Media Data type: 0 flags: 11 size: 8202 dataOffset: 2
09-15 13:37:45.654 13751 14127 D OPENHU  : [77] Companion.decrypt | RECV: AUDIO Media Data type: 0 flags: 11 size: 8202 dataOffset: 2
09-15 13:37:45.666 13751 14127 D OPENHU  : [77] Companion.decrypt | RECV: MUSIC_PLAYBACK Media Playback Status type: 32769 flags: 11 size: 18 dataOffset: 2
09-15 13:37:45.668 13751 14127 D OPENHU  : [77] AapMediaPlayback.processStatusPacket | AapMediaPlayback: status mediaSource='VLC', playbackSeconds(u32)=208, state=PLAYING
09-15 13:37:45.699 13751 14127 D OPENHU  : [77] Companion.decrypt | RECV: AUDIO Media Data type: 0 flags: 11 size: 8202 dataOffset: 2
09-15 13:37:45.729 13751 13751 I OPENHU  : [2] TextureProjectionView.onSurfaceTextureUpdated | TextureProjectionView: displayed 169 frames in 5070ms (33fps), longFrames=2
09-15 13:37:45.737 13751 14127 D OPENHU  : [77] Companion.decrypt | RECV: AUDIO Media Data type: 0 flags: 11 size: 8202 dataOffset: 2
09-15 13:37:45.781 13751 14127 D OPENHU  : [77] Companion.decrypt | RECV: AUDIO Media Data type: 0 flags: 11 size: 8202 dataOffset: 2
09-15 13:37:45.823 13751 14127 D OPENHU  : [77] Companion.decrypt | RECV: AUDIO Media Data type: 0 flags: 11 size: 8202 dataOffset: 2
09-15 13:37:45.868 13751 14127 D OPENHU  : [77] Companion.decrypt | RECV: AUDIO Media Data type: 0 flags: 11 size: 8202 dataOffset: 2
09-15 13:37:45.912 13751 14127 D OPENHU  : [77] Companion.decrypt | RECV: AUDIO Media Data type: 0 flags: 11 size: 8202 dataOffset: 2
09-15 13:37:45.953 13751 14127 D OPENHU  : [77] Companion.decrypt | RECV: AUDIO Media Data type: 0 flags: 11 size: 8202 dataOffset: 2
09-15 13:37:45.996 13751 13751 V OPENHU  : [2] GpsLocation.onLocationChanged | GpsLocation: fix received
09-15 13:37:46.000 13751 14127 D OPENHU  : [77] Companion.decrypt | RECV: AUDIO Media Data type: 0 flags: 11 size: 8202 dataOffset: 2
09-15 13:37:46.004 13751 13751 V OPENHU  : [2] AapTransport.send | SENSOR Sensor Event type: 32771 flags: 11 size: 46 dataOffset: 6
09-15 13:37:46.041 13751 14127 D OPENHU  : [77] Companion.decrypt | RECV: AUDIO Media Data type: 0 flags: 11 size: 8202 dataOffset: 2
09-15 13:37:46.082 13751 14127 D OPENHU  : [77] Companion.decrypt | RECV: AUDIO Media Data type: 0 flags: 11 size: 8202 dataOffset: 2
09-15 13:37:46.124 13751 14127 D OPENHU  : [77] Companion.decrypt | RECV: AUDIO Media Data type: 0 flags: 11 size: 8202 dataOffset: 2
09-15 13:37:46.168 13751 14127 D OPENHU  : [77] Companion.decrypt | RECV: AUDIO Media Data type: 0 flags: 11 size: 8202 dataOffset: 2
09-15 13:37:46.210 13751 14127 D OPENHU  : [77] Companion.decrypt | RECV: AUDIO Media Data type: 0 flags: 11 size: 8202 dataOffset: 2
09-15 13:37:46.251 13751 14127 D OPENHU  : [77] Companion.decrypt | RECV: AUDIO Media Data type: 0 flags: 11 size: 8202 dataOffset: 2
09-15 13:37:46.296 13751 14127 D OPENHU  : [77] Companion.decrypt | RECV: AUDIO Media Data type: 0 flags: 11 size: 8202 dataOffset: 2
09-15 13:37:46.338 13751 14127 D OPENHU  : [77] Companion.decrypt | RECV: AUDIO Media Data type: 0 flags: 11 size: 8202 dataOffset: 2
09-15 13:37:46.379 13751 14127 D OPENHU  : [77] Companion.decrypt | RECV: AUDIO Media Data type: 0 flags: 11 size: 8202 dataOffset: 2
09-15 13:37:46.421 13751 14127 D OPENHU  : [77] Companion.decrypt | RECV: AUDIO Media Data type: 0 flags: 11 size: 8202 dataOffset: 2
09-15 13:37:46.464 13751 14127 D OPENHU  : [77] Companion.decrypt | RECV: AUDIO Media Data type: 0 flags: 11 size: 8202 dataOffset: 2
09-15 13:37:46.510 13751 14127 D OPENHU  : [77] Companion.decrypt | RECV: AUDIO Media Data type: 0 flags: 11 size: 8202 dataOffset: 2
09-15 13:37:46.552 13751 14127 D OPENHU  : [77] Companion.decrypt | RECV: AUDIO Media Data type: 0 flags: 11 size: 8202 dataOffset: 2
09-15 13:37:46.594 13751 14127 D OPENHU  : [77] Companion.decrypt | RECV: AUDIO Media Data type: 0 flags: 11 size: 8202 dataOffset: 2
09-15 13:37:46.600 13751 14127 D OPENHU  : [77] Companion.decrypt | RECV: CONTROL Ping Request type: 11 flags: 11 size: 12 dataOffset: 2
09-15 13:37:46.601 13751 14127 V OPENHU  : [77] AapTransport.send | CONTROL Ping Response type: 12 flags: 11 size: 14 dataOffset: 6
09-15 13:37:46.634 13751 14127 D OPENHU  : [77] Companion.decrypt | RECV: AUDIO Media Data type: 0 flags: 11 size: 8202 dataOffset: 2
09-15 13:37:46.665 13751 14127 D OPENHU  : [77] Companion.decrypt | RECV: MUSIC_PLAYBACK Media Playback Status type: 32769 flags: 11 size: 18 dataOffset: 2
09-15 13:37:46.666 13751 14127 D OPENHU  : [77] AapMediaPlayback.processStatusPacket | AapMediaPlayback: status mediaSource='VLC', playbackSeconds(u32)=209, state=PLAYING
09-15 13:37:46.681 13751 14127 D OPENHU  : [77] Companion.decrypt | RECV: AUDIO Media Data type: 0 flags: 11 size: 8202 dataOffset: 2
09-15 13:37:46.722 13751 14127 D OPENHU  : [77] Companion.decrypt | RECV: AUDIO Media Data type: 0 flags: 11 size: 8202 dataOffset: 2
09-15 13:37:46.763 13751 14127 D OPENHU  : [77] Companion.decrypt | RECV: AUDIO Media Data type: 0 flags: 11 size: 8202 dataOffset: 2
09-15 13:37:46.805 13751 14127 D OPENHU  : [77] Companion.decrypt | RECV: AUDIO Media Data type: 0 flags: 11 size: 8202 dataOffset: 2
09-15 13:37:46.848 13751 14127 D OPENHU  : [77] Companion.decrypt | RECV: AUDIO Media Data type: 0 flags: 11 size: 8202 dataOffset: 2
09-15 13:37:46.899 13751 14127 D OPENHU  : [77] Companion.decrypt | RECV: AUDIO Media Data type: 0 flags: 11 size: 8202 dataOffset: 2
09-15 13:37:46.932 13751 14127 D OPENHU  : [77] Companion.decrypt | RECV: AUDIO Media Data type: 0 flags: 11 size: 8202 dataOffset: 2
09-15 13:37:46.975 13751 14127 D OPENHU  : [77] Companion.decrypt | RECV: AUDIO Media Data type: 0 flags: 11 size: 8202 dataOffset: 2
09-15 13:37:47.019 13751 14127 D OPENHU  : [77] Companion.decrypt | RECV: AUDIO Media Data type: 0 flags: 11 size: 8202 dataOffset: 2
09-15 13:37:47.029 13751 13751 V OPENHU  : [2] GpsLocation.onLocationChanged | GpsLocation: fix received
09-15 13:37:47.039 13751 13751 V OPENHU  : [2] AapTransport.send | SENSOR Sensor Event type: 32771 flags: 11 size: 46 dataOffset: 6
09-15 13:37:47.061 13751 14127 D OPENHU  : [77] Companion.decrypt | RECV: AUDIO Media Data type: 0 flags: 11 size: 8202 dataOffset: 2
09-15 13:37:47.105 13751 14127 D OPENHU  : [77] Companion.decrypt | RECV: AUDIO Media Data type: 0 flags: 11 size: 8202 dataOffset: 2
09-15 13:37:47.145 13751 14127 D OPENHU  : [77] Companion.decrypt | RECV: AUDIO Media Data type: 0 flags: 11 size: 8202 dataOffset: 2
09-15 13:37:47.188 13751 14127 D OPENHU  : [77] Companion.decrypt | RECV: AUDIO Media Data type: 0 flags: 11 size: 8202 dataOffset: 2
09-15 13:37:47.230 13751 14127 D OPENHU  : [77] Companion.decrypt | RECV: AUDIO Media Data type: 0 flags: 11 size: 8202 dataOffset: 2
09-15 13:37:47.276 13751 14127 D OPENHU  : [77] Companion.decrypt | RECV: AUDIO Media Data type: 0 flags: 11 size: 8202 dataOffset: 2
09-15 13:37:47.319 13751 14127 D OPENHU  : [77] Companion.decrypt | RECV: AUDIO Media Data type: 0 flags: 11 size: 8202 dataOffset: 2
09-15 13:37:47.358 13751 14127 D OPENHU  : [77] Companion.decrypt | RECV: AUDIO Media Data type: 0 flags: 11 size: 8202 dataOffset: 2
09-15 13:37:47.401 13751 14127 D OPENHU  : [77] Companion.decrypt | RECV: AUDIO Media Data type: 0 flags: 11 size: 8202 dataOffset: 2
09-15 13:37:47.443 13751 14127 D OPENHU  : [77] Companion.decrypt | RECV: AUDIO Media Data type: 0 flags: 11 size: 8202 dataOffset: 2
09-15 13:37:47.486 13751 14127 D OPENHU  : [77] Companion.decrypt | RECV: AUDIO Media Data type: 0 flags: 11 size: 8202 dataOffset: 2
09-15 13:37:47.529 13751 14127 D OPENHU  : [77] Companion.decrypt | RECV: AUDIO Media Data type: 0 flags: 11 size: 8202 dataOffset: 2
09-15 13:37:47.573 13751 14127 D OPENHU  : [77] Companion.decrypt | RECV: AUDIO Media Data type: 0 flags: 11 size: 8202 dataOffset: 2
09-15 13:37:47.596 13751 14127 D OPENHU  : [77] Companion.decrypt | RECV: CONTROL Ping Request type: 11 flags: 11 size: 12 dataOffset: 2
09-15 13:37:47.598 13751 14127 V OPENHU  : [77] AapTransport.send | CONTROL Ping Response type: 12 flags: 11 size: 14 dataOffset: 6
09-15 13:37:47.616 13751 14127 D OPENHU  : [77] Companion.decrypt | RECV: AUDIO Media Data type: 0 flags: 11 size: 8202 dataOffset: 2
09-15 13:37:47.658 13751 14127 D OPENHU  : [77] Companion.decrypt | RECV: AUDIO Media Data type: 0 flags: 11 size: 8202 dataOffset: 2
09-15 13:37:47.665 13751 14127 D OPENHU  : [77] Companion.decrypt | RECV: MUSIC_PLAYBACK Media Playback Status type: 32769 flags: 11 size: 18 dataOffset: 2
09-15 13:37:47.667 13751 14127 D OPENHU  : [77] AapMediaPlayback.processStatusPacket | AapMediaPlayback: status mediaSource='VLC', playbackSeconds(u32)=210, state=PLAYING
09-15 13:37:47.701 13751 14127 D OPENHU  : [77] Companion.decrypt | RECV: AUDIO Media Data type: 0 flags: 11 size: 8202 dataOffset: 2
09-15 13:37:47.743 13751 14127 D OPENHU  : [77] Companion.decrypt | RECV: AUDIO Media Data type: 0 flags: 11 size: 8202 dataOffset: 2
09-15 13:37:47.788 13751 14127 D OPENHU  : [77] Companion.decrypt | RECV: AUDIO Media Data type: 0 flags: 11 size: 8202 dataOffset: 2
09-15 13:37:47.827 13751 14127 D OPENHU  : [77] Companion.decrypt | RECV: AUDIO Media Data type: 0 flags: 11 size: 8202 dataOffset: 2
09-15 13:37:47.872 13751 14127 D OPENHU  : [77] Companion.decrypt | RECV: AUDIO Media Data type: 0 flags: 11 size: 8202 dataOffset: 2
09-15 13:37:47.913 13751 14127 D OPENHU  : [77] Companion.decrypt | RECV: AUDIO Media Data type: 0 flags: 11 size: 8202 dataOffset: 2
09-15 13:37:47.956 13751 14127 D OPENHU  : [77] Companion.decrypt | RECV: AUDIO Media Data type: 0 flags: 11 size: 8202 dataOffset: 2
09-15 13:37:48.000 13751 13751 V OPENHU  : [2] GpsLocation.onLocationChanged | GpsLocation: fix received
09-15 13:37:48.001 13751 14127 D OPENHU  : [77] Companion.decrypt | RECV: AUDIO Media Data type: 0 flags: 11 size: 8202 dataOffset: 2
09-15 13:37:48.008 13751 13751 V OPENHU  : [2] AapTransport.send | SENSOR Sensor Event type: 32771 flags: 11 size: 46 dataOffset: 6
09-15 13:37:48.042 13751 14127 D OPENHU  : [77] Companion.decrypt | RECV: AUDIO Media Data type: 0 flags: 11 size: 8202 dataOffset: 2
09-15 13:37:48.087 13751 14127 D OPENHU  : [77] Companion.decrypt | RECV: AUDIO Media Data type: 0 flags: 11 size: 8202 dataOffset: 2
09-15 13:37:48.129 13751 14127 D OPENHU  : [77] Companion.decrypt | RECV: AUDIO Media Data type: 0 flags: 11 size: 8202 dataOffset: 2
09-15 13:37:48.172 13751 14127 D OPENHU  : [77] Companion.decrypt | RECV: AUDIO Media Data type: 0 flags: 11 size: 8202 dataOffset: 2
09-15 13:37:48.213 13751 14127 D OPENHU  : [77] Companion.decrypt | RECV: AUDIO Media Data type: 0 flags: 11 size: 8202 dataOffset: 2
09-15 13:37:48.256 13751 14127 D OPENHU  : [77] Companion.decrypt | RECV: AUDIO Media Data type: 0 flags: 11 size: 8202 dataOffset: 2
09-15 13:37:48.299 13751 14127 D OPENHU  : [77] Companion.decrypt | RECV: AUDIO Media Data type: 0 flags: 11 size: 8202 dataOffset: 2
09-15 13:37:48.339 13751 14127 D OPENHU  : [77] Companion.decrypt | RECV: AUDIO Media Data type: 0 flags: 11 size: 8202 dataOffset: 2
09-15 13:37:48.382 13751 14127 D OPENHU  : [77] Companion.decrypt | RECV: AUDIO Media Data type: 0 flags: 11 size: 8202 dataOffset: 2
09-15 13:37:48.425 13751 14127 D OPENHU  : [77] Companion.decrypt | RECV: AUDIO Media Data type: 0 flags: 11 size: 8202 dataOffset: 2
09-15 13:37:48.468 13751 14127 D OPENHU  : [77] Companion.decrypt | RECV: AUDIO Media Data type: 0 flags: 11 size: 8202 dataOffset: 2
09-15 13:37:48.514 13751 14127 D OPENHU  : [77] Companion.decrypt | RECV: AUDIO Media Data type: 0 flags: 11 size: 8202 dataOffset: 2
09-15 13:37:48.556 13751 14127 D OPENHU  : [77] Companion.decrypt | RECV: AUDIO Media Data type: 0 flags: 11 size: 8202 dataOffset: 2
09-15 13:37:48.602 13751 14127 D OPENHU  : [77] Companion.decrypt | RECV: CONTROL Ping Request type: 11 flags: 11 size: 12 dataOffset: 2
09-15 13:37:48.603 13751 14127 V OPENHU  : [77] AapTransport.send | CONTROL Ping Response type: 12 flags: 11 size: 14 dataOffset: 6
09-15 13:37:48.605 13751 14127 D OPENHU  : [77] Companion.decrypt | RECV: AUDIO Media Data type: 0 flags: 11 size: 8202 dataOffset: 2
09-15 13:37:48.640 13751 14127 D OPENHU  : [77] Companion.decrypt | RECV: AUDIO Media Data type: 0 flags: 11 size: 8202 dataOffset: 2
09-15 13:37:48.666 13751 14127 D OPENHU  : [77] Companion.decrypt | RECV: MUSIC_PLAYBACK Media Playback Status type: 32769 flags: 11 size: 18 dataOffset: 2
09-15 13:37:48.667 13751 14127 D OPENHU  : [77] AapMediaPlayback.processStatusPacket | AapMediaPlayback: status mediaSource='VLC', playbackSeconds(u32)=211, state=PLAYING
09-15 13:37:48.682 13751 14127 D OPENHU  : [77] Companion.decrypt | RECV: AUDIO Media Data type: 0 flags: 11 size: 8202 dataOffset: 2
09-15 13:37:48.724 13751 14127 D OPENHU  : [77] Companion.decrypt | RECV: AUDIO Media Data type: 0 flags: 11 size: 8202 dataOffset: 2
09-15 13:37:48.767 13751 14127 D OPENHU  : [77] Companion.decrypt | RECV: AUDIO Media Data type: 0 flags: 11 size: 8202 dataOffset: 2
09-15 13:37:48.809 13751 14127 D OPENHU  : [77] Companion.decrypt | RECV: AUDIO Media Data type: 0 flags: 11 size: 8202 dataOffset: 2
09-15 13:37:48.853 13751 14127 D OPENHU  : [77] Companion.decrypt | RECV: AUDIO Media Data type: 0 flags: 11 size: 8202 dataOffset: 2
09-15 13:37:48.897 13751 14127 D OPENHU  : [77] Companion.decrypt | RECV: AUDIO Media Data type: 0 flags: 11 size: 8202 dataOffset: 2
09-15 13:37:48.937 13751 14127 D OPENHU  : [77] Companion.decrypt | RECV: AUDIO Media Data type: 0 flags: 11 size: 8202 dataOffset: 2
09-15 13:37:48.979 13751 14127 D OPENHU  : [77] Companion.decrypt | RECV: AUDIO Media Data type: 0 flags: 11 size: 8202 dataOffset: 2
09-15 13:37:49.018 13751 13751 V OPENHU  : [2] GpsLocation.onLocationChanged | GpsLocation: fix received
09-15 13:37:49.024 13751 14127 D OPENHU  : [77] Companion.decrypt | RECV: AUDIO Media Data type: 0 flags: 11 size: 8202 dataOffset: 2
09-15 13:37:49.025 13751 13751 V OPENHU  : [2] AapTransport.send | SENSOR Sensor Event type: 32771 flags: 11 size: 46 dataOffset: 6
09-15 13:37:49.066 13751 14127 D OPENHU  : [77] Companion.decrypt | RECV: AUDIO Media Data type: 0 flags: 11 size: 8202 dataOffset: 2
09-15 13:37:49.108 13751 14127 D OPENHU  : [77] Companion.decrypt | RECV: AUDIO Media Data type: 0 flags: 11 size: 8202 dataOffset: 2
09-15 13:37:49.152 13751 14127 D OPENHU  : [77] Companion.decrypt | RECV: AUDIO Media Data type: 0 flags: 11 size: 8202 dataOffset: 2
09-15 13:37:49.195 13751 14127 D OPENHU  : [77] Companion.decrypt | RECV: AUDIO Media Data type: 0 flags: 11 size: 8202 dataOffset: 2
09-15 13:37:49.236 13751 14127 D OPENHU  : [77] Companion.decrypt | RECV: AUDIO Media Data type: 0 flags: 11 size: 8202 dataOffset: 2
09-15 13:37:49.279 13751 14127 D OPENHU  : [77] Companion.decrypt | RECV: AUDIO Media Data type: 0 flags: 11 size: 8202 dataOffset: 2
09-15 13:37:49.322 13751 14127 D OPENHU  : [77] Companion.decrypt | RECV: AUDIO Media Data type: 0 flags: 11 size: 8202 dataOffset: 2
09-15 13:37:49.364 13751 14127 D OPENHU  : [77] Companion.decrypt | RECV: AUDIO Media Data type: 0 flags: 11 size: 8202 dataOffset: 2
09-15 13:37:49.406 13751 14127 D OPENHU  : [77] Companion.decrypt | RECV: AUDIO Media Data type: 0 flags: 11 size: 8202 dataOffset: 2
09-15 13:37:49.453 13751 14127 D OPENHU  : [77] Companion.decrypt | RECV: AUDIO Media Data type: 0 flags: 11 size: 8202 dataOffset: 2
09-15 13:37:49.456 13751 14162 I OPENHU  : [88] VideoDecoder.logThroughput | Throughput over 5003ms: rendered=145 (28fps), fed=146 (29fps), dropped=0, skipped=0, concealed=0, inputWait=62ms, enqueueWait=0ms, codec=c2.unisoc.avc.decoder, presented=145 (28fps), decodeLatency=9ms p95=11ms (145 frames)
09-15 13:37:49.493 13751 14127 D OPENHU  : [77] Companion.decrypt | RECV: AUDIO Media Data type: 0 flags: 11 size: 8202 dataOffset: 2
09-15 13:37:49.534 13751 14127 D OPENHU  : [77] Companion.decrypt | RECV: AUDIO Media Data type: 0 flags: 11 size: 8202 dataOffset: 2
09-15 13:37:49.577 13751 14127 D OPENHU  : [77] Companion.decrypt | RECV: AUDIO Media Data type: 0 flags: 11 size: 8202 dataOffset: 2
09-15 13:37:49.600 13751 14127 D OPENHU  : [77] Companion.decrypt | RECV: CONTROL Ping Request type: 11 flags: 11 size: 12 dataOffset: 2
09-15 13:37:49.600 13751 14127 V OPENHU  : [77] AapTransport.send | CONTROL Ping Response type: 12 flags: 11 size: 14 dataOffset: 6
09-15 13:37:49.621 13751 14127 D OPENHU  : [77] Companion.decrypt | RECV: AUDIO Media Data type: 0 flags: 11 size: 8202 dataOffset: 2
09-15 13:37:49.663 13751 14127 D OPENHU  : [77] Companion.decrypt | RECV: AUDIO Media Data type: 0 flags: 11 size: 8202 dataOffset: 2
09-15 13:37:49.666 13751 14127 D OPENHU  : [77] Companion.decrypt | RECV: MUSIC_PLAYBACK Media Playback Status type: 32769 flags: 11 size: 18 dataOffset: 2
09-15 13:37:49.667 13751 14127 D OPENHU  : [77] AapMediaPlayback.processStatusPacket | AapMediaPlayback: status mediaSource='VLC', playbackSeconds(u32)=212, state=PLAYING
09-15 13:37:49.706 13751 14127 D OPENHU  : [77] Companion.decrypt | RECV: AUDIO Media Data type: 0 flags: 11 size: 8202 dataOffset: 2
09-15 13:37:49.751 13751 14127 D OPENHU  : [77] Companion.decrypt | RECV: AUDIO Media Data type: 0 flags: 11 size: 8202 dataOffset: 2
09-15 13:37:49.792 13751 14127 D OPENHU  : [77] Companion.decrypt | RECV: AUDIO Media Data type: 0 flags: 11 size: 8202 dataOffset: 2
09-15 13:37:49.836 13751 14127 D OPENHU  : [77] Companion.decrypt | RECV: AUDIO Media Data type: 0 flags: 11 size: 8202 dataOffset: 2
09-15 13:37:49.880 13751 14127 D OPENHU  : [77] Companion.decrypt | RECV: AUDIO Media Data type: 0 flags: 11 size: 8202 dataOffset: 2
09-15 13:37:49.920 13751 14127 D OPENHU  : [77] Companion.decrypt | RECV: AUDIO Media Data type: 0 flags: 11 size: 8202 dataOffset: 2
09-15 13:37:49.962 13751 14127 D OPENHU  : [77] Companion.decrypt | RECV: AUDIO Media Data type: 0 flags: 11 size: 8202 dataOffset: 2
09-15 13:37:50.004 13751 14127 D OPENHU  : [77] Companion.decrypt | RECV: AUDIO Media Data type: 0 flags: 11 size: 8202 dataOffset: 2
09-15 13:37:50.005 13751 13751 V OPENHU  : [2] GpsLocation.onLocationChanged | GpsLocation: fix received
09-15 13:37:50.018 13751 13751 V OPENHU  : [2] AapTransport.send | SENSOR Sensor Event type: 32771 flags: 11 size: 46 dataOffset: 6
09-15 13:37:50.047 13751 14127 D OPENHU  : [77] Companion.decrypt | RECV: AUDIO Media Data type: 0 flags: 11 size: 8202 dataOffset: 2
09-15 13:37:50.089 13751 14127 D OPENHU  : [77] Companion.decrypt | RECV: AUDIO Media Data type: 0 flags: 11 size: 8202 dataOffset: 2
09-15 13:37:50.135 13751 14127 D OPENHU  : [77] Companion.decrypt | RECV: AUDIO Media Data type: 0 flags: 11 size: 8202 dataOffset: 2
09-15 13:37:50.175 13751 14127 D OPENHU  : [77] Companion.decrypt | RECV: AUDIO Media Data type: 0 flags: 11 size: 8202 dataOffset: 2
09-15 13:37:50.218 13751 14127 D OPENHU  : [77] Companion.decrypt | RECV: AUDIO Media Data type: 0 flags: 11 size: 8202 dataOffset: 2
09-15 13:37:50.260 13751 14127 D OPENHU  : [77] Companion.decrypt | RECV: AUDIO Media Data type: 0 flags: 11 size: 8202 dataOffset: 2
09-15 13:37:50.305 13751 14127 D OPENHU  : [77] Companion.decrypt | RECV: AUDIO Media Data type: 0 flags: 11 size: 8202 dataOffset: 2
09-15 13:37:50.346 13751 14127 D OPENHU  : [77] Companion.decrypt | RECV: AUDIO Media Data type: 0 flags: 11 size: 8202 dataOffset: 2
09-15 13:37:50.387 13751 14127 D OPENHU  : [77] Companion.decrypt | RECV: AUDIO Media Data type: 0 flags: 11 size: 8202 dataOffset: 2
09-15 13:37:50.432 13751 14127 D OPENHU  : [77] Companion.decrypt | RECV: AUDIO Media Data type: 0 flags: 11 size: 8202 dataOffset: 2
09-15 13:37:50.475 13751 14127 D OPENHU  : [77] Companion.decrypt | RECV: AUDIO Media Data type: 0 flags: 11 size: 8202 dataOffset: 2
09-15 13:37:50.516 13751 14127 D OPENHU  : [77] Companion.decrypt | RECV: AUDIO Media Data type: 0 flags: 11 size: 8202 dataOffset: 2
09-15 13:37:50.561 13751 14127 D OPENHU  : [77] Companion.decrypt | RECV: AUDIO Media Data type: 0 flags: 11 size: 8202 dataOffset: 2
09-15 13:37:50.598 13751 14127 D OPENHU  : [77] Companion.decrypt | RECV: CONTROL Ping Request type: 11 flags: 11 size: 12 dataOffset: 2
09-15 13:37:50.599 13751 14127 V OPENHU  : [77] AapTransport.send | CONTROL Ping Response type: 12 flags: 11 size: 14 dataOffset: 6
09-15 13:37:50.602 13751 14127 D OPENHU  : [77] Companion.decrypt | RECV: AUDIO Media Data type: 0 flags: 11 size: 8202 dataOffset: 2
09-15 13:37:50.645 13751 14127 D OPENHU  : [77] Companion.decrypt | RECV: AUDIO Media Data type: 0 flags: 11 size: 8202 dataOffset: 2
