09-15 13:44:26.577 18485 18485 D OPENHU  : [2] App.onCreate | native library dir /data/app/~~l9pOWRlo2TOMHkS80eeASw==/com.andrerinas.headunitrevived-I4oqNCib9_5fO0KVvxY96w==/lib/arm64
09-15 13:44:26.578 18485 18485 D OPENHU  : [2] App.onCreate |    libusb1.0.so
09-15 13:44:26.579 18485 18485 D OPENHU  : [2] App.onCreate |    libavutil.so
09-15 13:44:26.579 18485 18485 D OPENHU  : [2] App.onCreate |    libconscrypt_jni.so
09-15 13:44:26.580 18485 18485 D OPENHU  : [2] App.onCreate |    libswscale.so
09-15 13:44:26.581 18485 18485 D OPENHU  : [2] App.onCreate |    libusbhelper.so
09-15 13:44:26.581 18485 18485 D OPENHU  : [2] App.onCreate |    libavcodec.so
09-15 13:44:26.582 18485 18485 D OPENHU  : [2] App.onCreate |    libhur_soft_hevc.so
09-15 13:44:26.756 18485 18485 I OPENHU  : [2] MainActivity.logLaunchSource | App launched by third party: android-app://com.android.shell (action: null)
09-15 13:44:27.030 18485 18485 D OPENHU  : [2] UsbReceiver.<init> | UsbReceiver registered
09-15 13:44:27.037 18485 18485 I OPENHU  : [2] UsbDeviceDiagnostics.logDeviceList | UsbDiagnostics: USB list sees 0 USB device(s), 0 usable for Android Auto
09-15 13:44:27.038 18485 18485 I OPENHU  : [2] UsbDeviceDiagnostics.logDeviceList | UsbDiagnostics: nothing is on the bus. Either the port carries no data, the unit is not in USB host mode, or a wireless adapter is waiting for its phone before it presents itself.
09-15 13:44:27.268 18485 18485 D OPENHU  : [2] MainActivity.requestPermissions | All required permissions already granted.
09-15 13:44:27.278 18485 18485 I OPENHU  : [2] HomeFragment.onResume | HomeFragment: onResume. isConnected=false
09-15 13:44:27.314 18485 18485 D OPENHU  : [2] BluetoothHelper.driverCandidates | BluetoothHelper: driver candidate motorola edge 30 neo (A0:46:5A:97:E4:95) -> PHONE, vouched for by a stored MAC
09-15 13:44:27.334 18485 18485 D OPENHU  : [2] BluetoothHelper.driverCandidates | BluetoothHelper: driver candidate POCO X3 NFC (DC:B7:2E:5E:4E:59) -> PHONE, advertises the Audio Gateway record
09-15 13:44:27.336 18485 18485 I OPENHU  : [2] BluetoothHelper.driverCandidates | BluetoothHelper: driver candidates: 2 phone, 0 unknown, 0 not a phone
09-15 13:44:27.357 18485 18485 D OPENHU  : [2] BluetoothHelper.driverCandidates | BluetoothHelper: driver candidate motorola edge 30 neo (A0:46:5A:97:E4:95) -> PHONE, vouched for by a stored MAC
09-15 13:44:27.375 18485 18485 D OPENHU  : [2] BluetoothHelper.driverCandidates | BluetoothHelper: driver candidate POCO X3 NFC (DC:B7:2E:5E:4E:59) -> PHONE, advertises the Audio Gateway record
09-15 13:44:27.376 18485 18485 D OPENHU  : [2] BluetoothHelper.driverCandidates | BluetoothHelper: driver candidates: 2 phone, 0 unknown, 0 not a phone
09-15 13:44:27.625 18485 18485 D OPENHU  : [2] BluetoothHelper.driverCandidates | BluetoothHelper: driver candidate motorola edge 30 neo (A0:46:5A:97:E4:95) -> PHONE, vouched for by a stored MAC
09-15 13:44:27.645 18485 18485 D OPENHU  : [2] BluetoothHelper.driverCandidates | BluetoothHelper: driver candidate POCO X3 NFC (DC:B7:2E:5E:4E:59) -> PHONE, advertises the Audio Gateway record
09-15 13:44:27.646 18485 18485 D OPENHU  : [2] BluetoothHelper.driverCandidates | BluetoothHelper: driver candidates: 2 phone, 0 unknown, 0 not a phone
09-15 13:44:28.226 18485 18485 I OPENHU  : [2] AapService.onCreate | AapService creating...
09-15 13:44:28.261 18485 18485 I OPENHU  : [2] BluetoothHelper.logAddressSourceDump | BluetoothHelper: == Bluetooth address source dump ==
09-15 13:44:28.265 18485 18485 I OPENHU  : [2] BluetoothHelper.logAddressSourceDump | BluetoothHelper:   adapter.address                      = 02:00:00:00:00:00
09-15 13:44:28.266 18485 18485 I OPENHU  : [2] BluetoothHelper.logAddressSourceDump | BluetoothHelper:   getAddress() reflection              = 02:00:00:00:00:00
09-15 13:44:28.267 18485 18485 I OPENHU  : [2] BluetoothHelper.logAddressSourceDump | BluetoothHelper:   Settings.Secure bluetooth_address    = null
09-15 13:44:28.267 18485 18485 I OPENHU  : [2] BluetoothHelper.logAddressSourceDump | BluetoothHelper:   property persist.sys.bt.mac          = null
09-15 13:44:28.268 18485 18485 I OPENHU  : [2] BluetoothHelper.logAddressSourceDump | BluetoothHelper:   property persist.sys.btmac           = null
09-15 13:44:28.268 18485 18485 I OPENHU  : [2] BluetoothHelper.logAddressSourceDump | BluetoothHelper:   property persist.vendor.bt.mac       = null
09-15 13:44:28.269 18485 18485 I OPENHU  : [2] BluetoothHelper.logAddressSourceDump | BluetoothHelper:   property sys.bt.mac                  = null
09-15 13:44:28.269 18485 18485 I OPENHU  : [2] BluetoothHelper.logAddressSourceDump | BluetoothHelper:   property persist.sys.bluetooth.mac   = null
09-15 13:44:28.270 18485 18485 I OPENHU  : [2] BluetoothHelper.logAddressSourceDump | BluetoothHelper:   property ro.boot.btmacaddr           = null
09-15 13:44:28.271 18485 18485 I OPENHU  : [2] BluetoothHelper.logAddressSourceDump | BluetoothHelper:   property vendor.bt.bdaddr            = null
09-15 13:44:28.271 18485 18485 I OPENHU  : [2] BluetoothHelper.logAddressSourceDump | BluetoothHelper:   property persist.zj.BTmac            = null
09-15 13:44:28.272 18485 18485 I OPENHU  : [2] BluetoothHelper.logAddressSourceDump | BluetoothHelper:   property persist.zlink.carplay.mac   = null
09-15 13:44:28.273 18485 18485 I OPENHU  : [2] BluetoothHelper.logAddressSourceDump | BluetoothHelper:   property sys.bt.bdaddr               = null
09-15 13:44:28.273 18485 18485 I OPENHU  : [2] BluetoothHelper.logAddressSourceDump | BluetoothHelper: == end Bluetooth address source dump ==
09-15 13:44:28.274 18485 18485 W OPENHU  : [2] BluetoothHelper.logAddressSourceDump | BluetoothHelper: no source named this unit's Bluetooth address. Read it under Settings/About/Status, or off the paired phone under the gear beside this device, and enter it under Wireless connection. Without it the phone is not told where to connect hands-free and no setup QR can be drawn.
09-15 13:44:28.295 18485 18485 D OPENHU  : [2] UsbReceiver.<init> | UsbReceiver registered
09-15 13:44:28.302 18485 18485 I OPENHU  : [2] AapService.registerReceivers | Registered runtime MEDIA_BUTTON receiver
09-15 13:44:28.305 18485 18485 I OPENHU  : [2] AapService.registerReceivers | Registered dynamic WiFi Auto-start receiver
09-15 13:44:28.307 18485 18485 I OPENHU  : [2] AapService.registerReceivers | Registered wake detection receiver (18 actions)
09-15 13:44:28.309 18485 18485 I OPENHU  : [2] AapService.registerReceivers | Registered Bluetooth auto-disconnect receiver
09-15 13:44:28.314 18485 18485 I OPENHU  : [2] CarBydReceiver.register | CarKeyReceiver: Listening for BYD panel keys on APP_REV_DATA (com.byd.multimediaservice not found)
09-15 13:44:28.314 18485 18485 D OPENHU  : [2] CarKeysManager.registerIdleReceivers | CarKeysManager: 2 idle CarKeyReceivers registered
09-15 13:44:28.348 18485 18485 D OPENHU  : [2] AapService.updateMediaSessionState | MediaSession: State updated to STOPPED, positionMs=0
09-15 13:44:28.358 18485 18485 I OPENHU  : [2] WifiLauncherManager.setActive | WifiLauncher: Initializing WiFi Mode: NATIVE
09-15 13:44:28.359 18485 18485 I OPENHU  : [2] MainActivity.renderStagePill | MainActivity: status pill step: ARMED
09-15 13:44:28.379 18485 18485 I OPENHU  : [2] WifiDirectManager.<init> | WifiDirectManager: Device supports WiFi Direct. Initializing...
09-15 13:44:28.386 18485 18485 D OPENHU  : [2] WifiDirectManager.registerReceiverIfNeeded | WifiDirectManager: BroadcastReceiver registered.
09-15 13:44:28.391 18485 18546 I OPENHU  : [51] 1.invokeSuspend | AapService: Mode requires WiFi Direct — ensuring hotspot is disabled first...
09-15 13:44:28.392 18485 18485 D OPENHU  : [2] WifiLauncherSharedServices.startWirelessServer | AapService: Starting the wireless server on 5288 - no server yet.
09-15 13:44:28.397 18485 18546 I OPENHU  : [51] HotspotManager.setHotspotEnabled | HotspotManager: Setting hotspot enabled=false (API 34, canWriteSettings=true)
09-15 13:44:28.397 18485 18485 I OPENHU  : [2] WirelessServer.start | WirelessServer: binding port 5288...
09-15 13:44:28.403 18485 18548 I OPENHU  : [53] 1.invokeSuspend | Wireless Server listening on port 5288
09-15 13:44:28.406 18485 18548 I OPENHU  : [53] WirelessServer.logLocalNetworkInterfaces | Interface: seth_lte0, IP: 172.23.212.177
09-15 13:44:28.407 18485 18548 I OPENHU  : [53] WirelessServer.logLocalNetworkInterfaces | Interface: p2p-wlan0-30, IP: 192.168.49.1
09-15 13:44:28.407 18485 18548 D OPENHU  : [53] 1.invokeSuspend | WirelessServer: Waiting for TCP connection on port 5288...
09-15 13:44:28.416 18485 18546 D OPENHU  : [51] SoftApStateReader.read | SoftApStateReader: getWifiApState reports 11 (13 = enabled).
09-15 13:44:28.423 18485 18485 I OPENHU  : [2] StationStandDown.standDown | StationStandDown: this unit is not joined to another WiFi network, so there is nothing to stand down before creating the group.
09-15 13:44:28.424 18485 18485 I OPENHU  : [2] WifiDirectManager.claimNativeCreateWindow | WifiDirectManager: a Native AA group create is claimed (bringing the Native AA group up); a refresh in the next 15s waits for it.
09-15 13:44:28.425 18485 18485 I OPENHU  : [2] WifiDirectManager.startNativeAaQuietHost | WifiDirectManager: startNativeAaQuietHost() requested. Removing old group if any...
09-15 13:44:28.426 18485 18485 I OPENHU  : [2] MainActivity.renderStagePill | MainActivity: status pill step: PREPARING_NETWORK
09-15 13:44:28.429 18485 18485 I OPENHU  : [2] WifiDirectManager.claimNativeCreateWindow | WifiDirectManager: a Native AA group create is claimed (recreating the group); a refresh in the next 15s waits for it.
09-15 13:44:28.429 18485 18485 I OPENHU  : [2] WifiDirectManager.invalidateNativeGroupCredentials | WifiDirectManager: the group is being removed (recreating the group), so its credentials are no longer handed out.
09-15 13:44:28.442 18485 18485 I OPENHU  : [2] NativeAaHandshakeManager.start | NativeAA: Starting Bluetooth Handshake Servers (primary radio [Navegadortz2])...
09-15 13:44:28.455 18485 18485 I OPENHU  : [2] NativeAaHandshakeManager.shouldRegisterDummyHfp | NativeAA: radio [Navegadortz2] already advertises Hands-Free, so the stand-in HFP record is not registered - the real stack answers calls, this app cannot.
09-15 13:44:28.459 18485 18547 I OPENHU  : [52] 1.invokeSuspend | NativeAA: ACTIVELY LISTENING on Android Auto UUID (4de17a00-52cb-11e6-bdf4-0800200c9a66) on radio [Navegadortz2]... Waiting for phone to connect back!
09-15 13:44:28.531 18485 18485 D OPENHU  : [2] BluetoothHelper.adapterForService | BluetoothHelper: adapterForService(android.hardware.bluetooth.audio.IBluetoothAudioProviderFactory/default) failed: android.bluetooth.BluetoothAdapter.<init> [interface android.bluetooth.IBluetoothManager]
09-15 13:44:28.533 18485 18485 I OPENHU  : [2] NativeAaHandshakeManager.triggerEarlyWake | NativeAA: waking the phone while the WiFi group is still forming.
09-15 13:44:28.540 18485 18565 D OPENHU  : [62] 2.invokeSuspend | NativeAA: wake poke starting (listeners ready after 0ms).
09-15 13:44:28.542 18485 18485 I OPENHU  : [2] AapService.registerNetworkMonitor | NetworkMonitor: Registered network change listener
09-15 13:44:28.566 18485 18565 I OPENHU  : [62] 2.invokeSuspend | NativeAA: WiFi credentials not ready before poke. Requesting WiFi refresh...
09-15 13:44:28.566 18485 18565 I OPENHU  : [62] WifiLauncherNative.triggerWifiDirectRefresh | AapService: WiFi Direct credential refresh requested.
09-15 13:44:28.579 18485 18546 I OPENHU  : [51] 1.invokeSuspend | WppTcpServer: listening for Android Auto on TCP 5299
09-15 13:44:28.612 18485 18485 I OPENHU  : [2] 1.onReceive | WifiDirectManager: WIFI_P2P_STATE_CHANGED_ACTION state=2
09-15 13:44:28.615 18485 18485 I OPENHU  : [2] 1.invoke | WifiDirectManager: requestDeviceInfo success: 02:00:00:00:00:00
09-15 13:44:28.617 18485 18485 I OPENHU  : [2] MainActivity.renderStagePill | MainActivity: status pill step: WAITING_FOR_PHONE
09-15 13:44:28.649 18485 18485 I OPENHU  : [2] WifiDirectManager.refreshNativeCredentials$lambda$23 | WifiDirectManager: refresh: a group was asked for 219ms ago and has not answered yet, so nothing is remade underneath it.
09-15 13:44:28.650 18485 18485 I OPENHU  : [2] WifiDirectManager.refreshNativeCredentials$lambda$23 | WifiDirectManager: refresh: asking again in 15281ms, once that create's grace is up.
09-15 13:44:28.663 18485 18485 I OPENHU  : [2] AapService.onStartCommand | AapService: ACTION_NATIVE_AA_PROMPT_SHOWN received
09-15 13:44:29.121 18485 18485 I OPENHU  : [2] WifiDirectManager.createQuietGroup | WifiDirectManager: Attempting createGroup for Native AA (Attempt 0)...
09-15 13:44:29.122 18485 18485 I OPENHU  : [2] WifiDirectManager.createQuietGroup | WifiDirectManager: this unit's WiFi radio reports a 5 GHz band.
09-15 13:44:29.124 18485 18485 I OPENHU  : [2] WifiDirectManager.createQuietGroup | WifiDirectManager: Band preference is automatic (5 GHz, then whatever this unit will host).
09-15 13:44:29.130 18485 18485 I OPENHU  : [2] WifiDirectManager.chooseNativeGroupIdentity | WifiDirectManager: group identity: asking for the kept network DIRECT-G3-Navegadortz2 again, so a phone that saved it can rejoin without being set up for a new one.
09-15 13:44:29.134 18485 18485 I OPENHU  : [2] WifiDirectManager.createQuietGroup | WifiDirectManager: Requesting Native AA P2P group on 5GHz band.
09-15 13:44:29.134 18485 18485 I OPENHU  : [2] WifiDirectManager.createQuietGroup | WifiDirectManager: 5 GHz channel is automatic, so the driver picks within the band.
09-15 13:44:29.171 18485 18485 I OPENHU  : [2] 1.onSuccess | WifiDirectManager: 5GHz createGroup SUCCESS!
09-15 13:44:29.186 18485 18485 D OPENHU  : [2] WifiDirectManager.onConnectionInfoAvailable | WifiDirectManager: onConnectionInfoAvailable: group not formed yet
09-15 13:44:29.187 18485 18485 W OPENHU  : [2] WifiDirectManager.onGroupInfoAvailable | WifiDirectManager: Group info was null! Retrying in 1s (Attempt 1/20)...
09-15 13:44:29.295 18485 18485 I OPENHU  : [2] 1.onReceive | WifiDirectManager: Connected. Requesting info...
09-15 13:44:29.310 18485 18485 D OPENHU  : [2] 2.invoke | WifiDirectManager: Pre-fetched localDeviceAddress on connect: 02:00:00:00:00:00
09-15 13:44:29.312 18485 18485 I OPENHU  : [2] WifiDirectManager.onConnectionInfoAvailable | WifiDirectManager: Group formed. Owner: true, GO IP: 192.168.49.1
09-15 13:44:29.327 18485 18485 I OPENHU  : [2] 1.invoke | WifiDirectManager: Updated localDeviceAddress via requestDeviceInfo: 02:00:00:00:00:00
09-15 13:44:29.348 18485 18485 I OPENHU  : [2] WifiDirectManager.onGroupInfoAvailable | WifiDirectManager: System Location Check: GPS=true, Network=true
09-15 13:44:29.349 18485 18485 I OPENHU  : [2] WifiDirectManager.logBssidSourceDump | WifiDirectManager: == BSSID source dump (iface=p2p-wlan0-31) ==
09-15 13:44:29.350 18485 18485 I OPENHU  : [2] WifiDirectManager.logBssidSourceDump$report | WifiDirectManager:   static override (Settings)       = 0
09-15 13:44:29.351 18485 18485 I OPENHU  : [2] WifiDirectManager.logBssidSourceDump$report | WifiDirectManager:   getGroupOwnerBssid()             = null
09-15 13:44:29.369 18485 18485 I OPENHU  : [2] WifiDirectManager.logBssidSourceDump$report | WifiDirectManager:   IPv6 link-local (p2p-wlan0-31)   = d2:02:90:8d:2e:6b
09-15 13:44:29.374 18485 18485 I OPENHU  : [2] WifiDirectManager.logBssidSourceDump$report | WifiDirectManager:   IPv6 link-local (any p2p/ap)     = d2:02:90:8d:2e:6b
09-15 13:44:29.375 18485 18485 D OPENHU  : [2] WifiDirectManager.getWifiDirectMac | WifiDirectManager: getWifiDirectMac for interface: p2p-wlan0-31
09-15 13:44:29.380 18485 18485 D OPENHU  : [2] WifiDirectManager.getWifiDirectMac | WifiDirectManager: Found interface: dummy0, MAC: null
09-15 13:44:29.382 18485 18485 D OPENHU  : [2] WifiDirectManager.getWifiDirectMac | WifiDirectManager: Found interface: seth_lte0, MAC: null
09-15 13:44:29.385 18485 18485 D OPENHU  : [2] WifiDirectManager.getWifiDirectMac | WifiDirectManager: Found interface: lo, MAC: null
09-15 13:44:29.388 18485 18485 D OPENHU  : [2] WifiDirectManager.getWifiDirectMac | WifiDirectManager: Found interface: p2p-wlan0-31, MAC: null
09-15 13:44:29.388 18485 18485 W OPENHU  : [2] WifiDirectManager.getWifiDirectMac | WifiDirectManager: No valid MAC found in NetworkInterface scan for p2p-wlan0-31
09-15 13:44:29.389 18485 18485 I OPENHU  : [2] WifiDirectManager.logBssidSourceDump$report | WifiDirectManager:   NetworkInterface.hardwareAddress = 00:00:00:00:00:00
09-15 13:44:29.390 18485 18485 I OPENHU  : [2] WifiDirectManager.logBssidSourceDump$report | WifiDirectManager:   lastKnownBssid (null)            = null
09-15 13:44:29.390 18485 18485 I OPENHU  : [2] WifiDirectManager.logBssidSourceDump$report | WifiDirectManager:   requestDeviceInfo                = 02:00:00:00:00:00
09-15 13:44:29.391 18485 18485 I OPENHU  : [2] WifiDirectManager.logBssidSourceDump$report | WifiDirectManager:   group.owner.deviceAddress        = 02:00:00:00:00:00
09-15 13:44:29.395 18485 18485 I OPENHU  : [2] WifiDirectManager.getMacFromShell | WifiDirectManager: MAC retrieved via sysfs (p2p-wlan0-31): d2:02:90:8d:2e:6b
09-15 13:44:29.396 18485 18485 I OPENHU  : [2] WifiDirectManager.logBssidSourceDump$report | WifiDirectManager:   sysfs / ip link                  = d2:02:90:8d:2e:6b
09-15 13:44:29.400 18485 18485 I OPENHU  : [2] WifiDirectManager.logBssidSourceDump$report | WifiDirectManager:   Settings.Secure p2p address      = null
09-15 13:44:29.401 18485 18485 I OPENHU  : [2] WifiDirectManager.logBssidSourceDump$report | WifiDirectManager:   reflection over WifiP2pGroup     = null
09-15 13:44:29.402 18485 18485 I OPENHU  : [2] WifiDirectManager.logBssidSourceDump | WifiDirectManager: == end BSSID source dump ==
09-15 13:44:29.408 18485 18485 I OPENHU  : [2] WifiDirectManager.onGroupInfoAvailable | WifiDirectManager: BSSID read from the IPv6 link-local address of p2p-wlan0-31 (EUI-64): D2:02:90:8D:2E:6B
09-15 13:44:29.409 18485 18485 I OPENHU  : [2] WifiDirectManager.onGroupInfoAvailable | WifiDirectManager: Initial BSSID from IPv6 link-local: D2:02:90:8D:2E:6B
09-15 13:44:29.411 18485 18485 I OPENHU  : [2] WifiDirectManager.onGroupInfoAvailable | WifiDirectManager: onGroupInfoAvailable: SSID: DIRECT-G3-Navegadortz2, BSSID: D2:02:90:8D:2E:6B (source=IPv6 link-local), GO: true, IFACE: p2p-wlan0-31, Freq: 5785 MHz (5GHz)
09-15 13:44:29.414 18485 18485 I OPENHU  : [2] WifiDirectManager.onGroupInfoAvailable | WifiDirectManager: group identity ssid=DIRECT-G3-Navegadortz2 persistent=yes (netId 9) asked=persistent matchesRequest=yes bssid=D2:02:90:8D:2E:6B stable=no (same name but the BSSID moved from B2:28:33:15:D6:E1 to D2:02:90:8D:2E:6B; this unit re-addresses the group on every create) source=IPv6 link-local
09-15 13:44:29.421 18485 18485 I OPENHU  : [2] WifiDirectManager.logStationCoexistence | WifiDirectManager: This unit is not connected to any other WiFi network while hosting the WiFi Direct group on 5785 MHz. The radio serves the group alone.
09-15 13:44:29.423 18485 18485 I OPENHU  : [2] WifiDirectManager.notifyNativeGroupStarted | WifiDirectManager: Native AA WiFi Direct: 5GHz (5785 MHz), 5GHz requested, SSID=DIRECT-G3-Navegadortz2
09-15 13:44:29.426 18485 18485 I OPENHU  : [2] MainActivity.renderNetworkLine | MainActivity: status pill network: WiFi Direct on 5 GHz (5785 MHz)
09-15 13:44:29.434 18485 18581 I OPENHU  : [68] WifiDirectManager.onGroupInfoAvailable$lambda$11 | WifiDirectManager: SUCCESS - Providing credentials to listener. SSID=DIRECT-G3-Navegadortz2, IP=192.168.49.1, BSSID=D2:02:90:8D:2E:6B, identity stable=no
09-15 13:44:29.435 18485 18581 I OPENHU  : [68] WifiLauncherNative.onNativeCredentials | AapService: Received WiFi credentials from manager (SSID=DIRECT-G3-Navegadortz2, IP=192.168.49.1). Updating and Triggering Poke.
09-15 13:44:29.436 18485 18581 I OPENHU  : [68] NativeAaHandshakeManager.updateWifiCredentials | NativeAA: Credentials updated. SSID=DIRECT-G3-Navegadortz2, IP=192.168.49.1, BSSID=D2:02:90:8D:2E:6B, identity stable=no
09-15 13:44:29.438 18485 18581 D OPENHU  : [68] NativeAaHandshakeManager.triggerPoke | NativeAA: a wake poke is already running for these credentials - not restarting it.
09-15 13:44:29.441 18485 18485 I OPENHU  : [2] MainActivity.renderStagePill | MainActivity: status pill step: WAKING_PHONE
09-15 13:44:29.584 18485 18564 I OPENHU  : [61] 2.invokeSuspend | NativeAA: Attempting active poke to device: motorola edge 30 neo (A0:46:5A:97:E4:95)...
09-15 13:44:29.600 18485 18564 I OPENHU  : [61] NativeAaHandshakeManager.pokeDevice | NativeAA: Calling socket.connect() for motorola edge 30 neo via HFP-AG (0000111f-0000-1000-8000-00805f9b34fb)...
09-15 13:44:30.195 18485 18485 I OPENHU  : [2] WifiDirectManager.onGroupInfoAvailable | WifiDirectManager: System Location Check: GPS=true, Network=true
09-15 13:44:30.204 18485 18485 I OPENHU  : [2] WifiDirectManager.onGroupInfoAvailable | WifiDirectManager: BSSID read from the IPv6 link-local address of p2p-wlan0-31 (EUI-64): D2:02:90:8D:2E:6B
09-15 13:44:30.205 18485 18485 I OPENHU  : [2] WifiDirectManager.onGroupInfoAvailable | WifiDirectManager: Initial BSSID from IPv6 link-local: D2:02:90:8D:2E:6B
09-15 13:44:30.206 18485 18485 I OPENHU  : [2] WifiDirectManager.onGroupInfoAvailable | WifiDirectManager: onGroupInfoAvailable: SSID: DIRECT-G3-Navegadortz2, BSSID: D2:02:90:8D:2E:6B (source=IPv6 link-local), GO: true, IFACE: p2p-wlan0-31, Freq: 5785 MHz (5GHz)
09-15 13:44:30.214 18485 18587 I OPENHU  : [69] WifiDirectManager.onGroupInfoAvailable$lambda$11 | WifiDirectManager: SUCCESS - Providing credentials to listener. SSID=DIRECT-G3-Navegadortz2, IP=192.168.49.1, BSSID=D2:02:90:8D:2E:6B, identity stable=no
09-15 13:44:30.215 18485 18587 I OPENHU  : [69] WifiLauncherNative.onNativeCredentials | AapService: Received WiFi credentials from manager (SSID=DIRECT-G3-Navegadortz2, IP=192.168.49.1). Updating and Triggering Poke.
09-15 13:44:30.216 18485 18587 I OPENHU  : [69] NativeAaHandshakeManager.updateWifiCredentials | NativeAA: Credentials updated. SSID=DIRECT-G3-Navegadortz2, IP=192.168.49.1, BSSID=D2:02:90:8D:2E:6B, identity stable=no
09-15 13:44:30.217 18485 18587 D OPENHU  : [69] NativeAaHandshakeManager.triggerPoke | NativeAA: a wake poke is already running for these credentials - not restarting it.
09-15 13:44:31.525 18485 18564 I OPENHU  : [61] NativeAaHandshakeManager.pokeDevice | NativeAA: Successfully poked motorola edge 30 neo via HFP-AG. Holding 15000ms...
09-15 13:44:32.080 18485 18547 I OPENHU  : [52] 1.invokeSuspend | NativeAA: Connection accepted from motorola edge 30 neo (A0:46:5A:97:E4:95) on local radio [Navegadortz2]
09-15 13:44:32.081 18485 18547 I OPENHU  : [52] NativeAaHandshakeManager.refuseAtGate | NativeAA: Selection prompt active (target=null) — refusing connection from A0:46:5A:97:E4:95
09-15 13:44:38.635 18485 18485 I OPENHU  : [2] HomeFragment.connectToNativeDevice | HomeFragment: Connecting to Native-AA device: motorola edge 30 neo (A0:46:5A:97:E4:95), btConnected=false
09-15 13:44:38.636 18485 18485 I OPENHU  : [2] MainActivity.beginAutoConnect | Auto-connect: begin (Native-AA driver: motorola edge 30 neo, mode=PILL_THEN_OVERLAY)
09-15 13:44:38.653 18485 18485 I OPENHU  : [2] MainActivity.startAutoConnectWatchdog | Auto-connect: this attempt gives up in 149s (mode=PILL_THEN_OVERLAY)
09-15 13:44:38.696 18485 18485 I OPENHU  : [2] AapService.onStartCommand | AapService: Received manual Native-AA poke request for A0:46:5A:97:E4:95
09-15 13:44:38.697 18485 18485 D OPENHU  : [2] AapService.onStartCommand | AapService: Already in Native AA mode, skipping re-init.
09-15 13:44:38.698 18485 18485 I OPENHU  : [2] NativeAaHandshakeManager.selectDriver | NativeAA: Driver selected: A0:46:5A:97:E4:95
09-15 13:44:38.705 18485 18485 I OPENHU  : [2] NativeAaHandshakeManager.manualPoke | NativeAA: Manual poke requested for motorola edge 30 neo (A0:46:5A:97:E4:95)
09-15 13:44:38.717 18485 18565 I OPENHU  : [62] 2.invokeSuspend | NativeAA: Attempting manual poke to motorola edge 30 neo...
09-15 13:44:38.727 18485 18565 I OPENHU  : [62] NativeAaHandshakeManager.pokeDevice | NativeAA: Calling socket.connect() for motorola edge 30 neo via HFP-AG (0000111f-0000-1000-8000-00805f9b34fb)...
09-15 13:44:39.199 18485 18565 I OPENHU  : [62] NativeAaHandshakeManager.pokeDevice | NativeAA: Successfully poked motorola edge 30 neo via HFP-AG. Holding 20000ms...
09-15 13:44:39.845 18485 18547 I OPENHU  : [52] 1.invokeSuspend | NativeAA: Connection accepted from motorola edge 30 neo (A0:46:5A:97:E4:95) on local radio [Navegadortz2]
09-15 13:44:39.849 18485 18485 I OPENHU  : [2] MainActivity.renderStagePill | MainActivity: status pill step: PHONE_ANSWERED
09-15 13:44:39.870 18485 18565 I OPENHU  : [62] 2.invokeSuspend | NativeAA: Handling handshake for motorola edge 30 neo (A0:46:5A:97:E4:95) on local radio [Navegadortz2]
09-15 13:44:40.185 18485 18565 D OPENHU  : [62] 2.invokeSuspend$feed | NativeAA: Handshake stage NEW -> AWAIT_CREDENTIALS
09-15 13:44:40.186 18485 18565 I OPENHU  : [62] 2.invokeSuspend | NativeAA: Phone connected. Current credentials state: SSID=DIRECT-G3-Navegadortz2, IP=192.168.49.1
09-15 13:44:40.186 18485 18565 I OPENHU  : [62] 2.invokeSuspend | NativeAA: Waiting for WiFi credentials to be ready (Max 60s)...
09-15 13:44:40.188 18485 18565 I OPENHU  : [62] 2.invokeSuspend | NativeAA: this unit read its own WiFi address, so the missing-BSSID record is retired.
09-15 13:44:40.189 18485 18565 I OPENHU  : [62] 2.invokeSuspend | NativeAA: Starting Handshake Exchange:
09-15 13:44:40.190 18485 18565 I OPENHU  : [62] 2.invokeSuspend |   > Target SSID: DIRECT-G3-Navegadortz2
09-15 13:44:40.190 18485 18565 I OPENHU  : [62] 2.invokeSuspend |   > Target IP:   192.168.49.1:5288
09-15 13:44:40.191 18485 18565 I OPENHU  : [62] 2.invokeSuspend |   > BSSID:       D2:02:90:8D:2E:6B
09-15 13:44:40.192 18485 18565 I OPENHU  : [62] 2.invokeSuspend$runAction | NativeAA: [TX] Sending WifiStartRequest (Type 1)
09-15 13:44:40.215 18485 18565 I OPENHU  : [62] NativeAaHandshakeManager.sendProtobuf | NativeAA: [TX] Wrote TYPE 1 (size 19) to Bluetooth (write() returned; delivery unconfirmed)
09-15 13:44:40.216 18485 18565 D OPENHU  : [62] 2.invokeSuspend$feed | NativeAA: Handshake stage AWAIT_CREDENTIALS -> AWAIT_INFO_REQUEST
09-15 13:44:40.270 18485 18565 I OPENHU  : [62] 2.invokeSuspend$tick | NativeAA: [RX] Received Type 2 (Payload size: 0)
09-15 13:44:40.271 18485 18565 I OPENHU  : [62] 2.invokeSuspend$runAction | NativeAA: Phone ready for WiFi association. Delivering credentials...
09-15 13:44:40.272 18485 18565 I OPENHU  : [62] 2.invokeSuspend$runAction | NativeAA: [TX] Sending WifiInfoResponse (Type 3) with full credentials in 1000ms...
09-15 13:44:40.274 18485 18485 I OPENHU  : [2] MainActivity.renderStagePill | MainActivity: status pill step: SENDING_CREDENTIALS
09-15 13:44:41.276 18485 18565 D OPENHU  : [62] 2.invokeSuspend$runAction | NativeAA: the live credentials still match the ones this handshake captured.
09-15 13:44:41.280 18485 18565 I OPENHU  : [62] NativeAaHandshakeManager.sendProtobuf | NativeAA: [TX] Wrote TYPE 3 (size 61) to Bluetooth (write() returned; delivery unconfirmed)
09-15 13:44:41.281 18485 18565 I OPENHU  : [62] 2.invokeSuspend$runAction | NativeAA: Handshake completed successfully on Bluetooth side.
09-15 13:44:41.283 18485 18565 D OPENHU  : [62] 2.invokeSuspend$feed | NativeAA: Handshake stage AWAIT_INFO_REQUEST -> SETTLING
09-15 13:44:41.284 18485 18565 I OPENHU  : [62] 2.invokeSuspend$tick | NativeAA: [RX] Received Type 7 (Payload size: 2)
09-15 13:44:41.289 18485 18565 I OPENHU  : [62] NativeAaHandshakeManager.logReceivedDetail | NativeAA: [RX] WifiStartResponse ip= status=SUCCESS(0)
09-15 13:44:41.292 18485 18485 I OPENHU  : [2] MainActivity.renderStagePill | MainActivity: status pill step: PHONE_JOINING
09-15 13:44:43.763 18485 18485 I OPENHU  : [2] 1.onReceive | WifiDirectManager: Connected. Requesting info...
09-15 13:44:43.769 18485 18485 D OPENHU  : [2] 2.invoke | WifiDirectManager: Pre-fetched localDeviceAddress on connect: 02:00:00:00:00:00
09-15 13:44:43.772 18485 18485 I OPENHU  : [2] WifiDirectManager.onConnectionInfoAvailable | WifiDirectManager: Group formed. Owner: true, GO IP: 192.168.49.1
09-15 13:44:43.777 18485 18485 I OPENHU  : [2] 1.invoke | WifiDirectManager: Updated localDeviceAddress via requestDeviceInfo: 02:00:00:00:00:00
09-15 13:44:43.785 18485 18485 I OPENHU  : [2] WifiDirectManager.onGroupInfoAvailable | WifiDirectManager: System Location Check: GPS=true, Network=true
09-15 13:44:43.791 18485 18485 I OPENHU  : [2] WifiDirectManager.onGroupInfoAvailable | WifiDirectManager: BSSID read from the IPv6 link-local address of p2p-wlan0-31 (EUI-64): D2:02:90:8D:2E:6B
09-15 13:44:43.792 18485 18485 I OPENHU  : [2] WifiDirectManager.onGroupInfoAvailable | WifiDirectManager: Initial BSSID from IPv6 link-local: D2:02:90:8D:2E:6B
09-15 13:44:43.793 18485 18485 I OPENHU  : [2] WifiDirectManager.onGroupInfoAvailable | WifiDirectManager: onGroupInfoAvailable: SSID: DIRECT-G3-Navegadortz2, BSSID: D2:02:90:8D:2E:6B (source=IPv6 link-local), GO: true, IFACE: p2p-wlan0-31, Freq: 5785 MHz (5GHz)
09-15 13:44:43.799 18485 18870 I OPENHU  : [75] WifiDirectManager.onGroupInfoAvailable$lambda$11 | WifiDirectManager: SUCCESS - Providing credentials to listener. SSID=DIRECT-G3-Navegadortz2, IP=192.168.49.1, BSSID=D2:02:90:8D:2E:6B, identity stable=no
09-15 13:44:43.800 18485 18870 I OPENHU  : [75] WifiLauncherNative.onNativeCredentials | AapService: Received WiFi credentials from manager (SSID=DIRECT-G3-Navegadortz2, IP=192.168.49.1). Updating and Triggering Poke.
09-15 13:44:43.801 18485 18870 I OPENHU  : [75] NativeAaHandshakeManager.updateWifiCredentials | NativeAA: Credentials updated. SSID=DIRECT-G3-Navegadortz2, IP=192.168.49.1, BSSID=D2:02:90:8D:2E:6B, identity stable=no
09-15 13:44:43.801 18485 18870 I OPENHU  : [75] NativeAaHandshakeManager.triggerPoke | NativeAA: Handoff still settling — not starting a poke that would compete with the phone's WiFi association.
09-15 13:44:43.937 18485 18485 I OPENHU  : [2] WifiDirectManager.refreshNativeCredentials$lambda$23 | WifiDirectManager: refresh: the group DIRECT-G3-Navegadortz2 is up, so its credentials are read again rather than the group remade.
09-15 13:44:43.941 18485 18485 I OPENHU  : [2] WifiDirectManager.onGroupInfoAvailable | WifiDirectManager: System Location Check: GPS=true, Network=true
09-15 13:44:43.949 18485 18485 I OPENHU  : [2] WifiDirectManager.onGroupInfoAvailable | WifiDirectManager: BSSID read from the IPv6 link-local address of p2p-wlan0-31 (EUI-64): D2:02:90:8D:2E:6B
09-15 13:44:43.950 18485 18485 I OPENHU  : [2] WifiDirectManager.onGroupInfoAvailable | WifiDirectManager: Initial BSSID from IPv6 link-local: D2:02:90:8D:2E:6B
09-15 13:44:43.952 18485 18485 I OPENHU  : [2] WifiDirectManager.onGroupInfoAvailable | WifiDirectManager: onGroupInfoAvailable: SSID: DIRECT-G3-Navegadortz2, BSSID: D2:02:90:8D:2E:6B (source=IPv6 link-local), GO: true, IFACE: p2p-wlan0-31, Freq: 5785 MHz (5GHz)
09-15 13:44:43.955 18485 18485 I OPENHU  : [2] WifiDirectManager.onConnectionInfoAvailable | WifiDirectManager: Group formed. Owner: true, GO IP: 192.168.49.1
09-15 13:44:43.957 18485 18871 I OPENHU  : [76] WifiDirectManager.onGroupInfoAvailable$lambda$11 | WifiDirectManager: SUCCESS - Providing credentials to listener. SSID=DIRECT-G3-Navegadortz2, IP=192.168.49.1, BSSID=D2:02:90:8D:2E:6B, identity stable=no
09-15 13:44:43.958 18485 18871 I OPENHU  : [76] WifiLauncherNative.onNativeCredentials | AapService: Received WiFi credentials from manager (SSID=DIRECT-G3-Navegadortz2, IP=192.168.49.1). Updating and Triggering Poke.
09-15 13:44:43.959 18485 18871 I OPENHU  : [76] NativeAaHandshakeManager.updateWifiCredentials | NativeAA: Credentials updated. SSID=DIRECT-G3-Navegadortz2, IP=192.168.49.1, BSSID=D2:02:90:8D:2E:6B, identity stable=no
09-15 13:44:43.960 18485 18871 I OPENHU  : [76] NativeAaHandshakeManager.triggerPoke | NativeAA: Handoff still settling — not starting a poke that would compete with the phone's WiFi association.
09-15 13:44:43.960 18485 18485 I OPENHU  : [2] 1.invoke | WifiDirectManager: Updated localDeviceAddress via requestDeviceInfo: 02:00:00:00:00:00
09-15 13:44:43.965 18485 18485 I OPENHU  : [2] WifiDirectManager.onGroupInfoAvailable | WifiDirectManager: System Location Check: GPS=true, Network=true
09-15 13:44:43.971 18485 18485 I OPENHU  : [2] WifiDirectManager.onGroupInfoAvailable | WifiDirectManager: BSSID read from the IPv6 link-local address of p2p-wlan0-31 (EUI-64): D2:02:90:8D:2E:6B
09-15 13:44:43.971 18485 18485 I OPENHU  : [2] WifiDirectManager.onGroupInfoAvailable | WifiDirectManager: Initial BSSID from IPv6 link-local: D2:02:90:8D:2E:6B
09-15 13:44:43.973 18485 18485 I OPENHU  : [2] WifiDirectManager.onGroupInfoAvailable | WifiDirectManager: onGroupInfoAvailable: SSID: DIRECT-G3-Navegadortz2, BSSID: D2:02:90:8D:2E:6B (source=IPv6 link-local), GO: true, IFACE: p2p-wlan0-31, Freq: 5785 MHz (5GHz)
09-15 13:44:43.982 18485 18565 I OPENHU  : [62] 2.invokeSuspend$tick | NativeAA: [RX] Received Type 6 (Payload size: 2)
09-15 13:44:43.983 18485 18872 I OPENHU  : [77] WifiDirectManager.onGroupInfoAvailable$lambda$11 | WifiDirectManager: SUCCESS - Providing credentials to listener. SSID=DIRECT-G3-Navegadortz2, IP=192.168.49.1, BSSID=D2:02:90:8D:2E:6B, identity stable=no
09-15 13:44:43.984 18485 18872 I OPENHU  : [77] WifiLauncherNative.onNativeCredentials | AapService: Received WiFi credentials from manager (SSID=DIRECT-G3-Navegadortz2, IP=192.168.49.1). Updating and Triggering Poke.
09-15 13:44:43.985 18485 18872 I OPENHU  : [77] NativeAaHandshakeManager.updateWifiCredentials | NativeAA: Credentials updated. SSID=DIRECT-G3-Navegadortz2, IP=192.168.49.1, BSSID=D2:02:90:8D:2E:6B, identity stable=no
09-15 13:44:43.985 18485 18872 I OPENHU  : [77] NativeAaHandshakeManager.triggerPoke | NativeAA: Handoff still settling — not starting a poke that would compete with the phone's WiFi association.
09-15 13:44:43.986 18485 18565 I OPENHU  : [62] NativeAaHandshakeManager.logReceivedDetail | NativeAA: [RX] WifiConnectStatus status=SUCCESS(0) (SUCCESS = the phone got onto our network)
09-15 13:44:43.988 18485 18565 I OPENHU  : [62] 2.invokeSuspend$runAction | NativeAA: Phone reports it is still joining — extending the settling window.
09-15 13:44:44.432 18485 18548 I OPENHU  : [53] 1.invokeSuspend | WirelessServer: Incoming connection detected from /192.168.49.81
09-15 13:44:44.434 18485 18548 D OPENHU  : [53] 1.invokeSuspend | WirelessServer: Waiting for TCP connection on port 5288...
09-15 13:44:44.435 18485 18485 I OPENHU  : [2] 2.invokeSuspend | WirelessServer: Accepted client connection from /192.168.49.81. Passing to CommManager...
09-15 13:44:44.444 18485 18485 I OPENHU  : [2] MainActivity.renderStagePill | MainActivity: status pill step: CONNECTING
09-15 13:44:44.447 18485 18813 I OPENHU  : [74] SocketProjectionConnection.applyLowLatencySocketOptions | Socket low-latency options: tcpNoDelay=true, recvBuf=524288, sendBuf=524288
09-15 13:44:44.450 18485 18485 I OPENHU  : [2] 1.emit | Auto-connect: a phone is answering, taking the full screen.
09-15 13:44:44.458 18485 18485 I OPENHU  : [2] AapService.emitSessionState | AapService: session state connected
09-15 13:44:44.469 18485 18485 I OPENHU  : [2] WifiDirectManager.noteSessionHosted | WifiDirectManager: this group has carried a session, so the join watchdog will not recreate it if the phone leaves.
09-15 13:44:44.472 18485 18485 I OPENHU  : [2] AapService.acquireWifiLock | WifiLock acquired (HIGH_PERF)
09-15 13:44:44.478 18485 18485 D OPENHU  : [2] AapService.updateMediaSessionState | MediaSession: State updated to PLAYING, positionMs=0
09-15 13:44:44.481 18485 18485 D OPENHU  : [2] AapService.requestPermanentAudioFocus | Static Audio Focus disabled - skipping permanent audio focus request; focus will be acquired on demand.
09-15 13:44:44.481 18485 18485 I OPENHU  : [2] AapService.onConnected | AapService: Starting GpsLocationService and NightModeManager since connection is established
09-15 13:44:44.491 18485 18485 I OPENHU  : [2] 1.invoke | NightMode update: false
09-15 13:44:44.530 18485 18565 I OPENHU  : [62] 2.invokeSuspend$runAction | NativeAA: WiFi session landed. Handshake session ending, releasing Bluetooth connection.
09-15 13:44:44.533 18485 18485 I OPENHU  : [2] GpsLocation.start | Request location updates
09-15 13:44:44.534 18485 18565 D OPENHU  : [62] 2.invokeSuspend$feed | NativeAA: Handshake stage SETTLING -> DONE
09-15 13:44:44.534 18485 18547 I OPENHU  : [52] 1.invokeSuspend | NativeAA: AA Server socket closed after successful handoff.
09-15 13:44:44.542 18485 18565 I OPENHU  : [62] 2.invokeSuspend | NativeAA: BT Handshake link closed.
09-15 13:44:44.545 18485 18811 D OPENHU  : [72] 1.invokeSuspend | NativeAA: Bluetooth reader ended: bt socket closed, read return: -1
09-15 13:44:44.548 18485 18485 I OPENHU  : [2] GpsLocation.start | Last known location:  Location[gps 6****** , -76******  hAcc=6.5400763 et=+5h24m5s721ms alt=1519.623 vAcc=9.272944 vel=0.0 sAcc=0.39564025 bear=345.752 bAcc=75.37591 {Bundle[{satellites=10, maxCn0=29, meanCn0=22}]}]
09-15 13:44:44.556 18485 18485 I OPENHU  : [2] MainActivity.renderStagePill | MainActivity: status pill step: SECURING (not shown, the overlay owns the screen)
09-15 13:44:44.588 18485 18811 I OPENHU  : [72] AudioStreamCatalog.discover | AudioStreamCatalog: 12 streams available (reported count 12): 0=VOICE_CALL, 1=SYSTEM, 2=RING, 3=MUSIC, 4=ALARM, 5=NOTIFICATION, 6=BLUETOOTH_SCO, 7=SYSTEM_ENFORCED, 8=DTMF, 9=TTS, 10=ACCESSIBILITY, 11=ASSISTANT
09-15 13:44:44.593 18485 18811 I OPENHU  : [72] AapTransport.startHandshake$com_andrerinas_headunitrevived_3_4_0_beta3_githubDebug | Start Aap transport handshake for com.andrerinas.openheadunit.connection.projection.SocketProjectionConnection@2ee1b98
09-15 13:44:44.596 18485 18811 D OPENHU  : [72] AapTransport.handshake | Handshake: Starting version request. TS: 19446329
09-15 13:44:44.597 18485 18811 D OPENHU  : [72] AapTransport.handshake | Handshake: Version request sent. ret: 10. attempt: 1. TS: 19446330
09-15 13:44:44.598 18485 18811 D OPENHU  : [72] AapTransport.handshake | Handshake: Waiting for version response. TS: 19446331
09-15 13:44:44.609 18485 18811 I OPENHU  : [72] AapTransport.handshake | Handshake: Version response received (ret=12, attempt=1).
09-15 13:44:44.610 18485 18811 I OPENHU  : [72] AapTransport.handshake | Handshake: Version response recv ret: 12
09-15 13:44:44.611 18485 18811 D OPENHU  : [72] AapTransport.handshake | Handshake: Starting SSL handshake via performHandshake(). TS: 19446344
09-15 13:44:44.741 18485 18811 I OPENHU  : [72] AapSslContext.performHandshake | SSL handshake complete. Session id: qgxoPC+fAbmcXJJTmtzOAoyr9wmm4JZi5JnyD7H401c=
09-15 13:44:44.741 18485 18811 D OPENHU  : [72] AapTransport.handshake | Handshake: SSL buffers reset after handshake.
09-15 13:44:44.742 18485 18811 D OPENHU  : [72] AapTransport.handshake | Handshake: SSL handshake complete. TS: 19446475
09-15 13:44:44.743 18485 18811 D OPENHU  : [72] AapTransport.handshake | Handshake: Status OK sent. ret: 8. TS: 19446476
09-15 13:44:44.744 18485 18811 I OPENHU  : [72] AapTransport.handshake | Handshake: Status OK sent: 8
09-15 13:44:44.744 18485 18811 D OPENHU  : [72] AapTransport.handshake | Handshake: Handshake successful. TS: 19446478
09-15 13:44:44.753 18485 18485 I OPENHU  : [2] MainActivity.renderStagePill | MainActivity: status pill step: STARTING_PROJECTION (not shown, the overlay owns the screen)
09-15 13:44:44.755 18485 18485 I OPENHU  : [2] 1.emit | Auto-connect overlay: handshake complete, handing off to projection
09-15 13:44:44.822 18485 18485 I OPENHU  : [2] AapService.launchViaOverlayTrampoline | Overlay trampoline: startActivity succeeded
09-15 13:44:45.019 18485 18485 I OPENHU  : [2] AapProjectionActivity.onCreate | HeadUnit for Android Auto (tm) - Copyright 2011-2015 Michael A. Reid., since 2025 André Rinas All Rights Reserved...
09-15 13:44:45.021 18485 18485 I OPENHU  : [2] AapProjectionActivity.setupProjectionView | Projection backend: viewMode=TEXTURE override=false SoC=uis7861_6h10 board=uis7861_6h10 mfr=UNISOC model=MT50_YT610E4GFPSL_U API=34
09-15 13:44:45.021 18485 18485 I OPENHU  : [2] AapProjectionActivity.setupProjectionView | Using TextureView
09-15 13:44:45.024 18485 18485 I OPENHU  : [2] HeadUnitScreenConfig.init | [UI_DEBUG] HeadUnitScreenConfig: Raw size: 1304x720, usable: 1440x720, orientation setting: SYSTEM, configOrientation: 2
09-15 13:44:45.024 18485 18485 I OPENHU  : [2] HeadUnitScreenConfig.init | [UI_DEBUG] HeadUnitScreenConfig: Final normalized size: 1304x720, usable: 1440x720
09-15 13:44:45.027 18485 18485 I OPENHU  : [2] HeadUnitScreenConfig.init | [UI_DEBUG] HeadUnitScreenConfig: Honest Init | Mode: IMMERSIVE | Anchor: 1440x720 (from WINDOW) | Seeded Insets: L0 T0 R0 B0
09-15 13:44:45.193 18485 18485 I OPENHU  : [2] HeadUnitScreenConfig.recalculate | [RES_CAP] resolutionId=0 realScreen=1440x720 usable=1440x720 portrait=false locked=false chosen=_1280x720 capped=_1280x720 changed=false linkCapped=none
09-15 13:44:45.193 18485 18485 I OPENHU  : [2] HeadUnitScreenConfig.recalculate | [UI_DEBUG] CarScreen: usable area 1440x720, using _1280x720
09-15 13:44:45.196 18485 18485 I OPENHU  : [2] HeadUnitScreenConfig.recalculate | [UI_DEBUG] CarScreen isSmallScreen: true, scaleFactor: 1.0, portraitScaled: false, shape=PAR, margins: w=0, h=0
09-15 13:44:45.210 18485 18485 I OPENHU  : [2] HeadUnitScreenConfig.lockResolution | [UI_DEBUG] HeadUnitScreenConfig: Locking resolution at _1280x720
09-15 13:44:45.214 18485 18485 I OPENHU  : [2] AapProjectionActivity.onNewIntent | AapProjectionActivity: onNewIntent received
09-15 13:44:45.216 18485 18485 I OPENHU  : [2] AapProjectionActivity.onResume | AapProjectionActivity: onResume
09-15 13:44:45.303 18485 18485 I OPENHU  : [2] TextureProjectionView.onSurfaceTextureAvailable | TextureProjectionView: Surface available: 1440x720
09-15 13:44:45.304 18485 18485 I OPENHU  : [2] AapProjectionActivity.onSurfaceCreated | [UI_DEBUG] [AapProjectionActivity] onSurfaceCreated
09-15 13:44:45.305 18485 18485 I OPENHU  : [2] AapProjectionActivity.onSurfaceChanged | [UI_DEBUG] [AapProjectionActivity] onSurfaceChanged. Actual surface dimensions: width=1440, height=720
09-15 13:44:45.306 18485 18485 I OPENHU  : [2] VideoDecoder.setSurface | New surface set: Surface(name=android.graphics.SurfaceTexture@150b71)/@0xcd87d56
09-15 13:44:45.307 18485 18485 I OPENHU  : [2] VideoDecoder.stop | Decoder stopped: New surface
09-15 13:44:45.311 18485 18811 I OPENHU  : [72] AapTransport.startReading$com_andrerinas_headunitrevived_3_4_0_beta3_githubDebug | Start Aap transport read loop
09-15 13:44:45.328 18485 18883 I OPENHU  : [80] Base.auditFragment | AapRead: largest message body so far: 874 bytes (on CONTROL)
09-15 13:44:45.335 18485 18485 I OPENHU  : [2] GpsLocation.onLocationChanged | GpsLocation: first fix after 0s
09-15 13:44:45.336 18485 18485 V OPENHU  : [2] GpsLocation.onLocationChanged | GpsLocation: fix received
09-15 13:44:45.337 18485 18883 D OPENHU  : [80] Companion.decrypt | RECV: CONTROL Service Discovery Request type: 5 flags: 11 size: 845 dataOffset: 2
09-15 13:44:45.341 18485 18485 I OPENHU  : [2] 1.onReceive | Received request to resend night mode state
09-15 13:44:45.344 18485 18485 I OPENHU  : [2] 1.invoke | NightMode update: false
09-15 13:44:45.344 18485 18883 I OPENHU  : [80] AapControlService.serviceDiscoveryRequest | Service Discovery Request: Android
09-15 13:44:45.345 18485 18485 I OPENHU  : [2] AapTransport.noteDroppedSensorEvent | AapTransport: dropping sensor events, isAlive=true startedSensors=[] droppedByType={10=1}
09-15 13:44:45.354 18485 18883 I OPENHU  : [80] HeadUnitScreenConfig.init | [UI_DEBUG] HeadUnitScreenConfig: Raw size: 1304x720, usable: 1440x720, orientation setting: SYSTEM, configOrientation: 2
09-15 13:44:45.355 18485 18883 I OPENHU  : [80] HeadUnitScreenConfig.init | [UI_DEBUG] HeadUnitScreenConfig: Final normalized size: 1304x720, usable: 1440x720
09-15 13:44:45.364 18485 18883 I OPENHU  : [80] Companion.makeProto | [ServiceDiscovery] Announcing NIGHT sensor support. Strategy: AUTO
09-15 13:44:45.370 18485 18883 I OPENHU  : [80] Companion.makeProto | [ServiceDiscovery] NegotiatedResolution is: 1280x720
09-15 13:44:45.373 18485 18485 I OPENHU  : [2] AapService.emitSessionState | AapService: session state projecting
09-15 13:44:45.375 18485 18883 I OPENHU  : [80] Companion.logNegotiatedCodecCapability | [ServiceDiscovery] Negotiating a profile this device claims to carry: codec=c2.unisoc.avc.decoder mime=video/avc target=1280x720@60 sizeSupported=true rateSupported=true sustains=true widths=[64, 1920] heights=[64, 3840] featureLowLatency=false featureAdaptivePlayback=true
09-15 13:44:45.377 18485 18883 I OPENHU  : [80] Companion.makeProto | [ServiceDiscovery] Margins are: 0x0
09-15 13:44:45.378 18485 18485 D OPENHU  : [2] AapService.maybeAutoResumePlaybackOnReconnect | AapService: Skipping auto-resume playback (wasPlaying=false, elapsed=19447110ms)
09-15 13:44:45.379 18485 18883 I OPENHU  : [80] Companion.makeProto | [ServiceDiscovery] PixelAspectRatioE4 is: 11250 (10000 = square)
09-15 13:44:45.386 18485 18485 I OPENHU  : [2] AapTransport.noteDroppedSensorEvent | AapTransport: dropping sensor events, isAlive=true startedSensors=[] droppedByType={1=1, 10=1}
09-15 13:44:45.392 18485 18883 I OPENHU  : [80] Companion.makeProto | BT MAC Address is empty, so no Bluetooth service is announced. The phone is not told where to connect hands-free, and Android Auto keeps phone calls on the phone until it is
09-15 13:44:45.395 18485 18485 I OPENHU  : [2] 1.onReceive | Received request to resend night mode state
09-15 13:44:45.397 18485 18485 I OPENHU  : [2] 1.invoke | NightMode update: false
09-15 13:44:45.404 18485 18883 V OPENHU  : [80] AapTransport.send | CONTROL Service Discovery Response type: 6 flags: 11 size: 477 dataOffset: 6
09-15 13:44:45.542 18485 18883 D OPENHU  : [80] Companion.decrypt | RECV: CONTROL Audio Focus Request type: 18 flags: 11 size: 4 dataOffset: 2
09-15 13:44:45.544 18485 18883 I OPENHU  : [80] AapControlService.audioFocusRequest | Audio Focus Request: RELEASE
09-15 13:44:45.546 18485 18883 I OPENHU  : [80] AapControlService.audioFocusRequest | Sending immediate AudioFocusNotification: STATE_LOSS (always-grant)
09-15 13:44:45.547 18485 18883 V OPENHU  : [80] AapTransport.send | CONTROL Audio Focus Notification type: 19 flags: 11 size: 8 dataOffset: 6
09-15 13:44:45.549 18485 18883 D OPENHU  : [80] AapService.updateMediaSessionState | MediaSession: State updated to STOPPED, positionMs=0
09-15 13:44:45.550 18485 18883 I OPENHU  : [80] AapAudio.requestFocusChange | Audio Focus Request: stream=3, type=4
09-15 13:44:45.551 18485 18883 I OPENHU  : [80] AapAudio.requestFocusChange | Releasing audio focus
09-15 13:44:45.553 18485 18883 D OPENHU  : [80] Companion.decrypt | RECV: SENSOR Channel Open Request type: 7 flags: 15 size: 6 dataOffset: 2
09-15 13:44:45.557 18485 18883 V OPENHU  : [80] AapTransport.send | SENSOR Channel Open Response type: 8 flags: 15 size: 8 dataOffset: 6
09-15 13:44:45.560 18485 18883 V OPENHU  : [80] AapTransport.send | SENSOR Sensor Event type: 32771 flags: 11 size: 10 dataOffset: 6
09-15 13:44:45.563 18485 18883 D OPENHU  : [80] Companion.decrypt | RECV: VIDEO Channel Open Request type: 7 flags: 15 size: 6 dataOffset: 2
09-15 13:44:45.564 18485 18883 V OPENHU  : [80] AapTransport.send | VIDEO Channel Open Response type: 8 flags: 15 size: 8 dataOffset: 6
09-15 13:44:45.566 18485 18883 D OPENHU  : [80] Companion.decrypt | RECV: INPUT Channel Open Request type: 7 flags: 15 size: 6 dataOffset: 2
09-15 13:44:45.567 18485 18883 V OPENHU  : [80] AapTransport.send | INPUT Channel Open Response type: 8 flags: 15 size: 8 dataOffset: 6
09-15 13:44:45.569 18485 18883 D OPENHU  : [80] Companion.decrypt | RECV: AUDIO2 Channel Open Request type: 7 flags: 15 size: 6 dataOffset: 2
09-15 13:44:45.570 18485 18883 V OPENHU  : [80] AapTransport.send | AUDIO2 Channel Open Response type: 8 flags: 15 size: 8 dataOffset: 6
09-15 13:44:45.573 18485 18883 D OPENHU  : [80] Companion.decrypt | RECV: AUDIO1 Channel Open Request type: 7 flags: 15 size: 6 dataOffset: 2
09-15 13:44:45.574 18485 18883 V OPENHU  : [80] AapTransport.send | AUDIO1 Channel Open Response type: 8 flags: 15 size: 8 dataOffset: 6
09-15 13:44:45.577 18485 18883 D OPENHU  : [80] Companion.decrypt | RECV: AUDIO Channel Open Request type: 7 flags: 15 size: 6 dataOffset: 2
09-15 13:44:45.578 18485 18883 V OPENHU  : [80] AapTransport.send | AUDIO Channel Open Response type: 8 flags: 15 size: 8 dataOffset: 6
09-15 13:44:45.581 18485 18883 D OPENHU  : [80] Companion.decrypt | RECV: MIC Channel Open Request type: 7 flags: 15 size: 6 dataOffset: 2
09-15 13:44:45.582 18485 18883 V OPENHU  : [80] AapTransport.send | MIC Channel Open Response type: 8 flags: 15 size: 8 dataOffset: 6
09-15 13:44:45.585 18485 18883 D OPENHU  : [80] Companion.decrypt | RECV: MUSIC_PLAYBACK Channel Open Request type: 7 flags: 15 size: 6 dataOffset: 2
09-15 13:44:45.586 18485 18883 V OPENHU  : [80] AapTransport.send | MUSIC_PLAYBACK Channel Open Response type: 8 flags: 15 size: 8 dataOffset: 6
09-15 13:44:45.588 18485 18883 D OPENHU  : [80] Companion.decrypt | RECV: NAVIGATION_DIRECTIONS Channel Open Request type: 7 flags: 15 size: 6 dataOffset: 2
09-15 13:44:45.589 18485 18883 V OPENHU  : [80] AapTransport.send | NAVIGATION_DIRECTIONS Channel Open Response type: 8 flags: 15 size: 8 dataOffset: 6
09-15 13:44:45.592 18485 18883 D OPENHU  : [80] Companion.decrypt | RECV: SENSOR Sensor Start Request type: 32769 flags: 11 size: 6 dataOffset: 2
09-15 13:44:45.595 18485 18883 I OPENHU  : [80] AapControlSensor.sensorStartRequest | Sensor Start Request sensor: DRIVING_STATUS, minUpdatePeriod: 0
09-15 13:44:45.597 18485 18883 I OPENHU  : [80] AapControlSensor.sensorStartRequest | SENSOR Sensor Start Response type: 32770 flags: 11 size: 8 dataOffset: 6
09-15 13:44:45.597 18485 18883 V OPENHU  : [80] AapTransport.send | SENSOR Sensor Start Response type: 32770 flags: 11 size: 8 dataOffset: 6
09-15 13:44:45.600 18485 18883 D OPENHU  : [80] Companion.decrypt | RECV: VIDEO Media Setup Request type: 32768 flags: 11 size: 4 dataOffset: 2
09-15 13:44:45.601 18485 18881 W OPENHU  : [78] AapVideo.process | AapVideo: Dropped Flag 11 packet. len=4
09-15 13:44:45.602 18485 18883 I OPENHU  : [80] AapControlMedia.mediaSinkSetupRequest | Media Sink Setup Request: 3 on channel VIDEO
09-15 13:44:45.678 18485 18883 I OPENHU  : [80] AapControlMedia.mediaSinkSetupRequest | Config response: status: HEADUNIT
09-15 13:44:45.678 18485 18883 I OPENHU  : max_unacked: 12
09-15 13:44:45.678 18485 18883 I OPENHU  : configuration_indices: 0
09-15 13:44:45.678 18485 18883 I OPENHU  :  (maxUnacked=12)
09-15 13:44:45.679 18485 18883 V OPENHU  : [80] AapTransport.send | VIDEO Media Config Response type: 32771 flags: 11 size: 12 dataOffset: 6
09-15 13:44:45.684 18485 18883 D OPENHU  : [80] Companion.decrypt | RECV: INPUT Input Binding Request type: 32770 flags: 11 size: 68 dataOffset: 2
09-15 13:44:45.687 18485 18883 V OPENHU  : [80] AapTransport.send | INPUT Input Binding Response type: 32771 flags: 11 size: 8 dataOffset: 6
09-15 13:44:45.689 18485 18883 D OPENHU  : [80] Companion.decrypt | RECV: AUDIO2 Media Setup Request type: 32768 flags: 11 size: 4 dataOffset: 2
09-15 13:44:45.690 18485 18883 I OPENHU  : [80] AapControlMedia.mediaSinkSetupRequest | Media Sink Setup Request: 1 on channel AUDIO2
09-15 13:44:45.692 18485 18883 I OPENHU  : [80] AapControlMedia.mediaSinkSetupRequest | Config response: status: HEADUNIT
09-15 13:44:45.692 18485 18883 I OPENHU  : max_unacked: 30
09-15 13:44:45.692 18485 18883 I OPENHU  : configuration_indices: 0
09-15 13:44:45.692 18485 18883 I OPENHU  :  (maxUnacked=30)
09-15 13:44:45.693 18485 18883 V OPENHU  : [80] AapTransport.send | AUDIO2 Media Config Response type: 32771 flags: 11 size: 12 dataOffset: 6
09-15 13:44:45.694 18485 18883 I OPENHU  : [80] AapAudio.startAudioTrack | AudioDecoder.start: channel=5, stream=3, gain=1.0, sampleRate=16000, numberOfBits=16, numberOfChannels=1, isAac=false, source=setup, latencyMultiplier=4, queueCapacity=50, attachHwDspEqualizer=false
09-15 13:44:45.703 18485 18883 I OPENHU  : [80] AudioTrackWrapper.createAudioTrack | Audio stream: 3 buffer size: 12800 (min: 2592) sampleRateInHz: 16000 channelCount: 1
09-15 13:44:45.720 18485 18883 I OPENHU  : [80] AudioTrackWrapper.<init> | AudioTrackWrapper: AUDIO2 can hold 6400 frames (400ms) of the 12800 bytes asked for, keeps 400ms filled, banking 100ms before playing and 250ms after an underrun
09-15 13:44:45.721 18485 18883 V OPENHU  : [80] AapTransport.send | CONTROL Audio Focus Notification type: 19 flags: 11 size: 10 dataOffset: 6
09-15 13:44:45.723 18485 18883 D OPENHU  : [80] Companion.decrypt | RECV: AUDIO1 Media Setup Request type: 32768 flags: 11 size: 4 dataOffset: 2
09-15 13:44:45.724 18485 18883 I OPENHU  : [80] AapControlMedia.mediaSinkSetupRequest | Media Sink Setup Request: 1 on channel AUDIO1
09-15 13:44:45.725 18485 18883 I OPENHU  : [80] AapControlMedia.mediaSinkSetupRequest | Config response: status: HEADUNIT
09-15 13:44:45.725 18485 18883 I OPENHU  : max_unacked: 30
09-15 13:44:45.725 18485 18883 I OPENHU  : configuration_indices: 0
09-15 13:44:45.725 18485 18883 I OPENHU  :  (maxUnacked=30)
09-15 13:44:45.726 18485 18883 V OPENHU  : [80] AapTransport.send | AUDIO1 Media Config Response type: 32771 flags: 11 size: 12 dataOffset: 6
09-15 13:44:45.727 18485 18883 I OPENHU  : [80] AapAudio.startAudioTrack | AudioDecoder.start: channel=4, stream=3, gain=1.0, sampleRate=16000, numberOfBits=16, numberOfChannels=1, isAac=false, source=setup, latencyMultiplier=4, queueCapacity=50, attachHwDspEqualizer=false
09-15 13:44:45.731 18485 18883 I OPENHU  : [80] AudioTrackWrapper.createAudioTrack | Audio stream: 3 buffer size: 12800 (min: 2592) sampleRateInHz: 16000 channelCount: 1
09-15 13:44:45.747 18485 18883 I OPENHU  : [80] AudioTrackWrapper.<init> | AudioTrackWrapper: AUDIO1 can hold 6400 frames (400ms) of the 12800 bytes asked for, keeps 400ms filled, banking 100ms before playing and 250ms after an underrun
09-15 13:44:45.748 18485 18883 V OPENHU  : [80] AapTransport.send | CONTROL Audio Focus Notification type: 19 flags: 11 size: 10 dataOffset: 6
09-15 13:44:45.751 18485 18883 D OPENHU  : [80] Companion.decrypt | RECV: AUDIO Media Setup Request type: 32768 flags: 11 size: 4 dataOffset: 2
09-15 13:44:45.752 18485 18883 I OPENHU  : [80] AapControlMedia.mediaSinkSetupRequest | Media Sink Setup Request: 1 on channel AUDIO
09-15 13:44:45.753 18485 18883 I OPENHU  : [80] AapControlMedia.mediaSinkSetupRequest | Config response: status: HEADUNIT
09-15 13:44:45.753 18485 18883 I OPENHU  : max_unacked: 30
09-15 13:44:45.753 18485 18883 I OPENHU  : configuration_indices: 0
09-15 13:44:45.753 18485 18883 I OPENHU  :  (maxUnacked=30)
09-15 13:44:45.754 18485 18883 V OPENHU  : [80] AapTransport.send | AUDIO Media Config Response type: 32771 flags: 11 size: 12 dataOffset: 6
09-15 13:44:45.755 18485 18883 I OPENHU  : [80] AapAudio.startAudioTrack | AudioDecoder.start: channel=6, stream=3, gain=1.0, sampleRate=48000, numberOfBits=16, numberOfChannels=2, isAac=false, source=setup, latencyMultiplier=8, queueCapacity=50, attachHwDspEqualizer=false
09-15 13:44:45.758 18485 18883 I OPENHU  : [80] AudioTrackWrapper.createAudioTrack | Audio stream: 3 buffer size: 123136 (min: 15392) sampleRateInHz: 48000 channelCount: 2
09-15 13:44:45.774 18485 18883 I OPENHU  : [80] AudioTrackWrapper.<init> | AudioTrackWrapper: AUDIO can hold 30784 frames (641ms) of the 123136 bytes asked for, keeps 641ms filled, banking 200ms before playing and 350ms after an underrun
09-15 13:44:45.775 18485 18883 V OPENHU  : [80] AapTransport.send | CONTROL Audio Focus Notification type: 19 flags: 11 size: 10 dataOffset: 6
09-15 13:44:45.778 18485 18883 D OPENHU  : [80] Companion.decrypt | RECV: SENSOR Sensor Start Request type: 32769 flags: 11 size: 6 dataOffset: 2
09-15 13:44:45.779 18485 18883 I OPENHU  : [80] AapControlSensor.sensorStartRequest | Sensor Start Request sensor: NIGHT, minUpdatePeriod: 0
09-15 13:44:45.780 18485 18883 I OPENHU  : [80] AapControlSensor.sensorStartRequest | SENSOR Sensor Start Response type: 32770 flags: 11 size: 8 dataOffset: 6
09-15 13:44:45.781 18485 18883 V OPENHU  : [80] AapTransport.send | SENSOR Sensor Start Response type: 32770 flags: 11 size: 8 dataOffset: 6
09-15 13:44:45.782 18485 18883 I OPENHU  : [80] AapControlSensor.sensorStartRequest | Night sensor requested. Triggering immediate update.
09-15 13:44:45.785 18485 18883 D OPENHU  : [80] Companion.decrypt | RECV: CONTROL Ping Request type: 11 flags: 11 size: 12 dataOffset: 2
09-15 13:44:45.788 18485 18485 I OPENHU  : [2] 1.onReceive | Received request to resend night mode state
09-15 13:44:45.788 18485 18883 V OPENHU  : [80] AapTransport.send | CONTROL Ping Response type: 12 flags: 11 size: 14 dataOffset: 6
09-15 13:44:45.792 18485 18485 I OPENHU  : [2] 1.invoke | NightMode update: false
09-15 13:44:45.794 18485 18485 V OPENHU  : [2] AapTransport.send | SENSOR Sensor Event type: 32771 flags: 11 size: 10 dataOffset: 6
09-15 13:44:45.993 18485 18485 V OPENHU  : [2] GpsLocation.onLocationChanged | GpsLocation: fix received
09-15 13:44:46.211 18485 18485 W OPENHU  : [2] 1.run | Watchdog: No video received yet. Requesting Keyframe (Unsolicited Focus)...
09-15 13:44:46.218 18485 18485 V OPENHU  : [2] AapTransport.send | VIDEO Video Focus Notification type: 32776 flags: 11 size: 10 dataOffset: 6
09-15 13:44:46.227 18485 18883 D OPENHU  : [80] Companion.decrypt | RECV: VIDEO Media Start Request type: 32769 flags: 11 size: 6 dataOffset: 2
09-15 13:44:46.228 18485 18881 W OPENHU  : [78] AapVideo.process | AapVideo: Dropped Flag 11 packet. len=6
09-15 13:44:46.229 18485 18883 I OPENHU  : [80] AapControlMedia.mediaStartRequest | Media Start Request VIDEO: session=0, config_index=0
09-15 13:44:46.376 18485 18883 D OPENHU  : [80] Companion.decrypt | RECV: VIDEO Version Request type: 1 flags: 11 size: 31 dataOffset: 2
09-15 13:44:46.380 18485 18883 I OPENHU  : [80] Base.auditFragment | AapRead: largest message body so far: 3655 bytes (on VIDEO)
09-15 13:44:46.384 18485 18881 I OPENHU  : [78] VideoDecoder.applyStreamDimensions | H.264 SPS parsed: 1280x720 (negotiated 1280x720)
09-15 13:44:46.384 18485 18881 I OPENHU  : [78] AapProjectionActivity.onVideoDimensionsChanged | [AapProjectionActivity] Received video dimensions: 1280x720
09-15 13:44:46.385 18485 18881 I OPENHU  : [78] VideoDecoder.applyParameterSet | Stream SPS (H.264): profile=66 level=32 poc_type=2 num_ref_frames=1 size=1280x720 vui=true bitstream_restriction=true num_reorder_frames=0 max_dec_frame_buffering=1
09-15 13:44:46.386 18485 18485 I OPENHU  : [2] TextureProjectionView.setVideoSize | TextureProjectionView: Video size set to 1280x720
09-15 13:44:46.389 18485 18485 I OPENHU  : [2] HeadUnitScreenConfig.init | [UI_DEBUG] HeadUnitScreenConfig: Raw size: 1304x720, usable: 1440x720, orientation setting: SYSTEM, configOrientation: 2
09-15 13:44:46.390 18485 18881 I OPENHU  : [78] VideoDecoder.findBestCodec | findBestCodec: hw=c2.unisoc.avc.decoder, sw=c2.android.avc.decoder, preferHardware=true, selected=c2.unisoc.avc.decoder
09-15 13:44:46.391 18485 18485 I OPENHU  : [2] HeadUnitScreenConfig.init | [UI_DEBUG] HeadUnitScreenConfig: Final normalized size: 1304x720, usable: 1440x720
09-15 13:44:46.392 18485 18881 I OPENHU  : [78] VideoDecoder.logDecoderCapability | Decoder capability: codec=c2.unisoc.avc.decoder mime=video/avc target=1280x720@60 sizeSupported=true rateSupported=true sustains=true widths=[64, 1920] heights=[64, 3840] featureLowLatency=false featureAdaptivePlayback=true
09-15 13:44:46.397 18485 18485 I OPENHU  : [2] ProjectionViewScaler.updateScale | [UI_DEBUG] Normal Scale. scaleX: 1.0, scaleY: 1.0
09-15 13:44:46.398 18485 18485 I OPENHU  : [2] HeadUnitScreenConfig.init | [UI_DEBUG] HeadUnitScreenConfig: Raw size: 1304x720, usable: 1440x720, orientation setting: SYSTEM, configOrientation: 2
09-15 13:44:46.399 18485 18485 I OPENHU  : [2] HeadUnitScreenConfig.init | [UI_DEBUG] HeadUnitScreenConfig: Final normalized size: 1304x720, usable: 1440x720
09-15 13:44:46.401 18485 18485 I OPENHU  : [2] ProjectionViewScaler.updateScale | [UI_DEBUG] Normal Scale. scaleX: 1.0, scaleY: 1.0
09-15 13:44:46.428 18485 18881 I OPENHU  : [78] VideoDecoder.start | Configuring decoder: c2.unisoc.avc.decoder for 1280x720, max-input-size=675KB, memory=AMPLE (totalRam=3745MB heapLimit=512MB memoryClass=192MB lowRamFlag=false), queue=30 frames, optionalKeys=none
09-15 13:44:46.445 18485 18881 I OPENHU  : [78] VideoDecoder.start | Codec initialized: c2.unisoc.avc.decoder
09-15 13:44:46.445 18485 18907 I OPENHU  : [89] VideoDecoder.outputThreadLoop | Output thread started
09-15 13:44:46.446 18485 18908 I OPENHU  : [90] VideoDecoder.feedThreadLoop | Feed thread started (queue holds 30 frames, 500ms at 60fps)
09-15 13:44:46.447 18485 18908 W OPENHU  : [90] VideoDecoder.feedThreadLoop | Feed thread: DEBUG hold 200ms per frame - simulating a decoder slower than the stream. No real fault looks like this line.
09-15 13:44:46.451 18485 18908 I OPENHU  : [90] VideoDecoder.feedInputBuffer | Codec input buffer: requested 675KB, got 1024KB per buffer
09-15 13:44:46.456 18485 18908 I OPENHU  : [90] VideoDecoder.reportContentOnce | VideoDecoder: access unit classified PARAMETER_SETS_ONLY - flagged to the codec as configuration (first this session)
09-15 13:44:46.565 18485 18883 D OPENHU  : [80] Companion.decrypt | RECV: SENSOR Sensor Start Request type: 32769 flags: 11 size: 6 dataOffset: 2
09-15 13:44:46.566 18485 18883 I OPENHU  : [80] AapControlSensor.sensorStartRequest | Sensor Start Request sensor: LOCATION, minUpdatePeriod: 0
09-15 13:44:46.567 18485 18883 I OPENHU  : [80] AapControlSensor.sensorStartRequest | SENSOR Sensor Start Response type: 32770 flags: 11 size: 8 dataOffset: 6
09-15 13:44:46.567 18485 18883 V OPENHU  : [80] AapTransport.send | SENSOR Sensor Start Response type: 32770 flags: 11 size: 8 dataOffset: 6
09-15 13:44:46.574 18485 18883 V OPENHU  : [80] AapTransport.send | SENSOR Sensor Event type: 32771 flags: 11 size: 46 dataOffset: 6
09-15 13:44:46.574 18485 18883 I OPENHU  : [80] AapControlSensor.sensorStartRequest | LOCATION sensor requested. Sending current fix immediately. sentOnWire=true
09-15 13:44:46.620 18485 18883 D OPENHU  : [80] Companion.decrypt | RECV: CONTROL Ping Request type: 11 flags: 11 size: 12 dataOffset: 2
09-15 13:44:46.620 18485 18883 V OPENHU  : [80] AapTransport.send | CONTROL Ping Response type: 12 flags: 11 size: 14 dataOffset: 6
09-15 13:44:46.663 18485 18908 I OPENHU  : [90] VideoDecoder.reportContentOnce | VideoDecoder: access unit classified NO_PARAMETER_SETS - an ordinary frame (first this session)
09-15 13:44:46.665 18485 18908 I OPENHU  : [90] VideoDecoder.feedInputBuffer | VideoDecoder: keyframe reached the codec (3616 bytes)
09-15 13:44:46.677 18485 18907 I OPENHU  : [89] VideoDecoder.handleOutputFormatChange | Output Format Changed: {crop-right=1279, max-height=720, sar-width=1, color-format=2130708361, mime=video/raw, priority=1, color-standard=2, vendor.coding.scene-mode.value=6, color-transfer=3, sar-height=1, crop-bottom=719, max-width=1280, crop-left=0, width=1280, color-range=2, crop-top=0, rotation-degrees=0, height=720}
09-15 13:44:46.685 18485 18907 I OPENHU  : [89] VideoDecoder.outputThreadLoop | VideoDecoder: keyframe decoded - the picture is repaired
09-15 13:44:46.687 18485 18907 I OPENHU  : [89] VideoDecoder.outputThreadLoop | First frame rendered (hardware decode)
09-15 13:44:46.703 18485 18485 I OPENHU  : [2] AapProjectionActivity.hideLoadingOverlay | Hiding loading overlay after first video frame
09-15 13:44:46.740 18485 18485 D OPENHU  : [2] BluetoothHelper.driverCandidates | BluetoothHelper: driver candidate motorola edge 30 neo (A0:46:5A:97:E4:95) -> PHONE, vouched for by a stored MAC
09-15 13:44:46.767 18485 18485 D OPENHU  : [2] BluetoothHelper.driverCandidates | BluetoothHelper: driver candidate POCO X3 NFC (DC:B7:2E:5E:4E:59) -> PHONE, advertises the Audio Gateway record
09-15 13:44:46.769 18485 18485 D OPENHU  : [2] BluetoothHelper.driverCandidates | BluetoothHelper: driver candidates: 2 phone, 0 unknown, 0 not a phone
09-15 13:44:47.034 18485 18485 V OPENHU  : [2] GpsLocation.onLocationChanged | GpsLocation: fix received
09-15 13:44:47.041 18485 18485 V OPENHU  : [2] AapTransport.send | SENSOR Sensor Event type: 32771 flags: 11 size: 46 dataOffset: 6
09-15 13:44:47.619 18485 18883 D OPENHU  : [80] Companion.decrypt | RECV: CONTROL Ping Request type: 11 flags: 11 size: 12 dataOffset: 2
09-15 13:44:47.620 18485 18883 V OPENHU  : [80] AapTransport.send | CONTROL Ping Response type: 12 flags: 11 size: 14 dataOffset: 6
09-15 13:44:47.994 18485 18485 V OPENHU  : [2] GpsLocation.onLocationChanged | GpsLocation: fix received
09-15 13:44:48.001 18485 18485 V OPENHU  : [2] AapTransport.send | SENSOR Sensor Event type: 32771 flags: 11 size: 46 dataOffset: 6
09-15 13:44:48.625 18485 18883 D OPENHU  : [80] Companion.decrypt | RECV: CONTROL Ping Request type: 11 flags: 11 size: 12 dataOffset: 2
09-15 13:44:48.627 18485 18883 V OPENHU  : [80] AapTransport.send | CONTROL Ping Response type: 12 flags: 11 size: 14 dataOffset: 6
09-15 13:44:48.905 18485 18881 I OPENHU  : [78] VideoDecoder.logFeedPacing | Feed queue full - pacing the transport thread instead of shedding frames
09-15 13:44:49.028 18485 18485 V OPENHU  : [2] GpsLocation.onLocationChanged | GpsLocation: fix received
09-15 13:44:49.036 18485 18485 V OPENHU  : [2] AapTransport.send | SENSOR Sensor Event type: 32771 flags: 11 size: 46 dataOffset: 6
09-15 13:44:49.381 18485 18883 I OPENHU  : [80] Base.auditFragment | AapRead: largest message body so far: 5691 bytes (on VIDEO)
09-15 13:44:49.394 18485 18883 I OPENHU  : [80] Base.auditFragment | AapRead: largest message body so far: 8334 bytes (on VIDEO)
09-15 13:44:49.405 18485 18883 D OPENHU  : [80] Companion.decrypt | RECV: MUSIC_PLAYBACK Media Playback Status type: 32769 flags: 11 size: 18 dataOffset: 2
09-15 13:44:49.408 18485 18883 D OPENHU  : [80] AapMediaPlayback.processStatusPacket | AapMediaPlayback: status mediaSource='VLC', playbackSeconds(u32)=137, state=PAUSED
09-15 13:44:49.462 18485 18883 I OPENHU  : [80] Base.auditFragment | AapRead: fragment accounting established for VIDEO: channel=2 fragments=2 declaredTotal=17338 observed=17396 delta=-58 perFragment=-29
09-15 13:44:49.464 18485 18883 D OPENHU  : [80] Companion.decrypt | RECV: VIDEO Unknown (35312) type: 35312 flags: 10 size: 1218 dataOffset: 2
09-15 13:44:49.478 18485 18883 D OPENHU  : [80] Companion.decrypt | RECV: VIDEO Unknown (34068) type: 34068 flags: 10 size: 3924 dataOffset: 2
09-15 13:44:49.496 18485 18883 D OPENHU  : [80] Companion.decrypt | RECV: VIDEO Unknown (1635) type: 1635 flags: 10 size: 8098 dataOffset: 2
09-15 13:44:49.512 18485 18883 D OPENHU  : [80] Companion.decrypt | RECV: VIDEO Unknown (134) type: 134 flags: 10 size: 13389 dataOffset: 2
09-15 13:44:49.528 18485 18883 D OPENHU  : [80] Companion.decrypt | RECV: VIDEO Unknown (28582) type: 28582 flags: 8 size: 16124 dataOffset: 2
09-15 13:44:49.530 18485 18883 D OPENHU  : [80] Companion.decrypt | RECV: VIDEO Unknown (26963) type: 26963 flags: 10 size: 1313 dataOffset: 2
09-15 13:44:49.546 18485 18883 D OPENHU  : [80] Companion.decrypt | RECV: VIDEO Unknown (2386) type: 2386 flags: 8 size: 16124 dataOffset: 2
09-15 13:44:49.548 18485 18883 D OPENHU  : [80] Companion.decrypt | RECV: VIDEO Unknown (63364) type: 63364 flags: 10 size: 7229 dataOffset: 2
09-15 13:44:49.563 18485 18883 D OPENHU  : [80] Companion.decrypt | RECV: VIDEO Unknown (58673) type: 58673 flags: 8 size: 16124 dataOffset: 2
09-15 13:44:49.566 18485 18883 D OPENHU  : [80] Companion.decrypt | RECV: VIDEO Unknown (1097) type: 1097 flags: 10 size: 10799 dataOffset: 2
09-15 13:44:49.583 18485 18883 D OPENHU  : [80] Companion.decrypt | RECV: VIDEO Unknown (10180) type: 10180 flags: 8 size: 16124 dataOffset: 2
09-15 13:44:49.585 18485 18883 D OPENHU  : [80] Companion.decrypt | RECV: VIDEO Unknown (60151) type: 60151 flags: 8 size: 16124 dataOffset: 2
09-15 13:44:49.587 18485 18883 D OPENHU  : [80] Companion.decrypt | RECV: VIDEO Unknown (9215) type: 9215 flags: 10 size: 343 dataOffset: 2
09-15 13:44:49.598 18485 18883 D OPENHU  : [80] Companion.decrypt | RECV: VIDEO Unknown (27972) type: 27972 flags: 8 size: 16124 dataOffset: 2
09-15 13:44:49.600 18485 18883 D OPENHU  : [80] Companion.decrypt | RECV: VIDEO Unknown (49902) type: 49902 flags: 10 size: 15673 dataOffset: 2
09-15 13:44:49.613 18485 18883 D OPENHU  : [80] Companion.decrypt | RECV: VIDEO Channel Open Response type: 8 flags: 8 size: 16124 dataOffset: 2
09-15 13:44:49.616 18485 18883 D OPENHU  : [80] Companion.decrypt | RECV: VIDEO Unknown (74) type: 74 flags: 10 size: 15434 dataOffset: 2
09-15 13:44:49.620 18485 18883 D OPENHU  : [80] Companion.decrypt | RECV: CONTROL Ping Request type: 11 flags: 11 size: 12 dataOffset: 2
09-15 13:44:49.621 18485 18883 V OPENHU  : [80] AapTransport.send | CONTROL Ping Response type: 12 flags: 11 size: 14 dataOffset: 6
09-15 13:44:49.628 18485 18883 D OPENHU  : [80] Companion.decrypt | RECV: VIDEO Unknown (49212) type: 49212 flags: 8 size: 16124 dataOffset: 2
09-15 13:44:49.631 18485 18883 D OPENHU  : [80] Companion.decrypt | RECV: VIDEO Unknown (16383) type: 16383 flags: 10 size: 12220 dataOffset: 2
09-15 13:44:49.648 18485 18883 D OPENHU  : [80] Companion.decrypt | RECV: VIDEO Unknown (6190) type: 6190 flags: 8 size: 16124 dataOffset: 2
09-15 13:44:49.651 18485 18883 D OPENHU  : [80] Companion.decrypt | RECV: VIDEO Unknown (60011) type: 60011 flags: 10 size: 13444 dataOffset: 2
09-15 13:44:49.671 18485 18883 D OPENHU  : [80] Companion.decrypt | RECV: VIDEO Unknown (24423) type: 24423 flags: 8 size: 16124 dataOffset: 2
09-15 13:44:49.674 18485 18883 D OPENHU  : [80] Companion.decrypt | RECV: VIDEO Unknown (12418) type: 12418 flags: 8 size: 16124 dataOffset: 2
09-15 13:44:49.676 18485 18883 D OPENHU  : [80] Companion.decrypt | RECV: VIDEO Unknown (14792) type: 14792 flags: 10 size: 2066 dataOffset: 2
09-15 13:44:49.683 18485 18883 D OPENHU  : [80] Companion.decrypt | RECV: VIDEO Unknown (14271) type: 14271 flags: 8 size: 16124 dataOffset: 2
09-15 13:44:49.686 18485 18883 D OPENHU  : [80] Companion.decrypt | RECV: VIDEO Unknown (35584) type: 35584 flags: 10 size: 11623 dataOffset: 2
09-15 13:44:49.701 18485 18883 D OPENHU  : [80] Companion.decrypt | RECV: VIDEO Unknown (11264) type: 11264 flags: 8 size: 16124 dataOffset: 2
09-15 13:44:49.704 18485 18883 D OPENHU  : [80] Companion.decrypt | RECV: VIDEO Unknown (4900) type: 4900 flags: 10 size: 13542 dataOffset: 2
09-15 13:44:49.715 18485 18883 D OPENHU  : [80] Companion.decrypt | RECV: VIDEO Unknown (3296) type: 3296 flags: 8 size: 16124 dataOffset: 2
09-15 13:44:49.717 18485 18883 D OPENHU  : [80] Companion.decrypt | RECV: VIDEO Unknown (22069) type: 22069 flags: 10 size: 12654 dataOffset: 2
09-15 13:44:49.732 18485 18883 D OPENHU  : [80] Companion.decrypt | RECV: VIDEO Unknown (7845) type: 7845 flags: 8 size: 16124 dataOffset: 2
09-15 13:44:49.735 18485 18883 D OPENHU  : [80] Companion.decrypt | RECV: VIDEO Unknown (812) type: 812 flags: 10 size: 8680 dataOffset: 2
09-15 13:44:49.745 18485 18883 D OPENHU  : [80] Companion.decrypt | RECV: VIDEO Unknown (51971) type: 51971 flags: 8 size: 16124 dataOffset: 2
09-15 13:44:49.748 18485 18883 D OPENHU  : [80] Companion.decrypt | RECV: VIDEO Unknown (48) type: 48 flags: 10 size: 7383 dataOffset: 2
09-15 13:44:49.927 18485 18881 I OPENHU  : [78] VideoDecoder.logFeedPacing | Feed queue full - pacing the transport thread instead of shedding frames (+4 more since the last line)
09-15 13:44:50.001 18485 18485 V OPENHU  : [2] GpsLocation.onLocationChanged | GpsLocation: fix received
09-15 13:44:50.009 18485 18485 V OPENHU  : [2] AapTransport.send | SENSOR Sensor Event type: 32771 flags: 11 size: 46 dataOffset: 6
09-15 13:44:50.017 18485 18883 D OPENHU  : [80] Companion.decrypt | RECV: VIDEO Unknown (64642) type: 64642 flags: 8 size: 16124 dataOffset: 2
09-15 13:44:50.019 18485 18883 D OPENHU  : [80] Companion.decrypt | RECV: VIDEO Unknown (5764) type: 5764 flags: 10 size: 902 dataOffset: 2
09-15 13:44:50.054 18485 18485 I OPENHU  : [2] AutomationReceiver.onReceive | AutomationReceiver: com.andrerinas.openheadunit.ACTION_QUERY_STATE
09-15 13:44:50.170 18485 18883 D OPENHU  : [80] Companion.decrypt | RECV: MUSIC_PLAYBACK Media Playback Status type: 32771 flags: 11 size: 6002 dataOffset: 2
09-15 13:44:50.620 18485 18883 D OPENHU  : [80] Companion.decrypt | RECV: VIDEO Unknown (60118) type: 60118 flags: 10 size: 4749 dataOffset: 2
09-15 13:44:50.625 18485 18883 D OPENHU  : [80] Companion.decrypt | RECV: CONTROL Ping Request type: 11 flags: 11 size: 12 dataOffset: 2
09-15 13:44:50.627 18485 18883 V OPENHU  : [80] AapTransport.send | CONTROL Ping Response type: 12 flags: 11 size: 14 dataOffset: 6
09-15 13:44:50.724 18485 18883 D OPENHU  : [80] Companion.decrypt | RECV: AUDIO Media Start Request type: 32769 flags: 11 size: 6 dataOffset: 2
09-15 13:44:50.725 18485 18883 I OPENHU  : [80] AapControlMedia.mediaStartRequest | Media Start Request AUDIO: session=0, config_index=0
09-15 13:44:50.727 18485 18883 D OPENHU  : [80] Companion.decrypt | RECV: AUDIO Media Data type: 0 flags: 11 size: 8202 dataOffset: 2
09-15 13:44:50.729 18485 18883 I OPENHU  : [80] AapAudio.onAudioPlaybackStarted | AapAudio: AA audio started (AUDIO) - acquiring transient system audio focus (mode=AUTO)
09-15 13:44:50.734 18485 18883 I OPENHU  : [80] AapAudio.requestPlaybackFocus | AapAudio: Playback transient focus request result: GRANTED
09-15 13:44:50.738 18485 18883 D OPENHU  : [80] Companion.decrypt | RECV: AUDIO Media Data type: 0 flags: 11 size: 8202 dataOffset: 2
09-15 13:44:50.743 18485 18883 D OPENHU  : [80] Companion.decrypt | RECV: AUDIO Media Data type: 0 flags: 11 size: 8202 dataOffset: 2
09-15 13:44:50.747 18485 18883 D OPENHU  : [80] Companion.decrypt | RECV: AUDIO Media Data type: 0 flags: 11 size: 8202 dataOffset: 2
09-15 13:44:50.751 18485 18883 D OPENHU  : [80] Companion.decrypt | RECV: AUDIO Media Data type: 0 flags: 11 size: 8202 dataOffset: 2
09-15 13:44:50.761 18485 18896 I OPENHU  : [85] AudioTrackWrapper.maybeStartPlayback | AudioTrackWrapper: playback started with 8192 frames banked (target 9600) after 16ms
09-15 13:44:50.765 18485 18883 D OPENHU  : [80] Companion.decrypt | RECV: AUDIO Media Data type: 0 flags: 11 size: 8202 dataOffset: 2
09-15 13:44:50.807 18485 18883 D OPENHU  : [80] Companion.decrypt | RECV: AUDIO Media Data type: 0 flags: 11 size: 8202 dataOffset: 2
09-15 13:44:50.849 18485 18883 D OPENHU  : [80] Companion.decrypt | RECV: AUDIO Media Data type: 0 flags: 11 size: 8202 dataOffset: 2
09-15 13:44:50.894 18485 18883 D OPENHU  : [80] Companion.decrypt | RECV: AUDIO Media Data type: 0 flags: 11 size: 8202 dataOffset: 2
09-15 13:44:50.936 18485 18883 D OPENHU  : [80] Companion.decrypt | RECV: AUDIO Media Data type: 0 flags: 11 size: 8202 dataOffset: 2
09-15 13:44:50.940 18485 18883 D OPENHU  : [80] Companion.decrypt | RECV: MUSIC_PLAYBACK Media Playback Status type: 32769 flags: 11 size: 18 dataOffset: 2
09-15 13:44:50.941 18485 18883 D OPENHU  : [80] AapMediaPlayback.processStatusPacket | AapMediaPlayback: status mediaSource='VLC', playbackSeconds(u32)=138, state=PLAYING
09-15 13:44:50.954 18485 18881 I OPENHU  : [78] VideoDecoder.logFeedPacing | Feed queue full - pacing the transport thread instead of shedding frames (+4 more since the last line)
09-15 13:44:50.978 18485 18883 D OPENHU  : [80] Companion.decrypt | RECV: AUDIO Media Data type: 0 flags: 11 size: 8202 dataOffset: 2
09-15 13:44:51.021 18485 18883 D OPENHU  : [80] Companion.decrypt | RECV: AUDIO Media Data type: 0 flags: 11 size: 8202 dataOffset: 2
09-15 13:44:51.029 18485 18485 V OPENHU  : [2] GpsLocation.onLocationChanged | GpsLocation: fix received
09-15 13:44:51.036 18485 18485 V OPENHU  : [2] AapTransport.send | SENSOR Sensor Event type: 32771 flags: 11 size: 46 dataOffset: 6
09-15 13:44:51.062 18485 18883 D OPENHU  : [80] Companion.decrypt | RECV: AUDIO Media Data type: 0 flags: 11 size: 8202 dataOffset: 2
09-15 13:44:51.070 18485 18883 D OPENHU  : [80] Companion.decrypt | RECV: MUSIC_PLAYBACK Media Playback Status type: 32769 flags: 11 size: 18 dataOffset: 2
09-15 13:44:51.071 18485 18883 D OPENHU  : [80] AapMediaPlayback.processStatusPacket | AapMediaPlayback: status mediaSource='VLC', playbackSeconds(u32)=139, state=PLAYING
09-15 13:44:51.104 18485 18883 D OPENHU  : [80] Companion.decrypt | RECV: AUDIO Media Data type: 0 flags: 11 size: 8202 dataOffset: 2
09-15 13:44:51.148 18485 18883 D OPENHU  : [80] Companion.decrypt | RECV: AUDIO Media Data type: 0 flags: 11 size: 8202 dataOffset: 2
09-15 13:44:51.172 18485 18883 D OPENHU  : [80] Companion.decrypt | RECV: MUSIC_PLAYBACK Media Playback Status type: 32771 flags: 11 size: 7819 dataOffset: 2
09-15 13:44:51.190 18485 18883 D OPENHU  : [80] Companion.decrypt | RECV: AUDIO Media Data type: 0 flags: 11 size: 8202 dataOffset: 2
09-15 13:44:51.233 18485 18883 D OPENHU  : [80] Companion.decrypt | RECV: AUDIO Media Data type: 0 flags: 11 size: 8202 dataOffset: 2
09-15 13:44:51.275 18485 18883 D OPENHU  : [80] Companion.decrypt | RECV: AUDIO Media Data type: 0 flags: 11 size: 8202 dataOffset: 2
09-15 13:44:51.319 18485 18883 D OPENHU  : [80] Companion.decrypt | RECV: AUDIO Media Data type: 0 flags: 11 size: 8202 dataOffset: 2
09-15 13:44:51.361 18485 18883 D OPENHU  : [80] Companion.decrypt | RECV: AUDIO Media Data type: 0 flags: 11 size: 8202 dataOffset: 2
09-15 13:44:51.403 18485 18883 D OPENHU  : [80] Companion.decrypt | RECV: AUDIO Media Data type: 0 flags: 11 size: 8202 dataOffset: 2
09-15 13:44:51.446 18485 18883 D OPENHU  : [80] Companion.decrypt | RECV: AUDIO Media Data type: 0 flags: 11 size: 8202 dataOffset: 2
09-15 13:44:51.471 18485 18907 I OPENHU  : [89] VideoDecoder.logThroughput | Throughput over 5007ms: rendered=24 (4fps), fed=25 (4fps), dropped=0, skipped=0, concealed=0, inputWait=11ms, enqueueWait=2478ms, codec=c2.unisoc.avc.decoder, presented=24 (4fps), decodeLatency=630ms p95=833ms (5 frames, 19 unreadable)
09-15 13:44:51.489 18485 18883 D OPENHU  : [80] Companion.decrypt | RECV: AUDIO Media Data type: 0 flags: 11 size: 8202 dataOffset: 2
09-15 13:44:51.532 18485 18883 D OPENHU  : [80] Companion.decrypt | RECV: AUDIO Media Data type: 0 flags: 11 size: 8202 dataOffset: 2
09-15 13:44:51.576 18485 18883 D OPENHU  : [80] Companion.decrypt | RECV: AUDIO Media Data type: 0 flags: 11 size: 8202 dataOffset: 2
09-15 13:44:51.619 18485 18883 D OPENHU  : [80] Companion.decrypt | RECV: AUDIO Media Data type: 0 flags: 11 size: 8202 dataOffset: 2
09-15 13:44:51.623 18485 18883 D OPENHU  : [80] Companion.decrypt | RECV: CONTROL Ping Request type: 11 flags: 11 size: 12 dataOffset: 2
09-15 13:44:51.624 18485 18883 V OPENHU  : [80] AapTransport.send | CONTROL Ping Response type: 12 flags: 11 size: 14 dataOffset: 6
09-15 13:44:51.661 18485 18883 D OPENHU  : [80] Companion.decrypt | RECV: AUDIO Media Data type: 0 flags: 11 size: 8202 dataOffset: 2
09-15 13:44:51.704 18485 18883 D OPENHU  : [80] Companion.decrypt | RECV: AUDIO Media Data type: 0 flags: 11 size: 8202 dataOffset: 2
09-15 13:44:51.747 18485 18883 D OPENHU  : [80] Companion.decrypt | RECV: AUDIO Media Data type: 0 flags: 11 size: 8202 dataOffset: 2
09-15 13:44:51.788 18485 18883 D OPENHU  : [80] Companion.decrypt | RECV: AUDIO Media Data type: 0 flags: 11 size: 8202 dataOffset: 2
09-15 13:44:51.800 18485 18485 I OPENHU  : [2] TextureProjectionView.onSurfaceTextureUpdated | TextureProjectionView: displayed 26 frames in 5103ms (5fps), longFrames=0
09-15 13:44:51.830 18485 18883 D OPENHU  : [80] Companion.decrypt | RECV: AUDIO Media Data type: 0 flags: 11 size: 8202 dataOffset: 2
09-15 13:44:51.873 18485 18883 D OPENHU  : [80] Companion.decrypt | RECV: AUDIO Media Data type: 0 flags: 11 size: 8202 dataOffset: 2
09-15 13:44:51.916 18485 18883 D OPENHU  : [80] Companion.decrypt | RECV: AUDIO Media Data type: 0 flags: 11 size: 8202 dataOffset: 2
09-15 13:44:51.959 18485 18883 D OPENHU  : [80] Companion.decrypt | RECV: AUDIO Media Data type: 0 flags: 11 size: 8202 dataOffset: 2
09-15 13:44:51.975 18485 18881 I OPENHU  : [78] VideoDecoder.logFeedPacing | Feed queue full - pacing the transport thread instead of shedding frames (+4 more since the last line)
09-15 13:44:51.994 18485 18485 V OPENHU  : [2] GpsLocation.onLocationChanged | GpsLocation: fix received
09-15 13:44:52.000 18485 18883 D OPENHU  : [80] Companion.decrypt | RECV: AUDIO Media Data type: 0 flags: 11 size: 8202 dataOffset: 2
09-15 13:44:52.007 18485 18485 V OPENHU  : [2] AapTransport.send | SENSOR Sensor Event type: 32771 flags: 11 size: 46 dataOffset: 6
09-15 13:44:52.046 18485 18883 D OPENHU  : [80] Companion.decrypt | RECV: AUDIO Media Data type: 0 flags: 11 size: 8202 dataOffset: 2
09-15 13:44:52.066 18485 18883 D OPENHU  : [80] Companion.decrypt | RECV: MUSIC_PLAYBACK Media Playback Status type: 32769 flags: 11 size: 18 dataOffset: 2
09-15 13:44:52.067 18485 18883 D OPENHU  : [80] AapMediaPlayback.processStatusPacket | AapMediaPlayback: status mediaSource='VLC', playbackSeconds(u32)=140, state=PLAYING
09-15 13:44:52.086 18485 18883 D OPENHU  : [80] Companion.decrypt | RECV: AUDIO Media Data type: 0 flags: 11 size: 8202 dataOffset: 2
09-15 13:44:52.128 18485 18883 D OPENHU  : [80] Companion.decrypt | RECV: AUDIO Media Data type: 0 flags: 11 size: 8202 dataOffset: 2
09-15 13:44:52.173 18485 18883 D OPENHU  : [80] Companion.decrypt | RECV: AUDIO Media Data type: 0 flags: 11 size: 8202 dataOffset: 2
09-15 13:44:52.216 18485 18883 D OPENHU  : [80] Companion.decrypt | RECV: AUDIO Media Data type: 0 flags: 11 size: 8202 dataOffset: 2
09-15 13:44:52.257 18485 18883 D OPENHU  : [80] Companion.decrypt | RECV: AUDIO Media Data type: 0 flags: 11 size: 8202 dataOffset: 2
09-15 13:44:52.300 18485 18883 D OPENHU  : [80] Companion.decrypt | RECV: AUDIO Media Data type: 0 flags: 11 size: 8202 dataOffset: 2
09-15 13:44:52.342 18485 18883 D OPENHU  : [80] Companion.decrypt | RECV: AUDIO Media Data type: 0 flags: 11 size: 8202 dataOffset: 2
09-15 13:44:52.388 18485 18883 D OPENHU  : [80] Companion.decrypt | RECV: AUDIO Media Data type: 0 flags: 11 size: 8202 dataOffset: 2
09-15 13:44:52.427 18485 18883 D OPENHU  : [80] Companion.decrypt | RECV: AUDIO Media Data type: 0 flags: 11 size: 8202 dataOffset: 2
09-15 13:44:52.471 18485 18883 D OPENHU  : [80] Companion.decrypt | RECV: AUDIO Media Data type: 0 flags: 11 size: 8202 dataOffset: 2
09-15 13:44:52.517 18485 18883 D OPENHU  : [80] Companion.decrypt | RECV: AUDIO Media Data type: 0 flags: 11 size: 8202 dataOffset: 2
09-15 13:44:52.556 18485 18883 D OPENHU  : [80] Companion.decrypt | RECV: AUDIO Media Data type: 0 flags: 11 size: 8202 dataOffset: 2
09-15 13:44:52.597 18485 18883 D OPENHU  : [80] Companion.decrypt | RECV: AUDIO Media Data type: 0 flags: 11 size: 8202 dataOffset: 2
09-15 13:44:52.620 18485 18883 D OPENHU  : [80] Companion.decrypt | RECV: CONTROL Ping Request type: 11 flags: 11 size: 12 dataOffset: 2
09-15 13:44:52.621 18485 18883 V OPENHU  : [80] AapTransport.send | CONTROL Ping Response type: 12 flags: 11 size: 14 dataOffset: 6
09-15 13:44:52.641 18485 18883 D OPENHU  : [80] Companion.decrypt | RECV: AUDIO Media Data type: 0 flags: 11 size: 8202 dataOffset: 2
09-15 13:44:52.683 18485 18883 D OPENHU  : [80] Companion.decrypt | RECV: AUDIO Media Data type: 0 flags: 11 size: 8202 dataOffset: 2
09-15 13:44:52.725 18485 18883 D OPENHU  : [80] Companion.decrypt | RECV: AUDIO Media Data type: 0 flags: 11 size: 8202 dataOffset: 2
09-15 13:44:52.768 18485 18883 D OPENHU  : [80] Companion.decrypt | RECV: AUDIO Media Data type: 0 flags: 11 size: 8202 dataOffset: 2
09-15 13:44:52.813 18485 18883 D OPENHU  : [80] Companion.decrypt | RECV: AUDIO Media Data type: 0 flags: 11 size: 8202 dataOffset: 2
09-15 13:44:52.855 18485 18883 D OPENHU  : [80] Companion.decrypt | RECV: AUDIO Media Data type: 0 flags: 11 size: 8202 dataOffset: 2
09-15 13:44:52.900 18485 18883 D OPENHU  : [80] Companion.decrypt | RECV: AUDIO Media Data type: 0 flags: 11 size: 8202 dataOffset: 2
09-15 13:44:52.940 18485 18883 D OPENHU  : [80] Companion.decrypt | RECV: AUDIO Media Data type: 0 flags: 11 size: 8202 dataOffset: 2
09-15 13:44:52.982 18485 18883 D OPENHU  : [80] Companion.decrypt | RECV: AUDIO Media Data type: 0 flags: 11 size: 8202 dataOffset: 2
09-15 13:44:52.994 18485 18881 I OPENHU  : [78] VideoDecoder.logFeedPacing | Feed queue full - pacing the transport thread instead of shedding frames (+4 more since the last line)
09-15 13:44:53.025 18485 18883 D OPENHU  : [80] Companion.decrypt | RECV: AUDIO Media Data type: 0 flags: 11 size: 8202 dataOffset: 2
09-15 13:44:53.029 18485 18485 V OPENHU  : [2] GpsLocation.onLocationChanged | GpsLocation: fix received
09-15 13:44:53.037 18485 18485 V OPENHU  : [2] AapTransport.send | SENSOR Sensor Event type: 32771 flags: 11 size: 46 dataOffset: 6
09-15 13:44:53.066 18485 18883 D OPENHU  : [80] Companion.decrypt | RECV: MUSIC_PLAYBACK Media Playback Status type: 32769 flags: 11 size: 18 dataOffset: 2
09-15 13:44:53.068 18485 18883 D OPENHU  : [80] AapMediaPlayback.processStatusPacket | AapMediaPlayback: status mediaSource='VLC', playbackSeconds(u32)=141, state=PLAYING
09-15 13:44:53.070 18485 18883 D OPENHU  : [80] Companion.decrypt | RECV: AUDIO Media Data type: 0 flags: 11 size: 8202 dataOffset: 2
09-15 13:44:53.112 18485 18883 D OPENHU  : [80] Companion.decrypt | RECV: AUDIO Media Data type: 0 flags: 11 size: 8202 dataOffset: 2
09-15 13:44:53.153 18485 18883 D OPENHU  : [80] Companion.decrypt | RECV: AUDIO Media Data type: 0 flags: 11 size: 8202 dataOffset: 2
09-15 13:44:53.195 18485 18883 D OPENHU  : [80] Companion.decrypt | RECV: AUDIO Media Data type: 0 flags: 11 size: 8202 dataOffset: 2
09-15 13:44:53.238 18485 18883 D OPENHU  : [80] Companion.decrypt | RECV: AUDIO Media Data type: 0 flags: 11 size: 8202 dataOffset: 2
09-15 13:44:53.281 18485 18883 D OPENHU  : [80] Companion.decrypt | RECV: AUDIO Media Data type: 0 flags: 11 size: 8202 dataOffset: 2
09-15 13:44:53.323 18485 18883 D OPENHU  : [80] Companion.decrypt | RECV: AUDIO Media Data type: 0 flags: 11 size: 8202 dataOffset: 2
09-15 13:44:53.366 18485 18883 D OPENHU  : [80] Companion.decrypt | RECV: AUDIO Media Data type: 0 flags: 11 size: 8202 dataOffset: 2
09-15 13:44:53.409 18485 18883 D OPENHU  : [80] Companion.decrypt | RECV: AUDIO Media Data type: 0 flags: 11 size: 8202 dataOffset: 2
09-15 13:44:53.453 18485 18883 D OPENHU  : [80] Companion.decrypt | RECV: AUDIO Media Data type: 0 flags: 11 size: 8202 dataOffset: 2
09-15 13:44:53.494 18485 18883 D OPENHU  : [80] Companion.decrypt | RECV: AUDIO Media Data type: 0 flags: 11 size: 8202 dataOffset: 2
09-15 13:44:53.537 18485 18883 D OPENHU  : [80] Companion.decrypt | RECV: AUDIO Media Data type: 0 flags: 11 size: 8202 dataOffset: 2
09-15 13:44:53.582 18485 18883 D OPENHU  : [80] Companion.decrypt | RECV: AUDIO Media Data type: 0 flags: 11 size: 8202 dataOffset: 2
09-15 13:44:53.623 18485 18883 D OPENHU  : [80] Companion.decrypt | RECV: CONTROL Ping Request type: 11 flags: 11 size: 12 dataOffset: 2
09-15 13:44:53.624 18485 18883 V OPENHU  : [80] AapTransport.send | CONTROL Ping Response type: 12 flags: 11 size: 14 dataOffset: 6
09-15 13:44:53.627 18485 18883 D OPENHU  : [80] Companion.decrypt | RECV: AUDIO Media Data type: 0 flags: 11 size: 8202 dataOffset: 2
09-15 13:44:53.665 18485 18883 D OPENHU  : [80] Companion.decrypt | RECV: AUDIO Media Data type: 0 flags: 11 size: 8202 dataOffset: 2
09-15 13:44:53.709 18485 18883 D OPENHU  : [80] Companion.decrypt | RECV: AUDIO Media Data type: 0 flags: 11 size: 8202 dataOffset: 2
09-15 13:44:53.750 18485 18883 D OPENHU  : [80] Companion.decrypt | RECV: AUDIO Media Data type: 0 flags: 11 size: 8202 dataOffset: 2
09-15 13:44:53.794 18485 18883 D OPENHU  : [80] Companion.decrypt | RECV: AUDIO Media Data type: 0 flags: 11 size: 8202 dataOffset: 2
09-15 13:44:53.836 18485 18883 D OPENHU  : [80] Companion.decrypt | RECV: AUDIO Media Data type: 0 flags: 11 size: 8202 dataOffset: 2
09-15 13:44:53.881 18485 18883 D OPENHU  : [80] Companion.decrypt | RECV: AUDIO Media Data type: 0 flags: 11 size: 8202 dataOffset: 2
09-15 13:44:53.921 18485 18883 D OPENHU  : [80] Companion.decrypt | RECV: AUDIO Media Data type: 0 flags: 11 size: 8202 dataOffset: 2
09-15 13:44:53.963 18485 18883 D OPENHU  : [80] Companion.decrypt | RECV: AUDIO Media Data type: 0 flags: 11 size: 8202 dataOffset: 2
09-15 13:44:53.997 18485 18485 V OPENHU  : [2] GpsLocation.onLocationChanged | GpsLocation: fix received
09-15 13:44:54.004 18485 18485 V OPENHU  : [2] AapTransport.send | SENSOR Sensor Event type: 32771 flags: 11 size: 46 dataOffset: 6
09-15 13:44:54.006 18485 18883 D OPENHU  : [80] Companion.decrypt | RECV: AUDIO Media Data type: 0 flags: 11 size: 8202 dataOffset: 2
09-15 13:44:54.016 18485 18881 I OPENHU  : [78] VideoDecoder.logFeedPacing | Feed queue full - pacing the transport thread instead of shedding frames (+4 more since the last line)
09-15 13:44:54.052 18485 18883 D OPENHU  : [80] Companion.decrypt | RECV: AUDIO Media Data type: 0 flags: 11 size: 8202 dataOffset: 2
09-15 13:44:54.067 18485 18883 D OPENHU  : [80] Companion.decrypt | RECV: MUSIC_PLAYBACK Media Playback Status type: 32769 flags: 11 size: 18 dataOffset: 2
09-15 13:44:54.068 18485 18883 D OPENHU  : [80] AapMediaPlayback.processStatusPacket | AapMediaPlayback: status mediaSource='VLC', playbackSeconds(u32)=142, state=PLAYING
09-15 13:44:54.092 18485 18883 D OPENHU  : [80] Companion.decrypt | RECV: AUDIO Media Data type: 0 flags: 11 size: 8202 dataOffset: 2
09-15 13:44:54.136 18485 18883 D OPENHU  : [80] Companion.decrypt | RECV: AUDIO Media Data type: 0 flags: 11 size: 8202 dataOffset: 2
09-15 13:44:54.177 18485 18883 D OPENHU  : [80] Companion.decrypt | RECV: AUDIO Media Data type: 0 flags: 11 size: 8202 dataOffset: 2
09-15 13:44:54.221 18485 18883 D OPENHU  : [80] Companion.decrypt | RECV: AUDIO Media Data type: 0 flags: 11 size: 8202 dataOffset: 2
09-15 13:44:54.263 18485 18883 D OPENHU  : [80] Companion.decrypt | RECV: AUDIO Media Data type: 0 flags: 11 size: 8202 dataOffset: 2
09-15 13:44:54.304 18485 18883 D OPENHU  : [80] Companion.decrypt | RECV: AUDIO Media Data type: 0 flags: 11 size: 8202 dataOffset: 2
09-15 13:44:54.347 18485 18883 D OPENHU  : [80] Companion.decrypt | RECV: AUDIO Media Data type: 0 flags: 11 size: 8202 dataOffset: 2
09-15 13:44:54.389 18485 18883 D OPENHU  : [80] Companion.decrypt | RECV: AUDIO Media Data type: 0 flags: 11 size: 8202 dataOffset: 2
09-15 13:44:54.434 18485 18883 D OPENHU  : [80] Companion.decrypt | RECV: AUDIO Media Data type: 0 flags: 11 size: 8202 dataOffset: 2
09-15 13:44:54.476 18485 18883 D OPENHU  : [80] Companion.decrypt | RECV: AUDIO Media Data type: 0 flags: 11 size: 8202 dataOffset: 2
09-15 13:44:54.518 18485 18883 D OPENHU  : [80] Companion.decrypt | RECV: AUDIO Media Data type: 0 flags: 11 size: 8202 dataOffset: 2
09-15 13:44:54.562 18485 18883 D OPENHU  : [80] Companion.decrypt | RECV: AUDIO Media Data type: 0 flags: 11 size: 8202 dataOffset: 2
09-15 13:44:54.604 18485 18883 D OPENHU  : [80] Companion.decrypt | RECV: AUDIO Media Data type: 0 flags: 11 size: 8202 dataOffset: 2
09-15 13:44:54.623 18485 18883 D OPENHU  : [80] Companion.decrypt | RECV: CONTROL Ping Request type: 11 flags: 11 size: 12 dataOffset: 2
09-15 13:44:54.624 18485 18883 V OPENHU  : [80] AapTransport.send | CONTROL Ping Response type: 12 flags: 11 size: 14 dataOffset: 6
09-15 13:44:54.647 18485 18883 D OPENHU  : [80] Companion.decrypt | RECV: AUDIO Media Data type: 0 flags: 11 size: 8202 dataOffset: 2
09-15 13:44:54.689 18485 18883 D OPENHU  : [80] Companion.decrypt | RECV: AUDIO Media Data type: 0 flags: 11 size: 8202 dataOffset: 2
09-15 13:44:54.735 18485 18883 D OPENHU  : [80] Companion.decrypt | RECV: AUDIO Media Data type: 0 flags: 11 size: 8202 dataOffset: 2
09-15 13:44:54.783 18485 18883 D OPENHU  : [80] Companion.decrypt | RECV: AUDIO Media Data type: 0 flags: 11 size: 8202 dataOffset: 2
09-15 13:44:54.823 18485 18883 D OPENHU  : [80] Companion.decrypt | RECV: AUDIO Media Data type: 0 flags: 11 size: 8202 dataOffset: 2
09-15 13:44:54.862 18485 18883 D OPENHU  : [80] Companion.decrypt | RECV: AUDIO Media Data type: 0 flags: 11 size: 8202 dataOffset: 2
09-15 13:44:54.905 18485 18883 D OPENHU  : [80] Companion.decrypt | RECV: AUDIO Media Data type: 0 flags: 11 size: 8202 dataOffset: 2
09-15 13:44:54.952 18485 18883 D OPENHU  : [80] Companion.decrypt | RECV: AUDIO Media Data type: 0 flags: 11 size: 8202 dataOffset: 2
09-15 13:44:54.988 18485 18883 D OPENHU  : [80] Companion.decrypt | RECV: AUDIO Media Data type: 0 flags: 11 size: 8202 dataOffset: 2
09-15 13:44:55.028 18485 18485 V OPENHU  : [2] GpsLocation.onLocationChanged | GpsLocation: fix received
09-15 13:44:55.030 18485 18883 D OPENHU  : [80] Companion.decrypt | RECV: AUDIO Media Data type: 0 flags: 11 size: 8202 dataOffset: 2
09-15 13:44:55.036 18485 18881 I OPENHU  : [78] VideoDecoder.logFeedPacing | Feed queue full - pacing the transport thread instead of shedding frames (+4 more since the last line)
09-15 13:44:55.037 18485 18485 V OPENHU  : [2] AapTransport.send | SENSOR Sensor Event type: 32771 flags: 11 size: 46 dataOffset: 6
09-15 13:44:55.068 18485 18883 D OPENHU  : [80] Companion.decrypt | RECV: MUSIC_PLAYBACK Media Playback Status type: 32769 flags: 11 size: 18 dataOffset: 2
09-15 13:44:55.069 18485 18883 D OPENHU  : [80] AapMediaPlayback.processStatusPacket | AapMediaPlayback: status mediaSource='VLC', playbackSeconds(u32)=143, state=PLAYING
09-15 13:44:55.074 18485 18883 D OPENHU  : [80] Companion.decrypt | RECV: AUDIO Media Data type: 0 flags: 11 size: 8202 dataOffset: 2
09-15 13:44:55.117 18485 18883 D OPENHU  : [80] Companion.decrypt | RECV: AUDIO Media Data type: 0 flags: 11 size: 8202 dataOffset: 2
09-15 13:44:55.159 18485 18883 D OPENHU  : [80] Companion.decrypt | RECV: AUDIO Media Data type: 0 flags: 11 size: 8202 dataOffset: 2
09-15 13:44:55.202 18485 18883 D OPENHU  : [80] Companion.decrypt | RECV: AUDIO Media Data type: 0 flags: 11 size: 8202 dataOffset: 2
09-15 13:44:55.245 18485 18883 D OPENHU  : [80] Companion.decrypt | RECV: AUDIO Media Data type: 0 flags: 11 size: 8202 dataOffset: 2
09-15 13:44:55.286 18485 18883 D OPENHU  : [80] Companion.decrypt | RECV: AUDIO Media Data type: 0 flags: 11 size: 8202 dataOffset: 2
09-15 13:44:55.329 18485 18883 D OPENHU  : [80] Companion.decrypt | RECV: AUDIO Media Data type: 0 flags: 11 size: 8202 dataOffset: 2
09-15 13:44:55.373 18485 18883 D OPENHU  : [80] Companion.decrypt | RECV: AUDIO Media Data type: 0 flags: 11 size: 8202 dataOffset: 2
09-15 13:44:55.418 18485 18883 D OPENHU  : [80] Companion.decrypt | RECV: AUDIO Media Data type: 0 flags: 11 size: 8202 dataOffset: 2
09-15 13:44:55.459 18485 18883 D OPENHU  : [80] Companion.decrypt | RECV: AUDIO Media Data type: 0 flags: 11 size: 8202 dataOffset: 2
09-15 13:44:55.502 18485 18883 D OPENHU  : [80] Companion.decrypt | RECV: AUDIO Media Data type: 0 flags: 11 size: 8202 dataOffset: 2
09-15 13:44:55.542 18485 18883 D OPENHU  : [80] Companion.decrypt | RECV: AUDIO Media Data type: 0 flags: 11 size: 8202 dataOffset: 2
09-15 13:44:55.589 18485 18883 D OPENHU  : [80] Companion.decrypt | RECV: AUDIO Media Data type: 0 flags: 11 size: 8202 dataOffset: 2
09-15 13:44:55.623 18485 18883 D OPENHU  : [80] Companion.decrypt | RECV: CONTROL Ping Request type: 11 flags: 11 size: 12 dataOffset: 2
09-15 13:44:55.624 18485 18883 V OPENHU  : [80] AapTransport.send | CONTROL Ping Response type: 12 flags: 11 size: 14 dataOffset: 6
09-15 13:44:55.628 18485 18883 D OPENHU  : [80] Companion.decrypt | RECV: AUDIO Media Data type: 0 flags: 11 size: 8202 dataOffset: 2
09-15 13:44:55.671 18485 18883 D OPENHU  : [80] Companion.decrypt | RECV: AUDIO Media Data type: 0 flags: 11 size: 8202 dataOffset: 2
09-15 13:44:55.713 18485 18883 D OPENHU  : [80] Companion.decrypt | RECV: AUDIO Media Data type: 0 flags: 11 size: 8202 dataOffset: 2
09-15 13:44:55.755 18485 18883 D OPENHU  : [80] Companion.decrypt | RECV: AUDIO Media Data type: 0 flags: 11 size: 8202 dataOffset: 2
09-15 13:44:55.800 18485 18883 D OPENHU  : [80] Companion.decrypt | RECV: AUDIO Media Data type: 0 flags: 11 size: 8202 dataOffset: 2
09-15 13:44:55.843 18485 18883 D OPENHU  : [80] Companion.decrypt | RECV: AUDIO Media Data type: 0 flags: 11 size: 8202 dataOffset: 2
09-15 13:44:55.883 18485 18883 D OPENHU  : [80] Companion.decrypt | RECV: AUDIO Media Data type: 0 flags: 11 size: 8202 dataOffset: 2
09-15 13:44:55.926 18485 18883 D OPENHU  : [80] Companion.decrypt | RECV: AUDIO Media Data type: 0 flags: 11 size: 8202 dataOffset: 2
09-15 13:44:55.969 18485 18883 D OPENHU  : [80] Companion.decrypt | RECV: AUDIO Media Data type: 0 flags: 11 size: 8202 dataOffset: 2
09-15 13:44:56.000 18485 18485 V OPENHU  : [2] GpsLocation.onLocationChanged | GpsLocation: fix received
09-15 13:44:56.007 18485 18485 V OPENHU  : [2] AapTransport.send | SENSOR Sensor Event type: 32771 flags: 11 size: 46 dataOffset: 6
09-15 13:44:56.012 18485 18883 D OPENHU  : [80] Companion.decrypt | RECV: AUDIO Media Data type: 0 flags: 11 size: 8202 dataOffset: 2
09-15 13:44:56.058 18485 18881 I OPENHU  : [78] VideoDecoder.logFeedPacing | Feed queue full - pacing the transport thread instead of shedding frames (+4 more since the last line)
09-15 13:44:56.058 18485 18883 D OPENHU  : [80] Companion.decrypt | RECV: AUDIO Media Data type: 0 flags: 11 size: 8202 dataOffset: 2
09-15 13:44:56.069 18485 18883 D OPENHU  : [80] Companion.decrypt | RECV: MUSIC_PLAYBACK Media Playback Status type: 32769 flags: 11 size: 18 dataOffset: 2
09-15 13:44:56.070 18485 18883 D OPENHU  : [80] AapMediaPlayback.processStatusPacket | AapMediaPlayback: status mediaSource='VLC', playbackSeconds(u32)=144, state=PLAYING
09-15 13:44:56.097 18485 18883 D OPENHU  : [80] Companion.decrypt | RECV: AUDIO Media Data type: 0 flags: 11 size: 8202 dataOffset: 2
09-15 13:44:56.141 18485 18883 D OPENHU  : [80] Companion.decrypt | RECV: AUDIO Media Data type: 0 flags: 11 size: 8202 dataOffset: 2
09-15 13:44:56.184 18485 18883 D OPENHU  : [80] Companion.decrypt | RECV: AUDIO Media Data type: 0 flags: 11 size: 8202 dataOffset: 2
09-15 13:44:56.225 18485 18883 D OPENHU  : [80] Companion.decrypt | RECV: AUDIO Media Data type: 0 flags: 11 size: 8202 dataOffset: 2
09-15 13:44:56.268 18485 18883 D OPENHU  : [80] Companion.decrypt | RECV: AUDIO Media Data type: 0 flags: 11 size: 8202 dataOffset: 2
09-15 13:44:56.312 18485 18883 D OPENHU  : [80] Companion.decrypt | RECV: AUDIO Media Data type: 0 flags: 11 size: 8202 dataOffset: 2
09-15 13:44:56.353 18485 18883 D OPENHU  : [80] Companion.decrypt | RECV: AUDIO Media Data type: 0 flags: 11 size: 8202 dataOffset: 2
09-15 13:44:56.397 18485 18883 D OPENHU  : [80] Companion.decrypt | RECV: AUDIO Media Data type: 0 flags: 11 size: 8202 dataOffset: 2
09-15 13:44:56.439 18485 18883 D OPENHU  : [80] Companion.decrypt | RECV: AUDIO Media Data type: 0 flags: 11 size: 8202 dataOffset: 2
09-15 13:44:56.474 18485 18907 I OPENHU  : [89] VideoDecoder.logThroughput | Throughput over 5004ms: rendered=24 (4fps), fed=25 (4fps), dropped=0, skipped=0, concealed=0, inputWait=16ms, enqueueWait=5072ms, codec=c2.unisoc.avc.decoder, presented=24 (4fps), decodeLatency=unreadable (24 frames)
09-15 13:44:56.482 18485 18883 D OPENHU  : [80] Companion.decrypt | RECV: AUDIO Media Data type: 0 flags: 11 size: 8202 dataOffset: 2
09-15 13:44:56.525 18485 18883 D OPENHU  : [80] Companion.decrypt | RECV: AUDIO Media Data type: 0 flags: 11 size: 8202 dataOffset: 2
09-15 13:44:56.567 18485 18883 D OPENHU  : [80] Companion.decrypt | RECV: AUDIO Media Data type: 0 flags: 11 size: 8202 dataOffset: 2
09-15 13:44:56.611 18485 18883 D OPENHU  : [80] Companion.decrypt | RECV: AUDIO Media Data type: 0 flags: 11 size: 8202 dataOffset: 2
09-15 13:44:56.624 18485 18883 D OPENHU  : [80] Companion.decrypt | RECV: CONTROL Ping Request type: 11 flags: 11 size: 12 dataOffset: 2
09-15 13:44:56.625 18485 18883 V OPENHU  : [80] AapTransport.send | CONTROL Ping Response type: 12 flags: 11 size: 14 dataOffset: 6
09-15 13:44:56.653 18485 18883 D OPENHU  : [80] Companion.decrypt | RECV: AUDIO Media Data type: 0 flags: 11 size: 8202 dataOffset: 2
09-15 13:44:56.695 18485 18883 D OPENHU  : [80] Companion.decrypt | RECV: AUDIO Media Data type: 0 flags: 11 size: 8202 dataOffset: 2
09-15 13:44:56.738 18485 18883 D OPENHU  : [80] Companion.decrypt | RECV: AUDIO Media Data type: 0 flags: 11 size: 8202 dataOffset: 2
09-15 13:44:56.780 18485 18883 D OPENHU  : [80] Companion.decrypt | RECV: AUDIO Media Data type: 0 flags: 11 size: 8202 dataOffset: 2
09-15 13:44:56.822 18485 18883 D OPENHU  : [80] Companion.decrypt | RECV: AUDIO Media Data type: 0 flags: 11 size: 8202 dataOffset: 2
09-15 13:44:56.866 18485 18883 D OPENHU  : [80] Companion.decrypt | RECV: AUDIO Media Data type: 0 flags: 11 size: 8202 dataOffset: 2
09-15 13:44:56.888 18485 18485 I OPENHU  : [2] TextureProjectionView.onSurfaceTextureUpdated | TextureProjectionView: displayed 25 frames in 5087ms (4fps), longFrames=0
09-15 13:44:56.909 18485 18883 D OPENHU  : [80] Companion.decrypt | RECV: AUDIO Media Data type: 0 flags: 11 size: 8202 dataOffset: 2
09-15 13:44:56.953 18485 18883 D OPENHU  : [80] Companion.decrypt | RECV: AUDIO Media Data type: 0 flags: 11 size: 8202 dataOffset: 2
09-15 13:44:56.993 18485 18883 D OPENHU  : [80] Companion.decrypt | RECV: AUDIO Media Data type: 0 flags: 11 size: 8202 dataOffset: 2
09-15 13:44:57.028 18485 18485 V OPENHU  : [2] GpsLocation.onLocationChanged | GpsLocation: fix received
09-15 13:44:57.036 18485 18485 V OPENHU  : [2] AapTransport.send | SENSOR Sensor Event type: 32771 flags: 11 size: 46 dataOffset: 6
09-15 13:44:57.036 18485 18883 D OPENHU  : [80] Companion.decrypt | RECV: AUDIO Media Data type: 0 flags: 11 size: 8202 dataOffset: 2
09-15 13:44:57.068 18485 18883 D OPENHU  : [80] Companion.decrypt | RECV: MUSIC_PLAYBACK Media Playback Status type: 32769 flags: 11 size: 18 dataOffset: 2
09-15 13:44:57.069 18485 18883 D OPENHU  : [80] AapMediaPlayback.processStatusPacket | AapMediaPlayback: status mediaSource='VLC', playbackSeconds(u32)=145, state=PLAYING
09-15 13:44:57.078 18485 18881 I OPENHU  : [78] VideoDecoder.logFeedPacing | Feed queue full - pacing the transport thread instead of shedding frames (+4 more since the last line)
09-15 13:44:57.081 18485 18883 D OPENHU  : [80] Companion.decrypt | RECV: AUDIO Media Data type: 0 flags: 11 size: 8202 dataOffset: 2
09-15 13:44:57.122 18485 18883 D OPENHU  : [80] Companion.decrypt | RECV: AUDIO Media Data type: 0 flags: 11 size: 8202 dataOffset: 2
09-15 13:44:57.163 18485 18883 D OPENHU  : [80] Companion.decrypt | RECV: AUDIO Media Data type: 0 flags: 11 size: 8202 dataOffset: 2
09-15 13:44:57.208 18485 18883 D OPENHU  : [80] Companion.decrypt | RECV: AUDIO Media Data type: 0 flags: 11 size: 8202 dataOffset: 2
09-15 13:44:57.252 18485 18883 D OPENHU  : [80] Companion.decrypt | RECV: AUDIO Media Data type: 0 flags: 11 size: 8202 dataOffset: 2
09-15 13:44:57.293 18485 18883 D OPENHU  : [80] Companion.decrypt | RECV: AUDIO Media Data type: 0 flags: 11 size: 8202 dataOffset: 2
09-15 13:44:57.338 18485 18883 D OPENHU  : [80] Companion.decrypt | RECV: AUDIO Media Data type: 0 flags: 11 size: 8202 dataOffset: 2
09-15 13:44:57.376 18485 18883 D OPENHU  : [80] Companion.decrypt | RECV: AUDIO Media Data type: 0 flags: 11 size: 8202 dataOffset: 2
09-15 13:44:57.421 18485 18883 D OPENHU  : [80] Companion.decrypt | RECV: AUDIO Media Data type: 0 flags: 11 size: 8202 dataOffset: 2
09-15 13:44:57.464 18485 18883 D OPENHU  : [80] Companion.decrypt | RECV: AUDIO Media Data type: 0 flags: 11 size: 8202 dataOffset: 2
09-15 13:44:57.506 18485 18883 D OPENHU  : [80] Companion.decrypt | RECV: AUDIO Media Data type: 0 flags: 11 size: 8202 dataOffset: 2
09-15 13:44:57.549 18485 18883 D OPENHU  : [80] Companion.decrypt | RECV: AUDIO Media Data type: 0 flags: 11 size: 8202 dataOffset: 2
09-15 13:44:57.592 18485 18883 D OPENHU  : [80] Companion.decrypt | RECV: AUDIO Media Data type: 0 flags: 11 size: 8202 dataOffset: 2
09-15 13:44:57.626 18485 18883 D OPENHU  : [80] Companion.decrypt | RECV: CONTROL Ping Request type: 11 flags: 11 size: 12 dataOffset: 2
09-15 13:44:57.627 18485 18883 V OPENHU  : [80] AapTransport.send | CONTROL Ping Response type: 12 flags: 11 size: 14 dataOffset: 6
09-15 13:44:57.633 18485 18883 D OPENHU  : [80] Companion.decrypt | RECV: AUDIO Media Data type: 0 flags: 11 size: 8202 dataOffset: 2
09-15 13:44:57.676 18485 18883 D OPENHU  : [80] Companion.decrypt | RECV: AUDIO Media Data type: 0 flags: 11 size: 8202 dataOffset: 2
09-15 13:44:57.719 18485 18883 D OPENHU  : [80] Companion.decrypt | RECV: AUDIO Media Data type: 0 flags: 11 size: 8202 dataOffset: 2
09-15 13:44:57.762 18485 18883 D OPENHU  : [80] Companion.decrypt | RECV: AUDIO Media Data type: 0 flags: 11 size: 8202 dataOffset: 2
09-15 13:44:57.804 18485 18883 D OPENHU  : [80] Companion.decrypt | RECV: AUDIO Media Data type: 0 flags: 11 size: 8202 dataOffset: 2
09-15 13:44:57.846 18485 18883 D OPENHU  : [80] Companion.decrypt | RECV: AUDIO Media Data type: 0 flags: 11 size: 8202 dataOffset: 2
09-15 13:44:57.889 18485 18883 D OPENHU  : [80] Companion.decrypt | RECV: AUDIO Media Data type: 0 flags: 11 size: 8202 dataOffset: 2
09-15 13:44:57.932 18485 18883 D OPENHU  : [80] Companion.decrypt | RECV: AUDIO Media Data type: 0 flags: 11 size: 8202 dataOffset: 2
09-15 13:44:57.974 18485 18883 D OPENHU  : [80] Companion.decrypt | RECV: AUDIO Media Data type: 0 flags: 11 size: 8202 dataOffset: 2
09-15 13:44:57.995 18485 18485 V OPENHU  : [2] GpsLocation.onLocationChanged | GpsLocation: fix received
09-15 13:44:58.002 18485 18485 V OPENHU  : [2] AapTransport.send | SENSOR Sensor Event type: 32771 flags: 11 size: 46 dataOffset: 6
09-15 13:44:58.022 18485 18883 D OPENHU  : [80] Companion.decrypt | RECV: AUDIO Media Data type: 0 flags: 11 size: 8202 dataOffset: 2
09-15 13:44:58.061 18485 18883 D OPENHU  : [80] Companion.decrypt | RECV: AUDIO Media Data type: 0 flags: 11 size: 8202 dataOffset: 2
09-15 13:44:58.069 18485 18883 D OPENHU  : [80] Companion.decrypt | RECV: MUSIC_PLAYBACK Media Playback Status type: 32769 flags: 11 size: 18 dataOffset: 2
09-15 13:44:58.070 18485 18883 D OPENHU  : [80] AapMediaPlayback.processStatusPacket | AapMediaPlayback: status mediaSource='VLC', playbackSeconds(u32)=146, state=PLAYING
09-15 13:44:58.100 18485 18881 I OPENHU  : [78] VideoDecoder.logFeedPacing | Feed queue full - pacing the transport thread instead of shedding frames (+4 more since the last line)
09-15 13:44:58.103 18485 18883 D OPENHU  : [80] Companion.decrypt | RECV: AUDIO Media Data type: 0 flags: 11 size: 8202 dataOffset: 2
09-15 13:44:58.146 18485 18883 D OPENHU  : [80] Companion.decrypt | RECV: AUDIO Media Data type: 0 flags: 11 size: 8202 dataOffset: 2
09-15 13:44:58.188 18485 18883 D OPENHU  : [80] Companion.decrypt | RECV: AUDIO Media Data type: 0 flags: 11 size: 8202 dataOffset: 2
09-15 13:44:58.231 18485 18883 D OPENHU  : [80] Companion.decrypt | RECV: AUDIO Media Data type: 0 flags: 11 size: 8202 dataOffset: 2
09-15 13:44:58.276 18485 18883 D OPENHU  : [80] Companion.decrypt | RECV: AUDIO Media Data type: 0 flags: 11 size: 8202 dataOffset: 2
09-15 13:44:58.316 18485 18883 D OPENHU  : [80] Companion.decrypt | RECV: AUDIO Media Data type: 0 flags: 11 size: 8202 dataOffset: 2
09-15 13:44:58.358 18485 18883 D OPENHU  : [80] Companion.decrypt | RECV: AUDIO Media Data type: 0 flags: 11 size: 8202 dataOffset: 2
09-15 13:44:58.402 18485 18883 D OPENHU  : [80] Companion.decrypt | RECV: AUDIO Media Data type: 0 flags: 11 size: 8202 dataOffset: 2
09-15 13:44:58.444 18485 18883 D OPENHU  : [80] Companion.decrypt | RECV: AUDIO Media Data type: 0 flags: 11 size: 8202 dataOffset: 2
09-15 13:44:58.487 18485 18883 D OPENHU  : [80] Companion.decrypt | RECV: AUDIO Media Data type: 0 flags: 11 size: 8202 dataOffset: 2
09-15 13:44:58.529 18485 18883 D OPENHU  : [80] Companion.decrypt | RECV: AUDIO Media Data type: 0 flags: 11 size: 8202 dataOffset: 2
09-15 13:44:58.574 18485 18883 D OPENHU  : [80] Companion.decrypt | RECV: AUDIO Media Data type: 0 flags: 11 size: 8202 dataOffset: 2
09-15 13:44:58.623 18485 18883 D OPENHU  : [80] Companion.decrypt | RECV: AUDIO Media Data type: 0 flags: 11 size: 8202 dataOffset: 2
09-15 13:44:58.630 18485 18883 D OPENHU  : [80] Companion.decrypt | RECV: CONTROL Ping Request type: 11 flags: 11 size: 12 dataOffset: 2
09-15 13:44:58.631 18485 18883 V OPENHU  : [80] AapTransport.send | CONTROL Ping Response type: 12 flags: 11 size: 14 dataOffset: 6
09-15 13:44:58.657 18485 18883 D OPENHU  : [80] Companion.decrypt | RECV: AUDIO Media Data type: 0 flags: 11 size: 8202 dataOffset: 2
09-15 13:44:58.701 18485 18883 D OPENHU  : [80] Companion.decrypt | RECV: AUDIO Media Data type: 0 flags: 11 size: 8202 dataOffset: 2
09-15 13:44:58.744 18485 18883 D OPENHU  : [80] Companion.decrypt | RECV: AUDIO Media Data type: 0 flags: 11 size: 8202 dataOffset: 2
09-15 13:44:58.786 18485 18883 D OPENHU  : [80] Companion.decrypt | RECV: AUDIO Media Data type: 0 flags: 11 size: 8202 dataOffset: 2
09-15 13:44:58.830 18485 18883 D OPENHU  : [80] Companion.decrypt | RECV: AUDIO Media Data type: 0 flags: 11 size: 8202 dataOffset: 2
09-15 13:44:58.872 18485 18883 D OPENHU  : [80] Companion.decrypt | RECV: AUDIO Media Data type: 0 flags: 11 size: 8202 dataOffset: 2
09-15 13:44:58.916 18485 18883 D OPENHU  : [80] Companion.decrypt | RECV: AUDIO Media Data type: 0 flags: 11 size: 8202 dataOffset: 2
09-15 13:44:58.958 18485 18883 D OPENHU  : [80] Companion.decrypt | RECV: AUDIO Media Data type: 0 flags: 11 size: 8202 dataOffset: 2
09-15 13:44:59.001 18485 18883 D OPENHU  : [80] Companion.decrypt | RECV: AUDIO Media Data type: 0 flags: 11 size: 8202 dataOffset: 2
09-15 13:44:59.025 18485 18485 V OPENHU  : [2] GpsLocation.onLocationChanged | GpsLocation: fix received
09-15 13:44:59.034 18485 18485 V OPENHU  : [2] AapTransport.send | SENSOR Sensor Event type: 32771 flags: 11 size: 46 dataOffset: 6
09-15 13:44:59.043 18485 18883 D OPENHU  : [80] Companion.decrypt | RECV: AUDIO Media Data type: 0 flags: 11 size: 8202 dataOffset: 2
09-15 13:44:59.071 18485 18883 D OPENHU  : [80] Companion.decrypt | RECV: MUSIC_PLAYBACK Media Playback Status type: 32769 flags: 11 size: 18 dataOffset: 2
09-15 13:44:59.071 18485 18883 D OPENHU  : [80] AapMediaPlayback.processStatusPacket | AapMediaPlayback: status mediaSource='VLC', playbackSeconds(u32)=147, state=PLAYING
09-15 13:44:59.085 18485 18883 D OPENHU  : [80] Companion.decrypt | RECV: AUDIO Media Data type: 0 flags: 11 size: 8202 dataOffset: 2
09-15 13:44:59.120 18485 18881 I OPENHU  : [78] VideoDecoder.logFeedPacing | Feed queue full - pacing the transport thread instead of shedding frames (+4 more since the last line)
09-15 13:44:59.127 18485 18883 D OPENHU  : [80] Companion.decrypt | RECV: AUDIO Media Data type: 0 flags: 11 size: 8202 dataOffset: 2
09-15 13:44:59.171 18485 18883 D OPENHU  : [80] Companion.decrypt | RECV: AUDIO Media Data type: 0 flags: 11 size: 8202 dataOffset: 2
09-15 13:44:59.213 18485 18883 D OPENHU  : [80] Companion.decrypt | RECV: AUDIO Media Data type: 0 flags: 11 size: 8202 dataOffset: 2
09-15 13:44:59.258 18485 18883 D OPENHU  : [80] Companion.decrypt | RECV: AUDIO Media Data type: 0 flags: 11 size: 8202 dataOffset: 2
09-15 13:44:59.301 18485 18883 D OPENHU  : [80] Companion.decrypt | RECV: AUDIO Media Data type: 0 flags: 11 size: 8202 dataOffset: 2
09-15 13:44:59.344 18485 18883 D OPENHU  : [80] Companion.decrypt | RECV: AUDIO Media Data type: 0 flags: 11 size: 8202 dataOffset: 2
09-15 13:44:59.384 18485 18883 D OPENHU  : [80] Companion.decrypt | RECV: AUDIO Media Data type: 0 flags: 11 size: 8202 dataOffset: 2
09-15 13:44:59.428 18485 18883 D OPENHU  : [80] Companion.decrypt | RECV: AUDIO Media Data type: 0 flags: 11 size: 8202 dataOffset: 2
09-15 13:44:59.471 18485 18883 D OPENHU  : [80] Companion.decrypt | RECV: AUDIO Media Data type: 0 flags: 11 size: 8202 dataOffset: 2
09-15 13:44:59.514 18485 18883 D OPENHU  : [80] Companion.decrypt | RECV: AUDIO Media Data type: 0 flags: 11 size: 8202 dataOffset: 2
09-15 13:44:59.555 18485 18883 D OPENHU  : [80] Companion.decrypt | RECV: AUDIO Media Data type: 0 flags: 11 size: 8202 dataOffset: 2
09-15 13:44:59.602 18485 18883 D OPENHU  : [80] Companion.decrypt | RECV: AUDIO Media Data type: 0 flags: 11 size: 8202 dataOffset: 2
09-15 13:44:59.628 18485 18883 D OPENHU  : [80] Companion.decrypt | RECV: CONTROL Ping Request type: 11 flags: 11 size: 12 dataOffset: 2
09-15 13:44:59.628 18485 18883 V OPENHU  : [80] AapTransport.send | CONTROL Ping Response type: 12 flags: 11 size: 14 dataOffset: 6
09-15 13:44:59.638 18485 18883 D OPENHU  : [80] Companion.decrypt | RECV: AUDIO Media Data type: 0 flags: 11 size: 8202 dataOffset: 2
09-15 13:44:59.684 18485 18883 D OPENHU  : [80] Companion.decrypt | RECV: AUDIO Media Data type: 0 flags: 11 size: 8202 dataOffset: 2
09-15 13:44:59.725 18485 18883 D OPENHU  : [80] Companion.decrypt | RECV: AUDIO Media Data type: 0 flags: 11 size: 8202 dataOffset: 2
09-15 13:44:59.767 18485 18883 D OPENHU  : [80] Companion.decrypt | RECV: AUDIO Media Data type: 0 flags: 11 size: 8202 dataOffset: 2
09-15 13:44:59.809 18485 18883 D OPENHU  : [80] Companion.decrypt | RECV: AUDIO Media Data type: 0 flags: 11 size: 8202 dataOffset: 2
09-15 13:44:59.854 18485 18883 D OPENHU  : [80] Companion.decrypt | RECV: AUDIO Media Data type: 0 flags: 11 size: 8202 dataOffset: 2
09-15 13:44:59.896 18485 18883 D OPENHU  : [80] Companion.decrypt | RECV: AUDIO Media Data type: 0 flags: 11 size: 8202 dataOffset: 2
09-15 13:44:59.938 18485 18883 D OPENHU  : [80] Companion.decrypt | RECV: AUDIO Media Data type: 0 flags: 11 size: 8202 dataOffset: 2
09-15 13:44:59.984 18485 18883 D OPENHU  : [80] Companion.decrypt | RECV: AUDIO Media Data type: 0 flags: 11 size: 8202 dataOffset: 2
09-15 13:44:59.996 18485 18485 V OPENHU  : [2] GpsLocation.onLocationChanged | GpsLocation: fix received
09-15 13:45:00.003 18485 18485 V OPENHU  : [2] AapTransport.send | SENSOR Sensor Event type: 32771 flags: 11 size: 46 dataOffset: 6
09-15 13:45:00.027 18485 18883 D OPENHU  : [80] Companion.decrypt | RECV: AUDIO Media Data type: 0 flags: 11 size: 8202 dataOffset: 2
09-15 13:45:00.069 18485 18883 D OPENHU  : [80] Companion.decrypt | RECV: AUDIO Media Data type: 0 flags: 11 size: 8202 dataOffset: 2
09-15 13:45:00.076 18485 18883 D OPENHU  : [80] Companion.decrypt | RECV: MUSIC_PLAYBACK Media Playback Status type: 32769 flags: 11 size: 18 dataOffset: 2
09-15 13:45:00.078 18485 18883 D OPENHU  : [80] AapMediaPlayback.processStatusPacket | AapMediaPlayback: status mediaSource='VLC', playbackSeconds(u32)=148, state=PLAYING
09-15 13:45:00.111 18485 18883 D OPENHU  : [80] Companion.decrypt | RECV: AUDIO Media Data type: 0 flags: 11 size: 8202 dataOffset: 2
09-15 13:45:00.138 18485 18881 I OPENHU  : [78] VideoDecoder.logFeedPacing | Feed queue full - pacing the transport thread instead of shedding frames (+4 more since the last line)
09-15 13:45:00.152 18485 18883 D OPENHU  : [80] Companion.decrypt | RECV: AUDIO Media Data type: 0 flags: 11 size: 8202 dataOffset: 2
09-15 13:45:00.195 18485 18883 D OPENHU  : [80] Companion.decrypt | RECV: AUDIO Media Data type: 0 flags: 11 size: 8202 dataOffset: 2
09-15 13:45:00.237 18485 18883 D OPENHU  : [80] Companion.decrypt | RECV: AUDIO Media Data type: 0 flags: 11 size: 8202 dataOffset: 2
09-15 13:45:00.280 18485 18883 D OPENHU  : [80] Companion.decrypt | RECV: AUDIO Media Data type: 0 flags: 11 size: 8202 dataOffset: 2
09-15 13:45:00.326 18485 18883 D OPENHU  : [80] Companion.decrypt | RECV: AUDIO Media Data type: 0 flags: 11 size: 8202 dataOffset: 2
09-15 13:45:00.365 18485 18883 D OPENHU  : [80] Companion.decrypt | RECV: AUDIO Media Data type: 0 flags: 11 size: 8202 dataOffset: 2
09-15 13:45:00.406 18485 18883 D OPENHU  : [80] Companion.decrypt | RECV: AUDIO Media Data type: 0 flags: 11 size: 8202 dataOffset: 2
09-15 13:45:00.450 18485 18883 D OPENHU  : [80] Companion.decrypt | RECV: AUDIO Media Data type: 0 flags: 11 size: 8202 dataOffset: 2
09-15 13:45:00.494 18485 18883 D OPENHU  : [80] Companion.decrypt | RECV: AUDIO Media Data type: 0 flags: 11 size: 8202 dataOffset: 2
09-15 13:45:00.535 18485 18883 D OPENHU  : [80] Companion.decrypt | RECV: AUDIO Media Data type: 0 flags: 11 size: 8202 dataOffset: 2
09-15 13:45:00.580 18485 18883 D OPENHU  : [80] Companion.decrypt | RECV: AUDIO Media Data type: 0 flags: 11 size: 8202 dataOffset: 2
09-15 13:45:00.620 18485 18883 D OPENHU  : [80] Companion.decrypt | RECV: AUDIO Media Data type: 0 flags: 11 size: 8202 dataOffset: 2
09-15 13:45:00.627 18485 18883 D OPENHU  : [80] Companion.decrypt | RECV: CONTROL Ping Request type: 11 flags: 11 size: 12 dataOffset: 2
09-15 13:45:00.628 18485 18883 V OPENHU  : [80] AapTransport.send | CONTROL Ping Response type: 12 flags: 11 size: 14 dataOffset: 6
09-15 13:45:00.663 18485 18883 D OPENHU  : [80] Companion.decrypt | RECV: AUDIO Media Data type: 0 flags: 11 size: 8202 dataOffset: 2
09-15 13:45:00.706 18485 18883 D OPENHU  : [80] Companion.decrypt | RECV: AUDIO Media Data type: 0 flags: 11 size: 8202 dataOffset: 2
09-15 13:45:00.750 18485 18883 D OPENHU  : [80] Companion.decrypt | RECV: AUDIO Media Data type: 0 flags: 11 size: 8202 dataOffset: 2
09-15 13:45:00.791 18485 18883 D OPENHU  : [80] Companion.decrypt | RECV: AUDIO Media Data type: 0 flags: 11 size: 8202 dataOffset: 2
09-15 13:45:00.832 18485 18883 D OPENHU  : [80] Companion.decrypt | RECV: AUDIO Media Data type: 0 flags: 11 size: 8202 dataOffset: 2
09-15 13:45:00.882 18485 18883 D OPENHU  : [80] Companion.decrypt | RECV: AUDIO Media Data type: 0 flags: 11 size: 8202 dataOffset: 2
09-15 13:45:00.920 18485 18883 D OPENHU  : [80] Companion.decrypt | RECV: AUDIO Media Data type: 0 flags: 11 size: 8202 dataOffset: 2
09-15 13:45:00.962 18485 18883 D OPENHU  : [80] Companion.decrypt | RECV: AUDIO Media Data type: 0 flags: 11 size: 8202 dataOffset: 2
09-15 13:45:01.004 18485 18883 D OPENHU  : [80] Companion.decrypt | RECV: AUDIO Media Data type: 0 flags: 11 size: 8202 dataOffset: 2
09-15 13:45:01.021 18485 18485 V OPENHU  : [2] GpsLocation.onLocationChanged | GpsLocation: fix received
09-15 13:45:01.029 18485 18485 V OPENHU  : [2] AapTransport.send | SENSOR Sensor Event type: 32771 flags: 11 size: 46 dataOffset: 6
09-15 13:45:01.046 18485 18883 D OPENHU  : [80] Companion.decrypt | RECV: AUDIO Media Data type: 0 flags: 11 size: 8202 dataOffset: 2
09-15 13:45:01.071 18485 18883 D OPENHU  : [80] Companion.decrypt | RECV: MUSIC_PLAYBACK Media Playback Status type: 32769 flags: 11 size: 18 dataOffset: 2
09-15 13:45:01.072 18485 18883 D OPENHU  : [80] AapMediaPlayback.processStatusPacket | AapMediaPlayback: status mediaSource='VLC', playbackSeconds(u32)=149, state=PLAYING
09-15 13:45:01.089 18485 18883 D OPENHU  : [80] Companion.decrypt | RECV: AUDIO Media Data type: 0 flags: 11 size: 8202 dataOffset: 2
09-15 13:45:01.135 18485 18883 D OPENHU  : [80] Companion.decrypt | RECV: AUDIO Media Data type: 0 flags: 11 size: 8202 dataOffset: 2
09-15 13:45:01.177 18485 18881 I OPENHU  : [78] VideoDecoder.logFeedPacing | Feed queue full - pacing the transport thread instead of shedding frames (+4 more since the last line)
09-15 13:45:01.179 18485 18883 D OPENHU  : [80] Companion.decrypt | RECV: AUDIO Media Data type: 0 flags: 11 size: 8202 dataOffset: 2
09-15 13:45:01.217 18485 18883 D OPENHU  : [80] Companion.decrypt | RECV: AUDIO Media Data type: 0 flags: 11 size: 8202 dataOffset: 2
09-15 13:45:01.264 18485 18883 D OPENHU  : [80] Companion.decrypt | RECV: AUDIO Media Data type: 0 flags: 11 size: 8202 dataOffset: 2
09-15 13:45:01.304 18485 18883 D OPENHU  : [80] Companion.decrypt | RECV: AUDIO Media Data type: 0 flags: 11 size: 8202 dataOffset: 2
09-15 13:45:01.346 18485 18883 D OPENHU  : [80] Companion.decrypt | RECV: AUDIO Media Data type: 0 flags: 11 size: 8202 dataOffset: 2
09-15 13:45:01.391 18485 18883 D OPENHU  : [80] Companion.decrypt | RECV: AUDIO Media Data type: 0 flags: 11 size: 8202 dataOffset: 2
09-15 13:45:01.434 18485 18883 D OPENHU  : [80] Companion.decrypt | RECV: AUDIO Media Data type: 0 flags: 11 size: 8202 dataOffset: 2
09-15 13:45:01.475 18485 18883 D OPENHU  : [80] Companion.decrypt | RECV: AUDIO Media Data type: 0 flags: 11 size: 8202 dataOffset: 2
09-15 13:45:01.482 18485 18907 I OPENHU  : [89] VideoDecoder.logThroughput | Throughput over 5010ms: rendered=25 (4fps), fed=24 (4fps), dropped=0, skipped=0, concealed=0, inputWait=7ms, enqueueWait=4883ms, codec=c2.unisoc.avc.decoder, presented=25 (4fps), decodeLatency=unreadable (25 frames)
09-15 13:45:01.518 18485 18883 D OPENHU  : [80] Companion.decrypt | RECV: AUDIO Media Data type: 0 flags: 11 size: 8202 dataOffset: 2
09-15 13:45:01.565 18485 18883 D OPENHU  : [80] Companion.decrypt | RECV: AUDIO Media Data type: 0 flags: 11 size: 8202 dataOffset: 2
09-15 13:45:01.603 18485 18883 D OPENHU  : [80] Companion.decrypt | RECV: AUDIO Media Data type: 0 flags: 11 size: 8202 dataOffset: 2
09-15 13:45:01.630 18485 18883 D OPENHU  : [80] Companion.decrypt | RECV: CONTROL Ping Request type: 11 flags: 11 size: 12 dataOffset: 2
09-15 13:45:01.631 18485 18883 V OPENHU  : [80] AapTransport.send | CONTROL Ping Response type: 12 flags: 11 size: 14 dataOffset: 6
09-15 13:45:01.645 18485 18883 D OPENHU  : [80] Companion.decrypt | RECV: AUDIO Media Data type: 0 flags: 11 size: 8202 dataOffset: 2
09-15 13:45:01.687 18485 18883 D OPENHU  : [80] Companion.decrypt | RECV: AUDIO Media Data type: 0 flags: 11 size: 8202 dataOffset: 2
09-15 13:45:01.731 18485 18883 D OPENHU  : [80] Companion.decrypt | RECV: AUDIO Media Data type: 0 flags: 11 size: 8202 dataOffset: 2
09-15 13:45:01.773 18485 18883 D OPENHU  : [80] Companion.decrypt | RECV: AUDIO Media Data type: 0 flags: 11 size: 8202 dataOffset: 2
09-15 13:45:01.820 18485 18883 D OPENHU  : [80] Companion.decrypt | RECV: AUDIO Media Data type: 0 flags: 11 size: 8202 dataOffset: 2
09-15 13:45:01.860 18485 18883 D OPENHU  : [80] Companion.decrypt | RECV: AUDIO Media Data type: 0 flags: 11 size: 8202 dataOffset: 2
09-15 13:45:01.901 18485 18883 D OPENHU  : [80] Companion.decrypt | RECV: AUDIO Media Data type: 0 flags: 11 size: 8202 dataOffset: 2
09-15 13:45:01.943 18485 18883 D OPENHU  : [80] Companion.decrypt | RECV: AUDIO Media Data type: 0 flags: 11 size: 8202 dataOffset: 2
09-15 13:45:01.986 18485 18883 D OPENHU  : [80] Companion.decrypt | RECV: AUDIO Media Data type: 0 flags: 11 size: 8202 dataOffset: 2
09-15 13:45:01.997 18485 18485 V OPENHU  : [2] GpsLocation.onLocationChanged | GpsLocation: fix received
09-15 13:45:02.003 18485 18485 V OPENHU  : [2] AapTransport.send | SENSOR Sensor Event type: 32771 flags: 11 size: 46 dataOffset: 6
09-15 13:45:02.030 18485 18883 D OPENHU  : [80] Companion.decrypt | RECV: AUDIO Media Data type: 0 flags: 11 size: 8202 dataOffset: 2
09-15 13:45:02.045 18485 18485 I OPENHU  : [2] TextureProjectionView.onSurfaceTextureUpdated | TextureProjectionView: displayed 25 frames in 5158ms (4fps), longFrames=0
09-15 13:45:02.071 18485 18883 D OPENHU  : [80] Companion.decrypt | RECV: AUDIO Media Data type: 0 flags: 11 size: 8202 dataOffset: 2
09-15 13:45:02.074 18485 18883 D OPENHU  : [80] Companion.decrypt | RECV: MUSIC_PLAYBACK Media Playback Status type: 32769 flags: 11 size: 18 dataOffset: 2
09-15 13:45:02.075 18485 18883 D OPENHU  : [80] AapMediaPlayback.processStatusPacket | AapMediaPlayback: status mediaSource='VLC', playbackSeconds(u32)=150, state=PLAYING
09-15 13:45:02.114 18485 18883 D OPENHU  : [80] Companion.decrypt | RECV: AUDIO Media Data type: 0 flags: 11 size: 8202 dataOffset: 2
09-15 13:45:02.157 18485 18883 D OPENHU  : [80] Companion.decrypt | RECV: AUDIO Media Data type: 0 flags: 11 size: 8202 dataOffset: 2
09-15 13:45:02.201 18485 18883 D OPENHU  : [80] Companion.decrypt | RECV: AUDIO Media Data type: 0 flags: 11 size: 8202 dataOffset: 2
09-15 13:45:02.227 18485 18881 I OPENHU  : [78] VideoDecoder.logFeedPacing | Feed queue full - pacing the transport thread instead of shedding frames (+4 more since the last line)
09-15 13:45:02.242 18485 18883 D OPENHU  : [80] Companion.decrypt | RECV: AUDIO Media Data type: 0 flags: 11 size: 8202 dataOffset: 2
09-15 13:45:02.284 18485 18883 D OPENHU  : [80] Companion.decrypt | RECV: AUDIO Media Data type: 0 flags: 11 size: 8202 dataOffset: 2
09-15 13:45:02.328 18485 18883 D OPENHU  : [80] Companion.decrypt | RECV: AUDIO Media Data type: 0 flags: 11 size: 8202 dataOffset: 2
09-15 13:45:02.369 18485 18883 D OPENHU  : [80] Companion.decrypt | RECV: AUDIO Media Data type: 0 flags: 11 size: 8202 dataOffset: 2
09-15 13:45:02.416 18485 18883 D OPENHU  : [80] Companion.decrypt | RECV: AUDIO Media Data type: 0 flags: 11 size: 8202 dataOffset: 2
09-15 13:45:02.457 18485 18883 D OPENHU  : [80] Companion.decrypt | RECV: AUDIO Media Data type: 0 flags: 11 size: 8202 dataOffset: 2
09-15 13:45:02.498 18485 18883 D OPENHU  : [80] Companion.decrypt | RECV: AUDIO Media Data type: 0 flags: 11 size: 8202 dataOffset: 2
09-15 13:45:02.542 18485 18883 D OPENHU  : [80] Companion.decrypt | RECV: AUDIO Media Data type: 0 flags: 11 size: 8202 dataOffset: 2
09-15 13:45:02.583 18485 18883 D OPENHU  : [80] Companion.decrypt | RECV: AUDIO Media Data type: 0 flags: 11 size: 8202 dataOffset: 2
09-15 13:45:02.625 18485 18883 D OPENHU  : [80] Companion.decrypt | RECV: AUDIO Media Data type: 0 flags: 11 size: 8202 dataOffset: 2
09-15 13:45:02.633 18485 18883 D OPENHU  : [80] Companion.decrypt | RECV: CONTROL Ping Request type: 11 flags: 11 size: 12 dataOffset: 2
09-15 13:45:02.634 18485 18883 V OPENHU  : [80] AapTransport.send | CONTROL Ping Response type: 12 flags: 11 size: 14 dataOffset: 6
09-15 13:45:02.668 18485 18883 D OPENHU  : [80] Companion.decrypt | RECV: AUDIO Media Data type: 0 flags: 11 size: 8202 dataOffset: 2
09-15 13:45:02.712 18485 18883 D OPENHU  : [80] Companion.decrypt | RECV: AUDIO Media Data type: 0 flags: 11 size: 8202 dataOffset: 2
09-15 13:45:02.755 18485 18883 D OPENHU  : [80] Companion.decrypt | RECV: AUDIO Media Data type: 0 flags: 11 size: 8202 dataOffset: 2
09-15 13:45:02.797 18485 18883 D OPENHU  : [80] Companion.decrypt | RECV: AUDIO Media Data type: 0 flags: 11 size: 8202 dataOffset: 2
09-15 13:45:02.841 18485 18883 D OPENHU  : [80] Companion.decrypt | RECV: AUDIO Media Data type: 0 flags: 11 size: 8202 dataOffset: 2
09-15 13:45:02.882 18485 18883 D OPENHU  : [80] Companion.decrypt | RECV: AUDIO Media Data type: 0 flags: 11 size: 8202 dataOffset: 2
09-15 13:45:02.924 18485 18883 D OPENHU  : [80] Companion.decrypt | RECV: AUDIO Media Data type: 0 flags: 11 size: 8202 dataOffset: 2
09-15 13:45:02.970 18485 18883 D OPENHU  : [80] Companion.decrypt | RECV: AUDIO Media Data type: 0 flags: 11 size: 8202 dataOffset: 2
09-15 13:45:03.009 18485 18883 D OPENHU  : [80] Companion.decrypt | RECV: AUDIO Media Data type: 0 flags: 11 size: 8202 dataOffset: 2
09-15 13:45:03.019 18485 18485 V OPENHU  : [2] GpsLocation.onLocationChanged | GpsLocation: fix received
09-15 13:45:03.026 18485 18485 V OPENHU  : [2] AapTransport.send | SENSOR Sensor Event type: 32771 flags: 11 size: 46 dataOffset: 6
09-15 13:45:03.055 18485 18883 D OPENHU  : [80] Companion.decrypt | RECV: AUDIO Media Data type: 0 flags: 11 size: 8202 dataOffset: 2
09-15 13:45:03.071 18485 18883 D OPENHU  : [80] Companion.decrypt | RECV: MUSIC_PLAYBACK Media Playback Status type: 32769 flags: 11 size: 18 dataOffset: 2
09-15 13:45:03.072 18485 18883 D OPENHU  : [80] AapMediaPlayback.processStatusPacket | AapMediaPlayback: status mediaSource='VLC', playbackSeconds(u32)=151, state=PLAYING
09-15 13:45:03.097 18485 18883 D OPENHU  : [80] Companion.decrypt | RECV: AUDIO Media Data type: 0 flags: 11 size: 8202 dataOffset: 2
09-15 13:45:03.137 18485 18883 D OPENHU  : [80] Companion.decrypt | RECV: AUDIO Media Data type: 0 flags: 11 size: 8202 dataOffset: 2
09-15 13:45:03.181 18485 18883 D OPENHU  : [80] Companion.decrypt | RECV: AUDIO Media Data type: 0 flags: 11 size: 8202 dataOffset: 2
09-15 13:45:03.223 18485 18883 D OPENHU  : [80] Companion.decrypt | RECV: AUDIO Media Data type: 0 flags: 11 size: 8202 dataOffset: 2
09-15 13:45:03.250 18485 18881 I OPENHU  : [78] VideoDecoder.logFeedPacing | Feed queue full - pacing the transport thread instead of shedding frames (+4 more since the last line)
09-15 13:45:03.267 18485 18883 D OPENHU  : [80] Companion.decrypt | RECV: AUDIO Media Data type: 0 flags: 11 size: 8202 dataOffset: 2
09-15 13:45:03.310 18485 18883 D OPENHU  : [80] Companion.decrypt | RECV: AUDIO Media Data type: 0 flags: 11 size: 8202 dataOffset: 2
09-15 13:45:03.351 18485 18883 D OPENHU  : [80] Companion.decrypt | RECV: AUDIO Media Data type: 0 flags: 11 size: 8202 dataOffset: 2
09-15 13:45:03.394 18485 18883 D OPENHU  : [80] Companion.decrypt | RECV: AUDIO Media Data type: 0 flags: 11 size: 8202 dataOffset: 2
09-15 13:45:03.436 18485 18883 D OPENHU  : [80] Companion.decrypt | RECV: AUDIO Media Data type: 0 flags: 11 size: 8202 dataOffset: 2
09-15 13:45:03.480 18485 18883 D OPENHU  : [80] Companion.decrypt | RECV: AUDIO Media Data type: 0 flags: 11 size: 8202 dataOffset: 2
09-15 13:45:03.521 18485 18883 D OPENHU  : [80] Companion.decrypt | RECV: AUDIO Media Data type: 0 flags: 11 size: 8202 dataOffset: 2
09-15 13:45:03.568 18485 18883 D OPENHU  : [80] Companion.decrypt | RECV: AUDIO Media Data type: 0 flags: 11 size: 8202 dataOffset: 2
09-15 13:45:03.608 18485 18883 D OPENHU  : [80] Companion.decrypt | RECV: AUDIO Media Data type: 0 flags: 11 size: 8202 dataOffset: 2
09-15 13:45:03.639 18485 18883 D OPENHU  : [80] Companion.decrypt | RECV: CONTROL Ping Request type: 11 flags: 11 size: 12 dataOffset: 2
09-15 13:45:03.640 18485 18883 V OPENHU  : [80] AapTransport.send | CONTROL Ping Response type: 12 flags: 11 size: 14 dataOffset: 6
09-15 13:45:03.650 18485 18883 D OPENHU  : [80] Companion.decrypt | RECV: AUDIO Media Data type: 0 flags: 11 size: 8202 dataOffset: 2
09-15 13:45:03.693 18485 18883 D OPENHU  : [80] Companion.decrypt | RECV: AUDIO Media Data type: 0 flags: 11 size: 8202 dataOffset: 2
09-15 13:45:03.736 18485 18883 D OPENHU  : [80] Companion.decrypt | RECV: AUDIO Media Data type: 0 flags: 11 size: 8202 dataOffset: 2
09-15 13:45:03.778 18485 18883 D OPENHU  : [80] Companion.decrypt | RECV: AUDIO Media Data type: 0 flags: 11 size: 8202 dataOffset: 2
09-15 13:45:03.822 18485 18883 D OPENHU  : [80] Companion.decrypt | RECV: AUDIO Media Data type: 0 flags: 11 size: 8202 dataOffset: 2
09-15 13:45:03.864 18485 18883 D OPENHU  : [80] Companion.decrypt | RECV: AUDIO Media Data type: 0 flags: 11 size: 8202 dataOffset: 2
09-15 13:45:03.909 18485 18883 D OPENHU  : [80] Companion.decrypt | RECV: AUDIO Media Data type: 0 flags: 11 size: 8202 dataOffset: 2
09-15 13:45:03.951 18485 18883 D OPENHU  : [80] Companion.decrypt | RECV: AUDIO Media Data type: 0 flags: 11 size: 8202 dataOffset: 2
09-15 13:45:03.990 18485 18883 D OPENHU  : [80] Companion.decrypt | RECV: AUDIO Media Data type: 0 flags: 11 size: 8202 dataOffset: 2
09-15 13:45:03.996 18485 18485 V OPENHU  : [2] GpsLocation.onLocationChanged | GpsLocation: fix received
09-15 13:45:04.004 18485 18485 V OPENHU  : [2] AapTransport.send | SENSOR Sensor Event type: 32771 flags: 11 size: 46 dataOffset: 6
09-15 13:45:04.033 18485 18883 D OPENHU  : [80] Companion.decrypt | RECV: AUDIO Media Data type: 0 flags: 11 size: 8202 dataOffset: 2
09-15 13:45:04.072 18485 18883 D OPENHU  : [80] Companion.decrypt | RECV: MUSIC_PLAYBACK Media Playback Status type: 32769 flags: 11 size: 18 dataOffset: 2
09-15 13:45:04.073 18485 18883 D OPENHU  : [80] AapMediaPlayback.processStatusPacket | AapMediaPlayback: status mediaSource='VLC', playbackSeconds(u32)=152, state=PLAYING
09-15 13:45:04.077 18485 18883 D OPENHU  : [80] Companion.decrypt | RECV: AUDIO Media Data type: 0 flags: 11 size: 8202 dataOffset: 2
09-15 13:45:04.119 18485 18883 D OPENHU  : [80] Companion.decrypt | RECV: AUDIO Media Data type: 0 flags: 11 size: 8202 dataOffset: 2
09-15 13:45:04.163 18485 18883 D OPENHU  : [80] Companion.decrypt | RECV: AUDIO Media Data type: 0 flags: 11 size: 8202 dataOffset: 2
09-15 13:45:04.206 18485 18883 D OPENHU  : [80] Companion.decrypt | RECV: AUDIO Media Data type: 0 flags: 11 size: 8202 dataOffset: 2
09-15 13:45:04.247 18485 18883 D OPENHU  : [80] Companion.decrypt | RECV: AUDIO Media Data type: 0 flags: 11 size: 8202 dataOffset: 2
09-15 13:45:04.280 18485 18881 I OPENHU  : [78] VideoDecoder.logFeedPacing | Feed queue full - pacing the transport thread instead of shedding frames (+4 more since the last line)
09-15 13:45:04.290 18485 18883 D OPENHU  : [80] Companion.decrypt | RECV: AUDIO Media Data type: 0 flags: 11 size: 8202 dataOffset: 2
09-15 13:45:04.335 18485 18883 D OPENHU  : [80] Companion.decrypt | RECV: AUDIO Media Data type: 0 flags: 11 size: 8202 dataOffset: 2
09-15 13:45:04.376 18485 18883 D OPENHU  : [80] Companion.decrypt | RECV: AUDIO Media Data type: 0 flags: 11 size: 8202 dataOffset: 2
09-15 13:45:04.421 18485 18883 D OPENHU  : [80] Companion.decrypt | RECV: AUDIO Media Data type: 0 flags: 11 size: 8202 dataOffset: 2
09-15 13:45:04.464 18485 18883 D OPENHU  : [80] Companion.decrypt | RECV: AUDIO Media Data type: 0 flags: 11 size: 8202 dataOffset: 2
09-15 13:45:04.508 18485 18883 D OPENHU  : [80] Companion.decrypt | RECV: AUDIO Media Data type: 0 flags: 11 size: 8202 dataOffset: 2
09-15 13:45:04.547 18485 18883 D OPENHU  : [80] Companion.decrypt | RECV: AUDIO Media Data type: 0 flags: 11 size: 8202 dataOffset: 2
09-15 13:45:04.590 18485 18883 D OPENHU  : [80] Companion.decrypt | RECV: AUDIO Media Data type: 0 flags: 11 size: 8202 dataOffset: 2
09-15 13:45:04.632 18485 18883 D OPENHU  : [80] Companion.decrypt | RECV: CONTROL Ping Request type: 11 flags: 11 size: 12 dataOffset: 2
09-15 13:45:04.633 18485 18883 V OPENHU  : [80] AapTransport.send | CONTROL Ping Response type: 12 flags: 11 size: 14 dataOffset: 6
09-15 13:45:04.635 18485 18883 D OPENHU  : [80] Companion.decrypt | RECV: AUDIO Media Data type: 0 flags: 11 size: 8202 dataOffset: 2
09-15 13:45:04.675 18485 18883 D OPENHU  : [80] Companion.decrypt | RECV: AUDIO Media Data type: 0 flags: 11 size: 8202 dataOffset: 2
09-15 13:45:04.717 18485 18883 D OPENHU  : [80] Companion.decrypt | RECV: AUDIO Media Data type: 0 flags: 11 size: 8202 dataOffset: 2
09-15 13:45:04.760 18485 18883 D OPENHU  : [80] Companion.decrypt | RECV: AUDIO Media Data type: 0 flags: 11 size: 8202 dataOffset: 2
09-15 13:45:04.803 18485 18883 D OPENHU  : [80] Companion.decrypt | RECV: AUDIO Media Data type: 0 flags: 11 size: 8202 dataOffset: 2
09-15 13:45:04.845 18485 18883 D OPENHU  : [80] Companion.decrypt | RECV: AUDIO Media Data type: 0 flags: 11 size: 8202 dataOffset: 2
09-15 13:45:04.889 18485 18883 D OPENHU  : [80] Companion.decrypt | RECV: AUDIO Media Data type: 0 flags: 11 size: 8202 dataOffset: 2
09-15 13:45:04.933 18485 18883 D OPENHU  : [80] Companion.decrypt | RECV: AUDIO Media Data type: 0 flags: 11 size: 8202 dataOffset: 2
09-15 13:45:04.976 18485 18883 D OPENHU  : [80] Companion.decrypt | RECV: AUDIO Media Data type: 0 flags: 11 size: 8202 dataOffset: 2
09-15 13:45:05.017 18485 18485 V OPENHU  : [2] GpsLocation.onLocationChanged | GpsLocation: fix received
09-15 13:45:05.020 18485 18883 D OPENHU  : [80] Companion.decrypt | RECV: AUDIO Media Data type: 0 flags: 11 size: 8202 dataOffset: 2
09-15 13:45:05.028 18485 18485 V OPENHU  : [2] AapTransport.send | SENSOR Sensor Event type: 32771 flags: 11 size: 46 dataOffset: 6
09-15 13:45:05.059 18485 18883 D OPENHU  : [80] Companion.decrypt | RECV: AUDIO Media Data type: 0 flags: 11 size: 8202 dataOffset: 2
09-15 13:45:05.074 18485 18883 D OPENHU  : [80] Companion.decrypt | RECV: MUSIC_PLAYBACK Media Playback Status type: 32769 flags: 11 size: 18 dataOffset: 2
09-15 13:45:05.076 18485 18883 D OPENHU  : [80] AapMediaPlayback.processStatusPacket | AapMediaPlayback: status mediaSource='VLC', playbackSeconds(u32)=153, state=PLAYING
09-15 13:45:05.107 18485 18883 D OPENHU  : [80] Companion.decrypt | RECV: AUDIO Media Data type: 0 flags: 11 size: 8202 dataOffset: 2
09-15 13:45:05.144 18485 18883 D OPENHU  : [80] Companion.decrypt | RECV: AUDIO Media Data type: 0 flags: 11 size: 8202 dataOffset: 2
09-15 13:45:05.187 18485 18883 D OPENHU  : [80] Companion.decrypt | RECV: AUDIO Media Data type: 0 flags: 11 size: 8202 dataOffset: 2
09-15 13:45:05.229 18485 18883 D OPENHU  : [80] Companion.decrypt | RECV: AUDIO Media Data type: 0 flags: 11 size: 8202 dataOffset: 2
09-15 13:45:05.272 18485 18883 D OPENHU  : [80] Companion.decrypt | RECV: AUDIO Media Data type: 0 flags: 11 size: 8202 dataOffset: 2
09-15 13:45:05.307 18485 18881 I OPENHU  : [78] VideoDecoder.logFeedPacing | Feed queue full - pacing the transport thread instead of shedding frames (+4 more since the last line)
09-15 13:45:05.315 18485 18883 D OPENHU  : [80] Companion.decrypt | RECV: AUDIO Media Data type: 0 flags: 11 size: 8202 dataOffset: 2
09-15 13:45:05.360 18485 18883 D OPENHU  : [80] Companion.decrypt | RECV: AUDIO Media Data type: 0 flags: 11 size: 8202 dataOffset: 2
09-15 13:45:05.402 18485 18883 D OPENHU  : [80] Companion.decrypt | RECV: AUDIO Media Data type: 0 flags: 11 size: 8202 dataOffset: 2
09-15 13:45:05.447 18485 18883 D OPENHU  : [80] Companion.decrypt | RECV: AUDIO Media Data type: 0 flags: 11 size: 8202 dataOffset: 2
09-15 13:45:05.488 18485 18883 D OPENHU  : [80] Companion.decrypt | RECV: AUDIO Media Data type: 0 flags: 11 size: 8202 dataOffset: 2
09-15 13:45:05.530 18485 18883 D OPENHU  : [80] Companion.decrypt | RECV: AUDIO Media Data type: 0 flags: 11 size: 8202 dataOffset: 2
09-15 13:45:05.573 18485 18883 D OPENHU  : [80] Companion.decrypt | RECV: AUDIO Media Data type: 0 flags: 11 size: 8202 dataOffset: 2
09-15 13:45:05.617 18485 18883 D OPENHU  : [80] Companion.decrypt | RECV: AUDIO Media Data type: 0 flags: 11 size: 8202 dataOffset: 2
09-15 13:45:05.634 18485 18883 D OPENHU  : [80] Companion.decrypt | RECV: CONTROL Ping Request type: 11 flags: 11 size: 12 dataOffset: 2
09-15 13:45:05.635 18485 18883 V OPENHU  : [80] AapTransport.send | CONTROL Ping Response type: 12 flags: 11 size: 14 dataOffset: 6
09-15 13:45:05.655 18485 18883 D OPENHU  : [80] Companion.decrypt | RECV: AUDIO Media Data type: 0 flags: 11 size: 8202 dataOffset: 2
09-15 13:45:05.700 18485 18883 D OPENHU  : [80] Companion.decrypt | RECV: AUDIO Media Data type: 0 flags: 11 size: 8202 dataOffset: 2
09-15 13:45:05.741 18485 18883 D OPENHU  : [80] Companion.decrypt | RECV: AUDIO Media Data type: 0 flags: 11 size: 8202 dataOffset: 2
09-15 13:45:05.783 18485 18883 D OPENHU  : [80] Companion.decrypt | RECV: AUDIO Media Data type: 0 flags: 11 size: 8202 dataOffset: 2
09-15 13:45:05.827 18485 18883 D OPENHU  : [80] Companion.decrypt | RECV: AUDIO Media Data type: 0 flags: 11 size: 8202 dataOffset: 2
09-15 13:45:05.869 18485 18883 D OPENHU  : [80] Companion.decrypt | RECV: AUDIO Media Data type: 0 flags: 11 size: 8202 dataOffset: 2
09-15 13:45:05.913 18485 18883 D OPENHU  : [80] Companion.decrypt | RECV: AUDIO Media Data type: 0 flags: 11 size: 8202 dataOffset: 2
09-15 13:45:05.957 18485 18883 D OPENHU  : [80] Companion.decrypt | RECV: AUDIO Media Data type: 0 flags: 11 size: 8202 dataOffset: 2
09-15 13:45:05.994 18485 18485 V OPENHU  : [2] GpsLocation.onLocationChanged | GpsLocation: fix received
09-15 13:45:06.000 18485 18883 D OPENHU  : [80] Companion.decrypt | RECV: AUDIO Media Data type: 0 flags: 11 size: 8202 dataOffset: 2
09-15 13:45:06.002 18485 18485 V OPENHU  : [2] AapTransport.send | SENSOR Sensor Event type: 32771 flags: 11 size: 46 dataOffset: 6
09-15 13:45:06.042 18485 18883 D OPENHU  : [80] Companion.decrypt | RECV: AUDIO Media Data type: 0 flags: 11 size: 8202 dataOffset: 2
09-15 13:45:06.073 18485 18883 D OPENHU  : [80] Companion.decrypt | RECV: MUSIC_PLAYBACK Media Playback Status type: 32769 flags: 11 size: 18 dataOffset: 2
09-15 13:45:06.075 18485 18883 D OPENHU  : [80] AapMediaPlayback.processStatusPacket | AapMediaPlayback: status mediaSource='VLC', playbackSeconds(u32)=154, state=PLAYING
09-15 13:45:06.084 18485 18883 D OPENHU  : [80] Companion.decrypt | RECV: AUDIO Media Data type: 0 flags: 11 size: 8202 dataOffset: 2
09-15 13:45:06.125 18485 18883 D OPENHU  : [80] Companion.decrypt | RECV: AUDIO Media Data type: 0 flags: 11 size: 8202 dataOffset: 2
09-15 13:45:06.167 18485 18883 D OPENHU  : [80] Companion.decrypt | RECV: AUDIO Media Data type: 0 flags: 11 size: 8202 dataOffset: 2
09-15 13:45:06.211 18485 18883 D OPENHU  : [80] Companion.decrypt | RECV: AUDIO Media Data type: 0 flags: 11 size: 8202 dataOffset: 2
09-15 13:45:06.253 18485 18883 D OPENHU  : [80] Companion.decrypt | RECV: AUDIO Media Data type: 0 flags: 11 size: 8202 dataOffset: 2
09-15 13:45:06.296 18485 18883 D OPENHU  : [80] Companion.decrypt | RECV: AUDIO Media Data type: 0 flags: 11 size: 8202 dataOffset: 2
09-15 13:45:06.326 18485 18881 I OPENHU  : [78] VideoDecoder.logFeedPacing | Feed queue full - pacing the transport thread instead of shedding frames (+4 more since the last line)
09-15 13:45:06.338 18485 18883 D OPENHU  : [80] Companion.decrypt | RECV: AUDIO Media Data type: 0 flags: 11 size: 8202 dataOffset: 2
09-15 13:45:06.382 18485 18883 D OPENHU  : [80] Companion.decrypt | RECV: AUDIO Media Data type: 0 flags: 11 size: 8202 dataOffset: 2
09-15 13:45:06.425 18485 18883 D OPENHU  : [80] Companion.decrypt | RECV: AUDIO Media Data type: 0 flags: 11 size: 8202 dataOffset: 2
09-15 13:45:06.467 18485 18883 D OPENHU  : [80] Companion.decrypt | RECV: AUDIO Media Data type: 0 flags: 11 size: 8202 dataOffset: 2
09-15 13:45:06.485 18485 18907 I OPENHU  : [89] VideoDecoder.logThroughput | Throughput over 5002ms: rendered=24 (4fps), fed=24 (4fps), dropped=0, skipped=0, concealed=0, inputWait=10ms, enqueueWait=4913ms, codec=c2.unisoc.avc.decoder, presented=24 (4fps), decodeLatency=unreadable (24 frames)
09-15 13:45:06.510 18485 18883 D OPENHU  : [80] Companion.decrypt | RECV: AUDIO Media Data type: 0 flags: 11 size: 8202 dataOffset: 2
09-15 13:45:06.552 18485 18883 D OPENHU  : [80] Companion.decrypt | RECV: AUDIO Media Data type: 0 flags: 11 size: 8202 dataOffset: 2
09-15 13:45:06.597 18485 18883 D OPENHU  : [80] Companion.decrypt | RECV: AUDIO Media Data type: 0 flags: 11 size: 8202 dataOffset: 2
09-15 13:45:06.634 18485 18883 D OPENHU  : [80] Companion.decrypt | RECV: CONTROL Ping Request type: 11 flags: 11 size: 12 dataOffset: 2
09-15 13:45:06.635 18485 18883 V OPENHU  : [80] AapTransport.send | CONTROL Ping Response type: 12 flags: 11 size: 14 dataOffset: 6
09-15 13:45:06.637 18485 18883 D OPENHU  : [80] Companion.decrypt | RECV: AUDIO Media Data type: 0 flags: 11 size: 8202 dataOffset: 2
09-15 13:45:06.680 18485 18883 D OPENHU  : [80] Companion.decrypt | RECV: AUDIO Media Data type: 0 flags: 11 size: 8202 dataOffset: 2
09-15 13:45:06.722 18485 18883 D OPENHU  : [80] Companion.decrypt | RECV: AUDIO Media Data type: 0 flags: 11 size: 8202 dataOffset: 2
09-15 13:45:06.767 18485 18883 D OPENHU  : [80] Companion.decrypt | RECV: AUDIO Media Data type: 0 flags: 11 size: 8202 dataOffset: 2
09-15 13:45:06.808 18485 18883 D OPENHU  : [80] Companion.decrypt | RECV: AUDIO Media Data type: 0 flags: 11 size: 8202 dataOffset: 2
09-15 13:45:06.851 18485 18883 D OPENHU  : [80] Companion.decrypt | RECV: AUDIO Media Data type: 0 flags: 11 size: 8202 dataOffset: 2
09-15 13:45:06.894 18485 18883 D OPENHU  : [80] Companion.decrypt | RECV: AUDIO Media Data type: 0 flags: 11 size: 8202 dataOffset: 2
09-15 13:45:06.940 18485 18883 D OPENHU  : [80] Companion.decrypt | RECV: AUDIO Media Data type: 0 flags: 11 size: 8202 dataOffset: 2
09-15 13:45:06.981 18485 18883 D OPENHU  : [80] Companion.decrypt | RECV: AUDIO Media Data type: 0 flags: 11 size: 8202 dataOffset: 2
09-15 13:45:07.020 18485 18485 V OPENHU  : [2] GpsLocation.onLocationChanged | GpsLocation: fix received
09-15 13:45:07.021 18485 18883 D OPENHU  : [80] Companion.decrypt | RECV: AUDIO Media Data type: 0 flags: 11 size: 8202 dataOffset: 2
09-15 13:45:07.028 18485 18485 V OPENHU  : [2] AapTransport.send | SENSOR Sensor Event type: 32771 flags: 11 size: 46 dataOffset: 6
09-15 13:45:07.063 18485 18883 D OPENHU  : [80] Companion.decrypt | RECV: AUDIO Media Data type: 0 flags: 11 size: 8202 dataOffset: 2
09-15 13:45:07.072 18485 18883 D OPENHU  : [80] Companion.decrypt | RECV: MUSIC_PLAYBACK Media Playback Status type: 32769 flags: 11 size: 18 dataOffset: 2
09-15 13:45:07.073 18485 18883 D OPENHU  : [80] AapMediaPlayback.processStatusPacket | AapMediaPlayback: status mediaSource='VLC', playbackSeconds(u32)=155, state=PLAYING
09-15 13:45:07.106 18485 18883 D OPENHU  : [80] Companion.decrypt | RECV: AUDIO Media Data type: 0 flags: 11 size: 8202 dataOffset: 2
09-15 13:45:07.149 18485 18883 D OPENHU  : [80] Companion.decrypt | RECV: AUDIO Media Data type: 0 flags: 11 size: 8202 dataOffset: 2
09-15 13:45:07.168 18485 18485 I OPENHU  : [2] TextureProjectionView.onSurfaceTextureUpdated | TextureProjectionView: displayed 25 frames in 5123ms (4fps), longFrames=0
09-15 13:45:07.191 18485 18883 D OPENHU  : [80] Companion.decrypt | RECV: AUDIO Media Data type: 0 flags: 11 size: 8202 dataOffset: 2
09-15 13:45:07.237 18485 18883 D OPENHU  : [80] Companion.decrypt | RECV: AUDIO Media Data type: 0 flags: 11 size: 8202 dataOffset: 2
09-15 13:45:07.276 18485 18883 D OPENHU  : [80] Companion.decrypt | RECV: AUDIO Media Data type: 0 flags: 11 size: 8202 dataOffset: 2
09-15 13:45:07.319 18485 18883 D OPENHU  : [80] Companion.decrypt | RECV: AUDIO Media Data type: 0 flags: 11 size: 8202 dataOffset: 2
09-15 13:45:07.346 18485 18881 I OPENHU  : [78] VideoDecoder.logFeedPacing | Feed queue full - pacing the transport thread instead of shedding frames (+4 more since the last line)
09-15 13:45:07.363 18485 18883 D OPENHU  : [80] Companion.decrypt | RECV: AUDIO Media Data type: 0 flags: 11 size: 8202 dataOffset: 2
09-15 13:45:07.405 18485 18883 D OPENHU  : [80] Companion.decrypt | RECV: AUDIO Media Data type: 0 flags: 11 size: 8202 dataOffset: 2
09-15 13:45:07.448 18485 18883 D OPENHU  : [80] Companion.decrypt | RECV: AUDIO Media Data type: 0 flags: 11 size: 8202 dataOffset: 2
09-15 13:45:07.489 18485 18883 D OPENHU  : [80] Companion.decrypt | RECV: AUDIO Media Data type: 0 flags: 11 size: 8202 dataOffset: 2
09-15 13:45:07.536 18485 18883 D OPENHU  : [80] Companion.decrypt | RECV: AUDIO Media Data type: 0 flags: 11 size: 8202 dataOffset: 2
09-15 13:45:07.575 18485 18883 D OPENHU  : [80] Companion.decrypt | RECV: AUDIO Media Data type: 0 flags: 11 size: 8202 dataOffset: 2
09-15 13:45:07.619 18485 18883 D OPENHU  : [80] Companion.decrypt | RECV: AUDIO Media Data type: 0 flags: 11 size: 8202 dataOffset: 2
09-15 13:45:07.634 18485 18883 D OPENHU  : [80] Companion.decrypt | RECV: CONTROL Ping Request type: 11 flags: 11 size: 12 dataOffset: 2
09-15 13:45:07.635 18485 18883 V OPENHU  : [80] AapTransport.send | CONTROL Ping Response type: 12 flags: 11 size: 14 dataOffset: 6
09-15 13:45:07.662 18485 18883 D OPENHU  : [80] Companion.decrypt | RECV: AUDIO Media Data type: 0 flags: 11 size: 8202 dataOffset: 2
09-15 13:45:07.704 18485 18883 D OPENHU  : [80] Companion.decrypt | RECV: AUDIO Media Data type: 0 flags: 11 size: 8202 dataOffset: 2
09-15 13:45:07.747 18485 18883 D OPENHU  : [80] Companion.decrypt | RECV: AUDIO Media Data type: 0 flags: 11 size: 8202 dataOffset: 2
09-15 13:45:07.788 18485 18883 D OPENHU  : [80] Companion.decrypt | RECV: AUDIO Media Data type: 0 flags: 11 size: 8202 dataOffset: 2
09-15 13:45:07.831 18485 18883 D OPENHU  : [80] Companion.decrypt | RECV: AUDIO Media Data type: 0 flags: 11 size: 8202 dataOffset: 2
09-15 13:45:07.876 18485 18883 D OPENHU  : [80] Companion.decrypt | RECV: AUDIO Media Data type: 0 flags: 11 size: 8202 dataOffset: 2
09-15 13:45:07.919 18485 18883 D OPENHU  : [80] Companion.decrypt | RECV: AUDIO Media Data type: 0 flags: 11 size: 8202 dataOffset: 2
09-15 13:45:07.959 18485 18883 D OPENHU  : [80] Companion.decrypt | RECV: AUDIO Media Data type: 0 flags: 11 size: 8202 dataOffset: 2
09-15 13:45:07.997 18485 18485 V OPENHU  : [2] GpsLocation.onLocationChanged | GpsLocation: fix received
09-15 13:45:08.003 18485 18883 D OPENHU  : [80] Companion.decrypt | RECV: AUDIO Media Data type: 0 flags: 11 size: 8202 dataOffset: 2
09-15 13:45:08.003 18485 18485 V OPENHU  : [2] AapTransport.send | SENSOR Sensor Event type: 32771 flags: 11 size: 46 dataOffset: 6
09-15 13:45:08.044 18485 18883 D OPENHU  : [80] Companion.decrypt | RECV: AUDIO Media Data type: 0 flags: 11 size: 8202 dataOffset: 2
09-15 13:45:08.073 18485 18883 D OPENHU  : [80] Companion.decrypt | RECV: MUSIC_PLAYBACK Media Playback Status type: 32769 flags: 11 size: 18 dataOffset: 2
09-15 13:45:08.074 18485 18883 D OPENHU  : [80] AapMediaPlayback.processStatusPacket | AapMediaPlayback: status mediaSource='VLC', playbackSeconds(u32)=156, state=PLAYING
09-15 13:45:08.087 18485 18883 D OPENHU  : [80] Companion.decrypt | RECV: AUDIO Media Data type: 0 flags: 11 size: 8202 dataOffset: 2
09-15 13:45:08.131 18485 18883 D OPENHU  : [80] Companion.decrypt | RECV: AUDIO Media Data type: 0 flags: 11 size: 8202 dataOffset: 2
09-15 13:45:08.172 18485 18883 D OPENHU  : [80] Companion.decrypt | RECV: AUDIO Media Data type: 0 flags: 11 size: 8202 dataOffset: 2
09-15 13:45:08.216 18485 18883 D OPENHU  : [80] Companion.decrypt | RECV: AUDIO Media Data type: 0 flags: 11 size: 8202 dataOffset: 2
09-15 13:45:08.260 18485 18883 D OPENHU  : [80] Companion.decrypt | RECV: AUDIO Media Data type: 0 flags: 11 size: 8202 dataOffset: 2
09-15 13:45:08.301 18485 18883 D OPENHU  : [80] Companion.decrypt | RECV: AUDIO Media Data type: 0 flags: 11 size: 8202 dataOffset: 2
09-15 13:45:08.342 18485 18883 D OPENHU  : [80] Companion.decrypt | RECV: AUDIO Media Data type: 0 flags: 11 size: 8202 dataOffset: 2
09-15 13:45:08.368 18485 18881 I OPENHU  : [78] VideoDecoder.logFeedPacing | Feed queue full - pacing the transport thread instead of shedding frames (+4 more since the last line)
09-15 13:45:08.385 18485 18883 D OPENHU  : [80] Companion.decrypt | RECV: AUDIO Media Data type: 0 flags: 11 size: 8202 dataOffset: 2
09-15 13:45:08.427 18485 18883 D OPENHU  : [80] Companion.decrypt | RECV: AUDIO Media Data type: 0 flags: 11 size: 8202 dataOffset: 2
09-15 13:45:08.472 18485 18883 D OPENHU  : [80] Companion.decrypt | RECV: AUDIO Media Data type: 0 flags: 11 size: 8202 dataOffset: 2
09-15 13:45:08.515 18485 18883 D OPENHU  : [80] Companion.decrypt | RECV: AUDIO Media Data type: 0 flags: 11 size: 8202 dataOffset: 2
09-15 13:45:08.556 18485 18883 D OPENHU  : [80] Companion.decrypt | RECV: AUDIO Media Data type: 0 flags: 11 size: 8202 dataOffset: 2
09-15 13:45:08.600 18485 18883 D OPENHU  : [80] Companion.decrypt | RECV: AUDIO Media Data type: 0 flags: 11 size: 8202 dataOffset: 2
09-15 13:45:08.635 18485 18883 D OPENHU  : [80] Companion.decrypt | RECV: CONTROL Ping Request type: 11 flags: 11 size: 12 dataOffset: 2
09-15 13:45:08.635 18485 18883 V OPENHU  : [80] AapTransport.send | CONTROL Ping Response type: 12 flags: 11 size: 14 dataOffset: 6
09-15 13:45:08.641 18485 18883 D OPENHU  : [80] Companion.decrypt | RECV: AUDIO Media Data type: 0 flags: 11 size: 8202 dataOffset: 2
09-15 13:45:08.686 18485 18883 D OPENHU  : [80] Companion.decrypt | RECV: AUDIO Media Data type: 0 flags: 11 size: 8202 dataOffset: 2
09-15 13:45:08.727 18485 18883 D OPENHU  : [80] Companion.decrypt | RECV: AUDIO Media Data type: 0 flags: 11 size: 8202 dataOffset: 2
09-15 13:45:08.771 18485 18883 D OPENHU  : [80] Companion.decrypt | RECV: AUDIO Media Data type: 0 flags: 11 size: 8202 dataOffset: 2
09-15 13:45:08.812 18485 18883 D OPENHU  : [80] Companion.decrypt | RECV: AUDIO Media Data type: 0 flags: 11 size: 8202 dataOffset: 2
09-15 13:45:08.855 18485 18883 D OPENHU  : [80] Companion.decrypt | RECV: AUDIO Media Data type: 0 flags: 11 size: 8202 dataOffset: 2
09-15 13:45:08.897 18485 18883 D OPENHU  : [80] Companion.decrypt | RECV: AUDIO Media Data type: 0 flags: 11 size: 8202 dataOffset: 2
09-15 13:45:08.942 18485 18883 D OPENHU  : [80] Companion.decrypt | RECV: AUDIO Media Data type: 0 flags: 11 size: 8202 dataOffset: 2
09-15 13:45:08.985 18485 18883 D OPENHU  : [80] Companion.decrypt | RECV: AUDIO Media Data type: 0 flags: 11 size: 8202 dataOffset: 2
09-15 13:45:09.021 18485 18485 V OPENHU  : [2] GpsLocation.onLocationChanged | GpsLocation: fix received
09-15 13:45:09.026 18485 18883 D OPENHU  : [80] Companion.decrypt | RECV: AUDIO Media Data type: 0 flags: 11 size: 8202 dataOffset: 2
09-15 13:45:09.033 18485 18485 V OPENHU  : [2] AapTransport.send | SENSOR Sensor Event type: 32771 flags: 11 size: 46 dataOffset: 6
09-15 13:45:09.069 18485 18883 D OPENHU  : [80] Companion.decrypt | RECV: AUDIO Media Data type: 0 flags: 11 size: 8202 dataOffset: 2
09-15 13:45:09.072 18485 18883 D OPENHU  : [80] Companion.decrypt | RECV: MUSIC_PLAYBACK Media Playback Status type: 32769 flags: 11 size: 18 dataOffset: 2
09-15 13:45:09.073 18485 18883 D OPENHU  : [80] AapMediaPlayback.processStatusPacket | AapMediaPlayback: status mediaSource='VLC', playbackSeconds(u32)=157, state=PLAYING
09-15 13:45:09.112 18485 18883 D OPENHU  : [80] Companion.decrypt | RECV: AUDIO Media Data type: 0 flags: 11 size: 8202 dataOffset: 2
09-15 13:45:09.155 18485 18883 D OPENHU  : [80] Companion.decrypt | RECV: AUDIO Media Data type: 0 flags: 11 size: 8202 dataOffset: 2
09-15 13:45:09.197 18485 18883 D OPENHU  : [80] Companion.decrypt | RECV: AUDIO Media Data type: 0 flags: 11 size: 8202 dataOffset: 2
09-15 13:45:09.240 18485 18883 D OPENHU  : [80] Companion.decrypt | RECV: AUDIO Media Data type: 0 flags: 11 size: 8202 dataOffset: 2
09-15 13:45:09.283 18485 18883 D OPENHU  : [80] Companion.decrypt | RECV: AUDIO Media Data type: 0 flags: 11 size: 8202 dataOffset: 2
09-15 13:45:09.324 18485 18883 D OPENHU  : [80] Companion.decrypt | RECV: AUDIO Media Data type: 0 flags: 11 size: 8202 dataOffset: 2
09-15 13:45:09.369 18485 18883 D OPENHU  : [80] Companion.decrypt | RECV: AUDIO Media Data type: 0 flags: 11 size: 8202 dataOffset: 2
09-15 13:45:09.392 18485 18881 I OPENHU  : [78] VideoDecoder.logFeedPacing | Feed queue full - pacing the transport thread instead of shedding frames (+4 more since the last line)
09-15 13:45:09.409 18485 18883 D OPENHU  : [80] Companion.decrypt | RECV: AUDIO Media Data type: 0 flags: 11 size: 8202 dataOffset: 2
09-15 13:45:09.453 18485 18883 D OPENHU  : [80] Companion.decrypt | RECV: AUDIO Media Data type: 0 flags: 11 size: 8202 dataOffset: 2
09-15 13:45:09.495 18485 18883 D OPENHU  : [80] Companion.decrypt | RECV: AUDIO Media Data type: 0 flags: 11 size: 8202 dataOffset: 2
09-15 13:45:09.542 18485 18883 D OPENHU  : [80] Companion.decrypt | RECV: AUDIO Media Data type: 0 flags: 11 size: 8202 dataOffset: 2
09-15 13:45:09.584 18485 18883 D OPENHU  : [80] Companion.decrypt | RECV: AUDIO Media Data type: 0 flags: 11 size: 8202 dataOffset: 2
09-15 13:45:09.624 18485 18883 D OPENHU  : [80] Companion.decrypt | RECV: AUDIO Media Data type: 0 flags: 11 size: 8202 dataOffset: 2
09-15 13:45:09.636 18485 18883 D OPENHU  : [80] Companion.decrypt | RECV: CONTROL Ping Request type: 11 flags: 11 size: 12 dataOffset: 2
09-15 13:45:09.637 18485 18883 V OPENHU  : [80] AapTransport.send | CONTROL Ping Response type: 12 flags: 11 size: 14 dataOffset: 6
09-15 13:45:09.668 18485 18883 D OPENHU  : [80] Companion.decrypt | RECV: AUDIO Media Data type: 0 flags: 11 size: 8202 dataOffset: 2
09-15 13:45:09.709 18485 18883 D OPENHU  : [80] Companion.decrypt | RECV: AUDIO Media Data type: 0 flags: 11 size: 8202 dataOffset: 2
09-15 13:45:09.752 18485 18883 D OPENHU  : [80] Companion.decrypt | RECV: AUDIO Media Data type: 0 flags: 11 size: 8202 dataOffset: 2
09-15 13:45:09.794 18485 18883 D OPENHU  : [80] Companion.decrypt | RECV: AUDIO Media Data type: 0 flags: 11 size: 8202 dataOffset: 2
09-15 13:45:09.837 18485 18883 D OPENHU  : [80] Companion.decrypt | RECV: AUDIO Media Data type: 0 flags: 11 size: 8202 dataOffset: 2
09-15 13:45:09.879 18485 18883 D OPENHU  : [80] Companion.decrypt | RECV: AUDIO Media Data type: 0 flags: 11 size: 8202 dataOffset: 2
09-15 13:45:09.922 18485 18883 D OPENHU  : [80] Companion.decrypt | RECV: AUDIO Media Data type: 0 flags: 11 size: 8202 dataOffset: 2
09-15 13:45:09.968 18485 18883 D OPENHU  : [80] Companion.decrypt | RECV: AUDIO Media Data type: 0 flags: 11 size: 8202 dataOffset: 2
09-15 13:45:09.994 18485 18485 V OPENHU  : [2] GpsLocation.onLocationChanged | GpsLocation: fix received
09-15 13:45:10.001 18485 18485 V OPENHU  : [2] AapTransport.send | SENSOR Sensor Event type: 32771 flags: 11 size: 46 dataOffset: 6
09-15 13:45:10.008 18485 18883 D OPENHU  : [80] Companion.decrypt | RECV: AUDIO Media Data type: 0 flags: 11 size: 8202 dataOffset: 2
09-15 13:45:10.050 18485 18883 D OPENHU  : [80] Companion.decrypt | RECV: AUDIO Media Data type: 0 flags: 11 size: 8202 dataOffset: 2
09-15 13:45:10.074 18485 18883 D OPENHU  : [80] Companion.decrypt | RECV: MUSIC_PLAYBACK Media Playback Status type: 32769 flags: 11 size: 18 dataOffset: 2
09-15 13:45:10.075 18485 18883 D OPENHU  : [80] AapMediaPlayback.processStatusPacket | AapMediaPlayback: status mediaSource='VLC', playbackSeconds(u32)=158, state=PLAYING
09-15 13:45:10.094 18485 18883 D OPENHU  : [80] Companion.decrypt | RECV: AUDIO Media Data type: 0 flags: 11 size: 8202 dataOffset: 2
09-15 13:45:10.136 18485 18883 D OPENHU  : [80] Companion.decrypt | RECV: AUDIO Media Data type: 0 flags: 11 size: 8202 dataOffset: 2
09-15 13:45:10.178 18485 18883 D OPENHU  : [80] Companion.decrypt | RECV: AUDIO Media Data type: 0 flags: 11 size: 8202 dataOffset: 2
09-15 13:45:10.221 18485 18883 D OPENHU  : [80] Companion.decrypt | RECV: AUDIO Media Data type: 0 flags: 11 size: 8202 dataOffset: 2
09-15 13:45:10.263 18485 18883 D OPENHU  : [80] Companion.decrypt | RECV: AUDIO Media Data type: 0 flags: 11 size: 8202 dataOffset: 2
09-15 13:45:10.306 18485 18883 D OPENHU  : [80] Companion.decrypt | RECV: AUDIO Media Data type: 0 flags: 11 size: 8202 dataOffset: 2
09-15 13:45:10.349 18485 18883 D OPENHU  : [80] Companion.decrypt | RECV: AUDIO Media Data type: 0 flags: 11 size: 8202 dataOffset: 2
09-15 13:45:10.391 18485 18883 D OPENHU  : [80] Companion.decrypt | RECV: AUDIO Media Data type: 0 flags: 11 size: 8202 dataOffset: 2
09-15 13:45:10.411 18485 18881 I OPENHU  : [78] VideoDecoder.logFeedPacing | Feed queue full - pacing the transport thread instead of shedding frames (+4 more since the last line)
09-15 13:45:10.435 18485 18883 D OPENHU  : [80] Companion.decrypt | RECV: AUDIO Media Data type: 0 flags: 11 size: 8202 dataOffset: 2
09-15 13:45:10.480 18485 18883 D OPENHU  : [80] Companion.decrypt | RECV: AUDIO Media Data type: 0 flags: 11 size: 8202 dataOffset: 2
09-15 13:45:10.525 18485 18883 D OPENHU  : [80] Companion.decrypt | RECV: AUDIO Media Data type: 0 flags: 11 size: 8202 dataOffset: 2
09-15 13:45:10.562 18485 18883 D OPENHU  : [80] Companion.decrypt | RECV: AUDIO Media Data type: 0 flags: 11 size: 8202 dataOffset: 2
09-15 13:45:10.605 18485 18883 D OPENHU  : [80] Companion.decrypt | RECV: AUDIO Media Data type: 0 flags: 11 size: 8202 dataOffset: 2
09-15 13:45:10.637 18485 18883 D OPENHU  : [80] Companion.decrypt | RECV: CONTROL Ping Request type: 11 flags: 11 size: 12 dataOffset: 2
09-15 13:45:10.638 18485 18883 V OPENHU  : [80] AapTransport.send | CONTROL Ping Response type: 12 flags: 11 size: 14 dataOffset: 6
09-15 13:45:10.648 18485 18883 D OPENHU  : [80] Companion.decrypt | RECV: AUDIO Media Data type: 0 flags: 11 size: 8202 dataOffset: 2
09-15 13:45:10.690 18485 18883 D OPENHU  : [80] Companion.decrypt | RECV: AUDIO Media Data type: 0 flags: 11 size: 8202 dataOffset: 2
09-15 13:45:10.734 18485 18883 D OPENHU  : [80] Companion.decrypt | RECV: AUDIO Media Data type: 0 flags: 11 size: 8202 dataOffset: 2
09-15 13:45:10.778 18485 18883 D OPENHU  : [80] Companion.decrypt | RECV: AUDIO Media Data type: 0 flags: 11 size: 8202 dataOffset: 2
09-15 13:45:10.822 18485 18883 D OPENHU  : [80] Companion.decrypt | RECV: AUDIO Media Data type: 0 flags: 11 size: 8202 dataOffset: 2
09-15 13:45:10.863 18485 18883 D OPENHU  : [80] Companion.decrypt | RECV: AUDIO Media Data type: 0 flags: 11 size: 8202 dataOffset: 2
09-15 13:45:10.906 18485 18883 D OPENHU  : [80] Companion.decrypt | RECV: AUDIO Media Data type: 0 flags: 11 size: 8202 dataOffset: 2
09-15 13:45:10.949 18485 18883 D OPENHU  : [80] Companion.decrypt | RECV: AUDIO Media Data type: 0 flags: 11 size: 8202 dataOffset: 2
09-15 13:45:10.990 18485 18883 D OPENHU  : [80] Companion.decrypt | RECV: AUDIO Media Data type: 0 flags: 11 size: 8202 dataOffset: 2
09-15 13:45:11.020 18485 18485 V OPENHU  : [2] GpsLocation.onLocationChanged | GpsLocation: fix received
09-15 13:45:11.029 18485 18485 V OPENHU  : [2] AapTransport.send | SENSOR Sensor Event type: 32771 flags: 11 size: 46 dataOffset: 6
09-15 13:45:11.035 18485 18883 D OPENHU  : [80] Companion.decrypt | RECV: AUDIO Media Data type: 0 flags: 11 size: 8202 dataOffset: 2
09-15 13:45:11.076 18485 18883 D OPENHU  : [80] Companion.decrypt | RECV: AUDIO Media Data type: 0 flags: 11 size: 8202 dataOffset: 2
09-15 13:45:11.083 18485 18883 D OPENHU  : [80] Companion.decrypt | RECV: MUSIC_PLAYBACK Media Playback Status type: 32769 flags: 11 size: 18 dataOffset: 2
09-15 13:45:11.085 18485 18883 D OPENHU  : [80] AapMediaPlayback.processStatusPacket | AapMediaPlayback: status mediaSource='VLC', playbackSeconds(u32)=159, state=PLAYING
09-15 13:45:11.122 18485 18883 D OPENHU  : [80] Companion.decrypt | RECV: AUDIO Media Data type: 0 flags: 11 size: 8202 dataOffset: 2
09-15 13:45:11.160 18485 18883 D OPENHU  : [80] Companion.decrypt | RECV: AUDIO Media Data type: 0 flags: 11 size: 8202 dataOffset: 2
09-15 13:45:11.203 18485 18883 D OPENHU  : [80] Companion.decrypt | RECV: AUDIO Media Data type: 0 flags: 11 size: 8202 dataOffset: 2
09-15 13:45:11.245 18485 18883 D OPENHU  : [80] Companion.decrypt | RECV: AUDIO Media Data type: 0 flags: 11 size: 8202 dataOffset: 2
09-15 13:45:11.287 18485 18883 D OPENHU  : [80] Companion.decrypt | RECV: AUDIO Media Data type: 0 flags: 11 size: 8202 dataOffset: 2
09-15 13:45:11.331 18485 18883 D OPENHU  : [80] Companion.decrypt | RECV: AUDIO Media Data type: 0 flags: 11 size: 8202 dataOffset: 2
09-15 13:45:11.375 18485 18883 D OPENHU  : [80] Companion.decrypt | RECV: AUDIO Media Data type: 0 flags: 11 size: 8202 dataOffset: 2
09-15 13:45:11.419 18485 18883 D OPENHU  : [80] Companion.decrypt | RECV: AUDIO Media Data type: 0 flags: 11 size: 8202 dataOffset: 2
09-15 13:45:11.433 18485 18881 I OPENHU  : [78] VideoDecoder.logFeedPacing | Feed queue full - pacing the transport thread instead of shedding frames (+4 more since the last line)
09-15 13:45:11.461 18485 18883 D OPENHU  : [80] Companion.decrypt | RECV: AUDIO Media Data type: 0 flags: 11 size: 8202 dataOffset: 2
09-15 13:45:11.484 18485 18907 I OPENHU  : [89] VideoDecoder.logThroughput | Throughput over 5000ms: rendered=25 (5fps), fed=25 (5fps), dropped=0, skipped=0, concealed=0, inputWait=13ms, enqueueWait=5081ms, codec=c2.unisoc.avc.decoder, presented=25 (5fps), decodeLatency=unreadable (25 frames)
09-15 13:45:11.502 18485 18883 D OPENHU  : [80] Companion.decrypt | RECV: AUDIO Media Data type: 0 flags: 11 size: 8202 dataOffset: 2
09-15 13:45:11.545 18485 18883 D OPENHU  : [80] Companion.decrypt | RECV: AUDIO Media Data type: 0 flags: 11 size: 8202 dataOffset: 2
09-15 13:45:11.589 18485 18883 D OPENHU  : [80] Companion.decrypt | RECV: AUDIO Media Data type: 0 flags: 11 size: 8202 dataOffset: 2
09-15 13:45:11.632 18485 18883 D OPENHU  : [80] Companion.decrypt | RECV: AUDIO Media Data type: 0 flags: 11 size: 8202 dataOffset: 2
09-15 13:45:11.640 18485 18883 D OPENHU  : [80] Companion.decrypt | RECV: CONTROL Ping Request type: 11 flags: 11 size: 12 dataOffset: 2
09-15 13:45:11.641 18485 18883 V OPENHU  : [80] AapTransport.send | CONTROL Ping Response type: 12 flags: 11 size: 14 dataOffset: 6
09-15 13:45:11.671 18485 18883 D OPENHU  : [80] Companion.decrypt | RECV: AUDIO Media Data type: 0 flags: 11 size: 8202 dataOffset: 2
09-15 13:45:11.715 18485 18883 D OPENHU  : [80] Companion.decrypt | RECV: AUDIO Media Data type: 0 flags: 11 size: 8202 dataOffset: 2
09-15 13:45:11.757 18485 18883 D OPENHU  : [80] Companion.decrypt | RECV: AUDIO Media Data type: 0 flags: 11 size: 8202 dataOffset: 2
09-15 13:45:11.800 18485 18883 D OPENHU  : [80] Companion.decrypt | RECV: AUDIO Media Data type: 0 flags: 11 size: 8202 dataOffset: 2
09-15 13:45:11.842 18485 18883 D OPENHU  : [80] Companion.decrypt | RECV: AUDIO Media Data type: 0 flags: 11 size: 8202 dataOffset: 2
09-15 13:45:11.884 18485 18883 D OPENHU  : [80] Companion.decrypt | RECV: AUDIO Media Data type: 0 flags: 11 size: 8202 dataOffset: 2
09-15 13:45:11.931 18485 18883 D OPENHU  : [80] Companion.decrypt | RECV: AUDIO Media Data type: 0 flags: 11 size: 8202 dataOffset: 2
09-15 13:45:11.973 18485 18883 D OPENHU  : [80] Companion.decrypt | RECV: AUDIO Media Data type: 0 flags: 11 size: 8202 dataOffset: 2
09-15 13:45:11.993 18485 18485 V OPENHU  : [2] GpsLocation.onLocationChanged | GpsLocation: fix received
09-15 13:45:12.002 18485 18485 V OPENHU  : [2] AapTransport.send | SENSOR Sensor Event type: 32771 flags: 11 size: 46 dataOffset: 6
09-15 13:45:12.016 18485 18883 D OPENHU  : [80] Companion.decrypt | RECV: AUDIO Media Data type: 0 flags: 11 size: 8202 dataOffset: 2
09-15 13:45:12.058 18485 18883 D OPENHU  : [80] Companion.decrypt | RECV: AUDIO Media Data type: 0 flags: 11 size: 8202 dataOffset: 2
09-15 13:45:12.075 18485 18883 D OPENHU  : [80] Companion.decrypt | RECV: MUSIC_PLAYBACK Media Playback Status type: 32769 flags: 11 size: 18 dataOffset: 2
09-15 13:45:12.077 18485 18883 D OPENHU  : [80] AapMediaPlayback.processStatusPacket | AapMediaPlayback: status mediaSource='VLC', playbackSeconds(u32)=160, state=PLAYING
09-15 13:45:12.101 18485 18883 D OPENHU  : [80] Companion.decrypt | RECV: AUDIO Media Data type: 0 flags: 11 size: 8202 dataOffset: 2
09-15 13:45:12.143 18485 18883 D OPENHU  : [80] Companion.decrypt | RECV: AUDIO Media Data type: 0 flags: 11 size: 8202 dataOffset: 2
09-15 13:45:12.190 18485 18883 D OPENHU  : [80] Companion.decrypt | RECV: AUDIO Media Data type: 0 flags: 11 size: 8202 dataOffset: 2
09-15 13:45:12.226 18485 18883 D OPENHU  : [80] Companion.decrypt | RECV: AUDIO Media Data type: 0 flags: 11 size: 8202 dataOffset: 2
09-15 13:45:12.268 18485 18883 D OPENHU  : [80] Companion.decrypt | RECV: AUDIO Media Data type: 0 flags: 11 size: 8202 dataOffset: 2
09-15 13:45:12.272 18485 18485 I OPENHU  : [2] TextureProjectionView.onSurfaceTextureUpdated | TextureProjectionView: displayed 25 frames in 5104ms (4fps), longFrames=0
09-15 13:45:12.312 18485 18883 D OPENHU  : [80] Companion.decrypt | RECV: AUDIO Media Data type: 0 flags: 11 size: 8202 dataOffset: 2
09-15 13:45:12.355 18485 18883 D OPENHU  : [80] Companion.decrypt | RECV: AUDIO Media Data type: 0 flags: 11 size: 8202 dataOffset: 2
09-15 13:45:12.398 18485 18883 D OPENHU  : [80] Companion.decrypt | RECV: AUDIO Media Data type: 0 flags: 11 size: 8202 dataOffset: 2
09-15 13:45:12.440 18485 18883 D OPENHU  : [80] Companion.decrypt | RECV: AUDIO Media Data type: 0 flags: 11 size: 8202 dataOffset: 2
09-15 13:45:12.454 18485 18881 I OPENHU  : [78] VideoDecoder.logFeedPacing | Feed queue full - pacing the transport thread instead of shedding frames (+4 more since the last line)
09-15 13:45:12.482 18485 18883 D OPENHU  : [80] Companion.decrypt | RECV: AUDIO Media Data type: 0 flags: 11 size: 8202 dataOffset: 2
09-15 13:45:12.525 18485 18883 D OPENHU  : [80] Companion.decrypt | RECV: AUDIO Media Data type: 0 flags: 11 size: 8202 dataOffset: 2
09-15 13:45:12.569 18485 18883 D OPENHU  : [80] Companion.decrypt | RECV: AUDIO Media Data type: 0 flags: 11 size: 8202 dataOffset: 2
09-15 13:45:12.614 18485 18883 D OPENHU  : [80] Companion.decrypt | RECV: AUDIO Media Data type: 0 flags: 11 size: 8202 dataOffset: 2
09-15 13:45:12.638 18485 18883 D OPENHU  : [80] Companion.decrypt | RECV: CONTROL Ping Request type: 11 flags: 11 size: 12 dataOffset: 2
09-15 13:45:12.639 18485 18883 V OPENHU  : [80] AapTransport.send | CONTROL Ping Response type: 12 flags: 11 size: 14 dataOffset: 6
09-15 13:45:12.654 18485 18883 D OPENHU  : [80] Companion.decrypt | RECV: AUDIO Media Data type: 0 flags: 11 size: 8202 dataOffset: 2
09-15 13:45:12.699 18485 18883 D OPENHU  : [80] Companion.decrypt | RECV: AUDIO Media Data type: 0 flags: 11 size: 8202 dataOffset: 2
09-15 13:45:12.739 18485 18883 D OPENHU  : [80] Companion.decrypt | RECV: AUDIO Media Data type: 0 flags: 11 size: 8202 dataOffset: 2
09-15 13:45:12.783 18485 18883 D OPENHU  : [80] Companion.decrypt | RECV: AUDIO Media Data type: 0 flags: 11 size: 8202 dataOffset: 2
09-15 13:45:12.825 18485 18883 D OPENHU  : [80] Companion.decrypt | RECV: AUDIO Media Data type: 0 flags: 11 size: 8202 dataOffset: 2
09-15 13:45:12.866 18485 18883 D OPENHU  : [80] Companion.decrypt | RECV: AUDIO Media Data type: 0 flags: 11 size: 8202 dataOffset: 2
09-15 13:45:12.909 18485 18883 D OPENHU  : [80] Companion.decrypt | RECV: AUDIO Media Data type: 0 flags: 11 size: 8202 dataOffset: 2
09-15 13:45:12.951 18485 18883 D OPENHU  : [80] Companion.decrypt | RECV: AUDIO Media Data type: 0 flags: 11 size: 8202 dataOffset: 2
09-15 13:45:12.995 18485 18883 D OPENHU  : [80] Companion.decrypt | RECV: AUDIO Media Data type: 0 flags: 11 size: 8202 dataOffset: 2
09-15 13:45:13.025 18485 18485 V OPENHU  : [2] GpsLocation.onLocationChanged | GpsLocation: fix received
09-15 13:45:13.034 18485 18485 V OPENHU  : [2] AapTransport.send | SENSOR Sensor Event type: 32771 flags: 11 size: 46 dataOffset: 6
09-15 13:45:13.037 18485 18883 D OPENHU  : [80] Companion.decrypt | RECV: AUDIO Media Data type: 0 flags: 11 size: 8202 dataOffset: 2
09-15 13:45:13.073 18485 18883 D OPENHU  : [80] Companion.decrypt | RECV: MUSIC_PLAYBACK Media Playback Status type: 32769 flags: 11 size: 18 dataOffset: 2
09-15 13:45:13.074 18485 18883 D OPENHU  : [80] AapMediaPlayback.processStatusPacket | AapMediaPlayback: status mediaSource='VLC', playbackSeconds(u32)=161, state=PLAYING
09-15 13:45:13.079 18485 18883 D OPENHU  : [80] Companion.decrypt | RECV: AUDIO Media Data type: 0 flags: 11 size: 8202 dataOffset: 2
09-15 13:45:13.123 18485 18883 D OPENHU  : [80] Companion.decrypt | RECV: AUDIO Media Data type: 0 flags: 11 size: 8202 dataOffset: 2
09-15 13:45:13.164 18485 18883 D OPENHU  : [80] Companion.decrypt | RECV: AUDIO Media Data type: 0 flags: 11 size: 8202 dataOffset: 2
09-15 13:45:13.208 18485 18883 D OPENHU  : [80] Companion.decrypt | RECV: AUDIO Media Data type: 0 flags: 11 size: 8202 dataOffset: 2
09-15 13:45:13.251 18485 18883 D OPENHU  : [80] Companion.decrypt | RECV: AUDIO Media Data type: 0 flags: 11 size: 8202 dataOffset: 2
09-15 13:45:13.295 18485 18883 D OPENHU  : [80] Companion.decrypt | RECV: AUDIO Media Data type: 0 flags: 11 size: 8202 dataOffset: 2
09-15 13:45:13.337 18485 18883 D OPENHU  : [80] Companion.decrypt | RECV: AUDIO Media Data type: 0 flags: 11 size: 8202 dataOffset: 2
09-15 13:45:13.379 18485 18883 D OPENHU  : [80] Companion.decrypt | RECV: AUDIO Media Data type: 0 flags: 11 size: 8202 dataOffset: 2
09-15 13:45:13.422 18485 18883 D OPENHU  : [80] Companion.decrypt | RECV: AUDIO Media Data type: 0 flags: 11 size: 8202 dataOffset: 2
09-15 13:45:13.462 18485 18883 D OPENHU  : [80] Companion.decrypt | RECV: AUDIO Media Data type: 0 flags: 11 size: 8202 dataOffset: 2
09-15 13:45:13.473 18485 18881 I OPENHU  : [78] VideoDecoder.logFeedPacing | Feed queue full - pacing the transport thread instead of shedding frames (+4 more since the last line)
09-15 13:45:13.507 18485 18883 D OPENHU  : [80] Companion.decrypt | RECV: AUDIO Media Data type: 0 flags: 11 size: 8202 dataOffset: 2
09-15 13:45:13.550 18485 18883 D OPENHU  : [80] Companion.decrypt | RECV: AUDIO Media Data type: 0 flags: 11 size: 8202 dataOffset: 2
09-15 13:45:13.591 18485 18883 D OPENHU  : [80] Companion.decrypt | RECV: AUDIO Media Data type: 0 flags: 11 size: 8202 dataOffset: 2
09-15 13:45:13.636 18485 18883 D OPENHU  : [80] Companion.decrypt | RECV: AUDIO Media Data type: 0 flags: 11 size: 8202 dataOffset: 2
09-15 13:45:13.639 18485 18883 D OPENHU  : [80] Companion.decrypt | RECV: CONTROL Ping Request type: 11 flags: 11 size: 12 dataOffset: 2
09-15 13:45:13.640 18485 18883 V OPENHU  : [80] AapTransport.send | CONTROL Ping Response type: 12 flags: 11 size: 14 dataOffset: 6
09-15 13:45:13.676 18485 18883 D OPENHU  : [80] Companion.decrypt | RECV: AUDIO Media Data type: 0 flags: 11 size: 8202 dataOffset: 2
09-15 13:45:13.722 18485 18883 D OPENHU  : [80] Companion.decrypt | RECV: AUDIO Media Data type: 0 flags: 11 size: 8202 dataOffset: 2
09-15 13:45:13.762 18485 18883 D OPENHU  : [80] Companion.decrypt | RECV: AUDIO Media Data type: 0 flags: 11 size: 8202 dataOffset: 2
09-15 13:45:13.806 18485 18883 D OPENHU  : [80] Companion.decrypt | RECV: AUDIO Media Data type: 0 flags: 11 size: 8202 dataOffset: 2
09-15 13:45:13.848 18485 18883 D OPENHU  : [80] Companion.decrypt | RECV: AUDIO Media Data type: 0 flags: 11 size: 8202 dataOffset: 2
09-15 13:45:13.891 18485 18883 D OPENHU  : [80] Companion.decrypt | RECV: AUDIO Media Data type: 0 flags: 11 size: 8202 dataOffset: 2
09-15 13:45:13.934 18485 18883 D OPENHU  : [80] Companion.decrypt | RECV: AUDIO Media Data type: 0 flags: 11 size: 8202 dataOffset: 2
09-15 13:45:13.978 18485 18883 D OPENHU  : [80] Companion.decrypt | RECV: AUDIO Media Data type: 0 flags: 11 size: 8202 dataOffset: 2
09-15 13:45:13.995 18485 18485 V OPENHU  : [2] GpsLocation.onLocationChanged | GpsLocation: fix received
09-15 13:45:14.003 18485 18485 V OPENHU  : [2] AapTransport.send | SENSOR Sensor Event type: 32771 flags: 11 size: 46 dataOffset: 6
09-15 13:45:14.018 18485 18883 D OPENHU  : [80] Companion.decrypt | RECV: AUDIO Media Data type: 0 flags: 11 size: 8202 dataOffset: 2
09-15 13:45:14.061 18485 18883 D OPENHU  : [80] Companion.decrypt | RECV: AUDIO Media Data type: 0 flags: 11 size: 8202 dataOffset: 2
09-15 13:45:14.074 18485 18883 D OPENHU  : [80] Companion.decrypt | RECV: MUSIC_PLAYBACK Media Playback Status type: 32769 flags: 11 size: 18 dataOffset: 2
09-15 13:45:14.075 18485 18883 D OPENHU  : [80] AapMediaPlayback.processStatusPacket | AapMediaPlayback: status mediaSource='VLC', playbackSeconds(u32)=162, state=PLAYING
09-15 13:45:14.103 18485 18883 D OPENHU  : [80] Companion.decrypt | RECV: AUDIO Media Data type: 0 flags: 11 size: 8202 dataOffset: 2
09-15 13:45:14.146 18485 18883 D OPENHU  : [80] Companion.decrypt | RECV: AUDIO Media Data type: 0 flags: 11 size: 8202 dataOffset: 2
09-15 13:45:14.189 18485 18883 D OPENHU  : [80] Companion.decrypt | RECV: AUDIO Media Data type: 0 flags: 11 size: 8202 dataOffset: 2
09-15 13:45:14.229 18485 18883 D OPENHU  : [80] Companion.decrypt | RECV: AUDIO Media Data type: 0 flags: 11 size: 8202 dataOffset: 2
09-15 13:45:14.277 18485 18883 D OPENHU  : [80] Companion.decrypt | RECV: AUDIO Media Data type: 0 flags: 11 size: 8202 dataOffset: 2
09-15 13:45:14.318 18485 18883 D OPENHU  : [80] Companion.decrypt | RECV: AUDIO Media Data type: 0 flags: 11 size: 8202 dataOffset: 2
09-15 13:45:14.360 18485 18883 D OPENHU  : [80] Companion.decrypt | RECV: AUDIO Media Data type: 0 flags: 11 size: 8202 dataOffset: 2
09-15 13:45:14.401 18485 18883 D OPENHU  : [80] Companion.decrypt | RECV: AUDIO Media Data type: 0 flags: 11 size: 8202 dataOffset: 2
09-15 13:45:14.445 18485 18883 D OPENHU  : [80] Companion.decrypt | RECV: AUDIO Media Data type: 0 flags: 11 size: 8202 dataOffset: 2
09-15 13:45:14.487 18485 18883 D OPENHU  : [80] Companion.decrypt | RECV: AUDIO Media Data type: 0 flags: 11 size: 8202 dataOffset: 2
09-15 13:45:14.492 18485 18881 I OPENHU  : [78] VideoDecoder.logFeedPacing | Feed queue full - pacing the transport thread instead of shedding frames (+4 more since the last line)
09-15 13:45:14.529 18485 18883 D OPENHU  : [80] Companion.decrypt | RECV: AUDIO Media Data type: 0 flags: 11 size: 8202 dataOffset: 2
09-15 13:45:14.575 18485 18883 D OPENHU  : [80] Companion.decrypt | RECV: AUDIO Media Data type: 0 flags: 11 size: 8202 dataOffset: 2
09-15 13:45:14.621 18485 18883 D OPENHU  : [80] Companion.decrypt | RECV: AUDIO Media Data type: 0 flags: 11 size: 8202 dataOffset: 2
09-15 13:45:14.640 18485 18883 D OPENHU  : [80] Companion.decrypt | RECV: CONTROL Ping Request type: 11 flags: 11 size: 12 dataOffset: 2
09-15 13:45:14.641 18485 18883 V OPENHU  : [80] AapTransport.send | CONTROL Ping Response type: 12 flags: 11 size: 14 dataOffset: 6
09-15 13:45:14.657 18485 18883 D OPENHU  : [80] Companion.decrypt | RECV: AUDIO Media Data type: 0 flags: 11 size: 8202 dataOffset: 2
09-15 13:45:14.702 18485 18883 D OPENHU  : [80] Companion.decrypt | RECV: AUDIO Media Data type: 0 flags: 11 size: 8202 dataOffset: 2
09-15 13:45:14.743 18485 18883 D OPENHU  : [80] Companion.decrypt | RECV: AUDIO Media Data type: 0 flags: 11 size: 8202 dataOffset: 2
09-15 13:45:14.786 18485 18883 D OPENHU  : [80] Companion.decrypt | RECV: AUDIO Media Data type: 0 flags: 11 size: 8202 dataOffset: 2
09-15 13:45:14.828 18485 18883 D OPENHU  : [80] Companion.decrypt | RECV: AUDIO Media Data type: 0 flags: 11 size: 8202 dataOffset: 2
09-15 13:45:14.871 18485 18883 D OPENHU  : [80] Companion.decrypt | RECV: AUDIO Media Data type: 0 flags: 11 size: 8202 dataOffset: 2
09-15 13:45:14.914 18485 18883 D OPENHU  : [80] Companion.decrypt | RECV: AUDIO Media Data type: 0 flags: 11 size: 8202 dataOffset: 2
09-15 13:45:14.956 18485 18883 D OPENHU  : [80] Companion.decrypt | RECV: AUDIO Media Data type: 0 flags: 11 size: 8202 dataOffset: 2
09-15 13:45:15.000 18485 18883 D OPENHU  : [80] Companion.decrypt | RECV: AUDIO Media Data type: 0 flags: 11 size: 8202 dataOffset: 2
09-15 13:45:15.027 18485 18485 V OPENHU  : [2] GpsLocation.onLocationChanged | GpsLocation: fix received
09-15 13:45:15.035 18485 18485 V OPENHU  : [2] AapTransport.send | SENSOR Sensor Event type: 32771 flags: 11 size: 46 dataOffset: 6
09-15 13:45:15.041 18485 18883 D OPENHU  : [80] Companion.decrypt | RECV: AUDIO Media Data type: 0 flags: 11 size: 8202 dataOffset: 2
09-15 13:45:15.076 18485 18883 D OPENHU  : [80] Companion.decrypt | RECV: MUSIC_PLAYBACK Media Playback Status type: 32769 flags: 11 size: 18 dataOffset: 2
09-15 13:45:15.077 18485 18883 D OPENHU  : [80] AapMediaPlayback.processStatusPacket | AapMediaPlayback: status mediaSource='VLC', playbackSeconds(u32)=163, state=PLAYING
09-15 13:45:15.084 18485 18883 D OPENHU  : [80] Companion.decrypt | RECV: AUDIO Media Data type: 0 flags: 11 size: 8202 dataOffset: 2
09-15 13:45:15.128 18485 18883 D OPENHU  : [80] Companion.decrypt | RECV: AUDIO Media Data type: 0 flags: 11 size: 8202 dataOffset: 2
09-15 13:45:15.170 18485 18883 D OPENHU  : [80] Companion.decrypt | RECV: AUDIO Media Data type: 0 flags: 11 size: 8202 dataOffset: 2
09-15 13:45:15.213 18485 18883 D OPENHU  : [80] Companion.decrypt | RECV: AUDIO Media Data type: 0 flags: 11 size: 8202 dataOffset: 2
09-15 13:45:15.255 18485 18883 D OPENHU  : [80] Companion.decrypt | RECV: AUDIO Media Data type: 0 flags: 11 size: 8202 dataOffset: 2
09-15 13:45:15.298 18485 18883 D OPENHU  : [80] Companion.decrypt | RECV: AUDIO Media Data type: 0 flags: 11 size: 8202 dataOffset: 2
09-15 13:45:15.342 18485 18883 D OPENHU  : [80] Companion.decrypt | RECV: AUDIO Media Data type: 0 flags: 11 size: 8202 dataOffset: 2
09-15 13:45:15.343 18485 18883 I OPENHU  : [80] AapTransport.noteMessageReceived$com_andrerinas_headunitrevived_3_4_0_beta3_githubDebug | AapTransport: inbound rate over 30005ms: video=74kB/s (1125 msgs), audio=155kB/s (589 msgs), other=0kB/s (70 msgs)
09-15 13:45:15.384 18485 18883 D OPENHU  : [80] Companion.decrypt | RECV: AUDIO Media Data type: 0 flags: 11 size: 8202 dataOffset: 2
09-15 13:45:15.411 18485 18883 I OPENHU  : [80] AapMessageHandlerType.handle | AapTransport: transport dispatch over 30005ms: video=1536ms, audio=803ms, other=181ms, unread=8%, blocks=2, longest=82ms on VIDEO, videoQueue=918
09-15 13:45:15.426 18485 18883 D OPENHU  : [80] Companion.decrypt | RECV: AUDIO Media Data type: 0 flags: 11 size: 8202 dataOffset: 2
09-15 13:45:15.469 18485 18883 D OPENHU  : [80] Companion.decrypt | RECV: AUDIO Media Data type: 0 flags: 11 size: 8202 dataOffset: 2
09-15 13:45:15.509 18485 18881 I OPENHU  : [78] VideoDecoder.logFeedPacing | Feed queue full - pacing the transport thread instead of shedding frames (+4 more since the last line)
09-15 13:45:15.512 18485 18883 D OPENHU  : [80] Companion.decrypt | RECV: AUDIO Media Data type: 0 flags: 11 size: 8202 dataOffset: 2
09-15 13:45:15.554 18485 18883 D OPENHU  : [80] Companion.decrypt | RECV: AUDIO Media Data type: 0 flags: 11 size: 8202 dataOffset: 2
09-15 13:45:15.597 18485 18883 D OPENHU  : [80] Companion.decrypt | RECV: AUDIO Media Data type: 0 flags: 11 size: 8202 dataOffset: 2
09-15 13:45:15.639 18485 18883 D OPENHU  : [80] Companion.decrypt | RECV: AUDIO Media Data type: 0 flags: 11 size: 8202 dataOffset: 2
09-15 13:45:15.642 18485 18883 D OPENHU  : [80] Companion.decrypt | RECV: CONTROL Ping Request type: 11 flags: 11 size: 12 dataOffset: 2
09-15 13:45:15.643 18485 18883 V OPENHU  : [80] AapTransport.send | CONTROL Ping Response type: 12 flags: 11 size: 14 dataOffset: 6
09-15 13:45:15.684 18485 18883 D OPENHU  : [80] Companion.decrypt | RECV: AUDIO Media Data type: 0 flags: 11 size: 8202 dataOffset: 2
09-15 13:45:15.725 18485 18883 D OPENHU  : [80] Companion.decrypt | RECV: AUDIO Media Data type: 0 flags: 11 size: 8202 dataOffset: 2
09-15 13:45:15.768 18485 18883 D OPENHU  : [80] Companion.decrypt | RECV: AUDIO Media Data type: 0 flags: 11 size: 8202 dataOffset: 2
09-15 13:45:15.811 18485 18883 D OPENHU  : [80] Companion.decrypt | RECV: AUDIO Media Data type: 0 flags: 11 size: 8202 dataOffset: 2
09-15 13:45:15.856 18485 18883 D OPENHU  : [80] Companion.decrypt | RECV: AUDIO Media Data type: 0 flags: 11 size: 8202 dataOffset: 2
09-15 13:45:15.900 18485 18883 D OPENHU  : [80] Companion.decrypt | RECV: AUDIO Media Data type: 0 flags: 11 size: 8202 dataOffset: 2
09-15 13:45:15.937 18485 18883 D OPENHU  : [80] Companion.decrypt | RECV: AUDIO Media Data type: 0 flags: 11 size: 8202 dataOffset: 2
09-15 13:45:15.981 18485 18883 D OPENHU  : [80] Companion.decrypt | RECV: AUDIO Media Data type: 0 flags: 11 size: 8202 dataOffset: 2
09-15 13:45:15.997 18485 18485 V OPENHU  : [2] GpsLocation.onLocationChanged | GpsLocation: fix received
09-15 13:45:16.004 18485 18892 I OPENHU  : [81] AudioTrackWrapper.sampleHealth | audio sink AUDIO2 over 30080ms: underruns=0, silentCycles=0, rebanks=0, dropped=0, droppedFrames=0, shed=0, depth=0ms (min 0ms), queued=0, capacity=6400 frames (400ms), effective=6400 frames (400ms), target=1601 frames (100ms), drift=0ms
09-15 13:45:16.004 18485 18485 V OPENHU  : [2] AapTransport.send | SENSOR Sensor Event type: 32771 flags: 11 size: 46 dataOffset: 6
09-15 13:45:16.024 18485 18883 D OPENHU  : [80] Companion.decrypt | RECV: AUDIO Media Data type: 0 flags: 11 size: 8202 dataOffset: 2
09-15 13:45:16.035 18485 18894 I OPENHU  : [83] AudioTrackWrapper.sampleHealth | audio sink AUDIO1 over 30084ms: underruns=0, silentCycles=0, rebanks=0, dropped=0, droppedFrames=0, shed=0, depth=0ms (min 0ms), queued=0, capacity=6400 frames (400ms), effective=6400 frames (400ms), target=1601 frames (100ms), drift=0ms
09-15 13:45:16.067 18485 18883 D OPENHU  : [80] Companion.decrypt | RECV: AUDIO Media Data type: 0 flags: 11 size: 8202 dataOffset: 2
09-15 13:45:16.076 18485 18883 D OPENHU  : [80] Companion.decrypt | RECV: MUSIC_PLAYBACK Media Playback Status type: 32769 flags: 11 size: 18 dataOffset: 2
09-15 13:45:16.077 18485 18883 D OPENHU  : [80] AapMediaPlayback.processStatusPacket | AapMediaPlayback: status mediaSource='VLC', playbackSeconds(u32)=164, state=PLAYING
09-15 13:45:16.109 18485 18883 D OPENHU  : [80] Companion.decrypt | RECV: AUDIO Media Data type: 0 flags: 11 size: 8202 dataOffset: 2
09-15 13:45:16.111 18485 18896 I OPENHU  : [85] AudioTrackWrapper.sampleHealth | audio sink AUDIO over 30134ms: underruns=0, silentCycles=0, rebanks=0, dropped=0, droppedFrames=0, shed=0, depth=318ms (min 0ms), queued=7, capacity=30784 frames (641ms), effective=30784 frames (641ms), target=9600 frames (200ms), drift=0ms
09-15 13:45:16.153 18485 18883 D OPENHU  : [80] Companion.decrypt | RECV: AUDIO Media Data type: 0 flags: 11 size: 8202 dataOffset: 2
09-15 13:45:16.195 18485 18883 D OPENHU  : [80] Companion.decrypt | RECV: AUDIO Media Data type: 0 flags: 11 size: 8202 dataOffset: 2
09-15 13:45:16.237 18485 18883 D OPENHU  : [80] Companion.decrypt | RECV: AUDIO Media Data type: 0 flags: 11 size: 8202 dataOffset: 2
09-15 13:45:16.279 18485 18883 D OPENHU  : [80] Companion.decrypt | RECV: AUDIO Media Data type: 0 flags: 11 size: 8202 dataOffset: 2
09-15 13:45:16.322 18485 18883 D OPENHU  : [80] Companion.decrypt | RECV: AUDIO Media Data type: 0 flags: 11 size: 8202 dataOffset: 2
09-15 13:45:16.365 18485 18883 D OPENHU  : [80] Companion.decrypt | RECV: AUDIO Media Data type: 0 flags: 11 size: 8202 dataOffset: 2
09-15 13:45:16.408 18485 18883 D OPENHU  : [80] Companion.decrypt | RECV: AUDIO Media Data type: 0 flags: 11 size: 8202 dataOffset: 2
09-15 13:45:16.451 18485 18883 D OPENHU  : [80] Companion.decrypt | RECV: AUDIO Media Data type: 0 flags: 11 size: 8202 dataOffset: 2
09-15 13:45:16.488 18485 18907 I OPENHU  : [89] VideoDecoder.logThroughput | Throughput over 5003ms: rendered=24 (4fps), fed=24 (4fps), dropped=0, skipped=0, concealed=0, inputWait=7ms, enqueueWait=4863ms, codec=c2.unisoc.avc.decoder, presented=24 (4fps), decodeLatency=unreadable (24 frames)
09-15 13:45:16.495 18485 18883 D OPENHU  : [80] Companion.decrypt | RECV: AUDIO Media Data type: 0 flags: 11 size: 8202 dataOffset: 2
09-15 13:45:16.524 18485 18881 I OPENHU  : [78] VideoDecoder.logFeedPacing | Feed queue full - pacing the transport thread instead of shedding frames (+4 more since the last line)
09-15 13:45:16.537 18485 18883 D OPENHU  : [80] Companion.decrypt | RECV: AUDIO Media Data type: 0 flags: 11 size: 8202 dataOffset: 2
09-15 13:45:16.580 18485 18883 D OPENHU  : [80] Companion.decrypt | RECV: AUDIO Media Data type: 0 flags: 11 size: 8202 dataOffset: 2
09-15 13:45:16.623 18485 18883 D OPENHU  : [80] Companion.decrypt | RECV: AUDIO Media Data type: 0 flags: 11 size: 8202 dataOffset: 2
09-15 13:45:16.645 18485 18883 D OPENHU  : [80] Companion.decrypt | RECV: CONTROL Ping Request type: 11 flags: 11 size: 12 dataOffset: 2
09-15 13:45:16.647 18485 18883 V OPENHU  : [80] AapTransport.send | CONTROL Ping Response type: 12 flags: 11 size: 14 dataOffset: 6
09-15 13:45:16.664 18485 18883 D OPENHU  : [80] Companion.decrypt | RECV: AUDIO Media Data type: 0 flags: 11 size: 8202 dataOffset: 2
09-15 13:45:16.706 18485 18883 D OPENHU  : [80] Companion.decrypt | RECV: AUDIO Media Data type: 0 flags: 11 size: 8202 dataOffset: 2
09-15 13:45:16.749 18485 18883 D OPENHU  : [80] Companion.decrypt | RECV: AUDIO Media Data type: 0 flags: 11 size: 8202 dataOffset: 2
09-15 13:45:16.792 18485 18883 D OPENHU  : [80] Companion.decrypt | RECV: AUDIO Media Data type: 0 flags: 11 size: 8202 dataOffset: 2
09-15 13:45:16.834 18485 18883 D OPENHU  : [80] Companion.decrypt | RECV: AUDIO Media Data type: 0 flags: 11 size: 8202 dataOffset: 2
09-15 13:45:16.878 18485 18883 D OPENHU  : [80] Companion.decrypt | RECV: AUDIO Media Data type: 0 flags: 11 size: 8202 dataOffset: 2
09-15 13:45:16.919 18485 18883 D OPENHU  : [80] Companion.decrypt | RECV: AUDIO Media Data type: 0 flags: 11 size: 8202 dataOffset: 2
09-15 13:45:16.962 18485 18883 D OPENHU  : [80] Companion.decrypt | RECV: AUDIO Media Data type: 0 flags: 11 size: 8202 dataOffset: 2
09-15 13:45:17.007 18485 18883 D OPENHU  : [80] Companion.decrypt | RECV: AUDIO Media Data type: 0 flags: 11 size: 8202 dataOffset: 2
09-15 13:45:17.026 18485 18485 V OPENHU  : [2] GpsLocation.onLocationChanged | GpsLocation: fix received
09-15 13:45:17.034 18485 18485 V OPENHU  : [2] AapTransport.send | SENSOR Sensor Event type: 32771 flags: 11 size: 46 dataOffset: 6
09-15 13:45:17.049 18485 18883 D OPENHU  : [80] Companion.decrypt | RECV: AUDIO Media Data type: 0 flags: 11 size: 8202 dataOffset: 2
09-15 13:45:17.077 18485 18883 D OPENHU  : [80] Companion.decrypt | RECV: MUSIC_PLAYBACK Media Playback Status type: 32769 flags: 11 size: 18 dataOffset: 2
09-15 13:45:17.078 18485 18883 D OPENHU  : [80] AapMediaPlayback.processStatusPacket | AapMediaPlayback: status mediaSource='VLC', playbackSeconds(u32)=165, state=PLAYING
09-15 13:45:17.093 18485 18883 D OPENHU  : [80] Companion.decrypt | RECV: AUDIO Media Data type: 0 flags: 11 size: 8202 dataOffset: 2
09-15 13:45:17.142 18485 18883 D OPENHU  : [80] Companion.decrypt | RECV: AUDIO Media Data type: 0 flags: 11 size: 8202 dataOffset: 2
09-15 13:45:17.176 18485 18883 D OPENHU  : [80] Companion.decrypt | RECV: AUDIO Media Data type: 0 flags: 11 size: 8202 dataOffset: 2
09-15 13:45:17.218 18485 18883 D OPENHU  : [80] Companion.decrypt | RECV: AUDIO Media Data type: 0 flags: 11 size: 8202 dataOffset: 2
09-15 13:45:17.262 18485 18883 D OPENHU  : [80] Companion.decrypt | RECV: AUDIO Media Data type: 0 flags: 11 size: 8202 dataOffset: 2
09-15 13:45:17.304 18485 18883 D OPENHU  : [80] Companion.decrypt | RECV: AUDIO Media Data type: 0 flags: 11 size: 8202 dataOffset: 2
09-15 13:45:17.347 18485 18883 D OPENHU  : [80] Companion.decrypt | RECV: AUDIO Media Data type: 0 flags: 11 size: 8202 dataOffset: 2
09-15 13:45:17.361 18485 18485 I OPENHU  : [2] TextureProjectionView.onSurfaceTextureUpdated | TextureProjectionView: displayed 25 frames in 5089ms (4fps), longFrames=0
09-15 13:45:17.389 18485 18883 D OPENHU  : [80] Companion.decrypt | RECV: AUDIO Media Data type: 0 flags: 11 size: 8202 dataOffset: 2
09-15 13:45:17.433 18485 18883 D OPENHU  : [80] Companion.decrypt | RECV: AUDIO Media Data type: 0 flags: 11 size: 8202 dataOffset: 2
09-15 13:45:17.476 18485 18883 D OPENHU  : [80] Companion.decrypt | RECV: AUDIO Media Data type: 0 flags: 11 size: 8202 dataOffset: 2
09-15 13:45:17.519 18485 18883 D OPENHU  : [80] Companion.decrypt | RECV: AUDIO Media Data type: 0 flags: 11 size: 8202 dataOffset: 2
09-15 13:45:17.541 18485 18881 I OPENHU  : [78] VideoDecoder.logFeedPacing | Feed queue full - pacing the transport thread instead of shedding frames (+4 more since the last line)
09-15 13:45:17.562 18485 18883 D OPENHU  : [80] Companion.decrypt | RECV: AUDIO Media Data type: 0 flags: 11 size: 8202 dataOffset: 2
09-15 13:45:17.603 18485 18883 D OPENHU  : [80] Companion.decrypt | RECV: AUDIO Media Data type: 0 flags: 11 size: 8202 dataOffset: 2
09-15 13:45:17.645 18485 18883 D OPENHU  : [80] Companion.decrypt | RECV: CONTROL Ping Request type: 11 flags: 11 size: 12 dataOffset: 2
09-15 13:45:17.647 18485 18883 V OPENHU  : [80] AapTransport.send | CONTROL Ping Response type: 12 flags: 11 size: 14 dataOffset: 6
09-15 13:45:17.652 18485 18883 D OPENHU  : [80] Companion.decrypt | RECV: AUDIO Media Data type: 0 flags: 11 size: 8202 dataOffset: 2
09-15 13:45:17.686 18485 18883 D OPENHU  : [80] Companion.decrypt | RECV: AUDIO Media Data type: 0 flags: 11 size: 8202 dataOffset: 2
09-15 13:45:17.730 18485 18883 D OPENHU  : [80] Companion.decrypt | RECV: AUDIO Media Data type: 0 flags: 11 size: 8202 dataOffset: 2
09-15 13:45:17.773 18485 18883 D OPENHU  : [80] Companion.decrypt | RECV: AUDIO Media Data type: 0 flags: 11 size: 8202 dataOffset: 2
09-15 13:45:17.815 18485 18883 D OPENHU  : [80] Companion.decrypt | RECV: AUDIO Media Data type: 0 flags: 11 size: 8202 dataOffset: 2
09-15 13:45:17.858 18485 18883 D OPENHU  : [80] Companion.decrypt | RECV: AUDIO Media Data type: 0 flags: 11 size: 8202 dataOffset: 2
09-15 13:45:17.903 18485 18883 D OPENHU  : [80] Companion.decrypt | RECV: AUDIO Media Data type: 0 flags: 11 size: 8202 dataOffset: 2
09-15 13:45:17.946 18485 18883 D OPENHU  : [80] Companion.decrypt | RECV: AUDIO Media Data type: 0 flags: 11 size: 8202 dataOffset: 2
09-15 13:45:17.987 18485 18883 D OPENHU  : [80] Companion.decrypt | RECV: AUDIO Media Data type: 0 flags: 11 size: 8202 dataOffset: 2
09-15 13:45:17.997 18485 18485 V OPENHU  : [2] GpsLocation.onLocationChanged | GpsLocation: fix received
09-15 13:45:18.005 18485 18485 V OPENHU  : [2] AapTransport.send | SENSOR Sensor Event type: 32771 flags: 11 size: 46 dataOffset: 6
09-15 13:45:18.031 18485 18883 D OPENHU  : [80] Companion.decrypt | RECV: AUDIO Media Data type: 0 flags: 11 size: 8202 dataOffset: 2
09-15 13:45:18.074 18485 18883 D OPENHU  : [80] Companion.decrypt | RECV: AUDIO Media Data type: 0 flags: 11 size: 8202 dataOffset: 2
09-15 13:45:18.079 18485 18883 D OPENHU  : [80] Companion.decrypt | RECV: MUSIC_PLAYBACK Media Playback Status type: 32769 flags: 11 size: 18 dataOffset: 2
09-15 13:45:18.081 18485 18883 D OPENHU  : [80] AapMediaPlayback.processStatusPacket | AapMediaPlayback: status mediaSource='VLC', playbackSeconds(u32)=166, state=PLAYING
09-15 13:45:18.115 18485 18883 D OPENHU  : [80] Companion.decrypt | RECV: AUDIO Media Data type: 0 flags: 11 size: 8202 dataOffset: 2
09-15 13:45:18.157 18485 18883 D OPENHU  : [80] Companion.decrypt | RECV: AUDIO Media Data type: 0 flags: 11 size: 8202 dataOffset: 2
09-15 13:45:18.199 18485 18883 D OPENHU  : [80] Companion.decrypt | RECV: AUDIO Media Data type: 0 flags: 11 size: 8202 dataOffset: 2
09-15 13:45:18.242 18485 18883 D OPENHU  : [80] Companion.decrypt | RECV: AUDIO Media Data type: 0 flags: 11 size: 8202 dataOffset: 2
09-15 13:45:18.289 18485 18883 D OPENHU  : [80] Companion.decrypt | RECV: AUDIO Media Data type: 0 flags: 11 size: 8202 dataOffset: 2
09-15 13:45:18.327 18485 18883 D OPENHU  : [80] Companion.decrypt | RECV: AUDIO Media Data type: 0 flags: 11 size: 8202 dataOffset: 2
09-15 13:45:18.371 18485 18883 D OPENHU  : [80] Companion.decrypt | RECV: AUDIO Media Data type: 0 flags: 11 size: 8202 dataOffset: 2
09-15 13:45:18.413 18485 18883 D OPENHU  : [80] Companion.decrypt | RECV: AUDIO Media Data type: 0 flags: 11 size: 8202 dataOffset: 2
09-15 13:45:18.456 18485 18883 D OPENHU  : [80] Companion.decrypt | RECV: AUDIO Media Data type: 0 flags: 11 size: 8202 dataOffset: 2
09-15 13:45:18.498 18485 18883 D OPENHU  : [80] Companion.decrypt | RECV: AUDIO Media Data type: 0 flags: 11 size: 8202 dataOffset: 2
09-15 13:45:18.542 18485 18883 D OPENHU  : [80] Companion.decrypt | RECV: AUDIO Media Data type: 0 flags: 11 size: 8202 dataOffset: 2
09-15 13:45:18.555 18485 18881 I OPENHU  : [78] VideoDecoder.logFeedPacing | Feed queue full - pacing the transport thread instead of shedding frames (+4 more since the last line)
09-15 13:45:18.583 18485 18883 D OPENHU  : [80] Companion.decrypt | RECV: AUDIO Media Data type: 0 flags: 11 size: 8202 dataOffset: 2
09-15 13:45:18.625 18485 18883 D OPENHU  : [80] Companion.decrypt | RECV: AUDIO Media Data type: 0 flags: 11 size: 8202 dataOffset: 2
09-15 13:45:18.646 18485 18883 D OPENHU  : [80] Companion.decrypt | RECV: CONTROL Ping Request type: 11 flags: 11 size: 12 dataOffset: 2
09-15 13:45:18.647 18485 18883 V OPENHU  : [80] AapTransport.send | CONTROL Ping Response type: 12 flags: 11 size: 14 dataOffset: 6
09-15 13:45:18.668 18485 18883 D OPENHU  : [80] Companion.decrypt | RECV: AUDIO Media Data type: 0 flags: 11 size: 8202 dataOffset: 2
09-15 13:45:18.712 18485 18883 D OPENHU  : [80] Companion.decrypt | RECV: AUDIO Media Data type: 0 flags: 11 size: 8202 dataOffset: 2
09-15 13:45:18.754 18485 18883 D OPENHU  : [80] Companion.decrypt | RECV: AUDIO Media Data type: 0 flags: 11 size: 8202 dataOffset: 2
09-15 13:45:18.796 18485 18883 D OPENHU  : [80] Companion.decrypt | RECV: AUDIO Media Data type: 0 flags: 11 size: 8202 dataOffset: 2
09-15 13:45:18.840 18485 18883 D OPENHU  : [80] Companion.decrypt | RECV: AUDIO Media Data type: 0 flags: 11 size: 8202 dataOffset: 2
09-15 13:45:18.884 18485 18883 D OPENHU  : [80] Companion.decrypt | RECV: AUDIO Media Data type: 0 flags: 11 size: 8202 dataOffset: 2
09-15 13:45:18.924 18485 18883 D OPENHU  : [80] Companion.decrypt | RECV: AUDIO Media Data type: 0 flags: 11 size: 8202 dataOffset: 2
09-15 13:45:18.972 18485 18883 D OPENHU  : [80] Companion.decrypt | RECV: AUDIO Media Data type: 0 flags: 11 size: 8202 dataOffset: 2
09-15 13:45:19.013 18485 18883 D OPENHU  : [80] Companion.decrypt | RECV: AUDIO Media Data type: 0 flags: 11 size: 8202 dataOffset: 2
09-15 13:45:19.036 18485 18485 V OPENHU  : [2] GpsLocation.onLocationChanged | GpsLocation: fix received
09-15 13:45:19.043 18485 18485 V OPENHU  : [2] AapTransport.send | SENSOR Sensor Event type: 32771 flags: 11 size: 46 dataOffset: 6
09-15 13:45:19.057 18485 18883 D OPENHU  : [80] Companion.decrypt | RECV: AUDIO Media Data type: 0 flags: 11 size: 8202 dataOffset: 2
09-15 13:45:19.075 18485 18883 D OPENHU  : [80] Companion.decrypt | RECV: MUSIC_PLAYBACK Media Playback Status type: 32769 flags: 11 size: 18 dataOffset: 2
09-15 13:45:19.076 18485 18883 D OPENHU  : [80] AapMediaPlayback.processStatusPacket | AapMediaPlayback: status mediaSource='VLC', playbackSeconds(u32)=167, state=PLAYING
09-15 13:45:19.096 18485 18883 D OPENHU  : [80] Companion.decrypt | RECV: AUDIO Media Data type: 0 flags: 11 size: 8202 dataOffset: 2
09-15 13:45:19.139 18485 18883 D OPENHU  : [80] Companion.decrypt | RECV: AUDIO Media Data type: 0 flags: 11 size: 8202 dataOffset: 2
09-15 13:45:19.182 18485 18883 D OPENHU  : [80] Companion.decrypt | RECV: AUDIO Media Data type: 0 flags: 11 size: 8202 dataOffset: 2
09-15 13:45:19.226 18485 18883 D OPENHU  : [80] Companion.decrypt | RECV: AUDIO Media Data type: 0 flags: 11 size: 8202 dataOffset: 2
09-15 13:45:19.272 18485 18883 D OPENHU  : [80] Companion.decrypt | RECV: AUDIO Media Data type: 0 flags: 11 size: 8202 dataOffset: 2
09-15 13:45:19.308 18485 18883 D OPENHU  : [80] Companion.decrypt | RECV: AUDIO Media Data type: 0 flags: 11 size: 8202 dataOffset: 2
09-15 13:45:19.353 18485 18883 D OPENHU  : [80] Companion.decrypt | RECV: AUDIO Media Data type: 0 flags: 11 size: 8202 dataOffset: 2
09-15 13:45:19.397 18485 18883 D OPENHU  : [80] Companion.decrypt | RECV: AUDIO Media Data type: 0 flags: 11 size: 8202 dataOffset: 2
09-15 13:45:19.436 18485 18883 D OPENHU  : [80] Companion.decrypt | RECV: AUDIO Media Data type: 0 flags: 11 size: 8202 dataOffset: 2
09-15 13:45:19.481 18485 18883 D OPENHU  : [80] Companion.decrypt | RECV: AUDIO Media Data type: 0 flags: 11 size: 8202 dataOffset: 2
09-15 13:45:19.521 18485 18883 D OPENHU  : [80] Companion.decrypt | RECV: AUDIO Media Data type: 0 flags: 11 size: 8202 dataOffset: 2
09-15 13:45:19.564 18485 18883 D OPENHU  : [80] Companion.decrypt | RECV: AUDIO Media Data type: 0 flags: 11 size: 8202 dataOffset: 2
09-15 13:45:19.569 18485 18881 I OPENHU  : [78] VideoDecoder.logFeedPacing | Feed queue full - pacing the transport thread instead of shedding frames (+4 more since the last line)
09-15 13:45:19.607 18485 18883 D OPENHU  : [80] Companion.decrypt | RECV: AUDIO Media Data type: 0 flags: 11 size: 8202 dataOffset: 2
09-15 13:45:19.647 18485 18883 D OPENHU  : [80] Companion.decrypt | RECV: CONTROL Ping Request type: 11 flags: 11 size: 12 dataOffset: 2
09-15 13:45:19.648 18485 18883 V OPENHU  : [80] AapTransport.send | CONTROL Ping Response type: 12 flags: 11 size: 14 dataOffset: 6
09-15 13:45:19.651 18485 18883 D OPENHU  : [80] Companion.decrypt | RECV: AUDIO Media Data type: 0 flags: 11 size: 8202 dataOffset: 2
09-15 13:45:19.696 18485 18883 D OPENHU  : [80] Companion.decrypt | RECV: AUDIO Media Data type: 0 flags: 11 size: 8202 dataOffset: 2
09-15 13:45:19.737 18485 18883 D OPENHU  : [80] Companion.decrypt | RECV: AUDIO Media Data type: 0 flags: 11 size: 8202 dataOffset: 2
09-15 13:45:19.778 18485 18883 D OPENHU  : [80] Companion.decrypt | RECV: AUDIO Media Data type: 0 flags: 11 size: 8202 dataOffset: 2
09-15 13:45:19.821 18485 18883 D OPENHU  : [80] Companion.decrypt | RECV: AUDIO Media Data type: 0 flags: 11 size: 8202 dataOffset: 2
09-15 13:45:19.864 18485 18883 D OPENHU  : [80] Companion.decrypt | RECV: AUDIO Media Data type: 0 flags: 11 size: 8202 dataOffset: 2
09-15 13:45:19.905 18485 18883 D OPENHU  : [80] Companion.decrypt | RECV: AUDIO Media Data type: 0 flags: 11 size: 8202 dataOffset: 2
09-15 13:45:19.948 18485 18883 D OPENHU  : [80] Companion.decrypt | RECV: AUDIO Media Data type: 0 flags: 11 size: 8202 dataOffset: 2
09-15 13:45:19.992 18485 18883 D OPENHU  : [80] Companion.decrypt | RECV: AUDIO Media Data type: 0 flags: 11 size: 8202 dataOffset: 2
09-15 13:45:19.999 18485 18485 V OPENHU  : [2] GpsLocation.onLocationChanged | GpsLocation: fix received
09-15 13:45:20.007 18485 18485 V OPENHU  : [2] AapTransport.send | SENSOR Sensor Event type: 32771 flags: 11 size: 46 dataOffset: 6
09-15 13:45:20.035 18485 18883 D OPENHU  : [80] Companion.decrypt | RECV: AUDIO Media Data type: 0 flags: 11 size: 8202 dataOffset: 2
09-15 13:45:20.074 18485 18883 D OPENHU  : [80] Companion.decrypt | RECV: MUSIC_PLAYBACK Media Playback Status type: 32769 flags: 11 size: 18 dataOffset: 2
09-15 13:45:20.075 18485 18883 D OPENHU  : [80] AapMediaPlayback.processStatusPacket | AapMediaPlayback: status mediaSource='VLC', playbackSeconds(u32)=168, state=PLAYING
09-15 13:45:20.077 18485 18883 D OPENHU  : [80] Companion.decrypt | RECV: AUDIO Media Data type: 0 flags: 11 size: 8202 dataOffset: 2
09-15 13:45:20.121 18485 18883 D OPENHU  : [80] Companion.decrypt | RECV: AUDIO Media Data type: 0 flags: 11 size: 8202 dataOffset: 2
09-15 13:45:20.162 18485 18883 D OPENHU  : [80] Companion.decrypt | RECV: AUDIO Media Data type: 0 flags: 11 size: 8202 dataOffset: 2
09-15 13:45:20.205 18485 18883 D OPENHU  : [80] Companion.decrypt | RECV: AUDIO Media Data type: 0 flags: 11 size: 8202 dataOffset: 2
09-15 13:45:20.248 18485 18883 D OPENHU  : [80] Companion.decrypt | RECV: AUDIO Media Data type: 0 flags: 11 size: 8202 dataOffset: 2
09-15 13:45:20.291 18485 18883 D OPENHU  : [80] Companion.decrypt | RECV: AUDIO Media Data type: 0 flags: 11 size: 8202 dataOffset: 2
09-15 13:45:20.335 18485 18883 D OPENHU  : [80] Companion.decrypt | RECV: AUDIO Media Data type: 0 flags: 11 size: 8202 dataOffset: 2
09-15 13:45:20.380 18485 18883 D OPENHU  : [80] Companion.decrypt | RECV: AUDIO Media Data type: 0 flags: 11 size: 8202 dataOffset: 2
09-15 13:45:20.419 18485 18883 D OPENHU  : [80] Companion.decrypt | RECV: AUDIO Media Data type: 0 flags: 11 size: 8202 dataOffset: 2
09-15 13:45:20.460 18485 18883 D OPENHU  : [80] Companion.decrypt | RECV: AUDIO Media Data type: 0 flags: 11 size: 8202 dataOffset: 2
09-15 13:45:20.503 18485 18883 D OPENHU  : [80] Companion.decrypt | RECV: AUDIO Media Data type: 0 flags: 11 size: 8202 dataOffset: 2
09-15 13:45:20.546 18485 18883 D OPENHU  : [80] Companion.decrypt | RECV: AUDIO Media Data type: 0 flags: 11 size: 8202 dataOffset: 2
09-15 13:45:20.586 18485 18881 I OPENHU  : [78] VideoDecoder.logFeedPacing | Feed queue full - pacing the transport thread instead of shedding frames (+4 more since the last line)
09-15 13:45:20.588 18485 18883 D OPENHU  : [80] Companion.decrypt | RECV: AUDIO Media Data type: 0 flags: 11 size: 8202 dataOffset: 2
09-15 13:45:20.633 18485 18883 D OPENHU  : [80] Companion.decrypt | RECV: AUDIO Media Data type: 0 flags: 11 size: 8202 dataOffset: 2
09-15 13:45:20.647 18485 18883 D OPENHU  : [80] Companion.decrypt | RECV: CONTROL Ping Request type: 11 flags: 11 size: 12 dataOffset: 2
09-15 13:45:20.648 18485 18883 V OPENHU  : [80] AapTransport.send | CONTROL Ping Response type: 12 flags: 11 size: 14 dataOffset: 6
09-15 13:45:20.674 18485 18883 D OPENHU  : [80] Companion.decrypt | RECV: AUDIO Media Data type: 0 flags: 11 size: 8202 dataOffset: 2
09-15 13:45:20.717 18485 18883 D OPENHU  : [80] Companion.decrypt | RECV: AUDIO Media Data type: 0 flags: 11 size: 8202 dataOffset: 2
09-15 13:45:20.760 18485 18883 D OPENHU  : [80] Companion.decrypt | RECV: AUDIO Media Data type: 0 flags: 11 size: 8202 dataOffset: 2
09-15 13:45:20.804 18485 18883 D OPENHU  : [80] Companion.decrypt | RECV: AUDIO Media Data type: 0 flags: 11 size: 8202 dataOffset: 2
09-15 13:45:20.846 18485 18883 D OPENHU  : [80] Companion.decrypt | RECV: AUDIO Media Data type: 0 flags: 11 size: 8202 dataOffset: 2
09-15 13:45:20.888 18485 18883 D OPENHU  : [80] Companion.decrypt | RECV: AUDIO Media Data type: 0 flags: 11 size: 8202 dataOffset: 2
09-15 13:45:20.933 18485 18883 D OPENHU  : [80] Companion.decrypt | RECV: AUDIO Media Data type: 0 flags: 11 size: 8202 dataOffset: 2
09-15 13:45:20.976 18485 18883 D OPENHU  : [80] Companion.decrypt | RECV: AUDIO Media Data type: 0 flags: 11 size: 8202 dataOffset: 2
09-15 13:45:21.020 18485 18883 D OPENHU  : [80] Companion.decrypt | RECV: AUDIO Media Data type: 0 flags: 11 size: 8202 dataOffset: 2
09-15 13:45:21.026 18485 18485 V OPENHU  : [2] GpsLocation.onLocationChanged | GpsLocation: fix received
09-15 13:45:21.035 18485 18485 V OPENHU  : [2] AapTransport.send | SENSOR Sensor Event type: 32771 flags: 11 size: 46 dataOffset: 6
09-15 13:45:21.058 18485 18883 D OPENHU  : [80] Companion.decrypt | RECV: AUDIO Media Data type: 0 flags: 11 size: 8202 dataOffset: 2
09-15 13:45:21.082 18485 18883 D OPENHU  : [80] Companion.decrypt | RECV: MUSIC_PLAYBACK Media Playback Status type: 32769 flags: 11 size: 18 dataOffset: 2
09-15 13:45:21.083 18485 18883 D OPENHU  : [80] AapMediaPlayback.processStatusPacket | AapMediaPlayback: status mediaSource='VLC', playbackSeconds(u32)=169, state=PLAYING
09-15 13:45:21.102 18485 18883 D OPENHU  : [80] Companion.decrypt | RECV: AUDIO Media Data type: 0 flags: 11 size: 8202 dataOffset: 2
09-15 13:45:21.144 18485 18883 D OPENHU  : [80] Companion.decrypt | RECV: AUDIO Media Data type: 0 flags: 11 size: 8202 dataOffset: 2
09-15 13:45:21.185 18485 18883 D OPENHU  : [80] Companion.decrypt | RECV: AUDIO Media Data type: 0 flags: 11 size: 8202 dataOffset: 2
09-15 13:45:21.229 18485 18883 D OPENHU  : [80] Companion.decrypt | RECV: AUDIO Media Data type: 0 flags: 11 size: 8202 dataOffset: 2
09-15 13:45:21.271 18485 18883 D OPENHU  : [80] Companion.decrypt | RECV: AUDIO Media Data type: 0 flags: 11 size: 8202 dataOffset: 2
09-15 13:45:21.314 18485 18883 D OPENHU  : [80] Companion.decrypt | RECV: AUDIO Media Data type: 0 flags: 11 size: 8202 dataOffset: 2
09-15 13:45:21.358 18485 18883 D OPENHU  : [80] Companion.decrypt | RECV: AUDIO Media Data type: 0 flags: 11 size: 8202 dataOffset: 2
09-15 13:45:21.400 18485 18883 D OPENHU  : [80] Companion.decrypt | RECV: AUDIO Media Data type: 0 flags: 11 size: 8202 dataOffset: 2
09-15 13:45:21.444 18485 18883 D OPENHU  : [80] Companion.decrypt | RECV: AUDIO Media Data type: 0 flags: 11 size: 8202 dataOffset: 2
09-15 13:45:21.488 18485 18883 D OPENHU  : [80] Companion.decrypt | RECV: AUDIO Media Data type: 0 flags: 11 size: 8202 dataOffset: 2
09-15 13:45:21.490 18485 18907 I OPENHU  : [89] VideoDecoder.logThroughput | Throughput over 5002ms: rendered=25 (4fps), fed=25 (4fps), dropped=0, skipped=0, concealed=0, inputWait=11ms, enqueueWait=5046ms, codec=c2.unisoc.avc.decoder, presented=25 (4fps), decodeLatency=unreadable (25 frames)
09-15 13:45:21.530 18485 18883 D OPENHU  : [80] Companion.decrypt | RECV: AUDIO Media Data type: 0 flags: 11 size: 8202 dataOffset: 2
09-15 13:45:21.574 18485 18883 D OPENHU  : [80] Companion.decrypt | RECV: AUDIO Media Data type: 0 flags: 11 size: 8202 dataOffset: 2
09-15 13:45:21.599 18485 18881 I OPENHU  : [78] VideoDecoder.logFeedPacing | Feed queue full - pacing the transport thread instead of shedding frames (+4 more since the last line)
09-15 13:45:21.616 18485 18883 D OPENHU  : [80] Companion.decrypt | RECV: AUDIO Media Data type: 0 flags: 11 size: 8202 dataOffset: 2
09-15 13:45:21.651 18485 18883 D OPENHU  : [80] Companion.decrypt | RECV: CONTROL Ping Request type: 11 flags: 11 size: 12 dataOffset: 2
09-15 13:45:21.652 18485 18883 V OPENHU  : [80] AapTransport.send | CONTROL Ping Response type: 12 flags: 11 size: 14 dataOffset: 6
09-15 13:45:21.662 18485 18883 D OPENHU  : [80] Companion.decrypt | RECV: AUDIO Media Data type: 0 flags: 11 size: 8202 dataOffset: 2
09-15 13:45:21.701 18485 18883 D OPENHU  : [80] Companion.decrypt | RECV: AUDIO Media Data type: 0 flags: 11 size: 8202 dataOffset: 2
09-15 13:45:21.741 18485 18883 D OPENHU  : [80] Companion.decrypt | RECV: AUDIO Media Data type: 0 flags: 11 size: 8202 dataOffset: 2
09-15 13:45:21.784 18485 18883 D OPENHU  : [80] Companion.decrypt | RECV: AUDIO Media Data type: 0 flags: 11 size: 8202 dataOffset: 2
09-15 13:45:21.826 18485 18883 D OPENHU  : [80] Companion.decrypt | RECV: AUDIO Media Data type: 0 flags: 11 size: 8202 dataOffset: 2
09-15 13:45:21.869 18485 18883 D OPENHU  : [80] Companion.decrypt | RECV: AUDIO Media Data type: 0 flags: 11 size: 8202 dataOffset: 2
09-15 13:45:21.912 18485 18883 D OPENHU  : [80] Companion.decrypt | RECV: AUDIO Media Data type: 0 flags: 11 size: 8202 dataOffset: 2
09-15 13:45:21.956 18485 18883 D OPENHU  : [80] Companion.decrypt | RECV: AUDIO Media Data type: 0 flags: 11 size: 8202 dataOffset: 2
09-15 13:45:21.995 18485 18485 V OPENHU  : [2] GpsLocation.onLocationChanged | GpsLocation: fix received
09-15 13:45:22.000 18485 18883 D OPENHU  : [80] Companion.decrypt | RECV: AUDIO Media Data type: 0 flags: 11 size: 8202 dataOffset: 2
09-15 13:45:22.004 18485 18485 V OPENHU  : [2] AapTransport.send | SENSOR Sensor Event type: 32771 flags: 11 size: 46 dataOffset: 6
09-15 13:45:22.042 18485 18883 D OPENHU  : [80] Companion.decrypt | RECV: AUDIO Media Data type: 0 flags: 11 size: 8202 dataOffset: 2
09-15 13:45:22.085 18485 18883 D OPENHU  : [80] Companion.decrypt | RECV: AUDIO Media Data type: 0 flags: 11 size: 8202 dataOffset: 2
09-15 13:45:22.092 18485 18883 D OPENHU  : [80] Companion.decrypt | RECV: MUSIC_PLAYBACK Media Playback Status type: 32769 flags: 11 size: 18 dataOffset: 2
09-15 13:45:22.094 18485 18883 D OPENHU  : [80] AapMediaPlayback.processStatusPacket | AapMediaPlayback: status mediaSource='VLC', playbackSeconds(u32)=170, state=PLAYING
09-15 13:45:22.125 18485 18883 D OPENHU  : [80] Companion.decrypt | RECV: AUDIO Media Data type: 0 flags: 11 size: 8202 dataOffset: 2
09-15 13:45:22.180 18485 18883 D OPENHU  : [80] Companion.decrypt | RECV: AUDIO Media Data type: 0 flags: 11 size: 8202 dataOffset: 2
09-15 13:45:22.210 18485 18883 D OPENHU  : [80] Companion.decrypt | RECV: AUDIO Media Data type: 0 flags: 11 size: 8202 dataOffset: 2
09-15 13:45:22.254 18485 18883 D OPENHU  : [80] Companion.decrypt | RECV: AUDIO Media Data type: 0 flags: 11 size: 8202 dataOffset: 2
09-15 13:45:22.296 18485 18883 D OPENHU  : [80] Companion.decrypt | RECV: AUDIO Media Data type: 0 flags: 11 size: 8202 dataOffset: 2
09-15 13:45:22.338 18485 18883 D OPENHU  : [80] Companion.decrypt | RECV: AUDIO Media Data type: 0 flags: 11 size: 8202 dataOffset: 2
09-15 13:45:22.383 18485 18883 D OPENHU  : [80] Companion.decrypt | RECV: AUDIO Media Data type: 0 flags: 11 size: 8202 dataOffset: 2
09-15 13:45:22.424 18485 18883 D OPENHU  : [80] Companion.decrypt | RECV: AUDIO Media Data type: 0 flags: 11 size: 8202 dataOffset: 2
09-15 13:45:22.433 18485 18485 I OPENHU  : [2] TextureProjectionView.onSurfaceTextureUpdated | TextureProjectionView: displayed 25 frames in 5071ms (4fps), longFrames=0
09-15 13:45:22.466 18485 18883 D OPENHU  : [80] Companion.decrypt | RECV: AUDIO Media Data type: 0 flags: 11 size: 8202 dataOffset: 2
09-15 13:45:22.509 18485 18883 D OPENHU  : [80] Companion.decrypt | RECV: AUDIO Media Data type: 0 flags: 11 size: 8202 dataOffset: 2
09-15 13:45:22.552 18485 18883 D OPENHU  : [80] Companion.decrypt | RECV: AUDIO Media Data type: 0 flags: 11 size: 8202 dataOffset: 2
09-15 13:45:22.595 18485 18883 D OPENHU  : [80] Companion.decrypt | RECV: AUDIO Media Data type: 0 flags: 11 size: 8202 dataOffset: 2
09-15 13:45:22.617 18485 18881 I OPENHU  : [78] VideoDecoder.logFeedPacing | Feed queue full - pacing the transport thread instead of shedding frames (+4 more since the last line)
09-15 13:45:22.638 18485 18883 D OPENHU  : [80] Companion.decrypt | RECV: AUDIO Media Data type: 0 flags: 11 size: 8202 dataOffset: 2
09-15 13:45:22.649 18485 18883 D OPENHU  : [80] Companion.decrypt | RECV: CONTROL Ping Request type: 11 flags: 11 size: 12 dataOffset: 2
09-15 13:45:22.651 18485 18883 V OPENHU  : [80] AapTransport.send | CONTROL Ping Response type: 12 flags: 11 size: 14 dataOffset: 6
09-15 13:45:22.680 18485 18883 D OPENHU  : [80] Companion.decrypt | RECV: AUDIO Media Data type: 0 flags: 11 size: 8202 dataOffset: 2
09-15 13:45:22.722 18485 18883 D OPENHU  : [80] Companion.decrypt | RECV: AUDIO Media Data type: 0 flags: 11 size: 8202 dataOffset: 2
09-15 13:45:22.767 18485 18883 D OPENHU  : [80] Companion.decrypt | RECV: AUDIO Media Data type: 0 flags: 11 size: 8202 dataOffset: 2
09-15 13:45:22.807 18485 18883 D OPENHU  : [80] Companion.decrypt | RECV: AUDIO Media Data type: 0 flags: 11 size: 8202 dataOffset: 2
09-15 13:45:22.852 18485 18883 D OPENHU  : [80] Companion.decrypt | RECV: AUDIO Media Data type: 0 flags: 11 size: 8202 dataOffset: 2
09-15 13:45:22.895 18485 18883 D OPENHU  : [80] Companion.decrypt | RECV: AUDIO Media Data type: 0 flags: 11 size: 8202 dataOffset: 2
09-15 13:45:22.936 18485 18883 D OPENHU  : [80] Companion.decrypt | RECV: AUDIO Media Data type: 0 flags: 11 size: 8202 dataOffset: 2
09-15 13:45:22.984 18485 18883 D OPENHU  : [80] Companion.decrypt | RECV: AUDIO Media Data type: 0 flags: 11 size: 8202 dataOffset: 2
09-15 13:45:23.022 18485 18883 D OPENHU  : [80] Companion.decrypt | RECV: AUDIO Media Data type: 0 flags: 11 size: 8202 dataOffset: 2
09-15 13:45:23.026 18485 18485 V OPENHU  : [2] GpsLocation.onLocationChanged | GpsLocation: fix received
09-15 13:45:23.034 18485 18485 V OPENHU  : [2] AapTransport.send | SENSOR Sensor Event type: 32771 flags: 11 size: 46 dataOffset: 6
09-15 13:45:23.064 18485 18883 D OPENHU  : [80] Companion.decrypt | RECV: AUDIO Media Data type: 0 flags: 11 size: 8202 dataOffset: 2
09-15 13:45:23.086 18485 18883 D OPENHU  : [80] Companion.decrypt | RECV: MUSIC_PLAYBACK Media Playback Status type: 32769 flags: 11 size: 18 dataOffset: 2
09-15 13:45:23.087 18485 18883 D OPENHU  : [80] AapMediaPlayback.processStatusPacket | AapMediaPlayback: status mediaSource='VLC', playbackSeconds(u32)=171, state=PLAYING
09-15 13:45:23.106 18485 18883 D OPENHU  : [80] Companion.decrypt | RECV: AUDIO Media Data type: 0 flags: 11 size: 8202 dataOffset: 2
09-15 13:45:23.151 18485 18883 D OPENHU  : [80] Companion.decrypt | RECV: AUDIO Media Data type: 0 flags: 11 size: 8202 dataOffset: 2
09-15 13:45:23.192 18485 18883 D OPENHU  : [80] Companion.decrypt | RECV: AUDIO Media Data type: 0 flags: 11 size: 8202 dataOffset: 2
09-15 13:45:23.233 18485 18883 D OPENHU  : [80] Companion.decrypt | RECV: AUDIO Media Data type: 0 flags: 11 size: 8202 dataOffset: 2
09-15 13:45:23.278 18485 18883 D OPENHU  : [80] Companion.decrypt | RECV: AUDIO Media Data type: 0 flags: 11 size: 8202 dataOffset: 2
09-15 13:45:23.320 18485 18883 D OPENHU  : [80] Companion.decrypt | RECV: AUDIO Media Data type: 0 flags: 11 size: 8202 dataOffset: 2
09-15 13:45:23.363 18485 18883 D OPENHU  : [80] Companion.decrypt | RECV: AUDIO Media Data type: 0 flags: 11 size: 8202 dataOffset: 2
09-15 13:45:23.404 18485 18883 D OPENHU  : [80] Companion.decrypt | RECV: AUDIO Media Data type: 0 flags: 11 size: 8202 dataOffset: 2
09-15 13:45:23.447 18485 18883 D OPENHU  : [80] Companion.decrypt | RECV: AUDIO Media Data type: 0 flags: 11 size: 8202 dataOffset: 2
09-15 13:45:23.491 18485 18883 D OPENHU  : [80] Companion.decrypt | RECV: AUDIO Media Data type: 0 flags: 11 size: 8202 dataOffset: 2
09-15 13:45:23.533 18485 18883 D OPENHU  : [80] Companion.decrypt | RECV: AUDIO Media Data type: 0 flags: 11 size: 8202 dataOffset: 2
09-15 13:45:23.576 18485 18883 D OPENHU  : [80] Companion.decrypt | RECV: AUDIO Media Data type: 0 flags: 11 size: 8202 dataOffset: 2
09-15 13:45:23.619 18485 18883 D OPENHU  : [80] Companion.decrypt | RECV: AUDIO Media Data type: 0 flags: 11 size: 8202 dataOffset: 2
09-15 13:45:23.632 18485 18881 I OPENHU  : [78] VideoDecoder.logFeedPacing | Feed queue full - pacing the transport thread instead of shedding frames (+4 more since the last line)
09-15 13:45:23.652 18485 18883 D OPENHU  : [80] Companion.decrypt | RECV: CONTROL Ping Request type: 11 flags: 11 size: 12 dataOffset: 2
09-15 13:45:23.653 18485 18883 V OPENHU  : [80] AapTransport.send | CONTROL Ping Response type: 12 flags: 11 size: 14 dataOffset: 6
09-15 13:45:23.662 18485 18883 D OPENHU  : [80] Companion.decrypt | RECV: AUDIO Media Data type: 0 flags: 11 size: 8202 dataOffset: 2
09-15 13:45:23.703 18485 18883 D OPENHU  : [80] Companion.decrypt | RECV: AUDIO Media Data type: 0 flags: 11 size: 8202 dataOffset: 2
09-15 13:45:23.747 18485 18883 D OPENHU  : [80] Companion.decrypt | RECV: AUDIO Media Data type: 0 flags: 11 size: 8202 dataOffset: 2
09-15 13:45:23.789 18485 18883 D OPENHU  : [80] Companion.decrypt | RECV: AUDIO Media Data type: 0 flags: 11 size: 8202 dataOffset: 2
09-15 13:45:23.832 18485 18883 D OPENHU  : [80] Companion.decrypt | RECV: AUDIO Media Data type: 0 flags: 11 size: 8202 dataOffset: 2
09-15 13:45:23.874 18485 18883 D OPENHU  : [80] Companion.decrypt | RECV: AUDIO Media Data type: 0 flags: 11 size: 8202 dataOffset: 2
09-15 13:45:23.915 18485 18883 D OPENHU  : [80] Companion.decrypt | RECV: AUDIO Media Data type: 0 flags: 11 size: 8202 dataOffset: 2
09-15 13:45:23.962 18485 18883 D OPENHU  : [80] Companion.decrypt | RECV: AUDIO Media Data type: 0 flags: 11 size: 8202 dataOffset: 2
09-15 13:45:23.996 18485 18485 V OPENHU  : [2] GpsLocation.onLocationChanged | GpsLocation: fix received
09-15 13:45:24.001 18485 18883 D OPENHU  : [80] Companion.decrypt | RECV: AUDIO Media Data type: 0 flags: 11 size: 8202 dataOffset: 2
09-15 13:45:24.002 18485 18485 V OPENHU  : [2] AapTransport.send | SENSOR Sensor Event type: 32771 flags: 11 size: 46 dataOffset: 6
09-15 13:45:24.044 18485 18883 D OPENHU  : [80] Companion.decrypt | RECV: AUDIO Media Data type: 0 flags: 11 size: 8202 dataOffset: 2
09-15 13:45:24.088 18485 18883 D OPENHU  : [80] Companion.decrypt | RECV: AUDIO Media Data type: 0 flags: 11 size: 8202 dataOffset: 2
09-15 13:45:24.092 18485 18883 D OPENHU  : [80] Companion.decrypt | RECV: MUSIC_PLAYBACK Media Playback Status type: 32769 flags: 11 size: 18 dataOffset: 2
09-15 13:45:24.093 18485 18883 D OPENHU  : [80] AapMediaPlayback.processStatusPacket | AapMediaPlayback: status mediaSource='VLC', playbackSeconds(u32)=172, state=PLAYING
09-15 13:45:24.129 18485 18883 D OPENHU  : [80] Companion.decrypt | RECV: AUDIO Media Data type: 0 flags: 11 size: 8202 dataOffset: 2
09-15 13:45:24.175 18485 18883 D OPENHU  : [80] Companion.decrypt | RECV: AUDIO Media Data type: 0 flags: 11 size: 8202 dataOffset: 2
09-15 13:45:24.215 18485 18883 D OPENHU  : [80] Companion.decrypt | RECV: AUDIO Media Data type: 0 flags: 11 size: 8202 dataOffset: 2
09-15 13:45:24.258 18485 18883 D OPENHU  : [80] Companion.decrypt | RECV: AUDIO Media Data type: 0 flags: 11 size: 8202 dataOffset: 2
09-15 13:45:24.302 18485 18883 D OPENHU  : [80] Companion.decrypt | RECV: AUDIO Media Data type: 0 flags: 11 size: 8202 dataOffset: 2
09-15 13:45:24.345 18485 18883 D OPENHU  : [80] Companion.decrypt | RECV: AUDIO Media Data type: 0 flags: 11 size: 8202 dataOffset: 2
09-15 13:45:24.385 18485 18883 D OPENHU  : [80] Companion.decrypt | RECV: AUDIO Media Data type: 0 flags: 11 size: 8202 dataOffset: 2
09-15 13:45:24.428 18485 18883 D OPENHU  : [80] Companion.decrypt | RECV: AUDIO Media Data type: 0 flags: 11 size: 8202 dataOffset: 2
09-15 13:45:24.472 18485 18883 D OPENHU  : [80] Companion.decrypt | RECV: AUDIO Media Data type: 0 flags: 11 size: 8202 dataOffset: 2
09-15 13:45:24.516 18485 18883 D OPENHU  : [80] Companion.decrypt | RECV: AUDIO Media Data type: 0 flags: 11 size: 8202 dataOffset: 2
09-15 13:45:24.557 18485 18883 D OPENHU  : [80] Companion.decrypt | RECV: AUDIO Media Data type: 0 flags: 11 size: 8202 dataOffset: 2
09-15 13:45:24.600 18485 18883 D OPENHU  : [80] Companion.decrypt | RECV: AUDIO Media Data type: 0 flags: 11 size: 8202 dataOffset: 2
09-15 13:45:24.642 18485 18883 D OPENHU  : [80] Companion.decrypt | RECV: AUDIO Media Data type: 0 flags: 11 size: 8202 dataOffset: 2
09-15 13:45:24.647 18485 18881 I OPENHU  : [78] VideoDecoder.logFeedPacing | Feed queue full - pacing the transport thread instead of shedding frames (+4 more since the last line)
09-15 13:45:24.651 18485 18883 D OPENHU  : [80] Companion.decrypt | RECV: CONTROL Ping Request type: 11 flags: 11 size: 12 dataOffset: 2
09-15 13:45:24.652 18485 18883 V OPENHU  : [80] AapTransport.send | CONTROL Ping Response type: 12 flags: 11 size: 14 dataOffset: 6
09-15 13:45:24.685 18485 18883 D OPENHU  : [80] Companion.decrypt | RECV: AUDIO Media Data type: 0 flags: 11 size: 8202 dataOffset: 2
09-15 13:45:24.728 18485 18883 D OPENHU  : [80] Companion.decrypt | RECV: AUDIO Media Data type: 0 flags: 11 size: 8202 dataOffset: 2
09-15 13:45:24.771 18485 18883 D OPENHU  : [80] Companion.decrypt | RECV: AUDIO Media Data type: 0 flags: 11 size: 8202 dataOffset: 2
09-15 13:45:24.818 18485 18883 D OPENHU  : [80] Companion.decrypt | RECV: AUDIO Media Data type: 0 flags: 11 size: 8202 dataOffset: 2
09-15 13:45:24.857 18485 18883 D OPENHU  : [80] Companion.decrypt | RECV: AUDIO Media Data type: 0 flags: 11 size: 8202 dataOffset: 2
09-15 13:45:24.899 18485 18883 D OPENHU  : [80] Companion.decrypt | RECV: AUDIO Media Data type: 0 flags: 11 size: 8202 dataOffset: 2
09-15 13:45:24.943 18485 18883 D OPENHU  : [80] Companion.decrypt | RECV: AUDIO Media Data type: 0 flags: 11 size: 8202 dataOffset: 2
09-15 13:45:24.985 18485 18883 D OPENHU  : [80] Companion.decrypt | RECV: AUDIO Media Data type: 0 flags: 11 size: 8202 dataOffset: 2
09-15 13:45:25.024 18485 18485 V OPENHU  : [2] GpsLocation.onLocationChanged | GpsLocation: fix received
09-15 13:45:25.026 18485 18883 D OPENHU  : [80] Companion.decrypt | RECV: AUDIO Media Data type: 0 flags: 11 size: 8202 dataOffset: 2
09-15 13:45:25.034 18485 18485 V OPENHU  : [2] AapTransport.send | SENSOR Sensor Event type: 32771 flags: 11 size: 46 dataOffset: 6
09-15 13:45:25.068 18485 18883 D OPENHU  : [80] Companion.decrypt | RECV: AUDIO Media Data type: 0 flags: 11 size: 8202 dataOffset: 2
09-15 13:45:25.089 18485 18883 D OPENHU  : [80] Companion.decrypt | RECV: MUSIC_PLAYBACK Media Playback Status type: 32769 flags: 11 size: 18 dataOffset: 2
09-15 13:45:25.091 18485 18883 D OPENHU  : [80] AapMediaPlayback.processStatusPacket | AapMediaPlayback: status mediaSource='VLC', playbackSeconds(u32)=173, state=PLAYING
09-15 13:45:25.110 18485 18883 D OPENHU  : [80] Companion.decrypt | RECV: AUDIO Media Data type: 0 flags: 11 size: 8202 dataOffset: 2
09-15 13:45:25.154 18485 18883 D OPENHU  : [80] Companion.decrypt | RECV: AUDIO Media Data type: 0 flags: 11 size: 8202 dataOffset: 2
09-15 13:45:25.196 18485 18883 D OPENHU  : [80] Companion.decrypt | RECV: AUDIO Media Data type: 0 flags: 11 size: 8202 dataOffset: 2
09-15 13:45:25.239 18485 18883 D OPENHU  : [80] Companion.decrypt | RECV: AUDIO Media Data type: 0 flags: 11 size: 8202 dataOffset: 2
09-15 13:45:25.283 18485 18883 D OPENHU  : [80] Companion.decrypt | RECV: AUDIO Media Data type: 0 flags: 11 size: 8202 dataOffset: 2
09-15 13:45:25.327 18485 18883 D OPENHU  : [80] Companion.decrypt | RECV: AUDIO Media Data type: 0 flags: 11 size: 8202 dataOffset: 2
09-15 13:45:25.370 18485 18883 D OPENHU  : [80] Companion.decrypt | RECV: AUDIO Media Data type: 0 flags: 11 size: 8202 dataOffset: 2
09-15 13:45:25.410 18485 18883 D OPENHU  : [80] Companion.decrypt | RECV: AUDIO Media Data type: 0 flags: 11 size: 8202 dataOffset: 2
09-15 13:45:25.454 18485 18883 D OPENHU  : [80] Companion.decrypt | RECV: AUDIO Media Data type: 0 flags: 11 size: 8202 dataOffset: 2
09-15 13:45:25.495 18485 18883 D OPENHU  : [80] Companion.decrypt | RECV: AUDIO Media Data type: 0 flags: 11 size: 8202 dataOffset: 2
09-15 13:45:25.539 18485 18883 D OPENHU  : [80] Companion.decrypt | RECV: AUDIO Media Data type: 0 flags: 11 size: 8202 dataOffset: 2
09-15 13:45:25.586 18485 18883 D OPENHU  : [80] Companion.decrypt | RECV: AUDIO Media Data type: 0 flags: 11 size: 8202 dataOffset: 2
09-15 13:45:25.623 18485 18883 D OPENHU  : [80] Companion.decrypt | RECV: AUDIO Media Data type: 0 flags: 11 size: 8202 dataOffset: 2
09-15 13:45:25.652 18485 18883 D OPENHU  : [80] Companion.decrypt | RECV: CONTROL Ping Request type: 11 flags: 11 size: 12 dataOffset: 2
09-15 13:45:25.653 18485 18883 V OPENHU  : [80] AapTransport.send | CONTROL Ping Response type: 12 flags: 11 size: 14 dataOffset: 6
09-15 13:45:25.665 18485 18881 I OPENHU  : [78] VideoDecoder.logFeedPacing | Feed queue full - pacing the transport thread instead of shedding frames (+4 more since the last line)
09-15 13:45:25.668 18485 18883 D OPENHU  : [80] Companion.decrypt | RECV: AUDIO Media Data type: 0 flags: 11 size: 8202 dataOffset: 2
09-15 13:45:25.709 18485 18883 D OPENHU  : [80] Companion.decrypt | RECV: AUDIO Media Data type: 0 flags: 11 size: 8202 dataOffset: 2
09-15 13:45:25.752 18485 18883 D OPENHU  : [80] Companion.decrypt | RECV: AUDIO Media Data type: 0 flags: 11 size: 8202 dataOffset: 2
09-15 13:45:25.794 18485 18883 D OPENHU  : [80] Companion.decrypt | RECV: AUDIO Media Data type: 0 flags: 11 size: 8202 dataOffset: 2
09-15 13:45:25.838 18485 18883 D OPENHU  : [80] Companion.decrypt | RECV: AUDIO Media Data type: 0 flags: 11 size: 8202 dataOffset: 2
09-15 13:45:25.879 18485 18883 D OPENHU  : [80] Companion.decrypt | RECV: AUDIO Media Data type: 0 flags: 11 size: 8202 dataOffset: 2
09-15 13:45:25.922 18485 18883 D OPENHU  : [80] Companion.decrypt | RECV: AUDIO Media Data type: 0 flags: 11 size: 8202 dataOffset: 2
09-15 13:45:25.967 18485 18883 D OPENHU  : [80] Companion.decrypt | RECV: AUDIO Media Data type: 0 flags: 11 size: 8202 dataOffset: 2
09-15 13:45:25.995 18485 18485 V OPENHU  : [2] GpsLocation.onLocationChanged | GpsLocation: fix received
09-15 13:45:26.004 18485 18485 V OPENHU  : [2] AapTransport.send | SENSOR Sensor Event type: 32771 flags: 11 size: 46 dataOffset: 6
09-15 13:45:26.008 18485 18883 D OPENHU  : [80] Companion.decrypt | RECV: AUDIO Media Data type: 0 flags: 11 size: 8202 dataOffset: 2
09-15 13:45:26.052 18485 18883 D OPENHU  : [80] Companion.decrypt | RECV: AUDIO Media Data type: 0 flags: 11 size: 8202 dataOffset: 2
09-15 13:45:26.092 18485 18883 D OPENHU  : [80] Companion.decrypt | RECV: AUDIO Media Data type: 0 flags: 11 size: 8202 dataOffset: 2
09-15 13:45:26.096 18485 18883 D OPENHU  : [80] Companion.decrypt | RECV: MUSIC_PLAYBACK Media Playback Status type: 32769 flags: 11 size: 18 dataOffset: 2
09-15 13:45:26.097 18485 18883 D OPENHU  : [80] AapMediaPlayback.processStatusPacket | AapMediaPlayback: status mediaSource='VLC', playbackSeconds(u32)=174, state=PLAYING
09-15 13:45:26.137 18485 18883 D OPENHU  : [80] Companion.decrypt | RECV: AUDIO Media Data type: 0 flags: 11 size: 8202 dataOffset: 2
09-15 13:45:26.179 18485 18883 D OPENHU  : [80] Companion.decrypt | RECV: AUDIO Media Data type: 0 flags: 11 size: 8202 dataOffset: 2
09-15 13:45:26.225 18485 18883 D OPENHU  : [80] Companion.decrypt | RECV: AUDIO Media Data type: 0 flags: 11 size: 8202 dataOffset: 2
09-15 13:45:26.264 18485 18883 D OPENHU  : [80] Companion.decrypt | RECV: AUDIO Media Data type: 0 flags: 11 size: 8202 dataOffset: 2
09-15 13:45:26.306 18485 18883 D OPENHU  : [80] Companion.decrypt | RECV: AUDIO Media Data type: 0 flags: 11 size: 8202 dataOffset: 2
09-15 13:45:26.349 18485 18883 D OPENHU  : [80] Companion.decrypt | RECV: AUDIO Media Data type: 0 flags: 11 size: 8202 dataOffset: 2
09-15 13:45:26.391 18485 18883 D OPENHU  : [80] Companion.decrypt | RECV: AUDIO Media Data type: 0 flags: 11 size: 8202 dataOffset: 2
09-15 13:45:26.435 18485 18883 D OPENHU  : [80] Companion.decrypt | RECV: AUDIO Media Data type: 0 flags: 11 size: 8202 dataOffset: 2
09-15 13:45:26.478 18485 18883 D OPENHU  : [80] Companion.decrypt | RECV: AUDIO Media Data type: 0 flags: 11 size: 8202 dataOffset: 2
09-15 13:45:26.494 18485 18907 I OPENHU  : [89] VideoDecoder.logThroughput | Throughput over 5004ms: rendered=25 (4fps), fed=25 (4fps), dropped=0, skipped=0, concealed=0, inputWait=14ms, enqueueWait=5049ms, codec=c2.unisoc.avc.decoder, presented=25 (4fps), decodeLatency=unreadable (25 frames)
09-15 13:45:26.525 18485 18883 D OPENHU  : [80] Companion.decrypt | RECV: AUDIO Media Data type: 0 flags: 11 size: 8202 dataOffset: 2
09-15 13:45:26.563 18485 18883 D OPENHU  : [80] Companion.decrypt | RECV: AUDIO Media Data type: 0 flags: 11 size: 8202 dataOffset: 2
09-15 13:45:26.605 18485 18883 D OPENHU  : [80] Companion.decrypt | RECV: AUDIO Media Data type: 0 flags: 11 size: 8202 dataOffset: 2
09-15 13:45:26.647 18485 18883 D OPENHU  : [80] Companion.decrypt | RECV: AUDIO Media Data type: 0 flags: 11 size: 8202 dataOffset: 2
09-15 13:45:26.655 18485 18883 D OPENHU  : [80] Companion.decrypt | RECV: CONTROL Ping Request type: 11 flags: 11 size: 12 dataOffset: 2
09-15 13:45:26.656 18485 18883 V OPENHU  : [80] AapTransport.send | CONTROL Ping Response type: 12 flags: 11 size: 14 dataOffset: 6
09-15 13:45:26.678 18485 18881 I OPENHU  : [78] VideoDecoder.logFeedPacing | Feed queue full - pacing the transport thread instead of shedding frames (+4 more since the last line)
09-15 13:45:26.689 18485 18883 D OPENHU  : [80] Companion.decrypt | RECV: AUDIO Media Data type: 0 flags: 11 size: 8202 dataOffset: 2
09-15 13:45:26.732 18485 18883 D OPENHU  : [80] Companion.decrypt | RECV: AUDIO Media Data type: 0 flags: 11 size: 8202 dataOffset: 2
09-15 13:45:26.774 18485 18883 D OPENHU  : [80] Companion.decrypt | RECV: AUDIO Media Data type: 0 flags: 11 size: 8202 dataOffset: 2
09-15 13:45:26.819 18485 18883 D OPENHU  : [80] Companion.decrypt | RECV: AUDIO Media Data type: 0 flags: 11 size: 8202 dataOffset: 2
09-15 13:45:26.861 18485 18883 D OPENHU  : [80] Companion.decrypt | RECV: AUDIO Media Data type: 0 flags: 11 size: 8202 dataOffset: 2
09-15 13:45:26.906 18485 18883 D OPENHU  : [80] Companion.decrypt | RECV: AUDIO Media Data type: 0 flags: 11 size: 8202 dataOffset: 2
09-15 13:45:26.948 18485 18883 D OPENHU  : [80] Companion.decrypt | RECV: AUDIO Media Data type: 0 flags: 11 size: 8202 dataOffset: 2
09-15 13:45:26.991 18485 18883 D OPENHU  : [80] Companion.decrypt | RECV: AUDIO Media Data type: 0 flags: 11 size: 8202 dataOffset: 2
09-15 13:45:27.022 18485 18485 V OPENHU  : [2] GpsLocation.onLocationChanged | GpsLocation: fix received
09-15 13:45:27.029 18485 18485 V OPENHU  : [2] AapTransport.send | SENSOR Sensor Event type: 32771 flags: 11 size: 46 dataOffset: 6
09-15 13:45:27.033 18485 18883 D OPENHU  : [80] Companion.decrypt | RECV: AUDIO Media Data type: 0 flags: 11 size: 8202 dataOffset: 2
09-15 13:45:27.075 18485 18883 D OPENHU  : [80] Companion.decrypt | RECV: AUDIO Media Data type: 0 flags: 11 size: 8202 dataOffset: 2
09-15 13:45:27.096 18485 18883 D OPENHU  : [80] Companion.decrypt | RECV: MUSIC_PLAYBACK Media Playback Status type: 32769 flags: 11 size: 18 dataOffset: 2
09-15 13:45:27.097 18485 18883 D OPENHU  : [80] AapMediaPlayback.processStatusPacket | AapMediaPlayback: status mediaSource='VLC', playbackSeconds(u32)=175, state=PLAYING
09-15 13:45:27.117 18485 18883 D OPENHU  : [80] Companion.decrypt | RECV: AUDIO Media Data type: 0 flags: 11 size: 8202 dataOffset: 2
09-15 13:45:27.160 18485 18883 D OPENHU  : [80] Companion.decrypt | RECV: AUDIO Media Data type: 0 flags: 11 size: 8202 dataOffset: 2
09-15 13:45:27.202 18485 18883 D OPENHU  : [80] Companion.decrypt | RECV: AUDIO Media Data type: 0 flags: 11 size: 8202 dataOffset: 2
09-15 13:45:27.245 18485 18883 D OPENHU  : [80] Companion.decrypt | RECV: AUDIO Media Data type: 0 flags: 11 size: 8202 dataOffset: 2
09-15 13:45:27.290 18485 18883 D OPENHU  : [80] Companion.decrypt | RECV: AUDIO Media Data type: 0 flags: 11 size: 8202 dataOffset: 2
09-15 13:45:27.332 18485 18883 D OPENHU  : [80] Companion.decrypt | RECV: AUDIO Media Data type: 0 flags: 11 size: 8202 dataOffset: 2
09-15 13:45:27.376 18485 18883 D OPENHU  : [80] Companion.decrypt | RECV: AUDIO Media Data type: 0 flags: 11 size: 8202 dataOffset: 2
09-15 13:45:27.419 18485 18883 D OPENHU  : [80] Companion.decrypt | RECV: AUDIO Media Data type: 0 flags: 11 size: 8202 dataOffset: 2
09-15 13:45:27.460 18485 18883 D OPENHU  : [80] Companion.decrypt | RECV: AUDIO Media Data type: 0 flags: 11 size: 8202 dataOffset: 2
09-15 13:45:27.502 18485 18485 I OPENHU  : [2] TextureProjectionView.onSurfaceTextureUpdated | TextureProjectionView: displayed 25 frames in 5070ms (4fps), longFrames=0
09-15 13:45:27.505 18485 18883 D OPENHU  : [80] Companion.decrypt | RECV: AUDIO Media Data type: 0 flags: 11 size: 8202 dataOffset: 2
09-15 13:45:27.547 18485 18883 D OPENHU  : [80] Companion.decrypt | RECV: AUDIO Media Data type: 0 flags: 11 size: 8202 dataOffset: 2
09-15 13:45:27.589 18485 18883 D OPENHU  : [80] Companion.decrypt | RECV: AUDIO Media Data type: 0 flags: 11 size: 8202 dataOffset: 2
09-15 13:45:27.631 18485 18883 D OPENHU  : [80] Companion.decrypt | RECV: AUDIO Media Data type: 0 flags: 11 size: 8202 dataOffset: 2
09-15 13:45:27.655 18485 18883 D OPENHU  : [80] Companion.decrypt | RECV: CONTROL Ping Request type: 11 flags: 11 size: 12 dataOffset: 2
09-15 13:45:27.657 18485 18883 V OPENHU  : [80] AapTransport.send | CONTROL Ping Response type: 12 flags: 11 size: 14 dataOffset: 6
09-15 13:45:27.674 18485 18883 D OPENHU  : [80] Companion.decrypt | RECV: AUDIO Media Data type: 0 flags: 11 size: 8202 dataOffset: 2
09-15 13:45:27.695 18485 18881 I OPENHU  : [78] VideoDecoder.logFeedPacing | Feed queue full - pacing the transport thread instead of shedding frames (+4 more since the last line)
09-15 13:45:27.714 18485 18883 D OPENHU  : [80] Companion.decrypt | RECV: AUDIO Media Data type: 0 flags: 11 size: 8202 dataOffset: 2
09-15 13:45:27.757 18485 18883 D OPENHU  : [80] Companion.decrypt | RECV: AUDIO Media Data type: 0 flags: 11 size: 8202 dataOffset: 2
09-15 13:45:27.799 18485 18883 D OPENHU  : [80] Companion.decrypt | RECV: AUDIO Media Data type: 0 flags: 11 size: 8202 dataOffset: 2
09-15 13:45:27.842 18485 18883 D OPENHU  : [80] Companion.decrypt | RECV: AUDIO Media Data type: 0 flags: 11 size: 8202 dataOffset: 2
09-15 13:45:27.884 18485 18883 D OPENHU  : [80] Companion.decrypt | RECV: AUDIO Media Data type: 0 flags: 11 size: 8202 dataOffset: 2
09-15 13:45:27.929 18485 18883 D OPENHU  : [80] Companion.decrypt | RECV: AUDIO Media Data type: 0 flags: 11 size: 8202 dataOffset: 2
09-15 13:45:27.973 18485 18883 D OPENHU  : [80] Companion.decrypt | RECV: AUDIO Media Data type: 0 flags: 11 size: 8202 dataOffset: 2
09-15 13:45:27.998 18485 18485 V OPENHU  : [2] GpsLocation.onLocationChanged | GpsLocation: fix received
09-15 13:45:28.004 18485 18485 V OPENHU  : [2] AapTransport.send | SENSOR Sensor Event type: 32771 flags: 11 size: 46 dataOffset: 6
09-15 13:45:28.016 18485 18883 D OPENHU  : [80] Companion.decrypt | RECV: AUDIO Media Data type: 0 flags: 11 size: 8202 dataOffset: 2
09-15 13:45:28.057 18485 18883 D OPENHU  : [80] Companion.decrypt | RECV: AUDIO Media Data type: 0 flags: 11 size: 8202 dataOffset: 2
09-15 13:45:28.100 18485 18883 D OPENHU  : [80] Companion.decrypt | RECV: AUDIO Media Data type: 0 flags: 11 size: 8202 dataOffset: 2
09-15 13:45:28.105 18485 18883 D OPENHU  : [80] Companion.decrypt | RECV: MUSIC_PLAYBACK Media Playback Status type: 32769 flags: 11 size: 18 dataOffset: 2
09-15 13:45:28.107 18485 18883 D OPENHU  : [80] AapMediaPlayback.processStatusPacket | AapMediaPlayback: status mediaSource='VLC', playbackSeconds(u32)=176, state=PLAYING
09-15 13:45:28.143 18485 18883 D OPENHU  : [80] Companion.decrypt | RECV: AUDIO Media Data type: 0 flags: 11 size: 8202 dataOffset: 2
09-15 13:45:28.183 18485 18883 D OPENHU  : [80] Companion.decrypt | RECV: AUDIO Media Data type: 0 flags: 11 size: 8202 dataOffset: 2
09-15 13:45:28.225 18485 18883 D OPENHU  : [80] Companion.decrypt | RECV: AUDIO Media Data type: 0 flags: 11 size: 8202 dataOffset: 2
09-15 13:45:28.269 18485 18883 D OPENHU  : [80] Companion.decrypt | RECV: AUDIO Media Data type: 0 flags: 11 size: 8202 dataOffset: 2
09-15 13:45:28.312 18485 18883 D OPENHU  : [80] Companion.decrypt | RECV: AUDIO Media Data type: 0 flags: 11 size: 8202 dataOffset: 2
09-15 13:45:28.354 18485 18883 D OPENHU  : [80] Companion.decrypt | RECV: AUDIO Media Data type: 0 flags: 11 size: 8202 dataOffset: 2
09-15 13:45:28.397 18485 18883 D OPENHU  : [80] Companion.decrypt | RECV: AUDIO Media Data type: 0 flags: 11 size: 8202 dataOffset: 2
09-15 13:45:28.440 18485 18883 D OPENHU  : [80] Companion.decrypt | RECV: AUDIO Media Data type: 0 flags: 11 size: 8202 dataOffset: 2
09-15 13:45:28.484 18485 18883 D OPENHU  : [80] Companion.decrypt | RECV: AUDIO Media Data type: 0 flags: 11 size: 8202 dataOffset: 2
09-15 13:45:28.527 18485 18883 D OPENHU  : [80] Companion.decrypt | RECV: AUDIO Media Data type: 0 flags: 11 size: 8202 dataOffset: 2
09-15 13:45:28.569 18485 18883 D OPENHU  : [80] Companion.decrypt | RECV: AUDIO Media Data type: 0 flags: 11 size: 8202 dataOffset: 2
09-15 13:45:28.613 18485 18883 D OPENHU  : [80] Companion.decrypt | RECV: AUDIO Media Data type: 0 flags: 11 size: 8202 dataOffset: 2
09-15 13:45:28.655 18485 18883 D OPENHU  : [80] Companion.decrypt | RECV: AUDIO Media Data type: 0 flags: 11 size: 8202 dataOffset: 2
09-15 13:45:28.662 18485 18883 D OPENHU  : [80] Companion.decrypt | RECV: CONTROL Ping Request type: 11 flags: 11 size: 12 dataOffset: 2
09-15 13:45:28.664 18485 18883 V OPENHU  : [80] AapTransport.send | CONTROL Ping Response type: 12 flags: 11 size: 14 dataOffset: 6
09-15 13:45:28.696 18485 18883 D OPENHU  : [80] Companion.decrypt | RECV: AUDIO Media Data type: 0 flags: 11 size: 8202 dataOffset: 2
09-15 13:45:28.707 18485 18881 I OPENHU  : [78] VideoDecoder.logFeedPacing | Feed queue full - pacing the transport thread instead of shedding frames (+4 more since the last line)
09-15 13:45:28.742 18485 18883 D OPENHU  : [80] Companion.decrypt | RECV: AUDIO Media Data type: 0 flags: 11 size: 8202 dataOffset: 2
09-15 13:45:28.784 18485 18883 D OPENHU  : [80] Companion.decrypt | RECV: AUDIO Media Data type: 0 flags: 11 size: 8202 dataOffset: 2
09-15 13:45:28.822 18485 18883 D OPENHU  : [80] Companion.decrypt | RECV: AUDIO Media Data type: 0 flags: 11 size: 8202 dataOffset: 2
09-15 13:45:28.866 18485 18883 D OPENHU  : [80] Companion.decrypt | RECV: AUDIO Media Data type: 0 flags: 11 size: 8202 dataOffset: 2
09-15 13:45:28.909 18485 18883 D OPENHU  : [80] Companion.decrypt | RECV: AUDIO Media Data type: 0 flags: 11 size: 8202 dataOffset: 2
09-15 13:45:28.951 18485 18883 D OPENHU  : [80] Companion.decrypt | RECV: AUDIO Media Data type: 0 flags: 11 size: 8202 dataOffset: 2
09-15 13:45:28.995 18485 18883 D OPENHU  : [80] Companion.decrypt | RECV: AUDIO Media Data type: 0 flags: 11 size: 8202 dataOffset: 2
09-15 13:45:29.020 18485 18485 V OPENHU  : [2] GpsLocation.onLocationChanged | GpsLocation: fix received
09-15 13:45:29.026 18485 18485 V OPENHU  : [2] AapTransport.send | SENSOR Sensor Event type: 32771 flags: 11 size: 46 dataOffset: 6
09-15 13:45:29.036 18485 18883 D OPENHU  : [80] Companion.decrypt | RECV: AUDIO Media Data type: 0 flags: 11 size: 8202 dataOffset: 2
09-15 13:45:29.080 18485 18883 D OPENHU  : [80] Companion.decrypt | RECV: AUDIO Media Data type: 0 flags: 11 size: 8202 dataOffset: 2
09-15 13:45:29.101 18485 18883 D OPENHU  : [80] Companion.decrypt | RECV: MUSIC_PLAYBACK Media Playback Status type: 32769 flags: 11 size: 18 dataOffset: 2
09-15 13:45:29.102 18485 18883 D OPENHU  : [80] AapMediaPlayback.processStatusPacket | AapMediaPlayback: status mediaSource='VLC', playbackSeconds(u32)=177, state=PLAYING
09-15 13:45:29.122 18485 18883 D OPENHU  : [80] Companion.decrypt | RECV: AUDIO Media Data type: 0 flags: 11 size: 8202 dataOffset: 2
09-15 13:45:29.168 18485 18883 D OPENHU  : [80] Companion.decrypt | RECV: AUDIO Media Data type: 0 flags: 11 size: 8202 dataOffset: 2
09-15 13:45:29.207 18485 18883 D OPENHU  : [80] Companion.decrypt | RECV: AUDIO Media Data type: 0 flags: 11 size: 8202 dataOffset: 2
09-15 13:45:29.250 18485 18883 D OPENHU  : [80] Companion.decrypt | RECV: AUDIO Media Data type: 0 flags: 11 size: 8202 dataOffset: 2
09-15 13:45:29.295 18485 18883 D OPENHU  : [80] Companion.decrypt | RECV: AUDIO Media Data type: 0 flags: 11 size: 8202 dataOffset: 2
09-15 13:45:29.338 18485 18883 D OPENHU  : [80] Companion.decrypt | RECV: AUDIO Media Data type: 0 flags: 11 size: 8202 dataOffset: 2
09-15 13:45:29.378 18485 18883 D OPENHU  : [80] Companion.decrypt | RECV: AUDIO Media Data type: 0 flags: 11 size: 8202 dataOffset: 2
09-15 13:45:29.423 18485 18883 D OPENHU  : [80] Companion.decrypt | RECV: AUDIO Media Data type: 0 flags: 11 size: 8202 dataOffset: 2
09-15 13:45:29.464 18485 18883 D OPENHU  : [80] Companion.decrypt | RECV: AUDIO Media Data type: 0 flags: 11 size: 8202 dataOffset: 2
09-15 13:45:29.506 18485 18883 D OPENHU  : [80] Companion.decrypt | RECV: AUDIO Media Data type: 0 flags: 11 size: 8202 dataOffset: 2
09-15 13:45:29.548 18485 18883 D OPENHU  : [80] Companion.decrypt | RECV: AUDIO Media Data type: 0 flags: 11 size: 8202 dataOffset: 2
09-15 13:45:29.592 18485 18883 D OPENHU  : [80] Companion.decrypt | RECV: AUDIO Media Data type: 0 flags: 11 size: 8202 dataOffset: 2
09-15 13:45:29.633 18485 18883 D OPENHU  : [80] Companion.decrypt | RECV: AUDIO Media Data type: 0 flags: 11 size: 8202 dataOffset: 2
09-15 13:45:29.655 18485 18883 D OPENHU  : [80] Companion.decrypt | RECV: CONTROL Ping Request type: 11 flags: 11 size: 12 dataOffset: 2
09-15 13:45:29.656 18485 18883 V OPENHU  : [80] AapTransport.send | CONTROL Ping Response type: 12 flags: 11 size: 14 dataOffset: 6
09-15 13:45:29.676 18485 18883 D OPENHU  : [80] Companion.decrypt | RECV: AUDIO Media Data type: 0 flags: 11 size: 8202 dataOffset: 2
09-15 13:45:29.719 18485 18883 D OPENHU  : [80] Companion.decrypt | RECV: AUDIO Media Data type: 0 flags: 11 size: 8202 dataOffset: 2
09-15 13:45:29.720 18485 18881 I OPENHU  : [78] VideoDecoder.logFeedPacing | Feed queue full - pacing the transport thread instead of shedding frames (+4 more since the last line)
09-15 13:45:29.761 18485 18883 D OPENHU  : [80] Companion.decrypt | RECV: AUDIO Media Data type: 0 flags: 11 size: 8202 dataOffset: 2
09-15 13:45:29.806 18485 18883 D OPENHU  : [80] Companion.decrypt | RECV: AUDIO Media Data type: 0 flags: 11 size: 8202 dataOffset: 2
09-15 13:45:29.847 18485 18883 D OPENHU  : [80] Companion.decrypt | RECV: AUDIO Media Data type: 0 flags: 11 size: 8202 dataOffset: 2
09-15 13:45:29.891 18485 18883 D OPENHU  : [80] Companion.decrypt | RECV: AUDIO Media Data type: 0 flags: 11 size: 8202 dataOffset: 2
09-15 13:45:29.936 18485 18883 D OPENHU  : [80] Companion.decrypt | RECV: AUDIO Media Data type: 0 flags: 11 size: 8202 dataOffset: 2
09-15 13:45:29.977 18485 18883 D OPENHU  : [80] Companion.decrypt | RECV: AUDIO Media Data type: 0 flags: 11 size: 8202 dataOffset: 2
09-15 13:45:29.994 18485 18485 V OPENHU  : [2] GpsLocation.onLocationChanged | GpsLocation: fix received
09-15 13:45:30.003 18485 18485 V OPENHU  : [2] AapTransport.send | SENSOR Sensor Event type: 32771 flags: 11 size: 46 dataOffset: 6
09-15 13:45:30.018 18485 18883 D OPENHU  : [80] Companion.decrypt | RECV: AUDIO Media Data type: 0 flags: 11 size: 8202 dataOffset: 2
09-15 13:45:30.060 18485 18883 D OPENHU  : [80] Companion.decrypt | RECV: AUDIO Media Data type: 0 flags: 11 size: 8202 dataOffset: 2
09-15 13:45:30.104 18485 18883 D OPENHU  : [80] Companion.decrypt | RECV: AUDIO Media Data type: 0 flags: 11 size: 8202 dataOffset: 2
09-15 13:45:30.108 18485 18883 D OPENHU  : [80] Companion.decrypt | RECV: MUSIC_PLAYBACK Media Playback Status type: 32769 flags: 11 size: 18 dataOffset: 2
09-15 13:45:30.109 18485 18883 D OPENHU  : [80] AapMediaPlayback.processStatusPacket | AapMediaPlayback: status mediaSource='VLC', playbackSeconds(u32)=178, state=PLAYING
09-15 13:45:30.146 18485 18883 D OPENHU  : [80] Companion.decrypt | RECV: AUDIO Media Data type: 0 flags: 11 size: 8202 dataOffset: 2
09-15 13:45:30.189 18485 18883 D OPENHU  : [80] Companion.decrypt | RECV: AUDIO Media Data type: 0 flags: 11 size: 8202 dataOffset: 2
09-15 13:45:30.232 18485 18883 D OPENHU  : [80] Companion.decrypt | RECV: AUDIO Media Data type: 0 flags: 11 size: 8202 dataOffset: 2
09-15 13:45:30.275 18485 18883 D OPENHU  : [80] Companion.decrypt | RECV: AUDIO Media Data type: 0 flags: 11 size: 8202 dataOffset: 2
09-15 13:45:30.318 18485 18883 D OPENHU  : [80] Companion.decrypt | RECV: AUDIO Media Data type: 0 flags: 11 size: 8202 dataOffset: 2
09-15 13:45:30.359 18485 18883 D OPENHU  : [80] Companion.decrypt | RECV: AUDIO Media Data type: 0 flags: 11 size: 8202 dataOffset: 2
09-15 13:45:30.403 18485 18883 D OPENHU  : [80] Companion.decrypt | RECV: AUDIO Media Data type: 0 flags: 11 size: 8202 dataOffset: 2
09-15 13:45:30.444 18485 18883 D OPENHU  : [80] Companion.decrypt | RECV: AUDIO Media Data type: 0 flags: 11 size: 8202 dataOffset: 2
09-15 13:45:30.488 18485 18883 D OPENHU  : [80] Companion.decrypt | RECV: AUDIO Media Data type: 0 flags: 11 size: 8202 dataOffset: 2
09-15 13:45:30.531 18485 18883 D OPENHU  : [80] Companion.decrypt | RECV: AUDIO Media Data type: 0 flags: 11 size: 8202 dataOffset: 2
09-15 13:45:30.574 18485 18883 D OPENHU  : [80] Companion.decrypt | RECV: AUDIO Media Data type: 0 flags: 11 size: 8202 dataOffset: 2
09-15 13:45:30.619 18485 18883 D OPENHU  : [80] Companion.decrypt | RECV: AUDIO Media Data type: 0 flags: 11 size: 8202 dataOffset: 2
09-15 13:45:30.656 18485 18883 D OPENHU  : [80] Companion.decrypt | RECV: CONTROL Ping Request type: 11 flags: 11 size: 12 dataOffset: 2
09-15 13:45:30.657 18485 18883 V OPENHU  : [80] AapTransport.send | CONTROL Ping Response type: 12 flags: 11 size: 14 dataOffset: 6
09-15 13:45:30.660 18485 18883 D OPENHU  : [80] Companion.decrypt | RECV: AUDIO Media Data type: 0 flags: 11 size: 8202 dataOffset: 2
09-15 13:45:30.702 18485 18883 D OPENHU  : [80] Companion.decrypt | RECV: AUDIO Media Data type: 0 flags: 11 size: 8202 dataOffset: 2
09-15 13:45:30.735 18485 18881 I OPENHU  : [78] VideoDecoder.logFeedPacing | Feed queue full - pacing the transport thread instead of shedding frames (+4 more since the last line)
09-15 13:45:30.743 18485 18883 D OPENHU  : [80] Companion.decrypt | RECV: AUDIO Media Data type: 0 flags: 11 size: 8202 dataOffset: 2
09-15 13:45:30.785 18485 18883 D OPENHU  : [80] Companion.decrypt | RECV: AUDIO Media Data type: 0 flags: 11 size: 8202 dataOffset: 2
09-15 13:45:30.828 18485 18883 D OPENHU  : [80] Companion.decrypt | RECV: AUDIO Media Data type: 0 flags: 11 size: 8202 dataOffset: 2
09-15 13:45:30.872 18485 18883 D OPENHU  : [80] Companion.decrypt | RECV: AUDIO Media Data type: 0 flags: 11 size: 8202 dataOffset: 2
09-15 13:45:30.915 18485 18883 D OPENHU  : [80] Companion.decrypt | RECV: AUDIO Media Data type: 0 flags: 11 size: 8202 dataOffset: 2
09-15 13:45:30.956 18485 18883 D OPENHU  : [80] Companion.decrypt | RECV: AUDIO Media Data type: 0 flags: 11 size: 8202 dataOffset: 2
09-15 13:45:30.997 18485 18883 D OPENHU  : [80] Companion.decrypt | RECV: AUDIO Media Data type: 0 flags: 11 size: 8202 dataOffset: 2
09-15 13:45:31.022 18485 18485 V OPENHU  : [2] GpsLocation.onLocationChanged | GpsLocation: fix received
09-15 13:45:31.029 18485 18485 V OPENHU  : [2] AapTransport.send | SENSOR Sensor Event type: 32771 flags: 11 size: 46 dataOffset: 6
09-15 13:45:31.041 18485 18883 D OPENHU  : [80] Companion.decrypt | RECV: AUDIO Media Data type: 0 flags: 11 size: 8202 dataOffset: 2
09-15 13:45:31.085 18485 18883 D OPENHU  : [80] Companion.decrypt | RECV: AUDIO Media Data type: 0 flags: 11 size: 8202 dataOffset: 2
09-15 13:45:31.107 18485 18883 D OPENHU  : [80] Companion.decrypt | RECV: MUSIC_PLAYBACK Media Playback Status type: 32769 flags: 11 size: 18 dataOffset: 2
09-15 13:45:31.108 18485 18883 D OPENHU  : [80] AapMediaPlayback.processStatusPacket | AapMediaPlayback: status mediaSource='VLC', playbackSeconds(u32)=179, state=PLAYING
09-15 13:45:31.127 18485 18883 D OPENHU  : [80] Companion.decrypt | RECV: AUDIO Media Data type: 0 flags: 11 size: 8202 dataOffset: 2
09-15 13:45:31.170 18485 18883 D OPENHU  : [80] Companion.decrypt | RECV: AUDIO Media Data type: 0 flags: 11 size: 8202 dataOffset: 2
09-15 13:45:31.212 18485 18883 D OPENHU  : [80] Companion.decrypt | RECV: AUDIO Media Data type: 0 flags: 11 size: 8202 dataOffset: 2
09-15 13:45:31.259 18485 18883 D OPENHU  : [80] Companion.decrypt | RECV: AUDIO Media Data type: 0 flags: 11 size: 8202 dataOffset: 2
09-15 13:45:31.298 18485 18883 D OPENHU  : [80] Companion.decrypt | RECV: AUDIO Media Data type: 0 flags: 11 size: 8202 dataOffset: 2
09-15 13:45:31.341 18485 18883 D OPENHU  : [80] Companion.decrypt | RECV: AUDIO Media Data type: 0 flags: 11 size: 8202 dataOffset: 2
09-15 13:45:31.384 18485 18883 D OPENHU  : [80] Companion.decrypt | RECV: AUDIO Media Data type: 0 flags: 11 size: 8202 dataOffset: 2
09-15 13:45:31.426 18485 18883 D OPENHU  : [80] Companion.decrypt | RECV: AUDIO Media Data type: 0 flags: 11 size: 8202 dataOffset: 2
09-15 13:45:31.468 18485 18883 D OPENHU  : [80] Companion.decrypt | RECV: AUDIO Media Data type: 0 flags: 11 size: 8202 dataOffset: 2
09-15 13:45:31.500 18485 18907 I OPENHU  : [89] VideoDecoder.logThroughput | Throughput over 5005ms: rendered=24 (4fps), fed=24 (4fps), dropped=0, skipped=0, concealed=0, inputWait=7ms, enqueueWait=4836ms, codec=c2.unisoc.avc.decoder, presented=24 (4fps), decodeLatency=unreadable (24 frames)
09-15 13:45:31.513 18485 18883 D OPENHU  : [80] Companion.decrypt | RECV: AUDIO Media Data type: 0 flags: 11 size: 8202 dataOffset: 2
09-15 13:45:31.553 18485 18883 D OPENHU  : [80] Companion.decrypt | RECV: AUDIO Media Data type: 0 flags: 11 size: 8202 dataOffset: 2
09-15 13:45:31.597 18485 18883 D OPENHU  : [80] Companion.decrypt | RECV: AUDIO Media Data type: 0 flags: 11 size: 8202 dataOffset: 2
09-15 13:45:31.640 18485 18883 D OPENHU  : [80] Companion.decrypt | RECV: AUDIO Media Data type: 0 flags: 11 size: 8202 dataOffset: 2
09-15 13:45:31.660 18485 18883 D OPENHU  : [80] Companion.decrypt | RECV: CONTROL Ping Request type: 11 flags: 11 size: 12 dataOffset: 2
09-15 13:45:31.661 18485 18883 V OPENHU  : [80] AapTransport.send | CONTROL Ping Response type: 12 flags: 11 size: 14 dataOffset: 6
09-15 13:45:31.683 18485 18883 D OPENHU  : [80] Companion.decrypt | RECV: AUDIO Media Data type: 0 flags: 11 size: 8202 dataOffset: 2
09-15 13:45:31.725 18485 18883 D OPENHU  : [80] Companion.decrypt | RECV: AUDIO Media Data type: 0 flags: 11 size: 8202 dataOffset: 2
09-15 13:45:31.749 18485 18881 I OPENHU  : [78] VideoDecoder.logFeedPacing | Feed queue full - pacing the transport thread instead of shedding frames (+4 more since the last line)
09-15 13:45:31.769 18485 18883 D OPENHU  : [80] Companion.decrypt | RECV: AUDIO Media Data type: 0 flags: 11 size: 8202 dataOffset: 2
09-15 13:45:31.811 18485 18883 D OPENHU  : [80] Companion.decrypt | RECV: AUDIO Media Data type: 0 flags: 11 size: 8202 dataOffset: 2
09-15 13:45:31.853 18485 18883 D OPENHU  : [80] Companion.decrypt | RECV: AUDIO Media Data type: 0 flags: 11 size: 8202 dataOffset: 2
09-15 13:45:31.900 18485 18883 D OPENHU  : [80] Companion.decrypt | RECV: AUDIO Media Data type: 0 flags: 11 size: 8202 dataOffset: 2
09-15 13:45:31.938 18485 18883 D OPENHU  : [80] Companion.decrypt | RECV: AUDIO Media Data type: 0 flags: 11 size: 8202 dataOffset: 2
09-15 13:45:31.981 18485 18883 D OPENHU  : [80] Companion.decrypt | RECV: AUDIO Media Data type: 0 flags: 11 size: 8202 dataOffset: 2
09-15 13:45:31.996 18485 18485 V OPENHU  : [2] GpsLocation.onLocationChanged | GpsLocation: fix received
09-15 13:45:32.004 18485 18485 V OPENHU  : [2] AapTransport.send | SENSOR Sensor Event type: 32771 flags: 11 size: 46 dataOffset: 6
09-15 13:45:32.024 18485 18883 D OPENHU  : [80] Companion.decrypt | RECV: AUDIO Media Data type: 0 flags: 11 size: 8202 dataOffset: 2
09-15 13:45:32.067 18485 18883 D OPENHU  : [80] Companion.decrypt | RECV: AUDIO Media Data type: 0 flags: 11 size: 8202 dataOffset: 2
09-15 13:45:32.108 18485 18883 D OPENHU  : [80] Companion.decrypt | RECV: AUDIO Media Data type: 0 flags: 11 size: 8202 dataOffset: 2
09-15 13:45:32.112 18485 18883 D OPENHU  : [80] Companion.decrypt | RECV: MUSIC_PLAYBACK Media Playback Status type: 32769 flags: 11 size: 18 dataOffset: 2
09-15 13:45:32.112 18485 18883 D OPENHU  : [80] AapMediaPlayback.processStatusPacket | AapMediaPlayback: status mediaSource='VLC', playbackSeconds(u32)=180, state=PLAYING
09-15 13:45:32.151 18485 18883 D OPENHU  : [80] Companion.decrypt | RECV: AUDIO Media Data type: 0 flags: 11 size: 8202 dataOffset: 2
09-15 13:45:32.194 18485 18883 D OPENHU  : [80] Companion.decrypt | RECV: AUDIO Media Data type: 0 flags: 11 size: 8202 dataOffset: 2
09-15 13:45:32.236 18485 18883 D OPENHU  : [80] Companion.decrypt | RECV: AUDIO Media Data type: 0 flags: 11 size: 8202 dataOffset: 2
09-15 13:45:32.280 18485 18883 D OPENHU  : [80] Companion.decrypt | RECV: AUDIO Media Data type: 0 flags: 11 size: 8202 dataOffset: 2
09-15 13:45:32.322 18485 18883 D OPENHU  : [80] Companion.decrypt | RECV: AUDIO Media Data type: 0 flags: 11 size: 8202 dataOffset: 2
09-15 13:45:32.366 18485 18883 D OPENHU  : [80] Companion.decrypt | RECV: AUDIO Media Data type: 0 flags: 11 size: 8202 dataOffset: 2
09-15 13:45:32.408 18485 18883 D OPENHU  : [80] Companion.decrypt | RECV: AUDIO Media Data type: 0 flags: 11 size: 8202 dataOffset: 2
09-15 13:45:32.451 18485 18883 D OPENHU  : [80] Companion.decrypt | RECV: AUDIO Media Data type: 0 flags: 11 size: 8202 dataOffset: 2
09-15 13:45:32.494 18485 18883 D OPENHU  : [80] Companion.decrypt | RECV: AUDIO Media Data type: 0 flags: 11 size: 8202 dataOffset: 2
09-15 13:45:32.541 18485 18883 D OPENHU  : [80] Companion.decrypt | RECV: AUDIO Media Data type: 0 flags: 11 size: 8202 dataOffset: 2
09-15 13:45:32.572 18485 18485 I OPENHU  : [2] TextureProjectionView.onSurfaceTextureUpdated | TextureProjectionView: displayed 25 frames in 5070ms (4fps), longFrames=0
09-15 13:45:32.578 18485 18883 D OPENHU  : [80] Companion.decrypt | RECV: AUDIO Media Data type: 0 flags: 11 size: 8202 dataOffset: 2
09-15 13:45:32.621 18485 18883 D OPENHU  : [80] Companion.decrypt | RECV: AUDIO Media Data type: 0 flags: 11 size: 8202 dataOffset: 2
09-15 13:45:32.659 18485 18883 D OPENHU  : [80] Companion.decrypt | RECV: CONTROL Ping Request type: 11 flags: 11 size: 12 dataOffset: 2
09-15 13:45:32.661 18485 18883 V OPENHU  : [80] AapTransport.send | CONTROL Ping Response type: 12 flags: 11 size: 14 dataOffset: 6
09-15 13:45:32.667 18485 18883 D OPENHU  : [80] Companion.decrypt | RECV: AUDIO Media Data type: 0 flags: 11 size: 8202 dataOffset: 2
09-15 13:45:32.706 18485 18883 D OPENHU  : [80] Companion.decrypt | RECV: AUDIO Media Data type: 0 flags: 11 size: 8202 dataOffset: 2
09-15 13:45:32.751 18485 18883 D OPENHU  : [80] Companion.decrypt | RECV: AUDIO Media Data type: 0 flags: 11 size: 8202 dataOffset: 2
09-15 13:45:32.761 18485 18881 I OPENHU  : [78] VideoDecoder.logFeedPacing | Feed queue full - pacing the transport thread instead of shedding frames (+4 more since the last line)
09-15 13:45:32.792 18485 18883 D OPENHU  : [80] Companion.decrypt | RECV: AUDIO Media Data type: 0 flags: 11 size: 8202 dataOffset: 2
09-15 13:45:32.835 18485 18883 D OPENHU  : [80] Companion.decrypt | RECV: AUDIO Media Data type: 0 flags: 11 size: 8202 dataOffset: 2
09-15 13:45:32.877 18485 18883 D OPENHU  : [80] Companion.decrypt | RECV: AUDIO Media Data type: 0 flags: 11 size: 8202 dataOffset: 2
09-15 13:45:32.921 18485 18883 D OPENHU  : [80] Companion.decrypt | RECV: AUDIO Media Data type: 0 flags: 11 size: 8202 dataOffset: 2
09-15 13:45:32.963 18485 18883 D OPENHU  : [80] Companion.decrypt | RECV: AUDIO Media Data type: 0 flags: 11 size: 8202 dataOffset: 2
09-15 13:45:33.007 18485 18883 D OPENHU  : [80] Companion.decrypt | RECV: AUDIO Media Data type: 0 flags: 11 size: 8202 dataOffset: 2
09-15 13:45:33.025 18485 18485 V OPENHU  : [2] GpsLocation.onLocationChanged | GpsLocation: fix received
09-15 13:45:33.035 18485 18485 V OPENHU  : [2] AapTransport.send | SENSOR Sensor Event type: 32771 flags: 11 size: 46 dataOffset: 6
09-15 13:45:33.053 18485 18883 D OPENHU  : [80] Companion.decrypt | RECV: AUDIO Media Data type: 0 flags: 11 size: 8202 dataOffset: 2
09-15 13:45:33.093 18485 18883 D OPENHU  : [80] Companion.decrypt | RECV: AUDIO Media Data type: 0 flags: 11 size: 8202 dataOffset: 2
09-15 13:45:33.115 18485 18883 D OPENHU  : [80] Companion.decrypt | RECV: MUSIC_PLAYBACK Media Playback Status type: 32769 flags: 11 size: 18 dataOffset: 2
09-15 13:45:33.117 18485 18883 D OPENHU  : [80] AapMediaPlayback.processStatusPacket | AapMediaPlayback: status mediaSource='VLC', playbackSeconds(u32)=181, state=PLAYING
09-15 13:45:33.136 18485 18883 D OPENHU  : [80] Companion.decrypt | RECV: AUDIO Media Data type: 0 flags: 11 size: 8202 dataOffset: 2
09-15 13:45:33.179 18485 18883 D OPENHU  : [80] Companion.decrypt | RECV: AUDIO Media Data type: 0 flags: 11 size: 8202 dataOffset: 2
09-15 13:45:33.218 18485 18883 D OPENHU  : [80] Companion.decrypt | RECV: AUDIO Media Data type: 0 flags: 11 size: 8202 dataOffset: 2
09-15 13:45:33.261 18485 18883 D OPENHU  : [80] Companion.decrypt | RECV: AUDIO Media Data type: 0 flags: 11 size: 8202 dataOffset: 2
09-15 13:45:33.303 18485 18883 D OPENHU  : [80] Companion.decrypt | RECV: AUDIO Media Data type: 0 flags: 11 size: 8202 dataOffset: 2
09-15 13:45:33.346 18485 18883 D OPENHU  : [80] Companion.decrypt | RECV: AUDIO Media Data type: 0 flags: 11 size: 8202 dataOffset: 2
09-15 13:45:33.389 18485 18883 D OPENHU  : [80] Companion.decrypt | RECV: AUDIO Media Data type: 0 flags: 11 size: 8202 dataOffset: 2
09-15 13:45:33.434 18485 18883 D OPENHU  : [80] Companion.decrypt | RECV: AUDIO Media Data type: 0 flags: 11 size: 8202 dataOffset: 2
09-15 13:45:33.477 18485 18883 D OPENHU  : [80] Companion.decrypt | RECV: AUDIO Media Data type: 0 flags: 11 size: 8202 dataOffset: 2
09-15 13:45:33.519 18485 18883 D OPENHU  : [80] Companion.decrypt | RECV: AUDIO Media Data type: 0 flags: 11 size: 8202 dataOffset: 2
09-15 13:45:33.562 18485 18883 D OPENHU  : [80] Companion.decrypt | RECV: AUDIO Media Data type: 0 flags: 11 size: 8202 dataOffset: 2
09-15 13:45:33.605 18485 18883 D OPENHU  : [80] Companion.decrypt | RECV: AUDIO Media Data type: 0 flags: 11 size: 8202 dataOffset: 2
09-15 13:45:33.648 18485 18883 D OPENHU  : [80] Companion.decrypt | RECV: AUDIO Media Data type: 0 flags: 11 size: 8202 dataOffset: 2
09-15 13:45:33.662 18485 18883 D OPENHU  : [80] Companion.decrypt | RECV: CONTROL Ping Request type: 11 flags: 11 size: 12 dataOffset: 2
09-15 13:45:33.663 18485 18883 V OPENHU  : [80] AapTransport.send | CONTROL Ping Response type: 12 flags: 11 size: 14 dataOffset: 6
09-15 13:45:33.692 18485 18883 D OPENHU  : [80] Companion.decrypt | RECV: AUDIO Media Data type: 0 flags: 11 size: 8202 dataOffset: 2
09-15 13:45:33.730 18485 18883 D OPENHU  : [80] Companion.decrypt | RECV: AUDIO Media Data type: 0 flags: 11 size: 8202 dataOffset: 2
09-15 13:45:33.774 18485 18883 D OPENHU  : [80] Companion.decrypt | RECV: AUDIO Media Data type: 0 flags: 11 size: 8202 dataOffset: 2
09-15 13:45:33.777 18485 18881 I OPENHU  : [78] VideoDecoder.logFeedPacing | Feed queue full - pacing the transport thread instead of shedding frames (+4 more since the last line)
09-15 13:45:33.819 18485 18883 D OPENHU  : [80] Companion.decrypt | RECV: AUDIO Media Data type: 0 flags: 11 size: 8202 dataOffset: 2
09-15 13:45:33.858 18485 18883 D OPENHU  : [80] Companion.decrypt | RECV: AUDIO Media Data type: 0 flags: 11 size: 8202 dataOffset: 2
09-15 13:45:33.903 18485 18883 D OPENHU  : [80] Companion.decrypt | RECV: AUDIO Media Data type: 0 flags: 11 size: 8202 dataOffset: 2
09-15 13:45:33.944 18485 18883 D OPENHU  : [80] Companion.decrypt | RECV: AUDIO Media Data type: 0 flags: 11 size: 8202 dataOffset: 2
09-15 13:45:33.986 18485 18883 D OPENHU  : [80] Companion.decrypt | RECV: AUDIO Media Data type: 0 flags: 11 size: 8202 dataOffset: 2
09-15 13:45:33.999 18485 18485 V OPENHU  : [2] GpsLocation.onLocationChanged | GpsLocation: fix received
09-15 13:45:34.007 18485 18485 V OPENHU  : [2] AapTransport.send | SENSOR Sensor Event type: 32771 flags: 11 size: 46 dataOffset: 6
09-15 13:45:34.030 18485 18883 D OPENHU  : [80] Companion.decrypt | RECV: AUDIO Media Data type: 0 flags: 11 size: 8202 dataOffset: 2
09-15 13:45:34.072 18485 18883 D OPENHU  : [80] Companion.decrypt | RECV: AUDIO Media Data type: 0 flags: 11 size: 8202 dataOffset: 2
09-15 13:45:34.114 18485 18883 D OPENHU  : [80] Companion.decrypt | RECV: AUDIO Media Data type: 0 flags: 11 size: 8202 dataOffset: 2
09-15 13:45:34.117 18485 18883 D OPENHU  : [80] Companion.decrypt | RECV: MUSIC_PLAYBACK Media Playback Status type: 32769 flags: 11 size: 18 dataOffset: 2
09-15 13:45:34.118 18485 18883 D OPENHU  : [80] AapMediaPlayback.processStatusPacket | AapMediaPlayback: status mediaSource='VLC', playbackSeconds(u32)=182, state=PLAYING
09-15 13:45:34.157 18485 18883 D OPENHU  : [80] Companion.decrypt | RECV: AUDIO Media Data type: 0 flags: 11 size: 8202 dataOffset: 2
09-15 13:45:34.200 18485 18883 D OPENHU  : [80] Companion.decrypt | RECV: AUDIO Media Data type: 0 flags: 11 size: 8202 dataOffset: 2
09-15 13:45:34.240 18485 18883 D OPENHU  : [80] Companion.decrypt | RECV: AUDIO Media Data type: 0 flags: 11 size: 8202 dataOffset: 2
09-15 13:45:34.283 18485 18883 D OPENHU  : [80] Companion.decrypt | RECV: AUDIO Media Data type: 0 flags: 11 size: 8202 dataOffset: 2
09-15 13:45:34.328 18485 18883 D OPENHU  : [80] Companion.decrypt | RECV: AUDIO Media Data type: 0 flags: 11 size: 8202 dataOffset: 2
09-15 13:45:34.371 18485 18883 D OPENHU  : [80] Companion.decrypt | RECV: AUDIO Media Data type: 0 flags: 11 size: 8202 dataOffset: 2
09-15 13:45:34.414 18485 18883 D OPENHU  : [80] Companion.decrypt | RECV: AUDIO Media Data type: 0 flags: 11 size: 8202 dataOffset: 2
09-15 13:45:34.457 18485 18883 D OPENHU  : [80] Companion.decrypt | RECV: AUDIO Media Data type: 0 flags: 11 size: 8202 dataOffset: 2
09-15 13:45:34.497 18485 18883 D OPENHU  : [80] Companion.decrypt | RECV: AUDIO Media Data type: 0 flags: 11 size: 8202 dataOffset: 2
09-15 13:45:34.544 18485 18883 D OPENHU  : [80] Companion.decrypt | RECV: AUDIO Media Data type: 0 flags: 11 size: 8202 dataOffset: 2
09-15 13:45:34.586 18485 18883 D OPENHU  : [80] Companion.decrypt | RECV: AUDIO Media Data type: 0 flags: 11 size: 8202 dataOffset: 2
09-15 13:45:34.628 18485 18883 D OPENHU  : [80] Companion.decrypt | RECV: AUDIO Media Data type: 0 flags: 11 size: 8202 dataOffset: 2
09-15 13:45:34.663 18485 18883 D OPENHU  : [80] Companion.decrypt | RECV: CONTROL Ping Request type: 11 flags: 11 size: 12 dataOffset: 2
09-15 13:45:34.665 18485 18883 V OPENHU  : [80] AapTransport.send | CONTROL Ping Response type: 12 flags: 11 size: 14 dataOffset: 6
09-15 13:45:34.671 18485 18883 D OPENHU  : [80] Companion.decrypt | RECV: AUDIO Media Data type: 0 flags: 11 size: 8202 dataOffset: 2
09-15 13:45:34.712 18485 18883 D OPENHU  : [80] Companion.decrypt | RECV: AUDIO Media Data type: 0 flags: 11 size: 8202 dataOffset: 2
09-15 13:45:34.755 18485 18883 D OPENHU  : [80] Companion.decrypt | RECV: AUDIO Media Data type: 0 flags: 11 size: 8202 dataOffset: 2
09-15 13:45:34.791 18485 18881 I OPENHU  : [78] VideoDecoder.logFeedPacing | Feed queue full - pacing the transport thread instead of shedding frames (+4 more since the last line)
09-15 13:45:34.800 18485 18883 D OPENHU  : [80] Companion.decrypt | RECV: AUDIO Media Data type: 0 flags: 11 size: 8202 dataOffset: 2
09-15 13:45:34.840 18485 18883 D OPENHU  : [80] Companion.decrypt | RECV: AUDIO Media Data type: 0 flags: 11 size: 8202 dataOffset: 2
09-15 13:45:34.882 18485 18883 D OPENHU  : [80] Companion.decrypt | RECV: AUDIO Media Data type: 0 flags: 11 size: 8202 dataOffset: 2
09-15 13:45:34.926 18485 18883 D OPENHU  : [80] Companion.decrypt | RECV: AUDIO Media Data type: 0 flags: 11 size: 8202 dataOffset: 2
09-15 13:45:34.980 18485 18883 D OPENHU  : [80] Companion.decrypt | RECV: AUDIO Media Data type: 0 flags: 11 size: 8202 dataOffset: 2
09-15 13:45:35.012 18485 18883 D OPENHU  : [80] Companion.decrypt | RECV: AUDIO Media Data type: 0 flags: 11 size: 8202 dataOffset: 2
09-15 13:45:35.024 18485 18485 V OPENHU  : [2] GpsLocation.onLocationChanged | GpsLocation: fix received
09-15 13:45:35.033 18485 18485 V OPENHU  : [2] AapTransport.send | SENSOR Sensor Event type: 32771 flags: 11 size: 46 dataOffset: 6
09-15 13:45:35.054 18485 18883 D OPENHU  : [80] Companion.decrypt | RECV: AUDIO Media Data type: 0 flags: 11 size: 8202 dataOffset: 2
09-15 13:45:35.100 18485 18883 D OPENHU  : [80] Companion.decrypt | RECV: AUDIO Media Data type: 0 flags: 11 size: 8202 dataOffset: 2
09-15 13:45:35.121 18485 18883 D OPENHU  : [80] Companion.decrypt | RECV: MUSIC_PLAYBACK Media Playback Status type: 32769 flags: 11 size: 18 dataOffset: 2
09-15 13:45:35.123 18485 18883 D OPENHU  : [80] AapMediaPlayback.processStatusPacket | AapMediaPlayback: status mediaSource='VLC', playbackSeconds(u32)=183, state=PLAYING
09-15 13:45:35.140 18485 18883 D OPENHU  : [80] Companion.decrypt | RECV: AUDIO Media Data type: 0 flags: 11 size: 8202 dataOffset: 2
09-15 13:45:35.184 18485 18883 D OPENHU  : [80] Companion.decrypt | RECV: AUDIO Media Data type: 0 flags: 11 size: 8202 dataOffset: 2
09-15 13:45:35.224 18485 18883 D OPENHU  : [80] Companion.decrypt | RECV: AUDIO Media Data type: 0 flags: 11 size: 8202 dataOffset: 2
09-15 13:45:35.265 18485 18883 D OPENHU  : [80] Companion.decrypt | RECV: AUDIO Media Data type: 0 flags: 11 size: 8202 dataOffset: 2
09-15 13:45:35.309 18485 18883 D OPENHU  : [80] Companion.decrypt | RECV: AUDIO Media Data type: 0 flags: 11 size: 8202 dataOffset: 2
09-15 13:45:35.351 18485 18883 D OPENHU  : [80] Companion.decrypt | RECV: AUDIO Media Data type: 0 flags: 11 size: 8202 dataOffset: 2
09-15 13:45:35.394 18485 18883 D OPENHU  : [80] Companion.decrypt | RECV: AUDIO Media Data type: 0 flags: 11 size: 8202 dataOffset: 2
09-15 13:45:35.436 18485 18883 D OPENHU  : [80] Companion.decrypt | RECV: AUDIO Media Data type: 0 flags: 11 size: 8202 dataOffset: 2
09-15 13:45:35.480 18485 18883 D OPENHU  : [80] Companion.decrypt | RECV: AUDIO Media Data type: 0 flags: 11 size: 8202 dataOffset: 2
09-15 13:45:35.522 18485 18883 D OPENHU  : [80] Companion.decrypt | RECV: AUDIO Media Data type: 0 flags: 11 size: 8202 dataOffset: 2
09-15 13:45:35.565 18485 18883 D OPENHU  : [80] Companion.decrypt | RECV: AUDIO Media Data type: 0 flags: 11 size: 8202 dataOffset: 2
09-15 13:45:35.607 18485 18883 D OPENHU  : [80] Companion.decrypt | RECV: AUDIO Media Data type: 0 flags: 11 size: 8202 dataOffset: 2
09-15 13:45:35.650 18485 18883 D OPENHU  : [80] Companion.decrypt | RECV: AUDIO Media Data type: 0 flags: 11 size: 8202 dataOffset: 2
09-15 13:45:35.661 18485 18883 D OPENHU  : [80] Companion.decrypt | RECV: CONTROL Ping Request type: 11 flags: 11 size: 12 dataOffset: 2
09-15 13:45:35.662 18485 18883 V OPENHU  : [80] AapTransport.send | CONTROL Ping Response type: 12 flags: 11 size: 14 dataOffset: 6
09-15 13:45:35.695 18485 18883 D OPENHU  : [80] Companion.decrypt | RECV: AUDIO Media Data type: 0 flags: 11 size: 8202 dataOffset: 2
09-15 13:45:35.735 18485 18883 D OPENHU  : [80] Companion.decrypt | RECV: AUDIO Media Data type: 0 flags: 11 size: 8202 dataOffset: 2
09-15 13:45:35.778 18485 18883 D OPENHU  : [80] Companion.decrypt | RECV: AUDIO Media Data type: 0 flags: 11 size: 8202 dataOffset: 2
09-15 13:45:35.805 18485 18881 I OPENHU  : [78] VideoDecoder.logFeedPacing | Feed queue full - pacing the transport thread instead of shedding frames (+4 more since the last line)
09-15 13:45:35.821 18485 18883 D OPENHU  : [80] Companion.decrypt | RECV: AUDIO Media Data type: 0 flags: 11 size: 8202 dataOffset: 2
09-15 13:45:35.863 18485 18883 D OPENHU  : [80] Companion.decrypt | RECV: AUDIO Media Data type: 0 flags: 11 size: 8202 dataOffset: 2
09-15 13:45:35.905 18485 18883 D OPENHU  : [80] Companion.decrypt | RECV: AUDIO Media Data type: 0 flags: 11 size: 8202 dataOffset: 2
09-15 13:45:35.949 18485 18883 D OPENHU  : [80] Companion.decrypt | RECV: AUDIO Media Data type: 0 flags: 11 size: 8202 dataOffset: 2
09-15 13:45:35.991 18485 18883 D OPENHU  : [80] Companion.decrypt | RECV: AUDIO Media Data type: 0 flags: 11 size: 8202 dataOffset: 2
09-15 13:45:35.996 18485 18485 V OPENHU  : [2] GpsLocation.onLocationChanged | GpsLocation: fix received
09-15 13:45:36.003 18485 18485 V OPENHU  : [2] AapTransport.send | SENSOR Sensor Event type: 32771 flags: 11 size: 46 dataOffset: 6
09-15 13:45:36.036 18485 18883 D OPENHU  : [80] Companion.decrypt | RECV: AUDIO Media Data type: 0 flags: 11 size: 8202 dataOffset: 2
09-15 13:45:36.078 18485 18883 D OPENHU  : [80] Companion.decrypt | RECV: AUDIO Media Data type: 0 flags: 11 size: 8202 dataOffset: 2
09-15 13:45:36.131 18485 18883 D OPENHU  : [80] Companion.decrypt | RECV: AUDIO Media Data type: 0 flags: 11 size: 8202 dataOffset: 2
09-15 13:45:36.136 18485 18883 D OPENHU  : [80] Companion.decrypt | RECV: MUSIC_PLAYBACK Media Playback Status type: 32769 flags: 11 size: 18 dataOffset: 2
09-15 13:45:36.137 18485 18883 D OPENHU  : [80] AapMediaPlayback.processStatusPacket | AapMediaPlayback: status mediaSource='VLC', playbackSeconds(u32)=184, state=PLAYING
09-15 13:45:36.161 18485 18883 D OPENHU  : [80] Companion.decrypt | RECV: AUDIO Media Data type: 0 flags: 11 size: 8202 dataOffset: 2
09-15 13:45:36.204 18485 18883 D OPENHU  : [80] Companion.decrypt | RECV: AUDIO Media Data type: 0 flags: 11 size: 8202 dataOffset: 2
09-15 13:45:36.246 18485 18883 D OPENHU  : [80] Companion.decrypt | RECV: AUDIO Media Data type: 0 flags: 11 size: 8202 dataOffset: 2
09-15 13:45:36.291 18485 18883 D OPENHU  : [80] Companion.decrypt | RECV: AUDIO Media Data type: 0 flags: 11 size: 8202 dataOffset: 2
09-15 13:45:36.333 18485 18883 D OPENHU  : [80] Companion.decrypt | RECV: AUDIO Media Data type: 0 flags: 11 size: 8202 dataOffset: 2
09-15 13:45:36.376 18485 18883 D OPENHU  : [80] Companion.decrypt | RECV: AUDIO Media Data type: 0 flags: 11 size: 8202 dataOffset: 2
09-15 13:45:36.419 18485 18883 D OPENHU  : [80] Companion.decrypt | RECV: AUDIO Media Data type: 0 flags: 11 size: 8202 dataOffset: 2
09-15 13:45:36.461 18485 18883 D OPENHU  : [80] Companion.decrypt | RECV: AUDIO Media Data type: 0 flags: 11 size: 8202 dataOffset: 2
09-15 13:45:36.500 18485 18907 I OPENHU  : [89] VideoDecoder.logThroughput | Throughput over 5001ms: rendered=25 (4fps), fed=25 (4fps), dropped=0, skipped=0, concealed=0, inputWait=10ms, enqueueWait=5053ms, codec=c2.unisoc.avc.decoder, presented=25 (4fps), decodeLatency=unreadable (25 frames)
09-15 13:45:36.503 18485 18883 D OPENHU  : [80] Companion.decrypt | RECV: AUDIO Media Data type: 0 flags: 11 size: 8202 dataOffset: 2
09-15 13:45:36.547 18485 18883 D OPENHU  : [80] Companion.decrypt | RECV: AUDIO Media Data type: 0 flags: 11 size: 8202 dataOffset: 2
09-15 13:45:36.589 18485 18883 D OPENHU  : [80] Companion.decrypt | RECV: AUDIO Media Data type: 0 flags: 11 size: 8202 dataOffset: 2
09-15 13:45:36.631 18485 18883 D OPENHU  : [80] Companion.decrypt | RECV: AUDIO Media Data type: 0 flags: 11 size: 8202 dataOffset: 2
09-15 13:45:36.665 18485 18883 D OPENHU  : [80] Companion.decrypt | RECV: CONTROL Ping Request type: 11 flags: 11 size: 12 dataOffset: 2
09-15 13:45:36.666 18485 18883 V OPENHU  : [80] AapTransport.send | CONTROL Ping Response type: 12 flags: 11 size: 14 dataOffset: 6
09-15 13:45:36.676 18485 18883 D OPENHU  : [80] Companion.decrypt | RECV: AUDIO Media Data type: 0 flags: 11 size: 8202 dataOffset: 2
09-15 13:45:36.717 18485 18883 D OPENHU  : [80] Companion.decrypt | RECV: AUDIO Media Data type: 0 flags: 11 size: 8202 dataOffset: 2
09-15 13:45:36.759 18485 18883 D OPENHU  : [80] Companion.decrypt | RECV: AUDIO Media Data type: 0 flags: 11 size: 8202 dataOffset: 2
09-15 13:45:36.802 18485 18883 D OPENHU  : [80] Companion.decrypt | RECV: AUDIO Media Data type: 0 flags: 11 size: 8202 dataOffset: 2
09-15 13:45:36.823 18485 18881 I OPENHU  : [78] VideoDecoder.logFeedPacing | Feed queue full - pacing the transport thread instead of shedding frames (+4 more since the last line)
09-15 13:45:36.844 18485 18883 D OPENHU  : [80] Companion.decrypt | RECV: AUDIO Media Data type: 0 flags: 11 size: 8202 dataOffset: 2
09-15 13:45:36.887 18485 18883 D OPENHU  : [80] Companion.decrypt | RECV: AUDIO Media Data type: 0 flags: 11 size: 8202 dataOffset: 2
09-15 13:45:36.928 18485 18883 D OPENHU  : [80] Companion.decrypt | RECV: AUDIO Media Data type: 0 flags: 11 size: 8202 dataOffset: 2
09-15 13:45:36.972 18485 18883 D OPENHU  : [80] Companion.decrypt | RECV: AUDIO Media Data type: 0 flags: 11 size: 8202 dataOffset: 2
09-15 13:45:37.014 18485 18883 D OPENHU  : [80] Companion.decrypt | RECV: AUDIO Media Data type: 0 flags: 11 size: 8202 dataOffset: 2
09-15 13:45:37.023 18485 18485 V OPENHU  : [2] GpsLocation.onLocationChanged | GpsLocation: fix received
09-15 13:45:37.033 18485 18485 V OPENHU  : [2] AapTransport.send | SENSOR Sensor Event type: 32771 flags: 11 size: 46 dataOffset: 6
09-15 13:45:37.058 18485 18883 D OPENHU  : [80] Companion.decrypt | RECV: AUDIO Media Data type: 0 flags: 11 size: 8202 dataOffset: 2
09-15 13:45:37.105 18485 18883 D OPENHU  : [80] Companion.decrypt | RECV: AUDIO Media Data type: 0 flags: 11 size: 8202 dataOffset: 2
09-15 13:45:37.123 18485 18883 D OPENHU  : [80] Companion.decrypt | RECV: MUSIC_PLAYBACK Media Playback Status type: 32769 flags: 11 size: 18 dataOffset: 2
09-15 13:45:37.124 18485 18883 D OPENHU  : [80] AapMediaPlayback.processStatusPacket | AapMediaPlayback: status mediaSource='VLC', playbackSeconds(u32)=185, state=PLAYING
09-15 13:45:37.143 18485 18883 D OPENHU  : [80] Companion.decrypt | RECV: AUDIO Media Data type: 0 flags: 11 size: 8202 dataOffset: 2
09-15 13:45:37.187 18485 18883 D OPENHU  : [80] Companion.decrypt | RECV: AUDIO Media Data type: 0 flags: 11 size: 8202 dataOffset: 2
09-15 13:45:37.231 18485 18883 D OPENHU  : [80] Companion.decrypt | RECV: AUDIO Media Data type: 0 flags: 11 size: 8202 dataOffset: 2
09-15 13:45:37.271 18485 18883 D OPENHU  : [80] Companion.decrypt | RECV: AUDIO Media Data type: 0 flags: 11 size: 8202 dataOffset: 2
09-15 13:45:37.313 18485 18883 D OPENHU  : [80] Companion.decrypt | RECV: AUDIO Media Data type: 0 flags: 11 size: 8202 dataOffset: 2
09-15 13:45:37.356 18485 18883 D OPENHU  : [80] Companion.decrypt | RECV: AUDIO Media Data type: 0 flags: 11 size: 8202 dataOffset: 2
09-15 13:45:37.400 18485 18883 D OPENHU  : [80] Companion.decrypt | RECV: AUDIO Media Data type: 0 flags: 11 size: 8202 dataOffset: 2
09-15 13:45:37.443 18485 18883 D OPENHU  : [80] Companion.decrypt | RECV: AUDIO Media Data type: 0 flags: 11 size: 8202 dataOffset: 2
09-15 13:45:37.485 18485 18883 D OPENHU  : [80] Companion.decrypt | RECV: AUDIO Media Data type: 0 flags: 11 size: 8202 dataOffset: 2
09-15 13:45:37.527 18485 18883 D OPENHU  : [80] Companion.decrypt | RECV: AUDIO Media Data type: 0 flags: 11 size: 8202 dataOffset: 2
09-15 13:45:37.571 18485 18883 D OPENHU  : [80] Companion.decrypt | RECV: AUDIO Media Data type: 0 flags: 11 size: 8202 dataOffset: 2
09-15 13:45:37.613 18485 18883 D OPENHU  : [80] Companion.decrypt | RECV: AUDIO Media Data type: 0 flags: 11 size: 8202 dataOffset: 2
09-15 13:45:37.655 18485 18883 D OPENHU  : [80] Companion.decrypt | RECV: AUDIO Media Data type: 0 flags: 11 size: 8202 dataOffset: 2
09-15 13:45:37.660 18485 18485 I OPENHU  : [2] TextureProjectionView.onSurfaceTextureUpdated | TextureProjectionView: displayed 25 frames in 5087ms (4fps), longFrames=0
09-15 13:45:37.662 18485 18883 D OPENHU  : [80] Companion.decrypt | RECV: CONTROL Ping Request type: 11 flags: 11 size: 12 dataOffset: 2
09-15 13:45:37.663 18485 18883 V OPENHU  : [80] AapTransport.send | CONTROL Ping Response type: 12 flags: 11 size: 14 dataOffset: 6
09-15 13:45:37.697 18485 18883 D OPENHU  : [80] Companion.decrypt | RECV: AUDIO Media Data type: 0 flags: 11 size: 8202 dataOffset: 2
09-15 13:45:37.740 18485 18883 D OPENHU  : [80] Companion.decrypt | RECV: AUDIO Media Data type: 0 flags: 11 size: 8202 dataOffset: 2
09-15 13:45:37.783 18485 18883 D OPENHU  : [80] Companion.decrypt | RECV: AUDIO Media Data type: 0 flags: 11 size: 8202 dataOffset: 2
09-15 13:45:37.827 18485 18883 D OPENHU  : [80] Companion.decrypt | RECV: AUDIO Media Data type: 0 flags: 11 size: 8202 dataOffset: 2
09-15 13:45:37.839 18485 18881 I OPENHU  : [78] VideoDecoder.logFeedPacing | Feed queue full - pacing the transport thread instead of shedding frames (+4 more since the last line)
09-15 13:45:37.869 18485 18883 D OPENHU  : [80] Companion.decrypt | RECV: AUDIO Media Data type: 0 flags: 11 size: 8202 dataOffset: 2
09-15 13:45:37.912 18485 18883 D OPENHU  : [80] Companion.decrypt | RECV: AUDIO Media Data type: 0 flags: 11 size: 8202 dataOffset: 2
09-15 13:45:37.953 18485 18883 D OPENHU  : [80] Companion.decrypt | RECV: AUDIO Media Data type: 0 flags: 11 size: 8202 dataOffset: 2
09-15 13:45:37.995 18485 18485 V OPENHU  : [2] GpsLocation.onLocationChanged | GpsLocation: fix received
09-15 13:45:37.997 18485 18883 D OPENHU  : [80] Companion.decrypt | RECV: AUDIO Media Data type: 0 flags: 11 size: 8202 dataOffset: 2
09-15 13:45:38.002 18485 18485 V OPENHU  : [2] AapTransport.send | SENSOR Sensor Event type: 32771 flags: 11 size: 46 dataOffset: 6
09-15 13:45:38.039 18485 18883 D OPENHU  : [80] Companion.decrypt | RECV: AUDIO Media Data type: 0 flags: 11 size: 8202 dataOffset: 2
09-15 13:45:38.083 18485 18883 D OPENHU  : [80] Companion.decrypt | RECV: AUDIO Media Data type: 0 flags: 11 size: 8202 dataOffset: 2
09-15 13:45:38.125 18485 18883 D OPENHU  : [80] Companion.decrypt | RECV: AUDIO Media Data type: 0 flags: 11 size: 8202 dataOffset: 2
09-15 13:45:38.129 18485 18883 D OPENHU  : [80] Companion.decrypt | RECV: MUSIC_PLAYBACK Media Playback Status type: 32769 flags: 11 size: 18 dataOffset: 2
09-15 13:45:38.130 18485 18883 D OPENHU  : [80] AapMediaPlayback.processStatusPacket | AapMediaPlayback: status mediaSource='VLC', playbackSeconds(u32)=186, state=PLAYING
09-15 13:45:38.167 18485 18883 D OPENHU  : [80] Companion.decrypt | RECV: AUDIO Media Data type: 0 flags: 11 size: 8202 dataOffset: 2
09-15 13:45:38.212 18485 18883 D OPENHU  : [80] Companion.decrypt | RECV: AUDIO Media Data type: 0 flags: 11 size: 8202 dataOffset: 2
09-15 13:45:38.256 18485 18883 D OPENHU  : [80] Companion.decrypt | RECV: AUDIO Media Data type: 0 flags: 11 size: 8202 dataOffset: 2
09-15 13:45:38.296 18485 18883 D OPENHU  : [80] Companion.decrypt | RECV: AUDIO Media Data type: 0 flags: 11 size: 8202 dataOffset: 2
09-15 13:45:38.338 18485 18883 D OPENHU  : [80] Companion.decrypt | RECV: AUDIO Media Data type: 0 flags: 11 size: 8202 dataOffset: 2
09-15 13:45:38.382 18485 18883 D OPENHU  : [80] Companion.decrypt | RECV: AUDIO Media Data type: 0 flags: 11 size: 8202 dataOffset: 2
09-15 13:45:38.424 18485 18883 D OPENHU  : [80] Companion.decrypt | RECV: AUDIO Media Data type: 0 flags: 11 size: 8202 dataOffset: 2
09-15 13:45:38.466 18485 18883 D OPENHU  : [80] Companion.decrypt | RECV: AUDIO Media Data type: 0 flags: 11 size: 8202 dataOffset: 2
09-15 13:45:38.511 18485 18883 D OPENHU  : [80] Companion.decrypt | RECV: AUDIO Media Data type: 0 flags: 11 size: 8202 dataOffset: 2
09-15 13:45:38.554 18485 18883 D OPENHU  : [80] Companion.decrypt | RECV: AUDIO Media Data type: 0 flags: 11 size: 8202 dataOffset: 2
09-15 13:45:38.597 18485 18883 D OPENHU  : [80] Companion.decrypt | RECV: AUDIO Media Data type: 0 flags: 11 size: 8202 dataOffset: 2
09-15 13:45:38.639 18485 18883 D OPENHU  : [80] Companion.decrypt | RECV: AUDIO Media Data type: 0 flags: 11 size: 8202 dataOffset: 2
09-15 13:45:38.666 18485 18883 D OPENHU  : [80] Companion.decrypt | RECV: CONTROL Ping Request type: 11 flags: 11 size: 12 dataOffset: 2
09-15 13:45:38.668 18485 18883 V OPENHU  : [80] AapTransport.send | CONTROL Ping Response type: 12 flags: 11 size: 14 dataOffset: 6
09-15 13:45:38.682 18485 18883 D OPENHU  : [80] Companion.decrypt | RECV: AUDIO Media Data type: 0 flags: 11 size: 8202 dataOffset: 2
09-15 13:45:38.723 18485 18883 D OPENHU  : [80] Companion.decrypt | RECV: AUDIO Media Data type: 0 flags: 11 size: 8202 dataOffset: 2
09-15 13:45:38.765 18485 18883 D OPENHU  : [80] Companion.decrypt | RECV: AUDIO Media Data type: 0 flags: 11 size: 8202 dataOffset: 2
09-15 13:45:38.808 18485 18883 D OPENHU  : [80] Companion.decrypt | RECV: AUDIO Media Data type: 0 flags: 11 size: 8202 dataOffset: 2
09-15 13:45:38.851 18485 18883 D OPENHU  : [80] Companion.decrypt | RECV: AUDIO Media Data type: 0 flags: 11 size: 8202 dataOffset: 2
09-15 13:45:38.853 18485 18881 I OPENHU  : [78] VideoDecoder.logFeedPacing | Feed queue full - pacing the transport thread instead of shedding frames (+4 more since the last line)
09-15 13:45:38.894 18485 18883 D OPENHU  : [80] Companion.decrypt | RECV: AUDIO Media Data type: 0 flags: 11 size: 8202 dataOffset: 2
09-15 13:45:38.937 18485 18883 D OPENHU  : [80] Companion.decrypt | RECV: AUDIO Media Data type: 0 flags: 11 size: 8202 dataOffset: 2
09-15 13:45:38.987 18485 18883 D OPENHU  : [80] Companion.decrypt | RECV: AUDIO Media Data type: 0 flags: 11 size: 8202 dataOffset: 2
09-15 13:45:39.022 18485 18883 D OPENHU  : [80] Companion.decrypt | RECV: AUDIO Media Data type: 0 flags: 11 size: 8202 dataOffset: 2
09-15 13:45:39.023 18485 18485 V OPENHU  : [2] GpsLocation.onLocationChanged | GpsLocation: fix received
09-15 13:45:39.032 18485 18485 V OPENHU  : [2] AapTransport.send | SENSOR Sensor Event type: 32771 flags: 11 size: 46 dataOffset: 6
09-15 13:45:39.066 18485 18883 D OPENHU  : [80] Companion.decrypt | RECV: AUDIO Media Data type: 0 flags: 11 size: 8202 dataOffset: 2
09-15 13:45:39.107 18485 18883 D OPENHU  : [80] Companion.decrypt | RECV: AUDIO Media Data type: 0 flags: 11 size: 8202 dataOffset: 2
09-15 13:45:39.133 18485 18883 D OPENHU  : [80] Companion.decrypt | RECV: MUSIC_PLAYBACK Media Playback Status type: 32769 flags: 11 size: 18 dataOffset: 2
09-15 13:45:39.135 18485 18883 D OPENHU  : [80] AapMediaPlayback.processStatusPacket | AapMediaPlayback: status mediaSource='VLC', playbackSeconds(u32)=187, state=PLAYING
09-15 13:45:39.152 18485 18883 D OPENHU  : [80] Companion.decrypt | RECV: AUDIO Media Data type: 0 flags: 11 size: 8202 dataOffset: 2
09-15 13:45:39.193 18485 18883 D OPENHU  : [80] Companion.decrypt | RECV: AUDIO Media Data type: 0 flags: 11 size: 8202 dataOffset: 2
09-15 13:45:39.238 18485 18883 D OPENHU  : [80] Companion.decrypt | RECV: AUDIO Media Data type: 0 flags: 11 size: 8202 dataOffset: 2
09-15 13:45:39.278 18485 18883 D OPENHU  : [80] Companion.decrypt | RECV: AUDIO Media Data type: 0 flags: 11 size: 8202 dataOffset: 2
09-15 13:45:39.320 18485 18883 D OPENHU  : [80] Companion.decrypt | RECV: AUDIO Media Data type: 0 flags: 11 size: 8202 dataOffset: 2
09-15 13:45:39.366 18485 18883 D OPENHU  : [80] Companion.decrypt | RECV: AUDIO Media Data type: 0 flags: 11 size: 8202 dataOffset: 2
09-15 13:45:39.405 18485 18883 D OPENHU  : [80] Companion.decrypt | RECV: AUDIO Media Data type: 0 flags: 11 size: 8202 dataOffset: 2
09-15 13:45:39.451 18485 18883 D OPENHU  : [80] Companion.decrypt | RECV: AUDIO Media Data type: 0 flags: 11 size: 8202 dataOffset: 2
09-15 13:45:39.493 18485 18883 D OPENHU  : [80] Companion.decrypt | RECV: AUDIO Media Data type: 0 flags: 11 size: 8202 dataOffset: 2
09-15 13:45:39.544 18485 18883 D OPENHU  : [80] Companion.decrypt | RECV: AUDIO Media Data type: 0 flags: 11 size: 8202 dataOffset: 2
09-15 13:45:39.579 18485 18883 D OPENHU  : [80] Companion.decrypt | RECV: AUDIO Media Data type: 0 flags: 11 size: 8202 dataOffset: 2
09-15 13:45:39.620 18485 18883 D OPENHU  : [80] Companion.decrypt | RECV: AUDIO Media Data type: 0 flags: 11 size: 8202 dataOffset: 2
09-15 13:45:39.662 18485 18883 D OPENHU  : [80] Companion.decrypt | RECV: AUDIO Media Data type: 0 flags: 11 size: 8202 dataOffset: 2
09-15 13:45:39.668 18485 18883 D OPENHU  : [80] Companion.decrypt | RECV: CONTROL Ping Request type: 11 flags: 11 size: 12 dataOffset: 2
09-15 13:45:39.669 18485 18883 V OPENHU  : [80] AapTransport.send | CONTROL Ping Response type: 12 flags: 11 size: 14 dataOffset: 6
09-15 13:45:39.704 18485 18883 D OPENHU  : [80] Companion.decrypt | RECV: AUDIO Media Data type: 0 flags: 11 size: 8202 dataOffset: 2
09-15 13:45:39.746 18485 18883 D OPENHU  : [80] Companion.decrypt | RECV: AUDIO Media Data type: 0 flags: 11 size: 8202 dataOffset: 2
09-15 13:45:39.789 18485 18883 D OPENHU  : [80] Companion.decrypt | RECV: AUDIO Media Data type: 0 flags: 11 size: 8202 dataOffset: 2
09-15 13:45:39.832 18485 18883 D OPENHU  : [80] Companion.decrypt | RECV: AUDIO Media Data type: 0 flags: 11 size: 8202 dataOffset: 2
09-15 13:45:39.867 18485 18881 I OPENHU  : [78] VideoDecoder.logFeedPacing | Feed queue full - pacing the transport thread instead of shedding frames (+4 more since the last line)
09-15 13:45:39.875 18485 18883 D OPENHU  : [80] Companion.decrypt | RECV: AUDIO Media Data type: 0 flags: 11 size: 8202 dataOffset: 2
09-15 13:45:39.918 18485 18883 D OPENHU  : [80] Companion.decrypt | RECV: AUDIO Media Data type: 0 flags: 11 size: 8202 dataOffset: 2
09-15 13:45:39.963 18485 18883 D OPENHU  : [80] Companion.decrypt | RECV: AUDIO Media Data type: 0 flags: 11 size: 8202 dataOffset: 2
09-15 13:45:39.995 18485 18485 V OPENHU  : [2] GpsLocation.onLocationChanged | GpsLocation: fix received
09-15 13:45:40.003 18485 18485 V OPENHU  : [2] AapTransport.send | SENSOR Sensor Event type: 32771 flags: 11 size: 46 dataOffset: 6
09-15 13:45:40.004 18485 18883 D OPENHU  : [80] Companion.decrypt | RECV: AUDIO Media Data type: 0 flags: 11 size: 8202 dataOffset: 2
09-15 13:45:40.049 18485 18883 D OPENHU  : [80] Companion.decrypt | RECV: AUDIO Media Data type: 0 flags: 11 size: 8202 dataOffset: 2
09-15 13:45:40.090 18485 18883 D OPENHU  : [80] Companion.decrypt | RECV: AUDIO Media Data type: 0 flags: 11 size: 8202 dataOffset: 2
09-15 13:45:40.134 18485 18883 D OPENHU  : [80] Companion.decrypt | RECV: AUDIO Media Data type: 0 flags: 11 size: 8202 dataOffset: 2
09-15 13:45:40.139 18485 18883 D OPENHU  : [80] Companion.decrypt | RECV: MUSIC_PLAYBACK Media Playback Status type: 32769 flags: 11 size: 18 dataOffset: 2
09-15 13:45:40.141 18485 18883 D OPENHU  : [80] AapMediaPlayback.processStatusPacket | AapMediaPlayback: status mediaSource='VLC', playbackSeconds(u32)=188, state=PLAYING
09-15 13:45:40.175 18485 18883 D OPENHU  : [80] Companion.decrypt | RECV: AUDIO Media Data type: 0 flags: 11 size: 8202 dataOffset: 2
09-15 13:45:40.217 18485 18883 D OPENHU  : [80] Companion.decrypt | RECV: AUDIO Media Data type: 0 flags: 11 size: 8202 dataOffset: 2
09-15 13:45:40.259 18485 18883 D OPENHU  : [80] Companion.decrypt | RECV: AUDIO Media Data type: 0 flags: 11 size: 8202 dataOffset: 2
09-15 13:45:40.301 18485 18883 D OPENHU  : [80] Companion.decrypt | RECV: AUDIO Media Data type: 0 flags: 11 size: 8202 dataOffset: 2
09-15 13:45:40.343 18485 18883 D OPENHU  : [80] Companion.decrypt | RECV: AUDIO Media Data type: 0 flags: 11 size: 8202 dataOffset: 2
09-15 13:45:40.385 18485 18883 D OPENHU  : [80] Companion.decrypt | RECV: AUDIO Media Data type: 0 flags: 11 size: 8202 dataOffset: 2
09-15 13:45:40.429 18485 18883 D OPENHU  : [80] Companion.decrypt | RECV: AUDIO Media Data type: 0 flags: 11 size: 8202 dataOffset: 2
09-15 13:45:40.472 18485 18883 D OPENHU  : [80] Companion.decrypt | RECV: AUDIO Media Data type: 0 flags: 11 size: 8202 dataOffset: 2
09-15 13:45:40.514 18485 18883 D OPENHU  : [80] Companion.decrypt | RECV: AUDIO Media Data type: 0 flags: 11 size: 8202 dataOffset: 2
09-15 13:45:40.557 18485 18883 D OPENHU  : [80] Companion.decrypt | RECV: AUDIO Media Data type: 0 flags: 11 size: 8202 dataOffset: 2
09-15 13:45:40.600 18485 18883 D OPENHU  : [80] Companion.decrypt | RECV: AUDIO Media Data type: 0 flags: 11 size: 8202 dataOffset: 2
09-15 13:45:40.641 18485 18883 D OPENHU  : [80] Companion.decrypt | RECV: AUDIO Media Data type: 0 flags: 11 size: 8202 dataOffset: 2
09-15 13:45:40.664 18485 18883 D OPENHU  : [80] Companion.decrypt | RECV: CONTROL Ping Request type: 11 flags: 11 size: 12 dataOffset: 2
09-15 13:45:40.665 18485 18883 V OPENHU  : [80] AapTransport.send | CONTROL Ping Response type: 12 flags: 11 size: 14 dataOffset: 6
09-15 13:45:40.684 18485 18883 D OPENHU  : [80] Companion.decrypt | RECV: AUDIO Media Data type: 0 flags: 11 size: 8202 dataOffset: 2
09-15 13:45:40.728 18485 18883 D OPENHU  : [80] Companion.decrypt | RECV: AUDIO Media Data type: 0 flags: 11 size: 8202 dataOffset: 2
09-15 13:45:40.770 18485 18883 D OPENHU  : [80] Companion.decrypt | RECV: AUDIO Media Data type: 0 flags: 11 size: 8202 dataOffset: 2
09-15 13:45:40.814 18485 18883 D OPENHU  : [80] Companion.decrypt | RECV: AUDIO Media Data type: 0 flags: 11 size: 8202 dataOffset: 2
09-15 13:45:40.858 18485 18883 D OPENHU  : [80] Companion.decrypt | RECV: AUDIO Media Data type: 0 flags: 11 size: 8202 dataOffset: 2
09-15 13:45:40.881 18485 18881 I OPENHU  : [78] VideoDecoder.logFeedPacing | Feed queue full - pacing the transport thread instead of shedding frames (+4 more since the last line)
09-15 13:45:40.898 18485 18883 D OPENHU  : [80] Companion.decrypt | RECV: AUDIO Media Data type: 0 flags: 11 size: 8202 dataOffset: 2
09-15 13:45:40.941 18485 18883 D OPENHU  : [80] Companion.decrypt | RECV: AUDIO Media Data type: 0 flags: 11 size: 8202 dataOffset: 2
09-15 13:45:40.985 18485 18883 D OPENHU  : [80] Companion.decrypt | RECV: AUDIO Media Data type: 0 flags: 11 size: 8202 dataOffset: 2
09-15 13:45:41.023 18485 18485 V OPENHU  : [2] GpsLocation.onLocationChanged | GpsLocation: fix received
09-15 13:45:41.027 18485 18883 D OPENHU  : [80] Companion.decrypt | RECV: AUDIO Media Data type: 0 flags: 11 size: 8202 dataOffset: 2
09-15 13:45:41.033 18485 18485 V OPENHU  : [2] AapTransport.send | SENSOR Sensor Event type: 32771 flags: 11 size: 46 dataOffset: 6
09-15 13:45:41.068 18485 18883 D OPENHU  : [80] Companion.decrypt | RECV: AUDIO Media Data type: 0 flags: 11 size: 8202 dataOffset: 2
09-15 13:45:41.112 18485 18883 D OPENHU  : [80] Companion.decrypt | RECV: AUDIO Media Data type: 0 flags: 11 size: 8202 dataOffset: 2
09-15 13:45:41.142 18485 18883 D OPENHU  : [80] Companion.decrypt | RECV: MUSIC_PLAYBACK Media Playback Status type: 32769 flags: 11 size: 18 dataOffset: 2
09-15 13:45:41.143 18485 18883 D OPENHU  : [80] AapMediaPlayback.processStatusPacket | AapMediaPlayback: status mediaSource='VLC', playbackSeconds(u32)=189, state=PLAYING
09-15 13:45:41.154 18485 18883 D OPENHU  : [80] Companion.decrypt | RECV: AUDIO Media Data type: 0 flags: 11 size: 8202 dataOffset: 2
09-15 13:45:41.199 18485 18883 D OPENHU  : [80] Companion.decrypt | RECV: AUDIO Media Data type: 0 flags: 11 size: 8202 dataOffset: 2
09-15 13:45:41.239 18485 18883 D OPENHU  : [80] Companion.decrypt | RECV: AUDIO Media Data type: 0 flags: 11 size: 8202 dataOffset: 2
09-15 13:45:41.281 18485 18883 D OPENHU  : [80] Companion.decrypt | RECV: AUDIO Media Data type: 0 flags: 11 size: 8202 dataOffset: 2
09-15 13:45:41.325 18485 18883 D OPENHU  : [80] Companion.decrypt | RECV: AUDIO Media Data type: 0 flags: 11 size: 8202 dataOffset: 2
09-15 13:45:41.371 18485 18883 D OPENHU  : [80] Companion.decrypt | RECV: AUDIO Media Data type: 0 flags: 11 size: 8202 dataOffset: 2
09-15 13:45:41.410 18485 18883 D OPENHU  : [80] Companion.decrypt | RECV: AUDIO Media Data type: 0 flags: 11 size: 8202 dataOffset: 2
09-15 13:45:41.456 18485 18883 D OPENHU  : [80] Companion.decrypt | RECV: AUDIO Media Data type: 0 flags: 11 size: 8202 dataOffset: 2
09-15 13:45:41.496 18485 18883 D OPENHU  : [80] Companion.decrypt | RECV: AUDIO Media Data type: 0 flags: 11 size: 8202 dataOffset: 2
09-15 13:45:41.509 18485 18907 I OPENHU  : [89] VideoDecoder.logThroughput | Throughput over 5009ms: rendered=25 (4fps), fed=25 (4fps), dropped=0, skipped=0, concealed=0, inputWait=7ms, enqueueWait=5047ms, codec=c2.unisoc.avc.decoder, presented=25 (4fps), decodeLatency=unreadable (25 frames)
09-15 13:45:41.539 18485 18883 D OPENHU  : [80] Companion.decrypt | RECV: AUDIO Media Data type: 0 flags: 11 size: 8202 dataOffset: 2
09-15 13:45:41.582 18485 18883 D OPENHU  : [80] Companion.decrypt | RECV: AUDIO Media Data type: 0 flags: 11 size: 8202 dataOffset: 2
09-15 13:45:41.624 18485 18883 D OPENHU  : [80] Companion.decrypt | RECV: AUDIO Media Data type: 0 flags: 11 size: 8202 dataOffset: 2
09-15 13:45:41.665 18485 18883 D OPENHU  : [80] Companion.decrypt | RECV: AUDIO Media Data type: 0 flags: 11 size: 8202 dataOffset: 2
09-15 13:45:41.668 18485 18883 D OPENHU  : [80] Companion.decrypt | RECV: CONTROL Ping Request type: 11 flags: 11 size: 12 dataOffset: 2
09-15 13:45:41.669 18485 18883 V OPENHU  : [80] AapTransport.send | CONTROL Ping Response type: 12 flags: 11 size: 14 dataOffset: 6
09-15 13:45:41.709 18485 18883 D OPENHU  : [80] Companion.decrypt | RECV: AUDIO Media Data type: 0 flags: 11 size: 8202 dataOffset: 2
09-15 13:45:41.751 18485 18883 D OPENHU  : [80] Companion.decrypt | RECV: AUDIO Media Data type: 0 flags: 11 size: 8202 dataOffset: 2
09-15 13:45:41.794 18485 18883 D OPENHU  : [80] Companion.decrypt | RECV: AUDIO Media Data type: 0 flags: 11 size: 8202 dataOffset: 2
09-15 13:45:41.837 18485 18883 D OPENHU  : [80] Companion.decrypt | RECV: AUDIO Media Data type: 0 flags: 11 size: 8202 dataOffset: 2
09-15 13:45:41.880 18485 18883 D OPENHU  : [80] Companion.decrypt | RECV: AUDIO Media Data type: 0 flags: 11 size: 8202 dataOffset: 2
09-15 13:45:41.896 18485 18881 I OPENHU  : [78] VideoDecoder.logFeedPacing | Feed queue full - pacing the transport thread instead of shedding frames (+4 more since the last line)
09-15 13:45:41.922 18485 18883 D OPENHU  : [80] Companion.decrypt | RECV: AUDIO Media Data type: 0 flags: 11 size: 8202 dataOffset: 2
09-15 13:45:41.965 18485 18883 D OPENHU  : [80] Companion.decrypt | RECV: AUDIO Media Data type: 0 flags: 11 size: 8202 dataOffset: 2
09-15 13:45:41.994 18485 18485 V OPENHU  : [2] GpsLocation.onLocationChanged | GpsLocation: fix received
09-15 13:45:42.002 18485 18485 V OPENHU  : [2] AapTransport.send | SENSOR Sensor Event type: 32771 flags: 11 size: 46 dataOffset: 6
09-15 13:45:42.007 18485 18883 D OPENHU  : [80] Companion.decrypt | RECV: AUDIO Media Data type: 0 flags: 11 size: 8202 dataOffset: 2
09-15 13:45:42.054 18485 18883 D OPENHU  : [80] Companion.decrypt | RECV: AUDIO Media Data type: 0 flags: 11 size: 8202 dataOffset: 2
09-15 13:45:42.092 18485 18883 D OPENHU  : [80] Companion.decrypt | RECV: AUDIO Media Data type: 0 flags: 11 size: 8202 dataOffset: 2
09-15 13:45:42.136 18485 18883 D OPENHU  : [80] Companion.decrypt | RECV: AUDIO Media Data type: 0 flags: 11 size: 8202 dataOffset: 2
09-15 13:45:42.140 18485 18883 D OPENHU  : [80] Companion.decrypt | RECV: MUSIC_PLAYBACK Media Playback Status type: 32769 flags: 11 size: 18 dataOffset: 2
09-15 13:45:42.141 18485 18883 D OPENHU  : [80] AapMediaPlayback.processStatusPacket | AapMediaPlayback: status mediaSource='VLC', playbackSeconds(u32)=190, state=PLAYING
09-15 13:45:42.178 18485 18883 D OPENHU  : [80] Companion.decrypt | RECV: AUDIO Media Data type: 0 flags: 11 size: 8202 dataOffset: 2
09-15 13:45:42.222 18485 18883 D OPENHU  : [80] Companion.decrypt | RECV: AUDIO Media Data type: 0 flags: 11 size: 8202 dataOffset: 2
09-15 13:45:42.264 18485 18883 D OPENHU  : [80] Companion.decrypt | RECV: AUDIO Media Data type: 0 flags: 11 size: 8202 dataOffset: 2
09-15 13:45:42.306 18485 18883 D OPENHU  : [80] Companion.decrypt | RECV: AUDIO Media Data type: 0 flags: 11 size: 8202 dataOffset: 2
09-15 13:45:42.351 18485 18883 D OPENHU  : [80] Companion.decrypt | RECV: AUDIO Media Data type: 0 flags: 11 size: 8202 dataOffset: 2
09-15 13:45:42.391 18485 18883 D OPENHU  : [80] Companion.decrypt | RECV: AUDIO Media Data type: 0 flags: 11 size: 8202 dataOffset: 2
09-15 13:45:42.435 18485 18883 D OPENHU  : [80] Companion.decrypt | RECV: AUDIO Media Data type: 0 flags: 11 size: 8202 dataOffset: 2
09-15 13:45:42.486 18485 18883 D OPENHU  : [80] Companion.decrypt | RECV: AUDIO Media Data type: 0 flags: 11 size: 8202 dataOffset: 2
09-15 13:45:42.519 18485 18883 D OPENHU  : [80] Companion.decrypt | RECV: AUDIO Media Data type: 0 flags: 11 size: 8202 dataOffset: 2
09-15 13:45:42.563 18485 18883 D OPENHU  : [80] Companion.decrypt | RECV: AUDIO Media Data type: 0 flags: 11 size: 8202 dataOffset: 2
09-15 13:45:42.617 18485 18883 D OPENHU  : [80] Companion.decrypt | RECV: AUDIO Media Data type: 0 flags: 11 size: 8202 dataOffset: 2
09-15 13:45:42.651 18485 18883 D OPENHU  : [80] Companion.decrypt | RECV: AUDIO Media Data type: 0 flags: 11 size: 8202 dataOffset: 2
09-15 13:45:42.666 18485 18883 D OPENHU  : [80] Companion.decrypt | RECV: CONTROL Ping Request type: 11 flags: 11 size: 12 dataOffset: 2
09-15 13:45:42.667 18485 18883 V OPENHU  : [80] AapTransport.send | CONTROL Ping Response type: 12 flags: 11 size: 14 dataOffset: 6
09-15 13:45:42.691 18485 18883 D OPENHU  : [80] Companion.decrypt | RECV: AUDIO Media Data type: 0 flags: 11 size: 8202 dataOffset: 2
09-15 13:45:42.731 18485 18485 I OPENHU  : [2] TextureProjectionView.onSurfaceTextureUpdated | TextureProjectionView: displayed 25 frames in 5070ms (4fps), longFrames=0
09-15 13:45:42.737 18485 18883 D OPENHU  : [80] Companion.decrypt | RECV: AUDIO Media Data type: 0 flags: 11 size: 8202 dataOffset: 2
09-15 13:45:42.776 18485 18883 D OPENHU  : [80] Companion.decrypt | RECV: AUDIO Media Data type: 0 flags: 11 size: 8202 dataOffset: 2
09-15 13:45:42.819 18485 18883 D OPENHU  : [80] Companion.decrypt | RECV: AUDIO Media Data type: 0 flags: 11 size: 8202 dataOffset: 2
09-15 13:45:42.861 18485 18883 D OPENHU  : [80] Companion.decrypt | RECV: AUDIO Media Data type: 0 flags: 11 size: 8202 dataOffset: 2
09-15 13:45:42.905 18485 18883 D OPENHU  : [80] Companion.decrypt | RECV: AUDIO Media Data type: 0 flags: 11 size: 8202 dataOffset: 2
09-15 13:45:42.911 18485 18881 I OPENHU  : [78] VideoDecoder.logFeedPacing | Feed queue full - pacing the transport thread instead of shedding frames (+4 more since the last line)
09-15 13:45:42.946 18485 18883 D OPENHU  : [80] Companion.decrypt | RECV: AUDIO Media Data type: 0 flags: 11 size: 8202 dataOffset: 2
09-15 13:45:42.987 18485 18883 D OPENHU  : [80] Companion.decrypt | RECV: AUDIO Media Data type: 0 flags: 11 size: 8202 dataOffset: 2
09-15 13:45:43.022 18485 18485 V OPENHU  : [2] GpsLocation.onLocationChanged | GpsLocation: fix received
09-15 13:45:43.029 18485 18485 V OPENHU  : [2] AapTransport.send | SENSOR Sensor Event type: 32771 flags: 11 size: 46 dataOffset: 6
09-15 13:45:43.032 18485 18883 D OPENHU  : [80] Companion.decrypt | RECV: AUDIO Media Data type: 0 flags: 11 size: 8202 dataOffset: 2
09-15 13:45:43.075 18485 18883 D OPENHU  : [80] Companion.decrypt | RECV: AUDIO Media Data type: 0 flags: 11 size: 8202 dataOffset: 2
09-15 13:45:43.119 18485 18883 D OPENHU  : [80] Companion.decrypt | RECV: AUDIO Media Data type: 0 flags: 11 size: 8202 dataOffset: 2
09-15 13:45:43.143 18485 18883 D OPENHU  : [80] Companion.decrypt | RECV: MUSIC_PLAYBACK Media Playback Status type: 32769 flags: 11 size: 18 dataOffset: 2
09-15 13:45:43.144 18485 18883 D OPENHU  : [80] AapMediaPlayback.processStatusPacket | AapMediaPlayback: status mediaSource='VLC', playbackSeconds(u32)=191, state=PLAYING
09-15 13:45:43.158 18485 18883 D OPENHU  : [80] Companion.decrypt | RECV: AUDIO Media Data type: 0 flags: 11 size: 8202 dataOffset: 2
09-15 13:45:43.202 18485 18883 D OPENHU  : [80] Companion.decrypt | RECV: AUDIO Media Data type: 0 flags: 11 size: 8202 dataOffset: 2
09-15 13:45:43.245 18485 18883 D OPENHU  : [80] Companion.decrypt | RECV: AUDIO Media Data type: 0 flags: 11 size: 8202 dataOffset: 2
09-15 13:45:43.288 18485 18883 D OPENHU  : [80] Companion.decrypt | RECV: AUDIO Media Data type: 0 flags: 11 size: 8202 dataOffset: 2
09-15 13:45:43.334 18485 18883 D OPENHU  : [80] Companion.decrypt | RECV: AUDIO Media Data type: 0 flags: 11 size: 8202 dataOffset: 2
09-15 13:45:43.373 18485 18883 D OPENHU  : [80] Companion.decrypt | RECV: AUDIO Media Data type: 0 flags: 11 size: 8202 dataOffset: 2
09-15 13:45:43.418 18485 18883 D OPENHU  : [80] Companion.decrypt | RECV: AUDIO Media Data type: 0 flags: 11 size: 8202 dataOffset: 2
09-15 13:45:43.461 18485 18883 D OPENHU  : [80] Companion.decrypt | RECV: AUDIO Media Data type: 0 flags: 11 size: 8202 dataOffset: 2
09-15 13:45:43.501 18485 18883 D OPENHU  : [80] Companion.decrypt | RECV: AUDIO Media Data type: 0 flags: 11 size: 8202 dataOffset: 2
09-15 13:45:43.544 18485 18883 D OPENHU  : [80] Companion.decrypt | RECV: AUDIO Media Data type: 0 flags: 11 size: 8202 dataOffset: 2
09-15 13:45:43.585 18485 18883 D OPENHU  : [80] Companion.decrypt | RECV: AUDIO Media Data type: 0 flags: 11 size: 8202 dataOffset: 2
09-15 13:45:43.629 18485 18883 D OPENHU  : [80] Companion.decrypt | RECV: AUDIO Media Data type: 0 flags: 11 size: 8202 dataOffset: 2
09-15 13:45:43.668 18485 18883 D OPENHU  : [80] Companion.decrypt | RECV: CONTROL Ping Request type: 11 flags: 11 size: 12 dataOffset: 2
09-15 13:45:43.669 18485 18883 V OPENHU  : [80] AapTransport.send | CONTROL Ping Response type: 12 flags: 11 size: 14 dataOffset: 6
09-15 13:45:43.671 18485 18883 D OPENHU  : [80] Companion.decrypt | RECV: AUDIO Media Data type: 0 flags: 11 size: 8202 dataOffset: 2
09-15 13:45:43.715 18485 18883 D OPENHU  : [80] Companion.decrypt | RECV: AUDIO Media Data type: 0 flags: 11 size: 8202 dataOffset: 2
09-15 13:45:43.757 18485 18883 D OPENHU  : [80] Companion.decrypt | RECV: AUDIO Media Data type: 0 flags: 11 size: 8202 dataOffset: 2
09-15 13:45:43.800 18485 18883 D OPENHU  : [80] Companion.decrypt | RECV: AUDIO Media Data type: 0 flags: 11 size: 8202 dataOffset: 2
09-15 13:45:43.843 18485 18883 D OPENHU  : [80] Companion.decrypt | RECV: AUDIO Media Data type: 0 flags: 11 size: 8202 dataOffset: 2
09-15 13:45:43.885 18485 18883 D OPENHU  : [80] Companion.decrypt | RECV: AUDIO Media Data type: 0 flags: 11 size: 8202 dataOffset: 2
09-15 13:45:43.927 18485 18881 I OPENHU  : [78] VideoDecoder.logFeedPacing | Feed queue full - pacing the transport thread instead of shedding frames (+4 more since the last line)
09-15 13:45:43.928 18485 18883 D OPENHU  : [80] Companion.decrypt | RECV: AUDIO Media Data type: 0 flags: 11 size: 8202 dataOffset: 2
09-15 13:45:43.972 18485 18883 D OPENHU  : [80] Companion.decrypt | RECV: AUDIO Media Data type: 0 flags: 11 size: 8202 dataOffset: 2
09-15 13:45:43.997 18485 18485 V OPENHU  : [2] GpsLocation.onLocationChanged | GpsLocation: fix received
09-15 13:45:44.005 18485 18485 V OPENHU  : [2] AapTransport.send | SENSOR Sensor Event type: 32771 flags: 11 size: 46 dataOffset: 6
09-15 13:45:44.017 18485 18883 D OPENHU  : [80] Companion.decrypt | RECV: AUDIO Media Data type: 0 flags: 11 size: 8202 dataOffset: 2
09-15 13:45:44.057 18485 18883 D OPENHU  : [80] Companion.decrypt | RECV: AUDIO Media Data type: 0 flags: 11 size: 8202 dataOffset: 2
09-15 13:45:44.102 18485 18883 D OPENHU  : [80] Companion.decrypt | RECV: AUDIO Media Data type: 0 flags: 11 size: 8202 dataOffset: 2
09-15 13:45:44.142 18485 18883 D OPENHU  : [80] Companion.decrypt | RECV: AUDIO Media Data type: 0 flags: 11 size: 8202 dataOffset: 2
09-15 13:45:44.148 18485 18883 D OPENHU  : [80] Companion.decrypt | RECV: MUSIC_PLAYBACK Media Playback Status type: 32769 flags: 11 size: 18 dataOffset: 2
09-15 13:45:44.149 18485 18883 D OPENHU  : [80] AapMediaPlayback.processStatusPacket | AapMediaPlayback: status mediaSource='VLC', playbackSeconds(u32)=192, state=PLAYING
09-15 13:45:44.183 18485 18883 D OPENHU  : [80] Companion.decrypt | RECV: AUDIO Media Data type: 0 flags: 11 size: 8202 dataOffset: 2
09-15 13:45:44.225 18485 18883 D OPENHU  : [80] Companion.decrypt | RECV: AUDIO Media Data type: 0 flags: 11 size: 8202 dataOffset: 2
09-15 13:45:44.268 18485 18883 D OPENHU  : [80] Companion.decrypt | RECV: AUDIO Media Data type: 0 flags: 11 size: 8202 dataOffset: 2
09-15 13:45:44.312 18485 18883 D OPENHU  : [80] Companion.decrypt | RECV: AUDIO Media Data type: 0 flags: 11 size: 8202 dataOffset: 2
09-15 13:45:44.354 18485 18883 D OPENHU  : [80] Companion.decrypt | RECV: AUDIO Media Data type: 0 flags: 11 size: 8202 dataOffset: 2
09-15 13:45:44.398 18485 18883 D OPENHU  : [80] Companion.decrypt | RECV: AUDIO Media Data type: 0 flags: 11 size: 8202 dataOffset: 2
09-15 13:45:44.440 18485 18883 D OPENHU  : [80] Companion.decrypt | RECV: AUDIO Media Data type: 0 flags: 11 size: 8202 dataOffset: 2
09-15 13:45:44.484 18485 18883 D OPENHU  : [80] Companion.decrypt | RECV: AUDIO Media Data type: 0 flags: 11 size: 8202 dataOffset: 2
09-15 13:45:44.527 18485 18883 D OPENHU  : [80] Companion.decrypt | RECV: AUDIO Media Data type: 0 flags: 11 size: 8202 dataOffset: 2
09-15 13:45:44.572 18485 18883 D OPENHU  : [80] Companion.decrypt | RECV: AUDIO Media Data type: 0 flags: 11 size: 8202 dataOffset: 2
09-15 13:45:44.610 18485 18883 D OPENHU  : [80] Companion.decrypt | RECV: AUDIO Media Data type: 0 flags: 11 size: 8202 dataOffset: 2
09-15 13:45:44.653 18485 18883 D OPENHU  : [80] Companion.decrypt | RECV: AUDIO Media Data type: 0 flags: 11 size: 8202 dataOffset: 2
09-15 13:45:44.668 18485 18883 D OPENHU  : [80] Companion.decrypt | RECV: CONTROL Ping Request type: 11 flags: 11 size: 12 dataOffset: 2
09-15 13:45:44.668 18485 18883 V OPENHU  : [80] AapTransport.send | CONTROL Ping Response type: 12 flags: 11 size: 14 dataOffset: 6
09-15 13:45:44.696 18485 18883 D OPENHU  : [80] Companion.decrypt | RECV: AUDIO Media Data type: 0 flags: 11 size: 8202 dataOffset: 2
09-15 13:45:44.739 18485 18883 D OPENHU  : [80] Companion.decrypt | RECV: AUDIO Media Data type: 0 flags: 11 size: 8202 dataOffset: 2
09-15 13:45:44.783 18485 18883 D OPENHU  : [80] Companion.decrypt | RECV: AUDIO Media Data type: 0 flags: 11 size: 8202 dataOffset: 2
09-15 13:45:44.823 18485 18883 D OPENHU  : [80] Companion.decrypt | RECV: AUDIO Media Data type: 0 flags: 11 size: 8202 dataOffset: 2
09-15 13:45:44.865 18485 18883 D OPENHU  : [80] Companion.decrypt | RECV: AUDIO Media Data type: 0 flags: 11 size: 8202 dataOffset: 2
09-15 13:45:44.910 18485 18883 D OPENHU  : [80] Companion.decrypt | RECV: AUDIO Media Data type: 0 flags: 11 size: 8202 dataOffset: 2
09-15 13:45:44.944 18485 18881 I OPENHU  : [78] VideoDecoder.logFeedPacing | Feed queue full - pacing the transport thread instead of shedding frames (+4 more since the last line)
09-15 13:45:44.952 18485 18883 D OPENHU  : [80] Companion.decrypt | RECV: AUDIO Media Data type: 0 flags: 11 size: 8202 dataOffset: 2
09-15 13:45:44.995 18485 18883 D OPENHU  : [80] Companion.decrypt | RECV: AUDIO Media Data type: 0 flags: 11 size: 8202 dataOffset: 2
09-15 13:45:45.023 18485 18485 V OPENHU  : [2] GpsLocation.onLocationChanged | GpsLocation: fix received
09-15 13:45:45.032 18485 18485 V OPENHU  : [2] AapTransport.send | SENSOR Sensor Event type: 32771 flags: 11 size: 46 dataOffset: 6
09-15 13:45:45.038 18485 18883 D OPENHU  : [80] Companion.decrypt | RECV: AUDIO Media Data type: 0 flags: 11 size: 8202 dataOffset: 2
09-15 13:45:45.081 18485 18883 D OPENHU  : [80] Companion.decrypt | RECV: AUDIO Media Data type: 0 flags: 11 size: 8202 dataOffset: 2
09-15 13:45:45.124 18485 18883 D OPENHU  : [80] Companion.decrypt | RECV: AUDIO Media Data type: 0 flags: 11 size: 8202 dataOffset: 2
09-15 13:45:45.147 18485 18883 D OPENHU  : [80] Companion.decrypt | RECV: MUSIC_PLAYBACK Media Playback Status type: 32769 flags: 11 size: 18 dataOffset: 2
09-15 13:45:45.148 18485 18883 D OPENHU  : [80] AapMediaPlayback.processStatusPacket | AapMediaPlayback: status mediaSource='VLC', playbackSeconds(u32)=193, state=PLAYING
09-15 13:45:45.164 18485 18883 D OPENHU  : [80] Companion.decrypt | RECV: AUDIO Media Data type: 0 flags: 11 size: 8202 dataOffset: 2
09-15 13:45:45.210 18485 18883 D OPENHU  : [80] Companion.decrypt | RECV: AUDIO Media Data type: 0 flags: 11 size: 8202 dataOffset: 2
09-15 13:45:45.252 18485 18883 D OPENHU  : [80] Companion.decrypt | RECV: AUDIO Media Data type: 0 flags: 11 size: 8202 dataOffset: 2
09-15 13:45:45.292 18485 18883 D OPENHU  : [80] Companion.decrypt | RECV: AUDIO Media Data type: 0 flags: 11 size: 8202 dataOffset: 2
09-15 13:45:45.335 18485 18883 D OPENHU  : [80] Companion.decrypt | RECV: AUDIO Media Data type: 0 flags: 11 size: 8202 dataOffset: 2
09-15 13:45:45.381 18485 18883 D OPENHU  : [80] Companion.decrypt | RECV: AUDIO Media Data type: 0 flags: 11 size: 8202 dataOffset: 2
09-15 13:45:45.382 18485 18883 I OPENHU  : [80] AapTransport.noteMessageReceived$com_andrerinas_headunitrevived_3_4_0_beta3_githubDebug | AapTransport: inbound rate over 30039ms: video=45kB/s (1037 msgs), audio=187kB/s (704 msgs), other=0kB/s (60 msgs)
09-15 13:45:45.422 18485 18883 D OPENHU  : [80] Companion.decrypt | RECV: AUDIO Media Data type: 0 flags: 11 size: 8202 dataOffset: 2
09-15 13:45:45.423 18485 18883 I OPENHU  : [80] AapMessageHandlerType.handle | AapTransport: transport dispatch over 30013ms: video=1181ms, audio=840ms, other=76ms, unread=6%, blocks=0, longest=5ms on VIDEO, videoQueue=1803
09-15 13:45:45.465 18485 18883 D OPENHU  : [80] Companion.decrypt | RECV: AUDIO Media Data type: 0 flags: 11 size: 8202 dataOffset: 2
09-15 13:45:45.509 18485 18883 D OPENHU  : [80] Companion.decrypt | RECV: AUDIO Media Data type: 0 flags: 11 size: 8202 dataOffset: 2
09-15 13:45:45.551 18485 18883 D OPENHU  : [80] Companion.decrypt | RECV: AUDIO Media Data type: 0 flags: 11 size: 8202 dataOffset: 2
09-15 13:45:45.595 18485 18883 D OPENHU  : [80] Companion.decrypt | RECV: AUDIO Media Data type: 0 flags: 11 size: 8202 dataOffset: 2
09-15 13:45:45.637 18485 18883 D OPENHU  : [80] Companion.decrypt | RECV: AUDIO Media Data type: 0 flags: 11 size: 8202 dataOffset: 2
09-15 13:45:45.672 18485 18883 D OPENHU  : [80] Companion.decrypt | RECV: CONTROL Ping Request type: 11 flags: 11 size: 12 dataOffset: 2
09-15 13:45:45.673 18485 18883 V OPENHU  : [80] AapTransport.send | CONTROL Ping Response type: 12 flags: 11 size: 14 dataOffset: 6
09-15 13:45:45.679 18485 18883 D OPENHU  : [80] Companion.decrypt | RECV: AUDIO Media Data type: 0 flags: 11 size: 8202 dataOffset: 2
09-15 13:45:45.719 18485 18883 D OPENHU  : [80] Companion.decrypt | RECV: AUDIO Media Data type: 0 flags: 11 size: 8202 dataOffset: 2
09-15 13:45:45.762 18485 18883 D OPENHU  : [80] Companion.decrypt | RECV: AUDIO Media Data type: 0 flags: 11 size: 8202 dataOffset: 2
09-15 13:45:45.805 18485 18883 D OPENHU  : [80] Companion.decrypt | RECV: AUDIO Media Data type: 0 flags: 11 size: 8202 dataOffset: 2
09-15 13:45:45.847 18485 18883 D OPENHU  : [80] Companion.decrypt | RECV: AUDIO Media Data type: 0 flags: 11 size: 8202 dataOffset: 2
09-15 13:45:45.890 18485 18883 D OPENHU  : [80] Companion.decrypt | RECV: AUDIO Media Data type: 0 flags: 11 size: 8202 dataOffset: 2
09-15 13:45:45.933 18485 18883 D OPENHU  : [80] Companion.decrypt | RECV: AUDIO Media Data type: 0 flags: 11 size: 8202 dataOffset: 2
09-15 13:45:45.959 18485 18881 I OPENHU  : [78] VideoDecoder.logFeedPacing | Feed queue full - pacing the transport thread instead of shedding frames (+4 more since the last line)
09-15 13:45:45.977 18485 18883 D OPENHU  : [80] Companion.decrypt | RECV: AUDIO Media Data type: 0 flags: 11 size: 8202 dataOffset: 2
09-15 13:45:45.993 18485 18485 V OPENHU  : [2] GpsLocation.onLocationChanged | GpsLocation: fix received
09-15 13:45:46.003 18485 18485 V OPENHU  : [2] AapTransport.send | SENSOR Sensor Event type: 32771 flags: 11 size: 46 dataOffset: 6
09-15 13:45:46.021 18485 18883 D OPENHU  : [80] Companion.decrypt | RECV: AUDIO Media Data type: 0 flags: 11 size: 8202 dataOffset: 2
09-15 13:45:46.062 18485 18883 D OPENHU  : [80] Companion.decrypt | RECV: AUDIO Media Data type: 0 flags: 11 size: 8202 dataOffset: 2
09-15 13:45:46.087 18485 18892 I OPENHU  : [81] AudioTrackWrapper.sampleHealth | audio sink AUDIO2 over 30085ms: underruns=0, silentCycles=0, rebanks=0, dropped=0, droppedFrames=0, shed=0, depth=0ms (min 0ms), queued=0, capacity=6400 frames (400ms), effective=6400 frames (400ms), target=1601 frames (100ms), drift=0ms
09-15 13:45:46.104 18485 18883 D OPENHU  : [80] Companion.decrypt | RECV: AUDIO Media Data type: 0 flags: 11 size: 8202 dataOffset: 2
09-15 13:45:46.117 18485 18894 I OPENHU  : [83] AudioTrackWrapper.sampleHealth | audio sink AUDIO1 over 30083ms: underruns=0, silentCycles=0, rebanks=0, dropped=0, droppedFrames=0, shed=0, depth=0ms (min 0ms), queued=0, capacity=6400 frames (400ms), effective=6400 frames (400ms), target=1601 frames (100ms), drift=0ms
09-15 13:45:46.131 18485 18896 I OPENHU  : [85] AudioTrackWrapper.sampleHealth | audio sink AUDIO over 30019ms: underruns=0, silentCycles=0, rebanks=0, dropped=0, droppedFrames=0, shed=0, depth=336ms (min 309ms), queued=7, capacity=30784 frames (641ms), effective=30784 frames (641ms), target=9600 frames (200ms), drift=0ms
09-15 13:45:46.148 18485 18883 D OPENHU  : [80] Companion.decrypt | RECV: AUDIO Media Data type: 0 flags: 11 size: 8202 dataOffset: 2
09-15 13:45:46.155 18485 18883 D OPENHU  : [80] Companion.decrypt | RECV: MUSIC_PLAYBACK Media Playback Status type: 32769 flags: 11 size: 18 dataOffset: 2
09-15 13:45:46.156 18485 18883 D OPENHU  : [80] AapMediaPlayback.processStatusPacket | AapMediaPlayback: status mediaSource='VLC', playbackSeconds(u32)=194, state=PLAYING
09-15 13:45:46.191 18485 18883 D OPENHU  : [80] Companion.decrypt | RECV: AUDIO Media Data type: 0 flags: 11 size: 8202 dataOffset: 2
09-15 13:45:46.233 18485 18883 D OPENHU  : [80] Companion.decrypt | RECV: AUDIO Media Data type: 0 flags: 11 size: 8202 dataOffset: 2
09-15 13:45:46.275 18485 18883 D OPENHU  : [80] Companion.decrypt | RECV: AUDIO Media Data type: 0 flags: 11 size: 8202 dataOffset: 2
09-15 13:45:46.316 18485 18883 D OPENHU  : [80] Companion.decrypt | RECV: AUDIO Media Data type: 0 flags: 11 size: 8202 dataOffset: 2
09-15 13:45:46.359 18485 18883 D OPENHU  : [80] Companion.decrypt | RECV: AUDIO Media Data type: 0 flags: 11 size: 8202 dataOffset: 2
09-15 13:45:46.403 18485 18883 D OPENHU  : [80] Companion.decrypt | RECV: AUDIO Media Data type: 0 flags: 11 size: 8202 dataOffset: 2
09-15 13:45:46.446 18485 18883 D OPENHU  : [80] Companion.decrypt | RECV: AUDIO Media Data type: 0 flags: 11 size: 8202 dataOffset: 2
09-15 13:45:46.489 18485 18883 D OPENHU  : [80] Companion.decrypt | RECV: AUDIO Media Data type: 0 flags: 11 size: 8202 dataOffset: 2
09-15 13:45:46.509 18485 18907 I OPENHU  : [89] VideoDecoder.logThroughput | Throughput over 5001ms: rendered=24 (4fps), fed=24 (4fps), dropped=0, skipped=0, concealed=0, inputWait=9ms, enqueueWait=4849ms, codec=c2.unisoc.avc.decoder, presented=24 (4fps), decodeLatency=unreadable (24 frames)
09-15 13:45:46.535 18485 18883 D OPENHU  : [80] Companion.decrypt | RECV: AUDIO Media Data type: 0 flags: 11 size: 8202 dataOffset: 2
09-15 13:45:46.576 18485 18883 D OPENHU  : [80] Companion.decrypt | RECV: AUDIO Media Data type: 0 flags: 11 size: 8202 dataOffset: 2
09-15 13:45:46.618 18485 18883 D OPENHU  : [80] Companion.decrypt | RECV: AUDIO Media Data type: 0 flags: 11 size: 8202 dataOffset: 2
09-15 13:45:46.662 18485 18883 D OPENHU  : [80] Companion.decrypt | RECV: AUDIO Media Data type: 0 flags: 11 size: 8202 dataOffset: 2
09-15 13:45:46.672 18485 18883 D OPENHU  : [80] Companion.decrypt | RECV: CONTROL Ping Request type: 11 flags: 11 size: 12 dataOffset: 2
09-15 13:45:46.674 18485 18883 V OPENHU  : [80] AapTransport.send | CONTROL Ping Response type: 12 flags: 11 size: 14 dataOffset: 6
09-15 13:45:46.703 18485 18883 D OPENHU  : [80] Companion.decrypt | RECV: AUDIO Media Data type: 0 flags: 11 size: 8202 dataOffset: 2
09-15 13:45:46.745 18485 18883 D OPENHU  : [80] Companion.decrypt | RECV: AUDIO Media Data type: 0 flags: 11 size: 8202 dataOffset: 2
09-15 13:45:46.786 18485 18883 D OPENHU  : [80] Companion.decrypt | RECV: AUDIO Media Data type: 0 flags: 11 size: 8202 dataOffset: 2
09-15 13:45:46.829 18485 18883 D OPENHU  : [80] Companion.decrypt | RECV: AUDIO Media Data type: 0 flags: 11 size: 8202 dataOffset: 2
09-15 13:45:46.871 18485 18883 D OPENHU  : [80] Companion.decrypt | RECV: AUDIO Media Data type: 0 flags: 11 size: 8202 dataOffset: 2
09-15 13:45:46.914 18485 18883 D OPENHU  : [80] Companion.decrypt | RECV: AUDIO Media Data type: 0 flags: 11 size: 8202 dataOffset: 2
09-15 13:45:46.956 18485 18883 D OPENHU  : [80] Companion.decrypt | RECV: AUDIO Media Data type: 0 flags: 11 size: 8202 dataOffset: 2
09-15 13:45:46.973 18485 18881 I OPENHU  : [78] VideoDecoder.logFeedPacing | Feed queue full - pacing the transport thread instead of shedding frames (+4 more since the last line)
09-15 13:45:46.999 18485 18883 D OPENHU  : [80] Companion.decrypt | RECV: AUDIO Media Data type: 0 flags: 11 size: 8202 dataOffset: 2
09-15 13:45:47.024 18485 18485 V OPENHU  : [2] GpsLocation.onLocationChanged | GpsLocation: fix received
09-15 13:45:47.034 18485 18485 V OPENHU  : [2] AapTransport.send | SENSOR Sensor Event type: 32771 flags: 11 size: 46 dataOffset: 6
09-15 13:45:47.041 18485 18883 D OPENHU  : [80] Companion.decrypt | RECV: AUDIO Media Data type: 0 flags: 11 size: 8202 dataOffset: 2
09-15 13:45:47.085 18485 18883 D OPENHU  : [80] Companion.decrypt | RECV: AUDIO Media Data type: 0 flags: 11 size: 8202 dataOffset: 2
09-15 13:45:47.128 18485 18883 D OPENHU  : [80] Companion.decrypt | RECV: AUDIO Media Data type: 0 flags: 11 size: 8202 dataOffset: 2
09-15 13:45:47.156 18485 18883 D OPENHU  : [80] Companion.decrypt | RECV: MUSIC_PLAYBACK Media Playback Status type: 32769 flags: 11 size: 18 dataOffset: 2
09-15 13:45:47.157 18485 18883 D OPENHU  : [80] AapMediaPlayback.processStatusPacket | AapMediaPlayback: status mediaSource='VLC', playbackSeconds(u32)=195, state=PLAYING
09-15 13:45:47.171 18485 18883 D OPENHU  : [80] Companion.decrypt | RECV: AUDIO Media Data type: 0 flags: 11 size: 8202 dataOffset: 2
09-15 13:45:47.221 18485 18883 D OPENHU  : [80] Companion.decrypt | RECV: AUDIO Media Data type: 0 flags: 11 size: 8202 dataOffset: 2
09-15 13:45:47.256 18485 18883 D OPENHU  : [80] Companion.decrypt | RECV: AUDIO Media Data type: 0 flags: 11 size: 8202 dataOffset: 2
09-15 13:45:47.302 18485 18883 D OPENHU  : [80] Companion.decrypt | RECV: AUDIO Media Data type: 0 flags: 11 size: 8202 dataOffset: 2
09-15 13:45:47.341 18485 18883 D OPENHU  : [80] Companion.decrypt | RECV: AUDIO Media Data type: 0 flags: 11 size: 8202 dataOffset: 2
09-15 13:45:47.384 18485 18883 D OPENHU  : [80] Companion.decrypt | RECV: AUDIO Media Data type: 0 flags: 11 size: 8202 dataOffset: 2
09-15 13:45:47.427 18485 18883 D OPENHU  : [80] Companion.decrypt | RECV: AUDIO Media Data type: 0 flags: 11 size: 8202 dataOffset: 2
09-15 13:45:47.468 18485 18883 D OPENHU  : [80] Companion.decrypt | RECV: AUDIO Media Data type: 0 flags: 11 size: 8202 dataOffset: 2
09-15 13:45:47.512 18485 18883 D OPENHU  : [80] Companion.decrypt | RECV: AUDIO Media Data type: 0 flags: 11 size: 8202 dataOffset: 2
09-15 13:45:47.557 18485 18883 D OPENHU  : [80] Companion.decrypt | RECV: AUDIO Media Data type: 0 flags: 11 size: 8202 dataOffset: 2
09-15 13:45:47.598 18485 18883 D OPENHU  : [80] Companion.decrypt | RECV: AUDIO Media Data type: 0 flags: 11 size: 8202 dataOffset: 2
09-15 13:45:47.639 18485 18883 D OPENHU  : [80] Companion.decrypt | RECV: AUDIO Media Data type: 0 flags: 11 size: 8202 dataOffset: 2
09-15 13:45:47.670 18485 18883 D OPENHU  : [80] Companion.decrypt | RECV: CONTROL Ping Request type: 11 flags: 11 size: 12 dataOffset: 2
09-15 13:45:47.671 18485 18883 V OPENHU  : [80] AapTransport.send | CONTROL Ping Response type: 12 flags: 11 size: 14 dataOffset: 6
09-15 13:45:47.685 18485 18883 D OPENHU  : [80] Companion.decrypt | RECV: AUDIO Media Data type: 0 flags: 11 size: 8202 dataOffset: 2
09-15 13:45:47.725 18485 18883 D OPENHU  : [80] Companion.decrypt | RECV: AUDIO Media Data type: 0 flags: 11 size: 8202 dataOffset: 2
09-15 13:45:47.770 18485 18883 D OPENHU  : [80] Companion.decrypt | RECV: AUDIO Media Data type: 0 flags: 11 size: 8202 dataOffset: 2
09-15 13:45:47.800 18485 18485 I OPENHU  : [2] TextureProjectionView.onSurfaceTextureUpdated | TextureProjectionView: displayed 25 frames in 5071ms (4fps), longFrames=0
09-15 13:45:47.810 18485 18883 D OPENHU  : [80] Companion.decrypt | RECV: AUDIO Media Data type: 0 flags: 11 size: 8202 dataOffset: 2
09-15 13:45:47.854 18485 18883 D OPENHU  : [80] Companion.decrypt | RECV: AUDIO Media Data type: 0 flags: 11 size: 8202 dataOffset: 2
09-15 13:45:47.898 18485 18883 D OPENHU  : [80] Companion.decrypt | RECV: AUDIO Media Data type: 0 flags: 11 size: 8202 dataOffset: 2
09-15 13:45:47.940 18485 18883 D OPENHU  : [80] Companion.decrypt | RECV: AUDIO Media Data type: 0 flags: 11 size: 8202 dataOffset: 2
09-15 13:45:47.982 18485 18883 D OPENHU  : [80] Companion.decrypt | RECV: AUDIO Media Data type: 0 flags: 11 size: 8202 dataOffset: 2
09-15 13:45:47.987 18485 18881 I OPENHU  : [78] VideoDecoder.logFeedPacing | Feed queue full - pacing the transport thread instead of shedding frames (+4 more since the last line)
09-15 13:45:47.995 18485 18485 V OPENHU  : [2] GpsLocation.onLocationChanged | GpsLocation: fix received
09-15 13:45:48.004 18485 18485 V OPENHU  : [2] AapTransport.send | SENSOR Sensor Event type: 32771 flags: 11 size: 46 dataOffset: 6
09-15 13:45:48.023 18485 18883 D OPENHU  : [80] Companion.decrypt | RECV: AUDIO Media Data type: 0 flags: 11 size: 8202 dataOffset: 2
09-15 13:45:48.067 18485 18883 D OPENHU  : [80] Companion.decrypt | RECV: AUDIO Media Data type: 0 flags: 11 size: 8202 dataOffset: 2
09-15 13:45:48.107 18485 18883 D OPENHU  : [80] Companion.decrypt | RECV: AUDIO Media Data type: 0 flags: 11 size: 8202 dataOffset: 2
09-15 13:45:48.151 18485 18883 D OPENHU  : [80] Companion.decrypt | RECV: AUDIO Media Data type: 0 flags: 11 size: 8202 dataOffset: 2
09-15 13:45:48.157 18485 18883 D OPENHU  : [80] Companion.decrypt | RECV: MUSIC_PLAYBACK Media Playback Status type: 32769 flags: 11 size: 18 dataOffset: 2
09-15 13:45:48.158 18485 18883 D OPENHU  : [80] AapMediaPlayback.processStatusPacket | AapMediaPlayback: status mediaSource='VLC', playbackSeconds(u32)=196, state=PLAYING
09-15 13:45:48.193 18485 18883 D OPENHU  : [80] Companion.decrypt | RECV: AUDIO Media Data type: 0 flags: 11 size: 8202 dataOffset: 2
09-15 13:45:48.236 18485 18883 D OPENHU  : [80] Companion.decrypt | RECV: AUDIO Media Data type: 0 flags: 11 size: 8202 dataOffset: 2
09-15 13:45:48.280 18485 18883 D OPENHU  : [80] Companion.decrypt | RECV: AUDIO Media Data type: 0 flags: 11 size: 8202 dataOffset: 2
09-15 13:45:48.322 18485 18883 D OPENHU  : [80] Companion.decrypt | RECV: AUDIO Media Data type: 0 flags: 11 size: 8202 dataOffset: 2
09-15 13:45:48.364 18485 18883 D OPENHU  : [80] Companion.decrypt | RECV: AUDIO Media Data type: 0 flags: 11 size: 8202 dataOffset: 2
09-15 13:45:48.408 18485 18883 D OPENHU  : [80] Companion.decrypt | RECV: AUDIO Media Data type: 0 flags: 11 size: 8202 dataOffset: 2
09-15 13:45:48.455 18485 18883 D OPENHU  : [80] Companion.decrypt | RECV: AUDIO Media Data type: 0 flags: 11 size: 8202 dataOffset: 2
09-15 13:45:48.493 18485 18883 D OPENHU  : [80] Companion.decrypt | RECV: AUDIO Media Data type: 0 flags: 11 size: 8202 dataOffset: 2
09-15 13:45:48.537 18485 18883 D OPENHU  : [80] Companion.decrypt | RECV: AUDIO Media Data type: 0 flags: 11 size: 8202 dataOffset: 2
09-15 13:45:48.583 18485 18883 D OPENHU  : [80] Companion.decrypt | RECV: AUDIO Media Data type: 0 flags: 11 size: 8202 dataOffset: 2
09-15 13:45:48.621 18485 18883 D OPENHU  : [80] Companion.decrypt | RECV: AUDIO Media Data type: 0 flags: 11 size: 8202 dataOffset: 2
09-15 13:45:48.666 18485 18883 D OPENHU  : [80] Companion.decrypt | RECV: AUDIO Media Data type: 0 flags: 11 size: 8202 dataOffset: 2
09-15 13:45:48.672 18485 18883 D OPENHU  : [80] Companion.decrypt | RECV: CONTROL Ping Request type: 11 flags: 11 size: 12 dataOffset: 2
09-15 13:45:48.673 18485 18883 V OPENHU  : [80] AapTransport.send | CONTROL Ping Response type: 12 flags: 11 size: 14 dataOffset: 6
09-15 13:45:48.706 18485 18883 D OPENHU  : [80] Companion.decrypt | RECV: AUDIO Media Data type: 0 flags: 11 size: 8202 dataOffset: 2
09-15 13:45:48.752 18485 18883 D OPENHU  : [80] Companion.decrypt | RECV: AUDIO Media Data type: 0 flags: 11 size: 8202 dataOffset: 2
09-15 13:45:48.792 18485 18883 D OPENHU  : [80] Companion.decrypt | RECV: AUDIO Media Data type: 0 flags: 11 size: 8202 dataOffset: 2
09-15 13:45:48.834 18485 18883 D OPENHU  : [80] Companion.decrypt | RECV: AUDIO Media Data type: 0 flags: 11 size: 8202 dataOffset: 2
09-15 13:45:48.877 18485 18883 D OPENHU  : [80] Companion.decrypt | RECV: AUDIO Media Data type: 0 flags: 11 size: 8202 dataOffset: 2
09-15 13:45:48.918 18485 18883 D OPENHU  : [80] Companion.decrypt | RECV: AUDIO Media Data type: 0 flags: 11 size: 8202 dataOffset: 2
09-15 13:45:48.962 18485 18883 D OPENHU  : [80] Companion.decrypt | RECV: AUDIO Media Data type: 0 flags: 11 size: 8202 dataOffset: 2
09-15 13:45:49.001 18485 18881 I OPENHU  : [78] VideoDecoder.logFeedPacing | Feed queue full - pacing the transport thread instead of shedding frames (+4 more since the last line)
09-15 13:45:49.005 18485 18883 D OPENHU  : [80] Companion.decrypt | RECV: AUDIO Media Data type: 0 flags: 11 size: 8202 dataOffset: 2
09-15 13:45:49.031 18485 18485 V OPENHU  : [2] GpsLocation.onLocationChanged | GpsLocation: fix received
09-15 13:45:49.039 18485 18485 V OPENHU  : [2] AapTransport.send | SENSOR Sensor Event type: 32771 flags: 11 size: 46 dataOffset: 6
09-15 13:45:49.046 18485 18883 D OPENHU  : [80] Companion.decrypt | RECV: AUDIO Media Data type: 0 flags: 11 size: 8202 dataOffset: 2
09-15 13:45:49.091 18485 18883 D OPENHU  : [80] Companion.decrypt | RECV: AUDIO Media Data type: 0 flags: 11 size: 8202 dataOffset: 2
09-15 13:45:49.133 18485 18883 D OPENHU  : [80] Companion.decrypt | RECV: AUDIO Media Data type: 0 flags: 11 size: 8202 dataOffset: 2
09-15 13:45:49.161 18485 18883 D OPENHU  : [80] Companion.decrypt | RECV: MUSIC_PLAYBACK Media Playback Status type: 32769 flags: 11 size: 18 dataOffset: 2
09-15 13:45:49.162 18485 18883 D OPENHU  : [80] AapMediaPlayback.processStatusPacket | AapMediaPlayback: status mediaSource='VLC', playbackSeconds(u32)=197, state=PLAYING
09-15 13:45:49.178 18485 18883 D OPENHU  : [80] Companion.decrypt | RECV: AUDIO Media Data type: 0 flags: 11 size: 8202 dataOffset: 2
09-15 13:45:49.220 18485 18883 D OPENHU  : [80] Companion.decrypt | RECV: AUDIO Media Data type: 0 flags: 11 size: 8202 dataOffset: 2
09-15 13:45:49.261 18485 18883 D OPENHU  : [80] Companion.decrypt | RECV: AUDIO Media Data type: 0 flags: 11 size: 8202 dataOffset: 2
09-15 13:45:49.303 18485 18883 D OPENHU  : [80] Companion.decrypt | RECV: AUDIO Media Data type: 0 flags: 11 size: 8202 dataOffset: 2
09-15 13:45:49.347 18485 18883 D OPENHU  : [80] Companion.decrypt | RECV: AUDIO Media Data type: 0 flags: 11 size: 8202 dataOffset: 2
09-15 13:45:49.389 18485 18883 D OPENHU  : [80] Companion.decrypt | RECV: AUDIO Media Data type: 0 flags: 11 size: 8202 dataOffset: 2
09-15 13:45:49.432 18485 18883 D OPENHU  : [80] Companion.decrypt | RECV: AUDIO Media Data type: 0 flags: 11 size: 8202 dataOffset: 2
09-15 13:45:49.474 18485 18883 D OPENHU  : [80] Companion.decrypt | RECV: AUDIO Media Data type: 0 flags: 11 size: 8202 dataOffset: 2
09-15 13:45:49.517 18485 18883 D OPENHU  : [80] Companion.decrypt | RECV: AUDIO Media Data type: 0 flags: 11 size: 8202 dataOffset: 2
09-15 13:45:49.559 18485 18883 D OPENHU  : [80] Companion.decrypt | RECV: AUDIO Media Data type: 0 flags: 11 size: 8202 dataOffset: 2
09-15 13:45:49.605 18485 18883 D OPENHU  : [80] Companion.decrypt | RECV: AUDIO Media Data type: 0 flags: 11 size: 8202 dataOffset: 2
09-15 13:45:49.647 18485 18883 D OPENHU  : [80] Companion.decrypt | RECV: AUDIO Media Data type: 0 flags: 11 size: 8202 dataOffset: 2
09-15 13:45:49.674 18485 18883 D OPENHU  : [80] Companion.decrypt | RECV: CONTROL Ping Request type: 11 flags: 11 size: 12 dataOffset: 2
09-15 13:45:49.676 18485 18883 V OPENHU  : [80] AapTransport.send | CONTROL Ping Response type: 12 flags: 11 size: 14 dataOffset: 6
09-15 13:45:49.689 18485 18883 D OPENHU  : [80] Companion.decrypt | RECV: AUDIO Media Data type: 0 flags: 11 size: 8202 dataOffset: 2
09-15 13:45:49.732 18485 18883 D OPENHU  : [80] Companion.decrypt | RECV: AUDIO Media Data type: 0 flags: 11 size: 8202 dataOffset: 2
09-15 13:45:49.774 18485 18883 D OPENHU  : [80] Companion.decrypt | RECV: AUDIO Media Data type: 0 flags: 11 size: 8202 dataOffset: 2
09-15 13:45:49.816 18485 18883 D OPENHU  : [80] Companion.decrypt | RECV: AUDIO Media Data type: 0 flags: 11 size: 8202 dataOffset: 2
09-15 13:45:49.859 18485 18883 D OPENHU  : [80] Companion.decrypt | RECV: AUDIO Media Data type: 0 flags: 11 size: 8202 dataOffset: 2
09-15 13:45:49.902 18485 18883 D OPENHU  : [80] Companion.decrypt | RECV: AUDIO Media Data type: 0 flags: 11 size: 8202 dataOffset: 2
09-15 13:45:49.944 18485 18883 D OPENHU  : [80] Companion.decrypt | RECV: AUDIO Media Data type: 0 flags: 11 size: 8202 dataOffset: 2
09-15 13:45:49.987 18485 18883 D OPENHU  : [80] Companion.decrypt | RECV: AUDIO Media Data type: 0 flags: 11 size: 8202 dataOffset: 2
09-15 13:45:49.994 18485 18485 V OPENHU  : [2] GpsLocation.onLocationChanged | GpsLocation: fix received
09-15 13:45:50.003 18485 18485 V OPENHU  : [2] AapTransport.send | SENSOR Sensor Event type: 32771 flags: 11 size: 46 dataOffset: 6
09-15 13:45:50.018 18485 18881 I OPENHU  : [78] VideoDecoder.logFeedPacing | Feed queue full - pacing the transport thread instead of shedding frames (+4 more since the last line)
09-15 13:45:50.032 18485 18883 D OPENHU  : [80] Companion.decrypt | RECV: AUDIO Media Data type: 0 flags: 11 size: 8202 dataOffset: 2
09-15 13:45:50.073 18485 18883 D OPENHU  : [80] Companion.decrypt | RECV: AUDIO Media Data type: 0 flags: 11 size: 8202 dataOffset: 2
09-15 13:45:50.116 18485 18883 D OPENHU  : [80] Companion.decrypt | RECV: AUDIO Media Data type: 0 flags: 11 size: 8202 dataOffset: 2
09-15 13:45:50.159 18485 18883 D OPENHU  : [80] Companion.decrypt | RECV: AUDIO Media Data type: 0 flags: 11 size: 8202 dataOffset: 2
09-15 13:45:50.164 18485 18883 D OPENHU  : [80] Companion.decrypt | RECV: MUSIC_PLAYBACK Media Playback Status type: 32769 flags: 11 size: 18 dataOffset: 2
09-15 13:45:50.166 18485 18883 D OPENHU  : [80] AapMediaPlayback.processStatusPacket | AapMediaPlayback: status mediaSource='VLC', playbackSeconds(u32)=198, state=PLAYING
09-15 13:45:50.202 18485 18883 D OPENHU  : [80] Companion.decrypt | RECV: AUDIO Media Data type: 0 flags: 11 size: 8202 dataOffset: 2
09-15 13:45:50.243 18485 18883 D OPENHU  : [80] Companion.decrypt | RECV: AUDIO Media Data type: 0 flags: 11 size: 8202 dataOffset: 2
09-15 13:45:50.285 18485 18883 D OPENHU  : [80] Companion.decrypt | RECV: AUDIO Media Data type: 0 flags: 11 size: 8202 dataOffset: 2
09-15 13:45:50.327 18485 18883 D OPENHU  : [80] Companion.decrypt | RECV: AUDIO Media Data type: 0 flags: 11 size: 8202 dataOffset: 2
09-15 13:45:50.370 18485 18883 D OPENHU  : [80] Companion.decrypt | RECV: AUDIO Media Data type: 0 flags: 11 size: 8202 dataOffset: 2
09-15 13:45:50.416 18485 18883 D OPENHU  : [80] Companion.decrypt | RECV: AUDIO Media Data type: 0 flags: 11 size: 8202 dataOffset: 2
09-15 13:45:50.457 18485 18883 D OPENHU  : [80] Companion.decrypt | RECV: AUDIO Media Data type: 0 flags: 11 size: 8202 dataOffset: 2
09-15 13:45:50.498 18485 18883 D OPENHU  : [80] Companion.decrypt | RECV: AUDIO Media Data type: 0 flags: 11 size: 8202 dataOffset: 2
09-15 13:45:50.541 18485 18883 D OPENHU  : [80] Companion.decrypt | RECV: AUDIO Media Data type: 0 flags: 11 size: 8202 dataOffset: 2
09-15 13:45:50.584 18485 18883 D OPENHU  : [80] Companion.decrypt | RECV: AUDIO Media Data type: 0 flags: 11 size: 8202 dataOffset: 2
09-15 13:45:50.625 18485 18883 D OPENHU  : [80] Companion.decrypt | RECV: AUDIO Media Data type: 0 flags: 11 size: 8202 dataOffset: 2
09-15 13:45:50.669 18485 18883 D OPENHU  : [80] Companion.decrypt | RECV: AUDIO Media Data type: 0 flags: 11 size: 8202 dataOffset: 2
09-15 13:45:50.673 18485 18883 D OPENHU  : [80] Companion.decrypt | RECV: CONTROL Ping Request type: 11 flags: 11 size: 12 dataOffset: 2
09-15 13:45:50.674 18485 18883 V OPENHU  : [80] AapTransport.send | CONTROL Ping Response type: 12 flags: 11 size: 14 dataOffset: 6
09-15 13:45:50.712 18485 18883 D OPENHU  : [80] Companion.decrypt | RECV: AUDIO Media Data type: 0 flags: 11 size: 8202 dataOffset: 2
09-15 13:45:50.755 18485 18883 D OPENHU  : [80] Companion.decrypt | RECV: AUDIO Media Data type: 0 flags: 11 size: 8202 dataOffset: 2
09-15 13:45:50.798 18485 18883 D OPENHU  : [80] Companion.decrypt | RECV: AUDIO Media Data type: 0 flags: 11 size: 8202 dataOffset: 2
09-15 13:45:50.840 18485 18883 D OPENHU  : [80] Companion.decrypt | RECV: AUDIO Media Data type: 0 flags: 11 size: 8202 dataOffset: 2
09-15 13:45:50.884 18485 18883 D OPENHU  : [80] Companion.decrypt | RECV: AUDIO Media Data type: 0 flags: 11 size: 8202 dataOffset: 2
09-15 13:45:50.928 18485 18883 D OPENHU  : [80] Companion.decrypt | RECV: AUDIO Media Data type: 0 flags: 11 size: 8202 dataOffset: 2
09-15 13:45:50.971 18485 18883 D OPENHU  : [80] Companion.decrypt | RECV: AUDIO Media Data type: 0 flags: 11 size: 8202 dataOffset: 2
09-15 13:45:51.012 18485 18883 D OPENHU  : [80] Companion.decrypt | RECV: AUDIO Media Data type: 0 flags: 11 size: 8202 dataOffset: 2
09-15 13:45:51.024 18485 18485 V OPENHU  : [2] GpsLocation.onLocationChanged | GpsLocation: fix received
09-15 13:45:51.032 18485 18485 V OPENHU  : [2] AapTransport.send | SENSOR Sensor Event type: 32771 flags: 11 size: 46 dataOffset: 6
09-15 13:45:51.035 18485 18881 I OPENHU  : [78] VideoDecoder.logFeedPacing | Feed queue full - pacing the transport thread instead of shedding frames (+4 more since the last line)
09-15 13:45:51.056 18485 18883 D OPENHU  : [80] Companion.decrypt | RECV: AUDIO Media Data type: 0 flags: 11 size: 8202 dataOffset: 2
09-15 13:45:51.097 18485 18883 D OPENHU  : [80] Companion.decrypt | RECV: AUDIO Media Data type: 0 flags: 11 size: 8202 dataOffset: 2
09-15 13:45:51.140 18485 18883 D OPENHU  : [80] Companion.decrypt | RECV: AUDIO Media Data type: 0 flags: 11 size: 8202 dataOffset: 2
09-15 13:45:51.169 18485 18883 D OPENHU  : [80] Companion.decrypt | RECV: MUSIC_PLAYBACK Media Playback Status type: 32769 flags: 11 size: 18 dataOffset: 2
09-15 13:45:51.171 18485 18883 D OPENHU  : [80] AapMediaPlayback.processStatusPacket | AapMediaPlayback: status mediaSource='VLC', playbackSeconds(u32)=199, state=PLAYING
09-15 13:45:51.183 18485 18883 D OPENHU  : [80] Companion.decrypt | RECV: AUDIO Media Data type: 0 flags: 11 size: 8202 dataOffset: 2
09-15 13:45:51.226 18485 18883 D OPENHU  : [80] Companion.decrypt | RECV: AUDIO Media Data type: 0 flags: 11 size: 8202 dataOffset: 2
09-15 13:45:51.265 18485 18883 D OPENHU  : [80] Companion.decrypt | RECV: AUDIO Media Data type: 0 flags: 11 size: 8202 dataOffset: 2
09-15 13:45:51.307 18485 18883 D OPENHU  : [80] Companion.decrypt | RECV: AUDIO Media Data type: 0 flags: 11 size: 8202 dataOffset: 2
09-15 13:45:51.351 18485 18883 D OPENHU  : [80] Companion.decrypt | RECV: AUDIO Media Data type: 0 flags: 11 size: 8202 dataOffset: 2
09-15 13:45:51.394 18485 18883 D OPENHU  : [80] Companion.decrypt | RECV: AUDIO Media Data type: 0 flags: 11 size: 8202 dataOffset: 2
09-15 13:45:51.437 18485 18883 D OPENHU  : [80] Companion.decrypt | RECV: AUDIO Media Data type: 0 flags: 11 size: 8202 dataOffset: 2
09-15 13:45:51.481 18485 18883 D OPENHU  : [80] Companion.decrypt | RECV: AUDIO Media Data type: 0 flags: 11 size: 8202 dataOffset: 2
09-15 13:45:51.514 18485 18907 I OPENHU  : [89] VideoDecoder.logThroughput | Throughput over 5005ms: rendered=25 (4fps), fed=25 (4fps), dropped=0, skipped=0, concealed=0, inputWait=9ms, enqueueWait=5052ms, codec=c2.unisoc.avc.decoder, presented=25 (4fps), decodeLatency=unreadable (25 frames)
09-15 13:45:51.522 18485 18883 D OPENHU  : [80] Companion.decrypt | RECV: AUDIO Media Data type: 0 flags: 11 size: 8202 dataOffset: 2
09-15 13:45:51.566 18485 18883 D OPENHU  : [80] Companion.decrypt | RECV: AUDIO Media Data type: 0 flags: 11 size: 8202 dataOffset: 2
09-15 13:45:51.607 18485 18883 D OPENHU  : [80] Companion.decrypt | RECV: AUDIO Media Data type: 0 flags: 11 size: 8202 dataOffset: 2
09-15 13:45:51.653 18485 18883 D OPENHU  : [80] Companion.decrypt | RECV: AUDIO Media Data type: 0 flags: 11 size: 8202 dataOffset: 2
09-15 13:45:51.675 18485 18883 D OPENHU  : [80] Companion.decrypt | RECV: CONTROL Ping Request type: 11 flags: 11 size: 12 dataOffset: 2
09-15 13:45:51.676 18485 18883 V OPENHU  : [80] AapTransport.send | CONTROL Ping Response type: 12 flags: 11 size: 14 dataOffset: 6
09-15 13:45:51.693 18485 18883 D OPENHU  : [80] Companion.decrypt | RECV: AUDIO Media Data type: 0 flags: 11 size: 8202 dataOffset: 2
09-15 13:45:51.736 18485 18883 D OPENHU  : [80] Companion.decrypt | RECV: AUDIO Media Data type: 0 flags: 11 size: 8202 dataOffset: 2
09-15 13:45:51.787 18485 18883 D OPENHU  : [80] Companion.decrypt | RECV: AUDIO Media Data type: 0 flags: 11 size: 8202 dataOffset: 2
09-15 13:45:51.821 18485 18883 D OPENHU  : [80] Companion.decrypt | RECV: AUDIO Media Data type: 0 flags: 11 size: 8202 dataOffset: 2
09-15 13:45:51.864 18485 18883 D OPENHU  : [80] Companion.decrypt | RECV: AUDIO Media Data type: 0 flags: 11 size: 8202 dataOffset: 2
09-15 13:45:51.905 18485 18883 D OPENHU  : [80] Companion.decrypt | RECV: AUDIO Media Data type: 0 flags: 11 size: 8202 dataOffset: 2
09-15 13:45:51.948 18485 18883 D OPENHU  : [80] Companion.decrypt | RECV: AUDIO Media Data type: 0 flags: 11 size: 8202 dataOffset: 2
09-15 13:45:51.992 18485 18883 D OPENHU  : [80] Companion.decrypt | RECV: AUDIO Media Data type: 0 flags: 11 size: 8202 dataOffset: 2
09-15 13:45:51.999 18485 18485 V OPENHU  : [2] GpsLocation.onLocationChanged | GpsLocation: fix received
09-15 13:45:52.005 18485 18485 V OPENHU  : [2] AapTransport.send | SENSOR Sensor Event type: 32771 flags: 11 size: 46 dataOffset: 6
09-15 13:45:52.034 18485 18883 D OPENHU  : [80] Companion.decrypt | RECV: AUDIO Media Data type: 0 flags: 11 size: 8202 dataOffset: 2
09-15 13:45:52.048 18485 18881 I OPENHU  : [78] VideoDecoder.logFeedPacing | Feed queue full - pacing the transport thread instead of shedding frames (+4 more since the last line)
09-15 13:45:52.076 18485 18883 D OPENHU  : [80] Companion.decrypt | RECV: AUDIO Media Data type: 0 flags: 11 size: 8202 dataOffset: 2
09-15 13:45:52.119 18485 18883 D OPENHU  : [80] Companion.decrypt | RECV: AUDIO Media Data type: 0 flags: 11 size: 8202 dataOffset: 2
09-15 13:45:52.162 18485 18883 D OPENHU  : [80] Companion.decrypt | RECV: AUDIO Media Data type: 0 flags: 11 size: 8202 dataOffset: 2
09-15 13:45:52.170 18485 18883 D OPENHU  : [80] Companion.decrypt | RECV: MUSIC_PLAYBACK Media Playback Status type: 32769 flags: 11 size: 18 dataOffset: 2
09-15 13:45:52.171 18485 18883 D OPENHU  : [80] AapMediaPlayback.processStatusPacket | AapMediaPlayback: status mediaSource='VLC', playbackSeconds(u32)=200, state=PLAYING
09-15 13:45:52.204 18485 18883 D OPENHU  : [80] Companion.decrypt | RECV: AUDIO Media Data type: 0 flags: 11 size: 8202 dataOffset: 2
09-15 13:45:52.249 18485 18883 D OPENHU  : [80] Companion.decrypt | RECV: AUDIO Media Data type: 0 flags: 11 size: 8202 dataOffset: 2
09-15 13:45:52.289 18485 18883 D OPENHU  : [80] Companion.decrypt | RECV: AUDIO Media Data type: 0 flags: 11 size: 8202 dataOffset: 2
09-15 13:45:52.335 18485 18883 D OPENHU  : [80] Companion.decrypt | RECV: AUDIO Media Data type: 0 flags: 11 size: 8202 dataOffset: 2
09-15 13:45:52.376 18485 18883 D OPENHU  : [80] Companion.decrypt | RECV: AUDIO Media Data type: 0 flags: 11 size: 8202 dataOffset: 2
09-15 13:45:52.419 18485 18883 D OPENHU  : [80] Companion.decrypt | RECV: AUDIO Media Data type: 0 flags: 11 size: 8202 dataOffset: 2
09-15 13:45:52.460 18485 18883 D OPENHU  : [80] Companion.decrypt | RECV: AUDIO Media Data type: 0 flags: 11 size: 8202 dataOffset: 2
09-15 13:45:52.504 18485 18883 D OPENHU  : [80] Companion.decrypt | RECV: AUDIO Media Data type: 0 flags: 11 size: 8202 dataOffset: 2
09-15 13:45:52.547 18485 18883 D OPENHU  : [80] Companion.decrypt | RECV: AUDIO Media Data type: 0 flags: 11 size: 8202 dataOffset: 2
09-15 13:45:52.589 18485 18883 D OPENHU  : [80] Companion.decrypt | RECV: AUDIO Media Data type: 0 flags: 11 size: 8202 dataOffset: 2
09-15 13:45:52.632 18485 18883 D OPENHU  : [80] Companion.decrypt | RECV: AUDIO Media Data type: 0 flags: 11 size: 8202 dataOffset: 2
09-15 13:45:52.674 18485 18883 D OPENHU  : [80] Companion.decrypt | RECV: AUDIO Media Data type: 0 flags: 11 size: 8202 dataOffset: 2
09-15 13:45:52.677 18485 18883 D OPENHU  : [80] Companion.decrypt | RECV: CONTROL Ping Request type: 11 flags: 11 size: 12 dataOffset: 2
09-15 13:45:52.678 18485 18883 V OPENHU  : [80] AapTransport.send | CONTROL Ping Response type: 12 flags: 11 size: 14 dataOffset: 6
09-15 13:45:52.716 18485 18883 D OPENHU  : [80] Companion.decrypt | RECV: AUDIO Media Data type: 0 flags: 11 size: 8202 dataOffset: 2
09-15 13:45:52.759 18485 18883 D OPENHU  : [80] Companion.decrypt | RECV: AUDIO Media Data type: 0 flags: 11 size: 8202 dataOffset: 2
09-15 13:45:52.802 18485 18883 D OPENHU  : [80] Companion.decrypt | RECV: AUDIO Media Data type: 0 flags: 11 size: 8202 dataOffset: 2
09-15 13:45:52.845 18485 18883 D OPENHU  : [80] Companion.decrypt | RECV: AUDIO Media Data type: 0 flags: 11 size: 8202 dataOffset: 2
09-15 13:45:52.888 18485 18485 I OPENHU  : [2] TextureProjectionView.onSurfaceTextureUpdated | TextureProjectionView: displayed 25 frames in 5087ms (4fps), longFrames=0
09-15 13:45:52.888 18485 18883 D OPENHU  : [80] Companion.decrypt | RECV: AUDIO Media Data type: 0 flags: 11 size: 8202 dataOffset: 2
09-15 13:45:52.931 18485 18883 D OPENHU  : [80] Companion.decrypt | RECV: AUDIO Media Data type: 0 flags: 11 size: 8202 dataOffset: 2
09-15 13:45:52.974 18485 18883 D OPENHU  : [80] Companion.decrypt | RECV: AUDIO Media Data type: 0 flags: 11 size: 8202 dataOffset: 2
09-15 13:45:53.018 18485 18883 D OPENHU  : [80] Companion.decrypt | RECV: AUDIO Media Data type: 0 flags: 11 size: 8202 dataOffset: 2
09-15 13:45:53.025 18485 18485 V OPENHU  : [2] GpsLocation.onLocationChanged | GpsLocation: fix received
09-15 13:45:53.033 18485 18485 V OPENHU  : [2] AapTransport.send | SENSOR Sensor Event type: 32771 flags: 11 size: 46 dataOffset: 6
09-15 13:45:53.061 18485 18883 D OPENHU  : [80] Companion.decrypt | RECV: AUDIO Media Data type: 0 flags: 11 size: 8202 dataOffset: 2
09-15 13:45:53.068 18485 18881 I OPENHU  : [78] VideoDecoder.logFeedPacing | Feed queue full - pacing the transport thread instead of shedding frames (+4 more since the last line)
09-15 13:45:53.102 18485 18883 D OPENHU  : [80] Companion.decrypt | RECV: AUDIO Media Data type: 0 flags: 11 size: 8202 dataOffset: 2
09-15 13:45:53.143 18485 18883 D OPENHU  : [80] Companion.decrypt | RECV: AUDIO Media Data type: 0 flags: 11 size: 8202 dataOffset: 2
09-15 13:45:53.173 18485 18883 D OPENHU  : [80] Companion.decrypt | RECV: MUSIC_PLAYBACK Media Playback Status type: 32769 flags: 11 size: 18 dataOffset: 2
09-15 13:45:53.174 18485 18883 D OPENHU  : [80] AapMediaPlayback.processStatusPacket | AapMediaPlayback: status mediaSource='VLC', playbackSeconds(u32)=201, state=PLAYING
09-15 13:45:53.186 18485 18883 D OPENHU  : [80] Companion.decrypt | RECV: AUDIO Media Data type: 0 flags: 11 size: 8202 dataOffset: 2
09-15 13:45:53.228 18485 18883 D OPENHU  : [80] Companion.decrypt | RECV: AUDIO Media Data type: 0 flags: 11 size: 8202 dataOffset: 2
09-15 13:45:53.271 18485 18883 D OPENHU  : [80] Companion.decrypt | RECV: AUDIO Media Data type: 0 flags: 11 size: 8202 dataOffset: 2
09-15 13:45:53.314 18485 18883 D OPENHU  : [80] Companion.decrypt | RECV: AUDIO Media Data type: 0 flags: 11 size: 8202 dataOffset: 2
09-15 13:45:53.357 18485 18883 D OPENHU  : [80] Companion.decrypt | RECV: AUDIO Media Data type: 0 flags: 11 size: 8202 dataOffset: 2
09-15 13:45:53.401 18485 18883 D OPENHU  : [80] Companion.decrypt | RECV: AUDIO Media Data type: 0 flags: 11 size: 8202 dataOffset: 2
09-15 13:45:53.442 18485 18883 D OPENHU  : [80] Companion.decrypt | RECV: AUDIO Media Data type: 0 flags: 11 size: 8202 dataOffset: 2
09-15 13:45:53.486 18485 18883 D OPENHU  : [80] Companion.decrypt | RECV: AUDIO Media Data type: 0 flags: 11 size: 8202 dataOffset: 2
09-15 13:45:53.528 18485 18883 D OPENHU  : [80] Companion.decrypt | RECV: AUDIO Media Data type: 0 flags: 11 size: 8202 dataOffset: 2
09-15 13:45:53.570 18485 18883 D OPENHU  : [80] Companion.decrypt | RECV: AUDIO Media Data type: 0 flags: 11 size: 8202 dataOffset: 2
09-15 13:45:53.617 18485 18883 D OPENHU  : [80] Companion.decrypt | RECV: AUDIO Media Data type: 0 flags: 11 size: 8202 dataOffset: 2
09-15 13:45:53.656 18485 18883 D OPENHU  : [80] Companion.decrypt | RECV: AUDIO Media Data type: 0 flags: 11 size: 8202 dataOffset: 2
09-15 13:45:53.679 18485 18883 D OPENHU  : [80] Companion.decrypt | RECV: CONTROL Ping Request type: 11 flags: 11 size: 12 dataOffset: 2
09-15 13:45:53.680 18485 18883 V OPENHU  : [80] AapTransport.send | CONTROL Ping Response type: 12 flags: 11 size: 14 dataOffset: 6
09-15 13:45:53.704 18485 18883 D OPENHU  : [80] Companion.decrypt | RECV: AUDIO Media Data type: 0 flags: 11 size: 8202 dataOffset: 2
09-15 13:45:53.742 18485 18883 D OPENHU  : [80] Companion.decrypt | RECV: AUDIO Media Data type: 0 flags: 11 size: 8202 dataOffset: 2
09-15 13:45:53.784 18485 18883 D OPENHU  : [80] Companion.decrypt | RECV: AUDIO Media Data type: 0 flags: 11 size: 8202 dataOffset: 2
09-15 13:45:53.828 18485 18883 D OPENHU  : [80] Companion.decrypt | RECV: AUDIO Media Data type: 0 flags: 11 size: 8202 dataOffset: 2
09-15 13:45:53.870 18485 18883 D OPENHU  : [80] Companion.decrypt | RECV: AUDIO Media Data type: 0 flags: 11 size: 8202 dataOffset: 2
09-15 13:45:53.911 18485 18883 D OPENHU  : [80] Companion.decrypt | RECV: AUDIO Media Data type: 0 flags: 11 size: 8202 dataOffset: 2
09-15 13:45:53.953 18485 18883 D OPENHU  : [80] Companion.decrypt | RECV: AUDIO Media Data type: 0 flags: 11 size: 8202 dataOffset: 2
09-15 13:45:53.997 18485 18485 V OPENHU  : [2] GpsLocation.onLocationChanged | GpsLocation: fix received
09-15 13:45:53.999 18485 18883 D OPENHU  : [80] Companion.decrypt | RECV: AUDIO Media Data type: 0 flags: 11 size: 8202 dataOffset: 2
09-15 13:45:54.005 18485 18485 V OPENHU  : [2] AapTransport.send | SENSOR Sensor Event type: 32771 flags: 11 size: 46 dataOffset: 6
09-15 13:45:54.039 18485 18883 D OPENHU  : [80] Companion.decrypt | RECV: AUDIO Media Data type: 0 flags: 11 size: 8202 dataOffset: 2
09-15 13:45:54.082 18485 18881 I OPENHU  : [78] VideoDecoder.logFeedPacing | Feed queue full - pacing the transport thread instead of shedding frames (+4 more since the last line)
09-15 13:45:54.085 18485 18883 D OPENHU  : [80] Companion.decrypt | RECV: AUDIO Media Data type: 0 flags: 11 size: 8202 dataOffset: 2
09-15 13:45:54.125 18485 18883 D OPENHU  : [80] Companion.decrypt | RECV: AUDIO Media Data type: 0 flags: 11 size: 8202 dataOffset: 2
09-15 13:45:54.171 18485 18883 D OPENHU  : [80] Companion.decrypt | RECV: AUDIO Media Data type: 0 flags: 11 size: 8202 dataOffset: 2
09-15 13:45:54.175 18485 18883 D OPENHU  : [80] Companion.decrypt | RECV: MUSIC_PLAYBACK Media Playback Status type: 32769 flags: 11 size: 18 dataOffset: 2
09-15 13:45:54.176 18485 18883 D OPENHU  : [80] AapMediaPlayback.processStatusPacket | AapMediaPlayback: status mediaSource='VLC', playbackSeconds(u32)=202, state=PLAYING
09-15 13:45:54.212 18485 18883 D OPENHU  : [80] Companion.decrypt | RECV: AUDIO Media Data type: 0 flags: 11 size: 8202 dataOffset: 2
09-15 13:45:54.256 18485 18883 D OPENHU  : [80] Companion.decrypt | RECV: AUDIO Media Data type: 0 flags: 11 size: 8202 dataOffset: 2
09-15 13:45:54.298 18485 18883 D OPENHU  : [80] Companion.decrypt | RECV: AUDIO Media Data type: 0 flags: 11 size: 8202 dataOffset: 2
09-15 13:45:54.339 18485 18883 D OPENHU  : [80] Companion.decrypt | RECV: AUDIO Media Data type: 0 flags: 11 size: 8202 dataOffset: 2
09-15 13:45:54.381 18485 18883 D OPENHU  : [80] Companion.decrypt | RECV: AUDIO Media Data type: 0 flags: 11 size: 8202 dataOffset: 2
09-15 13:45:54.423 18485 18883 D OPENHU  : [80] Companion.decrypt | RECV: AUDIO Media Data type: 0 flags: 11 size: 8202 dataOffset: 2
09-15 13:45:54.467 18485 18883 D OPENHU  : [80] Companion.decrypt | RECV: AUDIO Media Data type: 0 flags: 11 size: 8202 dataOffset: 2
09-15 13:45:54.508 18485 18883 D OPENHU  : [80] Companion.decrypt | RECV: AUDIO Media Data type: 0 flags: 11 size: 8202 dataOffset: 2
09-15 13:45:54.551 18485 18883 D OPENHU  : [80] Companion.decrypt | RECV: AUDIO Media Data type: 0 flags: 11 size: 8202 dataOffset: 2
09-15 13:45:54.595 18485 18883 D OPENHU  : [80] Companion.decrypt | RECV: AUDIO Media Data type: 0 flags: 11 size: 8202 dataOffset: 2
09-15 13:45:54.636 18485 18883 D OPENHU  : [80] Companion.decrypt | RECV: AUDIO Media Data type: 0 flags: 11 size: 8202 dataOffset: 2
09-15 13:45:54.679 18485 18883 D OPENHU  : [80] Companion.decrypt | RECV: AUDIO Media Data type: 0 flags: 11 size: 8202 dataOffset: 2
09-15 13:45:54.682 18485 18883 D OPENHU  : [80] Companion.decrypt | RECV: CONTROL Ping Request type: 11 flags: 11 size: 12 dataOffset: 2
09-15 13:45:54.683 18485 18883 V OPENHU  : [80] AapTransport.send | CONTROL Ping Response type: 12 flags: 11 size: 14 dataOffset: 6
09-15 13:45:54.721 18485 18883 D OPENHU  : [80] Companion.decrypt | RECV: AUDIO Media Data type: 0 flags: 11 size: 8202 dataOffset: 2
09-15 13:45:54.764 18485 18883 D OPENHU  : [80] Companion.decrypt | RECV: AUDIO Media Data type: 0 flags: 11 size: 8202 dataOffset: 2
09-15 13:45:54.808 18485 18883 D OPENHU  : [80] Companion.decrypt | RECV: AUDIO Media Data type: 0 flags: 11 size: 8202 dataOffset: 2
09-15 13:45:54.855 18485 18883 D OPENHU  : [80] Companion.decrypt | RECV: AUDIO Media Data type: 0 flags: 11 size: 8202 dataOffset: 2
09-15 13:45:54.894 18485 18883 D OPENHU  : [80] Companion.decrypt | RECV: AUDIO Media Data type: 0 flags: 11 size: 8202 dataOffset: 2
09-15 13:45:54.935 18485 18883 D OPENHU  : [80] Companion.decrypt | RECV: AUDIO Media Data type: 0 flags: 11 size: 8202 dataOffset: 2
09-15 13:45:54.978 18485 18883 D OPENHU  : [80] Companion.decrypt | RECV: AUDIO Media Data type: 0 flags: 11 size: 8202 dataOffset: 2
09-15 13:45:55.020 18485 18883 D OPENHU  : [80] Companion.decrypt | RECV: AUDIO Media Data type: 0 flags: 11 size: 8202 dataOffset: 2
09-15 13:45:55.023 18485 18485 V OPENHU  : [2] GpsLocation.onLocationChanged | GpsLocation: fix received
09-15 13:45:55.031 18485 18485 V OPENHU  : [2] AapTransport.send | SENSOR Sensor Event type: 32771 flags: 11 size: 46 dataOffset: 6
09-15 13:45:55.064 18485 18883 D OPENHU  : [80] Companion.decrypt | RECV: AUDIO Media Data type: 0 flags: 11 size: 8202 dataOffset: 2
09-15 13:45:55.099 18485 18881 I OPENHU  : [78] VideoDecoder.logFeedPacing | Feed queue full - pacing the transport thread instead of shedding frames (+4 more since the last line)
09-15 13:45:55.105 18485 18883 D OPENHU  : [80] Companion.decrypt | RECV: AUDIO Media Data type: 0 flags: 11 size: 8202 dataOffset: 2
09-15 13:45:55.149 18485 18883 D OPENHU  : [80] Companion.decrypt | RECV: AUDIO Media Data type: 0 flags: 11 size: 8202 dataOffset: 2
09-15 13:45:55.177 18485 18883 D OPENHU  : [80] Companion.decrypt | RECV: MUSIC_PLAYBACK Media Playback Status type: 32769 flags: 11 size: 18 dataOffset: 2
09-15 13:45:55.178 18485 18883 D OPENHU  : [80] AapMediaPlayback.processStatusPacket | AapMediaPlayback: status mediaSource='VLC', playbackSeconds(u32)=203, state=PLAYING
09-15 13:45:55.191 18485 18883 D OPENHU  : [80] Companion.decrypt | RECV: AUDIO Media Data type: 0 flags: 11 size: 8202 dataOffset: 2
09-15 13:45:55.234 18485 18883 D OPENHU  : [80] Companion.decrypt | RECV: AUDIO Media Data type: 0 flags: 11 size: 8202 dataOffset: 2
09-15 13:45:55.279 18485 18883 D OPENHU  : [80] Companion.decrypt | RECV: AUDIO Media Data type: 0 flags: 11 size: 8202 dataOffset: 2
09-15 13:45:55.320 18485 18883 D OPENHU  : [80] Companion.decrypt | RECV: AUDIO Media Data type: 0 flags: 11 size: 8202 dataOffset: 2
09-15 13:45:55.362 18485 18883 D OPENHU  : [80] Companion.decrypt | RECV: AUDIO Media Data type: 0 flags: 11 size: 8202 dataOffset: 2
09-15 13:45:55.405 18485 18883 D OPENHU  : [80] Companion.decrypt | RECV: AUDIO Media Data type: 0 flags: 11 size: 8202 dataOffset: 2
09-15 13:45:55.449 18485 18883 D OPENHU  : [80] Companion.decrypt | RECV: AUDIO Media Data type: 0 flags: 11 size: 8202 dataOffset: 2
09-15 13:45:55.493 18485 18883 D OPENHU  : [80] Companion.decrypt | RECV: AUDIO Media Data type: 0 flags: 11 size: 8202 dataOffset: 2
09-15 13:45:55.533 18485 18883 D OPENHU  : [80] Companion.decrypt | RECV: AUDIO Media Data type: 0 flags: 11 size: 8202 dataOffset: 2
09-15 13:45:55.579 18485 18883 D OPENHU  : [80] Companion.decrypt | RECV: AUDIO Media Data type: 0 flags: 11 size: 8202 dataOffset: 2
09-15 13:45:55.621 18485 18883 D OPENHU  : [80] Companion.decrypt | RECV: AUDIO Media Data type: 0 flags: 11 size: 8202 dataOffset: 2
09-15 13:45:55.661 18485 18883 D OPENHU  : [80] Companion.decrypt | RECV: AUDIO Media Data type: 0 flags: 11 size: 8202 dataOffset: 2
09-15 13:45:55.681 18485 18883 D OPENHU  : [80] Companion.decrypt | RECV: CONTROL Ping Request type: 11 flags: 11 size: 12 dataOffset: 2
09-15 13:45:55.682 18485 18883 V OPENHU  : [80] AapTransport.send | CONTROL Ping Response type: 12 flags: 11 size: 14 dataOffset: 6
09-15 13:45:55.703 18485 18883 D OPENHU  : [80] Companion.decrypt | RECV: AUDIO Media Data type: 0 flags: 11 size: 8202 dataOffset: 2
09-15 13:45:55.747 18485 18883 D OPENHU  : [80] Companion.decrypt | RECV: AUDIO Media Data type: 0 flags: 11 size: 8202 dataOffset: 2
09-15 13:45:55.789 18485 18883 D OPENHU  : [80] Companion.decrypt | RECV: AUDIO Media Data type: 0 flags: 11 size: 8202 dataOffset: 2
09-15 13:45:55.832 18485 18883 D OPENHU  : [80] Companion.decrypt | RECV: AUDIO Media Data type: 0 flags: 11 size: 8202 dataOffset: 2
09-15 13:45:55.874 18485 18883 D OPENHU  : [80] Companion.decrypt | RECV: AUDIO Media Data type: 0 flags: 11 size: 8202 dataOffset: 2
09-15 13:45:55.917 18485 18883 D OPENHU  : [80] Companion.decrypt | RECV: AUDIO Media Data type: 0 flags: 11 size: 8202 dataOffset: 2
09-15 13:45:55.960 18485 18883 D OPENHU  : [80] Companion.decrypt | RECV: AUDIO Media Data type: 0 flags: 11 size: 8202 dataOffset: 2
09-15 13:45:55.994 18485 18485 V OPENHU  : [2] GpsLocation.onLocationChanged | GpsLocation: fix received
09-15 13:45:56.002 18485 18883 D OPENHU  : [80] Companion.decrypt | RECV: AUDIO Media Data type: 0 flags: 11 size: 8202 dataOffset: 2
09-15 13:45:56.002 18485 18485 V OPENHU  : [2] AapTransport.send | SENSOR Sensor Event type: 32771 flags: 11 size: 46 dataOffset: 6
09-15 13:45:56.047 18485 18883 D OPENHU  : [80] Companion.decrypt | RECV: AUDIO Media Data type: 0 flags: 11 size: 8202 dataOffset: 2
09-15 13:45:56.090 18485 18883 D OPENHU  : [80] Companion.decrypt | RECV: AUDIO Media Data type: 0 flags: 11 size: 8202 dataOffset: 2
09-15 13:45:56.112 18485 18881 I OPENHU  : [78] VideoDecoder.logFeedPacing | Feed queue full - pacing the transport thread instead of shedding frames (+4 more since the last line)
09-15 13:45:56.132 18485 18883 D OPENHU  : [80] Companion.decrypt | RECV: AUDIO Media Data type: 0 flags: 11 size: 8202 dataOffset: 2
09-15 13:45:56.175 18485 18883 D OPENHU  : [80] Companion.decrypt | RECV: AUDIO Media Data type: 0 flags: 11 size: 8202 dataOffset: 2
09-15 13:45:56.181 18485 18883 D OPENHU  : [80] Companion.decrypt | RECV: MUSIC_PLAYBACK Media Playback Status type: 32769 flags: 11 size: 18 dataOffset: 2
09-15 13:45:56.182 18485 18883 D OPENHU  : [80] AapMediaPlayback.processStatusPacket | AapMediaPlayback: status mediaSource='VLC', playbackSeconds(u32)=204, state=PLAYING
09-15 13:45:56.215 18485 18883 D OPENHU  : [80] Companion.decrypt | RECV: AUDIO Media Data type: 0 flags: 11 size: 8202 dataOffset: 2
09-15 13:45:56.259 18485 18883 D OPENHU  : [80] Companion.decrypt | RECV: AUDIO Media Data type: 0 flags: 11 size: 8202 dataOffset: 2
09-15 13:45:56.301 18485 18883 D OPENHU  : [80] Companion.decrypt | RECV: AUDIO Media Data type: 0 flags: 11 size: 8202 dataOffset: 2
09-15 13:45:56.344 18485 18883 D OPENHU  : [80] Companion.decrypt | RECV: AUDIO Media Data type: 0 flags: 11 size: 8202 dataOffset: 2
09-15 13:45:56.386 18485 18883 D OPENHU  : [80] Companion.decrypt | RECV: AUDIO Media Data type: 0 flags: 11 size: 8202 dataOffset: 2
09-15 13:45:56.429 18485 18883 D OPENHU  : [80] Companion.decrypt | RECV: AUDIO Media Data type: 0 flags: 11 size: 8202 dataOffset: 2
09-15 13:45:56.472 18485 18883 D OPENHU  : [80] Companion.decrypt | RECV: AUDIO Media Data type: 0 flags: 11 size: 8202 dataOffset: 2
09-15 13:45:56.515 18485 18883 D OPENHU  : [80] Companion.decrypt | RECV: AUDIO Media Data type: 0 flags: 11 size: 8202 dataOffset: 2
09-15 13:45:56.523 18485 18907 I OPENHU  : [89] VideoDecoder.logThroughput | Throughput over 5008ms: rendered=24 (4fps), fed=25 (4fps), dropped=0, skipped=0, concealed=0, inputWait=9ms, enqueueWait=5050ms, codec=c2.unisoc.avc.decoder, presented=24 (4fps), decodeLatency=unreadable (24 frames)
09-15 13:45:56.559 18485 18883 D OPENHU  : [80] Companion.decrypt | RECV: AUDIO Media Data type: 0 flags: 11 size: 8202 dataOffset: 2
09-15 13:45:56.603 18485 18883 D OPENHU  : [80] Companion.decrypt | RECV: AUDIO Media Data type: 0 flags: 11 size: 8202 dataOffset: 2
09-15 13:45:56.643 18485 18883 D OPENHU  : [80] Companion.decrypt | RECV: AUDIO Media Data type: 0 flags: 11 size: 8202 dataOffset: 2
09-15 13:45:56.684 18485 18883 D OPENHU  : [80] Companion.decrypt | RECV: CONTROL Ping Request type: 11 flags: 11 size: 12 dataOffset: 2
09-15 13:45:56.686 18485 18883 V OPENHU  : [80] AapTransport.send | CONTROL Ping Response type: 12 flags: 11 size: 14 dataOffset: 6
09-15 13:45:56.691 18485 18883 D OPENHU  : [80] Companion.decrypt | RECV: AUDIO Media Data type: 0 flags: 11 size: 8202 dataOffset: 2
09-15 13:45:56.729 18485 18883 D OPENHU  : [80] Companion.decrypt | RECV: AUDIO Media Data type: 0 flags: 11 size: 8202 dataOffset: 2
09-15 13:45:56.772 18485 18883 D OPENHU  : [80] Companion.decrypt | RECV: AUDIO Media Data type: 0 flags: 11 size: 8202 dataOffset: 2
09-15 13:45:56.822 18485 18883 D OPENHU  : [80] Companion.decrypt | RECV: AUDIO Media Data type: 0 flags: 11 size: 8202 dataOffset: 2
09-15 13:45:56.857 18485 18883 D OPENHU  : [80] Companion.decrypt | RECV: AUDIO Media Data type: 0 flags: 11 size: 8202 dataOffset: 2
09-15 13:45:56.899 18485 18883 D OPENHU  : [80] Companion.decrypt | RECV: AUDIO Media Data type: 0 flags: 11 size: 8202 dataOffset: 2
09-15 13:45:56.941 18485 18883 D OPENHU  : [80] Companion.decrypt | RECV: AUDIO Media Data type: 0 flags: 11 size: 8202 dataOffset: 2
09-15 13:45:56.984 18485 18883 D OPENHU  : [80] Companion.decrypt | RECV: AUDIO Media Data type: 0 flags: 11 size: 8202 dataOffset: 2
09-15 13:45:57.021 18485 18485 V OPENHU  : [2] GpsLocation.onLocationChanged | GpsLocation: fix received
09-15 13:45:57.027 18485 18883 D OPENHU  : [80] Companion.decrypt | RECV: AUDIO Media Data type: 0 flags: 11 size: 8202 dataOffset: 2
09-15 13:45:57.028 18485 18485 V OPENHU  : [2] AapTransport.send | SENSOR Sensor Event type: 32771 flags: 11 size: 46 dataOffset: 6
09-15 13:45:57.071 18485 18883 D OPENHU  : [80] Companion.decrypt | RECV: AUDIO Media Data type: 0 flags: 11 size: 8202 dataOffset: 2
09-15 13:45:57.114 18485 18883 D OPENHU  : [80] Companion.decrypt | RECV: AUDIO Media Data type: 0 flags: 11 size: 8202 dataOffset: 2
09-15 13:45:57.125 18485 18881 I OPENHU  : [78] VideoDecoder.logFeedPacing | Feed queue full - pacing the transport thread instead of shedding frames (+4 more since the last line)
09-15 13:45:57.156 18485 18883 D OPENHU  : [80] Companion.decrypt | RECV: AUDIO Media Data type: 0 flags: 11 size: 8202 dataOffset: 2
09-15 13:45:57.183 18485 18883 D OPENHU  : [80] Companion.decrypt | RECV: MUSIC_PLAYBACK Media Playback Status type: 32769 flags: 11 size: 18 dataOffset: 2
09-15 13:45:57.184 18485 18883 D OPENHU  : [80] AapMediaPlayback.processStatusPacket | AapMediaPlayback: status mediaSource='VLC', playbackSeconds(u32)=205, state=PLAYING
09-15 13:45:57.199 18485 18883 D OPENHU  : [80] Companion.decrypt | RECV: AUDIO Media Data type: 0 flags: 11 size: 8202 dataOffset: 2
09-15 13:45:57.243 18485 18883 D OPENHU  : [80] Companion.decrypt | RECV: AUDIO Media Data type: 0 flags: 11 size: 8202 dataOffset: 2
09-15 13:45:57.284 18485 18883 D OPENHU  : [80] Companion.decrypt | RECV: AUDIO Media Data type: 0 flags: 11 size: 8202 dataOffset: 2
09-15 13:45:57.325 18485 18883 D OPENHU  : [80] Companion.decrypt | RECV: AUDIO Media Data type: 0 flags: 11 size: 8202 dataOffset: 2
09-15 13:45:57.368 18485 18883 D OPENHU  : [80] Companion.decrypt | RECV: AUDIO Media Data type: 0 flags: 11 size: 8202 dataOffset: 2
09-15 13:45:57.412 18485 18883 D OPENHU  : [80] Companion.decrypt | RECV: AUDIO Media Data type: 0 flags: 11 size: 8202 dataOffset: 2
09-15 13:45:57.455 18485 18883 D OPENHU  : [80] Companion.decrypt | RECV: AUDIO Media Data type: 0 flags: 11 size: 8202 dataOffset: 2
09-15 13:45:57.498 18485 18883 D OPENHU  : [80] Companion.decrypt | RECV: AUDIO Media Data type: 0 flags: 11 size: 8202 dataOffset: 2
09-15 13:45:57.541 18485 18883 D OPENHU  : [80] Companion.decrypt | RECV: AUDIO Media Data type: 0 flags: 11 size: 8202 dataOffset: 2
09-15 13:45:57.583 18485 18883 D OPENHU  : [80] Companion.decrypt | RECV: AUDIO Media Data type: 0 flags: 11 size: 8202 dataOffset: 2
09-15 13:45:57.626 18485 18883 D OPENHU  : [80] Companion.decrypt | RECV: AUDIO Media Data type: 0 flags: 11 size: 8202 dataOffset: 2
09-15 13:45:57.667 18485 18883 D OPENHU  : [80] Companion.decrypt | RECV: AUDIO Media Data type: 0 flags: 11 size: 8202 dataOffset: 2
09-15 13:45:57.685 18485 18883 D OPENHU  : [80] Companion.decrypt | RECV: CONTROL Ping Request type: 11 flags: 11 size: 12 dataOffset: 2
09-15 13:45:57.687 18485 18883 V OPENHU  : [80] AapTransport.send | CONTROL Ping Response type: 12 flags: 11 size: 14 dataOffset: 6
09-15 13:45:57.709 18485 18883 D OPENHU  : [80] Companion.decrypt | RECV: AUDIO Media Data type: 0 flags: 11 size: 8202 dataOffset: 2
09-15 13:45:57.753 18485 18883 D OPENHU  : [80] Companion.decrypt | RECV: AUDIO Media Data type: 0 flags: 11 size: 8202 dataOffset: 2
09-15 13:45:57.796 18485 18883 D OPENHU  : [80] Companion.decrypt | RECV: AUDIO Media Data type: 0 flags: 11 size: 8202 dataOffset: 2
09-15 13:45:57.837 18485 18883 D OPENHU  : [80] Companion.decrypt | RECV: AUDIO Media Data type: 0 flags: 11 size: 8202 dataOffset: 2
09-15 13:45:57.879 18485 18883 D OPENHU  : [80] Companion.decrypt | RECV: AUDIO Media Data type: 0 flags: 11 size: 8202 dataOffset: 2
09-15 13:45:57.921 18485 18883 D OPENHU  : [80] Companion.decrypt | RECV: AUDIO Media Data type: 0 flags: 11 size: 8202 dataOffset: 2
09-15 13:45:57.958 18485 18485 I OPENHU  : [2] TextureProjectionView.onSurfaceTextureUpdated | TextureProjectionView: displayed 25 frames in 5070ms (4fps), longFrames=0
09-15 13:45:57.968 18485 18883 D OPENHU  : [80] Companion.decrypt | RECV: AUDIO Media Data type: 0 flags: 11 size: 8202 dataOffset: 2
09-15 13:45:57.996 18485 18485 V OPENHU  : [2] GpsLocation.onLocationChanged | GpsLocation: fix received
09-15 13:45:58.005 18485 18485 V OPENHU  : [2] AapTransport.send | SENSOR Sensor Event type: 32771 flags: 11 size: 46 dataOffset: 6
09-15 13:45:58.008 18485 18883 D OPENHU  : [80] Companion.decrypt | RECV: AUDIO Media Data type: 0 flags: 11 size: 8202 dataOffset: 2
09-15 13:45:58.050 18485 18883 D OPENHU  : [80] Companion.decrypt | RECV: AUDIO Media Data type: 0 flags: 11 size: 8202 dataOffset: 2
09-15 13:45:58.093 18485 18883 D OPENHU  : [80] Companion.decrypt | RECV: AUDIO Media Data type: 0 flags: 11 size: 8202 dataOffset: 2
09-15 13:45:58.140 18485 18881 I OPENHU  : [78] VideoDecoder.logFeedPacing | Feed queue full - pacing the transport thread instead of shedding frames (+4 more since the last line)
09-15 13:45:58.156 18485 18883 D OPENHU  : [80] Companion.decrypt | RECV: AUDIO Media Data type: 0 flags: 11 size: 8202 dataOffset: 2
09-15 13:45:58.178 18485 18883 D OPENHU  : [80] Companion.decrypt | RECV: AUDIO Media Data type: 0 flags: 11 size: 8202 dataOffset: 2
09-15 13:45:58.186 18485 18883 D OPENHU  : [80] Companion.decrypt | RECV: MUSIC_PLAYBACK Media Playback Status type: 32769 flags: 11 size: 18 dataOffset: 2
09-15 13:45:58.187 18485 18883 D OPENHU  : [80] AapMediaPlayback.processStatusPacket | AapMediaPlayback: status mediaSource='VLC', playbackSeconds(u32)=206, state=PLAYING
09-15 13:45:58.260 18485 18883 D OPENHU  : [80] Companion.decrypt | RECV: AUDIO Media Data type: 0 flags: 11 size: 8202 dataOffset: 2
09-15 13:45:58.267 18485 18883 D OPENHU  : [80] Companion.decrypt | RECV: AUDIO Media Data type: 0 flags: 11 size: 8202 dataOffset: 2
09-15 13:45:58.305 18485 18883 D OPENHU  : [80] Companion.decrypt | RECV: AUDIO Media Data type: 0 flags: 11 size: 8202 dataOffset: 2
09-15 13:45:58.348 18485 18883 D OPENHU  : [80] Companion.decrypt | RECV: AUDIO Media Data type: 0 flags: 11 size: 8202 dataOffset: 2
09-15 13:45:58.392 18485 18883 D OPENHU  : [80] Companion.decrypt | RECV: AUDIO Media Data type: 0 flags: 11 size: 8202 dataOffset: 2
09-15 13:45:58.434 18485 18883 D OPENHU  : [80] Companion.decrypt | RECV: AUDIO Media Data type: 0 flags: 11 size: 8202 dataOffset: 2
09-15 13:45:58.477 18485 18883 D OPENHU  : [80] Companion.decrypt | RECV: AUDIO Media Data type: 0 flags: 11 size: 8202 dataOffset: 2
09-15 13:45:58.520 18485 18883 D OPENHU  : [80] Companion.decrypt | RECV: AUDIO Media Data type: 0 flags: 11 size: 8202 dataOffset: 2
09-15 13:45:58.569 18485 18883 D OPENHU  : [80] Companion.decrypt | RECV: AUDIO Media Data type: 0 flags: 11 size: 8202 dataOffset: 2
09-15 13:45:58.691 18485 18883 D OPENHU  : [80] Companion.decrypt | RECV: AUDIO Media Data type: 0 flags: 11 size: 8202 dataOffset: 2
09-15 13:45:58.695 18485 18883 D OPENHU  : [80] Companion.decrypt | RECV: CONTROL Ping Request type: 11 flags: 11 size: 12 dataOffset: 2
09-15 13:45:58.696 18485 18883 V OPENHU  : [80] AapTransport.send | CONTROL Ping Response type: 12 flags: 11 size: 14 dataOffset: 6
09-15 13:45:58.699 18485 18883 D OPENHU  : [80] Companion.decrypt | RECV: AUDIO Media Data type: 0 flags: 11 size: 8202 dataOffset: 2
09-15 13:45:58.702 18485 18883 D OPENHU  : [80] Companion.decrypt | RECV: AUDIO Media Data type: 0 flags: 11 size: 8202 dataOffset: 2
09-15 13:45:58.794 18485 18883 D OPENHU  : [80] Companion.decrypt | RECV: AUDIO Media Data type: 0 flags: 11 size: 8202 dataOffset: 2
09-15 13:45:58.803 18485 18883 D OPENHU  : [80] Companion.decrypt | RECV: AUDIO Media Data type: 0 flags: 11 size: 8202 dataOffset: 2
09-15 13:45:58.817 18485 18883 D OPENHU  : [80] Companion.decrypt | RECV: AUDIO Media Data type: 0 flags: 11 size: 8202 dataOffset: 2
09-15 13:45:58.874 18485 18883 D OPENHU  : [80] Companion.decrypt | RECV: AUDIO Media Data type: 0 flags: 11 size: 8202 dataOffset: 2
09-15 13:45:58.903 18485 18883 D OPENHU  : [80] Companion.decrypt | RECV: AUDIO Media Data type: 0 flags: 11 size: 8202 dataOffset: 2
09-15 13:45:58.972 18485 18883 D OPENHU  : [80] Companion.decrypt | RECV: AUDIO Media Data type: 0 flags: 11 size: 8202 dataOffset: 2
09-15 13:45:58.989 18485 18883 D OPENHU  : [80] Companion.decrypt | RECV: AUDIO Media Data type: 0 flags: 11 size: 8202 dataOffset: 2
09-15 13:45:59.023 18485 18485 V OPENHU  : [2] GpsLocation.onLocationChanged | GpsLocation: fix received
09-15 13:45:59.031 18485 18485 V OPENHU  : [2] AapTransport.send | SENSOR Sensor Event type: 32771 flags: 11 size: 46 dataOffset: 6
09-15 13:45:59.033 18485 18883 D OPENHU  : [80] Companion.decrypt | RECV: AUDIO Media Data type: 0 flags: 11 size: 8202 dataOffset: 2
09-15 13:45:59.088 18485 18883 D OPENHU  : [80] Companion.decrypt | RECV: AUDIO Media Data type: 0 flags: 11 size: 8202 dataOffset: 2
09-15 13:45:59.116 18485 18883 D OPENHU  : [80] Companion.decrypt | RECV: AUDIO Media Data type: 0 flags: 11 size: 8202 dataOffset: 2
09-15 13:45:59.155 18485 18881 I OPENHU  : [78] VideoDecoder.logFeedPacing | Feed queue full - pacing the transport thread instead of shedding frames (+4 more since the last line)
09-15 13:45:59.181 18485 18883 D OPENHU  : [80] Companion.decrypt | RECV: AUDIO Media Data type: 0 flags: 11 size: 8202 dataOffset: 2
09-15 13:45:59.190 18485 18883 D OPENHU  : [80] Companion.decrypt | RECV: MUSIC_PLAYBACK Media Playback Status type: 32769 flags: 11 size: 18 dataOffset: 2
09-15 13:45:59.191 18485 18883 D OPENHU  : [80] AapMediaPlayback.processStatusPacket | AapMediaPlayback: status mediaSource='VLC', playbackSeconds(u32)=207, state=PLAYING
09-15 13:45:59.201 18485 18883 D OPENHU  : [80] Companion.decrypt | RECV: AUDIO Media Data type: 0 flags: 11 size: 8202 dataOffset: 2
09-15 13:45:59.277 18485 18883 D OPENHU  : [80] Companion.decrypt | RECV: AUDIO Media Data type: 0 flags: 11 size: 8202 dataOffset: 2
09-15 13:45:59.289 18485 18883 D OPENHU  : [80] Companion.decrypt | RECV: AUDIO Media Data type: 0 flags: 11 size: 8202 dataOffset: 2
09-15 13:45:59.329 18485 18883 D OPENHU  : [80] Companion.decrypt | RECV: AUDIO Media Data type: 0 flags: 11 size: 8202 dataOffset: 2
09-15 13:45:59.385 18485 18883 D OPENHU  : [80] Companion.decrypt | RECV: AUDIO Media Data type: 0 flags: 11 size: 8202 dataOffset: 2
09-15 13:45:59.419 18485 18883 D OPENHU  : [80] Companion.decrypt | RECV: AUDIO Media Data type: 0 flags: 11 size: 8202 dataOffset: 2
09-15 13:45:59.482 18485 18883 D OPENHU  : [80] Companion.decrypt | RECV: AUDIO Media Data type: 0 flags: 11 size: 8202 dataOffset: 2
09-15 13:45:59.504 18485 18883 D OPENHU  : [80] Companion.decrypt | RECV: AUDIO Media Data type: 0 flags: 11 size: 8202 dataOffset: 2
09-15 13:45:59.543 18485 18883 D OPENHU  : [80] Companion.decrypt | RECV: AUDIO Media Data type: 0 flags: 11 size: 8202 dataOffset: 2
09-15 13:45:59.617 18485 18883 D OPENHU  : [80] Companion.decrypt | RECV: AUDIO Media Data type: 0 flags: 11 size: 8202 dataOffset: 2
09-15 13:45:59.629 18485 18883 D OPENHU  : [80] Companion.decrypt | RECV: AUDIO Media Data type: 0 flags: 11 size: 8202 dataOffset: 2
09-15 13:45:59.694 18485 18883 D OPENHU  : [80] Companion.decrypt | RECV: AUDIO Media Data type: 0 flags: 11 size: 8202 dataOffset: 2
09-15 13:45:59.702 18485 18883 D OPENHU  : [80] Companion.decrypt | RECV: CONTROL Ping Request type: 11 flags: 11 size: 12 dataOffset: 2
09-15 13:45:59.702 18485 18883 V OPENHU  : [80] AapTransport.send | CONTROL Ping Response type: 12 flags: 11 size: 14 dataOffset: 6
09-15 13:45:59.716 18485 18883 D OPENHU  : [80] Companion.decrypt | RECV: AUDIO Media Data type: 0 flags: 11 size: 8202 dataOffset: 2
09-15 13:45:59.790 18485 18883 D OPENHU  : [80] Companion.decrypt | RECV: AUDIO Media Data type: 0 flags: 11 size: 8202 dataOffset: 2
09-15 13:45:59.802 18485 18883 D OPENHU  : [80] Companion.decrypt | RECV: AUDIO Media Data type: 0 flags: 11 size: 8202 dataOffset: 2
09-15 13:45:59.842 18485 18883 D OPENHU  : [80] Companion.decrypt | RECV: AUDIO Media Data type: 0 flags: 11 size: 8202 dataOffset: 2
09-15 13:45:59.903 18485 18883 D OPENHU  : [80] Companion.decrypt | RECV: AUDIO Media Data type: 0 flags: 11 size: 8202 dataOffset: 2
09-15 13:45:59.928 18485 18883 D OPENHU  : [80] Companion.decrypt | RECV: AUDIO Media Data type: 0 flags: 11 size: 8202 dataOffset: 2
09-15 13:45:59.999 18485 18485 V OPENHU  : [2] GpsLocation.onLocationChanged | GpsLocation: fix received
09-15 13:46:00.008 18485 18485 V OPENHU  : [2] AapTransport.send | SENSOR Sensor Event type: 32771 flags: 11 size: 46 dataOffset: 6
09-15 13:46:00.169 18485 18881 I OPENHU  : [78] VideoDecoder.logFeedPacing | Feed queue full - pacing the transport thread instead of shedding frames (+4 more since the last line)
09-15 13:46:00.234 18485 18883 D OPENHU  : [80] Companion.decrypt | RECV: AUDIO Media Data type: 0 flags: 11 size: 8202 dataOffset: 2
09-15 13:46:00.248 18485 18883 D OPENHU  : [80] Companion.decrypt | RECV: AUDIO Media Data type: 0 flags: 11 size: 8202 dataOffset: 2
09-15 13:46:00.255 18485 18883 D OPENHU  : [80] Companion.decrypt | RECV: AUDIO Media Data type: 0 flags: 11 size: 8202 dataOffset: 2
09-15 13:46:00.259 18485 18883 D OPENHU  : [80] Companion.decrypt | RECV: MUSIC_PLAYBACK Media Playback Status type: 32769 flags: 11 size: 18 dataOffset: 2
09-15 13:46:00.260 18485 18883 D OPENHU  : [80] AapMediaPlayback.processStatusPacket | AapMediaPlayback: status mediaSource='VLC', playbackSeconds(u32)=208, state=PLAYING
09-15 13:46:00.262 18485 18883 D OPENHU  : [80] Companion.decrypt | RECV: AUDIO Media Data type: 0 flags: 11 size: 8202 dataOffset: 2
09-15 13:46:00.265 18485 18883 D OPENHU  : [80] Companion.decrypt | RECV: AUDIO Media Data type: 0 flags: 11 size: 8202 dataOffset: 2
09-15 13:46:00.268 18485 18883 D OPENHU  : [80] Companion.decrypt | RECV: AUDIO Media Data type: 0 flags: 11 size: 8202 dataOffset: 2
09-15 13:46:00.271 18485 18883 D OPENHU  : [80] Companion.decrypt | RECV: AUDIO Media Data type: 0 flags: 11 size: 8202 dataOffset: 2
09-15 13:46:00.432 18485 18883 D OPENHU  : [80] Companion.decrypt | RECV: AUDIO Media Data type: 0 flags: 11 size: 8202 dataOffset: 2
09-15 13:46:00.440 18485 18883 D OPENHU  : [80] Companion.decrypt | RECV: AUDIO Media Data type: 0 flags: 11 size: 8202 dataOffset: 2
09-15 13:46:00.455 18485 18883 D OPENHU  : [80] Companion.decrypt | RECV: AUDIO Media Data type: 0 flags: 11 size: 8202 dataOffset: 2
09-15 13:46:00.461 18485 18883 D OPENHU  : [80] Companion.decrypt | RECV: AUDIO Media Data type: 0 flags: 11 size: 8202 dataOffset: 2
09-15 13:46:00.468 18485 18883 D OPENHU  : [80] Companion.decrypt | RECV: AUDIO Media Data type: 0 flags: 11 size: 8202 dataOffset: 2
09-15 13:46:00.644 18485 18883 D OPENHU  : [80] Companion.decrypt | RECV: AUDIO Media Data type: 0 flags: 11 size: 8202 dataOffset: 2
09-15 13:46:00.656 18485 18883 D OPENHU  : [80] Companion.decrypt | RECV: AUDIO Media Data type: 0 flags: 11 size: 8202 dataOffset: 2
09-15 13:46:00.666 18485 18883 D OPENHU  : [80] Companion.decrypt | RECV: AUDIO Media Data type: 0 flags: 11 size: 8202 dataOffset: 2
09-15 13:46:00.669 18485 18883 D OPENHU  : [80] Companion.decrypt | RECV: AUDIO Media Data type: 0 flags: 11 size: 8202 dataOffset: 2
09-15 13:46:00.681 18485 18883 D OPENHU  : [80] Companion.decrypt | RECV: AUDIO Media Data type: 0 flags: 11 size: 8202 dataOffset: 2
09-15 13:46:00.845 18485 18883 D OPENHU  : [80] Companion.decrypt | RECV: CONTROL Ping Request type: 11 flags: 11 size: 12 dataOffset: 2
09-15 13:46:00.846 18485 18883 V OPENHU  : [80] AapTransport.send | CONTROL Ping Response type: 12 flags: 11 size: 14 dataOffset: 6
09-15 13:46:00.849 18485 18883 D OPENHU  : [80] Companion.decrypt | RECV: AUDIO Media Data type: 0 flags: 11 size: 8202 dataOffset: 2
09-15 13:46:00.864 18485 18883 D OPENHU  : [80] Companion.decrypt | RECV: AUDIO Media Data type: 0 flags: 11 size: 8202 dataOffset: 2
09-15 13:46:00.869 18485 18883 D OPENHU  : [80] Companion.decrypt | RECV: AUDIO Media Data type: 0 flags: 11 size: 8202 dataOffset: 2
09-15 13:46:00.872 18485 18883 D OPENHU  : [80] Companion.decrypt | RECV: AUDIO Media Data type: 0 flags: 11 size: 8202 dataOffset: 2
09-15 13:46:01.026 18485 18485 V OPENHU  : [2] GpsLocation.onLocationChanged | GpsLocation: fix received
09-15 13:46:01.033 18485 18485 V OPENHU  : [2] AapTransport.send | SENSOR Sensor Event type: 32771 flags: 11 size: 46 dataOffset: 6
09-15 13:46:01.052 18485 18883 D OPENHU  : [80] Companion.decrypt | RECV: AUDIO Media Data type: 0 flags: 11 size: 8202 dataOffset: 2
09-15 13:46:01.060 18485 18883 D OPENHU  : [80] Companion.decrypt | RECV: AUDIO Media Data type: 0 flags: 11 size: 8202 dataOffset: 2
09-15 13:46:01.066 18485 18883 D OPENHU  : [80] Companion.decrypt | RECV: AUDIO Media Data type: 0 flags: 11 size: 8202 dataOffset: 2
09-15 13:46:01.073 18485 18883 D OPENHU  : [80] Companion.decrypt | RECV: AUDIO Media Data type: 0 flags: 11 size: 8202 dataOffset: 2
09-15 13:46:01.075 18485 18883 D OPENHU  : [80] Companion.decrypt | RECV: AUDIO Media Data type: 0 flags: 11 size: 8202 dataOffset: 2
09-15 13:46:01.184 18485 18881 I OPENHU  : [78] VideoDecoder.logFeedPacing | Feed queue full - pacing the transport thread instead of shedding frames (+4 more since the last line)
09-15 13:46:01.258 18485 18883 D OPENHU  : [80] Companion.decrypt | RECV: AUDIO Media Data type: 0 flags: 11 size: 8202 dataOffset: 2
09-15 13:46:01.269 18485 18883 D OPENHU  : [80] Companion.decrypt | RECV: AUDIO Media Data type: 0 flags: 11 size: 8202 dataOffset: 2
09-15 13:46:01.277 18485 18883 D OPENHU  : [80] Companion.decrypt | RECV: AUDIO Media Data type: 0 flags: 11 size: 8202 dataOffset: 2
09-15 13:46:01.283 18485 18883 D OPENHU  : [80] Companion.decrypt | RECV: MUSIC_PLAYBACK Media Playback Status type: 32769 flags: 11 size: 18 dataOffset: 2
09-15 13:46:01.284 18485 18883 D OPENHU  : [80] AapMediaPlayback.processStatusPacket | AapMediaPlayback: status mediaSource='VLC', playbackSeconds(u32)=209, state=PLAYING
09-15 13:46:01.286 18485 18883 D OPENHU  : [80] Companion.decrypt | RECV: AUDIO Media Data type: 0 flags: 11 size: 8202 dataOffset: 2
09-15 13:46:01.289 18485 18883 D OPENHU  : [80] Companion.decrypt | RECV: AUDIO Media Data type: 0 flags: 11 size: 8202 dataOffset: 2
09-15 13:46:01.462 18485 18883 D OPENHU  : [80] Companion.decrypt | RECV: AUDIO Media Data type: 0 flags: 11 size: 8202 dataOffset: 2
09-15 13:46:01.471 18485 18883 D OPENHU  : [80] Companion.decrypt | RECV: AUDIO Media Data type: 0 flags: 11 size: 8202 dataOffset: 2
09-15 13:46:01.477 18485 18883 D OPENHU  : [80] Companion.decrypt | RECV: AUDIO Media Data type: 0 flags: 11 size: 8202 dataOffset: 2
09-15 13:46:01.480 18485 18883 D OPENHU  : [80] Companion.decrypt | RECV: AUDIO Media Data type: 0 flags: 11 size: 8202 dataOffset: 2
09-15 13:46:01.482 18485 18883 D OPENHU  : [80] Companion.decrypt | RECV: AUDIO Media Data type: 0 flags: 11 size: 8202 dataOffset: 2
09-15 13:46:01.525 18485 18907 I OPENHU  : [89] VideoDecoder.logThroughput | Throughput over 5002ms: rendered=25 (4fps), fed=24 (4fps), dropped=0, skipped=0, concealed=0, inputWait=3ms, enqueueWait=4850ms, codec=c2.unisoc.avc.decoder, presented=25 (4fps), decodeLatency=unreadable (25 frames)
09-15 13:46:01.666 18485 18883 D OPENHU  : [80] Companion.decrypt | RECV: AUDIO Media Data type: 0 flags: 11 size: 8202 dataOffset: 2
09-15 13:46:01.678 18485 18883 D OPENHU  : [80] Companion.decrypt | RECV: AUDIO Media Data type: 0 flags: 11 size: 8202 dataOffset: 2
09-15 13:46:01.689 18485 18883 D OPENHU  : [80] Companion.decrypt | RECV: AUDIO Media Data type: 0 flags: 11 size: 8202 dataOffset: 2
09-15 13:46:01.699 18485 18883 D OPENHU  : [80] Companion.decrypt | RECV: AUDIO Media Data type: 0 flags: 11 size: 8202 dataOffset: 2
09-15 13:46:01.707 18485 18883 D OPENHU  : [80] Companion.decrypt | RECV: AUDIO Media Data type: 0 flags: 11 size: 8202 dataOffset: 2
09-15 13:46:01.868 18485 18883 D OPENHU  : [80] Companion.decrypt | RECV: CONTROL Ping Request type: 11 flags: 11 size: 12 dataOffset: 2
09-15 13:46:01.868 18485 18883 V OPENHU  : [80] AapTransport.send | CONTROL Ping Response type: 12 flags: 11 size: 14 dataOffset: 6
09-15 13:46:01.874 18485 18883 D OPENHU  : [80] Companion.decrypt | RECV: AUDIO Media Data type: 0 flags: 11 size: 8202 dataOffset: 2
09-15 13:46:01.883 18485 18883 D OPENHU  : [80] Companion.decrypt | RECV: AUDIO Media Data type: 0 flags: 11 size: 8202 dataOffset: 2
09-15 13:46:01.901 18485 18883 D OPENHU  : [80] Companion.decrypt | RECV: AUDIO Media Data type: 0 flags: 11 size: 8202 dataOffset: 2
09-15 13:46:01.910 18485 18883 D OPENHU  : [80] Companion.decrypt | RECV: AUDIO Media Data type: 0 flags: 11 size: 8202 dataOffset: 2
09-15 13:46:01.963 18485 18883 D OPENHU  : [80] Companion.decrypt | RECV: AUDIO Media Data type: 0 flags: 11 size: 8202 dataOffset: 2
09-15 13:46:01.969 18485 18883 D OPENHU  : [80] Companion.decrypt | RECV: AUDIO Media Data type: 0 flags: 11 size: 8202 dataOffset: 2
09-15 13:46:01.976 18485 18883 D OPENHU  : [80] Companion.decrypt | RECV: AUDIO Media Data type: 0 flags: 11 size: 8202 dataOffset: 2
09-15 13:46:01.995 18485 18485 V OPENHU  : [2] GpsLocation.onLocationChanged | GpsLocation: fix received
09-15 13:46:02.003 18485 18485 V OPENHU  : [2] AapTransport.send | SENSOR Sensor Event type: 32771 flags: 11 size: 46 dataOffset: 6
09-15 13:46:02.034 18485 18883 D OPENHU  : [80] Companion.decrypt | RECV: AUDIO Media Data type: 0 flags: 11 size: 8202 dataOffset: 2
09-15 13:46:02.060 18485 18485 I OPENHU  : [2] StationScanMonitor.record | StationScanMonitor: station scans: 1 in 93762ms, one scan, so no cadence yet. Each one takes the radio off the group's channel.
09-15 13:46:02.070 18485 18883 D OPENHU  : [80] Companion.decrypt | RECV: AUDIO Media Data type: 0 flags: 11 size: 8202 dataOffset: 2
09-15 13:46:02.105 18485 18883 D OPENHU  : [80] Companion.decrypt | RECV: AUDIO Media Data type: 0 flags: 11 size: 8202 dataOffset: 2
09-15 13:46:02.145 18485 18883 D OPENHU  : [80] Companion.decrypt | RECV: AUDIO Media Data type: 0 flags: 11 size: 8202 dataOffset: 2
09-15 13:46:02.188 18485 18883 D OPENHU  : [80] Companion.decrypt | RECV: AUDIO Media Data type: 0 flags: 11 size: 8202 dataOffset: 2
09-15 13:46:02.200 18485 18881 I OPENHU  : [78] VideoDecoder.logFeedPacing | Feed queue full - pacing the transport thread instead of shedding frames (+4 more since the last line)
09-15 13:46:02.212 18485 18883 D OPENHU  : [80] Companion.decrypt | RECV: MUSIC_PLAYBACK Media Playback Status type: 32769 flags: 11 size: 18 dataOffset: 2
09-15 13:46:02.214 18485 18883 D OPENHU  : [80] AapMediaPlayback.processStatusPacket | AapMediaPlayback: status mediaSource='VLC', playbackSeconds(u32)=210, state=PLAYING
09-15 13:46:02.232 18485 18883 D OPENHU  : [80] Companion.decrypt | RECV: AUDIO Media Data type: 0 flags: 11 size: 8202 dataOffset: 2
09-15 13:46:02.275 18485 18883 D OPENHU  : [80] Companion.decrypt | RECV: AUDIO Media Data type: 0 flags: 11 size: 8202 dataOffset: 2
09-15 13:46:02.318 18485 18883 D OPENHU  : [80] Companion.decrypt | RECV: AUDIO Media Data type: 0 flags: 11 size: 8202 dataOffset: 2
09-15 13:46:02.360 18485 18883 D OPENHU  : [80] Companion.decrypt | RECV: AUDIO Media Data type: 0 flags: 11 size: 8202 dataOffset: 2
09-15 13:46:02.404 18485 18883 D OPENHU  : [80] Companion.decrypt | RECV: AUDIO Media Data type: 0 flags: 11 size: 8202 dataOffset: 2
09-15 13:46:02.445 18485 18883 D OPENHU  : [80] Companion.decrypt | RECV: AUDIO Media Data type: 0 flags: 11 size: 8202 dataOffset: 2
09-15 13:46:02.489 18485 18883 D OPENHU  : [80] Companion.decrypt | RECV: AUDIO Media Data type: 0 flags: 11 size: 8202 dataOffset: 2
09-15 13:46:02.531 18485 18883 D OPENHU  : [80] Companion.decrypt | RECV: AUDIO Media Data type: 0 flags: 11 size: 8202 dataOffset: 2
09-15 13:46:02.576 18485 18883 D OPENHU  : [80] Companion.decrypt | RECV: AUDIO Media Data type: 0 flags: 11 size: 8202 dataOffset: 2
09-15 13:46:02.617 18485 18883 D OPENHU  : [80] Companion.decrypt | RECV: AUDIO Media Data type: 0 flags: 11 size: 8202 dataOffset: 2
09-15 13:46:02.659 18485 18883 D OPENHU  : [80] Companion.decrypt | RECV: AUDIO Media Data type: 0 flags: 11 size: 8202 dataOffset: 2
09-15 13:46:02.690 18485 18883 D OPENHU  : [80] Companion.decrypt | RECV: CONTROL Ping Request type: 11 flags: 11 size: 12 dataOffset: 2
09-15 13:46:02.692 18485 18883 V OPENHU  : [80] AapTransport.send | CONTROL Ping Response type: 12 flags: 11 size: 14 dataOffset: 6
09-15 13:46:02.704 18485 18883 D OPENHU  : [80] Companion.decrypt | RECV: AUDIO Media Data type: 0 flags: 11 size: 8202 dataOffset: 2
09-15 13:46:02.745 18485 18883 D OPENHU  : [80] Companion.decrypt | RECV: AUDIO Media Data type: 0 flags: 11 size: 8202 dataOffset: 2
09-15 13:46:02.788 18485 18883 D OPENHU  : [80] Companion.decrypt | RECV: AUDIO Media Data type: 0 flags: 11 size: 8202 dataOffset: 2
09-15 13:46:02.830 18485 18883 D OPENHU  : [80] Companion.decrypt | RECV: AUDIO Media Data type: 0 flags: 11 size: 8202 dataOffset: 2
09-15 13:46:02.872 18485 18883 D OPENHU  : [80] Companion.decrypt | RECV: AUDIO Media Data type: 0 flags: 11 size: 8202 dataOffset: 2
09-15 13:46:02.913 18485 18883 D OPENHU  : [80] Companion.decrypt | RECV: AUDIO Media Data type: 0 flags: 11 size: 8202 dataOffset: 2
09-15 13:46:02.957 18485 18883 D OPENHU  : [80] Companion.decrypt | RECV: AUDIO Media Data type: 0 flags: 11 size: 8202 dataOffset: 2
09-15 13:46:03.001 18485 18883 D OPENHU  : [80] Companion.decrypt | RECV: AUDIO Media Data type: 0 flags: 11 size: 8202 dataOffset: 2
09-15 13:46:03.029 18485 18485 I OPENHU  : [2] TextureProjectionView.onSurfaceTextureUpdated | TextureProjectionView: displayed 25 frames in 5071ms (4fps), longFrames=0
09-15 13:46:03.033 18485 18485 V OPENHU  : [2] GpsLocation.onLocationChanged | GpsLocation: fix received
09-15 13:46:03.039 18485 18485 V OPENHU  : [2] AapTransport.send | SENSOR Sensor Event type: 32771 flags: 11 size: 46 dataOffset: 6
09-15 13:46:03.044 18485 18883 D OPENHU  : [80] Companion.decrypt | RECV: AUDIO Media Data type: 0 flags: 11 size: 8202 dataOffset: 2
09-15 13:46:03.087 18485 18883 D OPENHU  : [80] Companion.decrypt | RECV: AUDIO Media Data type: 0 flags: 11 size: 8202 dataOffset: 2
09-15 13:46:03.129 18485 18883 D OPENHU  : [80] Companion.decrypt | RECV: AUDIO Media Data type: 0 flags: 11 size: 8202 dataOffset: 2
09-15 13:46:03.173 18485 18883 D OPENHU  : [80] Companion.decrypt | RECV: AUDIO Media Data type: 0 flags: 11 size: 8202 dataOffset: 2
09-15 13:46:03.212 18485 18883 D OPENHU  : [80] Companion.decrypt | RECV: MUSIC_PLAYBACK Media Playback Status type: 32769 flags: 11 size: 18 dataOffset: 2
09-15 13:46:03.214 18485 18883 D OPENHU  : [80] AapMediaPlayback.processStatusPacket | AapMediaPlayback: status mediaSource='VLC', playbackSeconds(u32)=211, state=PLAYING
09-15 13:46:03.215 18485 18881 I OPENHU  : [78] VideoDecoder.logFeedPacing | Feed queue full - pacing the transport thread instead of shedding frames (+4 more since the last line)
09-15 13:46:03.218 18485 18883 D OPENHU  : [80] Companion.decrypt | RECV: AUDIO Media Data type: 0 flags: 11 size: 8202 dataOffset: 2
09-15 13:46:03.256 18485 18883 D OPENHU  : [80] Companion.decrypt | RECV: AUDIO Media Data type: 0 flags: 11 size: 8202 dataOffset: 2
09-15 13:46:03.298 18485 18883 D OPENHU  : [80] Companion.decrypt | RECV: AUDIO Media Data type: 0 flags: 11 size: 8202 dataOffset: 2
09-15 13:46:03.342 18485 18883 D OPENHU  : [80] Companion.decrypt | RECV: AUDIO Media Data type: 0 flags: 11 size: 8202 dataOffset: 2
09-15 13:46:03.384 18485 18883 D OPENHU  : [80] Companion.decrypt | RECV: AUDIO Media Data type: 0 flags: 11 size: 8202 dataOffset: 2
09-15 13:46:03.427 18485 18883 D OPENHU  : [80] Companion.decrypt | RECV: AUDIO Media Data type: 0 flags: 11 size: 8202 dataOffset: 2
09-15 13:46:03.470 18485 18883 D OPENHU  : [80] Companion.decrypt | RECV: AUDIO Media Data type: 0 flags: 11 size: 8202 dataOffset: 2
09-15 13:46:03.512 18485 18883 D OPENHU  : [80] Companion.decrypt | RECV: AUDIO Media Data type: 0 flags: 11 size: 8202 dataOffset: 2
09-15 13:46:03.555 18485 18883 D OPENHU  : [80] Companion.decrypt | RECV: AUDIO Media Data type: 0 flags: 11 size: 8202 dataOffset: 2
09-15 13:46:03.597 18485 18883 D OPENHU  : [80] Companion.decrypt | RECV: AUDIO Media Data type: 0 flags: 11 size: 8202 dataOffset: 2
09-15 13:46:03.641 18485 18883 D OPENHU  : [80] Companion.decrypt | RECV: AUDIO Media Data type: 0 flags: 11 size: 8202 dataOffset: 2
09-15 13:46:03.684 18485 18883 D OPENHU  : [80] Companion.decrypt | RECV: AUDIO Media Data type: 0 flags: 11 size: 8202 dataOffset: 2
09-15 13:46:03.692 18485 18883 D OPENHU  : [80] Companion.decrypt | RECV: CONTROL Ping Request type: 11 flags: 11 size: 12 dataOffset: 2
09-15 13:46:03.694 18485 18883 V OPENHU  : [80] AapTransport.send | CONTROL Ping Response type: 12 flags: 11 size: 14 dataOffset: 6
09-15 13:46:03.727 18485 18883 D OPENHU  : [80] Companion.decrypt | RECV: AUDIO Media Data type: 0 flags: 11 size: 8202 dataOffset: 2
09-15 13:46:03.774 18485 18883 D OPENHU  : [80] Companion.decrypt | RECV: AUDIO Media Data type: 0 flags: 11 size: 8202 dataOffset: 2
09-15 13:46:03.811 18485 18883 D OPENHU  : [80] Companion.decrypt | RECV: AUDIO Media Data type: 0 flags: 11 size: 8202 dataOffset: 2
09-15 13:46:03.852 18485 18883 D OPENHU  : [80] Companion.decrypt | RECV: AUDIO Media Data type: 0 flags: 11 size: 8202 dataOffset: 2
09-15 13:46:03.896 18485 18883 D OPENHU  : [80] Companion.decrypt | RECV: AUDIO Media Data type: 0 flags: 11 size: 8202 dataOffset: 2
09-15 13:46:03.938 18485 18883 D OPENHU  : [80] Companion.decrypt | RECV: AUDIO Media Data type: 0 flags: 11 size: 8202 dataOffset: 2
09-15 13:46:03.982 18485 18883 D OPENHU  : [80] Companion.decrypt | RECV: AUDIO Media Data type: 0 flags: 11 size: 8202 dataOffset: 2
09-15 13:46:03.997 18485 18485 V OPENHU  : [2] GpsLocation.onLocationChanged | GpsLocation: fix received
09-15 13:46:04.004 18485 18485 V OPENHU  : [2] AapTransport.send | SENSOR Sensor Event type: 32771 flags: 11 size: 46 dataOffset: 6
09-15 13:46:04.023 18485 18883 D OPENHU  : [80] Companion.decrypt | RECV: AUDIO Media Data type: 0 flags: 11 size: 8202 dataOffset: 2
09-15 13:46:04.066 18485 18883 D OPENHU  : [80] Companion.decrypt | RECV: AUDIO Media Data type: 0 flags: 11 size: 8202 dataOffset: 2
09-15 13:46:04.109 18485 18883 D OPENHU  : [80] Companion.decrypt | RECV: AUDIO Media Data type: 0 flags: 11 size: 8202 dataOffset: 2
09-15 13:46:04.152 18485 18883 D OPENHU  : [80] Companion.decrypt | RECV: AUDIO Media Data type: 0 flags: 11 size: 8202 dataOffset: 2
09-15 13:46:04.195 18485 18883 D OPENHU  : [80] Companion.decrypt | RECV: AUDIO Media Data type: 0 flags: 11 size: 8202 dataOffset: 2
09-15 13:46:04.214 18485 18883 D OPENHU  : [80] Companion.decrypt | RECV: MUSIC_PLAYBACK Media Playback Status type: 32769 flags: 11 size: 18 dataOffset: 2
09-15 13:46:04.216 18485 18883 D OPENHU  : [80] AapMediaPlayback.processStatusPacket | AapMediaPlayback: status mediaSource='VLC', playbackSeconds(u32)=212, state=PLAYING
09-15 13:46:04.229 18485 18881 I OPENHU  : [78] VideoDecoder.logFeedPacing | Feed queue full - pacing the transport thread instead of shedding frames (+4 more since the last line)
09-15 13:46:04.238 18485 18883 D OPENHU  : [80] Companion.decrypt | RECV: AUDIO Media Data type: 0 flags: 11 size: 8202 dataOffset: 2
09-15 13:46:04.282 18485 18883 D OPENHU  : [80] Companion.decrypt | RECV: AUDIO Media Data type: 0 flags: 11 size: 8202 dataOffset: 2
09-15 13:46:04.323 18485 18883 D OPENHU  : [80] Companion.decrypt | RECV: AUDIO Media Data type: 0 flags: 11 size: 8202 dataOffset: 2
09-15 13:46:04.368 18485 18883 D OPENHU  : [80] Companion.decrypt | RECV: AUDIO Media Data type: 0 flags: 11 size: 8202 dataOffset: 2
09-15 13:46:04.408 18485 18883 D OPENHU  : [80] Companion.decrypt | RECV: AUDIO Media Data type: 0 flags: 11 size: 8202 dataOffset: 2
09-15 13:46:04.454 18485 18883 D OPENHU  : [80] Companion.decrypt | RECV: AUDIO Media Data type: 0 flags: 11 size: 8202 dataOffset: 2
09-15 13:46:04.493 18485 18883 D OPENHU  : [80] Companion.decrypt | RECV: AUDIO Media Data type: 0 flags: 11 size: 8202 dataOffset: 2
09-15 13:46:04.535 18485 18883 D OPENHU  : [80] Companion.decrypt | RECV: AUDIO Media Data type: 0 flags: 11 size: 8202 dataOffset: 2
09-15 13:46:04.579 18485 18883 D OPENHU  : [80] Companion.decrypt | RECV: AUDIO Media Data type: 0 flags: 11 size: 8202 dataOffset: 2
09-15 13:46:04.621 18485 18883 D OPENHU  : [80] Companion.decrypt | RECV: AUDIO Media Data type: 0 flags: 11 size: 8202 dataOffset: 2
09-15 13:46:04.664 18485 18883 D OPENHU  : [80] Companion.decrypt | RECV: AUDIO Media Data type: 0 flags: 11 size: 8202 dataOffset: 2
09-15 13:46:04.692 18485 18883 D OPENHU  : [80] Companion.decrypt | RECV: CONTROL Ping Request type: 11 flags: 11 size: 12 dataOffset: 2
09-15 13:46:04.694 18485 18883 V OPENHU  : [80] AapTransport.send | CONTROL Ping Response type: 12 flags: 11 size: 14 dataOffset: 6
09-15 13:46:04.707 18485 18883 D OPENHU  : [80] Companion.decrypt | RECV: AUDIO Media Data type: 0 flags: 11 size: 8202 dataOffset: 2
09-15 13:46:04.748 18485 18883 D OPENHU  : [80] Companion.decrypt | RECV: AUDIO Media Data type: 0 flags: 11 size: 8202 dataOffset: 2
09-15 13:46:04.791 18485 18883 D OPENHU  : [80] Companion.decrypt | RECV: AUDIO Media Data type: 0 flags: 11 size: 8202 dataOffset: 2
09-15 13:46:04.836 18485 18883 D OPENHU  : [80] Companion.decrypt | RECV: AUDIO Media Data type: 0 flags: 11 size: 8202 dataOffset: 2
09-15 13:46:04.877 18485 18883 D OPENHU  : [80] Companion.decrypt | RECV: AUDIO Media Data type: 0 flags: 11 size: 8202 dataOffset: 2
09-15 13:46:04.920 18485 18883 D OPENHU  : [80] Companion.decrypt | RECV: AUDIO Media Data type: 0 flags: 11 size: 8202 dataOffset: 2
09-15 13:46:04.963 18485 18883 D OPENHU  : [80] Companion.decrypt | RECV: AUDIO Media Data type: 0 flags: 11 size: 8202 dataOffset: 2
09-15 13:46:05.006 18485 18883 D OPENHU  : [80] Companion.decrypt | RECV: AUDIO Media Data type: 0 flags: 11 size: 8202 dataOffset: 2
09-15 13:46:05.026 18485 18485 V OPENHU  : [2] GpsLocation.onLocationChanged | GpsLocation: fix received
09-15 13:46:05.036 18485 18485 V OPENHU  : [2] AapTransport.send | SENSOR Sensor Event type: 32771 flags: 11 size: 46 dataOffset: 6
09-15 13:46:05.061 18485 18883 D OPENHU  : [80] Companion.decrypt | RECV: AUDIO Media Data type: 0 flags: 11 size: 8202 dataOffset: 2
09-15 13:46:05.100 18485 18883 D OPENHU  : [80] Companion.decrypt | RECV: AUDIO Media Data type: 0 flags: 11 size: 8202 dataOffset: 2
09-15 13:46:05.141 18485 18883 D OPENHU  : [80] Companion.decrypt | RECV: AUDIO Media Data type: 0 flags: 11 size: 8202 dataOffset: 2
09-15 13:46:05.178 18485 18883 D OPENHU  : [80] Companion.decrypt | RECV: AUDIO Media Data type: 0 flags: 11 size: 8202 dataOffset: 2
09-15 13:46:05.213 18485 18883 D OPENHU  : [80] Companion.decrypt | RECV: MUSIC_PLAYBACK Media Playback Status type: 32769 flags: 11 size: 18 dataOffset: 2
09-15 13:46:05.215 18485 18883 D OPENHU  : [80] AapMediaPlayback.processStatusPacket | AapMediaPlayback: status mediaSource='VLC', playbackSeconds(u32)=213, state=PLAYING
09-15 13:46:05.223 18485 18883 D OPENHU  : [80] Companion.decrypt | RECV: AUDIO Media Data type: 0 flags: 11 size: 8202 dataOffset: 2
09-15 13:46:05.245 18485 18881 I OPENHU  : [78] VideoDecoder.logFeedPacing | Feed queue full - pacing the transport thread instead of shedding frames (+4 more since the last line)
09-15 13:46:05.264 18485 18883 D OPENHU  : [80] Companion.decrypt | RECV: AUDIO Media Data type: 0 flags: 11 size: 8202 dataOffset: 2
09-15 13:46:05.304 18485 18883 D OPENHU  : [80] Companion.decrypt | RECV: AUDIO Media Data type: 0 flags: 11 size: 8202 dataOffset: 2
09-15 13:46:05.347 18485 18883 D OPENHU  : [80] Companion.decrypt | RECV: AUDIO Media Data type: 0 flags: 11 size: 8202 dataOffset: 2
09-15 13:46:05.389 18485 18883 D OPENHU  : [80] Companion.decrypt | RECV: AUDIO Media Data type: 0 flags: 11 size: 8202 dataOffset: 2
09-15 13:46:05.432 18485 18883 D OPENHU  : [80] Companion.decrypt | RECV: AUDIO Media Data type: 0 flags: 11 size: 8202 dataOffset: 2
09-15 13:46:05.475 18485 18883 D OPENHU  : [80] Companion.decrypt | RECV: AUDIO Media Data type: 0 flags: 11 size: 8202 dataOffset: 2
09-15 13:46:05.517 18485 18883 D OPENHU  : [80] Companion.decrypt | RECV: AUDIO Media Data type: 0 flags: 11 size: 8202 dataOffset: 2
09-15 13:46:05.559 18485 18883 D OPENHU  : [80] Companion.decrypt | RECV: AUDIO Media Data type: 0 flags: 11 size: 8202 dataOffset: 2
09-15 13:46:05.603 18485 18883 D OPENHU  : [80] Companion.decrypt | RECV: AUDIO Media Data type: 0 flags: 11 size: 8202 dataOffset: 2
09-15 13:46:05.644 18485 18883 D OPENHU  : [80] Companion.decrypt | RECV: AUDIO Media Data type: 0 flags: 11 size: 8202 dataOffset: 2
09-15 13:46:05.686 18485 18883 D OPENHU  : [80] Companion.decrypt | RECV: AUDIO Media Data type: 0 flags: 11 size: 8202 dataOffset: 2
09-15 13:46:05.692 18485 18883 D OPENHU  : [80] Companion.decrypt | RECV: CONTROL Ping Request type: 11 flags: 11 size: 12 dataOffset: 2
09-15 13:46:05.693 18485 18883 V OPENHU  : [80] AapTransport.send | CONTROL Ping Response type: 12 flags: 11 size: 14 dataOffset: 6
09-15 13:46:05.733 18485 18883 D OPENHU  : [80] Companion.decrypt | RECV: AUDIO Media Data type: 0 flags: 11 size: 8202 dataOffset: 2
09-15 13:46:05.774 18485 18883 D OPENHU  : [80] Companion.decrypt | RECV: AUDIO Media Data type: 0 flags: 11 size: 8202 dataOffset: 2
09-15 13:46:05.817 18485 18883 D OPENHU  : [80] Companion.decrypt | RECV: AUDIO Media Data type: 0 flags: 11 size: 8202 dataOffset: 2
09-15 13:46:05.859 18485 18883 D OPENHU  : [80] Companion.decrypt | RECV: AUDIO Media Data type: 0 flags: 11 size: 8202 dataOffset: 2
09-15 13:46:05.902 18485 18883 D OPENHU  : [80] Companion.decrypt | RECV: AUDIO Media Data type: 0 flags: 11 size: 8202 dataOffset: 2
09-15 13:46:05.942 18485 18883 D OPENHU  : [80] Companion.decrypt | RECV: AUDIO Media Data type: 0 flags: 11 size: 8202 dataOffset: 2
09-15 13:46:05.986 18485 18883 D OPENHU  : [80] Companion.decrypt | RECV: AUDIO Media Data type: 0 flags: 11 size: 8202 dataOffset: 2
09-15 13:46:05.997 18485 18485 V OPENHU  : [2] GpsLocation.onLocationChanged | GpsLocation: fix received
09-15 13:46:06.004 18485 18485 V OPENHU  : [2] AapTransport.send | SENSOR Sensor Event type: 32771 flags: 11 size: 46 dataOffset: 6
09-15 13:46:06.029 18485 18883 D OPENHU  : [80] Companion.decrypt | RECV: AUDIO Media Data type: 0 flags: 11 size: 8202 dataOffset: 2
09-15 13:46:06.071 18485 18883 D OPENHU  : [80] Companion.decrypt | RECV: AUDIO Media Data type: 0 flags: 11 size: 8202 dataOffset: 2
09-15 13:46:06.115 18485 18883 D OPENHU  : [80] Companion.decrypt | RECV: AUDIO Media Data type: 0 flags: 11 size: 8202 dataOffset: 2
09-15 13:46:06.157 18485 18883 D OPENHU  : [80] Companion.decrypt | RECV: AUDIO Media Data type: 0 flags: 11 size: 8202 dataOffset: 2
09-15 13:46:06.200 18485 18883 D OPENHU  : [80] Companion.decrypt | RECV: AUDIO Media Data type: 0 flags: 11 size: 8202 dataOffset: 2
09-15 13:46:06.214 18485 18883 D OPENHU  : [80] Companion.decrypt | RECV: MUSIC_PLAYBACK Media Playback Status type: 32769 flags: 11 size: 18 dataOffset: 2
09-15 13:46:06.215 18485 18883 D OPENHU  : [80] AapMediaPlayback.processStatusPacket | AapMediaPlayback: status mediaSource='VLC', playbackSeconds(u32)=214, state=PLAYING
09-15 13:46:06.241 18485 18883 D OPENHU  : [80] Companion.decrypt | RECV: AUDIO Media Data type: 0 flags: 11 size: 8202 dataOffset: 2
09-15 13:46:06.267 18485 18881 I OPENHU  : [78] VideoDecoder.logFeedPacing | Feed queue full - pacing the transport thread instead of shedding frames (+4 more since the last line)
09-15 13:46:06.285 18485 18883 D OPENHU  : [80] Companion.decrypt | RECV: AUDIO Media Data type: 0 flags: 11 size: 8202 dataOffset: 2
09-15 13:46:06.329 18485 18883 D OPENHU  : [80] Companion.decrypt | RECV: AUDIO Media Data type: 0 flags: 11 size: 8202 dataOffset: 2
09-15 13:46:06.371 18485 18883 D OPENHU  : [80] Companion.decrypt | RECV: AUDIO Media Data type: 0 flags: 11 size: 8202 dataOffset: 2
09-15 13:46:06.413 18485 18883 D OPENHU  : [80] Companion.decrypt | RECV: AUDIO Media Data type: 0 flags: 11 size: 8202 dataOffset: 2
09-15 13:46:06.455 18485 18883 D OPENHU  : [80] Companion.decrypt | RECV: AUDIO Media Data type: 0 flags: 11 size: 8202 dataOffset: 2
09-15 13:46:06.501 18485 18883 D OPENHU  : [80] Companion.decrypt | RECV: AUDIO Media Data type: 0 flags: 11 size: 8202 dataOffset: 2
09-15 13:46:06.531 18485 18907 I OPENHU  : [89] VideoDecoder.logThroughput | Throughput over 5006ms: rendered=25 (4fps), fed=25 (4fps), dropped=0, skipped=0, concealed=0, inputWait=10ms, enqueueWait=5056ms, codec=c2.unisoc.avc.decoder, presented=25 (4fps), decodeLatency=unreadable (25 frames)
09-15 13:46:06.541 18485 18883 D OPENHU  : [80] Companion.decrypt | RECV: AUDIO Media Data type: 0 flags: 11 size: 8202 dataOffset: 2
09-15 13:46:06.584 18485 18883 D OPENHU  : [80] Companion.decrypt | RECV: AUDIO Media Data type: 0 flags: 11 size: 8202 dataOffset: 2
09-15 13:46:06.626 18485 18883 D OPENHU  : [80] Companion.decrypt | RECV: AUDIO Media Data type: 0 flags: 11 size: 8202 dataOffset: 2
09-15 13:46:06.669 18485 18883 D OPENHU  : [80] Companion.decrypt | RECV: AUDIO Media Data type: 0 flags: 11 size: 8202 dataOffset: 2
09-15 13:46:06.692 18485 18883 D OPENHU  : [80] Companion.decrypt | RECV: CONTROL Ping Request type: 11 flags: 11 size: 12 dataOffset: 2
09-15 13:46:06.693 18485 18883 V OPENHU  : [80] AapTransport.send | CONTROL Ping Response type: 12 flags: 11 size: 14 dataOffset: 6
09-15 13:46:06.711 18485 18883 D OPENHU  : [80] Companion.decrypt | RECV: AUDIO Media Data type: 0 flags: 11 size: 8202 dataOffset: 2
09-15 13:46:06.754 18485 18883 D OPENHU  : [80] Companion.decrypt | RECV: AUDIO Media Data type: 0 flags: 11 size: 8202 dataOffset: 2
09-15 13:46:06.798 18485 18883 D OPENHU  : [80] Companion.decrypt | RECV: AUDIO Media Data type: 0 flags: 11 size: 8202 dataOffset: 2
09-15 13:46:06.840 18485 18883 D OPENHU  : [80] Companion.decrypt | RECV: AUDIO Media Data type: 0 flags: 11 size: 8202 dataOffset: 2
09-15 13:46:06.883 18485 18883 D OPENHU  : [80] Companion.decrypt | RECV: AUDIO Media Data type: 0 flags: 11 size: 8202 dataOffset: 2
09-15 13:46:06.925 18485 18883 D OPENHU  : [80] Companion.decrypt | RECV: AUDIO Media Data type: 0 flags: 11 size: 8202 dataOffset: 2
09-15 13:46:06.968 18485 18883 D OPENHU  : [80] Companion.decrypt | RECV: AUDIO Media Data type: 0 flags: 11 size: 8202 dataOffset: 2
09-15 13:46:07.014 18485 18883 D OPENHU  : [80] Companion.decrypt | RECV: AUDIO Media Data type: 0 flags: 11 size: 8202 dataOffset: 2
09-15 13:46:07.023 18485 18485 V OPENHU  : [2] GpsLocation.onLocationChanged | GpsLocation: fix received
09-15 13:46:07.032 18485 18485 V OPENHU  : [2] AapTransport.send | SENSOR Sensor Event type: 32771 flags: 11 size: 46 dataOffset: 6
09-15 13:46:07.058 18485 18883 D OPENHU  : [80] Companion.decrypt | RECV: AUDIO Media Data type: 0 flags: 11 size: 8202 dataOffset: 2
09-15 13:46:07.096 18485 18883 D OPENHU  : [80] Companion.decrypt | RECV: AUDIO Media Data type: 0 flags: 11 size: 8202 dataOffset: 2
09-15 13:46:07.139 18485 18883 D OPENHU  : [80] Companion.decrypt | RECV: AUDIO Media Data type: 0 flags: 11 size: 8202 dataOffset: 2
09-15 13:46:07.186 18485 18883 D OPENHU  : [80] Companion.decrypt | RECV: AUDIO Media Data type: 0 flags: 11 size: 8202 dataOffset: 2
09-15 13:46:07.213 18485 18883 D OPENHU  : [80] Companion.decrypt | RECV: MUSIC_PLAYBACK Media Playback Status type: 32769 flags: 11 size: 18 dataOffset: 2
09-15 13:46:07.214 18485 18883 D OPENHU  : [80] AapMediaPlayback.processStatusPacket | AapMediaPlayback: status mediaSource='VLC', playbackSeconds(u32)=215, state=PLAYING
09-15 13:46:07.224 18485 18883 D OPENHU  : [80] Companion.decrypt | RECV: AUDIO Media Data type: 0 flags: 11 size: 8202 dataOffset: 2
09-15 13:46:07.268 18485 18883 D OPENHU  : [80] Companion.decrypt | RECV: AUDIO Media Data type: 0 flags: 11 size: 8202 dataOffset: 2
09-15 13:46:07.281 18485 18881 I OPENHU  : [78] VideoDecoder.logFeedPacing | Feed queue full - pacing the transport thread instead of shedding frames (+4 more since the last line)
09-15 13:46:07.309 18485 18883 D OPENHU  : [80] Companion.decrypt | RECV: AUDIO Media Data type: 0 flags: 11 size: 8202 dataOffset: 2
09-15 13:46:07.352 18485 18883 D OPENHU  : [80] Companion.decrypt | RECV: AUDIO Media Data type: 0 flags: 11 size: 8202 dataOffset: 2
09-15 13:46:07.395 18485 18883 D OPENHU  : [80] Companion.decrypt | RECV: AUDIO Media Data type: 0 flags: 11 size: 8202 dataOffset: 2
09-15 13:46:07.437 18485 18883 D OPENHU  : [80] Companion.decrypt | RECV: AUDIO Media Data type: 0 flags: 11 size: 8202 dataOffset: 2
09-15 13:46:07.479 18485 18883 D OPENHU  : [80] Companion.decrypt | RECV: AUDIO Media Data type: 0 flags: 11 size: 8202 dataOffset: 2
09-15 13:46:07.523 18485 18883 D OPENHU  : [80] Companion.decrypt | RECV: AUDIO Media Data type: 0 flags: 11 size: 8202 dataOffset: 2
09-15 13:46:07.566 18485 18883 D OPENHU  : [80] Companion.decrypt | RECV: AUDIO Media Data type: 0 flags: 11 size: 8202 dataOffset: 2
09-15 13:46:07.610 18485 18883 D OPENHU  : [80] Companion.decrypt | RECV: AUDIO Media Data type: 0 flags: 11 size: 8202 dataOffset: 2
09-15 13:46:07.651 18485 18883 D OPENHU  : [80] Companion.decrypt | RECV: AUDIO Media Data type: 0 flags: 11 size: 8202 dataOffset: 2
09-15 13:46:07.695 18485 18883 D OPENHU  : [80] Companion.decrypt | RECV: CONTROL Ping Request type: 11 flags: 11 size: 12 dataOffset: 2
09-15 13:46:07.696 18485 18883 V OPENHU  : [80] AapTransport.send | CONTROL Ping Response type: 12 flags: 11 size: 14 dataOffset: 6
09-15 13:46:07.699 18485 18883 D OPENHU  : [80] Companion.decrypt | RECV: AUDIO Media Data type: 0 flags: 11 size: 8202 dataOffset: 2
09-15 13:46:07.738 18485 18883 D OPENHU  : [80] Companion.decrypt | RECV: AUDIO Media Data type: 0 flags: 11 size: 8202 dataOffset: 2
09-15 13:46:07.779 18485 18883 D OPENHU  : [80] Companion.decrypt | RECV: AUDIO Media Data type: 0 flags: 11 size: 8202 dataOffset: 2
09-15 13:46:07.821 18485 18883 D OPENHU  : [80] Companion.decrypt | RECV: AUDIO Media Data type: 0 flags: 11 size: 8202 dataOffset: 2
09-15 13:46:07.865 18485 18883 D OPENHU  : [80] Companion.decrypt | RECV: AUDIO Media Data type: 0 flags: 11 size: 8202 dataOffset: 2
09-15 13:46:07.906 18485 18883 D OPENHU  : [80] Companion.decrypt | RECV: AUDIO Media Data type: 0 flags: 11 size: 8202 dataOffset: 2
09-15 13:46:07.950 18485 18883 D OPENHU  : [80] Companion.decrypt | RECV: AUDIO Media Data type: 0 flags: 11 size: 8202 dataOffset: 2
09-15 13:46:07.992 18485 18883 D OPENHU  : [80] Companion.decrypt | RECV: AUDIO Media Data type: 0 flags: 11 size: 8202 dataOffset: 2
09-15 13:46:07.995 18485 18485 V OPENHU  : [2] GpsLocation.onLocationChanged | GpsLocation: fix received
09-15 13:46:08.002 18485 18485 V OPENHU  : [2] AapTransport.send | SENSOR Sensor Event type: 32771 flags: 11 size: 46 dataOffset: 6
09-15 13:46:08.037 18485 18883 D OPENHU  : [80] Companion.decrypt | RECV: AUDIO Media Data type: 0 flags: 11 size: 8202 dataOffset: 2
09-15 13:46:08.079 18485 18883 D OPENHU  : [80] Companion.decrypt | RECV: AUDIO Media Data type: 0 flags: 11 size: 8202 dataOffset: 2
09-15 13:46:08.115 18485 18485 I OPENHU  : [2] TextureProjectionView.onSurfaceTextureUpdated | TextureProjectionView: displayed 25 frames in 5087ms (4fps), longFrames=0
09-15 13:46:08.122 18485 18883 D OPENHU  : [80] Companion.decrypt | RECV: AUDIO Media Data type: 0 flags: 11 size: 8202 dataOffset: 2
09-15 13:46:08.165 18485 18883 D OPENHU  : [80] Companion.decrypt | RECV: AUDIO Media Data type: 0 flags: 11 size: 8202 dataOffset: 2
09-15 13:46:08.206 18485 18883 D OPENHU  : [80] Companion.decrypt | RECV: AUDIO Media Data type: 0 flags: 11 size: 8202 dataOffset: 2
09-15 13:46:08.216 18485 18883 D OPENHU  : [80] Companion.decrypt | RECV: MUSIC_PLAYBACK Media Playback Status type: 32769 flags: 11 size: 18 dataOffset: 2
09-15 13:46:08.217 18485 18883 D OPENHU  : [80] AapMediaPlayback.processStatusPacket | AapMediaPlayback: status mediaSource='VLC', playbackSeconds(u32)=216, state=PLAYING
09-15 13:46:08.249 18485 18883 D OPENHU  : [80] Companion.decrypt | RECV: AUDIO Media Data type: 0 flags: 11 size: 8202 dataOffset: 2
09-15 13:46:08.292 18485 18883 D OPENHU  : [80] Companion.decrypt | RECV: AUDIO Media Data type: 0 flags: 11 size: 8202 dataOffset: 2
09-15 13:46:08.295 18485 18881 I OPENHU  : [78] VideoDecoder.logFeedPacing | Feed queue full - pacing the transport thread instead of shedding frames (+4 more since the last line)
09-15 13:46:08.337 18485 18883 D OPENHU  : [80] Companion.decrypt | RECV: AUDIO Media Data type: 0 flags: 11 size: 8202 dataOffset: 2
09-15 13:46:08.375 18485 18883 D OPENHU  : [80] Companion.decrypt | RECV: AUDIO Media Data type: 0 flags: 11 size: 8202 dataOffset: 2
09-15 13:46:08.420 18485 18883 D OPENHU  : [80] Companion.decrypt | RECV: AUDIO Media Data type: 0 flags: 11 size: 8202 dataOffset: 2
09-15 13:46:08.459 18485 18883 D OPENHU  : [80] Companion.decrypt | RECV: AUDIO Media Data type: 0 flags: 11 size: 8202 dataOffset: 2
09-15 13:46:08.504 18485 18883 D OPENHU  : [80] Companion.decrypt | RECV: AUDIO Media Data type: 0 flags: 11 size: 8202 dataOffset: 2
09-15 13:46:08.546 18485 18883 D OPENHU  : [80] Companion.decrypt | RECV: AUDIO Media Data type: 0 flags: 11 size: 8202 dataOffset: 2
09-15 13:46:08.591 18485 18883 D OPENHU  : [80] Companion.decrypt | RECV: AUDIO Media Data type: 0 flags: 11 size: 8202 dataOffset: 2
09-15 13:46:08.632 18485 18883 D OPENHU  : [80] Companion.decrypt | RECV: AUDIO Media Data type: 0 flags: 11 size: 8202 dataOffset: 2
09-15 13:46:08.674 18485 18883 D OPENHU  : [80] Companion.decrypt | RECV: AUDIO Media Data type: 0 flags: 11 size: 8202 dataOffset: 2
09-15 13:46:08.684 18485 18883 D OPENHU  : [80] Companion.decrypt | RECV: MUSIC_PLAYBACK Media Playback Status type: 32771 flags: 11 size: 7819 dataOffset: 2
09-15 13:46:08.686 18485 18883 D OPENHU  : [80] Companion.decrypt | RECV: MUSIC_PLAYBACK Media Playback Status type: 32769 flags: 11 size: 17 dataOffset: 2
09-15 13:46:08.688 18485 18883 D OPENHU  : [80] AapMediaPlayback.processStatusPacket | AapMediaPlayback: status mediaSource='VLC', playbackSeconds(u32)=1, state=PLAYING
09-15 13:46:08.692 18485 18883 D OPENHU  : [80] Companion.decrypt | RECV: CONTROL Ping Request type: 11 flags: 11 size: 12 dataOffset: 2
09-15 13:46:08.693 18485 18883 V OPENHU  : [80] AapTransport.send | CONTROL Ping Response type: 12 flags: 11 size: 14 dataOffset: 6
09-15 13:46:08.716 18485 18883 D OPENHU  : [80] Companion.decrypt | RECV: AUDIO Media Data type: 0 flags: 11 size: 8202 dataOffset: 2
09-15 13:46:08.759 18485 18883 D OPENHU  : [80] Companion.decrypt | RECV: AUDIO Media Data type: 0 flags: 11 size: 8202 dataOffset: 2
09-15 13:46:08.802 18485 18883 D OPENHU  : [80] Companion.decrypt | RECV: AUDIO Media Data type: 0 flags: 11 size: 8202 dataOffset: 2
09-15 13:46:08.845 18485 18883 D OPENHU  : [80] Companion.decrypt | RECV: AUDIO Media Data type: 0 flags: 11 size: 8202 dataOffset: 2
09-15 13:46:08.888 18485 18883 D OPENHU  : [80] Companion.decrypt | RECV: AUDIO Media Data type: 0 flags: 11 size: 8202 dataOffset: 2
09-15 13:46:08.930 18485 18883 D OPENHU  : [80] Companion.decrypt | RECV: AUDIO Media Data type: 0 flags: 11 size: 8202 dataOffset: 2
09-15 13:46:08.972 18485 18883 D OPENHU  : [80] Companion.decrypt | RECV: AUDIO Media Data type: 0 flags: 11 size: 8202 dataOffset: 2
09-15 13:46:09.016 18485 18883 D OPENHU  : [80] Companion.decrypt | RECV: AUDIO Media Data type: 0 flags: 11 size: 8202 dataOffset: 2
09-15 13:46:09.030 18485 18485 V OPENHU  : [2] GpsLocation.onLocationChanged | GpsLocation: fix received
09-15 13:46:09.037 18485 18485 V OPENHU  : [2] AapTransport.send | SENSOR Sensor Event type: 32771 flags: 11 size: 46 dataOffset: 6
09-15 13:46:09.058 18485 18883 D OPENHU  : [80] Companion.decrypt | RECV: AUDIO Media Data type: 0 flags: 11 size: 8202 dataOffset: 2
09-15 13:46:09.101 18485 18883 D OPENHU  : [80] Companion.decrypt | RECV: AUDIO Media Data type: 0 flags: 11 size: 8202 dataOffset: 2
09-15 13:46:09.144 18485 18883 D OPENHU  : [80] Companion.decrypt | RECV: AUDIO Media Data type: 0 flags: 11 size: 8202 dataOffset: 2
09-15 13:46:09.188 18485 18883 D OPENHU  : [80] Companion.decrypt | RECV: AUDIO Media Data type: 0 flags: 11 size: 8202 dataOffset: 2
09-15 13:46:09.229 18485 18883 D OPENHU  : [80] Companion.decrypt | RECV: AUDIO Media Data type: 0 flags: 11 size: 8202 dataOffset: 2
09-15 13:46:09.272 18485 18883 D OPENHU  : [80] Companion.decrypt | RECV: AUDIO Media Data type: 0 flags: 11 size: 8202 dataOffset: 2
09-15 13:46:09.313 18485 18881 I OPENHU  : [78] VideoDecoder.logFeedPacing | Feed queue full - pacing the transport thread instead of shedding frames (+4 more since the last line)
09-15 13:46:09.313 18485 18883 D OPENHU  : [80] Companion.decrypt | RECV: AUDIO Media Data type: 0 flags: 11 size: 8202 dataOffset: 2
09-15 13:46:09.357 18485 18883 D OPENHU  : [80] Companion.decrypt | RECV: AUDIO Media Data type: 0 flags: 11 size: 8202 dataOffset: 2
09-15 13:46:09.400 18485 18883 D OPENHU  : [80] Companion.decrypt | RECV: AUDIO Media Data type: 0 flags: 11 size: 8202 dataOffset: 2
09-15 13:46:09.444 18485 18883 D OPENHU  : [80] Companion.decrypt | RECV: AUDIO Media Data type: 0 flags: 11 size: 8202 dataOffset: 2
09-15 13:46:09.486 18485 18883 D OPENHU  : [80] Companion.decrypt | RECV: AUDIO Media Data type: 0 flags: 11 size: 8202 dataOffset: 2
09-15 13:46:09.527 18485 18883 D OPENHU  : [80] Companion.decrypt | RECV: AUDIO Media Data type: 0 flags: 11 size: 8202 dataOffset: 2
09-15 13:46:09.573 18485 18883 D OPENHU  : [80] Companion.decrypt | RECV: AUDIO Media Data type: 0 flags: 11 size: 8202 dataOffset: 2
09-15 13:46:09.616 18485 18883 D OPENHU  : [80] Companion.decrypt | RECV: AUDIO Media Data type: 0 flags: 11 size: 8202 dataOffset: 2
09-15 13:46:09.656 18485 18883 D OPENHU  : [80] Companion.decrypt | RECV: AUDIO Media Data type: 0 flags: 11 size: 8202 dataOffset: 2
09-15 13:46:09.688 18485 18883 D OPENHU  : [80] Companion.decrypt | RECV: MUSIC_PLAYBACK Media Playback Status type: 32769 flags: 11 size: 17 dataOffset: 2
09-15 13:46:09.689 18485 18883 D OPENHU  : [80] AapMediaPlayback.processStatusPacket | AapMediaPlayback: status mediaSource='VLC', playbackSeconds(u32)=2, state=PLAYING
09-15 13:46:09.693 18485 18883 D OPENHU  : [80] Companion.decrypt | RECV: CONTROL Ping Request type: 11 flags: 11 size: 12 dataOffset: 2
09-15 13:46:09.694 18485 18883 V OPENHU  : [80] AapTransport.send | CONTROL Ping Response type: 12 flags: 11 size: 14 dataOffset: 6
09-15 13:46:09.699 18485 18883 D OPENHU  : [80] Companion.decrypt | RECV: AUDIO Media Data type: 0 flags: 11 size: 8202 dataOffset: 2
09-15 13:46:09.741 18485 18883 D OPENHU  : [80] Companion.decrypt | RECV: AUDIO Media Data type: 0 flags: 11 size: 8202 dataOffset: 2
09-15 13:46:09.785 18485 18883 D OPENHU  : [80] Companion.decrypt | RECV: AUDIO Media Data type: 0 flags: 11 size: 8202 dataOffset: 2
09-15 13:46:09.826 18485 18883 D OPENHU  : [80] Companion.decrypt | RECV: AUDIO Media Data type: 0 flags: 11 size: 8202 dataOffset: 2
09-15 13:46:09.876 18485 18883 D OPENHU  : [80] Companion.decrypt | RECV: AUDIO Media Data type: 0 flags: 11 size: 8202 dataOffset: 2
09-15 13:46:09.910 18485 18883 D OPENHU  : [80] Companion.decrypt | RECV: AUDIO Media Data type: 0 flags: 11 size: 8202 dataOffset: 2
09-15 13:46:09.955 18485 18883 D OPENHU  : [80] Companion.decrypt | RECV: AUDIO Media Data type: 0 flags: 11 size: 8202 dataOffset: 2
09-15 13:46:09.997 18485 18485 V OPENHU  : [2] GpsLocation.onLocationChanged | GpsLocation: fix received
09-15 13:46:10.002 18485 18883 D OPENHU  : [80] Companion.decrypt | RECV: AUDIO Media Data type: 0 flags: 11 size: 8202 dataOffset: 2
09-15 13:46:10.005 18485 18485 V OPENHU  : [2] AapTransport.send | SENSOR Sensor Event type: 32771 flags: 11 size: 46 dataOffset: 6
09-15 13:46:10.041 18485 18883 D OPENHU  : [80] Companion.decrypt | RECV: AUDIO Media Data type: 0 flags: 11 size: 8202 dataOffset: 2
09-15 13:46:10.086 18485 18883 D OPENHU  : [80] Companion.decrypt | RECV: AUDIO Media Data type: 0 flags: 11 size: 8202 dataOffset: 2
09-15 13:46:10.126 18485 18883 D OPENHU  : [80] Companion.decrypt | RECV: AUDIO Media Data type: 0 flags: 11 size: 8202 dataOffset: 2
09-15 13:46:10.174 18485 18883 D OPENHU  : [80] Companion.decrypt | RECV: AUDIO Media Data type: 0 flags: 11 size: 8202 dataOffset: 2
09-15 13:46:10.211 18485 18883 D OPENHU  : [80] Companion.decrypt | RECV: AUDIO Media Data type: 0 flags: 11 size: 8202 dataOffset: 2
09-15 13:46:10.255 18485 18883 D OPENHU  : [80] Companion.decrypt | RECV: AUDIO Media Data type: 0 flags: 11 size: 8202 dataOffset: 2
09-15 13:46:10.296 18485 18883 D OPENHU  : [80] Companion.decrypt | RECV: AUDIO Media Data type: 0 flags: 11 size: 8202 dataOffset: 2
09-15 13:46:10.327 18485 18881 I OPENHU  : [78] VideoDecoder.logFeedPacing | Feed queue full - pacing the transport thread instead of shedding frames (+4 more since the last line)
09-15 13:46:10.338 18485 18883 D OPENHU  : [80] Companion.decrypt | RECV: AUDIO Media Data type: 0 flags: 11 size: 8202 dataOffset: 2
09-15 13:46:10.384 18485 18883 D OPENHU  : [80] Companion.decrypt | RECV: AUDIO Media Data type: 0 flags: 11 size: 8202 dataOffset: 2
09-15 13:46:10.423 18485 18883 D OPENHU  : [80] Companion.decrypt | RECV: AUDIO Media Data type: 0 flags: 11 size: 8202 dataOffset: 2
09-15 13:46:10.468 18485 18883 D OPENHU  : [80] Companion.decrypt | RECV: AUDIO Media Data type: 0 flags: 11 size: 8202 dataOffset: 2
09-15 13:46:10.508 18485 18883 D OPENHU  : [80] Companion.decrypt | RECV: AUDIO Media Data type: 0 flags: 11 size: 8202 dataOffset: 2
09-15 13:46:10.553 18485 18883 D OPENHU  : [80] Companion.decrypt | RECV: AUDIO Media Data type: 0 flags: 11 size: 8202 dataOffset: 2
09-15 13:46:10.597 18485 18883 D OPENHU  : [80] Companion.decrypt | RECV: AUDIO Media Data type: 0 flags: 11 size: 8202 dataOffset: 2
09-15 13:46:10.637 18485 18883 D OPENHU  : [80] Companion.decrypt | RECV: AUDIO Media Data type: 0 flags: 11 size: 8202 dataOffset: 2
09-15 13:46:10.679 18485 18883 D OPENHU  : [80] Companion.decrypt | RECV: AUDIO Media Data type: 0 flags: 11 size: 8202 dataOffset: 2
09-15 13:46:10.689 18485 18883 D OPENHU  : [80] Companion.decrypt | RECV: MUSIC_PLAYBACK Media Playback Status type: 32769 flags: 11 size: 17 dataOffset: 2
09-15 13:46:10.690 18485 18883 D OPENHU  : [80] AapMediaPlayback.processStatusPacket | AapMediaPlayback: status mediaSource='VLC', playbackSeconds(u32)=3, state=PLAYING
09-15 13:46:10.693 18485 18883 D OPENHU  : [80] Companion.decrypt | RECV: CONTROL Ping Request type: 11 flags: 11 size: 12 dataOffset: 2
09-15 13:46:10.694 18485 18883 V OPENHU  : [80] AapTransport.send | CONTROL Ping Response type: 12 flags: 11 size: 14 dataOffset: 6
09-15 13:46:10.721 18485 18883 D OPENHU  : [80] Companion.decrypt | RECV: AUDIO Media Data type: 0 flags: 11 size: 8202 dataOffset: 2
09-15 13:46:10.765 18485 18883 D OPENHU  : [80] Companion.decrypt | RECV: AUDIO Media Data type: 0 flags: 11 size: 8202 dataOffset: 2
09-15 13:46:10.806 18485 18883 D OPENHU  : [80] Companion.decrypt | RECV: AUDIO Media Data type: 0 flags: 11 size: 8202 dataOffset: 2
09-15 13:46:10.851 18485 18883 D OPENHU  : [80] Companion.decrypt | RECV: AUDIO Media Data type: 0 flags: 11 size: 8202 dataOffset: 2
09-15 13:46:10.894 18485 18883 D OPENHU  : [80] Companion.decrypt | RECV: AUDIO Media Data type: 0 flags: 11 size: 8202 dataOffset: 2
09-15 13:46:10.936 18485 18883 D OPENHU  : [80] Companion.decrypt | RECV: AUDIO Media Data type: 0 flags: 11 size: 8202 dataOffset: 2
09-15 13:46:10.980 18485 18883 D OPENHU  : [80] Companion.decrypt | RECV: AUDIO Media Data type: 0 flags: 11 size: 8202 dataOffset: 2
09-15 13:46:11.022 18485 18883 D OPENHU  : [80] Companion.decrypt | RECV: AUDIO Media Data type: 0 flags: 11 size: 8202 dataOffset: 2
09-15 13:46:11.026 18485 18485 V OPENHU  : [2] GpsLocation.onLocationChanged | GpsLocation: fix received
09-15 13:46:11.037 18485 18485 V OPENHU  : [2] AapTransport.send | SENSOR Sensor Event type: 32771 flags: 11 size: 46 dataOffset: 6
09-15 13:46:11.065 18485 18883 D OPENHU  : [80] Companion.decrypt | RECV: AUDIO Media Data type: 0 flags: 11 size: 8202 dataOffset: 2
09-15 13:46:11.106 18485 18883 D OPENHU  : [80] Companion.decrypt | RECV: AUDIO Media Data type: 0 flags: 11 size: 8202 dataOffset: 2
09-15 13:46:11.150 18485 18883 D OPENHU  : [80] Companion.decrypt | RECV: AUDIO Media Data type: 0 flags: 11 size: 8202 dataOffset: 2
09-15 13:46:11.191 18485 18883 D OPENHU  : [80] Companion.decrypt | RECV: AUDIO Media Data type: 0 flags: 11 size: 8202 dataOffset: 2
09-15 13:46:11.235 18485 18883 D OPENHU  : [80] Companion.decrypt | RECV: AUDIO Media Data type: 0 flags: 11 size: 8202 dataOffset: 2
09-15 13:46:11.279 18485 18883 D OPENHU  : [80] Companion.decrypt | RECV: AUDIO Media Data type: 0 flags: 11 size: 8202 dataOffset: 2
09-15 13:46:11.319 18485 18883 D OPENHU  : [80] Companion.decrypt | RECV: AUDIO Media Data type: 0 flags: 11 size: 8202 dataOffset: 2
09-15 13:46:11.341 18485 18881 I OPENHU  : [78] VideoDecoder.logFeedPacing | Feed queue full - pacing the transport thread instead of shedding frames (+4 more since the last line)
09-15 13:46:11.362 18485 18883 D OPENHU  : [80] Companion.decrypt | RECV: AUDIO Media Data type: 0 flags: 11 size: 8202 dataOffset: 2
09-15 13:46:11.405 18485 18883 D OPENHU  : [80] Companion.decrypt | RECV: AUDIO Media Data type: 0 flags: 11 size: 8202 dataOffset: 2
09-15 13:46:11.448 18485 18883 D OPENHU  : [80] Companion.decrypt | RECV: AUDIO Media Data type: 0 flags: 11 size: 8202 dataOffset: 2
09-15 13:46:11.492 18485 18883 D OPENHU  : [80] Companion.decrypt | RECV: AUDIO Media Data type: 0 flags: 11 size: 8202 dataOffset: 2
09-15 13:46:11.530 18485 18907 I OPENHU  : [89] VideoDecoder.logThroughput | Throughput over 5000ms: rendered=24 (4fps), fed=24 (4fps), dropped=0, skipped=0, concealed=0, inputWait=6ms, enqueueWait=4850ms, codec=c2.unisoc.avc.decoder, presented=24 (4fps), decodeLatency=unreadable (24 frames)
09-15 13:46:11.533 18485 18883 D OPENHU  : [80] Companion.decrypt | RECV: AUDIO Media Data type: 0 flags: 11 size: 8202 dataOffset: 2
09-15 13:46:11.577 18485 18883 D OPENHU  : [80] Companion.decrypt | RECV: AUDIO Media Data type: 0 flags: 11 size: 8202 dataOffset: 2
09-15 13:46:11.618 18485 18883 D OPENHU  : [80] Companion.decrypt | RECV: AUDIO Media Data type: 0 flags: 11 size: 8202 dataOffset: 2
09-15 13:46:11.661 18485 18883 D OPENHU  : [80] Companion.decrypt | RECV: AUDIO Media Data type: 0 flags: 11 size: 8202 dataOffset: 2
09-15 13:46:11.689 18485 18883 D OPENHU  : [80] Companion.decrypt | RECV: MUSIC_PLAYBACK Media Playback Status type: 32769 flags: 11 size: 17 dataOffset: 2
09-15 13:46:11.690 18485 18883 D OPENHU  : [80] AapMediaPlayback.processStatusPacket | AapMediaPlayback: status mediaSource='VLC', playbackSeconds(u32)=4, state=PLAYING
09-15 13:46:11.698 18485 18883 D OPENHU  : [80] Companion.decrypt | RECV: CONTROL Ping Request type: 11 flags: 11 size: 12 dataOffset: 2
09-15 13:46:11.698 18485 18883 V OPENHU  : [80] AapTransport.send | CONTROL Ping Response type: 12 flags: 11 size: 14 dataOffset: 6
09-15 13:46:11.703 18485 18883 D OPENHU  : [80] Companion.decrypt | RECV: AUDIO Media Data type: 0 flags: 11 size: 8202 dataOffset: 2
09-15 13:46:11.746 18485 18883 D OPENHU  : [80] Companion.decrypt | RECV: AUDIO Media Data type: 0 flags: 11 size: 8202 dataOffset: 2
09-15 13:46:11.790 18485 18883 D OPENHU  : [80] Companion.decrypt | RECV: AUDIO Media Data type: 0 flags: 11 size: 8202 dataOffset: 2
09-15 13:46:11.831 18485 18883 D OPENHU  : [80] Companion.decrypt | RECV: AUDIO Media Data type: 0 flags: 11 size: 8202 dataOffset: 2
09-15 13:46:11.876 18485 18883 D OPENHU  : [80] Companion.decrypt | RECV: AUDIO Media Data type: 0 flags: 11 size: 8202 dataOffset: 2
09-15 13:46:11.920 18485 18883 D OPENHU  : [80] Companion.decrypt | RECV: AUDIO Media Data type: 0 flags: 11 size: 8202 dataOffset: 2
09-15 13:46:11.960 18485 18883 D OPENHU  : [80] Companion.decrypt | RECV: AUDIO Media Data type: 0 flags: 11 size: 8202 dataOffset: 2
09-15 13:46:11.994 18485 18485 V OPENHU  : [2] GpsLocation.onLocationChanged | GpsLocation: fix received
09-15 13:46:12.001 18485 18883 D OPENHU  : [80] Companion.decrypt | RECV: AUDIO Media Data type: 0 flags: 11 size: 8202 dataOffset: 2
09-15 13:46:12.002 18485 18485 V OPENHU  : [2] AapTransport.send | SENSOR Sensor Event type: 32771 flags: 11 size: 46 dataOffset: 6
09-15 13:46:12.044 18485 18883 D OPENHU  : [80] Companion.decrypt | RECV: AUDIO Media Data type: 0 flags: 11 size: 8202 dataOffset: 2
09-15 13:46:12.091 18485 18883 D OPENHU  : [80] Companion.decrypt | RECV: AUDIO Media Data type: 0 flags: 11 size: 8202 dataOffset: 2
09-15 13:46:12.131 18485 18883 D OPENHU  : [80] Companion.decrypt | RECV: AUDIO Media Data type: 0 flags: 11 size: 8202 dataOffset: 2
09-15 13:46:12.173 18485 18883 D OPENHU  : [80] Companion.decrypt | RECV: AUDIO Media Data type: 0 flags: 11 size: 8202 dataOffset: 2
09-15 13:46:12.217 18485 18883 D OPENHU  : [80] Companion.decrypt | RECV: AUDIO Media Data type: 0 flags: 11 size: 8202 dataOffset: 2
09-15 13:46:12.259 18485 18883 D OPENHU  : [80] Companion.decrypt | RECV: AUDIO Media Data type: 0 flags: 11 size: 8202 dataOffset: 2
09-15 13:46:12.302 18485 18883 D OPENHU  : [80] Companion.decrypt | RECV: AUDIO Media Data type: 0 flags: 11 size: 8202 dataOffset: 2
09-15 13:46:12.344 18485 18883 D OPENHU  : [80] Companion.decrypt | RECV: AUDIO Media Data type: 0 flags: 11 size: 8202 dataOffset: 2
09-15 13:46:12.354 18485 18881 I OPENHU  : [78] VideoDecoder.logFeedPacing | Feed queue full - pacing the transport thread instead of shedding frames (+4 more since the last line)
09-15 13:46:12.387 18485 18883 D OPENHU  : [80] Companion.decrypt | RECV: AUDIO Media Data type: 0 flags: 11 size: 8202 dataOffset: 2
09-15 13:46:12.430 18485 18883 D OPENHU  : [80] Companion.decrypt | RECV: AUDIO Media Data type: 0 flags: 11 size: 8202 dataOffset: 2
09-15 13:46:12.471 18485 18883 D OPENHU  : [80] Companion.decrypt | RECV: AUDIO Media Data type: 0 flags: 11 size: 8202 dataOffset: 2
09-15 13:46:12.514 18485 18883 D OPENHU  : [80] Companion.decrypt | RECV: AUDIO Media Data type: 0 flags: 11 size: 8202 dataOffset: 2
09-15 13:46:12.556 18485 18883 D OPENHU  : [80] Companion.decrypt | RECV: AUDIO Media Data type: 0 flags: 11 size: 8202 dataOffset: 2
09-15 13:46:12.598 18485 18883 D OPENHU  : [80] Companion.decrypt | RECV: AUDIO Media Data type: 0 flags: 11 size: 8202 dataOffset: 2
09-15 13:46:12.642 18485 18883 D OPENHU  : [80] Companion.decrypt | RECV: AUDIO Media Data type: 0 flags: 11 size: 8202 dataOffset: 2
09-15 13:46:12.684 18485 18883 D OPENHU  : [80] Companion.decrypt | RECV: AUDIO Media Data type: 0 flags: 11 size: 8202 dataOffset: 2
09-15 13:46:12.693 18485 18883 D OPENHU  : [80] Companion.decrypt | RECV: MUSIC_PLAYBACK Media Playback Status type: 32769 flags: 11 size: 17 dataOffset: 2
09-15 13:46:12.694 18485 18883 D OPENHU  : [80] AapMediaPlayback.processStatusPacket | AapMediaPlayback: status mediaSource='VLC', playbackSeconds(u32)=5, state=PLAYING
09-15 13:46:12.696 18485 18883 D OPENHU  : [80] Companion.decrypt | RECV: CONTROL Ping Request type: 11 flags: 11 size: 12 dataOffset: 2
09-15 13:46:12.697 18485 18883 V OPENHU  : [80] AapTransport.send | CONTROL Ping Response type: 12 flags: 11 size: 14 dataOffset: 6
09-15 13:46:12.727 18485 18883 D OPENHU  : [80] Companion.decrypt | RECV: AUDIO Media Data type: 0 flags: 11 size: 8202 dataOffset: 2
09-15 13:46:12.771 18485 18883 D OPENHU  : [80] Companion.decrypt | RECV: AUDIO Media Data type: 0 flags: 11 size: 8202 dataOffset: 2
09-15 13:46:12.814 18485 18883 D OPENHU  : [80] Companion.decrypt | RECV: AUDIO Media Data type: 0 flags: 11 size: 8202 dataOffset: 2
09-15 13:46:12.857 18485 18883 D OPENHU  : [80] Companion.decrypt | RECV: AUDIO Media Data type: 0 flags: 11 size: 8202 dataOffset: 2
09-15 13:46:12.899 18485 18883 D OPENHU  : [80] Companion.decrypt | RECV: AUDIO Media Data type: 0 flags: 11 size: 8202 dataOffset: 2
09-15 13:46:12.941 18485 18883 D OPENHU  : [80] Companion.decrypt | RECV: AUDIO Media Data type: 0 flags: 11 size: 8202 dataOffset: 2
09-15 13:46:12.984 18485 18883 D OPENHU  : [80] Companion.decrypt | RECV: AUDIO Media Data type: 0 flags: 11 size: 8202 dataOffset: 2
09-15 13:46:13.022 18485 18485 V OPENHU  : [2] GpsLocation.onLocationChanged | GpsLocation: fix received
09-15 13:46:13.029 18485 18883 D OPENHU  : [80] Companion.decrypt | RECV: AUDIO Media Data type: 0 flags: 11 size: 8202 dataOffset: 2
09-15 13:46:13.029 18485 18485 V OPENHU  : [2] AapTransport.send | SENSOR Sensor Event type: 32771 flags: 11 size: 46 dataOffset: 6
09-15 13:46:13.069 18485 18883 D OPENHU  : [80] Companion.decrypt | RECV: AUDIO Media Data type: 0 flags: 11 size: 8202 dataOffset: 2
09-15 13:46:13.112 18485 18883 D OPENHU  : [80] Companion.decrypt | RECV: AUDIO Media Data type: 0 flags: 11 size: 8202 dataOffset: 2
09-15 13:46:13.153 18485 18883 D OPENHU  : [80] Companion.decrypt | RECV: AUDIO Media Data type: 0 flags: 11 size: 8202 dataOffset: 2
09-15 13:46:13.185 18485 18485 I OPENHU  : [2] TextureProjectionView.onSurfaceTextureUpdated | TextureProjectionView: displayed 25 frames in 5070ms (4fps), longFrames=0
09-15 13:46:13.201 18485 18883 D OPENHU  : [80] Companion.decrypt | RECV: AUDIO Media Data type: 0 flags: 11 size: 8202 dataOffset: 2
09-15 13:46:13.239 18485 18883 D OPENHU  : [80] Companion.decrypt | RECV: AUDIO Media Data type: 0 flags: 11 size: 8202 dataOffset: 2
09-15 13:46:13.283 18485 18883 D OPENHU  : [80] Companion.decrypt | RECV: AUDIO Media Data type: 0 flags: 11 size: 8202 dataOffset: 2
09-15 13:46:13.327 18485 18883 D OPENHU  : [80] Companion.decrypt | RECV: AUDIO Media Data type: 0 flags: 11 size: 8202 dataOffset: 2
09-15 13:46:13.368 18485 18883 D OPENHU  : [80] Companion.decrypt | RECV: AUDIO Media Data type: 0 flags: 11 size: 8202 dataOffset: 2
09-15 13:46:13.369 18485 18881 I OPENHU  : [78] VideoDecoder.logFeedPacing | Feed queue full - pacing the transport thread instead of shedding frames (+4 more since the last line)
09-15 13:46:13.411 18485 18883 D OPENHU  : [80] Companion.decrypt | RECV: AUDIO Media Data type: 0 flags: 11 size: 8202 dataOffset: 2
09-15 13:46:13.455 18485 18883 D OPENHU  : [80] Companion.decrypt | RECV: AUDIO Media Data type: 0 flags: 11 size: 8202 dataOffset: 2
09-15 13:46:13.496 18485 18883 D OPENHU  : [80] Companion.decrypt | RECV: AUDIO Media Data type: 0 flags: 11 size: 8202 dataOffset: 2
09-15 13:46:13.539 18485 18883 D OPENHU  : [80] Companion.decrypt | RECV: AUDIO Media Data type: 0 flags: 11 size: 8202 dataOffset: 2
09-15 13:46:13.583 18485 18883 D OPENHU  : [80] Companion.decrypt | RECV: AUDIO Media Data type: 0 flags: 11 size: 8202 dataOffset: 2
09-15 13:46:13.626 18485 18883 D OPENHU  : [80] Companion.decrypt | RECV: AUDIO Media Data type: 0 flags: 11 size: 8202 dataOffset: 2
09-15 13:46:13.668 18485 18883 D OPENHU  : [80] Companion.decrypt | RECV: AUDIO Media Data type: 0 flags: 11 size: 8202 dataOffset: 2
09-15 13:46:13.699 18485 18883 D OPENHU  : [80] Companion.decrypt | RECV: CONTROL Ping Request type: 11 flags: 11 size: 12 dataOffset: 2
09-15 13:46:13.701 18485 18883 V OPENHU  : [80] AapTransport.send | CONTROL Ping Response type: 12 flags: 11 size: 14 dataOffset: 6
09-15 13:46:13.704 18485 18883 D OPENHU  : [80] Companion.decrypt | RECV: MUSIC_PLAYBACK Media Playback Status type: 32769 flags: 11 size: 17 dataOffset: 2
09-15 13:46:13.705 18485 18883 D OPENHU  : [80] AapMediaPlayback.processStatusPacket | AapMediaPlayback: status mediaSource='VLC', playbackSeconds(u32)=6, state=PLAYING
09-15 13:46:13.711 18485 18883 D OPENHU  : [80] Companion.decrypt | RECV: AUDIO Media Data type: 0 flags: 11 size: 8202 dataOffset: 2
09-15 13:46:13.754 18485 18883 D OPENHU  : [80] Companion.decrypt | RECV: AUDIO Media Data type: 0 flags: 11 size: 8202 dataOffset: 2
09-15 13:46:13.794 18485 18883 D OPENHU  : [80] Companion.decrypt | RECV: AUDIO Media Data type: 0 flags: 11 size: 8202 dataOffset: 2
09-15 13:46:13.837 18485 18883 D OPENHU  : [80] Companion.decrypt | RECV: AUDIO Media Data type: 0 flags: 11 size: 8202 dataOffset: 2
09-15 13:46:13.880 18485 18883 D OPENHU  : [80] Companion.decrypt | RECV: AUDIO Media Data type: 0 flags: 11 size: 8202 dataOffset: 2
09-15 13:46:13.923 18485 18883 D OPENHU  : [80] Companion.decrypt | RECV: AUDIO Media Data type: 0 flags: 11 size: 8202 dataOffset: 2
09-15 13:46:13.966 18485 18883 D OPENHU  : [80] Companion.decrypt | RECV: AUDIO Media Data type: 0 flags: 11 size: 8202 dataOffset: 2
09-15 13:46:14.000 18485 18485 V OPENHU  : [2] GpsLocation.onLocationChanged | GpsLocation: fix received
09-15 13:46:14.006 18485 18485 V OPENHU  : [2] AapTransport.send | SENSOR Sensor Event type: 32771 flags: 11 size: 46 dataOffset: 6
09-15 13:46:14.008 18485 18883 D OPENHU  : [80] Companion.decrypt | RECV: AUDIO Media Data type: 0 flags: 11 size: 8202 dataOffset: 2
09-15 13:46:14.052 18485 18883 D OPENHU  : [80] Companion.decrypt | RECV: AUDIO Media Data type: 0 flags: 11 size: 8202 dataOffset: 2
09-15 13:46:14.095 18485 18883 D OPENHU  : [80] Companion.decrypt | RECV: AUDIO Media Data type: 0 flags: 11 size: 8202 dataOffset: 2
09-15 13:46:14.139 18485 18883 D OPENHU  : [80] Companion.decrypt | RECV: AUDIO Media Data type: 0 flags: 11 size: 8202 dataOffset: 2
09-15 13:46:14.180 18485 18883 D OPENHU  : [80] Companion.decrypt | RECV: AUDIO Media Data type: 0 flags: 11 size: 8202 dataOffset: 2
09-15 13:46:14.224 18485 18883 D OPENHU  : [80] Companion.decrypt | RECV: AUDIO Media Data type: 0 flags: 11 size: 8202 dataOffset: 2
09-15 13:46:14.266 18485 18883 D OPENHU  : [80] Companion.decrypt | RECV: AUDIO Media Data type: 0 flags: 11 size: 8202 dataOffset: 2
09-15 13:46:14.307 18485 18883 D OPENHU  : [80] Companion.decrypt | RECV: AUDIO Media Data type: 0 flags: 11 size: 8202 dataOffset: 2
09-15 13:46:14.349 18485 18883 D OPENHU  : [80] Companion.decrypt | RECV: AUDIO Media Data type: 0 flags: 11 size: 8202 dataOffset: 2
09-15 13:46:14.384 18485 18881 I OPENHU  : [78] VideoDecoder.logFeedPacing | Feed queue full - pacing the transport thread instead of shedding frames (+4 more since the last line)
09-15 13:46:14.393 18485 18883 D OPENHU  : [80] Companion.decrypt | RECV: AUDIO Media Data type: 0 flags: 11 size: 8202 dataOffset: 2
09-15 13:46:14.436 18485 18883 D OPENHU  : [80] Companion.decrypt | RECV: AUDIO Media Data type: 0 flags: 11 size: 8202 dataOffset: 2
09-15 13:46:14.476 18485 18883 D OPENHU  : [80] Companion.decrypt | RECV: AUDIO Media Data type: 0 flags: 11 size: 8202 dataOffset: 2
09-15 13:46:14.521 18485 18883 D OPENHU  : [80] Companion.decrypt | RECV: AUDIO Media Data type: 0 flags: 11 size: 8202 dataOffset: 2
09-15 13:46:14.562 18485 18883 D OPENHU  : [80] Companion.decrypt | RECV: AUDIO Media Data type: 0 flags: 11 size: 8202 dataOffset: 2
09-15 13:46:14.607 18485 18883 D OPENHU  : [80] Companion.decrypt | RECV: AUDIO Media Data type: 0 flags: 11 size: 8202 dataOffset: 2
09-15 13:46:14.649 18485 18883 D OPENHU  : [80] Companion.decrypt | RECV: AUDIO Media Data type: 0 flags: 11 size: 8202 dataOffset: 2
09-15 13:46:14.691 18485 18883 D OPENHU  : [80] Companion.decrypt | RECV: AUDIO Media Data type: 0 flags: 11 size: 8202 dataOffset: 2
09-15 13:46:14.699 18485 18883 D OPENHU  : [80] Companion.decrypt | RECV: CONTROL Ping Request type: 11 flags: 11 size: 12 dataOffset: 2
09-15 13:46:14.701 18485 18883 V OPENHU  : [80] AapTransport.send | CONTROL Ping Response type: 12 flags: 11 size: 14 dataOffset: 6
09-15 13:46:14.705 18485 18883 D OPENHU  : [80] Companion.decrypt | RECV: MUSIC_PLAYBACK Media Playback Status type: 32769 flags: 11 size: 17 dataOffset: 2
09-15 13:46:14.706 18485 18883 D OPENHU  : [80] AapMediaPlayback.processStatusPacket | AapMediaPlayback: status mediaSource='VLC', playbackSeconds(u32)=7, state=PLAYING
09-15 13:46:14.735 18485 18883 D OPENHU  : [80] Companion.decrypt | RECV: AUDIO Media Data type: 0 flags: 11 size: 8202 dataOffset: 2
09-15 13:46:14.778 18485 18883 D OPENHU  : [80] Companion.decrypt | RECV: AUDIO Media Data type: 0 flags: 11 size: 8202 dataOffset: 2
09-15 13:46:14.819 18485 18883 D OPENHU  : [80] Companion.decrypt | RECV: AUDIO Media Data type: 0 flags: 11 size: 8202 dataOffset: 2
09-15 13:46:14.861 18485 18883 D OPENHU  : [80] Companion.decrypt | RECV: AUDIO Media Data type: 0 flags: 11 size: 8202 dataOffset: 2
09-15 13:46:14.903 18485 18883 D OPENHU  : [80] Companion.decrypt | RECV: AUDIO Media Data type: 0 flags: 11 size: 8202 dataOffset: 2
09-15 13:46:14.948 18485 18883 D OPENHU  : [80] Companion.decrypt | RECV: AUDIO Media Data type: 0 flags: 11 size: 8202 dataOffset: 2
09-15 13:46:14.988 18485 18883 D OPENHU  : [80] Companion.decrypt | RECV: AUDIO Media Data type: 0 flags: 11 size: 8202 dataOffset: 2
09-15 13:46:15.027 18485 18485 V OPENHU  : [2] GpsLocation.onLocationChanged | GpsLocation: fix received
09-15 13:46:15.032 18485 18883 D OPENHU  : [80] Companion.decrypt | RECV: AUDIO Media Data type: 0 flags: 11 size: 8202 dataOffset: 2
09-15 13:46:15.035 18485 18485 V OPENHU  : [2] AapTransport.send | SENSOR Sensor Event type: 32771 flags: 11 size: 46 dataOffset: 6
09-15 13:46:15.075 18485 18883 D OPENHU  : [80] Companion.decrypt | RECV: AUDIO Media Data type: 0 flags: 11 size: 8202 dataOffset: 2
09-15 13:46:15.117 18485 18883 D OPENHU  : [80] Companion.decrypt | RECV: AUDIO Media Data type: 0 flags: 11 size: 8202 dataOffset: 2
09-15 13:46:15.159 18485 18883 D OPENHU  : [80] Companion.decrypt | RECV: AUDIO Media Data type: 0 flags: 11 size: 8202 dataOffset: 2
09-15 13:46:15.201 18485 18883 D OPENHU  : [80] Companion.decrypt | RECV: AUDIO Media Data type: 0 flags: 11 size: 8202 dataOffset: 2
09-15 13:46:15.246 18485 18883 D OPENHU  : [80] Companion.decrypt | RECV: AUDIO Media Data type: 0 flags: 11 size: 8202 dataOffset: 2
09-15 13:46:15.288 18485 18883 D OPENHU  : [80] Companion.decrypt | RECV: AUDIO Media Data type: 0 flags: 11 size: 8202 dataOffset: 2
09-15 13:46:15.333 18485 18883 D OPENHU  : [80] Companion.decrypt | RECV: AUDIO Media Data type: 0 flags: 11 size: 8202 dataOffset: 2
09-15 13:46:15.376 18485 18883 D OPENHU  : [80] Companion.decrypt | RECV: AUDIO Media Data type: 0 flags: 11 size: 8202 dataOffset: 2
09-15 13:46:15.397 18485 18881 I OPENHU  : [78] VideoDecoder.logFeedPacing | Feed queue full - pacing the transport thread instead of shedding frames (+4 more since the last line)
09-15 13:46:15.400 18485 18883 I OPENHU  : [80] AapTransport.noteMessageReceived$com_andrerinas_headunitrevived_3_4_0_beta3_githubDebug | AapTransport: inbound rate over 30018ms: video=47kB/s (1076 msgs), audio=187kB/s (703 msgs), other=0kB/s (61 msgs)
09-15 13:46:15.416 18485 18883 D OPENHU  : [80] Companion.decrypt | RECV: AUDIO Media Data type: 0 flags: 11 size: 8202 dataOffset: 2
09-15 13:46:15.450 18485 18883 I OPENHU  : [80] AapMessageHandlerType.handle | AapTransport: transport dispatch over 30027ms: video=1228ms, audio=760ms, other=74ms, unread=6%, blocks=0, longest=4ms on VIDEO, videoQueue=2732
09-15 13:46:15.459 18485 18883 D OPENHU  : [80] Companion.decrypt | RECV: AUDIO Media Data type: 0 flags: 11 size: 8202 dataOffset: 2
09-15 13:46:15.500 18485 18883 D OPENHU  : [80] Companion.decrypt | RECV: AUDIO Media Data type: 0 flags: 11 size: 8202 dataOffset: 2
09-15 13:46:15.545 18485 18883 D OPENHU  : [80] Companion.decrypt | RECV: AUDIO Media Data type: 0 flags: 11 size: 8202 dataOffset: 2
09-15 13:46:15.589 18485 18883 D OPENHU  : [80] Companion.decrypt | RECV: AUDIO Media Data type: 0 flags: 11 size: 8202 dataOffset: 2
09-15 13:46:15.630 18485 18883 D OPENHU  : [80] Companion.decrypt | RECV: AUDIO Media Data type: 0 flags: 11 size: 8202 dataOffset: 2
09-15 13:46:15.672 18485 18883 D OPENHU  : [80] Companion.decrypt | RECV: AUDIO Media Data type: 0 flags: 11 size: 8202 dataOffset: 2
09-15 13:46:15.699 18485 18883 D OPENHU  : [80] Companion.decrypt | RECV: CONTROL Ping Request type: 11 flags: 11 size: 12 dataOffset: 2
09-15 13:46:15.700 18485 18883 V OPENHU  : [80] AapTransport.send | CONTROL Ping Response type: 12 flags: 11 size: 14 dataOffset: 6
09-15 13:46:15.705 18485 18883 D OPENHU  : [80] Companion.decrypt | RECV: MUSIC_PLAYBACK Media Playback Status type: 32769 flags: 11 size: 17 dataOffset: 2
09-15 13:46:15.706 18485 18883 D OPENHU  : [80] AapMediaPlayback.processStatusPacket | AapMediaPlayback: status mediaSource='VLC', playbackSeconds(u32)=8, state=PLAYING
09-15 13:46:15.713 18485 18883 D OPENHU  : [80] Companion.decrypt | RECV: AUDIO Media Data type: 0 flags: 11 size: 8202 dataOffset: 2
09-15 13:46:15.757 18485 18883 D OPENHU  : [80] Companion.decrypt | RECV: AUDIO Media Data type: 0 flags: 11 size: 8202 dataOffset: 2
09-15 13:46:15.800 18485 18883 D OPENHU  : [80] Companion.decrypt | RECV: AUDIO Media Data type: 0 flags: 11 size: 8202 dataOffset: 2
09-15 13:46:15.843 18485 18883 D OPENHU  : [80] Companion.decrypt | RECV: AUDIO Media Data type: 0 flags: 11 size: 8202 dataOffset: 2
09-15 13:46:15.885 18485 18883 D OPENHU  : [80] Companion.decrypt | RECV: AUDIO Media Data type: 0 flags: 11 size: 8202 dataOffset: 2
09-15 13:46:15.929 18485 18883 D OPENHU  : [80] Companion.decrypt | RECV: AUDIO Media Data type: 0 flags: 11 size: 8202 dataOffset: 2
09-15 13:46:15.975 18485 18883 D OPENHU  : [80] Companion.decrypt | RECV: AUDIO Media Data type: 0 flags: 11 size: 8202 dataOffset: 2
09-15 13:46:15.996 18485 18485 V OPENHU  : [2] GpsLocation.onLocationChanged | GpsLocation: fix received
09-15 13:46:16.004 18485 18485 V OPENHU  : [2] AapTransport.send | SENSOR Sensor Event type: 32771 flags: 11 size: 46 dataOffset: 6
09-15 13:46:16.015 18485 18883 D OPENHU  : [80] Companion.decrypt | RECV: AUDIO Media Data type: 0 flags: 11 size: 8202 dataOffset: 2
09-15 13:46:16.055 18485 18883 D OPENHU  : [80] Companion.decrypt | RECV: AUDIO Media Data type: 0 flags: 11 size: 8202 dataOffset: 2
09-15 13:46:16.100 18485 18883 D OPENHU  : [80] Companion.decrypt | RECV: AUDIO Media Data type: 0 flags: 11 size: 8202 dataOffset: 2
09-15 13:46:16.142 18485 18883 D OPENHU  : [80] Companion.decrypt | RECV: AUDIO Media Data type: 0 flags: 11 size: 8202 dataOffset: 2
09-15 13:46:16.167 18485 18892 I OPENHU  : [81] AudioTrackWrapper.sampleHealth | audio sink AUDIO2 over 30080ms: underruns=0, silentCycles=0, rebanks=0, dropped=0, droppedFrames=0, shed=0, depth=0ms (min 0ms), queued=0, capacity=6400 frames (400ms), effective=6400 frames (400ms), target=1601 frames (100ms), drift=0ms
09-15 13:46:16.187 18485 18883 D OPENHU  : [80] Companion.decrypt | RECV: AUDIO Media Data type: 0 flags: 11 size: 8202 dataOffset: 2
09-15 13:46:16.200 18485 18894 I OPENHU  : [83] AudioTrackWrapper.sampleHealth | audio sink AUDIO1 over 30084ms: underruns=0, silentCycles=0, rebanks=0, dropped=0, droppedFrames=0, shed=0, depth=0ms (min 0ms), queued=0, capacity=6400 frames (400ms), effective=6400 frames (400ms), target=1601 frames (100ms), drift=0ms
09-15 13:46:16.226 18485 18883 D OPENHU  : [80] Companion.decrypt | RECV: AUDIO Media Data type: 0 flags: 11 size: 8202 dataOffset: 2
09-15 13:46:16.269 18485 18883 D OPENHU  : [80] Companion.decrypt | RECV: AUDIO Media Data type: 0 flags: 11 size: 8202 dataOffset: 2
09-15 13:46:16.311 18485 18896 I OPENHU  : [85] AudioTrackWrapper.sampleHealth | audio sink AUDIO over 30180ms: underruns=0, silentCycles=0, rebanks=0, dropped=0, droppedFrames=0, shed=0, depth=321ms (min 304ms), queued=7, capacity=30784 frames (641ms), effective=30784 frames (641ms), target=9600 frames (200ms), drift=0ms
09-15 13:46:16.312 18485 18883 D OPENHU  : [80] Companion.decrypt | RECV: AUDIO Media Data type: 0 flags: 11 size: 8202 dataOffset: 2
09-15 13:46:16.353 18485 18883 D OPENHU  : [80] Companion.decrypt | RECV: AUDIO Media Data type: 0 flags: 11 size: 8202 dataOffset: 2
09-15 13:46:16.399 18485 18883 D OPENHU  : [80] Companion.decrypt | RECV: AUDIO Media Data type: 0 flags: 11 size: 8202 dataOffset: 2
09-15 13:46:16.411 18485 18881 I OPENHU  : [78] VideoDecoder.logFeedPacing | Feed queue full - pacing the transport thread instead of shedding frames (+4 more since the last line)
09-15 13:46:16.440 18485 18883 D OPENHU  : [80] Companion.decrypt | RECV: AUDIO Media Data type: 0 flags: 11 size: 8202 dataOffset: 2
09-15 13:46:16.482 18485 18883 D OPENHU  : [80] Companion.decrypt | RECV: AUDIO Media Data type: 0 flags: 11 size: 8202 dataOffset: 2
09-15 13:46:16.527 18485 18883 D OPENHU  : [80] Companion.decrypt | RECV: AUDIO Media Data type: 0 flags: 11 size: 8202 dataOffset: 2
09-15 13:46:16.538 18485 18907 I OPENHU  : [89] VideoDecoder.logThroughput | Throughput over 5007ms: rendered=25 (4fps), fed=25 (4fps), dropped=0, skipped=0, concealed=0, inputWait=11ms, enqueueWait=5042ms, codec=c2.unisoc.avc.decoder, presented=25 (4fps), decodeLatency=unreadable (25 frames)
09-15 13:46:16.570 18485 18883 D OPENHU  : [80] Companion.decrypt | RECV: AUDIO Media Data type: 0 flags: 11 size: 8202 dataOffset: 2
09-15 13:46:16.611 18485 18883 D OPENHU  : [80] Companion.decrypt | RECV: AUDIO Media Data type: 0 flags: 11 size: 8202 dataOffset: 2
09-15 13:46:16.653 18485 18883 D OPENHU  : [80] Companion.decrypt | RECV: AUDIO Media Data type: 0 flags: 11 size: 8202 dataOffset: 2
09-15 13:46:16.696 18485 18883 D OPENHU  : [80] Companion.decrypt | RECV: AUDIO Media Data type: 0 flags: 11 size: 8202 dataOffset: 2
09-15 13:46:16.703 18485 18883 D OPENHU  : [80] Companion.decrypt | RECV: CONTROL Ping Request type: 11 flags: 11 size: 12 dataOffset: 2
09-15 13:46:16.704 18485 18883 V OPENHU  : [80] AapTransport.send | CONTROL Ping Response type: 12 flags: 11 size: 14 dataOffset: 6
09-15 13:46:16.706 18485 18883 D OPENHU  : [80] Companion.decrypt | RECV: MUSIC_PLAYBACK Media Playback Status type: 32769 flags: 11 size: 17 dataOffset: 2
09-15 13:46:16.707 18485 18883 D OPENHU  : [80] AapMediaPlayback.processStatusPacket | AapMediaPlayback: status mediaSource='VLC', playbackSeconds(u32)=9, state=PLAYING
09-15 13:46:16.739 18485 18883 D OPENHU  : [80] Companion.decrypt | RECV: AUDIO Media Data type: 0 flags: 11 size: 8202 dataOffset: 2
09-15 13:46:16.784 18485 18883 D OPENHU  : [80] Companion.decrypt | RECV: AUDIO Media Data type: 0 flags: 11 size: 8202 dataOffset: 2
09-15 13:46:16.824 18485 18883 D OPENHU  : [80] Companion.decrypt | RECV: AUDIO Media Data type: 0 flags: 11 size: 8202 dataOffset: 2
09-15 13:46:16.866 18485 18883 D OPENHU  : [80] Companion.decrypt | RECV: AUDIO Media Data type: 0 flags: 11 size: 8202 dataOffset: 2
09-15 13:46:16.909 18485 18883 D OPENHU  : [80] Companion.decrypt | RECV: AUDIO Media Data type: 0 flags: 11 size: 8202 dataOffset: 2
09-15 13:46:16.952 18485 18883 D OPENHU  : [80] Companion.decrypt | RECV: AUDIO Media Data type: 0 flags: 11 size: 8202 dataOffset: 2
09-15 13:46:16.995 18485 18883 D OPENHU  : [80] Companion.decrypt | RECV: AUDIO Media Data type: 0 flags: 11 size: 8202 dataOffset: 2
09-15 13:46:17.025 18485 18485 V OPENHU  : [2] GpsLocation.onLocationChanged | GpsLocation: fix received
09-15 13:46:17.035 18485 18485 V OPENHU  : [2] AapTransport.send | SENSOR Sensor Event type: 32771 flags: 11 size: 46 dataOffset: 6
09-15 13:46:17.037 18485 18883 D OPENHU  : [80] Companion.decrypt | RECV: AUDIO Media Data type: 0 flags: 11 size: 8202 dataOffset: 2
09-15 13:46:17.081 18485 18883 D OPENHU  : [80] Companion.decrypt | RECV: AUDIO Media Data type: 0 flags: 11 size: 8202 dataOffset: 2
09-15 13:46:17.122 18485 18883 D OPENHU  : [80] Companion.decrypt | RECV: AUDIO Media Data type: 0 flags: 11 size: 8202 dataOffset: 2
09-15 13:46:17.165 18485 18883 D OPENHU  : [80] Companion.decrypt | RECV: AUDIO Media Data type: 0 flags: 11 size: 8202 dataOffset: 2
09-15 13:46:17.207 18485 18883 D OPENHU  : [80] Companion.decrypt | RECV: AUDIO Media Data type: 0 flags: 11 size: 8202 dataOffset: 2
09-15 13:46:17.249 18485 18883 D OPENHU  : [80] Companion.decrypt | RECV: AUDIO Media Data type: 0 flags: 11 size: 8202 dataOffset: 2
09-15 13:46:17.295 18485 18883 D OPENHU  : [80] Companion.decrypt | RECV: AUDIO Media Data type: 0 flags: 11 size: 8202 dataOffset: 2
09-15 13:46:17.335 18485 18883 D OPENHU  : [80] Companion.decrypt | RECV: AUDIO Media Data type: 0 flags: 11 size: 8202 dataOffset: 2
09-15 13:46:17.381 18485 18883 D OPENHU  : [80] Companion.decrypt | RECV: AUDIO Media Data type: 0 flags: 11 size: 8202 dataOffset: 2
09-15 13:46:17.420 18485 18883 D OPENHU  : [80] Companion.decrypt | RECV: AUDIO Media Data type: 0 flags: 11 size: 8202 dataOffset: 2
09-15 13:46:17.428 18485 18881 I OPENHU  : [78] VideoDecoder.logFeedPacing | Feed queue full - pacing the transport thread instead of shedding frames (+4 more since the last line)
09-15 13:46:17.464 18485 18883 D OPENHU  : [80] Companion.decrypt | RECV: AUDIO Media Data type: 0 flags: 11 size: 8202 dataOffset: 2
09-15 13:46:17.505 18485 18883 D OPENHU  : [80] Companion.decrypt | RECV: AUDIO Media Data type: 0 flags: 11 size: 8202 dataOffset: 2
09-15 13:46:17.550 18485 18883 D OPENHU  : [80] Companion.decrypt | RECV: AUDIO Media Data type: 0 flags: 11 size: 8202 dataOffset: 2
09-15 13:46:17.591 18485 18883 D OPENHU  : [80] Companion.decrypt | RECV: AUDIO Media Data type: 0 flags: 11 size: 8202 dataOffset: 2
09-15 13:46:17.634 18485 18883 D OPENHU  : [80] Companion.decrypt | RECV: AUDIO Media Data type: 0 flags: 11 size: 8202 dataOffset: 2
09-15 13:46:17.677 18485 18883 D OPENHU  : [80] Companion.decrypt | RECV: AUDIO Media Data type: 0 flags: 11 size: 8202 dataOffset: 2
09-15 13:46:17.700 18485 18883 D OPENHU  : [80] Companion.decrypt | RECV: CONTROL Ping Request type: 11 flags: 11 size: 12 dataOffset: 2
09-15 13:46:17.701 18485 18883 V OPENHU  : [80] AapTransport.send | CONTROL Ping Response type: 12 flags: 11 size: 14 dataOffset: 6
09-15 13:46:17.708 18485 18883 D OPENHU  : [80] Companion.decrypt | RECV: MUSIC_PLAYBACK Media Playback Status type: 32769 flags: 11 size: 17 dataOffset: 2
09-15 13:46:17.709 18485 18883 D OPENHU  : [80] AapMediaPlayback.processStatusPacket | AapMediaPlayback: status mediaSource='VLC', playbackSeconds(u32)=10, state=PLAYING
09-15 13:46:17.719 18485 18883 D OPENHU  : [80] Companion.decrypt | RECV: AUDIO Media Data type: 0 flags: 11 size: 8202 dataOffset: 2
09-15 13:46:17.763 18485 18883 D OPENHU  : [80] Companion.decrypt | RECV: AUDIO Media Data type: 0 flags: 11 size: 8202 dataOffset: 2
09-15 13:46:17.805 18485 18883 D OPENHU  : [80] Companion.decrypt | RECV: AUDIO Media Data type: 0 flags: 11 size: 8202 dataOffset: 2
09-15 13:46:17.848 18485 18883 D OPENHU  : [80] Companion.decrypt | RECV: AUDIO Media Data type: 0 flags: 11 size: 8202 dataOffset: 2
09-15 13:46:17.893 18485 18883 D OPENHU  : [80] Companion.decrypt | RECV: AUDIO Media Data type: 0 flags: 11 size: 8202 dataOffset: 2
09-15 13:46:17.932 18485 18883 D OPENHU  : [80] Companion.decrypt | RECV: AUDIO Media Data type: 0 flags: 11 size: 8202 dataOffset: 2
09-15 13:46:17.976 18485 18883 D OPENHU  : [80] Companion.decrypt | RECV: AUDIO Media Data type: 0 flags: 11 size: 8202 dataOffset: 2
09-15 13:46:17.995 18485 18485 V OPENHU  : [2] GpsLocation.onLocationChanged | GpsLocation: fix received
09-15 13:46:18.003 18485 18485 V OPENHU  : [2] AapTransport.send | SENSOR Sensor Event type: 32771 flags: 11 size: 46 dataOffset: 6
09-15 13:46:18.018 18485 18883 D OPENHU  : [80] Companion.decrypt | RECV: AUDIO Media Data type: 0 flags: 11 size: 8202 dataOffset: 2
09-15 13:46:18.060 18485 18883 D OPENHU  : [80] Companion.decrypt | RECV: AUDIO Media Data type: 0 flags: 11 size: 8202 dataOffset: 2
09-15 13:46:18.103 18485 18883 D OPENHU  : [80] Companion.decrypt | RECV: AUDIO Media Data type: 0 flags: 11 size: 8202 dataOffset: 2
09-15 13:46:18.145 18485 18883 D OPENHU  : [80] Companion.decrypt | RECV: AUDIO Media Data type: 0 flags: 11 size: 8202 dataOffset: 2
09-15 13:46:18.191 18485 18883 D OPENHU  : [80] Companion.decrypt | RECV: AUDIO Media Data type: 0 flags: 11 size: 8202 dataOffset: 2
09-15 13:46:18.231 18485 18883 D OPENHU  : [80] Companion.decrypt | RECV: AUDIO Media Data type: 0 flags: 11 size: 8202 dataOffset: 2
09-15 13:46:18.256 18485 18485 I OPENHU  : [2] TextureProjectionView.onSurfaceTextureUpdated | TextureProjectionView: displayed 25 frames in 5071ms (4fps), longFrames=0
09-15 13:46:18.275 18485 18883 D OPENHU  : [80] Companion.decrypt | RECV: AUDIO Media Data type: 0 flags: 11 size: 8202 dataOffset: 2
09-15 13:46:18.321 18485 18883 D OPENHU  : [80] Companion.decrypt | RECV: AUDIO Media Data type: 0 flags: 11 size: 8202 dataOffset: 2
09-15 13:46:18.362 18485 18883 D OPENHU  : [80] Companion.decrypt | RECV: AUDIO Media Data type: 0 flags: 11 size: 8202 dataOffset: 2
09-15 13:46:18.403 18485 18883 D OPENHU  : [80] Companion.decrypt | RECV: AUDIO Media Data type: 0 flags: 11 size: 8202 dataOffset: 2
09-15 13:46:18.443 18485 18881 I OPENHU  : [78] VideoDecoder.logFeedPacing | Feed queue full - pacing the transport thread instead of shedding frames (+4 more since the last line)
09-15 13:46:18.449 18485 18883 D OPENHU  : [80] Companion.decrypt | RECV: AUDIO Media Data type: 0 flags: 11 size: 8202 dataOffset: 2
09-15 13:46:18.487 18485 18883 D OPENHU  : [80] Companion.decrypt | RECV: AUDIO Media Data type: 0 flags: 11 size: 8202 dataOffset: 2
09-15 13:46:18.531 18485 18883 D OPENHU  : [80] Companion.decrypt | RECV: AUDIO Media Data type: 0 flags: 11 size: 8202 dataOffset: 2
09-15 13:46:18.574 18485 18883 D OPENHU  : [80] Companion.decrypt | RECV: AUDIO Media Data type: 0 flags: 11 size: 8202 dataOffset: 2
09-15 13:46:18.617 18485 18883 D OPENHU  : [80] Companion.decrypt | RECV: AUDIO Media Data type: 0 flags: 11 size: 8202 dataOffset: 2
09-15 13:46:18.658 18485 18883 D OPENHU  : [80] Companion.decrypt | RECV: AUDIO Media Data type: 0 flags: 11 size: 8202 dataOffset: 2
09-15 13:46:18.701 18485 18883 D OPENHU  : [80] Companion.decrypt | RECV: AUDIO Media Data type: 0 flags: 11 size: 8202 dataOffset: 2
09-15 13:46:18.704 18485 18883 D OPENHU  : [80] Companion.decrypt | RECV: CONTROL Ping Request type: 11 flags: 11 size: 12 dataOffset: 2
09-15 13:46:18.705 18485 18883 V OPENHU  : [80] AapTransport.send | CONTROL Ping Response type: 12 flags: 11 size: 14 dataOffset: 6
09-15 13:46:18.709 18485 18883 D OPENHU  : [80] Companion.decrypt | RECV: MUSIC_PLAYBACK Media Playback Status type: 32769 flags: 11 size: 17 dataOffset: 2
09-15 13:46:18.709 18485 18883 D OPENHU  : [80] AapMediaPlayback.processStatusPacket | AapMediaPlayback: status mediaSource='VLC', playbackSeconds(u32)=11, state=PLAYING
09-15 13:46:18.744 18485 18883 D OPENHU  : [80] Companion.decrypt | RECV: AUDIO Media Data type: 0 flags: 11 size: 8202 dataOffset: 2
09-15 13:46:18.787 18485 18883 D OPENHU  : [80] Companion.decrypt | RECV: AUDIO Media Data type: 0 flags: 11 size: 8202 dataOffset: 2
09-15 13:46:18.830 18485 18883 D OPENHU  : [80] Companion.decrypt | RECV: AUDIO Media Data type: 0 flags: 11 size: 8202 dataOffset: 2
09-15 13:46:18.872 18485 18883 D OPENHU  : [80] Companion.decrypt | RECV: AUDIO Media Data type: 0 flags: 11 size: 8202 dataOffset: 2
09-15 13:46:18.915 18485 18883 D OPENHU  : [80] Companion.decrypt | RECV: AUDIO Media Data type: 0 flags: 11 size: 8202 dataOffset: 2
09-15 13:46:18.957 18485 18883 D OPENHU  : [80] Companion.decrypt | RECV: AUDIO Media Data type: 0 flags: 11 size: 8202 dataOffset: 2
09-15 13:46:19.001 18485 18883 D OPENHU  : [80] Companion.decrypt | RECV: AUDIO Media Data type: 0 flags: 11 size: 8202 dataOffset: 2
09-15 13:46:19.024 18485 18485 V OPENHU  : [2] GpsLocation.onLocationChanged | GpsLocation: fix received
09-15 13:46:19.031 18485 18485 V OPENHU  : [2] AapTransport.send | SENSOR Sensor Event type: 32771 flags: 11 size: 46 dataOffset: 6
09-15 13:46:19.044 18485 18883 D OPENHU  : [80] Companion.decrypt | RECV: AUDIO Media Data type: 0 flags: 11 size: 8202 dataOffset: 2
09-15 13:46:19.090 18485 18883 D OPENHU  : [80] Companion.decrypt | RECV: AUDIO Media Data type: 0 flags: 11 size: 8202 dataOffset: 2
09-15 13:46:19.128 18485 18883 D OPENHU  : [80] Companion.decrypt | RECV: AUDIO Media Data type: 0 flags: 11 size: 8202 dataOffset: 2
09-15 13:46:19.172 18485 18883 D OPENHU  : [80] Companion.decrypt | RECV: AUDIO Media Data type: 0 flags: 11 size: 8202 dataOffset: 2
09-15 13:46:19.212 18485 18883 D OPENHU  : [80] Companion.decrypt | RECV: AUDIO Media Data type: 0 flags: 11 size: 8202 dataOffset: 2
09-15 13:46:19.257 18485 18883 D OPENHU  : [80] Companion.decrypt | RECV: AUDIO Media Data type: 0 flags: 11 size: 8202 dataOffset: 2
09-15 13:46:19.301 18485 18883 D OPENHU  : [80] Companion.decrypt | RECV: AUDIO Media Data type: 0 flags: 11 size: 8202 dataOffset: 2
09-15 13:46:19.341 18485 18883 D OPENHU  : [80] Companion.decrypt | RECV: AUDIO Media Data type: 0 flags: 11 size: 8202 dataOffset: 2
09-15 13:46:19.384 18485 18883 D OPENHU  : [80] Companion.decrypt | RECV: AUDIO Media Data type: 0 flags: 11 size: 8202 dataOffset: 2
09-15 13:46:19.425 18485 18883 D OPENHU  : [80] Companion.decrypt | RECV: AUDIO Media Data type: 0 flags: 11 size: 8202 dataOffset: 2
09-15 13:46:19.460 18485 18881 I OPENHU  : [78] VideoDecoder.logFeedPacing | Feed queue full - pacing the transport thread instead of shedding frames (+4 more since the last line)
09-15 13:46:19.471 18485 18883 D OPENHU  : [80] Companion.decrypt | RECV: AUDIO Media Data type: 0 flags: 11 size: 8202 dataOffset: 2
09-15 13:46:19.514 18485 18883 D OPENHU  : [80] Companion.decrypt | RECV: AUDIO Media Data type: 0 flags: 11 size: 8202 dataOffset: 2
09-15 13:46:19.557 18485 18883 D OPENHU  : [80] Companion.decrypt | RECV: AUDIO Media Data type: 0 flags: 11 size: 8202 dataOffset: 2
09-15 13:46:19.599 18485 18883 D OPENHU  : [80] Companion.decrypt | RECV: AUDIO Media Data type: 0 flags: 11 size: 8202 dataOffset: 2
09-15 13:46:19.641 18485 18883 D OPENHU  : [80] Companion.decrypt | RECV: AUDIO Media Data type: 0 flags: 11 size: 8202 dataOffset: 2
09-15 13:46:19.685 18485 18883 D OPENHU  : [80] Companion.decrypt | RECV: AUDIO Media Data type: 0 flags: 11 size: 8202 dataOffset: 2
09-15 13:46:19.704 18485 18883 D OPENHU  : [80] Companion.decrypt | RECV: CONTROL Ping Request type: 11 flags: 11 size: 12 dataOffset: 2
09-15 13:46:19.706 18485 18883 V OPENHU  : [80] AapTransport.send | CONTROL Ping Response type: 12 flags: 11 size: 14 dataOffset: 6
09-15 13:46:19.711 18485 18883 D OPENHU  : [80] Companion.decrypt | RECV: MUSIC_PLAYBACK Media Playback Status type: 32769 flags: 11 size: 17 dataOffset: 2
09-15 13:46:19.713 18485 18883 D OPENHU  : [80] AapMediaPlayback.processStatusPacket | AapMediaPlayback: status mediaSource='VLC', playbackSeconds(u32)=12, state=PLAYING
09-15 13:46:19.725 18485 18883 D OPENHU  : [80] Companion.decrypt | RECV: AUDIO Media Data type: 0 flags: 11 size: 8202 dataOffset: 2
09-15 13:46:19.769 18485 18883 D OPENHU  : [80] Companion.decrypt | RECV: AUDIO Media Data type: 0 flags: 11 size: 8202 dataOffset: 2
09-15 13:46:19.811 18485 18883 D OPENHU  : [80] Companion.decrypt | RECV: AUDIO Media Data type: 0 flags: 11 size: 8202 dataOffset: 2
09-15 13:46:19.855 18485 18883 D OPENHU  : [80] Companion.decrypt | RECV: AUDIO Media Data type: 0 flags: 11 size: 8202 dataOffset: 2
09-15 13:46:19.897 18485 18883 D OPENHU  : [80] Companion.decrypt | RECV: AUDIO Media Data type: 0 flags: 11 size: 8202 dataOffset: 2
09-15 13:46:19.939 18485 18883 D OPENHU  : [80] Companion.decrypt | RECV: AUDIO Media Data type: 0 flags: 11 size: 8202 dataOffset: 2
09-15 13:46:19.981 18485 18883 D OPENHU  : [80] Companion.decrypt | RECV: AUDIO Media Data type: 0 flags: 11 size: 8202 dataOffset: 2
09-15 13:46:19.993 18485 18485 V OPENHU  : [2] GpsLocation.onLocationChanged | GpsLocation: fix received
09-15 13:46:20.001 18485 18485 V OPENHU  : [2] AapTransport.send | SENSOR Sensor Event type: 32771 flags: 11 size: 46 dataOffset: 6
09-15 13:46:20.025 18485 18883 D OPENHU  : [80] Companion.decrypt | RECV: AUDIO Media Data type: 0 flags: 11 size: 8202 dataOffset: 2
09-15 13:46:20.068 18485 18883 D OPENHU  : [80] Companion.decrypt | RECV: AUDIO Media Data type: 0 flags: 11 size: 8202 dataOffset: 2
09-15 13:46:20.110 18485 18883 D OPENHU  : [80] Companion.decrypt | RECV: AUDIO Media Data type: 0 flags: 11 size: 8202 dataOffset: 2
09-15 13:46:20.153 18485 18883 D OPENHU  : [80] Companion.decrypt | RECV: AUDIO Media Data type: 0 flags: 11 size: 8202 dataOffset: 2
09-15 13:46:20.196 18485 18883 D OPENHU  : [80] Companion.decrypt | RECV: AUDIO Media Data type: 0 flags: 11 size: 8202 dataOffset: 2
09-15 13:46:20.238 18485 18883 D OPENHU  : [80] Companion.decrypt | RECV: AUDIO Media Data type: 0 flags: 11 size: 8202 dataOffset: 2
09-15 13:46:20.282 18485 18883 D OPENHU  : [80] Companion.decrypt | RECV: AUDIO Media Data type: 0 flags: 11 size: 8202 dataOffset: 2
09-15 13:46:20.322 18485 18883 D OPENHU  : [80] Companion.decrypt | RECV: AUDIO Media Data type: 0 flags: 11 size: 8202 dataOffset: 2
09-15 13:46:20.365 18485 18883 D OPENHU  : [80] Companion.decrypt | RECV: AUDIO Media Data type: 0 flags: 11 size: 8202 dataOffset: 2
09-15 13:46:20.408 18485 18883 D OPENHU  : [80] Companion.decrypt | RECV: AUDIO Media Data type: 0 flags: 11 size: 8202 dataOffset: 2
09-15 13:46:20.452 18485 18883 D OPENHU  : [80] Companion.decrypt | RECV: AUDIO Media Data type: 0 flags: 11 size: 8202 dataOffset: 2
09-15 13:46:20.473 18485 18881 I OPENHU  : [78] VideoDecoder.logFeedPacing | Feed queue full - pacing the transport thread instead of shedding frames (+4 more since the last line)
09-15 13:46:20.495 18485 18883 D OPENHU  : [80] Companion.decrypt | RECV: AUDIO Media Data type: 0 flags: 11 size: 8202 dataOffset: 2
09-15 13:46:20.537 18485 18883 D OPENHU  : [80] Companion.decrypt | RECV: AUDIO Media Data type: 0 flags: 11 size: 8202 dataOffset: 2
09-15 13:46:20.579 18485 18883 D OPENHU  : [80] Companion.decrypt | RECV: AUDIO Media Data type: 0 flags: 11 size: 8202 dataOffset: 2
09-15 13:46:20.623 18485 18883 D OPENHU  : [80] Companion.decrypt | RECV: AUDIO Media Data type: 0 flags: 11 size: 8202 dataOffset: 2
09-15 13:46:20.665 18485 18883 D OPENHU  : [80] Companion.decrypt | RECV: AUDIO Media Data type: 0 flags: 11 size: 8202 dataOffset: 2
09-15 13:46:20.704 18485 18883 D OPENHU  : [80] Companion.decrypt | RECV: CONTROL Ping Request type: 11 flags: 11 size: 12 dataOffset: 2
09-15 13:46:20.705 18485 18883 V OPENHU  : [80] AapTransport.send | CONTROL Ping Response type: 12 flags: 11 size: 14 dataOffset: 6
09-15 13:46:20.709 18485 18883 D OPENHU  : [80] Companion.decrypt | RECV: AUDIO Media Data type: 0 flags: 11 size: 8202 dataOffset: 2
09-15 13:46:20.714 18485 18883 D OPENHU  : [80] Companion.decrypt | RECV: MUSIC_PLAYBACK Media Playback Status type: 32769 flags: 11 size: 17 dataOffset: 2
09-15 13:46:20.715 18485 18883 D OPENHU  : [80] AapMediaPlayback.processStatusPacket | AapMediaPlayback: status mediaSource='VLC', playbackSeconds(u32)=13, state=PLAYING
09-15 13:46:20.749 18485 18883 D OPENHU  : [80] Companion.decrypt | RECV: AUDIO Media Data type: 0 flags: 11 size: 8202 dataOffset: 2
09-15 13:46:20.791 18485 18883 D OPENHU  : [80] Companion.decrypt | RECV: AUDIO Media Data type: 0 flags: 11 size: 8202 dataOffset: 2
09-15 13:46:20.833 18485 18883 D OPENHU  : [80] Companion.decrypt | RECV: AUDIO Media Data type: 0 flags: 11 size: 8202 dataOffset: 2
09-15 13:46:20.877 18485 18883 D OPENHU  : [80] Companion.decrypt | RECV: AUDIO Media Data type: 0 flags: 11 size: 8202 dataOffset: 2
09-15 13:46:20.924 18485 18883 D OPENHU  : [80] Companion.decrypt | RECV: AUDIO Media Data type: 0 flags: 11 size: 8202 dataOffset: 2
09-15 13:46:20.963 18485 18883 D OPENHU  : [80] Companion.decrypt | RECV: AUDIO Media Data type: 0 flags: 11 size: 8202 dataOffset: 2
09-15 13:46:21.004 18485 18883 D OPENHU  : [80] Companion.decrypt | RECV: AUDIO Media Data type: 0 flags: 11 size: 8202 dataOffset: 2
09-15 13:46:21.027 18485 18485 V OPENHU  : [2] GpsLocation.onLocationChanged | GpsLocation: fix received
09-15 13:46:21.034 18485 18485 V OPENHU  : [2] AapTransport.send | SENSOR Sensor Event type: 32771 flags: 11 size: 46 dataOffset: 6
09-15 13:46:21.049 18485 18883 D OPENHU  : [80] Companion.decrypt | RECV: AUDIO Media Data type: 0 flags: 11 size: 8202 dataOffset: 2
09-15 13:46:21.090 18485 18883 D OPENHU  : [80] Companion.decrypt | RECV: AUDIO Media Data type: 0 flags: 11 size: 8202 dataOffset: 2
09-15 13:46:21.135 18485 18883 D OPENHU  : [80] Companion.decrypt | RECV: AUDIO Media Data type: 0 flags: 11 size: 8202 dataOffset: 2
09-15 13:46:21.177 18485 18883 D OPENHU  : [80] Companion.decrypt | RECV: AUDIO Media Data type: 0 flags: 11 size: 8202 dataOffset: 2
09-15 13:46:21.220 18485 18883 D OPENHU  : [80] Companion.decrypt | RECV: AUDIO Media Data type: 0 flags: 11 size: 8202 dataOffset: 2
09-15 13:46:21.263 18485 18883 D OPENHU  : [80] Companion.decrypt | RECV: AUDIO Media Data type: 0 flags: 11 size: 8202 dataOffset: 2
09-15 13:46:21.305 18485 18883 D OPENHU  : [80] Companion.decrypt | RECV: AUDIO Media Data type: 0 flags: 11 size: 8202 dataOffset: 2
09-15 13:46:21.348 18485 18883 D OPENHU  : [80] Companion.decrypt | RECV: AUDIO Media Data type: 0 flags: 11 size: 8202 dataOffset: 2
09-15 13:46:21.389 18485 18883 D OPENHU  : [80] Companion.decrypt | RECV: AUDIO Media Data type: 0 flags: 11 size: 8202 dataOffset: 2
09-15 13:46:21.433 18485 18883 D OPENHU  : [80] Companion.decrypt | RECV: AUDIO Media Data type: 0 flags: 11 size: 8202 dataOffset: 2
09-15 13:46:21.474 18485 18883 D OPENHU  : [80] Companion.decrypt | RECV: AUDIO Media Data type: 0 flags: 11 size: 8202 dataOffset: 2
09-15 13:46:21.487 18485 18881 I OPENHU  : [78] VideoDecoder.logFeedPacing | Feed queue full - pacing the transport thread instead of shedding frames (+4 more since the last line)
09-15 13:46:21.516 18485 18883 D OPENHU  : [80] Companion.decrypt | RECV: AUDIO Media Data type: 0 flags: 11 size: 8202 dataOffset: 2
09-15 13:46:21.540 18485 18907 I OPENHU  : [89] VideoDecoder.logThroughput | Throughput over 5003ms: rendered=25 (4fps), fed=25 (4fps), dropped=0, skipped=0, concealed=0, inputWait=11ms, enqueueWait=5050ms, codec=c2.unisoc.avc.decoder, presented=25 (4fps), decodeLatency=unreadable (25 frames)
09-15 13:46:21.560 18485 18883 D OPENHU  : [80] Companion.decrypt | RECV: AUDIO Media Data type: 0 flags: 11 size: 8202 dataOffset: 2
09-15 13:46:21.602 18485 18883 D OPENHU  : [80] Companion.decrypt | RECV: AUDIO Media Data type: 0 flags: 11 size: 8202 dataOffset: 2
09-15 13:46:21.645 18485 18883 D OPENHU  : [80] Companion.decrypt | RECV: AUDIO Media Data type: 0 flags: 11 size: 8202 dataOffset: 2
09-15 13:46:21.688 18485 18883 D OPENHU  : [80] Companion.decrypt | RECV: AUDIO Media Data type: 0 flags: 11 size: 8202 dataOffset: 2
09-15 13:46:21.704 18485 18883 D OPENHU  : [80] Companion.decrypt | RECV: CONTROL Ping Request type: 11 flags: 11 size: 12 dataOffset: 2
09-15 13:46:21.704 18485 18883 V OPENHU  : [80] AapTransport.send | CONTROL Ping Response type: 12 flags: 11 size: 14 dataOffset: 6
09-15 13:46:21.711 18485 18883 D OPENHU  : [80] Companion.decrypt | RECV: MUSIC_PLAYBACK Media Playback Status type: 32769 flags: 11 size: 17 dataOffset: 2
09-15 13:46:21.712 18485 18883 D OPENHU  : [80] AapMediaPlayback.processStatusPacket | AapMediaPlayback: status mediaSource='VLC', playbackSeconds(u32)=14, state=PLAYING
09-15 13:46:21.730 18485 18883 D OPENHU  : [80] Companion.decrypt | RECV: AUDIO Media Data type: 0 flags: 11 size: 8202 dataOffset: 2
09-15 13:46:21.774 18485 18883 D OPENHU  : [80] Companion.decrypt | RECV: AUDIO Media Data type: 0 flags: 11 size: 8202 dataOffset: 2
09-15 13:46:21.816 18485 18883 D OPENHU  : [80] Companion.decrypt | RECV: AUDIO Media Data type: 0 flags: 11 size: 8202 dataOffset: 2
09-15 13:46:21.866 18485 18883 D OPENHU  : [80] Companion.decrypt | RECV: AUDIO Media Data type: 0 flags: 11 size: 8202 dataOffset: 2
09-15 13:46:21.901 18485 18883 D OPENHU  : [80] Companion.decrypt | RECV: AUDIO Media Data type: 0 flags: 11 size: 8202 dataOffset: 2
09-15 13:46:21.942 18485 18883 D OPENHU  : [80] Companion.decrypt | RECV: AUDIO Media Data type: 0 flags: 11 size: 8202 dataOffset: 2
09-15 13:46:21.986 18485 18883 D OPENHU  : [80] Companion.decrypt | RECV: AUDIO Media Data type: 0 flags: 11 size: 8202 dataOffset: 2
09-15 13:46:21.996 18485 18485 V OPENHU  : [2] GpsLocation.onLocationChanged | GpsLocation: fix received
09-15 13:46:22.004 18485 18485 V OPENHU  : [2] AapTransport.send | SENSOR Sensor Event type: 32771 flags: 11 size: 46 dataOffset: 6
09-15 13:46:22.028 18485 18883 D OPENHU  : [80] Companion.decrypt | RECV: AUDIO Media Data type: 0 flags: 11 size: 8202 dataOffset: 2
09-15 13:46:22.071 18485 18883 D OPENHU  : [80] Companion.decrypt | RECV: AUDIO Media Data type: 0 flags: 11 size: 8202 dataOffset: 2
09-15 13:46:22.115 18485 18883 D OPENHU  : [80] Companion.decrypt | RECV: AUDIO Media Data type: 0 flags: 11 size: 8202 dataOffset: 2
09-15 13:46:22.158 18485 18883 D OPENHU  : [80] Companion.decrypt | RECV: AUDIO Media Data type: 0 flags: 11 size: 8202 dataOffset: 2
09-15 13:46:22.202 18485 18883 D OPENHU  : [80] Companion.decrypt | RECV: AUDIO Media Data type: 0 flags: 11 size: 8202 dataOffset: 2
09-15 13:46:22.243 18485 18883 D OPENHU  : [80] Companion.decrypt | RECV: AUDIO Media Data type: 0 flags: 11 size: 8202 dataOffset: 2
09-15 13:46:22.285 18485 18883 D OPENHU  : [80] Companion.decrypt | RECV: AUDIO Media Data type: 0 flags: 11 size: 8202 dataOffset: 2
09-15 13:46:22.329 18485 18883 D OPENHU  : [80] Companion.decrypt | RECV: AUDIO Media Data type: 0 flags: 11 size: 8202 dataOffset: 2
09-15 13:46:22.372 18485 18883 D OPENHU  : [80] Companion.decrypt | RECV: AUDIO Media Data type: 0 flags: 11 size: 8202 dataOffset: 2
09-15 13:46:22.415 18485 18883 D OPENHU  : [80] Companion.decrypt | RECV: AUDIO Media Data type: 0 flags: 11 size: 8202 dataOffset: 2
09-15 13:46:22.455 18485 18883 D OPENHU  : [80] Companion.decrypt | RECV: AUDIO Media Data type: 0 flags: 11 size: 8202 dataOffset: 2
09-15 13:46:22.498 18485 18883 D OPENHU  : [80] Companion.decrypt | RECV: AUDIO Media Data type: 0 flags: 11 size: 8202 dataOffset: 2
09-15 13:46:22.505 18485 18881 I OPENHU  : [78] VideoDecoder.logFeedPacing | Feed queue full - pacing the transport thread instead of shedding frames (+4 more since the last line)
09-15 13:46:22.543 18485 18883 D OPENHU  : [80] Companion.decrypt | RECV: AUDIO Media Data type: 0 flags: 11 size: 8202 dataOffset: 2
09-15 13:46:22.583 18485 18883 D OPENHU  : [80] Companion.decrypt | RECV: AUDIO Media Data type: 0 flags: 11 size: 8202 dataOffset: 2
09-15 13:46:22.627 18485 18883 D OPENHU  : [80] Companion.decrypt | RECV: AUDIO Media Data type: 0 flags: 11 size: 8202 dataOffset: 2
09-15 13:46:22.669 18485 18883 D OPENHU  : [80] Companion.decrypt | RECV: AUDIO Media Data type: 0 flags: 11 size: 8202 dataOffset: 2
09-15 13:46:22.706 18485 18883 D OPENHU  : [80] Companion.decrypt | RECV: CONTROL Ping Request type: 11 flags: 11 size: 12 dataOffset: 2
09-15 13:46:22.706 18485 18883 V OPENHU  : [80] AapTransport.send | CONTROL Ping Response type: 12 flags: 11 size: 14 dataOffset: 6
09-15 13:46:22.711 18485 18883 D OPENHU  : [80] Companion.decrypt | RECV: AUDIO Media Data type: 0 flags: 11 size: 8202 dataOffset: 2
09-15 13:46:22.715 18485 18883 D OPENHU  : [80] Companion.decrypt | RECV: MUSIC_PLAYBACK Media Playback Status type: 32769 flags: 11 size: 17 dataOffset: 2
09-15 13:46:22.716 18485 18883 D OPENHU  : [80] AapMediaPlayback.processStatusPacket | AapMediaPlayback: status mediaSource='VLC', playbackSeconds(u32)=15, state=PLAYING
09-15 13:46:22.754 18485 18883 D OPENHU  : [80] Companion.decrypt | RECV: AUDIO Media Data type: 0 flags: 11 size: 8202 dataOffset: 2
09-15 13:46:22.797 18485 18883 D OPENHU  : [80] Companion.decrypt | RECV: AUDIO Media Data type: 0 flags: 11 size: 8202 dataOffset: 2
09-15 13:46:22.839 18485 18883 D OPENHU  : [80] Companion.decrypt | RECV: AUDIO Media Data type: 0 flags: 11 size: 8202 dataOffset: 2
09-15 13:46:22.882 18485 18883 D OPENHU  : [80] Companion.decrypt | RECV: AUDIO Media Data type: 0 flags: 11 size: 8202 dataOffset: 2
09-15 13:46:22.925 18485 18883 D OPENHU  : [80] Companion.decrypt | RECV: AUDIO Media Data type: 0 flags: 11 size: 8202 dataOffset: 2
09-15 13:46:22.968 18485 18883 D OPENHU  : [80] Companion.decrypt | RECV: AUDIO Media Data type: 0 flags: 11 size: 8202 dataOffset: 2
09-15 13:46:23.012 18485 18883 D OPENHU  : [80] Companion.decrypt | RECV: AUDIO Media Data type: 0 flags: 11 size: 8202 dataOffset: 2
09-15 13:46:23.024 18485 18485 V OPENHU  : [2] GpsLocation.onLocationChanged | GpsLocation: fix received
09-15 13:46:23.033 18485 18485 V OPENHU  : [2] AapTransport.send | SENSOR Sensor Event type: 32771 flags: 11 size: 46 dataOffset: 6
09-15 13:46:23.054 18485 18883 D OPENHU  : [80] Companion.decrypt | RECV: AUDIO Media Data type: 0 flags: 11 size: 8202 dataOffset: 2
09-15 13:46:23.096 18485 18883 D OPENHU  : [80] Companion.decrypt | RECV: AUDIO Media Data type: 0 flags: 11 size: 8202 dataOffset: 2
09-15 13:46:23.138 18485 18883 D OPENHU  : [80] Companion.decrypt | RECV: AUDIO Media Data type: 0 flags: 11 size: 8202 dataOffset: 2
09-15 13:46:23.180 18485 18883 D OPENHU  : [80] Companion.decrypt | RECV: AUDIO Media Data type: 0 flags: 11 size: 8202 dataOffset: 2
09-15 13:46:23.224 18485 18883 D OPENHU  : [80] Companion.decrypt | RECV: AUDIO Media Data type: 0 flags: 11 size: 8202 dataOffset: 2
09-15 13:46:23.265 18485 18883 D OPENHU  : [80] Companion.decrypt | RECV: AUDIO Media Data type: 0 flags: 11 size: 8202 dataOffset: 2
09-15 13:46:23.309 18485 18883 D OPENHU  : [80] Companion.decrypt | RECV: AUDIO Media Data type: 0 flags: 11 size: 8202 dataOffset: 2
09-15 13:46:23.344 18485 18485 I OPENHU  : [2] TextureProjectionView.onSurfaceTextureUpdated | TextureProjectionView: displayed 25 frames in 5088ms (4fps), longFrames=0
09-15 13:46:23.352 18485 18883 D OPENHU  : [80] Companion.decrypt | RECV: AUDIO Media Data type: 0 flags: 11 size: 8202 dataOffset: 2
09-15 13:46:23.395 18485 18883 D OPENHU  : [80] Companion.decrypt | RECV: AUDIO Media Data type: 0 flags: 11 size: 8202 dataOffset: 2
09-15 13:46:23.437 18485 18883 D OPENHU  : [80] Companion.decrypt | RECV: AUDIO Media Data type: 0 flags: 11 size: 8202 dataOffset: 2
09-15 13:46:23.480 18485 18883 D OPENHU  : [80] Companion.decrypt | RECV: AUDIO Media Data type: 0 flags: 11 size: 8202 dataOffset: 2
09-15 13:46:23.517 18485 18881 I OPENHU  : [78] VideoDecoder.logFeedPacing | Feed queue full - pacing the transport thread instead of shedding frames (+4 more since the last line)
09-15 13:46:23.522 18485 18883 D OPENHU  : [80] Companion.decrypt | RECV: AUDIO Media Data type: 0 flags: 11 size: 8202 dataOffset: 2
09-15 13:46:23.567 18485 18883 D OPENHU  : [80] Companion.decrypt | RECV: AUDIO Media Data type: 0 flags: 11 size: 8202 dataOffset: 2
09-15 13:46:23.608 18485 18883 D OPENHU  : [80] Companion.decrypt | RECV: AUDIO Media Data type: 0 flags: 11 size: 8202 dataOffset: 2
09-15 13:46:23.652 18485 18883 D OPENHU  : [80] Companion.decrypt | RECV: AUDIO Media Data type: 0 flags: 11 size: 8202 dataOffset: 2
09-15 13:46:23.699 18485 18883 D OPENHU  : [80] Companion.decrypt | RECV: AUDIO Media Data type: 0 flags: 11 size: 8202 dataOffset: 2
09-15 13:46:23.707 18485 18883 D OPENHU  : [80] Companion.decrypt | RECV: CONTROL Ping Request type: 11 flags: 11 size: 12 dataOffset: 2
09-15 13:46:23.707 18485 18883 V OPENHU  : [80] AapTransport.send | CONTROL Ping Response type: 12 flags: 11 size: 14 dataOffset: 6
09-15 13:46:23.710 18485 18883 D OPENHU  : [80] Companion.decrypt | RECV: MUSIC_PLAYBACK Media Playback Status type: 32769 flags: 11 size: 17 dataOffset: 2
09-15 13:46:23.711 18485 18883 D OPENHU  : [80] AapMediaPlayback.processStatusPacket | AapMediaPlayback: status mediaSource='VLC', playbackSeconds(u32)=16, state=PLAYING
09-15 13:46:23.736 18485 18883 D OPENHU  : [80] Companion.decrypt | RECV: AUDIO Media Data type: 0 flags: 11 size: 8202 dataOffset: 2
09-15 13:46:23.779 18485 18883 D OPENHU  : [80] Companion.decrypt | RECV: AUDIO Media Data type: 0 flags: 11 size: 8202 dataOffset: 2
09-15 13:46:23.821 18485 18883 D OPENHU  : [80] Companion.decrypt | RECV: AUDIO Media Data type: 0 flags: 11 size: 8202 dataOffset: 2
09-15 13:46:23.863 18485 18883 D OPENHU  : [80] Companion.decrypt | RECV: AUDIO Media Data type: 0 flags: 11 size: 8202 dataOffset: 2
09-15 13:46:23.906 18485 18883 D OPENHU  : [80] Companion.decrypt | RECV: AUDIO Media Data type: 0 flags: 11 size: 8202 dataOffset: 2
09-15 13:46:23.949 18485 18883 D OPENHU  : [80] Companion.decrypt | RECV: AUDIO Media Data type: 0 flags: 11 size: 8202 dataOffset: 2
09-15 13:46:23.992 18485 18883 D OPENHU  : [80] Companion.decrypt | RECV: AUDIO Media Data type: 0 flags: 11 size: 8202 dataOffset: 2
09-15 13:46:23.995 18485 18485 V OPENHU  : [2] GpsLocation.onLocationChanged | GpsLocation: fix received
09-15 13:46:24.004 18485 18485 V OPENHU  : [2] AapTransport.send | SENSOR Sensor Event type: 32771 flags: 11 size: 46 dataOffset: 6
09-15 13:46:24.033 18485 18883 D OPENHU  : [80] Companion.decrypt | RECV: AUDIO Media Data type: 0 flags: 11 size: 8202 dataOffset: 2
09-15 13:46:24.077 18485 18883 D OPENHU  : [80] Companion.decrypt | RECV: AUDIO Media Data type: 0 flags: 11 size: 8202 dataOffset: 2
09-15 13:46:24.119 18485 18883 D OPENHU  : [80] Companion.decrypt | RECV: AUDIO Media Data type: 0 flags: 11 size: 8202 dataOffset: 2
09-15 13:46:24.163 18485 18883 D OPENHU  : [80] Companion.decrypt | RECV: AUDIO Media Data type: 0 flags: 11 size: 8202 dataOffset: 2
09-15 13:46:24.204 18485 18883 D OPENHU  : [80] Companion.decrypt | RECV: AUDIO Media Data type: 0 flags: 11 size: 8202 dataOffset: 2
09-15 13:46:24.250 18485 18883 D OPENHU  : [80] Companion.decrypt | RECV: AUDIO Media Data type: 0 flags: 11 size: 8202 dataOffset: 2
09-15 13:46:24.292 18485 18883 D OPENHU  : [80] Companion.decrypt | RECV: AUDIO Media Data type: 0 flags: 11 size: 8202 dataOffset: 2
09-15 13:46:24.336 18485 18883 D OPENHU  : [80] Companion.decrypt | RECV: AUDIO Media Data type: 0 flags: 11 size: 8202 dataOffset: 2
09-15 13:46:24.377 18485 18883 D OPENHU  : [80] Companion.decrypt | RECV: AUDIO Media Data type: 0 flags: 11 size: 8202 dataOffset: 2
09-15 13:46:24.419 18485 18883 D OPENHU  : [80] Companion.decrypt | RECV: AUDIO Media Data type: 0 flags: 11 size: 8202 dataOffset: 2
09-15 13:46:24.461 18485 18883 D OPENHU  : [80] Companion.decrypt | RECV: AUDIO Media Data type: 0 flags: 11 size: 8202 dataOffset: 2
09-15 13:46:24.502 18485 18883 D OPENHU  : [80] Companion.decrypt | RECV: AUDIO Media Data type: 0 flags: 11 size: 8202 dataOffset: 2
09-15 13:46:24.532 18485 18881 I OPENHU  : [78] VideoDecoder.logFeedPacing | Feed queue full - pacing the transport thread instead of shedding frames (+4 more since the last line)
09-15 13:46:24.548 18485 18883 D OPENHU  : [80] Companion.decrypt | RECV: AUDIO Media Data type: 0 flags: 11 size: 8202 dataOffset: 2
09-15 13:46:24.593 18485 18883 D OPENHU  : [80] Companion.decrypt | RECV: AUDIO Media Data type: 0 flags: 11 size: 8202 dataOffset: 2
09-15 13:46:24.632 18485 18883 D OPENHU  : [80] Companion.decrypt | RECV: AUDIO Media Data type: 0 flags: 11 size: 8202 dataOffset: 2
09-15 13:46:24.675 18485 18883 D OPENHU  : [80] Companion.decrypt | RECV: AUDIO Media Data type: 0 flags: 11 size: 8202 dataOffset: 2
09-15 13:46:24.708 18485 18883 D OPENHU  : [80] Companion.decrypt | RECV: CONTROL Ping Request type: 11 flags: 11 size: 12 dataOffset: 2
09-15 13:46:24.709 18485 18883 V OPENHU  : [80] AapTransport.send | CONTROL Ping Response type: 12 flags: 11 size: 14 dataOffset: 6
09-15 13:46:24.711 18485 18883 D OPENHU  : [80] Companion.decrypt | RECV: MUSIC_PLAYBACK Media Playback Status type: 32769 flags: 11 size: 17 dataOffset: 2
09-15 13:46:24.712 18485 18883 D OPENHU  : [80] AapMediaPlayback.processStatusPacket | AapMediaPlayback: status mediaSource='VLC', playbackSeconds(u32)=17, state=PLAYING
09-15 13:46:24.718 18485 18883 D OPENHU  : [80] Companion.decrypt | RECV: AUDIO Media Data type: 0 flags: 11 size: 8202 dataOffset: 2
09-15 13:46:24.760 18485 18883 D OPENHU  : [80] Companion.decrypt | RECV: AUDIO Media Data type: 0 flags: 11 size: 8202 dataOffset: 2
09-15 13:46:24.803 18485 18883 D OPENHU  : [80] Companion.decrypt | RECV: AUDIO Media Data type: 0 flags: 11 size: 8202 dataOffset: 2
09-15 13:46:24.845 18485 18883 D OPENHU  : [80] Companion.decrypt | RECV: AUDIO Media Data type: 0 flags: 11 size: 8202 dataOffset: 2
09-15 13:46:24.895 18485 18883 D OPENHU  : [80] Companion.decrypt | RECV: AUDIO Media Data type: 0 flags: 11 size: 8202 dataOffset: 2
09-15 13:46:24.931 18485 18883 D OPENHU  : [80] Companion.decrypt | RECV: AUDIO Media Data type: 0 flags: 11 size: 8202 dataOffset: 2
09-15 13:46:24.975 18485 18883 D OPENHU  : [80] Companion.decrypt | RECV: AUDIO Media Data type: 0 flags: 11 size: 8202 dataOffset: 2
09-15 13:46:25.016 18485 18883 D OPENHU  : [80] Companion.decrypt | RECV: AUDIO Media Data type: 0 flags: 11 size: 8202 dataOffset: 2
09-15 13:46:25.024 18485 18485 V OPENHU  : [2] GpsLocation.onLocationChanged | GpsLocation: fix received
09-15 13:46:25.034 18485 18485 V OPENHU  : [2] AapTransport.send | SENSOR Sensor Event type: 32771 flags: 11 size: 46 dataOffset: 6
09-15 13:46:25.058 18485 18883 D OPENHU  : [80] Companion.decrypt | RECV: AUDIO Media Data type: 0 flags: 11 size: 8202 dataOffset: 2
09-15 13:46:25.101 18485 18883 D OPENHU  : [80] Companion.decrypt | RECV: AUDIO Media Data type: 0 flags: 11 size: 8202 dataOffset: 2
09-15 13:46:25.145 18485 18883 D OPENHU  : [80] Companion.decrypt | RECV: AUDIO Media Data type: 0 flags: 11 size: 8202 dataOffset: 2
09-15 13:46:25.188 18485 18883 D OPENHU  : [80] Companion.decrypt | RECV: AUDIO Media Data type: 0 flags: 11 size: 8202 dataOffset: 2
09-15 13:46:25.231 18485 18883 D OPENHU  : [80] Companion.decrypt | RECV: AUDIO Media Data type: 0 flags: 11 size: 8202 dataOffset: 2
09-15 13:46:25.274 18485 18883 D OPENHU  : [80] Companion.decrypt | RECV: AUDIO Media Data type: 0 flags: 11 size: 8202 dataOffset: 2
09-15 13:46:25.315 18485 18883 D OPENHU  : [80] Companion.decrypt | RECV: AUDIO Media Data type: 0 flags: 11 size: 8202 dataOffset: 2
09-15 13:46:25.357 18485 18883 D OPENHU  : [80] Companion.decrypt | RECV: AUDIO Media Data type: 0 flags: 11 size: 8202 dataOffset: 2
09-15 13:46:25.400 18485 18883 D OPENHU  : [80] Companion.decrypt | RECV: AUDIO Media Data type: 0 flags: 11 size: 8202 dataOffset: 2
09-15 13:46:25.444 18485 18883 D OPENHU  : [80] Companion.decrypt | RECV: AUDIO Media Data type: 0 flags: 11 size: 8202 dataOffset: 2
09-15 13:46:25.488 18485 18883 D OPENHU  : [80] Companion.decrypt | RECV: AUDIO Media Data type: 0 flags: 11 size: 8202 dataOffset: 2
09-15 13:46:25.530 18485 18883 D OPENHU  : [80] Companion.decrypt | RECV: AUDIO Media Data type: 0 flags: 11 size: 8202 dataOffset: 2
09-15 13:46:25.549 18485 18881 I OPENHU  : [78] VideoDecoder.logFeedPacing | Feed queue full - pacing the transport thread instead of shedding frames (+4 more since the last line)
09-15 13:46:25.573 18485 18883 D OPENHU  : [80] Companion.decrypt | RECV: AUDIO Media Data type: 0 flags: 11 size: 8202 dataOffset: 2
09-15 13:46:25.616 18485 18883 D OPENHU  : [80] Companion.decrypt | RECV: AUDIO Media Data type: 0 flags: 11 size: 8202 dataOffset: 2
09-15 13:46:25.658 18485 18883 D OPENHU  : [80] Companion.decrypt | RECV: AUDIO Media Data type: 0 flags: 11 size: 8202 dataOffset: 2
09-15 13:46:25.700 18485 18883 D OPENHU  : [80] Companion.decrypt | RECV: AUDIO Media Data type: 0 flags: 11 size: 8202 dataOffset: 2
09-15 13:46:25.711 18485 18883 D OPENHU  : [80] Companion.decrypt | RECV: CONTROL Ping Request type: 11 flags: 11 size: 12 dataOffset: 2
09-15 13:46:25.712 18485 18883 V OPENHU  : [80] AapTransport.send | CONTROL Ping Response type: 12 flags: 11 size: 14 dataOffset: 6
09-15 13:46:25.718 18485 18883 D OPENHU  : [80] Companion.decrypt | RECV: MUSIC_PLAYBACK Media Playback Status type: 32769 flags: 11 size: 17 dataOffset: 2
09-15 13:46:25.720 18485 18883 D OPENHU  : [80] AapMediaPlayback.processStatusPacket | AapMediaPlayback: status mediaSource='VLC', playbackSeconds(u32)=18, state=PLAYING
09-15 13:46:25.741 18485 18883 D OPENHU  : [80] Companion.decrypt | RECV: AUDIO Media Data type: 0 flags: 11 size: 8202 dataOffset: 2
09-15 13:46:25.787 18485 18883 D OPENHU  : [80] Companion.decrypt | RECV: AUDIO Media Data type: 0 flags: 11 size: 8202 dataOffset: 2
09-15 13:46:25.827 18485 18883 D OPENHU  : [80] Companion.decrypt | RECV: AUDIO Media Data type: 0 flags: 11 size: 8202 dataOffset: 2
09-15 13:46:25.869 18485 18883 D OPENHU  : [80] Companion.decrypt | RECV: AUDIO Media Data type: 0 flags: 11 size: 8202 dataOffset: 2
09-15 13:46:25.913 18485 18883 D OPENHU  : [80] Companion.decrypt | RECV: AUDIO Media Data type: 0 flags: 11 size: 8202 dataOffset: 2
09-15 13:46:25.954 18485 18883 D OPENHU  : [80] Companion.decrypt | RECV: AUDIO Media Data type: 0 flags: 11 size: 8202 dataOffset: 2
09-15 13:46:25.997 18485 18485 V OPENHU  : [2] GpsLocation.onLocationChanged | GpsLocation: fix received
09-15 13:46:26.001 18485 18883 D OPENHU  : [80] Companion.decrypt | RECV: AUDIO Media Data type: 0 flags: 11 size: 8202 dataOffset: 2
09-15 13:46:26.006 18485 18485 V OPENHU  : [2] AapTransport.send | SENSOR Sensor Event type: 32771 flags: 11 size: 46 dataOffset: 6
09-15 13:46:26.042 18485 18883 D OPENHU  : [80] Companion.decrypt | RECV: AUDIO Media Data type: 0 flags: 11 size: 8202 dataOffset: 2
09-15 13:46:26.085 18485 18883 D OPENHU  : [80] Companion.decrypt | RECV: AUDIO Media Data type: 0 flags: 11 size: 8202 dataOffset: 2
09-15 13:46:26.128 18485 18883 D OPENHU  : [80] Companion.decrypt | RECV: AUDIO Media Data type: 0 flags: 11 size: 8202 dataOffset: 2
09-15 13:46:26.172 18485 18883 D OPENHU  : [80] Companion.decrypt | RECV: AUDIO Media Data type: 0 flags: 11 size: 8202 dataOffset: 2
09-15 13:46:26.213 18485 18883 D OPENHU  : [80] Companion.decrypt | RECV: AUDIO Media Data type: 0 flags: 11 size: 8202 dataOffset: 2
09-15 13:46:26.255 18485 18883 D OPENHU  : [80] Companion.decrypt | RECV: AUDIO Media Data type: 0 flags: 11 size: 8202 dataOffset: 2
09-15 13:46:26.297 18485 18883 D OPENHU  : [80] Companion.decrypt | RECV: AUDIO Media Data type: 0 flags: 11 size: 8202 dataOffset: 2
09-15 13:46:26.339 18485 18883 D OPENHU  : [80] Companion.decrypt | RECV: AUDIO Media Data type: 0 flags: 11 size: 8202 dataOffset: 2
09-15 13:46:26.382 18485 18883 D OPENHU  : [80] Companion.decrypt | RECV: AUDIO Media Data type: 0 flags: 11 size: 8202 dataOffset: 2
09-15 13:46:26.425 18485 18883 D OPENHU  : [80] Companion.decrypt | RECV: AUDIO Media Data type: 0 flags: 11 size: 8202 dataOffset: 2
09-15 13:46:26.467 18485 18883 D OPENHU  : [80] Companion.decrypt | RECV: AUDIO Media Data type: 0 flags: 11 size: 8202 dataOffset: 2
09-15 13:46:26.509 18485 18883 D OPENHU  : [80] Companion.decrypt | RECV: AUDIO Media Data type: 0 flags: 11 size: 8202 dataOffset: 2
09-15 13:46:26.549 18485 18907 I OPENHU  : [89] VideoDecoder.logThroughput | Throughput over 5008ms: rendered=24 (4fps), fed=24 (4fps), dropped=0, skipped=0, concealed=0, inputWait=8ms, enqueueWait=4851ms, codec=c2.unisoc.avc.decoder, presented=24 (4fps), decodeLatency=unreadable (24 frames)
09-15 13:46:26.551 18485 18883 D OPENHU  : [80] Companion.decrypt | RECV: AUDIO Media Data type: 0 flags: 11 size: 8202 dataOffset: 2
09-15 13:46:26.561 18485 18881 I OPENHU  : [78] VideoDecoder.logFeedPacing | Feed queue full - pacing the transport thread instead of shedding frames (+4 more since the last line)
09-15 13:46:26.597 18485 18883 D OPENHU  : [80] Companion.decrypt | RECV: AUDIO Media Data type: 0 flags: 11 size: 8202 dataOffset: 2
09-15 13:46:26.640 18485 18883 D OPENHU  : [80] Companion.decrypt | RECV: AUDIO Media Data type: 0 flags: 11 size: 8202 dataOffset: 2
09-15 13:46:26.683 18485 18883 D OPENHU  : [80] Companion.decrypt | RECV: AUDIO Media Data type: 0 flags: 11 size: 8202 dataOffset: 2
09-15 13:46:26.713 18485 18883 D OPENHU  : [80] Companion.decrypt | RECV: CONTROL Ping Request type: 11 flags: 11 size: 12 dataOffset: 2
09-15 13:46:26.715 18485 18883 V OPENHU  : [80] AapTransport.send | CONTROL Ping Response type: 12 flags: 11 size: 14 dataOffset: 6
09-15 13:46:26.719 18485 18883 D OPENHU  : [80] Companion.decrypt | RECV: MUSIC_PLAYBACK Media Playback Status type: 32769 flags: 11 size: 17 dataOffset: 2
09-15 13:46:26.721 18485 18883 D OPENHU  : [80] AapMediaPlayback.processStatusPacket | AapMediaPlayback: status mediaSource='VLC', playbackSeconds(u32)=19, state=PLAYING
09-15 13:46:26.724 18485 18883 D OPENHU  : [80] Companion.decrypt | RECV: AUDIO Media Data type: 0 flags: 11 size: 8202 dataOffset: 2
09-15 13:46:26.766 18485 18883 D OPENHU  : [80] Companion.decrypt | RECV: AUDIO Media Data type: 0 flags: 11 size: 8202 dataOffset: 2
09-15 13:46:26.809 18485 18883 D OPENHU  : [80] Companion.decrypt | RECV: AUDIO Media Data type: 0 flags: 11 size: 8202 dataOffset: 2
09-15 13:46:26.828 18485 18883 D OPENHU  : [80] Companion.decrypt | RECV: VIDEO Unknown (35183) type: 35183 flags: 8 size: 16124 dataOffset: 2
09-15 13:46:26.830 18485 18883 D OPENHU  : [80] Companion.decrypt | RECV: VIDEO Unknown (59044) type: 59044 flags: 8 size: 16124 dataOffset: 2
09-15 13:46:26.833 18485 18883 D OPENHU  : [80] Companion.decrypt | RECV: VIDEO Unknown (37158) type: 37158 flags: 8 size: 16124 dataOffset: 2
09-15 13:46:26.837 18485 18883 D OPENHU  : [80] Companion.decrypt | RECV: VIDEO Unknown (4443) type: 4443 flags: 8 size: 16124 dataOffset: 2
09-15 13:46:26.842 18485 18883 D OPENHU  : [80] Companion.decrypt | RECV: VIDEO Unknown (11008) type: 11008 flags: 8 size: 16124 dataOffset: 2
09-15 13:46:26.845 18485 18883 D OPENHU  : [80] Companion.decrypt | RECV: VIDEO Unknown (56996) type: 56996 flags: 8 size: 16124 dataOffset: 2
09-15 13:46:26.847 18485 18883 D OPENHU  : [80] Companion.decrypt | RECV: VIDEO Unknown (2842) type: 2842 flags: 8 size: 16124 dataOffset: 2
09-15 13:46:26.850 18485 18883 D OPENHU  : [80] Companion.decrypt | RECV: VIDEO Unknown (59199) type: 59199 flags: 10 size: 1730 dataOffset: 2
09-15 13:46:26.861 18485 18883 D OPENHU  : [80] Companion.decrypt | RECV: AUDIO Media Data type: 0 flags: 11 size: 8202 dataOffset: 2
09-15 13:46:26.897 18485 18883 D OPENHU  : [80] Companion.decrypt | RECV: AUDIO Media Data type: 0 flags: 11 size: 8202 dataOffset: 2
09-15 13:46:26.938 18485 18883 D OPENHU  : [80] Companion.decrypt | RECV: AUDIO Media Data type: 0 flags: 11 size: 8202 dataOffset: 2
09-15 13:46:26.979 18485 18883 D OPENHU  : [80] Companion.decrypt | RECV: AUDIO Media Data type: 0 flags: 11 size: 8202 dataOffset: 2
09-15 13:46:27.021 18485 18883 D OPENHU  : [80] Companion.decrypt | RECV: AUDIO Media Data type: 0 flags: 11 size: 8202 dataOffset: 2
09-15 13:46:27.025 18485 18485 V OPENHU  : [2] GpsLocation.onLocationChanged | GpsLocation: fix received
09-15 13:46:27.035 18485 18485 V OPENHU  : [2] AapTransport.send | SENSOR Sensor Event type: 32771 flags: 11 size: 46 dataOffset: 6
09-15 13:46:27.065 18485 18883 D OPENHU  : [80] Companion.decrypt | RECV: AUDIO Media Data type: 0 flags: 11 size: 8202 dataOffset: 2
09-15 13:46:27.108 18485 18883 D OPENHU  : [80] Companion.decrypt | RECV: AUDIO Media Data type: 0 flags: 11 size: 8202 dataOffset: 2
09-15 13:46:27.149 18485 18883 D OPENHU  : [80] Companion.decrypt | RECV: AUDIO Media Data type: 0 flags: 11 size: 8202 dataOffset: 2
09-15 13:46:27.191 18485 18883 D OPENHU  : [80] Companion.decrypt | RECV: AUDIO Media Data type: 0 flags: 11 size: 8202 dataOffset: 2
09-15 13:46:27.234 18485 18883 D OPENHU  : [80] Companion.decrypt | RECV: AUDIO Media Data type: 0 flags: 11 size: 8202 dataOffset: 2
09-15 13:46:27.277 18485 18883 D OPENHU  : [80] Companion.decrypt | RECV: AUDIO Media Data type: 0 flags: 11 size: 8202 dataOffset: 2
09-15 13:46:27.319 18485 18883 D OPENHU  : [80] Companion.decrypt | RECV: AUDIO Media Data type: 0 flags: 11 size: 8202 dataOffset: 2
09-15 13:46:27.364 18485 18883 D OPENHU  : [80] Companion.decrypt | RECV: AUDIO Media Data type: 0 flags: 11 size: 8202 dataOffset: 2
09-15 13:46:27.405 18485 18883 D OPENHU  : [80] Companion.decrypt | RECV: AUDIO Media Data type: 0 flags: 11 size: 8202 dataOffset: 2
09-15 13:46:27.448 18485 18883 D OPENHU  : [80] Companion.decrypt | RECV: AUDIO Media Data type: 0 flags: 11 size: 8202 dataOffset: 2
09-15 13:46:27.491 18485 18883 D OPENHU  : [80] Companion.decrypt | RECV: AUDIO Media Data type: 0 flags: 11 size: 8202 dataOffset: 2
09-15 13:46:27.537 18485 18883 D OPENHU  : [80] Companion.decrypt | RECV: AUDIO Media Data type: 0 flags: 11 size: 8202 dataOffset: 2
09-15 13:46:27.577 18485 18881 I OPENHU  : [78] VideoDecoder.logFeedPacing | Feed queue full - pacing the transport thread instead of shedding frames (+4 more since the last line)
09-15 13:46:27.578 18485 18883 D OPENHU  : [80] Companion.decrypt | RECV: AUDIO Media Data type: 0 flags: 11 size: 8202 dataOffset: 2
09-15 13:46:27.620 18485 18883 D OPENHU  : [80] Companion.decrypt | RECV: AUDIO Media Data type: 0 flags: 11 size: 8202 dataOffset: 2
09-15 13:46:27.662 18485 18883 D OPENHU  : [80] Companion.decrypt | RECV: AUDIO Media Data type: 0 flags: 11 size: 8202 dataOffset: 2
09-15 13:46:27.703 18485 18883 D OPENHU  : [80] Companion.decrypt | RECV: AUDIO Media Data type: 0 flags: 11 size: 8202 dataOffset: 2
09-15 13:46:27.713 18485 18883 D OPENHU  : [80] Companion.decrypt | RECV: CONTROL Ping Request type: 11 flags: 11 size: 12 dataOffset: 2
09-15 13:46:27.714 18485 18883 V OPENHU  : [80] AapTransport.send | CONTROL Ping Response type: 12 flags: 11 size: 14 dataOffset: 6
09-15 13:46:27.724 18485 18883 D OPENHU  : [80] Companion.decrypt | RECV: MUSIC_PLAYBACK Media Playback Status type: 32769 flags: 11 size: 17 dataOffset: 2
09-15 13:46:27.725 18485 18883 D OPENHU  : [80] AapMediaPlayback.processStatusPacket | AapMediaPlayback: status mediaSource='VLC', playbackSeconds(u32)=20, state=PLAYING
09-15 13:46:27.745 18485 18883 D OPENHU  : [80] Companion.decrypt | RECV: AUDIO Media Data type: 0 flags: 11 size: 8202 dataOffset: 2
09-15 13:46:27.790 18485 18883 D OPENHU  : [80] Companion.decrypt | RECV: AUDIO Media Data type: 0 flags: 11 size: 8202 dataOffset: 2
09-15 13:46:27.831 18485 18883 D OPENHU  : [80] Companion.decrypt | RECV: AUDIO Media Data type: 0 flags: 11 size: 8202 dataOffset: 2
09-15 13:46:27.875 18485 18883 D OPENHU  : [80] Companion.decrypt | RECV: AUDIO Media Data type: 0 flags: 11 size: 8202 dataOffset: 2
09-15 13:46:27.917 18485 18883 D OPENHU  : [80] Companion.decrypt | RECV: AUDIO Media Data type: 0 flags: 11 size: 8202 dataOffset: 2
09-15 13:46:27.960 18485 18883 D OPENHU  : [80] Companion.decrypt | RECV: AUDIO Media Data type: 0 flags: 11 size: 8202 dataOffset: 2
09-15 13:46:27.997 18485 18485 V OPENHU  : [2] GpsLocation.onLocationChanged | GpsLocation: fix received
09-15 13:46:28.002 18485 18883 D OPENHU  : [80] Companion.decrypt | RECV: AUDIO Media Data type: 0 flags: 11 size: 8202 dataOffset: 2
09-15 13:46:28.006 18485 18485 V OPENHU  : [2] AapTransport.send | SENSOR Sensor Event type: 32771 flags: 11 size: 46 dataOffset: 6
09-15 13:46:28.044 18485 18883 D OPENHU  : [80] Companion.decrypt | RECV: AUDIO Media Data type: 0 flags: 11 size: 8202 dataOffset: 2
09-15 13:46:28.089 18485 18883 D OPENHU  : [80] Companion.decrypt | RECV: AUDIO Media Data type: 0 flags: 11 size: 8202 dataOffset: 2
09-15 13:46:28.130 18485 18883 D OPENHU  : [80] Companion.decrypt | RECV: AUDIO Media Data type: 0 flags: 11 size: 8202 dataOffset: 2
09-15 13:46:28.176 18485 18883 D OPENHU  : [80] Companion.decrypt | RECV: AUDIO Media Data type: 0 flags: 11 size: 8202 dataOffset: 2
09-15 13:46:28.216 18485 18883 D OPENHU  : [80] Companion.decrypt | RECV: AUDIO Media Data type: 0 flags: 11 size: 8202 dataOffset: 2
09-15 13:46:28.259 18485 18883 D OPENHU  : [80] Companion.decrypt | RECV: AUDIO Media Data type: 0 flags: 11 size: 8202 dataOffset: 2
09-15 13:46:28.301 18485 18883 D OPENHU  : [80] Companion.decrypt | RECV: AUDIO Media Data type: 0 flags: 11 size: 8202 dataOffset: 2
09-15 13:46:28.345 18485 18883 D OPENHU  : [80] Companion.decrypt | RECV: AUDIO Media Data type: 0 flags: 11 size: 8202 dataOffset: 2
09-15 13:46:28.386 18485 18883 D OPENHU  : [80] Companion.decrypt | RECV: AUDIO Media Data type: 0 flags: 11 size: 8202 dataOffset: 2
09-15 13:46:28.414 18485 18485 I OPENHU  : [2] TextureProjectionView.onSurfaceTextureUpdated | TextureProjectionView: displayed 25 frames in 5070ms (4fps), longFrames=0
09-15 13:46:28.429 18485 18883 D OPENHU  : [80] Companion.decrypt | RECV: AUDIO Media Data type: 0 flags: 11 size: 8202 dataOffset: 2
09-15 13:46:28.472 18485 18883 D OPENHU  : [80] Companion.decrypt | RECV: AUDIO Media Data type: 0 flags: 11 size: 8202 dataOffset: 2
09-15 13:46:28.515 18485 18883 D OPENHU  : [80] Companion.decrypt | RECV: AUDIO Media Data type: 0 flags: 11 size: 8202 dataOffset: 2
09-15 13:46:28.556 18485 18883 D OPENHU  : [80] Companion.decrypt | RECV: AUDIO Media Data type: 0 flags: 11 size: 8202 dataOffset: 2
09-15 13:46:28.588 18485 18881 I OPENHU  : [78] VideoDecoder.logFeedPacing | Feed queue full - pacing the transport thread instead of shedding frames (+4 more since the last line)
09-15 13:46:28.600 18485 18883 D OPENHU  : [80] Companion.decrypt | RECV: AUDIO Media Data type: 0 flags: 11 size: 8202 dataOffset: 2
09-15 13:46:28.640 18485 18883 D OPENHU  : [80] Companion.decrypt | RECV: AUDIO Media Data type: 0 flags: 11 size: 8202 dataOffset: 2
09-15 13:46:28.687 18485 18883 D OPENHU  : [80] Companion.decrypt | RECV: AUDIO Media Data type: 0 flags: 11 size: 8202 dataOffset: 2
09-15 13:46:28.714 18485 18883 D OPENHU  : [80] Companion.decrypt | RECV: CONTROL Ping Request type: 11 flags: 11 size: 12 dataOffset: 2
09-15 13:46:28.715 18485 18883 V OPENHU  : [80] AapTransport.send | CONTROL Ping Response type: 12 flags: 11 size: 14 dataOffset: 6
09-15 13:46:28.724 18485 18883 D OPENHU  : [80] Companion.decrypt | RECV: MUSIC_PLAYBACK Media Playback Status type: 32769 flags: 11 size: 17 dataOffset: 2
09-15 13:46:28.725 18485 18883 D OPENHU  : [80] AapMediaPlayback.processStatusPacket | AapMediaPlayback: status mediaSource='VLC', playbackSeconds(u32)=21, state=PLAYING
09-15 13:46:28.728 18485 18883 D OPENHU  : [80] Companion.decrypt | RECV: AUDIO Media Data type: 0 flags: 11 size: 8202 dataOffset: 2
09-15 13:46:28.771 18485 18883 D OPENHU  : [80] Companion.decrypt | RECV: AUDIO Media Data type: 0 flags: 11 size: 8202 dataOffset: 2
09-15 13:46:28.818 18485 18883 D OPENHU  : [80] Companion.decrypt | RECV: AUDIO Media Data type: 0 flags: 11 size: 8202 dataOffset: 2
09-15 13:46:28.855 18485 18883 D OPENHU  : [80] Companion.decrypt | RECV: AUDIO Media Data type: 0 flags: 11 size: 8202 dataOffset: 2
09-15 13:46:28.899 18485 18883 D OPENHU  : [80] Companion.decrypt | RECV: AUDIO Media Data type: 0 flags: 11 size: 8202 dataOffset: 2
09-15 13:46:28.941 18485 18883 D OPENHU  : [80] Companion.decrypt | RECV: AUDIO Media Data type: 0 flags: 11 size: 8202 dataOffset: 2
09-15 13:46:28.985 18485 18883 D OPENHU  : [80] Companion.decrypt | RECV: AUDIO Media Data type: 0 flags: 11 size: 8202 dataOffset: 2
09-15 13:46:29.025 18485 18485 V OPENHU  : [2] GpsLocation.onLocationChanged | GpsLocation: fix received
09-15 13:46:29.027 18485 18883 D OPENHU  : [80] Companion.decrypt | RECV: AUDIO Media Data type: 0 flags: 11 size: 8202 dataOffset: 2
09-15 13:46:29.035 18485 18485 V OPENHU  : [2] AapTransport.send | SENSOR Sensor Event type: 32771 flags: 11 size: 46 dataOffset: 6
09-15 13:46:29.069 18485 18883 D OPENHU  : [80] Companion.decrypt | RECV: AUDIO Media Data type: 0 flags: 11 size: 8202 dataOffset: 2
09-15 13:46:29.112 18485 18883 D OPENHU  : [80] Companion.decrypt | RECV: AUDIO Media Data type: 0 flags: 11 size: 8202 dataOffset: 2
09-15 13:46:29.153 18485 18883 D OPENHU  : [80] Companion.decrypt | RECV: AUDIO Media Data type: 0 flags: 11 size: 8202 dataOffset: 2
09-15 13:46:29.196 18485 18883 D OPENHU  : [80] Companion.decrypt | RECV: AUDIO Media Data type: 0 flags: 11 size: 8202 dataOffset: 2
09-15 13:46:29.240 18485 18883 D OPENHU  : [80] Companion.decrypt | RECV: AUDIO Media Data type: 0 flags: 11 size: 8202 dataOffset: 2
09-15 13:46:29.282 18485 18883 D OPENHU  : [80] Companion.decrypt | RECV: AUDIO Media Data type: 0 flags: 11 size: 8202 dataOffset: 2
09-15 13:46:29.326 18485 18883 D OPENHU  : [80] Companion.decrypt | RECV: AUDIO Media Data type: 0 flags: 11 size: 8202 dataOffset: 2
09-15 13:46:29.373 18485 18883 D OPENHU  : [80] Companion.decrypt | RECV: AUDIO Media Data type: 0 flags: 11 size: 8202 dataOffset: 2
09-15 13:46:29.413 18485 18883 D OPENHU  : [80] Companion.decrypt | RECV: AUDIO Media Data type: 0 flags: 11 size: 8202 dataOffset: 2
09-15 13:46:29.455 18485 18883 D OPENHU  : [80] Companion.decrypt | RECV: AUDIO Media Data type: 0 flags: 11 size: 8202 dataOffset: 2
09-15 13:46:29.497 18485 18883 D OPENHU  : [80] Companion.decrypt | RECV: AUDIO Media Data type: 0 flags: 11 size: 8202 dataOffset: 2
09-15 13:46:29.538 18485 18883 D OPENHU  : [80] Companion.decrypt | RECV: AUDIO Media Data type: 0 flags: 11 size: 8202 dataOffset: 2
09-15 13:46:29.583 18485 18883 D OPENHU  : [80] Companion.decrypt | RECV: AUDIO Media Data type: 0 flags: 11 size: 8202 dataOffset: 2
09-15 13:46:29.604 18485 18881 I OPENHU  : [78] VideoDecoder.logFeedPacing | Feed queue full - pacing the transport thread instead of shedding frames (+4 more since the last line)
09-15 13:46:29.624 18485 18883 D OPENHU  : [80] Companion.decrypt | RECV: AUDIO Media Data type: 0 flags: 11 size: 8202 dataOffset: 2
09-15 13:46:29.668 18485 18883 D OPENHU  : [80] Companion.decrypt | RECV: AUDIO Media Data type: 0 flags: 11 size: 8202 dataOffset: 2
09-15 13:46:29.709 18485 18883 D OPENHU  : [80] Companion.decrypt | RECV: AUDIO Media Data type: 0 flags: 11 size: 8202 dataOffset: 2
09-15 13:46:29.715 18485 18883 D OPENHU  : [80] Companion.decrypt | RECV: CONTROL Ping Request type: 11 flags: 11 size: 12 dataOffset: 2
09-15 13:46:29.716 18485 18883 V OPENHU  : [80] AapTransport.send | CONTROL Ping Response type: 12 flags: 11 size: 14 dataOffset: 6
09-15 13:46:29.724 18485 18883 D OPENHU  : [80] Companion.decrypt | RECV: MUSIC_PLAYBACK Media Playback Status type: 32769 flags: 11 size: 17 dataOffset: 2
09-15 13:46:29.725 18485 18883 D OPENHU  : [80] AapMediaPlayback.processStatusPacket | AapMediaPlayback: status mediaSource='VLC', playbackSeconds(u32)=22, state=PLAYING
09-15 13:46:29.751 18485 18883 D OPENHU  : [80] Companion.decrypt | RECV: AUDIO Media Data type: 0 flags: 11 size: 8202 dataOffset: 2
09-15 13:46:29.794 18485 18883 D OPENHU  : [80] Companion.decrypt | RECV: AUDIO Media Data type: 0 flags: 11 size: 8202 dataOffset: 2
09-15 13:46:29.837 18485 18883 D OPENHU  : [80] Companion.decrypt | RECV: AUDIO Media Data type: 0 flags: 11 size: 8202 dataOffset: 2
09-15 13:46:29.885 18485 18883 D OPENHU  : [80] Companion.decrypt | RECV: AUDIO Media Data type: 0 flags: 11 size: 8202 dataOffset: 2
09-15 13:46:29.923 18485 18883 D OPENHU  : [80] Companion.decrypt | RECV: AUDIO Media Data type: 0 flags: 11 size: 8202 dataOffset: 2
09-15 13:46:29.966 18485 18883 D OPENHU  : [80] Companion.decrypt | RECV: AUDIO Media Data type: 0 flags: 11 size: 8202 dataOffset: 2
09-15 13:46:29.997 18485 18485 V OPENHU  : [2] GpsLocation.onLocationChanged | GpsLocation: fix received
09-15 13:46:30.003 18485 18485 V OPENHU  : [2] AapTransport.send | SENSOR Sensor Event type: 32771 flags: 11 size: 46 dataOffset: 6
09-15 13:46:30.008 18485 18883 D OPENHU  : [80] Companion.decrypt | RECV: AUDIO Media Data type: 0 flags: 11 size: 8202 dataOffset: 2
09-15 13:46:30.052 18485 18883 D OPENHU  : [80] Companion.decrypt | RECV: AUDIO Media Data type: 0 flags: 11 size: 8202 dataOffset: 2
09-15 13:46:30.093 18485 18883 D OPENHU  : [80] Companion.decrypt | RECV: AUDIO Media Data type: 0 flags: 11 size: 8202 dataOffset: 2
09-15 13:46:30.137 18485 18883 D OPENHU  : [80] Companion.decrypt | RECV: AUDIO Media Data type: 0 flags: 11 size: 8202 dataOffset: 2
09-15 13:46:30.178 18485 18883 D OPENHU  : [80] Companion.decrypt | RECV: AUDIO Media Data type: 0 flags: 11 size: 8202 dataOffset: 2
09-15 13:46:30.220 18485 18883 D OPENHU  : [80] Companion.decrypt | RECV: AUDIO Media Data type: 0 flags: 11 size: 8202 dataOffset: 2
09-15 13:46:30.265 18485 18883 D OPENHU  : [80] Companion.decrypt | RECV: AUDIO Media Data type: 0 flags: 11 size: 8202 dataOffset: 2
09-15 13:46:30.306 18485 18883 D OPENHU  : [80] Companion.decrypt | RECV: AUDIO Media Data type: 0 flags: 11 size: 8202 dataOffset: 2
09-15 13:46:30.350 18485 18883 D OPENHU  : [80] Companion.decrypt | RECV: AUDIO Media Data type: 0 flags: 11 size: 8202 dataOffset: 2
09-15 13:46:30.390 18485 18883 D OPENHU  : [80] Companion.decrypt | RECV: AUDIO Media Data type: 0 flags: 11 size: 8202 dataOffset: 2
09-15 13:46:30.433 18485 18883 D OPENHU  : [80] Companion.decrypt | RECV: AUDIO Media Data type: 0 flags: 11 size: 8202 dataOffset: 2
09-15 13:46:30.475 18485 18883 D OPENHU  : [80] Companion.decrypt | RECV: AUDIO Media Data type: 0 flags: 11 size: 8202 dataOffset: 2
09-15 13:46:30.520 18485 18883 D OPENHU  : [80] Companion.decrypt | RECV: AUDIO Media Data type: 0 flags: 11 size: 8202 dataOffset: 2
09-15 13:46:30.563 18485 18883 D OPENHU  : [80] Companion.decrypt | RECV: AUDIO Media Data type: 0 flags: 11 size: 8202 dataOffset: 2
09-15 13:46:30.605 18485 18883 D OPENHU  : [80] Companion.decrypt | RECV: AUDIO Media Data type: 0 flags: 11 size: 8202 dataOffset: 2
09-15 13:46:30.625 18485 18881 I OPENHU  : [78] VideoDecoder.logFeedPacing | Feed queue full - pacing the transport thread instead of shedding frames (+4 more since the last line)
09-15 13:46:30.650 18485 18883 D OPENHU  : [80] Companion.decrypt | RECV: AUDIO Media Data type: 0 flags: 11 size: 8202 dataOffset: 2
09-15 13:46:30.691 18485 18883 D OPENHU  : [80] Companion.decrypt | RECV: AUDIO Media Data type: 0 flags: 11 size: 8202 dataOffset: 2
09-15 13:46:30.717 18485 18883 D OPENHU  : [80] Companion.decrypt | RECV: CONTROL Ping Request type: 11 flags: 11 size: 12 dataOffset: 2
09-15 13:46:30.718 18485 18883 V OPENHU  : [80] AapTransport.send | CONTROL Ping Response type: 12 flags: 11 size: 14 dataOffset: 6
09-15 13:46:30.734 18485 18883 D OPENHU  : [80] Companion.decrypt | RECV: MUSIC_PLAYBACK Media Playback Status type: 32769 flags: 11 size: 17 dataOffset: 2
09-15 13:46:30.735 18485 18883 D OPENHU  : [80] AapMediaPlayback.processStatusPacket | AapMediaPlayback: status mediaSource='VLC', playbackSeconds(u32)=23, state=PLAYING
09-15 13:46:30.737 18485 18883 D OPENHU  : [80] Companion.decrypt | RECV: AUDIO Media Data type: 0 flags: 11 size: 8202 dataOffset: 2
09-15 13:46:30.778 18485 18883 D OPENHU  : [80] Companion.decrypt | RECV: AUDIO Media Data type: 0 flags: 11 size: 8202 dataOffset: 2
09-15 13:46:30.822 18485 18883 D OPENHU  : [80] Companion.decrypt | RECV: AUDIO Media Data type: 0 flags: 11 size: 8202 dataOffset: 2
09-15 13:46:30.863 18485 18883 D OPENHU  : [80] Companion.decrypt | RECV: AUDIO Media Data type: 0 flags: 11 size: 8202 dataOffset: 2
09-15 13:46:30.905 18485 18883 D OPENHU  : [80] Companion.decrypt | RECV: AUDIO Media Data type: 0 flags: 11 size: 8202 dataOffset: 2
09-15 13:46:30.948 18485 18883 D OPENHU  : [80] Companion.decrypt | RECV: AUDIO Media Data type: 0 flags: 11 size: 8202 dataOffset: 2
09-15 13:46:30.989 18485 18883 D OPENHU  : [80] Companion.decrypt | RECV: AUDIO Media Data type: 0 flags: 11 size: 8202 dataOffset: 2
09-15 13:46:31.022 18485 18485 V OPENHU  : [2] GpsLocation.onLocationChanged | GpsLocation: fix received
09-15 13:46:31.028 18485 18485 V OPENHU  : [2] AapTransport.send | SENSOR Sensor Event type: 32771 flags: 11 size: 46 dataOffset: 6
09-15 13:46:31.033 18485 18883 D OPENHU  : [80] Companion.decrypt | RECV: AUDIO Media Data type: 0 flags: 11 size: 8202 dataOffset: 2
09-15 13:46:31.075 18485 18883 D OPENHU  : [80] Companion.decrypt | RECV: AUDIO Media Data type: 0 flags: 11 size: 8202 dataOffset: 2
09-15 13:46:31.123 18485 18883 D OPENHU  : [80] Companion.decrypt | RECV: AUDIO Media Data type: 0 flags: 11 size: 8202 dataOffset: 2
09-15 13:46:31.159 18485 18883 D OPENHU  : [80] Companion.decrypt | RECV: AUDIO Media Data type: 0 flags: 11 size: 8202 dataOffset: 2
09-15 13:46:31.204 18485 18883 D OPENHU  : [80] Companion.decrypt | RECV: AUDIO Media Data type: 0 flags: 11 size: 8202 dataOffset: 2
09-15 13:46:31.248 18485 18883 D OPENHU  : [80] Companion.decrypt | RECV: AUDIO Media Data type: 0 flags: 11 size: 8202 dataOffset: 2
09-15 13:46:31.288 18485 18883 D OPENHU  : [80] Companion.decrypt | RECV: AUDIO Media Data type: 0 flags: 11 size: 8202 dataOffset: 2
09-15 13:46:31.331 18485 18883 D OPENHU  : [80] Companion.decrypt | RECV: AUDIO Media Data type: 0 flags: 11 size: 8202 dataOffset: 2
09-15 13:46:31.373 18485 18883 D OPENHU  : [80] Companion.decrypt | RECV: AUDIO Media Data type: 0 flags: 11 size: 8202 dataOffset: 2
09-15 13:46:31.416 18485 18883 D OPENHU  : [80] Companion.decrypt | RECV: AUDIO Media Data type: 0 flags: 11 size: 8202 dataOffset: 2
09-15 13:46:31.459 18485 18883 D OPENHU  : [80] Companion.decrypt | RECV: AUDIO Media Data type: 0 flags: 11 size: 8202 dataOffset: 2
09-15 13:46:31.501 18485 18883 D OPENHU  : [80] Companion.decrypt | RECV: AUDIO Media Data type: 0 flags: 11 size: 8202 dataOffset: 2
09-15 13:46:31.546 18485 18883 D OPENHU  : [80] Companion.decrypt | RECV: AUDIO Media Data type: 0 flags: 11 size: 8202 dataOffset: 2
09-15 13:46:31.555 18485 18907 I OPENHU  : [89] VideoDecoder.logThroughput | Throughput over 5007ms: rendered=25 (4fps), fed=25 (4fps), dropped=0, skipped=0, concealed=0, inputWait=10ms, enqueueWait=5054ms, codec=c2.unisoc.avc.decoder, presented=25 (4fps), decodeLatency=unreadable (25 frames)
09-15 13:46:31.588 18485 18883 D OPENHU  : [80] Companion.decrypt | RECV: AUDIO Media Data type: 0 flags: 11 size: 8202 dataOffset: 2
09-15 13:46:31.630 18485 18883 D OPENHU  : [80] Companion.decrypt | RECV: AUDIO Media Data type: 0 flags: 11 size: 8202 dataOffset: 2
09-15 13:46:31.642 18485 18881 I OPENHU  : [78] VideoDecoder.logFeedPacing | Feed queue full - pacing the transport thread instead of shedding frames (+4 more since the last line)
09-15 13:46:31.673 18485 18883 D OPENHU  : [80] Companion.decrypt | RECV: AUDIO Media Data type: 0 flags: 11 size: 8202 dataOffset: 2
09-15 13:46:31.717 18485 18883 D OPENHU  : [80] Companion.decrypt | RECV: AUDIO Media Data type: 0 flags: 11 size: 8202 dataOffset: 2
09-15 13:46:31.722 18485 18883 D OPENHU  : [80] Companion.decrypt | RECV: CONTROL Ping Request type: 11 flags: 11 size: 12 dataOffset: 2
09-15 13:46:31.724 18485 18883 V OPENHU  : [80] AapTransport.send | CONTROL Ping Response type: 12 flags: 11 size: 14 dataOffset: 6
09-15 13:46:31.732 18485 18883 D OPENHU  : [80] Companion.decrypt | RECV: MUSIC_PLAYBACK Media Playback Status type: 32769 flags: 11 size: 17 dataOffset: 2
09-15 13:46:31.733 18485 18883 D OPENHU  : [80] AapMediaPlayback.processStatusPacket | AapMediaPlayback: status mediaSource='VLC', playbackSeconds(u32)=24, state=PLAYING
09-15 13:46:31.758 18485 18883 D OPENHU  : [80] Companion.decrypt | RECV: AUDIO Media Data type: 0 flags: 11 size: 8202 dataOffset: 2
09-15 13:46:31.801 18485 18883 D OPENHU  : [80] Companion.decrypt | RECV: AUDIO Media Data type: 0 flags: 11 size: 8202 dataOffset: 2
09-15 13:46:31.842 18485 18883 D OPENHU  : [80] Companion.decrypt | RECV: AUDIO Media Data type: 0 flags: 11 size: 8202 dataOffset: 2
09-15 13:46:31.885 18485 18883 D OPENHU  : [80] Companion.decrypt | RECV: AUDIO Media Data type: 0 flags: 11 size: 8202 dataOffset: 2
09-15 13:46:31.929 18485 18883 D OPENHU  : [80] Companion.decrypt | RECV: AUDIO Media Data type: 0 flags: 11 size: 8202 dataOffset: 2
09-15 13:46:31.971 18485 18883 D OPENHU  : [80] Companion.decrypt | RECV: AUDIO Media Data type: 0 flags: 11 size: 8202 dataOffset: 2
09-15 13:46:31.995 18485 18485 V OPENHU  : [2] GpsLocation.onLocationChanged | GpsLocation: fix received
09-15 13:46:32.003 18485 18485 V OPENHU  : [2] AapTransport.send | SENSOR Sensor Event type: 32771 flags: 11 size: 46 dataOffset: 6
09-15 13:46:32.014 18485 18883 D OPENHU  : [80] Companion.decrypt | RECV: AUDIO Media Data type: 0 flags: 11 size: 8202 dataOffset: 2
09-15 13:46:32.058 18485 18883 D OPENHU  : [80] Companion.decrypt | RECV: AUDIO Media Data type: 0 flags: 11 size: 8202 dataOffset: 2
09-15 13:46:32.100 18485 18883 D OPENHU  : [80] Companion.decrypt | RECV: AUDIO Media Data type: 0 flags: 11 size: 8202 dataOffset: 2
09-15 13:46:32.143 18485 18883 D OPENHU  : [80] Companion.decrypt | RECV: AUDIO Media Data type: 0 flags: 11 size: 8202 dataOffset: 2
09-15 13:46:32.186 18485 18883 D OPENHU  : [80] Companion.decrypt | RECV: AUDIO Media Data type: 0 flags: 11 size: 8202 dataOffset: 2
09-15 13:46:32.228 18485 18883 D OPENHU  : [80] Companion.decrypt | RECV: AUDIO Media Data type: 0 flags: 11 size: 8202 dataOffset: 2
09-15 13:46:32.272 18485 18883 D OPENHU  : [80] Companion.decrypt | RECV: AUDIO Media Data type: 0 flags: 11 size: 8202 dataOffset: 2
09-15 13:46:32.315 18485 18883 D OPENHU  : [80] Companion.decrypt | RECV: AUDIO Media Data type: 0 flags: 11 size: 8202 dataOffset: 2
09-15 13:46:32.354 18485 18883 D OPENHU  : [80] Companion.decrypt | RECV: AUDIO Media Data type: 0 flags: 11 size: 8202 dataOffset: 2
09-15 13:46:32.398 18485 18883 D OPENHU  : [80] Companion.decrypt | RECV: AUDIO Media Data type: 0 flags: 11 size: 8202 dataOffset: 2
09-15 13:46:32.440 18485 18883 D OPENHU  : [80] Companion.decrypt | RECV: AUDIO Media Data type: 0 flags: 11 size: 8202 dataOffset: 2
09-15 13:46:32.482 18485 18883 D OPENHU  : [80] Companion.decrypt | RECV: AUDIO Media Data type: 0 flags: 11 size: 8202 dataOffset: 2
09-15 13:46:32.526 18485 18883 D OPENHU  : [80] Companion.decrypt | RECV: AUDIO Media Data type: 0 flags: 11 size: 8202 dataOffset: 2
09-15 13:46:32.568 18485 18883 D OPENHU  : [80] Companion.decrypt | RECV: AUDIO Media Data type: 0 flags: 11 size: 8202 dataOffset: 2
09-15 13:46:32.612 18485 18883 D OPENHU  : [80] Companion.decrypt | RECV: AUDIO Media Data type: 0 flags: 11 size: 8202 dataOffset: 2
09-15 13:46:32.655 18485 18883 D OPENHU  : [80] Companion.decrypt | RECV: AUDIO Media Data type: 0 flags: 11 size: 8202 dataOffset: 2
09-15 13:46:32.660 18485 18881 I OPENHU  : [78] VideoDecoder.logFeedPacing | Feed queue full - pacing the transport thread instead of shedding frames (+4 more since the last line)
09-15 13:46:32.699 18485 18883 D OPENHU  : [80] Companion.decrypt | RECV: AUDIO Media Data type: 0 flags: 11 size: 8202 dataOffset: 2
09-15 13:46:32.719 18485 18883 D OPENHU  : [80] Companion.decrypt | RECV: CONTROL Ping Request type: 11 flags: 11 size: 12 dataOffset: 2
09-15 13:46:32.720 18485 18883 V OPENHU  : [80] AapTransport.send | CONTROL Ping Response type: 12 flags: 11 size: 14 dataOffset: 6
09-15 13:46:32.735 18485 18883 D OPENHU  : [80] Companion.decrypt | RECV: MUSIC_PLAYBACK Media Playback Status type: 32769 flags: 11 size: 17 dataOffset: 2
09-15 13:46:32.737 18485 18883 D OPENHU  : [80] AapMediaPlayback.processStatusPacket | AapMediaPlayback: status mediaSource='VLC', playbackSeconds(u32)=25, state=PLAYING
09-15 13:46:32.741 18485 18883 D OPENHU  : [80] Companion.decrypt | RECV: AUDIO Media Data type: 0 flags: 11 size: 8202 dataOffset: 2
09-15 13:46:32.780 18485 18883 D OPENHU  : [80] Companion.decrypt | RECV: AUDIO Media Data type: 0 flags: 11 size: 8202 dataOffset: 2
09-15 13:46:32.823 18485 18883 D OPENHU  : [80] Companion.decrypt | RECV: AUDIO Media Data type: 0 flags: 11 size: 8202 dataOffset: 2
09-15 13:46:32.866 18485 18883 D OPENHU  : [80] Companion.decrypt | RECV: AUDIO Media Data type: 0 flags: 11 size: 8202 dataOffset: 2
09-15 13:46:32.909 18485 18883 D OPENHU  : [80] Companion.decrypt | RECV: AUDIO Media Data type: 0 flags: 11 size: 8202 dataOffset: 2
09-15 13:46:32.951 18485 18883 D OPENHU  : [80] Companion.decrypt | RECV: AUDIO Media Data type: 0 flags: 11 size: 8202 dataOffset: 2
09-15 13:46:32.995 18485 18883 D OPENHU  : [80] Companion.decrypt | RECV: AUDIO Media Data type: 0 flags: 11 size: 8202 dataOffset: 2
09-15 13:46:33.019 18485 18485 V OPENHU  : [2] GpsLocation.onLocationChanged | GpsLocation: fix received
09-15 13:46:33.025 18485 18485 V OPENHU  : [2] AapTransport.send | SENSOR Sensor Event type: 32771 flags: 11 size: 46 dataOffset: 6
09-15 13:46:33.036 18485 18883 D OPENHU  : [80] Companion.decrypt | RECV: AUDIO Media Data type: 0 flags: 11 size: 8202 dataOffset: 2
09-15 13:46:33.081 18485 18883 D OPENHU  : [80] Companion.decrypt | RECV: AUDIO Media Data type: 0 flags: 11 size: 8202 dataOffset: 2
09-15 13:46:33.124 18485 18883 D OPENHU  : [80] Companion.decrypt | RECV: AUDIO Media Data type: 0 flags: 11 size: 8202 dataOffset: 2
09-15 13:46:33.166 18485 18883 D OPENHU  : [80] Companion.decrypt | RECV: AUDIO Media Data type: 0 flags: 11 size: 8202 dataOffset: 2
09-15 13:46:33.211 18485 18883 D OPENHU  : [80] Companion.decrypt | RECV: AUDIO Media Data type: 0 flags: 11 size: 8202 dataOffset: 2
09-15 13:46:33.253 18485 18883 D OPENHU  : [80] Companion.decrypt | RECV: AUDIO Media Data type: 0 flags: 11 size: 8202 dataOffset: 2
09-15 13:46:33.295 18485 18883 D OPENHU  : [80] Companion.decrypt | RECV: AUDIO Media Data type: 0 flags: 11 size: 8202 dataOffset: 2
09-15 13:46:33.337 18485 18883 D OPENHU  : [80] Companion.decrypt | RECV: AUDIO Media Data type: 0 flags: 11 size: 8202 dataOffset: 2
09-15 13:46:33.378 18485 18883 D OPENHU  : [80] Companion.decrypt | RECV: AUDIO Media Data type: 0 flags: 11 size: 8202 dataOffset: 2
09-15 13:46:33.421 18485 18883 D OPENHU  : [80] Companion.decrypt | RECV: AUDIO Media Data type: 0 flags: 11 size: 8202 dataOffset: 2
09-15 13:46:33.463 18485 18883 D OPENHU  : [80] Companion.decrypt | RECV: AUDIO Media Data type: 0 flags: 11 size: 8202 dataOffset: 2
09-15 13:46:33.484 18485 18485 I OPENHU  : [2] TextureProjectionView.onSurfaceTextureUpdated | TextureProjectionView: displayed 25 frames in 5070ms (4fps), longFrames=0
09-15 13:46:33.506 18485 18883 D OPENHU  : [80] Companion.decrypt | RECV: AUDIO Media Data type: 0 flags: 11 size: 8202 dataOffset: 2
09-15 13:46:33.552 18485 18883 D OPENHU  : [80] Companion.decrypt | RECV: AUDIO Media Data type: 0 flags: 11 size: 8202 dataOffset: 2
09-15 13:46:33.591 18485 18883 D OPENHU  : [80] Companion.decrypt | RECV: AUDIO Media Data type: 0 flags: 11 size: 8202 dataOffset: 2
09-15 13:46:33.634 18485 18883 D OPENHU  : [80] Companion.decrypt | RECV: AUDIO Media Data type: 0 flags: 11 size: 8202 dataOffset: 2
09-15 13:46:33.673 18485 18881 I OPENHU  : [78] VideoDecoder.logFeedPacing | Feed queue full - pacing the transport thread instead of shedding frames (+4 more since the last line)
09-15 13:46:33.676 18485 18883 D OPENHU  : [80] Companion.decrypt | RECV: AUDIO Media Data type: 0 flags: 11 size: 8202 dataOffset: 2
09-15 13:46:33.718 18485 18883 D OPENHU  : [80] Companion.decrypt | RECV: CONTROL Ping Request type: 11 flags: 11 size: 12 dataOffset: 2
09-15 13:46:33.719 18485 18883 V OPENHU  : [80] AapTransport.send | CONTROL Ping Response type: 12 flags: 11 size: 14 dataOffset: 6
09-15 13:46:33.721 18485 18883 D OPENHU  : [80] Companion.decrypt | RECV: AUDIO Media Data type: 0 flags: 11 size: 8202 dataOffset: 2
09-15 13:46:33.737 18485 18883 D OPENHU  : [80] Companion.decrypt | RECV: MUSIC_PLAYBACK Media Playback Status type: 32769 flags: 11 size: 17 dataOffset: 2
09-15 13:46:33.738 18485 18883 D OPENHU  : [80] AapMediaPlayback.processStatusPacket | AapMediaPlayback: status mediaSource='VLC', playbackSeconds(u32)=26, state=PLAYING
09-15 13:46:33.762 18485 18883 D OPENHU  : [80] Companion.decrypt | RECV: AUDIO Media Data type: 0 flags: 11 size: 8202 dataOffset: 2
09-15 13:46:33.806 18485 18883 D OPENHU  : [80] Companion.decrypt | RECV: AUDIO Media Data type: 0 flags: 11 size: 8202 dataOffset: 2
09-15 13:46:33.849 18485 18883 D OPENHU  : [80] Companion.decrypt | RECV: AUDIO Media Data type: 0 flags: 11 size: 8202 dataOffset: 2
09-15 13:46:33.891 18485 18883 D OPENHU  : [80] Companion.decrypt | RECV: AUDIO Media Data type: 0 flags: 11 size: 8202 dataOffset: 2
09-15 13:46:33.933 18485 18883 D OPENHU  : [80] Companion.decrypt | RECV: AUDIO Media Data type: 0 flags: 11 size: 8202 dataOffset: 2
09-15 13:46:33.975 18485 18883 D OPENHU  : [80] Companion.decrypt | RECV: AUDIO Media Data type: 0 flags: 11 size: 8202 dataOffset: 2
09-15 13:46:33.995 18485 18485 V OPENHU  : [2] GpsLocation.onLocationChanged | GpsLocation: fix received
09-15 13:46:34.002 18485 18485 V OPENHU  : [2] AapTransport.send | SENSOR Sensor Event type: 32771 flags: 11 size: 46 dataOffset: 6
09-15 13:46:34.019 18485 18883 D OPENHU  : [80] Companion.decrypt | RECV: AUDIO Media Data type: 0 flags: 11 size: 8202 dataOffset: 2
09-15 13:46:34.062 18485 18883 D OPENHU  : [80] Companion.decrypt | RECV: AUDIO Media Data type: 0 flags: 11 size: 8202 dataOffset: 2
09-15 13:46:34.104 18485 18883 D OPENHU  : [80] Companion.decrypt | RECV: AUDIO Media Data type: 0 flags: 11 size: 8202 dataOffset: 2
09-15 13:46:34.147 18485 18883 D OPENHU  : [80] Companion.decrypt | RECV: AUDIO Media Data type: 0 flags: 11 size: 8202 dataOffset: 2
09-15 13:46:34.189 18485 18883 D OPENHU  : [80] Companion.decrypt | RECV: AUDIO Media Data type: 0 flags: 11 size: 8202 dataOffset: 2
09-15 13:46:34.231 18485 18883 D OPENHU  : [80] Companion.decrypt | RECV: AUDIO Media Data type: 0 flags: 11 size: 8202 dataOffset: 2
09-15 13:46:34.275 18485 18883 D OPENHU  : [80] Companion.decrypt | RECV: AUDIO Media Data type: 0 flags: 11 size: 8202 dataOffset: 2
09-15 13:46:34.317 18485 18883 D OPENHU  : [80] Companion.decrypt | RECV: AUDIO Media Data type: 0 flags: 11 size: 8202 dataOffset: 2
09-15 13:46:34.359 18485 18883 D OPENHU  : [80] Companion.decrypt | RECV: AUDIO Media Data type: 0 flags: 11 size: 8202 dataOffset: 2
09-15 13:46:34.402 18485 18883 D OPENHU  : [80] Companion.decrypt | RECV: AUDIO Media Data type: 0 flags: 11 size: 8202 dataOffset: 2
09-15 13:46:34.445 18485 18883 D OPENHU  : [80] Companion.decrypt | RECV: AUDIO Media Data type: 0 flags: 11 size: 8202 dataOffset: 2
09-15 13:46:34.488 18485 18883 D OPENHU  : [80] Companion.decrypt | RECV: AUDIO Media Data type: 0 flags: 11 size: 8202 dataOffset: 2
09-15 13:46:34.530 18485 18883 D OPENHU  : [80] Companion.decrypt | RECV: AUDIO Media Data type: 0 flags: 11 size: 8202 dataOffset: 2
09-15 13:46:34.573 18485 18883 D OPENHU  : [80] Companion.decrypt | RECV: AUDIO Media Data type: 0 flags: 11 size: 8202 dataOffset: 2
09-15 13:46:34.618 18485 18883 D OPENHU  : [80] Companion.decrypt | RECV: AUDIO Media Data type: 0 flags: 11 size: 8202 dataOffset: 2
09-15 13:46:34.659 18485 18883 D OPENHU  : [80] Companion.decrypt | RECV: AUDIO Media Data type: 0 flags: 11 size: 8202 dataOffset: 2
09-15 13:46:34.686 18485 18881 I OPENHU  : [78] VideoDecoder.logFeedPacing | Feed queue full - pacing the transport thread instead of shedding frames (+4 more since the last line)
09-15 13:46:34.701 18485 18883 D OPENHU  : [80] Companion.decrypt | RECV: AUDIO Media Data type: 0 flags: 11 size: 8202 dataOffset: 2
09-15 13:46:34.718 18485 18883 D OPENHU  : [80] Companion.decrypt | RECV: CONTROL Ping Request type: 11 flags: 11 size: 12 dataOffset: 2
09-15 13:46:34.719 18485 18883 V OPENHU  : [80] AapTransport.send | CONTROL Ping Response type: 12 flags: 11 size: 14 dataOffset: 6
09-15 13:46:34.740 18485 18883 D OPENHU  : [80] Companion.decrypt | RECV: MUSIC_PLAYBACK Media Playback Status type: 32769 flags: 11 size: 17 dataOffset: 2
09-15 13:46:34.741 18485 18883 D OPENHU  : [80] AapMediaPlayback.processStatusPacket | AapMediaPlayback: status mediaSource='VLC', playbackSeconds(u32)=27, state=PLAYING
09-15 13:46:34.743 18485 18883 D OPENHU  : [80] Companion.decrypt | RECV: AUDIO Media Data type: 0 flags: 11 size: 8202 dataOffset: 2
09-15 13:46:34.787 18485 18883 D OPENHU  : [80] Companion.decrypt | RECV: AUDIO Media Data type: 0 flags: 11 size: 8202 dataOffset: 2
09-15 13:46:34.829 18485 18883 D OPENHU  : [80] Companion.decrypt | RECV: AUDIO Media Data type: 0 flags: 11 size: 8202 dataOffset: 2
09-15 13:46:34.871 18485 18883 D OPENHU  : [80] Companion.decrypt | RECV: AUDIO Media Data type: 0 flags: 11 size: 8202 dataOffset: 2
09-15 13:46:34.914 18485 18883 D OPENHU  : [80] Companion.decrypt | RECV: AUDIO Media Data type: 0 flags: 11 size: 8202 dataOffset: 2
09-15 13:46:34.957 18485 18883 D OPENHU  : [80] Companion.decrypt | RECV: AUDIO Media Data type: 0 flags: 11 size: 8202 dataOffset: 2
09-15 13:46:35.001 18485 18883 D OPENHU  : [80] Companion.decrypt | RECV: AUDIO Media Data type: 0 flags: 11 size: 8202 dataOffset: 2
09-15 13:46:35.019 18485 18485 V OPENHU  : [2] GpsLocation.onLocationChanged | GpsLocation: fix received
09-15 13:46:35.026 18485 18485 V OPENHU  : [2] AapTransport.send | SENSOR Sensor Event type: 32771 flags: 11 size: 46 dataOffset: 6
09-15 13:46:35.043 18485 18883 D OPENHU  : [80] Companion.decrypt | RECV: AUDIO Media Data type: 0 flags: 11 size: 8202 dataOffset: 2
09-15 13:46:35.086 18485 18883 D OPENHU  : [80] Companion.decrypt | RECV: AUDIO Media Data type: 0 flags: 11 size: 8202 dataOffset: 2
09-15 13:46:35.128 18485 18883 D OPENHU  : [80] Companion.decrypt | RECV: AUDIO Media Data type: 0 flags: 11 size: 8202 dataOffset: 2
09-15 13:46:35.171 18485 18883 D OPENHU  : [80] Companion.decrypt | RECV: AUDIO Media Data type: 0 flags: 11 size: 8202 dataOffset: 2
09-15 13:46:35.216 18485 18883 D OPENHU  : [80] Companion.decrypt | RECV: AUDIO Media Data type: 0 flags: 11 size: 8202 dataOffset: 2
09-15 13:46:35.255 18485 18883 D OPENHU  : [80] Companion.decrypt | RECV: AUDIO Media Data type: 0 flags: 11 size: 8202 dataOffset: 2
09-15 13:46:35.300 18485 18883 D OPENHU  : [80] Companion.decrypt | RECV: AUDIO Media Data type: 0 flags: 11 size: 8202 dataOffset: 2
09-15 13:46:35.342 18485 18883 D OPENHU  : [80] Companion.decrypt | RECV: AUDIO Media Data type: 0 flags: 11 size: 8202 dataOffset: 2
09-15 13:46:35.386 18485 18883 D OPENHU  : [80] Companion.decrypt | RECV: AUDIO Media Data type: 0 flags: 11 size: 8202 dataOffset: 2
09-15 13:46:35.427 18485 18883 D OPENHU  : [80] Companion.decrypt | RECV: AUDIO Media Data type: 0 flags: 11 size: 8202 dataOffset: 2
09-15 13:46:35.470 18485 18883 D OPENHU  : [80] Companion.decrypt | RECV: AUDIO Media Data type: 0 flags: 11 size: 8202 dataOffset: 2
09-15 13:46:35.512 18485 18883 D OPENHU  : [80] Companion.decrypt | RECV: AUDIO Media Data type: 0 flags: 11 size: 8202 dataOffset: 2
09-15 13:46:35.556 18485 18883 D OPENHU  : [80] Companion.decrypt | RECV: AUDIO Media Data type: 0 flags: 11 size: 8202 dataOffset: 2
09-15 13:46:35.597 18485 18883 D OPENHU  : [80] Companion.decrypt | RECV: AUDIO Media Data type: 0 flags: 11 size: 8202 dataOffset: 2
09-15 13:46:35.640 18485 18883 D OPENHU  : [80] Companion.decrypt | RECV: AUDIO Media Data type: 0 flags: 11 size: 8202 dataOffset: 2
09-15 13:46:35.685 18485 18883 D OPENHU  : [80] Companion.decrypt | RECV: AUDIO Media Data type: 0 flags: 11 size: 8202 dataOffset: 2
09-15 13:46:35.702 18485 18881 I OPENHU  : [78] VideoDecoder.logFeedPacing | Feed queue full - pacing the transport thread instead of shedding frames (+4 more since the last line)
09-15 13:46:35.719 18485 18883 D OPENHU  : [80] Companion.decrypt | RECV: CONTROL Ping Request type: 11 flags: 11 size: 12 dataOffset: 2
09-15 13:46:35.720 18485 18883 V OPENHU  : [80] AapTransport.send | CONTROL Ping Response type: 12 flags: 11 size: 14 dataOffset: 6
09-15 13:46:35.726 18485 18883 D OPENHU  : [80] Companion.decrypt | RECV: AUDIO Media Data type: 0 flags: 11 size: 8202 dataOffset: 2
09-15 13:46:35.741 18485 18883 D OPENHU  : [80] Companion.decrypt | RECV: MUSIC_PLAYBACK Media Playback Status type: 32769 flags: 11 size: 17 dataOffset: 2
09-15 13:46:35.742 18485 18883 D OPENHU  : [80] AapMediaPlayback.processStatusPacket | AapMediaPlayback: status mediaSource='VLC', playbackSeconds(u32)=28, state=PLAYING
09-15 13:46:35.767 18485 18883 D OPENHU  : [80] Companion.decrypt | RECV: AUDIO Media Data type: 0 flags: 11 size: 8202 dataOffset: 2
09-15 13:46:35.812 18485 18883 D OPENHU  : [80] Companion.decrypt | RECV: AUDIO Media Data type: 0 flags: 11 size: 8202 dataOffset: 2
09-15 13:46:35.856 18485 18883 D OPENHU  : [80] Companion.decrypt | RECV: AUDIO Media Data type: 0 flags: 11 size: 8202 dataOffset: 2
09-15 13:46:35.897 18485 18883 D OPENHU  : [80] Companion.decrypt | RECV: AUDIO Media Data type: 0 flags: 11 size: 8202 dataOffset: 2
09-15 13:46:35.939 18485 18883 D OPENHU  : [80] Companion.decrypt | RECV: AUDIO Media Data type: 0 flags: 11 size: 8202 dataOffset: 2
09-15 13:46:35.981 18485 18883 D OPENHU  : [80] Companion.decrypt | RECV: AUDIO Media Data type: 0 flags: 11 size: 8202 dataOffset: 2
09-15 13:46:35.993 18485 18485 V OPENHU  : [2] GpsLocation.onLocationChanged | GpsLocation: fix received
09-15 13:46:36.002 18485 18485 V OPENHU  : [2] AapTransport.send | SENSOR Sensor Event type: 32771 flags: 11 size: 46 dataOffset: 6
09-15 13:46:36.024 18485 18883 D OPENHU  : [80] Companion.decrypt | RECV: AUDIO Media Data type: 0 flags: 11 size: 8202 dataOffset: 2
09-15 13:46:36.066 18485 18883 D OPENHU  : [80] Companion.decrypt | RECV: AUDIO Media Data type: 0 flags: 11 size: 8202 dataOffset: 2
09-15 13:46:36.109 18485 18883 D OPENHU  : [80] Companion.decrypt | RECV: AUDIO Media Data type: 0 flags: 11 size: 8202 dataOffset: 2
09-15 13:46:36.150 18485 18883 D OPENHU  : [80] Companion.decrypt | RECV: AUDIO Media Data type: 0 flags: 11 size: 8202 dataOffset: 2
09-15 13:46:36.195 18485 18883 D OPENHU  : [80] Companion.decrypt | RECV: AUDIO Media Data type: 0 flags: 11 size: 8202 dataOffset: 2
09-15 13:46:36.237 18485 18883 D OPENHU  : [80] Companion.decrypt | RECV: AUDIO Media Data type: 0 flags: 11 size: 8202 dataOffset: 2
09-15 13:46:36.279 18485 18883 D OPENHU  : [80] Companion.decrypt | RECV: AUDIO Media Data type: 0 flags: 11 size: 8202 dataOffset: 2
09-15 13:46:36.322 18485 18883 D OPENHU  : [80] Companion.decrypt | RECV: AUDIO Media Data type: 0 flags: 11 size: 8202 dataOffset: 2
09-15 13:46:36.375 18485 18883 D OPENHU  : [80] Companion.decrypt | RECV: AUDIO Media Data type: 0 flags: 11 size: 8202 dataOffset: 2
09-15 13:46:36.408 18485 18883 D OPENHU  : [80] Companion.decrypt | RECV: AUDIO Media Data type: 0 flags: 11 size: 8202 dataOffset: 2
09-15 13:46:36.451 18485 18883 D OPENHU  : [80] Companion.decrypt | RECV: AUDIO Media Data type: 0 flags: 11 size: 8202 dataOffset: 2
09-15 13:46:36.495 18485 18883 D OPENHU  : [80] Companion.decrypt | RECV: AUDIO Media Data type: 0 flags: 11 size: 8202 dataOffset: 2
09-15 13:46:36.537 18485 18883 D OPENHU  : [80] Companion.decrypt | RECV: AUDIO Media Data type: 0 flags: 11 size: 8202 dataOffset: 2
09-15 13:46:36.555 18485 18907 I OPENHU  : [89] VideoDecoder.logThroughput | Throughput over 5000ms: rendered=25 (5fps), fed=25 (5fps), dropped=0, skipped=0, concealed=0, inputWait=14ms, enqueueWait=5051ms, codec=c2.unisoc.avc.decoder, presented=25 (5fps), decodeLatency=unreadable (25 frames)
09-15 13:46:36.580 18485 18883 D OPENHU  : [80] Companion.decrypt | RECV: AUDIO Media Data type: 0 flags: 11 size: 8202 dataOffset: 2
09-15 13:46:36.622 18485 18883 D OPENHU  : [80] Companion.decrypt | RECV: AUDIO Media Data type: 0 flags: 11 size: 8202 dataOffset: 2
09-15 13:46:36.666 18485 18883 D OPENHU  : [80] Companion.decrypt | RECV: AUDIO Media Data type: 0 flags: 11 size: 8202 dataOffset: 2
09-15 13:46:36.709 18485 18883 D OPENHU  : [80] Companion.decrypt | RECV: AUDIO Media Data type: 0 flags: 11 size: 8202 dataOffset: 2
09-15 13:46:36.716 18485 18881 I OPENHU  : [78] VideoDecoder.logFeedPacing | Feed queue full - pacing the transport thread instead of shedding frames (+4 more since the last line)
09-15 13:46:36.720 18485 18883 D OPENHU  : [80] Companion.decrypt | RECV: CONTROL Ping Request type: 11 flags: 11 size: 12 dataOffset: 2
09-15 13:46:36.722 18485 18883 V OPENHU  : [80] AapTransport.send | CONTROL Ping Response type: 12 flags: 11 size: 14 dataOffset: 6
09-15 13:46:36.749 18485 18883 D OPENHU  : [80] Companion.decrypt | RECV: MUSIC_PLAYBACK Media Playback Status type: 32769 flags: 11 size: 17 dataOffset: 2
09-15 13:46:36.750 18485 18883 D OPENHU  : [80] AapMediaPlayback.processStatusPacket | AapMediaPlayback: status mediaSource='VLC', playbackSeconds(u32)=29, state=PLAYING
09-15 13:46:36.754 18485 18883 D OPENHU  : [80] Companion.decrypt | RECV: AUDIO Media Data type: 0 flags: 11 size: 8202 dataOffset: 2
09-15 13:46:36.793 18485 18883 D OPENHU  : [80] Companion.decrypt | RECV: AUDIO Media Data type: 0 flags: 11 size: 8202 dataOffset: 2
09-15 13:46:36.838 18485 18883 D OPENHU  : [80] Companion.decrypt | RECV: AUDIO Media Data type: 0 flags: 11 size: 8202 dataOffset: 2
09-15 13:46:36.879 18485 18883 D OPENHU  : [80] Companion.decrypt | RECV: AUDIO Media Data type: 0 flags: 11 size: 8202 dataOffset: 2
09-15 13:46:36.921 18485 18883 D OPENHU  : [80] Companion.decrypt | RECV: AUDIO Media Data type: 0 flags: 11 size: 8202 dataOffset: 2
09-15 13:46:36.965 18485 18883 D OPENHU  : [80] Companion.decrypt | RECV: AUDIO Media Data type: 0 flags: 11 size: 8202 dataOffset: 2
09-15 13:46:37.008 18485 18883 D OPENHU  : [80] Companion.decrypt | RECV: AUDIO Media Data type: 0 flags: 11 size: 8202 dataOffset: 2
09-15 13:46:37.017 18485 18485 V OPENHU  : [2] GpsLocation.onLocationChanged | GpsLocation: fix received
09-15 13:46:37.024 18485 18485 V OPENHU  : [2] AapTransport.send | SENSOR Sensor Event type: 32771 flags: 11 size: 46 dataOffset: 6
09-15 13:46:37.050 18485 18883 D OPENHU  : [80] Companion.decrypt | RECV: AUDIO Media Data type: 0 flags: 11 size: 8202 dataOffset: 2
09-15 13:46:37.092 18485 18883 D OPENHU  : [80] Companion.decrypt | RECV: AUDIO Media Data type: 0 flags: 11 size: 8202 dataOffset: 2
09-15 13:46:37.135 18485 18883 D OPENHU  : [80] Companion.decrypt | RECV: AUDIO Media Data type: 0 flags: 11 size: 8202 dataOffset: 2
09-15 13:46:37.178 18485 18883 D OPENHU  : [80] Companion.decrypt | RECV: AUDIO Media Data type: 0 flags: 11 size: 8202 dataOffset: 2
09-15 13:46:37.220 18485 18883 D OPENHU  : [80] Companion.decrypt | RECV: AUDIO Media Data type: 0 flags: 11 size: 8202 dataOffset: 2
09-15 13:46:37.262 18485 18883 D OPENHU  : [80] Companion.decrypt | RECV: AUDIO Media Data type: 0 flags: 11 size: 8202 dataOffset: 2
09-15 13:46:37.305 18485 18883 D OPENHU  : [80] Companion.decrypt | RECV: AUDIO Media Data type: 0 flags: 11 size: 8202 dataOffset: 2
09-15 13:46:37.347 18485 18883 D OPENHU  : [80] Companion.decrypt | RECV: AUDIO Media Data type: 0 flags: 11 size: 8202 dataOffset: 2
09-15 13:46:37.389 18485 18883 D OPENHU  : [80] Companion.decrypt | RECV: AUDIO Media Data type: 0 flags: 11 size: 8202 dataOffset: 2
09-15 13:46:37.433 18485 18883 D OPENHU  : [80] Companion.decrypt | RECV: AUDIO Media Data type: 0 flags: 11 size: 8202 dataOffset: 2
09-15 13:46:37.475 18485 18883 D OPENHU  : [80] Companion.decrypt | RECV: AUDIO Media Data type: 0 flags: 11 size: 8202 dataOffset: 2
09-15 13:46:37.518 18485 18883 D OPENHU  : [80] Companion.decrypt | RECV: AUDIO Media Data type: 0 flags: 11 size: 8202 dataOffset: 2
09-15 13:46:37.561 18485 18883 D OPENHU  : [80] Companion.decrypt | RECV: AUDIO Media Data type: 0 flags: 11 size: 8202 dataOffset: 2
09-15 13:46:37.604 18485 18883 D OPENHU  : [80] Companion.decrypt | RECV: AUDIO Media Data type: 0 flags: 11 size: 8202 dataOffset: 2
09-15 13:46:37.645 18485 18883 D OPENHU  : [80] Companion.decrypt | RECV: AUDIO Media Data type: 0 flags: 11 size: 8202 dataOffset: 2
09-15 13:46:37.690 18485 18883 D OPENHU  : [80] Companion.decrypt | RECV: AUDIO Media Data type: 0 flags: 11 size: 8202 dataOffset: 2
09-15 13:46:37.723 18485 18883 D OPENHU  : [80] Companion.decrypt | RECV: CONTROL Ping Request type: 11 flags: 11 size: 12 dataOffset: 2
09-15 13:46:37.724 18485 18883 V OPENHU  : [80] AapTransport.send | CONTROL Ping Response type: 12 flags: 11 size: 14 dataOffset: 6
09-15 13:46:37.732 18485 18881 I OPENHU  : [78] VideoDecoder.logFeedPacing | Feed queue full - pacing the transport thread instead of shedding frames (+4 more since the last line)
09-15 13:46:37.732 18485 18883 D OPENHU  : [80] Companion.decrypt | RECV: AUDIO Media Data type: 0 flags: 11 size: 8202 dataOffset: 2
09-15 13:46:37.752 18485 18883 D OPENHU  : [80] Companion.decrypt | RECV: MUSIC_PLAYBACK Media Playback Status type: 32769 flags: 11 size: 17 dataOffset: 2
09-15 13:46:37.753 18485 18883 D OPENHU  : [80] AapMediaPlayback.processStatusPacket | AapMediaPlayback: status mediaSource='VLC', playbackSeconds(u32)=30, state=PLAYING
09-15 13:46:37.775 18485 18883 D OPENHU  : [80] Companion.decrypt | RECV: AUDIO Media Data type: 0 flags: 11 size: 8202 dataOffset: 2
09-15 13:46:37.818 18485 18883 D OPENHU  : [80] Companion.decrypt | RECV: AUDIO Media Data type: 0 flags: 11 size: 8202 dataOffset: 2
09-15 13:46:37.860 18485 18883 D OPENHU  : [80] Companion.decrypt | RECV: AUDIO Media Data type: 0 flags: 11 size: 8202 dataOffset: 2
09-15 13:46:37.901 18485 18883 D OPENHU  : [80] Companion.decrypt | RECV: AUDIO Media Data type: 0 flags: 11 size: 8202 dataOffset: 2
09-15 13:46:37.944 18485 18883 D OPENHU  : [80] Companion.decrypt | RECV: AUDIO Media Data type: 0 flags: 11 size: 8202 dataOffset: 2
09-15 13:46:37.986 18485 18883 D OPENHU  : [80] Companion.decrypt | RECV: AUDIO Media Data type: 0 flags: 11 size: 8202 dataOffset: 2
09-15 13:46:37.995 18485 18485 V OPENHU  : [2] GpsLocation.onLocationChanged | GpsLocation: fix received
09-15 13:46:38.003 18485 18485 V OPENHU  : [2] AapTransport.send | SENSOR Sensor Event type: 32771 flags: 11 size: 46 dataOffset: 6
09-15 13:46:38.030 18485 18883 D OPENHU  : [80] Companion.decrypt | RECV: AUDIO Media Data type: 0 flags: 11 size: 8202 dataOffset: 2
09-15 13:46:38.072 18485 18883 D OPENHU  : [80] Companion.decrypt | RECV: AUDIO Media Data type: 0 flags: 11 size: 8202 dataOffset: 2
09-15 13:46:38.114 18485 18883 D OPENHU  : [80] Companion.decrypt | RECV: AUDIO Media Data type: 0 flags: 11 size: 8202 dataOffset: 2
09-15 13:46:38.157 18485 18883 D OPENHU  : [80] Companion.decrypt | RECV: AUDIO Media Data type: 0 flags: 11 size: 8202 dataOffset: 2
09-15 13:46:38.200 18485 18883 D OPENHU  : [80] Companion.decrypt | RECV: AUDIO Media Data type: 0 flags: 11 size: 8202 dataOffset: 2
09-15 13:46:38.241 18485 18883 D OPENHU  : [80] Companion.decrypt | RECV: AUDIO Media Data type: 0 flags: 11 size: 8202 dataOffset: 2
09-15 13:46:38.287 18485 18883 D OPENHU  : [80] Companion.decrypt | RECV: AUDIO Media Data type: 0 flags: 11 size: 8202 dataOffset: 2
09-15 13:46:38.330 18485 18883 D OPENHU  : [80] Companion.decrypt | RECV: AUDIO Media Data type: 0 flags: 11 size: 8202 dataOffset: 2
09-15 13:46:38.370 18485 18883 D OPENHU  : [80] Companion.decrypt | RECV: AUDIO Media Data type: 0 flags: 11 size: 8202 dataOffset: 2
09-15 13:46:38.413 18485 18883 D OPENHU  : [80] Companion.decrypt | RECV: AUDIO Media Data type: 0 flags: 11 size: 8202 dataOffset: 2
09-15 13:46:38.456 18485 18883 D OPENHU  : [80] Companion.decrypt | RECV: AUDIO Media Data type: 0 flags: 11 size: 8202 dataOffset: 2
09-15 13:46:38.497 18485 18883 D OPENHU  : [80] Companion.decrypt | RECV: AUDIO Media Data type: 0 flags: 11 size: 8202 dataOffset: 2
09-15 13:46:38.541 18485 18883 D OPENHU  : [80] Companion.decrypt | RECV: AUDIO Media Data type: 0 flags: 11 size: 8202 dataOffset: 2
09-15 13:46:38.553 18485 18485 I OPENHU  : [2] TextureProjectionView.onSurfaceTextureUpdated | TextureProjectionView: displayed 25 frames in 5069ms (4fps), longFrames=0
09-15 13:46:38.585 18485 18883 D OPENHU  : [80] Companion.decrypt | RECV: AUDIO Media Data type: 0 flags: 11 size: 8202 dataOffset: 2
09-15 13:46:38.628 18485 18883 D OPENHU  : [80] Companion.decrypt | RECV: AUDIO Media Data type: 0 flags: 11 size: 8202 dataOffset: 2
09-15 13:46:38.670 18485 18883 D OPENHU  : [80] Companion.decrypt | RECV: AUDIO Media Data type: 0 flags: 11 size: 8202 dataOffset: 2
09-15 13:46:38.712 18485 18883 D OPENHU  : [80] Companion.decrypt | RECV: AUDIO Media Data type: 0 flags: 11 size: 8202 dataOffset: 2
09-15 13:46:38.724 18485 18883 D OPENHU  : [80] Companion.decrypt | RECV: CONTROL Ping Request type: 11 flags: 11 size: 12 dataOffset: 2
09-15 13:46:38.725 18485 18883 V OPENHU  : [80] AapTransport.send | CONTROL Ping Response type: 12 flags: 11 size: 14 dataOffset: 6
09-15 13:46:38.745 18485 18881 I OPENHU  : [78] VideoDecoder.logFeedPacing | Feed queue full - pacing the transport thread instead of shedding frames (+4 more since the last line)
09-15 13:46:38.755 18485 18883 D OPENHU  : [80] Companion.decrypt | RECV: MUSIC_PLAYBACK Media Playback Status type: 32769 flags: 11 size: 17 dataOffset: 2
09-15 13:46:38.756 18485 18883 D OPENHU  : [80] AapMediaPlayback.processStatusPacket | AapMediaPlayback: status mediaSource='VLC', playbackSeconds(u32)=31, state=PLAYING
09-15 13:46:38.759 18485 18883 D OPENHU  : [80] Companion.decrypt | RECV: AUDIO Media Data type: 0 flags: 11 size: 8202 dataOffset: 2
09-15 13:46:38.799 18485 18883 D OPENHU  : [80] Companion.decrypt | RECV: AUDIO Media Data type: 0 flags: 11 size: 8202 dataOffset: 2
09-15 13:46:38.841 18485 18883 D OPENHU  : [80] Companion.decrypt | RECV: AUDIO Media Data type: 0 flags: 11 size: 8202 dataOffset: 2
09-15 13:46:38.881 18485 18883 D OPENHU  : [80] Companion.decrypt | RECV: AUDIO Media Data type: 0 flags: 11 size: 8202 dataOffset: 2
09-15 13:46:38.925 18485 18883 D OPENHU  : [80] Companion.decrypt | RECV: AUDIO Media Data type: 0 flags: 11 size: 8202 dataOffset: 2
09-15 13:46:38.967 18485 18883 D OPENHU  : [80] Companion.decrypt | RECV: AUDIO Media Data type: 0 flags: 11 size: 8202 dataOffset: 2
09-15 13:46:39.012 18485 18883 D OPENHU  : [80] Companion.decrypt | RECV: AUDIO Media Data type: 0 flags: 11 size: 8202 dataOffset: 2
09-15 13:46:39.021 18485 18485 V OPENHU  : [2] GpsLocation.onLocationChanged | GpsLocation: fix received
09-15 13:46:39.028 18485 18485 V OPENHU  : [2] AapTransport.send | SENSOR Sensor Event type: 32771 flags: 11 size: 46 dataOffset: 6
09-15 13:46:39.056 18485 18883 D OPENHU  : [80] Companion.decrypt | RECV: AUDIO Media Data type: 0 flags: 11 size: 8202 dataOffset: 2
09-15 13:46:39.095 18485 18883 D OPENHU  : [80] Companion.decrypt | RECV: AUDIO Media Data type: 0 flags: 11 size: 8202 dataOffset: 2
09-15 13:46:39.138 18485 18883 D OPENHU  : [80] Companion.decrypt | RECV: AUDIO Media Data type: 0 flags: 11 size: 8202 dataOffset: 2
09-15 13:46:39.182 18485 18883 D OPENHU  : [80] Companion.decrypt | RECV: AUDIO Media Data type: 0 flags: 11 size: 8202 dataOffset: 2
09-15 13:46:39.223 18485 18883 D OPENHU  : [80] Companion.decrypt | RECV: AUDIO Media Data type: 0 flags: 11 size: 8202 dataOffset: 2
09-15 13:46:39.265 18485 18883 D OPENHU  : [80] Companion.decrypt | RECV: AUDIO Media Data type: 0 flags: 11 size: 8202 dataOffset: 2
09-15 13:46:39.309 18485 18883 D OPENHU  : [80] Companion.decrypt | RECV: AUDIO Media Data type: 0 flags: 11 size: 8202 dataOffset: 2
09-15 13:46:39.352 18485 18883 D OPENHU  : [80] Companion.decrypt | RECV: AUDIO Media Data type: 0 flags: 11 size: 8202 dataOffset: 2
09-15 13:46:39.395 18485 18883 D OPENHU  : [80] Companion.decrypt | RECV: AUDIO Media Data type: 0 flags: 11 size: 8202 dataOffset: 2
09-15 13:46:39.438 18485 18883 D OPENHU  : [80] Companion.decrypt | RECV: AUDIO Media Data type: 0 flags: 11 size: 8202 dataOffset: 2
09-15 13:46:39.479 18485 18883 D OPENHU  : [80] Companion.decrypt | RECV: AUDIO Media Data type: 0 flags: 11 size: 8202 dataOffset: 2
09-15 13:46:39.523 18485 18883 D OPENHU  : [80] Companion.decrypt | RECV: AUDIO Media Data type: 0 flags: 11 size: 8202 dataOffset: 2
09-15 13:46:39.568 18485 18883 D OPENHU  : [80] Companion.decrypt | RECV: AUDIO Media Data type: 0 flags: 11 size: 8202 dataOffset: 2
09-15 13:46:39.609 18485 18883 D OPENHU  : [80] Companion.decrypt | RECV: AUDIO Media Data type: 0 flags: 11 size: 8202 dataOffset: 2
09-15 13:46:39.650 18485 18883 D OPENHU  : [80] Companion.decrypt | RECV: AUDIO Media Data type: 0 flags: 11 size: 8202 dataOffset: 2
09-15 13:46:39.693 18485 18883 D OPENHU  : [80] Companion.decrypt | RECV: AUDIO Media Data type: 0 flags: 11 size: 8202 dataOffset: 2
09-15 13:46:39.723 18485 18883 D OPENHU  : [80] Companion.decrypt | RECV: CONTROL Ping Request type: 11 flags: 11 size: 12 dataOffset: 2
09-15 13:46:39.724 18485 18883 V OPENHU  : [80] AapTransport.send | CONTROL Ping Response type: 12 flags: 11 size: 14 dataOffset: 6
09-15 13:46:39.736 18485 18883 D OPENHU  : [80] Companion.decrypt | RECV: AUDIO Media Data type: 0 flags: 11 size: 8202 dataOffset: 2
09-15 13:46:39.754 18485 18883 D OPENHU  : [80] Companion.decrypt | RECV: MUSIC_PLAYBACK Media Playback Status type: 32769 flags: 11 size: 17 dataOffset: 2
09-15 13:46:39.755 18485 18883 D OPENHU  : [80] AapMediaPlayback.processStatusPacket | AapMediaPlayback: status mediaSource='VLC', playbackSeconds(u32)=32, state=PLAYING
09-15 13:46:39.758 18485 18881 I OPENHU  : [78] VideoDecoder.logFeedPacing | Feed queue full - pacing the transport thread instead of shedding frames (+4 more since the last line)
09-15 13:46:39.780 18485 18883 D OPENHU  : [80] Companion.decrypt | RECV: AUDIO Media Data type: 0 flags: 11 size: 8202 dataOffset: 2
09-15 13:46:39.821 18485 18883 D OPENHU  : [80] Companion.decrypt | RECV: AUDIO Media Data type: 0 flags: 11 size: 8202 dataOffset: 2
09-15 13:46:39.863 18485 18883 D OPENHU  : [80] Companion.decrypt | RECV: AUDIO Media Data type: 0 flags: 11 size: 8202 dataOffset: 2
09-15 13:46:39.907 18485 18883 D OPENHU  : [80] Companion.decrypt | RECV: AUDIO Media Data type: 0 flags: 11 size: 8202 dataOffset: 2
09-15 13:46:39.949 18485 18883 D OPENHU  : [80] Companion.decrypt | RECV: AUDIO Media Data type: 0 flags: 11 size: 8202 dataOffset: 2
09-15 13:46:39.992 18485 18883 D OPENHU  : [80] Companion.decrypt | RECV: AUDIO Media Data type: 0 flags: 11 size: 8202 dataOffset: 2
09-15 13:46:39.998 18485 18485 V OPENHU  : [2] GpsLocation.onLocationChanged | GpsLocation: fix received
09-15 13:46:40.004 18485 18485 V OPENHU  : [2] AapTransport.send | SENSOR Sensor Event type: 32771 flags: 11 size: 46 dataOffset: 6
09-15 13:46:40.035 18485 18883 D OPENHU  : [80] Companion.decrypt | RECV: AUDIO Media Data type: 0 flags: 11 size: 8202 dataOffset: 2
09-15 13:46:40.078 18485 18883 D OPENHU  : [80] Companion.decrypt | RECV: AUDIO Media Data type: 0 flags: 11 size: 8202 dataOffset: 2
09-15 13:46:40.120 18485 18883 D OPENHU  : [80] Companion.decrypt | RECV: AUDIO Media Data type: 0 flags: 11 size: 8202 dataOffset: 2
09-15 13:46:40.161 18485 18883 D OPENHU  : [80] Companion.decrypt | RECV: AUDIO Media Data type: 0 flags: 11 size: 8202 dataOffset: 2
09-15 13:46:40.206 18485 18883 D OPENHU  : [80] Companion.decrypt | RECV: AUDIO Media Data type: 0 flags: 11 size: 8202 dataOffset: 2
09-15 13:46:40.249 18485 18883 D OPENHU  : [80] Companion.decrypt | RECV: AUDIO Media Data type: 0 flags: 11 size: 8202 dataOffset: 2
09-15 13:46:40.290 18485 18883 D OPENHU  : [80] Companion.decrypt | RECV: AUDIO Media Data type: 0 flags: 11 size: 8202 dataOffset: 2
09-15 13:46:40.334 18485 18883 D OPENHU  : [80] Companion.decrypt | RECV: AUDIO Media Data type: 0 flags: 11 size: 8202 dataOffset: 2
09-15 13:46:40.377 18485 18883 D OPENHU  : [80] Companion.decrypt | RECV: AUDIO Media Data type: 0 flags: 11 size: 8202 dataOffset: 2
09-15 13:46:40.422 18485 18883 D OPENHU  : [80] Companion.decrypt | RECV: AUDIO Media Data type: 0 flags: 11 size: 8202 dataOffset: 2
09-15 13:46:40.460 18485 18883 D OPENHU  : [80] Companion.decrypt | RECV: AUDIO Media Data type: 0 flags: 11 size: 8202 dataOffset: 2
09-15 13:46:40.504 18485 18883 D OPENHU  : [80] Companion.decrypt | RECV: AUDIO Media Data type: 0 flags: 11 size: 8202 dataOffset: 2
09-15 13:46:40.548 18485 18883 D OPENHU  : [80] Companion.decrypt | RECV: AUDIO Media Data type: 0 flags: 11 size: 8202 dataOffset: 2
09-15 13:46:40.590 18485 18883 D OPENHU  : [80] Companion.decrypt | RECV: AUDIO Media Data type: 0 flags: 11 size: 8202 dataOffset: 2
09-15 13:46:40.636 18485 18883 D OPENHU  : [80] Companion.decrypt | RECV: AUDIO Media Data type: 0 flags: 11 size: 8202 dataOffset: 2
09-15 13:46:40.675 18485 18883 D OPENHU  : [80] Companion.decrypt | RECV: AUDIO Media Data type: 0 flags: 11 size: 8202 dataOffset: 2
09-15 13:46:40.719 18485 18883 D OPENHU  : [80] Companion.decrypt | RECV: AUDIO Media Data type: 0 flags: 11 size: 8202 dataOffset: 2
09-15 13:46:40.725 18485 18883 D OPENHU  : [80] Companion.decrypt | RECV: CONTROL Ping Request type: 11 flags: 11 size: 12 dataOffset: 2
09-15 13:46:40.726 18485 18883 V OPENHU  : [80] AapTransport.send | CONTROL Ping Response type: 12 flags: 11 size: 14 dataOffset: 6
09-15 13:46:40.759 18485 18883 D OPENHU  : [80] Companion.decrypt | RECV: MUSIC_PLAYBACK Media Playback Status type: 32769 flags: 11 size: 17 dataOffset: 2
09-15 13:46:40.760 18485 18883 D OPENHU  : [80] AapMediaPlayback.processStatusPacket | AapMediaPlayback: status mediaSource='VLC', playbackSeconds(u32)=33, state=PLAYING
09-15 13:46:40.761 18485 18883 D OPENHU  : [80] Companion.decrypt | RECV: AUDIO Media Data type: 0 flags: 11 size: 8202 dataOffset: 2
09-15 13:46:40.775 18485 18881 I OPENHU  : [78] VideoDecoder.logFeedPacing | Feed queue full - pacing the transport thread instead of shedding frames (+4 more since the last line)
09-15 13:46:40.802 18485 18883 D OPENHU  : [80] Companion.decrypt | RECV: AUDIO Media Data type: 0 flags: 11 size: 8202 dataOffset: 2
09-15 13:46:40.847 18485 18883 D OPENHU  : [80] Companion.decrypt | RECV: AUDIO Media Data type: 0 flags: 11 size: 8202 dataOffset: 2
09-15 13:46:40.887 18485 18883 D OPENHU  : [80] Companion.decrypt | RECV: AUDIO Media Data type: 0 flags: 11 size: 8202 dataOffset: 2
09-15 13:46:40.932 18485 18883 D OPENHU  : [80] Companion.decrypt | RECV: AUDIO Media Data type: 0 flags: 11 size: 8202 dataOffset: 2
09-15 13:46:40.973 18485 18883 D OPENHU  : [80] Companion.decrypt | RECV: AUDIO Media Data type: 0 flags: 11 size: 8202 dataOffset: 2
09-15 13:46:41.018 18485 18883 D OPENHU  : [80] Companion.decrypt | RECV: AUDIO Media Data type: 0 flags: 11 size: 8202 dataOffset: 2
09-15 13:46:41.023 18485 18485 V OPENHU  : [2] GpsLocation.onLocationChanged | GpsLocation: fix received
09-15 13:46:41.030 18485 18485 V OPENHU  : [2] AapTransport.send | SENSOR Sensor Event type: 32771 flags: 11 size: 46 dataOffset: 6
09-15 13:46:41.058 18485 18883 D OPENHU  : [80] Companion.decrypt | RECV: AUDIO Media Data type: 0 flags: 11 size: 8202 dataOffset: 2
09-15 13:46:41.101 18485 18883 D OPENHU  : [80] Companion.decrypt | RECV: AUDIO Media Data type: 0 flags: 11 size: 8202 dataOffset: 2
09-15 13:46:41.143 18485 18883 D OPENHU  : [80] Companion.decrypt | RECV: AUDIO Media Data type: 0 flags: 11 size: 8202 dataOffset: 2
09-15 13:46:41.187 18485 18883 D OPENHU  : [80] Companion.decrypt | RECV: AUDIO Media Data type: 0 flags: 11 size: 8202 dataOffset: 2
09-15 13:46:41.229 18485 18883 D OPENHU  : [80] Companion.decrypt | RECV: AUDIO Media Data type: 0 flags: 11 size: 8202 dataOffset: 2
09-15 13:46:41.271 18485 18883 D OPENHU  : [80] Companion.decrypt | RECV: AUDIO Media Data type: 0 flags: 11 size: 8202 dataOffset: 2
09-15 13:46:41.315 18485 18883 D OPENHU  : [80] Companion.decrypt | RECV: AUDIO Media Data type: 0 flags: 11 size: 8202 dataOffset: 2
09-15 13:46:41.357 18485 18883 D OPENHU  : [80] Companion.decrypt | RECV: AUDIO Media Data type: 0 flags: 11 size: 8202 dataOffset: 2
09-15 13:46:41.402 18485 18883 D OPENHU  : [80] Companion.decrypt | RECV: AUDIO Media Data type: 0 flags: 11 size: 8202 dataOffset: 2
09-15 13:46:41.442 18485 18883 D OPENHU  : [80] Companion.decrypt | RECV: AUDIO Media Data type: 0 flags: 11 size: 8202 dataOffset: 2
09-15 13:46:41.485 18485 18883 D OPENHU  : [80] Companion.decrypt | RECV: AUDIO Media Data type: 0 flags: 11 size: 8202 dataOffset: 2
09-15 13:46:41.528 18485 18883 D OPENHU  : [80] Companion.decrypt | RECV: AUDIO Media Data type: 0 flags: 11 size: 8202 dataOffset: 2
09-15 13:46:41.561 18485 18907 I OPENHU  : [89] VideoDecoder.logThroughput | Throughput over 5005ms: rendered=24 (4fps), fed=24 (4fps), dropped=0, skipped=0, concealed=0, inputWait=9ms, enqueueWait=4853ms, codec=c2.unisoc.avc.decoder, presented=24 (4fps), decodeLatency=unreadable (24 frames)
09-15 13:46:41.572 18485 18883 D OPENHU  : [80] Companion.decrypt | RECV: AUDIO Media Data type: 0 flags: 11 size: 8202 dataOffset: 2
09-15 13:46:41.616 18485 18883 D OPENHU  : [80] Companion.decrypt | RECV: AUDIO Media Data type: 0 flags: 11 size: 8202 dataOffset: 2
09-15 13:46:41.656 18485 18883 D OPENHU  : [80] Companion.decrypt | RECV: AUDIO Media Data type: 0 flags: 11 size: 8202 dataOffset: 2
09-15 13:46:41.698 18485 18883 D OPENHU  : [80] Companion.decrypt | RECV: AUDIO Media Data type: 0 flags: 11 size: 8202 dataOffset: 2
09-15 13:46:41.724 18485 18883 D OPENHU  : [80] Companion.decrypt | RECV: CONTROL Ping Request type: 11 flags: 11 size: 12 dataOffset: 2
09-15 13:46:41.725 18485 18883 V OPENHU  : [80] AapTransport.send | CONTROL Ping Response type: 12 flags: 11 size: 14 dataOffset: 6
09-15 13:46:41.743 18485 18883 D OPENHU  : [80] Companion.decrypt | RECV: AUDIO Media Data type: 0 flags: 11 size: 8202 dataOffset: 2
09-15 13:46:41.760 18485 18883 D OPENHU  : [80] Companion.decrypt | RECV: MUSIC_PLAYBACK Media Playback Status type: 32769 flags: 11 size: 17 dataOffset: 2
09-15 13:46:41.761 18485 18883 D OPENHU  : [80] AapMediaPlayback.processStatusPacket | AapMediaPlayback: status mediaSource='VLC', playbackSeconds(u32)=34, state=PLAYING
09-15 13:46:41.784 18485 18883 D OPENHU  : [80] Companion.decrypt | RECV: AUDIO Media Data type: 0 flags: 11 size: 8202 dataOffset: 2
09-15 13:46:41.789 18485 18881 I OPENHU  : [78] VideoDecoder.logFeedPacing | Feed queue full - pacing the transport thread instead of shedding frames (+4 more since the last line)
09-15 13:46:41.826 18485 18883 D OPENHU  : [80] Companion.decrypt | RECV: AUDIO Media Data type: 0 flags: 11 size: 8202 dataOffset: 2
09-15 13:46:41.868 18485 18883 D OPENHU  : [80] Companion.decrypt | RECV: AUDIO Media Data type: 0 flags: 11 size: 8202 dataOffset: 2
09-15 13:46:41.911 18485 18883 D OPENHU  : [80] Companion.decrypt | RECV: AUDIO Media Data type: 0 flags: 11 size: 8202 dataOffset: 2
09-15 13:46:41.954 18485 18883 D OPENHU  : [80] Companion.decrypt | RECV: AUDIO Media Data type: 0 flags: 11 size: 8202 dataOffset: 2
09-15 13:46:41.993 18485 18485 V OPENHU  : [2] GpsLocation.onLocationChanged | GpsLocation: fix received
09-15 13:46:41.998 18485 18883 D OPENHU  : [80] Companion.decrypt | RECV: AUDIO Media Data type: 0 flags: 11 size: 8202 dataOffset: 2
09-15 13:46:42.002 18485 18485 V OPENHU  : [2] AapTransport.send | SENSOR Sensor Event type: 32771 flags: 11 size: 46 dataOffset: 6
09-15 13:46:42.039 18485 18883 D OPENHU  : [80] Companion.decrypt | RECV: AUDIO Media Data type: 0 flags: 11 size: 8202 dataOffset: 2
09-15 13:46:42.083 18485 18883 D OPENHU  : [80] Companion.decrypt | RECV: AUDIO Media Data type: 0 flags: 11 size: 8202 dataOffset: 2
09-15 13:46:42.125 18485 18883 D OPENHU  : [80] Companion.decrypt | RECV: AUDIO Media Data type: 0 flags: 11 size: 8202 dataOffset: 2
09-15 13:46:42.173 18485 18883 D OPENHU  : [80] Companion.decrypt | RECV: AUDIO Media Data type: 0 flags: 11 size: 8202 dataOffset: 2
09-15 13:46:42.212 18485 18883 D OPENHU  : [80] Companion.decrypt | RECV: AUDIO Media Data type: 0 flags: 11 size: 8202 dataOffset: 2
09-15 13:46:42.254 18485 18883 D OPENHU  : [80] Companion.decrypt | RECV: AUDIO Media Data type: 0 flags: 11 size: 8202 dataOffset: 2
09-15 13:46:42.297 18485 18883 D OPENHU  : [80] Companion.decrypt | RECV: AUDIO Media Data type: 0 flags: 11 size: 8202 dataOffset: 2
09-15 13:46:42.338 18485 18883 D OPENHU  : [80] Companion.decrypt | RECV: AUDIO Media Data type: 0 flags: 11 size: 8202 dataOffset: 2
09-15 13:46:42.381 18485 18883 D OPENHU  : [80] Companion.decrypt | RECV: AUDIO Media Data type: 0 flags: 11 size: 8202 dataOffset: 2
09-15 13:46:42.424 18485 18883 D OPENHU  : [80] Companion.decrypt | RECV: AUDIO Media Data type: 0 flags: 11 size: 8202 dataOffset: 2
09-15 13:46:42.466 18485 18883 D OPENHU  : [80] Companion.decrypt | RECV: AUDIO Media Data type: 0 flags: 11 size: 8202 dataOffset: 2
09-15 13:46:42.509 18485 18883 D OPENHU  : [80] Companion.decrypt | RECV: AUDIO Media Data type: 0 flags: 11 size: 8202 dataOffset: 2
09-15 13:46:42.551 18485 18883 D OPENHU  : [80] Companion.decrypt | RECV: AUDIO Media Data type: 0 flags: 11 size: 8202 dataOffset: 2
09-15 13:46:42.594 18485 18883 D OPENHU  : [80] Companion.decrypt | RECV: AUDIO Media Data type: 0 flags: 11 size: 8202 dataOffset: 2
09-15 13:46:42.638 18485 18883 D OPENHU  : [80] Companion.decrypt | RECV: AUDIO Media Data type: 0 flags: 11 size: 8202 dataOffset: 2
09-15 13:46:42.680 18485 18883 D OPENHU  : [80] Companion.decrypt | RECV: AUDIO Media Data type: 0 flags: 11 size: 8202 dataOffset: 2
09-15 13:46:42.724 18485 18883 D OPENHU  : [80] Companion.decrypt | RECV: AUDIO Media Data type: 0 flags: 11 size: 8202 dataOffset: 2
09-15 13:46:42.730 18485 18883 D OPENHU  : [80] Companion.decrypt | RECV: CONTROL Ping Request type: 11 flags: 11 size: 12 dataOffset: 2
09-15 13:46:42.732 18485 18883 V OPENHU  : [80] AapTransport.send | CONTROL Ping Response type: 12 flags: 11 size: 14 dataOffset: 6
09-15 13:46:42.766 18485 18883 D OPENHU  : [80] Companion.decrypt | RECV: MUSIC_PLAYBACK Media Playback Status type: 32769 flags: 11 size: 17 dataOffset: 2
09-15 13:46:42.768 18485 18883 D OPENHU  : [80] AapMediaPlayback.processStatusPacket | AapMediaPlayback: status mediaSource='VLC', playbackSeconds(u32)=35, state=PLAYING
09-15 13:46:42.773 18485 18883 D OPENHU  : [80] Companion.decrypt | RECV: AUDIO Media Data type: 0 flags: 11 size: 8202 dataOffset: 2
09-15 13:46:42.806 18485 18881 I OPENHU  : [78] VideoDecoder.logFeedPacing | Feed queue full - pacing the transport thread instead of shedding frames (+4 more since the last line)
09-15 13:46:42.807 18485 18883 D OPENHU  : [80] Companion.decrypt | RECV: AUDIO Media Data type: 0 flags: 11 size: 8202 dataOffset: 2
09-15 13:46:42.853 18485 18883 D OPENHU  : [80] Companion.decrypt | RECV: AUDIO Media Data type: 0 flags: 11 size: 8202 dataOffset: 2
09-15 13:46:42.896 18485 18883 D OPENHU  : [80] Companion.decrypt | RECV: AUDIO Media Data type: 0 flags: 11 size: 8202 dataOffset: 2
09-15 13:46:42.935 18485 18883 D OPENHU  : [80] Companion.decrypt | RECV: AUDIO Media Data type: 0 flags: 11 size: 8202 dataOffset: 2
09-15 13:46:42.980 18485 18883 D OPENHU  : [80] Companion.decrypt | RECV: AUDIO Media Data type: 0 flags: 11 size: 8202 dataOffset: 2
09-15 13:46:43.021 18485 18883 D OPENHU  : [80] Companion.decrypt | RECV: AUDIO Media Data type: 0 flags: 11 size: 8202 dataOffset: 2
09-15 13:46:43.024 18485 18485 V OPENHU  : [2] GpsLocation.onLocationChanged | GpsLocation: fix received
09-15 13:46:43.050 18485 18485 V OPENHU  : [2] AapTransport.send | SENSOR Sensor Event type: 32771 flags: 11 size: 46 dataOffset: 6
09-15 13:46:43.063 18485 18883 D OPENHU  : [80] Companion.decrypt | RECV: AUDIO Media Data type: 0 flags: 11 size: 8202 dataOffset: 2
09-15 13:46:43.106 18485 18883 D OPENHU  : [80] Companion.decrypt | RECV: AUDIO Media Data type: 0 flags: 11 size: 8202 dataOffset: 2
09-15 13:46:43.149 18485 18883 D OPENHU  : [80] Companion.decrypt | RECV: AUDIO Media Data type: 0 flags: 11 size: 8202 dataOffset: 2
09-15 13:46:43.193 18485 18883 D OPENHU  : [80] Companion.decrypt | RECV: AUDIO Media Data type: 0 flags: 11 size: 8202 dataOffset: 2
09-15 13:46:43.236 18485 18883 D OPENHU  : [80] Companion.decrypt | RECV: AUDIO Media Data type: 0 flags: 11 size: 8202 dataOffset: 2
09-15 13:46:43.279 18485 18883 D OPENHU  : [80] Companion.decrypt | RECV: AUDIO Media Data type: 0 flags: 11 size: 8202 dataOffset: 2
09-15 13:46:43.321 18485 18883 D OPENHU  : [80] Companion.decrypt | RECV: AUDIO Media Data type: 0 flags: 11 size: 8202 dataOffset: 2
09-15 13:46:43.363 18485 18883 D OPENHU  : [80] Companion.decrypt | RECV: AUDIO Media Data type: 0 flags: 11 size: 8202 dataOffset: 2
09-15 13:46:43.405 18485 18883 D OPENHU  : [80] Companion.decrypt | RECV: AUDIO Media Data type: 0 flags: 11 size: 8202 dataOffset: 2
09-15 13:46:43.447 18485 18883 D OPENHU  : [80] Companion.decrypt | RECV: AUDIO Media Data type: 0 flags: 11 size: 8202 dataOffset: 2
09-15 13:46:43.491 18485 18883 D OPENHU  : [80] Companion.decrypt | RECV: AUDIO Media Data type: 0 flags: 11 size: 8202 dataOffset: 2
09-15 13:46:43.533 18485 18883 D OPENHU  : [80] Companion.decrypt | RECV: AUDIO Media Data type: 0 flags: 11 size: 8202 dataOffset: 2
09-15 13:46:43.578 18485 18883 D OPENHU  : [80] Companion.decrypt | RECV: AUDIO Media Data type: 0 flags: 11 size: 8202 dataOffset: 2
09-15 13:46:43.619 18485 18883 D OPENHU  : [80] Companion.decrypt | RECV: AUDIO Media Data type: 0 flags: 11 size: 8202 dataOffset: 2
09-15 13:46:43.642 18485 18485 I OPENHU  : [2] TextureProjectionView.onSurfaceTextureUpdated | TextureProjectionView: displayed 25 frames in 5088ms (4fps), longFrames=0
09-15 13:46:43.663 18485 18883 D OPENHU  : [80] Companion.decrypt | RECV: AUDIO Media Data type: 0 flags: 11 size: 8202 dataOffset: 2
09-15 13:46:43.705 18485 18883 D OPENHU  : [80] Companion.decrypt | RECV: AUDIO Media Data type: 0 flags: 11 size: 8202 dataOffset: 2
09-15 13:46:43.729 18485 18883 D OPENHU  : [80] Companion.decrypt | RECV: CONTROL Ping Request type: 11 flags: 11 size: 12 dataOffset: 2
09-15 13:46:43.730 18485 18883 V OPENHU  : [80] AapTransport.send | CONTROL Ping Response type: 12 flags: 11 size: 14 dataOffset: 6
09-15 13:46:43.748 18485 18883 D OPENHU  : [80] Companion.decrypt | RECV: AUDIO Media Data type: 0 flags: 11 size: 8202 dataOffset: 2
09-15 13:46:43.768 18485 18883 D OPENHU  : [80] Companion.decrypt | RECV: MUSIC_PLAYBACK Media Playback Status type: 32769 flags: 11 size: 17 dataOffset: 2
09-15 13:46:43.771 18485 18883 D OPENHU  : [80] AapMediaPlayback.processStatusPacket | AapMediaPlayback: status mediaSource='VLC', playbackSeconds(u32)=36, state=PLAYING
09-15 13:46:43.790 18485 18883 D OPENHU  : [80] Companion.decrypt | RECV: AUDIO Media Data type: 0 flags: 11 size: 8202 dataOffset: 2
09-15 13:46:43.825 18485 18881 I OPENHU  : [78] VideoDecoder.logFeedPacing | Feed queue full - pacing the transport thread instead of shedding frames (+4 more since the last line)
09-15 13:46:43.835 18485 18883 D OPENHU  : [80] Companion.decrypt | RECV: AUDIO Media Data type: 0 flags: 11 size: 8202 dataOffset: 2
09-15 13:46:43.875 18485 18883 D OPENHU  : [80] Companion.decrypt | RECV: AUDIO Media Data type: 0 flags: 11 size: 8202 dataOffset: 2
09-15 13:46:43.917 18485 18883 D OPENHU  : [80] Companion.decrypt | RECV: AUDIO Media Data type: 0 flags: 11 size: 8202 dataOffset: 2
09-15 13:46:43.960 18485 18883 D OPENHU  : [80] Companion.decrypt | RECV: AUDIO Media Data type: 0 flags: 11 size: 8202 dataOffset: 2
09-15 13:46:43.995 18485 18485 V OPENHU  : [2] GpsLocation.onLocationChanged | GpsLocation: fix received
09-15 13:46:44.002 18485 18485 V OPENHU  : [2] AapTransport.send | SENSOR Sensor Event type: 32771 flags: 11 size: 46 dataOffset: 6
09-15 13:46:44.003 18485 18883 D OPENHU  : [80] Companion.decrypt | RECV: AUDIO Media Data type: 0 flags: 11 size: 8202 dataOffset: 2
09-15 13:46:44.047 18485 18883 D OPENHU  : [80] Companion.decrypt | RECV: AUDIO Media Data type: 0 flags: 11 size: 8202 dataOffset: 2
09-15 13:46:44.097 18485 18883 D OPENHU  : [80] Companion.decrypt | RECV: AUDIO Media Data type: 0 flags: 11 size: 8202 dataOffset: 2
09-15 13:46:44.132 18485 18883 D OPENHU  : [80] Companion.decrypt | RECV: AUDIO Media Data type: 0 flags: 11 size: 8202 dataOffset: 2
09-15 13:46:44.175 18485 18883 D OPENHU  : [80] Companion.decrypt | RECV: AUDIO Media Data type: 0 flags: 11 size: 8202 dataOffset: 2
09-15 13:46:44.217 18485 18883 D OPENHU  : [80] Companion.decrypt | RECV: AUDIO Media Data type: 0 flags: 11 size: 8202 dataOffset: 2
09-15 13:46:44.258 18485 18883 D OPENHU  : [80] Companion.decrypt | RECV: AUDIO Media Data type: 0 flags: 11 size: 8202 dataOffset: 2
09-15 13:46:44.302 18485 18883 D OPENHU  : [80] Companion.decrypt | RECV: AUDIO Media Data type: 0 flags: 11 size: 8202 dataOffset: 2
09-15 13:46:44.346 18485 18883 D OPENHU  : [80] Companion.decrypt | RECV: AUDIO Media Data type: 0 flags: 11 size: 8202 dataOffset: 2
09-15 13:46:44.388 18485 18883 D OPENHU  : [80] Companion.decrypt | RECV: AUDIO Media Data type: 0 flags: 11 size: 8202 dataOffset: 2
09-15 13:46:44.431 18485 18883 D OPENHU  : [80] Companion.decrypt | RECV: AUDIO Media Data type: 0 flags: 11 size: 8202 dataOffset: 2
09-15 13:46:44.474 18485 18883 D OPENHU  : [80] Companion.decrypt | RECV: AUDIO Media Data type: 0 flags: 11 size: 8202 dataOffset: 2
09-15 13:46:44.514 18485 18883 D OPENHU  : [80] Companion.decrypt | RECV: AUDIO Media Data type: 0 flags: 11 size: 8202 dataOffset: 2
09-15 13:46:44.557 18485 18883 D OPENHU  : [80] Companion.decrypt | RECV: AUDIO Media Data type: 0 flags: 11 size: 8202 dataOffset: 2
09-15 13:46:44.600 18485 18883 D OPENHU  : [80] Companion.decrypt | RECV: AUDIO Media Data type: 0 flags: 11 size: 8202 dataOffset: 2
09-15 13:46:44.646 18485 18883 D OPENHU  : [80] Companion.decrypt | RECV: AUDIO Media Data type: 0 flags: 11 size: 8202 dataOffset: 2
09-15 13:46:44.693 18485 18883 D OPENHU  : [80] Companion.decrypt | RECV: AUDIO Media Data type: 0 flags: 11 size: 8202 dataOffset: 2
09-15 13:46:44.728 18485 18883 D OPENHU  : [80] Companion.decrypt | RECV: CONTROL Ping Request type: 11 flags: 11 size: 12 dataOffset: 2
09-15 13:46:44.729 18485 18883 V OPENHU  : [80] AapTransport.send | CONTROL Ping Response type: 12 flags: 11 size: 14 dataOffset: 6
09-15 13:46:44.731 18485 18883 D OPENHU  : [80] Companion.decrypt | RECV: AUDIO Media Data type: 0 flags: 11 size: 8202 dataOffset: 2
09-15 13:46:44.770 18485 18883 D OPENHU  : [80] Companion.decrypt | RECV: MUSIC_PLAYBACK Media Playback Status type: 32769 flags: 11 size: 17 dataOffset: 2
09-15 13:46:44.771 18485 18883 D OPENHU  : [80] AapMediaPlayback.processStatusPacket | AapMediaPlayback: status mediaSource='VLC', playbackSeconds(u32)=37, state=PLAYING
09-15 13:46:44.772 18485 18883 D OPENHU  : [80] Companion.decrypt | RECV: AUDIO Media Data type: 0 flags: 11 size: 8202 dataOffset: 2
09-15 13:46:44.812 18485 18883 D OPENHU  : [80] Companion.decrypt | RECV: AUDIO Media Data type: 0 flags: 11 size: 8202 dataOffset: 2
09-15 13:46:44.842 18485 18881 I OPENHU  : [78] VideoDecoder.logFeedPacing | Feed queue full - pacing the transport thread instead of shedding frames (+4 more since the last line)
09-15 13:46:44.858 18485 18883 D OPENHU  : [80] Companion.decrypt | RECV: AUDIO Media Data type: 0 flags: 11 size: 8202 dataOffset: 2
09-15 13:46:44.901 18485 18883 D OPENHU  : [80] Companion.decrypt | RECV: AUDIO Media Data type: 0 flags: 11 size: 8202 dataOffset: 2
09-15 13:46:44.941 18485 18883 D OPENHU  : [80] Companion.decrypt | RECV: AUDIO Media Data type: 0 flags: 11 size: 8202 dataOffset: 2
09-15 13:46:44.983 18485 18883 D OPENHU  : [80] Companion.decrypt | RECV: AUDIO Media Data type: 0 flags: 11 size: 8202 dataOffset: 2
09-15 13:46:45.021 18485 18485 V OPENHU  : [2] GpsLocation.onLocationChanged | GpsLocation: fix received
09-15 13:46:45.026 18485 18883 D OPENHU  : [80] Companion.decrypt | RECV: AUDIO Media Data type: 0 flags: 11 size: 8202 dataOffset: 2
09-15 13:46:45.027 18485 18485 V OPENHU  : [2] AapTransport.send | SENSOR Sensor Event type: 32771 flags: 11 size: 46 dataOffset: 6
09-15 13:46:45.070 18485 18883 D OPENHU  : [80] Companion.decrypt | RECV: AUDIO Media Data type: 0 flags: 11 size: 8202 dataOffset: 2
09-15 13:46:45.112 18485 18883 D OPENHU  : [80] Companion.decrypt | RECV: AUDIO Media Data type: 0 flags: 11 size: 8202 dataOffset: 2
09-15 13:46:45.154 18485 18883 D OPENHU  : [80] Companion.decrypt | RECV: AUDIO Media Data type: 0 flags: 11 size: 8202 dataOffset: 2
09-15 13:46:45.197 18485 18883 D OPENHU  : [80] Companion.decrypt | RECV: AUDIO Media Data type: 0 flags: 11 size: 8202 dataOffset: 2
09-15 13:46:45.240 18485 18883 D OPENHU  : [80] Companion.decrypt | RECV: AUDIO Media Data type: 0 flags: 11 size: 8202 dataOffset: 2
09-15 13:46:45.287 18485 18883 D OPENHU  : [80] Companion.decrypt | RECV: AUDIO Media Data type: 0 flags: 11 size: 8202 dataOffset: 2
09-15 13:46:45.325 18485 18883 D OPENHU  : [80] Companion.decrypt | RECV: AUDIO Media Data type: 0 flags: 11 size: 8202 dataOffset: 2
09-15 13:46:45.371 18485 18883 D OPENHU  : [80] Companion.decrypt | RECV: AUDIO Media Data type: 0 flags: 11 size: 8202 dataOffset: 2
09-15 13:46:45.415 18485 18883 I OPENHU  : [80] AapTransport.noteMessageReceived$com_andrerinas_headunitrevived_3_4_0_beta3_githubDebug | AapTransport: inbound rate over 30016ms: video=44kB/s (1087 msgs), audio=187kB/s (703 msgs), other=0kB/s (60 msgs)
09-15 13:46:45.419 18485 18883 D OPENHU  : [80] Companion.decrypt | RECV: AUDIO Media Data type: 0 flags: 11 size: 8202 dataOffset: 2
09-15 13:46:45.452 18485 18883 I OPENHU  : [80] AapMessageHandlerType.handle | AapTransport: transport dispatch over 30002ms: video=1303ms, audio=780ms, other=68ms, unread=7%, blocks=0, longest=4ms on AUDIO, videoQueue=3671
09-15 13:46:45.454 18485 18883 D OPENHU  : [80] Companion.decrypt | RECV: AUDIO Media Data type: 0 flags: 11 size: 8202 dataOffset: 2
09-15 13:46:45.497 18485 18883 D OPENHU  : [80] Companion.decrypt | RECV: AUDIO Media Data type: 0 flags: 11 size: 8202 dataOffset: 2
09-15 13:46:45.538 18485 18883 D OPENHU  : [80] Companion.decrypt | RECV: AUDIO Media Data type: 0 flags: 11 size: 8202 dataOffset: 2
09-15 13:46:45.583 18485 18883 D OPENHU  : [80] Companion.decrypt | RECV: AUDIO Media Data type: 0 flags: 11 size: 8202 dataOffset: 2
09-15 13:46:45.625 18485 18883 D OPENHU  : [80] Companion.decrypt | RECV: AUDIO Media Data type: 0 flags: 11 size: 8202 dataOffset: 2
09-15 13:46:45.672 18485 18883 D OPENHU  : [80] Companion.decrypt | RECV: AUDIO Media Data type: 0 flags: 11 size: 8202 dataOffset: 2
09-15 13:46:45.709 18485 18883 D OPENHU  : [80] Companion.decrypt | RECV: AUDIO Media Data type: 0 flags: 11 size: 8202 dataOffset: 2
09-15 13:46:45.727 18485 18883 D OPENHU  : [80] Companion.decrypt | RECV: CONTROL Ping Request type: 11 flags: 11 size: 12 dataOffset: 2
09-15 13:46:45.728 18485 18883 V OPENHU  : [80] AapTransport.send | CONTROL Ping Response type: 12 flags: 11 size: 14 dataOffset: 6
09-15 13:46:45.752 18485 18883 D OPENHU  : [80] Companion.decrypt | RECV: AUDIO Media Data type: 0 flags: 11 size: 8202 dataOffset: 2
09-15 13:46:45.770 18485 18883 D OPENHU  : [80] Companion.decrypt | RECV: MUSIC_PLAYBACK Media Playback Status type: 32769 flags: 11 size: 17 dataOffset: 2
09-15 13:46:45.771 18485 18883 D OPENHU  : [80] AapMediaPlayback.processStatusPacket | AapMediaPlayback: status mediaSource='VLC', playbackSeconds(u32)=38, state=PLAYING
09-15 13:46:45.795 18485 18883 D OPENHU  : [80] Companion.decrypt | RECV: AUDIO Media Data type: 0 flags: 11 size: 8202 dataOffset: 2
09-15 13:46:45.838 18485 18883 D OPENHU  : [80] Companion.decrypt | RECV: AUDIO Media Data type: 0 flags: 11 size: 8202 dataOffset: 2
09-15 13:46:45.861 18485 18881 I OPENHU  : [78] VideoDecoder.logFeedPacing | Feed queue full - pacing the transport thread instead of shedding frames (+4 more since the last line)
09-15 13:46:45.880 18485 18883 D OPENHU  : [80] Companion.decrypt | RECV: AUDIO Media Data type: 0 flags: 11 size: 8202 dataOffset: 2
09-15 13:46:45.922 18485 18883 D OPENHU  : [80] Companion.decrypt | RECV: AUDIO Media Data type: 0 flags: 11 size: 8202 dataOffset: 2
09-15 13:46:45.966 18485 18883 D OPENHU  : [80] Companion.decrypt | RECV: AUDIO Media Data type: 0 flags: 11 size: 8202 dataOffset: 2
09-15 13:46:45.996 18485 18485 V OPENHU  : [2] GpsLocation.onLocationChanged | GpsLocation: fix received
09-15 13:46:46.004 18485 18485 V OPENHU  : [2] AapTransport.send | SENSOR Sensor Event type: 32771 flags: 11 size: 46 dataOffset: 6
09-15 13:46:46.008 18485 18883 D OPENHU  : [80] Companion.decrypt | RECV: AUDIO Media Data type: 0 flags: 11 size: 8202 dataOffset: 2
09-15 13:46:46.051 18485 18883 D OPENHU  : [80] Companion.decrypt | RECV: AUDIO Media Data type: 0 flags: 11 size: 8202 dataOffset: 2
09-15 13:46:46.095 18485 18883 D OPENHU  : [80] Companion.decrypt | RECV: AUDIO Media Data type: 0 flags: 11 size: 8202 dataOffset: 2
09-15 13:46:46.138 18485 18883 D OPENHU  : [80] Companion.decrypt | RECV: AUDIO Media Data type: 0 flags: 11 size: 8202 dataOffset: 2
09-15 13:46:46.177 18485 18883 D OPENHU  : [80] Companion.decrypt | RECV: AUDIO Media Data type: 0 flags: 11 size: 8202 dataOffset: 2
09-15 13:46:46.220 18485 18883 D OPENHU  : [80] Companion.decrypt | RECV: AUDIO Media Data type: 0 flags: 11 size: 8202 dataOffset: 2
09-15 13:46:46.257 18485 18892 I OPENHU  : [81] AudioTrackWrapper.sampleHealth | audio sink AUDIO2 over 30089ms: underruns=0, silentCycles=0, rebanks=0, dropped=0, droppedFrames=0, shed=0, depth=0ms (min 0ms), queued=0, capacity=6400 frames (400ms), effective=6400 frames (400ms), target=1601 frames (100ms), drift=0ms
09-15 13:46:46.264 18485 18883 D OPENHU  : [80] Companion.decrypt | RECV: AUDIO Media Data type: 0 flags: 11 size: 8202 dataOffset: 2
09-15 13:46:46.282 18485 18894 I OPENHU  : [83] AudioTrackWrapper.sampleHealth | audio sink AUDIO1 over 30081ms: underruns=0, silentCycles=0, rebanks=0, dropped=0, droppedFrames=0, shed=0, depth=0ms (min 0ms), queued=0, capacity=6400 frames (400ms), effective=6400 frames (400ms), target=1601 frames (100ms), drift=0ms
09-15 13:46:46.304 18485 18883 D OPENHU  : [80] Companion.decrypt | RECV: AUDIO Media Data type: 0 flags: 11 size: 8202 dataOffset: 2
09-15 13:46:46.349 18485 18883 D OPENHU  : [80] Companion.decrypt | RECV: AUDIO Media Data type: 0 flags: 11 size: 8202 dataOffset: 2
09-15 13:46:46.351 18485 18896 I OPENHU  : [85] AudioTrackWrapper.sampleHealth | audio sink AUDIO over 30041ms: underruns=0, silentCycles=0, rebanks=0, dropped=0, droppedFrames=0, shed=0, depth=318ms (min 317ms), queued=7, capacity=30784 frames (641ms), effective=30784 frames (641ms), target=9600 frames (200ms), drift=0ms
09-15 13:46:46.391 18485 18883 D OPENHU  : [80] Companion.decrypt | RECV: AUDIO Media Data type: 0 flags: 11 size: 8202 dataOffset: 2
09-15 13:46:46.433 18485 18883 D OPENHU  : [80] Companion.decrypt | RECV: AUDIO Media Data type: 0 flags: 11 size: 8202 dataOffset: 2
09-15 13:46:46.479 18485 18883 D OPENHU  : [80] Companion.decrypt | RECV: AUDIO Media Data type: 0 flags: 11 size: 8202 dataOffset: 2
09-15 13:46:46.518 18485 18883 D OPENHU  : [80] Companion.decrypt | RECV: AUDIO Media Data type: 0 flags: 11 size: 8202 dataOffset: 2
09-15 13:46:46.562 18485 18883 D OPENHU  : [80] Companion.decrypt | RECV: AUDIO Media Data type: 0 flags: 11 size: 8202 dataOffset: 2
09-15 13:46:46.564 18485 18907 I OPENHU  : [89] VideoDecoder.logThroughput | Throughput over 5004ms: rendered=25 (4fps), fed=25 (4fps), dropped=0, skipped=0, concealed=0, inputWait=18ms, enqueueWait=5062ms, codec=c2.unisoc.avc.decoder, presented=25 (4fps), decodeLatency=unreadable (25 frames)
09-15 13:46:46.604 18485 18883 D OPENHU  : [80] Companion.decrypt | RECV: AUDIO Media Data type: 0 flags: 11 size: 8202 dataOffset: 2
09-15 13:46:46.650 18485 18883 D OPENHU  : [80] Companion.decrypt | RECV: AUDIO Media Data type: 0 flags: 11 size: 8202 dataOffset: 2
09-15 13:46:46.690 18485 18883 D OPENHU  : [80] Companion.decrypt | RECV: AUDIO Media Data type: 0 flags: 11 size: 8202 dataOffset: 2
09-15 13:46:46.729 18485 18883 D OPENHU  : [80] Companion.decrypt | RECV: CONTROL Ping Request type: 11 flags: 11 size: 12 dataOffset: 2
09-15 13:46:46.730 18485 18883 V OPENHU  : [80] AapTransport.send | CONTROL Ping Response type: 12 flags: 11 size: 14 dataOffset: 6
09-15 13:46:46.732 18485 18883 D OPENHU  : [80] Companion.decrypt | RECV: AUDIO Media Data type: 0 flags: 11 size: 8202 dataOffset: 2
09-15 13:46:46.772 18485 18883 D OPENHU  : [80] Companion.decrypt | RECV: MUSIC_PLAYBACK Media Playback Status type: 32769 flags: 11 size: 17 dataOffset: 2
09-15 13:46:46.772 18485 18883 D OPENHU  : [80] AapMediaPlayback.processStatusPacket | AapMediaPlayback: status mediaSource='VLC', playbackSeconds(u32)=39, state=PLAYING
09-15 13:46:46.777 18485 18883 D OPENHU  : [80] Companion.decrypt | RECV: AUDIO Media Data type: 0 flags: 11 size: 8202 dataOffset: 2
09-15 13:46:46.817 18485 18883 D OPENHU  : [80] Companion.decrypt | RECV: AUDIO Media Data type: 0 flags: 11 size: 8202 dataOffset: 2
09-15 13:46:46.860 18485 18883 D OPENHU  : [80] Companion.decrypt | RECV: AUDIO Media Data type: 0 flags: 11 size: 8202 dataOffset: 2
09-15 13:46:46.876 18485 18881 I OPENHU  : [78] VideoDecoder.logFeedPacing | Feed queue full - pacing the transport thread instead of shedding frames (+4 more since the last line)
09-15 13:46:46.902 18485 18883 D OPENHU  : [80] Companion.decrypt | RECV: AUDIO Media Data type: 0 flags: 11 size: 8202 dataOffset: 2
09-15 13:46:46.945 18485 18883 D OPENHU  : [80] Companion.decrypt | RECV: AUDIO Media Data type: 0 flags: 11 size: 8202 dataOffset: 2
09-15 13:46:46.988 18485 18883 D OPENHU  : [80] Companion.decrypt | RECV: AUDIO Media Data type: 0 flags: 11 size: 8202 dataOffset: 2
09-15 13:46:47.030 18485 18883 D OPENHU  : [80] Companion.decrypt | RECV: AUDIO Media Data type: 0 flags: 11 size: 8202 dataOffset: 2
09-15 13:46:47.032 18485 18485 V OPENHU  : [2] GpsLocation.onLocationChanged | GpsLocation: fix received
09-15 13:46:47.038 18485 18485 V OPENHU  : [2] AapTransport.send | SENSOR Sensor Event type: 32771 flags: 11 size: 46 dataOffset: 6
09-15 13:46:47.075 18485 18883 D OPENHU  : [80] Companion.decrypt | RECV: AUDIO Media Data type: 0 flags: 11 size: 8202 dataOffset: 2
09-15 13:46:47.118 18485 18883 D OPENHU  : [80] Companion.decrypt | RECV: AUDIO Media Data type: 0 flags: 11 size: 8202 dataOffset: 2
09-15 13:46:47.158 18485 18883 D OPENHU  : [80] Companion.decrypt | RECV: AUDIO Media Data type: 0 flags: 11 size: 8202 dataOffset: 2
09-15 13:46:47.203 18485 18883 D OPENHU  : [80] Companion.decrypt | RECV: AUDIO Media Data type: 0 flags: 11 size: 8202 dataOffset: 2
09-15 13:46:47.246 18485 18883 D OPENHU  : [80] Companion.decrypt | RECV: AUDIO Media Data type: 0 flags: 11 size: 8202 dataOffset: 2
09-15 13:46:47.287 18485 18883 D OPENHU  : [80] Companion.decrypt | RECV: AUDIO Media Data type: 0 flags: 11 size: 8202 dataOffset: 2
09-15 13:46:47.332 18485 18883 D OPENHU  : [80] Companion.decrypt | RECV: AUDIO Media Data type: 0 flags: 11 size: 8202 dataOffset: 2
09-15 13:46:47.372 18485 18883 D OPENHU  : [80] Companion.decrypt | RECV: AUDIO Media Data type: 0 flags: 11 size: 8202 dataOffset: 2
09-15 13:46:47.418 18485 18883 D OPENHU  : [80] Companion.decrypt | RECV: AUDIO Media Data type: 0 flags: 11 size: 8202 dataOffset: 2
09-15 13:46:47.458 18485 18883 D OPENHU  : [80] Companion.decrypt | RECV: AUDIO Media Data type: 0 flags: 11 size: 8202 dataOffset: 2
09-15 13:46:47.501 18485 18883 D OPENHU  : [80] Companion.decrypt | RECV: AUDIO Media Data type: 0 flags: 11 size: 8202 dataOffset: 2
09-15 13:46:47.544 18485 18883 D OPENHU  : [80] Companion.decrypt | RECV: AUDIO Media Data type: 0 flags: 11 size: 8202 dataOffset: 2
09-15 13:46:47.586 18485 18883 D OPENHU  : [80] Companion.decrypt | RECV: AUDIO Media Data type: 0 flags: 11 size: 8202 dataOffset: 2
09-15 13:46:47.627 18485 18883 D OPENHU  : [80] Companion.decrypt | RECV: AUDIO Media Data type: 0 flags: 11 size: 8202 dataOffset: 2
09-15 13:46:47.670 18485 18883 D OPENHU  : [80] Companion.decrypt | RECV: AUDIO Media Data type: 0 flags: 11 size: 8202 dataOffset: 2
09-15 13:46:47.713 18485 18883 D OPENHU  : [80] Companion.decrypt | RECV: AUDIO Media Data type: 0 flags: 11 size: 8202 dataOffset: 2
09-15 13:46:47.731 18485 18883 D OPENHU  : [80] Companion.decrypt | RECV: CONTROL Ping Request type: 11 flags: 11 size: 12 dataOffset: 2
09-15 13:46:47.732 18485 18883 V OPENHU  : [80] AapTransport.send | CONTROL Ping Response type: 12 flags: 11 size: 14 dataOffset: 6
09-15 13:46:47.756 18485 18883 D OPENHU  : [80] Companion.decrypt | RECV: AUDIO Media Data type: 0 flags: 11 size: 8202 dataOffset: 2
09-15 13:46:47.775 18485 18883 D OPENHU  : [80] Companion.decrypt | RECV: MUSIC_PLAYBACK Media Playback Status type: 32769 flags: 11 size: 17 dataOffset: 2
09-15 13:46:47.776 18485 18883 D OPENHU  : [80] AapMediaPlayback.processStatusPacket | AapMediaPlayback: status mediaSource='VLC', playbackSeconds(u32)=40, state=PLAYING
09-15 13:46:47.797 18485 18883 D OPENHU  : [80] Companion.decrypt | RECV: AUDIO Media Data type: 0 flags: 11 size: 8202 dataOffset: 2
09-15 13:46:47.842 18485 18883 D OPENHU  : [80] Companion.decrypt | RECV: AUDIO Media Data type: 0 flags: 11 size: 8202 dataOffset: 2
09-15 13:46:47.885 18485 18883 D OPENHU  : [80] Companion.decrypt | RECV: AUDIO Media Data type: 0 flags: 11 size: 8202 dataOffset: 2
09-15 13:46:47.893 18485 18881 I OPENHU  : [78] VideoDecoder.logFeedPacing | Feed queue full - pacing the transport thread instead of shedding frames (+4 more since the last line)
09-15 13:46:47.930 18485 18883 D OPENHU  : [80] Companion.decrypt | RECV: AUDIO Media Data type: 0 flags: 11 size: 8202 dataOffset: 2
09-15 13:46:47.972 18485 18883 D OPENHU  : [80] Companion.decrypt | RECV: AUDIO Media Data type: 0 flags: 11 size: 8202 dataOffset: 2
09-15 13:46:47.995 18485 18485 V OPENHU  : [2] GpsLocation.onLocationChanged | GpsLocation: fix received
09-15 13:46:48.005 18485 18485 V OPENHU  : [2] AapTransport.send | SENSOR Sensor Event type: 32771 flags: 11 size: 46 dataOffset: 6
09-15 13:46:48.017 18485 18883 D OPENHU  : [80] Companion.decrypt | RECV: AUDIO Media Data type: 0 flags: 11 size: 8202 dataOffset: 2
09-15 13:46:48.056 18485 18883 D OPENHU  : [80] Companion.decrypt | RECV: AUDIO Media Data type: 0 flags: 11 size: 8202 dataOffset: 2
09-15 13:46:48.097 18485 18883 D OPENHU  : [80] Companion.decrypt | RECV: AUDIO Media Data type: 0 flags: 11 size: 8202 dataOffset: 2
09-15 13:46:48.140 18485 18883 D OPENHU  : [80] Companion.decrypt | RECV: AUDIO Media Data type: 0 flags: 11 size: 8202 dataOffset: 2
09-15 13:46:48.182 18485 18883 D OPENHU  : [80] Companion.decrypt | RECV: AUDIO Media Data type: 0 flags: 11 size: 8202 dataOffset: 2
09-15 13:46:48.225 18485 18883 D OPENHU  : [80] Companion.decrypt | RECV: AUDIO Media Data type: 0 flags: 11 size: 8202 dataOffset: 2
09-15 13:46:48.267 18485 18883 D OPENHU  : [80] Companion.decrypt | RECV: AUDIO Media Data type: 0 flags: 11 size: 8202 dataOffset: 2
09-15 13:46:48.313 18485 18883 D OPENHU  : [80] Companion.decrypt | RECV: AUDIO Media Data type: 0 flags: 11 size: 8202 dataOffset: 2
09-15 13:46:48.352 18485 18883 D OPENHU  : [80] Companion.decrypt | RECV: AUDIO Media Data type: 0 flags: 11 size: 8202 dataOffset: 2
09-15 13:46:48.395 18485 18883 D OPENHU  : [80] Companion.decrypt | RECV: AUDIO Media Data type: 0 flags: 11 size: 8202 dataOffset: 2
09-15 13:46:48.438 18485 18883 D OPENHU  : [80] Companion.decrypt | RECV: AUDIO Media Data type: 0 flags: 11 size: 8202 dataOffset: 2
09-15 13:46:48.483 18485 18883 D OPENHU  : [80] Companion.decrypt | RECV: AUDIO Media Data type: 0 flags: 11 size: 8202 dataOffset: 2
09-15 13:46:48.526 18485 18883 D OPENHU  : [80] Companion.decrypt | RECV: AUDIO Media Data type: 0 flags: 11 size: 8202 dataOffset: 2
09-15 13:46:48.568 18485 18883 D OPENHU  : [80] Companion.decrypt | RECV: AUDIO Media Data type: 0 flags: 11 size: 8202 dataOffset: 2
09-15 13:46:48.611 18485 18883 D OPENHU  : [80] Companion.decrypt | RECV: AUDIO Media Data type: 0 flags: 11 size: 8202 dataOffset: 2
09-15 13:46:48.653 18485 18883 D OPENHU  : [80] Companion.decrypt | RECV: AUDIO Media Data type: 0 flags: 11 size: 8202 dataOffset: 2
09-15 13:46:48.699 18485 18883 D OPENHU  : [80] Companion.decrypt | RECV: AUDIO Media Data type: 0 flags: 11 size: 8202 dataOffset: 2
09-15 13:46:48.731 18485 18485 I OPENHU  : [2] TextureProjectionView.onSurfaceTextureUpdated | TextureProjectionView: displayed 25 frames in 5089ms (4fps), longFrames=0
09-15 13:46:48.734 18485 18883 D OPENHU  : [80] Companion.decrypt | RECV: CONTROL Ping Request type: 11 flags: 11 size: 12 dataOffset: 2
09-15 13:46:48.735 18485 18883 V OPENHU  : [80] AapTransport.send | CONTROL Ping Response type: 12 flags: 11 size: 14 dataOffset: 6
09-15 13:46:48.740 18485 18883 D OPENHU  : [80] Companion.decrypt | RECV: AUDIO Media Data type: 0 flags: 11 size: 8202 dataOffset: 2
09-15 13:46:48.778 18485 18883 D OPENHU  : [80] Companion.decrypt | RECV: MUSIC_PLAYBACK Media Playback Status type: 32769 flags: 11 size: 17 dataOffset: 2
09-15 13:46:48.779 18485 18883 D OPENHU  : [80] AapMediaPlayback.processStatusPacket | AapMediaPlayback: status mediaSource='VLC', playbackSeconds(u32)=41, state=PLAYING
09-15 13:46:48.780 18485 18883 D OPENHU  : [80] Companion.decrypt | RECV: AUDIO Media Data type: 0 flags: 11 size: 8202 dataOffset: 2
09-15 13:46:48.824 18485 18883 D OPENHU  : [80] Companion.decrypt | RECV: AUDIO Media Data type: 0 flags: 11 size: 8202 dataOffset: 2
09-15 13:46:48.864 18485 18883 D OPENHU  : [80] Companion.decrypt | RECV: AUDIO Media Data type: 0 flags: 11 size: 8202 dataOffset: 2
09-15 13:46:48.908 18485 18881 I OPENHU  : [78] VideoDecoder.logFeedPacing | Feed queue full - pacing the transport thread instead of shedding frames (+4 more since the last line)
09-15 13:46:48.919 18485 18883 D OPENHU  : [80] Companion.decrypt | RECV: AUDIO Media Data type: 0 flags: 11 size: 8202 dataOffset: 2
09-15 13:46:48.950 18485 18883 D OPENHU  : [80] Companion.decrypt | RECV: AUDIO Media Data type: 0 flags: 11 size: 8202 dataOffset: 2
09-15 13:46:48.995 18485 18883 D OPENHU  : [80] Companion.decrypt | RECV: AUDIO Media Data type: 0 flags: 11 size: 8202 dataOffset: 2
09-15 13:46:49.025 18485 18485 V OPENHU  : [2] GpsLocation.onLocationChanged | GpsLocation: fix received
09-15 13:46:49.032 18485 18485 V OPENHU  : [2] AapTransport.send | SENSOR Sensor Event type: 32771 flags: 11 size: 46 dataOffset: 6
09-15 13:46:49.053 18485 18883 D OPENHU  : [80] Companion.decrypt | RECV: AUDIO Media Data type: 0 flags: 11 size: 8202 dataOffset: 2
09-15 13:46:49.081 18485 18883 D OPENHU  : [80] Companion.decrypt | RECV: AUDIO Media Data type: 0 flags: 11 size: 8202 dataOffset: 2
09-15 13:46:49.122 18485 18883 D OPENHU  : [80] Companion.decrypt | RECV: AUDIO Media Data type: 0 flags: 11 size: 8202 dataOffset: 2
09-15 13:46:49.177 18485 18883 D OPENHU  : [80] Companion.decrypt | RECV: AUDIO Media Data type: 0 flags: 11 size: 8202 dataOffset: 2
09-15 13:46:49.207 18485 18883 D OPENHU  : [80] Companion.decrypt | RECV: AUDIO Media Data type: 0 flags: 11 size: 8202 dataOffset: 2
09-15 13:46:49.256 18485 18883 D OPENHU  : [80] Companion.decrypt | RECV: AUDIO Media Data type: 0 flags: 11 size: 8202 dataOffset: 2
09-15 13:46:49.311 18485 18883 D OPENHU  : [80] Companion.decrypt | RECV: AUDIO Media Data type: 0 flags: 11 size: 8202 dataOffset: 2
09-15 13:46:49.336 18485 18883 D OPENHU  : [80] Companion.decrypt | RECV: AUDIO Media Data type: 0 flags: 11 size: 8202 dataOffset: 2
09-15 13:46:49.379 18485 18883 D OPENHU  : [80] Companion.decrypt | RECV: AUDIO Media Data type: 0 flags: 11 size: 8202 dataOffset: 2
09-15 13:46:49.446 18485 18883 D OPENHU  : [80] Companion.decrypt | RECV: AUDIO Media Data type: 0 flags: 11 size: 8202 dataOffset: 2
09-15 13:46:49.463 18485 18883 D OPENHU  : [80] Companion.decrypt | RECV: AUDIO Media Data type: 0 flags: 11 size: 8202 dataOffset: 2
09-15 13:46:49.506 18485 18883 D OPENHU  : [80] Companion.decrypt | RECV: AUDIO Media Data type: 0 flags: 11 size: 8202 dataOffset: 2
09-15 13:46:49.549 18485 18883 D OPENHU  : [80] Companion.decrypt | RECV: AUDIO Media Data type: 0 flags: 11 size: 8202 dataOffset: 2
09-15 13:46:49.594 18485 18883 D OPENHU  : [80] Companion.decrypt | RECV: AUDIO Media Data type: 0 flags: 11 size: 8202 dataOffset: 2
09-15 13:46:49.636 18485 18883 D OPENHU  : [80] Companion.decrypt | RECV: AUDIO Media Data type: 0 flags: 11 size: 8202 dataOffset: 2
09-15 13:46:49.679 18485 18883 D OPENHU  : [80] Companion.decrypt | RECV: AUDIO Media Data type: 0 flags: 11 size: 8202 dataOffset: 2
09-15 13:46:49.739 18485 18883 D OPENHU  : [80] Companion.decrypt | RECV: AUDIO Media Data type: 0 flags: 11 size: 8202 dataOffset: 2
09-15 13:46:49.745 18485 18883 D OPENHU  : [80] Companion.decrypt | RECV: CONTROL Ping Request type: 11 flags: 11 size: 12 dataOffset: 2
09-15 13:46:49.746 18485 18883 V OPENHU  : [80] AapTransport.send | CONTROL Ping Response type: 12 flags: 11 size: 14 dataOffset: 6
09-15 13:46:49.760 18485 18883 D OPENHU  : [80] Companion.decrypt | RECV: AUDIO Media Data type: 0 flags: 11 size: 8202 dataOffset: 2
09-15 13:46:49.778 18485 18883 D OPENHU  : [80] Companion.decrypt | RECV: MUSIC_PLAYBACK Media Playback Status type: 32769 flags: 11 size: 17 dataOffset: 2
09-15 13:46:49.779 18485 18883 D OPENHU  : [80] AapMediaPlayback.processStatusPacket | AapMediaPlayback: status mediaSource='VLC', playbackSeconds(u32)=42, state=PLAYING
09-15 13:46:49.805 18485 18883 D OPENHU  : [80] Companion.decrypt | RECV: AUDIO Media Data type: 0 flags: 11 size: 8202 dataOffset: 2
09-15 13:46:49.873 18485 18883 D OPENHU  : [80] Companion.decrypt | RECV: AUDIO Media Data type: 0 flags: 11 size: 8202 dataOffset: 2
09-15 13:46:49.891 18485 18883 D OPENHU  : [80] Companion.decrypt | RECV: AUDIO Media Data type: 0 flags: 11 size: 8202 dataOffset: 2
09-15 13:46:49.920 18485 18881 I OPENHU  : [78] VideoDecoder.logFeedPacing | Feed queue full - pacing the transport thread instead of shedding frames (+4 more since the last line)
09-15 13:46:49.933 18485 18883 D OPENHU  : [80] Companion.decrypt | RECV: AUDIO Media Data type: 0 flags: 11 size: 8202 dataOffset: 2
09-15 13:46:49.978 18485 18883 D OPENHU  : [80] Companion.decrypt | RECV: AUDIO Media Data type: 0 flags: 11 size: 8202 dataOffset: 2
09-15 13:46:49.995 18485 18485 V OPENHU  : [2] GpsLocation.onLocationChanged | GpsLocation: fix received
09-15 13:46:50.003 18485 18485 V OPENHU  : [2] AapTransport.send | SENSOR Sensor Event type: 32771 flags: 11 size: 46 dataOffset: 6
09-15 13:46:50.019 18485 18883 D OPENHU  : [80] Companion.decrypt | RECV: AUDIO Media Data type: 0 flags: 11 size: 8202 dataOffset: 2
09-15 13:46:50.061 18485 18883 D OPENHU  : [80] Companion.decrypt | RECV: AUDIO Media Data type: 0 flags: 11 size: 8202 dataOffset: 2
09-15 13:46:50.137 18485 18883 D OPENHU  : [80] Companion.decrypt | RECV: AUDIO Media Data type: 0 flags: 11 size: 8202 dataOffset: 2
09-15 13:46:50.147 18485 18883 D OPENHU  : [80] Companion.decrypt | RECV: AUDIO Media Data type: 0 flags: 11 size: 8202 dataOffset: 2
09-15 13:46:50.190 18485 18883 D OPENHU  : [80] Companion.decrypt | RECV: AUDIO Media Data type: 0 flags: 11 size: 8202 dataOffset: 2
09-15 13:46:50.231 18485 18883 D OPENHU  : [80] Companion.decrypt | RECV: AUDIO Media Data type: 0 flags: 11 size: 8202 dataOffset: 2
09-15 13:46:50.274 18485 18883 D OPENHU  : [80] Companion.decrypt | RECV: AUDIO Media Data type: 0 flags: 11 size: 8202 dataOffset: 2
09-15 13:46:50.317 18485 18883 D OPENHU  : [80] Companion.decrypt | RECV: AUDIO Media Data type: 0 flags: 11 size: 8202 dataOffset: 2
09-15 13:46:50.359 18485 18883 D OPENHU  : [80] Companion.decrypt | RECV: AUDIO Media Data type: 0 flags: 11 size: 8202 dataOffset: 2
09-15 13:46:50.407 18485 18883 D OPENHU  : [80] Companion.decrypt | RECV: AUDIO Media Data type: 0 flags: 11 size: 8202 dataOffset: 2
09-15 13:46:50.446 18485 18883 D OPENHU  : [80] Companion.decrypt | RECV: AUDIO Media Data type: 0 flags: 11 size: 8202 dataOffset: 2
09-15 13:46:50.490 18485 18883 D OPENHU  : [80] Companion.decrypt | RECV: AUDIO Media Data type: 0 flags: 11 size: 8202 dataOffset: 2
09-15 13:46:50.555 18485 18883 D OPENHU  : [80] Companion.decrypt | RECV: AUDIO Media Data type: 0 flags: 11 size: 8202 dataOffset: 2
09-15 13:46:50.575 18485 18883 D OPENHU  : [80] Companion.decrypt | RECV: AUDIO Media Data type: 0 flags: 11 size: 8202 dataOffset: 2
09-15 13:46:50.618 18485 18883 D OPENHU  : [80] Companion.decrypt | RECV: AUDIO Media Data type: 0 flags: 11 size: 8202 dataOffset: 2
09-15 13:46:50.660 18485 18883 D OPENHU  : [80] Companion.decrypt | RECV: AUDIO Media Data type: 0 flags: 11 size: 8202 dataOffset: 2
09-15 13:46:50.703 18485 18883 D OPENHU  : [80] Companion.decrypt | RECV: AUDIO Media Data type: 0 flags: 11 size: 8202 dataOffset: 2
09-15 13:46:50.739 18485 18883 D OPENHU  : [80] Companion.decrypt | RECV: CONTROL Ping Request type: 11 flags: 11 size: 12 dataOffset: 2
09-15 13:46:50.740 18485 18883 V OPENHU  : [80] AapTransport.send | CONTROL Ping Response type: 12 flags: 11 size: 14 dataOffset: 6
09-15 13:46:50.746 18485 18883 D OPENHU  : [80] Companion.decrypt | RECV: AUDIO Media Data type: 0 flags: 11 size: 8202 dataOffset: 2
09-15 13:46:50.785 18485 18883 D OPENHU  : [80] Companion.decrypt | RECV: MUSIC_PLAYBACK Media Playback Status type: 32769 flags: 11 size: 17 dataOffset: 2
09-15 13:46:50.787 18485 18883 D OPENHU  : [80] AapMediaPlayback.processStatusPacket | AapMediaPlayback: status mediaSource='VLC', playbackSeconds(u32)=43, state=PLAYING
09-15 13:46:50.790 18485 18883 D OPENHU  : [80] Companion.decrypt | RECV: AUDIO Media Data type: 0 flags: 11 size: 8202 dataOffset: 2
09-15 13:46:50.830 18485 18883 D OPENHU  : [80] Companion.decrypt | RECV: AUDIO Media Data type: 0 flags: 11 size: 8202 dataOffset: 2
09-15 13:46:50.873 18485 18883 D OPENHU  : [80] Companion.decrypt | RECV: AUDIO Media Data type: 0 flags: 11 size: 8202 dataOffset: 2
09-15 13:46:50.915 18485 18883 D OPENHU  : [80] Companion.decrypt | RECV: AUDIO Media Data type: 0 flags: 11 size: 8202 dataOffset: 2
09-15 13:46:50.935 18485 18881 I OPENHU  : [78] VideoDecoder.logFeedPacing | Feed queue full - pacing the transport thread instead of shedding frames (+4 more since the last line)
09-15 13:46:50.967 18485 18883 D OPENHU  : [80] Companion.decrypt | RECV: AUDIO Media Data type: 0 flags: 11 size: 8202 dataOffset: 2
09-15 13:46:51.000 18485 18883 D OPENHU  : [80] Companion.decrypt | RECV: AUDIO Media Data type: 0 flags: 11 size: 8202 dataOffset: 2
09-15 13:46:51.025 18485 18485 V OPENHU  : [2] GpsLocation.onLocationChanged | GpsLocation: fix received
09-15 13:46:51.033 18485 18485 V OPENHU  : [2] AapTransport.send | SENSOR Sensor Event type: 32771 flags: 11 size: 46 dataOffset: 6
09-15 13:46:51.043 18485 18883 D OPENHU  : [80] Companion.decrypt | RECV: AUDIO Media Data type: 0 flags: 11 size: 8202 dataOffset: 2
09-15 13:46:51.094 18485 18883 D OPENHU  : [80] Companion.decrypt | RECV: AUDIO Media Data type: 0 flags: 11 size: 8202 dataOffset: 2
09-15 13:46:51.127 18485 18883 D OPENHU  : [80] Companion.decrypt | RECV: AUDIO Media Data type: 0 flags: 11 size: 8202 dataOffset: 2
09-15 13:46:51.170 18485 18883 D OPENHU  : [80] Companion.decrypt | RECV: AUDIO Media Data type: 0 flags: 11 size: 8202 dataOffset: 2
09-15 13:46:51.223 18485 18883 D OPENHU  : [80] Companion.decrypt | RECV: AUDIO Media Data type: 0 flags: 11 size: 8202 dataOffset: 2
09-15 13:46:51.256 18485 18883 D OPENHU  : [80] Companion.decrypt | RECV: AUDIO Media Data type: 0 flags: 11 size: 8202 dataOffset: 2
09-15 13:46:51.297 18485 18883 D OPENHU  : [80] Companion.decrypt | RECV: AUDIO Media Data type: 0 flags: 11 size: 8202 dataOffset: 2
09-15 13:46:51.341 18485 18883 D OPENHU  : [80] Companion.decrypt | RECV: AUDIO Media Data type: 0 flags: 11 size: 8202 dataOffset: 2
09-15 13:46:51.384 18485 18883 D OPENHU  : [80] Companion.decrypt | RECV: AUDIO Media Data type: 0 flags: 11 size: 8202 dataOffset: 2
09-15 13:46:51.426 18485 18883 D OPENHU  : [80] Companion.decrypt | RECV: AUDIO Media Data type: 0 flags: 11 size: 8202 dataOffset: 2
09-15 13:46:51.469 18485 18883 D OPENHU  : [80] Companion.decrypt | RECV: AUDIO Media Data type: 0 flags: 11 size: 8202 dataOffset: 2
09-15 13:46:51.512 18485 18883 D OPENHU  : [80] Companion.decrypt | RECV: AUDIO Media Data type: 0 flags: 11 size: 8202 dataOffset: 2
09-15 13:46:51.554 18485 18883 D OPENHU  : [80] Companion.decrypt | RECV: AUDIO Media Data type: 0 flags: 11 size: 8202 dataOffset: 2
09-15 13:46:51.564 18485 18907 I OPENHU  : [89] VideoDecoder.logThroughput | Throughput over 5000ms: rendered=25 (5fps), fed=25 (5fps), dropped=0, skipped=0, concealed=0, inputWait=10ms, enqueueWait=5053ms, codec=c2.unisoc.avc.decoder, presented=25 (5fps), decodeLatency=unreadable (25 frames)
09-15 13:46:51.622 18485 18883 D OPENHU  : [80] Companion.decrypt | RECV: AUDIO Media Data type: 0 flags: 11 size: 8202 dataOffset: 2
09-15 13:46:51.639 18485 18883 D OPENHU  : [80] Companion.decrypt | RECV: AUDIO Media Data type: 0 flags: 11 size: 8202 dataOffset: 2
09-15 13:46:51.683 18485 18883 D OPENHU  : [80] Companion.decrypt | RECV: AUDIO Media Data type: 0 flags: 11 size: 8202 dataOffset: 2
09-15 13:46:51.735 18485 18883 D OPENHU  : [80] Companion.decrypt | RECV: AUDIO Media Data type: 0 flags: 11 size: 8202 dataOffset: 2
09-15 13:46:51.739 18485 18883 D OPENHU  : [80] Companion.decrypt | RECV: CONTROL Ping Request type: 11 flags: 11 size: 12 dataOffset: 2
09-15 13:46:51.739 18485 18883 V OPENHU  : [80] AapTransport.send | CONTROL Ping Response type: 12 flags: 11 size: 14 dataOffset: 6
09-15 13:46:51.768 18485 18883 D OPENHU  : [80] Companion.decrypt | RECV: AUDIO Media Data type: 0 flags: 11 size: 8202 dataOffset: 2
09-15 13:46:51.788 18485 18883 D OPENHU  : [80] Companion.decrypt | RECV: MUSIC_PLAYBACK Media Playback Status type: 32769 flags: 11 size: 17 dataOffset: 2
09-15 13:46:51.789 18485 18883 D OPENHU  : [80] AapMediaPlayback.processStatusPacket | AapMediaPlayback: status mediaSource='VLC', playbackSeconds(u32)=44, state=PLAYING
09-15 13:46:51.819 18485 18883 D OPENHU  : [80] Companion.decrypt | RECV: AUDIO Media Data type: 0 flags: 11 size: 8202 dataOffset: 2
09-15 13:46:51.853 18485 18883 D OPENHU  : [80] Companion.decrypt | RECV: AUDIO Media Data type: 0 flags: 11 size: 8202 dataOffset: 2
09-15 13:46:51.897 18485 18883 D OPENHU  : [80] Companion.decrypt | RECV: AUDIO Media Data type: 0 flags: 11 size: 8202 dataOffset: 2
09-15 13:46:51.938 18485 18883 D OPENHU  : [80] Companion.decrypt | RECV: AUDIO Media Data type: 0 flags: 11 size: 8202 dataOffset: 2
09-15 13:46:51.951 18485 18881 I OPENHU  : [78] VideoDecoder.logFeedPacing | Feed queue full - pacing the transport thread instead of shedding frames (+4 more since the last line)
09-15 13:46:51.980 18485 18883 D OPENHU  : [80] Companion.decrypt | RECV: AUDIO Media Data type: 0 flags: 11 size: 8202 dataOffset: 2
09-15 13:46:51.996 18485 18485 V OPENHU  : [2] GpsLocation.onLocationChanged | GpsLocation: fix received
09-15 13:46:52.004 18485 18485 V OPENHU  : [2] AapTransport.send | SENSOR Sensor Event type: 32771 flags: 11 size: 46 dataOffset: 6
09-15 13:46:52.024 18485 18883 D OPENHU  : [80] Companion.decrypt | RECV: AUDIO Media Data type: 0 flags: 11 size: 8202 dataOffset: 2
09-15 13:46:52.068 18485 18883 D OPENHU  : [80] Companion.decrypt | RECV: AUDIO Media Data type: 0 flags: 11 size: 8202 dataOffset: 2
09-15 13:46:52.108 18485 18883 D OPENHU  : [80] Companion.decrypt | RECV: AUDIO Media Data type: 0 flags: 11 size: 8202 dataOffset: 2
09-15 13:46:52.151 18485 18883 D OPENHU  : [80] Companion.decrypt | RECV: AUDIO Media Data type: 0 flags: 11 size: 8202 dataOffset: 2
09-15 13:46:52.195 18485 18883 D OPENHU  : [80] Companion.decrypt | RECV: AUDIO Media Data type: 0 flags: 11 size: 8202 dataOffset: 2
09-15 13:46:52.239 18485 18883 D OPENHU  : [80] Companion.decrypt | RECV: AUDIO Media Data type: 0 flags: 11 size: 8202 dataOffset: 2
09-15 13:46:52.281 18485 18883 D OPENHU  : [80] Companion.decrypt | RECV: AUDIO Media Data type: 0 flags: 11 size: 8202 dataOffset: 2
09-15 13:46:52.321 18485 18883 D OPENHU  : [80] Companion.decrypt | RECV: AUDIO Media Data type: 0 flags: 11 size: 8202 dataOffset: 2
09-15 13:46:52.367 18485 18883 D OPENHU  : [80] Companion.decrypt | RECV: AUDIO Media Data type: 0 flags: 11 size: 8202 dataOffset: 2
09-15 13:46:52.407 18485 18883 D OPENHU  : [80] Companion.decrypt | RECV: AUDIO Media Data type: 0 flags: 11 size: 8202 dataOffset: 2
09-15 13:46:52.451 18485 18883 D OPENHU  : [80] Companion.decrypt | RECV: AUDIO Media Data type: 0 flags: 11 size: 8202 dataOffset: 2
09-15 13:46:52.495 18485 18883 D OPENHU  : [80] Companion.decrypt | RECV: AUDIO Media Data type: 0 flags: 11 size: 8202 dataOffset: 2
09-15 13:46:52.535 18485 18883 D OPENHU  : [80] Companion.decrypt | RECV: AUDIO Media Data type: 0 flags: 11 size: 8202 dataOffset: 2
09-15 13:46:52.579 18485 18883 D OPENHU  : [80] Companion.decrypt | RECV: AUDIO Media Data type: 0 flags: 11 size: 8202 dataOffset: 2
09-15 13:46:52.620 18485 18883 D OPENHU  : [80] Companion.decrypt | RECV: AUDIO Media Data type: 0 flags: 11 size: 8202 dataOffset: 2
09-15 13:46:52.665 18485 18883 D OPENHU  : [80] Companion.decrypt | RECV: AUDIO Media Data type: 0 flags: 11 size: 8202 dataOffset: 2
09-15 13:46:52.705 18485 18883 D OPENHU  : [80] Companion.decrypt | RECV: AUDIO Media Data type: 0 flags: 11 size: 8202 dataOffset: 2
09-15 13:46:52.739 18485 18883 D OPENHU  : [80] Companion.decrypt | RECV: CONTROL Ping Request type: 11 flags: 11 size: 12 dataOffset: 2
09-15 13:46:52.740 18485 18883 V OPENHU  : [80] AapTransport.send | CONTROL Ping Response type: 12 flags: 11 size: 14 dataOffset: 6
09-15 13:46:52.750 18485 18883 D OPENHU  : [80] Companion.decrypt | RECV: AUDIO Media Data type: 0 flags: 11 size: 8202 dataOffset: 2
09-15 13:46:52.791 18485 18883 D OPENHU  : [80] Companion.decrypt | RECV: AUDIO Media Data type: 0 flags: 11 size: 8202 dataOffset: 2
09-15 13:46:52.797 18485 18883 D OPENHU  : [80] Companion.decrypt | RECV: MUSIC_PLAYBACK Media Playback Status type: 32769 flags: 11 size: 17 dataOffset: 2
09-15 13:46:52.798 18485 18883 D OPENHU  : [80] AapMediaPlayback.processStatusPacket | AapMediaPlayback: status mediaSource='VLC', playbackSeconds(u32)=45, state=PLAYING
09-15 13:46:52.834 18485 18883 D OPENHU  : [80] Companion.decrypt | RECV: AUDIO Media Data type: 0 flags: 11 size: 8202 dataOffset: 2
09-15 13:46:52.877 18485 18883 D OPENHU  : [80] Companion.decrypt | RECV: AUDIO Media Data type: 0 flags: 11 size: 8202 dataOffset: 2
09-15 13:46:52.920 18485 18883 D OPENHU  : [80] Companion.decrypt | RECV: AUDIO Media Data type: 0 flags: 11 size: 8202 dataOffset: 2
09-15 13:46:52.962 18485 18883 D OPENHU  : [80] Companion.decrypt | RECV: AUDIO Media Data type: 0 flags: 11 size: 8202 dataOffset: 2
09-15 13:46:52.962 18485 18881 I OPENHU  : [78] VideoDecoder.logFeedPacing | Feed queue full - pacing the transport thread instead of shedding frames (+4 more since the last line)
09-15 13:46:53.006 18485 18883 D OPENHU  : [80] Companion.decrypt | RECV: AUDIO Media Data type: 0 flags: 11 size: 8202 dataOffset: 2
09-15 13:46:53.034 18485 18485 V OPENHU  : [2] GpsLocation.onLocationChanged | GpsLocation: fix received
09-15 13:46:53.041 18485 18485 V OPENHU  : [2] AapTransport.send | SENSOR Sensor Event type: 32771 flags: 11 size: 46 dataOffset: 6
09-15 13:46:53.048 18485 18883 D OPENHU  : [80] Companion.decrypt | RECV: AUDIO Media Data type: 0 flags: 11 size: 8202 dataOffset: 2
09-15 13:46:53.091 18485 18883 D OPENHU  : [80] Companion.decrypt | RECV: AUDIO Media Data type: 0 flags: 11 size: 8202 dataOffset: 2
09-15 13:46:53.134 18485 18883 D OPENHU  : [80] Companion.decrypt | RECV: AUDIO Media Data type: 0 flags: 11 size: 8202 dataOffset: 2
09-15 13:46:53.177 18485 18883 D OPENHU  : [80] Companion.decrypt | RECV: AUDIO Media Data type: 0 flags: 11 size: 8202 dataOffset: 2
09-15 13:46:53.219 18485 18883 D OPENHU  : [80] Companion.decrypt | RECV: AUDIO Media Data type: 0 flags: 11 size: 8202 dataOffset: 2
09-15 13:46:53.261 18485 18883 D OPENHU  : [80] Companion.decrypt | RECV: AUDIO Media Data type: 0 flags: 11 size: 8202 dataOffset: 2
09-15 13:46:53.304 18485 18883 D OPENHU  : [80] Companion.decrypt | RECV: AUDIO Media Data type: 0 flags: 11 size: 8202 dataOffset: 2
09-15 13:46:53.348 18485 18883 D OPENHU  : [80] Companion.decrypt | RECV: AUDIO Media Data type: 0 flags: 11 size: 8202 dataOffset: 2
09-15 13:46:53.388 18485 18883 D OPENHU  : [80] Companion.decrypt | RECV: AUDIO Media Data type: 0 flags: 11 size: 8202 dataOffset: 2
09-15 13:46:53.433 18485 18883 D OPENHU  : [80] Companion.decrypt | RECV: AUDIO Media Data type: 0 flags: 11 size: 8202 dataOffset: 2
09-15 13:46:53.475 18485 18883 D OPENHU  : [80] Companion.decrypt | RECV: AUDIO Media Data type: 0 flags: 11 size: 8202 dataOffset: 2
09-15 13:46:53.517 18485 18883 D OPENHU  : [80] Companion.decrypt | RECV: AUDIO Media Data type: 0 flags: 11 size: 8202 dataOffset: 2
09-15 13:46:53.560 18485 18883 D OPENHU  : [80] Companion.decrypt | RECV: AUDIO Media Data type: 0 flags: 11 size: 8202 dataOffset: 2
09-15 13:46:53.602 18485 18883 D OPENHU  : [80] Companion.decrypt | RECV: AUDIO Media Data type: 0 flags: 11 size: 8202 dataOffset: 2
09-15 13:46:53.647 18485 18883 D OPENHU  : [80] Companion.decrypt | RECV: AUDIO Media Data type: 0 flags: 11 size: 8202 dataOffset: 2
09-15 13:46:53.687 18485 18883 D OPENHU  : [80] Companion.decrypt | RECV: AUDIO Media Data type: 0 flags: 11 size: 8202 dataOffset: 2
09-15 13:46:53.731 18485 18883 D OPENHU  : [80] Companion.decrypt | RECV: AUDIO Media Data type: 0 flags: 11 size: 8202 dataOffset: 2
09-15 13:46:53.740 18485 18883 D OPENHU  : [80] Companion.decrypt | RECV: CONTROL Ping Request type: 11 flags: 11 size: 12 dataOffset: 2
09-15 13:46:53.741 18485 18883 V OPENHU  : [80] AapTransport.send | CONTROL Ping Response type: 12 flags: 11 size: 14 dataOffset: 6
09-15 13:46:53.775 18485 18883 D OPENHU  : [80] Companion.decrypt | RECV: AUDIO Media Data type: 0 flags: 11 size: 8202 dataOffset: 2
09-15 13:46:53.798 18485 18883 D OPENHU  : [80] Companion.decrypt | RECV: MUSIC_PLAYBACK Media Playback Status type: 32769 flags: 11 size: 17 dataOffset: 2
09-15 13:46:53.799 18485 18883 D OPENHU  : [80] AapMediaPlayback.processStatusPacket | AapMediaPlayback: status mediaSource='VLC', playbackSeconds(u32)=46, state=PLAYING
09-15 13:46:53.800 18485 18485 I OPENHU  : [2] TextureProjectionView.onSurfaceTextureUpdated | TextureProjectionView: displayed 25 frames in 5069ms (4fps), longFrames=0
09-15 13:46:53.815 18485 18883 D OPENHU  : [80] Companion.decrypt | RECV: AUDIO Media Data type: 0 flags: 11 size: 8202 dataOffset: 2
09-15 13:46:53.858 18485 18883 D OPENHU  : [80] Companion.decrypt | RECV: AUDIO Media Data type: 0 flags: 11 size: 8202 dataOffset: 2
09-15 13:46:53.901 18485 18883 D OPENHU  : [80] Companion.decrypt | RECV: AUDIO Media Data type: 0 flags: 11 size: 8202 dataOffset: 2
09-15 13:46:53.944 18485 18883 D OPENHU  : [80] Companion.decrypt | RECV: AUDIO Media Data type: 0 flags: 11 size: 8202 dataOffset: 2
09-15 13:46:53.979 18485 18881 I OPENHU  : [78] VideoDecoder.logFeedPacing | Feed queue full - pacing the transport thread instead of shedding frames (+4 more since the last line)
09-15 13:46:53.986 18485 18883 D OPENHU  : [80] Companion.decrypt | RECV: AUDIO Media Data type: 0 flags: 11 size: 8202 dataOffset: 2
09-15 13:46:53.999 18485 18485 V OPENHU  : [2] GpsLocation.onLocationChanged | GpsLocation: fix received
09-15 13:46:54.006 18485 18485 V OPENHU  : [2] AapTransport.send | SENSOR Sensor Event type: 32771 flags: 11 size: 46 dataOffset: 6
09-15 13:46:54.028 18485 18883 D OPENHU  : [80] Companion.decrypt | RECV: AUDIO Media Data type: 0 flags: 11 size: 8202 dataOffset: 2
09-15 13:46:54.072 18485 18883 D OPENHU  : [80] Companion.decrypt | RECV: AUDIO Media Data type: 0 flags: 11 size: 8202 dataOffset: 2
09-15 13:46:54.113 18485 18883 D OPENHU  : [80] Companion.decrypt | RECV: AUDIO Media Data type: 0 flags: 11 size: 8202 dataOffset: 2
09-15 13:46:54.158 18485 18883 D OPENHU  : [80] Companion.decrypt | RECV: AUDIO Media Data type: 0 flags: 11 size: 8202 dataOffset: 2
09-15 13:46:54.199 18485 18883 D OPENHU  : [80] Companion.decrypt | RECV: AUDIO Media Data type: 0 flags: 11 size: 8202 dataOffset: 2
09-15 13:46:54.244 18485 18883 D OPENHU  : [80] Companion.decrypt | RECV: AUDIO Media Data type: 0 flags: 11 size: 8202 dataOffset: 2
09-15 13:46:54.285 18485 18883 D OPENHU  : [80] Companion.decrypt | RECV: AUDIO Media Data type: 0 flags: 11 size: 8202 dataOffset: 2
09-15 13:46:54.328 18485 18883 D OPENHU  : [80] Companion.decrypt | RECV: AUDIO Media Data type: 0 flags: 11 size: 8202 dataOffset: 2
09-15 13:46:54.376 18485 18883 D OPENHU  : [80] Companion.decrypt | RECV: AUDIO Media Data type: 0 flags: 11 size: 8202 dataOffset: 2
09-15 13:46:54.416 18485 18883 D OPENHU  : [80] Companion.decrypt | RECV: AUDIO Media Data type: 0 flags: 11 size: 8202 dataOffset: 2
09-15 13:46:54.456 18485 18883 D OPENHU  : [80] Companion.decrypt | RECV: AUDIO Media Data type: 0 flags: 11 size: 8202 dataOffset: 2
09-15 13:46:54.497 18485 18883 D OPENHU  : [80] Companion.decrypt | RECV: AUDIO Media Data type: 0 flags: 11 size: 8202 dataOffset: 2
09-15 13:46:54.542 18485 18883 D OPENHU  : [80] Companion.decrypt | RECV: AUDIO Media Data type: 0 flags: 11 size: 8202 dataOffset: 2
09-15 13:46:54.584 18485 18883 D OPENHU  : [80] Companion.decrypt | RECV: AUDIO Media Data type: 0 flags: 11 size: 8202 dataOffset: 2
09-15 13:46:54.627 18485 18883 D OPENHU  : [80] Companion.decrypt | RECV: AUDIO Media Data type: 0 flags: 11 size: 8202 dataOffset: 2
09-15 13:46:54.674 18485 18883 D OPENHU  : [80] Companion.decrypt | RECV: AUDIO Media Data type: 0 flags: 11 size: 8202 dataOffset: 2
09-15 13:46:54.713 18485 18883 D OPENHU  : [80] Companion.decrypt | RECV: AUDIO Media Data type: 0 flags: 11 size: 8202 dataOffset: 2
09-15 13:46:54.741 18485 18883 D OPENHU  : [80] Companion.decrypt | RECV: CONTROL Ping Request type: 11 flags: 11 size: 12 dataOffset: 2
09-15 13:46:54.742 18485 18883 V OPENHU  : [80] AapTransport.send | CONTROL Ping Response type: 12 flags: 11 size: 14 dataOffset: 6
09-15 13:46:54.754 18485 18883 D OPENHU  : [80] Companion.decrypt | RECV: AUDIO Media Data type: 0 flags: 11 size: 8202 dataOffset: 2
09-15 13:46:54.799 18485 18883 D OPENHU  : [80] Companion.decrypt | RECV: AUDIO Media Data type: 0 flags: 11 size: 8202 dataOffset: 2
09-15 13:46:54.802 18485 18883 D OPENHU  : [80] Companion.decrypt | RECV: MUSIC_PLAYBACK Media Playback Status type: 32769 flags: 11 size: 17 dataOffset: 2
09-15 13:46:54.803 18485 18883 D OPENHU  : [80] AapMediaPlayback.processStatusPacket | AapMediaPlayback: status mediaSource='VLC', playbackSeconds(u32)=47, state=PLAYING
09-15 13:46:54.840 18485 18883 D OPENHU  : [80] Companion.decrypt | RECV: AUDIO Media Data type: 0 flags: 11 size: 8202 dataOffset: 2
09-15 13:46:54.883 18485 18883 D OPENHU  : [80] Companion.decrypt | RECV: AUDIO Media Data type: 0 flags: 11 size: 8202 dataOffset: 2
09-15 13:46:54.928 18485 18883 D OPENHU  : [80] Companion.decrypt | RECV: AUDIO Media Data type: 0 flags: 11 size: 8202 dataOffset: 2
09-15 13:46:54.970 18485 18883 D OPENHU  : [80] Companion.decrypt | RECV: AUDIO Media Data type: 0 flags: 11 size: 8202 dataOffset: 2
09-15 13:46:54.991 18485 18881 I OPENHU  : [78] VideoDecoder.logFeedPacing | Feed queue full - pacing the transport thread instead of shedding frames (+4 more since the last line)
09-15 13:46:55.015 18485 18883 D OPENHU  : [80] Companion.decrypt | RECV: AUDIO Media Data type: 0 flags: 11 size: 8202 dataOffset: 2
09-15 13:46:55.027 18485 18485 V OPENHU  : [2] GpsLocation.onLocationChanged | GpsLocation: fix received
09-15 13:46:55.035 18485 18485 V OPENHU  : [2] AapTransport.send | SENSOR Sensor Event type: 32771 flags: 11 size: 46 dataOffset: 6
09-15 13:46:55.055 18485 18883 D OPENHU  : [80] Companion.decrypt | RECV: AUDIO Media Data type: 0 flags: 11 size: 8202 dataOffset: 2
09-15 13:46:55.098 18485 18883 D OPENHU  : [80] Companion.decrypt | RECV: AUDIO Media Data type: 0 flags: 11 size: 8202 dataOffset: 2
09-15 13:46:55.140 18485 18883 D OPENHU  : [80] Companion.decrypt | RECV: AUDIO Media Data type: 0 flags: 11 size: 8202 dataOffset: 2
09-15 13:46:55.183 18485 18883 D OPENHU  : [80] Companion.decrypt | RECV: AUDIO Media Data type: 0 flags: 11 size: 8202 dataOffset: 2
09-15 13:46:55.226 18485 18883 D OPENHU  : [80] Companion.decrypt | RECV: AUDIO Media Data type: 0 flags: 11 size: 8202 dataOffset: 2
09-15 13:46:55.268 18485 18883 D OPENHU  : [80] Companion.decrypt | RECV: AUDIO Media Data type: 0 flags: 11 size: 8202 dataOffset: 2
09-15 13:46:55.311 18485 18883 D OPENHU  : [80] Companion.decrypt | RECV: AUDIO Media Data type: 0 flags: 11 size: 8202 dataOffset: 2
09-15 13:46:55.354 18485 18883 D OPENHU  : [80] Companion.decrypt | RECV: AUDIO Media Data type: 0 flags: 11 size: 8202 dataOffset: 2
09-15 13:46:55.397 18485 18883 D OPENHU  : [80] Companion.decrypt | RECV: AUDIO Media Data type: 0 flags: 11 size: 8202 dataOffset: 2
09-15 13:46:55.438 18485 18883 D OPENHU  : [80] Companion.decrypt | RECV: AUDIO Media Data type: 0 flags: 11 size: 8202 dataOffset: 2
09-15 13:46:55.480 18485 18883 D OPENHU  : [80] Companion.decrypt | RECV: AUDIO Media Data type: 0 flags: 11 size: 8202 dataOffset: 2
09-15 13:46:55.522 18485 18883 D OPENHU  : [80] Companion.decrypt | RECV: AUDIO Media Data type: 0 flags: 11 size: 8202 dataOffset: 2
09-15 13:46:55.566 18485 18883 D OPENHU  : [80] Companion.decrypt | RECV: AUDIO Media Data type: 0 flags: 11 size: 8202 dataOffset: 2
09-15 13:46:55.608 18485 18883 D OPENHU  : [80] Companion.decrypt | RECV: AUDIO Media Data type: 0 flags: 11 size: 8202 dataOffset: 2
09-15 13:46:55.652 18485 18883 D OPENHU  : [80] Companion.decrypt | RECV: AUDIO Media Data type: 0 flags: 11 size: 8202 dataOffset: 2
09-15 13:46:55.695 18485 18883 D OPENHU  : [80] Companion.decrypt | RECV: AUDIO Media Data type: 0 flags: 11 size: 8202 dataOffset: 2
09-15 13:46:55.737 18485 18883 D OPENHU  : [80] Companion.decrypt | RECV: AUDIO Media Data type: 0 flags: 11 size: 8202 dataOffset: 2
09-15 13:46:55.742 18485 18883 D OPENHU  : [80] Companion.decrypt | RECV: CONTROL Ping Request type: 11 flags: 11 size: 12 dataOffset: 2
09-15 13:46:55.744 18485 18883 V OPENHU  : [80] AapTransport.send | CONTROL Ping Response type: 12 flags: 11 size: 14 dataOffset: 6
09-15 13:46:55.780 18485 18883 D OPENHU  : [80] Companion.decrypt | RECV: AUDIO Media Data type: 0 flags: 11 size: 8202 dataOffset: 2
09-15 13:46:55.802 18485 18883 D OPENHU  : [80] Companion.decrypt | RECV: MUSIC_PLAYBACK Media Playback Status type: 32769 flags: 11 size: 17 dataOffset: 2
09-15 13:46:55.804 18485 18883 D OPENHU  : [80] AapMediaPlayback.processStatusPacket | AapMediaPlayback: status mediaSource='VLC', playbackSeconds(u32)=48, state=PLAYING
09-15 13:46:55.823 18485 18883 D OPENHU  : [80] Companion.decrypt | RECV: AUDIO Media Data type: 0 flags: 11 size: 8202 dataOffset: 2
09-15 13:46:55.865 18485 18883 D OPENHU  : [80] Companion.decrypt | RECV: AUDIO Media Data type: 0 flags: 11 size: 8202 dataOffset: 2
09-15 13:46:55.906 18485 18883 D OPENHU  : [80] Companion.decrypt | RECV: AUDIO Media Data type: 0 flags: 11 size: 8202 dataOffset: 2
09-15 13:46:55.949 18485 18883 D OPENHU  : [80] Companion.decrypt | RECV: AUDIO Media Data type: 0 flags: 11 size: 8202 dataOffset: 2
09-15 13:46:55.992 18485 18883 D OPENHU  : [80] Companion.decrypt | RECV: AUDIO Media Data type: 0 flags: 11 size: 8202 dataOffset: 2
09-15 13:46:55.994 18485 18485 V OPENHU  : [2] GpsLocation.onLocationChanged | GpsLocation: fix received
09-15 13:46:56.004 18485 18485 V OPENHU  : [2] AapTransport.send | SENSOR Sensor Event type: 32771 flags: 11 size: 46 dataOffset: 6
09-15 13:46:56.007 18485 18881 I OPENHU  : [78] VideoDecoder.logFeedPacing | Feed queue full - pacing the transport thread instead of shedding frames (+4 more since the last line)
09-15 13:46:56.036 18485 18883 D OPENHU  : [80] Companion.decrypt | RECV: AUDIO Media Data type: 0 flags: 11 size: 8202 dataOffset: 2
09-15 13:46:56.077 18485 18883 D OPENHU  : [80] Companion.decrypt | RECV: AUDIO Media Data type: 0 flags: 11 size: 8202 dataOffset: 2
09-15 13:46:56.122 18485 18883 D OPENHU  : [80] Companion.decrypt | RECV: AUDIO Media Data type: 0 flags: 11 size: 8202 dataOffset: 2
09-15 13:46:56.165 18485 18883 D OPENHU  : [80] Companion.decrypt | RECV: AUDIO Media Data type: 0 flags: 11 size: 8202 dataOffset: 2
09-15 13:46:56.207 18485 18883 D OPENHU  : [80] Companion.decrypt | RECV: AUDIO Media Data type: 0 flags: 11 size: 8202 dataOffset: 2
09-15 13:46:56.251 18485 18883 D OPENHU  : [80] Companion.decrypt | RECV: AUDIO Media Data type: 0 flags: 11 size: 8202 dataOffset: 2
09-15 13:46:56.293 18485 18883 D OPENHU  : [80] Companion.decrypt | RECV: AUDIO Media Data type: 0 flags: 11 size: 8202 dataOffset: 2
09-15 13:46:56.335 18485 18883 D OPENHU  : [80] Companion.decrypt | RECV: AUDIO Media Data type: 0 flags: 11 size: 8202 dataOffset: 2
09-15 13:46:56.377 18485 18883 D OPENHU  : [80] Companion.decrypt | RECV: AUDIO Media Data type: 0 flags: 11 size: 8202 dataOffset: 2
09-15 13:46:56.420 18485 18883 D OPENHU  : [80] Companion.decrypt | RECV: AUDIO Media Data type: 0 flags: 11 size: 8202 dataOffset: 2
09-15 13:46:56.461 18485 18883 D OPENHU  : [80] Companion.decrypt | RECV: AUDIO Media Data type: 0 flags: 11 size: 8202 dataOffset: 2
09-15 13:46:56.504 18485 18883 D OPENHU  : [80] Companion.decrypt | RECV: AUDIO Media Data type: 0 flags: 11 size: 8202 dataOffset: 2
09-15 13:46:56.546 18485 18883 D OPENHU  : [80] Companion.decrypt | RECV: AUDIO Media Data type: 0 flags: 11 size: 8202 dataOffset: 2
09-15 13:46:56.570 18485 18907 I OPENHU  : [89] VideoDecoder.logThroughput | Throughput over 5006ms: rendered=24 (4fps), fed=24 (4fps), dropped=0, skipped=0, concealed=0, inputWait=12ms, enqueueWait=4847ms, codec=c2.unisoc.avc.decoder, presented=24 (4fps), decodeLatency=unreadable (24 frames)
09-15 13:46:56.590 18485 18883 D OPENHU  : [80] Companion.decrypt | RECV: AUDIO Media Data type: 0 flags: 11 size: 8202 dataOffset: 2
09-15 13:46:56.633 18485 18883 D OPENHU  : [80] Companion.decrypt | RECV: AUDIO Media Data type: 0 flags: 11 size: 8202 dataOffset: 2
09-15 13:46:56.676 18485 18883 D OPENHU  : [80] Companion.decrypt | RECV: AUDIO Media Data type: 0 flags: 11 size: 8202 dataOffset: 2
09-15 13:46:56.719 18485 18883 D OPENHU  : [80] Companion.decrypt | RECV: AUDIO Media Data type: 0 flags: 11 size: 8202 dataOffset: 2
09-15 13:46:56.744 18485 18883 D OPENHU  : [80] Companion.decrypt | RECV: CONTROL Ping Request type: 11 flags: 11 size: 12 dataOffset: 2
09-15 13:46:56.745 18485 18883 V OPENHU  : [80] AapTransport.send | CONTROL Ping Response type: 12 flags: 11 size: 14 dataOffset: 6
09-15 13:46:56.761 18485 18883 D OPENHU  : [80] Companion.decrypt | RECV: AUDIO Media Data type: 0 flags: 11 size: 8202 dataOffset: 2
09-15 13:46:56.803 18485 18883 D OPENHU  : [80] Companion.decrypt | RECV: MUSIC_PLAYBACK Media Playback Status type: 32769 flags: 11 size: 17 dataOffset: 2
09-15 13:46:56.804 18485 18883 D OPENHU  : [80] AapMediaPlayback.processStatusPacket | AapMediaPlayback: status mediaSource='VLC', playbackSeconds(u32)=49, state=PLAYING
09-15 13:46:56.809 18485 18883 D OPENHU  : [80] Companion.decrypt | RECV: AUDIO Media Data type: 0 flags: 11 size: 8202 dataOffset: 2
09-15 13:46:56.844 18485 18883 D OPENHU  : [80] Companion.decrypt | RECV: AUDIO Media Data type: 0 flags: 11 size: 8202 dataOffset: 2
09-15 13:46:56.890 18485 18883 D OPENHU  : [80] Companion.decrypt | RECV: AUDIO Media Data type: 0 flags: 11 size: 8202 dataOffset: 2
09-15 13:46:56.937 18485 18883 D OPENHU  : [80] Companion.decrypt | RECV: AUDIO Media Data type: 0 flags: 11 size: 8202 dataOffset: 2
09-15 13:46:56.977 18485 18883 D OPENHU  : [80] Companion.decrypt | RECV: AUDIO Media Data type: 0 flags: 11 size: 8202 dataOffset: 2
09-15 13:46:57.020 18485 18883 D OPENHU  : [80] Companion.decrypt | RECV: AUDIO Media Data type: 0 flags: 11 size: 8202 dataOffset: 2
09-15 13:46:57.024 18485 18881 I OPENHU  : [78] VideoDecoder.logFeedPacing | Feed queue full - pacing the transport thread instead of shedding frames (+4 more since the last line)
09-15 13:46:57.028 18485 18485 V OPENHU  : [2] GpsLocation.onLocationChanged | GpsLocation: fix received
09-15 13:46:57.037 18485 18485 V OPENHU  : [2] AapTransport.send | SENSOR Sensor Event type: 32771 flags: 11 size: 46 dataOffset: 6
09-15 13:46:57.061 18485 18883 D OPENHU  : [80] Companion.decrypt | RECV: AUDIO Media Data type: 0 flags: 11 size: 8202 dataOffset: 2
09-15 13:46:57.104 18485 18883 D OPENHU  : [80] Companion.decrypt | RECV: AUDIO Media Data type: 0 flags: 11 size: 8202 dataOffset: 2
09-15 13:46:57.145 18485 18883 D OPENHU  : [80] Companion.decrypt | RECV: AUDIO Media Data type: 0 flags: 11 size: 8202 dataOffset: 2
09-15 13:46:57.187 18485 18883 D OPENHU  : [80] Companion.decrypt | RECV: AUDIO Media Data type: 0 flags: 11 size: 8202 dataOffset: 2
09-15 13:46:57.229 18485 18883 D OPENHU  : [80] Companion.decrypt | RECV: AUDIO Media Data type: 0 flags: 11 size: 8202 dataOffset: 2
09-15 13:46:57.272 18485 18883 D OPENHU  : [80] Companion.decrypt | RECV: AUDIO Media Data type: 0 flags: 11 size: 8202 dataOffset: 2
09-15 13:46:57.315 18485 18883 D OPENHU  : [80] Companion.decrypt | RECV: AUDIO Media Data type: 0 flags: 11 size: 8202 dataOffset: 2
09-15 13:46:57.356 18485 18883 D OPENHU  : [80] Companion.decrypt | RECV: AUDIO Media Data type: 0 flags: 11 size: 8202 dataOffset: 2
09-15 13:46:57.406 18485 18883 D OPENHU  : [80] Companion.decrypt | RECV: AUDIO Media Data type: 0 flags: 11 size: 8202 dataOffset: 2
09-15 13:46:57.441 18485 18883 D OPENHU  : [80] Companion.decrypt | RECV: AUDIO Media Data type: 0 flags: 11 size: 8202 dataOffset: 2
09-15 13:46:57.485 18485 18883 D OPENHU  : [80] Companion.decrypt | RECV: AUDIO Media Data type: 0 flags: 11 size: 8202 dataOffset: 2
09-15 13:46:57.529 18485 18883 D OPENHU  : [80] Companion.decrypt | RECV: AUDIO Media Data type: 0 flags: 11 size: 8202 dataOffset: 2
09-15 13:46:57.571 18485 18883 D OPENHU  : [80] Companion.decrypt | RECV: AUDIO Media Data type: 0 flags: 11 size: 8202 dataOffset: 2
09-15 13:46:57.615 18485 18883 D OPENHU  : [80] Companion.decrypt | RECV: AUDIO Media Data type: 0 flags: 11 size: 8202 dataOffset: 2
09-15 13:46:57.655 18485 18883 D OPENHU  : [80] Companion.decrypt | RECV: AUDIO Media Data type: 0 flags: 11 size: 8202 dataOffset: 2
09-15 13:46:57.700 18485 18883 D OPENHU  : [80] Companion.decrypt | RECV: AUDIO Media Data type: 0 flags: 11 size: 8202 dataOffset: 2
09-15 13:46:57.741 18485 18883 D OPENHU  : [80] Companion.decrypt | RECV: AUDIO Media Data type: 0 flags: 11 size: 8202 dataOffset: 2
09-15 13:46:57.744 18485 18883 D OPENHU  : [80] Companion.decrypt | RECV: CONTROL Ping Request type: 11 flags: 11 size: 12 dataOffset: 2
09-15 13:46:57.745 18485 18883 V OPENHU  : [80] AapTransport.send | CONTROL Ping Response type: 12 flags: 11 size: 14 dataOffset: 6
09-15 13:46:57.784 18485 18883 D OPENHU  : [80] Companion.decrypt | RECV: AUDIO Media Data type: 0 flags: 11 size: 8202 dataOffset: 2
09-15 13:46:57.800 18485 18883 D OPENHU  : [80] Companion.decrypt | RECV: MUSIC_PLAYBACK Media Playback Status type: 32769 flags: 11 size: 17 dataOffset: 2
09-15 13:46:57.800 18485 18883 D OPENHU  : [80] AapMediaPlayback.processStatusPacket | AapMediaPlayback: status mediaSource='VLC', playbackSeconds(u32)=50, state=PLAYING
09-15 13:46:57.825 18485 18883 D OPENHU  : [80] Companion.decrypt | RECV: AUDIO Media Data type: 0 flags: 11 size: 8202 dataOffset: 2
09-15 13:46:57.871 18485 18883 D OPENHU  : [80] Companion.decrypt | RECV: AUDIO Media Data type: 0 flags: 11 size: 8202 dataOffset: 2
09-15 13:46:57.913 18485 18883 D OPENHU  : [80] Companion.decrypt | RECV: AUDIO Media Data type: 0 flags: 11 size: 8202 dataOffset: 2
09-15 13:46:57.955 18485 18883 D OPENHU  : [80] Companion.decrypt | RECV: AUDIO Media Data type: 0 flags: 11 size: 8202 dataOffset: 2
09-15 13:46:57.994 18485 18485 V OPENHU  : [2] GpsLocation.onLocationChanged | GpsLocation: fix received
09-15 13:46:57.998 18485 18883 D OPENHU  : [80] Companion.decrypt | RECV: AUDIO Media Data type: 0 flags: 11 size: 8202 dataOffset: 2
09-15 13:46:58.003 18485 18485 V OPENHU  : [2] AapTransport.send | SENSOR Sensor Event type: 32771 flags: 11 size: 46 dataOffset: 6
09-15 13:46:58.037 18485 18881 I OPENHU  : [78] VideoDecoder.logFeedPacing | Feed queue full - pacing the transport thread instead of shedding frames (+4 more since the last line)
09-15 13:46:58.040 18485 18883 D OPENHU  : [80] Companion.decrypt | RECV: AUDIO Media Data type: 0 flags: 11 size: 8202 dataOffset: 2
09-15 13:46:58.083 18485 18883 D OPENHU  : [80] Companion.decrypt | RECV: AUDIO Media Data type: 0 flags: 11 size: 8202 dataOffset: 2
09-15 13:46:58.126 18485 18883 D OPENHU  : [80] Companion.decrypt | RECV: AUDIO Media Data type: 0 flags: 11 size: 8202 dataOffset: 2
09-15 13:46:58.171 18485 18883 D OPENHU  : [80] Companion.decrypt | RECV: AUDIO Media Data type: 0 flags: 11 size: 8202 dataOffset: 2
09-15 13:46:58.213 18485 18883 D OPENHU  : [80] Companion.decrypt | RECV: AUDIO Media Data type: 0 flags: 11 size: 8202 dataOffset: 2
09-15 13:46:58.254 18485 18883 D OPENHU  : [80] Companion.decrypt | RECV: AUDIO Media Data type: 0 flags: 11 size: 8202 dataOffset: 2
09-15 13:46:58.295 18485 18883 D OPENHU  : [80] Companion.decrypt | RECV: AUDIO Media Data type: 0 flags: 11 size: 8202 dataOffset: 2
09-15 13:46:58.337 18485 18883 D OPENHU  : [80] Companion.decrypt | RECV: AUDIO Media Data type: 0 flags: 11 size: 8202 dataOffset: 2
09-15 13:46:58.380 18485 18883 D OPENHU  : [80] Companion.decrypt | RECV: AUDIO Media Data type: 0 flags: 11 size: 8202 dataOffset: 2
09-15 13:46:58.425 18485 18883 D OPENHU  : [80] Companion.decrypt | RECV: AUDIO Media Data type: 0 flags: 11 size: 8202 dataOffset: 2
09-15 13:46:58.467 18485 18883 D OPENHU  : [80] Companion.decrypt | RECV: AUDIO Media Data type: 0 flags: 11 size: 8202 dataOffset: 2
09-15 13:46:58.511 18485 18883 D OPENHU  : [80] Companion.decrypt | RECV: AUDIO Media Data type: 0 flags: 11 size: 8202 dataOffset: 2
09-15 13:46:58.552 18485 18883 D OPENHU  : [80] Companion.decrypt | RECV: AUDIO Media Data type: 0 flags: 11 size: 8202 dataOffset: 2
09-15 13:46:58.595 18485 18883 D OPENHU  : [80] Companion.decrypt | RECV: AUDIO Media Data type: 0 flags: 11 size: 8202 dataOffset: 2
09-15 13:46:58.636 18485 18883 D OPENHU  : [80] Companion.decrypt | RECV: AUDIO Media Data type: 0 flags: 11 size: 8202 dataOffset: 2
09-15 13:46:58.679 18485 18883 D OPENHU  : [80] Companion.decrypt | RECV: AUDIO Media Data type: 0 flags: 11 size: 8202 dataOffset: 2
09-15 13:46:58.723 18485 18883 D OPENHU  : [80] Companion.decrypt | RECV: AUDIO Media Data type: 0 flags: 11 size: 8202 dataOffset: 2
09-15 13:46:58.744 18485 18883 D OPENHU  : [80] Companion.decrypt | RECV: CONTROL Ping Request type: 11 flags: 11 size: 12 dataOffset: 2
09-15 13:46:58.745 18485 18883 V OPENHU  : [80] AapTransport.send | CONTROL Ping Response type: 12 flags: 11 size: 14 dataOffset: 6
09-15 13:46:58.765 18485 18883 D OPENHU  : [80] Companion.decrypt | RECV: AUDIO Media Data type: 0 flags: 11 size: 8202 dataOffset: 2
09-15 13:46:58.806 18485 18883 D OPENHU  : [80] Companion.decrypt | RECV: MUSIC_PLAYBACK Media Playback Status type: 32769 flags: 11 size: 17 dataOffset: 2
09-15 13:46:58.807 18485 18883 D OPENHU  : [80] AapMediaPlayback.processStatusPacket | AapMediaPlayback: status mediaSource='VLC', playbackSeconds(u32)=51, state=PLAYING
09-15 13:46:58.809 18485 18883 D OPENHU  : [80] Companion.decrypt | RECV: AUDIO Media Data type: 0 flags: 11 size: 8202 dataOffset: 2
09-15 13:46:58.853 18485 18883 D OPENHU  : [80] Companion.decrypt | RECV: AUDIO Media Data type: 0 flags: 11 size: 8202 dataOffset: 2
09-15 13:46:58.870 18485 18485 I OPENHU  : [2] TextureProjectionView.onSurfaceTextureUpdated | TextureProjectionView: displayed 25 frames in 5071ms (4fps), longFrames=0
09-15 13:46:58.894 18485 18883 D OPENHU  : [80] Companion.decrypt | RECV: AUDIO Media Data type: 0 flags: 11 size: 8202 dataOffset: 2
09-15 13:46:58.936 18485 18883 D OPENHU  : [80] Companion.decrypt | RECV: AUDIO Media Data type: 0 flags: 11 size: 8202 dataOffset: 2
09-15 13:46:58.981 18485 18883 D OPENHU  : [80] Companion.decrypt | RECV: AUDIO Media Data type: 0 flags: 11 size: 8202 dataOffset: 2
09-15 13:46:59.021 18485 18883 D OPENHU  : [80] Companion.decrypt | RECV: AUDIO Media Data type: 0 flags: 11 size: 8202 dataOffset: 2
09-15 13:46:59.031 18485 18485 V OPENHU  : [2] GpsLocation.onLocationChanged | GpsLocation: fix received
09-15 13:46:59.038 18485 18485 V OPENHU  : [2] AapTransport.send | SENSOR Sensor Event type: 32771 flags: 11 size: 46 dataOffset: 6
09-15 13:46:59.057 18485 18881 I OPENHU  : [78] VideoDecoder.logFeedPacing | Feed queue full - pacing the transport thread instead of shedding frames (+4 more since the last line)
09-15 13:46:59.063 18485 18883 D OPENHU  : [80] Companion.decrypt | RECV: AUDIO Media Data type: 0 flags: 11 size: 8202 dataOffset: 2
09-15 13:46:59.107 18485 18883 D OPENHU  : [80] Companion.decrypt | RECV: AUDIO Media Data type: 0 flags: 11 size: 8202 dataOffset: 2
09-15 13:46:59.148 18485 18883 D OPENHU  : [80] Companion.decrypt | RECV: AUDIO Media Data type: 0 flags: 11 size: 8202 dataOffset: 2
09-15 13:46:59.192 18485 18883 D OPENHU  : [80] Companion.decrypt | RECV: AUDIO Media Data type: 0 flags: 11 size: 8202 dataOffset: 2
09-15 13:46:59.233 18485 18883 D OPENHU  : [80] Companion.decrypt | RECV: AUDIO Media Data type: 0 flags: 11 size: 8202 dataOffset: 2
09-15 13:46:59.277 18485 18883 D OPENHU  : [80] Companion.decrypt | RECV: AUDIO Media Data type: 0 flags: 11 size: 8202 dataOffset: 2
09-15 13:46:59.319 18485 18883 D OPENHU  : [80] Companion.decrypt | RECV: AUDIO Media Data type: 0 flags: 11 size: 8202 dataOffset: 2
09-15 13:46:59.361 18485 18883 D OPENHU  : [80] Companion.decrypt | RECV: AUDIO Media Data type: 0 flags: 11 size: 8202 dataOffset: 2
09-15 13:46:59.405 18485 18883 D OPENHU  : [80] Companion.decrypt | RECV: AUDIO Media Data type: 0 flags: 11 size: 8202 dataOffset: 2
09-15 13:46:59.448 18485 18883 D OPENHU  : [80] Companion.decrypt | RECV: AUDIO Media Data type: 0 flags: 11 size: 8202 dataOffset: 2
09-15 13:46:59.492 18485 18883 D OPENHU  : [80] Companion.decrypt | RECV: AUDIO Media Data type: 0 flags: 11 size: 8202 dataOffset: 2
09-15 13:46:59.533 18485 18883 D OPENHU  : [80] Companion.decrypt | RECV: AUDIO Media Data type: 0 flags: 11 size: 8202 dataOffset: 2
09-15 13:46:59.576 18485 18883 D OPENHU  : [80] Companion.decrypt | RECV: AUDIO Media Data type: 0 flags: 11 size: 8202 dataOffset: 2
09-15 13:46:59.620 18485 18883 D OPENHU  : [80] Companion.decrypt | RECV: AUDIO Media Data type: 0 flags: 11 size: 8202 dataOffset: 2
09-15 13:46:59.665 18485 18883 D OPENHU  : [80] Companion.decrypt | RECV: AUDIO Media Data type: 0 flags: 11 size: 8202 dataOffset: 2
09-15 13:46:59.704 18485 18883 D OPENHU  : [80] Companion.decrypt | RECV: AUDIO Media Data type: 0 flags: 11 size: 8202 dataOffset: 2
09-15 13:46:59.747 18485 18883 D OPENHU  : [80] Companion.decrypt | RECV: CONTROL Ping Request type: 11 flags: 11 size: 12 dataOffset: 2
09-15 13:46:59.748 18485 18883 V OPENHU  : [80] AapTransport.send | CONTROL Ping Response type: 12 flags: 11 size: 14 dataOffset: 6
09-15 13:46:59.750 18485 18883 D OPENHU  : [80] Companion.decrypt | RECV: AUDIO Media Data type: 0 flags: 11 size: 8202 dataOffset: 2
09-15 13:46:59.789 18485 18883 D OPENHU  : [80] Companion.decrypt | RECV: AUDIO Media Data type: 0 flags: 11 size: 8202 dataOffset: 2
09-15 13:46:59.816 18485 18883 D OPENHU  : [80] Companion.decrypt | RECV: MUSIC_PLAYBACK Media Playback Status type: 32769 flags: 11 size: 17 dataOffset: 2
09-15 13:46:59.816 18485 18883 D OPENHU  : [80] AapMediaPlayback.processStatusPacket | AapMediaPlayback: status mediaSource='VLC', playbackSeconds(u32)=52, state=PLAYING
09-15 13:46:59.831 18485 18883 D OPENHU  : [80] Companion.decrypt | RECV: AUDIO Media Data type: 0 flags: 11 size: 8202 dataOffset: 2
09-15 13:46:59.875 18485 18883 D OPENHU  : [80] Companion.decrypt | RECV: AUDIO Media Data type: 0 flags: 11 size: 8202 dataOffset: 2
09-15 13:46:59.921 18485 18883 D OPENHU  : [80] Companion.decrypt | RECV: AUDIO Media Data type: 0 flags: 11 size: 8202 dataOffset: 2
09-15 13:46:59.960 18485 18883 D OPENHU  : [80] Companion.decrypt | RECV: AUDIO Media Data type: 0 flags: 11 size: 8202 dataOffset: 2
09-15 13:46:59.997 18485 18485 V OPENHU  : [2] GpsLocation.onLocationChanged | GpsLocation: fix received
09-15 13:47:00.003 18485 18883 D OPENHU  : [80] Companion.decrypt | RECV: AUDIO Media Data type: 0 flags: 11 size: 8202 dataOffset: 2
09-15 13:47:00.004 18485 18485 V OPENHU  : [2] AapTransport.send | SENSOR Sensor Event type: 32771 flags: 11 size: 46 dataOffset: 6
09-15 13:47:00.049 18485 18883 D OPENHU  : [80] Companion.decrypt | RECV: AUDIO Media Data type: 0 flags: 11 size: 8202 dataOffset: 2
09-15 13:47:00.072 18485 18881 I OPENHU  : [78] VideoDecoder.logFeedPacing | Feed queue full - pacing the transport thread instead of shedding frames (+4 more since the last line)
09-15 13:47:00.090 18485 18883 D OPENHU  : [80] Companion.decrypt | RECV: AUDIO Media Data type: 0 flags: 11 size: 8202 dataOffset: 2
09-15 13:47:00.132 18485 18883 D OPENHU  : [80] Companion.decrypt | RECV: AUDIO Media Data type: 0 flags: 11 size: 8202 dataOffset: 2
09-15 13:47:00.177 18485 18883 D OPENHU  : [80] Companion.decrypt | RECV: AUDIO Media Data type: 0 flags: 11 size: 8202 dataOffset: 2
09-15 13:47:00.215 18485 18883 D OPENHU  : [80] Companion.decrypt | RECV: AUDIO Media Data type: 0 flags: 11 size: 8202 dataOffset: 2
09-15 13:47:00.258 18485 18883 D OPENHU  : [80] Companion.decrypt | RECV: AUDIO Media Data type: 0 flags: 11 size: 8202 dataOffset: 2
09-15 13:47:00.302 18485 18883 D OPENHU  : [80] Companion.decrypt | RECV: AUDIO Media Data type: 0 flags: 11 size: 8202 dataOffset: 2
09-15 13:47:00.343 18485 18883 D OPENHU  : [80] Companion.decrypt | RECV: AUDIO Media Data type: 0 flags: 11 size: 8202 dataOffset: 2
09-15 13:47:00.385 18485 18883 D OPENHU  : [80] Companion.decrypt | RECV: AUDIO Media Data type: 0 flags: 11 size: 8202 dataOffset: 2
09-15 13:47:00.429 18485 18883 D OPENHU  : [80] Companion.decrypt | RECV: AUDIO Media Data type: 0 flags: 11 size: 8202 dataOffset: 2
09-15 13:47:00.472 18485 18883 D OPENHU  : [80] Companion.decrypt | RECV: AUDIO Media Data type: 0 flags: 11 size: 8202 dataOffset: 2
09-15 13:47:00.515 18485 18883 D OPENHU  : [80] Companion.decrypt | RECV: AUDIO Media Data type: 0 flags: 11 size: 8202 dataOffset: 2
09-15 13:47:00.559 18485 18883 D OPENHU  : [80] Companion.decrypt | RECV: AUDIO Media Data type: 0 flags: 11 size: 8202 dataOffset: 2
09-15 13:47:00.600 18485 18883 D OPENHU  : [80] Companion.decrypt | RECV: AUDIO Media Data type: 0 flags: 11 size: 8202 dataOffset: 2
09-15 13:47:00.643 18485 18883 D OPENHU  : [80] Companion.decrypt | RECV: AUDIO Media Data type: 0 flags: 11 size: 8202 dataOffset: 2
09-15 13:47:00.688 18485 18883 D OPENHU  : [80] Companion.decrypt | RECV: AUDIO Media Data type: 0 flags: 11 size: 8202 dataOffset: 2
09-15 13:47:00.733 18485 18883 D OPENHU  : [80] Companion.decrypt | RECV: AUDIO Media Data type: 0 flags: 11 size: 8202 dataOffset: 2
09-15 13:47:00.748 18485 18883 D OPENHU  : [80] Companion.decrypt | RECV: CONTROL Ping Request type: 11 flags: 11 size: 12 dataOffset: 2
09-15 13:47:00.750 18485 18883 V OPENHU  : [80] AapTransport.send | CONTROL Ping Response type: 12 flags: 11 size: 14 dataOffset: 6
09-15 13:47:00.774 18485 18883 D OPENHU  : [80] Companion.decrypt | RECV: AUDIO Media Data type: 0 flags: 11 size: 8202 dataOffset: 2
09-15 13:47:00.816 18485 18883 D OPENHU  : [80] Companion.decrypt | RECV: AUDIO Media Data type: 0 flags: 11 size: 8202 dataOffset: 2
09-15 13:47:00.821 18485 18883 D OPENHU  : [80] Companion.decrypt | RECV: MUSIC_PLAYBACK Media Playback Status type: 32769 flags: 11 size: 17 dataOffset: 2
09-15 13:47:00.822 18485 18883 D OPENHU  : [80] AapMediaPlayback.processStatusPacket | AapMediaPlayback: status mediaSource='VLC', playbackSeconds(u32)=53, state=PLAYING
09-15 13:47:00.860 18485 18883 D OPENHU  : [80] Companion.decrypt | RECV: AUDIO Media Data type: 0 flags: 11 size: 8202 dataOffset: 2
09-15 13:47:00.903 18485 18883 D OPENHU  : [80] Companion.decrypt | RECV: AUDIO Media Data type: 0 flags: 11 size: 8202 dataOffset: 2
09-15 13:47:00.943 18485 18883 D OPENHU  : [80] Companion.decrypt | RECV: AUDIO Media Data type: 0 flags: 11 size: 8202 dataOffset: 2
09-15 13:47:00.985 18485 18883 D OPENHU  : [80] Companion.decrypt | RECV: AUDIO Media Data type: 0 flags: 11 size: 8202 dataOffset: 2
09-15 13:47:01.027 18485 18485 V OPENHU  : [2] GpsLocation.onLocationChanged | GpsLocation: fix received
09-15 13:47:01.028 18485 18883 D OPENHU  : [80] Companion.decrypt | RECV: AUDIO Media Data type: 0 flags: 11 size: 8202 dataOffset: 2
09-15 13:47:01.035 18485 18485 V OPENHU  : [2] AapTransport.send | SENSOR Sensor Event type: 32771 flags: 11 size: 46 dataOffset: 6
09-15 13:47:01.069 18485 18883 D OPENHU  : [80] Companion.decrypt | RECV: AUDIO Media Data type: 0 flags: 11 size: 8202 dataOffset: 2
09-15 13:47:01.085 18485 18881 I OPENHU  : [78] VideoDecoder.logFeedPacing | Feed queue full - pacing the transport thread instead of shedding frames (+4 more since the last line)
09-15 13:47:01.113 18485 18883 D OPENHU  : [80] Companion.decrypt | RECV: AUDIO Media Data type: 0 flags: 11 size: 8202 dataOffset: 2
09-15 13:47:01.154 18485 18883 D OPENHU  : [80] Companion.decrypt | RECV: AUDIO Media Data type: 0 flags: 11 size: 8202 dataOffset: 2
09-15 13:47:01.196 18485 18883 D OPENHU  : [80] Companion.decrypt | RECV: AUDIO Media Data type: 0 flags: 11 size: 8202 dataOffset: 2
09-15 13:47:01.240 18485 18883 D OPENHU  : [80] Companion.decrypt | RECV: AUDIO Media Data type: 0 flags: 11 size: 8202 dataOffset: 2
09-15 13:47:01.283 18485 18883 D OPENHU  : [80] Companion.decrypt | RECV: AUDIO Media Data type: 0 flags: 11 size: 8202 dataOffset: 2
09-15 13:47:01.325 18485 18883 D OPENHU  : [80] Companion.decrypt | RECV: AUDIO Media Data type: 0 flags: 11 size: 8202 dataOffset: 2
09-15 13:47:01.369 18485 18883 D OPENHU  : [80] Companion.decrypt | RECV: AUDIO Media Data type: 0 flags: 11 size: 8202 dataOffset: 2
09-15 13:47:01.410 18485 18883 D OPENHU  : [80] Companion.decrypt | RECV: AUDIO Media Data type: 0 flags: 11 size: 8202 dataOffset: 2
09-15 13:47:01.457 18485 18883 D OPENHU  : [80] Companion.decrypt | RECV: AUDIO Media Data type: 0 flags: 11 size: 8202 dataOffset: 2
09-15 13:47:01.495 18485 18883 D OPENHU  : [80] Companion.decrypt | RECV: AUDIO Media Data type: 0 flags: 11 size: 8202 dataOffset: 2
09-15 13:47:01.539 18485 18883 D OPENHU  : [80] Companion.decrypt | RECV: AUDIO Media Data type: 0 flags: 11 size: 8202 dataOffset: 2
09-15 13:47:01.574 18485 18907 I OPENHU  : [89] VideoDecoder.logThroughput | Throughput over 5004ms: rendered=25 (4fps), fed=25 (4fps), dropped=0, skipped=0, concealed=0, inputWait=14ms, enqueueWait=5052ms, codec=c2.unisoc.avc.decoder, presented=25 (4fps), decodeLatency=unreadable (25 frames)
09-15 13:47:01.581 18485 18883 D OPENHU  : [80] Companion.decrypt | RECV: AUDIO Media Data type: 0 flags: 11 size: 8202 dataOffset: 2
09-15 13:47:01.624 18485 18883 D OPENHU  : [80] Companion.decrypt | RECV: AUDIO Media Data type: 0 flags: 11 size: 8202 dataOffset: 2
09-15 13:47:01.667 18485 18883 D OPENHU  : [80] Companion.decrypt | RECV: AUDIO Media Data type: 0 flags: 11 size: 8202 dataOffset: 2
09-15 13:47:01.710 18485 18883 D OPENHU  : [80] Companion.decrypt | RECV: AUDIO Media Data type: 0 flags: 11 size: 8202 dataOffset: 2
09-15 13:47:01.748 18485 18883 D OPENHU  : [80] Companion.decrypt | RECV: CONTROL Ping Request type: 11 flags: 11 size: 12 dataOffset: 2
09-15 13:47:01.749 18485 18883 V OPENHU  : [80] AapTransport.send | CONTROL Ping Response type: 12 flags: 11 size: 14 dataOffset: 6
09-15 13:47:01.752 18485 18883 D OPENHU  : [80] Companion.decrypt | RECV: AUDIO Media Data type: 0 flags: 11 size: 8202 dataOffset: 2
09-15 13:47:01.794 18485 18883 D OPENHU  : [80] Companion.decrypt | RECV: AUDIO Media Data type: 0 flags: 11 size: 8202 dataOffset: 2
09-15 13:47:01.818 18485 18883 D OPENHU  : [80] Companion.decrypt | RECV: MUSIC_PLAYBACK Media Playback Status type: 32769 flags: 11 size: 17 dataOffset: 2
09-15 13:47:01.819 18485 18883 D OPENHU  : [80] AapMediaPlayback.processStatusPacket | AapMediaPlayback: status mediaSource='VLC', playbackSeconds(u32)=54, state=PLAYING
09-15 13:47:01.838 18485 18883 D OPENHU  : [80] Companion.decrypt | RECV: AUDIO Media Data type: 0 flags: 11 size: 8202 dataOffset: 2
09-15 13:47:01.880 18485 18883 D OPENHU  : [80] Companion.decrypt | RECV: AUDIO Media Data type: 0 flags: 11 size: 8202 dataOffset: 2
09-15 13:47:01.922 18485 18883 D OPENHU  : [80] Companion.decrypt | RECV: AUDIO Media Data type: 0 flags: 11 size: 8202 dataOffset: 2
09-15 13:47:01.967 18485 18883 D OPENHU  : [80] Companion.decrypt | RECV: AUDIO Media Data type: 0 flags: 11 size: 8202 dataOffset: 2
09-15 13:47:01.997 18485 18485 V OPENHU  : [2] GpsLocation.onLocationChanged | GpsLocation: fix received
09-15 13:47:02.004 18485 18485 V OPENHU  : [2] AapTransport.send | SENSOR Sensor Event type: 32771 flags: 11 size: 46 dataOffset: 6
09-15 13:47:02.009 18485 18883 D OPENHU  : [80] Companion.decrypt | RECV: AUDIO Media Data type: 0 flags: 11 size: 8202 dataOffset: 2
09-15 13:47:02.052 18485 18883 D OPENHU  : [80] Companion.decrypt | RECV: AUDIO Media Data type: 0 flags: 11 size: 8202 dataOffset: 2
09-15 13:47:02.093 18485 18883 D OPENHU  : [80] Companion.decrypt | RECV: AUDIO Media Data type: 0 flags: 11 size: 8202 dataOffset: 2
09-15 13:47:02.102 18485 18881 I OPENHU  : [78] VideoDecoder.logFeedPacing | Feed queue full - pacing the transport thread instead of shedding frames (+4 more since the last line)
09-15 13:47:02.136 18485 18883 D OPENHU  : [80] Companion.decrypt | RECV: AUDIO Media Data type: 0 flags: 11 size: 8202 dataOffset: 2
09-15 13:47:02.179 18485 18883 D OPENHU  : [80] Companion.decrypt | RECV: AUDIO Media Data type: 0 flags: 11 size: 8202 dataOffset: 2
09-15 13:47:02.221 18485 18883 D OPENHU  : [80] Companion.decrypt | RECV: AUDIO Media Data type: 0 flags: 11 size: 8202 dataOffset: 2
09-15 13:47:02.263 18485 18883 D OPENHU  : [80] Companion.decrypt | RECV: AUDIO Media Data type: 0 flags: 11 size: 8202 dataOffset: 2
09-15 13:47:02.307 18485 18883 D OPENHU  : [80] Companion.decrypt | RECV: AUDIO Media Data type: 0 flags: 11 size: 8202 dataOffset: 2
09-15 13:47:02.350 18485 18883 D OPENHU  : [80] Companion.decrypt | RECV: AUDIO Media Data type: 0 flags: 11 size: 8202 dataOffset: 2
09-15 13:47:02.392 18485 18883 D OPENHU  : [80] Companion.decrypt | RECV: AUDIO Media Data type: 0 flags: 11 size: 8202 dataOffset: 2
09-15 13:47:02.433 18485 18883 D OPENHU  : [80] Companion.decrypt | RECV: AUDIO Media Data type: 0 flags: 11 size: 8202 dataOffset: 2
09-15 13:47:02.480 18485 18883 D OPENHU  : [80] Companion.decrypt | RECV: AUDIO Media Data type: 0 flags: 11 size: 8202 dataOffset: 2
09-15 13:47:02.521 18485 18883 D OPENHU  : [80] Companion.decrypt | RECV: AUDIO Media Data type: 0 flags: 11 size: 8202 dataOffset: 2
09-15 13:47:02.564 18485 18883 D OPENHU  : [80] Companion.decrypt | RECV: AUDIO Media Data type: 0 flags: 11 size: 8202 dataOffset: 2
09-15 13:47:02.606 18485 18883 D OPENHU  : [80] Companion.decrypt | RECV: AUDIO Media Data type: 0 flags: 11 size: 8202 dataOffset: 2
09-15 13:47:02.651 18485 18883 D OPENHU  : [80] Companion.decrypt | RECV: AUDIO Media Data type: 0 flags: 11 size: 8202 dataOffset: 2
09-15 13:47:02.692 18485 18883 D OPENHU  : [80] Companion.decrypt | RECV: AUDIO Media Data type: 0 flags: 11 size: 8202 dataOffset: 2
09-15 13:47:02.736 18485 18883 D OPENHU  : [80] Companion.decrypt | RECV: AUDIO Media Data type: 0 flags: 11 size: 8202 dataOffset: 2
09-15 13:47:02.749 18485 18883 D OPENHU  : [80] Companion.decrypt | RECV: CONTROL Ping Request type: 11 flags: 11 size: 12 dataOffset: 2
09-15 13:47:02.749 18485 18883 V OPENHU  : [80] AapTransport.send | CONTROL Ping Response type: 12 flags: 11 size: 14 dataOffset: 6
09-15 13:47:02.775 18485 18883 D OPENHU  : [80] Companion.decrypt | RECV: AUDIO Media Data type: 0 flags: 11 size: 8202 dataOffset: 2
09-15 13:47:02.820 18485 18883 D OPENHU  : [80] Companion.decrypt | RECV: AUDIO Media Data type: 0 flags: 11 size: 8202 dataOffset: 2
09-15 13:47:02.826 18485 18883 D OPENHU  : [80] Companion.decrypt | RECV: MUSIC_PLAYBACK Media Playback Status type: 32769 flags: 11 size: 17 dataOffset: 2
09-15 13:47:02.827 18485 18883 D OPENHU  : [80] AapMediaPlayback.processStatusPacket | AapMediaPlayback: status mediaSource='VLC', playbackSeconds(u32)=55, state=PLAYING
09-15 13:47:02.860 18485 18883 D OPENHU  : [80] Companion.decrypt | RECV: AUDIO Media Data type: 0 flags: 11 size: 8202 dataOffset: 2
09-15 13:47:02.903 18485 18883 D OPENHU  : [80] Companion.decrypt | RECV: AUDIO Media Data type: 0 flags: 11 size: 8202 dataOffset: 2
09-15 13:47:02.947 18485 18883 D OPENHU  : [80] Companion.decrypt | RECV: AUDIO Media Data type: 0 flags: 11 size: 8202 dataOffset: 2
09-15 13:47:02.988 18485 18883 D OPENHU  : [80] Companion.decrypt | RECV: AUDIO Media Data type: 0 flags: 11 size: 8202 dataOffset: 2
09-15 13:47:03.028 18485 18485 V OPENHU  : [2] GpsLocation.onLocationChanged | GpsLocation: fix received
09-15 13:47:03.034 18485 18883 D OPENHU  : [80] Companion.decrypt | RECV: AUDIO Media Data type: 0 flags: 11 size: 8202 dataOffset: 2
09-15 13:47:03.034 18485 18485 V OPENHU  : [2] AapTransport.send | SENSOR Sensor Event type: 32771 flags: 11 size: 46 dataOffset: 6
09-15 13:47:03.075 18485 18883 D OPENHU  : [80] Companion.decrypt | RECV: AUDIO Media Data type: 0 flags: 11 size: 8202 dataOffset: 2
09-15 13:47:03.113 18485 18881 I OPENHU  : [78] VideoDecoder.logFeedPacing | Feed queue full - pacing the transport thread instead of shedding frames (+4 more since the last line)
09-15 13:47:03.118 18485 18883 D OPENHU  : [80] Companion.decrypt | RECV: AUDIO Media Data type: 0 flags: 11 size: 8202 dataOffset: 2
09-15 13:47:03.160 18485 18883 D OPENHU  : [80] Companion.decrypt | RECV: AUDIO Media Data type: 0 flags: 11 size: 8202 dataOffset: 2
09-15 13:47:03.206 18485 18883 D OPENHU  : [80] Companion.decrypt | RECV: AUDIO Media Data type: 0 flags: 11 size: 8202 dataOffset: 2
09-15 13:47:03.245 18485 18883 D OPENHU  : [80] Companion.decrypt | RECV: AUDIO Media Data type: 0 flags: 11 size: 8202 dataOffset: 2
09-15 13:47:03.288 18485 18883 D OPENHU  : [80] Companion.decrypt | RECV: AUDIO Media Data type: 0 flags: 11 size: 8202 dataOffset: 2
09-15 13:47:03.334 18485 18883 D OPENHU  : [80] Companion.decrypt | RECV: AUDIO Media Data type: 0 flags: 11 size: 8202 dataOffset: 2
09-15 13:47:03.374 18485 18883 D OPENHU  : [80] Companion.decrypt | RECV: AUDIO Media Data type: 0 flags: 11 size: 8202 dataOffset: 2
09-15 13:47:03.418 18485 18883 D OPENHU  : [80] Companion.decrypt | RECV: AUDIO Media Data type: 0 flags: 11 size: 8202 dataOffset: 2
09-15 13:47:03.458 18485 18883 D OPENHU  : [80] Companion.decrypt | RECV: AUDIO Media Data type: 0 flags: 11 size: 8202 dataOffset: 2
09-15 13:47:03.501 18485 18883 D OPENHU  : [80] Companion.decrypt | RECV: AUDIO Media Data type: 0 flags: 11 size: 8202 dataOffset: 2
09-15 13:47:03.543 18485 18883 D OPENHU  : [80] Companion.decrypt | RECV: AUDIO Media Data type: 0 flags: 11 size: 8202 dataOffset: 2
09-15 13:47:03.586 18485 18883 D OPENHU  : [80] Companion.decrypt | RECV: AUDIO Media Data type: 0 flags: 11 size: 8202 dataOffset: 2
09-15 13:47:03.629 18485 18883 D OPENHU  : [80] Companion.decrypt | RECV: AUDIO Media Data type: 0 flags: 11 size: 8202 dataOffset: 2
09-15 13:47:03.671 18485 18883 D OPENHU  : [80] Companion.decrypt | RECV: AUDIO Media Data type: 0 flags: 11 size: 8202 dataOffset: 2
09-15 13:47:03.716 18485 18883 D OPENHU  : [80] Companion.decrypt | RECV: AUDIO Media Data type: 0 flags: 11 size: 8202 dataOffset: 2
09-15 13:47:03.750 18485 18883 D OPENHU  : [80] Companion.decrypt | RECV: CONTROL Ping Request type: 11 flags: 11 size: 12 dataOffset: 2
09-15 13:47:03.751 18485 18883 V OPENHU  : [80] AapTransport.send | CONTROL Ping Response type: 12 flags: 11 size: 14 dataOffset: 6
09-15 13:47:03.757 18485 18883 D OPENHU  : [80] Companion.decrypt | RECV: AUDIO Media Data type: 0 flags: 11 size: 8202 dataOffset: 2
09-15 13:47:03.800 18485 18883 D OPENHU  : [80] Companion.decrypt | RECV: AUDIO Media Data type: 0 flags: 11 size: 8202 dataOffset: 2
09-15 13:47:03.829 18485 18883 D OPENHU  : [80] Companion.decrypt | RECV: MUSIC_PLAYBACK Media Playback Status type: 32769 flags: 11 size: 17 dataOffset: 2
09-15 13:47:03.829 18485 18883 D OPENHU  : [80] AapMediaPlayback.processStatusPacket | AapMediaPlayback: status mediaSource='VLC', playbackSeconds(u32)=56, state=PLAYING
09-15 13:47:03.842 18485 18883 D OPENHU  : [80] Companion.decrypt | RECV: AUDIO Media Data type: 0 flags: 11 size: 8202 dataOffset: 2
09-15 13:47:03.884 18485 18883 D OPENHU  : [80] Companion.decrypt | RECV: AUDIO Media Data type: 0 flags: 11 size: 8202 dataOffset: 2
09-15 13:47:03.929 18485 18883 D OPENHU  : [80] Companion.decrypt | RECV: AUDIO Media Data type: 0 flags: 11 size: 8202 dataOffset: 2
09-15 13:47:03.941 18485 18485 I OPENHU  : [2] TextureProjectionView.onSurfaceTextureUpdated | TextureProjectionView: displayed 25 frames in 5070ms (4fps), longFrames=0
09-15 13:47:03.971 18485 18883 D OPENHU  : [80] Companion.decrypt | RECV: AUDIO Media Data type: 0 flags: 11 size: 8202 dataOffset: 2
09-15 13:47:03.993 18485 18485 V OPENHU  : [2] GpsLocation.onLocationChanged | GpsLocation: fix received
09-15 13:47:04.002 18485 18485 V OPENHU  : [2] AapTransport.send | SENSOR Sensor Event type: 32771 flags: 11 size: 46 dataOffset: 6
09-15 13:47:04.014 18485 18883 D OPENHU  : [80] Companion.decrypt | RECV: AUDIO Media Data type: 0 flags: 11 size: 8202 dataOffset: 2
09-15 13:47:04.056 18485 18883 D OPENHU  : [80] Companion.decrypt | RECV: AUDIO Media Data type: 0 flags: 11 size: 8202 dataOffset: 2
09-15 13:47:04.098 18485 18883 D OPENHU  : [80] Companion.decrypt | RECV: AUDIO Media Data type: 0 flags: 11 size: 8202 dataOffset: 2
09-15 13:47:04.128 18485 18881 I OPENHU  : [78] VideoDecoder.logFeedPacing | Feed queue full - pacing the transport thread instead of shedding frames (+4 more since the last line)
09-15 13:47:04.140 18485 18883 D OPENHU  : [80] Companion.decrypt | RECV: AUDIO Media Data type: 0 flags: 11 size: 8202 dataOffset: 2
09-15 13:47:04.185 18485 18883 D OPENHU  : [80] Companion.decrypt | RECV: AUDIO Media Data type: 0 flags: 11 size: 8202 dataOffset: 2
09-15 13:47:04.228 18485 18883 D OPENHU  : [80] Companion.decrypt | RECV: AUDIO Media Data type: 0 flags: 11 size: 8202 dataOffset: 2
09-15 13:47:04.272 18485 18883 D OPENHU  : [80] Companion.decrypt | RECV: AUDIO Media Data type: 0 flags: 11 size: 8202 dataOffset: 2
09-15 13:47:04.312 18485 18883 D OPENHU  : [80] Companion.decrypt | RECV: AUDIO Media Data type: 0 flags: 11 size: 8202 dataOffset: 2
09-15 13:47:04.353 18485 18883 D OPENHU  : [80] Companion.decrypt | RECV: AUDIO Media Data type: 0 flags: 11 size: 8202 dataOffset: 2
09-15 13:47:04.397 18485 18883 D OPENHU  : [80] Companion.decrypt | RECV: AUDIO Media Data type: 0 flags: 11 size: 8202 dataOffset: 2
09-15 13:47:04.439 18485 18883 D OPENHU  : [80] Companion.decrypt | RECV: AUDIO Media Data type: 0 flags: 11 size: 8202 dataOffset: 2
09-15 13:47:04.483 18485 18883 D OPENHU  : [80] Companion.decrypt | RECV: AUDIO Media Data type: 0 flags: 11 size: 8202 dataOffset: 2
09-15 13:47:04.525 18485 18883 D OPENHU  : [80] Companion.decrypt | RECV: AUDIO Media Data type: 0 flags: 11 size: 8202 dataOffset: 2
09-15 13:47:04.568 18485 18883 D OPENHU  : [80] Companion.decrypt | RECV: AUDIO Media Data type: 0 flags: 11 size: 8202 dataOffset: 2
09-15 13:47:04.610 18485 18883 D OPENHU  : [80] Companion.decrypt | RECV: AUDIO Media Data type: 0 flags: 11 size: 8202 dataOffset: 2
09-15 13:47:04.653 18485 18883 D OPENHU  : [80] Companion.decrypt | RECV: AUDIO Media Data type: 0 flags: 11 size: 8202 dataOffset: 2
09-15 13:47:04.698 18485 18883 D OPENHU  : [80] Companion.decrypt | RECV: AUDIO Media Data type: 0 flags: 11 size: 8202 dataOffset: 2
09-15 13:47:04.739 18485 18883 D OPENHU  : [80] Companion.decrypt | RECV: AUDIO Media Data type: 0 flags: 11 size: 8202 dataOffset: 2
09-15 13:47:04.752 18485 18883 D OPENHU  : [80] Companion.decrypt | RECV: CONTROL Ping Request type: 11 flags: 11 size: 12 dataOffset: 2
09-15 13:47:04.752 18485 18883 V OPENHU  : [80] AapTransport.send | CONTROL Ping Response type: 12 flags: 11 size: 14 dataOffset: 6
09-15 13:47:04.783 18485 18883 D OPENHU  : [80] Companion.decrypt | RECV: AUDIO Media Data type: 0 flags: 11 size: 8202 dataOffset: 2
09-15 13:47:04.823 18485 18883 D OPENHU  : [80] Companion.decrypt | RECV: AUDIO Media Data type: 0 flags: 11 size: 8202 dataOffset: 2
09-15 13:47:04.827 18485 18883 D OPENHU  : [80] Companion.decrypt | RECV: MUSIC_PLAYBACK Media Playback Status type: 32769 flags: 11 size: 17 dataOffset: 2
09-15 13:47:04.828 18485 18883 D OPENHU  : [80] AapMediaPlayback.processStatusPacket | AapMediaPlayback: status mediaSource='VLC', playbackSeconds(u32)=57, state=PLAYING
09-15 13:47:04.867 18485 18883 D OPENHU  : [80] Companion.decrypt | RECV: AUDIO Media Data type: 0 flags: 11 size: 8202 dataOffset: 2
09-15 13:47:04.909 18485 18883 D OPENHU  : [80] Companion.decrypt | RECV: AUDIO Media Data type: 0 flags: 11 size: 8202 dataOffset: 2
09-15 13:47:04.952 18485 18883 D OPENHU  : [80] Companion.decrypt | RECV: AUDIO Media Data type: 0 flags: 11 size: 8202 dataOffset: 2
09-15 13:47:04.993 18485 18883 D OPENHU  : [80] Companion.decrypt | RECV: AUDIO Media Data type: 0 flags: 11 size: 8202 dataOffset: 2
09-15 13:47:05.024 18485 18485 V OPENHU  : [2] GpsLocation.onLocationChanged | GpsLocation: fix received
09-15 13:47:05.032 18485 18485 V OPENHU  : [2] AapTransport.send | SENSOR Sensor Event type: 32771 flags: 11 size: 46 dataOffset: 6
09-15 13:47:05.037 18485 18883 D OPENHU  : [80] Companion.decrypt | RECV: AUDIO Media Data type: 0 flags: 11 size: 8202 dataOffset: 2
09-15 13:47:05.080 18485 18883 D OPENHU  : [80] Companion.decrypt | RECV: AUDIO Media Data type: 0 flags: 11 size: 8202 dataOffset: 2
09-15 13:47:05.122 18485 18883 D OPENHU  : [80] Companion.decrypt | RECV: AUDIO Media Data type: 0 flags: 11 size: 8202 dataOffset: 2
09-15 13:47:05.145 18485 18881 I OPENHU  : [78] VideoDecoder.logFeedPacing | Feed queue full - pacing the transport thread instead of shedding frames (+4 more since the last line)
09-15 13:47:05.166 18485 18883 D OPENHU  : [80] Companion.decrypt | RECV: AUDIO Media Data type: 0 flags: 11 size: 8202 dataOffset: 2
09-15 13:47:05.210 18485 18883 D OPENHU  : [80] Companion.decrypt | RECV: AUDIO Media Data type: 0 flags: 11 size: 8202 dataOffset: 2
09-15 13:47:05.251 18485 18883 D OPENHU  : [80] Companion.decrypt | RECV: AUDIO Media Data type: 0 flags: 11 size: 8202 dataOffset: 2
09-15 13:47:05.293 18485 18883 D OPENHU  : [80] Companion.decrypt | RECV: AUDIO Media Data type: 0 flags: 11 size: 8202 dataOffset: 2
09-15 13:47:05.336 18485 18883 D OPENHU  : [80] Companion.decrypt | RECV: AUDIO Media Data type: 0 flags: 11 size: 8202 dataOffset: 2
09-15 13:47:05.378 18485 18883 D OPENHU  : [80] Companion.decrypt | RECV: AUDIO Media Data type: 0 flags: 11 size: 8202 dataOffset: 2
09-15 13:47:05.421 18485 18883 D OPENHU  : [80] Companion.decrypt | RECV: AUDIO Media Data type: 0 flags: 11 size: 8202 dataOffset: 2
09-15 13:47:05.464 18485 18883 D OPENHU  : [80] Companion.decrypt | RECV: AUDIO Media Data type: 0 flags: 11 size: 8202 dataOffset: 2
09-15 13:47:05.506 18485 18883 D OPENHU  : [80] Companion.decrypt | RECV: AUDIO Media Data type: 0 flags: 11 size: 8202 dataOffset: 2
09-15 13:47:05.549 18485 18883 D OPENHU  : [80] Companion.decrypt | RECV: AUDIO Media Data type: 0 flags: 11 size: 8202 dataOffset: 2
09-15 13:47:05.592 18485 18883 D OPENHU  : [80] Companion.decrypt | RECV: AUDIO Media Data type: 0 flags: 11 size: 8202 dataOffset: 2
09-15 13:47:05.634 18485 18883 D OPENHU  : [80] Companion.decrypt | RECV: AUDIO Media Data type: 0 flags: 11 size: 8202 dataOffset: 2
09-15 13:47:05.679 18485 18883 D OPENHU  : [80] Companion.decrypt | RECV: AUDIO Media Data type: 0 flags: 11 size: 8202 dataOffset: 2
09-15 13:47:05.718 18485 18883 D OPENHU  : [80] Companion.decrypt | RECV: AUDIO Media Data type: 0 flags: 11 size: 8202 dataOffset: 2
09-15 13:47:05.752 18485 18883 D OPENHU  : [80] Companion.decrypt | RECV: CONTROL Ping Request type: 11 flags: 11 size: 12 dataOffset: 2
09-15 13:47:05.752 18485 18883 V OPENHU  : [80] AapTransport.send | CONTROL Ping Response type: 12 flags: 11 size: 14 dataOffset: 6
09-15 13:47:05.761 18485 18883 D OPENHU  : [80] Companion.decrypt | RECV: AUDIO Media Data type: 0 flags: 11 size: 8202 dataOffset: 2
09-15 13:47:05.807 18485 18883 D OPENHU  : [80] Companion.decrypt | RECV: AUDIO Media Data type: 0 flags: 11 size: 8202 dataOffset: 2
09-15 13:47:05.829 18485 18883 D OPENHU  : [80] Companion.decrypt | RECV: MUSIC_PLAYBACK Media Playback Status type: 32769 flags: 11 size: 17 dataOffset: 2
09-15 13:47:05.830 18485 18883 D OPENHU  : [80] AapMediaPlayback.processStatusPacket | AapMediaPlayback: status mediaSource='VLC', playbackSeconds(u32)=58, state=PLAYING
09-15 13:47:05.854 18485 18883 D OPENHU  : [80] Companion.decrypt | RECV: AUDIO Media Data type: 0 flags: 11 size: 8202 dataOffset: 2
09-15 13:47:05.893 18485 18883 D OPENHU  : [80] Companion.decrypt | RECV: AUDIO Media Data type: 0 flags: 11 size: 8202 dataOffset: 2
09-15 13:47:05.938 18485 18883 D OPENHU  : [80] Companion.decrypt | RECV: AUDIO Media Data type: 0 flags: 11 size: 8202 dataOffset: 2
09-15 13:47:05.978 18485 18883 D OPENHU  : [80] Companion.decrypt | RECV: AUDIO Media Data type: 0 flags: 11 size: 8202 dataOffset: 2
09-15 13:47:05.995 18485 18485 V OPENHU  : [2] GpsLocation.onLocationChanged | GpsLocation: fix received
09-15 13:47:06.005 18485 18485 V OPENHU  : [2] AapTransport.send | SENSOR Sensor Event type: 32771 flags: 11 size: 46 dataOffset: 6
09-15 13:47:06.019 18485 18883 D OPENHU  : [80] Companion.decrypt | RECV: AUDIO Media Data type: 0 flags: 11 size: 8202 dataOffset: 2
09-15 13:47:06.061 18485 18883 D OPENHU  : [80] Companion.decrypt | RECV: AUDIO Media Data type: 0 flags: 11 size: 8202 dataOffset: 2
09-15 13:47:06.104 18485 18883 D OPENHU  : [80] Companion.decrypt | RECV: AUDIO Media Data type: 0 flags: 11 size: 8202 dataOffset: 2
09-15 13:47:06.146 18485 18883 D OPENHU  : [80] Companion.decrypt | RECV: AUDIO Media Data type: 0 flags: 11 size: 8202 dataOffset: 2
09-15 13:47:06.158 18485 18881 I OPENHU  : [78] VideoDecoder.logFeedPacing | Feed queue full - pacing the transport thread instead of shedding frames (+4 more since the last line)
09-15 13:47:06.189 18485 18883 D OPENHU  : [80] Companion.decrypt | RECV: AUDIO Media Data type: 0 flags: 11 size: 8202 dataOffset: 2
09-15 13:47:06.233 18485 18883 D OPENHU  : [80] Companion.decrypt | RECV: AUDIO Media Data type: 0 flags: 11 size: 8202 dataOffset: 2
09-15 13:47:06.277 18485 18883 D OPENHU  : [80] Companion.decrypt | RECV: AUDIO Media Data type: 0 flags: 11 size: 8202 dataOffset: 2
09-15 13:47:06.318 18485 18883 D OPENHU  : [80] Companion.decrypt | RECV: AUDIO Media Data type: 0 flags: 11 size: 8202 dataOffset: 2
09-15 13:47:06.362 18485 18883 D OPENHU  : [80] Companion.decrypt | RECV: AUDIO Media Data type: 0 flags: 11 size: 8202 dataOffset: 2
09-15 13:47:06.406 18485 18883 D OPENHU  : [80] Companion.decrypt | RECV: AUDIO Media Data type: 0 flags: 11 size: 8202 dataOffset: 2
09-15 13:47:06.445 18485 18883 D OPENHU  : [80] Companion.decrypt | RECV: AUDIO Media Data type: 0 flags: 11 size: 8202 dataOffset: 2
09-15 13:47:06.489 18485 18883 D OPENHU  : [80] Companion.decrypt | RECV: AUDIO Media Data type: 0 flags: 11 size: 8202 dataOffset: 2
09-15 13:47:06.531 18485 18883 D OPENHU  : [80] Companion.decrypt | RECV: AUDIO Media Data type: 0 flags: 11 size: 8202 dataOffset: 2
09-15 13:47:06.573 18485 18883 D OPENHU  : [80] Companion.decrypt | RECV: AUDIO Media Data type: 0 flags: 11 size: 8202 dataOffset: 2
09-15 13:47:06.574 18485 18907 I OPENHU  : [89] VideoDecoder.logThroughput | Throughput over 5000ms: rendered=25 (5fps), fed=25 (5fps), dropped=0, skipped=0, concealed=0, inputWait=10ms, enqueueWait=5051ms, codec=c2.unisoc.avc.decoder, presented=25 (5fps), decodeLatency=unreadable (25 frames)
09-15 13:47:06.618 18485 18883 D OPENHU  : [80] Companion.decrypt | RECV: AUDIO Media Data type: 0 flags: 11 size: 8202 dataOffset: 2
09-15 13:47:06.659 18485 18883 D OPENHU  : [80] Companion.decrypt | RECV: AUDIO Media Data type: 0 flags: 11 size: 8202 dataOffset: 2
09-15 13:47:06.703 18485 18883 D OPENHU  : [80] Companion.decrypt | RECV: AUDIO Media Data type: 0 flags: 11 size: 8202 dataOffset: 2
09-15 13:47:06.745 18485 18883 D OPENHU  : [80] Companion.decrypt | RECV: AUDIO Media Data type: 0 flags: 11 size: 8202 dataOffset: 2
09-15 13:47:06.754 18485 18883 D OPENHU  : [80] Companion.decrypt | RECV: CONTROL Ping Request type: 11 flags: 11 size: 12 dataOffset: 2
09-15 13:47:06.755 18485 18883 V OPENHU  : [80] AapTransport.send | CONTROL Ping Response type: 12 flags: 11 size: 14 dataOffset: 6
09-15 13:47:06.788 18485 18883 D OPENHU  : [80] Companion.decrypt | RECV: AUDIO Media Data type: 0 flags: 11 size: 8202 dataOffset: 2
09-15 13:47:06.831 18485 18883 D OPENHU  : [80] Companion.decrypt | RECV: AUDIO Media Data type: 0 flags: 11 size: 8202 dataOffset: 2
09-15 13:47:06.836 18485 18883 D OPENHU  : [80] Companion.decrypt | RECV: MUSIC_PLAYBACK Media Playback Status type: 32769 flags: 11 size: 17 dataOffset: 2
09-15 13:47:06.838 18485 18883 D OPENHU  : [80] AapMediaPlayback.processStatusPacket | AapMediaPlayback: status mediaSource='VLC', playbackSeconds(u32)=59, state=PLAYING
09-15 13:47:06.873 18485 18883 D OPENHU  : [80] Companion.decrypt | RECV: AUDIO Media Data type: 0 flags: 11 size: 8202 dataOffset: 2
09-15 13:47:06.919 18485 18883 D OPENHU  : [80] Companion.decrypt | RECV: AUDIO Media Data type: 0 flags: 11 size: 8202 dataOffset: 2
09-15 13:47:06.958 18485 18883 D OPENHU  : [80] Companion.decrypt | RECV: AUDIO Media Data type: 0 flags: 11 size: 8202 dataOffset: 2
09-15 13:47:07.001 18485 18883 D OPENHU  : [80] Companion.decrypt | RECV: AUDIO Media Data type: 0 flags: 11 size: 8202 dataOffset: 2
09-15 13:47:07.026 18485 18485 V OPENHU  : [2] GpsLocation.onLocationChanged | GpsLocation: fix received
09-15 13:47:07.036 18485 18485 V OPENHU  : [2] AapTransport.send | SENSOR Sensor Event type: 32771 flags: 11 size: 46 dataOffset: 6
09-15 13:47:07.043 18485 18883 D OPENHU  : [80] Companion.decrypt | RECV: AUDIO Media Data type: 0 flags: 11 size: 8202 dataOffset: 2
09-15 13:47:07.089 18485 18883 D OPENHU  : [80] Companion.decrypt | RECV: AUDIO Media Data type: 0 flags: 11 size: 8202 dataOffset: 2
09-15 13:47:07.128 18485 18883 D OPENHU  : [80] Companion.decrypt | RECV: AUDIO Media Data type: 0 flags: 11 size: 8202 dataOffset: 2
09-15 13:47:07.172 18485 18883 D OPENHU  : [80] Companion.decrypt | RECV: AUDIO Media Data type: 0 flags: 11 size: 8202 dataOffset: 2
09-15 13:47:07.174 18485 18881 I OPENHU  : [78] VideoDecoder.logFeedPacing | Feed queue full - pacing the transport thread instead of shedding frames (+4 more since the last line)
09-15 13:47:07.214 18485 18883 D OPENHU  : [80] Companion.decrypt | RECV: AUDIO Media Data type: 0 flags: 11 size: 8202 dataOffset: 2
09-15 13:47:07.259 18485 18883 D OPENHU  : [80] Companion.decrypt | RECV: AUDIO Media Data type: 0 flags: 11 size: 8202 dataOffset: 2
09-15 13:47:07.300 18485 18883 D OPENHU  : [80] Companion.decrypt | RECV: AUDIO Media Data type: 0 flags: 11 size: 8202 dataOffset: 2
09-15 13:47:07.342 18485 18883 D OPENHU  : [80] Companion.decrypt | RECV: AUDIO Media Data type: 0 flags: 11 size: 8202 dataOffset: 2
09-15 13:47:07.386 18485 18883 D OPENHU  : [80] Companion.decrypt | RECV: AUDIO Media Data type: 0 flags: 11 size: 8202 dataOffset: 2
09-15 13:47:07.427 18485 18883 D OPENHU  : [80] Companion.decrypt | RECV: AUDIO Media Data type: 0 flags: 11 size: 8202 dataOffset: 2
09-15 13:47:07.468 18485 18883 D OPENHU  : [80] Companion.decrypt | RECV: AUDIO Media Data type: 0 flags: 11 size: 8202 dataOffset: 2
09-15 13:47:07.511 18485 18883 D OPENHU  : [80] Companion.decrypt | RECV: AUDIO Media Data type: 0 flags: 11 size: 8202 dataOffset: 2
09-15 13:47:07.555 18485 18883 D OPENHU  : [80] Companion.decrypt | RECV: AUDIO Media Data type: 0 flags: 11 size: 8202 dataOffset: 2
09-15 13:47:07.597 18485 18883 D OPENHU  : [80] Companion.decrypt | RECV: AUDIO Media Data type: 0 flags: 11 size: 8202 dataOffset: 2
09-15 13:47:07.641 18485 18883 D OPENHU  : [80] Companion.decrypt | RECV: AUDIO Media Data type: 0 flags: 11 size: 8202 dataOffset: 2
09-15 13:47:07.684 18485 18883 D OPENHU  : [80] Companion.decrypt | RECV: AUDIO Media Data type: 0 flags: 11 size: 8202 dataOffset: 2
09-15 13:47:07.727 18485 18883 D OPENHU  : [80] Companion.decrypt | RECV: AUDIO Media Data type: 0 flags: 11 size: 8202 dataOffset: 2
09-15 13:47:07.754 18485 18883 D OPENHU  : [80] Companion.decrypt | RECV: CONTROL Ping Request type: 11 flags: 11 size: 12 dataOffset: 2
09-15 13:47:07.755 18485 18883 V OPENHU  : [80] AapTransport.send | CONTROL Ping Response type: 12 flags: 11 size: 14 dataOffset: 6
09-15 13:47:07.771 18485 18883 D OPENHU  : [80] Companion.decrypt | RECV: AUDIO Media Data type: 0 flags: 11 size: 8202 dataOffset: 2
09-15 13:47:07.811 18485 18883 D OPENHU  : [80] Companion.decrypt | RECV: AUDIO Media Data type: 0 flags: 11 size: 8202 dataOffset: 2
09-15 13:47:07.837 18485 18883 D OPENHU  : [80] Companion.decrypt | RECV: MUSIC_PLAYBACK Media Playback Status type: 32769 flags: 11 size: 17 dataOffset: 2
09-15 13:47:07.837 18485 18883 D OPENHU  : [80] AapMediaPlayback.processStatusPacket | AapMediaPlayback: status mediaSource='VLC', playbackSeconds(u32)=60, state=PLAYING
09-15 13:47:07.855 18485 18883 D OPENHU  : [80] Companion.decrypt | RECV: AUDIO Media Data type: 0 flags: 11 size: 8202 dataOffset: 2
09-15 13:47:07.896 18485 18883 D OPENHU  : [80] Companion.decrypt | RECV: AUDIO Media Data type: 0 flags: 11 size: 8202 dataOffset: 2
09-15 13:47:07.939 18485 18883 D OPENHU  : [80] Companion.decrypt | RECV: AUDIO Media Data type: 0 flags: 11 size: 8202 dataOffset: 2
09-15 13:47:07.982 18485 18883 D OPENHU  : [80] Companion.decrypt | RECV: AUDIO Media Data type: 0 flags: 11 size: 8202 dataOffset: 2
09-15 13:47:07.997 18485 18485 V OPENHU  : [2] GpsLocation.onLocationChanged | GpsLocation: fix received
09-15 13:47:08.016 18485 18485 V OPENHU  : [2] AapTransport.send | SENSOR Sensor Event type: 32771 flags: 11 size: 46 dataOffset: 6
09-15 13:47:08.025 18485 18883 D OPENHU  : [80] Companion.decrypt | RECV: AUDIO Media Data type: 0 flags: 11 size: 8202 dataOffset: 2
09-15 13:47:08.065 18485 18883 D OPENHU  : [80] Companion.decrypt | RECV: AUDIO Media Data type: 0 flags: 11 size: 8202 dataOffset: 2
09-15 13:47:08.109 18485 18883 D OPENHU  : [80] Companion.decrypt | RECV: AUDIO Media Data type: 0 flags: 11 size: 8202 dataOffset: 2
09-15 13:47:08.152 18485 18883 D OPENHU  : [80] Companion.decrypt | RECV: AUDIO Media Data type: 0 flags: 11 size: 8202 dataOffset: 2
09-15 13:47:08.189 18485 18881 I OPENHU  : [78] VideoDecoder.logFeedPacing | Feed queue full - pacing the transport thread instead of shedding frames (+4 more since the last line)
09-15 13:47:08.194 18485 18883 D OPENHU  : [80] Companion.decrypt | RECV: AUDIO Media Data type: 0 flags: 11 size: 8202 dataOffset: 2
09-15 13:47:08.238 18485 18883 D OPENHU  : [80] Companion.decrypt | RECV: AUDIO Media Data type: 0 flags: 11 size: 8202 dataOffset: 2
09-15 13:47:08.279 18485 18883 D OPENHU  : [80] Companion.decrypt | RECV: AUDIO Media Data type: 0 flags: 11 size: 8202 dataOffset: 2
09-15 13:47:08.322 18485 18883 D OPENHU  : [80] Companion.decrypt | RECV: AUDIO Media Data type: 0 flags: 11 size: 8202 dataOffset: 2
09-15 13:47:08.367 18485 18883 D OPENHU  : [80] Companion.decrypt | RECV: AUDIO Media Data type: 0 flags: 11 size: 8202 dataOffset: 2
09-15 13:47:08.409 18485 18883 D OPENHU  : [80] Companion.decrypt | RECV: AUDIO Media Data type: 0 flags: 11 size: 8202 dataOffset: 2
09-15 13:47:08.451 18485 18883 D OPENHU  : [80] Companion.decrypt | RECV: AUDIO Media Data type: 0 flags: 11 size: 8202 dataOffset: 2
09-15 13:47:08.494 18485 18883 D OPENHU  : [80] Companion.decrypt | RECV: AUDIO Media Data type: 0 flags: 11 size: 8202 dataOffset: 2
09-15 13:47:08.537 18485 18883 D OPENHU  : [80] Companion.decrypt | RECV: AUDIO Media Data type: 0 flags: 11 size: 8202 dataOffset: 2
09-15 13:47:08.579 18485 18883 D OPENHU  : [80] Companion.decrypt | RECV: AUDIO Media Data type: 0 flags: 11 size: 8202 dataOffset: 2
09-15 13:47:08.622 18485 18883 D OPENHU  : [80] Companion.decrypt | RECV: AUDIO Media Data type: 0 flags: 11 size: 8202 dataOffset: 2
09-15 13:47:08.666 18485 18883 D OPENHU  : [80] Companion.decrypt | RECV: AUDIO Media Data type: 0 flags: 11 size: 8202 dataOffset: 2
09-15 13:47:08.705 18485 18883 D OPENHU  : [80] Companion.decrypt | RECV: AUDIO Media Data type: 0 flags: 11 size: 8202 dataOffset: 2
09-15 13:47:08.750 18485 18883 D OPENHU  : [80] Companion.decrypt | RECV: AUDIO Media Data type: 0 flags: 11 size: 8202 dataOffset: 2
09-15 13:47:08.755 18485 18883 D OPENHU  : [80] Companion.decrypt | RECV: CONTROL Ping Request type: 11 flags: 11 size: 12 dataOffset: 2
09-15 13:47:08.755 18485 18883 V OPENHU  : [80] AapTransport.send | CONTROL Ping Response type: 12 flags: 11 size: 14 dataOffset: 6
09-15 13:47:08.791 18485 18883 D OPENHU  : [80] Companion.decrypt | RECV: AUDIO Media Data type: 0 flags: 11 size: 8202 dataOffset: 2
09-15 13:47:08.836 18485 18883 D OPENHU  : [80] Companion.decrypt | RECV: AUDIO Media Data type: 0 flags: 11 size: 8202 dataOffset: 2
09-15 13:47:08.839 18485 18883 D OPENHU  : [80] Companion.decrypt | RECV: MUSIC_PLAYBACK Media Playback Status type: 32769 flags: 11 size: 17 dataOffset: 2
09-15 13:47:08.840 18485 18883 D OPENHU  : [80] AapMediaPlayback.processStatusPacket | AapMediaPlayback: status mediaSource='VLC', playbackSeconds(u32)=61, state=PLAYING
09-15 13:47:08.876 18485 18883 D OPENHU  : [80] Companion.decrypt | RECV: AUDIO Media Data type: 0 flags: 11 size: 8202 dataOffset: 2
09-15 13:47:08.921 18485 18883 D OPENHU  : [80] Companion.decrypt | RECV: AUDIO Media Data type: 0 flags: 11 size: 8202 dataOffset: 2
09-15 13:47:08.963 18485 18883 D OPENHU  : [80] Companion.decrypt | RECV: AUDIO Media Data type: 0 flags: 11 size: 8202 dataOffset: 2
09-15 13:47:09.004 18485 18883 D OPENHU  : [80] Companion.decrypt | RECV: AUDIO Media Data type: 0 flags: 11 size: 8202 dataOffset: 2
09-15 13:47:09.029 18485 18485 I OPENHU  : [2] TextureProjectionView.onSurfaceTextureUpdated | TextureProjectionView: displayed 25 frames in 5088ms (4fps), longFrames=0
09-15 13:47:09.032 18485 18485 V OPENHU  : [2] GpsLocation.onLocationChanged | GpsLocation: fix received
09-15 13:47:09.039 18485 18485 V OPENHU  : [2] AapTransport.send | SENSOR Sensor Event type: 32771 flags: 11 size: 46 dataOffset: 6
09-15 13:47:09.047 18485 18883 D OPENHU  : [80] Companion.decrypt | RECV: AUDIO Media Data type: 0 flags: 11 size: 8202 dataOffset: 2
09-15 13:47:09.090 18485 18883 D OPENHU  : [80] Companion.decrypt | RECV: AUDIO Media Data type: 0 flags: 11 size: 8202 dataOffset: 2
09-15 13:47:09.135 18485 18883 D OPENHU  : [80] Companion.decrypt | RECV: AUDIO Media Data type: 0 flags: 11 size: 8202 dataOffset: 2
09-15 13:47:09.175 18485 18883 D OPENHU  : [80] Companion.decrypt | RECV: AUDIO Media Data type: 0 flags: 11 size: 8202 dataOffset: 2
09-15 13:47:09.204 18485 18881 I OPENHU  : [78] VideoDecoder.logFeedPacing | Feed queue full - pacing the transport thread instead of shedding frames (+4 more since the last line)
09-15 13:47:09.218 18485 18883 D OPENHU  : [80] Companion.decrypt | RECV: AUDIO Media Data type: 0 flags: 11 size: 8202 dataOffset: 2
09-15 13:47:09.262 18485 18883 D OPENHU  : [80] Companion.decrypt | RECV: AUDIO Media Data type: 0 flags: 11 size: 8202 dataOffset: 2
09-15 13:47:09.305 18485 18883 D OPENHU  : [80] Companion.decrypt | RECV: AUDIO Media Data type: 0 flags: 11 size: 8202 dataOffset: 2
09-15 13:47:09.351 18485 18883 D OPENHU  : [80] Companion.decrypt | RECV: AUDIO Media Data type: 0 flags: 11 size: 8202 dataOffset: 2
09-15 13:47:09.392 18485 18883 D OPENHU  : [80] Companion.decrypt | RECV: AUDIO Media Data type: 0 flags: 11 size: 8202 dataOffset: 2
09-15 13:47:09.431 18485 18883 D OPENHU  : [80] Companion.decrypt | RECV: AUDIO Media Data type: 0 flags: 11 size: 8202 dataOffset: 2
09-15 13:47:09.473 18485 18883 D OPENHU  : [80] Companion.decrypt | RECV: AUDIO Media Data type: 0 flags: 11 size: 8202 dataOffset: 2
09-15 13:47:09.517 18485 18883 D OPENHU  : [80] Companion.decrypt | RECV: AUDIO Media Data type: 0 flags: 11 size: 8202 dataOffset: 2
09-15 13:47:09.559 18485 18883 D OPENHU  : [80] Companion.decrypt | RECV: AUDIO Media Data type: 0 flags: 11 size: 8202 dataOffset: 2
09-15 13:47:09.603 18485 18883 D OPENHU  : [80] Companion.decrypt | RECV: AUDIO Media Data type: 0 flags: 11 size: 8202 dataOffset: 2
09-15 13:47:09.647 18485 18883 D OPENHU  : [80] Companion.decrypt | RECV: AUDIO Media Data type: 0 flags: 11 size: 8202 dataOffset: 2
09-15 13:47:09.688 18485 18883 D OPENHU  : [80] Companion.decrypt | RECV: AUDIO Media Data type: 0 flags: 11 size: 8202 dataOffset: 2
09-15 13:47:09.730 18485 18883 D OPENHU  : [80] Companion.decrypt | RECV: AUDIO Media Data type: 0 flags: 11 size: 8202 dataOffset: 2
09-15 13:47:09.756 18485 18883 D OPENHU  : [80] Companion.decrypt | RECV: CONTROL Ping Request type: 11 flags: 11 size: 12 dataOffset: 2
09-15 13:47:09.756 18485 18883 V OPENHU  : [80] AapTransport.send | CONTROL Ping Response type: 12 flags: 11 size: 14 dataOffset: 6
09-15 13:47:09.773 18485 18883 D OPENHU  : [80] Companion.decrypt | RECV: AUDIO Media Data type: 0 flags: 11 size: 8202 dataOffset: 2
09-15 13:47:09.815 18485 18883 D OPENHU  : [80] Companion.decrypt | RECV: AUDIO Media Data type: 0 flags: 11 size: 8202 dataOffset: 2
09-15 13:47:09.840 18485 18883 D OPENHU  : [80] Companion.decrypt | RECV: MUSIC_PLAYBACK Media Playback Status type: 32769 flags: 11 size: 17 dataOffset: 2
09-15 13:47:09.841 18485 18883 D OPENHU  : [80] AapMediaPlayback.processStatusPacket | AapMediaPlayback: status mediaSource='VLC', playbackSeconds(u32)=62, state=PLAYING
09-15 13:47:09.857 18485 18883 D OPENHU  : [80] Companion.decrypt | RECV: AUDIO Media Data type: 0 flags: 11 size: 8202 dataOffset: 2
09-15 13:47:09.901 18485 18883 D OPENHU  : [80] Companion.decrypt | RECV: AUDIO Media Data type: 0 flags: 11 size: 8202 dataOffset: 2
09-15 13:47:09.944 18485 18883 D OPENHU  : [80] Companion.decrypt | RECV: AUDIO Media Data type: 0 flags: 11 size: 8202 dataOffset: 2
09-15 13:47:09.985 18485 18883 D OPENHU  : [80] Companion.decrypt | RECV: AUDIO Media Data type: 0 flags: 11 size: 8202 dataOffset: 2
09-15 13:47:09.994 18485 18485 V OPENHU  : [2] GpsLocation.onLocationChanged | GpsLocation: fix received
09-15 13:47:10.002 18485 18485 V OPENHU  : [2] AapTransport.send | SENSOR Sensor Event type: 32771 flags: 11 size: 46 dataOffset: 6
09-15 13:47:10.030 18485 18883 D OPENHU  : [80] Companion.decrypt | RECV: AUDIO Media Data type: 0 flags: 11 size: 8202 dataOffset: 2
09-15 13:47:10.072 18485 18883 D OPENHU  : [80] Companion.decrypt | RECV: AUDIO Media Data type: 0 flags: 11 size: 8202 dataOffset: 2
09-15 13:47:10.116 18485 18883 D OPENHU  : [80] Companion.decrypt | RECV: AUDIO Media Data type: 0 flags: 11 size: 8202 dataOffset: 2
09-15 13:47:10.158 18485 18883 D OPENHU  : [80] Companion.decrypt | RECV: AUDIO Media Data type: 0 flags: 11 size: 8202 dataOffset: 2
09-15 13:47:10.202 18485 18883 D OPENHU  : [80] Companion.decrypt | RECV: AUDIO Media Data type: 0 flags: 11 size: 8202 dataOffset: 2
09-15 13:47:10.223 18485 18881 I OPENHU  : [78] VideoDecoder.logFeedPacing | Feed queue full - pacing the transport thread instead of shedding frames (+4 more since the last line)
09-15 13:47:10.243 18485 18883 D OPENHU  : [80] Companion.decrypt | RECV: AUDIO Media Data type: 0 flags: 11 size: 8202 dataOffset: 2
09-15 13:47:10.286 18485 18883 D OPENHU  : [80] Companion.decrypt | RECV: AUDIO Media Data type: 0 flags: 11 size: 8202 dataOffset: 2
09-15 13:47:10.328 18485 18883 D OPENHU  : [80] Companion.decrypt | RECV: AUDIO Media Data type: 0 flags: 11 size: 8202 dataOffset: 2
09-15 13:47:10.369 18485 18883 D OPENHU  : [80] Companion.decrypt | RECV: AUDIO Media Data type: 0 flags: 11 size: 8202 dataOffset: 2
09-15 13:47:10.415 18485 18883 D OPENHU  : [80] Companion.decrypt | RECV: AUDIO Media Data type: 0 flags: 11 size: 8202 dataOffset: 2
09-15 13:47:10.458 18485 18883 D OPENHU  : [80] Companion.decrypt | RECV: AUDIO Media Data type: 0 flags: 11 size: 8202 dataOffset: 2
09-15 13:47:10.498 18485 18883 D OPENHU  : [80] Companion.decrypt | RECV: AUDIO Media Data type: 0 flags: 11 size: 8202 dataOffset: 2
09-15 13:47:10.541 18485 18883 D OPENHU  : [80] Companion.decrypt | RECV: AUDIO Media Data type: 0 flags: 11 size: 8202 dataOffset: 2
09-15 13:47:10.583 18485 18883 D OPENHU  : [80] Companion.decrypt | RECV: AUDIO Media Data type: 0 flags: 11 size: 8202 dataOffset: 2
09-15 13:47:10.628 18485 18883 D OPENHU  : [80] Companion.decrypt | RECV: AUDIO Media Data type: 0 flags: 11 size: 8202 dataOffset: 2
09-15 13:47:10.669 18485 18883 D OPENHU  : [80] Companion.decrypt | RECV: AUDIO Media Data type: 0 flags: 11 size: 8202 dataOffset: 2
09-15 13:47:10.715 18485 18883 D OPENHU  : [80] Companion.decrypt | RECV: AUDIO Media Data type: 0 flags: 11 size: 8202 dataOffset: 2
09-15 13:47:10.755 18485 18883 D OPENHU  : [80] Companion.decrypt | RECV: AUDIO Media Data type: 0 flags: 11 size: 8202 dataOffset: 2
09-15 13:47:10.757 18485 18883 D OPENHU  : [80] Companion.decrypt | RECV: CONTROL Ping Request type: 11 flags: 11 size: 12 dataOffset: 2
09-15 13:47:10.758 18485 18883 V OPENHU  : [80] AapTransport.send | CONTROL Ping Response type: 12 flags: 11 size: 14 dataOffset: 6
09-15 13:47:10.798 18485 18883 D OPENHU  : [80] Companion.decrypt | RECV: AUDIO Media Data type: 0 flags: 11 size: 8202 dataOffset: 2
09-15 13:47:10.841 18485 18883 D OPENHU  : [80] Companion.decrypt | RECV: AUDIO Media Data type: 0 flags: 11 size: 8202 dataOffset: 2
09-15 13:47:10.845 18485 18883 D OPENHU  : [80] Companion.decrypt | RECV: MUSIC_PLAYBACK Media Playback Status type: 32769 flags: 11 size: 17 dataOffset: 2
09-15 13:47:10.845 18485 18883 D OPENHU  : [80] AapMediaPlayback.processStatusPacket | AapMediaPlayback: status mediaSource='VLC', playbackSeconds(u32)=63, state=PLAYING
09-15 13:47:10.881 18485 18883 D OPENHU  : [80] Companion.decrypt | RECV: AUDIO Media Data type: 0 flags: 11 size: 8202 dataOffset: 2
09-15 13:47:10.926 18485 18883 D OPENHU  : [80] Companion.decrypt | RECV: AUDIO Media Data type: 0 flags: 11 size: 8202 dataOffset: 2
09-15 13:47:10.968 18485 18883 D OPENHU  : [80] Companion.decrypt | RECV: AUDIO Media Data type: 0 flags: 11 size: 8202 dataOffset: 2
09-15 13:47:11.012 18485 18883 D OPENHU  : [80] Companion.decrypt | RECV: AUDIO Media Data type: 0 flags: 11 size: 8202 dataOffset: 2
09-15 13:47:11.020 18485 18485 V OPENHU  : [2] GpsLocation.onLocationChanged | GpsLocation: fix received
09-15 13:47:11.026 18485 18485 V OPENHU  : [2] AapTransport.send | SENSOR Sensor Event type: 32771 flags: 11 size: 46 dataOffset: 6
09-15 13:47:11.054 18485 18883 D OPENHU  : [80] Companion.decrypt | RECV: AUDIO Media Data type: 0 flags: 11 size: 8202 dataOffset: 2
09-15 13:47:11.096 18485 18883 D OPENHU  : [80] Companion.decrypt | RECV: AUDIO Media Data type: 0 flags: 11 size: 8202 dataOffset: 2
09-15 13:47:11.138 18485 18883 D OPENHU  : [80] Companion.decrypt | RECV: AUDIO Media Data type: 0 flags: 11 size: 8202 dataOffset: 2
09-15 13:47:11.182 18485 18883 D OPENHU  : [80] Companion.decrypt | RECV: AUDIO Media Data type: 0 flags: 11 size: 8202 dataOffset: 2
09-15 13:47:11.223 18485 18883 D OPENHU  : [80] Companion.decrypt | RECV: AUDIO Media Data type: 0 flags: 11 size: 8202 dataOffset: 2
09-15 13:47:11.237 18485 18881 I OPENHU  : [78] VideoDecoder.logFeedPacing | Feed queue full - pacing the transport thread instead of shedding frames (+4 more since the last line)
09-15 13:47:11.267 18485 18883 D OPENHU  : [80] Companion.decrypt | RECV: AUDIO Media Data type: 0 flags: 11 size: 8202 dataOffset: 2
09-15 13:47:11.310 18485 18883 D OPENHU  : [80] Companion.decrypt | RECV: AUDIO Media Data type: 0 flags: 11 size: 8202 dataOffset: 2
09-15 13:47:11.351 18485 18883 D OPENHU  : [80] Companion.decrypt | RECV: AUDIO Media Data type: 0 flags: 11 size: 8202 dataOffset: 2
09-15 13:47:11.395 18485 18883 D OPENHU  : [80] Companion.decrypt | RECV: AUDIO Media Data type: 0 flags: 11 size: 8202 dataOffset: 2
09-15 13:47:11.437 18485 18883 D OPENHU  : [80] Companion.decrypt | RECV: AUDIO Media Data type: 0 flags: 11 size: 8202 dataOffset: 2
09-15 13:47:11.480 18485 18883 D OPENHU  : [80] Companion.decrypt | RECV: AUDIO Media Data type: 0 flags: 11 size: 8202 dataOffset: 2
09-15 13:47:11.523 18485 18883 D OPENHU  : [80] Companion.decrypt | RECV: AUDIO Media Data type: 0 flags: 11 size: 8202 dataOffset: 2
09-15 13:47:11.565 18485 18883 D OPENHU  : [80] Companion.decrypt | RECV: AUDIO Media Data type: 0 flags: 11 size: 8202 dataOffset: 2
09-15 13:47:11.584 18485 18907 I OPENHU  : [89] VideoDecoder.logThroughput | Throughput over 5010ms: rendered=24 (4fps), fed=24 (4fps), dropped=0, skipped=0, concealed=0, inputWait=8ms, enqueueWait=4855ms, codec=c2.unisoc.avc.decoder, presented=24 (4fps), decodeLatency=unreadable (24 frames)
09-15 13:47:11.609 18485 18883 D OPENHU  : [80] Companion.decrypt | RECV: AUDIO Media Data type: 0 flags: 11 size: 8202 dataOffset: 2
09-15 13:47:11.651 18485 18883 D OPENHU  : [80] Companion.decrypt | RECV: AUDIO Media Data type: 0 flags: 11 size: 8202 dataOffset: 2
09-15 13:47:11.696 18485 18883 D OPENHU  : [80] Companion.decrypt | RECV: AUDIO Media Data type: 0 flags: 11 size: 8202 dataOffset: 2
09-15 13:47:11.737 18485 18883 D OPENHU  : [80] Companion.decrypt | RECV: AUDIO Media Data type: 0 flags: 11 size: 8202 dataOffset: 2
09-15 13:47:11.758 18485 18883 D OPENHU  : [80] Companion.decrypt | RECV: CONTROL Ping Request type: 11 flags: 11 size: 12 dataOffset: 2
09-15 13:47:11.759 18485 18883 V OPENHU  : [80] AapTransport.send | CONTROL Ping Response type: 12 flags: 11 size: 14 dataOffset: 6
09-15 13:47:11.778 18485 18883 D OPENHU  : [80] Companion.decrypt | RECV: AUDIO Media Data type: 0 flags: 11 size: 8202 dataOffset: 2
09-15 13:47:11.821 18485 18883 D OPENHU  : [80] Companion.decrypt | RECV: AUDIO Media Data type: 0 flags: 11 size: 8202 dataOffset: 2
09-15 13:47:11.848 18485 18883 D OPENHU  : [80] Companion.decrypt | RECV: MUSIC_PLAYBACK Media Playback Status type: 32769 flags: 11 size: 17 dataOffset: 2
09-15 13:47:11.850 18485 18883 D OPENHU  : [80] AapMediaPlayback.processStatusPacket | AapMediaPlayback: status mediaSource='VLC', playbackSeconds(u32)=64, state=PLAYING
09-15 13:47:11.864 18485 18883 D OPENHU  : [80] Companion.decrypt | RECV: AUDIO Media Data type: 0 flags: 11 size: 8202 dataOffset: 2
09-15 13:47:11.907 18485 18883 D OPENHU  : [80] Companion.decrypt | RECV: AUDIO Media Data type: 0 flags: 11 size: 8202 dataOffset: 2
09-15 13:47:11.950 18485 18883 D OPENHU  : [80] Companion.decrypt | RECV: AUDIO Media Data type: 0 flags: 11 size: 8202 dataOffset: 2
09-15 13:47:11.994 18485 18883 D OPENHU  : [80] Companion.decrypt | RECV: AUDIO Media Data type: 0 flags: 11 size: 8202 dataOffset: 2
09-15 13:47:11.995 18485 18485 V OPENHU  : [2] GpsLocation.onLocationChanged | GpsLocation: fix received
09-15 13:47:12.003 18485 18485 V OPENHU  : [2] AapTransport.send | SENSOR Sensor Event type: 32771 flags: 11 size: 46 dataOffset: 6
09-15 13:47:12.035 18485 18883 D OPENHU  : [80] Companion.decrypt | RECV: AUDIO Media Data type: 0 flags: 11 size: 8202 dataOffset: 2
09-15 13:47:12.079 18485 18883 D OPENHU  : [80] Companion.decrypt | RECV: AUDIO Media Data type: 0 flags: 11 size: 8202 dataOffset: 2
09-15 13:47:12.122 18485 18883 D OPENHU  : [80] Companion.decrypt | RECV: AUDIO Media Data type: 0 flags: 11 size: 8202 dataOffset: 2
09-15 13:47:12.164 18485 18883 D OPENHU  : [80] Companion.decrypt | RECV: AUDIO Media Data type: 0 flags: 11 size: 8202 dataOffset: 2
09-15 13:47:12.207 18485 18883 D OPENHU  : [80] Companion.decrypt | RECV: AUDIO Media Data type: 0 flags: 11 size: 8202 dataOffset: 2
09-15 13:47:12.250 18485 18883 D OPENHU  : [80] Companion.decrypt | RECV: AUDIO Media Data type: 0 flags: 11 size: 8202 dataOffset: 2
09-15 13:47:12.256 18485 18881 I OPENHU  : [78] VideoDecoder.logFeedPacing | Feed queue full - pacing the transport thread instead of shedding frames (+4 more since the last line)
09-15 13:47:12.292 18485 18883 D OPENHU  : [80] Companion.decrypt | RECV: AUDIO Media Data type: 0 flags: 11 size: 8202 dataOffset: 2
09-15 13:47:12.335 18485 18883 D OPENHU  : [80] Companion.decrypt | RECV: AUDIO Media Data type: 0 flags: 11 size: 8202 dataOffset: 2
09-15 13:47:12.377 18485 18883 D OPENHU  : [80] Companion.decrypt | RECV: AUDIO Media Data type: 0 flags: 11 size: 8202 dataOffset: 2
09-15 13:47:12.419 18485 18883 D OPENHU  : [80] Companion.decrypt | RECV: AUDIO Media Data type: 0 flags: 11 size: 8202 dataOffset: 2
09-15 13:47:12.464 18485 18883 D OPENHU  : [80] Companion.decrypt | RECV: AUDIO Media Data type: 0 flags: 11 size: 8202 dataOffset: 2
09-15 13:47:12.504 18485 18883 D OPENHU  : [80] Companion.decrypt | RECV: AUDIO Media Data type: 0 flags: 11 size: 8202 dataOffset: 2
09-15 13:47:12.546 18485 18883 D OPENHU  : [80] Companion.decrypt | RECV: AUDIO Media Data type: 0 flags: 11 size: 8202 dataOffset: 2
09-15 13:47:12.590 18485 18883 D OPENHU  : [80] Companion.decrypt | RECV: AUDIO Media Data type: 0 flags: 11 size: 8202 dataOffset: 2
09-15 13:47:12.633 18485 18883 D OPENHU  : [80] Companion.decrypt | RECV: AUDIO Media Data type: 0 flags: 11 size: 8202 dataOffset: 2
09-15 13:47:12.676 18485 18883 D OPENHU  : [80] Companion.decrypt | RECV: AUDIO Media Data type: 0 flags: 11 size: 8202 dataOffset: 2
09-15 13:47:12.719 18485 18883 D OPENHU  : [80] Companion.decrypt | RECV: AUDIO Media Data type: 0 flags: 11 size: 8202 dataOffset: 2
09-15 13:47:12.761 18485 18883 D OPENHU  : [80] Companion.decrypt | RECV: CONTROL Ping Request type: 11 flags: 11 size: 12 dataOffset: 2
09-15 13:47:12.763 18485 18883 V OPENHU  : [80] AapTransport.send | CONTROL Ping Response type: 12 flags: 11 size: 14 dataOffset: 6
09-15 13:47:12.768 18485 18883 D OPENHU  : [80] Companion.decrypt | RECV: AUDIO Media Data type: 0 flags: 11 size: 8202 dataOffset: 2
09-15 13:47:12.803 18485 18883 D OPENHU  : [80] Companion.decrypt | RECV: AUDIO Media Data type: 0 flags: 11 size: 8202 dataOffset: 2
09-15 13:47:12.846 18485 18883 D OPENHU  : [80] Companion.decrypt | RECV: AUDIO Media Data type: 0 flags: 11 size: 8202 dataOffset: 2
09-15 13:47:12.851 18485 18883 D OPENHU  : [80] Companion.decrypt | RECV: MUSIC_PLAYBACK Media Playback Status type: 32769 flags: 11 size: 17 dataOffset: 2
09-15 13:47:12.852 18485 18883 D OPENHU  : [80] AapMediaPlayback.processStatusPacket | AapMediaPlayback: status mediaSource='VLC', playbackSeconds(u32)=65, state=PLAYING
09-15 13:47:12.890 18485 18883 D OPENHU  : [80] Companion.decrypt | RECV: AUDIO Media Data type: 0 flags: 11 size: 8202 dataOffset: 2
09-15 13:47:12.935 18485 18883 D OPENHU  : [80] Companion.decrypt | RECV: AUDIO Media Data type: 0 flags: 11 size: 8202 dataOffset: 2
09-15 13:47:12.974 18485 18883 D OPENHU  : [80] Companion.decrypt | RECV: AUDIO Media Data type: 0 flags: 11 size: 8202 dataOffset: 2
09-15 13:47:13.019 18485 18883 D OPENHU  : [80] Companion.decrypt | RECV: AUDIO Media Data type: 0 flags: 11 size: 8202 dataOffset: 2
09-15 13:47:13.031 18485 18485 V OPENHU  : [2] GpsLocation.onLocationChanged | GpsLocation: fix received
09-15 13:47:13.038 18485 18485 V OPENHU  : [2] AapTransport.send | SENSOR Sensor Event type: 32771 flags: 11 size: 46 dataOffset: 6
09-15 13:47:13.060 18485 18883 D OPENHU  : [80] Companion.decrypt | RECV: AUDIO Media Data type: 0 flags: 11 size: 8202 dataOffset: 2
09-15 13:47:13.102 18485 18883 D OPENHU  : [80] Companion.decrypt | RECV: AUDIO Media Data type: 0 flags: 11 size: 8202 dataOffset: 2
09-15 13:47:13.143 18485 18883 D OPENHU  : [80] Companion.decrypt | RECV: AUDIO Media Data type: 0 flags: 11 size: 8202 dataOffset: 2
09-15 13:47:13.189 18485 18883 D OPENHU  : [80] Companion.decrypt | RECV: AUDIO Media Data type: 0 flags: 11 size: 8202 dataOffset: 2
09-15 13:47:13.230 18485 18883 D OPENHU  : [80] Companion.decrypt | RECV: AUDIO Media Data type: 0 flags: 11 size: 8202 dataOffset: 2
09-15 13:47:13.272 18485 18881 I OPENHU  : [78] VideoDecoder.logFeedPacing | Feed queue full - pacing the transport thread instead of shedding frames (+4 more since the last line)
09-15 13:47:13.272 18485 18883 D OPENHU  : [80] Companion.decrypt | RECV: AUDIO Media Data type: 0 flags: 11 size: 8202 dataOffset: 2
09-15 13:47:13.315 18485 18883 D OPENHU  : [80] Companion.decrypt | RECV: AUDIO Media Data type: 0 flags: 11 size: 8202 dataOffset: 2
09-15 13:47:13.359 18485 18883 D OPENHU  : [80] Companion.decrypt | RECV: AUDIO Media Data type: 0 flags: 11 size: 8202 dataOffset: 2
09-15 13:47:13.400 18485 18883 D OPENHU  : [80] Companion.decrypt | RECV: AUDIO Media Data type: 0 flags: 11 size: 8202 dataOffset: 2
09-15 13:47:13.443 18485 18883 D OPENHU  : [80] Companion.decrypt | RECV: AUDIO Media Data type: 0 flags: 11 size: 8202 dataOffset: 2
09-15 13:47:13.485 18485 18883 D OPENHU  : [80] Companion.decrypt | RECV: AUDIO Media Data type: 0 flags: 11 size: 8202 dataOffset: 2
09-15 13:47:13.529 18485 18883 D OPENHU  : [80] Companion.decrypt | RECV: AUDIO Media Data type: 0 flags: 11 size: 8202 dataOffset: 2
09-15 13:47:13.572 18485 18883 D OPENHU  : [80] Companion.decrypt | RECV: AUDIO Media Data type: 0 flags: 11 size: 8202 dataOffset: 2
09-15 13:47:13.615 18485 18883 D OPENHU  : [80] Companion.decrypt | RECV: AUDIO Media Data type: 0 flags: 11 size: 8202 dataOffset: 2
09-15 13:47:13.656 18485 18883 D OPENHU  : [80] Companion.decrypt | RECV: AUDIO Media Data type: 0 flags: 11 size: 8202 dataOffset: 2
09-15 13:47:13.699 18485 18883 D OPENHU  : [80] Companion.decrypt | RECV: AUDIO Media Data type: 0 flags: 11 size: 8202 dataOffset: 2
09-15 13:47:13.741 18485 18883 D OPENHU  : [80] Companion.decrypt | RECV: AUDIO Media Data type: 0 flags: 11 size: 8202 dataOffset: 2
09-15 13:47:13.761 18485 18883 D OPENHU  : [80] Companion.decrypt | RECV: CONTROL Ping Request type: 11 flags: 11 size: 12 dataOffset: 2
09-15 13:47:13.762 18485 18883 V OPENHU  : [80] AapTransport.send | CONTROL Ping Response type: 12 flags: 11 size: 14 dataOffset: 6
09-15 13:47:13.784 18485 18883 D OPENHU  : [80] Companion.decrypt | RECV: AUDIO Media Data type: 0 flags: 11 size: 8202 dataOffset: 2
09-15 13:47:13.828 18485 18883 D OPENHU  : [80] Companion.decrypt | RECV: AUDIO Media Data type: 0 flags: 11 size: 8202 dataOffset: 2
09-15 13:47:13.855 18485 18883 D OPENHU  : [80] Companion.decrypt | RECV: MUSIC_PLAYBACK Media Playback Status type: 32769 flags: 11 size: 17 dataOffset: 2
09-15 13:47:13.857 18485 18883 D OPENHU  : [80] AapMediaPlayback.processStatusPacket | AapMediaPlayback: status mediaSource='VLC', playbackSeconds(u32)=66, state=PLAYING
09-15 13:47:13.869 18485 18883 D OPENHU  : [80] Companion.decrypt | RECV: AUDIO Media Data type: 0 flags: 11 size: 8202 dataOffset: 2
09-15 13:47:13.914 18485 18883 D OPENHU  : [80] Companion.decrypt | RECV: AUDIO Media Data type: 0 flags: 11 size: 8202 dataOffset: 2
09-15 13:47:13.955 18485 18883 D OPENHU  : [80] Companion.decrypt | RECV: AUDIO Media Data type: 0 flags: 11 size: 8202 dataOffset: 2
09-15 13:47:13.994 18485 18485 V OPENHU  : [2] GpsLocation.onLocationChanged | GpsLocation: fix received
09-15 13:47:14.001 18485 18883 D OPENHU  : [80] Companion.decrypt | RECV: AUDIO Media Data type: 0 flags: 11 size: 8202 dataOffset: 2
09-15 13:47:14.003 18485 18485 V OPENHU  : [2] AapTransport.send | SENSOR Sensor Event type: 32771 flags: 11 size: 46 dataOffset: 6
09-15 13:47:14.038 18485 18883 D OPENHU  : [80] Companion.decrypt | RECV: AUDIO Media Data type: 0 flags: 11 size: 8202 dataOffset: 2
09-15 13:47:14.083 18485 18883 D OPENHU  : [80] Companion.decrypt | RECV: AUDIO Media Data type: 0 flags: 11 size: 8202 dataOffset: 2
09-15 13:47:14.098 18485 18485 I OPENHU  : [2] TextureProjectionView.onSurfaceTextureUpdated | TextureProjectionView: displayed 25 frames in 5070ms (4fps), longFrames=0
09-15 13:47:14.124 18485 18883 D OPENHU  : [80] Companion.decrypt | RECV: AUDIO Media Data type: 0 flags: 11 size: 8202 dataOffset: 2
09-15 13:47:14.170 18485 18883 D OPENHU  : [80] Companion.decrypt | RECV: AUDIO Media Data type: 0 flags: 11 size: 8202 dataOffset: 2
09-15 13:47:14.210 18485 18883 D OPENHU  : [80] Companion.decrypt | RECV: AUDIO Media Data type: 0 flags: 11 size: 8202 dataOffset: 2
09-15 13:47:14.254 18485 18883 D OPENHU  : [80] Companion.decrypt | RECV: AUDIO Media Data type: 0 flags: 11 size: 8202 dataOffset: 2
09-15 13:47:14.287 18485 18881 I OPENHU  : [78] VideoDecoder.logFeedPacing | Feed queue full - pacing the transport thread instead of shedding frames (+4 more since the last line)
09-15 13:47:14.296 18485 18883 D OPENHU  : [80] Companion.decrypt | RECV: AUDIO Media Data type: 0 flags: 11 size: 8202 dataOffset: 2
09-15 13:47:14.338 18485 18883 D OPENHU  : [80] Companion.decrypt | RECV: AUDIO Media Data type: 0 flags: 11 size: 8202 dataOffset: 2
09-15 13:47:14.380 18485 18883 D OPENHU  : [80] Companion.decrypt | RECV: AUDIO Media Data type: 0 flags: 11 size: 8202 dataOffset: 2
09-15 13:47:14.424 18485 18883 D OPENHU  : [80] Companion.decrypt | RECV: AUDIO Media Data type: 0 flags: 11 size: 8202 dataOffset: 2
09-15 13:47:14.466 18485 18883 D OPENHU  : [80] Companion.decrypt | RECV: AUDIO Media Data type: 0 flags: 11 size: 8202 dataOffset: 2
09-15 13:47:14.508 18485 18883 D OPENHU  : [80] Companion.decrypt | RECV: AUDIO Media Data type: 0 flags: 11 size: 8202 dataOffset: 2
09-15 13:47:14.552 18485 18883 D OPENHU  : [80] Companion.decrypt | RECV: AUDIO Media Data type: 0 flags: 11 size: 8202 dataOffset: 2
09-15 13:47:14.596 18485 18883 D OPENHU  : [80] Companion.decrypt | RECV: AUDIO Media Data type: 0 flags: 11 size: 8202 dataOffset: 2
09-15 13:47:14.638 18485 18883 D OPENHU  : [80] Companion.decrypt | RECV: AUDIO Media Data type: 0 flags: 11 size: 8202 dataOffset: 2
09-15 13:47:14.687 18485 18883 D OPENHU  : [80] Companion.decrypt | RECV: AUDIO Media Data type: 0 flags: 11 size: 8202 dataOffset: 2
09-15 13:47:14.723 18485 18883 D OPENHU  : [80] Companion.decrypt | RECV: AUDIO Media Data type: 0 flags: 11 size: 8202 dataOffset: 2
09-15 13:47:14.762 18485 18883 D OPENHU  : [80] Companion.decrypt | RECV: CONTROL Ping Request type: 11 flags: 11 size: 12 dataOffset: 2
09-15 13:47:14.762 18485 18883 V OPENHU  : [80] AapTransport.send | CONTROL Ping Response type: 12 flags: 11 size: 14 dataOffset: 6
09-15 13:47:14.767 18485 18883 D OPENHU  : [80] Companion.decrypt | RECV: AUDIO Media Data type: 0 flags: 11 size: 8202 dataOffset: 2
09-15 13:47:14.809 18485 18883 D OPENHU  : [80] Companion.decrypt | RECV: AUDIO Media Data type: 0 flags: 11 size: 8202 dataOffset: 2
09-15 13:47:14.852 18485 18883 D OPENHU  : [80] Companion.decrypt | RECV: AUDIO Media Data type: 0 flags: 11 size: 8202 dataOffset: 2
09-15 13:47:14.856 18485 18883 D OPENHU  : [80] Companion.decrypt | RECV: MUSIC_PLAYBACK Media Playback Status type: 32769 flags: 11 size: 17 dataOffset: 2
09-15 13:47:14.857 18485 18883 D OPENHU  : [80] AapMediaPlayback.processStatusPacket | AapMediaPlayback: status mediaSource='VLC', playbackSeconds(u32)=67, state=PLAYING
09-15 13:47:14.897 18485 18883 D OPENHU  : [80] Companion.decrypt | RECV: AUDIO Media Data type: 0 flags: 11 size: 8202 dataOffset: 2
09-15 13:47:14.936 18485 18883 D OPENHU  : [80] Companion.decrypt | RECV: AUDIO Media Data type: 0 flags: 11 size: 8202 dataOffset: 2
09-15 13:47:14.977 18485 18883 D OPENHU  : [80] Companion.decrypt | RECV: AUDIO Media Data type: 0 flags: 11 size: 8202 dataOffset: 2
09-15 13:47:15.020 18485 18883 D OPENHU  : [80] Companion.decrypt | RECV: AUDIO Media Data type: 0 flags: 11 size: 8202 dataOffset: 2
09-15 13:47:15.024 18485 18485 V OPENHU  : [2] GpsLocation.onLocationChanged | GpsLocation: fix received
09-15 13:47:15.032 18485 18485 V OPENHU  : [2] AapTransport.send | SENSOR Sensor Event type: 32771 flags: 11 size: 46 dataOffset: 6
09-15 13:47:15.063 18485 18883 D OPENHU  : [80] Companion.decrypt | RECV: AUDIO Media Data type: 0 flags: 11 size: 8202 dataOffset: 2
09-15 13:47:15.108 18485 18883 D OPENHU  : [80] Companion.decrypt | RECV: AUDIO Media Data type: 0 flags: 11 size: 8202 dataOffset: 2
09-15 13:47:15.150 18485 18883 D OPENHU  : [80] Companion.decrypt | RECV: AUDIO Media Data type: 0 flags: 11 size: 8202 dataOffset: 2
09-15 13:47:15.193 18485 18883 D OPENHU  : [80] Companion.decrypt | RECV: AUDIO Media Data type: 0 flags: 11 size: 8202 dataOffset: 2
09-15 13:47:15.235 18485 18883 D OPENHU  : [80] Companion.decrypt | RECV: AUDIO Media Data type: 0 flags: 11 size: 8202 dataOffset: 2
09-15 13:47:15.278 18485 18883 D OPENHU  : [80] Companion.decrypt | RECV: AUDIO Media Data type: 0 flags: 11 size: 8202 dataOffset: 2
09-15 13:47:15.304 18485 18881 I OPENHU  : [78] VideoDecoder.logFeedPacing | Feed queue full - pacing the transport thread instead of shedding frames (+4 more since the last line)
09-15 13:47:15.321 18485 18883 D OPENHU  : [80] Companion.decrypt | RECV: AUDIO Media Data type: 0 flags: 11 size: 8202 dataOffset: 2
09-15 13:47:15.365 18485 18883 D OPENHU  : [80] Companion.decrypt | RECV: AUDIO Media Data type: 0 flags: 11 size: 8202 dataOffset: 2
09-15 13:47:15.406 18485 18883 D OPENHU  : [80] Companion.decrypt | RECV: AUDIO Media Data type: 0 flags: 11 size: 8202 dataOffset: 2
09-15 13:47:15.435 18485 18883 I OPENHU  : [80] AapTransport.noteMessageReceived$com_andrerinas_headunitrevived_3_4_0_beta3_githubDebug | AapTransport: inbound rate over 30019ms: video=36kB/s (1144 msgs), audio=187kB/s (704 msgs), other=0kB/s (60 msgs)
09-15 13:47:15.450 18485 18883 D OPENHU  : [80] Companion.decrypt | RECV: AUDIO Media Data type: 0 flags: 11 size: 8202 dataOffset: 2
09-15 13:47:15.454 18485 18883 I OPENHU  : [80] AapMessageHandlerType.handle | AapTransport: transport dispatch over 30001ms: video=1501ms, audio=742ms, other=59ms, unread=7%, blocks=0, longest=4ms on VIDEO, videoQueue=4666
09-15 13:47:15.492 18485 18883 D OPENHU  : [80] Companion.decrypt | RECV: AUDIO Media Data type: 0 flags: 11 size: 8202 dataOffset: 2
09-15 13:47:15.531 18485 18883 D OPENHU  : [80] Companion.decrypt | RECV: AUDIO Media Data type: 0 flags: 11 size: 8202 dataOffset: 2
09-15 13:47:15.576 18485 18883 D OPENHU  : [80] Companion.decrypt | RECV: AUDIO Media Data type: 0 flags: 11 size: 8202 dataOffset: 2
09-15 13:47:15.622 18485 18883 D OPENHU  : [80] Companion.decrypt | RECV: AUDIO Media Data type: 0 flags: 11 size: 8202 dataOffset: 2
09-15 13:47:15.662 18485 18883 D OPENHU  : [80] Companion.decrypt | RECV: AUDIO Media Data type: 0 flags: 11 size: 8202 dataOffset: 2
09-15 13:47:15.706 18485 18883 D OPENHU  : [80] Companion.decrypt | RECV: AUDIO Media Data type: 0 flags: 11 size: 8202 dataOffset: 2
09-15 13:47:15.748 18485 18883 D OPENHU  : [80] Companion.decrypt | RECV: AUDIO Media Data type: 0 flags: 11 size: 8202 dataOffset: 2
09-15 13:47:15.765 18485 18883 D OPENHU  : [80] Companion.decrypt | RECV: CONTROL Ping Request type: 11 flags: 11 size: 12 dataOffset: 2
09-15 13:47:15.767 18485 18883 V OPENHU  : [80] AapTransport.send | CONTROL Ping Response type: 12 flags: 11 size: 14 dataOffset: 6
09-15 13:47:15.791 18485 18883 D OPENHU  : [80] Companion.decrypt | RECV: AUDIO Media Data type: 0 flags: 11 size: 8202 dataOffset: 2
09-15 13:47:15.834 18485 18883 D OPENHU  : [80] Companion.decrypt | RECV: AUDIO Media Data type: 0 flags: 11 size: 8202 dataOffset: 2
09-15 13:47:15.860 18485 18883 D OPENHU  : [80] Companion.decrypt | RECV: MUSIC_PLAYBACK Media Playback Status type: 32769 flags: 11 size: 17 dataOffset: 2
09-15 13:47:15.862 18485 18883 D OPENHU  : [80] AapMediaPlayback.processStatusPacket | AapMediaPlayback: status mediaSource='VLC', playbackSeconds(u32)=68, state=PLAYING
09-15 13:47:15.876 18485 18883 D OPENHU  : [80] Companion.decrypt | RECV: AUDIO Media Data type: 0 flags: 11 size: 8202 dataOffset: 2
09-15 13:47:15.920 18485 18883 D OPENHU  : [80] Companion.decrypt | RECV: AUDIO Media Data type: 0 flags: 11 size: 8202 dataOffset: 2
09-15 13:47:15.961 18485 18883 D OPENHU  : [80] Companion.decrypt | RECV: AUDIO Media Data type: 0 flags: 11 size: 8202 dataOffset: 2
09-15 13:47:15.996 18485 18485 V OPENHU  : [2] GpsLocation.onLocationChanged | GpsLocation: fix received
09-15 13:47:16.002 18485 18883 D OPENHU  : [80] Companion.decrypt | RECV: AUDIO Media Data type: 0 flags: 11 size: 8202 dataOffset: 2
09-15 13:47:16.003 18485 18485 V OPENHU  : [2] AapTransport.send | SENSOR Sensor Event type: 32771 flags: 11 size: 46 dataOffset: 6
09-15 13:47:16.045 18485 18883 D OPENHU  : [80] Companion.decrypt | RECV: AUDIO Media Data type: 0 flags: 11 size: 8202 dataOffset: 2
09-15 13:47:16.090 18485 18883 D OPENHU  : [80] Companion.decrypt | RECV: AUDIO Media Data type: 0 flags: 11 size: 8202 dataOffset: 2
09-15 13:47:16.130 18485 18883 D OPENHU  : [80] Companion.decrypt | RECV: AUDIO Media Data type: 0 flags: 11 size: 8202 dataOffset: 2
09-15 13:47:16.175 18485 18883 D OPENHU  : [80] Companion.decrypt | RECV: AUDIO Media Data type: 0 flags: 11 size: 8202 dataOffset: 2
09-15 13:47:16.217 18485 18883 D OPENHU  : [80] Companion.decrypt | RECV: AUDIO Media Data type: 0 flags: 11 size: 8202 dataOffset: 2
09-15 13:47:16.258 18485 18883 D OPENHU  : [80] Companion.decrypt | RECV: AUDIO Media Data type: 0 flags: 11 size: 8202 dataOffset: 2
09-15 13:47:16.301 18485 18883 D OPENHU  : [80] Companion.decrypt | RECV: AUDIO Media Data type: 0 flags: 11 size: 8202 dataOffset: 2
09-15 13:47:16.317 18485 18881 I OPENHU  : [78] VideoDecoder.logFeedPacing | Feed queue full - pacing the transport thread instead of shedding frames (+4 more since the last line)
09-15 13:47:16.337 18485 18892 I OPENHU  : [81] AudioTrackWrapper.sampleHealth | audio sink AUDIO2 over 30081ms: underruns=0, silentCycles=0, rebanks=0, dropped=0, droppedFrames=0, shed=0, depth=0ms (min 0ms), queued=0, capacity=6400 frames (400ms), effective=6400 frames (400ms), target=1601 frames (100ms), drift=0ms
09-15 13:47:16.344 18485 18883 D OPENHU  : [80] Companion.decrypt | RECV: AUDIO Media Data type: 0 flags: 11 size: 8202 dataOffset: 2
09-15 13:47:16.358 18485 18894 I OPENHU  : [83] AudioTrackWrapper.sampleHealth | audio sink AUDIO1 over 30077ms: underruns=0, silentCycles=0, rebanks=0, dropped=0, droppedFrames=0, shed=0, depth=0ms (min 0ms), queued=0, capacity=6400 frames (400ms), effective=6400 frames (400ms), target=1601 frames (100ms), drift=0ms
09-15 13:47:16.386 18485 18883 D OPENHU  : [80] Companion.decrypt | RECV: AUDIO Media Data type: 0 flags: 11 size: 8202 dataOffset: 2
09-15 13:47:16.429 18485 18883 D OPENHU  : [80] Companion.decrypt | RECV: AUDIO Media Data type: 0 flags: 11 size: 8202 dataOffset: 2
09-15 13:47:16.431 18485 18896 I OPENHU  : [85] AudioTrackWrapper.sampleHealth | audio sink AUDIO over 30080ms: underruns=0, silentCycles=0, rebanks=0, dropped=0, droppedFrames=0, shed=0, depth=318ms (min 312ms), queued=7, capacity=30784 frames (641ms), effective=30784 frames (641ms), target=9600 frames (200ms), drift=0ms
09-15 13:47:16.472 18485 18883 D OPENHU  : [80] Companion.decrypt | RECV: AUDIO Media Data type: 0 flags: 11 size: 8202 dataOffset: 2
09-15 13:47:16.515 18485 18883 D OPENHU  : [80] Companion.decrypt | RECV: AUDIO Media Data type: 0 flags: 11 size: 8202 dataOffset: 2
09-15 13:47:16.557 18485 18883 D OPENHU  : [80] Companion.decrypt | RECV: AUDIO Media Data type: 0 flags: 11 size: 8202 dataOffset: 2
09-15 13:47:16.594 18485 18907 I OPENHU  : [89] VideoDecoder.logThroughput | Throughput over 5010ms: rendered=25 (4fps), fed=25 (4fps), dropped=0, skipped=0, concealed=0, inputWait=12ms, enqueueWait=5049ms, codec=c2.unisoc.avc.decoder, presented=25 (4fps), decodeLatency=unreadable (25 frames)
09-15 13:47:16.600 18485 18883 D OPENHU  : [80] Companion.decrypt | RECV: AUDIO Media Data type: 0 flags: 11 size: 8202 dataOffset: 2
09-15 13:47:16.641 18485 18883 D OPENHU  : [80] Companion.decrypt | RECV: AUDIO Media Data type: 0 flags: 11 size: 8202 dataOffset: 2
09-15 13:47:16.686 18485 18883 D OPENHU  : [80] Companion.decrypt | RECV: AUDIO Media Data type: 0 flags: 11 size: 8202 dataOffset: 2
09-15 13:47:16.731 18485 18883 D OPENHU  : [80] Companion.decrypt | RECV: AUDIO Media Data type: 0 flags: 11 size: 8202 dataOffset: 2
09-15 13:47:16.767 18485 18883 D OPENHU  : [80] Companion.decrypt | RECV: CONTROL Ping Request type: 11 flags: 11 size: 12 dataOffset: 2
09-15 13:47:16.768 18485 18883 V OPENHU  : [80] AapTransport.send | CONTROL Ping Response type: 12 flags: 11 size: 14 dataOffset: 6
09-15 13:47:16.771 18485 18883 D OPENHU  : [80] Companion.decrypt | RECV: AUDIO Media Data type: 0 flags: 11 size: 8202 dataOffset: 2
09-15 13:47:16.814 18485 18883 D OPENHU  : [80] Companion.decrypt | RECV: AUDIO Media Data type: 0 flags: 11 size: 8202 dataOffset: 2
09-15 13:47:16.855 18485 18883 D OPENHU  : [80] Companion.decrypt | RECV: AUDIO Media Data type: 0 flags: 11 size: 8202 dataOffset: 2
09-15 13:47:16.862 18485 18883 D OPENHU  : [80] Companion.decrypt | RECV: MUSIC_PLAYBACK Media Playback Status type: 32769 flags: 11 size: 17 dataOffset: 2
09-15 13:47:16.863 18485 18883 D OPENHU  : [80] AapMediaPlayback.processStatusPacket | AapMediaPlayback: status mediaSource='VLC', playbackSeconds(u32)=69, state=PLAYING
09-15 13:47:16.899 18485 18883 D OPENHU  : [80] Companion.decrypt | RECV: AUDIO Media Data type: 0 flags: 11 size: 8202 dataOffset: 2
09-15 13:47:16.942 18485 18883 D OPENHU  : [80] Companion.decrypt | RECV: AUDIO Media Data type: 0 flags: 11 size: 8202 dataOffset: 2
09-15 13:47:16.983 18485 18883 D OPENHU  : [80] Companion.decrypt | RECV: AUDIO Media Data type: 0 flags: 11 size: 8202 dataOffset: 2
09-15 13:47:17.019 18485 18485 V OPENHU  : [2] GpsLocation.onLocationChanged | GpsLocation: fix received
09-15 13:47:17.025 18485 18485 V OPENHU  : [2] AapTransport.send | SENSOR Sensor Event type: 32771 flags: 11 size: 46 dataOffset: 6
09-15 13:47:17.026 18485 18883 D OPENHU  : [80] Companion.decrypt | RECV: AUDIO Media Data type: 0 flags: 11 size: 8202 dataOffset: 2
09-15 13:47:17.069 18485 18883 D OPENHU  : [80] Companion.decrypt | RECV: AUDIO Media Data type: 0 flags: 11 size: 8202 dataOffset: 2
09-15 13:47:17.112 18485 18883 D OPENHU  : [80] Companion.decrypt | RECV: AUDIO Media Data type: 0 flags: 11 size: 8202 dataOffset: 2
09-15 13:47:17.155 18485 18883 D OPENHU  : [80] Companion.decrypt | RECV: AUDIO Media Data type: 0 flags: 11 size: 8202 dataOffset: 2
09-15 13:47:17.198 18485 18883 D OPENHU  : [80] Companion.decrypt | RECV: AUDIO Media Data type: 0 flags: 11 size: 8202 dataOffset: 2
09-15 13:47:17.242 18485 18883 D OPENHU  : [80] Companion.decrypt | RECV: AUDIO Media Data type: 0 flags: 11 size: 8202 dataOffset: 2
09-15 13:47:17.285 18485 18883 D OPENHU  : [80] Companion.decrypt | RECV: AUDIO Media Data type: 0 flags: 11 size: 8202 dataOffset: 2
09-15 13:47:17.329 18485 18883 D OPENHU  : [80] Companion.decrypt | RECV: AUDIO Media Data type: 0 flags: 11 size: 8202 dataOffset: 2
09-15 13:47:17.330 18485 18881 I OPENHU  : [78] VideoDecoder.logFeedPacing | Feed queue full - pacing the transport thread instead of shedding frames (+4 more since the last line)
09-15 13:47:17.369 18485 18883 D OPENHU  : [80] Companion.decrypt | RECV: AUDIO Media Data type: 0 flags: 11 size: 8202 dataOffset: 2
09-15 13:47:17.411 18485 18883 D OPENHU  : [80] Companion.decrypt | RECV: AUDIO Media Data type: 0 flags: 11 size: 8202 dataOffset: 2
09-15 13:47:17.455 18485 18883 D OPENHU  : [80] Companion.decrypt | RECV: AUDIO Media Data type: 0 flags: 11 size: 8202 dataOffset: 2
09-15 13:47:17.496 18485 18883 D OPENHU  : [80] Companion.decrypt | RECV: AUDIO Media Data type: 0 flags: 11 size: 8202 dataOffset: 2
09-15 13:47:17.539 18485 18883 D OPENHU  : [80] Companion.decrypt | RECV: AUDIO Media Data type: 0 flags: 11 size: 8202 dataOffset: 2
09-15 13:47:17.581 18485 18883 D OPENHU  : [80] Companion.decrypt | RECV: AUDIO Media Data type: 0 flags: 11 size: 8202 dataOffset: 2
09-15 13:47:17.624 18485 18883 D OPENHU  : [80] Companion.decrypt | RECV: AUDIO Media Data type: 0 flags: 11 size: 8202 dataOffset: 2
09-15 13:47:17.667 18485 18883 D OPENHU  : [80] Companion.decrypt | RECV: AUDIO Media Data type: 0 flags: 11 size: 8202 dataOffset: 2
09-15 13:47:17.709 18485 18883 D OPENHU  : [80] Companion.decrypt | RECV: AUDIO Media Data type: 0 flags: 11 size: 8202 dataOffset: 2
09-15 13:47:17.755 18485 18883 D OPENHU  : [80] Companion.decrypt | RECV: AUDIO Media Data type: 0 flags: 11 size: 8202 dataOffset: 2
09-15 13:47:17.766 18485 18883 D OPENHU  : [80] Companion.decrypt | RECV: CONTROL Ping Request type: 11 flags: 11 size: 12 dataOffset: 2
09-15 13:47:17.767 18485 18883 V OPENHU  : [80] AapTransport.send | CONTROL Ping Response type: 12 flags: 11 size: 14 dataOffset: 6
09-15 13:47:17.794 18485 18883 D OPENHU  : [80] Companion.decrypt | RECV: AUDIO Media Data type: 0 flags: 11 size: 8202 dataOffset: 2
09-15 13:47:17.838 18485 18883 D OPENHU  : [80] Companion.decrypt | RECV: AUDIO Media Data type: 0 flags: 11 size: 8202 dataOffset: 2
09-15 13:47:17.863 18485 18883 D OPENHU  : [80] Companion.decrypt | RECV: MUSIC_PLAYBACK Media Playback Status type: 32769 flags: 11 size: 17 dataOffset: 2
09-15 13:47:17.864 18485 18883 D OPENHU  : [80] AapMediaPlayback.processStatusPacket | AapMediaPlayback: status mediaSource='VLC', playbackSeconds(u32)=70, state=PLAYING
09-15 13:47:17.878 18485 18883 D OPENHU  : [80] Companion.decrypt | RECV: AUDIO Media Data type: 0 flags: 11 size: 8202 dataOffset: 2
09-15 13:47:17.922 18485 18883 D OPENHU  : [80] Companion.decrypt | RECV: AUDIO Media Data type: 0 flags: 11 size: 8202 dataOffset: 2
09-15 13:47:17.973 18485 18883 D OPENHU  : [80] Companion.decrypt | RECV: AUDIO Media Data type: 0 flags: 11 size: 8202 dataOffset: 2
09-15 13:47:17.993 18485 18485 V OPENHU  : [2] GpsLocation.onLocationChanged | GpsLocation: fix received
09-15 13:47:18.002 18485 18485 V OPENHU  : [2] AapTransport.send | SENSOR Sensor Event type: 32771 flags: 11 size: 46 dataOffset: 6
09-15 13:47:18.008 18485 18883 D OPENHU  : [80] Companion.decrypt | RECV: AUDIO Media Data type: 0 flags: 11 size: 8202 dataOffset: 2
09-15 13:47:18.054 18485 18883 D OPENHU  : [80] Companion.decrypt | RECV: AUDIO Media Data type: 0 flags: 11 size: 8202 dataOffset: 2
09-15 13:47:18.094 18485 18883 D OPENHU  : [80] Companion.decrypt | RECV: AUDIO Media Data type: 0 flags: 11 size: 8202 dataOffset: 2
09-15 13:47:18.136 18485 18883 D OPENHU  : [80] Companion.decrypt | RECV: AUDIO Media Data type: 0 flags: 11 size: 8202 dataOffset: 2
09-15 13:47:18.179 18485 18883 D OPENHU  : [80] Companion.decrypt | RECV: AUDIO Media Data type: 0 flags: 11 size: 8202 dataOffset: 2
09-15 13:47:18.223 18485 18883 D OPENHU  : [80] Companion.decrypt | RECV: AUDIO Media Data type: 0 flags: 11 size: 8202 dataOffset: 2
09-15 13:47:18.265 18485 18883 D OPENHU  : [80] Companion.decrypt | RECV: AUDIO Media Data type: 0 flags: 11 size: 8202 dataOffset: 2
09-15 13:47:18.309 18485 18883 D OPENHU  : [80] Companion.decrypt | RECV: AUDIO Media Data type: 0 flags: 11 size: 8202 dataOffset: 2
09-15 13:47:18.343 18485 18881 I OPENHU  : [78] VideoDecoder.logFeedPacing | Feed queue full - pacing the transport thread instead of shedding frames (+4 more since the last line)
09-15 13:47:18.351 18485 18883 D OPENHU  : [80] Companion.decrypt | RECV: AUDIO Media Data type: 0 flags: 11 size: 8202 dataOffset: 2
09-15 13:47:18.394 18485 18883 D OPENHU  : [80] Companion.decrypt | RECV: AUDIO Media Data type: 0 flags: 11 size: 8202 dataOffset: 2
09-15 13:47:18.437 18485 18883 D OPENHU  : [80] Companion.decrypt | RECV: AUDIO Media Data type: 0 flags: 11 size: 8202 dataOffset: 2
09-15 13:47:18.478 18485 18883 D OPENHU  : [80] Companion.decrypt | RECV: AUDIO Media Data type: 0 flags: 11 size: 8202 dataOffset: 2
09-15 13:47:18.518 18485 18883 D OPENHU  : [80] Companion.decrypt | RECV: AUDIO Media Data type: 0 flags: 11 size: 8202 dataOffset: 2
09-15 13:47:18.564 18485 18883 D OPENHU  : [80] Companion.decrypt | RECV: AUDIO Media Data type: 0 flags: 11 size: 8202 dataOffset: 2
09-15 13:47:18.605 18485 18883 D OPENHU  : [80] Companion.decrypt | RECV: AUDIO Media Data type: 0 flags: 11 size: 8202 dataOffset: 2
09-15 13:47:18.650 18485 18883 D OPENHU  : [80] Companion.decrypt | RECV: AUDIO Media Data type: 0 flags: 11 size: 8202 dataOffset: 2
09-15 13:47:18.695 18485 18883 D OPENHU  : [80] Companion.decrypt | RECV: AUDIO Media Data type: 0 flags: 11 size: 8202 dataOffset: 2
09-15 13:47:18.734 18485 18883 D OPENHU  : [80] Companion.decrypt | RECV: AUDIO Media Data type: 0 flags: 11 size: 8202 dataOffset: 2
09-15 13:47:18.764 18485 18883 D OPENHU  : [80] Companion.decrypt | RECV: CONTROL Ping Request type: 11 flags: 11 size: 12 dataOffset: 2
09-15 13:47:18.765 18485 18883 V OPENHU  : [80] AapTransport.send | CONTROL Ping Response type: 12 flags: 11 size: 14 dataOffset: 6
09-15 13:47:18.775 18485 18883 D OPENHU  : [80] Companion.decrypt | RECV: AUDIO Media Data type: 0 flags: 11 size: 8202 dataOffset: 2
09-15 13:47:18.819 18485 18883 D OPENHU  : [80] Companion.decrypt | RECV: AUDIO Media Data type: 0 flags: 11 size: 8202 dataOffset: 2
09-15 13:47:18.861 18485 18883 D OPENHU  : [80] Companion.decrypt | RECV: AUDIO Media Data type: 0 flags: 11 size: 8202 dataOffset: 2
09-15 13:47:18.867 18485 18883 D OPENHU  : [80] Companion.decrypt | RECV: MUSIC_PLAYBACK Media Playback Status type: 32769 flags: 11 size: 17 dataOffset: 2
09-15 13:47:18.867 18485 18883 D OPENHU  : [80] AapMediaPlayback.processStatusPacket | AapMediaPlayback: status mediaSource='VLC', playbackSeconds(u32)=71, state=PLAYING
09-15 13:47:18.904 18485 18883 D OPENHU  : [80] Companion.decrypt | RECV: AUDIO Media Data type: 0 flags: 11 size: 8202 dataOffset: 2
09-15 13:47:18.947 18485 18883 D OPENHU  : [80] Companion.decrypt | RECV: AUDIO Media Data type: 0 flags: 11 size: 8202 dataOffset: 2
09-15 13:47:18.990 18485 18883 D OPENHU  : [80] Companion.decrypt | RECV: AUDIO Media Data type: 0 flags: 11 size: 8202 dataOffset: 2
09-15 13:47:19.021 18485 18485 V OPENHU  : [2] GpsLocation.onLocationChanged | GpsLocation: fix received
09-15 13:47:19.027 18485 18485 V OPENHU  : [2] AapTransport.send | SENSOR Sensor Event type: 32771 flags: 11 size: 46 dataOffset: 6
09-15 13:47:19.032 18485 18883 D OPENHU  : [80] Companion.decrypt | RECV: AUDIO Media Data type: 0 flags: 11 size: 8202 dataOffset: 2
09-15 13:47:19.075 18485 18883 D OPENHU  : [80] Companion.decrypt | RECV: AUDIO Media Data type: 0 flags: 11 size: 8202 dataOffset: 2
09-15 13:47:19.117 18485 18883 D OPENHU  : [80] Companion.decrypt | RECV: AUDIO Media Data type: 0 flags: 11 size: 8202 dataOffset: 2
09-15 13:47:19.160 18485 18883 D OPENHU  : [80] Companion.decrypt | RECV: AUDIO Media Data type: 0 flags: 11 size: 8202 dataOffset: 2
09-15 13:47:19.169 18485 18485 I OPENHU  : [2] TextureProjectionView.onSurfaceTextureUpdated | TextureProjectionView: displayed 25 frames in 5070ms (4fps), longFrames=0
09-15 13:47:19.201 18485 18883 D OPENHU  : [80] Companion.decrypt | RECV: AUDIO Media Data type: 0 flags: 11 size: 8202 dataOffset: 2
09-15 13:47:19.245 18485 18883 D OPENHU  : [80] Companion.decrypt | RECV: AUDIO Media Data type: 0 flags: 11 size: 8202 dataOffset: 2
09-15 13:47:19.293 18485 18883 D OPENHU  : [80] Companion.decrypt | RECV: AUDIO Media Data type: 0 flags: 11 size: 8202 dataOffset: 2
09-15 13:47:19.334 18485 18883 D OPENHU  : [80] Companion.decrypt | RECV: AUDIO Media Data type: 0 flags: 11 size: 8202 dataOffset: 2
09-15 13:47:19.357 18485 18881 I OPENHU  : [78] VideoDecoder.logFeedPacing | Feed queue full - pacing the transport thread instead of shedding frames (+4 more since the last line)
09-15 13:47:19.374 18485 18883 D OPENHU  : [80] Companion.decrypt | RECV: AUDIO Media Data type: 0 flags: 11 size: 8202 dataOffset: 2
09-15 13:47:19.417 18485 18883 D OPENHU  : [80] Companion.decrypt | RECV: AUDIO Media Data type: 0 flags: 11 size: 8202 dataOffset: 2
09-15 13:47:19.460 18485 18883 D OPENHU  : [80] Companion.decrypt | RECV: AUDIO Media Data type: 0 flags: 11 size: 8202 dataOffset: 2
09-15 13:47:19.501 18485 18883 D OPENHU  : [80] Companion.decrypt | RECV: AUDIO Media Data type: 0 flags: 11 size: 8202 dataOffset: 2
09-15 13:47:19.543 18485 18883 D OPENHU  : [80] Companion.decrypt | RECV: AUDIO Media Data type: 0 flags: 11 size: 8202 dataOffset: 2
09-15 13:47:19.586 18485 18883 D OPENHU  : [80] Companion.decrypt | RECV: AUDIO Media Data type: 0 flags: 11 size: 8202 dataOffset: 2
09-15 13:47:19.631 18485 18883 D OPENHU  : [80] Companion.decrypt | RECV: AUDIO Media Data type: 0 flags: 11 size: 8202 dataOffset: 2
09-15 13:47:19.674 18485 18883 D OPENHU  : [80] Companion.decrypt | RECV: AUDIO Media Data type: 0 flags: 11 size: 8202 dataOffset: 2
09-15 13:47:19.714 18485 18883 D OPENHU  : [80] Companion.decrypt | RECV: AUDIO Media Data type: 0 flags: 11 size: 8202 dataOffset: 2
09-15 13:47:19.757 18485 18883 D OPENHU  : [80] Companion.decrypt | RECV: AUDIO Media Data type: 0 flags: 11 size: 8202 dataOffset: 2
09-15 13:47:19.766 18485 18883 D OPENHU  : [80] Companion.decrypt | RECV: CONTROL Ping Request type: 11 flags: 11 size: 12 dataOffset: 2
09-15 13:47:19.767 18485 18883 V OPENHU  : [80] AapTransport.send | CONTROL Ping Response type: 12 flags: 11 size: 14 dataOffset: 6
09-15 13:47:19.799 18485 18883 D OPENHU  : [80] Companion.decrypt | RECV: AUDIO Media Data type: 0 flags: 11 size: 8202 dataOffset: 2
09-15 13:47:19.843 18485 18883 D OPENHU  : [80] Companion.decrypt | RECV: AUDIO Media Data type: 0 flags: 11 size: 8202 dataOffset: 2
09-15 13:47:19.873 18485 18883 D OPENHU  : [80] Companion.decrypt | RECV: MUSIC_PLAYBACK Media Playback Status type: 32769 flags: 11 size: 17 dataOffset: 2
09-15 13:47:19.873 18485 18883 D OPENHU  : [80] AapMediaPlayback.processStatusPacket | AapMediaPlayback: status mediaSource='VLC', playbackSeconds(u32)=72, state=PLAYING
09-15 13:47:19.887 18485 18883 D OPENHU  : [80] Companion.decrypt | RECV: AUDIO Media Data type: 0 flags: 11 size: 8202 dataOffset: 2
09-15 13:47:19.928 18485 18883 D OPENHU  : [80] Companion.decrypt | RECV: AUDIO Media Data type: 0 flags: 11 size: 8202 dataOffset: 2
09-15 13:47:19.971 18485 18883 D OPENHU  : [80] Companion.decrypt | RECV: AUDIO Media Data type: 0 flags: 11 size: 8202 dataOffset: 2
09-15 13:47:19.997 18485 18485 V OPENHU  : [2] GpsLocation.onLocationChanged | GpsLocation: fix received
09-15 13:47:20.004 18485 18485 V OPENHU  : [2] AapTransport.send | SENSOR Sensor Event type: 32771 flags: 11 size: 46 dataOffset: 6
09-15 13:47:20.014 18485 18883 D OPENHU  : [80] Companion.decrypt | RECV: AUDIO Media Data type: 0 flags: 11 size: 8202 dataOffset: 2
09-15 13:47:20.056 18485 18883 D OPENHU  : [80] Companion.decrypt | RECV: AUDIO Media Data type: 0 flags: 11 size: 8202 dataOffset: 2
09-15 13:47:20.099 18485 18883 D OPENHU  : [80] Companion.decrypt | RECV: AUDIO Media Data type: 0 flags: 11 size: 8202 dataOffset: 2
09-15 13:47:20.142 18485 18883 D OPENHU  : [80] Companion.decrypt | RECV: AUDIO Media Data type: 0 flags: 11 size: 8202 dataOffset: 2
09-15 13:47:20.184 18485 18883 D OPENHU  : [80] Companion.decrypt | RECV: AUDIO Media Data type: 0 flags: 11 size: 8202 dataOffset: 2
09-15 13:47:20.229 18485 18883 D OPENHU  : [80] Companion.decrypt | RECV: AUDIO Media Data type: 0 flags: 11 size: 8202 dataOffset: 2
09-15 13:47:20.271 18485 18883 D OPENHU  : [80] Companion.decrypt | RECV: AUDIO Media Data type: 0 flags: 11 size: 8202 dataOffset: 2
09-15 13:47:20.313 18485 18883 D OPENHU  : [80] Companion.decrypt | RECV: AUDIO Media Data type: 0 flags: 11 size: 8202 dataOffset: 2
09-15 13:47:20.353 18485 18883 D OPENHU  : [80] Companion.decrypt | RECV: AUDIO Media Data type: 0 flags: 11 size: 8202 dataOffset: 2
09-15 13:47:20.372 18485 18881 I OPENHU  : [78] VideoDecoder.logFeedPacing | Feed queue full - pacing the transport thread instead of shedding frames (+4 more since the last line)
09-15 13:47:20.398 18485 18883 D OPENHU  : [80] Companion.decrypt | RECV: AUDIO Media Data type: 0 flags: 11 size: 8202 dataOffset: 2
09-15 13:47:20.439 18485 18883 D OPENHU  : [80] Companion.decrypt | RECV: AUDIO Media Data type: 0 flags: 11 size: 8202 dataOffset: 2
09-15 13:47:20.485 18485 18883 D OPENHU  : [80] Companion.decrypt | RECV: AUDIO Media Data type: 0 flags: 11 size: 8202 dataOffset: 2
09-15 13:47:20.527 18485 18883 D OPENHU  : [80] Companion.decrypt | RECV: AUDIO Media Data type: 0 flags: 11 size: 8202 dataOffset: 2
09-15 13:47:20.568 18485 18883 D OPENHU  : [80] Companion.decrypt | RECV: AUDIO Media Data type: 0 flags: 11 size: 8202 dataOffset: 2
09-15 13:47:20.612 18485 18883 D OPENHU  : [80] Companion.decrypt | RECV: AUDIO Media Data type: 0 flags: 11 size: 8202 dataOffset: 2
09-15 13:47:20.653 18485 18883 D OPENHU  : [80] Companion.decrypt | RECV: AUDIO Media Data type: 0 flags: 11 size: 8202 dataOffset: 2
09-15 13:47:20.696 18485 18883 D OPENHU  : [80] Companion.decrypt | RECV: AUDIO Media Data type: 0 flags: 11 size: 8202 dataOffset: 2
09-15 13:47:20.738 18485 18883 D OPENHU  : [80] Companion.decrypt | RECV: AUDIO Media Data type: 0 flags: 11 size: 8202 dataOffset: 2
09-15 13:47:20.768 18485 18883 D OPENHU  : [80] Companion.decrypt | RECV: CONTROL Ping Request type: 11 flags: 11 size: 12 dataOffset: 2
09-15 13:47:20.769 18485 18883 V OPENHU  : [80] AapTransport.send | CONTROL Ping Response type: 12 flags: 11 size: 14 dataOffset: 6
09-15 13:47:20.783 18485 18883 D OPENHU  : [80] Companion.decrypt | RECV: AUDIO Media Data type: 0 flags: 11 size: 8202 dataOffset: 2
09-15 13:47:20.824 18485 18883 D OPENHU  : [80] Companion.decrypt | RECV: AUDIO Media Data type: 0 flags: 11 size: 8202 dataOffset: 2
09-15 13:47:20.866 18485 18883 D OPENHU  : [80] Companion.decrypt | RECV: AUDIO Media Data type: 0 flags: 11 size: 8202 dataOffset: 2
09-15 13:47:20.873 18485 18883 D OPENHU  : [80] Companion.decrypt | RECV: MUSIC_PLAYBACK Media Playback Status type: 32769 flags: 11 size: 17 dataOffset: 2
09-15 13:47:20.873 18485 18883 D OPENHU  : [80] AapMediaPlayback.processStatusPacket | AapMediaPlayback: status mediaSource='VLC', playbackSeconds(u32)=73, state=PLAYING
09-15 13:47:20.910 18485 18883 D OPENHU  : [80] Companion.decrypt | RECV: AUDIO Media Data type: 0 flags: 11 size: 8202 dataOffset: 2
09-15 13:47:20.952 18485 18883 D OPENHU  : [80] Companion.decrypt | RECV: AUDIO Media Data type: 0 flags: 11 size: 8202 dataOffset: 2
09-15 13:47:20.994 18485 18883 D OPENHU  : [80] Companion.decrypt | RECV: AUDIO Media Data type: 0 flags: 11 size: 8202 dataOffset: 2
09-15 13:47:21.020 18485 18485 V OPENHU  : [2] GpsLocation.onLocationChanged | GpsLocation: fix received
09-15 13:47:21.026 18485 18485 V OPENHU  : [2] AapTransport.send | SENSOR Sensor Event type: 32771 flags: 11 size: 46 dataOffset: 6
09-15 13:47:21.037 18485 18883 D OPENHU  : [80] Companion.decrypt | RECV: AUDIO Media Data type: 0 flags: 11 size: 8202 dataOffset: 2
09-15 13:47:21.079 18485 18883 D OPENHU  : [80] Companion.decrypt | RECV: AUDIO Media Data type: 0 flags: 11 size: 8202 dataOffset: 2
09-15 13:47:21.122 18485 18883 D OPENHU  : [80] Companion.decrypt | RECV: AUDIO Media Data type: 0 flags: 11 size: 8202 dataOffset: 2
09-15 13:47:21.165 18485 18883 D OPENHU  : [80] Companion.decrypt | RECV: AUDIO Media Data type: 0 flags: 11 size: 8202 dataOffset: 2
09-15 13:47:21.208 18485 18883 D OPENHU  : [80] Companion.decrypt | RECV: AUDIO Media Data type: 0 flags: 11 size: 8202 dataOffset: 2
09-15 13:47:21.252 18485 18883 D OPENHU  : [80] Companion.decrypt | RECV: AUDIO Media Data type: 0 flags: 11 size: 8202 dataOffset: 2
09-15 13:47:21.295 18485 18883 D OPENHU  : [80] Companion.decrypt | RECV: AUDIO Media Data type: 0 flags: 11 size: 8202 dataOffset: 2
09-15 13:47:21.336 18485 18883 D OPENHU  : [80] Companion.decrypt | RECV: AUDIO Media Data type: 0 flags: 11 size: 8202 dataOffset: 2
09-15 13:47:21.380 18485 18883 D OPENHU  : [80] Companion.decrypt | RECV: AUDIO Media Data type: 0 flags: 11 size: 8202 dataOffset: 2
09-15 13:47:21.385 18485 18881 I OPENHU  : [78] VideoDecoder.logFeedPacing | Feed queue full - pacing the transport thread instead of shedding frames (+4 more since the last line)
09-15 13:47:21.420 18485 18883 D OPENHU  : [80] Companion.decrypt | RECV: AUDIO Media Data type: 0 flags: 11 size: 8202 dataOffset: 2
09-15 13:47:21.463 18485 18883 D OPENHU  : [80] Companion.decrypt | RECV: AUDIO Media Data type: 0 flags: 11 size: 8202 dataOffset: 2
09-15 13:47:21.507 18485 18883 D OPENHU  : [80] Companion.decrypt | RECV: AUDIO Media Data type: 0 flags: 11 size: 8202 dataOffset: 2
09-15 13:47:21.548 18485 18883 D OPENHU  : [80] Companion.decrypt | RECV: AUDIO Media Data type: 0 flags: 11 size: 8202 dataOffset: 2
09-15 13:47:21.592 18485 18883 D OPENHU  : [80] Companion.decrypt | RECV: AUDIO Media Data type: 0 flags: 11 size: 8202 dataOffset: 2
09-15 13:47:21.598 18485 18907 I OPENHU  : [89] VideoDecoder.logThroughput | Throughput over 5003ms: rendered=25 (4fps), fed=25 (4fps), dropped=0, skipped=0, concealed=0, inputWait=8ms, enqueueWait=5042ms, codec=c2.unisoc.avc.decoder, presented=25 (4fps), decodeLatency=unreadable (25 frames)
09-15 13:47:21.634 18485 18883 D OPENHU  : [80] Companion.decrypt | RECV: AUDIO Media Data type: 0 flags: 11 size: 8202 dataOffset: 2
09-15 13:47:21.677 18485 18883 D OPENHU  : [80] Companion.decrypt | RECV: AUDIO Media Data type: 0 flags: 11 size: 8202 dataOffset: 2
09-15 13:47:21.719 18485 18883 D OPENHU  : [80] Companion.decrypt | RECV: AUDIO Media Data type: 0 flags: 11 size: 8202 dataOffset: 2
09-15 13:47:21.762 18485 18883 D OPENHU  : [80] Companion.decrypt | RECV: AUDIO Media Data type: 0 flags: 11 size: 8202 dataOffset: 2
09-15 13:47:21.770 18485 18883 D OPENHU  : [80] Companion.decrypt | RECV: CONTROL Ping Request type: 11 flags: 11 size: 12 dataOffset: 2
09-15 13:47:21.772 18485 18883 V OPENHU  : [80] AapTransport.send | CONTROL Ping Response type: 12 flags: 11 size: 14 dataOffset: 6
09-15 13:47:21.805 18485 18883 D OPENHU  : [80] Companion.decrypt | RECV: AUDIO Media Data type: 0 flags: 11 size: 8202 dataOffset: 2
09-15 13:47:21.851 18485 18883 D OPENHU  : [80] Companion.decrypt | RECV: AUDIO Media Data type: 0 flags: 11 size: 8202 dataOffset: 2
09-15 13:47:21.877 18485 18883 D OPENHU  : [80] Companion.decrypt | RECV: MUSIC_PLAYBACK Media Playback Status type: 32769 flags: 11 size: 17 dataOffset: 2
09-15 13:47:21.878 18485 18883 D OPENHU  : [80] AapMediaPlayback.processStatusPacket | AapMediaPlayback: status mediaSource='VLC', playbackSeconds(u32)=74, state=PLAYING
09-15 13:47:21.891 18485 18883 D OPENHU  : [80] Companion.decrypt | RECV: AUDIO Media Data type: 0 flags: 11 size: 8202 dataOffset: 2
09-15 13:47:21.937 18485 18883 D OPENHU  : [80] Companion.decrypt | RECV: AUDIO Media Data type: 0 flags: 11 size: 8202 dataOffset: 2
09-15 13:47:21.976 18485 18883 D OPENHU  : [80] Companion.decrypt | RECV: AUDIO Media Data type: 0 flags: 11 size: 8202 dataOffset: 2
09-15 13:47:21.997 18485 18485 V OPENHU  : [2] GpsLocation.onLocationChanged | GpsLocation: fix received
09-15 13:47:22.005 18485 18485 V OPENHU  : [2] AapTransport.send | SENSOR Sensor Event type: 32771 flags: 11 size: 46 dataOffset: 6
09-15 13:47:22.024 18485 18883 D OPENHU  : [80] Companion.decrypt | RECV: AUDIO Media Data type: 0 flags: 11 size: 8202 dataOffset: 2
09-15 13:47:22.062 18485 18883 D OPENHU  : [80] Companion.decrypt | RECV: AUDIO Media Data type: 0 flags: 11 size: 8202 dataOffset: 2
09-15 13:47:22.104 18485 18883 D OPENHU  : [80] Companion.decrypt | RECV: AUDIO Media Data type: 0 flags: 11 size: 8202 dataOffset: 2
09-15 13:47:22.145 18485 18883 D OPENHU  : [80] Companion.decrypt | RECV: AUDIO Media Data type: 0 flags: 11 size: 8202 dataOffset: 2
09-15 13:47:22.189 18485 18883 D OPENHU  : [80] Companion.decrypt | RECV: AUDIO Media Data type: 0 flags: 11 size: 8202 dataOffset: 2
09-15 13:47:22.233 18485 18883 D OPENHU  : [80] Companion.decrypt | RECV: AUDIO Media Data type: 0 flags: 11 size: 8202 dataOffset: 2
09-15 13:47:22.274 18485 18883 D OPENHU  : [80] Companion.decrypt | RECV: AUDIO Media Data type: 0 flags: 11 size: 8202 dataOffset: 2
09-15 13:47:22.317 18485 18883 D OPENHU  : [80] Companion.decrypt | RECV: AUDIO Media Data type: 0 flags: 11 size: 8202 dataOffset: 2
09-15 13:47:22.360 18485 18883 D OPENHU  : [80] Companion.decrypt | RECV: AUDIO Media Data type: 0 flags: 11 size: 8202 dataOffset: 2
09-15 13:47:22.401 18485 18883 D OPENHU  : [80] Companion.decrypt | RECV: AUDIO Media Data type: 0 flags: 11 size: 8202 dataOffset: 2
09-15 13:47:22.403 18485 18881 I OPENHU  : [78] VideoDecoder.logFeedPacing | Feed queue full - pacing the transport thread instead of shedding frames (+4 more since the last line)
09-15 13:47:22.445 18485 18883 D OPENHU  : [80] Companion.decrypt | RECV: AUDIO Media Data type: 0 flags: 11 size: 8202 dataOffset: 2
09-15 13:47:22.490 18485 18883 D OPENHU  : [80] Companion.decrypt | RECV: AUDIO Media Data type: 0 flags: 11 size: 8202 dataOffset: 2
09-15 13:47:22.531 18485 18883 D OPENHU  : [80] Companion.decrypt | RECV: AUDIO Media Data type: 0 flags: 11 size: 8202 dataOffset: 2
09-15 13:47:22.576 18485 18883 D OPENHU  : [80] Companion.decrypt | RECV: AUDIO Media Data type: 0 flags: 11 size: 8202 dataOffset: 2
09-15 13:47:22.618 18485 18883 D OPENHU  : [80] Companion.decrypt | RECV: AUDIO Media Data type: 0 flags: 11 size: 8202 dataOffset: 2
09-15 13:47:22.661 18485 18883 D OPENHU  : [80] Companion.decrypt | RECV: AUDIO Media Data type: 0 flags: 11 size: 8202 dataOffset: 2
09-15 13:47:22.703 18485 18883 D OPENHU  : [80] Companion.decrypt | RECV: AUDIO Media Data type: 0 flags: 11 size: 8202 dataOffset: 2
09-15 13:47:22.744 18485 18883 D OPENHU  : [80] Companion.decrypt | RECV: AUDIO Media Data type: 0 flags: 11 size: 8202 dataOffset: 2
09-15 13:47:22.779 18485 18883 D OPENHU  : [80] Companion.decrypt | RECV: CONTROL Ping Request type: 11 flags: 11 size: 12 dataOffset: 2
09-15 13:47:22.780 18485 18883 V OPENHU  : [80] AapTransport.send | CONTROL Ping Response type: 12 flags: 11 size: 14 dataOffset: 6
09-15 13:47:22.789 18485 18883 D OPENHU  : [80] Companion.decrypt | RECV: AUDIO Media Data type: 0 flags: 11 size: 8202 dataOffset: 2
09-15 13:47:22.831 18485 18883 D OPENHU  : [80] Companion.decrypt | RECV: AUDIO Media Data type: 0 flags: 11 size: 8202 dataOffset: 2
09-15 13:47:22.871 18485 18883 D OPENHU  : [80] Companion.decrypt | RECV: AUDIO Media Data type: 0 flags: 11 size: 8202 dataOffset: 2
09-15 13:47:22.879 18485 18883 D OPENHU  : [80] Companion.decrypt | RECV: MUSIC_PLAYBACK Media Playback Status type: 32769 flags: 11 size: 17 dataOffset: 2
09-15 13:47:22.880 18485 18883 D OPENHU  : [80] AapMediaPlayback.processStatusPacket | AapMediaPlayback: status mediaSource='VLC', playbackSeconds(u32)=75, state=PLAYING
09-15 13:47:22.917 18485 18883 D OPENHU  : [80] Companion.decrypt | RECV: AUDIO Media Data type: 0 flags: 11 size: 8202 dataOffset: 2
09-15 13:47:22.957 18485 18883 D OPENHU  : [80] Companion.decrypt | RECV: AUDIO Media Data type: 0 flags: 11 size: 8202 dataOffset: 2
09-15 13:47:23.000 18485 18883 D OPENHU  : [80] Companion.decrypt | RECV: AUDIO Media Data type: 0 flags: 11 size: 8202 dataOffset: 2
09-15 13:47:23.031 18485 18485 V OPENHU  : [2] GpsLocation.onLocationChanged | GpsLocation: fix received
09-15 13:47:23.039 18485 18485 V OPENHU  : [2] AapTransport.send | SENSOR Sensor Event type: 32771 flags: 11 size: 46 dataOffset: 6
09-15 13:47:23.046 18485 18883 D OPENHU  : [80] Companion.decrypt | RECV: AUDIO Media Data type: 0 flags: 11 size: 8202 dataOffset: 2
09-15 13:47:23.088 18485 18883 D OPENHU  : [80] Companion.decrypt | RECV: AUDIO Media Data type: 0 flags: 11 size: 8202 dataOffset: 2
09-15 13:47:23.131 18485 18883 D OPENHU  : [80] Companion.decrypt | RECV: AUDIO Media Data type: 0 flags: 11 size: 8202 dataOffset: 2
09-15 13:47:23.172 18485 18883 D OPENHU  : [80] Companion.decrypt | RECV: AUDIO Media Data type: 0 flags: 11 size: 8202 dataOffset: 2
09-15 13:47:23.217 18485 18883 D OPENHU  : [80] Companion.decrypt | RECV: AUDIO Media Data type: 0 flags: 11 size: 8202 dataOffset: 2
09-15 13:47:23.258 18485 18883 D OPENHU  : [80] Companion.decrypt | RECV: AUDIO Media Data type: 0 flags: 11 size: 8202 dataOffset: 2
09-15 13:47:23.300 18485 18883 D OPENHU  : [80] Companion.decrypt | RECV: AUDIO Media Data type: 0 flags: 11 size: 8202 dataOffset: 2
09-15 13:47:23.344 18485 18883 D OPENHU  : [80] Companion.decrypt | RECV: AUDIO Media Data type: 0 flags: 11 size: 8202 dataOffset: 2
09-15 13:47:23.387 18485 18883 D OPENHU  : [80] Companion.decrypt | RECV: AUDIO Media Data type: 0 flags: 11 size: 8202 dataOffset: 2
09-15 13:47:23.422 18485 18881 I OPENHU  : [78] VideoDecoder.logFeedPacing | Feed queue full - pacing the transport thread instead of shedding frames (+4 more since the last line)
09-15 13:47:23.428 18485 18883 D OPENHU  : [80] Companion.decrypt | RECV: AUDIO Media Data type: 0 flags: 11 size: 8202 dataOffset: 2
09-15 13:47:23.473 18485 18883 D OPENHU  : [80] Companion.decrypt | RECV: AUDIO Media Data type: 0 flags: 11 size: 8202 dataOffset: 2
09-15 13:47:23.513 18485 18883 D OPENHU  : [80] Companion.decrypt | RECV: AUDIO Media Data type: 0 flags: 11 size: 8202 dataOffset: 2
09-15 13:47:23.556 18485 18883 D OPENHU  : [80] Companion.decrypt | RECV: AUDIO Media Data type: 0 flags: 11 size: 8202 dataOffset: 2
09-15 13:47:23.598 18485 18883 D OPENHU  : [80] Companion.decrypt | RECV: AUDIO Media Data type: 0 flags: 11 size: 8202 dataOffset: 2
09-15 13:47:23.640 18485 18883 D OPENHU  : [80] Companion.decrypt | RECV: AUDIO Media Data type: 0 flags: 11 size: 8202 dataOffset: 2
09-15 13:47:23.685 18485 18883 D OPENHU  : [80] Companion.decrypt | RECV: AUDIO Media Data type: 0 flags: 11 size: 8202 dataOffset: 2
09-15 13:47:23.728 18485 18883 D OPENHU  : [80] Companion.decrypt | RECV: AUDIO Media Data type: 0 flags: 11 size: 8202 dataOffset: 2
09-15 13:47:23.771 18485 18883 D OPENHU  : [80] Companion.decrypt | RECV: AUDIO Media Data type: 0 flags: 11 size: 8202 dataOffset: 2
09-15 13:47:23.776 18485 18883 D OPENHU  : [80] Companion.decrypt | RECV: CONTROL Ping Request type: 11 flags: 11 size: 12 dataOffset: 2
09-15 13:47:23.777 18485 18883 V OPENHU  : [80] AapTransport.send | CONTROL Ping Response type: 12 flags: 11 size: 14 dataOffset: 6
09-15 13:47:23.813 18485 18883 D OPENHU  : [80] Companion.decrypt | RECV: AUDIO Media Data type: 0 flags: 11 size: 8202 dataOffset: 2
09-15 13:47:23.856 18485 18883 D OPENHU  : [80] Companion.decrypt | RECV: AUDIO Media Data type: 0 flags: 11 size: 8202 dataOffset: 2
09-15 13:47:23.883 18485 18883 D OPENHU  : [80] Companion.decrypt | RECV: MUSIC_PLAYBACK Media Playback Status type: 32769 flags: 11 size: 17 dataOffset: 2
09-15 13:47:23.885 18485 18883 D OPENHU  : [80] AapMediaPlayback.processStatusPacket | AapMediaPlayback: status mediaSource='VLC', playbackSeconds(u32)=76, state=PLAYING
09-15 13:47:23.898 18485 18883 D OPENHU  : [80] Companion.decrypt | RECV: AUDIO Media Data type: 0 flags: 11 size: 8202 dataOffset: 2
09-15 13:47:23.940 18485 18883 D OPENHU  : [80] Companion.decrypt | RECV: AUDIO Media Data type: 0 flags: 11 size: 8202 dataOffset: 2
09-15 13:47:23.988 18485 18883 D OPENHU  : [80] Companion.decrypt | RECV: AUDIO Media Data type: 0 flags: 11 size: 8202 dataOffset: 2
09-15 13:47:23.997 18485 18485 V OPENHU  : [2] GpsLocation.onLocationChanged | GpsLocation: fix received
09-15 13:47:24.003 18485 18485 V OPENHU  : [2] AapTransport.send | SENSOR Sensor Event type: 32771 flags: 11 size: 46 dataOffset: 6
09-15 13:47:24.025 18485 18883 D OPENHU  : [80] Companion.decrypt | RECV: AUDIO Media Data type: 0 flags: 11 size: 8202 dataOffset: 2
09-15 13:47:24.066 18485 18883 D OPENHU  : [80] Companion.decrypt | RECV: AUDIO Media Data type: 0 flags: 11 size: 8202 dataOffset: 2
09-15 13:47:24.109 18485 18883 D OPENHU  : [80] Companion.decrypt | RECV: AUDIO Media Data type: 0 flags: 11 size: 8202 dataOffset: 2
09-15 13:47:24.152 18485 18883 D OPENHU  : [80] Companion.decrypt | RECV: AUDIO Media Data type: 0 flags: 11 size: 8202 dataOffset: 2
09-15 13:47:24.195 18485 18883 D OPENHU  : [80] Companion.decrypt | RECV: AUDIO Media Data type: 0 flags: 11 size: 8202 dataOffset: 2
09-15 13:47:24.237 18485 18883 D OPENHU  : [80] Companion.decrypt | RECV: AUDIO Media Data type: 0 flags: 11 size: 8202 dataOffset: 2
09-15 13:47:24.256 18485 18485 I OPENHU  : [2] TextureProjectionView.onSurfaceTextureUpdated | TextureProjectionView: displayed 25 frames in 5088ms (4fps), longFrames=0
09-15 13:47:24.281 18485 18883 D OPENHU  : [80] Companion.decrypt | RECV: AUDIO Media Data type: 0 flags: 11 size: 8202 dataOffset: 2
09-15 13:47:24.326 18485 18883 D OPENHU  : [80] Companion.decrypt | RECV: AUDIO Media Data type: 0 flags: 11 size: 8202 dataOffset: 2
09-15 13:47:24.368 18485 18883 D OPENHU  : [80] Companion.decrypt | RECV: AUDIO Media Data type: 0 flags: 11 size: 8202 dataOffset: 2
09-15 13:47:24.409 18485 18883 D OPENHU  : [80] Companion.decrypt | RECV: AUDIO Media Data type: 0 flags: 11 size: 8202 dataOffset: 2
09-15 13:47:24.435 18485 18881 I OPENHU  : [78] VideoDecoder.logFeedPacing | Feed queue full - pacing the transport thread instead of shedding frames (+4 more since the last line)
09-15 13:47:24.458 18485 18883 D OPENHU  : [80] Companion.decrypt | RECV: AUDIO Media Data type: 0 flags: 11 size: 8202 dataOffset: 2
09-15 13:47:24.495 18485 18883 D OPENHU  : [80] Companion.decrypt | RECV: AUDIO Media Data type: 0 flags: 11 size: 8202 dataOffset: 2
09-15 13:47:24.538 18485 18883 D OPENHU  : [80] Companion.decrypt | RECV: AUDIO Media Data type: 0 flags: 11 size: 8202 dataOffset: 2
09-15 13:47:24.577 18485 18883 D OPENHU  : [80] Companion.decrypt | RECV: AUDIO Media Data type: 0 flags: 11 size: 8202 dataOffset: 2
09-15 13:47:24.623 18485 18883 D OPENHU  : [80] Companion.decrypt | RECV: AUDIO Media Data type: 0 flags: 11 size: 8202 dataOffset: 2
09-15 13:47:24.667 18485 18883 D OPENHU  : [80] Companion.decrypt | RECV: AUDIO Media Data type: 0 flags: 11 size: 8202 dataOffset: 2
09-15 13:47:24.706 18485 18883 D OPENHU  : [80] Companion.decrypt | RECV: AUDIO Media Data type: 0 flags: 11 size: 8202 dataOffset: 2
09-15 13:47:24.750 18485 18883 D OPENHU  : [80] Companion.decrypt | RECV: AUDIO Media Data type: 0 flags: 11 size: 8202 dataOffset: 2
09-15 13:47:24.772 18485 18883 D OPENHU  : [80] Companion.decrypt | RECV: CONTROL Ping Request type: 11 flags: 11 size: 12 dataOffset: 2
09-15 13:47:24.772 18485 18883 V OPENHU  : [80] AapTransport.send | CONTROL Ping Response type: 12 flags: 11 size: 14 dataOffset: 6
09-15 13:47:24.792 18485 18883 D OPENHU  : [80] Companion.decrypt | RECV: AUDIO Media Data type: 0 flags: 11 size: 8202 dataOffset: 2
09-15 13:47:24.834 18485 18883 D OPENHU  : [80] Companion.decrypt | RECV: AUDIO Media Data type: 0 flags: 11 size: 8202 dataOffset: 2
09-15 13:47:24.879 18485 18883 D OPENHU  : [80] Companion.decrypt | RECV: AUDIO Media Data type: 0 flags: 11 size: 8202 dataOffset: 2
09-15 13:47:24.887 18485 18883 D OPENHU  : [80] Companion.decrypt | RECV: MUSIC_PLAYBACK Media Playback Status type: 32769 flags: 11 size: 17 dataOffset: 2
09-15 13:47:24.888 18485 18883 D OPENHU  : [80] AapMediaPlayback.processStatusPacket | AapMediaPlayback: status mediaSource='VLC', playbackSeconds(u32)=77, state=PLAYING
09-15 13:47:24.920 18485 18883 D OPENHU  : [80] Companion.decrypt | RECV: AUDIO Media Data type: 0 flags: 11 size: 8202 dataOffset: 2
09-15 13:47:24.964 18485 18883 D OPENHU  : [80] Companion.decrypt | RECV: AUDIO Media Data type: 0 flags: 11 size: 8202 dataOffset: 2
09-15 13:47:25.005 18485 18883 D OPENHU  : [80] Companion.decrypt | RECV: AUDIO Media Data type: 0 flags: 11 size: 8202 dataOffset: 2
09-15 13:47:25.023 18485 18485 V OPENHU  : [2] GpsLocation.onLocationChanged | GpsLocation: fix received
09-15 13:47:25.031 18485 18485 V OPENHU  : [2] AapTransport.send | SENSOR Sensor Event type: 32771 flags: 11 size: 46 dataOffset: 6
09-15 13:47:25.053 18485 18883 D OPENHU  : [80] Companion.decrypt | RECV: AUDIO Media Data type: 0 flags: 11 size: 8202 dataOffset: 2
09-15 13:47:25.093 18485 18883 D OPENHU  : [80] Companion.decrypt | RECV: AUDIO Media Data type: 0 flags: 11 size: 8202 dataOffset: 2
09-15 13:47:25.134 18485 18883 D OPENHU  : [80] Companion.decrypt | RECV: AUDIO Media Data type: 0 flags: 11 size: 8202 dataOffset: 2
09-15 13:47:25.175 18485 18883 D OPENHU  : [80] Companion.decrypt | RECV: AUDIO Media Data type: 0 flags: 11 size: 8202 dataOffset: 2
09-15 13:47:25.221 18485 18883 D OPENHU  : [80] Companion.decrypt | RECV: AUDIO Media Data type: 0 flags: 11 size: 8202 dataOffset: 2
09-15 13:47:25.261 18485 18883 D OPENHU  : [80] Companion.decrypt | RECV: AUDIO Media Data type: 0 flags: 11 size: 8202 dataOffset: 2
09-15 13:47:25.302 18485 18883 D OPENHU  : [80] Companion.decrypt | RECV: AUDIO Media Data type: 0 flags: 11 size: 8202 dataOffset: 2
09-15 13:47:25.347 18485 18883 D OPENHU  : [80] Companion.decrypt | RECV: AUDIO Media Data type: 0 flags: 11 size: 8202 dataOffset: 2
09-15 13:47:25.388 18485 18883 D OPENHU  : [80] Companion.decrypt | RECV: AUDIO Media Data type: 0 flags: 11 size: 8202 dataOffset: 2
09-15 13:47:25.432 18485 18883 D OPENHU  : [80] Companion.decrypt | RECV: AUDIO Media Data type: 0 flags: 11 size: 8202 dataOffset: 2
09-15 13:47:25.451 18485 18881 I OPENHU  : [78] VideoDecoder.logFeedPacing | Feed queue full - pacing the transport thread instead of shedding frames (+4 more since the last line)
09-15 13:47:25.475 18485 18883 D OPENHU  : [80] Companion.decrypt | RECV: AUDIO Media Data type: 0 flags: 11 size: 8202 dataOffset: 2
09-15 13:47:25.517 18485 18883 D OPENHU  : [80] Companion.decrypt | RECV: AUDIO Media Data type: 0 flags: 11 size: 8202 dataOffset: 2
09-15 13:47:25.560 18485 18883 D OPENHU  : [80] Companion.decrypt | RECV: AUDIO Media Data type: 0 flags: 11 size: 8202 dataOffset: 2
09-15 13:47:25.604 18485 18883 D OPENHU  : [80] Companion.decrypt | RECV: AUDIO Media Data type: 0 flags: 11 size: 8202 dataOffset: 2
09-15 13:47:25.651 18485 18883 D OPENHU  : [80] Companion.decrypt | RECV: AUDIO Media Data type: 0 flags: 11 size: 8202 dataOffset: 2
09-15 13:47:25.687 18485 18883 D OPENHU  : [80] Companion.decrypt | RECV: AUDIO Media Data type: 0 flags: 11 size: 8202 dataOffset: 2
09-15 13:47:25.732 18485 18883 D OPENHU  : [80] Companion.decrypt | RECV: AUDIO Media Data type: 0 flags: 11 size: 8202 dataOffset: 2
09-15 13:47:25.775 18485 18883 D OPENHU  : [80] Companion.decrypt | RECV: AUDIO Media Data type: 0 flags: 11 size: 8202 dataOffset: 2
09-15 13:47:25.779 18485 18883 D OPENHU  : [80] Companion.decrypt | RECV: CONTROL Ping Request type: 11 flags: 11 size: 12 dataOffset: 2
09-15 13:47:25.779 18485 18883 V OPENHU  : [80] AapTransport.send | CONTROL Ping Response type: 12 flags: 11 size: 14 dataOffset: 6
09-15 13:47:25.819 18485 18883 D OPENHU  : [80] Companion.decrypt | RECV: AUDIO Media Data type: 0 flags: 11 size: 8202 dataOffset: 2
09-15 13:47:25.858 18485 18883 D OPENHU  : [80] Companion.decrypt | RECV: AUDIO Media Data type: 0 flags: 11 size: 8202 dataOffset: 2
09-15 13:47:25.890 18485 18883 D OPENHU  : [80] Companion.decrypt | RECV: MUSIC_PLAYBACK Media Playback Status type: 32769 flags: 11 size: 17 dataOffset: 2
09-15 13:47:25.890 18485 18883 D OPENHU  : [80] AapMediaPlayback.processStatusPacket | AapMediaPlayback: status mediaSource='VLC', playbackSeconds(u32)=78, state=PLAYING
09-15 13:47:25.902 18485 18883 D OPENHU  : [80] Companion.decrypt | RECV: AUDIO Media Data type: 0 flags: 11 size: 8202 dataOffset: 2
09-15 13:47:25.943 18485 18883 D OPENHU  : [80] Companion.decrypt | RECV: AUDIO Media Data type: 0 flags: 11 size: 8202 dataOffset: 2
09-15 13:47:25.987 18485 18883 D OPENHU  : [80] Companion.decrypt | RECV: AUDIO Media Data type: 0 flags: 11 size: 8202 dataOffset: 2
09-15 13:47:25.995 18485 18485 V OPENHU  : [2] GpsLocation.onLocationChanged | GpsLocation: fix received
09-15 13:47:26.004 18485 18485 V OPENHU  : [2] AapTransport.send | SENSOR Sensor Event type: 32771 flags: 11 size: 46 dataOffset: 6
09-15 13:47:26.030 18485 18883 D OPENHU  : [80] Companion.decrypt | RECV: AUDIO Media Data type: 0 flags: 11 size: 8202 dataOffset: 2
09-15 13:47:26.071 18485 18883 D OPENHU  : [80] Companion.decrypt | RECV: AUDIO Media Data type: 0 flags: 11 size: 8202 dataOffset: 2
09-15 13:47:26.114 18485 18883 D OPENHU  : [80] Companion.decrypt | RECV: AUDIO Media Data type: 0 flags: 11 size: 8202 dataOffset: 2
09-15 13:47:26.159 18485 18883 D OPENHU  : [80] Companion.decrypt | RECV: AUDIO Media Data type: 0 flags: 11 size: 8202 dataOffset: 2
09-15 13:47:26.203 18485 18883 D OPENHU  : [80] Companion.decrypt | RECV: AUDIO Media Data type: 0 flags: 11 size: 8202 dataOffset: 2
09-15 13:47:26.244 18485 18883 D OPENHU  : [80] Companion.decrypt | RECV: AUDIO Media Data type: 0 flags: 11 size: 8202 dataOffset: 2
09-15 13:47:26.285 18485 18883 D OPENHU  : [80] Companion.decrypt | RECV: AUDIO Media Data type: 0 flags: 11 size: 8202 dataOffset: 2
09-15 13:47:26.327 18485 18883 D OPENHU  : [80] Companion.decrypt | RECV: AUDIO Media Data type: 0 flags: 11 size: 8202 dataOffset: 2
09-15 13:47:26.370 18485 18883 D OPENHU  : [80] Companion.decrypt | RECV: AUDIO Media Data type: 0 flags: 11 size: 8202 dataOffset: 2
09-15 13:47:26.412 18485 18883 D OPENHU  : [80] Companion.decrypt | RECV: AUDIO Media Data type: 0 flags: 11 size: 8202 dataOffset: 2
09-15 13:47:26.456 18485 18883 D OPENHU  : [80] Companion.decrypt | RECV: AUDIO Media Data type: 0 flags: 11 size: 8202 dataOffset: 2
09-15 13:47:26.464 18485 18881 I OPENHU  : [78] VideoDecoder.logFeedPacing | Feed queue full - pacing the transport thread instead of shedding frames (+4 more since the last line)
09-15 13:47:26.499 18485 18883 D OPENHU  : [80] Companion.decrypt | RECV: AUDIO Media Data type: 0 flags: 11 size: 8202 dataOffset: 2
09-15 13:47:26.541 18485 18883 D OPENHU  : [80] Companion.decrypt | RECV: AUDIO Media Data type: 0 flags: 11 size: 8202 dataOffset: 2
09-15 13:47:26.584 18485 18883 D OPENHU  : [80] Companion.decrypt | RECV: AUDIO Media Data type: 0 flags: 11 size: 8202 dataOffset: 2
09-15 13:47:26.603 18485 18907 I OPENHU  : [89] VideoDecoder.logThroughput | Throughput over 5006ms: rendered=24 (4fps), fed=24 (4fps), dropped=0, skipped=0, concealed=0, inputWait=14ms, enqueueWait=4855ms, codec=c2.unisoc.avc.decoder, presented=24 (4fps), decodeLatency=unreadable (24 frames)
09-15 13:47:26.625 18485 18883 D OPENHU  : [80] Companion.decrypt | RECV: AUDIO Media Data type: 0 flags: 11 size: 8202 dataOffset: 2
09-15 13:47:26.671 18485 18883 D OPENHU  : [80] Companion.decrypt | RECV: AUDIO Media Data type: 0 flags: 11 size: 8202 dataOffset: 2
09-15 13:47:26.712 18485 18883 D OPENHU  : [80] Companion.decrypt | RECV: AUDIO Media Data type: 0 flags: 11 size: 8202 dataOffset: 2
09-15 13:47:26.755 18485 18883 D OPENHU  : [80] Companion.decrypt | RECV: AUDIO Media Data type: 0 flags: 11 size: 8202 dataOffset: 2
09-15 13:47:26.775 18485 18883 D OPENHU  : [80] Companion.decrypt | RECV: CONTROL Ping Request type: 11 flags: 11 size: 12 dataOffset: 2
09-15 13:47:26.776 18485 18883 V OPENHU  : [80] AapTransport.send | CONTROL Ping Response type: 12 flags: 11 size: 14 dataOffset: 6
09-15 13:47:26.797 18485 18883 D OPENHU  : [80] Companion.decrypt | RECV: AUDIO Media Data type: 0 flags: 11 size: 8202 dataOffset: 2
09-15 13:47:26.840 18485 18883 D OPENHU  : [80] Companion.decrypt | RECV: AUDIO Media Data type: 0 flags: 11 size: 8202 dataOffset: 2
09-15 13:47:26.885 18485 18883 D OPENHU  : [80] Companion.decrypt | RECV: AUDIO Media Data type: 0 flags: 11 size: 8202 dataOffset: 2
09-15 13:47:26.898 18485 18883 D OPENHU  : [80] Companion.decrypt | RECV: MUSIC_PLAYBACK Media Playback Status type: 32769 flags: 11 size: 17 dataOffset: 2
09-15 13:47:26.900 18485 18883 D OPENHU  : [80] AapMediaPlayback.processStatusPacket | AapMediaPlayback: status mediaSource='VLC', playbackSeconds(u32)=79, state=PLAYING
09-15 13:47:26.926 18485 18883 D OPENHU  : [80] Companion.decrypt | RECV: AUDIO Media Data type: 0 flags: 11 size: 8202 dataOffset: 2
09-15 13:47:26.969 18485 18883 D OPENHU  : [80] Companion.decrypt | RECV: AUDIO Media Data type: 0 flags: 11 size: 8202 dataOffset: 2
09-15 13:47:27.011 18485 18883 D OPENHU  : [80] Companion.decrypt | RECV: AUDIO Media Data type: 0 flags: 11 size: 8202 dataOffset: 2
09-15 13:47:27.027 18485 18485 V OPENHU  : [2] GpsLocation.onLocationChanged | GpsLocation: fix received
09-15 13:47:27.038 18485 18485 V OPENHU  : [2] AapTransport.send | SENSOR Sensor Event type: 32771 flags: 11 size: 46 dataOffset: 6
09-15 13:47:27.055 18485 18883 D OPENHU  : [80] Companion.decrypt | RECV: AUDIO Media Data type: 0 flags: 11 size: 8202 dataOffset: 2
09-15 13:47:27.098 18485 18883 D OPENHU  : [80] Companion.decrypt | RECV: AUDIO Media Data type: 0 flags: 11 size: 8202 dataOffset: 2
09-15 13:47:27.140 18485 18883 D OPENHU  : [80] Companion.decrypt | RECV: AUDIO Media Data type: 0 flags: 11 size: 8202 dataOffset: 2
09-15 13:47:27.182 18485 18883 D OPENHU  : [80] Companion.decrypt | RECV: AUDIO Media Data type: 0 flags: 11 size: 8202 dataOffset: 2
09-15 13:47:27.225 18485 18883 D OPENHU  : [80] Companion.decrypt | RECV: AUDIO Media Data type: 0 flags: 11 size: 8202 dataOffset: 2
09-15 13:47:27.266 18485 18883 D OPENHU  : [80] Companion.decrypt | RECV: AUDIO Media Data type: 0 flags: 11 size: 8202 dataOffset: 2
09-15 13:47:27.311 18485 18883 D OPENHU  : [80] Companion.decrypt | RECV: AUDIO Media Data type: 0 flags: 11 size: 8202 dataOffset: 2
09-15 13:47:27.352 18485 18883 D OPENHU  : [80] Companion.decrypt | RECV: AUDIO Media Data type: 0 flags: 11 size: 8202 dataOffset: 2
09-15 13:47:27.393 18485 18883 D OPENHU  : [80] Companion.decrypt | RECV: AUDIO Media Data type: 0 flags: 11 size: 8202 dataOffset: 2
09-15 13:47:27.437 18485 18883 D OPENHU  : [80] Companion.decrypt | RECV: AUDIO Media Data type: 0 flags: 11 size: 8202 dataOffset: 2
09-15 13:47:27.479 18485 18881 I OPENHU  : [78] VideoDecoder.logFeedPacing | Feed queue full - pacing the transport thread instead of shedding frames (+4 more since the last line)
09-15 13:47:27.480 18485 18883 D OPENHU  : [80] Companion.decrypt | RECV: AUDIO Media Data type: 0 flags: 11 size: 8202 dataOffset: 2
09-15 13:47:27.522 18485 18883 D OPENHU  : [80] Companion.decrypt | RECV: AUDIO Media Data type: 0 flags: 11 size: 8202 dataOffset: 2
09-15 13:47:27.566 18485 18883 D OPENHU  : [80] Companion.decrypt | RECV: AUDIO Media Data type: 0 flags: 11 size: 8202 dataOffset: 2
09-15 13:47:27.610 18485 18883 D OPENHU  : [80] Companion.decrypt | RECV: AUDIO Media Data type: 0 flags: 11 size: 8202 dataOffset: 2
09-15 13:47:27.653 18485 18883 D OPENHU  : [80] Companion.decrypt | RECV: AUDIO Media Data type: 0 flags: 11 size: 8202 dataOffset: 2
09-15 13:47:27.694 18485 18883 D OPENHU  : [80] Companion.decrypt | RECV: AUDIO Media Data type: 0 flags: 11 size: 8202 dataOffset: 2
09-15 13:47:27.737 18485 18883 D OPENHU  : [80] Companion.decrypt | RECV: AUDIO Media Data type: 0 flags: 11 size: 8202 dataOffset: 2
09-15 13:47:27.776 18485 18883 D OPENHU  : [80] Companion.decrypt | RECV: CONTROL Ping Request type: 11 flags: 11 size: 12 dataOffset: 2
09-15 13:47:27.777 18485 18883 V OPENHU  : [80] AapTransport.send | CONTROL Ping Response type: 12 flags: 11 size: 14 dataOffset: 6
09-15 13:47:27.779 18485 18883 D OPENHU  : [80] Companion.decrypt | RECV: AUDIO Media Data type: 0 flags: 11 size: 8202 dataOffset: 2
09-15 13:47:27.821 18485 18883 D OPENHU  : [80] Companion.decrypt | RECV: AUDIO Media Data type: 0 flags: 11 size: 8202 dataOffset: 2
09-15 13:47:27.863 18485 18883 D OPENHU  : [80] Companion.decrypt | RECV: AUDIO Media Data type: 0 flags: 11 size: 8202 dataOffset: 2
09-15 13:47:27.895 18485 18883 D OPENHU  : [80] Companion.decrypt | RECV: MUSIC_PLAYBACK Media Playback Status type: 32769 flags: 11 size: 17 dataOffset: 2
09-15 13:47:27.896 18485 18883 D OPENHU  : [80] AapMediaPlayback.processStatusPacket | AapMediaPlayback: status mediaSource='VLC', playbackSeconds(u32)=80, state=PLAYING
09-15 13:47:27.906 18485 18883 D OPENHU  : [80] Companion.decrypt | RECV: AUDIO Media Data type: 0 flags: 11 size: 8202 dataOffset: 2
09-15 13:47:27.949 18485 18883 D OPENHU  : [80] Companion.decrypt | RECV: AUDIO Media Data type: 0 flags: 11 size: 8202 dataOffset: 2
09-15 13:47:27.992 18485 18883 D OPENHU  : [80] Companion.decrypt | RECV: AUDIO Media Data type: 0 flags: 11 size: 8202 dataOffset: 2
09-15 13:47:28.000 18485 18485 V OPENHU  : [2] GpsLocation.onLocationChanged | GpsLocation: fix received
09-15 13:47:28.008 18485 18485 V OPENHU  : [2] AapTransport.send | SENSOR Sensor Event type: 32771 flags: 11 size: 46 dataOffset: 6
09-15 13:47:28.034 18485 18883 D OPENHU  : [80] Companion.decrypt | RECV: AUDIO Media Data type: 0 flags: 11 size: 8202 dataOffset: 2
09-15 13:47:28.077 18485 18883 D OPENHU  : [80] Companion.decrypt | RECV: AUDIO Media Data type: 0 flags: 11 size: 8202 dataOffset: 2
09-15 13:47:28.120 18485 18883 D OPENHU  : [80] Companion.decrypt | RECV: AUDIO Media Data type: 0 flags: 11 size: 8202 dataOffset: 2
09-15 13:47:28.162 18485 18883 D OPENHU  : [80] Companion.decrypt | RECV: AUDIO Media Data type: 0 flags: 11 size: 8202 dataOffset: 2
09-15 13:47:28.206 18485 18883 D OPENHU  : [80] Companion.decrypt | RECV: AUDIO Media Data type: 0 flags: 11 size: 8202 dataOffset: 2
09-15 13:47:28.248 18485 18883 D OPENHU  : [80] Companion.decrypt | RECV: AUDIO Media Data type: 0 flags: 11 size: 8202 dataOffset: 2
09-15 13:47:28.289 18485 18883 D OPENHU  : [80] Companion.decrypt | RECV: AUDIO Media Data type: 0 flags: 11 size: 8202 dataOffset: 2
09-15 13:47:28.333 18485 18883 D OPENHU  : [80] Companion.decrypt | RECV: AUDIO Media Data type: 0 flags: 11 size: 8202 dataOffset: 2
09-15 13:47:28.376 18485 18883 D OPENHU  : [80] Companion.decrypt | RECV: AUDIO Media Data type: 0 flags: 11 size: 8202 dataOffset: 2
09-15 13:47:28.417 18485 18883 D OPENHU  : [80] Companion.decrypt | RECV: AUDIO Media Data type: 0 flags: 11 size: 8202 dataOffset: 2
09-15 13:47:28.461 18485 18883 D OPENHU  : [80] Companion.decrypt | RECV: AUDIO Media Data type: 0 flags: 11 size: 8202 dataOffset: 2
09-15 13:47:28.496 18485 18881 I OPENHU  : [78] VideoDecoder.logFeedPacing | Feed queue full - pacing the transport thread instead of shedding frames (+4 more since the last line)
09-15 13:47:28.503 18485 18883 D OPENHU  : [80] Companion.decrypt | RECV: AUDIO Media Data type: 0 flags: 11 size: 8202 dataOffset: 2
09-15 13:47:28.545 18485 18883 D OPENHU  : [80] Companion.decrypt | RECV: AUDIO Media Data type: 0 flags: 11 size: 8202 dataOffset: 2
09-15 13:47:28.591 18485 18883 D OPENHU  : [80] Companion.decrypt | RECV: AUDIO Media Data type: 0 flags: 11 size: 8202 dataOffset: 2
09-15 13:47:28.631 18485 18883 D OPENHU  : [80] Companion.decrypt | RECV: AUDIO Media Data type: 0 flags: 11 size: 8202 dataOffset: 2
09-15 13:47:28.674 18485 18883 D OPENHU  : [80] Companion.decrypt | RECV: AUDIO Media Data type: 0 flags: 11 size: 8202 dataOffset: 2
09-15 13:47:28.722 18485 18883 D OPENHU  : [80] Companion.decrypt | RECV: AUDIO Media Data type: 0 flags: 11 size: 8202 dataOffset: 2
09-15 13:47:28.760 18485 18883 D OPENHU  : [80] Companion.decrypt | RECV: AUDIO Media Data type: 0 flags: 11 size: 8202 dataOffset: 2
09-15 13:47:28.777 18485 18883 D OPENHU  : [80] Companion.decrypt | RECV: CONTROL Ping Request type: 11 flags: 11 size: 12 dataOffset: 2
09-15 13:47:28.777 18485 18883 V OPENHU  : [80] AapTransport.send | CONTROL Ping Response type: 12 flags: 11 size: 14 dataOffset: 6
09-15 13:47:28.803 18485 18883 D OPENHU  : [80] Companion.decrypt | RECV: AUDIO Media Data type: 0 flags: 11 size: 8202 dataOffset: 2
09-15 13:47:28.847 18485 18883 D OPENHU  : [80] Companion.decrypt | RECV: AUDIO Media Data type: 0 flags: 11 size: 8202 dataOffset: 2
09-15 13:47:28.890 18485 18883 D OPENHU  : [80] Companion.decrypt | RECV: AUDIO Media Data type: 0 flags: 11 size: 8202 dataOffset: 2
09-15 13:47:28.896 18485 18883 D OPENHU  : [80] Companion.decrypt | RECV: MUSIC_PLAYBACK Media Playback Status type: 32769 flags: 11 size: 17 dataOffset: 2
09-15 13:47:28.897 18485 18883 D OPENHU  : [80] AapMediaPlayback.processStatusPacket | AapMediaPlayback: status mediaSource='VLC', playbackSeconds(u32)=81, state=PLAYING
09-15 13:47:28.934 18485 18883 D OPENHU  : [80] Companion.decrypt | RECV: AUDIO Media Data type: 0 flags: 11 size: 8202 dataOffset: 2
09-15 13:47:28.973 18485 18883 D OPENHU  : [80] Companion.decrypt | RECV: AUDIO Media Data type: 0 flags: 11 size: 8202 dataOffset: 2
09-15 13:47:29.020 18485 18883 D OPENHU  : [80] Companion.decrypt | RECV: AUDIO Media Data type: 0 flags: 11 size: 8202 dataOffset: 2
09-15 13:47:29.024 18485 18485 V OPENHU  : [2] GpsLocation.onLocationChanged | GpsLocation: fix received
09-15 13:47:29.033 18485 18485 V OPENHU  : [2] AapTransport.send | SENSOR Sensor Event type: 32771 flags: 11 size: 46 dataOffset: 6
09-15 13:47:29.058 18485 18883 D OPENHU  : [80] Companion.decrypt | RECV: AUDIO Media Data type: 0 flags: 11 size: 8202 dataOffset: 2
09-15 13:47:29.102 18485 18883 D OPENHU  : [80] Companion.decrypt | RECV: AUDIO Media Data type: 0 flags: 11 size: 8202 dataOffset: 2
09-15 13:47:29.144 18485 18883 D OPENHU  : [80] Companion.decrypt | RECV: AUDIO Media Data type: 0 flags: 11 size: 8202 dataOffset: 2
09-15 13:47:29.187 18485 18883 D OPENHU  : [80] Companion.decrypt | RECV: AUDIO Media Data type: 0 flags: 11 size: 8202 dataOffset: 2
09-15 13:47:29.229 18485 18883 D OPENHU  : [80] Companion.decrypt | RECV: AUDIO Media Data type: 0 flags: 11 size: 8202 dataOffset: 2
09-15 13:47:29.272 18485 18883 D OPENHU  : [80] Companion.decrypt | RECV: AUDIO Media Data type: 0 flags: 11 size: 8202 dataOffset: 2
09-15 13:47:29.316 18485 18883 D OPENHU  : [80] Companion.decrypt | RECV: AUDIO Media Data type: 0 flags: 11 size: 8202 dataOffset: 2
09-15 13:47:29.327 18485 18485 I OPENHU  : [2] TextureProjectionView.onSurfaceTextureUpdated | TextureProjectionView: displayed 25 frames in 5070ms (4fps), longFrames=0
09-15 13:47:29.359 18485 18883 D OPENHU  : [80] Companion.decrypt | RECV: AUDIO Media Data type: 0 flags: 11 size: 8202 dataOffset: 2
09-15 13:47:29.402 18485 18883 D OPENHU  : [80] Companion.decrypt | RECV: AUDIO Media Data type: 0 flags: 11 size: 8202 dataOffset: 2
09-15 13:47:29.443 18485 18883 D OPENHU  : [80] Companion.decrypt | RECV: AUDIO Media Data type: 0 flags: 11 size: 8202 dataOffset: 2
09-15 13:47:29.485 18485 18883 D OPENHU  : [80] Companion.decrypt | RECV: AUDIO Media Data type: 0 flags: 11 size: 8202 dataOffset: 2
09-15 13:47:29.509 18485 18881 I OPENHU  : [78] VideoDecoder.logFeedPacing | Feed queue full - pacing the transport thread instead of shedding frames (+4 more since the last line)
09-15 13:47:29.527 18485 18883 D OPENHU  : [80] Companion.decrypt | RECV: AUDIO Media Data type: 0 flags: 11 size: 8202 dataOffset: 2
09-15 13:47:29.571 18485 18883 D OPENHU  : [80] Companion.decrypt | RECV: AUDIO Media Data type: 0 flags: 11 size: 8202 dataOffset: 2
09-15 13:47:29.615 18485 18883 D OPENHU  : [80] Companion.decrypt | RECV: AUDIO Media Data type: 0 flags: 11 size: 8202 dataOffset: 2
09-15 13:47:29.656 18485 18883 D OPENHU  : [80] Companion.decrypt | RECV: AUDIO Media Data type: 0 flags: 11 size: 8202 dataOffset: 2
09-15 13:47:29.699 18485 18883 D OPENHU  : [80] Companion.decrypt | RECV: AUDIO Media Data type: 0 flags: 11 size: 8202 dataOffset: 2
09-15 13:47:29.741 18485 18883 D OPENHU  : [80] Companion.decrypt | RECV: AUDIO Media Data type: 0 flags: 11 size: 8202 dataOffset: 2
09-15 13:47:29.780 18485 18883 D OPENHU  : [80] Companion.decrypt | RECV: CONTROL Ping Request type: 11 flags: 11 size: 12 dataOffset: 2
09-15 13:47:29.781 18485 18883 V OPENHU  : [80] AapTransport.send | CONTROL Ping Response type: 12 flags: 11 size: 14 dataOffset: 6
09-15 13:47:29.784 18485 18883 D OPENHU  : [80] Companion.decrypt | RECV: AUDIO Media Data type: 0 flags: 11 size: 8202 dataOffset: 2
09-15 13:47:29.828 18485 18883 D OPENHU  : [80] Companion.decrypt | RECV: AUDIO Media Data type: 0 flags: 11 size: 8202 dataOffset: 2
09-15 13:47:29.871 18485 18883 D OPENHU  : [80] Companion.decrypt | RECV: AUDIO Media Data type: 0 flags: 11 size: 8202 dataOffset: 2
09-15 13:47:29.901 18485 18883 D OPENHU  : [80] Companion.decrypt | RECV: MUSIC_PLAYBACK Media Playback Status type: 32769 flags: 11 size: 17 dataOffset: 2
09-15 13:47:29.903 18485 18883 D OPENHU  : [80] AapMediaPlayback.processStatusPacket | AapMediaPlayback: status mediaSource='VLC', playbackSeconds(u32)=82, state=PLAYING
09-15 13:47:29.913 18485 18883 D OPENHU  : [80] Companion.decrypt | RECV: AUDIO Media Data type: 0 flags: 11 size: 8202 dataOffset: 2
09-15 13:47:29.956 18485 18883 D OPENHU  : [80] Companion.decrypt | RECV: AUDIO Media Data type: 0 flags: 11 size: 8202 dataOffset: 2
09-15 13:47:29.998 18485 18485 V OPENHU  : [2] GpsLocation.onLocationChanged | GpsLocation: fix received
09-15 13:47:29.999 18485 18883 D OPENHU  : [80] Companion.decrypt | RECV: AUDIO Media Data type: 0 flags: 11 size: 8202 dataOffset: 2
09-15 13:47:30.006 18485 18485 V OPENHU  : [2] AapTransport.send | SENSOR Sensor Event type: 32771 flags: 11 size: 46 dataOffset: 6
09-15 13:47:30.040 18485 18883 D OPENHU  : [80] Companion.decrypt | RECV: AUDIO Media Data type: 0 flags: 11 size: 8202 dataOffset: 2
09-15 13:47:30.083 18485 18883 D OPENHU  : [80] Companion.decrypt | RECV: AUDIO Media Data type: 0 flags: 11 size: 8202 dataOffset: 2
09-15 13:47:30.126 18485 18883 D OPENHU  : [80] Companion.decrypt | RECV: AUDIO Media Data type: 0 flags: 11 size: 8202 dataOffset: 2
09-15 13:47:30.170 18485 18883 D OPENHU  : [80] Companion.decrypt | RECV: AUDIO Media Data type: 0 flags: 11 size: 8202 dataOffset: 2
09-15 13:47:30.213 18485 18883 D OPENHU  : [80] Companion.decrypt | RECV: AUDIO Media Data type: 0 flags: 11 size: 8202 dataOffset: 2
09-15 13:47:30.255 18485 18883 D OPENHU  : [80] Companion.decrypt | RECV: AUDIO Media Data type: 0 flags: 11 size: 8202 dataOffset: 2
09-15 13:47:30.297 18485 18883 D OPENHU  : [80] Companion.decrypt | RECV: AUDIO Media Data type: 0 flags: 11 size: 8202 dataOffset: 2
09-15 13:47:30.339 18485 18883 D OPENHU  : [80] Companion.decrypt | RECV: AUDIO Media Data type: 0 flags: 11 size: 8202 dataOffset: 2
09-15 13:47:30.384 18485 18883 D OPENHU  : [80] Companion.decrypt | RECV: AUDIO Media Data type: 0 flags: 11 size: 8202 dataOffset: 2
09-15 13:47:30.425 18485 18883 D OPENHU  : [80] Companion.decrypt | RECV: AUDIO Media Data type: 0 flags: 11 size: 8202 dataOffset: 2
09-15 13:47:30.470 18485 18883 D OPENHU  : [80] Companion.decrypt | RECV: AUDIO Media Data type: 0 flags: 11 size: 8202 dataOffset: 2
09-15 13:47:30.510 18485 18883 D OPENHU  : [80] Companion.decrypt | RECV: AUDIO Media Data type: 0 flags: 11 size: 8202 dataOffset: 2
09-15 13:47:30.523 18485 18881 I OPENHU  : [78] VideoDecoder.logFeedPacing | Feed queue full - pacing the transport thread instead of shedding frames (+4 more since the last line)
09-15 13:47:30.551 18485 18883 D OPENHU  : [80] Companion.decrypt | RECV: AUDIO Media Data type: 0 flags: 11 size: 8202 dataOffset: 2
09-15 13:47:30.594 18485 18883 D OPENHU  : [80] Companion.decrypt | RECV: AUDIO Media Data type: 0 flags: 11 size: 8202 dataOffset: 2
09-15 13:47:30.635 18485 18883 D OPENHU  : [80] Companion.decrypt | RECV: AUDIO Media Data type: 0 flags: 11 size: 8202 dataOffset: 2
09-15 13:47:30.682 18485 18883 D OPENHU  : [80] Companion.decrypt | RECV: AUDIO Media Data type: 0 flags: 11 size: 8202 dataOffset: 2
09-15 13:47:30.724 18485 18883 D OPENHU  : [80] Companion.decrypt | RECV: AUDIO Media Data type: 0 flags: 11 size: 8202 dataOffset: 2
09-15 13:47:30.766 18485 18883 D OPENHU  : [80] Companion.decrypt | RECV: AUDIO Media Data type: 0 flags: 11 size: 8202 dataOffset: 2
09-15 13:47:30.780 18485 18883 D OPENHU  : [80] Companion.decrypt | RECV: CONTROL Ping Request type: 11 flags: 11 size: 12 dataOffset: 2
09-15 13:47:30.780 18485 18883 V OPENHU  : [80] AapTransport.send | CONTROL Ping Response type: 12 flags: 11 size: 14 dataOffset: 6
09-15 13:47:30.812 18485 18883 D OPENHU  : [80] Companion.decrypt | RECV: AUDIO Media Data type: 0 flags: 11 size: 8202 dataOffset: 2
09-15 13:47:30.849 18485 18883 D OPENHU  : [80] Companion.decrypt | RECV: AUDIO Media Data type: 0 flags: 11 size: 8202 dataOffset: 2
09-15 13:47:30.894 18485 18883 D OPENHU  : [80] Companion.decrypt | RECV: AUDIO Media Data type: 0 flags: 11 size: 8202 dataOffset: 2
09-15 13:47:30.900 18485 18883 D OPENHU  : [80] Companion.decrypt | RECV: MUSIC_PLAYBACK Media Playback Status type: 32769 flags: 11 size: 17 dataOffset: 2
09-15 13:47:30.901 18485 18883 D OPENHU  : [80] AapMediaPlayback.processStatusPacket | AapMediaPlayback: status mediaSource='VLC', playbackSeconds(u32)=83, state=PLAYING
09-15 13:47:30.935 18485 18883 D OPENHU  : [80] Companion.decrypt | RECV: AUDIO Media Data type: 0 flags: 11 size: 8202 dataOffset: 2
09-15 13:47:30.978 18485 18883 D OPENHU  : [80] Companion.decrypt | RECV: AUDIO Media Data type: 0 flags: 11 size: 8202 dataOffset: 2
09-15 13:47:31.021 18485 18485 V OPENHU  : [2] GpsLocation.onLocationChanged | GpsLocation: fix received
09-15 13:47:31.022 18485 18883 D OPENHU  : [80] Companion.decrypt | RECV: AUDIO Media Data type: 0 flags: 11 size: 8202 dataOffset: 2
09-15 13:47:31.028 18485 18485 V OPENHU  : [2] AapTransport.send | SENSOR Sensor Event type: 32771 flags: 11 size: 46 dataOffset: 6
09-15 13:47:31.064 18485 18883 D OPENHU  : [80] Companion.decrypt | RECV: AUDIO Media Data type: 0 flags: 11 size: 8202 dataOffset: 2
09-15 13:47:31.105 18485 18883 D OPENHU  : [80] Companion.decrypt | RECV: AUDIO Media Data type: 0 flags: 11 size: 8202 dataOffset: 2
09-15 13:47:31.148 18485 18883 D OPENHU  : [80] Companion.decrypt | RECV: AUDIO Media Data type: 0 flags: 11 size: 8202 dataOffset: 2
09-15 13:47:31.192 18485 18883 D OPENHU  : [80] Companion.decrypt | RECV: AUDIO Media Data type: 0 flags: 11 size: 8202 dataOffset: 2
09-15 13:47:31.237 18485 18883 D OPENHU  : [80] Companion.decrypt | RECV: AUDIO Media Data type: 0 flags: 11 size: 8202 dataOffset: 2
09-15 13:47:31.278 18485 18883 D OPENHU  : [80] Companion.decrypt | RECV: AUDIO Media Data type: 0 flags: 11 size: 8202 dataOffset: 2
09-15 13:47:31.320 18485 18883 D OPENHU  : [80] Companion.decrypt | RECV: AUDIO Media Data type: 0 flags: 11 size: 8202 dataOffset: 2
09-15 13:47:31.364 18485 18883 D OPENHU  : [80] Companion.decrypt | RECV: AUDIO Media Data type: 0 flags: 11 size: 8202 dataOffset: 2
09-15 13:47:31.406 18485 18883 D OPENHU  : [80] Companion.decrypt | RECV: AUDIO Media Data type: 0 flags: 11 size: 8202 dataOffset: 2
09-15 13:47:31.448 18485 18883 D OPENHU  : [80] Companion.decrypt | RECV: AUDIO Media Data type: 0 flags: 11 size: 8202 dataOffset: 2
09-15 13:47:31.492 18485 18883 D OPENHU  : [80] Companion.decrypt | RECV: AUDIO Media Data type: 0 flags: 11 size: 8202 dataOffset: 2
09-15 13:47:31.532 18485 18883 D OPENHU  : [80] Companion.decrypt | RECV: AUDIO Media Data type: 0 flags: 11 size: 8202 dataOffset: 2
09-15 13:47:31.541 18485 18881 I OPENHU  : [78] VideoDecoder.logFeedPacing | Feed queue full - pacing the transport thread instead of shedding frames (+4 more since the last line)
09-15 13:47:31.576 18485 18883 D OPENHU  : [80] Companion.decrypt | RECV: AUDIO Media Data type: 0 flags: 11 size: 8202 dataOffset: 2
09-15 13:47:31.613 18485 18907 I OPENHU  : [89] VideoDecoder.logThroughput | Throughput over 5010ms: rendered=25 (4fps), fed=25 (4fps), dropped=0, skipped=0, concealed=0, inputWait=9ms, enqueueWait=5053ms, codec=c2.unisoc.avc.decoder, presented=25 (4fps), decodeLatency=unreadable (25 frames)
09-15 13:47:31.619 18485 18883 D OPENHU  : [80] Companion.decrypt | RECV: AUDIO Media Data type: 0 flags: 11 size: 8202 dataOffset: 2
09-15 13:47:31.663 18485 18883 D OPENHU  : [80] Companion.decrypt | RECV: AUDIO Media Data type: 0 flags: 11 size: 8202 dataOffset: 2
09-15 13:47:31.704 18485 18883 D OPENHU  : [80] Companion.decrypt | RECV: AUDIO Media Data type: 0 flags: 11 size: 8202 dataOffset: 2
09-15 13:47:31.746 18485 18883 D OPENHU  : [80] Companion.decrypt | RECV: AUDIO Media Data type: 0 flags: 11 size: 8202 dataOffset: 2
09-15 13:47:31.781 18485 18883 D OPENHU  : [80] Companion.decrypt | RECV: CONTROL Ping Request type: 11 flags: 11 size: 12 dataOffset: 2
09-15 13:47:31.781 18485 18883 V OPENHU  : [80] AapTransport.send | CONTROL Ping Response type: 12 flags: 11 size: 14 dataOffset: 6
09-15 13:47:31.789 18485 18883 D OPENHU  : [80] Companion.decrypt | RECV: AUDIO Media Data type: 0 flags: 11 size: 8202 dataOffset: 2
09-15 13:47:31.831 18485 18883 D OPENHU  : [80] Companion.decrypt | RECV: AUDIO Media Data type: 0 flags: 11 size: 8202 dataOffset: 2
09-15 13:47:31.875 18485 18883 D OPENHU  : [80] Companion.decrypt | RECV: AUDIO Media Data type: 0 flags: 11 size: 8202 dataOffset: 2
09-15 13:47:31.906 18485 18883 D OPENHU  : [80] Companion.decrypt | RECV: MUSIC_PLAYBACK Media Playback Status type: 32769 flags: 11 size: 17 dataOffset: 2
09-15 13:47:31.907 18485 18883 D OPENHU  : [80] AapMediaPlayback.processStatusPacket | AapMediaPlayback: status mediaSource='VLC', playbackSeconds(u32)=84, state=PLAYING
09-15 13:47:31.919 18485 18883 D OPENHU  : [80] Companion.decrypt | RECV: AUDIO Media Data type: 0 flags: 11 size: 8202 dataOffset: 2
09-15 13:47:31.960 18485 18883 D OPENHU  : [80] Companion.decrypt | RECV: AUDIO Media Data type: 0 flags: 11 size: 8202 dataOffset: 2
09-15 13:47:31.994 18485 18485 V OPENHU  : [2] GpsLocation.onLocationChanged | GpsLocation: fix received
09-15 13:47:32.003 18485 18883 D OPENHU  : [80] Companion.decrypt | RECV: AUDIO Media Data type: 0 flags: 11 size: 8202 dataOffset: 2
09-15 13:47:32.003 18485 18485 V OPENHU  : [2] AapTransport.send | SENSOR Sensor Event type: 32771 flags: 11 size: 46 dataOffset: 6
09-15 13:47:32.045 18485 18883 D OPENHU  : [80] Companion.decrypt | RECV: AUDIO Media Data type: 0 flags: 11 size: 8202 dataOffset: 2
09-15 13:47:32.090 18485 18883 D OPENHU  : [80] Companion.decrypt | RECV: AUDIO Media Data type: 0 flags: 11 size: 8202 dataOffset: 2
09-15 13:47:32.130 18485 18883 D OPENHU  : [80] Companion.decrypt | RECV: AUDIO Media Data type: 0 flags: 11 size: 8202 dataOffset: 2
09-15 13:47:32.176 18485 18883 D OPENHU  : [80] Companion.decrypt | RECV: AUDIO Media Data type: 0 flags: 11 size: 8202 dataOffset: 2
09-15 13:47:32.218 18485 18883 D OPENHU  : [80] Companion.decrypt | RECV: AUDIO Media Data type: 0 flags: 11 size: 8202 dataOffset: 2
09-15 13:47:32.257 18485 18883 D OPENHU  : [80] Companion.decrypt | RECV: AUDIO Media Data type: 0 flags: 11 size: 8202 dataOffset: 2
09-15 13:47:32.304 18485 18883 D OPENHU  : [80] Companion.decrypt | RECV: AUDIO Media Data type: 0 flags: 11 size: 8202 dataOffset: 2
09-15 13:47:32.346 18485 18883 D OPENHU  : [80] Companion.decrypt | RECV: AUDIO Media Data type: 0 flags: 11 size: 8202 dataOffset: 2
09-15 13:47:32.386 18485 18883 D OPENHU  : [80] Companion.decrypt | RECV: AUDIO Media Data type: 0 flags: 11 size: 8202 dataOffset: 2
09-15 13:47:32.429 18485 18883 D OPENHU  : [80] Companion.decrypt | RECV: AUDIO Media Data type: 0 flags: 11 size: 8202 dataOffset: 2
09-15 13:47:32.472 18485 18883 D OPENHU  : [80] Companion.decrypt | RECV: AUDIO Media Data type: 0 flags: 11 size: 8202 dataOffset: 2
09-15 13:47:32.520 18485 18883 D OPENHU  : [80] Companion.decrypt | RECV: AUDIO Media Data type: 0 flags: 11 size: 8202 dataOffset: 2
09-15 13:47:32.554 18485 18881 I OPENHU  : [78] VideoDecoder.logFeedPacing | Feed queue full - pacing the transport thread instead of shedding frames (+4 more since the last line)
09-15 13:47:32.557 18485 18883 D OPENHU  : [80] Companion.decrypt | RECV: AUDIO Media Data type: 0 flags: 11 size: 8202 dataOffset: 2
09-15 13:47:32.600 18485 18883 D OPENHU  : [80] Companion.decrypt | RECV: AUDIO Media Data type: 0 flags: 11 size: 8202 dataOffset: 2
09-15 13:47:32.643 18485 18883 D OPENHU  : [80] Companion.decrypt | RECV: AUDIO Media Data type: 0 flags: 11 size: 8202 dataOffset: 2
09-15 13:47:32.686 18485 18883 D OPENHU  : [80] Companion.decrypt | RECV: AUDIO Media Data type: 0 flags: 11 size: 8202 dataOffset: 2
09-15 13:47:32.728 18485 18883 D OPENHU  : [80] Companion.decrypt | RECV: AUDIO Media Data type: 0 flags: 11 size: 8202 dataOffset: 2
09-15 13:47:32.771 18485 18883 D OPENHU  : [80] Companion.decrypt | RECV: AUDIO Media Data type: 0 flags: 11 size: 8202 dataOffset: 2
09-15 13:47:32.780 18485 18883 D OPENHU  : [80] Companion.decrypt | RECV: CONTROL Ping Request type: 11 flags: 11 size: 12 dataOffset: 2
09-15 13:47:32.781 18485 18883 V OPENHU  : [80] AapTransport.send | CONTROL Ping Response type: 12 flags: 11 size: 14 dataOffset: 6
09-15 13:47:32.813 18485 18883 D OPENHU  : [80] Companion.decrypt | RECV: AUDIO Media Data type: 0 flags: 11 size: 8202 dataOffset: 2
09-15 13:47:32.856 18485 18883 D OPENHU  : [80] Companion.decrypt | RECV: AUDIO Media Data type: 0 flags: 11 size: 8202 dataOffset: 2
09-15 13:47:32.898 18485 18883 D OPENHU  : [80] Companion.decrypt | RECV: AUDIO Media Data type: 0 flags: 11 size: 8202 dataOffset: 2
09-15 13:47:32.907 18485 18883 D OPENHU  : [80] Companion.decrypt | RECV: MUSIC_PLAYBACK Media Playback Status type: 32769 flags: 11 size: 17 dataOffset: 2
09-15 13:47:32.908 18485 18883 D OPENHU  : [80] AapMediaPlayback.processStatusPacket | AapMediaPlayback: status mediaSource='VLC', playbackSeconds(u32)=85, state=PLAYING
09-15 13:47:32.941 18485 18883 D OPENHU  : [80] Companion.decrypt | RECV: AUDIO Media Data type: 0 flags: 11 size: 8202 dataOffset: 2
09-15 13:47:32.984 18485 18883 D OPENHU  : [80] Companion.decrypt | RECV: AUDIO Media Data type: 0 flags: 11 size: 8202 dataOffset: 2
09-15 13:47:33.023 18485 18485 V OPENHU  : [2] GpsLocation.onLocationChanged | GpsLocation: fix received
09-15 13:47:33.026 18485 18883 D OPENHU  : [80] Companion.decrypt | RECV: AUDIO Media Data type: 0 flags: 11 size: 8202 dataOffset: 2
09-15 13:47:33.030 18485 18485 V OPENHU  : [2] AapTransport.send | SENSOR Sensor Event type: 32771 flags: 11 size: 46 dataOffset: 6
09-15 13:47:33.072 18485 18883 D OPENHU  : [80] Companion.decrypt | RECV: AUDIO Media Data type: 0 flags: 11 size: 8202 dataOffset: 2
09-15 13:47:33.111 18485 18883 D OPENHU  : [80] Companion.decrypt | RECV: AUDIO Media Data type: 0 flags: 11 size: 8202 dataOffset: 2
09-15 13:47:33.154 18485 18883 D OPENHU  : [80] Companion.decrypt | RECV: AUDIO Media Data type: 0 flags: 11 size: 8202 dataOffset: 2
09-15 13:47:33.198 18485 18883 D OPENHU  : [80] Companion.decrypt | RECV: AUDIO Media Data type: 0 flags: 11 size: 8202 dataOffset: 2
09-15 13:47:33.242 18485 18883 D OPENHU  : [80] Companion.decrypt | RECV: AUDIO Media Data type: 0 flags: 11 size: 8202 dataOffset: 2
09-15 13:47:33.282 18485 18883 D OPENHU  : [80] Companion.decrypt | RECV: AUDIO Media Data type: 0 flags: 11 size: 8202 dataOffset: 2
09-15 13:47:33.325 18485 18883 D OPENHU  : [80] Companion.decrypt | RECV: AUDIO Media Data type: 0 flags: 11 size: 8202 dataOffset: 2
09-15 13:47:33.373 18485 18883 D OPENHU  : [80] Companion.decrypt | RECV: AUDIO Media Data type: 0 flags: 11 size: 8202 dataOffset: 2
09-15 13:47:33.410 18485 18883 D OPENHU  : [80] Companion.decrypt | RECV: AUDIO Media Data type: 0 flags: 11 size: 8202 dataOffset: 2
09-15 13:47:33.454 18485 18883 D OPENHU  : [80] Companion.decrypt | RECV: AUDIO Media Data type: 0 flags: 11 size: 8202 dataOffset: 2
09-15 13:47:33.496 18485 18883 D OPENHU  : [80] Companion.decrypt | RECV: AUDIO Media Data type: 0 flags: 11 size: 8202 dataOffset: 2
09-15 13:47:33.538 18485 18883 D OPENHU  : [80] Companion.decrypt | RECV: AUDIO Media Data type: 0 flags: 11 size: 8202 dataOffset: 2
09-15 13:47:33.568 18485 18881 I OPENHU  : [78] VideoDecoder.logFeedPacing | Feed queue full - pacing the transport thread instead of shedding frames (+4 more since the last line)
09-15 13:47:33.581 18485 18883 D OPENHU  : [80] Companion.decrypt | RECV: AUDIO Media Data type: 0 flags: 11 size: 8202 dataOffset: 2
09-15 13:47:33.624 18485 18883 D OPENHU  : [80] Companion.decrypt | RECV: AUDIO Media Data type: 0 flags: 11 size: 8202 dataOffset: 2
09-15 13:47:33.666 18485 18883 D OPENHU  : [80] Companion.decrypt | RECV: AUDIO Media Data type: 0 flags: 11 size: 8202 dataOffset: 2
09-15 13:47:33.710 18485 18883 D OPENHU  : [80] Companion.decrypt | RECV: AUDIO Media Data type: 0 flags: 11 size: 8202 dataOffset: 2
09-15 13:47:33.752 18485 18883 D OPENHU  : [80] Companion.decrypt | RECV: AUDIO Media Data type: 0 flags: 11 size: 8202 dataOffset: 2
09-15 13:47:33.783 18485 18883 D OPENHU  : [80] Companion.decrypt | RECV: CONTROL Ping Request type: 11 flags: 11 size: 12 dataOffset: 2
09-15 13:47:33.784 18485 18883 V OPENHU  : [80] AapTransport.send | CONTROL Ping Response type: 12 flags: 11 size: 14 dataOffset: 6
09-15 13:47:33.794 18485 18883 D OPENHU  : [80] Companion.decrypt | RECV: AUDIO Media Data type: 0 flags: 11 size: 8202 dataOffset: 2
09-15 13:47:33.838 18485 18883 D OPENHU  : [80] Companion.decrypt | RECV: AUDIO Media Data type: 0 flags: 11 size: 8202 dataOffset: 2
09-15 13:47:33.880 18485 18883 D OPENHU  : [80] Companion.decrypt | RECV: AUDIO Media Data type: 0 flags: 11 size: 8202 dataOffset: 2
09-15 13:47:33.911 18485 18883 D OPENHU  : [80] Companion.decrypt | RECV: MUSIC_PLAYBACK Media Playback Status type: 32769 flags: 11 size: 17 dataOffset: 2
09-15 13:47:33.912 18485 18883 D OPENHU  : [80] AapMediaPlayback.processStatusPacket | AapMediaPlayback: status mediaSource='VLC', playbackSeconds(u32)=86, state=PLAYING
09-15 13:47:33.922 18485 18883 D OPENHU  : [80] Companion.decrypt | RECV: AUDIO Media Data type: 0 flags: 11 size: 8202 dataOffset: 2
09-15 13:47:33.968 18485 18883 D OPENHU  : [80] Companion.decrypt | RECV: AUDIO Media Data type: 0 flags: 11 size: 8202 dataOffset: 2
09-15 13:47:33.998 18485 18485 V OPENHU  : [2] GpsLocation.onLocationChanged | GpsLocation: fix received
09-15 13:47:34.005 18485 18485 V OPENHU  : [2] AapTransport.send | SENSOR Sensor Event type: 32771 flags: 11 size: 46 dataOffset: 6
09-15 13:47:34.009 18485 18883 D OPENHU  : [80] Companion.decrypt | RECV: AUDIO Media Data type: 0 flags: 11 size: 8202 dataOffset: 2
09-15 13:47:34.053 18485 18883 D OPENHU  : [80] Companion.decrypt | RECV: AUDIO Media Data type: 0 flags: 11 size: 8202 dataOffset: 2
09-15 13:47:34.094 18485 18883 D OPENHU  : [80] Companion.decrypt | RECV: AUDIO Media Data type: 0 flags: 11 size: 8202 dataOffset: 2
09-15 13:47:34.136 18485 18883 D OPENHU  : [80] Companion.decrypt | RECV: AUDIO Media Data type: 0 flags: 11 size: 8202 dataOffset: 2
09-15 13:47:34.178 18485 18883 D OPENHU  : [80] Companion.decrypt | RECV: AUDIO Media Data type: 0 flags: 11 size: 8202 dataOffset: 2
09-15 13:47:34.222 18485 18883 D OPENHU  : [80] Companion.decrypt | RECV: AUDIO Media Data type: 0 flags: 11 size: 8202 dataOffset: 2
09-15 13:47:34.264 18485 18883 D OPENHU  : [80] Companion.decrypt | RECV: AUDIO Media Data type: 0 flags: 11 size: 8202 dataOffset: 2
09-15 13:47:34.305 18485 18883 D OPENHU  : [80] Companion.decrypt | RECV: AUDIO Media Data type: 0 flags: 11 size: 8202 dataOffset: 2
09-15 13:47:34.351 18485 18883 D OPENHU  : [80] Companion.decrypt | RECV: AUDIO Media Data type: 0 flags: 11 size: 8202 dataOffset: 2
09-15 13:47:34.394 18485 18883 D OPENHU  : [80] Companion.decrypt | RECV: AUDIO Media Data type: 0 flags: 11 size: 8202 dataOffset: 2
09-15 13:47:34.395 18485 18485 I OPENHU  : [2] TextureProjectionView.onSurfaceTextureUpdated | TextureProjectionView: displayed 25 frames in 5069ms (4fps), longFrames=0
09-15 13:47:34.433 18485 18883 D OPENHU  : [80] Companion.decrypt | RECV: AUDIO Media Data type: 0 flags: 11 size: 8202 dataOffset: 2
09-15 13:47:34.478 18485 18883 D OPENHU  : [80] Companion.decrypt | RECV: AUDIO Media Data type: 0 flags: 11 size: 8202 dataOffset: 2
09-15 13:47:34.521 18485 18883 D OPENHU  : [80] Companion.decrypt | RECV: AUDIO Media Data type: 0 flags: 11 size: 8202 dataOffset: 2
09-15 13:47:34.563 18485 18883 D OPENHU  : [80] Companion.decrypt | RECV: AUDIO Media Data type: 0 flags: 11 size: 8202 dataOffset: 2
09-15 13:47:34.583 18485 18881 I OPENHU  : [78] VideoDecoder.logFeedPacing | Feed queue full - pacing the transport thread instead of shedding frames (+4 more since the last line)
09-15 13:47:34.606 18485 18883 D OPENHU  : [80] Companion.decrypt | RECV: AUDIO Media Data type: 0 flags: 11 size: 8202 dataOffset: 2
09-15 13:47:34.650 18485 18883 D OPENHU  : [80] Companion.decrypt | RECV: AUDIO Media Data type: 0 flags: 11 size: 8202 dataOffset: 2
09-15 13:47:34.691 18485 18883 D OPENHU  : [80] Companion.decrypt | RECV: AUDIO Media Data type: 0 flags: 11 size: 8202 dataOffset: 2
09-15 13:47:34.734 18485 18883 D OPENHU  : [80] Companion.decrypt | RECV: AUDIO Media Data type: 0 flags: 11 size: 8202 dataOffset: 2
09-15 13:47:34.777 18485 18883 D OPENHU  : [80] Companion.decrypt | RECV: AUDIO Media Data type: 0 flags: 11 size: 8202 dataOffset: 2
09-15 13:47:34.785 18485 18883 D OPENHU  : [80] Companion.decrypt | RECV: CONTROL Ping Request type: 11 flags: 11 size: 12 dataOffset: 2
09-15 13:47:34.786 18485 18883 V OPENHU  : [80] AapTransport.send | CONTROL Ping Response type: 12 flags: 11 size: 14 dataOffset: 6
09-15 13:47:34.820 18485 18883 D OPENHU  : [80] Companion.decrypt | RECV: AUDIO Media Data type: 0 flags: 11 size: 8202 dataOffset: 2
09-15 13:47:34.862 18485 18883 D OPENHU  : [80] Companion.decrypt | RECV: AUDIO Media Data type: 0 flags: 11 size: 8202 dataOffset: 2
09-15 13:47:34.904 18485 18883 D OPENHU  : [80] Companion.decrypt | RECV: AUDIO Media Data type: 0 flags: 11 size: 8202 dataOffset: 2
09-15 13:47:34.914 18485 18883 D OPENHU  : [80] Companion.decrypt | RECV: MUSIC_PLAYBACK Media Playback Status type: 32769 flags: 11 size: 17 dataOffset: 2
09-15 13:47:34.915 18485 18883 D OPENHU  : [80] AapMediaPlayback.processStatusPacket | AapMediaPlayback: status mediaSource='VLC', playbackSeconds(u32)=87, state=PLAYING
09-15 13:47:34.947 18485 18883 D OPENHU  : [80] Companion.decrypt | RECV: AUDIO Media Data type: 0 flags: 11 size: 8202 dataOffset: 2
09-15 13:47:34.991 18485 18883 D OPENHU  : [80] Companion.decrypt | RECV: AUDIO Media Data type: 0 flags: 11 size: 8202 dataOffset: 2
09-15 13:47:35.020 18485 18485 V OPENHU  : [2] GpsLocation.onLocationChanged | GpsLocation: fix received
09-15 13:47:35.028 18485 18485 V OPENHU  : [2] AapTransport.send | SENSOR Sensor Event type: 32771 flags: 11 size: 46 dataOffset: 6
09-15 13:47:35.033 18485 18883 D OPENHU  : [80] Companion.decrypt | RECV: AUDIO Media Data type: 0 flags: 11 size: 8202 dataOffset: 2
09-15 13:47:35.075 18485 18883 D OPENHU  : [80] Companion.decrypt | RECV: AUDIO Media Data type: 0 flags: 11 size: 8202 dataOffset: 2
09-15 13:47:35.118 18485 18883 D OPENHU  : [80] Companion.decrypt | RECV: AUDIO Media Data type: 0 flags: 11 size: 8202 dataOffset: 2
09-15 13:47:35.160 18485 18883 D OPENHU  : [80] Companion.decrypt | RECV: AUDIO Media Data type: 0 flags: 11 size: 8202 dataOffset: 2
09-15 13:47:35.203 18485 18883 D OPENHU  : [80] Companion.decrypt | RECV: AUDIO Media Data type: 0 flags: 11 size: 8202 dataOffset: 2
09-15 13:47:35.248 18485 18883 D OPENHU  : [80] Companion.decrypt | RECV: AUDIO Media Data type: 0 flags: 11 size: 8202 dataOffset: 2
09-15 13:47:35.289 18485 18883 D OPENHU  : [80] Companion.decrypt | RECV: AUDIO Media Data type: 0 flags: 11 size: 8202 dataOffset: 2
09-15 13:47:35.333 18485 18883 D OPENHU  : [80] Companion.decrypt | RECV: AUDIO Media Data type: 0 flags: 11 size: 8202 dataOffset: 2
09-15 13:47:35.374 18485 18883 D OPENHU  : [80] Companion.decrypt | RECV: AUDIO Media Data type: 0 flags: 11 size: 8202 dataOffset: 2
09-15 13:47:35.419 18485 18883 D OPENHU  : [80] Companion.decrypt | RECV: AUDIO Media Data type: 0 flags: 11 size: 8202 dataOffset: 2
09-15 13:47:35.459 18485 18883 D OPENHU  : [80] Companion.decrypt | RECV: AUDIO Media Data type: 0 flags: 11 size: 8202 dataOffset: 2
09-15 13:47:35.504 18485 18883 D OPENHU  : [80] Companion.decrypt | RECV: AUDIO Media Data type: 0 flags: 11 size: 8202 dataOffset: 2
09-15 13:47:35.544 18485 18883 D OPENHU  : [80] Companion.decrypt | RECV: AUDIO Media Data type: 0 flags: 11 size: 8202 dataOffset: 2
09-15 13:47:35.587 18485 18883 D OPENHU  : [80] Companion.decrypt | RECV: AUDIO Media Data type: 0 flags: 11 size: 8202 dataOffset: 2
09-15 13:47:35.597 18485 18881 I OPENHU  : [78] VideoDecoder.logFeedPacing | Feed queue full - pacing the transport thread instead of shedding frames (+4 more since the last line)
09-15 13:47:35.630 18485 18883 D OPENHU  : [80] Companion.decrypt | RECV: AUDIO Media Data type: 0 flags: 11 size: 8202 dataOffset: 2
09-15 13:47:35.672 18485 18883 D OPENHU  : [80] Companion.decrypt | RECV: AUDIO Media Data type: 0 flags: 11 size: 8202 dataOffset: 2
09-15 13:47:35.716 18485 18883 D OPENHU  : [80] Companion.decrypt | RECV: AUDIO Media Data type: 0 flags: 11 size: 8202 dataOffset: 2
09-15 13:47:35.758 18485 18883 D OPENHU  : [80] Companion.decrypt | RECV: AUDIO Media Data type: 0 flags: 11 size: 8202 dataOffset: 2
09-15 13:47:35.785 18485 18883 D OPENHU  : [80] Companion.decrypt | RECV: CONTROL Ping Request type: 11 flags: 11 size: 12 dataOffset: 2
09-15 13:47:35.787 18485 18883 V OPENHU  : [80] AapTransport.send | CONTROL Ping Response type: 12 flags: 11 size: 14 dataOffset: 6
09-15 13:47:35.802 18485 18883 D OPENHU  : [80] Companion.decrypt | RECV: AUDIO Media Data type: 0 flags: 11 size: 8202 dataOffset: 2
09-15 13:47:35.844 18485 18883 D OPENHU  : [80] Companion.decrypt | RECV: AUDIO Media Data type: 0 flags: 11 size: 8202 dataOffset: 2
09-15 13:47:35.887 18485 18883 D OPENHU  : [80] Companion.decrypt | RECV: AUDIO Media Data type: 0 flags: 11 size: 8202 dataOffset: 2
09-15 13:47:35.920 18485 18883 D OPENHU  : [80] Companion.decrypt | RECV: MUSIC_PLAYBACK Media Playback Status type: 32769 flags: 11 size: 17 dataOffset: 2
09-15 13:47:35.922 18485 18883 D OPENHU  : [80] AapMediaPlayback.processStatusPacket | AapMediaPlayback: status mediaSource='VLC', playbackSeconds(u32)=88, state=PLAYING
09-15 13:47:35.931 18485 18883 D OPENHU  : [80] Companion.decrypt | RECV: AUDIO Media Data type: 0 flags: 11 size: 8202 dataOffset: 2
09-15 13:47:35.972 18485 18883 D OPENHU  : [80] Companion.decrypt | RECV: AUDIO Media Data type: 0 flags: 11 size: 8202 dataOffset: 2
09-15 13:47:35.994 18485 18485 V OPENHU  : [2] GpsLocation.onLocationChanged | GpsLocation: fix received
09-15 13:47:36.001 18485 18485 V OPENHU  : [2] AapTransport.send | SENSOR Sensor Event type: 32771 flags: 11 size: 46 dataOffset: 6
09-15 13:47:36.016 18485 18883 D OPENHU  : [80] Companion.decrypt | RECV: AUDIO Media Data type: 0 flags: 11 size: 8202 dataOffset: 2
09-15 13:47:36.055 18485 18883 D OPENHU  : [80] Companion.decrypt | RECV: AUDIO Media Data type: 0 flags: 11 size: 8202 dataOffset: 2
09-15 13:47:36.099 18485 18883 D OPENHU  : [80] Companion.decrypt | RECV: AUDIO Media Data type: 0 flags: 11 size: 8202 dataOffset: 2
09-15 13:47:36.141 18485 18883 D OPENHU  : [80] Companion.decrypt | RECV: AUDIO Media Data type: 0 flags: 11 size: 8202 dataOffset: 2
09-15 13:47:36.187 18485 18883 D OPENHU  : [80] Companion.decrypt | RECV: AUDIO Media Data type: 0 flags: 11 size: 8202 dataOffset: 2
09-15 13:47:36.226 18485 18883 D OPENHU  : [80] Companion.decrypt | RECV: AUDIO Media Data type: 0 flags: 11 size: 8202 dataOffset: 2
09-15 13:47:36.271 18485 18883 D OPENHU  : [80] Companion.decrypt | RECV: AUDIO Media Data type: 0 flags: 11 size: 8202 dataOffset: 2
09-15 13:47:36.311 18485 18883 D OPENHU  : [80] Companion.decrypt | RECV: AUDIO Media Data type: 0 flags: 11 size: 8202 dataOffset: 2
09-15 13:47:36.353 18485 18883 D OPENHU  : [80] Companion.decrypt | RECV: AUDIO Media Data type: 0 flags: 11 size: 8202 dataOffset: 2
09-15 13:47:36.399 18485 18883 D OPENHU  : [80] Companion.decrypt | RECV: AUDIO Media Data type: 0 flags: 11 size: 8202 dataOffset: 2
09-15 13:47:36.439 18485 18883 D OPENHU  : [80] Companion.decrypt | RECV: AUDIO Media Data type: 0 flags: 11 size: 8202 dataOffset: 2
09-15 13:47:36.488 18485 18883 D OPENHU  : [80] Companion.decrypt | RECV: AUDIO Media Data type: 0 flags: 11 size: 8202 dataOffset: 2
09-15 13:47:36.527 18485 18883 D OPENHU  : [80] Companion.decrypt | RECV: AUDIO Media Data type: 0 flags: 11 size: 8202 dataOffset: 2
09-15 13:47:36.568 18485 18883 D OPENHU  : [80] Companion.decrypt | RECV: AUDIO Media Data type: 0 flags: 11 size: 8202 dataOffset: 2
09-15 13:47:36.611 18485 18883 D OPENHU  : [80] Companion.decrypt | RECV: AUDIO Media Data type: 0 flags: 11 size: 8202 dataOffset: 2
09-15 13:47:36.615 18485 18881 I OPENHU  : [78] VideoDecoder.logFeedPacing | Feed queue full - pacing the transport thread instead of shedding frames (+4 more since the last line)
09-15 13:47:36.621 18485 18907 I OPENHU  : [89] VideoDecoder.logThroughput | Throughput over 5007ms: rendered=24 (4fps), fed=25 (4fps), dropped=0, skipped=0, concealed=0, inputWait=5ms, enqueueWait=5051ms, codec=c2.unisoc.avc.decoder, presented=24 (4fps), decodeLatency=unreadable (24 frames)
09-15 13:47:36.654 18485 18883 D OPENHU  : [80] Companion.decrypt | RECV: AUDIO Media Data type: 0 flags: 11 size: 8202 dataOffset: 2
09-15 13:47:36.696 18485 18883 D OPENHU  : [80] Companion.decrypt | RECV: AUDIO Media Data type: 0 flags: 11 size: 8202 dataOffset: 2
09-15 13:47:36.739 18485 18883 D OPENHU  : [80] Companion.decrypt | RECV: AUDIO Media Data type: 0 flags: 11 size: 8202 dataOffset: 2
09-15 13:47:36.784 18485 18883 D OPENHU  : [80] Companion.decrypt | RECV: AUDIO Media Data type: 0 flags: 11 size: 8202 dataOffset: 2
09-15 13:47:36.787 18485 18883 D OPENHU  : [80] Companion.decrypt | RECV: CONTROL Ping Request type: 11 flags: 11 size: 12 dataOffset: 2
09-15 13:47:36.788 18485 18883 V OPENHU  : [80] AapTransport.send | CONTROL Ping Response type: 12 flags: 11 size: 14 dataOffset: 6
09-15 13:47:36.823 18485 18883 D OPENHU  : [80] Companion.decrypt | RECV: AUDIO Media Data type: 0 flags: 11 size: 8202 dataOffset: 2
09-15 13:47:36.867 18485 18883 D OPENHU  : [80] Companion.decrypt | RECV: AUDIO Media Data type: 0 flags: 11 size: 8202 dataOffset: 2
09-15 13:47:36.909 18485 18883 D OPENHU  : [80] Companion.decrypt | RECV: AUDIO Media Data type: 0 flags: 11 size: 8202 dataOffset: 2
09-15 13:47:36.921 18485 18883 D OPENHU  : [80] Companion.decrypt | RECV: MUSIC_PLAYBACK Media Playback Status type: 32769 flags: 11 size: 17 dataOffset: 2
09-15 13:47:36.922 18485 18883 D OPENHU  : [80] AapMediaPlayback.processStatusPacket | AapMediaPlayback: status mediaSource='VLC', playbackSeconds(u32)=89, state=PLAYING
09-15 13:47:36.952 18485 18883 D OPENHU  : [80] Companion.decrypt | RECV: AUDIO Media Data type: 0 flags: 11 size: 8202 dataOffset: 2
09-15 13:47:36.995 18485 18883 D OPENHU  : [80] Companion.decrypt | RECV: AUDIO Media Data type: 0 flags: 11 size: 8202 dataOffset: 2
09-15 13:47:37.023 18485 18485 V OPENHU  : [2] GpsLocation.onLocationChanged | GpsLocation: fix received
09-15 13:47:37.031 18485 18485 V OPENHU  : [2] AapTransport.send | SENSOR Sensor Event type: 32771 flags: 11 size: 46 dataOffset: 6
09-15 13:47:37.037 18485 18883 D OPENHU  : [80] Companion.decrypt | RECV: AUDIO Media Data type: 0 flags: 11 size: 8202 dataOffset: 2
09-15 13:47:37.080 18485 18883 D OPENHU  : [80] Companion.decrypt | RECV: AUDIO Media Data type: 0 flags: 11 size: 8202 dataOffset: 2
09-15 13:47:37.123 18485 18883 D OPENHU  : [80] Companion.decrypt | RECV: AUDIO Media Data type: 0 flags: 11 size: 8202 dataOffset: 2
09-15 13:47:37.169 18485 18883 D OPENHU  : [80] Companion.decrypt | RECV: AUDIO Media Data type: 0 flags: 11 size: 8202 dataOffset: 2
09-15 13:47:37.210 18485 18883 D OPENHU  : [80] Companion.decrypt | RECV: AUDIO Media Data type: 0 flags: 11 size: 8202 dataOffset: 2
09-15 13:47:37.250 18485 18883 D OPENHU  : [80] Companion.decrypt | RECV: AUDIO Media Data type: 0 flags: 11 size: 8202 dataOffset: 2
09-15 13:47:37.296 18485 18883 D OPENHU  : [80] Companion.decrypt | RECV: AUDIO Media Data type: 0 flags: 11 size: 8202 dataOffset: 2
09-15 13:47:37.338 18485 18883 D OPENHU  : [80] Companion.decrypt | RECV: AUDIO Media Data type: 0 flags: 11 size: 8202 dataOffset: 2
09-15 13:47:37.379 18485 18883 D OPENHU  : [80] Companion.decrypt | RECV: AUDIO Media Data type: 0 flags: 11 size: 8202 dataOffset: 2
09-15 13:47:37.421 18485 18883 D OPENHU  : [80] Companion.decrypt | RECV: AUDIO Media Data type: 0 flags: 11 size: 8202 dataOffset: 2
09-15 13:47:37.464 18485 18883 D OPENHU  : [80] Companion.decrypt | RECV: AUDIO Media Data type: 0 flags: 11 size: 8202 dataOffset: 2
09-15 13:47:37.506 18485 18883 D OPENHU  : [80] Companion.decrypt | RECV: AUDIO Media Data type: 0 flags: 11 size: 8202 dataOffset: 2
09-15 13:47:37.549 18485 18883 D OPENHU  : [80] Companion.decrypt | RECV: AUDIO Media Data type: 0 flags: 11 size: 8202 dataOffset: 2
09-15 13:47:37.592 18485 18883 D OPENHU  : [80] Companion.decrypt | RECV: AUDIO Media Data type: 0 flags: 11 size: 8202 dataOffset: 2
09-15 13:47:37.627 18485 18881 I OPENHU  : [78] VideoDecoder.logFeedPacing | Feed queue full - pacing the transport thread instead of shedding frames (+4 more since the last line)
09-15 13:47:37.635 18485 18883 D OPENHU  : [80] Companion.decrypt | RECV: AUDIO Media Data type: 0 flags: 11 size: 8202 dataOffset: 2
09-15 13:47:37.678 18485 18883 D OPENHU  : [80] Companion.decrypt | RECV: AUDIO Media Data type: 0 flags: 11 size: 8202 dataOffset: 2
09-15 13:47:37.720 18485 18883 D OPENHU  : [80] Companion.decrypt | RECV: AUDIO Media Data type: 0 flags: 11 size: 8202 dataOffset: 2
09-15 13:47:37.763 18485 18883 D OPENHU  : [80] Companion.decrypt | RECV: AUDIO Media Data type: 0 flags: 11 size: 8202 dataOffset: 2
09-15 13:47:37.787 18485 18883 D OPENHU  : [80] Companion.decrypt | RECV: CONTROL Ping Request type: 11 flags: 11 size: 12 dataOffset: 2
09-15 13:47:37.788 18485 18883 V OPENHU  : [80] AapTransport.send | CONTROL Ping Response type: 12 flags: 11 size: 14 dataOffset: 6
09-15 13:47:37.805 18485 18883 D OPENHU  : [80] Companion.decrypt | RECV: AUDIO Media Data type: 0 flags: 11 size: 8202 dataOffset: 2
09-15 13:47:37.850 18485 18883 D OPENHU  : [80] Companion.decrypt | RECV: AUDIO Media Data type: 0 flags: 11 size: 8202 dataOffset: 2
09-15 13:47:37.892 18485 18883 D OPENHU  : [80] Companion.decrypt | RECV: AUDIO Media Data type: 0 flags: 11 size: 8202 dataOffset: 2
09-15 13:47:37.920 18485 18883 D OPENHU  : [80] Companion.decrypt | RECV: MUSIC_PLAYBACK Media Playback Status type: 32769 flags: 11 size: 17 dataOffset: 2
09-15 13:47:37.921 18485 18883 D OPENHU  : [80] AapMediaPlayback.processStatusPacket | AapMediaPlayback: status mediaSource='VLC', playbackSeconds(u32)=90, state=PLAYING
09-15 13:47:37.933 18485 18883 D OPENHU  : [80] Companion.decrypt | RECV: AUDIO Media Data type: 0 flags: 11 size: 8202 dataOffset: 2
09-15 13:47:37.975 18485 18883 D OPENHU  : [80] Companion.decrypt | RECV: AUDIO Media Data type: 0 flags: 11 size: 8202 dataOffset: 2
09-15 13:47:37.996 18485 18485 V OPENHU  : [2] GpsLocation.onLocationChanged | GpsLocation: fix received
09-15 13:47:38.003 18485 18485 V OPENHU  : [2] AapTransport.send | SENSOR Sensor Event type: 32771 flags: 11 size: 46 dataOffset: 6
09-15 13:47:38.018 18485 18883 D OPENHU  : [80] Companion.decrypt | RECV: AUDIO Media Data type: 0 flags: 11 size: 8202 dataOffset: 2
09-15 13:47:38.060 18485 18883 D OPENHU  : [80] Companion.decrypt | RECV: AUDIO Media Data type: 0 flags: 11 size: 8202 dataOffset: 2
09-15 13:47:38.104 18485 18883 D OPENHU  : [80] Companion.decrypt | RECV: AUDIO Media Data type: 0 flags: 11 size: 8202 dataOffset: 2
09-15 13:47:38.147 18485 18883 D OPENHU  : [80] Companion.decrypt | RECV: AUDIO Media Data type: 0 flags: 11 size: 8202 dataOffset: 2
09-15 13:47:38.191 18485 18883 D OPENHU  : [80] Companion.decrypt | RECV: AUDIO Media Data type: 0 flags: 11 size: 8202 dataOffset: 2
09-15 13:47:38.235 18485 18883 D OPENHU  : [80] Companion.decrypt | RECV: AUDIO Media Data type: 0 flags: 11 size: 8202 dataOffset: 2
09-15 13:47:38.275 18485 18883 D OPENHU  : [80] Companion.decrypt | RECV: AUDIO Media Data type: 0 flags: 11 size: 8202 dataOffset: 2
09-15 13:47:38.317 18485 18883 D OPENHU  : [80] Companion.decrypt | RECV: AUDIO Media Data type: 0 flags: 11 size: 8202 dataOffset: 2
09-15 13:47:38.359 18485 18883 D OPENHU  : [80] Companion.decrypt | RECV: AUDIO Media Data type: 0 flags: 11 size: 8202 dataOffset: 2
09-15 13:47:38.402 18485 18883 D OPENHU  : [80] Companion.decrypt | RECV: AUDIO Media Data type: 0 flags: 11 size: 8202 dataOffset: 2
09-15 13:47:38.445 18485 18883 D OPENHU  : [80] Companion.decrypt | RECV: AUDIO Media Data type: 0 flags: 11 size: 8202 dataOffset: 2
09-15 13:47:38.490 18485 18883 D OPENHU  : [80] Companion.decrypt | RECV: AUDIO Media Data type: 0 flags: 11 size: 8202 dataOffset: 2
09-15 13:47:38.530 18485 18883 D OPENHU  : [80] Companion.decrypt | RECV: AUDIO Media Data type: 0 flags: 11 size: 8202 dataOffset: 2
09-15 13:47:38.575 18485 18883 D OPENHU  : [80] Companion.decrypt | RECV: AUDIO Media Data type: 0 flags: 11 size: 8202 dataOffset: 2
09-15 13:47:38.617 18485 18883 D OPENHU  : [80] Companion.decrypt | RECV: AUDIO Media Data type: 0 flags: 11 size: 8202 dataOffset: 2
09-15 13:47:38.642 18485 18881 I OPENHU  : [78] VideoDecoder.logFeedPacing | Feed queue full - pacing the transport thread instead of shedding frames (+4 more since the last line)
09-15 13:47:38.658 18485 18883 D OPENHU  : [80] Companion.decrypt | RECV: AUDIO Media Data type: 0 flags: 11 size: 8202 dataOffset: 2
09-15 13:47:38.702 18485 18883 D OPENHU  : [80] Companion.decrypt | RECV: AUDIO Media Data type: 0 flags: 11 size: 8202 dataOffset: 2
09-15 13:47:38.743 18485 18883 D OPENHU  : [80] Companion.decrypt | RECV: AUDIO Media Data type: 0 flags: 11 size: 8202 dataOffset: 2
09-15 13:47:38.785 18485 18883 D OPENHU  : [80] Companion.decrypt | RECV: AUDIO Media Data type: 0 flags: 11 size: 8202 dataOffset: 2
09-15 13:47:38.789 18485 18883 D OPENHU  : [80] Companion.decrypt | RECV: CONTROL Ping Request type: 11 flags: 11 size: 12 dataOffset: 2
09-15 13:47:38.789 18485 18883 V OPENHU  : [80] AapTransport.send | CONTROL Ping Response type: 12 flags: 11 size: 14 dataOffset: 6
09-15 13:47:38.828 18485 18883 D OPENHU  : [80] Companion.decrypt | RECV: AUDIO Media Data type: 0 flags: 11 size: 8202 dataOffset: 2
09-15 13:47:38.872 18485 18883 D OPENHU  : [80] Companion.decrypt | RECV: AUDIO Media Data type: 0 flags: 11 size: 8202 dataOffset: 2
09-15 13:47:38.914 18485 18883 D OPENHU  : [80] Companion.decrypt | RECV: AUDIO Media Data type: 0 flags: 11 size: 8202 dataOffset: 2
09-15 13:47:38.928 18485 18883 D OPENHU  : [80] Companion.decrypt | RECV: MUSIC_PLAYBACK Media Playback Status type: 32769 flags: 11 size: 17 dataOffset: 2
09-15 13:47:38.930 18485 18883 D OPENHU  : [80] AapMediaPlayback.processStatusPacket | AapMediaPlayback: status mediaSource='VLC', playbackSeconds(u32)=91, state=PLAYING
09-15 13:47:38.956 18485 18883 D OPENHU  : [80] Companion.decrypt | RECV: AUDIO Media Data type: 0 flags: 11 size: 8202 dataOffset: 2
09-15 13:47:39.000 18485 18883 D OPENHU  : [80] Companion.decrypt | RECV: AUDIO Media Data type: 0 flags: 11 size: 8202 dataOffset: 2
09-15 13:47:39.021 18485 18485 V OPENHU  : [2] GpsLocation.onLocationChanged | GpsLocation: fix received
09-15 13:47:39.027 18485 18485 V OPENHU  : [2] AapTransport.send | SENSOR Sensor Event type: 32771 flags: 11 size: 46 dataOffset: 6
09-15 13:47:39.042 18485 18883 D OPENHU  : [80] Companion.decrypt | RECV: AUDIO Media Data type: 0 flags: 11 size: 8202 dataOffset: 2
09-15 13:47:39.085 18485 18883 D OPENHU  : [80] Companion.decrypt | RECV: AUDIO Media Data type: 0 flags: 11 size: 8202 dataOffset: 2
09-15 13:47:39.128 18485 18883 D OPENHU  : [80] Companion.decrypt | RECV: AUDIO Media Data type: 0 flags: 11 size: 8202 dataOffset: 2
09-15 13:47:39.172 18485 18883 D OPENHU  : [80] Companion.decrypt | RECV: AUDIO Media Data type: 0 flags: 11 size: 8202 dataOffset: 2
09-15 13:47:39.215 18485 18883 D OPENHU  : [80] Companion.decrypt | RECV: AUDIO Media Data type: 0 flags: 11 size: 8202 dataOffset: 2
09-15 13:47:39.256 18485 18883 D OPENHU  : [80] Companion.decrypt | RECV: AUDIO Media Data type: 0 flags: 11 size: 8202 dataOffset: 2
09-15 13:47:39.299 18485 18883 D OPENHU  : [80] Companion.decrypt | RECV: AUDIO Media Data type: 0 flags: 11 size: 8202 dataOffset: 2
09-15 13:47:39.341 18485 18883 D OPENHU  : [80] Companion.decrypt | RECV: AUDIO Media Data type: 0 flags: 11 size: 8202 dataOffset: 2
09-15 13:47:39.383 18485 18883 D OPENHU  : [80] Companion.decrypt | RECV: AUDIO Media Data type: 0 flags: 11 size: 8202 dataOffset: 2
09-15 13:47:39.426 18485 18883 D OPENHU  : [80] Companion.decrypt | RECV: AUDIO Media Data type: 0 flags: 11 size: 8202 dataOffset: 2
09-15 13:47:39.469 18485 18883 D OPENHU  : [80] Companion.decrypt | RECV: AUDIO Media Data type: 0 flags: 11 size: 8202 dataOffset: 2
09-15 13:47:39.486 18485 18485 I OPENHU  : [2] TextureProjectionView.onSurfaceTextureUpdated | TextureProjectionView: displayed 25 frames in 5090ms (4fps), longFrames=0
09-15 13:47:39.515 18485 18883 D OPENHU  : [80] Companion.decrypt | RECV: AUDIO Media Data type: 0 flags: 11 size: 8202 dataOffset: 2
09-15 13:47:39.553 18485 18883 D OPENHU  : [80] Companion.decrypt | RECV: AUDIO Media Data type: 0 flags: 11 size: 8202 dataOffset: 2
09-15 13:47:39.597 18485 18883 D OPENHU  : [80] Companion.decrypt | RECV: AUDIO Media Data type: 0 flags: 11 size: 8202 dataOffset: 2
09-15 13:47:39.640 18485 18883 D OPENHU  : [80] Companion.decrypt | RECV: AUDIO Media Data type: 0 flags: 11 size: 8202 dataOffset: 2
09-15 13:47:39.658 18485 18881 I OPENHU  : [78] VideoDecoder.logFeedPacing | Feed queue full - pacing the transport thread instead of shedding frames (+4 more since the last line)
09-15 13:47:39.684 18485 18883 D OPENHU  : [80] Companion.decrypt | RECV: AUDIO Media Data type: 0 flags: 11 size: 8202 dataOffset: 2
09-15 13:47:39.725 18485 18883 D OPENHU  : [80] Companion.decrypt | RECV: AUDIO Media Data type: 0 flags: 11 size: 8202 dataOffset: 2
09-15 13:47:39.769 18485 18883 D OPENHU  : [80] Companion.decrypt | RECV: AUDIO Media Data type: 0 flags: 11 size: 8202 dataOffset: 2
09-15 13:47:39.790 18485 18883 D OPENHU  : [80] Companion.decrypt | RECV: CONTROL Ping Request type: 11 flags: 11 size: 12 dataOffset: 2
09-15 13:47:39.791 18485 18883 V OPENHU  : [80] AapTransport.send | CONTROL Ping Response type: 12 flags: 11 size: 14 dataOffset: 6
09-15 13:47:39.816 18485 18883 D OPENHU  : [80] Companion.decrypt | RECV: AUDIO Media Data type: 0 flags: 11 size: 8202 dataOffset: 2
09-15 13:47:39.854 18485 18883 D OPENHU  : [80] Companion.decrypt | RECV: AUDIO Media Data type: 0 flags: 11 size: 8202 dataOffset: 2
09-15 13:47:39.898 18485 18883 D OPENHU  : [80] Companion.decrypt | RECV: AUDIO Media Data type: 0 flags: 11 size: 8202 dataOffset: 2
09-15 13:47:39.928 18485 18883 D OPENHU  : [80] Companion.decrypt | RECV: MUSIC_PLAYBACK Media Playback Status type: 32769 flags: 11 size: 17 dataOffset: 2
09-15 13:47:39.929 18485 18883 D OPENHU  : [80] AapMediaPlayback.processStatusPacket | AapMediaPlayback: status mediaSource='VLC', playbackSeconds(u32)=92, state=PLAYING
09-15 13:47:39.937 18485 18883 D OPENHU  : [80] Companion.decrypt | RECV: AUDIO Media Data type: 0 flags: 11 size: 8202 dataOffset: 2
09-15 13:47:39.981 18485 18883 D OPENHU  : [80] Companion.decrypt | RECV: AUDIO Media Data type: 0 flags: 11 size: 8202 dataOffset: 2
09-15 13:47:39.993 18485 18485 V OPENHU  : [2] GpsLocation.onLocationChanged | GpsLocation: fix received
09-15 13:47:40.001 18485 18485 V OPENHU  : [2] AapTransport.send | SENSOR Sensor Event type: 32771 flags: 11 size: 46 dataOffset: 6
09-15 13:47:40.024 18485 18883 D OPENHU  : [80] Companion.decrypt | RECV: AUDIO Media Data type: 0 flags: 11 size: 8202 dataOffset: 2
09-15 13:47:40.068 18485 18883 D OPENHU  : [80] Companion.decrypt | RECV: AUDIO Media Data type: 0 flags: 11 size: 8202 dataOffset: 2
09-15 13:47:40.109 18485 18883 D OPENHU  : [80] Companion.decrypt | RECV: AUDIO Media Data type: 0 flags: 11 size: 8202 dataOffset: 2
09-15 13:47:40.152 18485 18883 D OPENHU  : [80] Companion.decrypt | RECV: AUDIO Media Data type: 0 flags: 11 size: 8202 dataOffset: 2
09-15 13:47:40.195 18485 18883 D OPENHU  : [80] Companion.decrypt | RECV: AUDIO Media Data type: 0 flags: 11 size: 8202 dataOffset: 2
09-15 13:47:40.236 18485 18883 D OPENHU  : [80] Companion.decrypt | RECV: AUDIO Media Data type: 0 flags: 11 size: 8202 dataOffset: 2
09-15 13:47:40.281 18485 18883 D OPENHU  : [80] Companion.decrypt | RECV: AUDIO Media Data type: 0 flags: 11 size: 8202 dataOffset: 2
09-15 13:47:40.322 18485 18883 D OPENHU  : [80] Companion.decrypt | RECV: AUDIO Media Data type: 0 flags: 11 size: 8202 dataOffset: 2
09-15 13:47:40.368 18485 18883 D OPENHU  : [80] Companion.decrypt | RECV: AUDIO Media Data type: 0 flags: 11 size: 8202 dataOffset: 2
09-15 13:47:40.407 18485 18883 D OPENHU  : [80] Companion.decrypt | RECV: AUDIO Media Data type: 0 flags: 11 size: 8202 dataOffset: 2
09-15 13:47:40.450 18485 18883 D OPENHU  : [80] Companion.decrypt | RECV: AUDIO Media Data type: 0 flags: 11 size: 8202 dataOffset: 2
09-15 13:47:40.494 18485 18883 D OPENHU  : [80] Companion.decrypt | RECV: AUDIO Media Data type: 0 flags: 11 size: 8202 dataOffset: 2
09-15 13:47:40.536 18485 18883 D OPENHU  : [80] Companion.decrypt | RECV: AUDIO Media Data type: 0 flags: 11 size: 8202 dataOffset: 2
09-15 13:47:40.580 18485 18883 D OPENHU  : [80] Companion.decrypt | RECV: AUDIO Media Data type: 0 flags: 11 size: 8202 dataOffset: 2
09-15 13:47:40.623 18485 18883 D OPENHU  : [80] Companion.decrypt | RECV: AUDIO Media Data type: 0 flags: 11 size: 8202 dataOffset: 2
09-15 13:47:40.665 18485 18883 D OPENHU  : [80] Companion.decrypt | RECV: AUDIO Media Data type: 0 flags: 11 size: 8202 dataOffset: 2
09-15 13:47:40.671 18485 18881 I OPENHU  : [78] VideoDecoder.logFeedPacing | Feed queue full - pacing the transport thread instead of shedding frames (+4 more since the last line)
09-15 13:47:40.707 18485 18883 D OPENHU  : [80] Companion.decrypt | RECV: AUDIO Media Data type: 0 flags: 11 size: 8202 dataOffset: 2
09-15 13:47:40.752 18485 18883 D OPENHU  : [80] Companion.decrypt | RECV: AUDIO Media Data type: 0 flags: 11 size: 8202 dataOffset: 2
09-15 13:47:40.791 18485 18883 D OPENHU  : [80] Companion.decrypt | RECV: CONTROL Ping Request type: 11 flags: 11 size: 12 dataOffset: 2
09-15 13:47:40.792 18485 18883 V OPENHU  : [80] AapTransport.send | CONTROL Ping Response type: 12 flags: 11 size: 14 dataOffset: 6
09-15 13:47:40.795 18485 18883 D OPENHU  : [80] Companion.decrypt | RECV: AUDIO Media Data type: 0 flags: 11 size: 8202 dataOffset: 2
09-15 13:47:40.834 18485 18883 D OPENHU  : [80] Companion.decrypt | RECV: AUDIO Media Data type: 0 flags: 11 size: 8202 dataOffset: 2
09-15 13:47:40.878 18485 18883 D OPENHU  : [80] Companion.decrypt | RECV: AUDIO Media Data type: 0 flags: 11 size: 8202 dataOffset: 2
09-15 13:47:40.918 18485 18883 D OPENHU  : [80] Companion.decrypt | RECV: AUDIO Media Data type: 0 flags: 11 size: 8202 dataOffset: 2
09-15 13:47:40.928 18485 18883 D OPENHU  : [80] Companion.decrypt | RECV: MUSIC_PLAYBACK Media Playback Status type: 32769 flags: 11 size: 17 dataOffset: 2
09-15 13:47:40.929 18485 18883 D OPENHU  : [80] AapMediaPlayback.processStatusPacket | AapMediaPlayback: status mediaSource='VLC', playbackSeconds(u32)=93, state=PLAYING
09-15 13:47:40.962 18485 18883 D OPENHU  : [80] Companion.decrypt | RECV: AUDIO Media Data type: 0 flags: 11 size: 8202 dataOffset: 2
09-15 13:47:41.007 18485 18883 D OPENHU  : [80] Companion.decrypt | RECV: AUDIO Media Data type: 0 flags: 11 size: 8202 dataOffset: 2
09-15 13:47:41.021 18485 18485 V OPENHU  : [2] GpsLocation.onLocationChanged | GpsLocation: fix received
09-15 13:47:41.027 18485 18485 V OPENHU  : [2] AapTransport.send | SENSOR Sensor Event type: 32771 flags: 11 size: 46 dataOffset: 6
09-15 13:47:41.051 18485 18883 D OPENHU  : [80] Companion.decrypt | RECV: AUDIO Media Data type: 0 flags: 11 size: 8202 dataOffset: 2
09-15 13:47:41.090 18485 18883 D OPENHU  : [80] Companion.decrypt | RECV: AUDIO Media Data type: 0 flags: 11 size: 8202 dataOffset: 2
09-15 13:47:41.136 18485 18883 D OPENHU  : [80] Companion.decrypt | RECV: AUDIO Media Data type: 0 flags: 11 size: 8202 dataOffset: 2
09-15 13:47:41.176 18485 18883 D OPENHU  : [80] Companion.decrypt | RECV: AUDIO Media Data type: 0 flags: 11 size: 8202 dataOffset: 2
09-15 13:47:41.218 18485 18883 D OPENHU  : [80] Companion.decrypt | RECV: AUDIO Media Data type: 0 flags: 11 size: 8202 dataOffset: 2
09-15 13:47:41.262 18485 18883 D OPENHU  : [80] Companion.decrypt | RECV: AUDIO Media Data type: 0 flags: 11 size: 8202 dataOffset: 2
09-15 13:47:41.304 18485 18883 D OPENHU  : [80] Companion.decrypt | RECV: AUDIO Media Data type: 0 flags: 11 size: 8202 dataOffset: 2
09-15 13:47:41.348 18485 18883 D OPENHU  : [80] Companion.decrypt | RECV: AUDIO Media Data type: 0 flags: 11 size: 8202 dataOffset: 2
09-15 13:47:41.389 18485 18883 D OPENHU  : [80] Companion.decrypt | RECV: AUDIO Media Data type: 0 flags: 11 size: 8202 dataOffset: 2
09-15 13:47:41.432 18485 18883 D OPENHU  : [80] Companion.decrypt | RECV: AUDIO Media Data type: 0 flags: 11 size: 8202 dataOffset: 2
09-15 13:47:41.474 18485 18883 D OPENHU  : [80] Companion.decrypt | RECV: AUDIO Media Data type: 0 flags: 11 size: 8202 dataOffset: 2
09-15 13:47:41.520 18485 18883 D OPENHU  : [80] Companion.decrypt | RECV: AUDIO Media Data type: 0 flags: 11 size: 8202 dataOffset: 2
09-15 13:47:41.561 18485 18883 D OPENHU  : [80] Companion.decrypt | RECV: AUDIO Media Data type: 0 flags: 11 size: 8202 dataOffset: 2
09-15 13:47:41.603 18485 18883 D OPENHU  : [80] Companion.decrypt | RECV: AUDIO Media Data type: 0 flags: 11 size: 8202 dataOffset: 2
09-15 13:47:41.622 18485 18907 I OPENHU  : [89] VideoDecoder.logThroughput | Throughput over 5001ms: rendered=25 (4fps), fed=24 (4fps), dropped=0, skipped=0, concealed=0, inputWait=10ms, enqueueWait=4843ms, codec=c2.unisoc.avc.decoder, presented=25 (4fps), decodeLatency=unreadable (25 frames)
09-15 13:47:41.647 18485 18883 D OPENHU  : [80] Companion.decrypt | RECV: AUDIO Media Data type: 0 flags: 11 size: 8202 dataOffset: 2
09-15 13:47:41.687 18485 18881 I OPENHU  : [78] VideoDecoder.logFeedPacing | Feed queue full - pacing the transport thread instead of shedding frames (+4 more since the last line)
09-15 13:47:41.689 18485 18883 D OPENHU  : [80] Companion.decrypt | RECV: AUDIO Media Data type: 0 flags: 11 size: 8202 dataOffset: 2
09-15 13:47:41.733 18485 18883 D OPENHU  : [80] Companion.decrypt | RECV: AUDIO Media Data type: 0 flags: 11 size: 8202 dataOffset: 2
09-15 13:47:41.774 18485 18883 D OPENHU  : [80] Companion.decrypt | RECV: AUDIO Media Data type: 0 flags: 11 size: 8202 dataOffset: 2
09-15 13:47:41.792 18485 18883 D OPENHU  : [80] Companion.decrypt | RECV: CONTROL Ping Request type: 11 flags: 11 size: 12 dataOffset: 2
09-15 13:47:41.793 18485 18883 V OPENHU  : [80] AapTransport.send | CONTROL Ping Response type: 12 flags: 11 size: 14 dataOffset: 6
09-15 13:47:41.817 18485 18883 D OPENHU  : [80] Companion.decrypt | RECV: AUDIO Media Data type: 0 flags: 11 size: 8202 dataOffset: 2
09-15 13:47:41.860 18485 18883 D OPENHU  : [80] Companion.decrypt | RECV: AUDIO Media Data type: 0 flags: 11 size: 8202 dataOffset: 2
09-15 13:47:41.903 18485 18883 D OPENHU  : [80] Companion.decrypt | RECV: AUDIO Media Data type: 0 flags: 11 size: 8202 dataOffset: 2
09-15 13:47:41.933 18485 18883 D OPENHU  : [80] Companion.decrypt | RECV: MUSIC_PLAYBACK Media Playback Status type: 32769 flags: 11 size: 17 dataOffset: 2
09-15 13:47:41.935 18485 18883 D OPENHU  : [80] AapMediaPlayback.processStatusPacket | AapMediaPlayback: status mediaSource='VLC', playbackSeconds(u32)=94, state=PLAYING
09-15 13:47:41.945 18485 18883 D OPENHU  : [80] Companion.decrypt | RECV: AUDIO Media Data type: 0 flags: 11 size: 8202 dataOffset: 2
09-15 13:47:41.988 18485 18883 D OPENHU  : [80] Companion.decrypt | RECV: AUDIO Media Data type: 0 flags: 11 size: 8202 dataOffset: 2
09-15 13:47:41.994 18485 18485 V OPENHU  : [2] GpsLocation.onLocationChanged | GpsLocation: fix received
09-15 13:47:42.002 18485 18485 V OPENHU  : [2] AapTransport.send | SENSOR Sensor Event type: 32771 flags: 11 size: 46 dataOffset: 6
09-15 13:47:42.031 18485 18883 D OPENHU  : [80] Companion.decrypt | RECV: AUDIO Media Data type: 0 flags: 11 size: 8202 dataOffset: 2
09-15 13:47:42.072 18485 18883 D OPENHU  : [80] Companion.decrypt | RECV: AUDIO Media Data type: 0 flags: 11 size: 8202 dataOffset: 2
09-15 13:47:42.114 18485 18883 D OPENHU  : [80] Companion.decrypt | RECV: AUDIO Media Data type: 0 flags: 11 size: 8202 dataOffset: 2
09-15 13:47:42.157 18485 18883 D OPENHU  : [80] Companion.decrypt | RECV: AUDIO Media Data type: 0 flags: 11 size: 8202 dataOffset: 2
09-15 13:47:42.199 18485 18883 D OPENHU  : [80] Companion.decrypt | RECV: AUDIO Media Data type: 0 flags: 11 size: 8202 dataOffset: 2
09-15 13:47:42.243 18485 18883 D OPENHU  : [80] Companion.decrypt | RECV: AUDIO Media Data type: 0 flags: 11 size: 8202 dataOffset: 2
09-15 13:47:42.287 18485 18883 D OPENHU  : [80] Companion.decrypt | RECV: AUDIO Media Data type: 0 flags: 11 size: 8202 dataOffset: 2
09-15 13:47:42.330 18485 18883 D OPENHU  : [80] Companion.decrypt | RECV: AUDIO Media Data type: 0 flags: 11 size: 8202 dataOffset: 2
09-15 13:47:42.372 18485 18883 D OPENHU  : [80] Companion.decrypt | RECV: AUDIO Media Data type: 0 flags: 11 size: 8202 dataOffset: 2
09-15 13:47:42.416 18485 18883 D OPENHU  : [80] Companion.decrypt | RECV: AUDIO Media Data type: 0 flags: 11 size: 8202 dataOffset: 2
09-15 13:47:42.458 18485 18883 D OPENHU  : [80] Companion.decrypt | RECV: AUDIO Media Data type: 0 flags: 11 size: 8202 dataOffset: 2
09-15 13:47:42.505 18485 18883 D OPENHU  : [80] Companion.decrypt | RECV: AUDIO Media Data type: 0 flags: 11 size: 8202 dataOffset: 2
09-15 13:47:42.542 18485 18883 D OPENHU  : [80] Companion.decrypt | RECV: AUDIO Media Data type: 0 flags: 11 size: 8202 dataOffset: 2
09-15 13:47:42.583 18485 18883 D OPENHU  : [80] Companion.decrypt | RECV: AUDIO Media Data type: 0 flags: 11 size: 8202 dataOffset: 2
09-15 13:47:42.626 18485 18883 D OPENHU  : [80] Companion.decrypt | RECV: AUDIO Media Data type: 0 flags: 11 size: 8202 dataOffset: 2
09-15 13:47:42.669 18485 18883 D OPENHU  : [80] Companion.decrypt | RECV: AUDIO Media Data type: 0 flags: 11 size: 8202 dataOffset: 2
09-15 13:47:42.701 18485 18881 I OPENHU  : [78] VideoDecoder.logFeedPacing | Feed queue full - pacing the transport thread instead of shedding frames (+4 more since the last line)
09-15 13:47:42.713 18485 18883 D OPENHU  : [80] Companion.decrypt | RECV: AUDIO Media Data type: 0 flags: 11 size: 8202 dataOffset: 2
09-15 13:47:42.755 18485 18883 D OPENHU  : [80] Companion.decrypt | RECV: AUDIO Media Data type: 0 flags: 11 size: 8202 dataOffset: 2
09-15 13:47:42.793 18485 18883 D OPENHU  : [80] Companion.decrypt | RECV: CONTROL Ping Request type: 11 flags: 11 size: 12 dataOffset: 2
09-15 13:47:42.794 18485 18883 V OPENHU  : [80] AapTransport.send | CONTROL Ping Response type: 12 flags: 11 size: 14 dataOffset: 6
09-15 13:47:42.800 18485 18883 D OPENHU  : [80] Companion.decrypt | RECV: AUDIO Media Data type: 0 flags: 11 size: 8202 dataOffset: 2
09-15 13:47:42.842 18485 18883 D OPENHU  : [80] Companion.decrypt | RECV: AUDIO Media Data type: 0 flags: 11 size: 8202 dataOffset: 2
09-15 13:47:42.882 18485 18883 D OPENHU  : [80] Companion.decrypt | RECV: AUDIO Media Data type: 0 flags: 11 size: 8202 dataOffset: 2
09-15 13:47:42.927 18485 18883 D OPENHU  : [80] Companion.decrypt | RECV: AUDIO Media Data type: 0 flags: 11 size: 8202 dataOffset: 2
09-15 13:47:42.935 18485 18883 D OPENHU  : [80] Companion.decrypt | RECV: MUSIC_PLAYBACK Media Playback Status type: 32769 flags: 11 size: 17 dataOffset: 2
09-15 13:47:42.936 18485 18883 D OPENHU  : [80] AapMediaPlayback.processStatusPacket | AapMediaPlayback: status mediaSource='VLC', playbackSeconds(u32)=95, state=PLAYING
09-15 13:47:42.967 18485 18883 D OPENHU  : [80] Companion.decrypt | RECV: AUDIO Media Data type: 0 flags: 11 size: 8202 dataOffset: 2
09-15 13:47:43.012 18485 18883 D OPENHU  : [80] Companion.decrypt | RECV: AUDIO Media Data type: 0 flags: 11 size: 8202 dataOffset: 2
09-15 13:47:43.030 18485 18485 V OPENHU  : [2] GpsLocation.onLocationChanged | GpsLocation: fix received
09-15 13:47:43.039 18485 18485 V OPENHU  : [2] AapTransport.send | SENSOR Sensor Event type: 32771 flags: 11 size: 46 dataOffset: 6
09-15 13:47:43.053 18485 18883 D OPENHU  : [80] Companion.decrypt | RECV: AUDIO Media Data type: 0 flags: 11 size: 8202 dataOffset: 2
09-15 13:47:43.095 18485 18883 D OPENHU  : [80] Companion.decrypt | RECV: AUDIO Media Data type: 0 flags: 11 size: 8202 dataOffset: 2
09-15 13:47:43.139 18485 18883 D OPENHU  : [80] Companion.decrypt | RECV: AUDIO Media Data type: 0 flags: 11 size: 8202 dataOffset: 2
09-15 13:47:43.181 18485 18883 D OPENHU  : [80] Companion.decrypt | RECV: AUDIO Media Data type: 0 flags: 11 size: 8202 dataOffset: 2
09-15 13:47:43.225 18485 18883 D OPENHU  : [80] Companion.decrypt | RECV: AUDIO Media Data type: 0 flags: 11 size: 8202 dataOffset: 2
09-15 13:47:43.272 18485 18883 D OPENHU  : [80] Companion.decrypt | RECV: AUDIO Media Data type: 0 flags: 11 size: 8202 dataOffset: 2
09-15 13:47:43.309 18485 18883 D OPENHU  : [80] Companion.decrypt | RECV: AUDIO Media Data type: 0 flags: 11 size: 8202 dataOffset: 2
09-15 13:47:43.353 18485 18883 D OPENHU  : [80] Companion.decrypt | RECV: AUDIO Media Data type: 0 flags: 11 size: 8202 dataOffset: 2
09-15 13:47:43.396 18485 18883 D OPENHU  : [80] Companion.decrypt | RECV: AUDIO Media Data type: 0 flags: 11 size: 8202 dataOffset: 2
09-15 13:47:43.439 18485 18883 D OPENHU  : [80] Companion.decrypt | RECV: AUDIO Media Data type: 0 flags: 11 size: 8202 dataOffset: 2
09-15 13:47:43.481 18485 18883 D OPENHU  : [80] Companion.decrypt | RECV: AUDIO Media Data type: 0 flags: 11 size: 8202 dataOffset: 2
09-15 13:47:43.524 18485 18883 D OPENHU  : [80] Companion.decrypt | RECV: AUDIO Media Data type: 0 flags: 11 size: 8202 dataOffset: 2
09-15 13:47:43.566 18485 18883 D OPENHU  : [80] Companion.decrypt | RECV: AUDIO Media Data type: 0 flags: 11 size: 8202 dataOffset: 2
09-15 13:47:43.608 18485 18883 D OPENHU  : [80] Companion.decrypt | RECV: AUDIO Media Data type: 0 flags: 11 size: 8202 dataOffset: 2
09-15 13:47:43.651 18485 18883 D OPENHU  : [80] Companion.decrypt | RECV: AUDIO Media Data type: 0 flags: 11 size: 8202 dataOffset: 2
09-15 13:47:43.694 18485 18883 D OPENHU  : [80] Companion.decrypt | RECV: AUDIO Media Data type: 0 flags: 11 size: 8202 dataOffset: 2
09-15 13:47:43.713 18485 18881 I OPENHU  : [78] VideoDecoder.logFeedPacing | Feed queue full - pacing the transport thread instead of shedding frames (+4 more since the last line)
09-15 13:47:43.737 18485 18883 D OPENHU  : [80] Companion.decrypt | RECV: AUDIO Media Data type: 0 flags: 11 size: 8202 dataOffset: 2
09-15 13:47:43.779 18485 18883 D OPENHU  : [80] Companion.decrypt | RECV: AUDIO Media Data type: 0 flags: 11 size: 8202 dataOffset: 2
09-15 13:47:43.793 18485 18883 D OPENHU  : [80] Companion.decrypt | RECV: CONTROL Ping Request type: 11 flags: 11 size: 12 dataOffset: 2
09-15 13:47:43.793 18485 18883 V OPENHU  : [80] AapTransport.send | CONTROL Ping Response type: 12 flags: 11 size: 14 dataOffset: 6
09-15 13:47:43.821 18485 18883 D OPENHU  : [80] Companion.decrypt | RECV: AUDIO Media Data type: 0 flags: 11 size: 8202 dataOffset: 2
09-15 13:47:43.865 18485 18883 D OPENHU  : [80] Companion.decrypt | RECV: AUDIO Media Data type: 0 flags: 11 size: 8202 dataOffset: 2
09-15 13:47:43.907 18485 18883 D OPENHU  : [80] Companion.decrypt | RECV: AUDIO Media Data type: 0 flags: 11 size: 8202 dataOffset: 2
09-15 13:47:43.937 18485 18883 D OPENHU  : [80] Companion.decrypt | RECV: MUSIC_PLAYBACK Media Playback Status type: 32769 flags: 11 size: 17 dataOffset: 2
09-15 13:47:43.937 18485 18883 D OPENHU  : [80] AapMediaPlayback.processStatusPacket | AapMediaPlayback: status mediaSource='VLC', playbackSeconds(u32)=96, state=PLAYING
09-15 13:47:43.951 18485 18883 D OPENHU  : [80] Companion.decrypt | RECV: AUDIO Media Data type: 0 flags: 11 size: 8202 dataOffset: 2
09-15 13:47:43.992 18485 18883 D OPENHU  : [80] Companion.decrypt | RECV: AUDIO Media Data type: 0 flags: 11 size: 8202 dataOffset: 2
09-15 13:47:43.993 18485 18485 V OPENHU  : [2] GpsLocation.onLocationChanged | GpsLocation: fix received
09-15 13:47:44.004 18485 18485 V OPENHU  : [2] AapTransport.send | SENSOR Sensor Event type: 32771 flags: 11 size: 46 dataOffset: 6
09-15 13:47:44.039 18485 18883 D OPENHU  : [80] Companion.decrypt | RECV: AUDIO Media Data type: 0 flags: 11 size: 8202 dataOffset: 2
09-15 13:47:44.076 18485 18883 D OPENHU  : [80] Companion.decrypt | RECV: AUDIO Media Data type: 0 flags: 11 size: 8202 dataOffset: 2
09-15 13:47:44.121 18485 18883 D OPENHU  : [80] Companion.decrypt | RECV: AUDIO Media Data type: 0 flags: 11 size: 8202 dataOffset: 2
09-15 13:47:44.163 18485 18883 D OPENHU  : [80] Companion.decrypt | RECV: AUDIO Media Data type: 0 flags: 11 size: 8202 dataOffset: 2
09-15 13:47:44.207 18485 18883 D OPENHU  : [80] Companion.decrypt | RECV: AUDIO Media Data type: 0 flags: 11 size: 8202 dataOffset: 2
09-15 13:47:44.249 18485 18883 D OPENHU  : [80] Companion.decrypt | RECV: AUDIO Media Data type: 0 flags: 11 size: 8202 dataOffset: 2
09-15 13:47:44.290 18485 18883 D OPENHU  : [80] Companion.decrypt | RECV: AUDIO Media Data type: 0 flags: 11 size: 8202 dataOffset: 2
09-15 13:47:44.335 18485 18883 D OPENHU  : [80] Companion.decrypt | RECV: AUDIO Media Data type: 0 flags: 11 size: 8202 dataOffset: 2
09-15 13:47:44.376 18485 18883 D OPENHU  : [80] Companion.decrypt | RECV: AUDIO Media Data type: 0 flags: 11 size: 8202 dataOffset: 2
09-15 13:47:44.419 18485 18883 D OPENHU  : [80] Companion.decrypt | RECV: AUDIO Media Data type: 0 flags: 11 size: 8202 dataOffset: 2
09-15 13:47:44.460 18485 18883 D OPENHU  : [80] Companion.decrypt | RECV: AUDIO Media Data type: 0 flags: 11 size: 8202 dataOffset: 2
09-15 13:47:44.504 18485 18883 D OPENHU  : [80] Companion.decrypt | RECV: AUDIO Media Data type: 0 flags: 11 size: 8202 dataOffset: 2
09-15 13:47:44.535 18485 18485 I OPENHU  : [2] TextureProjectionView.onSurfaceTextureUpdated | TextureProjectionView: displayed 25 frames in 5051ms (4fps), longFrames=0
09-15 13:47:44.547 18485 18883 D OPENHU  : [80] Companion.decrypt | RECV: AUDIO Media Data type: 0 flags: 11 size: 8202 dataOffset: 2
09-15 13:47:44.590 18485 18883 D OPENHU  : [80] Companion.decrypt | RECV: AUDIO Media Data type: 0 flags: 11 size: 8202 dataOffset: 2
09-15 13:47:44.633 18485 18883 D OPENHU  : [80] Companion.decrypt | RECV: AUDIO Media Data type: 0 flags: 11 size: 8202 dataOffset: 2
09-15 13:47:44.673 18485 18883 D OPENHU  : [80] Companion.decrypt | RECV: AUDIO Media Data type: 0 flags: 11 size: 8202 dataOffset: 2
09-15 13:47:44.718 18485 18883 D OPENHU  : [80] Companion.decrypt | RECV: AUDIO Media Data type: 0 flags: 11 size: 8202 dataOffset: 2
09-15 13:47:44.727 18485 18881 I OPENHU  : [78] VideoDecoder.logFeedPacing | Feed queue full - pacing the transport thread instead of shedding frames (+4 more since the last line)
09-15 13:47:44.761 18485 18883 D OPENHU  : [80] Companion.decrypt | RECV: AUDIO Media Data type: 0 flags: 11 size: 8202 dataOffset: 2
09-15 13:47:44.792 18485 18883 D OPENHU  : [80] Companion.decrypt | RECV: CONTROL Ping Request type: 11 flags: 11 size: 12 dataOffset: 2
09-15 13:47:44.793 18485 18883 V OPENHU  : [80] AapTransport.send | CONTROL Ping Response type: 12 flags: 11 size: 14 dataOffset: 6
09-15 13:47:44.802 18485 18883 D OPENHU  : [80] Companion.decrypt | RECV: AUDIO Media Data type: 0 flags: 11 size: 8202 dataOffset: 2
09-15 13:47:44.846 18485 18883 D OPENHU  : [80] Companion.decrypt | RECV: AUDIO Media Data type: 0 flags: 11 size: 8202 dataOffset: 2
09-15 13:47:44.888 18485 18883 D OPENHU  : [80] Companion.decrypt | RECV: AUDIO Media Data type: 0 flags: 11 size: 8202 dataOffset: 2
09-15 13:47:44.932 18485 18883 D OPENHU  : [80] Companion.decrypt | RECV: AUDIO Media Data type: 0 flags: 11 size: 8202 dataOffset: 2
09-15 13:47:44.939 18485 18883 D OPENHU  : [80] Companion.decrypt | RECV: MUSIC_PLAYBACK Media Playback Status type: 32769 flags: 11 size: 17 dataOffset: 2
09-15 13:47:44.940 18485 18883 D OPENHU  : [80] AapMediaPlayback.processStatusPacket | AapMediaPlayback: status mediaSource='VLC', playbackSeconds(u32)=97, state=PLAYING
09-15 13:47:44.975 18485 18883 D OPENHU  : [80] Companion.decrypt | RECV: AUDIO Media Data type: 0 flags: 11 size: 8202 dataOffset: 2
09-15 13:47:45.016 18485 18883 D OPENHU  : [80] Companion.decrypt | RECV: AUDIO Media Data type: 0 flags: 11 size: 8202 dataOffset: 2
09-15 13:47:45.026 18485 18485 V OPENHU  : [2] GpsLocation.onLocationChanged | GpsLocation: fix received
09-15 13:47:45.033 18485 18485 V OPENHU  : [2] AapTransport.send | SENSOR Sensor Event type: 32771 flags: 11 size: 46 dataOffset: 6
09-15 13:47:45.058 18485 18883 D OPENHU  : [80] Companion.decrypt | RECV: AUDIO Media Data type: 0 flags: 11 size: 8202 dataOffset: 2
09-15 13:47:45.102 18485 18883 D OPENHU  : [80] Companion.decrypt | RECV: AUDIO Media Data type: 0 flags: 11 size: 8202 dataOffset: 2
09-15 13:47:45.145 18485 18883 D OPENHU  : [80] Companion.decrypt | RECV: AUDIO Media Data type: 0 flags: 11 size: 8202 dataOffset: 2
09-15 13:47:45.187 18485 18883 D OPENHU  : [80] Companion.decrypt | RECV: AUDIO Media Data type: 0 flags: 11 size: 8202 dataOffset: 2
09-15 13:47:45.229 18485 18883 D OPENHU  : [80] Companion.decrypt | RECV: AUDIO Media Data type: 0 flags: 11 size: 8202 dataOffset: 2
09-15 13:47:45.273 18485 18883 D OPENHU  : [80] Companion.decrypt | RECV: AUDIO Media Data type: 0 flags: 11 size: 8202 dataOffset: 2
09-15 13:47:45.315 18485 18883 D OPENHU  : [80] Companion.decrypt | RECV: AUDIO Media Data type: 0 flags: 11 size: 8202 dataOffset: 2
09-15 13:47:45.358 18485 18883 D OPENHU  : [80] Companion.decrypt | RECV: AUDIO Media Data type: 0 flags: 11 size: 8202 dataOffset: 2
09-15 13:47:45.399 18485 18883 D OPENHU  : [80] Companion.decrypt | RECV: AUDIO Media Data type: 0 flags: 11 size: 8202 dataOffset: 2
09-15 13:47:45.441 18485 18883 I OPENHU  : [80] AapTransport.noteMessageReceived$com_andrerinas_headunitrevived_3_4_0_beta3_githubDebug | AapTransport: inbound rate over 30006ms: video=33kB/s (1083 msgs), audio=187kB/s (703 msgs), other=0kB/s (60 msgs)
09-15 13:47:45.445 18485 18883 D OPENHU  : [80] Companion.decrypt | RECV: AUDIO Media Data type: 0 flags: 11 size: 8202 dataOffset: 2
09-15 13:47:45.478 18485 18883 I OPENHU  : [80] AapMessageHandlerType.handle | AapTransport: transport dispatch over 30026ms: video=1518ms, audio=729ms, other=60ms, unread=7%, blocks=0, longest=5ms on VIDEO, videoQueue=5602
09-15 13:47:45.486 18485 18883 D OPENHU  : [80] Companion.decrypt | RECV: AUDIO Media Data type: 0 flags: 11 size: 8202 dataOffset: 2
09-15 13:47:45.528 18485 18883 D OPENHU  : [80] Companion.decrypt | RECV: AUDIO Media Data type: 0 flags: 11 size: 8202 dataOffset: 2
09-15 13:47:45.571 18485 18883 D OPENHU  : [80] Companion.decrypt | RECV: AUDIO Media Data type: 0 flags: 11 size: 8202 dataOffset: 2
09-15 13:47:45.614 18485 18883 D OPENHU  : [80] Companion.decrypt | RECV: AUDIO Media Data type: 0 flags: 11 size: 8202 dataOffset: 2
09-15 13:47:45.656 18485 18883 D OPENHU  : [80] Companion.decrypt | RECV: AUDIO Media Data type: 0 flags: 11 size: 8202 dataOffset: 2
09-15 13:47:45.700 18485 18883 D OPENHU  : [80] Companion.decrypt | RECV: AUDIO Media Data type: 0 flags: 11 size: 8202 dataOffset: 2
09-15 13:47:45.740 18485 18883 D OPENHU  : [80] Companion.decrypt | RECV: AUDIO Media Data type: 0 flags: 11 size: 8202 dataOffset: 2
09-15 13:47:45.741 18485 18881 I OPENHU  : [78] VideoDecoder.logFeedPacing | Feed queue full - pacing the transport thread instead of shedding frames (+4 more since the last line)
09-15 13:47:45.787 18485 18883 D OPENHU  : [80] Companion.decrypt | RECV: AUDIO Media Data type: 0 flags: 11 size: 8202 dataOffset: 2
09-15 13:47:45.794 18485 18883 D OPENHU  : [80] Companion.decrypt | RECV: CONTROL Ping Request type: 11 flags: 11 size: 12 dataOffset: 2
09-15 13:47:45.795 18485 18883 V OPENHU  : [80] AapTransport.send | CONTROL Ping Response type: 12 flags: 11 size: 14 dataOffset: 6
09-15 13:47:45.826 18485 18883 D OPENHU  : [80] Companion.decrypt | RECV: AUDIO Media Data type: 0 flags: 11 size: 8202 dataOffset: 2
09-15 13:47:45.870 18485 18883 D OPENHU  : [80] Companion.decrypt | RECV: AUDIO Media Data type: 0 flags: 11 size: 8202 dataOffset: 2
09-15 13:47:45.911 18485 18883 D OPENHU  : [80] Companion.decrypt | RECV: AUDIO Media Data type: 0 flags: 11 size: 8202 dataOffset: 2
09-15 13:47:45.941 18485 18883 D OPENHU  : [80] Companion.decrypt | RECV: MUSIC_PLAYBACK Media Playback Status type: 32769 flags: 11 size: 17 dataOffset: 2
09-15 13:47:45.942 18485 18883 D OPENHU  : [80] AapMediaPlayback.processStatusPacket | AapMediaPlayback: status mediaSource='VLC', playbackSeconds(u32)=98, state=PLAYING
09-15 13:47:45.953 18485 18883 D OPENHU  : [80] Companion.decrypt | RECV: AUDIO Media Data type: 0 flags: 11 size: 8202 dataOffset: 2
09-15 13:47:45.993 18485 18485 V OPENHU  : [2] GpsLocation.onLocationChanged | GpsLocation: fix received
09-15 13:47:45.999 18485 18883 D OPENHU  : [80] Companion.decrypt | RECV: AUDIO Media Data type: 0 flags: 11 size: 8202 dataOffset: 2
09-15 13:47:46.003 18485 18485 V OPENHU  : [2] AapTransport.send | SENSOR Sensor Event type: 32771 flags: 11 size: 46 dataOffset: 6
09-15 13:47:46.040 18485 18883 D OPENHU  : [80] Companion.decrypt | RECV: AUDIO Media Data type: 0 flags: 11 size: 8202 dataOffset: 2
09-15 13:47:46.086 18485 18883 D OPENHU  : [80] Companion.decrypt | RECV: AUDIO Media Data type: 0 flags: 11 size: 8202 dataOffset: 2
09-15 13:47:46.127 18485 18883 D OPENHU  : [80] Companion.decrypt | RECV: AUDIO Media Data type: 0 flags: 11 size: 8202 dataOffset: 2
09-15 13:47:46.173 18485 18883 D OPENHU  : [80] Companion.decrypt | RECV: AUDIO Media Data type: 0 flags: 11 size: 8202 dataOffset: 2
09-15 13:47:46.212 18485 18883 D OPENHU  : [80] Companion.decrypt | RECV: AUDIO Media Data type: 0 flags: 11 size: 8202 dataOffset: 2
09-15 13:47:46.256 18485 18883 D OPENHU  : [80] Companion.decrypt | RECV: AUDIO Media Data type: 0 flags: 11 size: 8202 dataOffset: 2
09-15 13:47:46.297 18485 18883 D OPENHU  : [80] Companion.decrypt | RECV: AUDIO Media Data type: 0 flags: 11 size: 8202 dataOffset: 2
09-15 13:47:46.337 18485 18883 D OPENHU  : [80] Companion.decrypt | RECV: AUDIO Media Data type: 0 flags: 11 size: 8202 dataOffset: 2
09-15 13:47:46.382 18485 18883 D OPENHU  : [80] Companion.decrypt | RECV: AUDIO Media Data type: 0 flags: 11 size: 8202 dataOffset: 2
09-15 13:47:46.419 18485 18892 I OPENHU  : [81] AudioTrackWrapper.sampleHealth | audio sink AUDIO2 over 30082ms: underruns=0, silentCycles=0, rebanks=0, dropped=0, droppedFrames=0, shed=0, depth=0ms (min 0ms), queued=0, capacity=6400 frames (400ms), effective=6400 frames (400ms), target=1601 frames (100ms), drift=0ms
09-15 13:47:46.422 18485 18883 D OPENHU  : [80] Companion.decrypt | RECV: AUDIO Media Data type: 0 flags: 11 size: 8202 dataOffset: 2
09-15 13:47:46.445 18485 18894 I OPENHU  : [83] AudioTrackWrapper.sampleHealth | audio sink AUDIO1 over 30086ms: underruns=0, silentCycles=0, rebanks=0, dropped=0, droppedFrames=0, shed=0, depth=0ms (min 0ms), queued=0, capacity=6400 frames (400ms), effective=6400 frames (400ms), target=1601 frames (100ms), drift=0ms
09-15 13:47:46.450 18485 18896 I OPENHU  : [85] AudioTrackWrapper.sampleHealth | audio sink AUDIO over 30018ms: underruns=0, silentCycles=0, rebanks=0, dropped=0, droppedFrames=0, shed=0, depth=336ms (min 316ms), queued=7, capacity=30784 frames (641ms), effective=30784 frames (641ms), target=9600 frames (200ms), drift=0ms
09-15 13:47:46.466 18485 18883 D OPENHU  : [80] Companion.decrypt | RECV: AUDIO Media Data type: 0 flags: 11 size: 8202 dataOffset: 2
09-15 13:47:46.510 18485 18883 D OPENHU  : [80] Companion.decrypt | RECV: AUDIO Media Data type: 0 flags: 11 size: 8202 dataOffset: 2
09-15 13:47:46.554 18485 18883 D OPENHU  : [80] Companion.decrypt | RECV: AUDIO Media Data type: 0 flags: 11 size: 8202 dataOffset: 2
09-15 13:47:46.595 18485 18883 D OPENHU  : [80] Companion.decrypt | RECV: AUDIO Media Data type: 0 flags: 11 size: 8202 dataOffset: 2
09-15 13:47:46.627 18485 18907 I OPENHU  : [89] VideoDecoder.logThroughput | Throughput over 5006ms: rendered=25 (4fps), fed=25 (4fps), dropped=0, skipped=0, concealed=0, inputWait=1ms, enqueueWait=5052ms, codec=c2.unisoc.avc.decoder, presented=25 (4fps), decodeLatency=unreadable (25 frames)
09-15 13:47:46.638 18485 18883 D OPENHU  : [80] Companion.decrypt | RECV: AUDIO Media Data type: 0 flags: 11 size: 8202 dataOffset: 2
09-15 13:47:46.680 18485 18883 D OPENHU  : [80] Companion.decrypt | RECV: AUDIO Media Data type: 0 flags: 11 size: 8202 dataOffset: 2
09-15 13:47:46.721 18485 18883 D OPENHU  : [80] Companion.decrypt | RECV: AUDIO Media Data type: 0 flags: 11 size: 8202 dataOffset: 2
09-15 13:47:46.756 18485 18881 I OPENHU  : [78] VideoDecoder.logFeedPacing | Feed queue full - pacing the transport thread instead of shedding frames (+4 more since the last line)
09-15 13:47:46.767 18485 18883 D OPENHU  : [80] Companion.decrypt | RECV: AUDIO Media Data type: 0 flags: 11 size: 8202 dataOffset: 2
09-15 13:47:46.794 18485 18883 D OPENHU  : [80] Companion.decrypt | RECV: CONTROL Ping Request type: 11 flags: 11 size: 12 dataOffset: 2
09-15 13:47:46.794 18485 18883 V OPENHU  : [80] AapTransport.send | CONTROL Ping Response type: 12 flags: 11 size: 14 dataOffset: 6
09-15 13:47:46.810 18485 18883 D OPENHU  : [80] Companion.decrypt | RECV: AUDIO Media Data type: 0 flags: 11 size: 8202 dataOffset: 2
09-15 13:47:46.853 18485 18883 D OPENHU  : [80] Companion.decrypt | RECV: AUDIO Media Data type: 0 flags: 11 size: 8202 dataOffset: 2
09-15 13:47:46.895 18485 18883 D OPENHU  : [80] Companion.decrypt | RECV: AUDIO Media Data type: 0 flags: 11 size: 8202 dataOffset: 2
09-15 13:47:46.937 18485 18883 D OPENHU  : [80] Companion.decrypt | RECV: AUDIO Media Data type: 0 flags: 11 size: 8202 dataOffset: 2
09-15 13:47:46.951 18485 18883 D OPENHU  : [80] Companion.decrypt | RECV: MUSIC_PLAYBACK Media Playback Status type: 32769 flags: 11 size: 17 dataOffset: 2
09-15 13:47:46.952 18485 18883 D OPENHU  : [80] AapMediaPlayback.processStatusPacket | AapMediaPlayback: status mediaSource='VLC', playbackSeconds(u32)=99, state=PLAYING
09-15 13:47:46.979 18485 18883 D OPENHU  : [80] Companion.decrypt | RECV: AUDIO Media Data type: 0 flags: 11 size: 8202 dataOffset: 2
09-15 13:47:47.023 18485 18883 D OPENHU  : [80] Companion.decrypt | RECV: AUDIO Media Data type: 0 flags: 11 size: 8202 dataOffset: 2
09-15 13:47:47.034 18485 18485 V OPENHU  : [2] GpsLocation.onLocationChanged | GpsLocation: fix received
09-15 13:47:47.041 18485 18485 V OPENHU  : [2] AapTransport.send | SENSOR Sensor Event type: 32771 flags: 11 size: 46 dataOffset: 6
09-15 13:47:47.065 18485 18883 D OPENHU  : [80] Companion.decrypt | RECV: AUDIO Media Data type: 0 flags: 11 size: 8202 dataOffset: 2
09-15 13:47:47.107 18485 18883 D OPENHU  : [80] Companion.decrypt | RECV: AUDIO Media Data type: 0 flags: 11 size: 8202 dataOffset: 2
09-15 13:47:47.149 18485 18883 D OPENHU  : [80] Companion.decrypt | RECV: AUDIO Media Data type: 0 flags: 11 size: 8202 dataOffset: 2
09-15 13:47:47.192 18485 18883 D OPENHU  : [80] Companion.decrypt | RECV: AUDIO Media Data type: 0 flags: 11 size: 8202 dataOffset: 2
09-15 13:47:47.234 18485 18883 D OPENHU  : [80] Companion.decrypt | RECV: AUDIO Media Data type: 0 flags: 11 size: 8202 dataOffset: 2
09-15 13:47:47.277 18485 18883 D OPENHU  : [80] Companion.decrypt | RECV: AUDIO Media Data type: 0 flags: 11 size: 8202 dataOffset: 2
09-15 13:47:47.320 18485 18883 D OPENHU  : [80] Companion.decrypt | RECV: AUDIO Media Data type: 0 flags: 11 size: 8202 dataOffset: 2
09-15 13:47:47.363 18485 18883 D OPENHU  : [80] Companion.decrypt | RECV: AUDIO Media Data type: 0 flags: 11 size: 8202 dataOffset: 2
09-15 13:47:47.406 18485 18883 D OPENHU  : [80] Companion.decrypt | RECV: AUDIO Media Data type: 0 flags: 11 size: 8202 dataOffset: 2
09-15 13:47:47.450 18485 18883 D OPENHU  : [80] Companion.decrypt | RECV: AUDIO Media Data type: 0 flags: 11 size: 8202 dataOffset: 2
09-15 13:47:47.491 18485 18883 D OPENHU  : [80] Companion.decrypt | RECV: AUDIO Media Data type: 0 flags: 11 size: 8202 dataOffset: 2
09-15 13:47:47.533 18485 18883 D OPENHU  : [80] Companion.decrypt | RECV: AUDIO Media Data type: 0 flags: 11 size: 8202 dataOffset: 2
09-15 13:47:47.575 18485 18883 D OPENHU  : [80] Companion.decrypt | RECV: AUDIO Media Data type: 0 flags: 11 size: 8202 dataOffset: 2
09-15 13:47:47.618 18485 18883 D OPENHU  : [80] Companion.decrypt | RECV: AUDIO Media Data type: 0 flags: 11 size: 8202 dataOffset: 2
09-15 13:47:47.662 18485 18883 D OPENHU  : [80] Companion.decrypt | RECV: AUDIO Media Data type: 0 flags: 11 size: 8202 dataOffset: 2
09-15 13:47:47.704 18485 18883 D OPENHU  : [80] Companion.decrypt | RECV: AUDIO Media Data type: 0 flags: 11 size: 8202 dataOffset: 2
09-15 13:47:47.747 18485 18883 D OPENHU  : [80] Companion.decrypt | RECV: AUDIO Media Data type: 0 flags: 11 size: 8202 dataOffset: 2
09-15 13:47:47.772 18485 18881 I OPENHU  : [78] VideoDecoder.logFeedPacing | Feed queue full - pacing the transport thread instead of shedding frames (+4 more since the last line)
09-15 13:47:47.790 18485 18883 D OPENHU  : [80] Companion.decrypt | RECV: AUDIO Media Data type: 0 flags: 11 size: 8202 dataOffset: 2
09-15 13:47:47.795 18485 18883 D OPENHU  : [80] Companion.decrypt | RECV: CONTROL Ping Request type: 11 flags: 11 size: 12 dataOffset: 2
09-15 13:47:47.796 18485 18883 V OPENHU  : [80] AapTransport.send | CONTROL Ping Response type: 12 flags: 11 size: 14 dataOffset: 6
09-15 13:47:47.832 18485 18883 D OPENHU  : [80] Companion.decrypt | RECV: AUDIO Media Data type: 0 flags: 11 size: 8202 dataOffset: 2
09-15 13:47:47.874 18485 18883 D OPENHU  : [80] Companion.decrypt | RECV: AUDIO Media Data type: 0 flags: 11 size: 8202 dataOffset: 2
09-15 13:47:47.917 18485 18883 D OPENHU  : [80] Companion.decrypt | RECV: AUDIO Media Data type: 0 flags: 11 size: 8202 dataOffset: 2
09-15 13:47:47.954 18485 18883 D OPENHU  : [80] Companion.decrypt | RECV: MUSIC_PLAYBACK Media Playback Status type: 32769 flags: 11 size: 17 dataOffset: 2
09-15 13:47:47.956 18485 18883 D OPENHU  : [80] AapMediaPlayback.processStatusPacket | AapMediaPlayback: status mediaSource='VLC', playbackSeconds(u32)=100, state=PLAYING
09-15 13:47:47.961 18485 18883 D OPENHU  : [80] Companion.decrypt | RECV: AUDIO Media Data type: 0 flags: 11 size: 8202 dataOffset: 2
09-15 13:47:47.996 18485 18485 V OPENHU  : [2] GpsLocation.onLocationChanged | GpsLocation: fix received
09-15 13:47:48.002 18485 18883 D OPENHU  : [80] Companion.decrypt | RECV: AUDIO Media Data type: 0 flags: 11 size: 8202 dataOffset: 2
09-15 13:47:48.007 18485 18485 V OPENHU  : [2] AapTransport.send | SENSOR Sensor Event type: 32771 flags: 11 size: 46 dataOffset: 6
09-15 13:47:48.047 18485 18883 D OPENHU  : [80] Companion.decrypt | RECV: AUDIO Media Data type: 0 flags: 11 size: 8202 dataOffset: 2
09-15 13:47:48.093 18485 18883 D OPENHU  : [80] Companion.decrypt | RECV: AUDIO Media Data type: 0 flags: 11 size: 8202 dataOffset: 2
09-15 13:47:48.131 18485 18883 D OPENHU  : [80] Companion.decrypt | RECV: AUDIO Media Data type: 0 flags: 11 size: 8202 dataOffset: 2
09-15 13:47:48.175 18485 18883 D OPENHU  : [80] Companion.decrypt | RECV: AUDIO Media Data type: 0 flags: 11 size: 8202 dataOffset: 2
09-15 13:47:48.215 18485 18883 D OPENHU  : [80] Companion.decrypt | RECV: AUDIO Media Data type: 0 flags: 11 size: 8202 dataOffset: 2
09-15 13:47:48.259 18485 18883 D OPENHU  : [80] Companion.decrypt | RECV: AUDIO Media Data type: 0 flags: 11 size: 8202 dataOffset: 2
09-15 13:47:48.300 18485 18883 D OPENHU  : [80] Companion.decrypt | RECV: AUDIO Media Data type: 0 flags: 11 size: 8202 dataOffset: 2
09-15 13:47:48.344 18485 18883 D OPENHU  : [80] Companion.decrypt | RECV: AUDIO Media Data type: 0 flags: 11 size: 8202 dataOffset: 2
09-15 13:47:48.386 18485 18883 D OPENHU  : [80] Companion.decrypt | RECV: AUDIO Media Data type: 0 flags: 11 size: 8202 dataOffset: 2
09-15 13:47:48.430 18485 18883 D OPENHU  : [80] Companion.decrypt | RECV: AUDIO Media Data type: 0 flags: 11 size: 8202 dataOffset: 2
09-15 13:47:48.471 18485 18883 D OPENHU  : [80] Companion.decrypt | RECV: AUDIO Media Data type: 0 flags: 11 size: 8202 dataOffset: 2
09-15 13:47:48.515 18485 18883 D OPENHU  : [80] Companion.decrypt | RECV: AUDIO Media Data type: 0 flags: 11 size: 8202 dataOffset: 2
09-15 13:47:48.559 18485 18883 D OPENHU  : [80] Companion.decrypt | RECV: AUDIO Media Data type: 0 flags: 11 size: 8202 dataOffset: 2
09-15 13:47:48.599 18485 18883 D OPENHU  : [80] Companion.decrypt | RECV: AUDIO Media Data type: 0 flags: 11 size: 8202 dataOffset: 2
09-15 13:47:48.644 18485 18883 D OPENHU  : [80] Companion.decrypt | RECV: AUDIO Media Data type: 0 flags: 11 size: 8202 dataOffset: 2
09-15 13:47:48.686 18485 18883 D OPENHU  : [80] Companion.decrypt | RECV: AUDIO Media Data type: 0 flags: 11 size: 8202 dataOffset: 2
09-15 13:47:48.728 18485 18883 D OPENHU  : [80] Companion.decrypt | RECV: AUDIO Media Data type: 0 flags: 11 size: 8202 dataOffset: 2
09-15 13:47:48.770 18485 18883 D OPENHU  : [80] Companion.decrypt | RECV: AUDIO Media Data type: 0 flags: 11 size: 8202 dataOffset: 2
09-15 13:47:48.786 18485 18881 I OPENHU  : [78] VideoDecoder.logFeedPacing | Feed queue full - pacing the transport thread instead of shedding frames (+4 more since the last line)
09-15 13:47:48.797 18485 18883 D OPENHU  : [80] Companion.decrypt | RECV: CONTROL Ping Request type: 11 flags: 11 size: 12 dataOffset: 2
09-15 13:47:48.798 18485 18883 V OPENHU  : [80] AapTransport.send | CONTROL Ping Response type: 12 flags: 11 size: 14 dataOffset: 6
09-15 13:47:48.814 18485 18883 D OPENHU  : [80] Companion.decrypt | RECV: AUDIO Media Data type: 0 flags: 11 size: 8202 dataOffset: 2
09-15 13:47:48.856 18485 18883 D OPENHU  : [80] Companion.decrypt | RECV: AUDIO Media Data type: 0 flags: 11 size: 8202 dataOffset: 2
09-15 13:47:48.900 18485 18883 D OPENHU  : [80] Companion.decrypt | RECV: AUDIO Media Data type: 0 flags: 11 size: 8202 dataOffset: 2
09-15 13:47:48.942 18485 18883 D OPENHU  : [80] Companion.decrypt | RECV: AUDIO Media Data type: 0 flags: 11 size: 8202 dataOffset: 2
09-15 13:47:48.958 18485 18883 D OPENHU  : [80] Companion.decrypt | RECV: MUSIC_PLAYBACK Media Playback Status type: 32769 flags: 11 size: 17 dataOffset: 2
09-15 13:47:48.958 18485 18883 D OPENHU  : [80] AapMediaPlayback.processStatusPacket | AapMediaPlayback: status mediaSource='VLC', playbackSeconds(u32)=101, state=PLAYING
09-15 13:47:48.984 18485 18883 D OPENHU  : [80] Companion.decrypt | RECV: AUDIO Media Data type: 0 flags: 11 size: 8202 dataOffset: 2
09-15 13:47:49.028 18485 18883 D OPENHU  : [80] Companion.decrypt | RECV: AUDIO Media Data type: 0 flags: 11 size: 8202 dataOffset: 2
09-15 13:47:49.049 18485 18485 V OPENHU  : [2] GpsLocation.onLocationChanged | GpsLocation: fix received
09-15 13:47:49.063 18485 18485 V OPENHU  : [2] AapTransport.send | SENSOR Sensor Event type: 32771 flags: 11 size: 46 dataOffset: 6
09-15 13:47:49.071 18485 18883 D OPENHU  : [80] Companion.decrypt | RECV: AUDIO Media Data type: 0 flags: 11 size: 8202 dataOffset: 2
09-15 13:47:49.112 18485 18883 D OPENHU  : [80] Companion.decrypt | RECV: AUDIO Media Data type: 0 flags: 11 size: 8202 dataOffset: 2
09-15 13:47:49.153 18485 18883 D OPENHU  : [80] Companion.decrypt | RECV: AUDIO Media Data type: 0 flags: 11 size: 8202 dataOffset: 2
09-15 13:47:49.198 18485 18883 D OPENHU  : [80] Companion.decrypt | RECV: AUDIO Media Data type: 0 flags: 11 size: 8202 dataOffset: 2
09-15 13:47:49.240 18485 18883 D OPENHU  : [80] Companion.decrypt | RECV: AUDIO Media Data type: 0 flags: 11 size: 8202 dataOffset: 2
09-15 13:47:49.283 18485 18883 D OPENHU  : [80] Companion.decrypt | RECV: AUDIO Media Data type: 0 flags: 11 size: 8202 dataOffset: 2
09-15 13:47:49.330 18485 18883 D OPENHU  : [80] Companion.decrypt | RECV: AUDIO Media Data type: 0 flags: 11 size: 8202 dataOffset: 2
09-15 13:47:49.369 18485 18883 D OPENHU  : [80] Companion.decrypt | RECV: AUDIO Media Data type: 0 flags: 11 size: 8202 dataOffset: 2
09-15 13:47:49.410 18485 18883 D OPENHU  : [80] Companion.decrypt | RECV: AUDIO Media Data type: 0 flags: 11 size: 8202 dataOffset: 2
09-15 13:47:49.453 18485 18883 D OPENHU  : [80] Companion.decrypt | RECV: AUDIO Media Data type: 0 flags: 11 size: 8202 dataOffset: 2
09-15 13:47:49.496 18485 18883 D OPENHU  : [80] Companion.decrypt | RECV: AUDIO Media Data type: 0 flags: 11 size: 8202 dataOffset: 2
09-15 13:47:49.538 18485 18883 D OPENHU  : [80] Companion.decrypt | RECV: AUDIO Media Data type: 0 flags: 11 size: 8202 dataOffset: 2
09-15 13:47:49.582 18485 18883 D OPENHU  : [80] Companion.decrypt | RECV: AUDIO Media Data type: 0 flags: 11 size: 8202 dataOffset: 2
09-15 13:47:49.623 18485 18485 I OPENHU  : [2] TextureProjectionView.onSurfaceTextureUpdated | TextureProjectionView: displayed 25 frames in 5088ms (4fps), longFrames=0
09-15 13:47:49.624 18485 18883 D OPENHU  : [80] Companion.decrypt | RECV: AUDIO Media Data type: 0 flags: 11 size: 8202 dataOffset: 2
09-15 13:47:49.667 18485 18883 D OPENHU  : [80] Companion.decrypt | RECV: AUDIO Media Data type: 0 flags: 11 size: 8202 dataOffset: 2
09-15 13:47:49.710 18485 18883 D OPENHU  : [80] Companion.decrypt | RECV: AUDIO Media Data type: 0 flags: 11 size: 8202 dataOffset: 2
09-15 13:47:49.752 18485 18883 D OPENHU  : [80] Companion.decrypt | RECV: AUDIO Media Data type: 0 flags: 11 size: 8202 dataOffset: 2
09-15 13:47:49.794 18485 18883 D OPENHU  : [80] Companion.decrypt | RECV: AUDIO Media Data type: 0 flags: 11 size: 8202 dataOffset: 2
09-15 13:47:49.797 18485 18883 D OPENHU  : [80] Companion.decrypt | RECV: CONTROL Ping Request type: 11 flags: 11 size: 12 dataOffset: 2
09-15 13:47:49.798 18485 18883 V OPENHU  : [80] AapTransport.send | CONTROL Ping Response type: 12 flags: 11 size: 14 dataOffset: 6
09-15 13:47:49.798 18485 18881 I OPENHU  : [78] VideoDecoder.logFeedPacing | Feed queue full - pacing the transport thread instead of shedding frames (+4 more since the last line)
09-15 13:47:49.837 18485 18883 D OPENHU  : [80] Companion.decrypt | RECV: AUDIO Media Data type: 0 flags: 11 size: 8202 dataOffset: 2
09-15 13:47:49.880 18485 18883 D OPENHU  : [80] Companion.decrypt | RECV: AUDIO Media Data type: 0 flags: 11 size: 8202 dataOffset: 2
09-15 13:47:49.922 18485 18883 D OPENHU  : [80] Companion.decrypt | RECV: AUDIO Media Data type: 0 flags: 11 size: 8202 dataOffset: 2
09-15 13:47:49.960 18485 18883 D OPENHU  : [80] Companion.decrypt | RECV: MUSIC_PLAYBACK Media Playback Status type: 32769 flags: 11 size: 17 dataOffset: 2
09-15 13:47:49.960 18485 18883 D OPENHU  : [80] AapMediaPlayback.processStatusPacket | AapMediaPlayback: status mediaSource='VLC', playbackSeconds(u32)=102, state=PLAYING
09-15 13:47:49.964 18485 18883 D OPENHU  : [80] Companion.decrypt | RECV: AUDIO Media Data type: 0 flags: 11 size: 8202 dataOffset: 2
09-15 13:47:49.993 18485 18485 V OPENHU  : [2] GpsLocation.onLocationChanged | GpsLocation: fix received
09-15 13:47:50.002 18485 18485 V OPENHU  : [2] AapTransport.send | SENSOR Sensor Event type: 32771 flags: 11 size: 46 dataOffset: 6
09-15 13:47:50.011 18485 18883 D OPENHU  : [80] Companion.decrypt | RECV: AUDIO Media Data type: 0 flags: 11 size: 8202 dataOffset: 2
09-15 13:47:50.055 18485 18883 D OPENHU  : [80] Companion.decrypt | RECV: AUDIO Media Data type: 0 flags: 11 size: 8202 dataOffset: 2
09-15 13:47:50.094 18485 18883 D OPENHU  : [80] Companion.decrypt | RECV: AUDIO Media Data type: 0 flags: 11 size: 8202 dataOffset: 2
09-15 13:47:50.136 18485 18883 D OPENHU  : [80] Companion.decrypt | RECV: AUDIO Media Data type: 0 flags: 11 size: 8202 dataOffset: 2
09-15 13:47:50.178 18485 18883 D OPENHU  : [80] Companion.decrypt | RECV: AUDIO Media Data type: 0 flags: 11 size: 8202 dataOffset: 2
09-15 13:47:50.222 18485 18883 D OPENHU  : [80] Companion.decrypt | RECV: AUDIO Media Data type: 0 flags: 11 size: 8202 dataOffset: 2
09-15 13:47:50.263 18485 18883 D OPENHU  : [80] Companion.decrypt | RECV: AUDIO Media Data type: 0 flags: 11 size: 8202 dataOffset: 2
09-15 13:47:50.308 18485 18883 D OPENHU  : [80] Companion.decrypt | RECV: AUDIO Media Data type: 0 flags: 11 size: 8202 dataOffset: 2
09-15 13:47:50.350 18485 18883 D OPENHU  : [80] Companion.decrypt | RECV: AUDIO Media Data type: 0 flags: 11 size: 8202 dataOffset: 2
09-15 13:47:50.393 18485 18883 D OPENHU  : [80] Companion.decrypt | RECV: AUDIO Media Data type: 0 flags: 11 size: 8202 dataOffset: 2
09-15 13:47:50.438 18485 18883 D OPENHU  : [80] Companion.decrypt | RECV: AUDIO Media Data type: 0 flags: 11 size: 8202 dataOffset: 2
09-15 13:47:50.477 18485 18883 D OPENHU  : [80] Companion.decrypt | RECV: AUDIO Media Data type: 0 flags: 11 size: 8202 dataOffset: 2
09-15 13:47:50.520 18485 18883 D OPENHU  : [80] Companion.decrypt | RECV: AUDIO Media Data type: 0 flags: 11 size: 8202 dataOffset: 2
09-15 13:47:50.563 18485 18883 D OPENHU  : [80] Companion.decrypt | RECV: AUDIO Media Data type: 0 flags: 11 size: 8202 dataOffset: 2
09-15 13:47:50.605 18485 18883 D OPENHU  : [80] Companion.decrypt | RECV: AUDIO Media Data type: 0 flags: 11 size: 8202 dataOffset: 2
09-15 13:47:50.650 18485 18883 D OPENHU  : [80] Companion.decrypt | RECV: AUDIO Media Data type: 0 flags: 11 size: 8202 dataOffset: 2
09-15 13:47:50.691 18485 18883 D OPENHU  : [80] Companion.decrypt | RECV: AUDIO Media Data type: 0 flags: 11 size: 8202 dataOffset: 2
09-15 13:47:50.735 18485 18883 D OPENHU  : [80] Companion.decrypt | RECV: AUDIO Media Data type: 0 flags: 11 size: 8202 dataOffset: 2
09-15 13:47:50.777 18485 18883 D OPENHU  : [80] Companion.decrypt | RECV: AUDIO Media Data type: 0 flags: 11 size: 8202 dataOffset: 2
09-15 13:47:50.800 18485 18883 D OPENHU  : [80] Companion.decrypt | RECV: CONTROL Ping Request type: 11 flags: 11 size: 12 dataOffset: 2
09-15 13:47:50.801 18485 18883 V OPENHU  : [80] AapTransport.send | CONTROL Ping Response type: 12 flags: 11 size: 14 dataOffset: 6
09-15 13:47:50.817 18485 18881 I OPENHU  : [78] VideoDecoder.logFeedPacing | Feed queue full - pacing the transport thread instead of shedding frames (+4 more since the last line)
09-15 13:47:50.821 18485 18883 D OPENHU  : [80] Companion.decrypt | RECV: AUDIO Media Data type: 0 flags: 11 size: 8202 dataOffset: 2
09-15 13:47:50.863 18485 18883 D OPENHU  : [80] Companion.decrypt | RECV: AUDIO Media Data type: 0 flags: 11 size: 8202 dataOffset: 2
09-15 13:47:50.905 18485 18883 D OPENHU  : [80] Companion.decrypt | RECV: AUDIO Media Data type: 0 flags: 11 size: 8202 dataOffset: 2
09-15 13:47:50.948 18485 18883 D OPENHU  : [80] Companion.decrypt | RECV: AUDIO Media Data type: 0 flags: 11 size: 8202 dataOffset: 2
09-15 13:47:50.966 18485 18883 D OPENHU  : [80] Companion.decrypt | RECV: MUSIC_PLAYBACK Media Playback Status type: 32769 flags: 11 size: 17 dataOffset: 2
09-15 13:47:50.967 18485 18883 D OPENHU  : [80] AapMediaPlayback.processStatusPacket | AapMediaPlayback: status mediaSource='VLC', playbackSeconds(u32)=103, state=PLAYING
09-15 13:47:50.991 18485 18883 D OPENHU  : [80] Companion.decrypt | RECV: AUDIO Media Data type: 0 flags: 11 size: 8202 dataOffset: 2
09-15 13:47:51.036 18485 18883 D OPENHU  : [80] Companion.decrypt | RECV: AUDIO Media Data type: 0 flags: 11 size: 8202 dataOffset: 2
09-15 13:47:51.051 18485 18485 V OPENHU  : [2] GpsLocation.onLocationChanged | GpsLocation: fix received
09-15 13:47:51.060 18485 18485 V OPENHU  : [2] AapTransport.send | SENSOR Sensor Event type: 32771 flags: 11 size: 46 dataOffset: 6
09-15 13:47:51.074 18485 18883 D OPENHU  : [80] Companion.decrypt | RECV: AUDIO Media Data type: 0 flags: 11 size: 8202 dataOffset: 2
09-15 13:47:51.117 18485 18883 D OPENHU  : [80] Companion.decrypt | RECV: AUDIO Media Data type: 0 flags: 11 size: 8202 dataOffset: 2
09-15 13:47:51.160 18485 18883 D OPENHU  : [80] Companion.decrypt | RECV: AUDIO Media Data type: 0 flags: 11 size: 8202 dataOffset: 2
09-15 13:47:51.203 18485 18883 D OPENHU  : [80] Companion.decrypt | RECV: AUDIO Media Data type: 0 flags: 11 size: 8202 dataOffset: 2
09-15 13:47:51.247 18485 18883 D OPENHU  : [80] Companion.decrypt | RECV: AUDIO Media Data type: 0 flags: 11 size: 8202 dataOffset: 2
09-15 13:47:51.290 18485 18883 D OPENHU  : [80] Companion.decrypt | RECV: AUDIO Media Data type: 0 flags: 11 size: 8202 dataOffset: 2
09-15 13:47:51.333 18485 18883 D OPENHU  : [80] Companion.decrypt | RECV: AUDIO Media Data type: 0 flags: 11 size: 8202 dataOffset: 2
09-15 13:47:51.375 18485 18883 D OPENHU  : [80] Companion.decrypt | RECV: AUDIO Media Data type: 0 flags: 11 size: 8202 dataOffset: 2
09-15 13:47:51.418 18485 18883 D OPENHU  : [80] Companion.decrypt | RECV: AUDIO Media Data type: 0 flags: 11 size: 8202 dataOffset: 2
09-15 13:47:51.460 18485 18883 D OPENHU  : [80] Companion.decrypt | RECV: AUDIO Media Data type: 0 flags: 11 size: 8202 dataOffset: 2
09-15 13:47:51.504 18485 18883 D OPENHU  : [80] Companion.decrypt | RECV: AUDIO Media Data type: 0 flags: 11 size: 8202 dataOffset: 2
09-15 13:47:51.546 18485 18883 D OPENHU  : [80] Companion.decrypt | RECV: AUDIO Media Data type: 0 flags: 11 size: 8202 dataOffset: 2
09-15 13:47:51.586 18485 18883 D OPENHU  : [80] Companion.decrypt | RECV: AUDIO Media Data type: 0 flags: 11 size: 8202 dataOffset: 2
09-15 13:47:51.630 18485 18883 D OPENHU  : [80] Companion.decrypt | RECV: AUDIO Media Data type: 0 flags: 11 size: 8202 dataOffset: 2
09-15 13:47:51.635 18485 18907 I OPENHU  : [89] VideoDecoder.logThroughput | Throughput over 5008ms: rendered=24 (4fps), fed=25 (4fps), dropped=0, skipped=0, concealed=0, inputWait=10ms, enqueueWait=5054ms, codec=c2.unisoc.avc.decoder, presented=24 (4fps), decodeLatency=unreadable (24 frames)
09-15 13:47:51.672 18485 18883 D OPENHU  : [80] Companion.decrypt | RECV: AUDIO Media Data type: 0 flags: 11 size: 8202 dataOffset: 2
09-15 13:47:51.714 18485 18883 D OPENHU  : [80] Companion.decrypt | RECV: AUDIO Media Data type: 0 flags: 11 size: 8202 dataOffset: 2
09-15 13:47:51.759 18485 18883 D OPENHU  : [80] Companion.decrypt | RECV: AUDIO Media Data type: 0 flags: 11 size: 8202 dataOffset: 2
09-15 13:47:51.801 18485 18883 D OPENHU  : [80] Companion.decrypt | RECV: CONTROL Ping Request type: 11 flags: 11 size: 12 dataOffset: 2
09-15 13:47:51.802 18485 18883 V OPENHU  : [80] AapTransport.send | CONTROL Ping Response type: 12 flags: 11 size: 14 dataOffset: 6
09-15 13:47:51.808 18485 18883 D OPENHU  : [80] Companion.decrypt | RECV: AUDIO Media Data type: 0 flags: 11 size: 8202 dataOffset: 2
09-15 13:47:51.830 18485 18881 I OPENHU  : [78] VideoDecoder.logFeedPacing | Feed queue full - pacing the transport thread instead of shedding frames (+4 more since the last line)
09-15 13:47:51.843 18485 18883 D OPENHU  : [80] Companion.decrypt | RECV: AUDIO Media Data type: 0 flags: 11 size: 8202 dataOffset: 2
09-15 13:47:51.886 18485 18883 D OPENHU  : [80] Companion.decrypt | RECV: AUDIO Media Data type: 0 flags: 11 size: 8202 dataOffset: 2
09-15 13:47:51.931 18485 18883 D OPENHU  : [80] Companion.decrypt | RECV: AUDIO Media Data type: 0 flags: 11 size: 8202 dataOffset: 2
09-15 13:47:51.969 18485 18883 D OPENHU  : [80] Companion.decrypt | RECV: MUSIC_PLAYBACK Media Playback Status type: 32769 flags: 11 size: 17 dataOffset: 2
09-15 13:47:51.970 18485 18883 D OPENHU  : [80] AapMediaPlayback.processStatusPacket | AapMediaPlayback: status mediaSource='VLC', playbackSeconds(u32)=104, state=PLAYING
09-15 13:47:51.973 18485 18883 D OPENHU  : [80] Companion.decrypt | RECV: AUDIO Media Data type: 0 flags: 11 size: 8202 dataOffset: 2
09-15 13:47:51.996 18485 18485 V OPENHU  : [2] GpsLocation.onLocationChanged | GpsLocation: fix received
09-15 13:47:52.005 18485 18485 V OPENHU  : [2] AapTransport.send | SENSOR Sensor Event type: 32771 flags: 11 size: 46 dataOffset: 6
09-15 13:47:52.014 18485 18883 D OPENHU  : [80] Companion.decrypt | RECV: AUDIO Media Data type: 0 flags: 11 size: 8202 dataOffset: 2
09-15 13:47:52.056 18485 18883 D OPENHU  : [80] Companion.decrypt | RECV: AUDIO Media Data type: 0 flags: 11 size: 8202 dataOffset: 2
09-15 13:47:52.098 18485 18883 D OPENHU  : [80] Companion.decrypt | RECV: AUDIO Media Data type: 0 flags: 11 size: 8202 dataOffset: 2
09-15 13:47:52.141 18485 18883 D OPENHU  : [80] Companion.decrypt | RECV: AUDIO Media Data type: 0 flags: 11 size: 8202 dataOffset: 2
09-15 13:47:52.185 18485 18883 D OPENHU  : [80] Companion.decrypt | RECV: AUDIO Media Data type: 0 flags: 11 size: 8202 dataOffset: 2
09-15 13:47:52.226 18485 18883 D OPENHU  : [80] Companion.decrypt | RECV: AUDIO Media Data type: 0 flags: 11 size: 8202 dataOffset: 2
09-15 13:47:52.269 18485 18883 D OPENHU  : [80] Companion.decrypt | RECV: AUDIO Media Data type: 0 flags: 11 size: 8202 dataOffset: 2
09-15 13:47:52.313 18485 18883 D OPENHU  : [80] Companion.decrypt | RECV: AUDIO Media Data type: 0 flags: 11 size: 8202 dataOffset: 2
09-15 13:47:52.354 18485 18883 D OPENHU  : [80] Companion.decrypt | RECV: AUDIO Media Data type: 0 flags: 11 size: 8202 dataOffset: 2
09-15 13:47:52.399 18485 18883 D OPENHU  : [80] Companion.decrypt | RECV: AUDIO Media Data type: 0 flags: 11 size: 8202 dataOffset: 2
09-15 13:47:52.440 18485 18883 D OPENHU  : [80] Companion.decrypt | RECV: AUDIO Media Data type: 0 flags: 11 size: 8202 dataOffset: 2
09-15 13:47:52.483 18485 18883 D OPENHU  : [80] Companion.decrypt | RECV: AUDIO Media Data type: 0 flags: 11 size: 8202 dataOffset: 2
09-15 13:47:52.535 18485 18883 D OPENHU  : [80] Companion.decrypt | RECV: AUDIO Media Data type: 0 flags: 11 size: 8202 dataOffset: 2
09-15 13:47:52.575 18485 18883 D OPENHU  : [80] Companion.decrypt | RECV: AUDIO Media Data type: 0 flags: 11 size: 8202 dataOffset: 2
09-15 13:47:52.610 18485 18883 D OPENHU  : [80] Companion.decrypt | RECV: AUDIO Media Data type: 0 flags: 11 size: 8202 dataOffset: 2
09-15 13:47:52.656 18485 18883 D OPENHU  : [80] Companion.decrypt | RECV: AUDIO Media Data type: 0 flags: 11 size: 8202 dataOffset: 2
09-15 13:47:52.696 18485 18883 D OPENHU  : [80] Companion.decrypt | RECV: AUDIO Media Data type: 0 flags: 11 size: 8202 dataOffset: 2
09-15 13:47:52.738 18485 18883 D OPENHU  : [80] Companion.decrypt | RECV: AUDIO Media Data type: 0 flags: 11 size: 8202 dataOffset: 2
09-15 13:47:52.783 18485 18883 D OPENHU  : [80] Companion.decrypt | RECV: AUDIO Media Data type: 0 flags: 11 size: 8202 dataOffset: 2
09-15 13:47:52.806 18485 18883 D OPENHU  : [80] Companion.decrypt | RECV: CONTROL Ping Request type: 11 flags: 11 size: 12 dataOffset: 2
09-15 13:47:52.807 18485 18883 V OPENHU  : [80] AapTransport.send | CONTROL Ping Response type: 12 flags: 11 size: 14 dataOffset: 6
09-15 13:47:52.823 18485 18883 D OPENHU  : [80] Companion.decrypt | RECV: AUDIO Media Data type: 0 flags: 11 size: 8202 dataOffset: 2
09-15 13:47:52.845 18485 18881 I OPENHU  : [78] VideoDecoder.logFeedPacing | Feed queue full - pacing the transport thread instead of shedding frames (+4 more since the last line)
09-15 13:47:52.869 18485 18883 D OPENHU  : [80] Companion.decrypt | RECV: AUDIO Media Data type: 0 flags: 11 size: 8202 dataOffset: 2
09-15 13:47:52.909 18485 18883 D OPENHU  : [80] Companion.decrypt | RECV: AUDIO Media Data type: 0 flags: 11 size: 8202 dataOffset: 2
09-15 13:47:52.952 18485 18883 D OPENHU  : [80] Companion.decrypt | RECV: AUDIO Media Data type: 0 flags: 11 size: 8202 dataOffset: 2
09-15 13:47:52.971 18485 18883 D OPENHU  : [80] Companion.decrypt | RECV: MUSIC_PLAYBACK Media Playback Status type: 32769 flags: 11 size: 17 dataOffset: 2
09-15 13:47:52.972 18485 18883 D OPENHU  : [80] AapMediaPlayback.processStatusPacket | AapMediaPlayback: status mediaSource='VLC', playbackSeconds(u32)=105, state=PLAYING
09-15 13:47:52.996 18485 18883 D OPENHU  : [80] Companion.decrypt | RECV: AUDIO Media Data type: 0 flags: 11 size: 8202 dataOffset: 2
09-15 13:47:53.032 18485 18485 V OPENHU  : [2] GpsLocation.onLocationChanged | GpsLocation: fix received
09-15 13:47:53.037 18485 18883 D OPENHU  : [80] Companion.decrypt | RECV: AUDIO Media Data type: 0 flags: 11 size: 8202 dataOffset: 2
09-15 13:47:53.039 18485 18485 V OPENHU  : [2] AapTransport.send | SENSOR Sensor Event type: 32771 flags: 11 size: 46 dataOffset: 6
09-15 13:47:53.080 18485 18883 D OPENHU  : [80] Companion.decrypt | RECV: AUDIO Media Data type: 0 flags: 11 size: 8202 dataOffset: 2
09-15 13:47:53.123 18485 18883 D OPENHU  : [80] Companion.decrypt | RECV: AUDIO Media Data type: 0 flags: 11 size: 8202 dataOffset: 2
09-15 13:47:53.167 18485 18883 D OPENHU  : [80] Companion.decrypt | RECV: AUDIO Media Data type: 0 flags: 11 size: 8202 dataOffset: 2
09-15 13:47:53.209 18485 18883 D OPENHU  : [80] Companion.decrypt | RECV: AUDIO Media Data type: 0 flags: 11 size: 8202 dataOffset: 2
09-15 13:47:53.252 18485 18883 D OPENHU  : [80] Companion.decrypt | RECV: AUDIO Media Data type: 0 flags: 11 size: 8202 dataOffset: 2
09-15 13:47:53.295 18485 18883 D OPENHU  : [80] Companion.decrypt | RECV: AUDIO Media Data type: 0 flags: 11 size: 8202 dataOffset: 2
09-15 13:47:53.335 18485 18883 D OPENHU  : [80] Companion.decrypt | RECV: AUDIO Media Data type: 0 flags: 11 size: 8202 dataOffset: 2
09-15 13:47:53.379 18485 18883 D OPENHU  : [80] Companion.decrypt | RECV: AUDIO Media Data type: 0 flags: 11 size: 8202 dataOffset: 2
09-15 13:47:53.421 18485 18883 D OPENHU  : [80] Companion.decrypt | RECV: AUDIO Media Data type: 0 flags: 11 size: 8202 dataOffset: 2
09-15 13:47:53.462 18485 18883 D OPENHU  : [80] Companion.decrypt | RECV: AUDIO Media Data type: 0 flags: 11 size: 8202 dataOffset: 2
09-15 13:47:53.505 18485 18883 D OPENHU  : [80] Companion.decrypt | RECV: AUDIO Media Data type: 0 flags: 11 size: 8202 dataOffset: 2
09-15 13:47:53.548 18485 18883 D OPENHU  : [80] Companion.decrypt | RECV: AUDIO Media Data type: 0 flags: 11 size: 8202 dataOffset: 2
09-15 13:47:53.593 18485 18883 D OPENHU  : [80] Companion.decrypt | RECV: AUDIO Media Data type: 0 flags: 11 size: 8202 dataOffset: 2
09-15 13:47:53.634 18485 18883 D OPENHU  : [80] Companion.decrypt | RECV: AUDIO Media Data type: 0 flags: 11 size: 8202 dataOffset: 2
09-15 13:47:53.679 18485 18883 D OPENHU  : [80] Companion.decrypt | RECV: AUDIO Media Data type: 0 flags: 11 size: 8202 dataOffset: 2
09-15 13:47:53.720 18485 18883 D OPENHU  : [80] Companion.decrypt | RECV: AUDIO Media Data type: 0 flags: 11 size: 8202 dataOffset: 2
09-15 13:47:53.762 18485 18883 D OPENHU  : [80] Companion.decrypt | RECV: AUDIO Media Data type: 0 flags: 11 size: 8202 dataOffset: 2
09-15 13:47:53.807 18485 18883 D OPENHU  : [80] Companion.decrypt | RECV: CONTROL Ping Request type: 11 flags: 11 size: 12 dataOffset: 2
09-15 13:47:53.809 18485 18883 V OPENHU  : [80] AapTransport.send | CONTROL Ping Response type: 12 flags: 11 size: 14 dataOffset: 6
09-15 13:47:53.811 18485 18883 D OPENHU  : [80] Companion.decrypt | RECV: AUDIO Media Data type: 0 flags: 11 size: 8202 dataOffset: 2
09-15 13:47:53.853 18485 18883 D OPENHU  : [80] Companion.decrypt | RECV: AUDIO Media Data type: 0 flags: 11 size: 8202 dataOffset: 2
09-15 13:47:53.863 18485 18881 I OPENHU  : [78] VideoDecoder.logFeedPacing | Feed queue full - pacing the transport thread instead of shedding frames (+4 more since the last line)
09-15 13:47:53.891 18485 18883 D OPENHU  : [80] Companion.decrypt | RECV: AUDIO Media Data type: 0 flags: 11 size: 8202 dataOffset: 2
09-15 13:47:53.936 18485 18883 D OPENHU  : [80] Companion.decrypt | RECV: AUDIO Media Data type: 0 flags: 11 size: 8202 dataOffset: 2
09-15 13:47:53.975 18485 18883 D OPENHU  : [80] Companion.decrypt | RECV: MUSIC_PLAYBACK Media Playback Status type: 32769 flags: 11 size: 17 dataOffset: 2
09-15 13:47:53.976 18485 18883 D OPENHU  : [80] AapMediaPlayback.processStatusPacket | AapMediaPlayback: status mediaSource='VLC', playbackSeconds(u32)=106, state=PLAYING
09-15 13:47:53.978 18485 18883 D OPENHU  : [80] Companion.decrypt | RECV: AUDIO Media Data type: 0 flags: 11 size: 8202 dataOffset: 2
09-15 13:47:53.995 18485 18485 V OPENHU  : [2] GpsLocation.onLocationChanged | GpsLocation: fix received
09-15 13:47:54.004 18485 18485 V OPENHU  : [2] AapTransport.send | SENSOR Sensor Event type: 32771 flags: 11 size: 46 dataOffset: 6
09-15 13:47:54.019 18485 18883 D OPENHU  : [80] Companion.decrypt | RECV: AUDIO Media Data type: 0 flags: 11 size: 8202 dataOffset: 2
09-15 13:47:54.063 18485 18883 D OPENHU  : [80] Companion.decrypt | RECV: AUDIO Media Data type: 0 flags: 11 size: 8202 dataOffset: 2
09-15 13:47:54.103 18485 18883 D OPENHU  : [80] Companion.decrypt | RECV: AUDIO Media Data type: 0 flags: 11 size: 8202 dataOffset: 2
09-15 13:47:54.146 18485 18883 D OPENHU  : [80] Companion.decrypt | RECV: AUDIO Media Data type: 0 flags: 11 size: 8202 dataOffset: 2
09-15 13:47:54.189 18485 18883 D OPENHU  : [80] Companion.decrypt | RECV: AUDIO Media Data type: 0 flags: 11 size: 8202 dataOffset: 2
09-15 13:47:54.234 18485 18883 D OPENHU  : [80] Companion.decrypt | RECV: AUDIO Media Data type: 0 flags: 11 size: 8202 dataOffset: 2
09-15 13:47:54.276 18485 18883 D OPENHU  : [80] Companion.decrypt | RECV: AUDIO Media Data type: 0 flags: 11 size: 8202 dataOffset: 2
09-15 13:47:54.318 18485 18883 D OPENHU  : [80] Companion.decrypt | RECV: AUDIO Media Data type: 0 flags: 11 size: 8202 dataOffset: 2
09-15 13:47:54.359 18485 18883 D OPENHU  : [80] Companion.decrypt | RECV: AUDIO Media Data type: 0 flags: 11 size: 8202 dataOffset: 2
09-15 13:47:54.402 18485 18883 D OPENHU  : [80] Companion.decrypt | RECV: AUDIO Media Data type: 0 flags: 11 size: 8202 dataOffset: 2
09-15 13:47:54.446 18485 18883 D OPENHU  : [80] Companion.decrypt | RECV: AUDIO Media Data type: 0 flags: 11 size: 8202 dataOffset: 2
09-15 13:47:54.489 18485 18883 D OPENHU  : [80] Companion.decrypt | RECV: AUDIO Media Data type: 0 flags: 11 size: 8202 dataOffset: 2
09-15 13:47:54.533 18485 18883 D OPENHU  : [80] Companion.decrypt | RECV: AUDIO Media Data type: 0 flags: 11 size: 8202 dataOffset: 2
09-15 13:47:54.574 18485 18883 D OPENHU  : [80] Companion.decrypt | RECV: AUDIO Media Data type: 0 flags: 11 size: 8202 dataOffset: 2
09-15 13:47:54.617 18485 18883 D OPENHU  : [80] Companion.decrypt | RECV: AUDIO Media Data type: 0 flags: 11 size: 8202 dataOffset: 2
09-15 13:47:54.658 18485 18883 D OPENHU  : [80] Companion.decrypt | RECV: AUDIO Media Data type: 0 flags: 11 size: 8202 dataOffset: 2
09-15 13:47:54.696 18485 18485 I OPENHU  : [2] TextureProjectionView.onSurfaceTextureUpdated | TextureProjectionView: displayed 25 frames in 5071ms (4fps), longFrames=0
09-15 13:47:54.702 18485 18883 D OPENHU  : [80] Companion.decrypt | RECV: AUDIO Media Data type: 0 flags: 11 size: 8202 dataOffset: 2
09-15 13:47:54.744 18485 18883 D OPENHU  : [80] Companion.decrypt | RECV: AUDIO Media Data type: 0 flags: 11 size: 8202 dataOffset: 2
09-15 13:47:54.788 18485 18883 D OPENHU  : [80] Companion.decrypt | RECV: AUDIO Media Data type: 0 flags: 11 size: 8202 dataOffset: 2
09-15 13:47:54.802 18485 18883 D OPENHU  : [80] Companion.decrypt | RECV: CONTROL Ping Request type: 11 flags: 11 size: 12 dataOffset: 2
09-15 13:47:54.803 18485 18883 V OPENHU  : [80] AapTransport.send | CONTROL Ping Response type: 12 flags: 11 size: 14 dataOffset: 6
09-15 13:47:54.829 18485 18883 D OPENHU  : [80] Companion.decrypt | RECV: AUDIO Media Data type: 0 flags: 11 size: 8202 dataOffset: 2
09-15 13:47:54.873 18485 18883 D OPENHU  : [80] Companion.decrypt | RECV: AUDIO Media Data type: 0 flags: 11 size: 8202 dataOffset: 2
09-15 13:47:54.875 18485 18881 I OPENHU  : [78] VideoDecoder.logFeedPacing | Feed queue full - pacing the transport thread instead of shedding frames (+4 more since the last line)
09-15 13:47:54.914 18485 18883 D OPENHU  : [80] Companion.decrypt | RECV: AUDIO Media Data type: 0 flags: 11 size: 8202 dataOffset: 2
09-15 13:47:54.957 18485 18883 D OPENHU  : [80] Companion.decrypt | RECV: AUDIO Media Data type: 0 flags: 11 size: 8202 dataOffset: 2
09-15 13:47:54.978 18485 18883 D OPENHU  : [80] Companion.decrypt | RECV: MUSIC_PLAYBACK Media Playback Status type: 32769 flags: 11 size: 17 dataOffset: 2
09-15 13:47:54.979 18485 18883 D OPENHU  : [80] AapMediaPlayback.processStatusPacket | AapMediaPlayback: status mediaSource='VLC', playbackSeconds(u32)=107, state=PLAYING
09-15 13:47:55.001 18485 18883 D OPENHU  : [80] Companion.decrypt | RECV: AUDIO Media Data type: 0 flags: 11 size: 8202 dataOffset: 2
09-15 13:47:55.032 18485 18485 V OPENHU  : [2] GpsLocation.onLocationChanged | GpsLocation: fix received
09-15 13:47:55.040 18485 18485 V OPENHU  : [2] AapTransport.send | SENSOR Sensor Event type: 32771 flags: 11 size: 46 dataOffset: 6
09-15 13:47:55.043 18485 18883 D OPENHU  : [80] Companion.decrypt | RECV: AUDIO Media Data type: 0 flags: 11 size: 8202 dataOffset: 2
09-15 13:47:55.087 18485 18883 D OPENHU  : [80] Companion.decrypt | RECV: AUDIO Media Data type: 0 flags: 11 size: 8202 dataOffset: 2
09-15 13:47:55.133 18485 18883 D OPENHU  : [80] Companion.decrypt | RECV: AUDIO Media Data type: 0 flags: 11 size: 8202 dataOffset: 2
09-15 13:47:55.173 18485 18883 D OPENHU  : [80] Companion.decrypt | RECV: AUDIO Media Data type: 0 flags: 11 size: 8202 dataOffset: 2
09-15 13:47:55.214 18485 18883 D OPENHU  : [80] Companion.decrypt | RECV: AUDIO Media Data type: 0 flags: 11 size: 8202 dataOffset: 2
09-15 13:47:55.256 18485 18883 D OPENHU  : [80] Companion.decrypt | RECV: AUDIO Media Data type: 0 flags: 11 size: 8202 dataOffset: 2
09-15 13:47:55.300 18485 18883 D OPENHU  : [80] Companion.decrypt | RECV: AUDIO Media Data type: 0 flags: 11 size: 8202 dataOffset: 2
09-15 13:47:55.342 18485 18883 D OPENHU  : [80] Companion.decrypt | RECV: AUDIO Media Data type: 0 flags: 11 size: 8202 dataOffset: 2
09-15 13:47:55.385 18485 18883 D OPENHU  : [80] Companion.decrypt | RECV: AUDIO Media Data type: 0 flags: 11 size: 8202 dataOffset: 2
09-15 13:47:55.428 18485 18883 D OPENHU  : [80] Companion.decrypt | RECV: AUDIO Media Data type: 0 flags: 11 size: 8202 dataOffset: 2
09-15 13:47:55.473 18485 18883 D OPENHU  : [80] Companion.decrypt | RECV: AUDIO Media Data type: 0 flags: 11 size: 8202 dataOffset: 2
09-15 13:47:55.513 18485 18883 D OPENHU  : [80] Companion.decrypt | RECV: AUDIO Media Data type: 0 flags: 11 size: 8202 dataOffset: 2
09-15 13:47:55.556 18485 18883 D OPENHU  : [80] Companion.decrypt | RECV: AUDIO Media Data type: 0 flags: 11 size: 8202 dataOffset: 2
09-15 13:47:55.599 18485 18883 D OPENHU  : [80] Companion.decrypt | RECV: AUDIO Media Data type: 0 flags: 11 size: 8202 dataOffset: 2
09-15 13:47:55.640 18485 18883 D OPENHU  : [80] Companion.decrypt | RECV: AUDIO Media Data type: 0 flags: 11 size: 8202 dataOffset: 2
09-15 13:47:55.684 18485 18883 D OPENHU  : [80] Companion.decrypt | RECV: AUDIO Media Data type: 0 flags: 11 size: 8202 dataOffset: 2
09-15 13:47:55.732 18485 18883 D OPENHU  : [80] Companion.decrypt | RECV: AUDIO Media Data type: 0 flags: 11 size: 8202 dataOffset: 2
09-15 13:47:55.771 18485 18883 D OPENHU  : [80] Companion.decrypt | RECV: AUDIO Media Data type: 0 flags: 11 size: 8202 dataOffset: 2
09-15 13:47:55.805 18485 18883 D OPENHU  : [80] Companion.decrypt | RECV: CONTROL Ping Request type: 11 flags: 11 size: 12 dataOffset: 2
09-15 13:47:55.808 18485 18883 V OPENHU  : [80] AapTransport.send | CONTROL Ping Response type: 12 flags: 11 size: 14 dataOffset: 6
09-15 13:47:55.812 18485 18883 D OPENHU  : [80] Companion.decrypt | RECV: AUDIO Media Data type: 0 flags: 11 size: 8202 dataOffset: 2
09-15 13:47:55.854 18485 18883 D OPENHU  : [80] Companion.decrypt | RECV: AUDIO Media Data type: 0 flags: 11 size: 8202 dataOffset: 2
09-15 13:47:55.890 18485 18881 I OPENHU  : [78] VideoDecoder.logFeedPacing | Feed queue full - pacing the transport thread instead of shedding frames (+4 more since the last line)
09-15 13:47:55.895 18485 18883 D OPENHU  : [80] Companion.decrypt | RECV: AUDIO Media Data type: 0 flags: 11 size: 8202 dataOffset: 2
09-15 13:47:55.939 18485 18883 D OPENHU  : [80] Companion.decrypt | RECV: AUDIO Media Data type: 0 flags: 11 size: 8202 dataOffset: 2
09-15 13:47:55.981 18485 18883 D OPENHU  : [80] Companion.decrypt | RECV: AUDIO Media Data type: 0 flags: 11 size: 8202 dataOffset: 2
09-15 13:47:55.984 18485 18883 D OPENHU  : [80] Companion.decrypt | RECV: MUSIC_PLAYBACK Media Playback Status type: 32769 flags: 11 size: 17 dataOffset: 2
09-15 13:47:55.985 18485 18883 D OPENHU  : [80] AapMediaPlayback.processStatusPacket | AapMediaPlayback: status mediaSource='VLC', playbackSeconds(u32)=108, state=PLAYING
09-15 13:47:55.994 18485 18485 V OPENHU  : [2] GpsLocation.onLocationChanged | GpsLocation: fix received
09-15 13:47:56.004 18485 18485 V OPENHU  : [2] AapTransport.send | SENSOR Sensor Event type: 32771 flags: 11 size: 46 dataOffset: 6
09-15 13:47:56.023 18485 18883 D OPENHU  : [80] Companion.decrypt | RECV: AUDIO Media Data type: 0 flags: 11 size: 8202 dataOffset: 2
09-15 13:47:56.072 18485 18883 D OPENHU  : [80] Companion.decrypt | RECV: AUDIO Media Data type: 0 flags: 11 size: 8202 dataOffset: 2
09-15 13:47:56.109 18485 18883 D OPENHU  : [80] Companion.decrypt | RECV: AUDIO Media Data type: 0 flags: 11 size: 8202 dataOffset: 2
09-15 13:47:56.152 18485 18883 D OPENHU  : [80] Companion.decrypt | RECV: AUDIO Media Data type: 0 flags: 11 size: 8202 dataOffset: 2
09-15 13:47:56.194 18485 18883 D OPENHU  : [80] Companion.decrypt | RECV: AUDIO Media Data type: 0 flags: 11 size: 8202 dataOffset: 2
09-15 13:47:56.237 18485 18883 D OPENHU  : [80] Companion.decrypt | RECV: AUDIO Media Data type: 0 flags: 11 size: 8202 dataOffset: 2
09-15 13:47:56.280 18485 18883 D OPENHU  : [80] Companion.decrypt | RECV: AUDIO Media Data type: 0 flags: 11 size: 8202 dataOffset: 2
09-15 13:47:56.325 18485 18883 D OPENHU  : [80] Companion.decrypt | RECV: AUDIO Media Data type: 0 flags: 11 size: 8202 dataOffset: 2
09-15 13:47:56.368 18485 18883 D OPENHU  : [80] Companion.decrypt | RECV: AUDIO Media Data type: 0 flags: 11 size: 8202 dataOffset: 2
09-15 13:47:56.410 18485 18883 D OPENHU  : [80] Companion.decrypt | RECV: AUDIO Media Data type: 0 flags: 11 size: 8202 dataOffset: 2
09-15 13:47:56.452 18485 18883 D OPENHU  : [80] Companion.decrypt | RECV: AUDIO Media Data type: 0 flags: 11 size: 8202 dataOffset: 2
09-15 13:47:56.494 18485 18883 D OPENHU  : [80] Companion.decrypt | RECV: AUDIO Media Data type: 0 flags: 11 size: 8202 dataOffset: 2
09-15 13:47:56.537 18485 18883 D OPENHU  : [80] Companion.decrypt | RECV: AUDIO Media Data type: 0 flags: 11 size: 8202 dataOffset: 2
09-15 13:47:56.580 18485 18883 D OPENHU  : [80] Companion.decrypt | RECV: AUDIO Media Data type: 0 flags: 11 size: 8202 dataOffset: 2
09-15 13:47:56.621 18485 18883 D OPENHU  : [80] Companion.decrypt | RECV: AUDIO Media Data type: 0 flags: 11 size: 8202 dataOffset: 2
09-15 13:47:56.644 18485 18907 I OPENHU  : [89] VideoDecoder.logThroughput | Throughput over 5008ms: rendered=25 (4fps), fed=24 (4fps), dropped=0, skipped=0, concealed=0, inputWait=8ms, enqueueWait=4849ms, codec=c2.unisoc.avc.decoder, presented=25 (4fps), decodeLatency=unreadable (25 frames)
09-15 13:47:56.664 18485 18883 D OPENHU  : [80] Companion.decrypt | RECV: AUDIO Media Data type: 0 flags: 11 size: 8202 dataOffset: 2
09-15 13:47:56.708 18485 18883 D OPENHU  : [80] Companion.decrypt | RECV: AUDIO Media Data type: 0 flags: 11 size: 8202 dataOffset: 2
09-15 13:47:56.751 18485 18883 D OPENHU  : [80] Companion.decrypt | RECV: AUDIO Media Data type: 0 flags: 11 size: 8202 dataOffset: 2
09-15 13:47:56.791 18485 18883 D OPENHU  : [80] Companion.decrypt | RECV: AUDIO Media Data type: 0 flags: 11 size: 8202 dataOffset: 2
09-15 13:47:56.804 18485 18883 D OPENHU  : [80] Companion.decrypt | RECV: CONTROL Ping Request type: 11 flags: 11 size: 12 dataOffset: 2
09-15 13:47:56.805 18485 18883 V OPENHU  : [80] AapTransport.send | CONTROL Ping Response type: 12 flags: 11 size: 14 dataOffset: 6
09-15 13:47:56.835 18485 18883 D OPENHU  : [80] Companion.decrypt | RECV: AUDIO Media Data type: 0 flags: 11 size: 8202 dataOffset: 2
09-15 13:47:56.877 18485 18883 D OPENHU  : [80] Companion.decrypt | RECV: AUDIO Media Data type: 0 flags: 11 size: 8202 dataOffset: 2
09-15 13:47:56.902 18485 18881 I OPENHU  : [78] VideoDecoder.logFeedPacing | Feed queue full - pacing the transport thread instead of shedding frames (+4 more since the last line)
09-15 13:47:56.923 18485 18883 D OPENHU  : [80] Companion.decrypt | RECV: AUDIO Media Data type: 0 flags: 11 size: 8202 dataOffset: 2
09-15 13:47:56.966 18485 18883 D OPENHU  : [80] Companion.decrypt | RECV: AUDIO Media Data type: 0 flags: 11 size: 8202 dataOffset: 2
09-15 13:47:56.988 18485 18883 D OPENHU  : [80] Companion.decrypt | RECV: MUSIC_PLAYBACK Media Playback Status type: 32769 flags: 11 size: 17 dataOffset: 2
09-15 13:47:56.989 18485 18883 D OPENHU  : [80] AapMediaPlayback.processStatusPacket | AapMediaPlayback: status mediaSource='VLC', playbackSeconds(u32)=109, state=PLAYING
09-15 13:47:57.007 18485 18883 D OPENHU  : [80] Companion.decrypt | RECV: AUDIO Media Data type: 0 flags: 11 size: 8202 dataOffset: 2
09-15 13:47:57.032 18485 18485 V OPENHU  : [2] GpsLocation.onLocationChanged | GpsLocation: fix received
09-15 13:47:57.040 18485 18485 V OPENHU  : [2] AapTransport.send | SENSOR Sensor Event type: 32771 flags: 11 size: 46 dataOffset: 6
09-15 13:47:57.052 18485 18883 D OPENHU  : [80] Companion.decrypt | RECV: AUDIO Media Data type: 0 flags: 11 size: 8202 dataOffset: 2
09-15 13:47:57.090 18485 18883 D OPENHU  : [80] Companion.decrypt | RECV: AUDIO Media Data type: 0 flags: 11 size: 8202 dataOffset: 2
09-15 13:47:57.133 18485 18883 D OPENHU  : [80] Companion.decrypt | RECV: AUDIO Media Data type: 0 flags: 11 size: 8202 dataOffset: 2
09-15 13:47:57.175 18485 18883 D OPENHU  : [80] Companion.decrypt | RECV: AUDIO Media Data type: 0 flags: 11 size: 8202 dataOffset: 2
09-15 13:47:57.217 18485 18883 D OPENHU  : [80] Companion.decrypt | RECV: AUDIO Media Data type: 0 flags: 11 size: 8202 dataOffset: 2
09-15 13:47:57.260 18485 18883 D OPENHU  : [80] Companion.decrypt | RECV: AUDIO Media Data type: 0 flags: 11 size: 8202 dataOffset: 2
09-15 13:47:57.303 18485 18883 D OPENHU  : [80] Companion.decrypt | RECV: AUDIO Media Data type: 0 flags: 11 size: 8202 dataOffset: 2
09-15 13:47:57.347 18485 18883 D OPENHU  : [80] Companion.decrypt | RECV: AUDIO Media Data type: 0 flags: 11 size: 8202 dataOffset: 2
09-15 13:47:57.388 18485 18883 D OPENHU  : [80] Companion.decrypt | RECV: AUDIO Media Data type: 0 flags: 11 size: 8202 dataOffset: 2
09-15 13:47:57.433 18485 18883 D OPENHU  : [80] Companion.decrypt | RECV: AUDIO Media Data type: 0 flags: 11 size: 8202 dataOffset: 2
09-15 13:47:57.475 18485 18883 D OPENHU  : [80] Companion.decrypt | RECV: AUDIO Media Data type: 0 flags: 11 size: 8202 dataOffset: 2
09-15 13:47:57.516 18485 18883 D OPENHU  : [80] Companion.decrypt | RECV: AUDIO Media Data type: 0 flags: 11 size: 8202 dataOffset: 2
09-15 13:47:57.560 18485 18883 D OPENHU  : [80] Companion.decrypt | RECV: AUDIO Media Data type: 0 flags: 11 size: 8202 dataOffset: 2
09-15 13:47:57.603 18485 18883 D OPENHU  : [80] Companion.decrypt | RECV: AUDIO Media Data type: 0 flags: 11 size: 8202 dataOffset: 2
09-15 13:47:57.647 18485 18883 D OPENHU  : [80] Companion.decrypt | RECV: AUDIO Media Data type: 0 flags: 11 size: 8202 dataOffset: 2
09-15 13:47:57.695 18485 18883 D OPENHU  : [80] Companion.decrypt | RECV: AUDIO Media Data type: 0 flags: 11 size: 8202 dataOffset: 2
09-15 13:47:57.733 18485 18883 D OPENHU  : [80] Companion.decrypt | RECV: AUDIO Media Data type: 0 flags: 11 size: 8202 dataOffset: 2
09-15 13:47:57.774 18485 18883 D OPENHU  : [80] Companion.decrypt | RECV: AUDIO Media Data type: 0 flags: 11 size: 8202 dataOffset: 2
09-15 13:47:57.806 18485 18883 D OPENHU  : [80] Companion.decrypt | RECV: CONTROL Ping Request type: 11 flags: 11 size: 12 dataOffset: 2
09-15 13:47:57.807 18485 18883 V OPENHU  : [80] AapTransport.send | CONTROL Ping Response type: 12 flags: 11 size: 14 dataOffset: 6
09-15 13:47:57.816 18485 18883 D OPENHU  : [80] Companion.decrypt | RECV: AUDIO Media Data type: 0 flags: 11 size: 8202 dataOffset: 2
09-15 13:47:57.857 18485 18883 D OPENHU  : [80] Companion.decrypt | RECV: AUDIO Media Data type: 0 flags: 11 size: 8202 dataOffset: 2
09-15 13:47:57.900 18485 18883 D OPENHU  : [80] Companion.decrypt | RECV: AUDIO Media Data type: 0 flags: 11 size: 8202 dataOffset: 2
09-15 13:47:57.915 18485 18881 I OPENHU  : [78] VideoDecoder.logFeedPacing | Feed queue full - pacing the transport thread instead of shedding frames (+4 more since the last line)
09-15 13:47:57.944 18485 18883 D OPENHU  : [80] Companion.decrypt | RECV: AUDIO Media Data type: 0 flags: 11 size: 8202 dataOffset: 2
09-15 13:47:57.988 18485 18883 D OPENHU  : [80] Companion.decrypt | RECV: AUDIO Media Data type: 0 flags: 11 size: 8202 dataOffset: 2
09-15 13:47:57.992 18485 18883 D OPENHU  : [80] Companion.decrypt | RECV: MUSIC_PLAYBACK Media Playback Status type: 32769 flags: 11 size: 17 dataOffset: 2
09-15 13:47:57.993 18485 18883 D OPENHU  : [80] AapMediaPlayback.processStatusPacket | AapMediaPlayback: status mediaSource='VLC', playbackSeconds(u32)=110, state=PLAYING
09-15 13:47:57.996 18485 18485 V OPENHU  : [2] GpsLocation.onLocationChanged | GpsLocation: fix received
09-15 13:47:58.004 18485 18485 V OPENHU  : [2] AapTransport.send | SENSOR Sensor Event type: 32771 flags: 11 size: 46 dataOffset: 6
09-15 13:47:58.032 18485 18883 D OPENHU  : [80] Companion.decrypt | RECV: AUDIO Media Data type: 0 flags: 11 size: 8202 dataOffset: 2
09-15 13:47:58.076 18485 18883 D OPENHU  : [80] Companion.decrypt | RECV: AUDIO Media Data type: 0 flags: 11 size: 8202 dataOffset: 2
09-15 13:47:58.116 18485 18883 D OPENHU  : [80] Companion.decrypt | RECV: AUDIO Media Data type: 0 flags: 11 size: 8202 dataOffset: 2
09-15 13:47:58.158 18485 18883 D OPENHU  : [80] Companion.decrypt | RECV: AUDIO Media Data type: 0 flags: 11 size: 8202 dataOffset: 2
09-15 13:47:58.200 18485 18883 D OPENHU  : [80] Companion.decrypt | RECV: AUDIO Media Data type: 0 flags: 11 size: 8202 dataOffset: 2
09-15 13:47:58.245 18485 18883 D OPENHU  : [80] Companion.decrypt | RECV: AUDIO Media Data type: 0 flags: 11 size: 8202 dataOffset: 2
09-15 13:47:58.290 18485 18883 D OPENHU  : [80] Companion.decrypt | RECV: AUDIO Media Data type: 0 flags: 11 size: 8202 dataOffset: 2
09-15 13:47:58.330 18485 18883 D OPENHU  : [80] Companion.decrypt | RECV: AUDIO Media Data type: 0 flags: 11 size: 8202 dataOffset: 2
09-15 13:47:58.371 18485 18883 D OPENHU  : [80] Companion.decrypt | RECV: AUDIO Media Data type: 0 flags: 11 size: 8202 dataOffset: 2
09-15 13:47:58.415 18485 18883 D OPENHU  : [80] Companion.decrypt | RECV: AUDIO Media Data type: 0 flags: 11 size: 8202 dataOffset: 2
09-15 13:47:58.456 18485 18883 D OPENHU  : [80] Companion.decrypt | RECV: AUDIO Media Data type: 0 flags: 11 size: 8202 dataOffset: 2
09-15 13:47:58.499 18485 18883 D OPENHU  : [80] Companion.decrypt | RECV: AUDIO Media Data type: 0 flags: 11 size: 8202 dataOffset: 2
09-15 13:47:58.541 18485 18883 D OPENHU  : [80] Companion.decrypt | RECV: AUDIO Media Data type: 0 flags: 11 size: 8202 dataOffset: 2
09-15 13:47:58.585 18485 18883 D OPENHU  : [80] Companion.decrypt | RECV: AUDIO Media Data type: 0 flags: 11 size: 8202 dataOffset: 2
09-15 13:47:58.626 18485 18883 D OPENHU  : [80] Companion.decrypt | RECV: AUDIO Media Data type: 0 flags: 11 size: 8202 dataOffset: 2
09-15 13:47:58.669 18485 18883 D OPENHU  : [80] Companion.decrypt | RECV: AUDIO Media Data type: 0 flags: 11 size: 8202 dataOffset: 2
09-15 13:47:58.711 18485 18883 D OPENHU  : [80] Companion.decrypt | RECV: AUDIO Media Data type: 0 flags: 11 size: 8202 dataOffset: 2
09-15 13:47:58.754 18485 18883 D OPENHU  : [80] Companion.decrypt | RECV: AUDIO Media Data type: 0 flags: 11 size: 8202 dataOffset: 2
09-15 13:47:58.796 18485 18883 D OPENHU  : [80] Companion.decrypt | RECV: AUDIO Media Data type: 0 flags: 11 size: 8202 dataOffset: 2
09-15 13:47:58.805 18485 18883 D OPENHU  : [80] Companion.decrypt | RECV: CONTROL Ping Request type: 11 flags: 11 size: 12 dataOffset: 2
09-15 13:47:58.806 18485 18883 V OPENHU  : [80] AapTransport.send | CONTROL Ping Response type: 12 flags: 11 size: 14 dataOffset: 6
09-15 13:47:58.840 18485 18883 D OPENHU  : [80] Companion.decrypt | RECV: AUDIO Media Data type: 0 flags: 11 size: 8202 dataOffset: 2
09-15 13:47:58.884 18485 18883 D OPENHU  : [80] Companion.decrypt | RECV: AUDIO Media Data type: 0 flags: 11 size: 8202 dataOffset: 2
09-15 13:47:58.927 18485 18883 D OPENHU  : [80] Companion.decrypt | RECV: AUDIO Media Data type: 0 flags: 11 size: 8202 dataOffset: 2
09-15 13:47:58.931 18485 18881 I OPENHU  : [78] VideoDecoder.logFeedPacing | Feed queue full - pacing the transport thread instead of shedding frames (+4 more since the last line)
09-15 13:47:58.968 18485 18883 D OPENHU  : [80] Companion.decrypt | RECV: AUDIO Media Data type: 0 flags: 11 size: 8202 dataOffset: 2
09-15 13:47:58.989 18485 18883 D OPENHU  : [80] Companion.decrypt | RECV: MUSIC_PLAYBACK Media Playback Status type: 32769 flags: 11 size: 17 dataOffset: 2
09-15 13:47:58.990 18485 18883 D OPENHU  : [80] AapMediaPlayback.processStatusPacket | AapMediaPlayback: status mediaSource='VLC', playbackSeconds(u32)=111, state=PLAYING
09-15 13:47:59.011 18485 18883 D OPENHU  : [80] Companion.decrypt | RECV: AUDIO Media Data type: 0 flags: 11 size: 8202 dataOffset: 2
09-15 13:47:59.032 18485 18485 V OPENHU  : [2] GpsLocation.onLocationChanged | GpsLocation: fix received
09-15 13:47:59.041 18485 18485 V OPENHU  : [2] AapTransport.send | SENSOR Sensor Event type: 32771 flags: 11 size: 46 dataOffset: 6
09-15 13:47:59.055 18485 18883 D OPENHU  : [80] Companion.decrypt | RECV: AUDIO Media Data type: 0 flags: 11 size: 8202 dataOffset: 2
09-15 13:47:59.097 18485 18883 D OPENHU  : [80] Companion.decrypt | RECV: AUDIO Media Data type: 0 flags: 11 size: 8202 dataOffset: 2
09-15 13:47:59.138 18485 18883 D OPENHU  : [80] Companion.decrypt | RECV: AUDIO Media Data type: 0 flags: 11 size: 8202 dataOffset: 2
09-15 13:47:59.184 18485 18883 D OPENHU  : [80] Companion.decrypt | RECV: AUDIO Media Data type: 0 flags: 11 size: 8202 dataOffset: 2
09-15 13:47:59.224 18485 18883 D OPENHU  : [80] Companion.decrypt | RECV: AUDIO Media Data type: 0 flags: 11 size: 8202 dataOffset: 2
09-15 13:47:59.266 18485 18883 D OPENHU  : [80] Companion.decrypt | RECV: AUDIO Media Data type: 0 flags: 11 size: 8202 dataOffset: 2
09-15 13:47:59.308 18485 18883 D OPENHU  : [80] Companion.decrypt | RECV: AUDIO Media Data type: 0 flags: 11 size: 8202 dataOffset: 2
09-15 13:47:59.353 18485 18883 D OPENHU  : [80] Companion.decrypt | RECV: AUDIO Media Data type: 0 flags: 11 size: 8202 dataOffset: 2
09-15 13:47:59.395 18485 18883 D OPENHU  : [80] Companion.decrypt | RECV: AUDIO Media Data type: 0 flags: 11 size: 8202 dataOffset: 2
09-15 13:47:59.438 18485 18883 D OPENHU  : [80] Companion.decrypt | RECV: AUDIO Media Data type: 0 flags: 11 size: 8202 dataOffset: 2
09-15 13:47:59.479 18485 18883 D OPENHU  : [80] Companion.decrypt | RECV: AUDIO Media Data type: 0 flags: 11 size: 8202 dataOffset: 2
09-15 13:47:59.522 18485 18883 D OPENHU  : [80] Companion.decrypt | RECV: AUDIO Media Data type: 0 flags: 11 size: 8202 dataOffset: 2
09-15 13:47:59.564 18485 18883 D OPENHU  : [80] Companion.decrypt | RECV: AUDIO Media Data type: 0 flags: 11 size: 8202 dataOffset: 2
09-15 13:47:59.610 18485 18883 D OPENHU  : [80] Companion.decrypt | RECV: AUDIO Media Data type: 0 flags: 11 size: 8202 dataOffset: 2
09-15 13:47:59.653 18485 18883 D OPENHU  : [80] Companion.decrypt | RECV: AUDIO Media Data type: 0 flags: 11 size: 8202 dataOffset: 2
09-15 13:47:59.694 18485 18883 D OPENHU  : [80] Companion.decrypt | RECV: AUDIO Media Data type: 0 flags: 11 size: 8202 dataOffset: 2
09-15 13:47:59.736 18485 18883 D OPENHU  : [80] Companion.decrypt | RECV: AUDIO Media Data type: 0 flags: 11 size: 8202 dataOffset: 2
09-15 13:47:59.765 18485 18485 I OPENHU  : [2] TextureProjectionView.onSurfaceTextureUpdated | TextureProjectionView: displayed 25 frames in 5070ms (4fps), longFrames=0
09-15 13:47:59.779 18485 18883 D OPENHU  : [80] Companion.decrypt | RECV: AUDIO Media Data type: 0 flags: 11 size: 8202 dataOffset: 2
09-15 13:47:59.808 18485 18883 D OPENHU  : [80] Companion.decrypt | RECV: CONTROL Ping Request type: 11 flags: 11 size: 12 dataOffset: 2
09-15 13:47:59.809 18485 18883 V OPENHU  : [80] AapTransport.send | CONTROL Ping Response type: 12 flags: 11 size: 14 dataOffset: 6
09-15 13:47:59.820 18485 18883 D OPENHU  : [80] Companion.decrypt | RECV: AUDIO Media Data type: 0 flags: 11 size: 8202 dataOffset: 2
09-15 13:47:59.864 18485 18883 D OPENHU  : [80] Companion.decrypt | RECV: AUDIO Media Data type: 0 flags: 11 size: 8202 dataOffset: 2
09-15 13:47:59.906 18485 18883 D OPENHU  : [80] Companion.decrypt | RECV: AUDIO Media Data type: 0 flags: 11 size: 8202 dataOffset: 2
09-15 13:47:59.944 18485 18881 I OPENHU  : [78] VideoDecoder.logFeedPacing | Feed queue full - pacing the transport thread instead of shedding frames (+4 more since the last line)
09-15 13:47:59.950 18485 18883 D OPENHU  : [80] Companion.decrypt | RECV: AUDIO Media Data type: 0 flags: 11 size: 8202 dataOffset: 2
09-15 13:47:59.991 18485 18883 D OPENHU  : [80] Companion.decrypt | RECV: AUDIO Media Data type: 0 flags: 11 size: 8202 dataOffset: 2
09-15 13:47:59.993 18485 18485 V OPENHU  : [2] GpsLocation.onLocationChanged | GpsLocation: fix received
09-15 13:47:59.994 18485 18883 D OPENHU  : [80] Companion.decrypt | RECV: MUSIC_PLAYBACK Media Playback Status type: 32769 flags: 11 size: 17 dataOffset: 2
09-15 13:47:59.995 18485 18883 D OPENHU  : [80] AapMediaPlayback.processStatusPacket | AapMediaPlayback: status mediaSource='VLC', playbackSeconds(u32)=112, state=PLAYING
09-15 13:48:00.005 18485 18485 V OPENHU  : [2] AapTransport.send | SENSOR Sensor Event type: 32771 flags: 11 size: 46 dataOffset: 6
09-15 13:48:00.036 18485 18883 D OPENHU  : [80] Companion.decrypt | RECV: AUDIO Media Data type: 0 flags: 11 size: 8202 dataOffset: 2
09-15 13:48:00.077 18485 18883 D OPENHU  : [80] Companion.decrypt | RECV: AUDIO Media Data type: 0 flags: 11 size: 8202 dataOffset: 2
09-15 13:48:00.120 18485 18883 D OPENHU  : [80] Companion.decrypt | RECV: AUDIO Media Data type: 0 flags: 11 size: 8202 dataOffset: 2
09-15 13:48:00.163 18485 18883 D OPENHU  : [80] Companion.decrypt | RECV: AUDIO Media Data type: 0 flags: 11 size: 8202 dataOffset: 2
09-15 13:48:00.208 18485 18883 D OPENHU  : [80] Companion.decrypt | RECV: AUDIO Media Data type: 0 flags: 11 size: 8202 dataOffset: 2
09-15 13:48:00.248 18485 18883 D OPENHU  : [80] Companion.decrypt | RECV: AUDIO Media Data type: 0 flags: 11 size: 8202 dataOffset: 2
09-15 13:48:00.292 18485 18883 D OPENHU  : [80] Companion.decrypt | RECV: AUDIO Media Data type: 0 flags: 11 size: 8202 dataOffset: 2
09-15 13:48:00.334 18485 18883 D OPENHU  : [80] Companion.decrypt | RECV: AUDIO Media Data type: 0 flags: 11 size: 8202 dataOffset: 2
09-15 13:48:00.375 18485 18883 D OPENHU  : [80] Companion.decrypt | RECV: AUDIO Media Data type: 0 flags: 11 size: 8202 dataOffset: 2
09-15 13:48:00.418 18485 18883 D OPENHU  : [80] Companion.decrypt | RECV: AUDIO Media Data type: 0 flags: 11 size: 8202 dataOffset: 2
09-15 13:48:00.461 18485 18883 D OPENHU  : [80] Companion.decrypt | RECV: AUDIO Media Data type: 0 flags: 11 size: 8202 dataOffset: 2
09-15 13:48:00.503 18485 18883 D OPENHU  : [80] Companion.decrypt | RECV: AUDIO Media Data type: 0 flags: 11 size: 8202 dataOffset: 2
09-15 13:48:00.546 18485 18883 D OPENHU  : [80] Companion.decrypt | RECV: AUDIO Media Data type: 0 flags: 11 size: 8202 dataOffset: 2
09-15 13:48:00.589 18485 18883 D OPENHU  : [80] Companion.decrypt | RECV: AUDIO Media Data type: 0 flags: 11 size: 8202 dataOffset: 2
09-15 13:48:00.633 18485 18883 D OPENHU  : [80] Companion.decrypt | RECV: AUDIO Media Data type: 0 flags: 11 size: 8202 dataOffset: 2
09-15 13:48:00.675 18485 18883 D OPENHU  : [80] Companion.decrypt | RECV: AUDIO Media Data type: 0 flags: 11 size: 8202 dataOffset: 2
09-15 13:48:00.719 18485 18883 D OPENHU  : [80] Companion.decrypt | RECV: AUDIO Media Data type: 0 flags: 11 size: 8202 dataOffset: 2
09-15 13:48:00.763 18485 18883 D OPENHU  : [80] Companion.decrypt | RECV: AUDIO Media Data type: 0 flags: 11 size: 8202 dataOffset: 2
09-15 13:48:00.805 18485 18883 D OPENHU  : [80] Companion.decrypt | RECV: AUDIO Media Data type: 0 flags: 11 size: 8202 dataOffset: 2
09-15 13:48:00.811 18485 18883 D OPENHU  : [80] Companion.decrypt | RECV: CONTROL Ping Request type: 11 flags: 11 size: 12 dataOffset: 2
09-15 13:48:00.812 18485 18883 V OPENHU  : [80] AapTransport.send | CONTROL Ping Response type: 12 flags: 11 size: 14 dataOffset: 6
09-15 13:48:00.847 18485 18883 D OPENHU  : [80] Companion.decrypt | RECV: AUDIO Media Data type: 0 flags: 11 size: 8202 dataOffset: 2
09-15 13:48:00.890 18485 18883 D OPENHU  : [80] Companion.decrypt | RECV: AUDIO Media Data type: 0 flags: 11 size: 8202 dataOffset: 2
09-15 13:48:00.933 18485 18883 D OPENHU  : [80] Companion.decrypt | RECV: AUDIO Media Data type: 0 flags: 11 size: 8202 dataOffset: 2
09-15 13:48:00.959 18485 18881 I OPENHU  : [78] VideoDecoder.logFeedPacing | Feed queue full - pacing the transport thread instead of shedding frames (+4 more since the last line)
09-15 13:48:00.973 18485 18883 D OPENHU  : [80] Companion.decrypt | RECV: AUDIO Media Data type: 0 flags: 11 size: 8202 dataOffset: 2
09-15 13:48:00.995 18485 18883 D OPENHU  : [80] Companion.decrypt | RECV: MUSIC_PLAYBACK Media Playback Status type: 32769 flags: 11 size: 17 dataOffset: 2
09-15 13:48:00.996 18485 18883 D OPENHU  : [80] AapMediaPlayback.processStatusPacket | AapMediaPlayback: status mediaSource='VLC', playbackSeconds(u32)=113, state=PLAYING
09-15 13:48:01.019 18485 18883 D OPENHU  : [80] Companion.decrypt | RECV: AUDIO Media Data type: 0 flags: 11 size: 8202 dataOffset: 2
09-15 13:48:01.023 18485 18485 V OPENHU  : [2] GpsLocation.onLocationChanged | GpsLocation: fix received
09-15 13:48:01.031 18485 18485 V OPENHU  : [2] AapTransport.send | SENSOR Sensor Event type: 32771 flags: 11 size: 46 dataOffset: 6
09-15 13:48:01.058 18485 18883 D OPENHU  : [80] Companion.decrypt | RECV: AUDIO Media Data type: 0 flags: 11 size: 8202 dataOffset: 2
09-15 13:48:01.101 18485 18883 D OPENHU  : [80] Companion.decrypt | RECV: AUDIO Media Data type: 0 flags: 11 size: 8202 dataOffset: 2
09-15 13:48:01.145 18485 18883 D OPENHU  : [80] Companion.decrypt | RECV: AUDIO Media Data type: 0 flags: 11 size: 8202 dataOffset: 2
09-15 13:48:01.185 18485 18883 D OPENHU  : [80] Companion.decrypt | RECV: AUDIO Media Data type: 0 flags: 11 size: 8202 dataOffset: 2
09-15 13:48:01.229 18485 18883 D OPENHU  : [80] Companion.decrypt | RECV: AUDIO Media Data type: 0 flags: 11 size: 8202 dataOffset: 2
09-15 13:48:01.271 18485 18883 D OPENHU  : [80] Companion.decrypt | RECV: AUDIO Media Data type: 0 flags: 11 size: 8202 dataOffset: 2
09-15 13:48:01.316 18485 18883 D OPENHU  : [80] Companion.decrypt | RECV: AUDIO Media Data type: 0 flags: 11 size: 8202 dataOffset: 2
09-15 13:48:01.359 18485 18883 D OPENHU  : [80] Companion.decrypt | RECV: AUDIO Media Data type: 0 flags: 11 size: 8202 dataOffset: 2
09-15 13:48:01.404 18485 18883 D OPENHU  : [80] Companion.decrypt | RECV: AUDIO Media Data type: 0 flags: 11 size: 8202 dataOffset: 2
09-15 13:48:01.444 18485 18883 D OPENHU  : [80] Companion.decrypt | RECV: AUDIO Media Data type: 0 flags: 11 size: 8202 dataOffset: 2
09-15 13:48:01.487 18485 18883 D OPENHU  : [80] Companion.decrypt | RECV: AUDIO Media Data type: 0 flags: 11 size: 8202 dataOffset: 2
09-15 13:48:01.530 18485 18883 D OPENHU  : [80] Companion.decrypt | RECV: AUDIO Media Data type: 0 flags: 11 size: 8202 dataOffset: 2
09-15 13:48:01.571 18485 18883 D OPENHU  : [80] Companion.decrypt | RECV: AUDIO Media Data type: 0 flags: 11 size: 8202 dataOffset: 2
09-15 13:48:01.614 18485 18883 D OPENHU  : [80] Companion.decrypt | RECV: AUDIO Media Data type: 0 flags: 11 size: 8202 dataOffset: 2
09-15 13:48:01.651 18485 18907 I OPENHU  : [89] VideoDecoder.logThroughput | Throughput over 5007ms: rendered=25 (4fps), fed=25 (4fps), dropped=0, skipped=0, concealed=0, inputWait=11ms, enqueueWait=5049ms, codec=c2.unisoc.avc.decoder, presented=25 (4fps), decodeLatency=unreadable (25 frames)
09-15 13:48:01.656 18485 18883 D OPENHU  : [80] Companion.decrypt | RECV: AUDIO Media Data type: 0 flags: 11 size: 8202 dataOffset: 2
09-15 13:48:01.698 18485 18883 D OPENHU  : [80] Companion.decrypt | RECV: AUDIO Media Data type: 0 flags: 11 size: 8202 dataOffset: 2
09-15 13:48:01.742 18485 18883 D OPENHU  : [80] Companion.decrypt | RECV: AUDIO Media Data type: 0 flags: 11 size: 8202 dataOffset: 2
09-15 13:48:01.784 18485 18883 D OPENHU  : [80] Companion.decrypt | RECV: AUDIO Media Data type: 0 flags: 11 size: 8202 dataOffset: 2
09-15 13:48:01.810 18485 18883 D OPENHU  : [80] Companion.decrypt | RECV: CONTROL Ping Request type: 11 flags: 11 size: 12 dataOffset: 2
09-15 13:48:01.812 18485 18883 V OPENHU  : [80] AapTransport.send | CONTROL Ping Response type: 12 flags: 11 size: 14 dataOffset: 6
09-15 13:48:01.829 18485 18883 D OPENHU  : [80] Companion.decrypt | RECV: AUDIO Media Data type: 0 flags: 11 size: 8202 dataOffset: 2
09-15 13:48:01.871 18485 18883 D OPENHU  : [80] Companion.decrypt | RECV: AUDIO Media Data type: 0 flags: 11 size: 8202 dataOffset: 2
09-15 13:48:01.913 18485 18883 D OPENHU  : [80] Companion.decrypt | RECV: AUDIO Media Data type: 0 flags: 11 size: 8202 dataOffset: 2
09-15 13:48:01.955 18485 18883 D OPENHU  : [80] Companion.decrypt | RECV: AUDIO Media Data type: 0 flags: 11 size: 8202 dataOffset: 2
09-15 13:48:01.973 18485 18881 I OPENHU  : [78] VideoDecoder.logFeedPacing | Feed queue full - pacing the transport thread instead of shedding frames (+4 more since the last line)
09-15 13:48:01.998 18485 18485 V OPENHU  : [2] GpsLocation.onLocationChanged | GpsLocation: fix received
09-15 13:48:01.999 18485 18883 D OPENHU  : [80] Companion.decrypt | RECV: AUDIO Media Data type: 0 flags: 11 size: 8202 dataOffset: 2
09-15 13:48:02.002 18485 18883 D OPENHU  : [80] Companion.decrypt | RECV: MUSIC_PLAYBACK Media Playback Status type: 32769 flags: 11 size: 17 dataOffset: 2
09-15 13:48:02.002 18485 18883 D OPENHU  : [80] AapMediaPlayback.processStatusPacket | AapMediaPlayback: status mediaSource='VLC', playbackSeconds(u32)=114, state=PLAYING
09-15 13:48:02.005 18485 18485 V OPENHU  : [2] AapTransport.send | SENSOR Sensor Event type: 32771 flags: 11 size: 46 dataOffset: 6
09-15 13:48:02.041 18485 18883 D OPENHU  : [80] Companion.decrypt | RECV: AUDIO Media Data type: 0 flags: 11 size: 8202 dataOffset: 2
09-15 13:48:02.092 18485 18883 D OPENHU  : [80] Companion.decrypt | RECV: AUDIO Media Data type: 0 flags: 11 size: 8202 dataOffset: 2
09-15 13:48:02.126 18485 18883 D OPENHU  : [80] Companion.decrypt | RECV: AUDIO Media Data type: 0 flags: 11 size: 8202 dataOffset: 2
09-15 13:48:02.170 18485 18883 D OPENHU  : [80] Companion.decrypt | RECV: AUDIO Media Data type: 0 flags: 11 size: 8202 dataOffset: 2
09-15 13:48:02.211 18485 18883 D OPENHU  : [80] Companion.decrypt | RECV: AUDIO Media Data type: 0 flags: 11 size: 8202 dataOffset: 2
09-15 13:48:02.254 18485 18883 D OPENHU  : [80] Companion.decrypt | RECV: AUDIO Media Data type: 0 flags: 11 size: 8202 dataOffset: 2
09-15 13:48:02.296 18485 18883 D OPENHU  : [80] Companion.decrypt | RECV: AUDIO Media Data type: 0 flags: 11 size: 8202 dataOffset: 2
09-15 13:48:02.339 18485 18883 D OPENHU  : [80] Companion.decrypt | RECV: AUDIO Media Data type: 0 flags: 11 size: 8202 dataOffset: 2
09-15 13:48:02.384 18485 18883 D OPENHU  : [80] Companion.decrypt | RECV: AUDIO Media Data type: 0 flags: 11 size: 8202 dataOffset: 2
09-15 13:48:02.426 18485 18883 D OPENHU  : [80] Companion.decrypt | RECV: AUDIO Media Data type: 0 flags: 11 size: 8202 dataOffset: 2
09-15 13:48:02.469 18485 18883 D OPENHU  : [80] Companion.decrypt | RECV: AUDIO Media Data type: 0 flags: 11 size: 8202 dataOffset: 2
09-15 13:48:02.511 18485 18883 D OPENHU  : [80] Companion.decrypt | RECV: AUDIO Media Data type: 0 flags: 11 size: 8202 dataOffset: 2
09-15 13:48:02.554 18485 18883 D OPENHU  : [80] Companion.decrypt | RECV: AUDIO Media Data type: 0 flags: 11 size: 8202 dataOffset: 2
09-15 13:48:02.594 18485 18883 D OPENHU  : [80] Companion.decrypt | RECV: AUDIO Media Data type: 0 flags: 11 size: 8202 dataOffset: 2
09-15 13:48:02.637 18485 18883 D OPENHU  : [80] Companion.decrypt | RECV: AUDIO Media Data type: 0 flags: 11 size: 8202 dataOffset: 2
09-15 13:48:02.681 18485 18883 D OPENHU  : [80] Companion.decrypt | RECV: AUDIO Media Data type: 0 flags: 11 size: 8202 dataOffset: 2
09-15 13:48:02.723 18485 18883 D OPENHU  : [80] Companion.decrypt | RECV: AUDIO Media Data type: 0 flags: 11 size: 8202 dataOffset: 2
09-15 13:48:02.766 18485 18883 D OPENHU  : [80] Companion.decrypt | RECV: AUDIO Media Data type: 0 flags: 11 size: 8202 dataOffset: 2
09-15 13:48:02.809 18485 18883 D OPENHU  : [80] Companion.decrypt | RECV: AUDIO Media Data type: 0 flags: 11 size: 8202 dataOffset: 2
09-15 13:48:02.812 18485 18883 D OPENHU  : [80] Companion.decrypt | RECV: CONTROL Ping Request type: 11 flags: 11 size: 12 dataOffset: 2
09-15 13:48:02.813 18485 18883 V OPENHU  : [80] AapTransport.send | CONTROL Ping Response type: 12 flags: 11 size: 14 dataOffset: 6
