--------- beginning of main
09-03 21:34:42.324 D/OPENHU  ( 3108): [2] App.onCreate | native library dir /data/app/~~BFEFcRYdYTDQZjqGjQMdZA==/com.andrerinas.headunitrevived-K7SSrI9YEaQkSf9ObwSxXQ==/lib/arm64
09-03 21:34:42.325 D/OPENHU  ( 3108): [2] App.onCreate |    libusb1.0.so
09-03 21:34:42.326 D/OPENHU  ( 3108): [2] App.onCreate |    libavutil.so
09-03 21:34:42.326 D/OPENHU  ( 3108): [2] App.onCreate |    libconscrypt_jni.so
09-03 21:34:42.327 D/OPENHU  ( 3108): [2] App.onCreate |    libswscale.so
09-03 21:34:42.327 D/OPENHU  ( 3108): [2] App.onCreate |    libusbhelper.so
09-03 21:34:42.328 D/OPENHU  ( 3108): [2] App.onCreate |    libavcodec.so
09-03 21:34:42.328 D/OPENHU  ( 3108): [2] App.onCreate |    libhur_soft_hevc.so
09-03 21:34:42.502 I/OPENHU  ( 3108): [2] MainActivity.logLaunchSource | App launched by third party: android-app://com.android.shell (action: null)
09-03 21:34:42.768 D/OPENHU  ( 3108): [2] UsbReceiver.<init> | UsbReceiver registered
09-03 21:34:42.773 I/OPENHU  ( 3108): [2] UsbDeviceDiagnostics.logDeviceList | UsbDiagnostics: USB list sees 0 USB device(s), 0 usable for Android Auto
09-03 21:34:42.774 I/OPENHU  ( 3108): [2] UsbDeviceDiagnostics.logDeviceList | UsbDiagnostics: nothing is on the bus. Either the port carries no data, the unit is not in USB host mode, or a wireless adapter is waiting for its phone before it presents itself.
09-03 21:34:43.001 D/OPENHU  ( 3108): [2] MainActivity.requestPermissions | All required permissions already granted.
09-03 21:34:43.011 I/OPENHU  ( 3108): [2] MainActivity.updateConnectionIssueBanner | MainActivity: showing the connection issue banner for VIDEO_LINK_TOO_SLOW
09-03 21:34:43.014 I/OPENHU  ( 3108): [2] HomeFragment.onResume | HomeFragment: onResume. isConnected=false
09-03 21:34:43.485 I/OPENHU  ( 3108): [2] AapService.onCreate | AapService creating...
09-03 21:34:43.521 I/OPENHU  ( 3108): [2] BluetoothHelper.logAddressSourceDump | BluetoothHelper: == Bluetooth address source dump ==
09-03 21:34:43.526 I/OPENHU  ( 3108): [2] BluetoothHelper.logAddressSourceDump | BluetoothHelper:   adapter.address                      = 02:00:00:00:00:00
09-03 21:34:43.527 I/OPENHU  ( 3108): [2] BluetoothHelper.logAddressSourceDump | BluetoothHelper:   getAddress() reflection              = 02:00:00:00:00:00
09-03 21:34:43.527 I/OPENHU  ( 3108): [2] BluetoothHelper.logAddressSourceDump | BluetoothHelper:   Settings.Secure bluetooth_address    = null
09-03 21:34:43.528 I/OPENHU  ( 3108): [2] BluetoothHelper.logAddressSourceDump | BluetoothHelper:   property persist.sys.bt.mac          = null
09-03 21:34:43.529 I/OPENHU  ( 3108): [2] BluetoothHelper.logAddressSourceDump | BluetoothHelper:   property persist.sys.btmac           = null
09-03 21:34:43.529 I/OPENHU  ( 3108): [2] BluetoothHelper.logAddressSourceDump | BluetoothHelper:   property persist.vendor.bt.mac       = null
09-03 21:34:43.530 I/OPENHU  ( 3108): [2] BluetoothHelper.logAddressSourceDump | BluetoothHelper:   property sys.bt.mac                  = null
09-03 21:34:43.530 I/OPENHU  ( 3108): [2] BluetoothHelper.logAddressSourceDump | BluetoothHelper:   property persist.sys.bluetooth.mac   = null
09-03 21:34:43.531 I/OPENHU  ( 3108): [2] BluetoothHelper.logAddressSourceDump | BluetoothHelper:   property ro.boot.btmacaddr           = null
09-03 21:34:43.532 I/OPENHU  ( 3108): [2] BluetoothHelper.logAddressSourceDump | BluetoothHelper:   property vendor.bt.bdaddr            = null
09-03 21:34:43.532 I/OPENHU  ( 3108): [2] BluetoothHelper.logAddressSourceDump | BluetoothHelper:   property persist.zj.BTmac            = null
09-03 21:34:43.533 I/OPENHU  ( 3108): [2] BluetoothHelper.logAddressSourceDump | BluetoothHelper:   property persist.zlink.carplay.mac   = null
09-03 21:34:43.534 I/OPENHU  ( 3108): [2] BluetoothHelper.logAddressSourceDump | BluetoothHelper:   property sys.bt.bdaddr               = null
09-03 21:34:43.534 I/OPENHU  ( 3108): [2] BluetoothHelper.logAddressSourceDump | BluetoothHelper: == end Bluetooth address source dump ==
09-03 21:34:43.535 W/OPENHU  ( 3108): [2] BluetoothHelper.logAddressSourceDump | BluetoothHelper: no source named this unit's Bluetooth address. Read it under Settings/About/Status, or off the paired phone under the gear beside this device, and enter it under Wireless connection. Without it the phone is not told where to connect hands-free and no setup QR can be drawn.
09-03 21:34:43.560 D/OPENHU  ( 3108): [2] UsbReceiver.<init> | UsbReceiver registered
09-03 21:34:43.578 I/OPENHU  ( 3108): [2] AapService.registerReceivers | Registered runtime MEDIA_BUTTON receiver
09-03 21:34:43.583 I/OPENHU  ( 3108): [2] AapService.registerReceivers | Registered dynamic WiFi Auto-start receiver
09-03 21:34:43.588 I/OPENHU  ( 3108): [2] AapService.registerReceivers | Registered wake detection receiver (18 actions)
09-03 21:34:43.592 I/OPENHU  ( 3108): [2] AapService.registerReceivers | Registered Bluetooth auto-disconnect receiver
09-03 21:34:43.639 D/OPENHU  ( 3108): [2] AapService.updateMediaSessionState | MediaSession: State updated to STOPPED, positionMs=0
09-03 21:34:43.646 I/OPENHU  ( 3108): [2] WifiLauncherManager.setActive | WifiLauncher: Initializing WiFi Mode: NATIVE
09-03 21:34:43.661 I/OPENHU  ( 3108): [2] WifiDirectManager.<init> | WifiDirectManager: Device supports WiFi Direct. Initializing...
09-03 21:34:43.673 D/OPENHU  ( 3108): [2] WifiDirectManager.registerReceiverIfNeeded | WifiDirectManager: BroadcastReceiver registered.
09-03 21:34:43.676 D/OPENHU  ( 3108): [2] WifiLauncherSharedServices.startWirelessServer | AapService: Starting the wireless server on 5288 - no server yet.
09-03 21:34:43.686 I/OPENHU  ( 3108): [2] WirelessServer.start | WirelessServer: binding port 5288...
09-03 21:34:43.693 I/OPENHU  ( 3108): [52] 1.invokeSuspend | Wireless Server listening on port 5288
09-03 21:34:43.696 I/OPENHU  ( 3108): [52] WirelessServer.logLocalNetworkInterfaces | Interface: seth_lte0, IP: 10.220.174.6
09-03 21:34:43.697 I/OPENHU  ( 3108): [52] WirelessServer.logLocalNetworkInterfaces | Interface: wlan0, IP: 192.168.1.15
09-03 21:34:43.698 D/OPENHU  ( 3108): [52] 1.invokeSuspend | WirelessServer: Waiting for TCP connection on port 5288...
09-03 21:34:43.700 I/OPENHU  ( 3108): [2] WifiDirectManager.claimNativeCreateWindow | WifiDirectManager: a Native AA group create is claimed (bringing the Native AA group up); a refresh in the next 15s waits for it.
09-03 21:34:43.705 I/OPENHU  ( 3108): [2] WifiDirectManager.startNativeAaQuietHost | WifiDirectManager: startNativeAaQuietHost() requested. Removing old group if any...
09-03 21:34:43.705 I/OPENHU  ( 3108): [2] WifiDirectManager.claimNativeCreateWindow | WifiDirectManager: a Native AA group create is claimed (recreating the group); a refresh in the next 15s waits for it.
09-03 21:34:43.707 I/OPENHU  ( 3108): [2] WifiDirectManager.invalidateNativeGroupCredentials | WifiDirectManager: the group is being removed (recreating the group), so its credentials are no longer handed out.
09-03 21:34:43.725 I/OPENHU  ( 3108): [2] NativeAaHandshakeManager.start | NativeAA: Starting Bluetooth Handshake Servers (primary radio [Navegadortz2])...
09-03 21:34:43.733 I/OPENHU  ( 3108): [2] NativeAaHandshakeManager.shouldRegisterDummyHfp | NativeAA: radio [Navegadortz2] already advertises Hands-Free, so the stand-in HFP record is not registered - the real stack answers calls, this app cannot.
09-03 21:34:43.739 I/OPENHU  ( 3108): [53] 1.invokeSuspend | NativeAA: ACTIVELY LISTENING on Android Auto UUID (4de17a00-52cb-11e6-bdf4-0800200c9a66) on radio [Navegadortz2]... Waiting for phone to connect back!
09-03 21:34:43.815 D/OPENHU  ( 3108): [2] BluetoothHelper.adapterForService | BluetoothHelper: adapterForService(android.hardware.bluetooth.audio.IBluetoothAudioProviderFactory/default) failed: android.bluetooth.BluetoothAdapter.<init> [interface android.bluetooth.IBluetoothManager]
09-03 21:34:43.820 I/OPENHU  ( 3108): [2] AapService.registerNetworkMonitor | NetworkMonitor: Registered network change listener
09-03 21:34:43.829 I/OPENHU  ( 3108): [55] 1.onAvailable | NetworkMonitor: Network available: 101
09-03 21:34:43.835 D/OPENHU  ( 3108): [55] 1.onCapabilitiesChanged | NetworkMonitor: Capabilities changed: 101 → [ Transports: WIFI Capabilities: NOT_METERED&INTERNET&NOT_RESTRICTED&TRUSTED&NOT_VPN&VALIDATED&NOT_ROAMING&FOREGROUND&NOT_CONGESTED&NOT_SUSPENDED&NOT_VCN_MANAGED LinkUpBandwidth>=12000Kbps LinkDnBandwidth>=23986Kbps TransportInfo: <SSID: <unknown ssid>, BSSID: 02:00:00:00:00:00, MAC: 02:00:00:00:00:00, IP: /192.168.1.15, Security type: 2, Supplicant state: COMPLETED, Wi-Fi standard: 5, RSSI: -23, Link speed: 390Mbps, Tx Link speed: 390Mbps, Max Supported Tx Link speed: 433Mbps, Rx Link speed: 433Mbps, Max Supported Rx Link speed: 433Mbps, Frequency: 5500MHz, Net ID: -1, Metered hint: false, score: 60, isUsable: true, CarrierMerged: false, SubscriptionId: -1, IsPrimary: -1, Trusted: true, Restricted: false, Ephemeral: false, OEM paid: false, OEM private: false, OSU AP: false, FQDN: <none>, Provider friendly name: <none>, Requesting package name: <none><none>MLO Information: , Is TID-To-Link negotiation supported by the AP: false, AP MLD Address: <none>, AP MLO Link Id: <none>, AP MLO Affiliated links: <none>> SignalStrength: -23 UnderlyingNetworks: Null]
09-03 21:34:43.856 I/OPENHU  ( 3108): [54] 1.invokeSuspend | WppTcpServer: listening for Android Auto on TCP 5299
09-03 21:34:43.872 I/OPENHU  ( 3108): [2] 1.onReceive | WifiDirectManager: WIFI_P2P_STATE_CHANGED_ACTION state=2
09-03 21:34:43.874 I/OPENHU  ( 3108): [2] 1.invoke | WifiDirectManager: requestDeviceInfo success: 02:00:00:00:00:00
09-03 21:34:43.875 I/OPENHU  ( 3108): [2] 1.invokeSuspend | AapService: Mode requires WiFi Direct — ensuring hotspot is disabled first...
09-03 21:34:43.883 I/OPENHU  ( 3108): [2] HotspotManager.setHotspotEnabled | HotspotManager: Setting hotspot enabled=false (API 34, canWriteSettings=true)
09-03 21:34:43.895 D/OPENHU  ( 3108): [2] 1.onFailure | WifiDirectManager: Native AA removeGroup before recreate failed (reason=BUSY (System is busy, retry needed)); expected if no group existed
09-03 21:34:44.401 I/OPENHU  ( 3108): [2] WifiDirectManager.createQuietGroup | WifiDirectManager: Attempting createGroup for Native AA (Attempt 0)...
09-03 21:34:44.402 I/OPENHU  ( 3108): [2] WifiDirectManager.createQuietGroup | WifiDirectManager: this unit's WiFi radio reports a 5 GHz band.
09-03 21:34:44.403 I/OPENHU  ( 3108): [2] WifiDirectManager.createQuietGroup | WifiDirectManager: Band preference is 5 GHz only, set by the user.
09-03 21:34:44.414 I/OPENHU  ( 3108): [2] WifiDirectManager.chooseNativeGroupIdentity | WifiDirectManager: group identity: asking for the kept network DIRECT-D4-Navegadortz2 again, so a phone that saved it can rejoin without being set up for a new one.
09-03 21:34:44.417 I/OPENHU  ( 3108): [2] WifiDirectManager.createQuietGroup | WifiDirectManager: Requesting Native AA P2P group on 5GHz band. Chosen by the user.
09-03 21:34:44.418 I/OPENHU  ( 3108): [2] WifiDirectManager.createQuietGroup | WifiDirectManager: 5 GHz channel is automatic, so the driver picks within the band.
09-03 21:34:44.425 D/OPENHU  ( 3108): [2] 1.invokeSuspend | NetworkMonitor: no discovery loop to kick
09-03 21:34:44.451 I/OPENHU  ( 3108): [2] 1.onSuccess | WifiDirectManager: 5GHz createGroup SUCCESS!
09-03 21:34:44.549 I/OPENHU  ( 3108): [2] 1.onReceive | WifiDirectManager: Connected. Requesting info...
09-03 21:34:44.555 D/OPENHU  ( 3108): [2] 2.invoke | WifiDirectManager: Pre-fetched localDeviceAddress on connect: 02:00:00:00:00:00
09-03 21:34:44.557 I/OPENHU  ( 3108): [2] WifiDirectManager.onConnectionInfoAvailable | WifiDirectManager: Group formed. Owner: true, GO IP: 192.168.49.1
09-03 21:34:44.562 I/OPENHU  ( 3108): [2] 1.invoke | WifiDirectManager: Updated localDeviceAddress via requestDeviceInfo: 02:00:00:00:00:00
09-03 21:34:44.569 I/OPENHU  ( 3108): [2] WifiDirectManager.onGroupInfoAvailable | WifiDirectManager: System Location Check: GPS=true, Network=true
09-03 21:34:44.570 I/OPENHU  ( 3108): [2] WifiDirectManager.logBssidSourceDump | WifiDirectManager: == BSSID source dump (iface=p2p-wlan0-5) ==
09-03 21:34:44.571 I/OPENHU  ( 3108): [2] WifiDirectManager.logBssidSourceDump$report | WifiDirectManager:   static override (Settings)       = 0
09-03 21:34:44.572 I/OPENHU  ( 3108): [2] WifiDirectManager.logBssidSourceDump$report | WifiDirectManager:   getGroupOwnerBssid()             = null
09-03 21:34:44.592 I/OPENHU  ( 3108): [2] WifiDirectManager.logBssidSourceDump$report | WifiDirectManager:   IPv6 link-local (p2p-wlan0-5)    = 02:b4:65:c4:60:3c
09-03 21:34:44.598 I/OPENHU  ( 3108): [2] WifiDirectManager.logBssidSourceDump$report | WifiDirectManager:   IPv6 link-local (any p2p/ap)     = 02:b4:65:c4:60:3c
09-03 21:34:44.599 D/OPENHU  ( 3108): [2] WifiDirectManager.getWifiDirectMac | WifiDirectManager: getWifiDirectMac for interface: p2p-wlan0-5
09-03 21:34:44.604 D/OPENHU  ( 3108): [2] WifiDirectManager.getWifiDirectMac | WifiDirectManager: Found interface: dummy0, MAC: null
09-03 21:34:44.607 D/OPENHU  ( 3108): [2] WifiDirectManager.getWifiDirectMac | WifiDirectManager: Found interface: seth_lte0, MAC: null
09-03 21:34:44.609 D/OPENHU  ( 3108): [2] WifiDirectManager.getWifiDirectMac | WifiDirectManager: Found interface: p2p-wlan0-5, MAC: null
09-03 21:34:44.612 D/OPENHU  ( 3108): [2] WifiDirectManager.getWifiDirectMac | WifiDirectManager: Found interface: wlan0, MAC: null
09-03 21:34:44.615 D/OPENHU  ( 3108): [2] WifiDirectManager.getWifiDirectMac | WifiDirectManager: Found interface: lo, MAC: null
09-03 21:34:44.616 W/OPENHU  ( 3108): [2] WifiDirectManager.getWifiDirectMac | WifiDirectManager: No valid MAC found in NetworkInterface scan for p2p-wlan0-5
09-03 21:34:44.616 I/OPENHU  ( 3108): [2] WifiDirectManager.logBssidSourceDump$report | WifiDirectManager:   NetworkInterface.hardwareAddress = 00:00:00:00:00:00
09-03 21:34:44.617 I/OPENHU  ( 3108): [2] WifiDirectManager.logBssidSourceDump$report | WifiDirectManager:   lastKnownBssid (null)            = null
09-03 21:34:44.618 I/OPENHU  ( 3108): [2] WifiDirectManager.logBssidSourceDump$report | WifiDirectManager:   requestDeviceInfo                = 02:00:00:00:00:00
09-03 21:34:44.619 I/OPENHU  ( 3108): [2] WifiDirectManager.logBssidSourceDump$report | WifiDirectManager:   group.owner.deviceAddress        = 02:00:00:00:00:00
09-03 21:34:44.623 I/OPENHU  ( 3108): [2] WifiDirectManager.getMacFromShell | WifiDirectManager: MAC retrieved via sysfs (p2p-wlan0-5): 02:b4:65:c4:60:3c
09-03 21:34:44.624 I/OPENHU  ( 3108): [2] WifiDirectManager.logBssidSourceDump$report | WifiDirectManager:   sysfs / ip link                  = 02:b4:65:c4:60:3c
09-03 21:34:44.628 I/OPENHU  ( 3108): [2] WifiDirectManager.logBssidSourceDump$report | WifiDirectManager:   Settings.Secure p2p address      = null
09-03 21:34:44.629 I/OPENHU  ( 3108): [2] WifiDirectManager.logBssidSourceDump$report | WifiDirectManager:   reflection over WifiP2pGroup     = null
09-03 21:34:44.630 I/OPENHU  ( 3108): [2] WifiDirectManager.logBssidSourceDump | WifiDirectManager: == end BSSID source dump ==
09-03 21:34:44.637 I/OPENHU  ( 3108): [2] WifiDirectManager.onGroupInfoAvailable | WifiDirectManager: BSSID read from the IPv6 link-local address of p2p-wlan0-5 (EUI-64): 02:B4:65:C4:60:3C
09-03 21:34:44.638 I/OPENHU  ( 3108): [2] WifiDirectManager.onGroupInfoAvailable | WifiDirectManager: Initial BSSID from IPv6 link-local: 02:B4:65:C4:60:3C
09-03 21:34:44.640 I/OPENHU  ( 3108): [2] WifiDirectManager.onGroupInfoAvailable | WifiDirectManager: onGroupInfoAvailable: SSID: DIRECT-D4-Navegadortz2, BSSID: 02:B4:65:C4:60:3C (source=IPv6 link-local), GO: true, IFACE: p2p-wlan0-5, Freq: 5180 MHz (5GHz)
09-03 21:34:44.643 I/OPENHU  ( 3108): [2] WifiDirectManager.onGroupInfoAvailable | WifiDirectManager: group identity ssid=DIRECT-D4-Navegadortz2 persistent=yes (netId 4) asked=persistent matchesRequest=yes bssid=02:B4:65:C4:60:3C stable=no (same name but the BSSID moved from DE:30:9B:25:13:18 to 02:B4:65:C4:60:3C; this unit re-addresses the group on every create) source=IPv6 link-local
09-03 21:34:44.648 W/OPENHU  ( 3108): [2] WifiDirectManager.logStationCoexistence | WifiDirectManager: This unit is connected to another WiFi network on 5500 MHz while hosting the WiFi Direct group on 5180 MHz. One radio has to retune between the two, which can cost the projected video and audio a few hundred milliseconds at a time. Measured units have run clean in this state, so read this as context for a report rather than as something to change.
09-03 21:34:44.649 I/OPENHU  ( 3108): [2] WifiDirectManager.notifyNativeGroupStarted | WifiDirectManager: Native AA WiFi Direct: 5GHz (5180 MHz), 5GHz requested, SSID=DIRECT-D4-Navegadortz2
09-03 21:34:44.656 I/OPENHU  ( 3108): [66] WifiDirectManager.onGroupInfoAvailable$lambda$7 | WifiDirectManager: SUCCESS - Providing credentials to listener. SSID=DIRECT-D4-Navegadortz2, IP=192.168.49.1, BSSID=02:B4:65:C4:60:3C, identity stable=no
09-03 21:34:44.657 I/OPENHU  ( 3108): [66] WifiLauncherNative.onNativeCredentials | AapService: Received WiFi credentials from manager (SSID=DIRECT-D4-Navegadortz2, IP=192.168.49.1). Updating and Triggering Poke.
09-03 21:34:44.658 I/OPENHU  ( 3108): [66] NativeAaHandshakeManager.updateWifiCredentials | NativeAA: Credentials updated. SSID=DIRECT-D4-Navegadortz2, IP=192.168.49.1, BSSID=02:B4:65:C4:60:3C, identity stable=no
09-03 21:34:44.663 D/OPENHU  ( 3108): [62] 1.invokeSuspend | NativeAA: triggerPoke() delay starting (2s)...
09-03 21:34:45.455 I/OPENHU  ( 3108): [2] WifiDirectManager.onConnectionInfoAvailable | WifiDirectManager: Group formed. Owner: true, GO IP: 192.168.49.1
09-03 21:34:45.457 I/OPENHU  ( 3108): [2] WifiDirectManager.onGroupInfoAvailable | WifiDirectManager: System Location Check: GPS=true, Network=true
09-03 21:34:45.463 I/OPENHU  ( 3108): [2] WifiDirectManager.onGroupInfoAvailable | WifiDirectManager: BSSID read from the IPv6 link-local address of p2p-wlan0-5 (EUI-64): 02:B4:65:C4:60:3C
09-03 21:34:45.463 I/OPENHU  ( 3108): [2] WifiDirectManager.onGroupInfoAvailable | WifiDirectManager: Initial BSSID from IPv6 link-local: 02:B4:65:C4:60:3C
09-03 21:34:45.465 I/OPENHU  ( 3108): [2] WifiDirectManager.onGroupInfoAvailable | WifiDirectManager: onGroupInfoAvailable: SSID: DIRECT-D4-Navegadortz2, BSSID: 02:B4:65:C4:60:3C (source=IPv6 link-local), GO: true, IFACE: p2p-wlan0-5, Freq: 5180 MHz (5GHz)
09-03 21:34:45.470 I/OPENHU  ( 3108): [2] 1.invoke | WifiDirectManager: Updated localDeviceAddress via requestDeviceInfo: 02:00:00:00:00:00
09-03 21:34:45.473 I/OPENHU  ( 3108): [68] WifiDirectManager.onGroupInfoAvailable$lambda$7 | WifiDirectManager: SUCCESS - Providing credentials to listener. SSID=DIRECT-D4-Navegadortz2, IP=192.168.49.1, BSSID=02:B4:65:C4:60:3C, identity stable=no
09-03 21:34:45.474 I/OPENHU  ( 3108): [68] WifiLauncherNative.onNativeCredentials | AapService: Received WiFi credentials from manager (SSID=DIRECT-D4-Navegadortz2, IP=192.168.49.1). Updating and Triggering Poke.
09-03 21:34:45.474 I/OPENHU  ( 3108): [68] NativeAaHandshakeManager.updateWifiCredentials | NativeAA: Credentials updated. SSID=DIRECT-D4-Navegadortz2, IP=192.168.49.1, BSSID=02:B4:65:C4:60:3C, identity stable=no
09-03 21:34:45.476 D/OPENHU  ( 3108): [68] NativeAaHandshakeManager.triggerPoke | NativeAA: triggerPoke() called again with unchanged credentials while a poke is already running - not restarting it.
09-03 21:34:45.476 I/OPENHU  ( 3108): [2] WifiDirectManager.onGroupInfoAvailable | WifiDirectManager: System Location Check: GPS=true, Network=true
09-03 21:34:45.482 I/OPENHU  ( 3108): [2] WifiDirectManager.onGroupInfoAvailable | WifiDirectManager: BSSID read from the IPv6 link-local address of p2p-wlan0-5 (EUI-64): 02:B4:65:C4:60:3C
09-03 21:34:45.482 I/OPENHU  ( 3108): [2] WifiDirectManager.onGroupInfoAvailable | WifiDirectManager: Initial BSSID from IPv6 link-local: 02:B4:65:C4:60:3C
09-03 21:34:45.484 I/OPENHU  ( 3108): [2] WifiDirectManager.onGroupInfoAvailable | WifiDirectManager: onGroupInfoAvailable: SSID: DIRECT-D4-Navegadortz2, BSSID: 02:B4:65:C4:60:3C (source=IPv6 link-local), GO: true, IFACE: p2p-wlan0-5, Freq: 5180 MHz (5GHz)
09-03 21:34:45.490 I/OPENHU  ( 3108): [69] WifiDirectManager.onGroupInfoAvailable$lambda$7 | WifiDirectManager: SUCCESS - Providing credentials to listener. SSID=DIRECT-D4-Navegadortz2, IP=192.168.49.1, BSSID=02:B4:65:C4:60:3C, identity stable=no
09-03 21:34:45.491 I/OPENHU  ( 3108): [69] WifiLauncherNative.onNativeCredentials | AapService: Received WiFi credentials from manager (SSID=DIRECT-D4-Navegadortz2, IP=192.168.49.1). Updating and Triggering Poke.
09-03 21:34:45.492 I/OPENHU  ( 3108): [69] NativeAaHandshakeManager.updateWifiCredentials | NativeAA: Credentials updated. SSID=DIRECT-D4-Navegadortz2, IP=192.168.49.1, BSSID=02:B4:65:C4:60:3C, identity stable=no
09-03 21:34:45.493 D/OPENHU  ( 3108): [69] NativeAaHandshakeManager.triggerPoke | NativeAA: triggerPoke() called again with unchanged credentials while a poke is already running - not restarting it.
09-03 21:34:46.675 I/OPENHU  ( 3108): [62] 1.invokeSuspend | NativeAA: Attempting active poke to device: POCO X3 NFC (DC:B7:2E:5E:4E:59)...
09-03 21:34:46.683 I/OPENHU  ( 3108): [62] NativeAaHandshakeManager.noteHandsFreePokeSkip | NativeAA: Not poking POCO X3 NFC (DC:B7:2E:5E:4E:59) — this head unit already holds a Bluetooth hands-free link, which a poke would take over and leave disconnected. That link is itself the connection a poke exists to create.
09-03 21:34:49.300 I/OPENHU  ( 3108): [53] 1.invokeSuspend | NativeAA: Connection accepted from POCO X3 NFC (DC:B7:2E:5E:4E:59) on local radio [Navegadortz2]
09-03 21:34:49.316 I/OPENHU  ( 3108): [62] 2.invokeSuspend | NativeAA: Handling handshake for POCO X3 NFC (DC:B7:2E:5E:4E:59) on local radio [Navegadortz2]
09-03 21:34:49.620 D/OPENHU  ( 3108): [72] 2.invokeSuspend$feed | NativeAA: Handshake stage NEW -> AWAIT_CREDENTIALS
09-03 21:34:49.620 I/OPENHU  ( 3108): [72] 2.invokeSuspend | NativeAA: Phone connected. Current credentials state: SSID=DIRECT-D4-Navegadortz2, IP=192.168.49.1
09-03 21:34:49.621 I/OPENHU  ( 3108): [72] 2.invokeSuspend | NativeAA: Waiting for WiFi credentials to be ready (Max 60s)...
09-03 21:34:49.623 I/OPENHU  ( 3108): [72] 2.invokeSuspend | NativeAA: this unit read its own WiFi address, so the missing-BSSID record is retired.
09-03 21:34:49.623 I/OPENHU  ( 3108): [72] 2.invokeSuspend | NativeAA: Starting Handshake Exchange:
09-03 21:34:49.624 I/OPENHU  ( 3108): [72] 2.invokeSuspend |   > Target SSID: DIRECT-D4-Navegadortz2
09-03 21:34:49.625 I/OPENHU  ( 3108): [72] 2.invokeSuspend |   > Target IP:   192.168.49.1:5288
09-03 21:34:49.625 I/OPENHU  ( 3108): [72] 2.invokeSuspend |   > BSSID:       02:B4:65:C4:60:3C
09-03 21:34:49.627 I/OPENHU  ( 3108): [72] 2.invokeSuspend$runAction | NativeAA: [TX] Sending WifiStartRequest (Type 1)
09-03 21:34:49.651 I/OPENHU  ( 3108): [72] NativeAaHandshakeManager.sendProtobuf | NativeAA: [TX] Wrote TYPE 1 (size 19) to Bluetooth (write() returned; delivery unconfirmed)
09-03 21:34:49.652 D/OPENHU  ( 3108): [72] 2.invokeSuspend$feed | NativeAA: Handshake stage AWAIT_CREDENTIALS -> AWAIT_INFO_REQUEST
09-03 21:34:49.785 I/OPENHU  ( 3108): [72] 2.invokeSuspend$tick | NativeAA: [RX] Received Type 2 (Payload size: 0)
09-03 21:34:49.787 I/OPENHU  ( 3108): [72] 2.invokeSuspend$runAction | NativeAA: Phone ready for WiFi association. Delivering credentials...
09-03 21:34:49.787 I/OPENHU  ( 3108): [72] 2.invokeSuspend$runAction | NativeAA: [TX] Sending WifiInfoResponse (Type 3) with full credentials in 1000ms...
09-03 21:34:50.790 D/OPENHU  ( 3108): [72] 2.invokeSuspend$runAction | NativeAA: the live credentials still match the ones this handshake captured.
09-03 21:34:50.794 I/OPENHU  ( 3108): [72] NativeAaHandshakeManager.sendProtobuf | NativeAA: [TX] Wrote TYPE 3 (size 61) to Bluetooth (write() returned; delivery unconfirmed)
09-03 21:34:50.794 I/OPENHU  ( 3108): [72] 2.invokeSuspend$runAction | NativeAA: Handshake completed successfully on Bluetooth side.
09-03 21:34:50.797 D/OPENHU  ( 3108): [72] 2.invokeSuspend$feed | NativeAA: Handshake stage AWAIT_INFO_REQUEST -> SETTLING
09-03 21:34:50.798 I/OPENHU  ( 3108): [72] 2.invokeSuspend$tick | NativeAA: [RX] Received Type 7 (Payload size: 2)
09-03 21:34:50.802 I/OPENHU  ( 3108): [72] NativeAaHandshakeManager.logReceivedDetail | NativeAA: [RX] WifiStartResponse ip= status=SUCCESS(0)
09-03 21:34:52.639 I/OPENHU  ( 3108): [2] 1.onReceive | WifiDirectManager: Connected. Requesting info...
09-03 21:34:52.643 D/OPENHU  ( 3108): [2] 2.invoke | WifiDirectManager: Pre-fetched localDeviceAddress on connect: 02:00:00:00:00:00
09-03 21:34:52.644 I/OPENHU  ( 3108): [2] WifiDirectManager.onConnectionInfoAvailable | WifiDirectManager: Group formed. Owner: true, GO IP: 192.168.49.1
09-03 21:34:52.647 I/OPENHU  ( 3108): [2] 1.invoke | WifiDirectManager: Updated localDeviceAddress via requestDeviceInfo: 02:00:00:00:00:00
09-03 21:34:52.652 I/OPENHU  ( 3108): [2] WifiDirectManager.onGroupInfoAvailable | WifiDirectManager: System Location Check: GPS=true, Network=true
09-03 21:34:52.658 I/OPENHU  ( 3108): [2] WifiDirectManager.onGroupInfoAvailable | WifiDirectManager: BSSID read from the IPv6 link-local address of p2p-wlan0-5 (EUI-64): 02:B4:65:C4:60:3C
09-03 21:34:52.659 I/OPENHU  ( 3108): [2] WifiDirectManager.onGroupInfoAvailable | WifiDirectManager: Initial BSSID from IPv6 link-local: 02:B4:65:C4:60:3C
09-03 21:34:52.660 I/OPENHU  ( 3108): [2] WifiDirectManager.onGroupInfoAvailable | WifiDirectManager: onGroupInfoAvailable: SSID: DIRECT-D4-Navegadortz2, BSSID: 02:B4:65:C4:60:3C (source=IPv6 link-local), GO: true, IFACE: p2p-wlan0-5, Freq: 5180 MHz (5GHz)
09-03 21:34:52.667 I/OPENHU  ( 3108): [73] WifiDirectManager.onGroupInfoAvailable$lambda$7 | WifiDirectManager: SUCCESS - Providing credentials to listener. SSID=DIRECT-D4-Navegadortz2, IP=192.168.49.1, BSSID=02:B4:65:C4:60:3C, identity stable=no
09-03 21:34:52.668 I/OPENHU  ( 3108): [73] WifiLauncherNative.onNativeCredentials | AapService: Received WiFi credentials from manager (SSID=DIRECT-D4-Navegadortz2, IP=192.168.49.1). Updating and Triggering Poke.
09-03 21:34:52.669 I/OPENHU  ( 3108): [73] NativeAaHandshakeManager.updateWifiCredentials | NativeAA: Credentials updated. SSID=DIRECT-D4-Navegadortz2, IP=192.168.49.1, BSSID=02:B4:65:C4:60:3C, identity stable=no
09-03 21:34:52.669 I/OPENHU  ( 3108): [73] NativeAaHandshakeManager.triggerPoke | NativeAA: Handoff still settling — not starting a poke that would compete with the phone's WiFi association.
09-03 21:34:52.790 I/OPENHU  ( 3108): [72] 2.invokeSuspend$tick | NativeAA: [RX] Received Type 6 (Payload size: 2)
09-03 21:34:52.797 I/OPENHU  ( 3108): [72] NativeAaHandshakeManager.logReceivedDetail | NativeAA: [RX] WifiConnectStatus status=SUCCESS(0) (SUCCESS = the phone got onto our network)
09-03 21:34:52.799 I/OPENHU  ( 3108): [72] 2.invokeSuspend$runAction | NativeAA: Phone reports it is still joining — extending the settling window.
09-03 21:34:52.800 I/OPENHU  ( 3108): [52] 1.invokeSuspend | WirelessServer: Incoming connection detected from /192.168.49.54
09-03 21:34:52.802 D/OPENHU  ( 3108): [52] 1.invokeSuspend | WirelessServer: Waiting for TCP connection on port 5288...
09-03 21:34:52.802 I/OPENHU  ( 3108): [2] 2.invokeSuspend | WirelessServer: Accepted client connection from /192.168.49.54. Passing to CommManager...
09-03 21:34:52.812 I/OPENHU  ( 3108): [72] SocketProjectionConnection.applyLowLatencySocketOptions | Socket low-latency options: tcpNoDelay=true, recvBuf=524288, sendBuf=524288
09-03 21:34:52.839 I/OPENHU  ( 3108): [2] WifiDirectManager.noteSessionHosted | WifiDirectManager: this group has carried a session, so the join watchdog will not recreate it if the phone leaves.
09-03 21:34:52.844 I/OPENHU  ( 3108): [2] AapService.acquireWifiLock | WifiLock acquired (HIGH_PERF)
09-03 21:34:52.850 D/OPENHU  ( 3108): [2] CarKeysManager.registerReceivers | AapService: 1 CarKeyReceivers registered
09-03 21:34:52.851 D/OPENHU  ( 3108): [2] AapService.updateMediaSessionState | MediaSession: State updated to PLAYING, positionMs=0
09-03 21:34:52.854 D/OPENHU  ( 3108): [2] AapService.requestPermanentAudioFocus | Audio Sink disabled - skipping permanent audio focus request.
09-03 21:34:52.854 I/OPENHU  ( 3108): [2] AapService.onConnected | AapService: Starting GpsLocationService and NightModeManager since connection is established
09-03 21:34:52.861 I/OPENHU  ( 3108): [2] 1.invoke | NightMode update: true
09-03 21:34:52.888 I/OPENHU  ( 3108): [2] GpsLocation.start | Request location updates
09-03 21:34:52.899 I/OPENHU  ( 3108): [2] GpsLocation.start | Last known location:  Location[gps 6****** , -76******  hAcc=3.354826 et=+14h5m57s296ms alt=1568.895 vAcc=8.113576 vel=0.0 sAcc=0.21625277 bear=61.947 bAcc=33.576977 {Bundle[{satellites=18, maxCn0=31, meanCn0=20}]}]
09-03 21:34:52.919 I/OPENHU  ( 3108): [72] AapTransport.<init> | AapTransport: not taking the microphone (setting useHeadUnitMicrophone=false, available=true)
09-03 21:34:52.931 I/OPENHU  ( 3108): [72] AudioStreamCatalog.discover | AudioStreamCatalog: 12 streams available (reported count 12): 0=VOICE_CALL, 1=SYSTEM, 2=RING, 3=MUSIC, 4=ALARM, 5=NOTIFICATION, 6=BLUETOOTH_SCO, 7=SYSTEM_ENFORCED, 8=DTMF, 9=TTS, 10=ACCESSIBILITY, 11=ASSISTANT
09-03 21:34:52.935 I/OPENHU  ( 3108): [72] AapTransport.startHandshake$com_andrerinas_headunitrevived_3_3_1_beta1_githubDebug | Start Aap transport handshake for com.andrerinas.openheadunit.connection.projection.SocketProjectionConnection@5694753
09-03 21:34:52.937 D/OPENHU  ( 3108): [72] AapTransport.handshake | Handshake: Starting version request. TS: 50758134
09-03 21:34:52.938 D/OPENHU  ( 3108): [72] AapTransport.handshake | Handshake: Version request sent. ret: 10. attempt: 1. TS: 50758135
09-03 21:34:52.939 D/OPENHU  ( 3108): [72] AapTransport.handshake | Handshake: Waiting for version response. TS: 50758136
09-03 21:34:52.944 I/OPENHU  ( 3108): [72] AapTransport.handshake | Handshake: Version response received (ret=12, attempt=1).
09-03 21:34:52.945 I/OPENHU  ( 3108): [72] AapTransport.handshake | Handshake: Version response recv ret: 12
09-03 21:34:52.946 D/OPENHU  ( 3108): [72] AapTransport.handshake | Handshake: Starting SSL handshake via performHandshake(). TS: 50758143
09-03 21:34:53.035 I/OPENHU  ( 3108): [72] AapSslContext.performHandshake | SSL handshake complete. Session id: xMd71HpUN+LriIgCnlNr0veLlCmxydmkh1miZg4llqI=
09-03 21:34:53.035 D/OPENHU  ( 3108): [72] AapTransport.handshake | Handshake: SSL buffers reset after handshake.
09-03 21:34:53.036 D/OPENHU  ( 3108): [72] AapTransport.handshake | Handshake: SSL handshake complete. TS: 50758233
09-03 21:34:53.037 D/OPENHU  ( 3108): [72] AapTransport.handshake | Handshake: Status OK sent. ret: 8. TS: 50758234
09-03 21:34:53.038 I/OPENHU  ( 3108): [72] AapTransport.handshake | Handshake: Status OK sent: 8
09-03 21:34:53.039 D/OPENHU  ( 3108): [72] AapTransport.handshake | Handshake: Handshake successful. TS: 50758236
09-03 21:34:53.070 I/OPENHU  ( 3108): [71] 2.invokeSuspend$runAction | NativeAA: WiFi session landed. Handshake session ending, releasing Bluetooth connection.
09-03 21:34:53.073 D/OPENHU  ( 3108): [53] 1.invokeSuspend | NativeAA: AA Server socket closed after successful handoff.
09-03 21:34:53.073 D/OPENHU  ( 3108): [71] 2.invokeSuspend$feed | NativeAA: Handshake stage SETTLING -> DONE
09-03 21:34:53.079 I/OPENHU  ( 3108): [71] 2.invokeSuspend | NativeAA: BT Handshake socket closed.
09-03 21:34:53.080 D/OPENHU  ( 3108): [61] 1.invokeSuspend | NativeAA: Bluetooth reader ended: bt socket closed, read return: -1
09-03 21:34:53.093 I/OPENHU  ( 3108): [2] AapService.launchViaOverlayTrampoline | Overlay trampoline: startActivity succeeded
09-03 21:34:53.135 I/OPENHU  ( 3108): [2] GpsLocation.onLocationChanged | GpsLocation: first fix after 0s
09-03 21:34:53.135 V/OPENHU  ( 3108): [2] GpsLocation.onLocationChanged | GpsLocation: fix received
09-03 21:34:53.297 I/OPENHU  ( 3108): [2] AapProjectionActivity.onCreate | HeadUnit for Android Auto (tm) - Copyright 2011-2015 Michael A. Reid., since 2025 André Rinas All Rights Reserved...
09-03 21:34:53.299 I/OPENHU  ( 3108): [2] AapProjectionActivity.setupProjectionView | Projection backend: viewMode=GLES override=false SoC=uis7861_6h10 board=uis7861_6h10 mfr=UNISOC model=MT50_YT610E4GFPSL_U API=34
09-03 21:34:53.299 I/OPENHU  ( 3108): [2] AapProjectionActivity.setupProjectionView | Using GlProjectionView
09-03 21:34:53.305 I/OPENHU  ( 3108): [2] HeadUnitScreenConfig.init | [UI_DEBUG] HeadUnitScreenConfig: Raw size: 1304x720, usable: 1440x720, orientation setting: LANDSCAPE, configOrientation: 2
09-03 21:34:53.306 I/OPENHU  ( 3108): [2] HeadUnitScreenConfig.init | [UI_DEBUG] HeadUnitScreenConfig: Final normalized size: 1304x720, usable: 1440x720
09-03 21:34:53.307 I/OPENHU  ( 3108): [2] HeadUnitScreenConfig.init | [UI_DEBUG_FIX] HeadUnitScreenConfig: Cache invalidated (hash mismatch: stored=-1320146744, current=-1320192104)
09-03 21:34:53.308 I/OPENHU  ( 3108): [2] HeadUnitScreenConfig.init | [UI_DEBUG] HeadUnitScreenConfig: Honest Init | Mode: IMMERSIVE | Anchor: 1304x720 | Seeded Insets: L0 T0 R0 B0
09-03 21:34:53.476 I/OPENHU  ( 3108): [2] HeadUnitScreenConfig.recalculate | [RES_CAP] resolutionId=3 realScreen=1304x720 usable=1304x720 portrait=false locked=false chosen=_1920x1080 capped=_1920x1080 changed=false linkCapped=none
09-03 21:34:53.477 I/OPENHU  ( 3108): [2] HeadUnitScreenConfig.recalculate | [UI_DEBUG] CarScreen: usable area 1304x720, using _1920x1080
09-03 21:34:53.479 I/OPENHU  ( 3108): [2] HeadUnitScreenConfig.recalculate | [UI_DEBUG] CarScreen isSmallScreen: true, scaleFactor: 1.0, margins: w=616, h=360
09-03 21:34:53.479 I/OPENHU  ( 3108): [2] AapProjectionActivity.setupProjectionView | Using GLES YUV sink for bundled software HEVC
09-03 21:34:53.492 I/OPENHU  ( 3108): [2] HeadUnitScreenConfig.lockResolution | [UI_DEBUG] HeadUnitScreenConfig: Locking resolution at _1920x1080
09-03 21:34:53.496 I/OPENHU  ( 3108): [2] AapProjectionActivity.onResume | AapProjectionActivity: onResume
09-03 21:34:53.532 I/OPENHU  ( 3108): [2] 1.onReceive | Received request to resend night mode state
09-03 21:34:53.534 I/OPENHU  ( 3108): [2] 1.invoke | NightMode update: true
09-03 21:34:53.653 I/OPENHU  ( 3108): [77] VideoRenderer.onSurfaceCreated | GlProjectionView: onSurfaceCreated (GL Context)
09-03 21:34:53.657 I/OPENHU  ( 3108): [77] VideoRenderer.onSurfaceCreated | GlProjectionView: YUV handles pos=0 tex=1 mvp=4 st=3 y=2 u=1 v=0
09-03 21:34:53.659 I/OPENHU  ( 3108): [77] VideoRenderer.onSurfaceChanged | GlProjectionView: onSurfaceChanged: 1440x720
09-03 21:34:53.688 I/OPENHU  ( 3108): [2] VideoRenderer.onSurfaceCreated$lambda$9 | GlProjectionView: Reporting Surface Created
09-03 21:34:53.688 I/OPENHU  ( 3108): [2] AapProjectionActivity.onSurfaceCreated | [UI_DEBUG] [AapProjectionActivity] onSurfaceCreated
09-03 21:34:53.689 I/OPENHU  ( 3108): [2] AapProjectionActivity.onSurfaceChanged | [UI_DEBUG] [AapProjectionActivity] onSurfaceChanged. Actual surface dimensions: width=1440, height=720
09-03 21:34:53.690 I/OPENHU  ( 3108): [2] VideoDecoder.setSurface | New surface set: Surface(name=android.graphics.SurfaceTexture@1fe29ed)/@0x123c6e
09-03 21:34:53.691 I/OPENHU  ( 3108): [2] VideoDecoder.stop | Decoder stopped: New surface
09-03 21:34:53.692 I/OPENHU  ( 3108): [2] HeadUnitScreenConfig.updateSurfaceDimensions | [UI_DEBUG_FIX] Surface mismatch detected! Usable: 1304x720, Actual surface: 1440x720 (diff: 136x0)
09-03 21:34:53.693 I/OPENHU  ( 3108): [2] HeadUnitScreenConfig.recalculate | [UI_DEBUG] CarScreen: RESOLUTION LOCKED to _1920x1080. Usable area is 1440x720. Skipping re-negotiation.
09-03 21:34:53.694 I/OPENHU  ( 3108): [2] HeadUnitScreenConfig.recalculate | [RES_CAP] resolutionId=3 realScreen=1440x720 usable=1440x720 portrait=false locked=true chosen=_1920x1080 capped=_1920x1080 changed=false linkCapped=none
09-03 21:34:53.695 I/OPENHU  ( 3108): [2] HeadUnitScreenConfig.recalculate | [UI_DEBUG] CarScreen: usable area 1440x720, using _1920x1080
09-03 21:34:53.696 I/OPENHU  ( 3108): [2] HeadUnitScreenConfig.recalculate | [UI_DEBUG] CarScreen isSmallScreen: true, scaleFactor: 1.0, margins: w=480, h=360
09-03 21:34:53.698 I/OPENHU  ( 3108): [2] HeadUnitScreenConfig.updateSurfaceDimensions | [UI_DEBUG_FIX] Recalculated: usable=1440x720, margins: w=480, h=360, per-side: L=240 T=180 R=240 B=180
09-03 21:34:53.698 I/OPENHU  ( 3108): [2] AapProjectionActivity.onSurfaceChanged | [UI_DEBUG_FIX] Surface mismatch! Expected: 1304x720, Actual: 1440x720
09-03 21:34:53.705 I/OPENHU  ( 3108): [61] AapTransport.startReading$com_andrerinas_headunitrevived_3_3_1_beta1_githubDebug | Start Aap transport read loop
09-03 21:34:53.732 I/OPENHU  ( 3108): [75] Base.auditFragment | AapRead: largest message body so far: 871 bytes (on CONTROL)
09-03 21:34:53.733 D/OPENHU  ( 3108): [75] AapSslContext.decrypt | SSL Decrypt Status: OK, Produced: 842, Consumed: 871
09-03 21:34:53.734 D/OPENHU  ( 3108): [75] Companion.decrypt | RECV: CONTROL Service Discovery Request type: 5 flags: 11 size: 842 dataOffset: 2
09-03 21:34:53.735 D/OPENHU  ( 3108): [2] AapService.maybeAutoResumePlaybackOnReconnect | AapService: Skipping auto-resume playback (wasPlaying=false, elapsed=50758932ms)
09-03 21:34:53.741 I/OPENHU  ( 3108): [2] 1.onReceive | Received request to resend night mode state
09-03 21:34:53.741 I/OPENHU  ( 3108): [75] AapControlService.serviceDiscoveryRequest | Service Discovery Request: Android
09-03 21:34:53.743 I/OPENHU  ( 3108): [2] 1.invoke | NightMode update: true
09-03 21:34:53.744 I/OPENHU  ( 3108): [2] AapTransport.noteDroppedSensorEvent | AapTransport: dropping sensor events, isAlive=true startedSensors=[] droppedByType={10=1}
09-03 21:34:53.750 I/OPENHU  ( 3108): [75] HeadUnitScreenConfig.init | [UI_DEBUG] HeadUnitScreenConfig: Raw size: 1304x720, usable: 1440x720, orientation setting: LANDSCAPE, configOrientation: 2
09-03 21:34:53.751 I/OPENHU  ( 3108): [75] HeadUnitScreenConfig.init | [UI_DEBUG] HeadUnitScreenConfig: Final normalized size: 1304x720, usable: 1440x720
09-03 21:34:53.752 I/OPENHU  ( 3108): [75] HeadUnitScreenConfig.init | [UI_DEBUG] HeadUnitScreenConfig: Settings changed (-1320192104 -> -1320146744). Unlocking resolution.
09-03 21:34:53.753 I/OPENHU  ( 3108): [75] HeadUnitScreenConfig.unlockResolution | [UI_DEBUG] HeadUnitScreenConfig: Unlocking resolution (was _1920x1080)
09-03 21:34:53.753 I/OPENHU  ( 3108): [75] HeadUnitScreenConfig.init | [UI_DEBUG_FIX] HeadUnitScreenConfig: Using cached surface dimensions: 1440x720 (raw: 1440x720, anchor: 1440x720)
09-03 21:34:53.754 I/OPENHU  ( 3108): [75] HeadUnitScreenConfig.init | [UI_DEBUG] HeadUnitScreenConfig: Honest Init | Mode: IMMERSIVE | Anchor: 1440x720 | Seeded Insets: L0 T0 R0 B0
09-03 21:34:53.758 I/OPENHU  ( 3108): [75] HeadUnitScreenConfig.recalculate | [RES_CAP] resolutionId=3 realScreen=1440x720 usable=1440x720 portrait=false locked=false chosen=_1920x1080 capped=_1920x1080 changed=false linkCapped=none
09-03 21:34:53.759 I/OPENHU  ( 3108): [75] HeadUnitScreenConfig.recalculate | [UI_DEBUG] CarScreen: usable area 1440x720, using _1920x1080
09-03 21:34:53.760 I/OPENHU  ( 3108): [75] HeadUnitScreenConfig.recalculate | [UI_DEBUG] CarScreen isSmallScreen: true, scaleFactor: 1.0, margins: w=480, h=360
09-03 21:34:53.768 I/OPENHU  ( 3108): [75] Companion.makeProto | [ServiceDiscovery] Announcing NIGHT sensor support. Strategy: AUTO
09-03 21:34:53.774 I/OPENHU  ( 3108): [75] Companion.makeProto | [ServiceDiscovery] NegotiatedResolution is: 1920x1080
09-03 21:34:53.779 I/OPENHU  ( 3108): [75] Companion.logNegotiatedCodecCapability | [ServiceDiscovery] Negotiating a profile this device claims to carry: codec=c2.unisoc.hevc.decoder mime=video/hevc target=1920x1080@60 sizeSupported=true rateSupported=true sustains=true widths=[64, 1920] heights=[64, 3840] featureLowLatency=false featureAdaptivePlayback=true
09-03 21:34:53.780 I/OPENHU  ( 3108): [75] Companion.makeProto | [ServiceDiscovery] Margins are: 480x360
09-03 21:34:53.790 I/OPENHU  ( 3108): [75] Companion.makeProto | Audio sink is off in Settings. Skipping the media and speech audio channels - the phone will not send audio and this is not a fault
09-03 21:34:53.791 I/OPENHU  ( 3108): [75] Companion.makeProto | Head unit microphone is off in Settings. Skipping the microphone service - the phone is told this head unit cannot record, no voice request will arrive here, and this is not a fault. This needs the phone to keep our motorcycle claim, which Android 10 and older do not, so a session that connects once and then stops on an older phone may be this
09-03 21:34:53.792 I/OPENHU  ( 3108): [75] Companion.makeProto | BT MAC Address is empty, so no Bluetooth service is announced. The phone is not told where to connect hands-free, and Android Auto keeps phone calls on the phone until it is
09-03 21:34:53.803 V/OPENHU  ( 3108): [75] AapTransport.send | CONTROL Service Discovery Response type: 6 flags: 11 size: 433 dataOffset: 6
09-03 21:34:53.805 V/OPENHU  ( 3108): [74] AapTransport.sendEncryptedMessage | Sent size: 462
09-03 21:34:53.911 D/OPENHU  ( 3108): [75] AapSslContext.decrypt | SSL Decrypt Status: OK, Produced: 4, Consumed: 33
09-03 21:34:53.911 D/OPENHU  ( 3108): [75] Companion.decrypt | RECV: CONTROL Audio Focus Request type: 18 flags: 11 size: 4 dataOffset: 2
09-03 21:34:53.914 I/OPENHU  ( 3108): [75] AapControlService.audioFocusRequest | Audio Focus Request: RELEASE
09-03 21:34:53.916 I/OPENHU  ( 3108): [75] AapControlService.audioFocusRequest | Sending immediate AudioFocusNotification: STATE_LOSS (always-grant)
09-03 21:34:53.917 V/OPENHU  ( 3108): [75] AapTransport.send | CONTROL Audio Focus Notification type: 19 flags: 11 size: 8 dataOffset: 6
09-03 21:34:53.918 V/OPENHU  ( 3108): [74] AapTransport.sendEncryptedMessage | Sent size: 37
09-03 21:34:53.918 D/OPENHU  ( 3108): [75] AapService.updateMediaSessionState | MediaSession: State updated to STOPPED, positionMs=0
09-03 21:34:53.919 I/OPENHU  ( 3108): [75] AapControlService.audioFocusRequest | Audio Sink disabled - skipping system audio focus request for channel CONTROL
09-03 21:34:53.920 D/OPENHU  ( 3108): [75] AapSslContext.decrypt | SSL Decrypt Status: OK, Produced: 6, Consumed: 35
09-03 21:34:53.921 D/OPENHU  ( 3108): [75] Companion.decrypt | RECV: SENSOR Channel Open Request type: 7 flags: 15 size: 6 dataOffset: 2
09-03 21:34:53.925 V/OPENHU  ( 3108): [75] AapTransport.send | SENSOR Channel Open Response type: 8 flags: 15 size: 8 dataOffset: 6
09-03 21:34:53.926 V/OPENHU  ( 3108): [74] AapTransport.sendEncryptedMessage | Sent size: 37
09-03 21:34:53.927 V/OPENHU  ( 3108): [75] AapTransport.send | SENSOR Sensor Event type: 32771 flags: 11 size: 10 dataOffset: 6
09-03 21:34:53.929 D/OPENHU  ( 3108): [75] AapSslContext.decrypt | SSL Decrypt Status: OK, Produced: 6, Consumed: 35
09-03 21:34:53.929 V/OPENHU  ( 3108): [74] AapTransport.sendEncryptedMessage | Sent size: 39
09-03 21:34:53.930 D/OPENHU  ( 3108): [75] Companion.decrypt | RECV: VIDEO Channel Open Request type: 7 flags: 15 size: 6 dataOffset: 2
09-03 21:34:53.931 V/OPENHU  ( 3108): [75] AapTransport.send | VIDEO Channel Open Response type: 8 flags: 15 size: 8 dataOffset: 6
09-03 21:34:53.933 D/OPENHU  ( 3108): [75] AapSslContext.decrypt | SSL Decrypt Status: OK, Produced: 6, Consumed: 35
09-03 21:34:53.934 D/OPENHU  ( 3108): [75] Companion.decrypt | RECV: INPUT Channel Open Request type: 7 flags: 15 size: 6 dataOffset: 2
09-03 21:34:53.934 V/OPENHU  ( 3108): [74] AapTransport.sendEncryptedMessage | Sent size: 37
09-03 21:34:53.935 V/OPENHU  ( 3108): [75] AapTransport.send | INPUT Channel Open Response type: 8 flags: 15 size: 8 dataOffset: 6
09-03 21:34:53.936 D/OPENHU  ( 3108): [75] AapSslContext.decrypt | SSL Decrypt Status: OK, Produced: 6, Consumed: 35
09-03 21:34:53.937 V/OPENHU  ( 3108): [74] AapTransport.sendEncryptedMessage | Sent size: 37
09-03 21:34:53.937 D/OPENHU  ( 3108): [75] Companion.decrypt | RECV: AUDIO2 Channel Open Request type: 7 flags: 15 size: 6 dataOffset: 2
09-03 21:34:53.938 V/OPENHU  ( 3108): [75] AapTransport.send | AUDIO2 Channel Open Response type: 8 flags: 15 size: 8 dataOffset: 6
09-03 21:34:53.939 V/OPENHU  ( 3108): [74] AapTransport.sendEncryptedMessage | Sent size: 37
09-03 21:34:53.940 D/OPENHU  ( 3108): [75] AapSslContext.decrypt | SSL Decrypt Status: OK, Produced: 6, Consumed: 35
09-03 21:34:53.940 D/OPENHU  ( 3108): [75] Companion.decrypt | RECV: MUSIC_PLAYBACK Channel Open Request type: 7 flags: 15 size: 6 dataOffset: 2
09-03 21:34:53.941 V/OPENHU  ( 3108): [75] AapTransport.send | MUSIC_PLAYBACK Channel Open Response type: 8 flags: 15 size: 8 dataOffset: 6
09-03 21:34:53.942 D/OPENHU  ( 3108): [75] AapSslContext.decrypt | SSL Decrypt Status: OK, Produced: 6, Consumed: 35
09-03 21:34:53.942 V/OPENHU  ( 3108): [74] AapTransport.sendEncryptedMessage | Sent size: 37
09-03 21:34:53.943 D/OPENHU  ( 3108): [75] Companion.decrypt | RECV: NAVIGATION_DIRECTIONS Channel Open Request type: 7 flags: 15 size: 6 dataOffset: 2
09-03 21:34:53.944 V/OPENHU  ( 3108): [75] AapTransport.send | NAVIGATION_DIRECTIONS Channel Open Response type: 8 flags: 15 size: 8 dataOffset: 6
09-03 21:34:53.946 D/OPENHU  ( 3108): [75] AapSslContext.decrypt | SSL Decrypt Status: OK, Produced: 6, Consumed: 35
09-03 21:34:53.947 D/OPENHU  ( 3108): [75] Companion.decrypt | RECV: SENSOR Sensor Start Request type: 32769 flags: 11 size: 6 dataOffset: 2
09-03 21:34:53.950 I/OPENHU  ( 3108): [75] AapControlSensor.sensorStartRequest | Sensor Start Request sensor: DRIVING_STATUS, minUpdatePeriod: 0
09-03 21:34:53.953 I/OPENHU  ( 3108): [75] AapControlSensor.sensorStartRequest | SENSOR Sensor Start Response type: 32770 flags: 11 size: 8 dataOffset: 6
09-03 21:34:53.953 V/OPENHU  ( 3108): [75] AapTransport.send | SENSOR Sensor Start Response type: 32770 flags: 11 size: 8 dataOffset: 6
09-03 21:34:53.955 D/OPENHU  ( 3108): [75] AapSslContext.decrypt | SSL Decrypt Status: OK, Produced: 4, Consumed: 33
09-03 21:34:53.956 D/OPENHU  ( 3108): [75] Companion.decrypt | RECV: VIDEO Media Setup Request type: 32768 flags: 11 size: 4 dataOffset: 2
09-03 21:34:53.957 W/OPENHU  ( 3108): [75] AapVideo.process | AapVideo: Dropped Flag 11 packet. len=4
09-03 21:34:53.958 V/OPENHU  ( 3108): [74] AapTransport.sendEncryptedMessage | Sent size: 37
09-03 21:34:53.959 I/OPENHU  ( 3108): [75] AapControlMedia.mediaSinkSetupRequest | Media Sink Setup Request: 7 on channel VIDEO
09-03 21:34:53.959 V/OPENHU  ( 3108): [74] AapTransport.sendEncryptedMessage | Sent size: 37
09-03 21:34:53.995 V/OPENHU  ( 3108): [2] GpsLocation.onLocationChanged | GpsLocation: fix received
09-03 21:34:54.006 I/OPENHU  ( 3108): [2] AapTransport.noteDroppedSensorEvent | AapTransport: dropping sensor events, isAlive=true startedSensors=[13] droppedByType={1=1, 10=1}
09-03 21:34:54.034 I/OPENHU  ( 3108): [75] AapControlMedia.mediaSinkSetupRequest | Config response: status: HEADUNIT
09-03 21:34:54.034 I/OPENHU  ( 3108): max_unacked: 12
09-03 21:34:54.034 I/OPENHU  ( 3108): configuration_indices: 0
09-03 21:34:54.034 I/OPENHU  ( 3108):  (maxUnacked=12)
09-03 21:34:54.035 V/OPENHU  ( 3108): [75] AapTransport.send | VIDEO Media Config Response type: 32771 flags: 11 size: 12 dataOffset: 6
09-03 21:34:54.037 V/OPENHU  ( 3108): [74] AapTransport.sendEncryptedMessage | Sent size: 41
09-03 21:34:54.038 D/OPENHU  ( 3108): [75] AapSslContext.decrypt | SSL Decrypt Status: OK, Produced: 68, Consumed: 97
09-03 21:34:54.039 D/OPENHU  ( 3108): [75] Companion.decrypt | RECV: INPUT Input Binding Request type: 32770 flags: 11 size: 68 dataOffset: 2
09-03 21:34:54.043 V/OPENHU  ( 3108): [75] AapTransport.send | INPUT Input Binding Response type: 32771 flags: 11 size: 8 dataOffset: 6
09-03 21:34:54.044 D/OPENHU  ( 3108): [75] AapSslContext.decrypt | SSL Decrypt Status: OK, Produced: 4, Consumed: 33
09-03 21:34:54.044 V/OPENHU  ( 3108): [74] AapTransport.sendEncryptedMessage | Sent size: 37
09-03 21:34:54.045 D/OPENHU  ( 3108): [75] Companion.decrypt | RECV: AUDIO2 Media Setup Request type: 32768 flags: 11 size: 4 dataOffset: 2
09-03 21:34:54.046 I/OPENHU  ( 3108): [75] AapControlMedia.mediaSinkSetupRequest | Media Sink Setup Request: 1 on channel AUDIO2
09-03 21:34:54.047 I/OPENHU  ( 3108): [75] AapControlMedia.mediaSinkSetupRequest | Config response: status: HEADUNIT
09-03 21:34:54.047 I/OPENHU  ( 3108): max_unacked: 30
09-03 21:34:54.047 I/OPENHU  ( 3108): configuration_indices: 0
09-03 21:34:54.047 I/OPENHU  ( 3108):  (maxUnacked=30)
09-03 21:34:54.048 V/OPENHU  ( 3108): [75] AapTransport.send | AUDIO2 Media Config Response type: 32771 flags: 11 size: 12 dataOffset: 6
09-03 21:34:54.049 V/OPENHU  ( 3108): [75] AapTransport.send | CONTROL Audio Focus Notification type: 19 flags: 11 size: 10 dataOffset: 6
09-03 21:34:54.050 V/OPENHU  ( 3108): [74] AapTransport.sendEncryptedMessage | Sent size: 41
09-03 21:34:54.050 D/OPENHU  ( 3108): [75] AapSslContext.decrypt | SSL Decrypt Status: OK, Produced: 6, Consumed: 35
09-03 21:34:54.051 D/OPENHU  ( 3108): [75] Companion.decrypt | RECV: SENSOR Sensor Start Request type: 32769 flags: 11 size: 6 dataOffset: 2
09-03 21:34:54.051 V/OPENHU  ( 3108): [74] AapTransport.sendEncryptedMessage | Sent size: 39
09-03 21:34:54.052 I/OPENHU  ( 3108): [75] AapControlSensor.sensorStartRequest | Sensor Start Request sensor: NIGHT, minUpdatePeriod: 0
09-03 21:34:54.053 I/OPENHU  ( 3108): [75] AapControlSensor.sensorStartRequest | SENSOR Sensor Start Response type: 32770 flags: 11 size: 8 dataOffset: 6
09-03 21:34:54.054 V/OPENHU  ( 3108): [75] AapTransport.send | SENSOR Sensor Start Response type: 32770 flags: 11 size: 8 dataOffset: 6
09-03 21:34:54.054 I/OPENHU  ( 3108): [75] AapControlSensor.sensorStartRequest | Night sensor requested. Triggering immediate update.
09-03 21:34:54.056 V/OPENHU  ( 3108): [74] AapTransport.sendEncryptedMessage | Sent size: 37
09-03 21:34:54.058 D/OPENHU  ( 3108): [75] AapSslContext.decrypt | SSL Decrypt Status: OK, Produced: 12, Consumed: 41
09-03 21:34:54.058 I/OPENHU  ( 3108): [2] 1.onReceive | Received request to resend night mode state
09-03 21:34:54.059 D/OPENHU  ( 3108): [75] Companion.decrypt | RECV: CONTROL Ping Request type: 11 flags: 11 size: 12 dataOffset: 2
09-03 21:34:54.062 V/OPENHU  ( 3108): [75] AapTransport.send | CONTROL Ping Response type: 12 flags: 11 size: 14 dataOffset: 6
09-03 21:34:54.062 I/OPENHU  ( 3108): [2] 1.invoke | NightMode update: true
09-03 21:34:54.063 V/OPENHU  ( 3108): [74] AapTransport.sendEncryptedMessage | Sent size: 43
09-03 21:34:54.064 V/OPENHU  ( 3108): [2] AapTransport.send | SENSOR Sensor Event type: 32771 flags: 11 size: 10 dataOffset: 6
09-03 21:34:54.065 V/OPENHU  ( 3108): [74] AapTransport.sendEncryptedMessage | Sent size: 39
09-03 21:34:54.435 D/OPENHU  ( 3108): [75] AapSslContext.decrypt | SSL Decrypt Status: OK, Produced: 6, Consumed: 35
09-03 21:34:54.436 D/OPENHU  ( 3108): [75] Companion.decrypt | RECV: SENSOR Sensor Start Request type: 32769 flags: 11 size: 6 dataOffset: 2
09-03 21:34:54.437 I/OPENHU  ( 3108): [75] AapControlSensor.sensorStartRequest | Sensor Start Request sensor: LOCATION, minUpdatePeriod: 0
09-03 21:34:54.438 I/OPENHU  ( 3108): [75] AapControlSensor.sensorStartRequest | SENSOR Sensor Start Response type: 32770 flags: 11 size: 8 dataOffset: 6
09-03 21:34:54.438 V/OPENHU  ( 3108): [75] AapTransport.send | SENSOR Sensor Start Response type: 32770 flags: 11 size: 8 dataOffset: 6
09-03 21:34:54.440 V/OPENHU  ( 3108): [74] AapTransport.sendEncryptedMessage | Sent size: 37
09-03 21:34:54.444 V/OPENHU  ( 3108): [75] AapTransport.send | SENSOR Sensor Event type: 32771 flags: 11 size: 45 dataOffset: 6
09-03 21:34:54.445 I/OPENHU  ( 3108): [75] AapControlSensor.sensorStartRequest | LOCATION sensor requested. Sending current fix immediately. sentOnWire=true
09-03 21:34:54.446 V/OPENHU  ( 3108): [74] AapTransport.sendEncryptedMessage | Sent size: 74
09-03 21:34:54.493 W/OPENHU  ( 3108): [2] 1.run | Watchdog: No video received yet. Requesting Keyframe (Unsolicited Focus)...
09-03 21:34:54.499 V/OPENHU  ( 3108): [2] AapTransport.send | VIDEO Video Focus Notification type: 32776 flags: 11 size: 10 dataOffset: 6
09-03 21:34:54.500 V/OPENHU  ( 3108): [74] AapTransport.sendEncryptedMessage | Sent size: 39
09-03 21:34:54.527 D/OPENHU  ( 3108): [75] AapSslContext.decrypt | SSL Decrypt Status: OK, Produced: 6, Consumed: 35
09-03 21:34:54.528 D/OPENHU  ( 3108): [75] Companion.decrypt | RECV: VIDEO Media Start Request type: 32769 flags: 11 size: 6 dataOffset: 2
09-03 21:34:54.529 W/OPENHU  ( 3108): [75] AapVideo.process | AapVideo: Dropped Flag 11 packet. len=6
09-03 21:34:54.531 I/OPENHU  ( 3108): [75] AapControlMedia.mediaStartRequest | Media Start Request VIDEO: session=0, config_index=0
09-03 21:34:54.670 D/OPENHU  ( 3108): [75] AapSslContext.decrypt | SSL Decrypt Status: OK, Produced: 87, Consumed: 116
09-03 21:34:54.671 D/OPENHU  ( 3108): [75] Companion.decrypt | RECV: VIDEO Version Request type: 1 flags: 11 size: 87 dataOffset: 2
09-03 21:34:54.674 I/OPENHU  ( 3108): [75] VideoDecoder.applyStreamDimensions | H.265 SPS parsed: 1920x1080 (negotiated 1920x1080)
09-03 21:34:54.675 I/OPENHU  ( 3108): [75] AapProjectionActivity.onVideoDimensionsChanged | [AapProjectionActivity] Received video dimensions: 1920x1080
09-03 21:34:54.675 I/OPENHU  ( 3108): [75] VideoDecoder.applyParameterSet | Stream SPS (H.265): profile=1 level=123 chroma_format=1 bit_depth=8 size=1920x1080 max_dec_pic_buffering=2 max_num_reorder_pics=0
09-03 21:34:54.676 I/OPENHU  ( 3108): [2] GlProjectionView.setVideoSize | GlProjectionView setVideoSize: 1920x1080
09-03 21:34:54.679 I/OPENHU  ( 3108): [2] HeadUnitScreenConfig.init | [UI_DEBUG] HeadUnitScreenConfig: Raw size: 1304x720, usable: 1440x720, orientation setting: LANDSCAPE, configOrientation: 2
09-03 21:34:54.679 I/OPENHU  ( 3108): [75] VideoDecoder.findBestCodec | findBestCodec: hw=c2.unisoc.hevc.decoder, sw=c2.android.hevc.decoder, preferHardware=true, selected=c2.unisoc.hevc.decoder
09-03 21:34:54.680 I/OPENHU  ( 3108): [2] HeadUnitScreenConfig.init | [UI_DEBUG] HeadUnitScreenConfig: Final normalized size: 1304x720, usable: 1440x720
09-03 21:34:54.682 I/OPENHU  ( 3108): [75] VideoDecoder.logDecoderCapability | Decoder capability: codec=c2.unisoc.hevc.decoder mime=video/hevc target=1920x1080@60 sizeSupported=true rateSupported=true sustains=true widths=[64, 1920] heights=[64, 3840] featureLowLatency=false featureAdaptivePlayback=true
09-03 21:34:54.682 I/OPENHU  ( 3108): [2] HeadUnitScreenConfig.init | [UI_DEBUG_FIX] HeadUnitScreenConfig: Using cached surface dimensions: 1440x720 (raw: 1440x720, anchor: 1440x720)
09-03 21:34:54.683 I/OPENHU  ( 3108): [2] HeadUnitScreenConfig.init | [UI_DEBUG] HeadUnitScreenConfig: Honest Init | Mode: IMMERSIVE | Anchor: 1440x720 | Seeded Insets: L0 T0 R0 B0
09-03 21:34:54.686 I/OPENHU  ( 3108): [2] HeadUnitScreenConfig.recalculate | [RES_CAP] resolutionId=3 realScreen=1440x720 usable=1440x720 portrait=false locked=false chosen=_1920x1080 capped=_1920x1080 changed=false linkCapped=none
09-03 21:34:54.688 I/OPENHU  ( 3108): [2] HeadUnitScreenConfig.recalculate | [UI_DEBUG] CarScreen: usable area 1440x720, using _1920x1080
09-03 21:34:54.690 I/OPENHU  ( 3108): [2] HeadUnitScreenConfig.recalculate | [UI_DEBUG] CarScreen isSmallScreen: true, scaleFactor: 1.0, margins: w=480, h=360
09-03 21:34:54.692 I/OPENHU  ( 3108): [2] ProjectionViewScaler.updateScale | [UI_DEBUG] Normal Scale. scaleX: 1.3333334, scaleY: 1.5
09-03 21:34:54.712 I/OPENHU  ( 3108): [75] VideoDecoder.start | Configuring decoder: c2.unisoc.hevc.decoder for 1920x1080, max-input-size=1530KB, memory=AMPLE (totalRam=3745MB heapLimit=512MB memoryClass=192MB lowRamFlag=false), queue=30 frames, optionalKeys=realtime [priority, operating-rate]
09-03 21:34:54.727 I/OPENHU  ( 3108): [81] VideoDecoder.outputThreadLoop | Output thread started
09-03 21:34:54.728 I/OPENHU  ( 3108): [75] VideoDecoder.start | Codec initialized: c2.unisoc.hevc.decoder
09-03 21:34:54.729 I/OPENHU  ( 3108): [82] VideoDecoder.feedThreadLoop | Feed thread started (queue holds 30 frames, 500ms at 60fps)
09-03 21:34:54.730 I/OPENHU  ( 3108): [82] VideoDecoder.feedInputBuffer | Codec input buffer: requested 1530KB, got 1530KB per buffer
09-03 21:34:54.732 I/OPENHU  ( 3108): [82] VideoDecoder.reportContentOnce | VideoDecoder: access unit classified PARAMETER_SETS_ONLY - flagged to the codec as configuration (first this session)
09-03 21:34:54.734 V/OPENHU  ( 3108): [75] AapTransport.send | VIDEO Codec/Media Data Ack type: 32772 flags: 11 size: 10 dataOffset: 6
09-03 21:34:54.736 V/OPENHU  ( 3108): [74] AapTransport.sendEncryptedMessage | Sent size: 39
09-03 21:34:54.736 D/OPENHU  ( 3108): [75] AapSslContext.decrypt | SSL Decrypt Status: OK, Produced: 637, Consumed: 666
09-03 21:34:54.738 D/OPENHU  ( 3108): [75] Companion.decrypt | RECV: VIDEO Media Data type: 0 flags: 11 size: 637 dataOffset: 2
09-03 21:34:54.739 V/OPENHU  ( 3108): [75] AapTransport.send | VIDEO Codec/Media Data Ack type: 32772 flags: 11 size: 10 dataOffset: 6
09-03 21:34:54.741 D/OPENHU  ( 3108): [75] AapSslContext.decrypt | SSL Decrypt Status: OK, Produced: 292, Consumed: 321
09-03 21:34:54.742 I/OPENHU  ( 3108): [82] VideoDecoder.reportContentOnce | VideoDecoder: access unit classified PARAMETER_SETS_WITH_PICTURE - carries a picture too, so not flagged (first this session)
09-03 21:34:54.742 V/OPENHU  ( 3108): [74] AapTransport.sendEncryptedMessage | Sent size: 39
09-03 21:34:54.742 D/OPENHU  ( 3108): [75] Companion.decrypt | RECV: VIDEO Media Data type: 0 flags: 11 size: 292 dataOffset: 2
09-03 21:34:54.743 V/OPENHU  ( 3108): [75] AapTransport.send | VIDEO Codec/Media Data Ack type: 32772 flags: 11 size: 10 dataOffset: 6
09-03 21:34:54.745 D/OPENHU  ( 3108): [75] AapSslContext.decrypt | SSL Decrypt Status: OK, Produced: 235, Consumed: 264
09-03 21:34:54.745 V/OPENHU  ( 3108): [74] AapTransport.sendEncryptedMessage | Sent size: 39
09-03 21:34:54.745 D/OPENHU  ( 3108): [75] Companion.decrypt | RECV: VIDEO Media Data type: 0 flags: 11 size: 235 dataOffset: 2
09-03 21:34:54.746 I/OPENHU  ( 3108): [82] VideoDecoder.feedInputBuffer | VideoDecoder: keyframe reached the codec (627 bytes)
09-03 21:34:54.747 V/OPENHU  ( 3108): [75] AapTransport.send | VIDEO Codec/Media Data Ack type: 32772 flags: 11 size: 10 dataOffset: 6
09-03 21:34:54.748 I/OPENHU  ( 3108): [82] VideoDecoder.reportContentOnce | VideoDecoder: access unit classified NO_PARAMETER_SETS - an ordinary frame (first this session)
09-03 21:34:54.749 D/OPENHU  ( 3108): [75] AapSslContext.decrypt | SSL Decrypt Status: OK, Produced: 212, Consumed: 241
09-03 21:34:54.749 D/OPENHU  ( 3108): [75] Companion.decrypt | RECV: VIDEO Media Data type: 0 flags: 11 size: 212 dataOffset: 2
09-03 21:34:54.750 V/OPENHU  ( 3108): [74] AapTransport.sendEncryptedMessage | Sent size: 39
09-03 21:34:54.751 V/OPENHU  ( 3108): [75] AapTransport.send | VIDEO Codec/Media Data Ack type: 32772 flags: 11 size: 10 dataOffset: 6
09-03 21:34:54.752 D/OPENHU  ( 3108): [75] AapSslContext.decrypt | SSL Decrypt Status: OK, Produced: 212, Consumed: 241
09-03 21:34:54.752 V/OPENHU  ( 3108): [74] AapTransport.sendEncryptedMessage | Sent size: 39
09-03 21:34:54.753 D/OPENHU  ( 3108): [75] Companion.decrypt | RECV: VIDEO Media Data type: 0 flags: 11 size: 212 dataOffset: 2
09-03 21:34:54.754 V/OPENHU  ( 3108): [75] AapTransport.send | VIDEO Codec/Media Data Ack type: 32772 flags: 11 size: 10 dataOffset: 6
09-03 21:34:54.756 D/OPENHU  ( 3108): [75] AapSslContext.decrypt | SSL Decrypt Status: OK, Produced: 206, Consumed: 235
09-03 21:34:54.757 D/OPENHU  ( 3108): [75] Companion.decrypt | RECV: VIDEO Media Data type: 0 flags: 11 size: 206 dataOffset: 2
09-03 21:34:54.757 I/OPENHU  ( 3108): [81] VideoDecoder.handleOutputFormatChange | Output Format Changed: {crop-right=1919, max-height=1080, sar-width=1, color-format=2130708361, mime=video/raw, hdr-static-info=java.nio.HeapByteBuffer[pos=0 lim=25 cap=25], priority=0, color-standard=1, vendor.coding.scene-mode.value=6, color-transfer=3, sar-height=1, hdr10-plus-info=java.nio.HeapByteBuffer[pos=0 lim=0 cap=0], crop-bottom=1079, max-width=1920, crop-left=0, width=1920, color-range=2, crop-top=0, rotation-degrees=0, height=1080}
09-03 21:34:54.757 V/OPENHU  ( 3108): [74] AapTransport.sendEncryptedMessage | Sent size: 39
09-03 21:34:54.758 V/OPENHU  ( 3108): [75] AapTransport.send | VIDEO Codec/Media Data Ack type: 32772 flags: 11 size: 10 dataOffset: 6
09-03 21:34:54.759 V/OPENHU  ( 3108): [74] AapTransport.sendEncryptedMessage | Sent size: 39
09-03 21:34:54.766 I/OPENHU  ( 3108): [81] VideoDecoder.outputThreadLoop | VideoDecoder: keyframe decoded - the picture is repaired
09-03 21:34:54.767 I/OPENHU  ( 3108): [81] VideoDecoder.outputThreadLoop | First frame rendered (hardware decode)
09-03 21:34:54.769 I/OPENHU  ( 3108): [2] AapProjectionActivity.hideLoadingOverlay | Hiding loading overlay after first video frame
09-03 21:34:54.971 D/OPENHU  ( 3108): [75] AapSslContext.decrypt | SSL Decrypt Status: OK, Produced: 12, Consumed: 41
09-03 21:34:54.971 D/OPENHU  ( 3108): [75] Companion.decrypt | RECV: CONTROL Ping Request type: 11 flags: 11 size: 12 dataOffset: 2
09-03 21:34:54.972 V/OPENHU  ( 3108): [75] AapTransport.send | CONTROL Ping Response type: 12 flags: 11 size: 14 dataOffset: 6
09-03 21:34:54.973 V/OPENHU  ( 3108): [74] AapTransport.sendEncryptedMessage | Sent size: 43
09-03 21:34:55.091 V/OPENHU  ( 3108): [2] GpsLocation.onLocationChanged | GpsLocation: fix received
09-03 21:34:55.097 V/OPENHU  ( 3108): [2] AapTransport.send | SENSOR Sensor Event type: 32771 flags: 11 size: 45 dataOffset: 6
09-03 21:34:55.099 V/OPENHU  ( 3108): [74] AapTransport.sendEncryptedMessage | Sent size: 74
09-03 21:34:55.311 D/OPENHU  ( 3108): [75] AapSslContext.decrypt | SSL Decrypt Status: OK, Produced: 21, Consumed: 50
09-03 21:34:55.312 D/OPENHU  ( 3108): [75] Companion.decrypt | RECV: MUSIC_PLAYBACK Media Playback Status type: 32769 flags: 11 size: 21 dataOffset: 2
09-03 21:34:55.315 D/OPENHU  ( 3108): [75] AapMediaPlayback.processStatusPacket | AapMediaPlayback: status mediaSource='Spotify', playbackSeconds(u32)=0, state=STOPPED
09-03 21:34:55.350 D/OPENHU  ( 3108): [75] AapSslContext.decrypt | SSL Decrypt Status: OK, Produced: 225, Consumed: 254
09-03 21:34:55.351 D/OPENHU  ( 3108): [75] Companion.decrypt | RECV: VIDEO Media Data type: 0 flags: 11 size: 225 dataOffset: 2
09-03 21:34:55.352 V/OPENHU  ( 3108): [75] AapTransport.send | VIDEO Codec/Media Data Ack type: 32772 flags: 11 size: 10 dataOffset: 6
09-03 21:34:55.355 V/OPENHU  ( 3108): [74] AapTransport.sendEncryptedMessage | Sent size: 39
09-03 21:34:55.363 D/OPENHU  ( 3108): [75] AapSslContext.decrypt | SSL Decrypt Status: OK, Produced: 238, Consumed: 267
09-03 21:34:55.364 D/OPENHU  ( 3108): [75] Companion.decrypt | RECV: VIDEO Media Data type: 0 flags: 11 size: 238 dataOffset: 2
09-03 21:34:55.365 V/OPENHU  ( 3108): [75] AapTransport.send | VIDEO Codec/Media Data Ack type: 32772 flags: 11 size: 10 dataOffset: 6
09-03 21:34:55.368 V/OPENHU  ( 3108): [74] AapTransport.sendEncryptedMessage | Sent size: 39
09-03 21:34:55.386 D/OPENHU  ( 3108): [75] AapSslContext.decrypt | SSL Decrypt Status: OK, Produced: 263, Consumed: 292
09-03 21:34:55.387 D/OPENHU  ( 3108): [75] Companion.decrypt | RECV: VIDEO Media Data type: 0 flags: 11 size: 263 dataOffset: 2
09-03 21:34:55.388 V/OPENHU  ( 3108): [75] AapTransport.send | VIDEO Codec/Media Data Ack type: 32772 flags: 11 size: 10 dataOffset: 6
09-03 21:34:55.391 V/OPENHU  ( 3108): [74] AapTransport.sendEncryptedMessage | Sent size: 39
09-03 21:34:55.401 D/OPENHU  ( 3108): [75] AapSslContext.decrypt | SSL Decrypt Status: OK, Produced: 284, Consumed: 313
09-03 21:34:55.404 D/OPENHU  ( 3108): [75] Companion.decrypt | RECV: VIDEO Media Data type: 0 flags: 11 size: 284 dataOffset: 2
09-03 21:34:55.406 V/OPENHU  ( 3108): [75] AapTransport.send | VIDEO Codec/Media Data Ack type: 32772 flags: 11 size: 10 dataOffset: 6
09-03 21:34:55.409 V/OPENHU  ( 3108): [74] AapTransport.sendEncryptedMessage | Sent size: 39
09-03 21:34:55.412 D/OPENHU  ( 3108): [75] AapSslContext.decrypt | SSL Decrypt Status: OK, Produced: 243, Consumed: 272
09-03 21:34:55.414 D/OPENHU  ( 3108): [75] Companion.decrypt | RECV: VIDEO Media Data type: 0 flags: 11 size: 243 dataOffset: 2
09-03 21:34:55.416 V/OPENHU  ( 3108): [75] AapTransport.send | VIDEO Codec/Media Data Ack type: 32772 flags: 11 size: 10 dataOffset: 6
09-03 21:34:55.419 V/OPENHU  ( 3108): [74] AapTransport.sendEncryptedMessage | Sent size: 39
09-03 21:34:55.465 D/OPENHU  ( 3108): [75] AapSslContext.decrypt | SSL Decrypt Status: OK, Produced: 252, Consumed: 281
09-03 21:34:55.467 D/OPENHU  ( 3108): [75] Companion.decrypt | RECV: VIDEO Media Data type: 0 flags: 11 size: 252 dataOffset: 2
09-03 21:34:55.469 V/OPENHU  ( 3108): [75] AapTransport.send | VIDEO Codec/Media Data Ack type: 32772 flags: 11 size: 10 dataOffset: 6
09-03 21:34:55.473 D/OPENHU  ( 3108): [75] AapSslContext.decrypt | SSL Decrypt Status: OK, Produced: 275, Consumed: 304
09-03 21:34:55.473 V/OPENHU  ( 3108): [74] AapTransport.sendEncryptedMessage | Sent size: 39
09-03 21:34:55.475 D/OPENHU  ( 3108): [75] Companion.decrypt | RECV: VIDEO Media Data type: 0 flags: 11 size: 275 dataOffset: 2
09-03 21:34:55.476 V/OPENHU  ( 3108): [75] AapTransport.send | VIDEO Codec/Media Data Ack type: 32772 flags: 11 size: 10 dataOffset: 6
09-03 21:34:55.478 D/OPENHU  ( 3108): [75] AapSslContext.decrypt | SSL Decrypt Status: OK, Produced: 310, Consumed: 339
09-03 21:34:55.479 D/OPENHU  ( 3108): [75] Companion.decrypt | RECV: VIDEO Media Data type: 0 flags: 11 size: 310 dataOffset: 2
09-03 21:34:55.479 V/OPENHU  ( 3108): [74] AapTransport.sendEncryptedMessage | Sent size: 39
09-03 21:34:55.480 V/OPENHU  ( 3108): [75] AapTransport.send | VIDEO Codec/Media Data Ack type: 32772 flags: 11 size: 10 dataOffset: 6
09-03 21:34:55.482 D/OPENHU  ( 3108): [75] AapSslContext.decrypt | SSL Decrypt Status: OK, Produced: 260, Consumed: 289
09-03 21:34:55.483 V/OPENHU  ( 3108): [74] AapTransport.sendEncryptedMessage | Sent size: 39
09-03 21:34:55.483 D/OPENHU  ( 3108): [75] Companion.decrypt | RECV: VIDEO Media Data type: 0 flags: 11 size: 260 dataOffset: 2
09-03 21:34:55.484 V/OPENHU  ( 3108): [75] AapTransport.send | VIDEO Codec/Media Data Ack type: 32772 flags: 11 size: 10 dataOffset: 6
09-03 21:34:55.488 V/OPENHU  ( 3108): [74] AapTransport.sendEncryptedMessage | Sent size: 39
09-03 21:34:55.500 D/OPENHU  ( 3108): [75] AapSslContext.decrypt | SSL Decrypt Status: OK, Produced: 246, Consumed: 275
09-03 21:34:55.501 D/OPENHU  ( 3108): [75] Companion.decrypt | RECV: VIDEO Media Data type: 0 flags: 11 size: 246 dataOffset: 2
09-03 21:34:55.502 V/OPENHU  ( 3108): [75] AapTransport.send | VIDEO Codec/Media Data Ack type: 32772 flags: 11 size: 10 dataOffset: 6
09-03 21:34:55.506 V/OPENHU  ( 3108): [74] AapTransport.sendEncryptedMessage | Sent size: 39
09-03 21:34:55.517 D/OPENHU  ( 3108): [75] AapSslContext.decrypt | SSL Decrypt Status: OK, Produced: 270, Consumed: 299
09-03 21:34:55.519 D/OPENHU  ( 3108): [75] Companion.decrypt | RECV: VIDEO Media Data type: 0 flags: 11 size: 270 dataOffset: 2
09-03 21:34:55.520 V/OPENHU  ( 3108): [75] AapTransport.send | VIDEO Codec/Media Data Ack type: 32772 flags: 11 size: 10 dataOffset: 6
09-03 21:34:55.522 V/OPENHU  ( 3108): [74] AapTransport.sendEncryptedMessage | Sent size: 39
09-03 21:34:55.548 D/OPENHU  ( 3108): [75] AapSslContext.decrypt | SSL Decrypt Status: OK, Produced: 223, Consumed: 252
09-03 21:34:55.549 D/OPENHU  ( 3108): [75] Companion.decrypt | RECV: VIDEO Media Data type: 0 flags: 11 size: 223 dataOffset: 2
09-03 21:34:55.550 V/OPENHU  ( 3108): [75] AapTransport.send | VIDEO Codec/Media Data Ack type: 32772 flags: 11 size: 10 dataOffset: 6
09-03 21:34:55.552 D/OPENHU  ( 3108): [75] AapSslContext.decrypt | SSL Decrypt Status: OK, Produced: 288, Consumed: 317
09-03 21:34:55.553 D/OPENHU  ( 3108): [75] Companion.decrypt | RECV: VIDEO Media Data type: 0 flags: 11 size: 288 dataOffset: 2
09-03 21:34:55.553 V/OPENHU  ( 3108): [74] AapTransport.sendEncryptedMessage | Sent size: 39
09-03 21:34:55.554 V/OPENHU  ( 3108): [75] AapTransport.send | VIDEO Codec/Media Data Ack type: 32772 flags: 11 size: 10 dataOffset: 6
09-03 21:34:55.558 V/OPENHU  ( 3108): [74] AapTransport.sendEncryptedMessage | Sent size: 39
09-03 21:34:55.562 D/OPENHU  ( 3108): [75] AapSslContext.decrypt | SSL Decrypt Status: OK, Produced: 207, Consumed: 236
09-03 21:34:55.562 D/OPENHU  ( 3108): [75] Companion.decrypt | RECV: VIDEO Media Data type: 0 flags: 11 size: 207 dataOffset: 2
09-03 21:34:55.564 V/OPENHU  ( 3108): [75] AapTransport.send | VIDEO Codec/Media Data Ack type: 32772 flags: 11 size: 10 dataOffset: 6
09-03 21:34:55.565 V/OPENHU  ( 3108): [74] AapTransport.sendEncryptedMessage | Sent size: 39
09-03 21:34:55.576 D/OPENHU  ( 3108): [75] AapSslContext.decrypt | SSL Decrypt Status: OK, Produced: 306, Consumed: 335
09-03 21:34:55.577 D/OPENHU  ( 3108): [75] Companion.decrypt | RECV: VIDEO Media Data type: 0 flags: 11 size: 306 dataOffset: 2
09-03 21:34:55.578 V/OPENHU  ( 3108): [75] AapTransport.send | VIDEO Codec/Media Data Ack type: 32772 flags: 11 size: 10 dataOffset: 6
09-03 21:34:55.581 V/OPENHU  ( 3108): [74] AapTransport.sendEncryptedMessage | Sent size: 39
09-03 21:34:55.594 D/OPENHU  ( 3108): [75] AapSslContext.decrypt | SSL Decrypt Status: OK, Produced: 264, Consumed: 293
09-03 21:34:55.595 D/OPENHU  ( 3108): [75] Companion.decrypt | RECV: VIDEO Media Data type: 0 flags: 11 size: 264 dataOffset: 2
09-03 21:34:55.596 V/OPENHU  ( 3108): [75] AapTransport.send | VIDEO Codec/Media Data Ack type: 32772 flags: 11 size: 10 dataOffset: 6
09-03 21:34:55.599 V/OPENHU  ( 3108): [74] AapTransport.sendEncryptedMessage | Sent size: 39
09-03 21:34:55.611 D/OPENHU  ( 3108): [75] AapSslContext.decrypt | SSL Decrypt Status: OK, Produced: 279, Consumed: 308
09-03 21:34:55.612 D/OPENHU  ( 3108): [75] Companion.decrypt | RECV: VIDEO Media Data type: 0 flags: 11 size: 279 dataOffset: 2
09-03 21:34:55.613 V/OPENHU  ( 3108): [75] AapTransport.send | VIDEO Codec/Media Data Ack type: 32772 flags: 11 size: 10 dataOffset: 6
09-03 21:34:55.616 V/OPENHU  ( 3108): [74] AapTransport.sendEncryptedMessage | Sent size: 39
09-03 21:34:55.665 D/OPENHU  ( 3108): [75] AapSslContext.decrypt | SSL Decrypt Status: OK, Produced: 311, Consumed: 340
09-03 21:34:55.666 D/OPENHU  ( 3108): [75] Companion.decrypt | RECV: VIDEO Media Data type: 0 flags: 11 size: 311 dataOffset: 2
09-03 21:34:55.667 V/OPENHU  ( 3108): [75] AapTransport.send | VIDEO Codec/Media Data Ack type: 32772 flags: 11 size: 10 dataOffset: 6
09-03 21:34:55.669 D/OPENHU  ( 3108): [75] AapSslContext.decrypt | SSL Decrypt Status: OK, Produced: 379, Consumed: 408
09-03 21:34:55.670 D/OPENHU  ( 3108): [75] Companion.decrypt | RECV: VIDEO Media Data type: 0 flags: 11 size: 379 dataOffset: 2
09-03 21:34:55.670 V/OPENHU  ( 3108): [74] AapTransport.sendEncryptedMessage | Sent size: 39
09-03 21:34:55.672 V/OPENHU  ( 3108): [75] AapTransport.send | VIDEO Codec/Media Data Ack type: 32772 flags: 11 size: 10 dataOffset: 6
09-03 21:34:55.674 D/OPENHU  ( 3108): [75] AapSslContext.decrypt | SSL Decrypt Status: OK, Produced: 365, Consumed: 394
09-03 21:34:55.674 V/OPENHU  ( 3108): [74] AapTransport.sendEncryptedMessage | Sent size: 39
09-03 21:34:55.675 D/OPENHU  ( 3108): [75] Companion.decrypt | RECV: VIDEO Media Data type: 0 flags: 11 size: 365 dataOffset: 2
09-03 21:34:55.676 V/OPENHU  ( 3108): [75] AapTransport.send | VIDEO Codec/Media Data Ack type: 32772 flags: 11 size: 10 dataOffset: 6
09-03 21:34:55.678 V/OPENHU  ( 3108): [74] AapTransport.sendEncryptedMessage | Sent size: 39
09-03 21:34:55.681 D/OPENHU  ( 3108): [75] AapSslContext.decrypt | SSL Decrypt Status: OK, Produced: 926, Consumed: 955
09-03 21:34:55.681 D/OPENHU  ( 3108): [75] Companion.decrypt | RECV: VIDEO Media Data type: 0 flags: 11 size: 926 dataOffset: 2
09-03 21:34:55.683 V/OPENHU  ( 3108): [75] AapTransport.send | VIDEO Codec/Media Data Ack type: 32772 flags: 11 size: 10 dataOffset: 6
09-03 21:34:55.685 V/OPENHU  ( 3108): [74] AapTransport.sendEncryptedMessage | Sent size: 39
09-03 21:34:55.691 D/OPENHU  ( 3108): [75] AapSslContext.decrypt | SSL Decrypt Status: OK, Produced: 880, Consumed: 909
09-03 21:34:55.691 D/OPENHU  ( 3108): [75] Companion.decrypt | RECV: VIDEO Media Data type: 0 flags: 11 size: 880 dataOffset: 2
09-03 21:34:55.692 V/OPENHU  ( 3108): [75] AapTransport.send | VIDEO Codec/Media Data Ack type: 32772 flags: 11 size: 10 dataOffset: 6
09-03 21:34:55.695 V/OPENHU  ( 3108): [74] AapTransport.sendEncryptedMessage | Sent size: 39
09-03 21:34:55.717 D/OPENHU  ( 3108): [75] AapSslContext.decrypt | SSL Decrypt Status: OK, Produced: 903, Consumed: 932
09-03 21:34:55.718 D/OPENHU  ( 3108): [75] Companion.decrypt | RECV: VIDEO Media Data type: 0 flags: 11 size: 903 dataOffset: 2
09-03 21:34:55.719 V/OPENHU  ( 3108): [75] AapTransport.send | VIDEO Codec/Media Data Ack type: 32772 flags: 11 size: 10 dataOffset: 6
09-03 21:34:55.722 V/OPENHU  ( 3108): [74] AapTransport.sendEncryptedMessage | Sent size: 39
09-03 21:34:55.753 D/OPENHU  ( 3108): [75] AapSslContext.decrypt | SSL Decrypt Status: OK, Produced: 917, Consumed: 946
09-03 21:34:55.754 D/OPENHU  ( 3108): [75] Companion.decrypt | RECV: VIDEO Media Data type: 0 flags: 11 size: 917 dataOffset: 2
09-03 21:34:55.755 V/OPENHU  ( 3108): [75] AapTransport.send | VIDEO Codec/Media Data Ack type: 32772 flags: 11 size: 10 dataOffset: 6
09-03 21:34:55.757 D/OPENHU  ( 3108): [75] AapSslContext.decrypt | SSL Decrypt Status: OK, Produced: 895, Consumed: 924
09-03 21:34:55.758 D/OPENHU  ( 3108): [75] Companion.decrypt | RECV: VIDEO Media Data type: 0 flags: 11 size: 895 dataOffset: 2
09-03 21:34:55.758 V/OPENHU  ( 3108): [74] AapTransport.sendEncryptedMessage | Sent size: 39
09-03 21:34:55.759 V/OPENHU  ( 3108): [75] AapTransport.send | VIDEO Codec/Media Data Ack type: 32772 flags: 11 size: 10 dataOffset: 6
09-03 21:34:55.762 V/OPENHU  ( 3108): [74] AapTransport.sendEncryptedMessage | Sent size: 39
09-03 21:34:55.763 D/OPENHU  ( 3108): [75] AapSslContext.decrypt | SSL Decrypt Status: OK, Produced: 945, Consumed: 974
09-03 21:34:55.764 D/OPENHU  ( 3108): [75] Companion.decrypt | RECV: VIDEO Media Data type: 0 flags: 11 size: 945 dataOffset: 2
09-03 21:34:55.765 V/OPENHU  ( 3108): [75] AapTransport.send | VIDEO Codec/Media Data Ack type: 32772 flags: 11 size: 10 dataOffset: 6
09-03 21:34:55.768 V/OPENHU  ( 3108): [74] AapTransport.sendEncryptedMessage | Sent size: 39
09-03 21:34:55.780 D/OPENHU  ( 3108): [75] AapSslContext.decrypt | SSL Decrypt Status: OK, Produced: 961, Consumed: 990
09-03 21:34:55.780 D/OPENHU  ( 3108): [75] Companion.decrypt | RECV: VIDEO Media Data type: 0 flags: 11 size: 961 dataOffset: 2
09-03 21:34:55.781 V/OPENHU  ( 3108): [75] AapTransport.send | VIDEO Codec/Media Data Ack type: 32772 flags: 11 size: 10 dataOffset: 6
09-03 21:34:55.784 V/OPENHU  ( 3108): [74] AapTransport.sendEncryptedMessage | Sent size: 39
09-03 21:34:55.800 D/OPENHU  ( 3108): [75] AapSslContext.decrypt | SSL Decrypt Status: OK, Produced: 885, Consumed: 914
09-03 21:34:55.801 D/OPENHU  ( 3108): [75] Companion.decrypt | RECV: VIDEO Media Data type: 0 flags: 11 size: 885 dataOffset: 2
09-03 21:34:55.802 V/OPENHU  ( 3108): [75] AapTransport.send | VIDEO Codec/Media Data Ack type: 32772 flags: 11 size: 10 dataOffset: 6
09-03 21:34:55.805 V/OPENHU  ( 3108): [74] AapTransport.sendEncryptedMessage | Sent size: 39
09-03 21:34:55.817 D/OPENHU  ( 3108): [75] AapSslContext.decrypt | SSL Decrypt Status: OK, Produced: 918, Consumed: 947
09-03 21:34:55.818 D/OPENHU  ( 3108): [75] Companion.decrypt | RECV: VIDEO Media Data type: 0 flags: 11 size: 918 dataOffset: 2
09-03 21:34:55.819 V/OPENHU  ( 3108): [75] AapTransport.send | VIDEO Codec/Media Data Ack type: 32772 flags: 11 size: 10 dataOffset: 6
09-03 21:34:55.822 V/OPENHU  ( 3108): [74] AapTransport.sendEncryptedMessage | Sent size: 39
09-03 21:34:55.868 D/OPENHU  ( 3108): [75] AapSslContext.decrypt | SSL Decrypt Status: OK, Produced: 936, Consumed: 965
09-03 21:34:55.869 D/OPENHU  ( 3108): [75] Companion.decrypt | RECV: VIDEO Media Data type: 0 flags: 11 size: 936 dataOffset: 2
09-03 21:34:55.870 V/OPENHU  ( 3108): [75] AapTransport.send | VIDEO Codec/Media Data Ack type: 32772 flags: 11 size: 10 dataOffset: 6
09-03 21:34:55.872 D/OPENHU  ( 3108): [75] AapSslContext.decrypt | SSL Decrypt Status: OK, Produced: 920, Consumed: 949
09-03 21:34:55.873 D/OPENHU  ( 3108): [75] Companion.decrypt | RECV: VIDEO Media Data type: 0 flags: 11 size: 920 dataOffset: 2
09-03 21:34:55.874 V/OPENHU  ( 3108): [74] AapTransport.sendEncryptedMessage | Sent size: 39
09-03 21:34:55.874 V/OPENHU  ( 3108): [75] AapTransport.send | VIDEO Codec/Media Data Ack type: 32772 flags: 11 size: 10 dataOffset: 6
09-03 21:34:55.876 D/OPENHU  ( 3108): [75] AapSslContext.decrypt | SSL Decrypt Status: OK, Produced: 838, Consumed: 867
09-03 21:34:55.877 D/OPENHU  ( 3108): [75] Companion.decrypt | RECV: VIDEO Media Data type: 0 flags: 11 size: 838 dataOffset: 2
09-03 21:34:55.878 V/OPENHU  ( 3108): [74] AapTransport.sendEncryptedMessage | Sent size: 39
09-03 21:34:55.879 V/OPENHU  ( 3108): [75] AapTransport.send | VIDEO Codec/Media Data Ack type: 32772 flags: 11 size: 10 dataOffset: 6
09-03 21:34:55.881 V/OPENHU  ( 3108): [74] AapTransport.sendEncryptedMessage | Sent size: 39
09-03 21:34:55.882 D/OPENHU  ( 3108): [75] AapSslContext.decrypt | SSL Decrypt Status: OK, Produced: 828, Consumed: 857
09-03 21:34:55.883 D/OPENHU  ( 3108): [75] Companion.decrypt | RECV: VIDEO Media Data type: 0 flags: 11 size: 828 dataOffset: 2
09-03 21:34:55.885 V/OPENHU  ( 3108): [75] AapTransport.send | VIDEO Codec/Media Data Ack type: 32772 flags: 11 size: 10 dataOffset: 6
09-03 21:34:55.886 V/OPENHU  ( 3108): [74] AapTransport.sendEncryptedMessage | Sent size: 39
09-03 21:34:55.897 D/OPENHU  ( 3108): [75] AapSslContext.decrypt | SSL Decrypt Status: OK, Produced: 832, Consumed: 861
09-03 21:34:55.898 D/OPENHU  ( 3108): [75] Companion.decrypt | RECV: VIDEO Media Data type: 0 flags: 11 size: 832 dataOffset: 2
09-03 21:34:55.899 V/OPENHU  ( 3108): [75] AapTransport.send | VIDEO Codec/Media Data Ack type: 32772 flags: 11 size: 10 dataOffset: 6
09-03 21:34:55.901 V/OPENHU  ( 3108): [74] AapTransport.sendEncryptedMessage | Sent size: 39
09-03 21:34:55.911 D/OPENHU  ( 3108): [75] AapSslContext.decrypt | SSL Decrypt Status: OK, Produced: 831, Consumed: 860
09-03 21:34:55.912 D/OPENHU  ( 3108): [75] Companion.decrypt | RECV: VIDEO Media Data type: 0 flags: 11 size: 831 dataOffset: 2
09-03 21:34:55.913 V/OPENHU  ( 3108): [75] AapTransport.send | VIDEO Codec/Media Data Ack type: 32772 flags: 11 size: 10 dataOffset: 6
09-03 21:34:55.915 V/OPENHU  ( 3108): [74] AapTransport.sendEncryptedMessage | Sent size: 39
09-03 21:34:55.961 D/OPENHU  ( 3108): [75] AapSslContext.decrypt | SSL Decrypt Status: OK, Produced: 829, Consumed: 858
09-03 21:34:55.961 D/OPENHU  ( 3108): [75] Companion.decrypt | RECV: VIDEO Media Data type: 0 flags: 11 size: 829 dataOffset: 2
09-03 21:34:55.962 V/OPENHU  ( 3108): [75] AapTransport.send | VIDEO Codec/Media Data Ack type: 32772 flags: 11 size: 10 dataOffset: 6
09-03 21:34:55.964 V/OPENHU  ( 3108): [74] AapTransport.sendEncryptedMessage | Sent size: 39
09-03 21:34:55.965 D/OPENHU  ( 3108): [75] AapSslContext.decrypt | SSL Decrypt Status: OK, Produced: 830, Consumed: 859
09-03 21:34:55.965 D/OPENHU  ( 3108): [75] Companion.decrypt | RECV: VIDEO Media Data type: 0 flags: 11 size: 830 dataOffset: 2
09-03 21:34:55.966 V/OPENHU  ( 3108): [75] AapTransport.send | VIDEO Codec/Media Data Ack type: 32772 flags: 11 size: 10 dataOffset: 6
09-03 21:34:55.969 D/OPENHU  ( 3108): [75] AapSslContext.decrypt | SSL Decrypt Status: OK, Produced: 826, Consumed: 855
09-03 21:34:55.969 V/OPENHU  ( 3108): [74] AapTransport.sendEncryptedMessage | Sent size: 39
09-03 21:34:55.969 D/OPENHU  ( 3108): [75] Companion.decrypt | RECV: VIDEO Media Data type: 0 flags: 11 size: 826 dataOffset: 2
09-03 21:34:55.971 V/OPENHU  ( 3108): [75] AapTransport.send | VIDEO Codec/Media Data Ack type: 32772 flags: 11 size: 10 dataOffset: 6
09-03 21:34:55.972 D/OPENHU  ( 3108): [75] AapSslContext.decrypt | SSL Decrypt Status: OK, Produced: 12, Consumed: 41
09-03 21:34:55.972 V/OPENHU  ( 3108): [74] AapTransport.sendEncryptedMessage | Sent size: 39
09-03 21:34:55.973 D/OPENHU  ( 3108): [75] Companion.decrypt | RECV: CONTROL Ping Request type: 11 flags: 11 size: 12 dataOffset: 2
09-03 21:34:55.974 V/OPENHU  ( 3108): [75] AapTransport.send | CONTROL Ping Response type: 12 flags: 11 size: 14 dataOffset: 6
09-03 21:34:55.976 V/OPENHU  ( 3108): [74] AapTransport.sendEncryptedMessage | Sent size: 43
09-03 21:34:55.982 D/OPENHU  ( 3108): [75] AapSslContext.decrypt | SSL Decrypt Status: OK, Produced: 826, Consumed: 855
09-03 21:34:55.983 D/OPENHU  ( 3108): [75] Companion.decrypt | RECV: VIDEO Media Data type: 0 flags: 11 size: 826 dataOffset: 2
09-03 21:34:55.984 V/OPENHU  ( 3108): [75] AapTransport.send | VIDEO Codec/Media Data Ack type: 32772 flags: 11 size: 10 dataOffset: 6
09-03 21:34:55.986 V/OPENHU  ( 3108): [74] AapTransport.sendEncryptedMessage | Sent size: 39
09-03 21:34:55.996 D/OPENHU  ( 3108): [75] AapSslContext.decrypt | SSL Decrypt Status: OK, Produced: 826, Consumed: 855
09-03 21:34:55.997 D/OPENHU  ( 3108): [75] Companion.decrypt | RECV: VIDEO Media Data type: 0 flags: 11 size: 826 dataOffset: 2
09-03 21:34:55.998 V/OPENHU  ( 3108): [75] AapTransport.send | VIDEO Codec/Media Data Ack type: 32772 flags: 11 size: 10 dataOffset: 6
09-03 21:34:56.000 V/OPENHU  ( 3108): [74] AapTransport.sendEncryptedMessage | Sent size: 39
09-03 21:34:56.001 V/OPENHU  ( 3108): [2] GpsLocation.onLocationChanged | GpsLocation: fix received
09-03 21:34:56.009 V/OPENHU  ( 3108): [2] AapTransport.send | SENSOR Sensor Event type: 32771 flags: 11 size: 45 dataOffset: 6
09-03 21:34:56.011 V/OPENHU  ( 3108): [74] AapTransport.sendEncryptedMessage | Sent size: 74
09-03 21:34:56.013 D/OPENHU  ( 3108): [75] AapSslContext.decrypt | SSL Decrypt Status: OK, Produced: 826, Consumed: 855
09-03 21:34:56.014 D/OPENHU  ( 3108): [75] Companion.decrypt | RECV: VIDEO Media Data type: 0 flags: 11 size: 826 dataOffset: 2
09-03 21:34:56.015 V/OPENHU  ( 3108): [75] AapTransport.send | VIDEO Codec/Media Data Ack type: 32772 flags: 11 size: 10 dataOffset: 6
09-03 21:34:56.018 V/OPENHU  ( 3108): [74] AapTransport.sendEncryptedMessage | Sent size: 39
09-03 21:34:56.028 D/OPENHU  ( 3108): [75] AapSslContext.decrypt | SSL Decrypt Status: OK, Produced: 826, Consumed: 855
09-03 21:34:56.028 D/OPENHU  ( 3108): [75] Companion.decrypt | RECV: VIDEO Media Data type: 0 flags: 11 size: 826 dataOffset: 2
09-03 21:34:56.030 V/OPENHU  ( 3108): [75] AapTransport.send | VIDEO Codec/Media Data Ack type: 32772 flags: 11 size: 10 dataOffset: 6
09-03 21:34:56.032 V/OPENHU  ( 3108): [74] AapTransport.sendEncryptedMessage | Sent size: 39
09-03 21:34:56.071 D/OPENHU  ( 3108): [75] AapSslContext.decrypt | SSL Decrypt Status: OK, Produced: 826, Consumed: 855
09-03 21:34:56.072 D/OPENHU  ( 3108): [75] Companion.decrypt | RECV: VIDEO Media Data type: 0 flags: 11 size: 826 dataOffset: 2
09-03 21:34:56.073 V/OPENHU  ( 3108): [75] AapTransport.send | VIDEO Codec/Media Data Ack type: 32772 flags: 11 size: 10 dataOffset: 6
09-03 21:34:56.075 D/OPENHU  ( 3108): [75] AapSslContext.decrypt | SSL Decrypt Status: OK, Produced: 826, Consumed: 855
09-03 21:34:56.076 D/OPENHU  ( 3108): [75] Companion.decrypt | RECV: VIDEO Media Data type: 0 flags: 11 size: 826 dataOffset: 2
09-03 21:34:56.076 V/OPENHU  ( 3108): [74] AapTransport.sendEncryptedMessage | Sent size: 39
09-03 21:34:56.077 V/OPENHU  ( 3108): [75] AapTransport.send | VIDEO Codec/Media Data Ack type: 32772 flags: 11 size: 10 dataOffset: 6
09-03 21:34:56.079 D/OPENHU  ( 3108): [75] AapSslContext.decrypt | SSL Decrypt Status: OK, Produced: 826, Consumed: 855
09-03 21:34:56.080 D/OPENHU  ( 3108): [75] Companion.decrypt | RECV: VIDEO Media Data type: 0 flags: 11 size: 826 dataOffset: 2
09-03 21:34:56.080 V/OPENHU  ( 3108): [74] AapTransport.sendEncryptedMessage | Sent size: 39
09-03 21:34:56.081 V/OPENHU  ( 3108): [75] AapTransport.send | VIDEO Codec/Media Data Ack type: 32772 flags: 11 size: 10 dataOffset: 6
09-03 21:34:56.084 V/OPENHU  ( 3108): [74] AapTransport.sendEncryptedMessage | Sent size: 39
09-03 21:34:56.093 D/OPENHU  ( 3108): [75] AapSslContext.decrypt | SSL Decrypt Status: OK, Produced: 826, Consumed: 855
09-03 21:34:56.094 D/OPENHU  ( 3108): [75] Companion.decrypt | RECV: VIDEO Media Data type: 0 flags: 11 size: 826 dataOffset: 2
09-03 21:34:56.095 V/OPENHU  ( 3108): [75] AapTransport.send | VIDEO Codec/Media Data Ack type: 32772 flags: 11 size: 10 dataOffset: 6
09-03 21:34:56.098 V/OPENHU  ( 3108): [74] AapTransport.sendEncryptedMessage | Sent size: 39
09-03 21:34:56.110 D/OPENHU  ( 3108): [75] AapSslContext.decrypt | SSL Decrypt Status: OK, Produced: 826, Consumed: 855
09-03 21:34:56.111 D/OPENHU  ( 3108): [75] Companion.decrypt | RECV: VIDEO Media Data type: 0 flags: 11 size: 826 dataOffset: 2
09-03 21:34:56.112 V/OPENHU  ( 3108): [75] AapTransport.send | VIDEO Codec/Media Data Ack type: 32772 flags: 11 size: 10 dataOffset: 6
09-03 21:34:56.115 V/OPENHU  ( 3108): [74] AapTransport.sendEncryptedMessage | Sent size: 39
09-03 21:34:56.128 D/OPENHU  ( 3108): [75] AapSslContext.decrypt | SSL Decrypt Status: OK, Produced: 826, Consumed: 855
09-03 21:34:56.129 D/OPENHU  ( 3108): [75] Companion.decrypt | RECV: VIDEO Media Data type: 0 flags: 11 size: 826 dataOffset: 2
09-03 21:34:56.130 V/OPENHU  ( 3108): [75] AapTransport.send | VIDEO Codec/Media Data Ack type: 32772 flags: 11 size: 10 dataOffset: 6
09-03 21:34:56.133 V/OPENHU  ( 3108): [74] AapTransport.sendEncryptedMessage | Sent size: 39
09-03 21:34:56.163 D/OPENHU  ( 3108): [75] AapSslContext.decrypt | SSL Decrypt Status: OK, Produced: 826, Consumed: 855
09-03 21:34:56.163 D/OPENHU  ( 3108): [75] Companion.decrypt | RECV: VIDEO Media Data type: 0 flags: 11 size: 826 dataOffset: 2
09-03 21:34:56.164 V/OPENHU  ( 3108): [75] AapTransport.send | VIDEO Codec/Media Data Ack type: 32772 flags: 11 size: 10 dataOffset: 6
09-03 21:34:56.166 D/OPENHU  ( 3108): [75] AapSslContext.decrypt | SSL Decrypt Status: OK, Produced: 826, Consumed: 855
09-03 21:34:56.167 V/OPENHU  ( 3108): [74] AapTransport.sendEncryptedMessage | Sent size: 39
09-03 21:34:56.167 D/OPENHU  ( 3108): [75] Companion.decrypt | RECV: VIDEO Media Data type: 0 flags: 11 size: 826 dataOffset: 2
09-03 21:34:56.168 V/OPENHU  ( 3108): [75] AapTransport.send | VIDEO Codec/Media Data Ack type: 32772 flags: 11 size: 10 dataOffset: 6
09-03 21:34:56.171 V/OPENHU  ( 3108): [74] AapTransport.sendEncryptedMessage | Sent size: 39
09-03 21:34:56.177 D/OPENHU  ( 3108): [75] AapSslContext.decrypt | SSL Decrypt Status: OK, Produced: 826, Consumed: 855
09-03 21:34:56.177 D/OPENHU  ( 3108): [75] Companion.decrypt | RECV: VIDEO Media Data type: 0 flags: 11 size: 826 dataOffset: 2
09-03 21:34:56.179 V/OPENHU  ( 3108): [75] AapTransport.send | VIDEO Codec/Media Data Ack type: 32772 flags: 11 size: 10 dataOffset: 6
09-03 21:34:56.182 V/OPENHU  ( 3108): [74] AapTransport.sendEncryptedMessage | Sent size: 39
09-03 21:34:56.194 D/OPENHU  ( 3108): [75] AapSslContext.decrypt | SSL Decrypt Status: OK, Produced: 826, Consumed: 855
09-03 21:34:56.195 D/OPENHU  ( 3108): [75] Companion.decrypt | RECV: VIDEO Media Data type: 0 flags: 11 size: 826 dataOffset: 2
09-03 21:34:56.196 V/OPENHU  ( 3108): [75] AapTransport.send | VIDEO Codec/Media Data Ack type: 32772 flags: 11 size: 10 dataOffset: 6
09-03 21:34:56.199 V/OPENHU  ( 3108): [74] AapTransport.sendEncryptedMessage | Sent size: 39
09-03 21:34:56.210 D/OPENHU  ( 3108): [75] AapSslContext.decrypt | SSL Decrypt Status: OK, Produced: 826, Consumed: 855
09-03 21:34:56.210 D/OPENHU  ( 3108): [75] Companion.decrypt | RECV: VIDEO Media Data type: 0 flags: 11 size: 826 dataOffset: 2
09-03 21:34:56.211 V/OPENHU  ( 3108): [75] AapTransport.send | VIDEO Codec/Media Data Ack type: 32772 flags: 11 size: 10 dataOffset: 6
09-03 21:34:56.215 V/OPENHU  ( 3108): [74] AapTransport.sendEncryptedMessage | Sent size: 39
09-03 21:34:56.228 D/OPENHU  ( 3108): [75] AapSslContext.decrypt | SSL Decrypt Status: OK, Produced: 826, Consumed: 855
09-03 21:34:56.229 D/OPENHU  ( 3108): [75] Companion.decrypt | RECV: VIDEO Media Data type: 0 flags: 11 size: 826 dataOffset: 2
09-03 21:34:56.230 V/OPENHU  ( 3108): [75] AapTransport.send | VIDEO Codec/Media Data Ack type: 32772 flags: 11 size: 10 dataOffset: 6
09-03 21:34:56.233 V/OPENHU  ( 3108): [74] AapTransport.sendEncryptedMessage | Sent size: 39
09-03 21:34:56.280 D/OPENHU  ( 3108): [75] AapSslContext.decrypt | SSL Decrypt Status: OK, Produced: 826, Consumed: 855
09-03 21:34:56.281 D/OPENHU  ( 3108): [75] Companion.decrypt | RECV: VIDEO Media Data type: 0 flags: 11 size: 826 dataOffset: 2
09-03 21:34:56.282 V/OPENHU  ( 3108): [75] AapTransport.send | VIDEO Codec/Media Data Ack type: 32772 flags: 11 size: 10 dataOffset: 6
09-03 21:34:56.284 D/OPENHU  ( 3108): [75] AapSslContext.decrypt | SSL Decrypt Status: OK, Produced: 826, Consumed: 855
09-03 21:34:56.284 V/OPENHU  ( 3108): [74] AapTransport.sendEncryptedMessage | Sent size: 39
09-03 21:34:56.285 D/OPENHU  ( 3108): [75] Companion.decrypt | RECV: VIDEO Media Data type: 0 flags: 11 size: 826 dataOffset: 2
09-03 21:34:56.286 V/OPENHU  ( 3108): [75] AapTransport.send | VIDEO Codec/Media Data Ack type: 32772 flags: 11 size: 10 dataOffset: 6
09-03 21:34:56.287 D/OPENHU  ( 3108): [75] AapSslContext.decrypt | SSL Decrypt Status: OK, Produced: 826, Consumed: 855
09-03 21:34:56.288 V/OPENHU  ( 3108): [74] AapTransport.sendEncryptedMessage | Sent size: 39
09-03 21:34:56.288 D/OPENHU  ( 3108): [75] Companion.decrypt | RECV: VIDEO Media Data type: 0 flags: 11 size: 826 dataOffset: 2
09-03 21:34:56.289 V/OPENHU  ( 3108): [75] AapTransport.send | VIDEO Codec/Media Data Ack type: 32772 flags: 11 size: 10 dataOffset: 6
09-03 21:34:56.291 V/OPENHU  ( 3108): [74] AapTransport.sendEncryptedMessage | Sent size: 39
09-03 21:34:56.297 D/OPENHU  ( 3108): [75] AapSslContext.decrypt | SSL Decrypt Status: OK, Produced: 826, Consumed: 855
09-03 21:34:56.298 D/OPENHU  ( 3108): [75] Companion.decrypt | RECV: VIDEO Media Data type: 0 flags: 11 size: 826 dataOffset: 2
09-03 21:34:56.300 V/OPENHU  ( 3108): [75] AapTransport.send | VIDEO Codec/Media Data Ack type: 32772 flags: 11 size: 10 dataOffset: 6
09-03 21:34:56.303 V/OPENHU  ( 3108): [74] AapTransport.sendEncryptedMessage | Sent size: 39
09-03 21:34:56.312 D/OPENHU  ( 3108): [75] AapSslContext.decrypt | SSL Decrypt Status: OK, Produced: 826, Consumed: 855
09-03 21:34:56.313 D/OPENHU  ( 3108): [75] Companion.decrypt | RECV: VIDEO Media Data type: 0 flags: 11 size: 826 dataOffset: 2
09-03 21:34:56.314 V/OPENHU  ( 3108): [75] AapTransport.send | VIDEO Codec/Media Data Ack type: 32772 flags: 11 size: 10 dataOffset: 6
09-03 21:34:56.320 V/OPENHU  ( 3108): [74] AapTransport.sendEncryptedMessage | Sent size: 39
09-03 21:34:56.327 D/OPENHU  ( 3108): [75] AapSslContext.decrypt | SSL Decrypt Status: OK, Produced: 826, Consumed: 855
09-03 21:34:56.328 D/OPENHU  ( 3108): [75] Companion.decrypt | RECV: VIDEO Media Data type: 0 flags: 11 size: 826 dataOffset: 2
09-03 21:34:56.329 V/OPENHU  ( 3108): [75] AapTransport.send | VIDEO Codec/Media Data Ack type: 32772 flags: 11 size: 10 dataOffset: 6
09-03 21:34:56.332 V/OPENHU  ( 3108): [74] AapTransport.sendEncryptedMessage | Sent size: 39
09-03 21:34:56.369 D/OPENHU  ( 3108): [75] AapSslContext.decrypt | SSL Decrypt Status: OK, Produced: 826, Consumed: 855
09-03 21:34:56.370 D/OPENHU  ( 3108): [75] Companion.decrypt | RECV: VIDEO Media Data type: 0 flags: 11 size: 826 dataOffset: 2
09-03 21:34:56.371 V/OPENHU  ( 3108): [75] AapTransport.send | VIDEO Codec/Media Data Ack type: 32772 flags: 11 size: 10 dataOffset: 6
09-03 21:34:56.373 D/OPENHU  ( 3108): [75] AapSslContext.decrypt | SSL Decrypt Status: OK, Produced: 826, Consumed: 855
09-03 21:34:56.374 D/OPENHU  ( 3108): [75] Companion.decrypt | RECV: VIDEO Media Data type: 0 flags: 11 size: 826 dataOffset: 2
09-03 21:34:56.374 V/OPENHU  ( 3108): [74] AapTransport.sendEncryptedMessage | Sent size: 39
09-03 21:34:56.375 V/OPENHU  ( 3108): [75] AapTransport.send | VIDEO Codec/Media Data Ack type: 32772 flags: 11 size: 10 dataOffset: 6
09-03 21:34:56.378 D/OPENHU  ( 3108): [75] AapSslContext.decrypt | SSL Decrypt Status: OK, Produced: 826, Consumed: 855
09-03 21:34:56.378 V/OPENHU  ( 3108): [74] AapTransport.sendEncryptedMessage | Sent size: 39
09-03 21:34:56.379 D/OPENHU  ( 3108): [75] Companion.decrypt | RECV: VIDEO Media Data type: 0 flags: 11 size: 826 dataOffset: 2
09-03 21:34:56.380 V/OPENHU  ( 3108): [75] AapTransport.send | VIDEO Codec/Media Data Ack type: 32772 flags: 11 size: 10 dataOffset: 6
09-03 21:34:56.383 V/OPENHU  ( 3108): [74] AapTransport.sendEncryptedMessage | Sent size: 39
09-03 21:34:56.398 D/OPENHU  ( 3108): [75] AapSslContext.decrypt | SSL Decrypt Status: OK, Produced: 826, Consumed: 855
09-03 21:34:56.399 D/OPENHU  ( 3108): [75] Companion.decrypt | RECV: VIDEO Media Data type: 0 flags: 11 size: 826 dataOffset: 2
09-03 21:34:56.400 V/OPENHU  ( 3108): [75] AapTransport.send | VIDEO Codec/Media Data Ack type: 32772 flags: 11 size: 10 dataOffset: 6
09-03 21:34:56.402 V/OPENHU  ( 3108): [74] AapTransport.sendEncryptedMessage | Sent size: 39
09-03 21:34:56.412 D/OPENHU  ( 3108): [75] AapSslContext.decrypt | SSL Decrypt Status: OK, Produced: 826, Consumed: 855
09-03 21:34:56.413 D/OPENHU  ( 3108): [75] Companion.decrypt | RECV: VIDEO Media Data type: 0 flags: 11 size: 826 dataOffset: 2
09-03 21:34:56.414 V/OPENHU  ( 3108): [75] AapTransport.send | VIDEO Codec/Media Data Ack type: 32772 flags: 11 size: 10 dataOffset: 6
09-03 21:34:56.417 V/OPENHU  ( 3108): [74] AapTransport.sendEncryptedMessage | Sent size: 39
09-03 21:34:56.427 D/OPENHU  ( 3108): [75] AapSslContext.decrypt | SSL Decrypt Status: OK, Produced: 826, Consumed: 855
09-03 21:34:56.428 D/OPENHU  ( 3108): [75] Companion.decrypt | RECV: VIDEO Media Data type: 0 flags: 11 size: 826 dataOffset: 2
09-03 21:34:56.429 V/OPENHU  ( 3108): [75] AapTransport.send | VIDEO Codec/Media Data Ack type: 32772 flags: 11 size: 10 dataOffset: 6
09-03 21:34:56.432 V/OPENHU  ( 3108): [74] AapTransport.sendEncryptedMessage | Sent size: 39
09-03 21:34:56.481 D/OPENHU  ( 3108): [75] AapSslContext.decrypt | SSL Decrypt Status: OK, Produced: 826, Consumed: 855
09-03 21:34:56.481 D/OPENHU  ( 3108): [75] Companion.decrypt | RECV: VIDEO Media Data type: 0 flags: 11 size: 826 dataOffset: 2
09-03 21:34:56.482 V/OPENHU  ( 3108): [75] AapTransport.send | VIDEO Codec/Media Data Ack type: 32772 flags: 11 size: 10 dataOffset: 6
09-03 21:34:56.484 D/OPENHU  ( 3108): [75] AapSslContext.decrypt | SSL Decrypt Status: OK, Produced: 826, Consumed: 855
09-03 21:34:56.485 D/OPENHU  ( 3108): [75] Companion.decrypt | RECV: VIDEO Media Data type: 0 flags: 11 size: 826 dataOffset: 2
09-03 21:34:56.485 V/OPENHU  ( 3108): [74] AapTransport.sendEncryptedMessage | Sent size: 39
09-03 21:34:56.486 V/OPENHU  ( 3108): [75] AapTransport.send | VIDEO Codec/Media Data Ack type: 32772 flags: 11 size: 10 dataOffset: 6
09-03 21:34:56.488 D/OPENHU  ( 3108): [75] AapSslContext.decrypt | SSL Decrypt Status: OK, Produced: 826, Consumed: 855
09-03 21:34:56.488 D/OPENHU  ( 3108): [75] Companion.decrypt | RECV: VIDEO Media Data type: 0 flags: 11 size: 826 dataOffset: 2
09-03 21:34:56.489 V/OPENHU  ( 3108): [74] AapTransport.sendEncryptedMessage | Sent size: 39
09-03 21:34:56.490 V/OPENHU  ( 3108): [75] AapTransport.send | VIDEO Codec/Media Data Ack type: 32772 flags: 11 size: 10 dataOffset: 6
09-03 21:34:56.493 V/OPENHU  ( 3108): [74] AapTransport.sendEncryptedMessage | Sent size: 39
09-03 21:34:56.494 D/OPENHU  ( 3108): [75] AapSslContext.decrypt | SSL Decrypt Status: OK, Produced: 826, Consumed: 855
09-03 21:34:56.495 D/OPENHU  ( 3108): [75] Companion.decrypt | RECV: VIDEO Media Data type: 0 flags: 11 size: 826 dataOffset: 2
09-03 21:34:56.496 V/OPENHU  ( 3108): [75] AapTransport.send | VIDEO Codec/Media Data Ack type: 32772 flags: 11 size: 10 dataOffset: 6
09-03 21:34:56.499 V/OPENHU  ( 3108): [74] AapTransport.sendEncryptedMessage | Sent size: 39
09-03 21:34:56.511 D/OPENHU  ( 3108): [75] AapSslContext.decrypt | SSL Decrypt Status: OK, Produced: 826, Consumed: 855
09-03 21:34:56.512 D/OPENHU  ( 3108): [75] Companion.decrypt | RECV: VIDEO Media Data type: 0 flags: 11 size: 826 dataOffset: 2
09-03 21:34:56.513 V/OPENHU  ( 3108): [75] AapTransport.send | VIDEO Codec/Media Data Ack type: 32772 flags: 11 size: 10 dataOffset: 6
09-03 21:34:56.516 V/OPENHU  ( 3108): [74] AapTransport.sendEncryptedMessage | Sent size: 39
09-03 21:34:56.530 D/OPENHU  ( 3108): [75] AapSslContext.decrypt | SSL Decrypt Status: OK, Produced: 826, Consumed: 855
09-03 21:34:56.531 D/OPENHU  ( 3108): [75] Companion.decrypt | RECV: VIDEO Media Data type: 0 flags: 11 size: 826 dataOffset: 2
09-03 21:34:56.532 V/OPENHU  ( 3108): [75] AapTransport.send | VIDEO Codec/Media Data Ack type: 32772 flags: 11 size: 10 dataOffset: 6
09-03 21:34:56.535 V/OPENHU  ( 3108): [74] AapTransport.sendEncryptedMessage | Sent size: 39
09-03 21:34:56.574 D/OPENHU  ( 3108): [75] AapSslContext.decrypt | SSL Decrypt Status: OK, Produced: 826, Consumed: 855
09-03 21:34:56.576 D/OPENHU  ( 3108): [75] Companion.decrypt | RECV: VIDEO Media Data type: 0 flags: 11 size: 826 dataOffset: 2
09-03 21:34:56.579 V/OPENHU  ( 3108): [75] AapTransport.send | VIDEO Codec/Media Data Ack type: 32772 flags: 11 size: 10 dataOffset: 6
09-03 21:34:56.581 D/OPENHU  ( 3108): [75] AapSslContext.decrypt | SSL Decrypt Status: OK, Produced: 826, Consumed: 855
09-03 21:34:56.581 D/OPENHU  ( 3108): [75] Companion.decrypt | RECV: VIDEO Media Data type: 0 flags: 11 size: 826 dataOffset: 2
09-03 21:34:56.582 V/OPENHU  ( 3108): [74] AapTransport.sendEncryptedMessage | Sent size: 39
09-03 21:34:56.584 V/OPENHU  ( 3108): [75] AapTransport.send | VIDEO Codec/Media Data Ack type: 32772 flags: 11 size: 10 dataOffset: 6
09-03 21:34:56.587 V/OPENHU  ( 3108): [74] AapTransport.sendEncryptedMessage | Sent size: 39
09-03 21:34:56.588 D/OPENHU  ( 3108): [75] AapSslContext.decrypt | SSL Decrypt Status: OK, Produced: 826, Consumed: 855
09-03 21:34:56.591 D/OPENHU  ( 3108): [75] Companion.decrypt | RECV: VIDEO Media Data type: 0 flags: 11 size: 826 dataOffset: 2
09-03 21:34:56.592 V/OPENHU  ( 3108): [75] AapTransport.send | VIDEO Codec/Media Data Ack type: 32772 flags: 11 size: 10 dataOffset: 6
09-03 21:34:56.596 D/OPENHU  ( 3108): [75] AapSslContext.decrypt | SSL Decrypt Status: OK, Produced: 826, Consumed: 855
09-03 21:34:56.596 V/OPENHU  ( 3108): [74] AapTransport.sendEncryptedMessage | Sent size: 39
09-03 21:34:56.597 D/OPENHU  ( 3108): [75] Companion.decrypt | RECV: VIDEO Media Data type: 0 flags: 11 size: 826 dataOffset: 2
09-03 21:34:56.598 V/OPENHU  ( 3108): [75] AapTransport.send | VIDEO Codec/Media Data Ack type: 32772 flags: 11 size: 10 dataOffset: 6
09-03 21:34:56.602 V/OPENHU  ( 3108): [74] AapTransport.sendEncryptedMessage | Sent size: 39
09-03 21:34:56.611 D/OPENHU  ( 3108): [75] AapSslContext.decrypt | SSL Decrypt Status: OK, Produced: 826, Consumed: 855
09-03 21:34:56.612 D/OPENHU  ( 3108): [75] Companion.decrypt | RECV: VIDEO Media Data type: 0 flags: 11 size: 826 dataOffset: 2
09-03 21:34:56.613 V/OPENHU  ( 3108): [75] AapTransport.send | VIDEO Codec/Media Data Ack type: 32772 flags: 11 size: 10 dataOffset: 6
09-03 21:34:56.616 V/OPENHU  ( 3108): [74] AapTransport.sendEncryptedMessage | Sent size: 39
09-03 21:34:56.629 D/OPENHU  ( 3108): [75] AapSslContext.decrypt | SSL Decrypt Status: OK, Produced: 826, Consumed: 855
09-03 21:34:56.630 D/OPENHU  ( 3108): [75] Companion.decrypt | RECV: VIDEO Media Data type: 0 flags: 11 size: 826 dataOffset: 2
09-03 21:34:56.631 V/OPENHU  ( 3108): [75] AapTransport.send | VIDEO Codec/Media Data Ack type: 32772 flags: 11 size: 10 dataOffset: 6
09-03 21:34:56.634 V/OPENHU  ( 3108): [74] AapTransport.sendEncryptedMessage | Sent size: 39
09-03 21:34:56.687 D/OPENHU  ( 3108): [75] AapSslContext.decrypt | SSL Decrypt Status: OK, Produced: 826, Consumed: 855
09-03 21:34:56.687 D/OPENHU  ( 3108): [75] Companion.decrypt | RECV: VIDEO Media Data type: 0 flags: 11 size: 826 dataOffset: 2
09-03 21:34:56.688 V/OPENHU  ( 3108): [75] AapTransport.send | VIDEO Codec/Media Data Ack type: 32772 flags: 11 size: 10 dataOffset: 6
09-03 21:34:56.690 I/OPENHU  ( 3108): [75] Base.auditFragment | AapRead: largest message body so far: 9263 bytes (on VIDEO)
09-03 21:34:56.691 V/OPENHU  ( 3108): [74] AapTransport.sendEncryptedMessage | Sent size: 39
09-03 21:34:56.691 D/OPENHU  ( 3108): [75] AapSslContext.decrypt | SSL Decrypt Status: OK, Produced: 9234, Consumed: 9263
09-03 21:34:56.692 D/OPENHU  ( 3108): [75] Companion.decrypt | RECV: VIDEO Media Data type: 0 flags: 11 size: 9234 dataOffset: 2
09-03 21:34:56.693 V/OPENHU  ( 3108): [75] AapTransport.send | VIDEO Codec/Media Data Ack type: 32772 flags: 11 size: 10 dataOffset: 6
09-03 21:34:56.695 D/OPENHU  ( 3108): [75] AapSslContext.decrypt | SSL Decrypt Status: OK, Produced: 16120, Consumed: 16149
09-03 21:34:56.696 D/OPENHU  ( 3108): [75] Companion.decrypt | RECV: VIDEO Media Data type: 0 flags: 9 size: 16120 dataOffset: 2
09-03 21:34:56.696 V/OPENHU  ( 3108): [74] AapTransport.sendEncryptedMessage | Sent size: 39
09-03 21:34:56.698 V/OPENHU  ( 3108): [75] AapTransport.send | VIDEO Codec/Media Data Ack type: 32772 flags: 11 size: 10 dataOffset: 6
09-03 21:34:56.701 V/OPENHU  ( 3108): [74] AapTransport.sendEncryptedMessage | Sent size: 39
09-03 21:34:56.703 I/OPENHU  ( 3108): [75] Base.auditFragment | AapRead: fragment accounting established for VIDEO: channel=2 fragments=2 declaredTotal=20044 observed=20102 delta=-58 perFragment=-29
09-03 21:34:56.705 D/OPENHU  ( 3108): [75] AapSslContext.decrypt | SSL Decrypt Status: OK, Produced: 3924, Consumed: 3953
09-03 21:34:56.707 D/OPENHU  ( 3108): [75] Companion.decrypt | RECV: VIDEO Unknown (28303) type: 28303 flags: 10 size: 3924 dataOffset: 2
09-03 21:34:56.709 D/OPENHU  ( 3108): [75] AapSslContext.decrypt | SSL Decrypt Status: OK, Produced: 16120, Consumed: 16149
09-03 21:34:56.710 D/OPENHU  ( 3108): [75] Companion.decrypt | RECV: VIDEO Media Data type: 0 flags: 9 size: 16120 dataOffset: 2
09-03 21:34:56.711 V/OPENHU  ( 3108): [75] AapTransport.send | VIDEO Codec/Media Data Ack type: 32772 flags: 11 size: 10 dataOffset: 6
09-03 21:34:56.713 D/OPENHU  ( 3108): [75] AapSslContext.decrypt | SSL Decrypt Status: OK, Produced: 16124, Consumed: 16153
09-03 21:34:56.714 V/OPENHU  ( 3108): [74] AapTransport.sendEncryptedMessage | Sent size: 39
09-03 21:34:56.714 D/OPENHU  ( 3108): [75] Companion.decrypt | RECV: VIDEO Unknown (21890) type: 21890 flags: 8 size: 16124 dataOffset: 2
09-03 21:34:56.716 D/OPENHU  ( 3108): [75] AapSslContext.decrypt | SSL Decrypt Status: OK, Produced: 16124, Consumed: 16153
09-03 21:34:56.717 D/OPENHU  ( 3108): [75] Companion.decrypt | RECV: VIDEO Unknown (17937) type: 17937 flags: 8 size: 16124 dataOffset: 2
09-03 21:34:56.719 D/OPENHU  ( 3108): [75] AapSslContext.decrypt | SSL Decrypt Status: OK, Produced: 5164, Consumed: 5193
09-03 21:34:56.720 D/OPENHU  ( 3108): [75] Companion.decrypt | RECV: VIDEO Unknown (11374) type: 11374 flags: 10 size: 5164 dataOffset: 2
09-03 21:34:56.722 D/OPENHU  ( 3108): [75] AapSslContext.decrypt | SSL Decrypt Status: OK, Produced: 16120, Consumed: 16149
09-03 21:34:56.723 D/OPENHU  ( 3108): [75] Companion.decrypt | RECV: VIDEO Media Data type: 0 flags: 9 size: 16120 dataOffset: 2
09-03 21:34:56.724 V/OPENHU  ( 3108): [75] AapTransport.send | VIDEO Codec/Media Data Ack type: 32772 flags: 11 size: 10 dataOffset: 6
09-03 21:34:56.726 D/OPENHU  ( 3108): [75] AapSslContext.decrypt | SSL Decrypt Status: OK, Produced: 16124, Consumed: 16153
09-03 21:34:56.727 D/OPENHU  ( 3108): [75] Companion.decrypt | RECV: VIDEO Unknown (12716) type: 12716 flags: 8 size: 16124 dataOffset: 2
09-03 21:34:56.728 V/OPENHU  ( 3108): [74] AapTransport.sendEncryptedMessage | Sent size: 39
09-03 21:34:56.729 D/OPENHU  ( 3108): [75] AapSslContext.decrypt | SSL Decrypt Status: OK, Produced: 8607, Consumed: 8636
09-03 21:34:56.729 D/OPENHU  ( 3108): [75] Companion.decrypt | RECV: VIDEO Unknown (26501) type: 26501 flags: 10 size: 8607 dataOffset: 2
09-03 21:34:56.732 D/OPENHU  ( 3108): [75] AapSslContext.decrypt | SSL Decrypt Status: OK, Produced: 16120, Consumed: 16149
09-03 21:34:56.732 D/OPENHU  ( 3108): [75] Companion.decrypt | RECV: VIDEO Media Data type: 0 flags: 9 size: 16120 dataOffset: 2
09-03 21:34:56.733 V/OPENHU  ( 3108): [75] AapTransport.send | VIDEO Codec/Media Data Ack type: 32772 flags: 11 size: 10 dataOffset: 6
09-03 21:34:56.735 D/OPENHU  ( 3108): [75] AapSslContext.decrypt | SSL Decrypt Status: OK, Produced: 16124, Consumed: 16153
09-03 21:34:56.736 D/OPENHU  ( 3108): [75] Companion.decrypt | RECV: VIDEO Unknown (9528) type: 9528 flags: 8 size: 16124 dataOffset: 2
09-03 21:34:56.737 V/OPENHU  ( 3108): [74] AapTransport.sendEncryptedMessage | Sent size: 39
09-03 21:34:56.738 D/OPENHU  ( 3108): [75] AapSslContext.decrypt | SSL Decrypt Status: OK, Produced: 16124, Consumed: 16153
09-03 21:34:56.739 D/OPENHU  ( 3108): [75] Companion.decrypt | RECV: VIDEO Unknown (63611) type: 63611 flags: 8 size: 16124 dataOffset: 2
09-03 21:34:56.741 D/OPENHU  ( 3108): [75] AapSslContext.decrypt | SSL Decrypt Status: OK, Produced: 16124, Consumed: 16153
09-03 21:34:56.742 D/OPENHU  ( 3108): [75] Companion.decrypt | RECV: VIDEO Unknown (24758) type: 24758 flags: 8 size: 16124 dataOffset: 2
09-03 21:34:56.743 D/OPENHU  ( 3108): [75] AapSslContext.decrypt | SSL Decrypt Status: OK, Produced: 16124, Consumed: 16153
09-03 21:34:56.744 D/OPENHU  ( 3108): [75] Companion.decrypt | RECV: VIDEO Unknown (37998) type: 37998 flags: 8 size: 16124 dataOffset: 2
09-03 21:34:56.745 D/OPENHU  ( 3108): [75] AapSslContext.decrypt | SSL Decrypt Status: OK, Produced: 6010, Consumed: 6039
09-03 21:34:56.746 D/OPENHU  ( 3108): [75] Companion.decrypt | RECV: VIDEO Unknown (21237) type: 21237 flags: 10 size: 6010 dataOffset: 2
09-03 21:34:56.749 D/OPENHU  ( 3108): [75] AapSslContext.decrypt | SSL Decrypt Status: OK, Produced: 16120, Consumed: 16149
09-03 21:34:56.750 D/OPENHU  ( 3108): [75] Companion.decrypt | RECV: VIDEO Media Data type: 0 flags: 9 size: 16120 dataOffset: 2
09-03 21:34:56.751 V/OPENHU  ( 3108): [75] AapTransport.send | VIDEO Codec/Media Data Ack type: 32772 flags: 11 size: 10 dataOffset: 6
09-03 21:34:56.752 D/OPENHU  ( 3108): [75] AapSslContext.decrypt | SSL Decrypt Status: OK, Produced: 16124, Consumed: 16153
09-03 21:34:56.753 D/OPENHU  ( 3108): [75] Companion.decrypt | RECV: VIDEO Unknown (60485) type: 60485 flags: 8 size: 16124 dataOffset: 2
09-03 21:34:56.754 V/OPENHU  ( 3108): [74] AapTransport.sendEncryptedMessage | Sent size: 39
09-03 21:34:56.779 D/OPENHU  ( 3108): [75] AapSslContext.decrypt | SSL Decrypt Status: OK, Produced: 16124, Consumed: 16153
09-03 21:34:56.780 D/OPENHU  ( 3108): [75] Companion.decrypt | RECV: VIDEO Unknown (23955) type: 23955 flags: 8 size: 16124 dataOffset: 2
09-03 21:34:56.781 D/OPENHU  ( 3108): [75] AapSslContext.decrypt | SSL Decrypt Status: OK, Produced: 10979, Consumed: 11008
09-03 21:34:56.782 D/OPENHU  ( 3108): [75] Companion.decrypt | RECV: VIDEO Unknown (41726) type: 41726 flags: 10 size: 10979 dataOffset: 2
09-03 21:34:56.784 D/OPENHU  ( 3108): [75] AapSslContext.decrypt | SSL Decrypt Status: OK, Produced: 16120, Consumed: 16149
09-03 21:34:56.785 D/OPENHU  ( 3108): [75] Companion.decrypt | RECV: VIDEO Media Data type: 0 flags: 9 size: 16120 dataOffset: 2
09-03 21:34:56.786 V/OPENHU  ( 3108): [75] AapTransport.send | VIDEO Codec/Media Data Ack type: 32772 flags: 11 size: 10 dataOffset: 6
09-03 21:34:56.789 D/OPENHU  ( 3108): [75] AapSslContext.decrypt | SSL Decrypt Status: OK, Produced: 16124, Consumed: 16153
09-03 21:34:56.790 D/OPENHU  ( 3108): [75] Companion.decrypt | RECV: VIDEO Unknown (63718) type: 63718 flags: 8 size: 16124 dataOffset: 2
09-03 21:34:56.790 V/OPENHU  ( 3108): [74] AapTransport.sendEncryptedMessage | Sent size: 39
09-03 21:34:56.792 D/OPENHU  ( 3108): [75] AapSslContext.decrypt | SSL Decrypt Status: OK, Produced: 16124, Consumed: 16153
09-03 21:34:56.793 D/OPENHU  ( 3108): [75] Companion.decrypt | RECV: VIDEO Unknown (31639) type: 31639 flags: 8 size: 16124 dataOffset: 2
09-03 21:34:56.794 D/OPENHU  ( 3108): [75] AapSslContext.decrypt | SSL Decrypt Status: OK, Produced: 16124, Consumed: 16153
09-03 21:34:56.795 D/OPENHU  ( 3108): [75] Companion.decrypt | RECV: VIDEO Unknown (52665) type: 52665 flags: 8 size: 16124 dataOffset: 2
09-03 21:34:56.797 D/OPENHU  ( 3108): [75] AapSslContext.decrypt | SSL Decrypt Status: OK, Produced: 4878, Consumed: 4907
09-03 21:34:56.798 D/OPENHU  ( 3108): [75] Companion.decrypt | RECV: VIDEO Unknown (51764) type: 51764 flags: 10 size: 4878 dataOffset: 2
09-03 21:34:56.800 D/OPENHU  ( 3108): [75] AapSslContext.decrypt | SSL Decrypt Status: OK, Produced: 16120, Consumed: 16149
09-03 21:34:56.801 D/OPENHU  ( 3108): [75] Companion.decrypt | RECV: VIDEO Media Data type: 0 flags: 9 size: 16120 dataOffset: 2
09-03 21:34:56.802 V/OPENHU  ( 3108): [75] AapTransport.send | VIDEO Codec/Media Data Ack type: 32772 flags: 11 size: 10 dataOffset: 6
09-03 21:34:56.804 D/OPENHU  ( 3108): [75] AapSslContext.decrypt | SSL Decrypt Status: OK, Produced: 16124, Consumed: 16153
09-03 21:34:56.805 D/OPENHU  ( 3108): [75] Companion.decrypt | RECV: VIDEO Unknown (42588) type: 42588 flags: 8 size: 16124 dataOffset: 2
09-03 21:34:56.805 V/OPENHU  ( 3108): [74] AapTransport.sendEncryptedMessage | Sent size: 39
09-03 21:34:56.807 D/OPENHU  ( 3108): [75] AapSslContext.decrypt | SSL Decrypt Status: OK, Produced: 12588, Consumed: 12617
09-03 21:34:56.808 D/OPENHU  ( 3108): [75] Companion.decrypt | RECV: VIDEO Unknown (5111) type: 5111 flags: 10 size: 12588 dataOffset: 2
09-03 21:34:56.815 D/OPENHU  ( 3108): [75] AapSslContext.decrypt | SSL Decrypt Status: OK, Produced: 16120, Consumed: 16149
09-03 21:34:56.816 D/OPENHU  ( 3108): [75] Companion.decrypt | RECV: VIDEO Media Data type: 0 flags: 9 size: 16120 dataOffset: 2
09-03 21:34:56.817 V/OPENHU  ( 3108): [75] AapTransport.send | VIDEO Codec/Media Data Ack type: 32772 flags: 11 size: 10 dataOffset: 6
09-03 21:34:56.818 D/OPENHU  ( 3108): [75] AapSslContext.decrypt | SSL Decrypt Status: OK, Produced: 16124, Consumed: 16153
09-03 21:34:56.819 V/OPENHU  ( 3108): [74] AapTransport.sendEncryptedMessage | Sent size: 39
09-03 21:34:56.819 D/OPENHU  ( 3108): [75] Companion.decrypt | RECV: VIDEO Unknown (42136) type: 42136 flags: 8 size: 16124 dataOffset: 2
09-03 21:34:56.821 D/OPENHU  ( 3108): [75] AapSslContext.decrypt | SSL Decrypt Status: OK, Produced: 16124, Consumed: 16153
09-03 21:34:56.822 D/OPENHU  ( 3108): [75] Companion.decrypt | RECV: VIDEO Unknown (55921) type: 55921 flags: 8 size: 16124 dataOffset: 2
09-03 21:34:56.824 D/OPENHU  ( 3108): [75] AapSslContext.decrypt | SSL Decrypt Status: OK, Produced: 16124, Consumed: 16153
09-03 21:34:56.824 D/OPENHU  ( 3108): [75] Companion.decrypt | RECV: VIDEO Unknown (52054) type: 52054 flags: 8 size: 16124 dataOffset: 2
09-03 21:34:56.826 D/OPENHU  ( 3108): [75] AapSslContext.decrypt | SSL Decrypt Status: OK, Produced: 16124, Consumed: 16153
09-03 21:34:56.827 D/OPENHU  ( 3108): [75] Companion.decrypt | RECV: VIDEO Unknown (35488) type: 35488 flags: 8 size: 16124 dataOffset: 2
09-03 21:34:56.829 D/OPENHU  ( 3108): [75] AapSslContext.decrypt | SSL Decrypt Status: OK, Produced: 8505, Consumed: 8534
09-03 21:34:56.830 D/OPENHU  ( 3108): [75] Companion.decrypt | RECV: VIDEO Unknown (47760) type: 47760 flags: 10 size: 8505 dataOffset: 2
09-03 21:34:56.833 D/OPENHU  ( 3108): [75] AapSslContext.decrypt | SSL Decrypt Status: OK, Produced: 16120, Consumed: 16149
09-03 21:34:56.834 D/OPENHU  ( 3108): [75] Companion.decrypt | RECV: VIDEO Media Data type: 0 flags: 9 size: 16120 dataOffset: 2
09-03 21:34:56.835 V/OPENHU  ( 3108): [75] AapTransport.send | VIDEO Codec/Media Data Ack type: 32772 flags: 11 size: 10 dataOffset: 6
09-03 21:34:56.838 D/OPENHU  ( 3108): [75] AapSslContext.decrypt | SSL Decrypt Status: OK, Produced: 16124, Consumed: 16153
09-03 21:34:56.839 V/OPENHU  ( 3108): [74] AapTransport.sendEncryptedMessage | Sent size: 39
09-03 21:34:56.839 D/OPENHU  ( 3108): [75] Companion.decrypt | RECV: VIDEO Unknown (31131) type: 31131 flags: 8 size: 16124 dataOffset: 2
09-03 21:34:56.841 D/OPENHU  ( 3108): [75] AapSslContext.decrypt | SSL Decrypt Status: OK, Produced: 15944, Consumed: 15973
09-03 21:34:56.842 D/OPENHU  ( 3108): [75] Companion.decrypt | RECV: VIDEO Unknown (346) type: 346 flags: 10 size: 15944 dataOffset: 2
09-03 21:34:56.847 D/OPENHU  ( 3108): [75] AapSslContext.decrypt | SSL Decrypt Status: OK, Produced: 16120, Consumed: 16149
09-03 21:34:56.848 D/OPENHU  ( 3108): [75] Companion.decrypt | RECV: VIDEO Media Data type: 0 flags: 9 size: 16120 dataOffset: 2
09-03 21:34:56.849 V/OPENHU  ( 3108): [75] AapTransport.send | VIDEO Codec/Media Data Ack type: 32772 flags: 11 size: 10 dataOffset: 6
09-03 21:34:56.851 D/OPENHU  ( 3108): [75] AapSslContext.decrypt | SSL Decrypt Status: OK, Produced: 7734, Consumed: 7763
09-03 21:34:56.851 D/OPENHU  ( 3108): [75] Companion.decrypt | RECV: VIDEO Unknown (53435) type: 53435 flags: 10 size: 7734 dataOffset: 2
09-03 21:34:56.851 V/OPENHU  ( 3108): [74] AapTransport.sendEncryptedMessage | Sent size: 39
09-03 21:34:56.893 D/OPENHU  ( 3108): [75] AapSslContext.decrypt | SSL Decrypt Status: OK, Produced: 16120, Consumed: 16149
09-03 21:34:56.894 D/OPENHU  ( 3108): [75] Companion.decrypt | RECV: VIDEO Media Data type: 0 flags: 9 size: 16120 dataOffset: 2
09-03 21:34:56.895 V/OPENHU  ( 3108): [75] AapTransport.send | VIDEO Codec/Media Data Ack type: 32772 flags: 11 size: 10 dataOffset: 6
09-03 21:34:56.897 D/OPENHU  ( 3108): [75] AapSslContext.decrypt | SSL Decrypt Status: OK, Produced: 15798, Consumed: 15827
09-03 21:34:56.898 D/OPENHU  ( 3108): [75] Companion.decrypt | RECV: VIDEO Unknown (13694) type: 13694 flags: 10 size: 15798 dataOffset: 2
09-03 21:34:56.898 V/OPENHU  ( 3108): [74] AapTransport.sendEncryptedMessage | Sent size: 39
09-03 21:34:56.900 D/OPENHU  ( 3108): [75] AapSslContext.decrypt | SSL Decrypt Status: OK, Produced: 16120, Consumed: 16149
09-03 21:34:56.901 D/OPENHU  ( 3108): [75] Companion.decrypt | RECV: VIDEO Media Data type: 0 flags: 9 size: 16120 dataOffset: 2
09-03 21:34:56.902 V/OPENHU  ( 3108): [75] AapTransport.send | VIDEO Codec/Media Data Ack type: 32772 flags: 11 size: 10 dataOffset: 6
09-03 21:34:56.904 D/OPENHU  ( 3108): [75] AapSslContext.decrypt | SSL Decrypt Status: OK, Produced: 16124, Consumed: 16153
09-03 21:34:56.905 D/OPENHU  ( 3108): [75] Companion.decrypt | RECV: VIDEO Unknown (24675) type: 24675 flags: 8 size: 16124 dataOffset: 2
09-03 21:34:56.905 V/OPENHU  ( 3108): [74] AapTransport.sendEncryptedMessage | Sent size: 39
09-03 21:34:56.907 D/OPENHU  ( 3108): [75] AapSslContext.decrypt | SSL Decrypt Status: OK, Produced: 4754, Consumed: 4783
09-03 21:34:56.907 D/OPENHU  ( 3108): [75] Companion.decrypt | RECV: VIDEO Unknown (38379) type: 38379 flags: 10 size: 4754 dataOffset: 2
09-03 21:34:56.909 D/OPENHU  ( 3108): [75] AapSslContext.decrypt | SSL Decrypt Status: OK, Produced: 16120, Consumed: 16149
09-03 21:34:56.910 D/OPENHU  ( 3108): [75] Companion.decrypt | RECV: VIDEO Media Data type: 0 flags: 9 size: 16120 dataOffset: 2
09-03 21:34:56.911 V/OPENHU  ( 3108): [75] AapTransport.send | VIDEO Codec/Media Data Ack type: 32772 flags: 11 size: 10 dataOffset: 6
09-03 21:34:56.913 D/OPENHU  ( 3108): [75] AapSslContext.decrypt | SSL Decrypt Status: OK, Produced: 16124, Consumed: 16153
09-03 21:34:56.913 V/OPENHU  ( 3108): [74] AapTransport.sendEncryptedMessage | Sent size: 39
09-03 21:34:56.914 D/OPENHU  ( 3108): [75] Companion.decrypt | RECV: VIDEO Unknown (25197) type: 25197 flags: 8 size: 16124 dataOffset: 2
09-03 21:34:56.916 D/OPENHU  ( 3108): [75] AapSslContext.decrypt | SSL Decrypt Status: OK, Produced: 2016, Consumed: 2045
09-03 21:34:56.917 D/OPENHU  ( 3108): [75] Companion.decrypt | RECV: VIDEO Unknown (54914) type: 54914 flags: 10 size: 2016 dataOffset: 2
09-03 21:34:56.919 D/OPENHU  ( 3108): [75] AapSslContext.decrypt | SSL Decrypt Status: OK, Produced: 16120, Consumed: 16149
09-03 21:34:56.920 D/OPENHU  ( 3108): [75] Companion.decrypt | RECV: VIDEO Media Data type: 0 flags: 9 size: 16120 dataOffset: 2
09-03 21:34:56.921 V/OPENHU  ( 3108): [75] AapTransport.send | VIDEO Codec/Media Data Ack type: 32772 flags: 11 size: 10 dataOffset: 6
09-03 21:34:56.923 D/OPENHU  ( 3108): [75] AapSslContext.decrypt | SSL Decrypt Status: OK, Produced: 15473, Consumed: 15502
09-03 21:34:56.923 D/OPENHU  ( 3108): [75] Companion.decrypt | RECV: VIDEO Unknown (60235) type: 60235 flags: 10 size: 15473 dataOffset: 2
09-03 21:34:56.924 V/OPENHU  ( 3108): [74] AapTransport.sendEncryptedMessage | Sent size: 39
09-03 21:34:56.931 D/OPENHU  ( 3108): [75] AapSslContext.decrypt | SSL Decrypt Status: OK, Produced: 16120, Consumed: 16149
09-03 21:34:56.932 D/OPENHU  ( 3108): [75] Companion.decrypt | RECV: VIDEO Media Data type: 0 flags: 9 size: 16120 dataOffset: 2
09-03 21:34:56.933 V/OPENHU  ( 3108): [75] AapTransport.send | VIDEO Codec/Media Data Ack type: 32772 flags: 11 size: 10 dataOffset: 6
09-03 21:34:56.935 D/OPENHU  ( 3108): [75] AapSslContext.decrypt | SSL Decrypt Status: OK, Produced: 13099, Consumed: 13128
09-03 21:34:56.935 V/OPENHU  ( 3108): [74] AapTransport.sendEncryptedMessage | Sent size: 39
09-03 21:34:56.936 D/OPENHU  ( 3108): [75] Companion.decrypt | RECV: VIDEO Unknown (33287) type: 33287 flags: 10 size: 13099 dataOffset: 2
09-03 21:34:56.949 D/OPENHU  ( 3108): [75] AapSslContext.decrypt | SSL Decrypt Status: OK, Produced: 16120, Consumed: 16149
09-03 21:34:56.950 D/OPENHU  ( 3108): [75] Companion.decrypt | RECV: VIDEO Media Data type: 0 flags: 9 size: 16120 dataOffset: 2
09-03 21:34:56.951 V/OPENHU  ( 3108): [75] AapTransport.send | VIDEO Codec/Media Data Ack type: 32772 flags: 11 size: 10 dataOffset: 6
09-03 21:34:56.953 D/OPENHU  ( 3108): [75] AapSslContext.decrypt | SSL Decrypt Status: OK, Produced: 10914, Consumed: 10943
09-03 21:34:56.953 D/OPENHU  ( 3108): [75] Companion.decrypt | RECV: VIDEO Unknown (3922) type: 3922 flags: 10 size: 10914 dataOffset: 2
09-03 21:34:56.953 V/OPENHU  ( 3108): [74] AapTransport.sendEncryptedMessage | Sent size: 39
09-03 21:34:56.983 D/OPENHU  ( 3108): [75] AapSslContext.decrypt | SSL Decrypt Status: OK, Produced: 16120, Consumed: 16149
09-03 21:34:56.983 D/OPENHU  ( 3108): [75] Companion.decrypt | RECV: VIDEO Media Data type: 0 flags: 9 size: 16120 dataOffset: 2
09-03 21:34:56.984 V/OPENHU  ( 3108): [75] AapTransport.send | VIDEO Codec/Media Data Ack type: 32772 flags: 11 size: 10 dataOffset: 6
09-03 21:34:56.987 D/OPENHU  ( 3108): [75] AapSslContext.decrypt | SSL Decrypt Status: OK, Produced: 13188, Consumed: 13217
09-03 21:34:56.988 D/OPENHU  ( 3108): [75] Companion.decrypt | RECV: VIDEO Unknown (37215) type: 37215 flags: 10 size: 13188 dataOffset: 2
09-03 21:34:56.988 V/OPENHU  ( 3108): [74] AapTransport.sendEncryptedMessage | Sent size: 39
09-03 21:34:56.990 D/OPENHU  ( 3108): [75] AapSslContext.decrypt | SSL Decrypt Status: OK, Produced: 12, Consumed: 41
09-03 21:34:56.991 D/OPENHU  ( 3108): [75] Companion.decrypt | RECV: CONTROL Ping Request type: 11 flags: 11 size: 12 dataOffset: 2
09-03 21:34:56.992 V/OPENHU  ( 3108): [75] AapTransport.send | CONTROL Ping Response type: 12 flags: 11 size: 14 dataOffset: 6
09-03 21:34:56.993 D/OPENHU  ( 3108): [75] AapSslContext.decrypt | SSL Decrypt Status: OK, Produced: 16120, Consumed: 16149
09-03 21:34:56.995 D/OPENHU  ( 3108): [75] Companion.decrypt | RECV: VIDEO Media Data type: 0 flags: 9 size: 16120 dataOffset: 2
09-03 21:34:56.996 V/OPENHU  ( 3108): [74] AapTransport.sendEncryptedMessage | Sent size: 43
09-03 21:34:56.997 V/OPENHU  ( 3108): [75] AapTransport.send | VIDEO Codec/Media Data Ack type: 32772 flags: 11 size: 10 dataOffset: 6
09-03 21:34:57.000 D/OPENHU  ( 3108): [75] AapSslContext.decrypt | SSL Decrypt Status: OK, Produced: 7049, Consumed: 7078
09-03 21:34:57.000 V/OPENHU  ( 3108): [74] AapTransport.sendEncryptedMessage | Sent size: 39
09-03 21:34:57.001 D/OPENHU  ( 3108): [75] Companion.decrypt | RECV: VIDEO Unknown (4015) type: 4015 flags: 10 size: 7049 dataOffset: 2
09-03 21:34:57.003 D/OPENHU  ( 3108): [75] AapSslContext.decrypt | SSL Decrypt Status: OK, Produced: 16120, Consumed: 16149
09-03 21:34:57.004 D/OPENHU  ( 3108): [75] Companion.decrypt | RECV: VIDEO Media Data type: 0 flags: 9 size: 16120 dataOffset: 2
09-03 21:34:57.005 V/OPENHU  ( 3108): [75] AapTransport.send | VIDEO Codec/Media Data Ack type: 32772 flags: 11 size: 10 dataOffset: 6
09-03 21:34:57.007 D/OPENHU  ( 3108): [75] AapSslContext.decrypt | SSL Decrypt Status: OK, Produced: 10630, Consumed: 10659
09-03 21:34:57.008 D/OPENHU  ( 3108): [75] Companion.decrypt | RECV: VIDEO Unknown (5266) type: 5266 flags: 10 size: 10630 dataOffset: 2
09-03 21:34:57.008 V/OPENHU  ( 3108): [74] AapTransport.sendEncryptedMessage | Sent size: 39
09-03 21:34:57.013 D/OPENHU  ( 3108): [75] AapSslContext.decrypt | SSL Decrypt Status: OK, Produced: 16120, Consumed: 16149
09-03 21:34:57.014 D/OPENHU  ( 3108): [75] Companion.decrypt | RECV: VIDEO Media Data type: 0 flags: 9 size: 16120 dataOffset: 2
09-03 21:34:57.015 V/OPENHU  ( 3108): [75] AapTransport.send | VIDEO Codec/Media Data Ack type: 32772 flags: 11 size: 10 dataOffset: 6
09-03 21:34:57.017 D/OPENHU  ( 3108): [75] AapSslContext.decrypt | SSL Decrypt Status: OK, Produced: 13718, Consumed: 13747
09-03 21:34:57.018 D/OPENHU  ( 3108): [75] Companion.decrypt | RECV: VIDEO Unknown (53927) type: 53927 flags: 10 size: 13718 dataOffset: 2
09-03 21:34:57.019 V/OPENHU  ( 3108): [74] AapTransport.sendEncryptedMessage | Sent size: 39
09-03 21:34:57.031 D/OPENHU  ( 3108): [75] AapSslContext.decrypt | SSL Decrypt Status: OK, Produced: 16120, Consumed: 16149
09-03 21:34:57.033 D/OPENHU  ( 3108): [75] Companion.decrypt | RECV: VIDEO Media Data type: 0 flags: 9 size: 16120 dataOffset: 2
09-03 21:34:57.034 V/OPENHU  ( 3108): [75] AapTransport.send | VIDEO Codec/Media Data Ack type: 32772 flags: 11 size: 10 dataOffset: 6
09-03 21:34:57.036 V/OPENHU  ( 3108): [74] AapTransport.sendEncryptedMessage | Sent size: 39
09-03 21:34:57.037 D/OPENHU  ( 3108): [75] AapSslContext.decrypt | SSL Decrypt Status: OK, Produced: 10223, Consumed: 10252
09-03 21:34:57.038 D/OPENHU  ( 3108): [75] Companion.decrypt | RECV: VIDEO Unknown (22365) type: 22365 flags: 10 size: 10223 dataOffset: 2
09-03 21:34:57.046 D/OPENHU  ( 3108): [75] AapSslContext.decrypt | SSL Decrypt Status: OK, Produced: 16120, Consumed: 16149
09-03 21:34:57.047 D/OPENHU  ( 3108): [75] Companion.decrypt | RECV: VIDEO Media Data type: 0 flags: 9 size: 16120 dataOffset: 2
09-03 21:34:57.048 V/OPENHU  ( 3108): [75] AapTransport.send | VIDEO Codec/Media Data Ack type: 32772 flags: 11 size: 10 dataOffset: 6
09-03 21:34:57.050 D/OPENHU  ( 3108): [75] AapSslContext.decrypt | SSL Decrypt Status: OK, Produced: 16124, Consumed: 16153
09-03 21:34:57.051 V/OPENHU  ( 3108): [74] AapTransport.sendEncryptedMessage | Sent size: 39
09-03 21:34:57.051 D/OPENHU  ( 3108): [75] Companion.decrypt | RECV: VIDEO Unknown (36457) type: 36457 flags: 8 size: 16124 dataOffset: 2
09-03 21:34:57.052 D/OPENHU  ( 3108): [75] AapSslContext.decrypt | SSL Decrypt Status: OK, Produced: 8579, Consumed: 8608
09-03 21:34:57.053 D/OPENHU  ( 3108): [75] Companion.decrypt | RECV: VIDEO Unknown (55374) type: 55374 flags: 10 size: 8579 dataOffset: 2
09-03 21:34:57.082 V/OPENHU  ( 3108): [2] GpsLocation.onLocationChanged | GpsLocation: fix received
09-03 21:34:57.093 V/OPENHU  ( 3108): [2] AapTransport.send | SENSOR Sensor Event type: 32771 flags: 11 size: 45 dataOffset: 6
09-03 21:34:57.097 V/OPENHU  ( 3108): [74] AapTransport.sendEncryptedMessage | Sent size: 74
09-03 21:34:57.104 D/OPENHU  ( 3108): [75] AapSslContext.decrypt | SSL Decrypt Status: OK, Produced: 16120, Consumed: 16149
09-03 21:34:57.105 D/OPENHU  ( 3108): [75] Companion.decrypt | RECV: VIDEO Media Data type: 0 flags: 9 size: 16120 dataOffset: 2
09-03 21:34:57.107 V/OPENHU  ( 3108): [75] AapTransport.send | VIDEO Codec/Media Data Ack type: 32772 flags: 11 size: 10 dataOffset: 6
09-03 21:34:57.110 D/OPENHU  ( 3108): [75] AapSslContext.decrypt | SSL Decrypt Status: OK, Produced: 5003, Consumed: 5032
09-03 21:34:57.110 V/OPENHU  ( 3108): [74] AapTransport.sendEncryptedMessage | Sent size: 39
09-03 21:34:57.111 D/OPENHU  ( 3108): [75] Companion.decrypt | RECV: VIDEO Unknown (20456) type: 20456 flags: 10 size: 5003 dataOffset: 2
09-03 21:34:57.113 D/OPENHU  ( 3108): [75] AapSslContext.decrypt | SSL Decrypt Status: OK, Produced: 6936, Consumed: 6965
09-03 21:34:57.114 D/OPENHU  ( 3108): [75] Companion.decrypt | RECV: VIDEO Media Data type: 0 flags: 11 size: 6936 dataOffset: 2
09-03 21:34:57.115 V/OPENHU  ( 3108): [75] AapTransport.send | VIDEO Codec/Media Data Ack type: 32772 flags: 11 size: 10 dataOffset: 6
09-03 21:34:57.117 D/OPENHU  ( 3108): [75] AapSslContext.decrypt | SSL Decrypt Status: OK, Produced: 12079, Consumed: 12108
09-03 21:34:57.118 V/OPENHU  ( 3108): [74] AapTransport.sendEncryptedMessage | Sent size: 39
09-03 21:34:57.118 D/OPENHU  ( 3108): [75] Companion.decrypt | RECV: VIDEO Media Data type: 0 flags: 11 size: 12079 dataOffset: 2
09-03 21:34:57.119 V/OPENHU  ( 3108): [75] AapTransport.send | VIDEO Codec/Media Data Ack type: 32772 flags: 11 size: 10 dataOffset: 6
09-03 21:34:57.121 D/OPENHU  ( 3108): [75] AapSslContext.decrypt | SSL Decrypt Status: OK, Produced: 16120, Consumed: 16149
09-03 21:34:57.122 D/OPENHU  ( 3108): [75] Companion.decrypt | RECV: VIDEO Media Data type: 0 flags: 9 size: 16120 dataOffset: 2
09-03 21:34:57.123 V/OPENHU  ( 3108): [75] AapTransport.send | VIDEO Codec/Media Data Ack type: 32772 flags: 11 size: 10 dataOffset: 6
09-03 21:34:57.123 V/OPENHU  ( 3108): [74] AapTransport.sendEncryptedMessage | Sent size: 39
09-03 21:34:57.126 D/OPENHU  ( 3108): [75] AapSslContext.decrypt | SSL Decrypt Status: OK, Produced: 2651, Consumed: 2680
09-03 21:34:57.127 V/OPENHU  ( 3108): [74] AapTransport.sendEncryptedMessage | Sent size: 39
09-03 21:34:57.129 D/OPENHU  ( 3108): [75] Companion.decrypt | RECV: VIDEO Unknown (59555) type: 59555 flags: 10 size: 2651 dataOffset: 2
09-03 21:34:57.131 D/OPENHU  ( 3108): [75] AapSslContext.decrypt | SSL Decrypt Status: OK, Produced: 16120, Consumed: 16149
09-03 21:34:57.132 D/OPENHU  ( 3108): [75] Companion.decrypt | RECV: VIDEO Media Data type: 0 flags: 9 size: 16120 dataOffset: 2
09-03 21:34:57.133 V/OPENHU  ( 3108): [75] AapTransport.send | VIDEO Codec/Media Data Ack type: 32772 flags: 11 size: 10 dataOffset: 6
09-03 21:34:57.136 D/OPENHU  ( 3108): [75] AapSslContext.decrypt | SSL Decrypt Status: OK, Produced: 13255, Consumed: 13284
09-03 21:34:57.137 V/OPENHU  ( 3108): [74] AapTransport.sendEncryptedMessage | Sent size: 39
09-03 21:34:57.138 D/OPENHU  ( 3108): [75] Companion.decrypt | RECV: VIDEO Unknown (528) type: 528 flags: 10 size: 13255 dataOffset: 2
09-03 21:34:57.147 D/OPENHU  ( 3108): [75] AapSslContext.decrypt | SSL Decrypt Status: OK, Produced: 16120, Consumed: 16149
09-03 21:34:57.148 D/OPENHU  ( 3108): [75] Companion.decrypt | RECV: VIDEO Media Data type: 0 flags: 9 size: 16120 dataOffset: 2
09-03 21:34:57.149 V/OPENHU  ( 3108): [75] AapTransport.send | VIDEO Codec/Media Data Ack type: 32772 flags: 11 size: 10 dataOffset: 6
09-03 21:34:57.152 D/OPENHU  ( 3108): [75] AapSslContext.decrypt | SSL Decrypt Status: OK, Produced: 7507, Consumed: 7536
09-03 21:34:57.152 V/OPENHU  ( 3108): [74] AapTransport.sendEncryptedMessage | Sent size: 39
09-03 21:34:57.153 D/OPENHU  ( 3108): [75] Companion.decrypt | RECV: VIDEO Unknown (21885) type: 21885 flags: 10 size: 7507 dataOffset: 2
09-03 21:34:57.188 D/OPENHU  ( 3108): [75] AapSslContext.decrypt | SSL Decrypt Status: OK, Produced: 16120, Consumed: 16149
09-03 21:34:57.189 D/OPENHU  ( 3108): [75] Companion.decrypt | RECV: VIDEO Media Data type: 0 flags: 9 size: 16120 dataOffset: 2
09-03 21:34:57.190 V/OPENHU  ( 3108): [75] AapTransport.send | VIDEO Codec/Media Data Ack type: 32772 flags: 11 size: 10 dataOffset: 6
09-03 21:34:57.192 D/OPENHU  ( 3108): [75] AapSslContext.decrypt | SSL Decrypt Status: OK, Produced: 1394, Consumed: 1423
09-03 21:34:57.193 V/OPENHU  ( 3108): [74] AapTransport.sendEncryptedMessage | Sent size: 39
09-03 21:34:57.193 D/OPENHU  ( 3108): [75] Companion.decrypt | RECV: VIDEO Unknown (12731) type: 12731 flags: 10 size: 1394 dataOffset: 2
09-03 21:34:57.195 D/OPENHU  ( 3108): [75] AapSslContext.decrypt | SSL Decrypt Status: OK, Produced: 16120, Consumed: 16149
09-03 21:34:57.196 D/OPENHU  ( 3108): [75] Companion.decrypt | RECV: VIDEO Media Data type: 0 flags: 9 size: 16120 dataOffset: 2
09-03 21:34:57.197 V/OPENHU  ( 3108): [75] AapTransport.send | VIDEO Codec/Media Data Ack type: 32772 flags: 11 size: 10 dataOffset: 6
09-03 21:34:57.199 V/OPENHU  ( 3108): [74] AapTransport.sendEncryptedMessage | Sent size: 39
09-03 21:34:57.199 D/OPENHU  ( 3108): [75] AapSslContext.decrypt | SSL Decrypt Status: OK, Produced: 6619, Consumed: 6648
09-03 21:34:57.200 D/OPENHU  ( 3108): [75] Companion.decrypt | RECV: VIDEO Unknown (11976) type: 11976 flags: 10 size: 6619 dataOffset: 2
09-03 21:34:57.202 D/OPENHU  ( 3108): [75] AapSslContext.decrypt | SSL Decrypt Status: OK, Produced: 16120, Consumed: 16149
09-03 21:34:57.203 D/OPENHU  ( 3108): [75] Companion.decrypt | RECV: VIDEO Media Data type: 0 flags: 9 size: 16120 dataOffset: 2
09-03 21:34:57.204 V/OPENHU  ( 3108): [75] AapTransport.send | VIDEO Codec/Media Data Ack type: 32772 flags: 11 size: 10 dataOffset: 6
09-03 21:34:57.205 D/OPENHU  ( 3108): [75] AapSslContext.decrypt | SSL Decrypt Status: OK, Produced: 11431, Consumed: 11460
09-03 21:34:57.205 V/OPENHU  ( 3108): [74] AapTransport.sendEncryptedMessage | Sent size: 39
09-03 21:34:57.206 D/OPENHU  ( 3108): [75] Companion.decrypt | RECV: VIDEO Unknown (58916) type: 58916 flags: 10 size: 11431 dataOffset: 2
09-03 21:34:57.211 D/OPENHU  ( 3108): [75] AapSslContext.decrypt | SSL Decrypt Status: OK, Produced: 16120, Consumed: 16149
09-03 21:34:57.212 D/OPENHU  ( 3108): [75] Companion.decrypt | RECV: VIDEO Media Data type: 0 flags: 9 size: 16120 dataOffset: 2
09-03 21:34:57.213 V/OPENHU  ( 3108): [75] AapTransport.send | VIDEO Codec/Media Data Ack type: 32772 flags: 11 size: 10 dataOffset: 6
09-03 21:34:57.215 D/OPENHU  ( 3108): [75] AapSslContext.decrypt | SSL Decrypt Status: OK, Produced: 3567, Consumed: 3596
09-03 21:34:57.215 V/OPENHU  ( 3108): [74] AapTransport.sendEncryptedMessage | Sent size: 39
09-03 21:34:57.215 D/OPENHU  ( 3108): [75] Companion.decrypt | RECV: VIDEO Unknown (15167) type: 15167 flags: 10 size: 3567 dataOffset: 2
09-03 21:34:57.227 D/OPENHU  ( 3108): [75] AapSslContext.decrypt | SSL Decrypt Status: OK, Produced: 16120, Consumed: 16149
09-03 21:34:57.228 D/OPENHU  ( 3108): [75] Companion.decrypt | RECV: VIDEO Media Data type: 0 flags: 9 size: 16120 dataOffset: 2
09-03 21:34:57.229 V/OPENHU  ( 3108): [75] AapTransport.send | VIDEO Codec/Media Data Ack type: 32772 flags: 11 size: 10 dataOffset: 6
09-03 21:34:57.231 V/OPENHU  ( 3108): [74] AapTransport.sendEncryptedMessage | Sent size: 39
09-03 21:34:57.231 D/OPENHU  ( 3108): [75] AapSslContext.decrypt | SSL Decrypt Status: OK, Produced: 4551, Consumed: 4580
09-03 21:34:57.232 D/OPENHU  ( 3108): [75] Companion.decrypt | RECV: VIDEO Unknown (52568) type: 52568 flags: 10 size: 4551 dataOffset: 2
09-03 21:34:57.245 D/OPENHU  ( 3108): [75] AapSslContext.decrypt | SSL Decrypt Status: OK, Produced: 16120, Consumed: 16149
09-03 21:34:57.246 D/OPENHU  ( 3108): [75] Companion.decrypt | RECV: VIDEO Media Data type: 0 flags: 9 size: 16120 dataOffset: 2
09-03 21:34:57.247 V/OPENHU  ( 3108): [75] AapTransport.send | VIDEO Codec/Media Data Ack type: 32772 flags: 11 size: 10 dataOffset: 6
09-03 21:34:57.249 D/OPENHU  ( 3108): [75] AapSslContext.decrypt | SSL Decrypt Status: OK, Produced: 10399, Consumed: 10428
09-03 21:34:57.250 V/OPENHU  ( 3108): [74] AapTransport.sendEncryptedMessage | Sent size: 39
09-03 21:34:57.250 D/OPENHU  ( 3108): [75] Companion.decrypt | RECV: VIDEO Unknown (63908) type: 63908 flags: 10 size: 10399 dataOffset: 2
09-03 21:34:57.303 D/OPENHU  ( 3108): [75] AapSslContext.decrypt | SSL Decrypt Status: OK, Produced: 16120, Consumed: 16149
09-03 21:34:57.304 D/OPENHU  ( 3108): [75] Companion.decrypt | RECV: VIDEO Media Data type: 0 flags: 9 size: 16120 dataOffset: 2
09-03 21:34:57.305 V/OPENHU  ( 3108): [75] AapTransport.send | VIDEO Codec/Media Data Ack type: 32772 flags: 11 size: 10 dataOffset: 6
09-03 21:34:57.308 D/OPENHU  ( 3108): [75] AapSslContext.decrypt | SSL Decrypt Status: OK, Produced: 10567, Consumed: 10596
09-03 21:34:57.308 D/OPENHU  ( 3108): [75] Companion.decrypt | RECV: VIDEO Unknown (35911) type: 35911 flags: 10 size: 10567 dataOffset: 2
09-03 21:34:57.309 V/OPENHU  ( 3108): [74] AapTransport.sendEncryptedMessage | Sent size: 39
09-03 21:34:57.310 D/OPENHU  ( 3108): [75] AapSslContext.decrypt | SSL Decrypt Status: OK, Produced: 16120, Consumed: 16149
09-03 21:34:57.311 D/OPENHU  ( 3108): [75] Companion.decrypt | RECV: VIDEO Media Data type: 0 flags: 9 size: 16120 dataOffset: 2
09-03 21:34:57.312 V/OPENHU  ( 3108): [75] AapTransport.send | VIDEO Codec/Media Data Ack type: 32772 flags: 11 size: 10 dataOffset: 6
09-03 21:34:57.314 D/OPENHU  ( 3108): [75] AapSslContext.decrypt | SSL Decrypt Status: OK, Produced: 8592, Consumed: 8621
09-03 21:34:57.315 D/OPENHU  ( 3108): [75] Companion.decrypt | RECV: VIDEO Unknown (42069) type: 42069 flags: 10 size: 8592 dataOffset: 2
09-03 21:34:57.316 V/OPENHU  ( 3108): [74] AapTransport.sendEncryptedMessage | Sent size: 39
09-03 21:34:57.317 D/OPENHU  ( 3108): [75] AapSslContext.decrypt | SSL Decrypt Status: OK, Produced: 16120, Consumed: 16149
09-03 21:34:57.318 D/OPENHU  ( 3108): [75] Companion.decrypt | RECV: VIDEO Media Data type: 0 flags: 9 size: 16120 dataOffset: 2
09-03 21:34:57.319 V/OPENHU  ( 3108): [75] AapTransport.send | VIDEO Codec/Media Data Ack type: 32772 flags: 11 size: 10 dataOffset: 6
09-03 21:34:57.322 D/OPENHU  ( 3108): [75] AapSslContext.decrypt | SSL Decrypt Status: OK, Produced: 4084, Consumed: 4113
09-03 21:34:57.322 V/OPENHU  ( 3108): [74] AapTransport.sendEncryptedMessage | Sent size: 39
09-03 21:34:57.323 D/OPENHU  ( 3108): [75] Companion.decrypt | RECV: VIDEO Unknown (10411) type: 10411 flags: 10 size: 4084 dataOffset: 2
09-03 21:34:57.324 D/OPENHU  ( 3108): [75] AapSslContext.decrypt | SSL Decrypt Status: OK, Produced: 16120, Consumed: 16149
09-03 21:34:57.325 D/OPENHU  ( 3108): [75] Companion.decrypt | RECV: VIDEO Media Data type: 0 flags: 9 size: 16120 dataOffset: 2
09-03 21:34:57.326 V/OPENHU  ( 3108): [75] AapTransport.send | VIDEO Codec/Media Data Ack type: 32772 flags: 11 size: 10 dataOffset: 6
09-03 21:34:57.329 D/OPENHU  ( 3108): [75] AapSslContext.decrypt | SSL Decrypt Status: OK, Produced: 9233, Consumed: 9262
09-03 21:34:57.330 D/OPENHU  ( 3108): [75] Companion.decrypt | RECV: VIDEO Unknown (29311) type: 29311 flags: 10 size: 9233 dataOffset: 2
09-03 21:34:57.330 V/OPENHU  ( 3108): [74] AapTransport.sendEncryptedMessage | Sent size: 39
09-03 21:34:57.332 D/OPENHU  ( 3108): [75] AapSslContext.decrypt | SSL Decrypt Status: OK, Produced: 16120, Consumed: 16149
09-03 21:34:57.333 D/OPENHU  ( 3108): [75] Companion.decrypt | RECV: VIDEO Media Data type: 0 flags: 9 size: 16120 dataOffset: 2
09-03 21:34:57.334 V/OPENHU  ( 3108): [75] AapTransport.send | VIDEO Codec/Media Data Ack type: 32772 flags: 11 size: 10 dataOffset: 6
09-03 21:34:57.336 D/OPENHU  ( 3108): [75] AapSslContext.decrypt | SSL Decrypt Status: OK, Produced: 8746, Consumed: 8775
09-03 21:34:57.336 V/OPENHU  ( 3108): [74] AapTransport.sendEncryptedMessage | Sent size: 39
09-03 21:34:57.337 D/OPENHU  ( 3108): [75] Companion.decrypt | RECV: VIDEO Unknown (18100) type: 18100 flags: 10 size: 8746 dataOffset: 2
09-03 21:34:57.345 D/OPENHU  ( 3108): [75] AapSslContext.decrypt | SSL Decrypt Status: OK, Produced: 16120, Consumed: 16149
09-03 21:34:57.346 D/OPENHU  ( 3108): [75] Companion.decrypt | RECV: VIDEO Media Data type: 0 flags: 9 size: 16120 dataOffset: 2
09-03 21:34:57.347 V/OPENHU  ( 3108): [75] AapTransport.send | VIDEO Codec/Media Data Ack type: 32772 flags: 11 size: 10 dataOffset: 6
09-03 21:34:57.350 V/OPENHU  ( 3108): [74] AapTransport.sendEncryptedMessage | Sent size: 39
09-03 21:34:57.350 D/OPENHU  ( 3108): [75] AapSslContext.decrypt | SSL Decrypt Status: OK, Produced: 9101, Consumed: 9130
09-03 21:34:57.351 D/OPENHU  ( 3108): [75] Companion.decrypt | RECV: VIDEO Unknown (15739) type: 15739 flags: 10 size: 9101 dataOffset: 2
09-03 21:34:57.361 D/OPENHU  ( 3108): [75] AapSslContext.decrypt | SSL Decrypt Status: OK, Produced: 16120, Consumed: 16149
09-03 21:34:57.361 D/OPENHU  ( 3108): [75] Companion.decrypt | RECV: VIDEO Media Data type: 0 flags: 9 size: 16120 dataOffset: 2
09-03 21:34:57.362 V/OPENHU  ( 3108): [75] AapTransport.send | VIDEO Codec/Media Data Ack type: 32772 flags: 11 size: 10 dataOffset: 6
09-03 21:34:57.364 V/OPENHU  ( 3108): [74] AapTransport.sendEncryptedMessage | Sent size: 39
09-03 21:34:57.365 D/OPENHU  ( 3108): [75] AapSslContext.decrypt | SSL Decrypt Status: OK, Produced: 7066, Consumed: 7095
09-03 21:34:57.366 D/OPENHU  ( 3108): [75] Companion.decrypt | RECV: VIDEO Unknown (52088) type: 52088 flags: 10 size: 7066 dataOffset: 2
09-03 21:34:57.394 D/OPENHU  ( 3108): [75] AapSslContext.decrypt | SSL Decrypt Status: OK, Produced: 16120, Consumed: 16149
09-03 21:34:57.395 D/OPENHU  ( 3108): [75] Companion.decrypt | RECV: VIDEO Media Data type: 0 flags: 9 size: 16120 dataOffset: 2
09-03 21:34:57.395 V/OPENHU  ( 3108): [75] AapTransport.send | VIDEO Codec/Media Data Ack type: 32772 flags: 11 size: 10 dataOffset: 6
09-03 21:34:57.397 D/OPENHU  ( 3108): [75] AapSslContext.decrypt | SSL Decrypt Status: OK, Produced: 7813, Consumed: 7842
09-03 21:34:57.398 V/OPENHU  ( 3108): [74] AapTransport.sendEncryptedMessage | Sent size: 39
09-03 21:34:57.398 D/OPENHU  ( 3108): [75] Companion.decrypt | RECV: VIDEO Unknown (47293) type: 47293 flags: 10 size: 7813 dataOffset: 2
09-03 21:34:57.400 D/OPENHU  ( 3108): [75] AapSslContext.decrypt | SSL Decrypt Status: OK, Produced: 16120, Consumed: 16149
09-03 21:34:57.401 D/OPENHU  ( 3108): [75] Companion.decrypt | RECV: VIDEO Media Data type: 0 flags: 9 size: 16120 dataOffset: 2
09-03 21:34:57.402 V/OPENHU  ( 3108): [75] AapTransport.send | VIDEO Codec/Media Data Ack type: 32772 flags: 11 size: 10 dataOffset: 6
09-03 21:34:57.404 D/OPENHU  ( 3108): [75] AapSslContext.decrypt | SSL Decrypt Status: OK, Produced: 8327, Consumed: 8356
09-03 21:34:57.405 D/OPENHU  ( 3108): [75] Companion.decrypt | RECV: VIDEO Unknown (19122) type: 19122 flags: 10 size: 8327 dataOffset: 2
09-03 21:34:57.405 V/OPENHU  ( 3108): [74] AapTransport.sendEncryptedMessage | Sent size: 39
09-03 21:34:57.411 D/OPENHU  ( 3108): [75] AapSslContext.decrypt | SSL Decrypt Status: OK, Produced: 16120, Consumed: 16149
09-03 21:34:57.412 D/OPENHU  ( 3108): [75] Companion.decrypt | RECV: VIDEO Media Data type: 0 flags: 9 size: 16120 dataOffset: 2
09-03 21:34:57.413 V/OPENHU  ( 3108): [75] AapTransport.send | VIDEO Codec/Media Data Ack type: 32772 flags: 11 size: 10 dataOffset: 6
09-03 21:34:57.415 D/OPENHU  ( 3108): [75] AapSslContext.decrypt | SSL Decrypt Status: OK, Produced: 7277, Consumed: 7306
09-03 21:34:57.415 V/OPENHU  ( 3108): [74] AapTransport.sendEncryptedMessage | Sent size: 39
09-03 21:34:57.415 D/OPENHU  ( 3108): [75] Companion.decrypt | RECV: VIDEO Unknown (5056) type: 5056 flags: 10 size: 7277 dataOffset: 2
09-03 21:34:57.430 D/OPENHU  ( 3108): [75] AapSslContext.decrypt | SSL Decrypt Status: OK, Produced: 16120, Consumed: 16149
09-03 21:34:57.430 D/OPENHU  ( 3108): [75] Companion.decrypt | RECV: VIDEO Media Data type: 0 flags: 9 size: 16120 dataOffset: 2
09-03 21:34:57.431 V/OPENHU  ( 3108): [75] AapTransport.send | VIDEO Codec/Media Data Ack type: 32772 flags: 11 size: 10 dataOffset: 6
09-03 21:34:57.433 D/OPENHU  ( 3108): [75] AapSslContext.decrypt | SSL Decrypt Status: OK, Produced: 7704, Consumed: 7733
09-03 21:34:57.433 V/OPENHU  ( 3108): [74] AapTransport.sendEncryptedMessage | Sent size: 39
09-03 21:34:57.433 D/OPENHU  ( 3108): [75] Companion.decrypt | RECV: VIDEO Unknown (10399) type: 10399 flags: 10 size: 7704 dataOffset: 2
09-03 21:34:57.449 D/OPENHU  ( 3108): [75] AapSslContext.decrypt | SSL Decrypt Status: OK, Produced: 16120, Consumed: 16149
09-03 21:34:57.450 D/OPENHU  ( 3108): [75] Companion.decrypt | RECV: VIDEO Media Data type: 0 flags: 9 size: 16120 dataOffset: 2
09-03 21:34:57.451 V/OPENHU  ( 3108): [75] AapTransport.send | VIDEO Codec/Media Data Ack type: 32772 flags: 11 size: 10 dataOffset: 6
09-03 21:34:57.453 D/OPENHU  ( 3108): [75] AapSslContext.decrypt | SSL Decrypt Status: OK, Produced: 7581, Consumed: 7610
09-03 21:34:57.453 V/OPENHU  ( 3108): [74] AapTransport.sendEncryptedMessage | Sent size: 39
09-03 21:34:57.453 D/OPENHU  ( 3108): [75] Companion.decrypt | RECV: VIDEO Unknown (32971) type: 32971 flags: 10 size: 7581 dataOffset: 2
09-03 21:34:57.507 D/OPENHU  ( 3108): [75] AapSslContext.decrypt | SSL Decrypt Status: OK, Produced: 16120, Consumed: 16149
09-03 21:34:57.509 D/OPENHU  ( 3108): [75] Companion.decrypt | RECV: VIDEO Media Data type: 0 flags: 9 size: 16120 dataOffset: 2
09-03 21:34:57.510 V/OPENHU  ( 3108): [75] AapTransport.send | VIDEO Codec/Media Data Ack type: 32772 flags: 11 size: 10 dataOffset: 6
09-03 21:34:57.512 D/OPENHU  ( 3108): [75] AapSslContext.decrypt | SSL Decrypt Status: OK, Produced: 8162, Consumed: 8191
09-03 21:34:57.513 D/OPENHU  ( 3108): [75] Companion.decrypt | RECV: VIDEO Unknown (22630) type: 22630 flags: 10 size: 8162 dataOffset: 2
09-03 21:34:57.513 V/OPENHU  ( 3108): [74] AapTransport.sendEncryptedMessage | Sent size: 39
09-03 21:34:57.515 D/OPENHU  ( 3108): [75] AapSslContext.decrypt | SSL Decrypt Status: OK, Produced: 21, Consumed: 50
09-03 21:34:57.516 D/OPENHU  ( 3108): [75] Companion.decrypt | RECV: MUSIC_PLAYBACK Media Playback Status type: 32769 flags: 11 size: 21 dataOffset: 2
09-03 21:34:57.517 D/OPENHU  ( 3108): [75] AapMediaPlayback.processStatusPacket | AapMediaPlayback: status mediaSource='Spotify', playbackSeconds(u32)=0, state=STOPPED
09-03 21:34:57.518 D/OPENHU  ( 3108): [75] AapSslContext.decrypt | SSL Decrypt Status: OK, Produced: 16120, Consumed: 16149
09-03 21:34:57.519 D/OPENHU  ( 3108): [75] Companion.decrypt | RECV: VIDEO Media Data type: 0 flags: 9 size: 16120 dataOffset: 2
09-03 21:34:57.520 V/OPENHU  ( 3108): [75] AapTransport.send | VIDEO Codec/Media Data Ack type: 32772 flags: 11 size: 10 dataOffset: 6
09-03 21:34:57.522 D/OPENHU  ( 3108): [75] AapSslContext.decrypt | SSL Decrypt Status: OK, Produced: 7114, Consumed: 7143
09-03 21:34:57.523 D/OPENHU  ( 3108): [75] Companion.decrypt | RECV: VIDEO Unknown (7184) type: 7184 flags: 10 size: 7114 dataOffset: 2
09-03 21:34:57.523 V/OPENHU  ( 3108): [74] AapTransport.sendEncryptedMessage | Sent size: 39
09-03 21:34:57.524 D/OPENHU  ( 3108): [75] AapSslContext.decrypt | SSL Decrypt Status: OK, Produced: 21, Consumed: 50
09-03 21:34:57.525 D/OPENHU  ( 3108): [75] Companion.decrypt | RECV: MUSIC_PLAYBACK Media Playback Status type: 32769 flags: 11 size: 21 dataOffset: 2
09-03 21:34:57.526 D/OPENHU  ( 3108): [75] AapMediaPlayback.processStatusPacket | AapMediaPlayback: status mediaSource='Spotify', playbackSeconds(u32)=0, state=STOPPED
09-03 21:34:57.528 D/OPENHU  ( 3108): [75] AapSslContext.decrypt | SSL Decrypt Status: OK, Produced: 16120, Consumed: 16149
09-03 21:34:57.529 D/OPENHU  ( 3108): [75] Companion.decrypt | RECV: VIDEO Media Data type: 0 flags: 9 size: 16120 dataOffset: 2
09-03 21:34:57.529 V/OPENHU  ( 3108): [75] AapTransport.send | VIDEO Codec/Media Data Ack type: 32772 flags: 11 size: 10 dataOffset: 6
09-03 21:34:57.532 D/OPENHU  ( 3108): [75] AapSslContext.decrypt | SSL Decrypt Status: OK, Produced: 7635, Consumed: 7664
09-03 21:34:57.533 D/OPENHU  ( 3108): [75] Companion.decrypt | RECV: VIDEO Unknown (1774) type: 1774 flags: 10 size: 7635 dataOffset: 2
09-03 21:34:57.533 V/OPENHU  ( 3108): [74] AapTransport.sendEncryptedMessage | Sent size: 39
09-03 21:34:57.534 D/OPENHU  ( 3108): [75] AapSslContext.decrypt | SSL Decrypt Status: OK, Produced: 16120, Consumed: 16149
09-03 21:34:57.535 D/OPENHU  ( 3108): [75] Companion.decrypt | RECV: VIDEO Media Data type: 0 flags: 9 size: 16120 dataOffset: 2
09-03 21:34:57.536 V/OPENHU  ( 3108): [75] AapTransport.send | VIDEO Codec/Media Data Ack type: 32772 flags: 11 size: 10 dataOffset: 6
09-03 21:34:57.539 D/OPENHU  ( 3108): [75] AapSslContext.decrypt | SSL Decrypt Status: OK, Produced: 7283, Consumed: 7312
09-03 21:34:57.540 D/OPENHU  ( 3108): [75] Companion.decrypt | RECV: VIDEO Unknown (8423) type: 8423 flags: 10 size: 7283 dataOffset: 2
09-03 21:34:57.540 V/OPENHU  ( 3108): [74] AapTransport.sendEncryptedMessage | Sent size: 39
09-03 21:34:57.542 D/OPENHU  ( 3108): [75] AapSslContext.decrypt | SSL Decrypt Status: OK, Produced: 16120, Consumed: 16149
09-03 21:34:57.543 D/OPENHU  ( 3108): [75] Companion.decrypt | RECV: VIDEO Media Data type: 0 flags: 9 size: 16120 dataOffset: 2
09-03 21:34:57.544 V/OPENHU  ( 3108): [75] AapTransport.send | VIDEO Codec/Media Data Ack type: 32772 flags: 11 size: 10 dataOffset: 6
09-03 21:34:57.546 D/OPENHU  ( 3108): [75] AapSslContext.decrypt | SSL Decrypt Status: OK, Produced: 7294, Consumed: 7323
09-03 21:34:57.547 V/OPENHU  ( 3108): [74] AapTransport.sendEncryptedMessage | Sent size: 39
09-03 21:34:57.547 D/OPENHU  ( 3108): [75] Companion.decrypt | RECV: VIDEO Unknown (53925) type: 53925 flags: 10 size: 7294 dataOffset: 2
09-03 21:34:57.550 D/OPENHU  ( 3108): [75] AapSslContext.decrypt | SSL Decrypt Status: OK, Produced: 16120, Consumed: 16149
09-03 21:34:57.551 D/OPENHU  ( 3108): [75] Companion.decrypt | RECV: VIDEO Media Data type: 0 flags: 9 size: 16120 dataOffset: 2
09-03 21:34:57.552 V/OPENHU  ( 3108): [75] AapTransport.send | VIDEO Codec/Media Data Ack type: 32772 flags: 11 size: 10 dataOffset: 6
09-03 21:34:57.554 D/OPENHU  ( 3108): [75] AapSslContext.decrypt | SSL Decrypt Status: OK, Produced: 7297, Consumed: 7326
09-03 21:34:57.555 D/OPENHU  ( 3108): [75] Companion.decrypt | RECV: VIDEO Unknown (46683) type: 46683 flags: 10 size: 7297 dataOffset: 2
09-03 21:34:57.555 V/OPENHU  ( 3108): [74] AapTransport.sendEncryptedMessage | Sent size: 39
09-03 21:34:57.562 D/OPENHU  ( 3108): [75] AapSslContext.decrypt | SSL Decrypt Status: OK, Produced: 16120, Consumed: 16149
09-03 21:34:57.564 D/OPENHU  ( 3108): [75] Companion.decrypt | RECV: VIDEO Media Data type: 0 flags: 9 size: 16120 dataOffset: 2
09-03 21:34:57.565 V/OPENHU  ( 3108): [75] AapTransport.send | VIDEO Codec/Media Data Ack type: 32772 flags: 11 size: 10 dataOffset: 6
09-03 21:34:57.567 V/OPENHU  ( 3108): [74] AapTransport.sendEncryptedMessage | Sent size: 39
09-03 21:34:57.567 D/OPENHU  ( 3108): [75] AapSslContext.decrypt | SSL Decrypt Status: OK, Produced: 7149, Consumed: 7178
09-03 21:34:57.568 D/OPENHU  ( 3108): [75] Companion.decrypt | RECV: VIDEO Unknown (40952) type: 40952 flags: 10 size: 7149 dataOffset: 2
09-03 21:34:57.600 D/OPENHU  ( 3108): [75] AapSslContext.decrypt | SSL Decrypt Status: OK, Produced: 16120, Consumed: 16149
09-03 21:34:57.600 D/OPENHU  ( 3108): [75] Companion.decrypt | RECV: VIDEO Media Data type: 0 flags: 9 size: 16120 dataOffset: 2
09-03 21:34:57.601 V/OPENHU  ( 3108): [75] AapTransport.send | VIDEO Codec/Media Data Ack type: 32772 flags: 11 size: 10 dataOffset: 6
09-03 21:34:57.603 D/OPENHU  ( 3108): [75] AapSslContext.decrypt | SSL Decrypt Status: OK, Produced: 7464, Consumed: 7493
09-03 21:34:57.604 V/OPENHU  ( 3108): [74] AapTransport.sendEncryptedMessage | Sent size: 39
09-03 21:34:57.604 D/OPENHU  ( 3108): [75] Companion.decrypt | RECV: VIDEO Unknown (29850) type: 29850 flags: 10 size: 7464 dataOffset: 2
09-03 21:34:57.606 D/OPENHU  ( 3108): [75] AapSslContext.decrypt | SSL Decrypt Status: OK, Produced: 16120, Consumed: 16149
09-03 21:34:57.606 D/OPENHU  ( 3108): [75] Companion.decrypt | RECV: VIDEO Media Data type: 0 flags: 9 size: 16120 dataOffset: 2
09-03 21:34:57.607 V/OPENHU  ( 3108): [75] AapTransport.send | VIDEO Codec/Media Data Ack type: 32772 flags: 11 size: 10 dataOffset: 6
09-03 21:34:57.609 D/OPENHU  ( 3108): [75] AapSslContext.decrypt | SSL Decrypt Status: OK, Produced: 6206, Consumed: 6235
09-03 21:34:57.610 D/OPENHU  ( 3108): [75] Companion.decrypt | RECV: VIDEO Unknown (35531) type: 35531 flags: 10 size: 6206 dataOffset: 2
09-03 21:34:57.610 V/OPENHU  ( 3108): [74] AapTransport.sendEncryptedMessage | Sent size: 39
09-03 21:34:57.612 D/OPENHU  ( 3108): [75] AapSslContext.decrypt | SSL Decrypt Status: OK, Produced: 16120, Consumed: 16149
09-03 21:34:57.613 D/OPENHU  ( 3108): [75] Companion.decrypt | RECV: VIDEO Media Data type: 0 flags: 9 size: 16120 dataOffset: 2
09-03 21:34:57.614 V/OPENHU  ( 3108): [75] AapTransport.send | VIDEO Codec/Media Data Ack type: 32772 flags: 11 size: 10 dataOffset: 6
09-03 21:34:57.616 D/OPENHU  ( 3108): [75] AapSslContext.decrypt | SSL Decrypt Status: OK, Produced: 6718, Consumed: 6747
09-03 21:34:57.617 D/OPENHU  ( 3108): [75] Companion.decrypt | RECV: VIDEO Unknown (43743) type: 43743 flags: 10 size: 6718 dataOffset: 2
09-03 21:34:57.618 V/OPENHU  ( 3108): [74] AapTransport.sendEncryptedMessage | Sent size: 39
09-03 21:34:57.630 D/OPENHU  ( 3108): [75] AapSslContext.decrypt | SSL Decrypt Status: OK, Produced: 16120, Consumed: 16149
09-03 21:34:57.631 D/OPENHU  ( 3108): [75] Companion.decrypt | RECV: VIDEO Media Data type: 0 flags: 9 size: 16120 dataOffset: 2
09-03 21:34:57.631 V/OPENHU  ( 3108): [75] AapTransport.send | VIDEO Codec/Media Data Ack type: 32772 flags: 11 size: 10 dataOffset: 6
09-03 21:34:57.634 D/OPENHU  ( 3108): [75] AapSslContext.decrypt | SSL Decrypt Status: OK, Produced: 6947, Consumed: 6976
09-03 21:34:57.635 D/OPENHU  ( 3108): [75] Companion.decrypt | RECV: VIDEO Unknown (2126) type: 2126 flags: 10 size: 6947 dataOffset: 2
09-03 21:34:57.635 V/OPENHU  ( 3108): [74] AapTransport.sendEncryptedMessage | Sent size: 39
09-03 21:34:57.645 D/OPENHU  ( 3108): [75] AapSslContext.decrypt | SSL Decrypt Status: OK, Produced: 16120, Consumed: 16149
09-03 21:34:57.645 D/OPENHU  ( 3108): [75] Companion.decrypt | RECV: VIDEO Media Data type: 0 flags: 9 size: 16120 dataOffset: 2
09-03 21:34:57.646 V/OPENHU  ( 3108): [75] AapTransport.send | VIDEO Codec/Media Data Ack type: 32772 flags: 11 size: 10 dataOffset: 6
09-03 21:34:57.649 D/OPENHU  ( 3108): [75] AapSslContext.decrypt | SSL Decrypt Status: OK, Produced: 7142, Consumed: 7171
09-03 21:34:57.649 D/OPENHU  ( 3108): [75] Companion.decrypt | RECV: VIDEO Unknown (35345) type: 35345 flags: 10 size: 7142 dataOffset: 2
09-03 21:34:57.650 V/OPENHU  ( 3108): [74] AapTransport.sendEncryptedMessage | Sent size: 39
09-03 21:34:57.662 D/OPENHU  ( 3108): [75] AapSslContext.decrypt | SSL Decrypt Status: OK, Produced: 16120, Consumed: 16149
09-03 21:34:57.663 D/OPENHU  ( 3108): [75] Companion.decrypt | RECV: VIDEO Media Data type: 0 flags: 9 size: 16120 dataOffset: 2
09-03 21:34:57.664 V/OPENHU  ( 3108): [75] AapTransport.send | VIDEO Codec/Media Data Ack type: 32772 flags: 11 size: 10 dataOffset: 6
09-03 21:34:57.666 D/OPENHU  ( 3108): [75] AapSslContext.decrypt | SSL Decrypt Status: OK, Produced: 5710, Consumed: 5739
09-03 21:34:57.667 V/OPENHU  ( 3108): [74] AapTransport.sendEncryptedMessage | Sent size: 39
09-03 21:34:57.667 D/OPENHU  ( 3108): [75] Companion.decrypt | RECV: VIDEO Unknown (6376) type: 6376 flags: 10 size: 5710 dataOffset: 2
09-03 21:34:57.712 D/OPENHU  ( 3108): [75] AapSslContext.decrypt | SSL Decrypt Status: OK, Produced: 16120, Consumed: 16149
09-03 21:34:57.713 D/OPENHU  ( 3108): [75] Companion.decrypt | RECV: VIDEO Media Data type: 0 flags: 9 size: 16120 dataOffset: 2
09-03 21:34:57.714 V/OPENHU  ( 3108): [75] AapTransport.send | VIDEO Codec/Media Data Ack type: 32772 flags: 11 size: 10 dataOffset: 6
09-03 21:34:57.716 D/OPENHU  ( 3108): [75] AapSslContext.decrypt | SSL Decrypt Status: OK, Produced: 6401, Consumed: 6430
09-03 21:34:57.717 D/OPENHU  ( 3108): [75] Companion.decrypt | RECV: VIDEO Unknown (53729) type: 53729 flags: 10 size: 6401 dataOffset: 2
09-03 21:34:57.718 D/OPENHU  ( 3108): [75] AapSslContext.decrypt | SSL Decrypt Status: OK, Produced: 16120, Consumed: 16149
09-03 21:34:57.719 V/OPENHU  ( 3108): [74] AapTransport.sendEncryptedMessage | Sent size: 39
09-03 21:34:57.719 D/OPENHU  ( 3108): [75] Companion.decrypt | RECV: VIDEO Media Data type: 0 flags: 9 size: 16120 dataOffset: 2
09-03 21:34:57.720 V/OPENHU  ( 3108): [75] AapTransport.send | VIDEO Codec/Media Data Ack type: 32772 flags: 11 size: 10 dataOffset: 6
09-03 21:34:57.722 D/OPENHU  ( 3108): [75] AapSslContext.decrypt | SSL Decrypt Status: OK, Produced: 6723, Consumed: 6752
09-03 21:34:57.723 V/OPENHU  ( 3108): [74] AapTransport.sendEncryptedMessage | Sent size: 39
09-03 21:34:57.723 D/OPENHU  ( 3108): [75] Companion.decrypt | RECV: VIDEO Unknown (50961) type: 50961 flags: 10 size: 6723 dataOffset: 2
09-03 21:34:57.725 D/OPENHU  ( 3108): [75] AapSslContext.decrypt | SSL Decrypt Status: OK, Produced: 16120, Consumed: 16149
09-03 21:34:57.726 D/OPENHU  ( 3108): [75] Companion.decrypt | RECV: VIDEO Media Data type: 0 flags: 9 size: 16120 dataOffset: 2
09-03 21:34:57.726 V/OPENHU  ( 3108): [75] AapTransport.send | VIDEO Codec/Media Data Ack type: 32772 flags: 11 size: 10 dataOffset: 6
09-03 21:34:57.729 D/OPENHU  ( 3108): [75] AapSslContext.decrypt | SSL Decrypt Status: OK, Produced: 6916, Consumed: 6945
09-03 21:34:57.729 V/OPENHU  ( 3108): [74] AapTransport.sendEncryptedMessage | Sent size: 39
09-03 21:34:57.729 D/OPENHU  ( 3108): [75] Companion.decrypt | RECV: VIDEO Unknown (49187) type: 49187 flags: 10 size: 6916 dataOffset: 2
09-03 21:34:57.731 D/OPENHU  ( 3108): [75] AapSslContext.decrypt | SSL Decrypt Status: OK, Produced: 16120, Consumed: 16149
09-03 21:34:57.732 D/OPENHU  ( 3108): [75] Companion.decrypt | RECV: VIDEO Media Data type: 0 flags: 9 size: 16120 dataOffset: 2
09-03 21:34:57.733 V/OPENHU  ( 3108): [75] AapTransport.send | VIDEO Codec/Media Data Ack type: 32772 flags: 11 size: 10 dataOffset: 6
09-03 21:34:57.735 D/OPENHU  ( 3108): [75] AapSslContext.decrypt | SSL Decrypt Status: OK, Produced: 5669, Consumed: 5698
09-03 21:34:57.736 D/OPENHU  ( 3108): [75] Companion.decrypt | RECV: VIDEO Unknown (37740) type: 37740 flags: 10 size: 5669 dataOffset: 2
09-03 21:34:57.736 V/OPENHU  ( 3108): [74] AapTransport.sendEncryptedMessage | Sent size: 39
09-03 21:34:57.745 D/OPENHU  ( 3108): [75] AapSslContext.decrypt | SSL Decrypt Status: OK, Produced: 16120, Consumed: 16149
09-03 21:34:57.747 D/OPENHU  ( 3108): [75] Companion.decrypt | RECV: VIDEO Media Data type: 0 flags: 9 size: 16120 dataOffset: 2
09-03 21:34:57.748 V/OPENHU  ( 3108): [75] AapTransport.send | VIDEO Codec/Media Data Ack type: 32772 flags: 11 size: 10 dataOffset: 6
09-03 21:34:57.749 D/OPENHU  ( 3108): [75] AapSslContext.decrypt | SSL Decrypt Status: OK, Produced: 6253, Consumed: 6282
09-03 21:34:57.749 V/OPENHU  ( 3108): [74] AapTransport.sendEncryptedMessage | Sent size: 39
09-03 21:34:57.750 D/OPENHU  ( 3108): [75] Companion.decrypt | RECV: VIDEO Unknown (11560) type: 11560 flags: 10 size: 6253 dataOffset: 2
09-03 21:34:57.763 D/OPENHU  ( 3108): [75] AapSslContext.decrypt | SSL Decrypt Status: OK, Produced: 16120, Consumed: 16149
09-03 21:34:57.764 D/OPENHU  ( 3108): [75] Companion.decrypt | RECV: VIDEO Media Data type: 0 flags: 9 size: 16120 dataOffset: 2
09-03 21:34:57.765 V/OPENHU  ( 3108): [75] AapTransport.send | VIDEO Codec/Media Data Ack type: 32772 flags: 11 size: 10 dataOffset: 6
09-03 21:34:57.766 D/OPENHU  ( 3108): [75] AapSslContext.decrypt | SSL Decrypt Status: OK, Produced: 5765, Consumed: 5794
09-03 21:34:57.767 V/OPENHU  ( 3108): [74] AapTransport.sendEncryptedMessage | Sent size: 39
09-03 21:34:57.767 D/OPENHU  ( 3108): [75] Companion.decrypt | RECV: VIDEO Unknown (53058) type: 53058 flags: 10 size: 5765 dataOffset: 2
09-03 21:34:57.800 D/OPENHU  ( 3108): [75] AapSslContext.decrypt | SSL Decrypt Status: OK, Produced: 16120, Consumed: 16149
09-03 21:34:57.801 D/OPENHU  ( 3108): [75] Companion.decrypt | RECV: VIDEO Media Data type: 0 flags: 9 size: 16120 dataOffset: 2
09-03 21:34:57.802 V/OPENHU  ( 3108): [75] AapTransport.send | VIDEO Codec/Media Data Ack type: 32772 flags: 11 size: 10 dataOffset: 6
09-03 21:34:57.804 D/OPENHU  ( 3108): [75] AapSslContext.decrypt | SSL Decrypt Status: OK, Produced: 8039, Consumed: 8068
09-03 21:34:57.805 V/OPENHU  ( 3108): [74] AapTransport.sendEncryptedMessage | Sent size: 39
09-03 21:34:57.805 D/OPENHU  ( 3108): [75] Companion.decrypt | RECV: VIDEO Unknown (55853) type: 55853 flags: 10 size: 8039 dataOffset: 2
09-03 21:34:57.806 D/OPENHU  ( 3108): [75] AapSslContext.decrypt | SSL Decrypt Status: OK, Produced: 16120, Consumed: 16149
09-03 21:34:57.807 D/OPENHU  ( 3108): [75] Companion.decrypt | RECV: VIDEO Media Data type: 0 flags: 9 size: 16120 dataOffset: 2
09-03 21:34:57.808 V/OPENHU  ( 3108): [75] AapTransport.send | VIDEO Codec/Media Data Ack type: 32772 flags: 11 size: 10 dataOffset: 6
09-03 21:34:57.810 D/OPENHU  ( 3108): [75] AapSslContext.decrypt | SSL Decrypt Status: OK, Produced: 6641, Consumed: 6670
09-03 21:34:57.811 D/OPENHU  ( 3108): [75] Companion.decrypt | RECV: VIDEO Unknown (39317) type: 39317 flags: 10 size: 6641 dataOffset: 2
09-03 21:34:57.811 V/OPENHU  ( 3108): [74] AapTransport.sendEncryptedMessage | Sent size: 39
09-03 21:34:57.813 D/OPENHU  ( 3108): [75] AapSslContext.decrypt | SSL Decrypt Status: OK, Produced: 16120, Consumed: 16149
09-03 21:34:57.813 D/OPENHU  ( 3108): [75] Companion.decrypt | RECV: VIDEO Media Data type: 0 flags: 9 size: 16120 dataOffset: 2
09-03 21:34:57.814 V/OPENHU  ( 3108): [75] AapTransport.send | VIDEO Codec/Media Data Ack type: 32772 flags: 11 size: 10 dataOffset: 6
09-03 21:34:57.816 D/OPENHU  ( 3108): [75] AapSslContext.decrypt | SSL Decrypt Status: OK, Produced: 1220, Consumed: 1249
09-03 21:34:57.816 V/OPENHU  ( 3108): [74] AapTransport.sendEncryptedMessage | Sent size: 39
09-03 21:34:57.817 D/OPENHU  ( 3108): [75] Companion.decrypt | RECV: VIDEO Unknown (45497) type: 45497 flags: 10 size: 1220 dataOffset: 2
09-03 21:34:57.830 D/OPENHU  ( 3108): [75] AapSslContext.decrypt | SSL Decrypt Status: OK, Produced: 16120, Consumed: 16149
09-03 21:34:57.831 D/OPENHU  ( 3108): [75] Companion.decrypt | RECV: VIDEO Media Data type: 0 flags: 9 size: 16120 dataOffset: 2
09-03 21:34:57.831 V/OPENHU  ( 3108): [75] AapTransport.send | VIDEO Codec/Media Data Ack type: 32772 flags: 11 size: 10 dataOffset: 6
09-03 21:34:57.833 D/OPENHU  ( 3108): [75] AapSslContext.decrypt | SSL Decrypt Status: OK, Produced: 6898, Consumed: 6927
09-03 21:34:57.833 V/OPENHU  ( 3108): [74] AapTransport.sendEncryptedMessage | Sent size: 39
09-03 21:34:57.834 D/OPENHU  ( 3108): [75] Companion.decrypt | RECV: VIDEO Unknown (10360) type: 10360 flags: 10 size: 6898 dataOffset: 2
09-03 21:34:57.846 D/OPENHU  ( 3108): [75] AapSslContext.decrypt | SSL Decrypt Status: OK, Produced: 16120, Consumed: 16149
09-03 21:34:57.847 D/OPENHU  ( 3108): [75] Companion.decrypt | RECV: VIDEO Media Data type: 0 flags: 9 size: 16120 dataOffset: 2
09-03 21:34:57.848 V/OPENHU  ( 3108): [75] AapTransport.send | VIDEO Codec/Media Data Ack type: 32772 flags: 11 size: 10 dataOffset: 6
09-03 21:34:57.850 D/OPENHU  ( 3108): [75] AapSslContext.decrypt | SSL Decrypt Status: OK, Produced: 5670, Consumed: 5699
09-03 21:34:57.850 D/OPENHU  ( 3108): [75] Companion.decrypt | RECV: VIDEO Unknown (49408) type: 49408 flags: 10 size: 5670 dataOffset: 2
09-03 21:34:57.851 V/OPENHU  ( 3108): [74] AapTransport.sendEncryptedMessage | Sent size: 39
09-03 21:34:57.862 D/OPENHU  ( 3108): [75] AapSslContext.decrypt | SSL Decrypt Status: OK, Produced: 16120, Consumed: 16149
09-03 21:34:57.863 D/OPENHU  ( 3108): [75] Companion.decrypt | RECV: VIDEO Media Data type: 0 flags: 9 size: 16120 dataOffset: 2
09-03 21:34:57.864 V/OPENHU  ( 3108): [75] AapTransport.send | VIDEO Codec/Media Data Ack type: 32772 flags: 11 size: 10 dataOffset: 6
09-03 21:34:57.866 D/OPENHU  ( 3108): [75] AapSslContext.decrypt | SSL Decrypt Status: OK, Produced: 5728, Consumed: 5757
09-03 21:34:57.866 V/OPENHU  ( 3108): [74] AapTransport.sendEncryptedMessage | Sent size: 39
09-03 21:34:57.867 D/OPENHU  ( 3108): [75] Companion.decrypt | RECV: VIDEO Unknown (10860) type: 10860 flags: 10 size: 5728 dataOffset: 2
09-03 21:34:57.915 D/OPENHU  ( 3108): [75] AapSslContext.decrypt | SSL Decrypt Status: OK, Produced: 16120, Consumed: 16149
09-03 21:34:57.916 D/OPENHU  ( 3108): [75] Companion.decrypt | RECV: VIDEO Media Data type: 0 flags: 9 size: 16120 dataOffset: 2
09-03 21:34:57.917 V/OPENHU  ( 3108): [75] AapTransport.send | VIDEO Codec/Media Data Ack type: 32772 flags: 11 size: 10 dataOffset: 6
09-03 21:34:57.919 D/OPENHU  ( 3108): [75] AapSslContext.decrypt | SSL Decrypt Status: OK, Produced: 5912, Consumed: 5941
09-03 21:34:57.920 D/OPENHU  ( 3108): [75] Companion.decrypt | RECV: VIDEO Unknown (11294) type: 11294 flags: 10 size: 5912 dataOffset: 2
09-03 21:34:57.920 V/OPENHU  ( 3108): [74] AapTransport.sendEncryptedMessage | Sent size: 39
09-03 21:34:57.921 D/OPENHU  ( 3108): [75] AapSslContext.decrypt | SSL Decrypt Status: OK, Produced: 21, Consumed: 50
09-03 21:34:57.922 D/OPENHU  ( 3108): [75] Companion.decrypt | RECV: MUSIC_PLAYBACK Media Playback Status type: 32769 flags: 11 size: 21 dataOffset: 2
09-03 21:34:57.923 D/OPENHU  ( 3108): [75] AapMediaPlayback.processStatusPacket | AapMediaPlayback: status mediaSource='Spotify', playbackSeconds(u32)=0, state=STOPPED
09-03 21:34:57.924 D/OPENHU  ( 3108): [75] AapSslContext.decrypt | SSL Decrypt Status: OK, Produced: 16120, Consumed: 16149
09-03 21:34:57.925 D/OPENHU  ( 3108): [75] Companion.decrypt | RECV: VIDEO Media Data type: 0 flags: 9 size: 16120 dataOffset: 2
09-03 21:34:57.926 V/OPENHU  ( 3108): [75] AapTransport.send | VIDEO Codec/Media Data Ack type: 32772 flags: 11 size: 10 dataOffset: 6
09-03 21:34:57.928 D/OPENHU  ( 3108): [75] AapSslContext.decrypt | SSL Decrypt Status: OK, Produced: 6047, Consumed: 6076
09-03 21:34:57.929 V/OPENHU  ( 3108): [74] AapTransport.sendEncryptedMessage | Sent size: 39
09-03 21:34:57.929 D/OPENHU  ( 3108): [75] Companion.decrypt | RECV: VIDEO Unknown (51147) type: 51147 flags: 10 size: 6047 dataOffset: 2
09-03 21:34:57.931 D/OPENHU  ( 3108): [75] AapSslContext.decrypt | SSL Decrypt Status: OK, Produced: 21, Consumed: 50
09-03 21:34:57.932 D/OPENHU  ( 3108): [75] Companion.decrypt | RECV: MUSIC_PLAYBACK Media Playback Status type: 32769 flags: 11 size: 21 dataOffset: 2
09-03 21:34:57.933 D/OPENHU  ( 3108): [75] AapMediaPlayback.processStatusPacket | AapMediaPlayback: status mediaSource='Spotify', playbackSeconds(u32)=0, state=STOPPED
09-03 21:34:57.934 D/OPENHU  ( 3108): [75] AapSslContext.decrypt | SSL Decrypt Status: OK, Produced: 16120, Consumed: 16149
09-03 21:34:57.935 D/OPENHU  ( 3108): [75] Companion.decrypt | RECV: VIDEO Media Data type: 0 flags: 9 size: 16120 dataOffset: 2
09-03 21:34:57.936 V/OPENHU  ( 3108): [75] AapTransport.send | VIDEO Codec/Media Data Ack type: 32772 flags: 11 size: 10 dataOffset: 6
09-03 21:34:57.938 D/OPENHU  ( 3108): [75] AapSslContext.decrypt | SSL Decrypt Status: OK, Produced: 5646, Consumed: 5675
09-03 21:34:57.939 D/OPENHU  ( 3108): [75] Companion.decrypt | RECV: VIDEO Unknown (22902) type: 22902 flags: 10 size: 5646 dataOffset: 2
09-03 21:34:57.939 V/OPENHU  ( 3108): [74] AapTransport.sendEncryptedMessage | Sent size: 39
09-03 21:34:57.940 D/OPENHU  ( 3108): [75] AapSslContext.decrypt | SSL Decrypt Status: OK, Produced: 16120, Consumed: 16149
09-03 21:34:57.941 D/OPENHU  ( 3108): [75] Companion.decrypt | RECV: VIDEO Media Data type: 0 flags: 9 size: 16120 dataOffset: 2
09-03 21:34:57.942 V/OPENHU  ( 3108): [75] AapTransport.send | VIDEO Codec/Media Data Ack type: 32772 flags: 11 size: 10 dataOffset: 6
09-03 21:34:57.944 D/OPENHU  ( 3108): [75] AapSslContext.decrypt | SSL Decrypt Status: OK, Produced: 5148, Consumed: 5177
09-03 21:34:57.945 D/OPENHU  ( 3108): [75] Companion.decrypt | RECV: VIDEO Unknown (22282) type: 22282 flags: 10 size: 5148 dataOffset: 2
09-03 21:34:57.947 V/OPENHU  ( 3108): [74] AapTransport.sendEncryptedMessage | Sent size: 39
09-03 21:34:57.947 D/OPENHU  ( 3108): [75] AapSslContext.decrypt | SSL Decrypt Status: OK, Produced: 16120, Consumed: 16149
09-03 21:34:57.948 D/OPENHU  ( 3108): [75] Companion.decrypt | RECV: VIDEO Media Data type: 0 flags: 9 size: 16120 dataOffset: 2
09-03 21:34:57.949 V/OPENHU  ( 3108): [75] AapTransport.send | VIDEO Codec/Media Data Ack type: 32772 flags: 11 size: 10 dataOffset: 6
09-03 21:34:57.952 D/OPENHU  ( 3108): [75] AapSslContext.decrypt | SSL Decrypt Status: OK, Produced: 5307, Consumed: 5336
09-03 21:34:57.952 V/OPENHU  ( 3108): [74] AapTransport.sendEncryptedMessage | Sent size: 39
09-03 21:34:57.953 D/OPENHU  ( 3108): [75] Companion.decrypt | RECV: VIDEO Unknown (16607) type: 16607 flags: 10 size: 5307 dataOffset: 2
09-03 21:34:57.961 D/OPENHU  ( 3108): [75] AapSslContext.decrypt | SSL Decrypt Status: OK, Produced: 16120, Consumed: 16149
09-03 21:34:57.962 D/OPENHU  ( 3108): [75] Companion.decrypt | RECV: VIDEO Media Data type: 0 flags: 9 size: 16120 dataOffset: 2
09-03 21:34:57.963 V/OPENHU  ( 3108): [75] AapTransport.send | VIDEO Codec/Media Data Ack type: 32772 flags: 11 size: 10 dataOffset: 6
09-03 21:34:57.965 D/OPENHU  ( 3108): [75] AapSslContext.decrypt | SSL Decrypt Status: OK, Produced: 5232, Consumed: 5261
09-03 21:34:57.965 V/OPENHU  ( 3108): [74] AapTransport.sendEncryptedMessage | Sent size: 39
09-03 21:34:57.965 D/OPENHU  ( 3108): [75] Companion.decrypt | RECV: VIDEO Unknown (52908) type: 52908 flags: 10 size: 5232 dataOffset: 2
09-03 21:34:57.972 D/OPENHU  ( 3108): [75] AapSslContext.decrypt | SSL Decrypt Status: OK, Produced: 12, Consumed: 41
09-03 21:34:57.972 D/OPENHU  ( 3108): [75] Companion.decrypt | RECV: CONTROL Ping Request type: 11 flags: 11 size: 12 dataOffset: 2
09-03 21:34:57.973 V/OPENHU  ( 3108): [75] AapTransport.send | CONTROL Ping Response type: 12 flags: 11 size: 14 dataOffset: 6
09-03 21:34:57.976 V/OPENHU  ( 3108): [74] AapTransport.sendEncryptedMessage | Sent size: 43
09-03 21:34:57.994 V/OPENHU  ( 3108): [2] GpsLocation.onLocationChanged | GpsLocation: fix received
09-03 21:34:58.006 V/OPENHU  ( 3108): [2] AapTransport.send | SENSOR Sensor Event type: 32771 flags: 11 size: 45 dataOffset: 6
09-03 21:34:58.008 V/OPENHU  ( 3108): [74] AapTransport.sendEncryptedMessage | Sent size: 74
09-03 21:34:58.008 D/OPENHU  ( 3108): [75] AapSslContext.decrypt | SSL Decrypt Status: OK, Produced: 16120, Consumed: 16149
09-03 21:34:58.009 D/OPENHU  ( 3108): [75] Companion.decrypt | RECV: VIDEO Media Data type: 0 flags: 9 size: 16120 dataOffset: 2
09-03 21:34:58.010 V/OPENHU  ( 3108): [75] AapTransport.send | VIDEO Codec/Media Data Ack type: 32772 flags: 11 size: 10 dataOffset: 6
09-03 21:34:58.011 D/OPENHU  ( 3108): [75] AapSslContext.decrypt | SSL Decrypt Status: OK, Produced: 5422, Consumed: 5451
09-03 21:34:58.012 V/OPENHU  ( 3108): [74] AapTransport.sendEncryptedMessage | Sent size: 39
09-03 21:34:58.012 D/OPENHU  ( 3108): [75] Companion.decrypt | RECV: VIDEO Unknown (64602) type: 64602 flags: 10 size: 5422 dataOffset: 2
09-03 21:34:58.014 D/OPENHU  ( 3108): [75] AapSslContext.decrypt | SSL Decrypt Status: OK, Produced: 16120, Consumed: 16149
09-03 21:34:58.015 D/OPENHU  ( 3108): [75] Companion.decrypt | RECV: VIDEO Media Data type: 0 flags: 9 size: 16120 dataOffset: 2
09-03 21:34:58.016 V/OPENHU  ( 3108): [75] AapTransport.send | VIDEO Codec/Media Data Ack type: 32772 flags: 11 size: 10 dataOffset: 6
09-03 21:34:58.018 D/OPENHU  ( 3108): [75] AapSslContext.decrypt | SSL Decrypt Status: OK, Produced: 5231, Consumed: 5260
09-03 21:34:58.019 D/OPENHU  ( 3108): [75] Companion.decrypt | RECV: VIDEO Unknown (15893) type: 15893 flags: 10 size: 5231 dataOffset: 2
09-03 21:34:58.020 V/OPENHU  ( 3108): [74] AapTransport.sendEncryptedMessage | Sent size: 39
09-03 21:34:58.021 D/OPENHU  ( 3108): [75] AapSslContext.decrypt | SSL Decrypt Status: OK, Produced: 16120, Consumed: 16149
09-03 21:34:58.021 D/OPENHU  ( 3108): [75] Companion.decrypt | RECV: VIDEO Media Data type: 0 flags: 9 size: 16120 dataOffset: 2
09-03 21:34:58.022 V/OPENHU  ( 3108): [75] AapTransport.send | VIDEO Codec/Media Data Ack type: 32772 flags: 11 size: 10 dataOffset: 6
09-03 21:34:58.025 D/OPENHU  ( 3108): [75] AapSslContext.decrypt | SSL Decrypt Status: OK, Produced: 4854, Consumed: 4883
09-03 21:34:58.025 V/OPENHU  ( 3108): [74] AapTransport.sendEncryptedMessage | Sent size: 39
09-03 21:34:58.025 D/OPENHU  ( 3108): [75] Companion.decrypt | RECV: VIDEO Unknown (16021) type: 16021 flags: 10 size: 4854 dataOffset: 2
09-03 21:34:58.030 D/OPENHU  ( 3108): [75] AapSslContext.decrypt | SSL Decrypt Status: OK, Produced: 16120, Consumed: 16149
09-03 21:34:58.031 D/OPENHU  ( 3108): [75] Companion.decrypt | RECV: VIDEO Media Data type: 0 flags: 9 size: 16120 dataOffset: 2
09-03 21:34:58.032 V/OPENHU  ( 3108): [75] AapTransport.send | VIDEO Codec/Media Data Ack type: 32772 flags: 11 size: 10 dataOffset: 6
09-03 21:34:58.034 D/OPENHU  ( 3108): [75] AapSslContext.decrypt | SSL Decrypt Status: OK, Produced: 4527, Consumed: 4556
09-03 21:34:58.035 D/OPENHU  ( 3108): [75] Companion.decrypt | RECV: VIDEO Unknown (41102) type: 41102 flags: 10 size: 4527 dataOffset: 2
09-03 21:34:58.035 V/OPENHU  ( 3108): [74] AapTransport.sendEncryptedMessage | Sent size: 39
09-03 21:34:58.047 D/OPENHU  ( 3108): [75] AapSslContext.decrypt | SSL Decrypt Status: OK, Produced: 16120, Consumed: 16149
09-03 21:34:58.048 D/OPENHU  ( 3108): [75] Companion.decrypt | RECV: VIDEO Media Data type: 0 flags: 9 size: 16120 dataOffset: 2
09-03 21:34:58.049 V/OPENHU  ( 3108): [75] AapTransport.send | VIDEO Codec/Media Data Ack type: 32772 flags: 11 size: 10 dataOffset: 6
09-03 21:34:58.051 D/OPENHU  ( 3108): [75] AapSslContext.decrypt | SSL Decrypt Status: OK, Produced: 4529, Consumed: 4558
09-03 21:34:58.051 D/OPENHU  ( 3108): [75] Companion.decrypt | RECV: VIDEO Unknown (27521) type: 27521 flags: 10 size: 4529 dataOffset: 2
09-03 21:34:58.051 V/OPENHU  ( 3108): [74] AapTransport.sendEncryptedMessage | Sent size: 39
09-03 21:34:58.063 D/OPENHU  ( 3108): [75] AapSslContext.decrypt | SSL Decrypt Status: OK, Produced: 16120, Consumed: 16149
09-03 21:34:58.064 D/OPENHU  ( 3108): [75] Companion.decrypt | RECV: VIDEO Media Data type: 0 flags: 9 size: 16120 dataOffset: 2
09-03 21:34:58.065 V/OPENHU  ( 3108): [75] AapTransport.send | VIDEO Codec/Media Data Ack type: 32772 flags: 11 size: 10 dataOffset: 6
09-03 21:34:58.069 D/OPENHU  ( 3108): [75] AapSslContext.decrypt | SSL Decrypt Status: OK, Produced: 4502, Consumed: 4531
09-03 21:34:58.069 V/OPENHU  ( 3108): [74] AapTransport.sendEncryptedMessage | Sent size: 39
09-03 21:34:58.070 D/OPENHU  ( 3108): [75] Companion.decrypt | RECV: VIDEO Unknown (47355) type: 47355 flags: 10 size: 4502 dataOffset: 2
09-03 21:34:58.079 D/OPENHU  ( 3108): [75] AapSslContext.decrypt | SSL Decrypt Status: OK, Produced: 16120, Consumed: 16149
09-03 21:34:58.080 D/OPENHU  ( 3108): [75] Companion.decrypt | RECV: VIDEO Media Data type: 0 flags: 9 size: 16120 dataOffset: 2
09-03 21:34:58.081 V/OPENHU  ( 3108): [75] AapTransport.send | VIDEO Codec/Media Data Ack type: 32772 flags: 11 size: 10 dataOffset: 6
09-03 21:34:58.083 D/OPENHU  ( 3108): [75] AapSslContext.decrypt | SSL Decrypt Status: OK, Produced: 4048, Consumed: 4077
09-03 21:34:58.084 D/OPENHU  ( 3108): [75] Companion.decrypt | RECV: VIDEO Unknown (10571) type: 10571 flags: 10 size: 4048 dataOffset: 2
09-03 21:34:58.087 V/OPENHU  ( 3108): [74] AapTransport.sendEncryptedMessage | Sent size: 39
09-03 21:34:58.123 D/OPENHU  ( 3108): [75] AapSslContext.decrypt | SSL Decrypt Status: OK, Produced: 16120, Consumed: 16149
09-03 21:34:58.124 D/OPENHU  ( 3108): [75] Companion.decrypt | RECV: VIDEO Media Data type: 0 flags: 9 size: 16120 dataOffset: 2
09-03 21:34:58.125 V/OPENHU  ( 3108): [75] AapTransport.send | VIDEO Codec/Media Data Ack type: 32772 flags: 11 size: 10 dataOffset: 6
09-03 21:34:58.127 D/OPENHU  ( 3108): [75] AapSslContext.decrypt | SSL Decrypt Status: OK, Produced: 5991, Consumed: 6020
09-03 21:34:58.128 D/OPENHU  ( 3108): [75] Companion.decrypt | RECV: VIDEO Unknown (13214) type: 13214 flags: 10 size: 5991 dataOffset: 2
09-03 21:34:58.128 V/OPENHU  ( 3108): [74] AapTransport.sendEncryptedMessage | Sent size: 39
09-03 21:34:58.130 D/OPENHU  ( 3108): [75] AapSslContext.decrypt | SSL Decrypt Status: OK, Produced: 16120, Consumed: 16149
09-03 21:34:58.130 D/OPENHU  ( 3108): [75] Companion.decrypt | RECV: VIDEO Media Data type: 0 flags: 9 size: 16120 dataOffset: 2
09-03 21:34:58.131 V/OPENHU  ( 3108): [75] AapTransport.send | VIDEO Codec/Media Data Ack type: 32772 flags: 11 size: 10 dataOffset: 6
09-03 21:34:58.133 D/OPENHU  ( 3108): [75] AapSslContext.decrypt | SSL Decrypt Status: OK, Produced: 5359, Consumed: 5388
09-03 21:34:58.134 D/OPENHU  ( 3108): [75] Companion.decrypt | RECV: VIDEO Unknown (37521) type: 37521 flags: 10 size: 5359 dataOffset: 2
09-03 21:34:58.134 V/OPENHU  ( 3108): [74] AapTransport.sendEncryptedMessage | Sent size: 39
09-03 21:34:58.136 D/OPENHU  ( 3108): [75] AapSslContext.decrypt | SSL Decrypt Status: OK, Produced: 16120, Consumed: 16149
09-03 21:34:58.137 D/OPENHU  ( 3108): [75] Companion.decrypt | RECV: VIDEO Media Data type: 0 flags: 9 size: 16120 dataOffset: 2
09-03 21:34:58.138 V/OPENHU  ( 3108): [75] AapTransport.send | VIDEO Codec/Media Data Ack type: 32772 flags: 11 size: 10 dataOffset: 6
09-03 21:34:58.141 D/OPENHU  ( 3108): [75] AapSslContext.decrypt | SSL Decrypt Status: OK, Produced: 5683, Consumed: 5712
09-03 21:34:58.142 D/OPENHU  ( 3108): [75] Companion.decrypt | RECV: VIDEO Unknown (39827) type: 39827 flags: 10 size: 5683 dataOffset: 2
09-03 21:34:58.142 V/OPENHU  ( 3108): [74] AapTransport.sendEncryptedMessage | Sent size: 39
09-03 21:34:58.146 D/OPENHU  ( 3108): [75] AapSslContext.decrypt | SSL Decrypt Status: OK, Produced: 16120, Consumed: 16149
09-03 21:34:58.147 D/OPENHU  ( 3108): [75] Companion.decrypt | RECV: VIDEO Media Data type: 0 flags: 9 size: 16120 dataOffset: 2
09-03 21:34:58.148 V/OPENHU  ( 3108): [75] AapTransport.send | VIDEO Codec/Media Data Ack type: 32772 flags: 11 size: 10 dataOffset: 6
09-03 21:34:58.150 D/OPENHU  ( 3108): [75] AapSslContext.decrypt | SSL Decrypt Status: OK, Produced: 5473, Consumed: 5502
09-03 21:34:58.151 D/OPENHU  ( 3108): [75] Companion.decrypt | RECV: VIDEO Unknown (33561) type: 33561 flags: 10 size: 5473 dataOffset: 2
09-03 21:34:58.152 V/OPENHU  ( 3108): [74] AapTransport.sendEncryptedMessage | Sent size: 39
09-03 21:34:58.163 D/OPENHU  ( 3108): [75] AapSslContext.decrypt | SSL Decrypt Status: OK, Produced: 16120, Consumed: 16149
09-03 21:34:58.164 D/OPENHU  ( 3108): [75] Companion.decrypt | RECV: VIDEO Media Data type: 0 flags: 9 size: 16120 dataOffset: 2
09-03 21:34:58.165 V/OPENHU  ( 3108): [75] AapTransport.send | VIDEO Codec/Media Data Ack type: 32772 flags: 11 size: 10 dataOffset: 6
09-03 21:34:58.166 D/OPENHU  ( 3108): [75] AapSslContext.decrypt | SSL Decrypt Status: OK, Produced: 5576, Consumed: 5605
09-03 21:34:58.167 D/OPENHU  ( 3108): [75] Companion.decrypt | RECV: VIDEO Unknown (64953) type: 64953 flags: 10 size: 5576 dataOffset: 2
09-03 21:34:58.167 V/OPENHU  ( 3108): [74] AapTransport.sendEncryptedMessage | Sent size: 39
09-03 21:34:58.179 D/OPENHU  ( 3108): [75] AapSslContext.decrypt | SSL Decrypt Status: OK, Produced: 16120, Consumed: 16149
09-03 21:34:58.180 D/OPENHU  ( 3108): [75] Companion.decrypt | RECV: VIDEO Media Data type: 0 flags: 9 size: 16120 dataOffset: 2
09-03 21:34:58.181 V/OPENHU  ( 3108): [75] AapTransport.send | VIDEO Codec/Media Data Ack type: 32772 flags: 11 size: 10 dataOffset: 6
09-03 21:34:58.183 D/OPENHU  ( 3108): [75] AapSslContext.decrypt | SSL Decrypt Status: OK, Produced: 4401, Consumed: 4430
09-03 21:34:58.184 D/OPENHU  ( 3108): [75] Companion.decrypt | RECV: VIDEO Unknown (28036) type: 28036 flags: 10 size: 4401 dataOffset: 2
09-03 21:34:58.184 V/OPENHU  ( 3108): [74] AapTransport.sendEncryptedMessage | Sent size: 39
09-03 21:34:58.214 D/OPENHU  ( 3108): [75] AapSslContext.decrypt | SSL Decrypt Status: OK, Produced: 16120, Consumed: 16149
09-03 21:34:58.215 D/OPENHU  ( 3108): [75] Companion.decrypt | RECV: VIDEO Media Data type: 0 flags: 9 size: 16120 dataOffset: 2
09-03 21:34:58.215 V/OPENHU  ( 3108): [75] AapTransport.send | VIDEO Codec/Media Data Ack type: 32772 flags: 11 size: 10 dataOffset: 6
09-03 21:34:58.217 D/OPENHU  ( 3108): [75] AapSslContext.decrypt | SSL Decrypt Status: OK, Produced: 5407, Consumed: 5436
09-03 21:34:58.218 V/OPENHU  ( 3108): [74] AapTransport.sendEncryptedMessage | Sent size: 39
09-03 21:34:58.218 D/OPENHU  ( 3108): [75] Companion.decrypt | RECV: VIDEO Unknown (35390) type: 35390 flags: 10 size: 5407 dataOffset: 2
09-03 21:34:58.219 D/OPENHU  ( 3108): [75] AapSslContext.decrypt | SSL Decrypt Status: OK, Produced: 16120, Consumed: 16149
09-03 21:34:58.220 D/OPENHU  ( 3108): [75] Companion.decrypt | RECV: VIDEO Media Data type: 0 flags: 9 size: 16120 dataOffset: 2
09-03 21:34:58.221 V/OPENHU  ( 3108): [75] AapTransport.send | VIDEO Codec/Media Data Ack type: 32772 flags: 11 size: 10 dataOffset: 6
09-03 21:34:58.223 D/OPENHU  ( 3108): [75] AapSslContext.decrypt | SSL Decrypt Status: OK, Produced: 5211, Consumed: 5240
09-03 21:34:58.224 D/OPENHU  ( 3108): [75] Companion.decrypt | RECV: VIDEO Unknown (8957) type: 8957 flags: 10 size: 5211 dataOffset: 2
09-03 21:34:58.224 V/OPENHU  ( 3108): [74] AapTransport.sendEncryptedMessage | Sent size: 39
09-03 21:34:58.232 D/OPENHU  ( 3108): [75] AapSslContext.decrypt | SSL Decrypt Status: OK, Produced: 16120, Consumed: 16149
09-03 21:34:58.233 D/OPENHU  ( 3108): [75] Companion.decrypt | RECV: VIDEO Media Data type: 0 flags: 9 size: 16120 dataOffset: 2
09-03 21:34:58.234 V/OPENHU  ( 3108): [75] AapTransport.send | VIDEO Codec/Media Data Ack type: 32772 flags: 11 size: 10 dataOffset: 6
09-03 21:34:58.237 D/OPENHU  ( 3108): [75] AapSslContext.decrypt | SSL Decrypt Status: OK, Produced: 4696, Consumed: 4725
09-03 21:34:58.237 V/OPENHU  ( 3108): [74] AapTransport.sendEncryptedMessage | Sent size: 39
09-03 21:34:58.237 D/OPENHU  ( 3108): [75] Companion.decrypt | RECV: VIDEO Unknown (55260) type: 55260 flags: 10 size: 4696 dataOffset: 2
09-03 21:34:58.246 D/OPENHU  ( 3108): [75] AapSslContext.decrypt | SSL Decrypt Status: OK, Produced: 16120, Consumed: 16149
09-03 21:34:58.246 D/OPENHU  ( 3108): [75] Companion.decrypt | RECV: VIDEO Media Data type: 0 flags: 9 size: 16120 dataOffset: 2
09-03 21:34:58.247 V/OPENHU  ( 3108): [75] AapTransport.send | VIDEO Codec/Media Data Ack type: 32772 flags: 11 size: 10 dataOffset: 6
09-03 21:34:58.249 D/OPENHU  ( 3108): [75] AapSslContext.decrypt | SSL Decrypt Status: OK, Produced: 5130, Consumed: 5159
09-03 21:34:58.250 D/OPENHU  ( 3108): [75] Companion.decrypt | RECV: VIDEO Unknown (42410) type: 42410 flags: 10 size: 5130 dataOffset: 2
09-03 21:34:58.250 V/OPENHU  ( 3108): [74] AapTransport.sendEncryptedMessage | Sent size: 39
09-03 21:34:58.262 D/OPENHU  ( 3108): [75] AapSslContext.decrypt | SSL Decrypt Status: OK, Produced: 16120, Consumed: 16149
09-03 21:34:58.263 D/OPENHU  ( 3108): [75] Companion.decrypt | RECV: VIDEO Media Data type: 0 flags: 9 size: 16120 dataOffset: 2
09-03 21:34:58.264 V/OPENHU  ( 3108): [75] AapTransport.send | VIDEO Codec/Media Data Ack type: 32772 flags: 11 size: 10 dataOffset: 6
09-03 21:34:58.267 D/OPENHU  ( 3108): [75] AapSslContext.decrypt | SSL Decrypt Status: OK, Produced: 4631, Consumed: 4660
09-03 21:34:58.268 D/OPENHU  ( 3108): [75] Companion.decrypt | RECV: VIDEO Unknown (27880) type: 27880 flags: 10 size: 4631 dataOffset: 2
09-03 21:34:58.268 V/OPENHU  ( 3108): [74] AapTransport.sendEncryptedMessage | Sent size: 39
09-03 21:34:58.277 D/OPENHU  ( 3108): [75] AapSslContext.decrypt | SSL Decrypt Status: OK, Produced: 16120, Consumed: 16149
09-03 21:34:58.278 D/OPENHU  ( 3108): [75] Companion.decrypt | RECV: VIDEO Media Data type: 0 flags: 9 size: 16120 dataOffset: 2
09-03 21:34:58.279 V/OPENHU  ( 3108): [75] AapTransport.send | VIDEO Codec/Media Data Ack type: 32772 flags: 11 size: 10 dataOffset: 6
09-03 21:34:58.281 D/OPENHU  ( 3108): [75] AapSslContext.decrypt | SSL Decrypt Status: OK, Produced: 3316, Consumed: 3345
09-03 21:34:58.282 D/OPENHU  ( 3108): [75] Companion.decrypt | RECV: VIDEO Unknown (15593) type: 15593 flags: 10 size: 3316 dataOffset: 2
09-03 21:34:58.282 V/OPENHU  ( 3108): [74] AapTransport.sendEncryptedMessage | Sent size: 39
09-03 21:34:58.326 D/OPENHU  ( 3108): [75] AapSslContext.decrypt | SSL Decrypt Status: OK, Produced: 16120, Consumed: 16149
09-03 21:34:58.327 D/OPENHU  ( 3108): [75] Companion.decrypt | RECV: VIDEO Media Data type: 0 flags: 9 size: 16120 dataOffset: 2
09-03 21:34:58.328 V/OPENHU  ( 3108): [75] AapTransport.send | VIDEO Codec/Media Data Ack type: 32772 flags: 11 size: 10 dataOffset: 6
09-03 21:34:58.330 D/OPENHU  ( 3108): [75] AapSslContext.decrypt | SSL Decrypt Status: OK, Produced: 3863, Consumed: 3892
09-03 21:34:58.331 D/OPENHU  ( 3108): [75] Companion.decrypt | RECV: VIDEO Unknown (434) type: 434 flags: 10 size: 3863 dataOffset: 2
09-03 21:34:58.331 V/OPENHU  ( 3108): [74] AapTransport.sendEncryptedMessage | Sent size: 39
09-03 21:34:58.332 D/OPENHU  ( 3108): [75] AapSslContext.decrypt | SSL Decrypt Status: OK, Produced: 4769, Consumed: 4798
09-03 21:34:58.333 D/OPENHU  ( 3108): [75] Companion.decrypt | RECV: VIDEO Media Data type: 0 flags: 11 size: 4769 dataOffset: 2
09-03 21:34:58.334 V/OPENHU  ( 3108): [75] AapTransport.send | VIDEO Codec/Media Data Ack type: 32772 flags: 11 size: 10 dataOffset: 6
09-03 21:34:58.336 D/OPENHU  ( 3108): [75] AapSslContext.decrypt | SSL Decrypt Status: OK, Produced: 2294, Consumed: 2323
09-03 21:34:58.337 D/OPENHU  ( 3108): [75] Companion.decrypt | RECV: VIDEO Media Data type: 0 flags: 11 size: 2294 dataOffset: 2
09-03 21:34:58.337 V/OPENHU  ( 3108): [74] AapTransport.sendEncryptedMessage | Sent size: 39
09-03 21:34:58.338 V/OPENHU  ( 3108): [75] AapTransport.send | VIDEO Codec/Media Data Ack type: 32772 flags: 11 size: 10 dataOffset: 6
09-03 21:34:58.341 V/OPENHU  ( 3108): [74] AapTransport.sendEncryptedMessage | Sent size: 39
09-03 21:34:58.345 D/OPENHU  ( 3108): [75] AapSslContext.decrypt | SSL Decrypt Status: OK, Produced: 7814, Consumed: 7843
09-03 21:34:58.346 D/OPENHU  ( 3108): [75] Companion.decrypt | RECV: VIDEO Media Data type: 0 flags: 11 size: 7814 dataOffset: 2
09-03 21:34:58.347 V/OPENHU  ( 3108): [75] AapTransport.send | VIDEO Codec/Media Data Ack type: 32772 flags: 11 size: 10 dataOffset: 6
09-03 21:34:58.352 V/OPENHU  ( 3108): [74] AapTransport.sendEncryptedMessage | Sent size: 39
09-03 21:34:58.359 D/OPENHU  ( 3108): [75] AapSslContext.decrypt | SSL Decrypt Status: OK, Produced: 1903, Consumed: 1932
09-03 21:34:58.360 D/OPENHU  ( 3108): [75] Companion.decrypt | RECV: VIDEO Media Data type: 0 flags: 11 size: 1903 dataOffset: 2
09-03 21:34:58.361 V/OPENHU  ( 3108): [75] AapTransport.send | VIDEO Codec/Media Data Ack type: 32772 flags: 11 size: 10 dataOffset: 6
09-03 21:34:58.363 V/OPENHU  ( 3108): [74] AapTransport.sendEncryptedMessage | Sent size: 39
09-03 21:34:58.377 D/OPENHU  ( 3108): [75] AapSslContext.decrypt | SSL Decrypt Status: OK, Produced: 16120, Consumed: 16149
09-03 21:34:58.377 D/OPENHU  ( 3108): [75] Companion.decrypt | RECV: VIDEO Media Data type: 0 flags: 9 size: 16120 dataOffset: 2
09-03 21:34:58.378 V/OPENHU  ( 3108): [75] AapTransport.send | VIDEO Codec/Media Data Ack type: 32772 flags: 11 size: 10 dataOffset: 6
09-03 21:34:58.380 D/OPENHU  ( 3108): [75] AapSslContext.decrypt | SSL Decrypt Status: OK, Produced: 16124, Consumed: 16153
09-03 21:34:58.381 V/OPENHU  ( 3108): [74] AapTransport.sendEncryptedMessage | Sent size: 39
09-03 21:34:58.381 D/OPENHU  ( 3108): [75] Companion.decrypt | RECV: VIDEO Unknown (63234) type: 63234 flags: 8 size: 16124 dataOffset: 2
09-03 21:34:58.382 D/OPENHU  ( 3108): [75] AapSslContext.decrypt | SSL Decrypt Status: OK, Produced: 7858, Consumed: 7887
09-03 21:34:58.383 D/OPENHU  ( 3108): [75] Companion.decrypt | RECV: VIDEO Unknown (55864) type: 55864 flags: 10 size: 7858 dataOffset: 2
09-03 21:34:58.417 D/OPENHU  ( 3108): [75] AapSslContext.decrypt | SSL Decrypt Status: OK, Produced: 5929, Consumed: 5958
09-03 21:34:58.418 D/OPENHU  ( 3108): [75] Companion.decrypt | RECV: VIDEO Media Data type: 0 flags: 11 size: 5929 dataOffset: 2
09-03 21:34:58.419 V/OPENHU  ( 3108): [75] AapTransport.send | VIDEO Codec/Media Data Ack type: 32772 flags: 11 size: 10 dataOffset: 6
09-03 21:34:58.422 D/OPENHU  ( 3108): [75] AapSslContext.decrypt | SSL Decrypt Status: OK, Produced: 1504, Consumed: 1533
09-03 21:34:58.422 D/OPENHU  ( 3108): [75] Companion.decrypt | RECV: VIDEO Media Data type: 0 flags: 11 size: 1504 dataOffset: 2
09-03 21:34:58.423 V/OPENHU  ( 3108): [74] AapTransport.sendEncryptedMessage | Sent size: 39
09-03 21:34:58.424 V/OPENHU  ( 3108): [75] AapTransport.send | VIDEO Codec/Media Data Ack type: 32772 flags: 11 size: 10 dataOffset: 6
09-03 21:34:58.427 D/OPENHU  ( 3108): [75] AapSslContext.decrypt | SSL Decrypt Status: OK, Produced: 2109, Consumed: 2138
09-03 21:34:58.428 V/OPENHU  ( 3108): [74] AapTransport.sendEncryptedMessage | Sent size: 39
09-03 21:34:58.428 D/OPENHU  ( 3108): [75] Companion.decrypt | RECV: VIDEO Media Data type: 0 flags: 11 size: 2109 dataOffset: 2
09-03 21:34:58.430 V/OPENHU  ( 3108): [75] AapTransport.send | VIDEO Codec/Media Data Ack type: 32772 flags: 11 size: 10 dataOffset: 6
09-03 21:34:58.433 V/OPENHU  ( 3108): [74] AapTransport.sendEncryptedMessage | Sent size: 39
09-03 21:34:58.441 D/OPENHU  ( 3108): [75] AapSslContext.decrypt | SSL Decrypt Status: OK, Produced: 1590, Consumed: 1619
09-03 21:34:58.442 D/OPENHU  ( 3108): [75] Companion.decrypt | RECV: VIDEO Media Data type: 0 flags: 11 size: 1590 dataOffset: 2
09-03 21:34:58.443 V/OPENHU  ( 3108): [75] AapTransport.send | VIDEO Codec/Media Data Ack type: 32772 flags: 11 size: 10 dataOffset: 6
09-03 21:34:58.445 V/OPENHU  ( 3108): [74] AapTransport.sendEncryptedMessage | Sent size: 39
09-03 21:34:58.478 D/OPENHU  ( 3108): [75] AapSslContext.decrypt | SSL Decrypt Status: OK, Produced: 16120, Consumed: 16149
09-03 21:34:58.478 D/OPENHU  ( 3108): [75] Companion.decrypt | RECV: VIDEO Media Data type: 0 flags: 9 size: 16120 dataOffset: 2
09-03 21:34:58.479 V/OPENHU  ( 3108): [75] AapTransport.send | VIDEO Codec/Media Data Ack type: 32772 flags: 11 size: 10 dataOffset: 6
09-03 21:34:58.481 D/OPENHU  ( 3108): [75] AapSslContext.decrypt | SSL Decrypt Status: OK, Produced: 10051, Consumed: 10080
09-03 21:34:58.481 V/OPENHU  ( 3108): [74] AapTransport.sendEncryptedMessage | Sent size: 39
09-03 21:34:58.481 D/OPENHU  ( 3108): [75] Companion.decrypt | RECV: VIDEO Unknown (19578) type: 19578 flags: 10 size: 10051 dataOffset: 2
09-03 21:34:58.535 D/OPENHU  ( 3108): [75] AapSslContext.decrypt | SSL Decrypt Status: OK, Produced: 4049, Consumed: 4078
09-03 21:34:58.535 D/OPENHU  ( 3108): [75] Companion.decrypt | RECV: VIDEO Media Data type: 0 flags: 11 size: 4049 dataOffset: 2
09-03 21:34:58.536 V/OPENHU  ( 3108): [75] AapTransport.send | VIDEO Codec/Media Data Ack type: 32772 flags: 11 size: 10 dataOffset: 6
09-03 21:34:58.538 D/OPENHU  ( 3108): [75] AapSslContext.decrypt | SSL Decrypt Status: OK, Produced: 1707, Consumed: 1736
09-03 21:34:58.538 V/OPENHU  ( 3108): [74] AapTransport.sendEncryptedMessage | Sent size: 39
09-03 21:34:58.538 D/OPENHU  ( 3108): [75] Companion.decrypt | RECV: VIDEO Media Data type: 0 flags: 11 size: 1707 dataOffset: 2
09-03 21:34:58.540 V/OPENHU  ( 3108): [75] AapTransport.send | VIDEO Codec/Media Data Ack type: 32772 flags: 11 size: 10 dataOffset: 6
09-03 21:34:58.542 D/OPENHU  ( 3108): [75] AapSslContext.decrypt | SSL Decrypt Status: OK, Produced: 2770, Consumed: 2799
09-03 21:34:58.543 D/OPENHU  ( 3108): [75] Companion.decrypt | RECV: VIDEO Media Data type: 0 flags: 11 size: 2770 dataOffset: 2
09-03 21:34:58.543 V/OPENHU  ( 3108): [74] AapTransport.sendEncryptedMessage | Sent size: 39
09-03 21:34:58.544 V/OPENHU  ( 3108): [75] AapTransport.send | VIDEO Codec/Media Data Ack type: 32772 flags: 11 size: 10 dataOffset: 6
09-03 21:34:58.546 D/OPENHU  ( 3108): [75] AapSslContext.decrypt | SSL Decrypt Status: OK, Produced: 1782, Consumed: 1811
09-03 21:34:58.548 V/OPENHU  ( 3108): [74] AapTransport.sendEncryptedMessage | Sent size: 39
09-03 21:34:58.548 D/OPENHU  ( 3108): [75] Companion.decrypt | RECV: VIDEO Media Data type: 0 flags: 11 size: 1782 dataOffset: 2
09-03 21:34:58.549 V/OPENHU  ( 3108): [75] AapTransport.send | VIDEO Codec/Media Data Ack type: 32772 flags: 11 size: 10 dataOffset: 6
09-03 21:34:58.551 V/OPENHU  ( 3108): [74] AapTransport.sendEncryptedMessage | Sent size: 39
09-03 21:34:58.578 D/OPENHU  ( 3108): [75] AapSslContext.decrypt | SSL Decrypt Status: OK, Produced: 16120, Consumed: 16149
09-03 21:34:58.579 D/OPENHU  ( 3108): [75] Companion.decrypt | RECV: VIDEO Media Data type: 0 flags: 9 size: 16120 dataOffset: 2
09-03 21:34:58.580 V/OPENHU  ( 3108): [75] AapTransport.send | VIDEO Codec/Media Data Ack type: 32772 flags: 11 size: 10 dataOffset: 6
09-03 21:34:58.582 D/OPENHU  ( 3108): [75] AapSslContext.decrypt | SSL Decrypt Status: OK, Produced: 9303, Consumed: 9332
09-03 21:34:58.583 D/OPENHU  ( 3108): [75] Companion.decrypt | RECV: VIDEO Unknown (26186) type: 26186 flags: 10 size: 9303 dataOffset: 2
09-03 21:34:58.583 V/OPENHU  ( 3108): [74] AapTransport.sendEncryptedMessage | Sent size: 39
09-03 21:34:58.621 D/OPENHU  ( 3108): [75] AapSslContext.decrypt | SSL Decrypt Status: OK, Produced: 4105, Consumed: 4134
09-03 21:34:58.622 D/OPENHU  ( 3108): [75] Companion.decrypt | RECV: VIDEO Media Data type: 0 flags: 11 size: 4105 dataOffset: 2
09-03 21:34:58.623 V/OPENHU  ( 3108): [75] AapTransport.send | VIDEO Codec/Media Data Ack type: 32772 flags: 11 size: 10 dataOffset: 6
09-03 21:34:58.624 D/OPENHU  ( 3108): [75] AapSslContext.decrypt | SSL Decrypt Status: OK, Produced: 1617, Consumed: 1646
09-03 21:34:58.625 V/OPENHU  ( 3108): [74] AapTransport.sendEncryptedMessage | Sent size: 39
09-03 21:34:58.625 D/OPENHU  ( 3108): [75] Companion.decrypt | RECV: VIDEO Media Data type: 0 flags: 11 size: 1617 dataOffset: 2
09-03 21:34:58.627 V/OPENHU  ( 3108): [75] AapTransport.send | VIDEO Codec/Media Data Ack type: 32772 flags: 11 size: 10 dataOffset: 6
09-03 21:34:58.632 V/OPENHU  ( 3108): [74] AapTransport.sendEncryptedMessage | Sent size: 39
09-03 21:34:58.633 D/OPENHU  ( 3108): [75] AapSslContext.decrypt | SSL Decrypt Status: OK, Produced: 2738, Consumed: 2767
09-03 21:34:58.633 D/OPENHU  ( 3108): [75] Companion.decrypt | RECV: VIDEO Media Data type: 0 flags: 11 size: 2738 dataOffset: 2
09-03 21:34:58.640 V/OPENHU  ( 3108): [75] AapTransport.send | VIDEO Codec/Media Data Ack type: 32772 flags: 11 size: 10 dataOffset: 6
09-03 21:34:58.643 V/OPENHU  ( 3108): [74] AapTransport.sendEncryptedMessage | Sent size: 39
09-03 21:34:58.646 D/OPENHU  ( 3108): [75] AapSslContext.decrypt | SSL Decrypt Status: OK, Produced: 1773, Consumed: 1802
09-03 21:34:58.647 D/OPENHU  ( 3108): [75] Companion.decrypt | RECV: VIDEO Media Data type: 0 flags: 11 size: 1773 dataOffset: 2
09-03 21:34:58.648 V/OPENHU  ( 3108): [75] AapTransport.send | VIDEO Codec/Media Data Ack type: 32772 flags: 11 size: 10 dataOffset: 6
09-03 21:34:58.651 V/OPENHU  ( 3108): [74] AapTransport.sendEncryptedMessage | Sent size: 39
09-03 21:34:58.680 D/OPENHU  ( 3108): [75] AapSslContext.decrypt | SSL Decrypt Status: OK, Produced: 16120, Consumed: 16149
09-03 21:34:58.681 D/OPENHU  ( 3108): [75] Companion.decrypt | RECV: VIDEO Media Data type: 0 flags: 9 size: 16120 dataOffset: 2
09-03 21:34:58.682 V/OPENHU  ( 3108): [75] AapTransport.send | VIDEO Codec/Media Data Ack type: 32772 flags: 11 size: 10 dataOffset: 6
09-03 21:34:58.684 D/OPENHU  ( 3108): [75] AapSslContext.decrypt | SSL Decrypt Status: OK, Produced: 12936, Consumed: 12965
09-03 21:34:58.684 V/OPENHU  ( 3108): [74] AapTransport.sendEncryptedMessage | Sent size: 39
09-03 21:34:58.685 D/OPENHU  ( 3108): [75] Companion.decrypt | RECV: VIDEO Unknown (53811) type: 53811 flags: 10 size: 12936 dataOffset: 2
09-03 21:34:58.740 D/OPENHU  ( 3108): [75] AapSslContext.decrypt | SSL Decrypt Status: OK, Produced: 4005, Consumed: 4034
09-03 21:34:58.741 D/OPENHU  ( 3108): [75] Companion.decrypt | RECV: VIDEO Media Data type: 0 flags: 11 size: 4005 dataOffset: 2
09-03 21:34:58.742 V/OPENHU  ( 3108): [75] AapTransport.send | VIDEO Codec/Media Data Ack type: 32772 flags: 11 size: 10 dataOffset: 6
09-03 21:34:58.743 D/OPENHU  ( 3108): [75] AapSslContext.decrypt | SSL Decrypt Status: OK, Produced: 1679, Consumed: 1708
09-03 21:34:58.744 V/OPENHU  ( 3108): [74] AapTransport.sendEncryptedMessage | Sent size: 39
09-03 21:34:58.744 D/OPENHU  ( 3108): [75] Companion.decrypt | RECV: VIDEO Media Data type: 0 flags: 11 size: 1679 dataOffset: 2
09-03 21:34:58.746 V/OPENHU  ( 3108): [75] AapTransport.send | VIDEO Codec/Media Data Ack type: 32772 flags: 11 size: 10 dataOffset: 6
09-03 21:34:58.748 D/OPENHU  ( 3108): [75] AapSslContext.decrypt | SSL Decrypt Status: OK, Produced: 2815, Consumed: 2844
09-03 21:34:58.748 D/OPENHU  ( 3108): [75] Companion.decrypt | RECV: VIDEO Media Data type: 0 flags: 11 size: 2815 dataOffset: 2
09-03 21:34:58.749 V/OPENHU  ( 3108): [74] AapTransport.sendEncryptedMessage | Sent size: 39
09-03 21:34:58.750 V/OPENHU  ( 3108): [75] AapTransport.send | VIDEO Codec/Media Data Ack type: 32772 flags: 11 size: 10 dataOffset: 6
09-03 21:34:58.752 D/OPENHU  ( 3108): [75] AapSslContext.decrypt | SSL Decrypt Status: OK, Produced: 1735, Consumed: 1764
09-03 21:34:58.753 V/OPENHU  ( 3108): [74] AapTransport.sendEncryptedMessage | Sent size: 39
09-03 21:34:58.753 D/OPENHU  ( 3108): [75] Companion.decrypt | RECV: VIDEO Media Data type: 0 flags: 11 size: 1735 dataOffset: 2
09-03 21:34:58.754 V/OPENHU  ( 3108): [75] AapTransport.send | VIDEO Codec/Media Data Ack type: 32772 flags: 11 size: 10 dataOffset: 6
09-03 21:34:58.758 V/OPENHU  ( 3108): [74] AapTransport.sendEncryptedMessage | Sent size: 39
09-03 21:34:58.778 D/OPENHU  ( 3108): [75] AapSslContext.decrypt | SSL Decrypt Status: OK, Produced: 16120, Consumed: 16149
09-03 21:34:58.779 D/OPENHU  ( 3108): [75] Companion.decrypt | RECV: VIDEO Media Data type: 0 flags: 9 size: 16120 dataOffset: 2
09-03 21:34:58.780 V/OPENHU  ( 3108): [75] AapTransport.send | VIDEO Codec/Media Data Ack type: 32772 flags: 11 size: 10 dataOffset: 6
09-03 21:34:58.782 D/OPENHU  ( 3108): [75] AapSslContext.decrypt | SSL Decrypt Status: OK, Produced: 12480, Consumed: 12509
09-03 21:34:58.782 D/OPENHU  ( 3108): [75] Companion.decrypt | RECV: VIDEO Unknown (26392) type: 26392 flags: 10 size: 12480 dataOffset: 2
09-03 21:34:58.783 V/OPENHU  ( 3108): [74] AapTransport.sendEncryptedMessage | Sent size: 39
09-03 21:34:58.795 D/OPENHU  ( 3108): [75] AapSslContext.decrypt | SSL Decrypt Status: OK, Produced: 4065, Consumed: 4094
09-03 21:34:58.796 D/OPENHU  ( 3108): [75] Companion.decrypt | RECV: VIDEO Media Data type: 0 flags: 11 size: 4065 dataOffset: 2
09-03 21:34:58.797 V/OPENHU  ( 3108): [75] AapTransport.send | VIDEO Codec/Media Data Ack type: 32772 flags: 11 size: 10 dataOffset: 6
09-03 21:34:58.799 V/OPENHU  ( 3108): [74] AapTransport.sendEncryptedMessage | Sent size: 39
09-03 21:34:58.827 D/OPENHU  ( 3108): [75] AapSslContext.decrypt | SSL Decrypt Status: OK, Produced: 1666, Consumed: 1695
09-03 21:34:58.827 D/OPENHU  ( 3108): [75] Companion.decrypt | RECV: VIDEO Media Data type: 0 flags: 11 size: 1666 dataOffset: 2
09-03 21:34:58.829 V/OPENHU  ( 3108): [75] AapTransport.send | VIDEO Codec/Media Data Ack type: 32772 flags: 11 size: 10 dataOffset: 6
09-03 21:34:58.830 D/OPENHU  ( 3108): [75] AapSslContext.decrypt | SSL Decrypt Status: OK, Produced: 2586, Consumed: 2615
09-03 21:34:58.831 D/OPENHU  ( 3108): [75] Companion.decrypt | RECV: VIDEO Media Data type: 0 flags: 11 size: 2586 dataOffset: 2
09-03 21:34:58.831 V/OPENHU  ( 3108): [74] AapTransport.sendEncryptedMessage | Sent size: 39
09-03 21:34:58.832 V/OPENHU  ( 3108): [75] AapTransport.send | VIDEO Codec/Media Data Ack type: 32772 flags: 11 size: 10 dataOffset: 6
09-03 21:34:58.835 V/OPENHU  ( 3108): [74] AapTransport.sendEncryptedMessage | Sent size: 39
09-03 21:34:58.843 D/OPENHU  ( 3108): [75] AapSslContext.decrypt | SSL Decrypt Status: OK, Produced: 1735, Consumed: 1764
09-03 21:34:58.844 D/OPENHU  ( 3108): [75] Companion.decrypt | RECV: VIDEO Media Data type: 0 flags: 11 size: 1735 dataOffset: 2
09-03 21:34:58.845 V/OPENHU  ( 3108): [75] AapTransport.send | VIDEO Codec/Media Data Ack type: 32772 flags: 11 size: 10 dataOffset: 6
09-03 21:34:58.848 V/OPENHU  ( 3108): [74] AapTransport.sendEncryptedMessage | Sent size: 39
09-03 21:34:58.878 D/OPENHU  ( 3108): [75] AapSslContext.decrypt | SSL Decrypt Status: OK, Produced: 16120, Consumed: 16149
09-03 21:34:58.879 D/OPENHU  ( 3108): [75] Companion.decrypt | RECV: VIDEO Media Data type: 0 flags: 9 size: 16120 dataOffset: 2
09-03 21:34:58.880 V/OPENHU  ( 3108): [75] AapTransport.send | VIDEO Codec/Media Data Ack type: 32772 flags: 11 size: 10 dataOffset: 6
09-03 21:34:58.881 D/OPENHU  ( 3108): [75] AapSslContext.decrypt | SSL Decrypt Status: OK, Produced: 11528, Consumed: 11557
09-03 21:34:58.882 D/OPENHU  ( 3108): [75] Companion.decrypt | RECV: VIDEO Unknown (31642) type: 31642 flags: 10 size: 11528 dataOffset: 2
09-03 21:34:58.883 V/OPENHU  ( 3108): [74] AapTransport.sendEncryptedMessage | Sent size: 39
09-03 21:34:58.895 D/OPENHU  ( 3108): [75] AapSslContext.decrypt | SSL Decrypt Status: OK, Produced: 4001, Consumed: 4030
09-03 21:34:58.895 D/OPENHU  ( 3108): [75] Companion.decrypt | RECV: VIDEO Media Data type: 0 flags: 11 size: 4001 dataOffset: 2
09-03 21:34:58.897 V/OPENHU  ( 3108): [75] AapTransport.send | VIDEO Codec/Media Data Ack type: 32772 flags: 11 size: 10 dataOffset: 6
09-03 21:34:58.899 V/OPENHU  ( 3108): [74] AapTransport.sendEncryptedMessage | Sent size: 39
09-03 21:34:58.945 D/OPENHU  ( 3108): [75] AapSslContext.decrypt | SSL Decrypt Status: OK, Produced: 1740, Consumed: 1769
09-03 21:34:58.946 D/OPENHU  ( 3108): [75] Companion.decrypt | RECV: VIDEO Media Data type: 0 flags: 11 size: 1740 dataOffset: 2
09-03 21:34:58.947 V/OPENHU  ( 3108): [75] AapTransport.send | VIDEO Codec/Media Data Ack type: 32772 flags: 11 size: 10 dataOffset: 6
09-03 21:34:58.949 D/OPENHU  ( 3108): [75] AapSslContext.decrypt | SSL Decrypt Status: OK, Produced: 2628, Consumed: 2657
09-03 21:34:58.950 D/OPENHU  ( 3108): [75] Companion.decrypt | RECV: VIDEO Media Data type: 0 flags: 11 size: 2628 dataOffset: 2
09-03 21:34:58.951 V/OPENHU  ( 3108): [74] AapTransport.sendEncryptedMessage | Sent size: 39
09-03 21:34:58.951 V/OPENHU  ( 3108): [75] AapTransport.send | VIDEO Codec/Media Data Ack type: 32772 flags: 11 size: 10 dataOffset: 6
09-03 21:34:58.953 D/OPENHU  ( 3108): [75] AapSslContext.decrypt | SSL Decrypt Status: OK, Produced: 1636, Consumed: 1665
09-03 21:34:58.954 D/OPENHU  ( 3108): [75] Companion.decrypt | RECV: VIDEO Media Data type: 0 flags: 11 size: 1636 dataOffset: 2
09-03 21:34:58.954 V/OPENHU  ( 3108): [74] AapTransport.sendEncryptedMessage | Sent size: 39
09-03 21:34:58.956 V/OPENHU  ( 3108): [75] AapTransport.send | VIDEO Codec/Media Data Ack type: 32772 flags: 11 size: 10 dataOffset: 6
09-03 21:34:58.958 V/OPENHU  ( 3108): [74] AapTransport.sendEncryptedMessage | Sent size: 39
09-03 21:34:58.972 D/OPENHU  ( 3108): [75] AapSslContext.decrypt | SSL Decrypt Status: OK, Produced: 12, Consumed: 41
09-03 21:34:58.972 D/OPENHU  ( 3108): [75] Companion.decrypt | RECV: CONTROL Ping Request type: 11 flags: 11 size: 12 dataOffset: 2
09-03 21:34:58.973 V/OPENHU  ( 3108): [75] AapTransport.send | CONTROL Ping Response type: 12 flags: 11 size: 14 dataOffset: 6
09-03 21:34:58.976 V/OPENHU  ( 3108): [74] AapTransport.sendEncryptedMessage | Sent size: 43
09-03 21:34:58.981 D/OPENHU  ( 3108): [75] AapSslContext.decrypt | SSL Decrypt Status: OK, Produced: 16120, Consumed: 16149
09-03 21:34:58.982 D/OPENHU  ( 3108): [75] Companion.decrypt | RECV: VIDEO Media Data type: 0 flags: 9 size: 16120 dataOffset: 2
09-03 21:34:58.983 V/OPENHU  ( 3108): [75] AapTransport.send | VIDEO Codec/Media Data Ack type: 32772 flags: 11 size: 10 dataOffset: 6
09-03 21:34:58.985 D/OPENHU  ( 3108): [75] AapSslContext.decrypt | SSL Decrypt Status: OK, Produced: 10552, Consumed: 10581
09-03 21:34:58.986 D/OPENHU  ( 3108): [75] Companion.decrypt | RECV: VIDEO Unknown (31663) type: 31663 flags: 10 size: 10552 dataOffset: 2
09-03 21:34:58.986 V/OPENHU  ( 3108): [74] AapTransport.sendEncryptedMessage | Sent size: 39
09-03 21:34:58.996 D/OPENHU  ( 3108): [75] AapSslContext.decrypt | SSL Decrypt Status: OK, Produced: 4428, Consumed: 4457
09-03 21:34:58.997 D/OPENHU  ( 3108): [75] Companion.decrypt | RECV: VIDEO Media Data type: 0 flags: 11 size: 4428 dataOffset: 2
09-03 21:34:58.998 V/OPENHU  ( 3108): [75] AapTransport.send | VIDEO Codec/Media Data Ack type: 32772 flags: 11 size: 10 dataOffset: 6
09-03 21:34:59.001 V/OPENHU  ( 3108): [74] AapTransport.sendEncryptedMessage | Sent size: 39
09-03 21:34:59.032 D/OPENHU  ( 3108): [75] AapSslContext.decrypt | SSL Decrypt Status: OK, Produced: 1776, Consumed: 1805
09-03 21:34:59.033 D/OPENHU  ( 3108): [75] Companion.decrypt | RECV: VIDEO Media Data type: 0 flags: 11 size: 1776 dataOffset: 2
09-03 21:34:59.034 V/OPENHU  ( 3108): [75] AapTransport.send | VIDEO Codec/Media Data Ack type: 32772 flags: 11 size: 10 dataOffset: 6
09-03 21:34:59.037 D/OPENHU  ( 3108): [75] AapSslContext.decrypt | SSL Decrypt Status: OK, Produced: 2718, Consumed: 2747
09-03 21:34:59.037 V/OPENHU  ( 3108): [74] AapTransport.sendEncryptedMessage | Sent size: 39
09-03 21:34:59.038 D/OPENHU  ( 3108): [75] Companion.decrypt | RECV: VIDEO Media Data type: 0 flags: 11 size: 2718 dataOffset: 2
09-03 21:34:59.039 V/OPENHU  ( 3108): [75] AapTransport.send | VIDEO Codec/Media Data Ack type: 32772 flags: 11 size: 10 dataOffset: 6
09-03 21:34:59.042 V/OPENHU  ( 3108): [74] AapTransport.sendEncryptedMessage | Sent size: 39
09-03 21:34:59.044 D/OPENHU  ( 3108): [75] AapSslContext.decrypt | SSL Decrypt Status: OK, Produced: 1621, Consumed: 1650
09-03 21:34:59.044 D/OPENHU  ( 3108): [75] Companion.decrypt | RECV: VIDEO Media Data type: 0 flags: 11 size: 1621 dataOffset: 2
09-03 21:34:59.045 V/OPENHU  ( 3108): [75] AapTransport.send | VIDEO Codec/Media Data Ack type: 32772 flags: 11 size: 10 dataOffset: 6
09-03 21:34:59.048 V/OPENHU  ( 3108): [74] AapTransport.sendEncryptedMessage | Sent size: 39
09-03 21:34:59.080 D/OPENHU  ( 3108): [75] AapSslContext.decrypt | SSL Decrypt Status: OK, Produced: 16120, Consumed: 16149
09-03 21:34:59.080 D/OPENHU  ( 3108): [75] Companion.decrypt | RECV: VIDEO Media Data type: 0 flags: 9 size: 16120 dataOffset: 2
09-03 21:34:59.081 V/OPENHU  ( 3108): [75] AapTransport.send | VIDEO Codec/Media Data Ack type: 32772 flags: 11 size: 10 dataOffset: 6
09-03 21:34:59.083 D/OPENHU  ( 3108): [75] AapSslContext.decrypt | SSL Decrypt Status: OK, Produced: 9316, Consumed: 9345
09-03 21:34:59.084 D/OPENHU  ( 3108): [75] Companion.decrypt | RECV: VIDEO Unknown (8131) type: 8131 flags: 10 size: 9316 dataOffset: 2
09-03 21:34:59.084 V/OPENHU  ( 3108): [74] AapTransport.sendEncryptedMessage | Sent size: 39
09-03 21:34:59.088 V/OPENHU  ( 3108): [2] GpsLocation.onLocationChanged | GpsLocation: fix received
09-03 21:34:59.096 D/OPENHU  ( 3108): [75] AapSslContext.decrypt | SSL Decrypt Status: OK, Produced: 4076, Consumed: 4105
09-03 21:34:59.097 V/OPENHU  ( 3108): [2] AapTransport.send | SENSOR Sensor Event type: 32771 flags: 11 size: 45 dataOffset: 6
09-03 21:34:59.097 D/OPENHU  ( 3108): [75] Companion.decrypt | RECV: VIDEO Media Data type: 0 flags: 11 size: 4076 dataOffset: 2
09-03 21:34:59.098 V/OPENHU  ( 3108): [75] AapTransport.send | VIDEO Codec/Media Data Ack type: 32772 flags: 11 size: 10 dataOffset: 6
09-03 21:34:59.100 V/OPENHU  ( 3108): [74] AapTransport.sendEncryptedMessage | Sent size: 74
09-03 21:34:59.105 V/OPENHU  ( 3108): [74] AapTransport.sendEncryptedMessage | Sent size: 39
09-03 21:34:59.150 D/OPENHU  ( 3108): [75] AapSslContext.decrypt | SSL Decrypt Status: OK, Produced: 1555, Consumed: 1584
09-03 21:34:59.151 D/OPENHU  ( 3108): [75] Companion.decrypt | RECV: VIDEO Media Data type: 0 flags: 11 size: 1555 dataOffset: 2
09-03 21:34:59.152 V/OPENHU  ( 3108): [75] AapTransport.send | VIDEO Codec/Media Data Ack type: 32772 flags: 11 size: 10 dataOffset: 6
09-03 21:34:59.154 D/OPENHU  ( 3108): [75] AapSslContext.decrypt | SSL Decrypt Status: OK, Produced: 2711, Consumed: 2740
09-03 21:34:59.155 D/OPENHU  ( 3108): [75] Companion.decrypt | RECV: VIDEO Media Data type: 0 flags: 11 size: 2711 dataOffset: 2
09-03 21:34:59.155 V/OPENHU  ( 3108): [74] AapTransport.sendEncryptedMessage | Sent size: 39
09-03 21:34:59.156 V/OPENHU  ( 3108): [75] AapTransport.send | VIDEO Codec/Media Data Ack type: 32772 flags: 11 size: 10 dataOffset: 6
09-03 21:34:59.159 D/OPENHU  ( 3108): [75] AapSslContext.decrypt | SSL Decrypt Status: OK, Produced: 1600, Consumed: 1629
09-03 21:34:59.159 D/OPENHU  ( 3108): [75] Companion.decrypt | RECV: VIDEO Media Data type: 0 flags: 11 size: 1600 dataOffset: 2
09-03 21:34:59.160 V/OPENHU  ( 3108): [74] AapTransport.sendEncryptedMessage | Sent size: 39
09-03 21:34:59.161 V/OPENHU  ( 3108): [75] AapTransport.send | VIDEO Codec/Media Data Ack type: 32772 flags: 11 size: 10 dataOffset: 6
09-03 21:34:59.163 V/OPENHU  ( 3108): [74] AapTransport.sendEncryptedMessage | Sent size: 39
09-03 21:34:59.178 D/OPENHU  ( 3108): [75] AapSslContext.decrypt | SSL Decrypt Status: OK, Produced: 16120, Consumed: 16149
09-03 21:34:59.179 D/OPENHU  ( 3108): [75] Companion.decrypt | RECV: VIDEO Media Data type: 0 flags: 9 size: 16120 dataOffset: 2
09-03 21:34:59.180 V/OPENHU  ( 3108): [75] AapTransport.send | VIDEO Codec/Media Data Ack type: 32772 flags: 11 size: 10 dataOffset: 6
09-03 21:34:59.181 D/OPENHU  ( 3108): [75] AapSslContext.decrypt | SSL Decrypt Status: OK, Produced: 8654, Consumed: 8683
09-03 21:34:59.182 V/OPENHU  ( 3108): [74] AapTransport.sendEncryptedMessage | Sent size: 39
09-03 21:34:59.182 D/OPENHU  ( 3108): [75] Companion.decrypt | RECV: VIDEO Unknown (48523) type: 48523 flags: 10 size: 8654 dataOffset: 2
09-03 21:34:59.195 D/OPENHU  ( 3108): [75] AapSslContext.decrypt | SSL Decrypt Status: OK, Produced: 4258, Consumed: 4287
09-03 21:34:59.196 D/OPENHU  ( 3108): [75] Companion.decrypt | RECV: VIDEO Media Data type: 0 flags: 11 size: 4258 dataOffset: 2
09-03 21:34:59.197 V/OPENHU  ( 3108): [75] AapTransport.send | VIDEO Codec/Media Data Ack type: 32772 flags: 11 size: 10 dataOffset: 6
09-03 21:34:59.200 V/OPENHU  ( 3108): [74] AapTransport.sendEncryptedMessage | Sent size: 39
09-03 21:34:59.235 D/OPENHU  ( 3108): [75] AapSslContext.decrypt | SSL Decrypt Status: OK, Produced: 1655, Consumed: 1684
09-03 21:34:59.236 D/OPENHU  ( 3108): [75] Companion.decrypt | RECV: VIDEO Media Data type: 0 flags: 11 size: 1655 dataOffset: 2
09-03 21:34:59.237 V/OPENHU  ( 3108): [75] AapTransport.send | VIDEO Codec/Media Data Ack type: 32772 flags: 11 size: 10 dataOffset: 6
09-03 21:34:59.238 D/OPENHU  ( 3108): [75] AapSslContext.decrypt | SSL Decrypt Status: OK, Produced: 2804, Consumed: 2833
09-03 21:34:59.238 V/OPENHU  ( 3108): [74] AapTransport.sendEncryptedMessage | Sent size: 39
09-03 21:34:59.239 D/OPENHU  ( 3108): [75] Companion.decrypt | RECV: VIDEO Media Data type: 0 flags: 11 size: 2804 dataOffset: 2
09-03 21:34:59.240 V/OPENHU  ( 3108): [75] AapTransport.send | VIDEO Codec/Media Data Ack type: 32772 flags: 11 size: 10 dataOffset: 6
09-03 21:34:59.242 V/OPENHU  ( 3108): [74] AapTransport.sendEncryptedMessage | Sent size: 39
09-03 21:34:59.245 D/OPENHU  ( 3108): [75] AapSslContext.decrypt | SSL Decrypt Status: OK, Produced: 1713, Consumed: 1742
09-03 21:34:59.246 D/OPENHU  ( 3108): [75] Companion.decrypt | RECV: VIDEO Media Data type: 0 flags: 11 size: 1713 dataOffset: 2
09-03 21:34:59.247 V/OPENHU  ( 3108): [75] AapTransport.send | VIDEO Codec/Media Data Ack type: 32772 flags: 11 size: 10 dataOffset: 6
09-03 21:34:59.250 V/OPENHU  ( 3108): [74] AapTransport.sendEncryptedMessage | Sent size: 39
09-03 21:34:59.279 D/OPENHU  ( 3108): [75] AapSslContext.decrypt | SSL Decrypt Status: OK, Produced: 6826, Consumed: 6855
09-03 21:34:59.280 D/OPENHU  ( 3108): [75] Companion.decrypt | RECV: VIDEO Media Data type: 0 flags: 11 size: 6826 dataOffset: 2
09-03 21:34:59.281 V/OPENHU  ( 3108): [75] AapTransport.send | VIDEO Codec/Media Data Ack type: 32772 flags: 11 size: 10 dataOffset: 6
09-03 21:34:59.284 V/OPENHU  ( 3108): [74] AapTransport.sendEncryptedMessage | Sent size: 39
09-03 21:34:59.294 D/OPENHU  ( 3108): [75] AapSslContext.decrypt | SSL Decrypt Status: OK, Produced: 1662, Consumed: 1691
09-03 21:34:59.295 D/OPENHU  ( 3108): [75] Companion.decrypt | RECV: VIDEO Media Data type: 0 flags: 11 size: 1662 dataOffset: 2
09-03 21:34:59.296 V/OPENHU  ( 3108): [75] AapTransport.send | VIDEO Codec/Media Data Ack type: 32772 flags: 11 size: 10 dataOffset: 6
09-03 21:34:59.300 V/OPENHU  ( 3108): [74] AapTransport.sendEncryptedMessage | Sent size: 39
09-03 21:34:59.353 D/OPENHU  ( 3108): [75] AapSslContext.decrypt | SSL Decrypt Status: OK, Produced: 1363, Consumed: 1392
09-03 21:34:59.354 D/OPENHU  ( 3108): [75] Companion.decrypt | RECV: VIDEO Media Data type: 0 flags: 11 size: 1363 dataOffset: 2
09-03 21:34:59.355 V/OPENHU  ( 3108): [75] AapTransport.send | VIDEO Codec/Media Data Ack type: 32772 flags: 11 size: 10 dataOffset: 6
09-03 21:34:59.356 D/OPENHU  ( 3108): [75] AapSslContext.decrypt | SSL Decrypt Status: OK, Produced: 1092, Consumed: 1121
09-03 21:34:59.357 D/OPENHU  ( 3108): [75] Companion.decrypt | RECV: VIDEO Media Data type: 0 flags: 11 size: 1092 dataOffset: 2
09-03 21:34:59.357 V/OPENHU  ( 3108): [74] AapTransport.sendEncryptedMessage | Sent size: 39
09-03 21:34:59.358 V/OPENHU  ( 3108): [75] AapTransport.send | VIDEO Codec/Media Data Ack type: 32772 flags: 11 size: 10 dataOffset: 6
09-03 21:34:59.360 D/OPENHU  ( 3108): [75] AapSslContext.decrypt | SSL Decrypt Status: OK, Produced: 1032, Consumed: 1061
09-03 21:34:59.361 D/OPENHU  ( 3108): [75] Companion.decrypt | RECV: VIDEO Media Data type: 0 flags: 11 size: 1032 dataOffset: 2
09-03 21:34:59.361 V/OPENHU  ( 3108): [74] AapTransport.sendEncryptedMessage | Sent size: 39
09-03 21:34:59.362 V/OPENHU  ( 3108): [75] AapTransport.send | VIDEO Codec/Media Data Ack type: 32772 flags: 11 size: 10 dataOffset: 6
09-03 21:34:59.364 D/OPENHU  ( 3108): [75] AapSslContext.decrypt | SSL Decrypt Status: OK, Produced: 1965, Consumed: 1994
09-03 21:34:59.365 D/OPENHU  ( 3108): [75] Companion.decrypt | RECV: VIDEO Media Data type: 0 flags: 11 size: 1965 dataOffset: 2
09-03 21:34:59.365 V/OPENHU  ( 3108): [74] AapTransport.sendEncryptedMessage | Sent size: 39
09-03 21:34:59.366 V/OPENHU  ( 3108): [75] AapTransport.send | VIDEO Codec/Media Data Ack type: 32772 flags: 11 size: 10 dataOffset: 6
09-03 21:34:59.368 V/OPENHU  ( 3108): [74] AapTransport.sendEncryptedMessage | Sent size: 39
09-03 21:34:59.379 D/OPENHU  ( 3108): [75] AapSslContext.decrypt | SSL Decrypt Status: OK, Produced: 15266, Consumed: 15295
09-03 21:34:59.380 D/OPENHU  ( 3108): [75] Companion.decrypt | RECV: VIDEO Media Data type: 0 flags: 11 size: 15266 dataOffset: 2
09-03 21:34:59.381 V/OPENHU  ( 3108): [75] AapTransport.send | VIDEO Codec/Media Data Ack type: 32772 flags: 11 size: 10 dataOffset: 6
09-03 21:34:59.384 V/OPENHU  ( 3108): [74] AapTransport.sendEncryptedMessage | Sent size: 39
09-03 21:34:59.396 D/OPENHU  ( 3108): [75] AapSslContext.decrypt | SSL Decrypt Status: OK, Produced: 3320, Consumed: 3349
09-03 21:34:59.396 D/OPENHU  ( 3108): [75] Companion.decrypt | RECV: VIDEO Media Data type: 0 flags: 11 size: 3320 dataOffset: 2
09-03 21:34:59.397 V/OPENHU  ( 3108): [75] AapTransport.send | VIDEO Codec/Media Data Ack type: 32772 flags: 11 size: 10 dataOffset: 6
09-03 21:34:59.402 V/OPENHU  ( 3108): [74] AapTransport.sendEncryptedMessage | Sent size: 39
09-03 21:34:59.442 D/OPENHU  ( 3108): [75] AapSslContext.decrypt | SSL Decrypt Status: OK, Produced: 1629, Consumed: 1658
09-03 21:34:59.443 D/OPENHU  ( 3108): [75] Companion.decrypt | RECV: VIDEO Media Data type: 0 flags: 11 size: 1629 dataOffset: 2
09-03 21:34:59.444 V/OPENHU  ( 3108): [75] AapTransport.send | VIDEO Codec/Media Data Ack type: 32772 flags: 11 size: 10 dataOffset: 6
09-03 21:34:59.445 D/OPENHU  ( 3108): [75] AapSslContext.decrypt | SSL Decrypt Status: OK, Produced: 3263, Consumed: 3292
09-03 21:34:59.446 D/OPENHU  ( 3108): [75] Companion.decrypt | RECV: VIDEO Media Data type: 0 flags: 11 size: 3263 dataOffset: 2
09-03 21:34:59.446 V/OPENHU  ( 3108): [74] AapTransport.sendEncryptedMessage | Sent size: 39
09-03 21:34:59.447 V/OPENHU  ( 3108): [75] AapTransport.send | VIDEO Codec/Media Data Ack type: 32772 flags: 11 size: 10 dataOffset: 6
09-03 21:34:59.449 D/OPENHU  ( 3108): [75] AapSslContext.decrypt | SSL Decrypt Status: OK, Produced: 952, Consumed: 981
09-03 21:34:59.449 D/OPENHU  ( 3108): [75] Companion.decrypt | RECV: VIDEO Media Data type: 0 flags: 11 size: 952 dataOffset: 2
09-03 21:34:59.449 V/OPENHU  ( 3108): [74] AapTransport.sendEncryptedMessage | Sent size: 39
09-03 21:34:59.450 V/OPENHU  ( 3108): [75] AapTransport.send | VIDEO Codec/Media Data Ack type: 32772 flags: 11 size: 10 dataOffset: 6
09-03 21:34:59.453 V/OPENHU  ( 3108): [74] AapTransport.sendEncryptedMessage | Sent size: 39
09-03 21:34:59.479 D/OPENHU  ( 3108): [75] AapSslContext.decrypt | SSL Decrypt Status: OK, Produced: 5453, Consumed: 5482
09-03 21:34:59.480 D/OPENHU  ( 3108): [75] Companion.decrypt | RECV: VIDEO Media Data type: 0 flags: 11 size: 5453 dataOffset: 2
09-03 21:34:59.481 V/OPENHU  ( 3108): [75] AapTransport.send | VIDEO Codec/Media Data Ack type: 32772 flags: 11 size: 10 dataOffset: 6
09-03 21:34:59.484 V/OPENHU  ( 3108): [74] AapTransport.sendEncryptedMessage | Sent size: 39
09-03 21:34:59.496 D/OPENHU  ( 3108): [75] AapSslContext.decrypt | SSL Decrypt Status: OK, Produced: 1528, Consumed: 1557
09-03 21:34:59.497 D/OPENHU  ( 3108): [75] Companion.decrypt | RECV: VIDEO Media Data type: 0 flags: 11 size: 1528 dataOffset: 2
09-03 21:34:59.498 V/OPENHU  ( 3108): [75] AapTransport.send | VIDEO Codec/Media Data Ack type: 32772 flags: 11 size: 10 dataOffset: 6
09-03 21:34:59.500 V/OPENHU  ( 3108): [74] AapTransport.sendEncryptedMessage | Sent size: 39
09-03 21:34:59.512 D/OPENHU  ( 3108): [75] AapSslContext.decrypt | SSL Decrypt Status: OK, Produced: 969, Consumed: 998
09-03 21:34:59.513 D/OPENHU  ( 3108): [75] Companion.decrypt | RECV: VIDEO Media Data type: 0 flags: 11 size: 969 dataOffset: 2
09-03 21:34:59.514 V/OPENHU  ( 3108): [75] AapTransport.send | VIDEO Codec/Media Data Ack type: 32772 flags: 11 size: 10 dataOffset: 6
09-03 21:34:59.517 V/OPENHU  ( 3108): [74] AapTransport.sendEncryptedMessage | Sent size: 39
09-03 21:34:59.553 D/OPENHU  ( 3108): [75] AapSslContext.decrypt | SSL Decrypt Status: OK, Produced: 1041, Consumed: 1070
09-03 21:34:59.553 D/OPENHU  ( 3108): [75] Companion.decrypt | RECV: VIDEO Media Data type: 0 flags: 11 size: 1041 dataOffset: 2
09-03 21:34:59.555 V/OPENHU  ( 3108): [75] AapTransport.send | VIDEO Codec/Media Data Ack type: 32772 flags: 11 size: 10 dataOffset: 6
09-03 21:34:59.556 D/OPENHU  ( 3108): [75] AapSslContext.decrypt | SSL Decrypt Status: OK, Produced: 1731, Consumed: 1760
09-03 21:34:59.557 D/OPENHU  ( 3108): [75] Companion.decrypt | RECV: VIDEO Media Data type: 0 flags: 11 size: 1731 dataOffset: 2
09-03 21:34:59.558 V/OPENHU  ( 3108): [74] AapTransport.sendEncryptedMessage | Sent size: 39
09-03 21:34:59.558 V/OPENHU  ( 3108): [75] AapTransport.send | VIDEO Codec/Media Data Ack type: 32772 flags: 11 size: 10 dataOffset: 6
09-03 21:34:59.562 V/OPENHU  ( 3108): [74] AapTransport.sendEncryptedMessage | Sent size: 39
09-03 21:34:59.579 D/OPENHU  ( 3108): [75] AapSslContext.decrypt | SSL Decrypt Status: OK, Produced: 10733, Consumed: 10762
09-03 21:34:59.580 D/OPENHU  ( 3108): [75] Companion.decrypt | RECV: VIDEO Media Data type: 0 flags: 11 size: 10733 dataOffset: 2
09-03 21:34:59.581 V/OPENHU  ( 3108): [75] AapTransport.send | VIDEO Codec/Media Data Ack type: 32772 flags: 11 size: 10 dataOffset: 6
09-03 21:34:59.584 V/OPENHU  ( 3108): [74] AapTransport.sendEncryptedMessage | Sent size: 39
09-03 21:34:59.596 D/OPENHU  ( 3108): [75] AapSslContext.decrypt | SSL Decrypt Status: OK, Produced: 3432, Consumed: 3461
09-03 21:34:59.597 D/OPENHU  ( 3108): [75] Companion.decrypt | RECV: VIDEO Media Data type: 0 flags: 11 size: 3432 dataOffset: 2
09-03 21:34:59.598 V/OPENHU  ( 3108): [75] AapTransport.send | VIDEO Codec/Media Data Ack type: 32772 flags: 11 size: 10 dataOffset: 6
09-03 21:34:59.601 V/OPENHU  ( 3108): [74] AapTransport.sendEncryptedMessage | Sent size: 39
09-03 21:34:59.611 D/OPENHU  ( 3108): [75] AapSslContext.decrypt | SSL Decrypt Status: OK, Produced: 1182, Consumed: 1211
09-03 21:34:59.612 D/OPENHU  ( 3108): [75] Companion.decrypt | RECV: VIDEO Media Data type: 0 flags: 11 size: 1182 dataOffset: 2
09-03 21:34:59.613 V/OPENHU  ( 3108): [75] AapTransport.send | VIDEO Codec/Media Data Ack type: 32772 flags: 11 size: 10 dataOffset: 6
09-03 21:34:59.616 V/OPENHU  ( 3108): [74] AapTransport.sendEncryptedMessage | Sent size: 39
09-03 21:34:59.646 D/OPENHU  ( 3108): [75] AapSslContext.decrypt | SSL Decrypt Status: OK, Produced: 4928, Consumed: 4957
09-03 21:34:59.647 D/OPENHU  ( 3108): [75] Companion.decrypt | RECV: VIDEO Media Data type: 0 flags: 11 size: 4928 dataOffset: 2
09-03 21:34:59.648 V/OPENHU  ( 3108): [75] AapTransport.send | VIDEO Codec/Media Data Ack type: 32772 flags: 11 size: 10 dataOffset: 6
09-03 21:34:59.650 D/OPENHU  ( 3108): [75] AapSslContext.decrypt | SSL Decrypt Status: OK, Produced: 1683, Consumed: 1712
09-03 21:34:59.650 D/OPENHU  ( 3108): [75] Companion.decrypt | RECV: VIDEO Media Data type: 0 flags: 11 size: 1683 dataOffset: 2
09-03 21:34:59.650 V/OPENHU  ( 3108): [74] AapTransport.sendEncryptedMessage | Sent size: 39
09-03 21:34:59.652 V/OPENHU  ( 3108): [75] AapTransport.send | VIDEO Codec/Media Data Ack type: 32772 flags: 11 size: 10 dataOffset: 6
09-03 21:34:59.654 V/OPENHU  ( 3108): [74] AapTransport.sendEncryptedMessage | Sent size: 39
09-03 21:34:59.679 D/OPENHU  ( 3108): [75] AapSslContext.decrypt | SSL Decrypt Status: OK, Produced: 6243, Consumed: 6272
09-03 21:34:59.680 D/OPENHU  ( 3108): [75] Companion.decrypt | RECV: VIDEO Media Data type: 0 flags: 11 size: 6243 dataOffset: 2
09-03 21:34:59.681 V/OPENHU  ( 3108): [75] AapTransport.send | VIDEO Codec/Media Data Ack type: 32772 flags: 11 size: 10 dataOffset: 6
09-03 21:34:59.684 V/OPENHU  ( 3108): [74] AapTransport.sendEncryptedMessage | Sent size: 39
09-03 21:34:59.696 D/OPENHU  ( 3108): [75] AapSslContext.decrypt | SSL Decrypt Status: OK, Produced: 1471, Consumed: 1500
09-03 21:34:59.697 D/OPENHU  ( 3108): [75] Companion.decrypt | RECV: VIDEO Media Data type: 0 flags: 11 size: 1471 dataOffset: 2
09-03 21:34:59.699 V/OPENHU  ( 3108): [75] AapTransport.send | VIDEO Codec/Media Data Ack type: 32772 flags: 11 size: 10 dataOffset: 6
09-03 21:34:59.703 V/OPENHU  ( 3108): [74] AapTransport.sendEncryptedMessage | Sent size: 39
09-03 21:34:59.711 D/OPENHU  ( 3108): [75] AapSslContext.decrypt | SSL Decrypt Status: OK, Produced: 1040, Consumed: 1069
09-03 21:34:59.713 D/OPENHU  ( 3108): [75] Companion.decrypt | RECV: VIDEO Media Data type: 0 flags: 11 size: 1040 dataOffset: 2
09-03 21:34:59.715 V/OPENHU  ( 3108): [75] AapTransport.send | VIDEO Codec/Media Data Ack type: 32772 flags: 11 size: 10 dataOffset: 6
09-03 21:34:59.719 V/OPENHU  ( 3108): [74] AapTransport.sendEncryptedMessage | Sent size: 39
09-03 21:34:59.751 I/OPENHU  ( 3108): [81] VideoDecoder.logThroughput | Throughput over 5009ms: rendered=256 (51fps), fed=257 (51fps), dropped=0, skipped=0, concealed=0, inputWait=130ms, enqueueWait=0ms, codec=c2.unisoc.hevc.decoder, presented=254 (50fps), decodeLatency=10ms p95=18ms (254 frames)
09-03 21:34:59.763 D/OPENHU  ( 3108): [75] AapSslContext.decrypt | SSL Decrypt Status: OK, Produced: 973, Consumed: 1002
09-03 21:34:59.764 D/OPENHU  ( 3108): [75] Companion.decrypt | RECV: VIDEO Media Data type: 0 flags: 11 size: 973 dataOffset: 2
09-03 21:34:59.765 V/OPENHU  ( 3108): [75] AapTransport.send | VIDEO Codec/Media Data Ack type: 32772 flags: 11 size: 10 dataOffset: 6
09-03 21:34:59.767 D/OPENHU  ( 3108): [75] AapSslContext.decrypt | SSL Decrypt Status: OK, Produced: 1966, Consumed: 1995
09-03 21:34:59.767 V/OPENHU  ( 3108): [74] AapTransport.sendEncryptedMessage | Sent size: 39
09-03 21:34:59.767 D/OPENHU  ( 3108): [75] Companion.decrypt | RECV: VIDEO Media Data type: 0 flags: 11 size: 1966 dataOffset: 2
09-03 21:34:59.769 V/OPENHU  ( 3108): [75] AapTransport.send | VIDEO Codec/Media Data Ack type: 32772 flags: 11 size: 10 dataOffset: 6
09-03 21:34:59.772 V/OPENHU  ( 3108): [74] AapTransport.sendEncryptedMessage | Sent size: 39
09-03 21:34:59.777 I/OPENHU  ( 3108): [77] VideoRenderer.markFrameDrawn | GlProjectionView: displayed 244 frames in 5010ms (48fps), longFrames=0
09-03 21:34:59.779 D/OPENHU  ( 3108): [75] AapSslContext.decrypt | SSL Decrypt Status: OK, Produced: 16120, Consumed: 16149
09-03 21:34:59.780 D/OPENHU  ( 3108): [75] Companion.decrypt | RECV: VIDEO Media Data type: 0 flags: 9 size: 16120 dataOffset: 2
09-03 21:34:59.781 V/OPENHU  ( 3108): [75] AapTransport.send | VIDEO Codec/Media Data Ack type: 32772 flags: 11 size: 10 dataOffset: 6
09-03 21:34:59.783 D/OPENHU  ( 3108): [75] AapSslContext.decrypt | SSL Decrypt Status: OK, Produced: 823, Consumed: 852
09-03 21:34:59.783 D/OPENHU  ( 3108): [75] Companion.decrypt | RECV: VIDEO Unknown (65321) type: 65321 flags: 10 size: 823 dataOffset: 2
09-03 21:34:59.784 V/OPENHU  ( 3108): [74] AapTransport.sendEncryptedMessage | Sent size: 39
09-03 21:34:59.796 D/OPENHU  ( 3108): [75] AapSslContext.decrypt | SSL Decrypt Status: OK, Produced: 3415, Consumed: 3444
09-03 21:34:59.797 D/OPENHU  ( 3108): [75] Companion.decrypt | RECV: VIDEO Media Data type: 0 flags: 11 size: 3415 dataOffset: 2
09-03 21:34:59.798 V/OPENHU  ( 3108): [75] AapTransport.send | VIDEO Codec/Media Data Ack type: 32772 flags: 11 size: 10 dataOffset: 6
09-03 21:34:59.800 V/OPENHU  ( 3108): [74] AapTransport.sendEncryptedMessage | Sent size: 39
09-03 21:34:59.811 D/OPENHU  ( 3108): [75] AapSslContext.decrypt | SSL Decrypt Status: OK, Produced: 1668, Consumed: 1697
09-03 21:34:59.812 D/OPENHU  ( 3108): [75] Companion.decrypt | RECV: VIDEO Media Data type: 0 flags: 11 size: 1668 dataOffset: 2
09-03 21:34:59.813 V/OPENHU  ( 3108): [75] AapTransport.send | VIDEO Codec/Media Data Ack type: 32772 flags: 11 size: 10 dataOffset: 6
09-03 21:34:59.816 V/OPENHU  ( 3108): [74] AapTransport.sendEncryptedMessage | Sent size: 39
09-03 21:34:59.850 D/OPENHU  ( 3108): [75] AapSslContext.decrypt | SSL Decrypt Status: OK, Produced: 3072, Consumed: 3101
09-03 21:34:59.851 D/OPENHU  ( 3108): [75] Companion.decrypt | RECV: VIDEO Media Data type: 0 flags: 11 size: 3072 dataOffset: 2
09-03 21:34:59.852 V/OPENHU  ( 3108): [75] AapTransport.send | VIDEO Codec/Media Data Ack type: 32772 flags: 11 size: 10 dataOffset: 6
09-03 21:34:59.854 D/OPENHU  ( 3108): [75] AapSslContext.decrypt | SSL Decrypt Status: OK, Produced: 995, Consumed: 1024
09-03 21:34:59.855 D/OPENHU  ( 3108): [75] Companion.decrypt | RECV: VIDEO Media Data type: 0 flags: 11 size: 995 dataOffset: 2
09-03 21:34:59.855 V/OPENHU  ( 3108): [74] AapTransport.sendEncryptedMessage | Sent size: 39
09-03 21:34:59.856 V/OPENHU  ( 3108): [75] AapTransport.send | VIDEO Codec/Media Data Ack type: 32772 flags: 11 size: 10 dataOffset: 6
09-03 21:34:59.859 V/OPENHU  ( 3108): [74] AapTransport.sendEncryptedMessage | Sent size: 39
09-03 21:34:59.879 D/OPENHU  ( 3108): [75] AapSslContext.decrypt | SSL Decrypt Status: OK, Produced: 5688, Consumed: 5717
09-03 21:34:59.880 D/OPENHU  ( 3108): [75] Companion.decrypt | RECV: VIDEO Media Data type: 0 flags: 11 size: 5688 dataOffset: 2
09-03 21:34:59.881 V/OPENHU  ( 3108): [75] AapTransport.send | VIDEO Codec/Media Data Ack type: 32772 flags: 11 size: 10 dataOffset: 6
09-03 21:34:59.883 V/OPENHU  ( 3108): [74] AapTransport.sendEncryptedMessage | Sent size: 39
09-03 21:34:59.897 D/OPENHU  ( 3108): [75] AapSslContext.decrypt | SSL Decrypt Status: OK, Produced: 1586, Consumed: 1615
09-03 21:34:59.898 D/OPENHU  ( 3108): [75] Companion.decrypt | RECV: VIDEO Media Data type: 0 flags: 11 size: 1586 dataOffset: 2
09-03 21:34:59.899 V/OPENHU  ( 3108): [75] AapTransport.send | VIDEO Codec/Media Data Ack type: 32772 flags: 11 size: 10 dataOffset: 6
09-03 21:34:59.901 V/OPENHU  ( 3108): [74] AapTransport.sendEncryptedMessage | Sent size: 39
09-03 21:34:59.915 D/OPENHU  ( 3108): [75] AapSslContext.decrypt | SSL Decrypt Status: OK, Produced: 972, Consumed: 1001
09-03 21:34:59.916 D/OPENHU  ( 3108): [75] Companion.decrypt | RECV: VIDEO Media Data type: 0 flags: 11 size: 972 dataOffset: 2
09-03 21:34:59.917 V/OPENHU  ( 3108): [75] AapTransport.send | VIDEO Codec/Media Data Ack type: 32772 flags: 11 size: 10 dataOffset: 6
09-03 21:34:59.920 V/OPENHU  ( 3108): [74] AapTransport.sendEncryptedMessage | Sent size: 39
09-03 21:34:59.968 D/OPENHU  ( 3108): [75] AapSslContext.decrypt | SSL Decrypt Status: OK, Produced: 1022, Consumed: 1051
09-03 21:34:59.969 D/OPENHU  ( 3108): [75] Companion.decrypt | RECV: VIDEO Media Data type: 0 flags: 11 size: 1022 dataOffset: 2
09-03 21:34:59.970 V/OPENHU  ( 3108): [75] AapTransport.send | VIDEO Codec/Media Data Ack type: 32772 flags: 11 size: 10 dataOffset: 6
09-03 21:34:59.972 D/OPENHU  ( 3108): [75] AapSslContext.decrypt | SSL Decrypt Status: OK, Produced: 1699, Consumed: 1728
09-03 21:34:59.973 D/OPENHU  ( 3108): [75] Companion.decrypt | RECV: VIDEO Media Data type: 0 flags: 11 size: 1699 dataOffset: 2
09-03 21:34:59.973 V/OPENHU  ( 3108): [74] AapTransport.sendEncryptedMessage | Sent size: 39
09-03 21:34:59.974 V/OPENHU  ( 3108): [75] AapTransport.send | VIDEO Codec/Media Data Ack type: 32772 flags: 11 size: 10 dataOffset: 6
09-03 21:34:59.975 D/OPENHU  ( 3108): [75] AapSslContext.decrypt | SSL Decrypt Status: OK, Produced: 12, Consumed: 41
09-03 21:34:59.976 D/OPENHU  ( 3108): [75] Companion.decrypt | RECV: CONTROL Ping Request type: 11 flags: 11 size: 12 dataOffset: 2
09-03 21:34:59.976 V/OPENHU  ( 3108): [74] AapTransport.sendEncryptedMessage | Sent size: 39
09-03 21:34:59.977 V/OPENHU  ( 3108): [75] AapTransport.send | CONTROL Ping Response type: 12 flags: 11 size: 14 dataOffset: 6
09-03 21:34:59.979 D/OPENHU  ( 3108): [75] AapSslContext.decrypt | SSL Decrypt Status: OK, Produced: 15169, Consumed: 15198
09-03 21:34:59.980 D/OPENHU  ( 3108): [75] Companion.decrypt | RECV: VIDEO Media Data type: 0 flags: 11 size: 15169 dataOffset: 2
09-03 21:34:59.980 V/OPENHU  ( 3108): [74] AapTransport.sendEncryptedMessage | Sent size: 43
09-03 21:34:59.981 V/OPENHU  ( 3108): [75] AapTransport.send | VIDEO Codec/Media Data Ack type: 32772 flags: 11 size: 10 dataOffset: 6
09-03 21:34:59.984 V/OPENHU  ( 3108): [74] AapTransport.sendEncryptedMessage | Sent size: 39
09-03 21:34:59.995 D/OPENHU  ( 3108): [75] AapSslContext.decrypt | SSL Decrypt Status: OK, Produced: 3211, Consumed: 3240
09-03 21:34:59.996 D/OPENHU  ( 3108): [75] Companion.decrypt | RECV: VIDEO Media Data type: 0 flags: 11 size: 3211 dataOffset: 2
09-03 21:34:59.997 V/OPENHU  ( 3108): [75] AapTransport.send | VIDEO Codec/Media Data Ack type: 32772 flags: 11 size: 10 dataOffset: 6
09-03 21:34:59.999 V/OPENHU  ( 3108): [74] AapTransport.sendEncryptedMessage | Sent size: 39
09-03 21:35:00.007 V/OPENHU  ( 3108): [2] GpsLocation.onLocationChanged | GpsLocation: fix received
09-03 21:35:00.012 D/OPENHU  ( 3108): [75] AapSslContext.decrypt | SSL Decrypt Status: OK, Produced: 1608, Consumed: 1637
09-03 21:35:00.012 D/OPENHU  ( 3108): [75] Companion.decrypt | RECV: VIDEO Media Data type: 0 flags: 11 size: 1608 dataOffset: 2
09-03 21:35:00.014 V/OPENHU  ( 3108): [75] AapTransport.send | VIDEO Codec/Media Data Ack type: 32772 flags: 11 size: 10 dataOffset: 6
09-03 21:35:00.014 V/OPENHU  ( 3108): [2] AapTransport.send | SENSOR Sensor Event type: 32771 flags: 11 size: 45 dataOffset: 6
09-03 21:35:00.016 V/OPENHU  ( 3108): [74] AapTransport.sendEncryptedMessage | Sent size: 39
09-03 21:35:00.017 V/OPENHU  ( 3108): [74] AapTransport.sendEncryptedMessage | Sent size: 74
09-03 21:35:00.055 D/OPENHU  ( 3108): [75] AapSslContext.decrypt | SSL Decrypt Status: OK, Produced: 2632, Consumed: 2661
09-03 21:35:00.056 D/OPENHU  ( 3108): [75] Companion.decrypt | RECV: VIDEO Media Data type: 0 flags: 11 size: 2632 dataOffset: 2
09-03 21:35:00.057 V/OPENHU  ( 3108): [75] AapTransport.send | VIDEO Codec/Media Data Ack type: 32772 flags: 11 size: 10 dataOffset: 6
09-03 21:35:00.058 D/OPENHU  ( 3108): [75] AapSslContext.decrypt | SSL Decrypt Status: OK, Produced: 959, Consumed: 988
09-03 21:35:00.058 V/OPENHU  ( 3108): [74] AapTransport.sendEncryptedMessage | Sent size: 39
09-03 21:35:00.059 D/OPENHU  ( 3108): [75] Companion.decrypt | RECV: VIDEO Media Data type: 0 flags: 11 size: 959 dataOffset: 2
09-03 21:35:00.060 V/OPENHU  ( 3108): [75] AapTransport.send | VIDEO Codec/Media Data Ack type: 32772 flags: 11 size: 10 dataOffset: 6
09-03 21:35:00.062 V/OPENHU  ( 3108): [74] AapTransport.sendEncryptedMessage | Sent size: 39
09-03 21:35:00.079 D/OPENHU  ( 3108): [75] AapSslContext.decrypt | SSL Decrypt Status: OK, Produced: 4187, Consumed: 4216
09-03 21:35:00.080 D/OPENHU  ( 3108): [75] Companion.decrypt | RECV: VIDEO Media Data type: 0 flags: 11 size: 4187 dataOffset: 2
09-03 21:35:00.080 V/OPENHU  ( 3108): [75] AapTransport.send | VIDEO Codec/Media Data Ack type: 32772 flags: 11 size: 10 dataOffset: 6
09-03 21:35:00.082 V/OPENHU  ( 3108): [74] AapTransport.sendEncryptedMessage | Sent size: 39
09-03 21:35:00.095 D/OPENHU  ( 3108): [75] AapSslContext.decrypt | SSL Decrypt Status: OK, Produced: 2176, Consumed: 2205
09-03 21:35:00.096 D/OPENHU  ( 3108): [75] Companion.decrypt | RECV: VIDEO Media Data type: 0 flags: 11 size: 2176 dataOffset: 2
09-03 21:35:00.097 V/OPENHU  ( 3108): [75] AapTransport.send | VIDEO Codec/Media Data Ack type: 32772 flags: 11 size: 10 dataOffset: 6
09-03 21:35:00.098 V/OPENHU  ( 3108): [74] AapTransport.sendEncryptedMessage | Sent size: 39
09-03 21:35:00.111 D/OPENHU  ( 3108): [75] AapSslContext.decrypt | SSL Decrypt Status: OK, Produced: 897, Consumed: 926
09-03 21:35:00.111 D/OPENHU  ( 3108): [75] Companion.decrypt | RECV: VIDEO Media Data type: 0 flags: 11 size: 897 dataOffset: 2
09-03 21:35:00.112 V/OPENHU  ( 3108): [75] AapTransport.send | VIDEO Codec/Media Data Ack type: 32772 flags: 11 size: 10 dataOffset: 6
09-03 21:35:00.114 V/OPENHU  ( 3108): [74] AapTransport.sendEncryptedMessage | Sent size: 39
09-03 21:35:00.169 D/OPENHU  ( 3108): [75] AapSslContext.decrypt | SSL Decrypt Status: OK, Produced: 1347, Consumed: 1376
09-03 21:35:00.170 D/OPENHU  ( 3108): [75] Companion.decrypt | RECV: VIDEO Media Data type: 0 flags: 11 size: 1347 dataOffset: 2
09-03 21:35:00.171 V/OPENHU  ( 3108): [75] AapTransport.send | VIDEO Codec/Media Data Ack type: 32772 flags: 11 size: 10 dataOffset: 6
09-03 21:35:00.173 D/OPENHU  ( 3108): [75] AapSslContext.decrypt | SSL Decrypt Status: OK, Produced: 927, Consumed: 956
09-03 21:35:00.174 D/OPENHU  ( 3108): [75] Companion.decrypt | RECV: VIDEO Media Data type: 0 flags: 11 size: 927 dataOffset: 2
09-03 21:35:00.174 V/OPENHU  ( 3108): [74] AapTransport.sendEncryptedMessage | Sent size: 39
09-03 21:35:00.175 V/OPENHU  ( 3108): [75] AapTransport.send | VIDEO Codec/Media Data Ack type: 32772 flags: 11 size: 10 dataOffset: 6
09-03 21:35:00.178 V/OPENHU  ( 3108): [74] AapTransport.sendEncryptedMessage | Sent size: 39
09-03 21:35:00.180 D/OPENHU  ( 3108): [75] AapSslContext.decrypt | SSL Decrypt Status: OK, Produced: 7212, Consumed: 7241
09-03 21:35:00.181 D/OPENHU  ( 3108): [75] Companion.decrypt | RECV: VIDEO Media Data type: 0 flags: 11 size: 7212 dataOffset: 2
09-03 21:35:00.182 V/OPENHU  ( 3108): [75] AapTransport.send | VIDEO Codec/Media Data Ack type: 32772 flags: 11 size: 10 dataOffset: 6
09-03 21:35:00.185 V/OPENHU  ( 3108): [74] AapTransport.sendEncryptedMessage | Sent size: 39
09-03 21:35:00.196 D/OPENHU  ( 3108): [75] AapSslContext.decrypt | SSL Decrypt Status: OK, Produced: 6535, Consumed: 6564
09-03 21:35:00.197 D/OPENHU  ( 3108): [75] Companion.decrypt | RECV: VIDEO Media Data type: 0 flags: 11 size: 6535 dataOffset: 2
09-03 21:35:00.198 V/OPENHU  ( 3108): [75] AapTransport.send | VIDEO Codec/Media Data Ack type: 32772 flags: 11 size: 10 dataOffset: 6
09-03 21:35:00.201 V/OPENHU  ( 3108): [74] AapTransport.sendEncryptedMessage | Sent size: 39
09-03 21:35:00.212 D/OPENHU  ( 3108): [75] AapSslContext.decrypt | SSL Decrypt Status: OK, Produced: 1169, Consumed: 1198
09-03 21:35:00.213 D/OPENHU  ( 3108): [75] Companion.decrypt | RECV: VIDEO Media Data type: 0 flags: 11 size: 1169 dataOffset: 2
09-03 21:35:00.214 V/OPENHU  ( 3108): [75] AapTransport.send | VIDEO Codec/Media Data Ack type: 32772 flags: 11 size: 10 dataOffset: 6
09-03 21:35:00.217 V/OPENHU  ( 3108): [74] AapTransport.sendEncryptedMessage | Sent size: 39
09-03 21:35:00.260 D/OPENHU  ( 3108): [75] AapSslContext.decrypt | SSL Decrypt Status: OK, Produced: 1505, Consumed: 1534
09-03 21:35:00.261 D/OPENHU  ( 3108): [75] Companion.decrypt | RECV: VIDEO Media Data type: 0 flags: 11 size: 1505 dataOffset: 2
09-03 21:35:00.262 V/OPENHU  ( 3108): [75] AapTransport.send | VIDEO Codec/Media Data Ack type: 32772 flags: 11 size: 10 dataOffset: 6
09-03 21:35:00.264 D/OPENHU  ( 3108): [75] AapSslContext.decrypt | SSL Decrypt Status: OK, Produced: 894, Consumed: 923
09-03 21:35:00.264 D/OPENHU  ( 3108): [75] Companion.decrypt | RECV: VIDEO Media Data type: 0 flags: 11 size: 894 dataOffset: 2
09-03 21:35:00.265 V/OPENHU  ( 3108): [74] AapTransport.sendEncryptedMessage | Sent size: 39
09-03 21:35:00.266 V/OPENHU  ( 3108): [75] AapTransport.send | VIDEO Codec/Media Data Ack type: 32772 flags: 11 size: 10 dataOffset: 6
09-03 21:35:00.269 V/OPENHU  ( 3108): [74] AapTransport.sendEncryptedMessage | Sent size: 39
09-03 21:35:00.279 D/OPENHU  ( 3108): [75] AapSslContext.decrypt | SSL Decrypt Status: OK, Produced: 10310, Consumed: 10339
09-03 21:35:00.280 D/OPENHU  ( 3108): [75] Companion.decrypt | RECV: VIDEO Media Data type: 0 flags: 11 size: 10310 dataOffset: 2
09-03 21:35:00.281 V/OPENHU  ( 3108): [75] AapTransport.send | VIDEO Codec/Media Data Ack type: 32772 flags: 11 size: 10 dataOffset: 6
09-03 21:35:00.284 V/OPENHU  ( 3108): [74] AapTransport.sendEncryptedMessage | Sent size: 39
09-03 21:35:00.295 D/OPENHU  ( 3108): [75] AapSslContext.decrypt | SSL Decrypt Status: OK, Produced: 3670, Consumed: 3699
09-03 21:35:00.296 D/OPENHU  ( 3108): [75] Companion.decrypt | RECV: VIDEO Media Data type: 0 flags: 11 size: 3670 dataOffset: 2
09-03 21:35:00.297 V/OPENHU  ( 3108): [75] AapTransport.send | VIDEO Codec/Media Data Ack type: 32772 flags: 11 size: 10 dataOffset: 6
09-03 21:35:00.301 V/OPENHU  ( 3108): [74] AapTransport.sendEncryptedMessage | Sent size: 39
09-03 21:35:00.312 D/OPENHU  ( 3108): [75] AapSslContext.decrypt | SSL Decrypt Status: OK, Produced: 972, Consumed: 1001
09-03 21:35:00.313 D/OPENHU  ( 3108): [75] Companion.decrypt | RECV: VIDEO Media Data type: 0 flags: 11 size: 972 dataOffset: 2
09-03 21:35:00.314 V/OPENHU  ( 3108): [75] AapTransport.send | VIDEO Codec/Media Data Ack type: 32772 flags: 11 size: 10 dataOffset: 6
09-03 21:35:00.317 V/OPENHU  ( 3108): [74] AapTransport.sendEncryptedMessage | Sent size: 39
09-03 21:35:00.371 D/OPENHU  ( 3108): [75] AapSslContext.decrypt | SSL Decrypt Status: OK, Produced: 1560, Consumed: 1589
09-03 21:35:00.372 D/OPENHU  ( 3108): [75] Companion.decrypt | RECV: VIDEO Media Data type: 0 flags: 11 size: 1560 dataOffset: 2
09-03 21:35:00.373 V/OPENHU  ( 3108): [75] AapTransport.send | VIDEO Codec/Media Data Ack type: 32772 flags: 11 size: 10 dataOffset: 6
09-03 21:35:00.374 D/OPENHU  ( 3108): [75] AapSslContext.decrypt | SSL Decrypt Status: OK, Produced: 806, Consumed: 835
09-03 21:35:00.375 D/OPENHU  ( 3108): [75] Companion.decrypt | RECV: VIDEO Media Data type: 0 flags: 11 size: 806 dataOffset: 2
09-03 21:35:00.375 V/OPENHU  ( 3108): [74] AapTransport.sendEncryptedMessage | Sent size: 39
09-03 21:35:00.376 V/OPENHU  ( 3108): [75] AapTransport.send | VIDEO Codec/Media Data Ack type: 32772 flags: 11 size: 10 dataOffset: 6
09-03 21:35:00.378 D/OPENHU  ( 3108): [75] AapSslContext.decrypt | SSL Decrypt Status: OK, Produced: 8652, Consumed: 8681
09-03 21:35:00.379 V/OPENHU  ( 3108): [74] AapTransport.sendEncryptedMessage | Sent size: 39
09-03 21:35:00.379 D/OPENHU  ( 3108): [75] Companion.decrypt | RECV: VIDEO Media Data type: 0 flags: 11 size: 8652 dataOffset: 2
09-03 21:35:00.380 V/OPENHU  ( 3108): [75] AapTransport.send | VIDEO Codec/Media Data Ack type: 32772 flags: 11 size: 10 dataOffset: 6
09-03 21:35:00.383 V/OPENHU  ( 3108): [74] AapTransport.sendEncryptedMessage | Sent size: 39
09-03 21:35:00.396 D/OPENHU  ( 3108): [75] AapSslContext.decrypt | SSL Decrypt Status: OK, Produced: 5571, Consumed: 5600
09-03 21:35:00.396 D/OPENHU  ( 3108): [75] Companion.decrypt | RECV: VIDEO Media Data type: 0 flags: 11 size: 5571 dataOffset: 2
09-03 21:35:00.397 V/OPENHU  ( 3108): [75] AapTransport.send | VIDEO Codec/Media Data Ack type: 32772 flags: 11 size: 10 dataOffset: 6
09-03 21:35:00.401 V/OPENHU  ( 3108): [74] AapTransport.sendEncryptedMessage | Sent size: 39
09-03 21:35:00.411 D/OPENHU  ( 3108): [75] AapSslContext.decrypt | SSL Decrypt Status: OK, Produced: 913, Consumed: 942
09-03 21:35:00.412 D/OPENHU  ( 3108): [75] Companion.decrypt | RECV: VIDEO Media Data type: 0 flags: 11 size: 913 dataOffset: 2
09-03 21:35:00.413 V/OPENHU  ( 3108): [75] AapTransport.send | VIDEO Codec/Media Data Ack type: 32772 flags: 11 size: 10 dataOffset: 6
09-03 21:35:00.415 V/OPENHU  ( 3108): [74] AapTransport.sendEncryptedMessage | Sent size: 39
09-03 21:35:00.432 D/OPENHU  ( 3108): [75] AapSslContext.decrypt | SSL Decrypt Status: OK, Produced: 1200, Consumed: 1229
09-03 21:35:00.432 D/OPENHU  ( 3108): [75] Companion.decrypt | RECV: VIDEO Media Data type: 0 flags: 11 size: 1200 dataOffset: 2
09-03 21:35:00.433 V/OPENHU  ( 3108): [75] AapTransport.send | VIDEO Codec/Media Data Ack type: 32772 flags: 11 size: 10 dataOffset: 6
09-03 21:35:00.437 V/OPENHU  ( 3108): [74] AapTransport.sendEncryptedMessage | Sent size: 39
09-03 21:35:00.463 D/OPENHU  ( 3108): [75] AapSslContext.decrypt | SSL Decrypt Status: OK, Produced: 1061, Consumed: 1090
09-03 21:35:00.463 D/OPENHU  ( 3108): [75] Companion.decrypt | RECV: VIDEO Media Data type: 0 flags: 11 size: 1061 dataOffset: 2
09-03 21:35:00.464 V/OPENHU  ( 3108): [75] AapTransport.send | VIDEO Codec/Media Data Ack type: 32772 flags: 11 size: 10 dataOffset: 6
09-03 21:35:00.468 V/OPENHU  ( 3108): [74] AapTransport.sendEncryptedMessage | Sent size: 39
09-03 21:35:00.481 D/OPENHU  ( 3108): [75] AapSslContext.decrypt | SSL Decrypt Status: OK, Produced: 16120, Consumed: 16149
09-03 21:35:00.482 D/OPENHU  ( 3108): [75] Companion.decrypt | RECV: VIDEO Media Data type: 0 flags: 9 size: 16120 dataOffset: 2
09-03 21:35:00.483 V/OPENHU  ( 3108): [75] AapTransport.send | VIDEO Codec/Media Data Ack type: 32772 flags: 11 size: 10 dataOffset: 6
09-03 21:35:00.485 V/OPENHU  ( 3108): [74] AapTransport.sendEncryptedMessage | Sent size: 39
09-03 21:35:00.485 D/OPENHU  ( 3108): [75] AapSslContext.decrypt | SSL Decrypt Status: OK, Produced: 424, Consumed: 453
09-03 21:35:00.487 D/OPENHU  ( 3108): [75] Companion.decrypt | RECV: VIDEO Unknown (52260) type: 52260 flags: 10 size: 424 dataOffset: 2
09-03 21:35:00.496 D/OPENHU  ( 3108): [75] AapSslContext.decrypt | SSL Decrypt Status: OK, Produced: 5210, Consumed: 5239
09-03 21:35:00.498 D/OPENHU  ( 3108): [75] Companion.decrypt | RECV: VIDEO Media Data type: 0 flags: 11 size: 5210 dataOffset: 2
09-03 21:35:00.499 V/OPENHU  ( 3108): [75] AapTransport.send | VIDEO Codec/Media Data Ack type: 32772 flags: 11 size: 10 dataOffset: 6
09-03 21:35:00.502 V/OPENHU  ( 3108): [74] AapTransport.sendEncryptedMessage | Sent size: 39
09-03 21:35:00.512 D/OPENHU  ( 3108): [75] AapSslContext.decrypt | SSL Decrypt Status: OK, Produced: 1115, Consumed: 1144
09-03 21:35:00.513 D/OPENHU  ( 3108): [75] Companion.decrypt | RECV: VIDEO Media Data type: 0 flags: 11 size: 1115 dataOffset: 2
09-03 21:35:00.514 V/OPENHU  ( 3108): [75] AapTransport.send | VIDEO Codec/Media Data Ack type: 32772 flags: 11 size: 10 dataOffset: 6
09-03 21:35:00.517 V/OPENHU  ( 3108): [74] AapTransport.sendEncryptedMessage | Sent size: 39
09-03 21:35:00.535 D/OPENHU  ( 3108): [75] AapSslContext.decrypt | SSL Decrypt Status: OK, Produced: 1769, Consumed: 1798
09-03 21:35:00.536 D/OPENHU  ( 3108): [75] Companion.decrypt | RECV: VIDEO Media Data type: 0 flags: 11 size: 1769 dataOffset: 2
09-03 21:35:00.537 V/OPENHU  ( 3108): [75] AapTransport.send | VIDEO Codec/Media Data Ack type: 32772 flags: 11 size: 10 dataOffset: 6
09-03 21:35:00.539 V/OPENHU  ( 3108): [74] AapTransport.sendEncryptedMessage | Sent size: 39
09-03 21:35:00.579 D/OPENHU  ( 3108): [75] AapSslContext.decrypt | SSL Decrypt Status: OK, Produced: 1301, Consumed: 1330
09-03 21:35:00.580 D/OPENHU  ( 3108): [75] Companion.decrypt | RECV: VIDEO Media Data type: 0 flags: 11 size: 1301 dataOffset: 2
09-03 21:35:00.581 V/OPENHU  ( 3108): [75] AapTransport.send | VIDEO Codec/Media Data Ack type: 32772 flags: 11 size: 10 dataOffset: 6
09-03 21:35:00.583 D/OPENHU  ( 3108): [75] AapSslContext.decrypt | SSL Decrypt Status: OK, Produced: 13799, Consumed: 13828
09-03 21:35:00.583 D/OPENHU  ( 3108): [75] Companion.decrypt | RECV: VIDEO Media Data type: 0 flags: 11 size: 13799 dataOffset: 2
09-03 21:35:00.584 V/OPENHU  ( 3108): [74] AapTransport.sendEncryptedMessage | Sent size: 39
09-03 21:35:00.584 V/OPENHU  ( 3108): [75] AapTransport.send | VIDEO Codec/Media Data Ack type: 32772 flags: 11 size: 10 dataOffset: 6
09-03 21:35:00.588 V/OPENHU  ( 3108): [74] AapTransport.sendEncryptedMessage | Sent size: 39
09-03 21:35:00.595 D/OPENHU  ( 3108): [75] AapSslContext.decrypt | SSL Decrypt Status: OK, Produced: 4846, Consumed: 4875
09-03 21:35:00.596 D/OPENHU  ( 3108): [75] Companion.decrypt | RECV: VIDEO Media Data type: 0 flags: 11 size: 4846 dataOffset: 2
09-03 21:35:00.598 V/OPENHU  ( 3108): [75] AapTransport.send | VIDEO Codec/Media Data Ack type: 32772 flags: 11 size: 10 dataOffset: 6
09-03 21:35:00.600 V/OPENHU  ( 3108): [74] AapTransport.sendEncryptedMessage | Sent size: 39
09-03 21:35:00.611 D/OPENHU  ( 3108): [75] AapSslContext.decrypt | SSL Decrypt Status: OK, Produced: 1154, Consumed: 1183
09-03 21:35:00.612 D/OPENHU  ( 3108): [75] Companion.decrypt | RECV: VIDEO Media Data type: 0 flags: 11 size: 1154 dataOffset: 2
09-03 21:35:00.613 V/OPENHU  ( 3108): [75] AapTransport.send | VIDEO Codec/Media Data Ack type: 32772 flags: 11 size: 10 dataOffset: 6
09-03 21:35:00.616 V/OPENHU  ( 3108): [74] AapTransport.sendEncryptedMessage | Sent size: 39
09-03 21:35:00.632 D/OPENHU  ( 3108): [75] AapSslContext.decrypt | SSL Decrypt Status: OK, Produced: 1991, Consumed: 2020
09-03 21:35:00.633 D/OPENHU  ( 3108): [75] Companion.decrypt | RECV: VIDEO Media Data type: 0 flags: 11 size: 1991 dataOffset: 2
09-03 21:35:00.634 V/OPENHU  ( 3108): [75] AapTransport.send | VIDEO Codec/Media Data Ack type: 32772 flags: 11 size: 10 dataOffset: 6
09-03 21:35:00.637 V/OPENHU  ( 3108): [74] AapTransport.sendEncryptedMessage | Sent size: 39
09-03 21:35:00.670 D/OPENHU  ( 3108): [75] AapSslContext.decrypt | SSL Decrypt Status: OK, Produced: 1429, Consumed: 1458
09-03 21:35:00.671 D/OPENHU  ( 3108): [75] Companion.decrypt | RECV: VIDEO Media Data type: 0 flags: 11 size: 1429 dataOffset: 2
09-03 21:35:00.672 V/OPENHU  ( 3108): [75] AapTransport.send | VIDEO Codec/Media Data Ack type: 32772 flags: 11 size: 10 dataOffset: 6
09-03 21:35:00.674 V/OPENHU  ( 3108): [74] AapTransport.sendEncryptedMessage | Sent size: 39
09-03 21:35:00.678 D/OPENHU  ( 3108): [75] AapSslContext.decrypt | SSL Decrypt Status: OK, Produced: 14759, Consumed: 14788
09-03 21:35:00.679 D/OPENHU  ( 3108): [75] Companion.decrypt | RECV: VIDEO Media Data type: 0 flags: 11 size: 14759 dataOffset: 2
09-03 21:35:00.680 V/OPENHU  ( 3108): [75] AapTransport.send | VIDEO Codec/Media Data Ack type: 32772 flags: 11 size: 10 dataOffset: 6
09-03 21:35:00.683 V/OPENHU  ( 3108): [74] AapTransport.sendEncryptedMessage | Sent size: 39
09-03 21:35:00.695 D/OPENHU  ( 3108): [75] AapSslContext.decrypt | SSL Decrypt Status: OK, Produced: 4924, Consumed: 4953
09-03 21:35:00.695 D/OPENHU  ( 3108): [75] Companion.decrypt | RECV: VIDEO Media Data type: 0 flags: 11 size: 4924 dataOffset: 2
09-03 21:35:00.696 V/OPENHU  ( 3108): [75] AapTransport.send | VIDEO Codec/Media Data Ack type: 32772 flags: 11 size: 10 dataOffset: 6
09-03 21:35:00.699 V/OPENHU  ( 3108): [74] AapTransport.sendEncryptedMessage | Sent size: 39
09-03 21:35:00.712 D/OPENHU  ( 3108): [75] AapSslContext.decrypt | SSL Decrypt Status: OK, Produced: 1357, Consumed: 1386
09-03 21:35:00.714 D/OPENHU  ( 3108): [75] Companion.decrypt | RECV: VIDEO Media Data type: 0 flags: 11 size: 1357 dataOffset: 2
09-03 21:35:00.717 V/OPENHU  ( 3108): [75] AapTransport.send | VIDEO Codec/Media Data Ack type: 32772 flags: 11 size: 10 dataOffset: 6
09-03 21:35:00.721 V/OPENHU  ( 3108): [74] AapTransport.sendEncryptedMessage | Sent size: 39
09-03 21:35:00.734 D/OPENHU  ( 3108): [75] AapSslContext.decrypt | SSL Decrypt Status: OK, Produced: 4819, Consumed: 4848
09-03 21:35:00.736 D/OPENHU  ( 3108): [75] Companion.decrypt | RECV: VIDEO Media Data type: 0 flags: 11 size: 4819 dataOffset: 2
09-03 21:35:00.738 V/OPENHU  ( 3108): [75] AapTransport.send | VIDEO Codec/Media Data Ack type: 32772 flags: 11 size: 10 dataOffset: 6
09-03 21:35:00.741 V/OPENHU  ( 3108): [74] AapTransport.sendEncryptedMessage | Sent size: 39
09-03 21:35:00.786 D/OPENHU  ( 3108): [75] AapSslContext.decrypt | SSL Decrypt Status: OK, Produced: 1513, Consumed: 1542
09-03 21:35:00.788 D/OPENHU  ( 3108): [75] Companion.decrypt | RECV: VIDEO Media Data type: 0 flags: 11 size: 1513 dataOffset: 2
09-03 21:35:00.791 V/OPENHU  ( 3108): [75] AapTransport.send | VIDEO Codec/Media Data Ack type: 32772 flags: 11 size: 10 dataOffset: 6
09-03 21:35:00.794 V/OPENHU  ( 3108): [74] AapTransport.sendEncryptedMessage | Sent size: 39
09-03 21:35:00.795 D/OPENHU  ( 3108): [75] AapSslContext.decrypt | SSL Decrypt Status: OK, Produced: 16120, Consumed: 16149
09-03 21:35:00.797 D/OPENHU  ( 3108): [75] Companion.decrypt | RECV: VIDEO Media Data type: 0 flags: 9 size: 16120 dataOffset: 2
09-03 21:35:00.798 V/OPENHU  ( 3108): [75] AapTransport.send | VIDEO Codec/Media Data Ack type: 32772 flags: 11 size: 10 dataOffset: 6
09-03 21:35:00.800 D/OPENHU  ( 3108): [75] AapSslContext.decrypt | SSL Decrypt Status: OK, Produced: 3618, Consumed: 3647
09-03 21:35:00.801 D/OPENHU  ( 3108): [75] Companion.decrypt | RECV: VIDEO Unknown (56649) type: 56649 flags: 10 size: 3618 dataOffset: 2
09-03 21:35:00.801 V/OPENHU  ( 3108): [74] AapTransport.sendEncryptedMessage | Sent size: 39
09-03 21:35:00.802 D/OPENHU  ( 3108): [75] AapSslContext.decrypt | SSL Decrypt Status: OK, Produced: 2386, Consumed: 2415
09-03 21:35:00.803 D/OPENHU  ( 3108): [75] Companion.decrypt | RECV: VIDEO Media Data type: 0 flags: 11 size: 2386 dataOffset: 2
09-03 21:35:00.804 V/OPENHU  ( 3108): [75] AapTransport.send | VIDEO Codec/Media Data Ack type: 32772 flags: 11 size: 10 dataOffset: 6
09-03 21:35:00.807 V/OPENHU  ( 3108): [74] AapTransport.sendEncryptedMessage | Sent size: 39
09-03 21:35:00.811 D/OPENHU  ( 3108): [75] AapSslContext.decrypt | SSL Decrypt Status: OK, Produced: 2106, Consumed: 2135
09-03 21:35:00.812 D/OPENHU  ( 3108): [75] Companion.decrypt | RECV: VIDEO Media Data type: 0 flags: 11 size: 2106 dataOffset: 2
09-03 21:35:00.813 V/OPENHU  ( 3108): [75] AapTransport.send | VIDEO Codec/Media Data Ack type: 32772 flags: 11 size: 10 dataOffset: 6
09-03 21:35:00.816 V/OPENHU  ( 3108): [74] AapTransport.sendEncryptedMessage | Sent size: 39
09-03 21:35:00.834 D/OPENHU  ( 3108): [75] AapSslContext.decrypt | SSL Decrypt Status: OK, Produced: 1315, Consumed: 1344
09-03 21:35:00.835 D/OPENHU  ( 3108): [75] Companion.decrypt | RECV: VIDEO Media Data type: 0 flags: 11 size: 1315 dataOffset: 2
09-03 21:35:00.836 V/OPENHU  ( 3108): [75] AapTransport.send | VIDEO Codec/Media Data Ack type: 32772 flags: 11 size: 10 dataOffset: 6
09-03 21:35:00.840 V/OPENHU  ( 3108): [74] AapTransport.sendEncryptedMessage | Sent size: 39
09-03 21:35:00.875 D/OPENHU  ( 3108): [75] AapSslContext.decrypt | SSL Decrypt Status: OK, Produced: 929, Consumed: 958
09-03 21:35:00.876 D/OPENHU  ( 3108): [75] Companion.decrypt | RECV: VIDEO Media Data type: 0 flags: 11 size: 929 dataOffset: 2
09-03 21:35:00.877 V/OPENHU  ( 3108): [75] AapTransport.send | VIDEO Codec/Media Data Ack type: 32772 flags: 11 size: 10 dataOffset: 6
09-03 21:35:00.879 D/OPENHU  ( 3108): [75] AapSslContext.decrypt | SSL Decrypt Status: OK, Produced: 15314, Consumed: 15343
09-03 21:35:00.880 D/OPENHU  ( 3108): [75] Companion.decrypt | RECV: VIDEO Media Data type: 0 flags: 11 size: 15314 dataOffset: 2
09-03 21:35:00.880 V/OPENHU  ( 3108): [74] AapTransport.sendEncryptedMessage | Sent size: 39
09-03 21:35:00.881 V/OPENHU  ( 3108): [75] AapTransport.send | VIDEO Codec/Media Data Ack type: 32772 flags: 11 size: 10 dataOffset: 6
09-03 21:35:00.884 V/OPENHU  ( 3108): [74] AapTransport.sendEncryptedMessage | Sent size: 39
09-03 21:35:00.894 D/OPENHU  ( 3108): [75] AapSslContext.decrypt | SSL Decrypt Status: OK, Produced: 9225, Consumed: 9254
09-03 21:35:00.895 D/OPENHU  ( 3108): [75] Companion.decrypt | RECV: VIDEO Media Data type: 0 flags: 11 size: 9225 dataOffset: 2
09-03 21:35:00.896 V/OPENHU  ( 3108): [75] AapTransport.send | VIDEO Codec/Media Data Ack type: 32772 flags: 11 size: 10 dataOffset: 6
09-03 21:35:00.899 V/OPENHU  ( 3108): [74] AapTransport.sendEncryptedMessage | Sent size: 39
09-03 21:35:00.911 D/OPENHU  ( 3108): [75] AapSslContext.decrypt | SSL Decrypt Status: OK, Produced: 1100, Consumed: 1129
09-03 21:35:00.912 D/OPENHU  ( 3108): [75] Companion.decrypt | RECV: VIDEO Media Data type: 0 flags: 11 size: 1100 dataOffset: 2
09-03 21:35:00.913 V/OPENHU  ( 3108): [75] AapTransport.send | VIDEO Codec/Media Data Ack type: 32772 flags: 11 size: 10 dataOffset: 6
09-03 21:35:00.916 V/OPENHU  ( 3108): [74] AapTransport.sendEncryptedMessage | Sent size: 39
09-03 21:35:00.932 D/OPENHU  ( 3108): [75] AapSslContext.decrypt | SSL Decrypt Status: OK, Produced: 1811, Consumed: 1840
09-03 21:35:00.933 D/OPENHU  ( 3108): [75] Companion.decrypt | RECV: VIDEO Media Data type: 0 flags: 11 size: 1811 dataOffset: 2
09-03 21:35:00.934 V/OPENHU  ( 3108): [75] AapTransport.send | VIDEO Codec/Media Data Ack type: 32772 flags: 11 size: 10 dataOffset: 6
09-03 21:35:00.937 V/OPENHU  ( 3108): [74] AapTransport.sendEncryptedMessage | Sent size: 39
09-03 21:35:00.946 D/OPENHU  ( 3108): [75] AapSslContext.decrypt | SSL Decrypt Status: OK, Produced: 1368, Consumed: 1397
09-03 21:35:00.947 D/OPENHU  ( 3108): [75] Companion.decrypt | RECV: VIDEO Media Data type: 0 flags: 11 size: 1368 dataOffset: 2
09-03 21:35:00.948 V/OPENHU  ( 3108): [75] AapTransport.send | VIDEO Codec/Media Data Ack type: 32772 flags: 11 size: 10 dataOffset: 6
09-03 21:35:00.952 V/OPENHU  ( 3108): [74] AapTransport.sendEncryptedMessage | Sent size: 39
09-03 21:35:00.991 D/OPENHU  ( 3108): [75] AapSslContext.decrypt | SSL Decrypt Status: OK, Produced: 12, Consumed: 41
09-03 21:35:00.992 D/OPENHU  ( 3108): [75] Companion.decrypt | RECV: CONTROL Ping Request type: 11 flags: 11 size: 12 dataOffset: 2
09-03 21:35:00.993 V/OPENHU  ( 3108): [75] AapTransport.send | CONTROL Ping Response type: 12 flags: 11 size: 14 dataOffset: 6
09-03 21:35:00.995 D/OPENHU  ( 3108): [75] AapSslContext.decrypt | SSL Decrypt Status: OK, Produced: 14575, Consumed: 14604
09-03 21:35:00.996 V/OPENHU  ( 3108): [74] AapTransport.sendEncryptedMessage | Sent size: 43
09-03 21:35:00.996 D/OPENHU  ( 3108): [75] Companion.decrypt | RECV: VIDEO Media Data type: 0 flags: 11 size: 14575 dataOffset: 2
09-03 21:35:00.997 V/OPENHU  ( 3108): [75] AapTransport.send | VIDEO Codec/Media Data Ack type: 32772 flags: 11 size: 10 dataOffset: 6
09-03 21:35:00.999 D/OPENHU  ( 3108): [75] AapSslContext.decrypt | SSL Decrypt Status: OK, Produced: 4510, Consumed: 4539
09-03 21:35:01.000 D/OPENHU  ( 3108): [75] Companion.decrypt | RECV: VIDEO Media Data type: 0 flags: 11 size: 4510 dataOffset: 2
09-03 21:35:01.000 V/OPENHU  ( 3108): [74] AapTransport.sendEncryptedMessage | Sent size: 39
09-03 21:35:01.001 V/OPENHU  ( 3108): [75] AapTransport.send | VIDEO Codec/Media Data Ack type: 32772 flags: 11 size: 10 dataOffset: 6
09-03 21:35:01.004 V/OPENHU  ( 3108): [74] AapTransport.sendEncryptedMessage | Sent size: 39
09-03 21:35:01.011 D/OPENHU  ( 3108): [75] AapSslContext.decrypt | SSL Decrypt Status: OK, Produced: 1173, Consumed: 1202
09-03 21:35:01.011 D/OPENHU  ( 3108): [75] Companion.decrypt | RECV: VIDEO Media Data type: 0 flags: 11 size: 1173 dataOffset: 2
09-03 21:35:01.012 V/OPENHU  ( 3108): [75] AapTransport.send | VIDEO Codec/Media Data Ack type: 32772 flags: 11 size: 10 dataOffset: 6
09-03 21:35:01.015 V/OPENHU  ( 3108): [74] AapTransport.sendEncryptedMessage | Sent size: 39
09-03 21:35:01.033 D/OPENHU  ( 3108): [75] AapSslContext.decrypt | SSL Decrypt Status: OK, Produced: 1822, Consumed: 1851
09-03 21:35:01.033 D/OPENHU  ( 3108): [75] Companion.decrypt | RECV: VIDEO Media Data type: 0 flags: 11 size: 1822 dataOffset: 2
09-03 21:35:01.035 V/OPENHU  ( 3108): [75] AapTransport.send | VIDEO Codec/Media Data Ack type: 32772 flags: 11 size: 10 dataOffset: 6
09-03 21:35:01.038 V/OPENHU  ( 3108): [74] AapTransport.sendEncryptedMessage | Sent size: 39
09-03 21:35:01.047 D/OPENHU  ( 3108): [75] AapSslContext.decrypt | SSL Decrypt Status: OK, Produced: 1402, Consumed: 1431
09-03 21:35:01.047 D/OPENHU  ( 3108): [75] Companion.decrypt | RECV: VIDEO Media Data type: 0 flags: 11 size: 1402 dataOffset: 2
09-03 21:35:01.048 V/OPENHU  ( 3108): [75] AapTransport.send | VIDEO Codec/Media Data Ack type: 32772 flags: 11 size: 10 dataOffset: 6
09-03 21:35:01.052 V/OPENHU  ( 3108): [74] AapTransport.sendEncryptedMessage | Sent size: 39
09-03 21:35:01.079 D/OPENHU  ( 3108): [75] AapSslContext.decrypt | SSL Decrypt Status: OK, Produced: 16120, Consumed: 16149
09-03 21:35:01.080 D/OPENHU  ( 3108): [75] Companion.decrypt | RECV: VIDEO Media Data type: 0 flags: 9 size: 16120 dataOffset: 2
09-03 21:35:01.080 V/OPENHU  ( 3108): [2] GpsLocation.onLocationChanged | GpsLocation: fix received
09-03 21:35:01.081 V/OPENHU  ( 3108): [75] AapTransport.send | VIDEO Codec/Media Data Ack type: 32772 flags: 11 size: 10 dataOffset: 6
09-03 21:35:01.083 D/OPENHU  ( 3108): [75] AapSslContext.decrypt | SSL Decrypt Status: OK, Produced: 712, Consumed: 741
09-03 21:35:01.083 V/OPENHU  ( 3108): [74] AapTransport.sendEncryptedMessage | Sent size: 39
09-03 21:35:01.083 D/OPENHU  ( 3108): [75] Companion.decrypt | RECV: VIDEO Unknown (26240) type: 26240 flags: 10 size: 712 dataOffset: 2
09-03 21:35:01.091 V/OPENHU  ( 3108): [2] AapTransport.send | SENSOR Sensor Event type: 32771 flags: 11 size: 45 dataOffset: 6
09-03 21:35:01.094 V/OPENHU  ( 3108): [74] AapTransport.sendEncryptedMessage | Sent size: 74
09-03 21:35:01.096 D/OPENHU  ( 3108): [75] AapSslContext.decrypt | SSL Decrypt Status: OK, Produced: 5297, Consumed: 5326
09-03 21:35:01.096 D/OPENHU  ( 3108): [75] Companion.decrypt | RECV: VIDEO Media Data type: 0 flags: 11 size: 5297 dataOffset: 2
09-03 21:35:01.098 V/OPENHU  ( 3108): [75] AapTransport.send | VIDEO Codec/Media Data Ack type: 32772 flags: 11 size: 10 dataOffset: 6
09-03 21:35:01.100 V/OPENHU  ( 3108): [74] AapTransport.sendEncryptedMessage | Sent size: 39
09-03 21:35:01.112 D/OPENHU  ( 3108): [75] AapSslContext.decrypt | SSL Decrypt Status: OK, Produced: 1353, Consumed: 1382
09-03 21:35:01.113 D/OPENHU  ( 3108): [75] Companion.decrypt | RECV: VIDEO Media Data type: 0 flags: 11 size: 1353 dataOffset: 2
09-03 21:35:01.114 V/OPENHU  ( 3108): [75] AapTransport.send | VIDEO Codec/Media Data Ack type: 32772 flags: 11 size: 10 dataOffset: 6
09-03 21:35:01.117 V/OPENHU  ( 3108): [74] AapTransport.sendEncryptedMessage | Sent size: 39
09-03 21:35:01.133 D/OPENHU  ( 3108): [75] AapSslContext.decrypt | SSL Decrypt Status: OK, Produced: 4575, Consumed: 4604
09-03 21:35:01.134 D/OPENHU  ( 3108): [75] Companion.decrypt | RECV: VIDEO Media Data type: 0 flags: 11 size: 4575 dataOffset: 2
09-03 21:35:01.135 V/OPENHU  ( 3108): [75] AapTransport.send | VIDEO Codec/Media Data Ack type: 32772 flags: 11 size: 10 dataOffset: 6
09-03 21:35:01.138 V/OPENHU  ( 3108): [74] AapTransport.sendEncryptedMessage | Sent size: 39
09-03 21:35:01.148 D/OPENHU  ( 3108): [75] AapSslContext.decrypt | SSL Decrypt Status: OK, Produced: 1493, Consumed: 1522
09-03 21:35:01.148 D/OPENHU  ( 3108): [75] Companion.decrypt | RECV: VIDEO Media Data type: 0 flags: 11 size: 1493 dataOffset: 2
09-03 21:35:01.149 V/OPENHU  ( 3108): [75] AapTransport.send | VIDEO Codec/Media Data Ack type: 32772 flags: 11 size: 10 dataOffset: 6
09-03 21:35:01.152 V/OPENHU  ( 3108): [74] AapTransport.sendEncryptedMessage | Sent size: 39
09-03 21:35:01.193 D/OPENHU  ( 3108): [75] AapSslContext.decrypt | SSL Decrypt Status: OK, Produced: 16120, Consumed: 16149
09-03 21:35:01.194 D/OPENHU  ( 3108): [75] Companion.decrypt | RECV: VIDEO Media Data type: 0 flags: 9 size: 16120 dataOffset: 2
09-03 21:35:01.195 V/OPENHU  ( 3108): [75] AapTransport.send | VIDEO Codec/Media Data Ack type: 32772 flags: 11 size: 10 dataOffset: 6
09-03 21:35:01.197 D/OPENHU  ( 3108): [75] AapSslContext.decrypt | SSL Decrypt Status: OK, Produced: 6080, Consumed: 6109
09-03 21:35:01.198 D/OPENHU  ( 3108): [75] Companion.decrypt | RECV: VIDEO Unknown (32202) type: 32202 flags: 10 size: 6080 dataOffset: 2
09-03 21:35:01.199 V/OPENHU  ( 3108): [74] AapTransport.sendEncryptedMessage | Sent size: 39
09-03 21:35:01.199 D/OPENHU  ( 3108): [75] AapSslContext.decrypt | SSL Decrypt Status: OK, Produced: 2796, Consumed: 2825
09-03 21:35:01.200 D/OPENHU  ( 3108): [75] Companion.decrypt | RECV: VIDEO Media Data type: 0 flags: 11 size: 2796 dataOffset: 2
09-03 21:35:01.201 V/OPENHU  ( 3108): [75] AapTransport.send | VIDEO Codec/Media Data Ack type: 32772 flags: 11 size: 10 dataOffset: 6
09-03 21:35:01.202 V/OPENHU  ( 3108): [74] AapTransport.sendEncryptedMessage | Sent size: 39
09-03 21:35:01.212 D/OPENHU  ( 3108): [75] AapSslContext.decrypt | SSL Decrypt Status: OK, Produced: 1305, Consumed: 1334
09-03 21:35:01.213 D/OPENHU  ( 3108): [75] Companion.decrypt | RECV: VIDEO Media Data type: 0 flags: 11 size: 1305 dataOffset: 2
09-03 21:35:01.214 V/OPENHU  ( 3108): [75] AapTransport.send | VIDEO Codec/Media Data Ack type: 32772 flags: 11 size: 10 dataOffset: 6
09-03 21:35:01.216 V/OPENHU  ( 3108): [74] AapTransport.sendEncryptedMessage | Sent size: 39
09-03 21:35:01.231 D/OPENHU  ( 3108): [75] AapSslContext.decrypt | SSL Decrypt Status: OK, Produced: 2003, Consumed: 2032
09-03 21:35:01.232 D/OPENHU  ( 3108): [75] Companion.decrypt | RECV: VIDEO Media Data type: 0 flags: 11 size: 2003 dataOffset: 2
09-03 21:35:01.233 V/OPENHU  ( 3108): [75] AapTransport.send | VIDEO Codec/Media Data Ack type: 32772 flags: 11 size: 10 dataOffset: 6
09-03 21:35:01.236 V/OPENHU  ( 3108): [74] AapTransport.sendEncryptedMessage | Sent size: 39
09-03 21:35:01.245 D/OPENHU  ( 3108): [75] AapSslContext.decrypt | SSL Decrypt Status: OK, Produced: 967, Consumed: 996
09-03 21:35:01.246 D/OPENHU  ( 3108): [75] Companion.decrypt | RECV: VIDEO Media Data type: 0 flags: 11 size: 967 dataOffset: 2
09-03 21:35:01.247 V/OPENHU  ( 3108): [75] AapTransport.send | VIDEO Codec/Media Data Ack type: 32772 flags: 11 size: 10 dataOffset: 6
09-03 21:35:01.249 V/OPENHU  ( 3108): [74] AapTransport.sendEncryptedMessage | Sent size: 39
09-03 21:35:01.285 D/OPENHU  ( 3108): [75] AapSslContext.decrypt | SSL Decrypt Status: OK, Produced: 16120, Consumed: 16149
09-03 21:35:01.286 D/OPENHU  ( 3108): [75] Companion.decrypt | RECV: VIDEO Media Data type: 0 flags: 9 size: 16120 dataOffset: 2
09-03 21:35:01.287 V/OPENHU  ( 3108): [75] AapTransport.send | VIDEO Codec/Media Data Ack type: 32772 flags: 11 size: 10 dataOffset: 6
09-03 21:35:01.289 D/OPENHU  ( 3108): [75] AapSslContext.decrypt | SSL Decrypt Status: OK, Produced: 10939, Consumed: 10968
09-03 21:35:01.289 V/OPENHU  ( 3108): [74] AapTransport.sendEncryptedMessage | Sent size: 39
09-03 21:35:01.290 D/OPENHU  ( 3108): [75] Companion.decrypt | RECV: VIDEO Unknown (62415) type: 62415 flags: 10 size: 10939 dataOffset: 2
09-03 21:35:01.296 D/OPENHU  ( 3108): [75] AapSslContext.decrypt | SSL Decrypt Status: OK, Produced: 6223, Consumed: 6252
09-03 21:35:01.297 D/OPENHU  ( 3108): [75] Companion.decrypt | RECV: VIDEO Media Data type: 0 flags: 11 size: 6223 dataOffset: 2
09-03 21:35:01.298 V/OPENHU  ( 3108): [75] AapTransport.send | VIDEO Codec/Media Data Ack type: 32772 flags: 11 size: 10 dataOffset: 6
09-03 21:35:01.303 V/OPENHU  ( 3108): [74] AapTransport.sendEncryptedMessage | Sent size: 39
09-03 21:35:01.311 D/OPENHU  ( 3108): [75] AapSslContext.decrypt | SSL Decrypt Status: OK, Produced: 1289, Consumed: 1318
09-03 21:35:01.312 D/OPENHU  ( 3108): [75] Companion.decrypt | RECV: VIDEO Media Data type: 0 flags: 11 size: 1289 dataOffset: 2
09-03 21:35:01.313 V/OPENHU  ( 3108): [75] AapTransport.send | VIDEO Codec/Media Data Ack type: 32772 flags: 11 size: 10 dataOffset: 6
09-03 21:35:01.317 V/OPENHU  ( 3108): [74] AapTransport.sendEncryptedMessage | Sent size: 39
09-03 21:35:01.333 D/OPENHU  ( 3108): [75] AapSslContext.decrypt | SSL Decrypt Status: OK, Produced: 2081, Consumed: 2110
09-03 21:35:01.334 D/OPENHU  ( 3108): [75] Companion.decrypt | RECV: VIDEO Media Data type: 0 flags: 11 size: 2081 dataOffset: 2
09-03 21:35:01.335 V/OPENHU  ( 3108): [75] AapTransport.send | VIDEO Codec/Media Data Ack type: 32772 flags: 11 size: 10 dataOffset: 6
09-03 21:35:01.338 V/OPENHU  ( 3108): [74] AapTransport.sendEncryptedMessage | Sent size: 39
09-03 21:35:01.346 D/OPENHU  ( 3108): [75] AapSslContext.decrypt | SSL Decrypt Status: OK, Produced: 1443, Consumed: 1472
09-03 21:35:01.347 D/OPENHU  ( 3108): [75] Companion.decrypt | RECV: VIDEO Media Data type: 0 flags: 11 size: 1443 dataOffset: 2
09-03 21:35:01.348 V/OPENHU  ( 3108): [75] AapTransport.send | VIDEO Codec/Media Data Ack type: 32772 flags: 11 size: 10 dataOffset: 6
09-03 21:35:01.353 V/OPENHU  ( 3108): [74] AapTransport.sendEncryptedMessage | Sent size: 39
09-03 21:35:01.400 D/OPENHU  ( 3108): [75] AapSslContext.decrypt | SSL Decrypt Status: OK, Produced: 1977, Consumed: 2006
09-03 21:35:01.401 D/OPENHU  ( 3108): [75] Companion.decrypt | RECV: VIDEO Media Data type: 0 flags: 11 size: 1977 dataOffset: 2
09-03 21:35:01.402 V/OPENHU  ( 3108): [75] AapTransport.send | VIDEO Codec/Media Data Ack type: 32772 flags: 11 size: 10 dataOffset: 6
09-03 21:35:01.403 D/OPENHU  ( 3108): [75] AapSslContext.decrypt | SSL Decrypt Status: OK, Produced: 1357, Consumed: 1386
09-03 21:35:01.404 D/OPENHU  ( 3108): [75] Companion.decrypt | RECV: VIDEO Media Data type: 0 flags: 11 size: 1357 dataOffset: 2
09-03 21:35:01.405 V/OPENHU  ( 3108): [74] AapTransport.sendEncryptedMessage | Sent size: 39
09-03 21:35:01.405 V/OPENHU  ( 3108): [75] AapTransport.send | VIDEO Codec/Media Data Ack type: 32772 flags: 11 size: 10 dataOffset: 6
09-03 21:35:01.408 V/OPENHU  ( 3108): [74] AapTransport.sendEncryptedMessage | Sent size: 39
09-03 21:35:01.412 D/OPENHU  ( 3108): [75] AapSslContext.decrypt | SSL Decrypt Status: OK, Produced: 1162, Consumed: 1191
09-03 21:35:01.413 D/OPENHU  ( 3108): [75] Companion.decrypt | RECV: VIDEO Media Data type: 0 flags: 11 size: 1162 dataOffset: 2
09-03 21:35:01.414 V/OPENHU  ( 3108): [75] AapTransport.send | VIDEO Codec/Media Data Ack type: 32772 flags: 11 size: 10 dataOffset: 6
09-03 21:35:01.418 V/OPENHU  ( 3108): [74] AapTransport.sendEncryptedMessage | Sent size: 39
09-03 21:35:01.429 D/OPENHU  ( 3108): [75] AapSslContext.decrypt | SSL Decrypt Status: OK, Produced: 1106, Consumed: 1135
09-03 21:35:01.431 D/OPENHU  ( 3108): [75] Companion.decrypt | RECV: VIDEO Media Data type: 0 flags: 11 size: 1106 dataOffset: 2
09-03 21:35:01.433 V/OPENHU  ( 3108): [75] AapTransport.send | VIDEO Codec/Media Data Ack type: 32772 flags: 11 size: 10 dataOffset: 6
09-03 21:35:01.436 V/OPENHU  ( 3108): [74] AapTransport.sendEncryptedMessage | Sent size: 39
09-03 21:35:01.446 D/OPENHU  ( 3108): [75] AapSslContext.decrypt | SSL Decrypt Status: OK, Produced: 4033, Consumed: 4062
09-03 21:35:01.447 D/OPENHU  ( 3108): [75] Companion.decrypt | RECV: VIDEO Media Data type: 0 flags: 11 size: 4033 dataOffset: 2
09-03 21:35:01.448 V/OPENHU  ( 3108): [75] AapTransport.send | VIDEO Codec/Media Data Ack type: 32772 flags: 11 size: 10 dataOffset: 6
09-03 21:35:01.451 V/OPENHU  ( 3108): [74] AapTransport.sendEncryptedMessage | Sent size: 39
09-03 21:35:01.490 D/OPENHU  ( 3108): [75] AapSslContext.decrypt | SSL Decrypt Status: OK, Produced: 5330, Consumed: 5359
09-03 21:35:01.491 D/OPENHU  ( 3108): [75] Companion.decrypt | RECV: VIDEO Media Data type: 0 flags: 11 size: 5330 dataOffset: 2
09-03 21:35:01.492 V/OPENHU  ( 3108): [75] AapTransport.send | VIDEO Codec/Media Data Ack type: 32772 flags: 11 size: 10 dataOffset: 6
09-03 21:35:01.496 V/OPENHU  ( 3108): [74] AapTransport.sendEncryptedMessage | Sent size: 39
09-03 21:35:01.497 D/OPENHU  ( 3108): [75] AapSslContext.decrypt | SSL Decrypt Status: OK, Produced: 987, Consumed: 1016
09-03 21:35:01.498 D/OPENHU  ( 3108): [75] Companion.decrypt | RECV: VIDEO Media Data type: 0 flags: 11 size: 987 dataOffset: 2
09-03 21:35:01.499 V/OPENHU  ( 3108): [75] AapTransport.send | VIDEO Codec/Media Data Ack type: 32772 flags: 11 size: 10 dataOffset: 6
09-03 21:35:01.503 V/OPENHU  ( 3108): [74] AapTransport.sendEncryptedMessage | Sent size: 39
09-03 21:35:01.515 D/OPENHU  ( 3108): [75] AapSslContext.decrypt | SSL Decrypt Status: OK, Produced: 1651, Consumed: 1680
09-03 21:35:01.517 D/OPENHU  ( 3108): [75] Companion.decrypt | RECV: VIDEO Media Data type: 0 flags: 11 size: 1651 dataOffset: 2
09-03 21:35:01.519 V/OPENHU  ( 3108): [75] AapTransport.send | VIDEO Codec/Media Data Ack type: 32772 flags: 11 size: 10 dataOffset: 6
09-03 21:35:01.522 V/OPENHU  ( 3108): [74] AapTransport.sendEncryptedMessage | Sent size: 39
09-03 21:35:01.537 D/OPENHU  ( 3108): [75] AapSslContext.decrypt | SSL Decrypt Status: OK, Produced: 854, Consumed: 883
09-03 21:35:01.537 D/OPENHU  ( 3108): [75] Companion.decrypt | RECV: VIDEO Media Data type: 0 flags: 11 size: 854 dataOffset: 2
09-03 21:35:01.539 V/OPENHU  ( 3108): [75] AapTransport.send | VIDEO Codec/Media Data Ack type: 32772 flags: 11 size: 10 dataOffset: 6
09-03 21:35:01.542 V/OPENHU  ( 3108): [74] AapTransport.sendEncryptedMessage | Sent size: 39
09-03 21:35:01.551 D/OPENHU  ( 3108): [75] AapSslContext.decrypt | SSL Decrypt Status: OK, Produced: 1038, Consumed: 1067
09-03 21:35:01.552 D/OPENHU  ( 3108): [75] Companion.decrypt | RECV: VIDEO Media Data type: 0 flags: 11 size: 1038 dataOffset: 2
09-03 21:35:01.553 V/OPENHU  ( 3108): [75] AapTransport.send | VIDEO Codec/Media Data Ack type: 32772 flags: 11 size: 10 dataOffset: 6
09-03 21:35:01.556 V/OPENHU  ( 3108): [74] AapTransport.sendEncryptedMessage | Sent size: 39
09-03 21:35:01.601 D/OPENHU  ( 3108): [75] AapSslContext.decrypt | SSL Decrypt Status: OK, Produced: 1519, Consumed: 1548
09-03 21:35:01.602 D/OPENHU  ( 3108): [75] Companion.decrypt | RECV: VIDEO Media Data type: 0 flags: 11 size: 1519 dataOffset: 2
09-03 21:35:01.603 V/OPENHU  ( 3108): [75] AapTransport.send | VIDEO Codec/Media Data Ack type: 32772 flags: 11 size: 10 dataOffset: 6
09-03 21:35:01.605 D/OPENHU  ( 3108): [75] AapSslContext.decrypt | SSL Decrypt Status: OK, Produced: 1221, Consumed: 1250
09-03 21:35:01.606 D/OPENHU  ( 3108): [75] Companion.decrypt | RECV: VIDEO Media Data type: 0 flags: 11 size: 1221 dataOffset: 2
09-03 21:35:01.606 V/OPENHU  ( 3108): [74] AapTransport.sendEncryptedMessage | Sent size: 39
09-03 21:35:01.607 V/OPENHU  ( 3108): [75] AapTransport.send | VIDEO Codec/Media Data Ack type: 32772 flags: 11 size: 10 dataOffset: 6
09-03 21:35:01.609 V/OPENHU  ( 3108): [74] AapTransport.sendEncryptedMessage | Sent size: 39
09-03 21:35:01.611 D/OPENHU  ( 3108): [75] AapSslContext.decrypt | SSL Decrypt Status: OK, Produced: 1148, Consumed: 1177
09-03 21:35:01.611 D/OPENHU  ( 3108): [75] Companion.decrypt | RECV: VIDEO Media Data type: 0 flags: 11 size: 1148 dataOffset: 2
09-03 21:35:01.613 V/OPENHU  ( 3108): [75] AapTransport.send | VIDEO Codec/Media Data Ack type: 32772 flags: 11 size: 10 dataOffset: 6
09-03 21:35:01.616 V/OPENHU  ( 3108): [74] AapTransport.sendEncryptedMessage | Sent size: 39
09-03 21:35:01.632 D/OPENHU  ( 3108): [75] AapSslContext.decrypt | SSL Decrypt Status: OK, Produced: 1126, Consumed: 1155
09-03 21:35:01.633 D/OPENHU  ( 3108): [75] Companion.decrypt | RECV: VIDEO Media Data type: 0 flags: 11 size: 1126 dataOffset: 2
09-03 21:35:01.635 V/OPENHU  ( 3108): [75] AapTransport.send | VIDEO Codec/Media Data Ack type: 32772 flags: 11 size: 10 dataOffset: 6
09-03 21:35:01.637 V/OPENHU  ( 3108): [74] AapTransport.sendEncryptedMessage | Sent size: 39
09-03 21:35:01.646 D/OPENHU  ( 3108): [75] AapSslContext.decrypt | SSL Decrypt Status: OK, Produced: 1868, Consumed: 1897
09-03 21:35:01.647 D/OPENHU  ( 3108): [75] Companion.decrypt | RECV: VIDEO Media Data type: 0 flags: 11 size: 1868 dataOffset: 2
09-03 21:35:01.648 V/OPENHU  ( 3108): [75] AapTransport.send | VIDEO Codec/Media Data Ack type: 32772 flags: 11 size: 10 dataOffset: 6
09-03 21:35:01.651 V/OPENHU  ( 3108): [74] AapTransport.sendEncryptedMessage | Sent size: 39
09-03 21:35:01.694 D/OPENHU  ( 3108): [75] AapSslContext.decrypt | SSL Decrypt Status: OK, Produced: 1904, Consumed: 1933
09-03 21:35:01.695 D/OPENHU  ( 3108): [75] Companion.decrypt | RECV: VIDEO Media Data type: 0 flags: 11 size: 1904 dataOffset: 2
09-03 21:35:01.696 V/OPENHU  ( 3108): [75] AapTransport.send | VIDEO Codec/Media Data Ack type: 32772 flags: 11 size: 10 dataOffset: 6
09-03 21:35:01.698 D/OPENHU  ( 3108): [75] AapSslContext.decrypt | SSL Decrypt Status: OK, Produced: 1530, Consumed: 1559
09-03 21:35:01.699 D/OPENHU  ( 3108): [75] Companion.decrypt | RECV: VIDEO Media Data type: 0 flags: 11 size: 1530 dataOffset: 2
09-03 21:35:01.699 V/OPENHU  ( 3108): [74] AapTransport.sendEncryptedMessage | Sent size: 39
09-03 21:35:01.700 V/OPENHU  ( 3108): [75] AapTransport.send | VIDEO Codec/Media Data Ack type: 32772 flags: 11 size: 10 dataOffset: 6
09-03 21:35:01.703 V/OPENHU  ( 3108): [74] AapTransport.sendEncryptedMessage | Sent size: 39
09-03 21:35:01.712 D/OPENHU  ( 3108): [75] AapSslContext.decrypt | SSL Decrypt Status: OK, Produced: 1123, Consumed: 1152
09-03 21:35:01.713 D/OPENHU  ( 3108): [75] Companion.decrypt | RECV: VIDEO Media Data type: 0 flags: 11 size: 1123 dataOffset: 2
09-03 21:35:01.714 V/OPENHU  ( 3108): [75] AapTransport.send | VIDEO Codec/Media Data Ack type: 32772 flags: 11 size: 10 dataOffset: 6
09-03 21:35:01.717 V/OPENHU  ( 3108): [74] AapTransport.sendEncryptedMessage | Sent size: 39
09-03 21:35:01.728 D/OPENHU  ( 3108): [75] AapSslContext.decrypt | SSL Decrypt Status: OK, Produced: 1416, Consumed: 1445
09-03 21:35:01.729 D/OPENHU  ( 3108): [75] Companion.decrypt | RECV: VIDEO Media Data type: 0 flags: 11 size: 1416 dataOffset: 2
09-03 21:35:01.730 V/OPENHU  ( 3108): [75] AapTransport.send | VIDEO Codec/Media Data Ack type: 32772 flags: 11 size: 10 dataOffset: 6
09-03 21:35:01.732 V/OPENHU  ( 3108): [74] AapTransport.sendEncryptedMessage | Sent size: 39
09-03 21:35:01.743 D/OPENHU  ( 3108): [75] AapSslContext.decrypt | SSL Decrypt Status: OK, Produced: 13808, Consumed: 13837
09-03 21:35:01.744 D/OPENHU  ( 3108): [75] Companion.decrypt | RECV: VIDEO Media Data type: 0 flags: 11 size: 13808 dataOffset: 2
09-03 21:35:01.745 V/OPENHU  ( 3108): [75] AapTransport.send | VIDEO Codec/Media Data Ack type: 32772 flags: 11 size: 10 dataOffset: 6
09-03 21:35:01.748 V/OPENHU  ( 3108): [74] AapTransport.sendEncryptedMessage | Sent size: 39
09-03 21:35:01.812 D/OPENHU  ( 3108): [75] AapSslContext.decrypt | SSL Decrypt Status: OK, Produced: 7558, Consumed: 7587
09-03 21:35:01.813 D/OPENHU  ( 3108): [75] Companion.decrypt | RECV: VIDEO Media Data type: 0 flags: 11 size: 7558 dataOffset: 2
09-03 21:35:01.813 V/OPENHU  ( 3108): [75] AapTransport.send | VIDEO Codec/Media Data Ack type: 32772 flags: 11 size: 10 dataOffset: 6
09-03 21:35:01.815 D/OPENHU  ( 3108): [75] AapSslContext.decrypt | SSL Decrypt Status: OK, Produced: 1432, Consumed: 1461
09-03 21:35:01.816 V/OPENHU  ( 3108): [74] AapTransport.sendEncryptedMessage | Sent size: 39
09-03 21:35:01.816 D/OPENHU  ( 3108): [75] Companion.decrypt | RECV: VIDEO Media Data type: 0 flags: 11 size: 1432 dataOffset: 2
09-03 21:35:01.817 V/OPENHU  ( 3108): [75] AapTransport.send | VIDEO Codec/Media Data Ack type: 32772 flags: 11 size: 10 dataOffset: 6
09-03 21:35:01.819 D/OPENHU  ( 3108): [75] AapSslContext.decrypt | SSL Decrypt Status: OK, Produced: 1564, Consumed: 1593
09-03 21:35:01.819 D/OPENHU  ( 3108): [75] Companion.decrypt | RECV: VIDEO Media Data type: 0 flags: 11 size: 1564 dataOffset: 2
09-03 21:35:01.819 V/OPENHU  ( 3108): [74] AapTransport.sendEncryptedMessage | Sent size: 39
09-03 21:35:01.820 V/OPENHU  ( 3108): [75] AapTransport.send | VIDEO Codec/Media Data Ack type: 32772 flags: 11 size: 10 dataOffset: 6
09-03 21:35:01.824 V/OPENHU  ( 3108): [74] AapTransport.sendEncryptedMessage | Sent size: 39
09-03 21:35:01.830 D/OPENHU  ( 3108): [75] AapSslContext.decrypt | SSL Decrypt Status: OK, Produced: 1093, Consumed: 1122
09-03 21:35:01.831 D/OPENHU  ( 3108): [75] Companion.decrypt | RECV: VIDEO Media Data type: 0 flags: 11 size: 1093 dataOffset: 2
09-03 21:35:01.832 V/OPENHU  ( 3108): [75] AapTransport.send | VIDEO Codec/Media Data Ack type: 32772 flags: 11 size: 10 dataOffset: 6
09-03 21:35:01.834 V/OPENHU  ( 3108): [74] AapTransport.sendEncryptedMessage | Sent size: 39
09-03 21:35:01.844 D/OPENHU  ( 3108): [75] AapSslContext.decrypt | SSL Decrypt Status: OK, Produced: 1312, Consumed: 1341
09-03 21:35:01.846 D/OPENHU  ( 3108): [75] Companion.decrypt | RECV: VIDEO Media Data type: 0 flags: 11 size: 1312 dataOffset: 2
09-03 21:35:01.848 V/OPENHU  ( 3108): [75] AapTransport.send | VIDEO Codec/Media Data Ack type: 32772 flags: 11 size: 10 dataOffset: 6
09-03 21:35:01.850 V/OPENHU  ( 3108): [74] AapTransport.sendEncryptedMessage | Sent size: 39
09-03 21:35:01.898 D/OPENHU  ( 3108): [75] AapSslContext.decrypt | SSL Decrypt Status: OK, Produced: 3120, Consumed: 3149
09-03 21:35:01.899 D/OPENHU  ( 3108): [75] Companion.decrypt | RECV: VIDEO Media Data type: 0 flags: 11 size: 3120 dataOffset: 2
09-03 21:35:01.900 V/OPENHU  ( 3108): [75] AapTransport.send | VIDEO Codec/Media Data Ack type: 32772 flags: 11 size: 10 dataOffset: 6
09-03 21:35:01.902 D/OPENHU  ( 3108): [75] AapSslContext.decrypt | SSL Decrypt Status: OK, Produced: 1443, Consumed: 1472
09-03 21:35:01.902 D/OPENHU  ( 3108): [75] Companion.decrypt | RECV: VIDEO Media Data type: 0 flags: 11 size: 1443 dataOffset: 2
09-03 21:35:01.903 V/OPENHU  ( 3108): [74] AapTransport.sendEncryptedMessage | Sent size: 39
09-03 21:35:01.903 V/OPENHU  ( 3108): [75] AapTransport.send | VIDEO Codec/Media Data Ack type: 32772 flags: 11 size: 10 dataOffset: 6
09-03 21:35:01.906 V/OPENHU  ( 3108): [74] AapTransport.sendEncryptedMessage | Sent size: 39
09-03 21:35:01.913 D/OPENHU  ( 3108): [75] AapSslContext.decrypt | SSL Decrypt Status: OK, Produced: 925, Consumed: 954
09-03 21:35:01.914 D/OPENHU  ( 3108): [75] Companion.decrypt | RECV: VIDEO Media Data type: 0 flags: 11 size: 925 dataOffset: 2
09-03 21:35:01.915 V/OPENHU  ( 3108): [75] AapTransport.send | VIDEO Codec/Media Data Ack type: 32772 flags: 11 size: 10 dataOffset: 6
09-03 21:35:01.919 V/OPENHU  ( 3108): [74] AapTransport.sendEncryptedMessage | Sent size: 39
09-03 21:35:01.937 D/OPENHU  ( 3108): [75] AapSslContext.decrypt | SSL Decrypt Status: OK, Produced: 1045, Consumed: 1074
09-03 21:35:01.938 D/OPENHU  ( 3108): [75] Companion.decrypt | RECV: VIDEO Media Data type: 0 flags: 11 size: 1045 dataOffset: 2
09-03 21:35:01.939 V/OPENHU  ( 3108): [75] AapTransport.send | VIDEO Codec/Media Data Ack type: 32772 flags: 11 size: 10 dataOffset: 6
09-03 21:35:01.942 V/OPENHU  ( 3108): [74] AapTransport.sendEncryptedMessage | Sent size: 39
09-03 21:35:01.951 D/OPENHU  ( 3108): [75] AapSslContext.decrypt | SSL Decrypt Status: OK, Produced: 1280, Consumed: 1309
09-03 21:35:01.952 D/OPENHU  ( 3108): [75] Companion.decrypt | RECV: VIDEO Media Data type: 0 flags: 11 size: 1280 dataOffset: 2
09-03 21:35:01.953 V/OPENHU  ( 3108): [75] AapTransport.send | VIDEO Codec/Media Data Ack type: 32772 flags: 11 size: 10 dataOffset: 6
09-03 21:35:01.956 V/OPENHU  ( 3108): [74] AapTransport.sendEncryptedMessage | Sent size: 39
09-03 21:35:01.994 V/OPENHU  ( 3108): [2] GpsLocation.onLocationChanged | GpsLocation: fix received
09-03 21:35:02.003 V/OPENHU  ( 3108): [2] AapTransport.send | SENSOR Sensor Event type: 32771 flags: 11 size: 45 dataOffset: 6
09-03 21:35:02.005 V/OPENHU  ( 3108): [74] AapTransport.sendEncryptedMessage | Sent size: 74
09-03 21:35:02.011 D/OPENHU  ( 3108): [75] AapSslContext.decrypt | SSL Decrypt Status: OK, Produced: 12, Consumed: 41
09-03 21:35:02.012 D/OPENHU  ( 3108): [75] Companion.decrypt | RECV: CONTROL Ping Request type: 11 flags: 11 size: 12 dataOffset: 2
09-03 21:35:02.012 V/OPENHU  ( 3108): [75] AapTransport.send | CONTROL Ping Response type: 12 flags: 11 size: 14 dataOffset: 6
09-03 21:35:02.014 D/OPENHU  ( 3108): [75] AapSslContext.decrypt | SSL Decrypt Status: OK, Produced: 1388, Consumed: 1417
09-03 21:35:02.015 D/OPENHU  ( 3108): [75] Companion.decrypt | RECV: VIDEO Media Data type: 0 flags: 11 size: 1388 dataOffset: 2
09-03 21:35:02.015 V/OPENHU  ( 3108): [74] AapTransport.sendEncryptedMessage | Sent size: 43
09-03 21:35:02.016 V/OPENHU  ( 3108): [75] AapTransport.send | VIDEO Codec/Media Data Ack type: 32772 flags: 11 size: 10 dataOffset: 6
09-03 21:35:02.018 D/OPENHU  ( 3108): [75] AapSslContext.decrypt | SSL Decrypt Status: OK, Produced: 1168, Consumed: 1197
09-03 21:35:02.019 D/OPENHU  ( 3108): [75] Companion.decrypt | RECV: VIDEO Media Data type: 0 flags: 11 size: 1168 dataOffset: 2
09-03 21:35:02.019 V/OPENHU  ( 3108): [74] AapTransport.sendEncryptedMessage | Sent size: 39
09-03 21:35:02.020 V/OPENHU  ( 3108): [75] AapTransport.send | VIDEO Codec/Media Data Ack type: 32772 flags: 11 size: 10 dataOffset: 6
09-03 21:35:02.022 D/OPENHU  ( 3108): [75] AapSslContext.decrypt | SSL Decrypt Status: OK, Produced: 1143, Consumed: 1172
09-03 21:35:02.023 D/OPENHU  ( 3108): [75] Companion.decrypt | RECV: VIDEO Media Data type: 0 flags: 11 size: 1143 dataOffset: 2
09-03 21:35:02.023 V/OPENHU  ( 3108): [74] AapTransport.sendEncryptedMessage | Sent size: 39
09-03 21:35:02.024 V/OPENHU  ( 3108): [75] AapTransport.send | VIDEO Codec/Media Data Ack type: 32772 flags: 11 size: 10 dataOffset: 6
09-03 21:35:02.028 V/OPENHU  ( 3108): [74] AapTransport.sendEncryptedMessage | Sent size: 39
09-03 21:35:02.028 D/OPENHU  ( 3108): [75] AapSslContext.decrypt | SSL Decrypt Status: OK, Produced: 1143, Consumed: 1172
09-03 21:35:02.029 D/OPENHU  ( 3108): [75] Companion.decrypt | RECV: VIDEO Media Data type: 0 flags: 11 size: 1143 dataOffset: 2
09-03 21:35:02.030 V/OPENHU  ( 3108): [75] AapTransport.send | VIDEO Codec/Media Data Ack type: 32772 flags: 11 size: 10 dataOffset: 6
09-03 21:35:02.032 V/OPENHU  ( 3108): [74] AapTransport.sendEncryptedMessage | Sent size: 39
09-03 21:35:02.042 D/OPENHU  ( 3108): [75] AapSslContext.decrypt | SSL Decrypt Status: OK, Produced: 3397, Consumed: 3426
09-03 21:35:02.043 D/OPENHU  ( 3108): [75] Companion.decrypt | RECV: VIDEO Media Data type: 0 flags: 11 size: 3397 dataOffset: 2
09-03 21:35:02.044 V/OPENHU  ( 3108): [75] AapTransport.send | VIDEO Codec/Media Data Ack type: 32772 flags: 11 size: 10 dataOffset: 6
09-03 21:35:02.045 V/OPENHU  ( 3108): [74] AapTransport.sendEncryptedMessage | Sent size: 39
09-03 21:35:02.104 D/OPENHU  ( 3108): [75] AapSslContext.decrypt | SSL Decrypt Status: OK, Produced: 2822, Consumed: 2851
09-03 21:35:02.105 D/OPENHU  ( 3108): [75] Companion.decrypt | RECV: VIDEO Media Data type: 0 flags: 11 size: 2822 dataOffset: 2
09-03 21:35:02.106 V/OPENHU  ( 3108): [75] AapTransport.send | VIDEO Codec/Media Data Ack type: 32772 flags: 11 size: 10 dataOffset: 6
09-03 21:35:02.108 V/OPENHU  ( 3108): [74] AapTransport.sendEncryptedMessage | Sent size: 39
09-03 21:35:02.109 D/OPENHU  ( 3108): [75] AapSslContext.decrypt | SSL Decrypt Status: OK, Produced: 1311, Consumed: 1340
09-03 21:35:02.110 D/OPENHU  ( 3108): [75] Companion.decrypt | RECV: VIDEO Media Data type: 0 flags: 11 size: 1311 dataOffset: 2
09-03 21:35:02.111 V/OPENHU  ( 3108): [75] AapTransport.send | VIDEO Codec/Media Data Ack type: 32772 flags: 11 size: 10 dataOffset: 6
09-03 21:35:02.113 V/OPENHU  ( 3108): [74] AapTransport.sendEncryptedMessage | Sent size: 39
09-03 21:35:02.113 D/OPENHU  ( 3108): [75] AapSslContext.decrypt | SSL Decrypt Status: OK, Produced: 994, Consumed: 1023
09-03 21:35:02.114 D/OPENHU  ( 3108): [75] Companion.decrypt | RECV: VIDEO Media Data type: 0 flags: 11 size: 994 dataOffset: 2
09-03 21:35:02.115 V/OPENHU  ( 3108): [75] AapTransport.send | VIDEO Codec/Media Data Ack type: 32772 flags: 11 size: 10 dataOffset: 6
09-03 21:35:02.116 V/OPENHU  ( 3108): [74] AapTransport.sendEncryptedMessage | Sent size: 39
09-03 21:35:02.128 D/OPENHU  ( 3108): [75] AapSslContext.decrypt | SSL Decrypt Status: OK, Produced: 972, Consumed: 1001
09-03 21:35:02.129 D/OPENHU  ( 3108): [75] Companion.decrypt | RECV: VIDEO Media Data type: 0 flags: 11 size: 972 dataOffset: 2
09-03 21:35:02.130 V/OPENHU  ( 3108): [75] AapTransport.send | VIDEO Codec/Media Data Ack type: 32772 flags: 11 size: 10 dataOffset: 6
09-03 21:35:02.133 V/OPENHU  ( 3108): [74] AapTransport.sendEncryptedMessage | Sent size: 39
09-03 21:35:02.143 D/OPENHU  ( 3108): [75] AapSslContext.decrypt | SSL Decrypt Status: OK, Produced: 1203, Consumed: 1232
09-03 21:35:02.145 D/OPENHU  ( 3108): [75] Companion.decrypt | RECV: VIDEO Media Data type: 0 flags: 11 size: 1203 dataOffset: 2
09-03 21:35:02.147 V/OPENHU  ( 3108): [75] AapTransport.send | VIDEO Codec/Media Data Ack type: 32772 flags: 11 size: 10 dataOffset: 6
09-03 21:35:02.151 V/OPENHU  ( 3108): [74] AapTransport.sendEncryptedMessage | Sent size: 39
09-03 21:35:02.216 D/OPENHU  ( 3108): [75] AapSslContext.decrypt | SSL Decrypt Status: OK, Produced: 1111, Consumed: 1140
09-03 21:35:02.217 D/OPENHU  ( 3108): [75] Companion.decrypt | RECV: VIDEO Media Data type: 0 flags: 11 size: 1111 dataOffset: 2
09-03 21:35:02.218 V/OPENHU  ( 3108): [75] AapTransport.send | VIDEO Codec/Media Data Ack type: 32772 flags: 11 size: 10 dataOffset: 6
09-03 21:35:02.220 V/OPENHU  ( 3108): [74] AapTransport.sendEncryptedMessage | Sent size: 39
09-03 21:35:02.220 D/OPENHU  ( 3108): [75] AapSslContext.decrypt | SSL Decrypt Status: OK, Produced: 2034, Consumed: 2063
09-03 21:35:02.221 D/OPENHU  ( 3108): [75] Companion.decrypt | RECV: VIDEO Media Data type: 0 flags: 11 size: 2034 dataOffset: 2
09-03 21:35:02.222 V/OPENHU  ( 3108): [75] AapTransport.send | VIDEO Codec/Media Data Ack type: 32772 flags: 11 size: 10 dataOffset: 6
09-03 21:35:02.225 D/OPENHU  ( 3108): [75] AapSslContext.decrypt | SSL Decrypt Status: OK, Produced: 1650, Consumed: 1679
09-03 21:35:02.225 V/OPENHU  ( 3108): [74] AapTransport.sendEncryptedMessage | Sent size: 39
09-03 21:35:02.225 D/OPENHU  ( 3108): [75] Companion.decrypt | RECV: VIDEO Media Data type: 0 flags: 11 size: 1650 dataOffset: 2
09-03 21:35:02.227 V/OPENHU  ( 3108): [75] AapTransport.send | VIDEO Codec/Media Data Ack type: 32772 flags: 11 size: 10 dataOffset: 6
09-03 21:35:02.233 V/OPENHU  ( 3108): [74] AapTransport.sendEncryptedMessage | Sent size: 39
09-03 21:35:02.235 D/OPENHU  ( 3108): [75] AapSslContext.decrypt | SSL Decrypt Status: OK, Produced: 1571, Consumed: 1600
09-03 21:35:02.237 D/OPENHU  ( 3108): [75] Companion.decrypt | RECV: VIDEO Media Data type: 0 flags: 11 size: 1571 dataOffset: 2
09-03 21:35:02.239 V/OPENHU  ( 3108): [75] AapTransport.send | VIDEO Codec/Media Data Ack type: 32772 flags: 11 size: 10 dataOffset: 6
09-03 21:35:02.242 V/OPENHU  ( 3108): [74] AapTransport.sendEncryptedMessage | Sent size: 39
09-03 21:35:02.248 D/OPENHU  ( 3108): [75] AapSslContext.decrypt | SSL Decrypt Status: OK, Produced: 1090, Consumed: 1119
09-03 21:35:02.250 D/OPENHU  ( 3108): [75] Companion.decrypt | RECV: VIDEO Media Data type: 0 flags: 11 size: 1090 dataOffset: 2
09-03 21:35:02.252 V/OPENHU  ( 3108): [75] AapTransport.send | VIDEO Codec/Media Data Ack type: 32772 flags: 11 size: 10 dataOffset: 6
09-03 21:35:02.256 V/OPENHU  ( 3108): [74] AapTransport.sendEncryptedMessage | Sent size: 39
09-03 21:35:02.309 D/OPENHU  ( 3108): [75] AapSslContext.decrypt | SSL Decrypt Status: OK, Produced: 1851, Consumed: 1880
09-03 21:35:02.310 D/OPENHU  ( 3108): [75] Companion.decrypt | RECV: VIDEO Media Data type: 0 flags: 11 size: 1851 dataOffset: 2
09-03 21:35:02.311 V/OPENHU  ( 3108): [75] AapTransport.send | VIDEO Codec/Media Data Ack type: 32772 flags: 11 size: 10 dataOffset: 6
09-03 21:35:02.314 V/OPENHU  ( 3108): [74] AapTransport.sendEncryptedMessage | Sent size: 39
09-03 21:35:02.314 D/OPENHU  ( 3108): [75] AapSslContext.decrypt | SSL Decrypt Status: OK, Produced: 1648, Consumed: 1677
09-03 21:35:02.315 D/OPENHU  ( 3108): [75] Companion.decrypt | RECV: VIDEO Media Data type: 0 flags: 11 size: 1648 dataOffset: 2
09-03 21:35:02.317 V/OPENHU  ( 3108): [75] AapTransport.send | VIDEO Codec/Media Data Ack type: 32772 flags: 11 size: 10 dataOffset: 6
09-03 21:35:02.319 D/OPENHU  ( 3108): [75] AapSslContext.decrypt | SSL Decrypt Status: OK, Produced: 1628, Consumed: 1657
09-03 21:35:02.320 D/OPENHU  ( 3108): [75] Companion.decrypt | RECV: VIDEO Media Data type: 0 flags: 11 size: 1628 dataOffset: 2
09-03 21:35:02.320 V/OPENHU  ( 3108): [74] AapTransport.sendEncryptedMessage | Sent size: 39
09-03 21:35:02.321 V/OPENHU  ( 3108): [75] AapTransport.send | VIDEO Codec/Media Data Ack type: 32772 flags: 11 size: 10 dataOffset: 6
09-03 21:35:02.326 V/OPENHU  ( 3108): [74] AapTransport.sendEncryptedMessage | Sent size: 39
09-03 21:35:02.338 D/OPENHU  ( 3108): [75] AapSslContext.decrypt | SSL Decrypt Status: OK, Produced: 1517, Consumed: 1546
09-03 21:35:02.339 D/OPENHU  ( 3108): [75] Companion.decrypt | RECV: VIDEO Media Data type: 0 flags: 11 size: 1517 dataOffset: 2
09-03 21:35:02.341 V/OPENHU  ( 3108): [75] AapTransport.send | VIDEO Codec/Media Data Ack type: 32772 flags: 11 size: 10 dataOffset: 6
09-03 21:35:02.344 V/OPENHU  ( 3108): [74] AapTransport.sendEncryptedMessage | Sent size: 39
09-03 21:35:02.354 D/OPENHU  ( 3108): [75] AapSslContext.decrypt | SSL Decrypt Status: OK, Produced: 1572, Consumed: 1601
09-03 21:35:02.355 D/OPENHU  ( 3108): [75] Companion.decrypt | RECV: VIDEO Media Data type: 0 flags: 11 size: 1572 dataOffset: 2
09-03 21:35:02.356 V/OPENHU  ( 3108): [75] AapTransport.send | VIDEO Codec/Media Data Ack type: 32772 flags: 11 size: 10 dataOffset: 6
09-03 21:35:02.360 V/OPENHU  ( 3108): [74] AapTransport.sendEncryptedMessage | Sent size: 39
09-03 21:35:02.379 D/OPENHU  ( 3108): [75] AapSslContext.decrypt | SSL Decrypt Status: OK, Produced: 1930, Consumed: 1959
09-03 21:35:02.380 D/OPENHU  ( 3108): [75] Companion.decrypt | RECV: VIDEO Media Data type: 0 flags: 11 size: 1930 dataOffset: 2
09-03 21:35:02.381 V/OPENHU  ( 3108): [75] AapTransport.send | VIDEO Codec/Media Data Ack type: 32772 flags: 11 size: 10 dataOffset: 6
09-03 21:35:02.384 V/OPENHU  ( 3108): [74] AapTransport.sendEncryptedMessage | Sent size: 39
09-03 21:35:02.424 D/OPENHU  ( 3108): [75] AapSslContext.decrypt | SSL Decrypt Status: OK, Produced: 1608, Consumed: 1637
09-03 21:35:02.425 D/OPENHU  ( 3108): [75] Companion.decrypt | RECV: VIDEO Media Data type: 0 flags: 11 size: 1608 dataOffset: 2
09-03 21:35:02.426 V/OPENHU  ( 3108): [75] AapTransport.send | VIDEO Codec/Media Data Ack type: 32772 flags: 11 size: 10 dataOffset: 6
09-03 21:35:02.428 D/OPENHU  ( 3108): [75] AapSslContext.decrypt | SSL Decrypt Status: OK, Produced: 1584, Consumed: 1613
09-03 21:35:02.429 D/OPENHU  ( 3108): [75] Companion.decrypt | RECV: VIDEO Media Data type: 0 flags: 11 size: 1584 dataOffset: 2
09-03 21:35:02.429 V/OPENHU  ( 3108): [74] AapTransport.sendEncryptedMessage | Sent size: 39
09-03 21:35:02.430 V/OPENHU  ( 3108): [75] AapTransport.send | VIDEO Codec/Media Data Ack type: 32772 flags: 11 size: 10 dataOffset: 6
09-03 21:35:02.432 D/OPENHU  ( 3108): [75] AapSslContext.decrypt | SSL Decrypt Status: OK, Produced: 1571, Consumed: 1600
09-03 21:35:02.433 D/OPENHU  ( 3108): [75] Companion.decrypt | RECV: VIDEO Media Data type: 0 flags: 11 size: 1571 dataOffset: 2
09-03 21:35:02.434 V/OPENHU  ( 3108): [74] AapTransport.sendEncryptedMessage | Sent size: 39
09-03 21:35:02.435 V/OPENHU  ( 3108): [75] AapTransport.send | VIDEO Codec/Media Data Ack type: 32772 flags: 11 size: 10 dataOffset: 6
09-03 21:35:02.439 V/OPENHU  ( 3108): [74] AapTransport.sendEncryptedMessage | Sent size: 39
09-03 21:35:02.446 D/OPENHU  ( 3108): [75] AapSslContext.decrypt | SSL Decrypt Status: OK, Produced: 1570, Consumed: 1599
09-03 21:35:02.447 D/OPENHU  ( 3108): [75] Companion.decrypt | RECV: VIDEO Media Data type: 0 flags: 11 size: 1570 dataOffset: 2
09-03 21:35:02.448 V/OPENHU  ( 3108): [75] AapTransport.send | VIDEO Codec/Media Data Ack type: 32772 flags: 11 size: 10 dataOffset: 6
09-03 21:35:02.450 V/OPENHU  ( 3108): [74] AapTransport.sendEncryptedMessage | Sent size: 39
09-03 21:35:02.478 D/OPENHU  ( 3108): [75] AapSslContext.decrypt | SSL Decrypt Status: OK, Produced: 1900, Consumed: 1929
09-03 21:35:02.479 D/OPENHU  ( 3108): [75] Companion.decrypt | RECV: VIDEO Media Data type: 0 flags: 11 size: 1900 dataOffset: 2
09-03 21:35:02.480 V/OPENHU  ( 3108): [75] AapTransport.send | VIDEO Codec/Media Data Ack type: 32772 flags: 11 size: 10 dataOffset: 6
09-03 21:35:02.483 V/OPENHU  ( 3108): [74] AapTransport.sendEncryptedMessage | Sent size: 39
09-03 21:35:02.511 D/OPENHU  ( 3108): [75] AapSslContext.decrypt | SSL Decrypt Status: OK, Produced: 1608, Consumed: 1637
09-03 21:35:02.512 D/OPENHU  ( 3108): [75] Companion.decrypt | RECV: VIDEO Media Data type: 0 flags: 11 size: 1608 dataOffset: 2
09-03 21:35:02.513 V/OPENHU  ( 3108): [75] AapTransport.send | VIDEO Codec/Media Data Ack type: 32772 flags: 11 size: 10 dataOffset: 6
09-03 21:35:02.515 D/OPENHU  ( 3108): [75] AapSslContext.decrypt | SSL Decrypt Status: OK, Produced: 1588, Consumed: 1617
09-03 21:35:02.516 D/OPENHU  ( 3108): [75] Companion.decrypt | RECV: VIDEO Media Data type: 0 flags: 11 size: 1588 dataOffset: 2
09-03 21:35:02.516 V/OPENHU  ( 3108): [74] AapTransport.sendEncryptedMessage | Sent size: 39
09-03 21:35:02.517 V/OPENHU  ( 3108): [75] AapTransport.send | VIDEO Codec/Media Data Ack type: 32772 flags: 11 size: 10 dataOffset: 6
09-03 21:35:02.519 V/OPENHU  ( 3108): [74] AapTransport.sendEncryptedMessage | Sent size: 39
09-03 21:35:02.532 D/OPENHU  ( 3108): [75] AapSslContext.decrypt | SSL Decrypt Status: OK, Produced: 1567, Consumed: 1596
09-03 21:35:02.533 D/OPENHU  ( 3108): [75] Companion.decrypt | RECV: VIDEO Media Data type: 0 flags: 11 size: 1567 dataOffset: 2
09-03 21:35:02.534 V/OPENHU  ( 3108): [75] AapTransport.send | VIDEO Codec/Media Data Ack type: 32772 flags: 11 size: 10 dataOffset: 6
09-03 21:35:02.536 V/OPENHU  ( 3108): [74] AapTransport.sendEncryptedMessage | Sent size: 39
09-03 21:35:02.546 D/OPENHU  ( 3108): [75] AapSslContext.decrypt | SSL Decrypt Status: OK, Produced: 1575, Consumed: 1604
09-03 21:35:02.547 D/OPENHU  ( 3108): [75] Companion.decrypt | RECV: VIDEO Media Data type: 0 flags: 11 size: 1575 dataOffset: 2
09-03 21:35:02.548 V/OPENHU  ( 3108): [75] AapTransport.send | VIDEO Codec/Media Data Ack type: 32772 flags: 11 size: 10 dataOffset: 6
09-03 21:35:02.551 V/OPENHU  ( 3108): [74] AapTransport.sendEncryptedMessage | Sent size: 39
09-03 21:35:02.579 D/OPENHU  ( 3108): [75] AapSslContext.decrypt | SSL Decrypt Status: OK, Produced: 1908, Consumed: 1937
09-03 21:35:02.580 D/OPENHU  ( 3108): [75] Companion.decrypt | RECV: VIDEO Media Data type: 0 flags: 11 size: 1908 dataOffset: 2
09-03 21:35:02.581 V/OPENHU  ( 3108): [75] AapTransport.send | VIDEO Codec/Media Data Ack type: 32772 flags: 11 size: 10 dataOffset: 6
09-03 21:35:02.583 V/OPENHU  ( 3108): [74] AapTransport.sendEncryptedMessage | Sent size: 39
09-03 21:35:02.631 D/OPENHU  ( 3108): [75] AapSslContext.decrypt | SSL Decrypt Status: OK, Produced: 1579, Consumed: 1608
09-03 21:35:02.631 D/OPENHU  ( 3108): [75] Companion.decrypt | RECV: VIDEO Media Data type: 0 flags: 11 size: 1579 dataOffset: 2
09-03 21:35:02.632 V/OPENHU  ( 3108): [75] AapTransport.send | VIDEO Codec/Media Data Ack type: 32772 flags: 11 size: 10 dataOffset: 6
09-03 21:35:02.634 D/OPENHU  ( 3108): [75] AapSslContext.decrypt | SSL Decrypt Status: OK, Produced: 1584, Consumed: 1613
09-03 21:35:02.635 D/OPENHU  ( 3108): [75] Companion.decrypt | RECV: VIDEO Media Data type: 0 flags: 11 size: 1584 dataOffset: 2
09-03 21:35:02.636 V/OPENHU  ( 3108): [74] AapTransport.sendEncryptedMessage | Sent size: 39
09-03 21:35:02.636 V/OPENHU  ( 3108): [75] AapTransport.send | VIDEO Codec/Media Data Ack type: 32772 flags: 11 size: 10 dataOffset: 6
09-03 21:35:02.638 D/OPENHU  ( 3108): [75] AapSslContext.decrypt | SSL Decrypt Status: OK, Produced: 1568, Consumed: 1597
09-03 21:35:02.639 D/OPENHU  ( 3108): [75] Companion.decrypt | RECV: VIDEO Media Data type: 0 flags: 11 size: 1568 dataOffset: 2
09-03 21:35:02.639 V/OPENHU  ( 3108): [74] AapTransport.sendEncryptedMessage | Sent size: 39
09-03 21:35:02.640 V/OPENHU  ( 3108): [75] AapTransport.send | VIDEO Codec/Media Data Ack type: 32772 flags: 11 size: 10 dataOffset: 6
09-03 21:35:02.643 V/OPENHU  ( 3108): [74] AapTransport.sendEncryptedMessage | Sent size: 39
09-03 21:35:02.647 D/OPENHU  ( 3108): [75] AapSslContext.decrypt | SSL Decrypt Status: OK, Produced: 1590, Consumed: 1619
09-03 21:35:02.648 D/OPENHU  ( 3108): [75] Companion.decrypt | RECV: VIDEO Media Data type: 0 flags: 11 size: 1590 dataOffset: 2
09-03 21:35:02.649 V/OPENHU  ( 3108): [75] AapTransport.send | VIDEO Codec/Media Data Ack type: 32772 flags: 11 size: 10 dataOffset: 6
09-03 21:35:02.652 V/OPENHU  ( 3108): [74] AapTransport.sendEncryptedMessage | Sent size: 39
09-03 21:35:02.679 D/OPENHU  ( 3108): [75] AapSslContext.decrypt | SSL Decrypt Status: OK, Produced: 1876, Consumed: 1905
09-03 21:35:02.680 D/OPENHU  ( 3108): [75] Companion.decrypt | RECV: VIDEO Media Data type: 0 flags: 11 size: 1876 dataOffset: 2
09-03 21:35:02.681 V/OPENHU  ( 3108): [75] AapTransport.send | VIDEO Codec/Media Data Ack type: 32772 flags: 11 size: 10 dataOffset: 6
09-03 21:35:02.684 V/OPENHU  ( 3108): [74] AapTransport.sendEncryptedMessage | Sent size: 39
09-03 21:35:02.719 D/OPENHU  ( 3108): [75] AapSslContext.decrypt | SSL Decrypt Status: OK, Produced: 1570, Consumed: 1599
09-03 21:35:02.720 D/OPENHU  ( 3108): [75] Companion.decrypt | RECV: VIDEO Media Data type: 0 flags: 11 size: 1570 dataOffset: 2
09-03 21:35:02.721 V/OPENHU  ( 3108): [75] AapTransport.send | VIDEO Codec/Media Data Ack type: 32772 flags: 11 size: 10 dataOffset: 6
09-03 21:35:02.723 D/OPENHU  ( 3108): [75] AapSslContext.decrypt | SSL Decrypt Status: OK, Produced: 1549, Consumed: 1578
09-03 21:35:02.724 D/OPENHU  ( 3108): [75] Companion.decrypt | RECV: VIDEO Media Data type: 0 flags: 11 size: 1549 dataOffset: 2
09-03 21:35:02.724 V/OPENHU  ( 3108): [74] AapTransport.sendEncryptedMessage | Sent size: 39
09-03 21:35:02.725 V/OPENHU  ( 3108): [75] AapTransport.send | VIDEO Codec/Media Data Ack type: 32772 flags: 11 size: 10 dataOffset: 6
09-03 21:35:02.727 V/OPENHU  ( 3108): [74] AapTransport.sendEncryptedMessage | Sent size: 39
09-03 21:35:02.738 D/OPENHU  ( 3108): [75] AapSslContext.decrypt | SSL Decrypt Status: OK, Produced: 1515, Consumed: 1544
09-03 21:35:02.738 D/OPENHU  ( 3108): [75] Companion.decrypt | RECV: VIDEO Media Data type: 0 flags: 11 size: 1515 dataOffset: 2
09-03 21:35:02.739 V/OPENHU  ( 3108): [75] AapTransport.send | VIDEO Codec/Media Data Ack type: 32772 flags: 11 size: 10 dataOffset: 6
09-03 21:35:02.742 V/OPENHU  ( 3108): [74] AapTransport.sendEncryptedMessage | Sent size: 39
09-03 21:35:02.753 D/OPENHU  ( 3108): [75] AapSslContext.decrypt | SSL Decrypt Status: OK, Produced: 1496, Consumed: 1525
09-03 21:35:02.754 D/OPENHU  ( 3108): [75] Companion.decrypt | RECV: VIDEO Media Data type: 0 flags: 11 size: 1496 dataOffset: 2
09-03 21:35:02.755 V/OPENHU  ( 3108): [75] AapTransport.send | VIDEO Codec/Media Data Ack type: 32772 flags: 11 size: 10 dataOffset: 6
09-03 21:35:02.758 V/OPENHU  ( 3108): [74] AapTransport.sendEncryptedMessage | Sent size: 39
09-03 21:35:02.781 D/OPENHU  ( 3108): [75] AapSslContext.decrypt | SSL Decrypt Status: OK, Produced: 1718, Consumed: 1747
09-03 21:35:02.782 D/OPENHU  ( 3108): [75] Companion.decrypt | RECV: VIDEO Media Data type: 0 flags: 11 size: 1718 dataOffset: 2
09-03 21:35:02.784 V/OPENHU  ( 3108): [75] AapTransport.send | VIDEO Codec/Media Data Ack type: 32772 flags: 11 size: 10 dataOffset: 6
09-03 21:35:02.789 V/OPENHU  ( 3108): [74] AapTransport.sendEncryptedMessage | Sent size: 39
09-03 21:35:02.829 D/OPENHU  ( 3108): [75] AapSslContext.decrypt | SSL Decrypt Status: OK, Produced: 1557, Consumed: 1586
09-03 21:35:02.830 D/OPENHU  ( 3108): [75] Companion.decrypt | RECV: VIDEO Media Data type: 0 flags: 11 size: 1557 dataOffset: 2
09-03 21:35:02.831 V/OPENHU  ( 3108): [75] AapTransport.send | VIDEO Codec/Media Data Ack type: 32772 flags: 11 size: 10 dataOffset: 6
09-03 21:35:02.833 D/OPENHU  ( 3108): [75] AapSslContext.decrypt | SSL Decrypt Status: OK, Produced: 1526, Consumed: 1555
09-03 21:35:02.834 V/OPENHU  ( 3108): [74] AapTransport.sendEncryptedMessage | Sent size: 39
09-03 21:35:02.834 D/OPENHU  ( 3108): [75] Companion.decrypt | RECV: VIDEO Media Data type: 0 flags: 11 size: 1526 dataOffset: 2
09-03 21:35:02.836 V/OPENHU  ( 3108): [75] AapTransport.send | VIDEO Codec/Media Data Ack type: 32772 flags: 11 size: 10 dataOffset: 6
09-03 21:35:02.838 D/OPENHU  ( 3108): [75] AapSslContext.decrypt | SSL Decrypt Status: OK, Produced: 1530, Consumed: 1559
09-03 21:35:02.839 D/OPENHU  ( 3108): [75] Companion.decrypt | RECV: VIDEO Media Data type: 0 flags: 11 size: 1530 dataOffset: 2
09-03 21:35:02.839 V/OPENHU  ( 3108): [74] AapTransport.sendEncryptedMessage | Sent size: 39
09-03 21:35:02.840 V/OPENHU  ( 3108): [75] AapTransport.send | VIDEO Codec/Media Data Ack type: 32772 flags: 11 size: 10 dataOffset: 6
09-03 21:35:02.844 V/OPENHU  ( 3108): [74] AapTransport.sendEncryptedMessage | Sent size: 39
09-03 21:35:02.846 D/OPENHU  ( 3108): [75] AapSslContext.decrypt | SSL Decrypt Status: OK, Produced: 1509, Consumed: 1538
09-03 21:35:02.847 D/OPENHU  ( 3108): [75] Companion.decrypt | RECV: VIDEO Media Data type: 0 flags: 11 size: 1509 dataOffset: 2
09-03 21:35:02.848 V/OPENHU  ( 3108): [75] AapTransport.send | VIDEO Codec/Media Data Ack type: 32772 flags: 11 size: 10 dataOffset: 6
09-03 21:35:02.850 V/OPENHU  ( 3108): [74] AapTransport.sendEncryptedMessage | Sent size: 39
09-03 21:35:02.879 D/OPENHU  ( 3108): [75] AapSslContext.decrypt | SSL Decrypt Status: OK, Produced: 1906, Consumed: 1935
09-03 21:35:02.880 D/OPENHU  ( 3108): [75] Companion.decrypt | RECV: VIDEO Media Data type: 0 flags: 11 size: 1906 dataOffset: 2
09-03 21:35:02.881 V/OPENHU  ( 3108): [75] AapTransport.send | VIDEO Codec/Media Data Ack type: 32772 flags: 11 size: 10 dataOffset: 6
09-03 21:35:02.882 V/OPENHU  ( 3108): [74] AapTransport.sendEncryptedMessage | Sent size: 39
09-03 21:35:02.922 D/OPENHU  ( 3108): [75] AapSslContext.decrypt | SSL Decrypt Status: OK, Produced: 1546, Consumed: 1575
09-03 21:35:02.923 D/OPENHU  ( 3108): [75] Companion.decrypt | RECV: VIDEO Media Data type: 0 flags: 11 size: 1546 dataOffset: 2
09-03 21:35:02.924 V/OPENHU  ( 3108): [75] AapTransport.send | VIDEO Codec/Media Data Ack type: 32772 flags: 11 size: 10 dataOffset: 6
09-03 21:35:02.925 D/OPENHU  ( 3108): [75] AapSslContext.decrypt | SSL Decrypt Status: OK, Produced: 1520, Consumed: 1549
09-03 21:35:02.925 V/OPENHU  ( 3108): [74] AapTransport.sendEncryptedMessage | Sent size: 39
09-03 21:35:02.926 D/OPENHU  ( 3108): [75] Companion.decrypt | RECV: VIDEO Media Data type: 0 flags: 11 size: 1520 dataOffset: 2
09-03 21:35:02.927 V/OPENHU  ( 3108): [75] AapTransport.send | VIDEO Codec/Media Data Ack type: 32772 flags: 11 size: 10 dataOffset: 6
09-03 21:35:02.931 D/OPENHU  ( 3108): [75] AapSslContext.decrypt | SSL Decrypt Status: OK, Produced: 1511, Consumed: 1540
09-03 21:35:02.932 V/OPENHU  ( 3108): [74] AapTransport.sendEncryptedMessage | Sent size: 39
09-03 21:35:02.932 D/OPENHU  ( 3108): [75] Companion.decrypt | RECV: VIDEO Media Data type: 0 flags: 11 size: 1511 dataOffset: 2
09-03 21:35:02.933 V/OPENHU  ( 3108): [75] AapTransport.send | VIDEO Codec/Media Data Ack type: 32772 flags: 11 size: 10 dataOffset: 6
09-03 21:35:02.935 V/OPENHU  ( 3108): [74] AapTransport.sendEncryptedMessage | Sent size: 39
09-03 21:35:02.944 D/OPENHU  ( 3108): [75] AapSslContext.decrypt | SSL Decrypt Status: OK, Produced: 1524, Consumed: 1553
09-03 21:35:02.945 D/OPENHU  ( 3108): [75] Companion.decrypt | RECV: VIDEO Media Data type: 0 flags: 11 size: 1524 dataOffset: 2
09-03 21:35:02.947 V/OPENHU  ( 3108): [75] AapTransport.send | VIDEO Codec/Media Data Ack type: 32772 flags: 11 size: 10 dataOffset: 6
09-03 21:35:02.949 V/OPENHU  ( 3108): [74] AapTransport.sendEncryptedMessage | Sent size: 39
09-03 21:35:02.975 D/OPENHU  ( 3108): [75] AapSslContext.decrypt | SSL Decrypt Status: OK, Produced: 12, Consumed: 41
09-03 21:35:02.975 D/OPENHU  ( 3108): [75] Companion.decrypt | RECV: CONTROL Ping Request type: 11 flags: 11 size: 12 dataOffset: 2
09-03 21:35:02.976 V/OPENHU  ( 3108): [75] AapTransport.send | CONTROL Ping Response type: 12 flags: 11 size: 14 dataOffset: 6
09-03 21:35:02.979 D/OPENHU  ( 3108): [75] AapSslContext.decrypt | SSL Decrypt Status: OK, Produced: 1881, Consumed: 1910
09-03 21:35:02.979 V/OPENHU  ( 3108): [74] AapTransport.sendEncryptedMessage | Sent size: 43
09-03 21:35:02.979 D/OPENHU  ( 3108): [75] Companion.decrypt | RECV: VIDEO Media Data type: 0 flags: 11 size: 1881 dataOffset: 2
09-03 21:35:02.980 V/OPENHU  ( 3108): [75] AapTransport.send | VIDEO Codec/Media Data Ack type: 32772 flags: 11 size: 10 dataOffset: 6
09-03 21:35:02.983 V/OPENHU  ( 3108): [74] AapTransport.sendEncryptedMessage | Sent size: 39
09-03 21:35:03.034 D/OPENHU  ( 3108): [75] AapSslContext.decrypt | SSL Decrypt Status: OK, Produced: 1577, Consumed: 1606
09-03 21:35:03.035 D/OPENHU  ( 3108): [75] Companion.decrypt | RECV: VIDEO Media Data type: 0 flags: 11 size: 1577 dataOffset: 2
09-03 21:35:03.036 V/OPENHU  ( 3108): [75] AapTransport.send | VIDEO Codec/Media Data Ack type: 32772 flags: 11 size: 10 dataOffset: 6
09-03 21:35:03.038 D/OPENHU  ( 3108): [75] AapSslContext.decrypt | SSL Decrypt Status: OK, Produced: 1538, Consumed: 1567
09-03 21:35:03.039 V/OPENHU  ( 3108): [74] AapTransport.sendEncryptedMessage | Sent size: 39
09-03 21:35:03.039 D/OPENHU  ( 3108): [75] Companion.decrypt | RECV: VIDEO Media Data type: 0 flags: 11 size: 1538 dataOffset: 2
09-03 21:35:03.040 V/OPENHU  ( 3108): [75] AapTransport.send | VIDEO Codec/Media Data Ack type: 32772 flags: 11 size: 10 dataOffset: 6
09-03 21:35:03.042 D/OPENHU  ( 3108): [75] AapSslContext.decrypt | SSL Decrypt Status: OK, Produced: 1518, Consumed: 1547
09-03 21:35:03.043 D/OPENHU  ( 3108): [75] Companion.decrypt | RECV: VIDEO Media Data type: 0 flags: 11 size: 1518 dataOffset: 2
09-03 21:35:03.043 V/OPENHU  ( 3108): [74] AapTransport.sendEncryptedMessage | Sent size: 39
09-03 21:35:03.044 V/OPENHU  ( 3108): [75] AapTransport.send | VIDEO Codec/Media Data Ack type: 32772 flags: 11 size: 10 dataOffset: 6
09-03 21:35:03.046 V/OPENHU  ( 3108): [74] AapTransport.sendEncryptedMessage | Sent size: 39
09-03 21:35:03.047 D/OPENHU  ( 3108): [75] AapSslContext.decrypt | SSL Decrypt Status: OK, Produced: 1508, Consumed: 1537
09-03 21:35:03.048 D/OPENHU  ( 3108): [75] Companion.decrypt | RECV: VIDEO Media Data type: 0 flags: 11 size: 1508 dataOffset: 2
09-03 21:35:03.049 V/OPENHU  ( 3108): [75] AapTransport.send | VIDEO Codec/Media Data Ack type: 32772 flags: 11 size: 10 dataOffset: 6
09-03 21:35:03.050 V/OPENHU  ( 3108): [74] AapTransport.sendEncryptedMessage | Sent size: 39
09-03 21:35:03.079 V/OPENHU  ( 3108): [2] GpsLocation.onLocationChanged | GpsLocation: fix received
09-03 21:35:03.080 D/OPENHU  ( 3108): [75] AapSslContext.decrypt | SSL Decrypt Status: OK, Produced: 1877, Consumed: 1906
09-03 21:35:03.081 D/OPENHU  ( 3108): [75] Companion.decrypt | RECV: VIDEO Media Data type: 0 flags: 11 size: 1877 dataOffset: 2
09-03 21:35:03.082 V/OPENHU  ( 3108): [75] AapTransport.send | VIDEO Codec/Media Data Ack type: 32772 flags: 11 size: 10 dataOffset: 6
09-03 21:35:03.085 V/OPENHU  ( 3108): [74] AapTransport.sendEncryptedMessage | Sent size: 39
09-03 21:35:03.089 V/OPENHU  ( 3108): [2] AapTransport.send | SENSOR Sensor Event type: 32771 flags: 11 size: 45 dataOffset: 6
09-03 21:35:03.091 V/OPENHU  ( 3108): [74] AapTransport.sendEncryptedMessage | Sent size: 74
09-03 21:35:03.125 D/OPENHU  ( 3108): [75] AapSslContext.decrypt | SSL Decrypt Status: OK, Produced: 3355, Consumed: 3384
09-03 21:35:03.126 D/OPENHU  ( 3108): [75] Companion.decrypt | RECV: VIDEO Media Data type: 0 flags: 11 size: 3355 dataOffset: 2
09-03 21:35:03.127 V/OPENHU  ( 3108): [75] AapTransport.send | VIDEO Codec/Media Data Ack type: 32772 flags: 11 size: 10 dataOffset: 6
09-03 21:35:03.128 D/OPENHU  ( 3108): [75] AapSslContext.decrypt | SSL Decrypt Status: OK, Produced: 1658, Consumed: 1687
09-03 21:35:03.128 V/OPENHU  ( 3108): [74] AapTransport.sendEncryptedMessage | Sent size: 39
09-03 21:35:03.129 D/OPENHU  ( 3108): [75] Companion.decrypt | RECV: VIDEO Media Data type: 0 flags: 11 size: 1658 dataOffset: 2
09-03 21:35:03.130 V/OPENHU  ( 3108): [75] AapTransport.send | VIDEO Codec/Media Data Ack type: 32772 flags: 11 size: 10 dataOffset: 6
09-03 21:35:03.132 V/OPENHU  ( 3108): [74] AapTransport.sendEncryptedMessage | Sent size: 39
09-03 21:35:03.136 D/OPENHU  ( 3108): [75] AapSslContext.decrypt | SSL Decrypt Status: OK, Produced: 1055, Consumed: 1084
09-03 21:35:03.137 D/OPENHU  ( 3108): [75] Companion.decrypt | RECV: VIDEO Media Data type: 0 flags: 11 size: 1055 dataOffset: 2
09-03 21:35:03.138 V/OPENHU  ( 3108): [75] AapTransport.send | VIDEO Codec/Media Data Ack type: 32772 flags: 11 size: 10 dataOffset: 6
09-03 21:35:03.141 V/OPENHU  ( 3108): [74] AapTransport.sendEncryptedMessage | Sent size: 39
09-03 21:35:03.150 D/OPENHU  ( 3108): [75] AapSslContext.decrypt | SSL Decrypt Status: OK, Produced: 1044, Consumed: 1073
09-03 21:35:03.151 D/OPENHU  ( 3108): [75] Companion.decrypt | RECV: VIDEO Media Data type: 0 flags: 11 size: 1044 dataOffset: 2
09-03 21:35:03.152 V/OPENHU  ( 3108): [75] AapTransport.send | VIDEO Codec/Media Data Ack type: 32772 flags: 11 size: 10 dataOffset: 6
09-03 21:35:03.154 V/OPENHU  ( 3108): [74] AapTransport.sendEncryptedMessage | Sent size: 39
09-03 21:35:03.178 D/OPENHU  ( 3108): [75] AapSslContext.decrypt | SSL Decrypt Status: OK, Produced: 1879, Consumed: 1908
09-03 21:35:03.179 D/OPENHU  ( 3108): [75] Companion.decrypt | RECV: VIDEO Media Data type: 0 flags: 11 size: 1879 dataOffset: 2
09-03 21:35:03.180 V/OPENHU  ( 3108): [75] AapTransport.send | VIDEO Codec/Media Data Ack type: 32772 flags: 11 size: 10 dataOffset: 6
09-03 21:35:03.182 V/OPENHU  ( 3108): [74] AapTransport.sendEncryptedMessage | Sent size: 39
09-03 21:35:03.196 D/OPENHU  ( 3108): [75] AapSslContext.decrypt | SSL Decrypt Status: OK, Produced: 1615, Consumed: 1644
09-03 21:35:03.196 D/OPENHU  ( 3108): [75] Companion.decrypt | RECV: VIDEO Media Data type: 0 flags: 11 size: 1615 dataOffset: 2
09-03 21:35:03.197 V/OPENHU  ( 3108): [75] AapTransport.send | VIDEO Codec/Media Data Ack type: 32772 flags: 11 size: 10 dataOffset: 6
09-03 21:35:03.200 V/OPENHU  ( 3108): [74] AapTransport.sendEncryptedMessage | Sent size: 39
09-03 21:35:03.243 D/OPENHU  ( 3108): [75] AapSslContext.decrypt | SSL Decrypt Status: OK, Produced: 1426, Consumed: 1455
09-03 21:35:03.244 D/OPENHU  ( 3108): [75] Companion.decrypt | RECV: VIDEO Media Data type: 0 flags: 11 size: 1426 dataOffset: 2
09-03 21:35:03.245 V/OPENHU  ( 3108): [75] AapTransport.send | VIDEO Codec/Media Data Ack type: 32772 flags: 11 size: 10 dataOffset: 6
09-03 21:35:03.247 D/OPENHU  ( 3108): [75] AapSslContext.decrypt | SSL Decrypt Status: OK, Produced: 1370, Consumed: 1399
09-03 21:35:03.248 D/OPENHU  ( 3108): [75] Companion.decrypt | RECV: VIDEO Media Data type: 0 flags: 11 size: 1370 dataOffset: 2
09-03 21:35:03.248 V/OPENHU  ( 3108): [74] AapTransport.sendEncryptedMessage | Sent size: 39
09-03 21:35:03.249 V/OPENHU  ( 3108): [75] AapTransport.send | VIDEO Codec/Media Data Ack type: 32772 flags: 11 size: 10 dataOffset: 6
09-03 21:35:03.251 D/OPENHU  ( 3108): [75] AapSslContext.decrypt | SSL Decrypt Status: OK, Produced: 1470, Consumed: 1499
09-03 21:35:03.252 D/OPENHU  ( 3108): [75] Companion.decrypt | RECV: VIDEO Media Data type: 0 flags: 11 size: 1470 dataOffset: 2
09-03 21:35:03.252 V/OPENHU  ( 3108): [74] AapTransport.sendEncryptedMessage | Sent size: 39
09-03 21:35:03.253 V/OPENHU  ( 3108): [75] AapTransport.send | VIDEO Codec/Media Data Ack type: 32772 flags: 11 size: 10 dataOffset: 6
09-03 21:35:03.256 V/OPENHU  ( 3108): [74] AapTransport.sendEncryptedMessage | Sent size: 39
09-03 21:35:03.279 D/OPENHU  ( 3108): [75] AapSslContext.decrypt | SSL Decrypt Status: OK, Produced: 1909, Consumed: 1938
09-03 21:35:03.280 D/OPENHU  ( 3108): [75] Companion.decrypt | RECV: VIDEO Media Data type: 0 flags: 11 size: 1909 dataOffset: 2
09-03 21:35:03.281 V/OPENHU  ( 3108): [75] AapTransport.send | VIDEO Codec/Media Data Ack type: 32772 flags: 11 size: 10 dataOffset: 6
09-03 21:35:03.284 V/OPENHU  ( 3108): [74] AapTransport.sendEncryptedMessage | Sent size: 39
09-03 21:35:03.295 D/OPENHU  ( 3108): [75] AapSslContext.decrypt | SSL Decrypt Status: OK, Produced: 1626, Consumed: 1655
09-03 21:35:03.295 D/OPENHU  ( 3108): [75] Companion.decrypt | RECV: VIDEO Media Data type: 0 flags: 11 size: 1626 dataOffset: 2
09-03 21:35:03.296 V/OPENHU  ( 3108): [75] AapTransport.send | VIDEO Codec/Media Data Ack type: 32772 flags: 11 size: 10 dataOffset: 6
09-03 21:35:03.300 V/OPENHU  ( 3108): [74] AapTransport.sendEncryptedMessage | Sent size: 39
09-03 21:35:03.332 D/OPENHU  ( 3108): [75] AapSslContext.decrypt | SSL Decrypt Status: OK, Produced: 1294, Consumed: 1323
09-03 21:35:03.333 D/OPENHU  ( 3108): [75] Companion.decrypt | RECV: VIDEO Media Data type: 0 flags: 11 size: 1294 dataOffset: 2
09-03 21:35:03.334 V/OPENHU  ( 3108): [75] AapTransport.send | VIDEO Codec/Media Data Ack type: 32772 flags: 11 size: 10 dataOffset: 6
09-03 21:35:03.336 D/OPENHU  ( 3108): [75] AapSslContext.decrypt | SSL Decrypt Status: OK, Produced: 1519, Consumed: 1548
09-03 21:35:03.337 D/OPENHU  ( 3108): [75] Companion.decrypt | RECV: VIDEO Media Data type: 0 flags: 11 size: 1519 dataOffset: 2
09-03 21:35:03.337 V/OPENHU  ( 3108): [74] AapTransport.sendEncryptedMessage | Sent size: 39
09-03 21:35:03.338 V/OPENHU  ( 3108): [75] AapTransport.send | VIDEO Codec/Media Data Ack type: 32772 flags: 11 size: 10 dataOffset: 6
09-03 21:35:03.341 V/OPENHU  ( 3108): [74] AapTransport.sendEncryptedMessage | Sent size: 39
09-03 21:35:03.348 D/OPENHU  ( 3108): [75] AapSslContext.decrypt | SSL Decrypt Status: OK, Produced: 16120, Consumed: 16149
09-03 21:35:03.349 D/OPENHU  ( 3108): [75] Companion.decrypt | RECV: VIDEO Media Data type: 0 flags: 9 size: 16120 dataOffset: 2
09-03 21:35:03.350 V/OPENHU  ( 3108): [75] AapTransport.send | VIDEO Codec/Media Data Ack type: 32772 flags: 11 size: 10 dataOffset: 6
09-03 21:35:03.352 D/OPENHU  ( 3108): [75] AapSslContext.decrypt | SSL Decrypt Status: OK, Produced: 7644, Consumed: 7673
09-03 21:35:03.353 D/OPENHU  ( 3108): [75] Companion.decrypt | RECV: VIDEO Unknown (53939) type: 53939 flags: 10 size: 7644 dataOffset: 2
09-03 21:35:03.354 V/OPENHU  ( 3108): [74] AapTransport.sendEncryptedMessage | Sent size: 39
09-03 21:35:03.378 D/OPENHU  ( 3108): [75] AapSslContext.decrypt | SSL Decrypt Status: OK, Produced: 8908, Consumed: 8937
09-03 21:35:03.379 D/OPENHU  ( 3108): [75] Companion.decrypt | RECV: VIDEO Media Data type: 0 flags: 11 size: 8908 dataOffset: 2
09-03 21:35:03.380 V/OPENHU  ( 3108): [75] AapTransport.send | VIDEO Codec/Media Data Ack type: 32772 flags: 11 size: 10 dataOffset: 6
09-03 21:35:03.383 V/OPENHU  ( 3108): [74] AapTransport.sendEncryptedMessage | Sent size: 39
09-03 21:35:03.397 D/OPENHU  ( 3108): [75] AapSslContext.decrypt | SSL Decrypt Status: OK, Produced: 1677, Consumed: 1706
09-03 21:35:03.398 D/OPENHU  ( 3108): [75] Companion.decrypt | RECV: VIDEO Media Data type: 0 flags: 11 size: 1677 dataOffset: 2
09-03 21:35:03.399 V/OPENHU  ( 3108): [75] AapTransport.send | VIDEO Codec/Media Data Ack type: 32772 flags: 11 size: 10 dataOffset: 6
09-03 21:35:03.402 V/OPENHU  ( 3108): [74] AapTransport.sendEncryptedMessage | Sent size: 39
09-03 21:35:03.446 D/OPENHU  ( 3108): [75] AapSslContext.decrypt | SSL Decrypt Status: OK, Produced: 1360, Consumed: 1389
09-03 21:35:03.447 D/OPENHU  ( 3108): [75] Companion.decrypt | RECV: VIDEO Media Data type: 0 flags: 11 size: 1360 dataOffset: 2
09-03 21:35:03.448 V/OPENHU  ( 3108): [75] AapTransport.send | VIDEO Codec/Media Data Ack type: 32772 flags: 11 size: 10 dataOffset: 6
09-03 21:35:03.450 D/OPENHU  ( 3108): [75] AapSslContext.decrypt | SSL Decrypt Status: OK, Produced: 1334, Consumed: 1363
09-03 21:35:03.450 D/OPENHU  ( 3108): [75] Companion.decrypt | RECV: VIDEO Media Data type: 0 flags: 11 size: 1334 dataOffset: 2
09-03 21:35:03.451 V/OPENHU  ( 3108): [74] AapTransport.sendEncryptedMessage | Sent size: 39
09-03 21:35:03.452 V/OPENHU  ( 3108): [75] AapTransport.send | VIDEO Codec/Media Data Ack type: 32772 flags: 11 size: 10 dataOffset: 6
09-03 21:35:03.453 D/OPENHU  ( 3108): [75] AapSslContext.decrypt | SSL Decrypt Status: OK, Produced: 1277, Consumed: 1306
09-03 21:35:03.454 D/OPENHU  ( 3108): [75] Companion.decrypt | RECV: VIDEO Media Data type: 0 flags: 11 size: 1277 dataOffset: 2
09-03 21:35:03.454 V/OPENHU  ( 3108): [74] AapTransport.sendEncryptedMessage | Sent size: 39
09-03 21:35:03.456 V/OPENHU  ( 3108): [75] AapTransport.send | VIDEO Codec/Media Data Ack type: 32772 flags: 11 size: 10 dataOffset: 6
09-03 21:35:03.459 V/OPENHU  ( 3108): [74] AapTransport.sendEncryptedMessage | Sent size: 39
09-03 21:35:03.479 D/OPENHU  ( 3108): [75] AapSslContext.decrypt | SSL Decrypt Status: OK, Produced: 1305, Consumed: 1334
09-03 21:35:03.480 D/OPENHU  ( 3108): [75] Companion.decrypt | RECV: VIDEO Media Data type: 0 flags: 11 size: 1305 dataOffset: 2
09-03 21:35:03.481 V/OPENHU  ( 3108): [75] AapTransport.send | VIDEO Codec/Media Data Ack type: 32772 flags: 11 size: 10 dataOffset: 6
09-03 21:35:03.483 V/OPENHU  ( 3108): [74] AapTransport.sendEncryptedMessage | Sent size: 39
09-03 21:35:03.497 D/OPENHU  ( 3108): [75] AapSslContext.decrypt | SSL Decrypt Status: OK, Produced: 1184, Consumed: 1213
09-03 21:35:03.497 D/OPENHU  ( 3108): [75] Companion.decrypt | RECV: VIDEO Media Data type: 0 flags: 11 size: 1184 dataOffset: 2
09-03 21:35:03.498 V/OPENHU  ( 3108): [75] AapTransport.send | VIDEO Codec/Media Data Ack type: 32772 flags: 11 size: 10 dataOffset: 6
09-03 21:35:03.501 V/OPENHU  ( 3108): [74] AapTransport.sendEncryptedMessage | Sent size: 39
09-03 21:35:03.536 D/OPENHU  ( 3108): [75] AapSslContext.decrypt | SSL Decrypt Status: OK, Produced: 1176, Consumed: 1205
09-03 21:35:03.537 D/OPENHU  ( 3108): [75] Companion.decrypt | RECV: VIDEO Media Data type: 0 flags: 11 size: 1176 dataOffset: 2
09-03 21:35:03.538 V/OPENHU  ( 3108): [75] AapTransport.send | VIDEO Codec/Media Data Ack type: 32772 flags: 11 size: 10 dataOffset: 6
09-03 21:35:03.540 D/OPENHU  ( 3108): [75] AapSslContext.decrypt | SSL Decrypt Status: OK, Produced: 1160, Consumed: 1189
09-03 21:35:03.541 D/OPENHU  ( 3108): [75] Companion.decrypt | RECV: VIDEO Media Data type: 0 flags: 11 size: 1160 dataOffset: 2
09-03 21:35:03.541 V/OPENHU  ( 3108): [74] AapTransport.sendEncryptedMessage | Sent size: 39
09-03 21:35:03.542 V/OPENHU  ( 3108): [75] AapTransport.send | VIDEO Codec/Media Data Ack type: 32772 flags: 11 size: 10 dataOffset: 6
09-03 21:35:03.545 V/OPENHU  ( 3108): [74] AapTransport.sendEncryptedMessage | Sent size: 39
09-03 21:35:03.552 D/OPENHU  ( 3108): [75] AapSslContext.decrypt | SSL Decrypt Status: OK, Produced: 1165, Consumed: 1194
09-03 21:35:03.552 D/OPENHU  ( 3108): [75] Companion.decrypt | RECV: VIDEO Media Data type: 0 flags: 11 size: 1165 dataOffset: 2
09-03 21:35:03.554 V/OPENHU  ( 3108): [75] AapTransport.send | VIDEO Codec/Media Data Ack type: 32772 flags: 11 size: 10 dataOffset: 6
09-03 21:35:03.557 V/OPENHU  ( 3108): [74] AapTransport.sendEncryptedMessage | Sent size: 39
09-03 21:35:03.578 D/OPENHU  ( 3108): [75] AapSslContext.decrypt | SSL Decrypt Status: OK, Produced: 1458, Consumed: 1487
09-03 21:35:03.579 D/OPENHU  ( 3108): [75] Companion.decrypt | RECV: VIDEO Media Data type: 0 flags: 11 size: 1458 dataOffset: 2
09-03 21:35:03.580 V/OPENHU  ( 3108): [75] AapTransport.send | VIDEO Codec/Media Data Ack type: 32772 flags: 11 size: 10 dataOffset: 6
09-03 21:35:03.582 V/OPENHU  ( 3108): [74] AapTransport.sendEncryptedMessage | Sent size: 39
09-03 21:35:03.597 D/OPENHU  ( 3108): [75] AapSslContext.decrypt | SSL Decrypt Status: OK, Produced: 1238, Consumed: 1267
09-03 21:35:03.598 D/OPENHU  ( 3108): [75] Companion.decrypt | RECV: VIDEO Media Data type: 0 flags: 11 size: 1238 dataOffset: 2
09-03 21:35:03.599 V/OPENHU  ( 3108): [75] AapTransport.send | VIDEO Codec/Media Data Ack type: 32772 flags: 11 size: 10 dataOffset: 6
09-03 21:35:03.601 V/OPENHU  ( 3108): [74] AapTransport.sendEncryptedMessage | Sent size: 39
09-03 21:35:03.649 D/OPENHU  ( 3108): [75] AapSslContext.decrypt | SSL Decrypt Status: OK, Produced: 1181, Consumed: 1210
09-03 21:35:03.650 D/OPENHU  ( 3108): [75] Companion.decrypt | RECV: VIDEO Media Data type: 0 flags: 11 size: 1181 dataOffset: 2
09-03 21:35:03.651 V/OPENHU  ( 3108): [75] AapTransport.send | VIDEO Codec/Media Data Ack type: 32772 flags: 11 size: 10 dataOffset: 6
09-03 21:35:03.652 D/OPENHU  ( 3108): [75] AapSslContext.decrypt | SSL Decrypt Status: OK, Produced: 1179, Consumed: 1208
09-03 21:35:03.653 D/OPENHU  ( 3108): [75] Companion.decrypt | RECV: VIDEO Media Data type: 0 flags: 11 size: 1179 dataOffset: 2
09-03 21:35:03.653 V/OPENHU  ( 3108): [74] AapTransport.sendEncryptedMessage | Sent size: 39
09-03 21:35:03.654 V/OPENHU  ( 3108): [75] AapTransport.send | VIDEO Codec/Media Data Ack type: 32772 flags: 11 size: 10 dataOffset: 6
09-03 21:35:03.656 D/OPENHU  ( 3108): [75] AapSslContext.decrypt | SSL Decrypt Status: OK, Produced: 1174, Consumed: 1203
09-03 21:35:03.657 D/OPENHU  ( 3108): [75] Companion.decrypt | RECV: VIDEO Media Data type: 0 flags: 11 size: 1174 dataOffset: 2
09-03 21:35:03.657 V/OPENHU  ( 3108): [74] AapTransport.sendEncryptedMessage | Sent size: 39
09-03 21:35:03.658 V/OPENHU  ( 3108): [75] AapTransport.send | VIDEO Codec/Media Data Ack type: 32772 flags: 11 size: 10 dataOffset: 6
09-03 21:35:03.660 V/OPENHU  ( 3108): [74] AapTransport.sendEncryptedMessage | Sent size: 39
09-03 21:35:03.678 D/OPENHU  ( 3108): [75] AapSslContext.decrypt | SSL Decrypt Status: OK, Produced: 1545, Consumed: 1574
09-03 21:35:03.679 D/OPENHU  ( 3108): [75] Companion.decrypt | RECV: VIDEO Media Data type: 0 flags: 11 size: 1545 dataOffset: 2
09-03 21:35:03.680 V/OPENHU  ( 3108): [75] AapTransport.send | VIDEO Codec/Media Data Ack type: 32772 flags: 11 size: 10 dataOffset: 6
09-03 21:35:03.683 V/OPENHU  ( 3108): [74] AapTransport.sendEncryptedMessage | Sent size: 39
09-03 21:35:03.695 D/OPENHU  ( 3108): [75] AapSslContext.decrypt | SSL Decrypt Status: OK, Produced: 1235, Consumed: 1264
09-03 21:35:03.696 D/OPENHU  ( 3108): [75] Companion.decrypt | RECV: VIDEO Media Data type: 0 flags: 11 size: 1235 dataOffset: 2
09-03 21:35:03.697 V/OPENHU  ( 3108): [75] AapTransport.send | VIDEO Codec/Media Data Ack type: 32772 flags: 11 size: 10 dataOffset: 6
09-03 21:35:03.699 V/OPENHU  ( 3108): [74] AapTransport.sendEncryptedMessage | Sent size: 39
09-03 21:35:03.741 D/OPENHU  ( 3108): [75] AapSslContext.decrypt | SSL Decrypt Status: OK, Produced: 1191, Consumed: 1220
09-03 21:35:03.742 D/OPENHU  ( 3108): [75] Companion.decrypt | RECV: VIDEO Media Data type: 0 flags: 11 size: 1191 dataOffset: 2
09-03 21:35:03.743 V/OPENHU  ( 3108): [75] AapTransport.send | VIDEO Codec/Media Data Ack type: 32772 flags: 11 size: 10 dataOffset: 6
09-03 21:35:03.744 D/OPENHU  ( 3108): [75] AapSslContext.decrypt | SSL Decrypt Status: OK, Produced: 1174, Consumed: 1203
09-03 21:35:03.745 V/OPENHU  ( 3108): [74] AapTransport.sendEncryptedMessage | Sent size: 39
09-03 21:35:03.745 D/OPENHU  ( 3108): [75] Companion.decrypt | RECV: VIDEO Media Data type: 0 flags: 11 size: 1174 dataOffset: 2
09-03 21:35:03.747 V/OPENHU  ( 3108): [75] AapTransport.send | VIDEO Codec/Media Data Ack type: 32772 flags: 11 size: 10 dataOffset: 6
09-03 21:35:03.749 D/OPENHU  ( 3108): [75] AapSslContext.decrypt | SSL Decrypt Status: OK, Produced: 1171, Consumed: 1200
09-03 21:35:03.749 D/OPENHU  ( 3108): [75] Companion.decrypt | RECV: VIDEO Media Data type: 0 flags: 11 size: 1171 dataOffset: 2
09-03 21:35:03.749 V/OPENHU  ( 3108): [74] AapTransport.sendEncryptedMessage | Sent size: 39
09-03 21:35:03.751 V/OPENHU  ( 3108): [75] AapTransport.send | VIDEO Codec/Media Data Ack type: 32772 flags: 11 size: 10 dataOffset: 6
09-03 21:35:03.753 V/OPENHU  ( 3108): [74] AapTransport.sendEncryptedMessage | Sent size: 39
09-03 21:35:03.778 D/OPENHU  ( 3108): [75] AapSslContext.decrypt | SSL Decrypt Status: OK, Produced: 1533, Consumed: 1562
09-03 21:35:03.779 D/OPENHU  ( 3108): [75] Companion.decrypt | RECV: VIDEO Media Data type: 0 flags: 11 size: 1533 dataOffset: 2
09-03 21:35:03.780 V/OPENHU  ( 3108): [75] AapTransport.send | VIDEO Codec/Media Data Ack type: 32772 flags: 11 size: 10 dataOffset: 6
09-03 21:35:03.783 V/OPENHU  ( 3108): [74] AapTransport.sendEncryptedMessage | Sent size: 39
09-03 21:35:03.796 D/OPENHU  ( 3108): [75] AapSslContext.decrypt | SSL Decrypt Status: OK, Produced: 1207, Consumed: 1236
09-03 21:35:03.798 D/OPENHU  ( 3108): [75] Companion.decrypt | RECV: VIDEO Media Data type: 0 flags: 11 size: 1207 dataOffset: 2
09-03 21:35:03.800 V/OPENHU  ( 3108): [75] AapTransport.send | VIDEO Codec/Media Data Ack type: 32772 flags: 11 size: 10 dataOffset: 6
09-03 21:35:03.803 V/OPENHU  ( 3108): [74] AapTransport.sendEncryptedMessage | Sent size: 39
09-03 21:35:03.813 D/OPENHU  ( 3108): [75] AapSslContext.decrypt | SSL Decrypt Status: OK, Produced: 1185, Consumed: 1214
09-03 21:35:03.814 D/OPENHU  ( 3108): [75] Companion.decrypt | RECV: VIDEO Media Data type: 0 flags: 11 size: 1185 dataOffset: 2
09-03 21:35:03.816 V/OPENHU  ( 3108): [75] AapTransport.send | VIDEO Codec/Media Data Ack type: 32772 flags: 11 size: 10 dataOffset: 6
09-03 21:35:03.818 V/OPENHU  ( 3108): [74] AapTransport.sendEncryptedMessage | Sent size: 39
09-03 21:35:03.855 D/OPENHU  ( 3108): [75] AapSslContext.decrypt | SSL Decrypt Status: OK, Produced: 1183, Consumed: 1212
09-03 21:35:03.856 D/OPENHU  ( 3108): [75] Companion.decrypt | RECV: VIDEO Media Data type: 0 flags: 11 size: 1183 dataOffset: 2
09-03 21:35:03.858 V/OPENHU  ( 3108): [75] AapTransport.send | VIDEO Codec/Media Data Ack type: 32772 flags: 11 size: 10 dataOffset: 6
09-03 21:35:03.860 D/OPENHU  ( 3108): [75] AapSslContext.decrypt | SSL Decrypt Status: OK, Produced: 1179, Consumed: 1208
09-03 21:35:03.861 D/OPENHU  ( 3108): [75] Companion.decrypt | RECV: VIDEO Media Data type: 0 flags: 11 size: 1179 dataOffset: 2
09-03 21:35:03.861 V/OPENHU  ( 3108): [74] AapTransport.sendEncryptedMessage | Sent size: 39
09-03 21:35:03.862 V/OPENHU  ( 3108): [75] AapTransport.send | VIDEO Codec/Media Data Ack type: 32772 flags: 11 size: 10 dataOffset: 6
09-03 21:35:03.865 V/OPENHU  ( 3108): [74] AapTransport.sendEncryptedMessage | Sent size: 39
09-03 21:35:03.880 D/OPENHU  ( 3108): [75] AapSslContext.decrypt | SSL Decrypt Status: OK, Produced: 1527, Consumed: 1556
09-03 21:35:03.881 D/OPENHU  ( 3108): [75] Companion.decrypt | RECV: VIDEO Media Data type: 0 flags: 11 size: 1527 dataOffset: 2
09-03 21:35:03.882 V/OPENHU  ( 3108): [75] AapTransport.send | VIDEO Codec/Media Data Ack type: 32772 flags: 11 size: 10 dataOffset: 6
09-03 21:35:03.884 V/OPENHU  ( 3108): [74] AapTransport.sendEncryptedMessage | Sent size: 39
09-03 21:35:03.896 D/OPENHU  ( 3108): [75] AapSslContext.decrypt | SSL Decrypt Status: OK, Produced: 1194, Consumed: 1223
09-03 21:35:03.897 D/OPENHU  ( 3108): [75] Companion.decrypt | RECV: VIDEO Media Data type: 0 flags: 11 size: 1194 dataOffset: 2
09-03 21:35:03.898 V/OPENHU  ( 3108): [75] AapTransport.send | VIDEO Codec/Media Data Ack type: 32772 flags: 11 size: 10 dataOffset: 6
09-03 21:35:03.901 V/OPENHU  ( 3108): [74] AapTransport.sendEncryptedMessage | Sent size: 39
09-03 21:35:03.915 D/OPENHU  ( 3108): [75] AapSslContext.decrypt | SSL Decrypt Status: OK, Produced: 1174, Consumed: 1203
09-03 21:35:03.916 D/OPENHU  ( 3108): [75] Companion.decrypt | RECV: VIDEO Media Data type: 0 flags: 11 size: 1174 dataOffset: 2
09-03 21:35:03.917 V/OPENHU  ( 3108): [75] AapTransport.send | VIDEO Codec/Media Data Ack type: 32772 flags: 11 size: 10 dataOffset: 6
09-03 21:35:03.919 V/OPENHU  ( 3108): [74] AapTransport.sendEncryptedMessage | Sent size: 39
09-03 21:35:03.947 D/OPENHU  ( 3108): [75] AapSslContext.decrypt | SSL Decrypt Status: OK, Produced: 1171, Consumed: 1200
09-03 21:35:03.948 D/OPENHU  ( 3108): [75] Companion.decrypt | RECV: VIDEO Media Data type: 0 flags: 11 size: 1171 dataOffset: 2
09-03 21:35:03.949 V/OPENHU  ( 3108): [75] AapTransport.send | VIDEO Codec/Media Data Ack type: 32772 flags: 11 size: 10 dataOffset: 6
09-03 21:35:03.953 D/OPENHU  ( 3108): [75] AapSslContext.decrypt | SSL Decrypt Status: OK, Produced: 1166, Consumed: 1195
09-03 21:35:03.953 V/OPENHU  ( 3108): [74] AapTransport.sendEncryptedMessage | Sent size: 39
09-03 21:35:03.953 D/OPENHU  ( 3108): [75] Companion.decrypt | RECV: VIDEO Media Data type: 0 flags: 11 size: 1166 dataOffset: 2
09-03 21:35:03.955 V/OPENHU  ( 3108): [75] AapTransport.send | VIDEO Codec/Media Data Ack type: 32772 flags: 11 size: 10 dataOffset: 6
09-03 21:35:03.958 V/OPENHU  ( 3108): [74] AapTransport.sendEncryptedMessage | Sent size: 39
09-03 21:35:03.975 D/OPENHU  ( 3108): [75] AapSslContext.decrypt | SSL Decrypt Status: OK, Produced: 12, Consumed: 41
09-03 21:35:03.976 D/OPENHU  ( 3108): [75] Companion.decrypt | RECV: CONTROL Ping Request type: 11 flags: 11 size: 12 dataOffset: 2
09-03 21:35:03.976 V/OPENHU  ( 3108): [75] AapTransport.send | CONTROL Ping Response type: 12 flags: 11 size: 14 dataOffset: 6
09-03 21:35:03.978 D/OPENHU  ( 3108): [75] AapSslContext.decrypt | SSL Decrypt Status: OK, Produced: 1402, Consumed: 1431
09-03 21:35:03.979 D/OPENHU  ( 3108): [75] Companion.decrypt | RECV: VIDEO Media Data type: 0 flags: 11 size: 1402 dataOffset: 2
09-03 21:35:03.979 V/OPENHU  ( 3108): [74] AapTransport.sendEncryptedMessage | Sent size: 43
09-03 21:35:03.980 V/OPENHU  ( 3108): [75] AapTransport.send | VIDEO Codec/Media Data Ack type: 32772 flags: 11 size: 10 dataOffset: 6
09-03 21:35:03.984 V/OPENHU  ( 3108): [74] AapTransport.sendEncryptedMessage | Sent size: 39
09-03 21:35:04.000 D/OPENHU  ( 3108): [75] AapSslContext.decrypt | SSL Decrypt Status: OK, Produced: 1201, Consumed: 1230
09-03 21:35:04.000 V/OPENHU  ( 3108): [2] GpsLocation.onLocationChanged | GpsLocation: fix received
09-03 21:35:04.002 D/OPENHU  ( 3108): [75] Companion.decrypt | RECV: VIDEO Media Data type: 0 flags: 11 size: 1201 dataOffset: 2
09-03 21:35:04.003 V/OPENHU  ( 3108): [75] AapTransport.send | VIDEO Codec/Media Data Ack type: 32772 flags: 11 size: 10 dataOffset: 6
09-03 21:35:04.006 V/OPENHU  ( 3108): [74] AapTransport.sendEncryptedMessage | Sent size: 39
09-03 21:35:04.006 V/OPENHU  ( 3108): [2] AapTransport.send | SENSOR Sensor Event type: 32771 flags: 11 size: 45 dataOffset: 6
09-03 21:35:04.009 V/OPENHU  ( 3108): [74] AapTransport.sendEncryptedMessage | Sent size: 74
09-03 21:35:04.011 D/OPENHU  ( 3108): [75] AapSslContext.decrypt | SSL Decrypt Status: OK, Produced: 1174, Consumed: 1203
09-03 21:35:04.012 D/OPENHU  ( 3108): [75] Companion.decrypt | RECV: VIDEO Media Data type: 0 flags: 11 size: 1174 dataOffset: 2
09-03 21:35:04.013 V/OPENHU  ( 3108): [75] AapTransport.send | VIDEO Codec/Media Data Ack type: 32772 flags: 11 size: 10 dataOffset: 6
09-03 21:35:04.016 V/OPENHU  ( 3108): [74] AapTransport.sendEncryptedMessage | Sent size: 39
09-03 21:35:04.066 D/OPENHU  ( 3108): [75] AapSslContext.decrypt | SSL Decrypt Status: OK, Produced: 1162, Consumed: 1191
09-03 21:35:04.067 D/OPENHU  ( 3108): [75] Companion.decrypt | RECV: VIDEO Media Data type: 0 flags: 11 size: 1162 dataOffset: 2
09-03 21:35:04.068 V/OPENHU  ( 3108): [75] AapTransport.send | VIDEO Codec/Media Data Ack type: 32772 flags: 11 size: 10 dataOffset: 6
09-03 21:35:04.070 D/OPENHU  ( 3108): [75] AapSslContext.decrypt | SSL Decrypt Status: OK, Produced: 1169, Consumed: 1198
09-03 21:35:04.071 D/OPENHU  ( 3108): [75] Companion.decrypt | RECV: VIDEO Media Data type: 0 flags: 11 size: 1169 dataOffset: 2
09-03 21:35:04.071 V/OPENHU  ( 3108): [74] AapTransport.sendEncryptedMessage | Sent size: 39
09-03 21:35:04.072 V/OPENHU  ( 3108): [75] AapTransport.send | VIDEO Codec/Media Data Ack type: 32772 flags: 11 size: 10 dataOffset: 6
09-03 21:35:04.076 V/OPENHU  ( 3108): [74] AapTransport.sendEncryptedMessage | Sent size: 39
09-03 21:35:04.079 D/OPENHU  ( 3108): [75] AapSslContext.decrypt | SSL Decrypt Status: OK, Produced: 1507, Consumed: 1536
09-03 21:35:04.080 D/OPENHU  ( 3108): [75] Companion.decrypt | RECV: VIDEO Media Data type: 0 flags: 11 size: 1507 dataOffset: 2
09-03 21:35:04.081 V/OPENHU  ( 3108): [75] AapTransport.send | VIDEO Codec/Media Data Ack type: 32772 flags: 11 size: 10 dataOffset: 6
09-03 21:35:04.085 V/OPENHU  ( 3108): [74] AapTransport.sendEncryptedMessage | Sent size: 39
09-03 21:35:04.095 D/OPENHU  ( 3108): [75] AapSslContext.decrypt | SSL Decrypt Status: OK, Produced: 1201, Consumed: 1230
09-03 21:35:04.096 D/OPENHU  ( 3108): [75] Companion.decrypt | RECV: VIDEO Media Data type: 0 flags: 11 size: 1201 dataOffset: 2
09-03 21:35:04.097 V/OPENHU  ( 3108): [75] AapTransport.send | VIDEO Codec/Media Data Ack type: 32772 flags: 11 size: 10 dataOffset: 6
09-03 21:35:04.100 V/OPENHU  ( 3108): [74] AapTransport.sendEncryptedMessage | Sent size: 39
09-03 21:35:04.111 D/OPENHU  ( 3108): [75] AapSslContext.decrypt | SSL Decrypt Status: OK, Produced: 1162, Consumed: 1191
09-03 21:35:04.112 D/OPENHU  ( 3108): [75] Companion.decrypt | RECV: VIDEO Media Data type: 0 flags: 11 size: 1162 dataOffset: 2
09-03 21:35:04.113 V/OPENHU  ( 3108): [75] AapTransport.send | VIDEO Codec/Media Data Ack type: 32772 flags: 11 size: 10 dataOffset: 6
09-03 21:35:04.116 V/OPENHU  ( 3108): [74] AapTransport.sendEncryptedMessage | Sent size: 39
09-03 21:35:04.151 D/OPENHU  ( 3108): [75] AapSslContext.decrypt | SSL Decrypt Status: OK, Produced: 1170, Consumed: 1199
09-03 21:35:04.152 D/OPENHU  ( 3108): [75] Companion.decrypt | RECV: VIDEO Media Data type: 0 flags: 11 size: 1170 dataOffset: 2
09-03 21:35:04.153 V/OPENHU  ( 3108): [75] AapTransport.send | VIDEO Codec/Media Data Ack type: 32772 flags: 11 size: 10 dataOffset: 6
09-03 21:35:04.155 D/OPENHU  ( 3108): [75] AapSslContext.decrypt | SSL Decrypt Status: OK, Produced: 1167, Consumed: 1196
09-03 21:35:04.156 D/OPENHU  ( 3108): [75] Companion.decrypt | RECV: VIDEO Media Data type: 0 flags: 11 size: 1167 dataOffset: 2
09-03 21:35:04.156 V/OPENHU  ( 3108): [74] AapTransport.sendEncryptedMessage | Sent size: 39
09-03 21:35:04.157 V/OPENHU  ( 3108): [75] AapTransport.send | VIDEO Codec/Media Data Ack type: 32772 flags: 11 size: 10 dataOffset: 6
09-03 21:35:04.161 V/OPENHU  ( 3108): [74] AapTransport.sendEncryptedMessage | Sent size: 39
09-03 21:35:04.178 D/OPENHU  ( 3108): [75] AapSslContext.decrypt | SSL Decrypt Status: OK, Produced: 1552, Consumed: 1581
09-03 21:35:04.178 D/OPENHU  ( 3108): [75] Companion.decrypt | RECV: VIDEO Media Data type: 0 flags: 11 size: 1552 dataOffset: 2
09-03 21:35:04.179 V/OPENHU  ( 3108): [75] AapTransport.send | VIDEO Codec/Media Data Ack type: 32772 flags: 11 size: 10 dataOffset: 6
09-03 21:35:04.182 V/OPENHU  ( 3108): [74] AapTransport.sendEncryptedMessage | Sent size: 39
09-03 21:35:04.194 D/OPENHU  ( 3108): [75] AapSslContext.decrypt | SSL Decrypt Status: OK, Produced: 1212, Consumed: 1241
09-03 21:35:04.195 D/OPENHU  ( 3108): [75] Companion.decrypt | RECV: VIDEO Media Data type: 0 flags: 11 size: 1212 dataOffset: 2
09-03 21:35:04.196 V/OPENHU  ( 3108): [75] AapTransport.send | VIDEO Codec/Media Data Ack type: 32772 flags: 11 size: 10 dataOffset: 6
09-03 21:35:04.199 V/OPENHU  ( 3108): [74] AapTransport.sendEncryptedMessage | Sent size: 39
09-03 21:35:04.212 D/OPENHU  ( 3108): [75] AapSslContext.decrypt | SSL Decrypt Status: OK, Produced: 1179, Consumed: 1208
09-03 21:35:04.212 D/OPENHU  ( 3108): [75] Companion.decrypt | RECV: VIDEO Media Data type: 0 flags: 11 size: 1179 dataOffset: 2
09-03 21:35:04.213 V/OPENHU  ( 3108): [75] AapTransport.send | VIDEO Codec/Media Data Ack type: 32772 flags: 11 size: 10 dataOffset: 6
09-03 21:35:04.216 V/OPENHU  ( 3108): [74] AapTransport.sendEncryptedMessage | Sent size: 39
09-03 21:35:04.264 D/OPENHU  ( 3108): [75] AapSslContext.decrypt | SSL Decrypt Status: OK, Produced: 1171, Consumed: 1200
09-03 21:35:04.265 D/OPENHU  ( 3108): [75] Companion.decrypt | RECV: VIDEO Media Data type: 0 flags: 11 size: 1171 dataOffset: 2
09-03 21:35:04.266 V/OPENHU  ( 3108): [75] AapTransport.send | VIDEO Codec/Media Data Ack type: 32772 flags: 11 size: 10 dataOffset: 6
09-03 21:35:04.268 D/OPENHU  ( 3108): [75] AapSslContext.decrypt | SSL Decrypt Status: OK, Produced: 1166, Consumed: 1195
09-03 21:35:04.269 D/OPENHU  ( 3108): [75] Companion.decrypt | RECV: VIDEO Media Data type: 0 flags: 11 size: 1166 dataOffset: 2
09-03 21:35:04.269 V/OPENHU  ( 3108): [74] AapTransport.sendEncryptedMessage | Sent size: 39
09-03 21:35:04.270 V/OPENHU  ( 3108): [75] AapTransport.send | VIDEO Codec/Media Data Ack type: 32772 flags: 11 size: 10 dataOffset: 6
09-03 21:35:04.273 V/OPENHU  ( 3108): [74] AapTransport.sendEncryptedMessage | Sent size: 39
09-03 21:35:04.280 D/OPENHU  ( 3108): [75] AapSslContext.decrypt | SSL Decrypt Status: OK, Produced: 1536, Consumed: 1565
09-03 21:35:04.281 D/OPENHU  ( 3108): [75] Companion.decrypt | RECV: VIDEO Media Data type: 0 flags: 11 size: 1536 dataOffset: 2
09-03 21:35:04.282 V/OPENHU  ( 3108): [75] AapTransport.send | VIDEO Codec/Media Data Ack type: 32772 flags: 11 size: 10 dataOffset: 6
09-03 21:35:04.284 V/OPENHU  ( 3108): [74] AapTransport.sendEncryptedMessage | Sent size: 39
09-03 21:35:04.297 D/OPENHU  ( 3108): [75] AapSslContext.decrypt | SSL Decrypt Status: OK, Produced: 1262, Consumed: 1291
09-03 21:35:04.297 D/OPENHU  ( 3108): [75] Companion.decrypt | RECV: VIDEO Media Data type: 0 flags: 11 size: 1262 dataOffset: 2
09-03 21:35:04.299 V/OPENHU  ( 3108): [75] AapTransport.send | VIDEO Codec/Media Data Ack type: 32772 flags: 11 size: 10 dataOffset: 6
09-03 21:35:04.301 V/OPENHU  ( 3108): [74] AapTransport.sendEncryptedMessage | Sent size: 39
09-03 21:35:04.313 D/OPENHU  ( 3108): [75] AapSslContext.decrypt | SSL Decrypt Status: OK, Produced: 1188, Consumed: 1217
09-03 21:35:04.313 D/OPENHU  ( 3108): [75] Companion.decrypt | RECV: VIDEO Media Data type: 0 flags: 11 size: 1188 dataOffset: 2
09-03 21:35:04.315 V/OPENHU  ( 3108): [75] AapTransport.send | VIDEO Codec/Media Data Ack type: 32772 flags: 11 size: 10 dataOffset: 6
09-03 21:35:04.320 V/OPENHU  ( 3108): [74] AapTransport.sendEncryptedMessage | Sent size: 39
09-03 21:35:04.355 D/OPENHU  ( 3108): [75] AapSslContext.decrypt | SSL Decrypt Status: OK, Produced: 1185, Consumed: 1214
09-03 21:35:04.356 D/OPENHU  ( 3108): [75] Companion.decrypt | RECV: VIDEO Media Data type: 0 flags: 11 size: 1185 dataOffset: 2
09-03 21:35:04.357 V/OPENHU  ( 3108): [75] AapTransport.send | VIDEO Codec/Media Data Ack type: 32772 flags: 11 size: 10 dataOffset: 6
09-03 21:35:04.359 D/OPENHU  ( 3108): [75] AapSslContext.decrypt | SSL Decrypt Status: OK, Produced: 1186, Consumed: 1215
09-03 21:35:04.359 D/OPENHU  ( 3108): [75] Companion.decrypt | RECV: VIDEO Media Data type: 0 flags: 11 size: 1186 dataOffset: 2
09-03 21:35:04.360 V/OPENHU  ( 3108): [74] AapTransport.sendEncryptedMessage | Sent size: 39
09-03 21:35:04.360 V/OPENHU  ( 3108): [75] AapTransport.send | VIDEO Codec/Media Data Ack type: 32772 flags: 11 size: 10 dataOffset: 6
09-03 21:35:04.363 V/OPENHU  ( 3108): [74] AapTransport.sendEncryptedMessage | Sent size: 39
09-03 21:35:04.379 D/OPENHU  ( 3108): [75] AapSslContext.decrypt | SSL Decrypt Status: OK, Produced: 1511, Consumed: 1540
09-03 21:35:04.379 D/OPENHU  ( 3108): [75] Companion.decrypt | RECV: VIDEO Media Data type: 0 flags: 11 size: 1511 dataOffset: 2
09-03 21:35:04.380 V/OPENHU  ( 3108): [75] AapTransport.send | VIDEO Codec/Media Data Ack type: 32772 flags: 11 size: 10 dataOffset: 6
09-03 21:35:04.384 V/OPENHU  ( 3108): [74] AapTransport.sendEncryptedMessage | Sent size: 39
09-03 21:35:04.395 D/OPENHU  ( 3108): [75] AapSslContext.decrypt | SSL Decrypt Status: OK, Produced: 1224, Consumed: 1253
09-03 21:35:04.396 D/OPENHU  ( 3108): [75] Companion.decrypt | RECV: VIDEO Media Data type: 0 flags: 11 size: 1224 dataOffset: 2
09-03 21:35:04.397 V/OPENHU  ( 3108): [75] AapTransport.send | VIDEO Codec/Media Data Ack type: 32772 flags: 11 size: 10 dataOffset: 6
09-03 21:35:04.399 V/OPENHU  ( 3108): [74] AapTransport.sendEncryptedMessage | Sent size: 39
09-03 21:35:04.411 D/OPENHU  ( 3108): [75] AapSslContext.decrypt | SSL Decrypt Status: OK, Produced: 1185, Consumed: 1214
09-03 21:35:04.412 D/OPENHU  ( 3108): [75] Companion.decrypt | RECV: VIDEO Media Data type: 0 flags: 11 size: 1185 dataOffset: 2
09-03 21:35:04.413 V/OPENHU  ( 3108): [75] AapTransport.send | VIDEO Codec/Media Data Ack type: 32772 flags: 11 size: 10 dataOffset: 6
09-03 21:35:04.415 V/OPENHU  ( 3108): [74] AapTransport.sendEncryptedMessage | Sent size: 39
09-03 21:35:04.469 D/OPENHU  ( 3108): [75] AapSslContext.decrypt | SSL Decrypt Status: OK, Produced: 1176, Consumed: 1205
09-03 21:35:04.469 D/OPENHU  ( 3108): [75] Companion.decrypt | RECV: VIDEO Media Data type: 0 flags: 11 size: 1176 dataOffset: 2
09-03 21:35:04.470 V/OPENHU  ( 3108): [75] AapTransport.send | VIDEO Codec/Media Data Ack type: 32772 flags: 11 size: 10 dataOffset: 6
09-03 21:35:04.473 D/OPENHU  ( 3108): [75] AapSslContext.decrypt | SSL Decrypt Status: OK, Produced: 1176, Consumed: 1205
09-03 21:35:04.473 D/OPENHU  ( 3108): [75] Companion.decrypt | RECV: VIDEO Media Data type: 0 flags: 11 size: 1176 dataOffset: 2
09-03 21:35:04.474 V/OPENHU  ( 3108): [74] AapTransport.sendEncryptedMessage | Sent size: 39
09-03 21:35:04.474 V/OPENHU  ( 3108): [75] AapTransport.send | VIDEO Codec/Media Data Ack type: 32772 flags: 11 size: 10 dataOffset: 6
09-03 21:35:04.478 D/OPENHU  ( 3108): [75] AapSslContext.decrypt | SSL Decrypt Status: OK, Produced: 1439, Consumed: 1468
09-03 21:35:04.478 V/OPENHU  ( 3108): [74] AapTransport.sendEncryptedMessage | Sent size: 39
09-03 21:35:04.479 D/OPENHU  ( 3108): [75] Companion.decrypt | RECV: VIDEO Media Data type: 0 flags: 11 size: 1439 dataOffset: 2
09-03 21:35:04.480 V/OPENHU  ( 3108): [75] AapTransport.send | VIDEO Codec/Media Data Ack type: 32772 flags: 11 size: 10 dataOffset: 6
09-03 21:35:04.483 V/OPENHU  ( 3108): [74] AapTransport.sendEncryptedMessage | Sent size: 39
09-03 21:35:04.495 D/OPENHU  ( 3108): [75] AapSslContext.decrypt | SSL Decrypt Status: OK, Produced: 1228, Consumed: 1257
09-03 21:35:04.496 D/OPENHU  ( 3108): [75] Companion.decrypt | RECV: VIDEO Media Data type: 0 flags: 11 size: 1228 dataOffset: 2
09-03 21:35:04.496 V/OPENHU  ( 3108): [75] AapTransport.send | VIDEO Codec/Media Data Ack type: 32772 flags: 11 size: 10 dataOffset: 6
09-03 21:35:04.499 V/OPENHU  ( 3108): [74] AapTransport.sendEncryptedMessage | Sent size: 39
09-03 21:35:04.512 D/OPENHU  ( 3108): [75] AapSslContext.decrypt | SSL Decrypt Status: OK, Produced: 1187, Consumed: 1216
09-03 21:35:04.513 D/OPENHU  ( 3108): [75] Companion.decrypt | RECV: VIDEO Media Data type: 0 flags: 11 size: 1187 dataOffset: 2
09-03 21:35:04.514 V/OPENHU  ( 3108): [75] AapTransport.send | VIDEO Codec/Media Data Ack type: 32772 flags: 11 size: 10 dataOffset: 6
09-03 21:35:04.516 V/OPENHU  ( 3108): [74] AapTransport.sendEncryptedMessage | Sent size: 39
09-03 21:35:04.560 D/OPENHU  ( 3108): [75] AapSslContext.decrypt | SSL Decrypt Status: OK, Produced: 1177, Consumed: 1206
09-03 21:35:04.561 D/OPENHU  ( 3108): [75] Companion.decrypt | RECV: VIDEO Media Data type: 0 flags: 11 size: 1177 dataOffset: 2
09-03 21:35:04.562 V/OPENHU  ( 3108): [75] AapTransport.send | VIDEO Codec/Media Data Ack type: 32772 flags: 11 size: 10 dataOffset: 6
09-03 21:35:04.563 D/OPENHU  ( 3108): [75] AapSslContext.decrypt | SSL Decrypt Status: OK, Produced: 1172, Consumed: 1201
09-03 21:35:04.564 D/OPENHU  ( 3108): [75] Companion.decrypt | RECV: VIDEO Media Data type: 0 flags: 11 size: 1172 dataOffset: 2
09-03 21:35:04.564 V/OPENHU  ( 3108): [74] AapTransport.sendEncryptedMessage | Sent size: 39
09-03 21:35:04.565 V/OPENHU  ( 3108): [75] AapTransport.send | VIDEO Codec/Media Data Ack type: 32772 flags: 11 size: 10 dataOffset: 6
09-03 21:35:04.567 V/OPENHU  ( 3108): [74] AapTransport.sendEncryptedMessage | Sent size: 39
09-03 21:35:04.578 D/OPENHU  ( 3108): [75] AapSslContext.decrypt | SSL Decrypt Status: OK, Produced: 1228, Consumed: 1257
09-03 21:35:04.579 D/OPENHU  ( 3108): [75] Companion.decrypt | RECV: VIDEO Media Data type: 0 flags: 11 size: 1228 dataOffset: 2
09-03 21:35:04.580 V/OPENHU  ( 3108): [75] AapTransport.send | VIDEO Codec/Media Data Ack type: 32772 flags: 11 size: 10 dataOffset: 6
09-03 21:35:04.582 V/OPENHU  ( 3108): [74] AapTransport.sendEncryptedMessage | Sent size: 39
09-03 21:35:04.596 D/OPENHU  ( 3108): [75] AapSslContext.decrypt | SSL Decrypt Status: OK, Produced: 1191, Consumed: 1220
09-03 21:35:04.597 D/OPENHU  ( 3108): [75] Companion.decrypt | RECV: VIDEO Media Data type: 0 flags: 11 size: 1191 dataOffset: 2
09-03 21:35:04.598 V/OPENHU  ( 3108): [75] AapTransport.send | VIDEO Codec/Media Data Ack type: 32772 flags: 11 size: 10 dataOffset: 6
09-03 21:35:04.601 V/OPENHU  ( 3108): [74] AapTransport.sendEncryptedMessage | Sent size: 39
09-03 21:35:04.611 D/OPENHU  ( 3108): [75] AapSslContext.decrypt | SSL Decrypt Status: OK, Produced: 1177, Consumed: 1206
09-03 21:35:04.612 D/OPENHU  ( 3108): [75] Companion.decrypt | RECV: VIDEO Media Data type: 0 flags: 11 size: 1177 dataOffset: 2
09-03 21:35:04.613 V/OPENHU  ( 3108): [75] AapTransport.send | VIDEO Codec/Media Data Ack type: 32772 flags: 11 size: 10 dataOffset: 6
09-03 21:35:04.616 V/OPENHU  ( 3108): [74] AapTransport.sendEncryptedMessage | Sent size: 39
09-03 21:35:04.675 D/OPENHU  ( 3108): [75] AapSslContext.decrypt | SSL Decrypt Status: OK, Produced: 1180, Consumed: 1209
09-03 21:35:04.675 D/OPENHU  ( 3108): [75] Companion.decrypt | RECV: VIDEO Media Data type: 0 flags: 11 size: 1180 dataOffset: 2
09-03 21:35:04.677 V/OPENHU  ( 3108): [75] AapTransport.send | VIDEO Codec/Media Data Ack type: 32772 flags: 11 size: 10 dataOffset: 6
09-03 21:35:04.678 D/OPENHU  ( 3108): [75] AapSslContext.decrypt | SSL Decrypt Status: OK, Produced: 1178, Consumed: 1207
09-03 21:35:04.679 D/OPENHU  ( 3108): [75] Companion.decrypt | RECV: VIDEO Media Data type: 0 flags: 11 size: 1178 dataOffset: 2
09-03 21:35:04.679 V/OPENHU  ( 3108): [74] AapTransport.sendEncryptedMessage | Sent size: 39
09-03 21:35:04.680 V/OPENHU  ( 3108): [75] AapTransport.send | VIDEO Codec/Media Data Ack type: 32772 flags: 11 size: 10 dataOffset: 6
09-03 21:35:04.682 D/OPENHU  ( 3108): [75] AapSslContext.decrypt | SSL Decrypt Status: OK, Produced: 1182, Consumed: 1211
09-03 21:35:04.683 D/OPENHU  ( 3108): [75] Companion.decrypt | RECV: VIDEO Media Data type: 0 flags: 11 size: 1182 dataOffset: 2
09-03 21:35:04.683 V/OPENHU  ( 3108): [74] AapTransport.sendEncryptedMessage | Sent size: 39
09-03 21:35:04.684 V/OPENHU  ( 3108): [75] AapTransport.send | VIDEO Codec/Media Data Ack type: 32772 flags: 11 size: 10 dataOffset: 6
09-03 21:35:04.687 V/OPENHU  ( 3108): [74] AapTransport.sendEncryptedMessage | Sent size: 39
09-03 21:35:04.695 D/OPENHU  ( 3108): [75] AapSslContext.decrypt | SSL Decrypt Status: OK, Produced: 1173, Consumed: 1202
09-03 21:35:04.696 D/OPENHU  ( 3108): [75] Companion.decrypt | RECV: VIDEO Media Data type: 0 flags: 11 size: 1173 dataOffset: 2
09-03 21:35:04.697 V/OPENHU  ( 3108): [75] AapTransport.send | VIDEO Codec/Media Data Ack type: 32772 flags: 11 size: 10 dataOffset: 6
09-03 21:35:04.700 V/OPENHU  ( 3108): [74] AapTransport.sendEncryptedMessage | Sent size: 39
09-03 21:35:04.711 D/OPENHU  ( 3108): [75] AapSslContext.decrypt | SSL Decrypt Status: OK, Produced: 1174, Consumed: 1203
09-03 21:35:04.712 D/OPENHU  ( 3108): [75] Companion.decrypt | RECV: VIDEO Media Data type: 0 flags: 11 size: 1174 dataOffset: 2
09-03 21:35:04.713 V/OPENHU  ( 3108): [75] AapTransport.send | VIDEO Codec/Media Data Ack type: 32772 flags: 11 size: 10 dataOffset: 6
09-03 21:35:04.716 V/OPENHU  ( 3108): [74] AapTransport.sendEncryptedMessage | Sent size: 39
09-03 21:35:04.732 D/OPENHU  ( 3108): [75] AapSslContext.decrypt | SSL Decrypt Status: OK, Produced: 1174, Consumed: 1203
09-03 21:35:04.732 D/OPENHU  ( 3108): [75] Companion.decrypt | RECV: VIDEO Media Data type: 0 flags: 11 size: 1174 dataOffset: 2
09-03 21:35:04.733 V/OPENHU  ( 3108): [75] AapTransport.send | VIDEO Codec/Media Data Ack type: 32772 flags: 11 size: 10 dataOffset: 6
09-03 21:35:04.736 V/OPENHU  ( 3108): [74] AapTransport.sendEncryptedMessage | Sent size: 39
09-03 21:35:04.755 I/OPENHU  ( 3108): [81] VideoDecoder.logThroughput | Throughput over 5005ms: rendered=251 (50fps), fed=251 (50fps), dropped=0, skipped=0, concealed=0, inputWait=108ms, enqueueWait=0ms, codec=c2.unisoc.hevc.decoder, presented=251 (50fps), decodeLatency=9ms p95=13ms (251 frames)
09-03 21:35:04.766 D/OPENHU  ( 3108): [75] AapSslContext.decrypt | SSL Decrypt Status: OK, Produced: 1172, Consumed: 1201
09-03 21:35:04.766 D/OPENHU  ( 3108): [75] Companion.decrypt | RECV: VIDEO Media Data type: 0 flags: 11 size: 1172 dataOffset: 2
09-03 21:35:04.767 V/OPENHU  ( 3108): [75] AapTransport.send | VIDEO Codec/Media Data Ack type: 32772 flags: 11 size: 10 dataOffset: 6
09-03 21:35:04.770 V/OPENHU  ( 3108): [74] AapTransport.sendEncryptedMessage | Sent size: 39
09-03 21:35:04.778 D/OPENHU  ( 3108): [75] AapSslContext.decrypt | SSL Decrypt Status: OK, Produced: 1399, Consumed: 1428
09-03 21:35:04.778 I/OPENHU  ( 3108): [77] VideoRenderer.markFrameDrawn | GlProjectionView: displayed 249 frames in 5002ms (49fps), longFrames=0
09-03 21:35:04.778 D/OPENHU  ( 3108): [75] Companion.decrypt | RECV: VIDEO Media Data type: 0 flags: 11 size: 1399 dataOffset: 2
09-03 21:35:04.779 V/OPENHU  ( 3108): [75] AapTransport.send | VIDEO Codec/Media Data Ack type: 32772 flags: 11 size: 10 dataOffset: 6
09-03 21:35:04.782 V/OPENHU  ( 3108): [74] AapTransport.sendEncryptedMessage | Sent size: 39
09-03 21:35:04.795 D/OPENHU  ( 3108): [75] AapSslContext.decrypt | SSL Decrypt Status: OK, Produced: 1212, Consumed: 1241
09-03 21:35:04.796 D/OPENHU  ( 3108): [75] Companion.decrypt | RECV: VIDEO Media Data type: 0 flags: 11 size: 1212 dataOffset: 2
09-03 21:35:04.797 V/OPENHU  ( 3108): [75] AapTransport.send | VIDEO Codec/Media Data Ack type: 32772 flags: 11 size: 10 dataOffset: 6
09-03 21:35:04.799 V/OPENHU  ( 3108): [74] AapTransport.sendEncryptedMessage | Sent size: 39
09-03 21:35:04.812 D/OPENHU  ( 3108): [75] AapSslContext.decrypt | SSL Decrypt Status: OK, Produced: 1176, Consumed: 1205
09-03 21:35:04.814 D/OPENHU  ( 3108): [75] Companion.decrypt | RECV: VIDEO Media Data type: 0 flags: 11 size: 1176 dataOffset: 2
09-03 21:35:04.816 V/OPENHU  ( 3108): [75] AapTransport.send | VIDEO Codec/Media Data Ack type: 32772 flags: 11 size: 10 dataOffset: 6
09-03 21:35:04.819 V/OPENHU  ( 3108): [74] AapTransport.sendEncryptedMessage | Sent size: 39
09-03 21:35:04.833 D/OPENHU  ( 3108): [75] AapSslContext.decrypt | SSL Decrypt Status: OK, Produced: 1178, Consumed: 1207
09-03 21:35:04.835 D/OPENHU  ( 3108): [75] Companion.decrypt | RECV: VIDEO Media Data type: 0 flags: 11 size: 1178 dataOffset: 2
09-03 21:35:04.840 V/OPENHU  ( 3108): [75] AapTransport.send | VIDEO Codec/Media Data Ack type: 32772 flags: 11 size: 10 dataOffset: 6
09-03 21:35:04.843 V/OPENHU  ( 3108): [74] AapTransport.sendEncryptedMessage | Sent size: 39
09-03 21:35:04.885 D/OPENHU  ( 3108): [75] AapSslContext.decrypt | SSL Decrypt Status: OK, Produced: 1174, Consumed: 1203
09-03 21:35:04.886 D/OPENHU  ( 3108): [75] Companion.decrypt | RECV: VIDEO Media Data type: 0 flags: 11 size: 1174 dataOffset: 2
09-03 21:35:04.887 V/OPENHU  ( 3108): [75] AapTransport.send | VIDEO Codec/Media Data Ack type: 32772 flags: 11 size: 10 dataOffset: 6
09-03 21:35:04.888 D/OPENHU  ( 3108): [75] AapSslContext.decrypt | SSL Decrypt Status: OK, Produced: 1497, Consumed: 1526
09-03 21:35:04.889 D/OPENHU  ( 3108): [75] Companion.decrypt | RECV: VIDEO Media Data type: 0 flags: 11 size: 1497 dataOffset: 2
09-03 21:35:04.889 V/OPENHU  ( 3108): [74] AapTransport.sendEncryptedMessage | Sent size: 39
09-03 21:35:04.890 V/OPENHU  ( 3108): [75] AapTransport.send | VIDEO Codec/Media Data Ack type: 32772 flags: 11 size: 10 dataOffset: 6
09-03 21:35:04.893 V/OPENHU  ( 3108): [74] AapTransport.sendEncryptedMessage | Sent size: 39
09-03 21:35:04.895 D/OPENHU  ( 3108): [75] AapSslContext.decrypt | SSL Decrypt Status: OK, Produced: 1231, Consumed: 1260
09-03 21:35:04.896 D/OPENHU  ( 3108): [75] Companion.decrypt | RECV: VIDEO Media Data type: 0 flags: 11 size: 1231 dataOffset: 2
09-03 21:35:04.897 V/OPENHU  ( 3108): [75] AapTransport.send | VIDEO Codec/Media Data Ack type: 32772 flags: 11 size: 10 dataOffset: 6
09-03 21:35:04.900 V/OPENHU  ( 3108): [74] AapTransport.sendEncryptedMessage | Sent size: 39
09-03 21:35:04.912 D/OPENHU  ( 3108): [75] AapSslContext.decrypt | SSL Decrypt Status: OK, Produced: 1186, Consumed: 1215
09-03 21:35:04.912 D/OPENHU  ( 3108): [75] Companion.decrypt | RECV: VIDEO Media Data type: 0 flags: 11 size: 1186 dataOffset: 2
09-03 21:35:04.913 V/OPENHU  ( 3108): [75] AapTransport.send | VIDEO Codec/Media Data Ack type: 32772 flags: 11 size: 10 dataOffset: 6
09-03 21:35:04.917 V/OPENHU  ( 3108): [74] AapTransport.sendEncryptedMessage | Sent size: 39
09-03 21:35:04.935 D/OPENHU  ( 3108): [75] AapSslContext.decrypt | SSL Decrypt Status: OK, Produced: 1175, Consumed: 1204
09-03 21:35:04.935 D/OPENHU  ( 3108): [75] Companion.decrypt | RECV: VIDEO Media Data type: 0 flags: 11 size: 1175 dataOffset: 2
09-03 21:35:04.936 V/OPENHU  ( 3108): [75] AapTransport.send | VIDEO Codec/Media Data Ack type: 32772 flags: 11 size: 10 dataOffset: 6
09-03 21:35:04.939 V/OPENHU  ( 3108): [74] AapTransport.sendEncryptedMessage | Sent size: 39
09-03 21:35:04.970 D/OPENHU  ( 3108): [75] AapSslContext.decrypt | SSL Decrypt Status: OK, Produced: 1172, Consumed: 1201
09-03 21:35:04.971 D/OPENHU  ( 3108): [75] Companion.decrypt | RECV: VIDEO Media Data type: 0 flags: 11 size: 1172 dataOffset: 2
09-03 21:35:04.972 V/OPENHU  ( 3108): [75] AapTransport.send | VIDEO Codec/Media Data Ack type: 32772 flags: 11 size: 10 dataOffset: 6
09-03 21:35:04.974 V/OPENHU  ( 3108): [74] AapTransport.sendEncryptedMessage | Sent size: 39
09-03 21:35:04.976 D/OPENHU  ( 3108): [75] AapSslContext.decrypt | SSL Decrypt Status: OK, Produced: 12, Consumed: 41
09-03 21:35:04.977 D/OPENHU  ( 3108): [75] Companion.decrypt | RECV: CONTROL Ping Request type: 11 flags: 11 size: 12 dataOffset: 2
09-03 21:35:04.978 V/OPENHU  ( 3108): [75] AapTransport.send | CONTROL Ping Response type: 12 flags: 11 size: 14 dataOffset: 6
09-03 21:35:04.979 D/OPENHU  ( 3108): [75] AapSslContext.decrypt | SSL Decrypt Status: OK, Produced: 1513, Consumed: 1542
09-03 21:35:04.980 D/OPENHU  ( 3108): [75] Companion.decrypt | RECV: VIDEO Media Data type: 0 flags: 11 size: 1513 dataOffset: 2
09-03 21:35:04.981 V/OPENHU  ( 3108): [74] AapTransport.sendEncryptedMessage | Sent size: 43
09-03 21:35:04.981 V/OPENHU  ( 3108): [75] AapTransport.send | VIDEO Codec/Media Data Ack type: 32772 flags: 11 size: 10 dataOffset: 6
09-03 21:35:04.985 V/OPENHU  ( 3108): [74] AapTransport.sendEncryptedMessage | Sent size: 39
09-03 21:35:04.995 D/OPENHU  ( 3108): [75] AapSslContext.decrypt | SSL Decrypt Status: OK, Produced: 1201, Consumed: 1230
09-03 21:35:04.996 D/OPENHU  ( 3108): [75] Companion.decrypt | RECV: VIDEO Media Data type: 0 flags: 11 size: 1201 dataOffset: 2
09-03 21:35:04.997 V/OPENHU  ( 3108): [75] AapTransport.send | VIDEO Codec/Media Data Ack type: 32772 flags: 11 size: 10 dataOffset: 6
09-03 21:35:05.000 V/OPENHU  ( 3108): [74] AapTransport.sendEncryptedMessage | Sent size: 39
09-03 21:35:05.012 D/OPENHU  ( 3108): [75] AapSslContext.decrypt | SSL Decrypt Status: OK, Produced: 1171, Consumed: 1200
09-03 21:35:05.012 D/OPENHU  ( 3108): [75] Companion.decrypt | RECV: VIDEO Media Data type: 0 flags: 11 size: 1171 dataOffset: 2
09-03 21:35:05.013 V/OPENHU  ( 3108): [75] AapTransport.send | VIDEO Codec/Media Data Ack type: 32772 flags: 11 size: 10 dataOffset: 6
09-03 21:35:05.016 V/OPENHU  ( 3108): [74] AapTransport.sendEncryptedMessage | Sent size: 39
09-03 21:35:05.032 D/OPENHU  ( 3108): [75] AapSslContext.decrypt | SSL Decrypt Status: OK, Produced: 1178, Consumed: 1207
09-03 21:35:05.033 D/OPENHU  ( 3108): [75] Companion.decrypt | RECV: VIDEO Media Data type: 0 flags: 11 size: 1178 dataOffset: 2
09-03 21:35:05.034 V/OPENHU  ( 3108): [75] AapTransport.send | VIDEO Codec/Media Data Ack type: 32772 flags: 11 size: 10 dataOffset: 6
09-03 21:35:05.038 V/OPENHU  ( 3108): [74] AapTransport.sendEncryptedMessage | Sent size: 39
09-03 21:35:05.083 V/OPENHU  ( 3108): [2] GpsLocation.onLocationChanged | GpsLocation: fix received
09-03 21:35:05.087 D/OPENHU  ( 3108): [75] AapSslContext.decrypt | SSL Decrypt Status: OK, Produced: 1165, Consumed: 1194
09-03 21:35:05.088 D/OPENHU  ( 3108): [75] Companion.decrypt | RECV: VIDEO Media Data type: 0 flags: 11 size: 1165 dataOffset: 2
09-03 21:35:05.089 V/OPENHU  ( 3108): [75] AapTransport.send | VIDEO Codec/Media Data Ack type: 32772 flags: 11 size: 10 dataOffset: 6
09-03 21:35:05.091 V/OPENHU  ( 3108): [2] AapTransport.send | SENSOR Sensor Event type: 32771 flags: 11 size: 45 dataOffset: 6
09-03 21:35:05.091 D/OPENHU  ( 3108): [75] AapSslContext.decrypt | SSL Decrypt Status: OK, Produced: 1508, Consumed: 1537
09-03 21:35:05.092 D/OPENHU  ( 3108): [75] Companion.decrypt | RECV: VIDEO Media Data type: 0 flags: 11 size: 1508 dataOffset: 2
09-03 21:35:05.092 V/OPENHU  ( 3108): [74] AapTransport.sendEncryptedMessage | Sent size: 39
09-03 21:35:05.093 V/OPENHU  ( 3108): [75] AapTransport.send | VIDEO Codec/Media Data Ack type: 32772 flags: 11 size: 10 dataOffset: 6
09-03 21:35:05.095 D/OPENHU  ( 3108): [75] AapSslContext.decrypt | SSL Decrypt Status: OK, Produced: 1192, Consumed: 1221
09-03 21:35:05.095 V/OPENHU  ( 3108): [74] AapTransport.sendEncryptedMessage | Sent size: 74
09-03 21:35:05.096 D/OPENHU  ( 3108): [75] Companion.decrypt | RECV: VIDEO Media Data type: 0 flags: 11 size: 1192 dataOffset: 2
09-03 21:35:05.097 V/OPENHU  ( 3108): [75] AapTransport.send | VIDEO Codec/Media Data Ack type: 32772 flags: 11 size: 10 dataOffset: 6
09-03 21:35:05.098 V/OPENHU  ( 3108): [74] AapTransport.sendEncryptedMessage | Sent size: 39
09-03 21:35:05.100 V/OPENHU  ( 3108): [74] AapTransport.sendEncryptedMessage | Sent size: 39
09-03 21:35:05.112 D/OPENHU  ( 3108): [75] AapSslContext.decrypt | SSL Decrypt Status: OK, Produced: 1170, Consumed: 1199
09-03 21:35:05.112 D/OPENHU  ( 3108): [75] Companion.decrypt | RECV: VIDEO Media Data type: 0 flags: 11 size: 1170 dataOffset: 2
09-03 21:35:05.113 V/OPENHU  ( 3108): [75] AapTransport.send | VIDEO Codec/Media Data Ack type: 32772 flags: 11 size: 10 dataOffset: 6
09-03 21:35:05.115 V/OPENHU  ( 3108): [74] AapTransport.sendEncryptedMessage | Sent size: 39
09-03 21:35:05.132 D/OPENHU  ( 3108): [75] AapSslContext.decrypt | SSL Decrypt Status: OK, Produced: 1165, Consumed: 1194
09-03 21:35:05.133 D/OPENHU  ( 3108): [75] Companion.decrypt | RECV: VIDEO Media Data type: 0 flags: 11 size: 1165 dataOffset: 2
09-03 21:35:05.134 V/OPENHU  ( 3108): [75] AapTransport.send | VIDEO Codec/Media Data Ack type: 32772 flags: 11 size: 10 dataOffset: 6
09-03 21:35:05.135 V/OPENHU  ( 3108): [74] AapTransport.sendEncryptedMessage | Sent size: 39
09-03 21:35:05.175 D/OPENHU  ( 3108): [75] AapSslContext.decrypt | SSL Decrypt Status: OK, Produced: 1172, Consumed: 1201
09-03 21:35:05.176 D/OPENHU  ( 3108): [75] Companion.decrypt | RECV: VIDEO Media Data type: 0 flags: 11 size: 1172 dataOffset: 2
09-03 21:35:05.177 V/OPENHU  ( 3108): [75] AapTransport.send | VIDEO Codec/Media Data Ack type: 32772 flags: 11 size: 10 dataOffset: 6
09-03 21:35:05.179 D/OPENHU  ( 3108): [75] AapSslContext.decrypt | SSL Decrypt Status: OK, Produced: 1526, Consumed: 1555
09-03 21:35:05.179 V/OPENHU  ( 3108): [74] AapTransport.sendEncryptedMessage | Sent size: 39
09-03 21:35:05.179 D/OPENHU  ( 3108): [75] Companion.decrypt | RECV: VIDEO Media Data type: 0 flags: 11 size: 1526 dataOffset: 2
09-03 21:35:05.180 V/OPENHU  ( 3108): [75] AapTransport.send | VIDEO Codec/Media Data Ack type: 32772 flags: 11 size: 10 dataOffset: 6
09-03 21:35:05.182 V/OPENHU  ( 3108): [74] AapTransport.sendEncryptedMessage | Sent size: 39
09-03 21:35:05.197 D/OPENHU  ( 3108): [75] AapSslContext.decrypt | SSL Decrypt Status: OK, Produced: 1207, Consumed: 1236
09-03 21:35:05.198 D/OPENHU  ( 3108): [75] Companion.decrypt | RECV: VIDEO Media Data type: 0 flags: 11 size: 1207 dataOffset: 2
09-03 21:35:05.199 V/OPENHU  ( 3108): [75] AapTransport.send | VIDEO Codec/Media Data Ack type: 32772 flags: 11 size: 10 dataOffset: 6
09-03 21:35:05.200 V/OPENHU  ( 3108): [74] AapTransport.sendEncryptedMessage | Sent size: 39
09-03 21:35:05.211 D/OPENHU  ( 3108): [75] AapSslContext.decrypt | SSL Decrypt Status: OK, Produced: 1190, Consumed: 1219
09-03 21:35:05.212 D/OPENHU  ( 3108): [75] Companion.decrypt | RECV: VIDEO Media Data type: 0 flags: 11 size: 1190 dataOffset: 2
09-03 21:35:05.213 V/OPENHU  ( 3108): [75] AapTransport.send | VIDEO Codec/Media Data Ack type: 32772 flags: 11 size: 10 dataOffset: 6
09-03 21:35:05.215 V/OPENHU  ( 3108): [74] AapTransport.sendEncryptedMessage | Sent size: 39
09-03 21:35:05.234 D/OPENHU  ( 3108): [75] AapSslContext.decrypt | SSL Decrypt Status: OK, Produced: 1175, Consumed: 1204
09-03 21:35:05.235 D/OPENHU  ( 3108): [75] Companion.decrypt | RECV: VIDEO Media Data type: 0 flags: 11 size: 1175 dataOffset: 2
09-03 21:35:05.236 V/OPENHU  ( 3108): [75] AapTransport.send | VIDEO Codec/Media Data Ack type: 32772 flags: 11 size: 10 dataOffset: 6
09-03 21:35:05.237 V/OPENHU  ( 3108): [74] AapTransport.sendEncryptedMessage | Sent size: 39
09-03 21:35:05.290 D/OPENHU  ( 3108): [75] AapSslContext.decrypt | SSL Decrypt Status: OK, Produced: 1179, Consumed: 1208
09-03 21:35:05.291 D/OPENHU  ( 3108): [75] Companion.decrypt | RECV: VIDEO Media Data type: 0 flags: 11 size: 1179 dataOffset: 2
09-03 21:35:05.292 V/OPENHU  ( 3108): [75] AapTransport.send | VIDEO Codec/Media Data Ack type: 32772 flags: 11 size: 10 dataOffset: 6
09-03 21:35:05.293 D/OPENHU  ( 3108): [75] AapSslContext.decrypt | SSL Decrypt Status: OK, Produced: 1372, Consumed: 1401
09-03 21:35:05.294 D/OPENHU  ( 3108): [75] Companion.decrypt | RECV: VIDEO Media Data type: 0 flags: 11 size: 1372 dataOffset: 2
09-03 21:35:05.294 V/OPENHU  ( 3108): [74] AapTransport.sendEncryptedMessage | Sent size: 39
09-03 21:35:05.295 V/OPENHU  ( 3108): [75] AapTransport.send | VIDEO Codec/Media Data Ack type: 32772 flags: 11 size: 10 dataOffset: 6
09-03 21:35:05.297 D/OPENHU  ( 3108): [75] AapSslContext.decrypt | SSL Decrypt Status: OK, Produced: 1200, Consumed: 1229
09-03 21:35:05.298 D/OPENHU  ( 3108): [75] Companion.decrypt | RECV: VIDEO Media Data type: 0 flags: 11 size: 1200 dataOffset: 2
09-03 21:35:05.298 V/OPENHU  ( 3108): [74] AapTransport.sendEncryptedMessage | Sent size: 39
09-03 21:35:05.299 V/OPENHU  ( 3108): [75] AapTransport.send | VIDEO Codec/Media Data Ack type: 32772 flags: 11 size: 10 dataOffset: 6
09-03 21:35:05.303 V/OPENHU  ( 3108): [74] AapTransport.sendEncryptedMessage | Sent size: 39
09-03 21:35:05.311 D/OPENHU  ( 3108): [75] AapSslContext.decrypt | SSL Decrypt Status: OK, Produced: 1181, Consumed: 1210
09-03 21:35:05.312 D/OPENHU  ( 3108): [75] Companion.decrypt | RECV: VIDEO Media Data type: 0 flags: 11 size: 1181 dataOffset: 2
09-03 21:35:05.313 V/OPENHU  ( 3108): [75] AapTransport.send | VIDEO Codec/Media Data Ack type: 32772 flags: 11 size: 10 dataOffset: 6
09-03 21:35:05.316 V/OPENHU  ( 3108): [74] AapTransport.sendEncryptedMessage | Sent size: 39
09-03 21:35:05.328 D/OPENHU  ( 3108): [75] AapSslContext.decrypt | SSL Decrypt Status: OK, Produced: 1176, Consumed: 1205
09-03 21:35:05.329 D/OPENHU  ( 3108): [75] Companion.decrypt | RECV: VIDEO Media Data type: 0 flags: 11 size: 1176 dataOffset: 2
09-03 21:35:05.330 V/OPENHU  ( 3108): [75] AapTransport.send | VIDEO Codec/Media Data Ack type: 32772 flags: 11 size: 10 dataOffset: 6
09-03 21:35:05.332 V/OPENHU  ( 3108): [74] AapTransport.sendEncryptedMessage | Sent size: 39
09-03 21:35:05.341 D/OPENHU  ( 3108): [75] AapSslContext.decrypt | SSL Decrypt Status: OK, Produced: 1173, Consumed: 1202
09-03 21:35:05.342 D/OPENHU  ( 3108): [75] Companion.decrypt | RECV: VIDEO Media Data type: 0 flags: 11 size: 1173 dataOffset: 2
09-03 21:35:05.343 V/OPENHU  ( 3108): [75] AapTransport.send | VIDEO Codec/Media Data Ack type: 32772 flags: 11 size: 10 dataOffset: 6
09-03 21:35:05.346 V/OPENHU  ( 3108): [74] AapTransport.sendEncryptedMessage | Sent size: 39
09-03 21:35:05.380 D/OPENHU  ( 3108): [75] AapSslContext.decrypt | SSL Decrypt Status: OK, Produced: 1583, Consumed: 1612
09-03 21:35:05.380 D/OPENHU  ( 3108): [75] Companion.decrypt | RECV: VIDEO Media Data type: 0 flags: 11 size: 1583 dataOffset: 2
09-03 21:35:05.381 V/OPENHU  ( 3108): [75] AapTransport.send | VIDEO Codec/Media Data Ack type: 32772 flags: 11 size: 10 dataOffset: 6
09-03 21:35:05.385 V/OPENHU  ( 3108): [74] AapTransport.sendEncryptedMessage | Sent size: 39
09-03 21:35:05.395 D/OPENHU  ( 3108): [75] AapSslContext.decrypt | SSL Decrypt Status: OK, Produced: 1236, Consumed: 1265
09-03 21:35:05.396 D/OPENHU  ( 3108): [75] Companion.decrypt | RECV: VIDEO Media Data type: 0 flags: 11 size: 1236 dataOffset: 2
09-03 21:35:05.397 V/OPENHU  ( 3108): [75] AapTransport.send | VIDEO Codec/Media Data Ack type: 32772 flags: 11 size: 10 dataOffset: 6
09-03 21:35:05.400 V/OPENHU  ( 3108): [74] AapTransport.sendEncryptedMessage | Sent size: 39
09-03 21:35:05.411 D/OPENHU  ( 3108): [75] AapSslContext.decrypt | SSL Decrypt Status: OK, Produced: 1184, Consumed: 1213
09-03 21:35:05.412 D/OPENHU  ( 3108): [75] Companion.decrypt | RECV: VIDEO Media Data type: 0 flags: 11 size: 1184 dataOffset: 2
09-03 21:35:05.413 V/OPENHU  ( 3108): [75] AapTransport.send | VIDEO Codec/Media Data Ack type: 32772 flags: 11 size: 10 dataOffset: 6
09-03 21:35:05.416 V/OPENHU  ( 3108): [74] AapTransport.sendEncryptedMessage | Sent size: 39
09-03 21:35:05.427 D/OPENHU  ( 3108): [75] AapSslContext.decrypt | SSL Decrypt Status: OK, Produced: 1171, Consumed: 1200
09-03 21:35:05.428 D/OPENHU  ( 3108): [75] Companion.decrypt | RECV: VIDEO Media Data type: 0 flags: 11 size: 1171 dataOffset: 2
09-03 21:35:05.429 V/OPENHU  ( 3108): [75] AapTransport.send | VIDEO Codec/Media Data Ack type: 32772 flags: 11 size: 10 dataOffset: 6
09-03 21:35:05.433 V/OPENHU  ( 3108): [74] AapTransport.sendEncryptedMessage | Sent size: 39
09-03 21:35:05.444 D/OPENHU  ( 3108): [75] AapSslContext.decrypt | SSL Decrypt Status: OK, Produced: 1174, Consumed: 1203
09-03 21:35:05.445 D/OPENHU  ( 3108): [75] Companion.decrypt | RECV: VIDEO Media Data type: 0 flags: 11 size: 1174 dataOffset: 2
09-03 21:35:05.446 V/OPENHU  ( 3108): [75] AapTransport.send | VIDEO Codec/Media Data Ack type: 32772 flags: 11 size: 10 dataOffset: 6
09-03 21:35:05.448 V/OPENHU  ( 3108): [74] AapTransport.sendEncryptedMessage | Sent size: 39
09-03 21:35:05.491 D/OPENHU  ( 3108): [75] AapSslContext.decrypt | SSL Decrypt Status: OK, Produced: 1550, Consumed: 1579
09-03 21:35:05.492 D/OPENHU  ( 3108): [75] Companion.decrypt | RECV: VIDEO Media Data type: 0 flags: 11 size: 1550 dataOffset: 2
09-03 21:35:05.493 V/OPENHU  ( 3108): [75] AapTransport.send | VIDEO Codec/Media Data Ack type: 32772 flags: 11 size: 10 dataOffset: 6
09-03 21:35:05.496 D/OPENHU  ( 3108): [75] AapSslContext.decrypt | SSL Decrypt Status: OK, Produced: 1258, Consumed: 1287
09-03 21:35:05.496 V/OPENHU  ( 3108): [74] AapTransport.sendEncryptedMessage | Sent size: 39
09-03 21:35:05.497 D/OPENHU  ( 3108): [75] Companion.decrypt | RECV: VIDEO Media Data type: 0 flags: 11 size: 1258 dataOffset: 2
09-03 21:35:05.498 V/OPENHU  ( 3108): [75] AapTransport.send | VIDEO Codec/Media Data Ack type: 32772 flags: 11 size: 10 dataOffset: 6
09-03 21:35:05.500 V/OPENHU  ( 3108): [74] AapTransport.sendEncryptedMessage | Sent size: 39
09-03 21:35:05.512 D/OPENHU  ( 3108): [75] AapSslContext.decrypt | SSL Decrypt Status: OK, Produced: 1197, Consumed: 1226
09-03 21:35:05.513 D/OPENHU  ( 3108): [75] Companion.decrypt | RECV: VIDEO Media Data type: 0 flags: 11 size: 1197 dataOffset: 2
09-03 21:35:05.514 V/OPENHU  ( 3108): [75] AapTransport.send | VIDEO Codec/Media Data Ack type: 32772 flags: 11 size: 10 dataOffset: 6
09-03 21:35:05.517 V/OPENHU  ( 3108): [74] AapTransport.sendEncryptedMessage | Sent size: 39
09-03 21:35:05.535 D/OPENHU  ( 3108): [75] AapSslContext.decrypt | SSL Decrypt Status: OK, Produced: 1184, Consumed: 1213
09-03 21:35:05.536 D/OPENHU  ( 3108): [75] Companion.decrypt | RECV: VIDEO Media Data type: 0 flags: 11 size: 1184 dataOffset: 2
09-03 21:35:05.536 V/OPENHU  ( 3108): [75] AapTransport.send | VIDEO Codec/Media Data Ack type: 32772 flags: 11 size: 10 dataOffset: 6
09-03 21:35:05.539 V/OPENHU  ( 3108): [74] AapTransport.sendEncryptedMessage | Sent size: 39
09-03 21:35:05.549 D/OPENHU  ( 3108): [75] AapSslContext.decrypt | SSL Decrypt Status: OK, Produced: 1182, Consumed: 1211
09-03 21:35:05.550 D/OPENHU  ( 3108): [75] Companion.decrypt | RECV: VIDEO Media Data type: 0 flags: 11 size: 1182 dataOffset: 2
09-03 21:35:05.551 V/OPENHU  ( 3108): [75] AapTransport.send | VIDEO Codec/Media Data Ack type: 32772 flags: 11 size: 10 dataOffset: 6
09-03 21:35:05.553 V/OPENHU  ( 3108): [74] AapTransport.sendEncryptedMessage | Sent size: 39
09-03 21:35:05.585 D/OPENHU  ( 3108): [75] AapSslContext.decrypt | SSL Decrypt Status: OK, Produced: 1564, Consumed: 1593
09-03 21:35:05.586 D/OPENHU  ( 3108): [75] Companion.decrypt | RECV: VIDEO Media Data type: 0 flags: 11 size: 1564 dataOffset: 2
09-03 21:35:05.587 V/OPENHU  ( 3108): [75] AapTransport.send | VIDEO Codec/Media Data Ack type: 32772 flags: 11 size: 10 dataOffset: 6
09-03 21:35:05.590 V/OPENHU  ( 3108): [74] AapTransport.sendEncryptedMessage | Sent size: 39
09-03 21:35:05.595 D/OPENHU  ( 3108): [75] AapSslContext.decrypt | SSL Decrypt Status: OK, Produced: 1224, Consumed: 1253
09-03 21:35:05.596 D/OPENHU  ( 3108): [75] Companion.decrypt | RECV: VIDEO Media Data type: 0 flags: 11 size: 1224 dataOffset: 2
09-03 21:35:05.597 V/OPENHU  ( 3108): [75] AapTransport.send | VIDEO Codec/Media Data Ack type: 32772 flags: 11 size: 10 dataOffset: 6
09-03 21:35:05.600 V/OPENHU  ( 3108): [74] AapTransport.sendEncryptedMessage | Sent size: 39
09-03 21:35:05.612 D/OPENHU  ( 3108): [75] AapSslContext.decrypt | SSL Decrypt Status: OK, Produced: 1177, Consumed: 1206
09-03 21:35:05.613 D/OPENHU  ( 3108): [75] Companion.decrypt | RECV: VIDEO Media Data type: 0 flags: 11 size: 1177 dataOffset: 2
09-03 21:35:05.614 V/OPENHU  ( 3108): [75] AapTransport.send | VIDEO Codec/Media Data Ack type: 32772 flags: 11 size: 10 dataOffset: 6
09-03 21:35:05.616 V/OPENHU  ( 3108): [74] AapTransport.sendEncryptedMessage | Sent size: 39
09-03 21:35:05.628 D/OPENHU  ( 3108): [75] AapSslContext.decrypt | SSL Decrypt Status: OK, Produced: 1180, Consumed: 1209
09-03 21:35:05.629 D/OPENHU  ( 3108): [75] Companion.decrypt | RECV: VIDEO Media Data type: 0 flags: 11 size: 1180 dataOffset: 2
09-03 21:35:05.630 V/OPENHU  ( 3108): [75] AapTransport.send | VIDEO Codec/Media Data Ack type: 32772 flags: 11 size: 10 dataOffset: 6
09-03 21:35:05.633 V/OPENHU  ( 3108): [74] AapTransport.sendEncryptedMessage | Sent size: 39
09-03 21:35:05.642 D/OPENHU  ( 3108): [75] AapSslContext.decrypt | SSL Decrypt Status: OK, Produced: 1164, Consumed: 1193
09-03 21:35:05.643 D/OPENHU  ( 3108): [75] Companion.decrypt | RECV: VIDEO Media Data type: 0 flags: 11 size: 1164 dataOffset: 2
09-03 21:35:05.644 V/OPENHU  ( 3108): [75] AapTransport.send | VIDEO Codec/Media Data Ack type: 32772 flags: 11 size: 10 dataOffset: 6
09-03 21:35:05.647 V/OPENHU  ( 3108): [74] AapTransport.sendEncryptedMessage | Sent size: 39
09-03 21:35:05.703 D/OPENHU  ( 3108): [75] AapSslContext.decrypt | SSL Decrypt Status: OK, Produced: 1469, Consumed: 1498
09-03 21:35:05.704 D/OPENHU  ( 3108): [75] Companion.decrypt | RECV: VIDEO Media Data type: 0 flags: 11 size: 1469 dataOffset: 2
09-03 21:35:05.705 V/OPENHU  ( 3108): [75] AapTransport.send | VIDEO Codec/Media Data Ack type: 32772 flags: 11 size: 10 dataOffset: 6
09-03 21:35:05.707 D/OPENHU  ( 3108): [75] AapSslContext.decrypt | SSL Decrypt Status: OK, Produced: 1221, Consumed: 1250
09-03 21:35:05.708 D/OPENHU  ( 3108): [75] Companion.decrypt | RECV: VIDEO Media Data type: 0 flags: 11 size: 1221 dataOffset: 2
09-03 21:35:05.708 V/OPENHU  ( 3108): [74] AapTransport.sendEncryptedMessage | Sent size: 39
09-03 21:35:05.709 V/OPENHU  ( 3108): [75] AapTransport.send | VIDEO Codec/Media Data Ack type: 32772 flags: 11 size: 10 dataOffset: 6
09-03 21:35:05.711 V/OPENHU  ( 3108): [74] AapTransport.sendEncryptedMessage | Sent size: 39
09-03 21:35:05.712 D/OPENHU  ( 3108): [75] AapSslContext.decrypt | SSL Decrypt Status: OK, Produced: 1173, Consumed: 1202
09-03 21:35:05.713 D/OPENHU  ( 3108): [75] Companion.decrypt | RECV: VIDEO Media Data type: 0 flags: 11 size: 1173 dataOffset: 2
09-03 21:35:05.715 V/OPENHU  ( 3108): [75] AapTransport.send | VIDEO Codec/Media Data Ack type: 32772 flags: 11 size: 10 dataOffset: 6
09-03 21:35:05.720 V/OPENHU  ( 3108): [74] AapTransport.sendEncryptedMessage | Sent size: 39
09-03 21:35:05.733 D/OPENHU  ( 3108): [75] AapSslContext.decrypt | SSL Decrypt Status: OK, Produced: 1172, Consumed: 1201
09-03 21:35:05.734 D/OPENHU  ( 3108): [75] Companion.decrypt | RECV: VIDEO Media Data type: 0 flags: 11 size: 1172 dataOffset: 2
09-03 21:35:05.735 V/OPENHU  ( 3108): [75] AapTransport.send | VIDEO Codec/Media Data Ack type: 32772 flags: 11 size: 10 dataOffset: 6
09-03 21:35:05.738 V/OPENHU  ( 3108): [74] AapTransport.sendEncryptedMessage | Sent size: 39
09-03 21:35:05.747 D/OPENHU  ( 3108): [75] AapSslContext.decrypt | SSL Decrypt Status: OK, Produced: 1167, Consumed: 1196
09-03 21:35:05.748 D/OPENHU  ( 3108): [75] Companion.decrypt | RECV: VIDEO Media Data type: 0 flags: 11 size: 1167 dataOffset: 2
09-03 21:35:05.749 V/OPENHU  ( 3108): [75] AapTransport.send | VIDEO Codec/Media Data Ack type: 32772 flags: 11 size: 10 dataOffset: 6
09-03 21:35:05.752 V/OPENHU  ( 3108): [74] AapTransport.sendEncryptedMessage | Sent size: 39
09-03 21:35:05.789 D/OPENHU  ( 3108): [75] AapSslContext.decrypt | SSL Decrypt Status: OK, Produced: 1341, Consumed: 1370
09-03 21:35:05.790 D/OPENHU  ( 3108): [75] Companion.decrypt | RECV: VIDEO Media Data type: 0 flags: 11 size: 1341 dataOffset: 2
09-03 21:35:05.791 V/OPENHU  ( 3108): [75] AapTransport.send | VIDEO Codec/Media Data Ack type: 32772 flags: 11 size: 10 dataOffset: 6
09-03 21:35:05.794 V/OPENHU  ( 3108): [74] AapTransport.sendEncryptedMessage | Sent size: 39
09-03 21:35:05.796 D/OPENHU  ( 3108): [75] AapSslContext.decrypt | SSL Decrypt Status: OK, Produced: 1196, Consumed: 1225
09-03 21:35:05.797 D/OPENHU  ( 3108): [75] Companion.decrypt | RECV: VIDEO Media Data type: 0 flags: 11 size: 1196 dataOffset: 2
09-03 21:35:05.798 V/OPENHU  ( 3108): [75] AapTransport.send | VIDEO Codec/Media Data Ack type: 32772 flags: 11 size: 10 dataOffset: 6
09-03 21:35:05.801 V/OPENHU  ( 3108): [74] AapTransport.sendEncryptedMessage | Sent size: 39
09-03 21:35:05.812 D/OPENHU  ( 3108): [75] AapSslContext.decrypt | SSL Decrypt Status: OK, Produced: 1181, Consumed: 1210
09-03 21:35:05.813 D/OPENHU  ( 3108): [75] Companion.decrypt | RECV: VIDEO Media Data type: 0 flags: 11 size: 1181 dataOffset: 2
09-03 21:35:05.814 V/OPENHU  ( 3108): [75] AapTransport.send | VIDEO Codec/Media Data Ack type: 32772 flags: 11 size: 10 dataOffset: 6
09-03 21:35:05.816 V/OPENHU  ( 3108): [74] AapTransport.sendEncryptedMessage | Sent size: 39
09-03 21:35:05.836 D/OPENHU  ( 3108): [75] AapSslContext.decrypt | SSL Decrypt Status: OK, Produced: 1173, Consumed: 1202
09-03 21:35:05.838 D/OPENHU  ( 3108): [75] Companion.decrypt | RECV: VIDEO Media Data type: 0 flags: 11 size: 1173 dataOffset: 2
09-03 21:35:05.840 V/OPENHU  ( 3108): [75] AapTransport.send | VIDEO Codec/Media Data Ack type: 32772 flags: 11 size: 10 dataOffset: 6
09-03 21:35:05.842 V/OPENHU  ( 3108): [74] AapTransport.sendEncryptedMessage | Sent size: 39
09-03 21:35:05.849 D/OPENHU  ( 3108): [75] AapSslContext.decrypt | SSL Decrypt Status: OK, Produced: 1167, Consumed: 1196
09-03 21:35:05.851 D/OPENHU  ( 3108): [75] Companion.decrypt | RECV: VIDEO Media Data type: 0 flags: 11 size: 1167 dataOffset: 2
09-03 21:35:05.853 V/OPENHU  ( 3108): [75] AapTransport.send | VIDEO Codec/Media Data Ack type: 32772 flags: 11 size: 10 dataOffset: 6
09-03 21:35:05.856 V/OPENHU  ( 3108): [74] AapTransport.sendEncryptedMessage | Sent size: 39
09-03 21:35:05.908 D/OPENHU  ( 3108): [75] AapSslContext.decrypt | SSL Decrypt Status: OK, Produced: 1166, Consumed: 1195
09-03 21:35:05.910 D/OPENHU  ( 3108): [75] Companion.decrypt | RECV: VIDEO Media Data type: 0 flags: 11 size: 1166 dataOffset: 2
09-03 21:35:05.912 V/OPENHU  ( 3108): [75] AapTransport.send | VIDEO Codec/Media Data Ack type: 32772 flags: 11 size: 10 dataOffset: 6
09-03 21:35:05.914 D/OPENHU  ( 3108): [75] AapSslContext.decrypt | SSL Decrypt Status: OK, Produced: 1168, Consumed: 1197
09-03 21:35:05.915 D/OPENHU  ( 3108): [75] Companion.decrypt | RECV: VIDEO Media Data type: 0 flags: 11 size: 1168 dataOffset: 2
09-03 21:35:05.915 V/OPENHU  ( 3108): [74] AapTransport.sendEncryptedMessage | Sent size: 39
09-03 21:35:05.916 V/OPENHU  ( 3108): [75] AapTransport.send | VIDEO Codec/Media Data Ack type: 32772 flags: 11 size: 10 dataOffset: 6
09-03 21:35:05.918 D/OPENHU  ( 3108): [75] AapSslContext.decrypt | SSL Decrypt Status: OK, Produced: 1164, Consumed: 1193
09-03 21:35:05.919 D/OPENHU  ( 3108): [75] Companion.decrypt | RECV: VIDEO Media Data type: 0 flags: 11 size: 1164 dataOffset: 2
09-03 21:35:05.920 V/OPENHU  ( 3108): [74] AapTransport.sendEncryptedMessage | Sent size: 39
09-03 21:35:05.920 V/OPENHU  ( 3108): [75] AapTransport.send | VIDEO Codec/Media Data Ack type: 32772 flags: 11 size: 10 dataOffset: 6
09-03 21:35:05.923 V/OPENHU  ( 3108): [74] AapTransport.sendEncryptedMessage | Sent size: 39
09-03 21:35:05.932 D/OPENHU  ( 3108): [75] AapSslContext.decrypt | SSL Decrypt Status: OK, Produced: 1172, Consumed: 1201
09-03 21:35:05.933 D/OPENHU  ( 3108): [75] Companion.decrypt | RECV: VIDEO Media Data type: 0 flags: 11 size: 1172 dataOffset: 2
09-03 21:35:05.934 V/OPENHU  ( 3108): [75] AapTransport.send | VIDEO Codec/Media Data Ack type: 32772 flags: 11 size: 10 dataOffset: 6
09-03 21:35:05.937 V/OPENHU  ( 3108): [74] AapTransport.sendEncryptedMessage | Sent size: 39
09-03 21:35:05.946 D/OPENHU  ( 3108): [75] AapSslContext.decrypt | SSL Decrypt Status: OK, Produced: 1173, Consumed: 1202
09-03 21:35:05.947 D/OPENHU  ( 3108): [75] Companion.decrypt | RECV: VIDEO Media Data type: 0 flags: 11 size: 1173 dataOffset: 2
09-03 21:35:05.948 V/OPENHU  ( 3108): [75] AapTransport.send | VIDEO Codec/Media Data Ack type: 32772 flags: 11 size: 10 dataOffset: 6
09-03 21:35:05.950 V/OPENHU  ( 3108): [74] AapTransport.sendEncryptedMessage | Sent size: 39
09-03 21:35:05.993 D/OPENHU  ( 3108): [75] AapSslContext.decrypt | SSL Decrypt Status: OK, Produced: 12, Consumed: 41
09-03 21:35:05.994 D/OPENHU  ( 3108): [75] Companion.decrypt | RECV: CONTROL Ping Request type: 11 flags: 11 size: 12 dataOffset: 2
09-03 21:35:05.995 V/OPENHU  ( 3108): [75] AapTransport.send | CONTROL Ping Response type: 12 flags: 11 size: 14 dataOffset: 6
09-03 21:35:05.995 V/OPENHU  ( 3108): [2] GpsLocation.onLocationChanged | GpsLocation: fix received
09-03 21:35:05.996 D/OPENHU  ( 3108): [75] AapSslContext.decrypt | SSL Decrypt Status: OK, Produced: 1247, Consumed: 1276
09-03 21:35:05.997 D/OPENHU  ( 3108): [75] Companion.decrypt | RECV: VIDEO Media Data type: 0 flags: 11 size: 1247 dataOffset: 2
09-03 21:35:05.998 V/OPENHU  ( 3108): [75] AapTransport.send | VIDEO Codec/Media Data Ack type: 32772 flags: 11 size: 10 dataOffset: 6
09-03 21:35:05.999 D/OPENHU  ( 3108): [75] AapSslContext.decrypt | SSL Decrypt Status: OK, Produced: 1181, Consumed: 1210
09-03 21:35:06.000 V/OPENHU  ( 3108): [74] AapTransport.sendEncryptedMessage | Sent size: 43
09-03 21:35:06.000 D/OPENHU  ( 3108): [75] Companion.decrypt | RECV: VIDEO Media Data type: 0 flags: 11 size: 1181 dataOffset: 2
09-03 21:35:06.001 V/OPENHU  ( 3108): [75] AapTransport.send | VIDEO Codec/Media Data Ack type: 32772 flags: 11 size: 10 dataOffset: 6
09-03 21:35:06.003 V/OPENHU  ( 3108): [74] AapTransport.sendEncryptedMessage | Sent size: 39
09-03 21:35:06.006 V/OPENHU  ( 3108): [74] AapTransport.sendEncryptedMessage | Sent size: 39
09-03 21:35:06.007 V/OPENHU  ( 3108): [2] AapTransport.send | SENSOR Sensor Event type: 32771 flags: 11 size: 45 dataOffset: 6
09-03 21:35:06.009 V/OPENHU  ( 3108): [74] AapTransport.sendEncryptedMessage | Sent size: 74
09-03 21:35:06.011 D/OPENHU  ( 3108): [75] AapSslContext.decrypt | SSL Decrypt Status: OK, Produced: 1175, Consumed: 1204
09-03 21:35:06.012 D/OPENHU  ( 3108): [75] Companion.decrypt | RECV: VIDEO Media Data type: 0 flags: 11 size: 1175 dataOffset: 2
09-03 21:35:06.013 V/OPENHU  ( 3108): [75] AapTransport.send | VIDEO Codec/Media Data Ack type: 32772 flags: 11 size: 10 dataOffset: 6
09-03 21:35:06.015 V/OPENHU  ( 3108): [74] AapTransport.sendEncryptedMessage | Sent size: 39
09-03 21:35:06.029 D/OPENHU  ( 3108): [75] AapSslContext.decrypt | SSL Decrypt Status: OK, Produced: 1160, Consumed: 1189
09-03 21:35:06.030 D/OPENHU  ( 3108): [75] Companion.decrypt | RECV: VIDEO Media Data type: 0 flags: 11 size: 1160 dataOffset: 2
09-03 21:35:06.031 V/OPENHU  ( 3108): [75] AapTransport.send | VIDEO Codec/Media Data Ack type: 32772 flags: 11 size: 10 dataOffset: 6
09-03 21:35:06.032 V/OPENHU  ( 3108): [74] AapTransport.sendEncryptedMessage | Sent size: 39
09-03 21:35:06.043 D/OPENHU  ( 3108): [75] AapSslContext.decrypt | SSL Decrypt Status: OK, Produced: 1164, Consumed: 1193
09-03 21:35:06.044 D/OPENHU  ( 3108): [75] Companion.decrypt | RECV: VIDEO Media Data type: 0 flags: 11 size: 1164 dataOffset: 2
09-03 21:35:06.045 V/OPENHU  ( 3108): [75] AapTransport.send | VIDEO Codec/Media Data Ack type: 32772 flags: 11 size: 10 dataOffset: 6
09-03 21:35:06.046 V/OPENHU  ( 3108): [74] AapTransport.sendEncryptedMessage | Sent size: 39
09-03 21:35:06.107 D/OPENHU  ( 3108): [75] AapSslContext.decrypt | SSL Decrypt Status: OK, Produced: 1466, Consumed: 1495
09-03 21:35:06.108 D/OPENHU  ( 3108): [75] Companion.decrypt | RECV: VIDEO Media Data type: 0 flags: 11 size: 1466 dataOffset: 2
09-03 21:35:06.109 V/OPENHU  ( 3108): [75] AapTransport.send | VIDEO Codec/Media Data Ack type: 32772 flags: 11 size: 10 dataOffset: 6
09-03 21:35:06.111 D/OPENHU  ( 3108): [75] AapSslContext.decrypt | SSL Decrypt Status: OK, Produced: 1206, Consumed: 1235
09-03 21:35:06.111 V/OPENHU  ( 3108): [74] AapTransport.sendEncryptedMessage | Sent size: 39
09-03 21:35:06.112 D/OPENHU  ( 3108): [75] Companion.decrypt | RECV: VIDEO Media Data type: 0 flags: 11 size: 1206 dataOffset: 2
09-03 21:35:06.113 V/OPENHU  ( 3108): [75] AapTransport.send | VIDEO Codec/Media Data Ack type: 32772 flags: 11 size: 10 dataOffset: 6
09-03 21:35:06.115 D/OPENHU  ( 3108): [75] AapSslContext.decrypt | SSL Decrypt Status: OK, Produced: 1183, Consumed: 1212
09-03 21:35:06.115 V/OPENHU  ( 3108): [74] AapTransport.sendEncryptedMessage | Sent size: 39
09-03 21:35:06.116 D/OPENHU  ( 3108): [75] Companion.decrypt | RECV: VIDEO Media Data type: 0 flags: 11 size: 1183 dataOffset: 2
09-03 21:35:06.117 V/OPENHU  ( 3108): [75] AapTransport.send | VIDEO Codec/Media Data Ack type: 32772 flags: 11 size: 10 dataOffset: 6
09-03 21:35:06.118 V/OPENHU  ( 3108): [74] AapTransport.sendEncryptedMessage | Sent size: 39
09-03 21:35:06.134 D/OPENHU  ( 3108): [75] AapSslContext.decrypt | SSL Decrypt Status: OK, Produced: 1172, Consumed: 1201
09-03 21:35:06.135 D/OPENHU  ( 3108): [75] Companion.decrypt | RECV: VIDEO Media Data type: 0 flags: 11 size: 1172 dataOffset: 2
09-03 21:35:06.136 V/OPENHU  ( 3108): [75] AapTransport.send | VIDEO Codec/Media Data Ack type: 32772 flags: 11 size: 10 dataOffset: 6
09-03 21:35:06.138 V/OPENHU  ( 3108): [74] AapTransport.sendEncryptedMessage | Sent size: 39
09-03 21:35:06.148 D/OPENHU  ( 3108): [75] AapSslContext.decrypt | SSL Decrypt Status: OK, Produced: 1166, Consumed: 1195
09-03 21:35:06.149 D/OPENHU  ( 3108): [75] Companion.decrypt | RECV: VIDEO Media Data type: 0 flags: 11 size: 1166 dataOffset: 2
09-03 21:35:06.150 V/OPENHU  ( 3108): [75] AapTransport.send | VIDEO Codec/Media Data Ack type: 32772 flags: 11 size: 10 dataOffset: 6
09-03 21:35:06.151 V/OPENHU  ( 3108): [74] AapTransport.sendEncryptedMessage | Sent size: 39
09-03 21:35:06.199 D/OPENHU  ( 3108): [75] AapSslContext.decrypt | SSL Decrypt Status: OK, Produced: 1521, Consumed: 1550
09-03 21:35:06.200 D/OPENHU  ( 3108): [75] Companion.decrypt | RECV: VIDEO Media Data type: 0 flags: 11 size: 1521 dataOffset: 2
09-03 21:35:06.201 V/OPENHU  ( 3108): [75] AapTransport.send | VIDEO Codec/Media Data Ack type: 32772 flags: 11 size: 10 dataOffset: 6
09-03 21:35:06.203 D/OPENHU  ( 3108): [75] AapSslContext.decrypt | SSL Decrypt Status: OK, Produced: 1202, Consumed: 1231
09-03 21:35:06.203 V/OPENHU  ( 3108): [74] AapTransport.sendEncryptedMessage | Sent size: 39
09-03 21:35:06.203 D/OPENHU  ( 3108): [75] Companion.decrypt | RECV: VIDEO Media Data type: 0 flags: 11 size: 1202 dataOffset: 2
09-03 21:35:06.204 V/OPENHU  ( 3108): [75] AapTransport.send | VIDEO Codec/Media Data Ack type: 32772 flags: 11 size: 10 dataOffset: 6
09-03 21:35:06.207 V/OPENHU  ( 3108): [74] AapTransport.sendEncryptedMessage | Sent size: 39
09-03 21:35:06.211 D/OPENHU  ( 3108): [75] AapSslContext.decrypt | SSL Decrypt Status: OK, Produced: 1182, Consumed: 1211
09-03 21:35:06.212 D/OPENHU  ( 3108): [75] Companion.decrypt | RECV: VIDEO Media Data type: 0 flags: 11 size: 1182 dataOffset: 2
09-03 21:35:06.213 V/OPENHU  ( 3108): [75] AapTransport.send | VIDEO Codec/Media Data Ack type: 32772 flags: 11 size: 10 dataOffset: 6
09-03 21:35:06.216 V/OPENHU  ( 3108): [74] AapTransport.sendEncryptedMessage | Sent size: 39
09-03 21:35:06.228 D/OPENHU  ( 3108): [75] AapSslContext.decrypt | SSL Decrypt Status: OK, Produced: 1185, Consumed: 1214
09-03 21:35:06.229 D/OPENHU  ( 3108): [75] Companion.decrypt | RECV: VIDEO Media Data type: 0 flags: 11 size: 1185 dataOffset: 2
09-03 21:35:06.230 V/OPENHU  ( 3108): [75] AapTransport.send | VIDEO Codec/Media Data Ack type: 32772 flags: 11 size: 10 dataOffset: 6
09-03 21:35:06.233 V/OPENHU  ( 3108): [74] AapTransport.sendEncryptedMessage | Sent size: 39
09-03 21:35:06.244 D/OPENHU  ( 3108): [75] AapSslContext.decrypt | SSL Decrypt Status: OK, Produced: 1168, Consumed: 1197
09-03 21:35:06.245 D/OPENHU  ( 3108): [75] Companion.decrypt | RECV: VIDEO Media Data type: 0 flags: 11 size: 1168 dataOffset: 2
09-03 21:35:06.246 V/OPENHU  ( 3108): [75] AapTransport.send | VIDEO Codec/Media Data Ack type: 32772 flags: 11 size: 10 dataOffset: 6
09-03 21:35:06.249 V/OPENHU  ( 3108): [74] AapTransport.sendEncryptedMessage | Sent size: 39
09-03 21:35:06.315 D/OPENHU  ( 3108): [75] AapSslContext.decrypt | SSL Decrypt Status: OK, Produced: 1528, Consumed: 1557
09-03 21:35:06.316 D/OPENHU  ( 3108): [75] Companion.decrypt | RECV: VIDEO Media Data type: 0 flags: 11 size: 1528 dataOffset: 2
09-03 21:35:06.317 V/OPENHU  ( 3108): [75] AapTransport.send | VIDEO Codec/Media Data Ack type: 32772 flags: 11 size: 10 dataOffset: 6
09-03 21:35:06.319 D/OPENHU  ( 3108): [75] AapSslContext.decrypt | SSL Decrypt Status: OK, Produced: 1215, Consumed: 1244
09-03 21:35:06.320 D/OPENHU  ( 3108): [75] Companion.decrypt | RECV: VIDEO Media Data type: 0 flags: 11 size: 1215 dataOffset: 2
09-03 21:35:06.320 V/OPENHU  ( 3108): [74] AapTransport.sendEncryptedMessage | Sent size: 39
09-03 21:35:06.321 V/OPENHU  ( 3108): [75] AapTransport.send | VIDEO Codec/Media Data Ack type: 32772 flags: 11 size: 10 dataOffset: 6
09-03 21:35:06.323 D/OPENHU  ( 3108): [75] AapSslContext.decrypt | SSL Decrypt Status: OK, Produced: 1179, Consumed: 1208
09-03 21:35:06.324 V/OPENHU  ( 3108): [74] AapTransport.sendEncryptedMessage | Sent size: 39
09-03 21:35:06.324 D/OPENHU  ( 3108): [75] Companion.decrypt | RECV: VIDEO Media Data type: 0 flags: 11 size: 1179 dataOffset: 2
09-03 21:35:06.325 V/OPENHU  ( 3108): [75] AapTransport.send | VIDEO Codec/Media Data Ack type: 32772 flags: 11 size: 10 dataOffset: 6
09-03 21:35:06.328 V/OPENHU  ( 3108): [74] AapTransport.sendEncryptedMessage | Sent size: 39
09-03 21:35:06.332 D/OPENHU  ( 3108): [75] AapSslContext.decrypt | SSL Decrypt Status: OK, Produced: 1175, Consumed: 1204
09-03 21:35:06.333 D/OPENHU  ( 3108): [75] Companion.decrypt | RECV: VIDEO Media Data type: 0 flags: 11 size: 1175 dataOffset: 2
09-03 21:35:06.334 V/OPENHU  ( 3108): [75] AapTransport.send | VIDEO Codec/Media Data Ack type: 32772 flags: 11 size: 10 dataOffset: 6
09-03 21:35:06.337 V/OPENHU  ( 3108): [74] AapTransport.sendEncryptedMessage | Sent size: 39
09-03 21:35:06.346 D/OPENHU  ( 3108): [75] AapSslContext.decrypt | SSL Decrypt Status: OK, Produced: 1176, Consumed: 1205
09-03 21:35:06.347 D/OPENHU  ( 3108): [75] Companion.decrypt | RECV: VIDEO Media Data type: 0 flags: 11 size: 1176 dataOffset: 2
09-03 21:35:06.348 V/OPENHU  ( 3108): [75] AapTransport.send | VIDEO Codec/Media Data Ack type: 32772 flags: 11 size: 10 dataOffset: 6
09-03 21:35:06.352 V/OPENHU  ( 3108): [74] AapTransport.sendEncryptedMessage | Sent size: 39
09-03 21:35:06.405 D/OPENHU  ( 3108): [75] AapSslContext.decrypt | SSL Decrypt Status: OK, Produced: 1483, Consumed: 1512
09-03 21:35:06.406 D/OPENHU  ( 3108): [75] Companion.decrypt | RECV: VIDEO Media Data type: 0 flags: 11 size: 1483 dataOffset: 2
09-03 21:35:06.407 V/OPENHU  ( 3108): [75] AapTransport.send | VIDEO Codec/Media Data Ack type: 32772 flags: 11 size: 10 dataOffset: 6
09-03 21:35:06.408 D/OPENHU  ( 3108): [75] AapSslContext.decrypt | SSL Decrypt Status: OK, Produced: 1236, Consumed: 1265
09-03 21:35:06.409 D/OPENHU  ( 3108): [75] Companion.decrypt | RECV: VIDEO Media Data type: 0 flags: 11 size: 1236 dataOffset: 2
09-03 21:35:06.409 V/OPENHU  ( 3108): [74] AapTransport.sendEncryptedMessage | Sent size: 39
09-03 21:35:06.410 V/OPENHU  ( 3108): [75] AapTransport.send | VIDEO Codec/Media Data Ack type: 32772 flags: 11 size: 10 dataOffset: 6
09-03 21:35:06.412 D/OPENHU  ( 3108): [75] AapSslContext.decrypt | SSL Decrypt Status: OK, Produced: 1178, Consumed: 1207
09-03 21:35:06.413 D/OPENHU  ( 3108): [75] Companion.decrypt | RECV: VIDEO Media Data type: 0 flags: 11 size: 1178 dataOffset: 2
09-03 21:35:06.413 V/OPENHU  ( 3108): [74] AapTransport.sendEncryptedMessage | Sent size: 39
09-03 21:35:06.414 V/OPENHU  ( 3108): [75] AapTransport.send | VIDEO Codec/Media Data Ack type: 32772 flags: 11 size: 10 dataOffset: 6
09-03 21:35:06.415 V/OPENHU  ( 3108): [74] AapTransport.sendEncryptedMessage | Sent size: 39
09-03 21:35:06.433 D/OPENHU  ( 3108): [75] AapSslContext.decrypt | SSL Decrypt Status: OK, Produced: 1172, Consumed: 1201
09-03 21:35:06.435 D/OPENHU  ( 3108): [75] Companion.decrypt | RECV: VIDEO Media Data type: 0 flags: 11 size: 1172 dataOffset: 2
09-03 21:35:06.436 V/OPENHU  ( 3108): [75] AapTransport.send | VIDEO Codec/Media Data Ack type: 32772 flags: 11 size: 10 dataOffset: 6
09-03 21:35:06.439 V/OPENHU  ( 3108): [74] AapTransport.sendEncryptedMessage | Sent size: 39
09-03 21:35:06.449 D/OPENHU  ( 3108): [75] AapSslContext.decrypt | SSL Decrypt Status: OK, Produced: 1166, Consumed: 1195
09-03 21:35:06.450 D/OPENHU  ( 3108): [75] Companion.decrypt | RECV: VIDEO Media Data type: 0 flags: 11 size: 1166 dataOffset: 2
09-03 21:35:06.451 V/OPENHU  ( 3108): [75] AapTransport.send | VIDEO Codec/Media Data Ack type: 32772 flags: 11 size: 10 dataOffset: 6
09-03 21:35:06.454 V/OPENHU  ( 3108): [74] AapTransport.sendEncryptedMessage | Sent size: 39
09-03 21:35:06.520 D/OPENHU  ( 3108): [75] AapSslContext.decrypt | SSL Decrypt Status: OK, Produced: 1412, Consumed: 1441
09-03 21:35:06.521 D/OPENHU  ( 3108): [75] Companion.decrypt | RECV: VIDEO Media Data type: 0 flags: 11 size: 1412 dataOffset: 2
09-03 21:35:06.522 V/OPENHU  ( 3108): [75] AapTransport.send | VIDEO Codec/Media Data Ack type: 32772 flags: 11 size: 10 dataOffset: 6
09-03 21:35:06.524 D/OPENHU  ( 3108): [75] AapSslContext.decrypt | SSL Decrypt Status: OK, Produced: 1186, Consumed: 1215
09-03 21:35:06.525 D/OPENHU  ( 3108): [75] Companion.decrypt | RECV: VIDEO Media Data type: 0 flags: 11 size: 1186 dataOffset: 2
09-03 21:35:06.525 V/OPENHU  ( 3108): [74] AapTransport.sendEncryptedMessage | Sent size: 39
09-03 21:35:06.526 V/OPENHU  ( 3108): [75] AapTransport.send | VIDEO Codec/Media Data Ack type: 32772 flags: 11 size: 10 dataOffset: 6
09-03 21:35:06.528 D/OPENHU  ( 3108): [75] AapSslContext.decrypt | SSL Decrypt Status: OK, Produced: 1169, Consumed: 1198
09-03 21:35:06.529 D/OPENHU  ( 3108): [75] Companion.decrypt | RECV: VIDEO Media Data type: 0 flags: 11 size: 1169 dataOffset: 2
09-03 21:35:06.529 V/OPENHU  ( 3108): [74] AapTransport.sendEncryptedMessage | Sent size: 39
09-03 21:35:06.530 V/OPENHU  ( 3108): [75] AapTransport.send | VIDEO Codec/Media Data Ack type: 32772 flags: 11 size: 10 dataOffset: 6
09-03 21:35:06.533 V/OPENHU  ( 3108): [74] AapTransport.sendEncryptedMessage | Sent size: 39
09-03 21:35:06.539 D/OPENHU  ( 3108): [75] AapSslContext.decrypt | SSL Decrypt Status: OK, Produced: 1170, Consumed: 1199
09-03 21:35:06.540 D/OPENHU  ( 3108): [75] Companion.decrypt | RECV: VIDEO Media Data type: 0 flags: 11 size: 1170 dataOffset: 2
09-03 21:35:06.541 V/OPENHU  ( 3108): [75] AapTransport.send | VIDEO Codec/Media Data Ack type: 32772 flags: 11 size: 10 dataOffset: 6
09-03 21:35:06.544 V/OPENHU  ( 3108): [74] AapTransport.sendEncryptedMessage | Sent size: 39
09-03 21:35:06.553 D/OPENHU  ( 3108): [75] AapSslContext.decrypt | SSL Decrypt Status: OK, Produced: 1173, Consumed: 1202
09-03 21:35:06.554 D/OPENHU  ( 3108): [75] Companion.decrypt | RECV: VIDEO Media Data type: 0 flags: 11 size: 1173 dataOffset: 2
09-03 21:35:06.555 V/OPENHU  ( 3108): [75] AapTransport.send | VIDEO Codec/Media Data Ack type: 32772 flags: 11 size: 10 dataOffset: 6
09-03 21:35:06.557 V/OPENHU  ( 3108): [74] AapTransport.sendEncryptedMessage | Sent size: 39
09-03 21:35:06.609 D/OPENHU  ( 3108): [75] AapSslContext.decrypt | SSL Decrypt Status: OK, Produced: 1508, Consumed: 1537
09-03 21:35:06.610 D/OPENHU  ( 3108): [75] Companion.decrypt | RECV: VIDEO Media Data type: 0 flags: 11 size: 1508 dataOffset: 2
09-03 21:35:06.611 V/OPENHU  ( 3108): [75] AapTransport.send | VIDEO Codec/Media Data Ack type: 32772 flags: 11 size: 10 dataOffset: 6
09-03 21:35:06.612 D/OPENHU  ( 3108): [75] AapSslContext.decrypt | SSL Decrypt Status: OK, Produced: 1201, Consumed: 1230
09-03 21:35:06.613 D/OPENHU  ( 3108): [75] Companion.decrypt | RECV: VIDEO Media Data type: 0 flags: 11 size: 1201 dataOffset: 2
09-03 21:35:06.613 V/OPENHU  ( 3108): [74] AapTransport.sendEncryptedMessage | Sent size: 39
09-03 21:35:06.615 V/OPENHU  ( 3108): [75] AapTransport.send | VIDEO Codec/Media Data Ack type: 32772 flags: 11 size: 10 dataOffset: 6
09-03 21:35:06.616 D/OPENHU  ( 3108): [75] AapSslContext.decrypt | SSL Decrypt Status: OK, Produced: 1176, Consumed: 1205
09-03 21:35:06.617 D/OPENHU  ( 3108): [75] Companion.decrypt | RECV: VIDEO Media Data type: 0 flags: 11 size: 1176 dataOffset: 2
09-03 21:35:06.618 V/OPENHU  ( 3108): [74] AapTransport.sendEncryptedMessage | Sent size: 39
09-03 21:35:06.618 V/OPENHU  ( 3108): [75] AapTransport.send | VIDEO Codec/Media Data Ack type: 32772 flags: 11 size: 10 dataOffset: 6
09-03 21:35:06.621 V/OPENHU  ( 3108): [74] AapTransport.sendEncryptedMessage | Sent size: 39
09-03 21:35:06.632 D/OPENHU  ( 3108): [75] AapSslContext.decrypt | SSL Decrypt Status: OK, Produced: 1172, Consumed: 1201
09-03 21:35:06.633 D/OPENHU  ( 3108): [75] Companion.decrypt | RECV: VIDEO Media Data type: 0 flags: 11 size: 1172 dataOffset: 2
09-03 21:35:06.634 V/OPENHU  ( 3108): [75] AapTransport.send | VIDEO Codec/Media Data Ack type: 32772 flags: 11 size: 10 dataOffset: 6
09-03 21:35:06.637 V/OPENHU  ( 3108): [74] AapTransport.sendEncryptedMessage | Sent size: 39
09-03 21:35:06.645 D/OPENHU  ( 3108): [75] AapSslContext.decrypt | SSL Decrypt Status: OK, Produced: 1168, Consumed: 1197
09-03 21:35:06.646 D/OPENHU  ( 3108): [75] Companion.decrypt | RECV: VIDEO Media Data type: 0 flags: 11 size: 1168 dataOffset: 2
09-03 21:35:06.647 V/OPENHU  ( 3108): [75] AapTransport.send | VIDEO Codec/Media Data Ack type: 32772 flags: 11 size: 10 dataOffset: 6
09-03 21:35:06.649 V/OPENHU  ( 3108): [74] AapTransport.sendEncryptedMessage | Sent size: 39
09-03 21:35:06.680 D/OPENHU  ( 3108): [75] AapSslContext.decrypt | SSL Decrypt Status: OK, Produced: 1619, Consumed: 1648
09-03 21:35:06.681 D/OPENHU  ( 3108): [75] Companion.decrypt | RECV: VIDEO Media Data type: 0 flags: 11 size: 1619 dataOffset: 2
09-03 21:35:06.682 V/OPENHU  ( 3108): [75] AapTransport.send | VIDEO Codec/Media Data Ack type: 32772 flags: 11 size: 10 dataOffset: 6
09-03 21:35:06.684 V/OPENHU  ( 3108): [74] AapTransport.sendEncryptedMessage | Sent size: 39
09-03 21:35:06.721 D/OPENHU  ( 3108): [75] AapSslContext.decrypt | SSL Decrypt Status: OK, Produced: 1221, Consumed: 1250
09-03 21:35:06.722 D/OPENHU  ( 3108): [75] Companion.decrypt | RECV: VIDEO Media Data type: 0 flags: 11 size: 1221 dataOffset: 2
09-03 21:35:06.723 V/OPENHU  ( 3108): [75] AapTransport.send | VIDEO Codec/Media Data Ack type: 32772 flags: 11 size: 10 dataOffset: 6
09-03 21:35:06.725 D/OPENHU  ( 3108): [75] AapSslContext.decrypt | SSL Decrypt Status: OK, Produced: 1195, Consumed: 1224
09-03 21:35:06.726 D/OPENHU  ( 3108): [75] Companion.decrypt | RECV: VIDEO Media Data type: 0 flags: 11 size: 1195 dataOffset: 2
09-03 21:35:06.726 V/OPENHU  ( 3108): [74] AapTransport.sendEncryptedMessage | Sent size: 39
09-03 21:35:06.727 V/OPENHU  ( 3108): [75] AapTransport.send | VIDEO Codec/Media Data Ack type: 32772 flags: 11 size: 10 dataOffset: 6
09-03 21:35:06.730 V/OPENHU  ( 3108): [74] AapTransport.sendEncryptedMessage | Sent size: 39
09-03 21:35:06.732 D/OPENHU  ( 3108): [75] AapSslContext.decrypt | SSL Decrypt Status: OK, Produced: 1173, Consumed: 1202
09-03 21:35:06.733 D/OPENHU  ( 3108): [75] Companion.decrypt | RECV: VIDEO Media Data type: 0 flags: 11 size: 1173 dataOffset: 2
09-03 21:35:06.734 V/OPENHU  ( 3108): [75] AapTransport.send | VIDEO Codec/Media Data Ack type: 32772 flags: 11 size: 10 dataOffset: 6
09-03 21:35:06.737 V/OPENHU  ( 3108): [74] AapTransport.sendEncryptedMessage | Sent size: 39
09-03 21:35:06.747 D/OPENHU  ( 3108): [75] AapSslContext.decrypt | SSL Decrypt Status: OK, Produced: 1173, Consumed: 1202
09-03 21:35:06.747 D/OPENHU  ( 3108): [75] Companion.decrypt | RECV: VIDEO Media Data type: 0 flags: 11 size: 1173 dataOffset: 2
09-03 21:35:06.748 V/OPENHU  ( 3108): [75] AapTransport.send | VIDEO Codec/Media Data Ack type: 32772 flags: 11 size: 10 dataOffset: 6
09-03 21:35:06.751 V/OPENHU  ( 3108): [74] AapTransport.sendEncryptedMessage | Sent size: 39
09-03 21:35:06.779 D/OPENHU  ( 3108): [75] AapSslContext.decrypt | SSL Decrypt Status: OK, Produced: 1532, Consumed: 1561
09-03 21:35:06.780 D/OPENHU  ( 3108): [75] Companion.decrypt | RECV: VIDEO Media Data type: 0 flags: 11 size: 1532 dataOffset: 2
09-03 21:35:06.781 V/OPENHU  ( 3108): [75] AapTransport.send | VIDEO Codec/Media Data Ack type: 32772 flags: 11 size: 10 dataOffset: 6
09-03 21:35:06.783 V/OPENHU  ( 3108): [74] AapTransport.sendEncryptedMessage | Sent size: 39
09-03 21:35:06.815 D/OPENHU  ( 3108): [75] AapSslContext.decrypt | SSL Decrypt Status: OK, Produced: 1221, Consumed: 1250
09-03 21:35:06.816 D/OPENHU  ( 3108): [75] Companion.decrypt | RECV: VIDEO Media Data type: 0 flags: 11 size: 1221 dataOffset: 2
09-03 21:35:06.816 V/OPENHU  ( 3108): [75] AapTransport.send | VIDEO Codec/Media Data Ack type: 32772 flags: 11 size: 10 dataOffset: 6
09-03 21:35:06.818 D/OPENHU  ( 3108): [75] AapSslContext.decrypt | SSL Decrypt Status: OK, Produced: 1178, Consumed: 1207
09-03 21:35:06.819 D/OPENHU  ( 3108): [75] Companion.decrypt | RECV: VIDEO Media Data type: 0 flags: 11 size: 1178 dataOffset: 2
09-03 21:35:06.819 V/OPENHU  ( 3108): [74] AapTransport.sendEncryptedMessage | Sent size: 39
09-03 21:35:06.820 V/OPENHU  ( 3108): [75] AapTransport.send | VIDEO Codec/Media Data Ack type: 32772 flags: 11 size: 10 dataOffset: 6
09-03 21:35:06.823 V/OPENHU  ( 3108): [74] AapTransport.sendEncryptedMessage | Sent size: 39
09-03 21:35:06.827 D/OPENHU  ( 3108): [75] AapSslContext.decrypt | SSL Decrypt Status: OK, Produced: 1170, Consumed: 1199
09-03 21:35:06.828 D/OPENHU  ( 3108): [75] Companion.decrypt | RECV: VIDEO Media Data type: 0 flags: 11 size: 1170 dataOffset: 2
09-03 21:35:06.829 V/OPENHU  ( 3108): [75] AapTransport.send | VIDEO Codec/Media Data Ack type: 32772 flags: 11 size: 10 dataOffset: 6
09-03 21:35:06.832 V/OPENHU  ( 3108): [74] AapTransport.sendEncryptedMessage | Sent size: 39
09-03 21:35:06.841 D/OPENHU  ( 3108): [75] AapSslContext.decrypt | SSL Decrypt Status: OK, Produced: 1171, Consumed: 1200
09-03 21:35:06.841 D/OPENHU  ( 3108): [75] Companion.decrypt | RECV: VIDEO Media Data type: 0 flags: 11 size: 1171 dataOffset: 2
09-03 21:35:06.843 V/OPENHU  ( 3108): [75] AapTransport.send | VIDEO Codec/Media Data Ack type: 32772 flags: 11 size: 10 dataOffset: 6
09-03 21:35:06.845 V/OPENHU  ( 3108): [74] AapTransport.sendEncryptedMessage | Sent size: 39
09-03 21:35:06.879 D/OPENHU  ( 3108): [75] AapSslContext.decrypt | SSL Decrypt Status: OK, Produced: 1517, Consumed: 1546
09-03 21:35:06.880 D/OPENHU  ( 3108): [75] Companion.decrypt | RECV: VIDEO Media Data type: 0 flags: 11 size: 1517 dataOffset: 2
09-03 21:35:06.881 V/OPENHU  ( 3108): [75] AapTransport.send | VIDEO Codec/Media Data Ack type: 32772 flags: 11 size: 10 dataOffset: 6
09-03 21:35:06.884 V/OPENHU  ( 3108): [74] AapTransport.sendEncryptedMessage | Sent size: 39
09-03 21:35:06.933 D/OPENHU  ( 3108): [75] AapSslContext.decrypt | SSL Decrypt Status: OK, Produced: 1227, Consumed: 1256
09-03 21:35:06.934 D/OPENHU  ( 3108): [75] Companion.decrypt | RECV: VIDEO Media Data type: 0 flags: 11 size: 1227 dataOffset: 2
09-03 21:35:06.935 V/OPENHU  ( 3108): [75] AapTransport.send | VIDEO Codec/Media Data Ack type: 32772 flags: 11 size: 10 dataOffset: 6
09-03 21:35:06.936 D/OPENHU  ( 3108): [75] AapSslContext.decrypt | SSL Decrypt Status: OK, Produced: 1189, Consumed: 1218
09-03 21:35:06.937 D/OPENHU  ( 3108): [75] Companion.decrypt | RECV: VIDEO Media Data type: 0 flags: 11 size: 1189 dataOffset: 2
09-03 21:35:06.937 V/OPENHU  ( 3108): [74] AapTransport.sendEncryptedMessage | Sent size: 39
09-03 21:35:06.938 V/OPENHU  ( 3108): [75] AapTransport.send | VIDEO Codec/Media Data Ack type: 32772 flags: 11 size: 10 dataOffset: 6
09-03 21:35:06.940 D/OPENHU  ( 3108): [75] AapSslContext.decrypt | SSL Decrypt Status: OK, Produced: 1163, Consumed: 1192
09-03 21:35:06.941 D/OPENHU  ( 3108): [75] Companion.decrypt | RECV: VIDEO Media Data type: 0 flags: 11 size: 1163 dataOffset: 2
09-03 21:35:06.941 V/OPENHU  ( 3108): [74] AapTransport.sendEncryptedMessage | Sent size: 39
09-03 21:35:06.942 V/OPENHU  ( 3108): [75] AapTransport.send | VIDEO Codec/Media Data Ack type: 32772 flags: 11 size: 10 dataOffset: 6
09-03 21:35:06.945 V/OPENHU  ( 3108): [74] AapTransport.sendEncryptedMessage | Sent size: 39
09-03 21:35:06.951 D/OPENHU  ( 3108): [75] AapSslContext.decrypt | SSL Decrypt Status: OK, Produced: 1172, Consumed: 1201
09-03 21:35:06.952 D/OPENHU  ( 3108): [75] Companion.decrypt | RECV: VIDEO Media Data type: 0 flags: 11 size: 1172 dataOffset: 2
09-03 21:35:06.953 V/OPENHU  ( 3108): [75] AapTransport.send | VIDEO Codec/Media Data Ack type: 32772 flags: 11 size: 10 dataOffset: 6
09-03 21:35:06.955 V/OPENHU  ( 3108): [74] AapTransport.sendEncryptedMessage | Sent size: 39
09-03 21:35:06.978 D/OPENHU  ( 3108): [75] AapSslContext.decrypt | SSL Decrypt Status: OK, Produced: 12, Consumed: 41
09-03 21:35:06.978 D/OPENHU  ( 3108): [75] Companion.decrypt | RECV: CONTROL Ping Request type: 11 flags: 11 size: 12 dataOffset: 2
09-03 21:35:06.979 V/OPENHU  ( 3108): [75] AapTransport.send | CONTROL Ping Response type: 12 flags: 11 size: 14 dataOffset: 6
09-03 21:35:06.981 D/OPENHU  ( 3108): [75] AapSslContext.decrypt | SSL Decrypt Status: OK, Produced: 1449, Consumed: 1478
09-03 21:35:06.982 D/OPENHU  ( 3108): [75] Companion.decrypt | RECV: VIDEO Media Data type: 0 flags: 11 size: 1449 dataOffset: 2
09-03 21:35:06.983 V/OPENHU  ( 3108): [74] AapTransport.sendEncryptedMessage | Sent size: 43
09-03 21:35:06.983 V/OPENHU  ( 3108): [75] AapTransport.send | VIDEO Codec/Media Data Ack type: 32772 flags: 11 size: 10 dataOffset: 6
09-03 21:35:06.987 V/OPENHU  ( 3108): [74] AapTransport.sendEncryptedMessage | Sent size: 39
09-03 21:35:07.018 D/OPENHU  ( 3108): [75] AapSslContext.decrypt | SSL Decrypt Status: OK, Produced: 1191, Consumed: 1220
09-03 21:35:07.019 D/OPENHU  ( 3108): [75] Companion.decrypt | RECV: VIDEO Media Data type: 0 flags: 11 size: 1191 dataOffset: 2
09-03 21:35:07.020 V/OPENHU  ( 3108): [75] AapTransport.send | VIDEO Codec/Media Data Ack type: 32772 flags: 11 size: 10 dataOffset: 6
09-03 21:35:07.022 D/OPENHU  ( 3108): [75] AapSslContext.decrypt | SSL Decrypt Status: OK, Produced: 1177, Consumed: 1206
09-03 21:35:07.022 D/OPENHU  ( 3108): [75] Companion.decrypt | RECV: VIDEO Media Data type: 0 flags: 11 size: 1177 dataOffset: 2
09-03 21:35:07.023 V/OPENHU  ( 3108): [74] AapTransport.sendEncryptedMessage | Sent size: 39
09-03 21:35:07.024 V/OPENHU  ( 3108): [75] AapTransport.send | VIDEO Codec/Media Data Ack type: 32772 flags: 11 size: 10 dataOffset: 6
09-03 21:35:07.027 V/OPENHU  ( 3108): [74] AapTransport.sendEncryptedMessage | Sent size: 39
09-03 21:35:07.032 D/OPENHU  ( 3108): [75] AapSslContext.decrypt | SSL Decrypt Status: OK, Produced: 1173, Consumed: 1202
09-03 21:35:07.033 D/OPENHU  ( 3108): [75] Companion.decrypt | RECV: VIDEO Media Data type: 0 flags: 11 size: 1173 dataOffset: 2
09-03 21:35:07.034 V/OPENHU  ( 3108): [75] AapTransport.send | VIDEO Codec/Media Data Ack type: 32772 flags: 11 size: 10 dataOffset: 6
09-03 21:35:07.038 V/OPENHU  ( 3108): [74] AapTransport.sendEncryptedMessage | Sent size: 39
09-03 21:35:07.045 D/OPENHU  ( 3108): [75] AapSslContext.decrypt | SSL Decrypt Status: OK, Produced: 1172, Consumed: 1201
09-03 21:35:07.046 D/OPENHU  ( 3108): [75] Companion.decrypt | RECV: VIDEO Media Data type: 0 flags: 11 size: 1172 dataOffset: 2
09-03 21:35:07.047 V/OPENHU  ( 3108): [75] AapTransport.send | VIDEO Codec/Media Data Ack type: 32772 flags: 11 size: 10 dataOffset: 6
09-03 21:35:07.049 V/OPENHU  ( 3108): [74] AapTransport.sendEncryptedMessage | Sent size: 39
09-03 21:35:07.079 D/OPENHU  ( 3108): [75] AapSslContext.decrypt | SSL Decrypt Status: OK, Produced: 1234, Consumed: 1263
09-03 21:35:07.080 D/OPENHU  ( 3108): [75] Companion.decrypt | RECV: VIDEO Media Data type: 0 flags: 11 size: 1234 dataOffset: 2
09-03 21:35:07.081 V/OPENHU  ( 3108): [75] AapTransport.send | VIDEO Codec/Media Data Ack type: 32772 flags: 11 size: 10 dataOffset: 6
09-03 21:35:07.084 V/OPENHU  ( 3108): [74] AapTransport.sendEncryptedMessage | Sent size: 39
09-03 21:35:07.086 V/OPENHU  ( 3108): [2] GpsLocation.onLocationChanged | GpsLocation: fix received
09-03 21:35:07.094 V/OPENHU  ( 3108): [2] AapTransport.send | SENSOR Sensor Event type: 32771 flags: 11 size: 45 dataOffset: 6
09-03 21:35:07.097 V/OPENHU  ( 3108): [74] AapTransport.sendEncryptedMessage | Sent size: 74
09-03 21:35:07.136 D/OPENHU  ( 3108): [75] AapSslContext.decrypt | SSL Decrypt Status: OK, Produced: 1220, Consumed: 1249
09-03 21:35:07.136 D/OPENHU  ( 3108): [75] Companion.decrypt | RECV: VIDEO Media Data type: 0 flags: 11 size: 1220 dataOffset: 2
09-03 21:35:07.137 V/OPENHU  ( 3108): [75] AapTransport.send | VIDEO Codec/Media Data Ack type: 32772 flags: 11 size: 10 dataOffset: 6
09-03 21:35:07.139 D/OPENHU  ( 3108): [75] AapSslContext.decrypt | SSL Decrypt Status: OK, Produced: 1174, Consumed: 1203
09-03 21:35:07.140 D/OPENHU  ( 3108): [75] Companion.decrypt | RECV: VIDEO Media Data type: 0 flags: 11 size: 1174 dataOffset: 2
09-03 21:35:07.140 V/OPENHU  ( 3108): [74] AapTransport.sendEncryptedMessage | Sent size: 39
09-03 21:35:07.141 V/OPENHU  ( 3108): [75] AapTransport.send | VIDEO Codec/Media Data Ack type: 32772 flags: 11 size: 10 dataOffset: 6
09-03 21:35:07.143 D/OPENHU  ( 3108): [75] AapSslContext.decrypt | SSL Decrypt Status: OK, Produced: 1176, Consumed: 1205
09-03 21:35:07.143 V/OPENHU  ( 3108): [74] AapTransport.sendEncryptedMessage | Sent size: 39
09-03 21:35:07.144 D/OPENHU  ( 3108): [75] Companion.decrypt | RECV: VIDEO Media Data type: 0 flags: 11 size: 1176 dataOffset: 2
09-03 21:35:07.145 V/OPENHU  ( 3108): [75] AapTransport.send | VIDEO Codec/Media Data Ack type: 32772 flags: 11 size: 10 dataOffset: 6
09-03 21:35:07.148 D/OPENHU  ( 3108): [75] AapSslContext.decrypt | SSL Decrypt Status: OK, Produced: 1171, Consumed: 1200
09-03 21:35:07.149 D/OPENHU  ( 3108): [75] Companion.decrypt | RECV: VIDEO Media Data type: 0 flags: 11 size: 1171 dataOffset: 2
09-03 21:35:07.149 V/OPENHU  ( 3108): [74] AapTransport.sendEncryptedMessage | Sent size: 39
09-03 21:35:07.150 V/OPENHU  ( 3108): [75] AapTransport.send | VIDEO Codec/Media Data Ack type: 32772 flags: 11 size: 10 dataOffset: 6
09-03 21:35:07.152 V/OPENHU  ( 3108): [74] AapTransport.sendEncryptedMessage | Sent size: 39
09-03 21:35:07.178 D/OPENHU  ( 3108): [75] AapSslContext.decrypt | SSL Decrypt Status: OK, Produced: 1174, Consumed: 1203
09-03 21:35:07.178 D/OPENHU  ( 3108): [75] Companion.decrypt | RECV: VIDEO Media Data type: 0 flags: 11 size: 1174 dataOffset: 2
09-03 21:35:07.179 V/OPENHU  ( 3108): [75] AapTransport.send | VIDEO Codec/Media Data Ack type: 32772 flags: 11 size: 10 dataOffset: 6
09-03 21:35:07.181 V/OPENHU  ( 3108): [74] AapTransport.sendEncryptedMessage | Sent size: 39
09-03 21:35:07.222 D/OPENHU  ( 3108): [75] AapSslContext.decrypt | SSL Decrypt Status: OK, Produced: 1166, Consumed: 1195
09-03 21:35:07.223 D/OPENHU  ( 3108): [75] Companion.decrypt | RECV: VIDEO Media Data type: 0 flags: 11 size: 1166 dataOffset: 2
09-03 21:35:07.224 V/OPENHU  ( 3108): [75] AapTransport.send | VIDEO Codec/Media Data Ack type: 32772 flags: 11 size: 10 dataOffset: 6
09-03 21:35:07.227 V/OPENHU  ( 3108): [74] AapTransport.sendEncryptedMessage | Sent size: 39
09-03 21:35:07.227 D/OPENHU  ( 3108): [75] AapSslContext.decrypt | SSL Decrypt Status: OK, Produced: 1168, Consumed: 1197
09-03 21:35:07.228 D/OPENHU  ( 3108): [75] Companion.decrypt | RECV: VIDEO Media Data type: 0 flags: 11 size: 1168 dataOffset: 2
09-03 21:35:07.229 V/OPENHU  ( 3108): [75] AapTransport.send | VIDEO Codec/Media Data Ack type: 32772 flags: 11 size: 10 dataOffset: 6
09-03 21:35:07.231 V/OPENHU  ( 3108): [74] AapTransport.sendEncryptedMessage | Sent size: 39
09-03 21:35:07.235 D/OPENHU  ( 3108): [75] AapSslContext.decrypt | SSL Decrypt Status: OK, Produced: 1164, Consumed: 1193
09-03 21:35:07.236 D/OPENHU  ( 3108): [75] Companion.decrypt | RECV: VIDEO Media Data type: 0 flags: 11 size: 1164 dataOffset: 2
09-03 21:35:07.237 V/OPENHU  ( 3108): [75] AapTransport.send | VIDEO Codec/Media Data Ack type: 32772 flags: 11 size: 10 dataOffset: 6
09-03 21:35:07.239 V/OPENHU  ( 3108): [74] AapTransport.sendEncryptedMessage | Sent size: 39
09-03 21:35:07.247 D/OPENHU  ( 3108): [75] AapSslContext.decrypt | SSL Decrypt Status: OK, Produced: 1172, Consumed: 1201
09-03 21:35:07.248 D/OPENHU  ( 3108): [75] Companion.decrypt | RECV: VIDEO Media Data type: 0 flags: 11 size: 1172 dataOffset: 2
09-03 21:35:07.249 V/OPENHU  ( 3108): [75] AapTransport.send | VIDEO Codec/Media Data Ack type: 32772 flags: 11 size: 10 dataOffset: 6
09-03 21:35:07.250 V/OPENHU  ( 3108): [74] AapTransport.sendEncryptedMessage | Sent size: 39
09-03 21:35:07.280 D/OPENHU  ( 3108): [75] AapSslContext.decrypt | SSL Decrypt Status: OK, Produced: 1387, Consumed: 1416
09-03 21:35:07.281 D/OPENHU  ( 3108): [75] Companion.decrypt | RECV: VIDEO Media Data type: 0 flags: 11 size: 1387 dataOffset: 2
09-03 21:35:07.282 V/OPENHU  ( 3108): [75] AapTransport.send | VIDEO Codec/Media Data Ack type: 32772 flags: 11 size: 10 dataOffset: 6
09-03 21:35:07.284 V/OPENHU  ( 3108): [74] AapTransport.sendEncryptedMessage | Sent size: 39
09-03 21:35:07.338 D/OPENHU  ( 3108): [75] AapSslContext.decrypt | SSL Decrypt Status: OK, Produced: 1191, Consumed: 1220
09-03 21:35:07.339 D/OPENHU  ( 3108): [75] Companion.decrypt | RECV: VIDEO Media Data type: 0 flags: 11 size: 1191 dataOffset: 2
09-03 21:35:07.340 V/OPENHU  ( 3108): [75] AapTransport.send | VIDEO Codec/Media Data Ack type: 32772 flags: 11 size: 10 dataOffset: 6
09-03 21:35:07.341 D/OPENHU  ( 3108): [75] AapSslContext.decrypt | SSL Decrypt Status: OK, Produced: 1187, Consumed: 1216
09-03 21:35:07.341 V/OPENHU  ( 3108): [74] AapTransport.sendEncryptedMessage | Sent size: 39
09-03 21:35:07.342 D/OPENHU  ( 3108): [75] Companion.decrypt | RECV: VIDEO Media Data type: 0 flags: 11 size: 1187 dataOffset: 2
09-03 21:35:07.343 V/OPENHU  ( 3108): [75] AapTransport.send | VIDEO Codec/Media Data Ack type: 32772 flags: 11 size: 10 dataOffset: 6
09-03 21:35:07.345 V/OPENHU  ( 3108): [74] AapTransport.sendEncryptedMessage | Sent size: 39
09-03 21:35:07.346 D/OPENHU  ( 3108): [75] AapSslContext.decrypt | SSL Decrypt Status: OK, Produced: 1174, Consumed: 1203
09-03 21:35:07.347 D/OPENHU  ( 3108): [75] Companion.decrypt | RECV: VIDEO Media Data type: 0 flags: 11 size: 1174 dataOffset: 2
09-03 21:35:07.348 V/OPENHU  ( 3108): [75] AapTransport.send | VIDEO Codec/Media Data Ack type: 32772 flags: 11 size: 10 dataOffset: 6
09-03 21:35:07.351 D/OPENHU  ( 3108): [75] AapSslContext.decrypt | SSL Decrypt Status: OK, Produced: 1163, Consumed: 1192
09-03 21:35:07.351 V/OPENHU  ( 3108): [74] AapTransport.sendEncryptedMessage | Sent size: 39
09-03 21:35:07.351 D/OPENHU  ( 3108): [75] Companion.decrypt | RECV: VIDEO Media Data type: 0 flags: 11 size: 1163 dataOffset: 2
09-03 21:35:07.353 V/OPENHU  ( 3108): [75] AapTransport.send | VIDEO Codec/Media Data Ack type: 32772 flags: 11 size: 10 dataOffset: 6
09-03 21:35:07.354 V/OPENHU  ( 3108): [74] AapTransport.sendEncryptedMessage | Sent size: 39
09-03 21:35:07.378 D/OPENHU  ( 3108): [75] AapSslContext.decrypt | SSL Decrypt Status: OK, Produced: 1471, Consumed: 1500
09-03 21:35:07.379 D/OPENHU  ( 3108): [75] Companion.decrypt | RECV: VIDEO Media Data type: 0 flags: 11 size: 1471 dataOffset: 2
09-03 21:35:07.380 V/OPENHU  ( 3108): [75] AapTransport.send | VIDEO Codec/Media Data Ack type: 32772 flags: 11 size: 10 dataOffset: 6
09-03 21:35:07.383 V/OPENHU  ( 3108): [74] AapTransport.sendEncryptedMessage | Sent size: 39
09-03 21:35:07.399 D/OPENHU  ( 3108): [75] AapSslContext.decrypt | SSL Decrypt Status: OK, Produced: 1207, Consumed: 1236
09-03 21:35:07.400 D/OPENHU  ( 3108): [75] Companion.decrypt | RECV: VIDEO Media Data type: 0 flags: 11 size: 1207 dataOffset: 2
09-03 21:35:07.401 V/OPENHU  ( 3108): [75] AapTransport.send | VIDEO Codec/Media Data Ack type: 32772 flags: 11 size: 10 dataOffset: 6
09-03 21:35:07.404 V/OPENHU  ( 3108): [74] AapTransport.sendEncryptedMessage | Sent size: 39
09-03 21:35:07.428 D/OPENHU  ( 3108): [75] AapSslContext.decrypt | SSL Decrypt Status: OK, Produced: 1198, Consumed: 1227
09-03 21:35:07.429 D/OPENHU  ( 3108): [75] Companion.decrypt | RECV: VIDEO Media Data type: 0 flags: 11 size: 1198 dataOffset: 2
09-03 21:35:07.430 V/OPENHU  ( 3108): [75] AapTransport.send | VIDEO Codec/Media Data Ack type: 32772 flags: 11 size: 10 dataOffset: 6
09-03 21:35:07.432 V/OPENHU  ( 3108): [74] AapTransport.sendEncryptedMessage | Sent size: 39
09-03 21:35:07.433 D/OPENHU  ( 3108): [75] AapSslContext.decrypt | SSL Decrypt Status: OK, Produced: 1182, Consumed: 1211
09-03 21:35:07.435 D/OPENHU  ( 3108): [75] Companion.decrypt | RECV: VIDEO Media Data type: 0 flags: 11 size: 1182 dataOffset: 2
09-03 21:35:07.438 V/OPENHU  ( 3108): [75] AapTransport.send | VIDEO Codec/Media Data Ack type: 32772 flags: 11 size: 10 dataOffset: 6
09-03 21:35:07.442 V/OPENHU  ( 3108): [74] AapTransport.sendEncryptedMessage | Sent size: 39
09-03 21:35:07.448 D/OPENHU  ( 3108): [75] AapSslContext.decrypt | SSL Decrypt Status: OK, Produced: 1170, Consumed: 1199
09-03 21:35:07.448 D/OPENHU  ( 3108): [75] Companion.decrypt | RECV: VIDEO Media Data type: 0 flags: 11 size: 1170 dataOffset: 2
09-03 21:35:07.449 V/OPENHU  ( 3108): [75] AapTransport.send | VIDEO Codec/Media Data Ack type: 32772 flags: 11 size: 10 dataOffset: 6
09-03 21:35:07.453 V/OPENHU  ( 3108): [74] AapTransport.sendEncryptedMessage | Sent size: 39
09-03 21:35:07.479 D/OPENHU  ( 3108): [75] AapSslContext.decrypt | SSL Decrypt Status: OK, Produced: 1486, Consumed: 1515
09-03 21:35:07.480 D/OPENHU  ( 3108): [75] Companion.decrypt | RECV: VIDEO Media Data type: 0 flags: 11 size: 1486 dataOffset: 2
09-03 21:35:07.481 V/OPENHU  ( 3108): [75] AapTransport.send | VIDEO Codec/Media Data Ack type: 32772 flags: 11 size: 10 dataOffset: 6
09-03 21:35:07.483 V/OPENHU  ( 3108): [74] AapTransport.sendEncryptedMessage | Sent size: 39
09-03 21:35:07.495 D/OPENHU  ( 3108): [75] AapSslContext.decrypt | SSL Decrypt Status: OK, Produced: 1203, Consumed: 1232
09-03 21:35:07.496 D/OPENHU  ( 3108): [75] Companion.decrypt | RECV: VIDEO Media Data type: 0 flags: 11 size: 1203 dataOffset: 2
09-03 21:35:07.497 V/OPENHU  ( 3108): [75] AapTransport.send | VIDEO Codec/Media Data Ack type: 32772 flags: 11 size: 10 dataOffset: 6
09-03 21:35:07.500 V/OPENHU  ( 3108): [74] AapTransport.sendEncryptedMessage | Sent size: 39
09-03 21:35:07.548 D/OPENHU  ( 3108): [75] AapSslContext.decrypt | SSL Decrypt Status: OK, Produced: 1173, Consumed: 1202
09-03 21:35:07.548 D/OPENHU  ( 3108): [75] Companion.decrypt | RECV: VIDEO Media Data type: 0 flags: 11 size: 1173 dataOffset: 2
09-03 21:35:07.549 V/OPENHU  ( 3108): [75] AapTransport.send | VIDEO Codec/Media Data Ack type: 32772 flags: 11 size: 10 dataOffset: 6
09-03 21:35:07.551 D/OPENHU  ( 3108): [75] AapSslContext.decrypt | SSL Decrypt Status: OK, Produced: 1174, Consumed: 1203
09-03 21:35:07.552 D/OPENHU  ( 3108): [75] Companion.decrypt | RECV: VIDEO Media Data type: 0 flags: 11 size: 1174 dataOffset: 2
09-03 21:35:07.552 V/OPENHU  ( 3108): [74] AapTransport.sendEncryptedMessage | Sent size: 39
09-03 21:35:07.553 V/OPENHU  ( 3108): [75] AapTransport.send | VIDEO Codec/Media Data Ack type: 32772 flags: 11 size: 10 dataOffset: 6
09-03 21:35:07.555 D/OPENHU  ( 3108): [75] AapSslContext.decrypt | SSL Decrypt Status: OK, Produced: 1177, Consumed: 1206
09-03 21:35:07.556 D/OPENHU  ( 3108): [75] Companion.decrypt | RECV: VIDEO Media Data type: 0 flags: 11 size: 1177 dataOffset: 2
09-03 21:35:07.556 V/OPENHU  ( 3108): [74] AapTransport.sendEncryptedMessage | Sent size: 39
09-03 21:35:07.557 V/OPENHU  ( 3108): [75] AapTransport.send | VIDEO Codec/Media Data Ack type: 32772 flags: 11 size: 10 dataOffset: 6
09-03 21:35:07.561 V/OPENHU  ( 3108): [74] AapTransport.sendEncryptedMessage | Sent size: 39
09-03 21:35:07.580 D/OPENHU  ( 3108): [75] AapSslContext.decrypt | SSL Decrypt Status: OK, Produced: 1506, Consumed: 1535
09-03 21:35:07.581 D/OPENHU  ( 3108): [75] Companion.decrypt | RECV: VIDEO Media Data type: 0 flags: 11 size: 1506 dataOffset: 2
09-03 21:35:07.582 V/OPENHU  ( 3108): [75] AapTransport.send | VIDEO Codec/Media Data Ack type: 32772 flags: 11 size: 10 dataOffset: 6
09-03 21:35:07.585 V/OPENHU  ( 3108): [74] AapTransport.sendEncryptedMessage | Sent size: 39
09-03 21:35:07.596 D/OPENHU  ( 3108): [75] AapSslContext.decrypt | SSL Decrypt Status: OK, Produced: 1202, Consumed: 1231
09-03 21:35:07.597 D/OPENHU  ( 3108): [75] Companion.decrypt | RECV: VIDEO Media Data type: 0 flags: 11 size: 1202 dataOffset: 2
09-03 21:35:07.598 V/OPENHU  ( 3108): [75] AapTransport.send | VIDEO Codec/Media Data Ack type: 32772 flags: 11 size: 10 dataOffset: 6
09-03 21:35:07.601 V/OPENHU  ( 3108): [74] AapTransport.sendEncryptedMessage | Sent size: 39
09-03 21:35:07.634 D/OPENHU  ( 3108): [75] AapSslContext.decrypt | SSL Decrypt Status: OK, Produced: 1168, Consumed: 1197
09-03 21:35:07.635 D/OPENHU  ( 3108): [75] Companion.decrypt | RECV: VIDEO Media Data type: 0 flags: 11 size: 1168 dataOffset: 2
09-03 21:35:07.636 V/OPENHU  ( 3108): [75] AapTransport.send | VIDEO Codec/Media Data Ack type: 32772 flags: 11 size: 10 dataOffset: 6
09-03 21:35:07.638 V/OPENHU  ( 3108): [74] AapTransport.sendEncryptedMessage | Sent size: 39
09-03 21:35:07.640 D/OPENHU  ( 3108): [75] AapSslContext.decrypt | SSL Decrypt Status: OK, Produced: 1168, Consumed: 1197
09-03 21:35:07.640 D/OPENHU  ( 3108): [75] Companion.decrypt | RECV: VIDEO Media Data type: 0 flags: 11 size: 1168 dataOffset: 2
09-03 21:35:07.641 V/OPENHU  ( 3108): [75] AapTransport.send | VIDEO Codec/Media Data Ack type: 32772 flags: 11 size: 10 dataOffset: 6
09-03 21:35:07.644 V/OPENHU  ( 3108): [74] AapTransport.sendEncryptedMessage | Sent size: 39
09-03 21:35:07.654 D/OPENHU  ( 3108): [75] AapSslContext.decrypt | SSL Decrypt Status: OK, Produced: 1171, Consumed: 1200
09-03 21:35:07.654 D/OPENHU  ( 3108): [75] Companion.decrypt | RECV: VIDEO Media Data type: 0 flags: 11 size: 1171 dataOffset: 2
09-03 21:35:07.655 V/OPENHU  ( 3108): [75] AapTransport.send | VIDEO Codec/Media Data Ack type: 32772 flags: 11 size: 10 dataOffset: 6
09-03 21:35:07.658 V/OPENHU  ( 3108): [74] AapTransport.sendEncryptedMessage | Sent size: 39
09-03 21:35:07.678 D/OPENHU  ( 3108): [75] AapSslContext.decrypt | SSL Decrypt Status: OK, Produced: 1524, Consumed: 1553
09-03 21:35:07.679 D/OPENHU  ( 3108): [75] Companion.decrypt | RECV: VIDEO Media Data type: 0 flags: 11 size: 1524 dataOffset: 2
09-03 21:35:07.680 V/OPENHU  ( 3108): [75] AapTransport.send | VIDEO Codec/Media Data Ack type: 32772 flags: 11 size: 10 dataOffset: 6
09-03 21:35:07.683 V/OPENHU  ( 3108): [74] AapTransport.sendEncryptedMessage | Sent size: 39
09-03 21:35:07.695 D/OPENHU  ( 3108): [75] AapSslContext.decrypt | SSL Decrypt Status: OK, Produced: 1223, Consumed: 1252
09-03 21:35:07.696 D/OPENHU  ( 3108): [75] Companion.decrypt | RECV: VIDEO Media Data type: 0 flags: 11 size: 1223 dataOffset: 2
09-03 21:35:07.697 V/OPENHU  ( 3108): [75] AapTransport.send | VIDEO Codec/Media Data Ack type: 32772 flags: 11 size: 10 dataOffset: 6
09-03 21:35:07.699 V/OPENHU  ( 3108): [74] AapTransport.sendEncryptedMessage | Sent size: 39
09-03 21:35:07.747 D/OPENHU  ( 3108): [75] AapSslContext.decrypt | SSL Decrypt Status: OK, Produced: 1180, Consumed: 1209
09-03 21:35:07.748 D/OPENHU  ( 3108): [75] Companion.decrypt | RECV: VIDEO Media Data type: 0 flags: 11 size: 1180 dataOffset: 2
09-03 21:35:07.749 V/OPENHU  ( 3108): [75] AapTransport.send | VIDEO Codec/Media Data Ack type: 32772 flags: 11 size: 10 dataOffset: 6
09-03 21:35:07.751 D/OPENHU  ( 3108): [75] AapSslContext.decrypt | SSL Decrypt Status: OK, Produced: 1178, Consumed: 1207
09-03 21:35:07.752 D/OPENHU  ( 3108): [75] Companion.decrypt | RECV: VIDEO Media Data type: 0 flags: 11 size: 1178 dataOffset: 2
09-03 21:35:07.752 V/OPENHU  ( 3108): [74] AapTransport.sendEncryptedMessage | Sent size: 39
09-03 21:35:07.753 V/OPENHU  ( 3108): [75] AapTransport.send | VIDEO Codec/Media Data Ack type: 32772 flags: 11 size: 10 dataOffset: 6
09-03 21:35:07.755 D/OPENHU  ( 3108): [75] AapSslContext.decrypt | SSL Decrypt Status: OK, Produced: 1174, Consumed: 1203
09-03 21:35:07.756 D/OPENHU  ( 3108): [75] Companion.decrypt | RECV: VIDEO Media Data type: 0 flags: 11 size: 1174 dataOffset: 2
09-03 21:35:07.757 V/OPENHU  ( 3108): [75] AapTransport.send | VIDEO Codec/Media Data Ack type: 32772 flags: 11 size: 10 dataOffset: 6
09-03 21:35:07.758 V/OPENHU  ( 3108): [74] AapTransport.sendEncryptedMessage | Sent size: 39
09-03 21:35:07.761 V/OPENHU  ( 3108): [74] AapTransport.sendEncryptedMessage | Sent size: 39
09-03 21:35:09.052 D/OPENHU  ( 3634): [2] App.onCreate | native library dir /data/app/~~BFEFcRYdYTDQZjqGjQMdZA==/com.andrerinas.headunitrevived-K7SSrI9YEaQkSf9ObwSxXQ==/lib/arm64
09-03 21:35:09.053 D/OPENHU  ( 3634): [2] App.onCreate |    libusb1.0.so
09-03 21:35:09.054 D/OPENHU  ( 3634): [2] App.onCreate |    libavutil.so
09-03 21:35:09.055 D/OPENHU  ( 3634): [2] App.onCreate |    libconscrypt_jni.so
09-03 21:35:09.055 D/OPENHU  ( 3634): [2] App.onCreate |    libswscale.so
09-03 21:35:09.056 D/OPENHU  ( 3634): [2] App.onCreate |    libusbhelper.so
09-03 21:35:09.056 D/OPENHU  ( 3634): [2] App.onCreate |    libavcodec.so
09-03 21:35:09.057 D/OPENHU  ( 3634): [2] App.onCreate |    libhur_soft_hevc.so
09-03 21:35:09.232 I/OPENHU  ( 3634): [2] MainActivity.logLaunchSource | App launched by third party: android-app://com.android.shell (action: null)
09-03 21:35:09.491 D/OPENHU  ( 3634): [2] UsbReceiver.<init> | UsbReceiver registered
09-03 21:35:09.496 I/OPENHU  ( 3634): [2] UsbDeviceDiagnostics.logDeviceList | UsbDiagnostics: USB list sees 0 USB device(s), 0 usable for Android Auto
09-03 21:35:09.497 I/OPENHU  ( 3634): [2] UsbDeviceDiagnostics.logDeviceList | UsbDiagnostics: nothing is on the bus. Either the port carries no data, the unit is not in USB host mode, or a wireless adapter is waiting for its phone before it presents itself.
09-03 21:35:09.726 D/OPENHU  ( 3634): [2] MainActivity.requestPermissions | All required permissions already granted.
09-03 21:35:09.736 I/OPENHU  ( 3634): [2] MainActivity.updateConnectionIssueBanner | MainActivity: showing the connection issue banner for VIDEO_LINK_TOO_SLOW
09-03 21:35:09.739 I/OPENHU  ( 3634): [2] HomeFragment.onResume | HomeFragment: onResume. isConnected=false
09-03 21:35:10.213 I/OPENHU  ( 3634): [2] AapService.onCreate | AapService creating...
09-03 21:35:10.249 I/OPENHU  ( 3634): [2] BluetoothHelper.logAddressSourceDump | BluetoothHelper: == Bluetooth address source dump ==
09-03 21:35:10.253 I/OPENHU  ( 3634): [2] BluetoothHelper.logAddressSourceDump | BluetoothHelper:   adapter.address                      = 02:00:00:00:00:00
09-03 21:35:10.254 I/OPENHU  ( 3634): [2] BluetoothHelper.logAddressSourceDump | BluetoothHelper:   getAddress() reflection              = 02:00:00:00:00:00
09-03 21:35:10.255 I/OPENHU  ( 3634): [2] BluetoothHelper.logAddressSourceDump | BluetoothHelper:   Settings.Secure bluetooth_address    = null
09-03 21:35:10.255 I/OPENHU  ( 3634): [2] BluetoothHelper.logAddressSourceDump | BluetoothHelper:   property persist.sys.bt.mac          = null
09-03 21:35:10.256 I/OPENHU  ( 3634): [2] BluetoothHelper.logAddressSourceDump | BluetoothHelper:   property persist.sys.btmac           = null
09-03 21:35:10.257 I/OPENHU  ( 3634): [2] BluetoothHelper.logAddressSourceDump | BluetoothHelper:   property persist.vendor.bt.mac       = null
09-03 21:35:10.257 I/OPENHU  ( 3634): [2] BluetoothHelper.logAddressSourceDump | BluetoothHelper:   property sys.bt.mac                  = null
09-03 21:35:10.258 I/OPENHU  ( 3634): [2] BluetoothHelper.logAddressSourceDump | BluetoothHelper:   property persist.sys.bluetooth.mac   = null
09-03 21:35:10.259 I/OPENHU  ( 3634): [2] BluetoothHelper.logAddressSourceDump | BluetoothHelper:   property ro.boot.btmacaddr           = null
09-03 21:35:10.259 I/OPENHU  ( 3634): [2] BluetoothHelper.logAddressSourceDump | BluetoothHelper:   property vendor.bt.bdaddr            = null
09-03 21:35:10.260 I/OPENHU  ( 3634): [2] BluetoothHelper.logAddressSourceDump | BluetoothHelper:   property persist.zj.BTmac            = null
09-03 21:35:10.261 I/OPENHU  ( 3634): [2] BluetoothHelper.logAddressSourceDump | BluetoothHelper:   property persist.zlink.carplay.mac   = null
09-03 21:35:10.261 I/OPENHU  ( 3634): [2] BluetoothHelper.logAddressSourceDump | BluetoothHelper:   property sys.bt.bdaddr               = null
09-03 21:35:10.262 I/OPENHU  ( 3634): [2] BluetoothHelper.logAddressSourceDump | BluetoothHelper: == end Bluetooth address source dump ==
09-03 21:35:10.263 W/OPENHU  ( 3634): [2] BluetoothHelper.logAddressSourceDump | BluetoothHelper: no source named this unit's Bluetooth address. Read it under Settings/About/Status, or off the paired phone under the gear beside this device, and enter it under Wireless connection. Without it the phone is not told where to connect hands-free and no setup QR can be drawn.
09-03 21:35:10.288 D/OPENHU  ( 3634): [2] UsbReceiver.<init> | UsbReceiver registered
09-03 21:35:10.301 I/OPENHU  ( 3634): [2] AapService.registerReceivers | Registered runtime MEDIA_BUTTON receiver
09-03 21:35:10.305 I/OPENHU  ( 3634): [2] AapService.registerReceivers | Registered dynamic WiFi Auto-start receiver
09-03 21:35:10.308 I/OPENHU  ( 3634): [2] AapService.registerReceivers | Registered wake detection receiver (18 actions)
09-03 21:35:10.311 I/OPENHU  ( 3634): [2] AapService.registerReceivers | Registered Bluetooth auto-disconnect receiver
09-03 21:35:10.342 D/OPENHU  ( 3634): [2] AapService.updateMediaSessionState | MediaSession: State updated to STOPPED, positionMs=0
09-03 21:35:10.350 I/OPENHU  ( 3634): [2] WifiLauncherManager.setActive | WifiLauncher: Initializing WiFi Mode: NATIVE
09-03 21:35:10.351 D/OPENHU  ( 3634): [2] WifiLauncherSharedServices.startWirelessServer | AapService: Starting the wireless server on 5288 - no server yet.
09-03 21:35:10.358 I/OPENHU  ( 3634): [2] WirelessServer.start | WirelessServer: binding port 5288...
09-03 21:35:10.362 I/OPENHU  ( 3634): [51] 1.invokeSuspend | Wireless Server listening on port 5288
09-03 21:35:10.365 I/OPENHU  ( 3634): [51] WirelessServer.logLocalNetworkInterfaces | Interface: seth_lte0, IP: 10.220.174.6
09-03 21:35:10.366 I/OPENHU  ( 3634): [51] WirelessServer.logLocalNetworkInterfaces | Interface: p2p-wlan0-5, IP: 192.168.49.1
09-03 21:35:10.368 I/OPENHU  ( 3634): [51] WirelessServer.logLocalNetworkInterfaces | Interface: wlan0, IP: 192.168.1.15
09-03 21:35:10.369 D/OPENHU  ( 3634): [51] 1.invokeSuspend | WirelessServer: Waiting for TCP connection on port 5288...
09-03 21:35:10.372 I/OPENHU  ( 3634): [2] WifiLauncherNative.start | AapService: Native AA on the head unit hotspot — resolving access point credentials.
09-03 21:35:10.388 I/OPENHU  ( 3634): [2] NativeAaHandshakeManager.start | NativeAA: Starting Bluetooth Handshake Servers (primary radio [Navegadortz2])...
09-03 21:35:10.398 I/OPENHU  ( 3634): [53] SoftApCredentialsProvider.pickApInterface | SoftApCredentials: No interface looks like an access point; waiting for one. Present: dummy0 (no private address), seth_lte0 (10.220.174.6), p2p-wlan0-5 (192.168.49.1), wlan0 (192.168.1.15)
09-03 21:35:10.400 I/OPENHU  ( 3634): [2] NativeAaHandshakeManager.shouldRegisterDummyHfp | NativeAA: radio [Navegadortz2] already advertises Hands-Free, so the stand-in HFP record is not registered - the real stack answers calls, this app cannot.
09-03 21:35:10.402 I/OPENHU  ( 3634): [60] 1.invokeSuspend | NativeAA: ACTIVELY LISTENING on Android Auto UUID (4de17a00-52cb-11e6-bdf4-0800200c9a66) on radio [Navegadortz2]... Waiting for phone to connect back!
09-03 21:35:10.479 D/OPENHU  ( 3634): [2] BluetoothHelper.adapterForService | BluetoothHelper: adapterForService(android.hardware.bluetooth.audio.IBluetoothAudioProviderFactory/default) failed: android.bluetooth.BluetoothAdapter.<init> [interface android.bluetooth.IBluetoothManager]
09-03 21:35:10.484 I/OPENHU  ( 3634): [2] AapService.registerNetworkMonitor | NetworkMonitor: Registered network change listener
09-03 21:35:10.489 I/OPENHU  ( 3634): [54] 1.onAvailable | NetworkMonitor: Network available: 101
09-03 21:35:10.491 D/OPENHU  ( 3634): [54] 1.onCapabilitiesChanged | NetworkMonitor: Capabilities changed: 101 → [ Transports: WIFI Capabilities: NOT_METERED&INTERNET&NOT_RESTRICTED&TRUSTED&NOT_VPN&VALIDATED&NOT_ROAMING&FOREGROUND&NOT_CONGESTED&NOT_SUSPENDED&NOT_VCN_MANAGED LinkUpBandwidth>=12000Kbps LinkDnBandwidth>=23986Kbps TransportInfo: <SSID: <unknown ssid>, BSSID: 02:00:00:00:00:00, MAC: 02:00:00:00:00:00, IP: /192.168.1.15, Security type: 2, Supplicant state: COMPLETED, Wi-Fi standard: 5, RSSI: -23, Link speed: 390Mbps, Tx Link speed: 390Mbps, Max Supported Tx Link speed: 433Mbps, Rx Link speed: 433Mbps, Max Supported Rx Link speed: 433Mbps, Frequency: 5500MHz, Net ID: -1, Metered hint: false, score: 60, isUsable: true, CarrierMerged: false, SubscriptionId: -1, IsPrimary: -1, Trusted: true, Restricted: false, Ephemeral: false, OEM paid: false, OEM private: false, OSU AP: false, FQDN: <none>, Provider friendly name: <none>, Requesting package name: <none><none>MLO Information: , Is TID-To-Link negotiation supported by the AP: false, AP MLD Address: <none>, AP MLO Link Id: <none>, AP MLO Affiliated links: <none>> SignalStrength: -23 UnderlyingNetworks: Null]
09-03 21:35:10.512 I/OPENHU  ( 3634): [52] 1.invokeSuspend | WppTcpServer: listening for Android Auto on TCP 5299
09-03 21:35:11.039 D/OPENHU  ( 3634): [2] 1.invokeSuspend | NetworkMonitor: no discovery loop to kick
09-03 21:35:15.017 I/OPENHU  ( 3634): [60] 1.invokeSuspend | NativeAA: Connection accepted from POCO X3 NFC (DC:B7:2E:5E:4E:59) on local radio [Navegadortz2]
09-03 21:35:15.033 I/OPENHU  ( 3634): [53] 2.invokeSuspend | NativeAA: Handling handshake for POCO X3 NFC (DC:B7:2E:5E:4E:59) on local radio [Navegadortz2]
09-03 21:35:15.340 D/OPENHU  ( 3634): [67] 2.invokeSuspend$feed | NativeAA: Handshake stage NEW -> AWAIT_CREDENTIALS
09-03 21:35:15.340 I/OPENHU  ( 3634): [67] 2.invokeSuspend | NativeAA: Phone connected. Current credentials state: SSID=<null>, IP=<null>
09-03 21:35:15.341 I/OPENHU  ( 3634): [67] 2.invokeSuspend | NativeAA: Waiting for WiFi credentials to be ready (Max 60s)...
09-03 21:35:15.448 I/OPENHU  ( 3634): [67] 1.invokeSuspend | SoftApCredentials: No access point after 5s — trying to switch this device's hotspot on.
09-03 21:35:15.456 I/OPENHU  ( 3634): [67] HotspotManager.setHotspotEnabled | HotspotManager: Setting hotspot enabled=true (API 34, canWriteSettings=true)
